datetime,actual_volume,predicted_volume
2024-09-13 00:00:00,46.0,142.35445
2024-09-13 01:00:00,40.0,116.977875
2024-09-13 02:00:00,23.0,106.012436
2024-09-13 03:00:00,36.0,110.83052
2024-09-13 04:00:00,45.0,130.36372
2024-09-13 05:00:00,173.0,163.44243
2024-09-13 06:00:00,504.0,209.71472
2024-09-13 07:00:00,511.0,269.55762
2024-09-13 08:00:00,321.0,328.7475
2024-09-13 09:00:00,381.0,388.87875
2024-09-13 10:00:00,436.0,447.42615
2024-09-13 11:00:00,452.0,497.00055
2024-09-13 12:00:00,452.0,525.45825
2024-09-13 13:00:00,540.0,561.1607
2024-09-13 14:00:00,660.0,570.59814
2024-09-13 15:00:00,548.0,565.99835
2024-09-13 16:00:00,587.0,534.21606
2024-09-13 17:00:00,654.0,498.1974
2024-09-13 18:00:00,598.0,462.31177
2024-09-13 19:00:00,386.0,407.77863
2024-09-13 20:00:00,377.0,343.93387
2024-09-13 21:00:00,248.0,284.89407
2024-09-13 22:00:00,249.0,228.89577
2024-09-13 23:00:00,129.0,175.1952
2024-09-14 00:00:00,98.0,168.55817
2024-09-14 01:00:00,58.0,142.61165
2024-09-14 02:00:00,39.0,137.50404
2024-09-14 03:00:00,46.0,142.54042
2024-09-14 04:00:00,42.0,162.36224
2024-09-14 05:00:00,56.0,196.02548
2024-09-14 06:00:00,117.0,242.29776
2024-09-14 07:00:00,253.0,303.0138
2024-09-14 08:00:00,361.0,362.64026
2024-09-14 09:00:00,414.0,423.64465
2024-09-14 10:00:00,507.0,481.10065
2024-09-14 11:00:00,473.0,530.9637
2024-09-14 12:00:00,517.0,569.6769
2024-09-14 13:00:00,522.0,595.70825
2024-09-14 14:00:00,561.0,607.1103
2024-09-14 15:00:00,546.0,602.074
2024-09-14 16:00:00,546.0,581.5973
2024-09-14 17:00:00,521.0,546.406
2024-09-14 18:00:00,499.0,499.26056
2024-09-14 19:00:00,477.0,444.36115
2024-09-14 20:00:00,522.0,378.69977
2024-09-14 21:00:00,349.0,316.82224
2024-09-14 22:00:00,300.0,258.71136
2024-09-14 23:00:00,185.0,208.6301
2024-09-15 00:00:00,119.0,172.53014
2024-09-15 01:00:00,117.0,146.717
2024-09-15 02:00:00,89.0,134.8784
2024-09-15 03:00:00,64.0,139.04164
2024-09-15 04:00:00,39.0,159.08174
2024-09-15 05:00:00,37.0,193.83643
2024-09-15 06:00:00,80.0,240.327
2024-09-15 07:00:00,106.0,309.68286
2024-09-15 08:00:00,208.0,369.76318
2024-09-15 09:00:00,374.0,425.93185
2024-09-15 10:00:00,494.0,490.95355
2024-09-15 11:00:00,499.0,542.97546
2024-09-15 12:00:00,509.0,581.3665
2024-09-15 13:00:00,591.0,608.8874
2024-09-15 14:00:00,693.0,620.2894
2024-09-15 15:00:00,880.0,616.3445
2024-09-15 16:00:00,968.0,596.3044
2024-09-15 17:00:00,946.0,560.24
2024-09-15 18:00:00,862.0,503.01715
2024-09-15 19:00:00,839.0,445.00983
2024-09-15 20:00:00,846.0,380.87646
2024-09-15 21:00:00,475.0,320.9635
2024-09-15 22:00:00,481.0,264.38068
2024-09-15 23:00:00,434.0,214.95422
2024-09-16 00:00:00,206.0,179.25714
2024-09-16 01:00:00,104.0,154.31715
2024-09-16 02:00:00,50.0,143.56999
2024-09-16 03:00:00,48.0,147.07837
2024-09-16 04:00:00,79.0,169.51964
2024-09-16 05:00:00,235.0,204.7109
2024-09-16 06:00:00,578.0,250.91284
2024-09-16 07:00:00,593.0,311.69922
2024-09-16 08:00:00,421.0,372.4171
2024-09-16 09:00:00,406.0,432.76666
2024-09-16 10:00:00,415.0,490.00433
2024-09-16 11:00:00,400.0,539.2125
2024-09-16 12:00:00,412.0,567.02484
2024-09-16 13:00:00,400.0,601.92224
2024-09-16 14:00:00,503.0,602.49365
2024-09-16 15:00:00,456.0,596.51385
2024-09-16 16:00:00,496.0,575.2344
2024-09-16 17:00:00,610.0,551.965
2024-09-16 18:00:00,473.0,494.42566
2024-09-16 19:00:00,402.0,450.8637
2024-09-16 20:00:00,349.0,386.07547
2024-09-16 21:00:00,129.0,326.81735
2024-09-16 22:00:00,157.0,270.81906
2024-09-16 23:00:00,73.0,221.46295
2024-09-17 00:00:00,41.0,124.377945
2024-09-17 01:00:00,42.0,104.23352
2024-09-17 02:00:00,15.0,93.70465
2024-09-17 03:00:00,32.0,94.24867
2024-09-17 04:00:00,45.0,114.43674
2024-09-17 05:00:00,179.0,148.31097
2024-09-17 06:00:00,583.0,193.78043
2024-09-17 07:00:00,611.0,258.77786
2024-09-17 08:00:00,384.0,308.38388
2024-09-17 09:00:00,354.0,368.21924
2024-09-17 10:00:00,337.0,436.06183
2024-09-17 11:00:00,326.0,487.77502
2024-09-17 12:00:00,417.0,527.6941
2024-09-17 13:00:00,423.0,561.9115
2024-09-17 14:00:00,442.0,575.61084
2024-09-17 15:00:00,477.0,563.7395
2024-09-17 16:00:00,534.0,545.06104
2024-09-17 17:00:00,534.0,509.6621
2024-09-17 18:00:00,497.0,462.735
2024-09-17 19:00:00,366.0,408.70874
2024-09-17 20:00:00,232.0,341.73764
2024-09-17 21:00:00,155.0,281.3881
2024-09-17 22:00:00,103.0,221.09439
2024-09-17 23:00:00,132.0,171.8862
2024-09-18 00:00:00,130.0,119.89697
2024-09-18 01:00:00,36.0,94.73871
2024-09-18 02:00:00,54.0,83.11841
2024-09-18 03:00:00,55.0,89.02794
2024-09-18 04:00:00,59.0,109.286316
2024-09-18 05:00:00,198.0,143.6044
2024-09-18 06:00:00,569.0,190.11227
2024-09-18 07:00:00,547.0,250.59277
2024-09-18 08:00:00,380.0,310.65576
2024-09-18 09:00:00,329.0,371.22357
2024-09-18 10:00:00,428.0,428.67957
2024-09-18 11:00:00,357.0,479.33588
2024-09-18 12:00:00,410.0,518.33655
2024-09-18 13:00:00,497.0,552.8761
2024-09-18 14:00:00,506.0,566.12823
2024-09-18 15:00:00,525.0,562.6199
2024-09-18 16:00:00,582.0,543.2346
2024-09-18 17:00:00,624.0,507.52026
2024-09-18 18:00:00,576.0,450.76868
2024-09-18 19:00:00,373.0,394.77786
2024-09-18 20:00:00,274.0,328.89816
2024-09-18 21:00:00,161.0,268.33035
2024-09-18 22:00:00,133.0,211.52924
2024-09-18 23:00:00,80.0,161.0113
2024-09-19 00:00:00,28.0,127.225006
2024-09-19 01:00:00,21.0,102.285034
2024-09-19 02:00:00,19.0,92.192764
2024-09-19 03:00:00,28.0,97.22914
2024-09-19 04:00:00,52.0,119.45209
2024-09-19 05:00:00,197.0,153.55191
2024-09-19 06:00:00,519.0,199.82419
2024-09-19 07:00:00,604.0,259.44882
2024-09-19 08:00:00,366.0,318.63867
2024-09-19 09:00:00,372.0,378.76993
2024-09-19 10:00:00,412.0,435.57104
2024-09-19 11:00:00,391.0,486.08893
2024-09-19 12:00:00,414.0,525.94543
2024-09-19 13:00:00,485.0,559.882
2024-09-19 14:00:00,445.0,573.6746
2024-09-19 15:00:00,596.0,569.7296
2024-09-19 16:00:00,586.0,548.7924
2024-09-19 17:00:00,654.0,513.7675
2024-09-19 18:00:00,599.0,458.315
2024-09-19 19:00:00,414.0,402.76077
2024-09-19 20:00:00,216.0,337.09937
2024-09-19 21:00:00,153.0,275.8767
2024-09-19 22:00:00,116.0,217.98413
2024-09-19 23:00:00,95.0,167.24792
2024-09-20 00:00:00,51.0,147.9969
2024-09-20 01:00:00,30.0,121.965485
2024-09-20 02:00:00,30.0,110.56346
2024-09-20 03:00:00,34.0,116.254715
2024-09-20 04:00:00,50.0,136.07652
2024-09-20 05:00:00,193.0,170.39462
2024-09-20 06:00:00,492.0,215.57547
2024-09-20 07:00:00,530.0,278.03784
2024-09-20 08:00:00,345.0,344.92514
2024-09-20 09:00:00,320.0,407.05167
2024-09-20 10:00:00,446.0,466.25394
2024-09-20 11:00:00,469.0,518.5181
2024-09-20 12:00:00,467.0,558.9776
2024-09-20 13:00:00,546.0,587.8468
2024-09-20 14:00:00,615.0,600.12195
2024-09-20 15:00:00,694.0,597.0502
2024-09-20 16:00:00,778.0,577.0101
2024-09-20 17:00:00,807.0,539.20996
2024-09-20 18:00:00,776.0,484.3258
2024-09-20 19:00:00,461.0,426.1521
2024-09-20 20:00:00,369.0,358.74442
2024-09-20 21:00:00,362.0,298.61316
2024-09-20 22:00:00,213.0,241.1572
2024-09-20 23:00:00,125.0,191.07584
2024-09-21 00:00:00,86.0,182.08318
2024-09-21 01:00:00,74.0,155.61517
2024-09-21 02:00:00,69.0,144.21315
2024-09-21 03:00:00,36.0,148.81296
2024-09-21 04:00:00,43.0,169.28964
2024-09-21 05:00:00,57.0,203.38947
2024-09-21 06:00:00,140.0,249.22516
2024-09-21 07:00:00,245.0,311.4692
2024-09-21 08:00:00,396.0,379.5931
2024-09-21 09:00:00,494.0,441.3562
2024-09-21 10:00:00,522.0,500.7768
2024-09-21 11:00:00,447.0,552.6044
2024-09-21 12:00:00,517.0,593.5004
2024-09-21 13:00:00,551.0,621.7147
2024-09-21 14:00:00,766.0,633.98987
2024-09-21 15:00:00,788.0,630.2633
2024-09-21 16:00:00,867.0,609.56836
2024-09-21 17:00:00,880.0,571.96924
2024-09-21 18:00:00,829.0,514.91943
2024-09-21 19:00:00,614.0,458.05548
2024-09-21 20:00:00,462.0,390.4295
2024-09-21 21:00:00,308.0,329.6434
2024-09-21 22:00:00,253.0,271.75082
2024-09-21 23:00:00,271.0,220.79639
2024-09-22 00:00:00,135.0,184.67166
2024-09-22 01:00:00,106.0,160.82312
2024-09-22 02:00:00,94.0,148.11137
2024-09-22 03:00:00,86.0,151.18317
2024-09-22 04:00:00,43.0,171.44156
2024-09-22 05:00:00,36.0,204.8865
2024-09-22 06:00:00,87.0,251.84827
2024-09-22 07:00:00,135.0,321.94553
2024-09-22 08:00:00,294.0,375.64874
2024-09-22 09:00:00,417.0,436.5041
2024-09-22 10:00:00,557.0,501.45654
2024-09-22 11:00:00,558.0,552.5774
2024-09-22 12:00:00,618.0,592.73206
2024-09-22 13:00:00,797.0,614.04224
2024-09-22 14:00:00,913.0,632.4935
2024-09-22 15:00:00,902.0,621.19446
2024-09-22 16:00:00,972.0,609.0355
2024-09-22 17:00:00,953.0,564.8717
2024-09-22 18:00:00,910.0,516.4165
2024-09-22 19:00:00,816.0,459.7708
2024-09-22 20:00:00,866.0,395.2009
2024-09-22 21:00:00,539.0,336.59766
2024-09-22 22:00:00,381.0,280.0148
2024-09-22 23:00:00,189.0,229.4266
2024-09-23 00:00:00,116.0,162.41739
2024-09-23 01:00:00,101.0,136.82254
2024-09-23 02:00:00,126.0,125.63881
2024-09-23 03:00:00,81.0,130.6752
2024-09-23 04:00:00,85.0,149.84215
2024-09-23 05:00:00,213.0,183.72368
2024-09-23 06:00:00,631.0,231.0874
2024-09-23 07:00:00,595.0,291.65436
2024-09-23 08:00:00,425.0,351.31543
2024-09-23 09:00:00,387.0,414.34302
2024-09-23 10:00:00,448.0,470.59705
2024-09-23 11:00:00,436.0,519.53503
2024-09-23 12:00:00,461.0,546.47424
2024-09-23 13:00:00,525.0,581.8785
2024-09-23 14:00:00,532.0,592.40735
2024-09-23 15:00:00,522.0,586.9344
2024-09-23 16:00:00,600.0,566.0211
2024-09-23 17:00:00,564.0,531.2665
2024-09-23 18:00:00,536.0,472.78357
2024-09-23 19:00:00,377.0,417.5617
2024-09-23 20:00:00,275.0,356.44113
2024-09-23 21:00:00,112.0,300.9575
2024-09-23 22:00:00,100.0,243.79013
2024-09-23 23:00:00,67.0,193.49051
2024-09-24 00:00:00,20.0,134.569
2024-09-24 01:00:00,21.0,107.44614
2024-09-24 02:00:00,18.0,97.13556
2024-09-24 03:00:00,30.0,104.573105
2024-09-24 04:00:00,45.0,119.52904
2024-09-24 05:00:00,211.0,159.07927
2024-09-24 06:00:00,580.0,204.54874
2024-09-24 07:00:00,592.0,265.63882
2024-09-24 08:00:00,434.0,333.28482
2024-09-24 09:00:00,356.0,388.37268
2024-09-24 10:00:00,341.0,446.26526
2024-09-24 11:00:00,390.0,503.37183
2024-09-24 12:00:00,385.0,534.5992
2024-09-24 13:00:00,471.0,568.9098
2024-09-24 14:00:00,497.0,581.3966
2024-09-24 15:00:00,448.0,577.0564
2024-09-24 16:00:00,538.0,556.27484
2024-09-24 17:00:00,426.0,513.2197
2024-09-24 18:00:00,435.0,462.82126
2024-09-24 19:00:00,384.0,409.66818
2024-09-24 20:00:00,229.0,345.0982
2024-09-24 21:00:00,97.0,283.87552
2024-09-24 22:00:00,85.0,227.511
2024-09-24 23:00:00,46.0,178.5211
2024-09-25 00:00:00,33.0,141.29976
2024-09-25 01:00:00,25.0,114.3952
2024-09-25 02:00:00,17.0,101.683426
2024-09-25 03:00:00,23.0,104.97354
2024-09-25 04:00:00,45.0,125.450195
2024-09-25 05:00:00,204.0,158.022
2024-09-25 06:00:00,552.0,203.61148
2024-09-25 07:00:00,440.0,272.73846
2024-09-25 08:00:00,432.0,334.76605
2024-09-25 09:00:00,368.0,395.94745
2024-09-25 10:00:00,380.0,454.61603
2024-09-25 11:00:00,419.0,498.60773
2024-09-25 12:00:00,453.0,538.7518
2024-09-25 13:00:00,485.0,565.8919
2024-09-25 14:00:00,540.0,576.8401
2024-09-25 15:00:00,593.0,571.1595
2024-09-25 16:00:00,638.0,550.36066
2024-09-25 17:00:00,662.0,514.5145
2024-09-25 18:00:00,527.0,466.49597
2024-09-25 19:00:00,290.0,411.81488
2024-09-25 20:00:00,258.0,347.02664
2024-09-25 21:00:00,127.0,285.80396
2024-09-25 22:00:00,78.0,224.35522
2024-09-25 23:00:00,113.0,174.85843
2024-09-26 00:00:00,43.0,128.95201
2024-09-26 01:00:00,33.0,104.984665
2024-09-26 02:00:00,20.0,93.216415
2024-09-26 03:00:00,26.0,97.660995
2024-09-26 04:00:00,57.0,118.06003
2024-09-26 05:00:00,185.0,151.87851
2024-09-26 06:00:00,566.0,197.19272
2024-09-26 07:00:00,615.0,251.7186
2024-09-26 08:00:00,407.0,312.07022
2024-09-26 09:00:00,332.0,372.72296
2024-09-26 10:00:00,343.0,430.60095
2024-09-26 11:00:00,452.0,481.56998
2024-09-26 12:00:00,421.0,520.4238
2024-09-26 13:00:00,535.0,546.026
2024-09-26 14:00:00,516.0,565.7652
2024-09-26 15:00:00,566.0,553.67474
2024-09-26 16:00:00,605.0,530.85266
2024-09-26 17:00:00,672.0,494.47046
2024-09-26 18:00:00,534.0,449.896
2024-09-26 19:00:00,321.0,394.26416
2024-09-26 20:00:00,204.0,337.93915
2024-09-26 21:00:00,108.0,280.93427
2024-09-26 22:00:00,94.0,220.64056
2024-09-26 23:00:00,63.0,168.81293
2024-09-27 00:00:00,27.0,148.44588
2024-09-27 01:00:00,26.0,122.63274
2024-09-27 02:00:00,26.0,113.19531
2024-09-27 03:00:00,27.0,118.44998
2024-09-27 04:00:00,54.0,138.92665
2024-09-27 05:00:00,180.0,173.24477
2024-09-27 06:00:00,502.0,219.23622
2024-09-27 07:00:00,496.0,286.5929
2024-09-27 08:00:00,401.0,340.65286
2024-09-27 09:00:00,418.0,403.518
2024-09-27 10:00:00,437.0,462.50867
2024-09-27 11:00:00,454.0,509.92926
2024-09-27 12:00:00,504.0,546.4596
2024-09-27 13:00:00,506.0,572.05444
2024-09-27 14:00:00,556.0,569.51416
2024-09-27 15:00:00,627.0,563.26025
2024-09-27 16:00:00,672.0,539.7057
2024-09-27 17:00:00,617.0,515.11206
2024-09-27 18:00:00,564.0,469.05804
2024-09-27 19:00:00,405.0,415.03186
2024-09-27 20:00:00,292.0,350.89847
2024-09-27 21:00:00,212.0,291.85864
2024-09-27 22:00:00,189.0,232.87466
2024-09-27 23:00:00,232.0,182.57503
2024-09-28 00:00:00,77.0,175.08588
2024-09-28 01:00:00,74.0,149.7093
2024-09-28 02:00:00,62.0,139.18044
2024-09-28 03:00:00,40.0,147.2025
2024-09-28 04:00:00,29.0,162.84244
2024-09-28 05:00:00,67.0,201.34244
2024-09-28 06:00:00,122.0,240.63628
2024-09-28 07:00:00,233.0,294.7401
2024-09-28 08:00:00,334.0,354.52908
2024-09-28 09:00:00,420.0,415.32977
2024-09-28 10:00:00,522.0,471.52454
2024-09-28 11:00:00,493.0,521.84595
2024-09-28 12:00:00,537.0,560.66595
2024-09-28 13:00:00,574.0,583.2241
2024-09-28 14:00:00,555.0,596.5083
2024-09-28 15:00:00,597.0,590.76135
2024-09-28 16:00:00,629.0,567.5585
2024-09-28 17:00:00,636.0,533.4878
2024-09-28 18:00:00,584.0,483.42444
2024-09-28 19:00:00,475.0,438.982
2024-09-28 20:00:00,423.0,374.70068
2024-09-28 21:00:00,289.0,315.4426
2024-09-28 22:00:00,259.0,258.85974
2024-09-28 23:00:00,197.0,210.52475
2024-09-29 00:00:00,123.0,174.81218
2024-09-29 01:00:00,92.0,148.99904
2024-09-29 02:00:00,52.0,136.50558
2024-09-29 03:00:00,68.0,141.1054
2024-09-29 04:00:00,41.0,162.8918
2024-09-29 05:00:00,45.0,197.2099
2024-09-29 06:00:00,77.0,242.39075
2024-09-29 07:00:00,128.0,302.26825
2024-09-29 08:00:00,258.0,362.7985
2024-09-29 09:00:00,355.0,431.01187
2024-09-29 10:00:00,436.0,490.23148
2024-09-29 11:00:00,556.0,541.40424
2024-09-29 12:00:00,530.0,581.6454
2024-09-29 13:00:00,699.0,608.4222
2024-09-29 14:00:00,790.0,613.7519
2024-09-29 15:00:00,897.0,609.1521
2024-09-29 16:00:00,962.0,588.10706
2024-09-29 17:00:00,966.0,551.7792
2024-09-29 18:00:00,909.0,501.7547
2024-09-29 19:00:00,891.0,446.63702
2024-09-29 20:00:00,675.0,383.1585
2024-09-29 21:00:00,528.0,323.24554
2024-09-29 22:00:00,133.0,267.31757
2024-09-29 23:00:00,20.0,218.54599
2024-09-30 00:00:00,4.0,152.31523
2024-09-30 01:00:00,7.0,127.375244
2024-09-30 02:00:00,5.0,116.62808
2024-09-30 03:00:00,5.0,122.10104
2024-09-30 04:00:00,16.0,141.92287
2024-09-30 05:00:00,47.0,176.60722
2024-09-30 06:00:00,121.0,217.00708
2024-09-30 07:00:00,111.0,271.59375
2024-09-30 08:00:00,90.0,349.62814
2024-09-30 09:00:00,90.0,412.24313
2024-09-30 10:00:00,110.0,470.26746
2024-09-30 11:00:00,126.0,521.52673
2024-09-30 12:00:00,87.0,563.5143
2024-09-30 13:00:00,98.0,591.51025
2024-09-30 14:00:00,83.0,606.1693
2024-09-30 15:00:00,100.0,601.0676
2024-09-30 16:00:00,116.0,573.6522
2024-09-30 17:00:00,83.0,536.0078
2024-09-30 18:00:00,69.0,484.27838
2024-09-30 19:00:00,56.0,429.81555
2024-09-30 20:00:00,33.0,364.80902
2024-09-30 21:00:00,21.0,304.2412
2024-09-30 22:00:00,14.0,248.96811
2024-09-30 23:00:00,7.0,200.4148
2024-10-01 00:00:00,1.0,129.11037
2024-10-01 01:00:00,1.0,103.297226
2024-10-01 02:00:00,1.0,90.36722
2024-10-01 03:00:00,5.0,95.40361
2024-10-01 04:00:00,10.0,116.535126
2024-10-01 05:00:00,46.0,149.7618
2024-10-01 06:00:00,133.0,194.06947
2024-10-01 07:00:00,124.0,254.9335
2024-10-01 08:00:00,81.0,314.412
2024-10-01 09:00:00,88.0,375.63464
2024-10-01 10:00:00,70.0,432.80203
2024-10-01 11:00:00,90.0,480.33423
2024-10-01 12:00:00,101.0,507.2734
2024-10-01 13:00:00,94.0,532.08
2024-10-01 14:00:00,105.0,542.6162
2024-10-01 15:00:00,107.0,538.1862
2024-10-01 16:00:00,87.0,518.37897
2024-10-01 17:00:00,97.0,483.62427
2024-10-01 18:00:00,73.0,437.71094
2024-10-01 19:00:00,57.0,382.86734
2024-10-01 20:00:00,33.0,325.368
2024-10-01 21:00:00,22.0,262.85492
2024-10-01 22:00:00,20.0,206.85663
2024-10-01 23:00:00,9.0,162.73262
2024-10-02 00:00:00,10.0,110.74501
2024-10-02 01:00:00,20.0,96.9792
2024-10-02 02:00:00,3.0,77.114655
2024-10-02 03:00:00,5.0,80.37561
2024-10-02 04:00:00,12.0,97.182556
2024-10-02 05:00:00,39.0,130.1206
2024-10-02 06:00:00,135.0,174.13237
2024-10-02 07:00:00,119.0,238.84119
2024-10-02 08:00:00,85.0,298.24933
2024-10-02 09:00:00,88.0,358.38058
2024-10-02 10:00:00,115.0,415.9231
2024-10-02 11:00:00,92.0,465.91788
2024-10-02 12:00:00,145.0,505.10223
2024-10-02 13:00:00,88.0,530.773
2024-10-02 14:00:00,49.0,548.9926
2024-10-02 15:00:00,88.0,543.9457
2024-10-02 16:00:00,85.0,514.4551
2024-10-02 17:00:00,96.0,478.95905
2024-10-02 18:00:00,74.0,431.377
2024-10-02 19:00:00,59.0,375.16794
2024-10-02 20:00:00,27.0,309.06995
2024-10-02 21:00:00,4.0,248.93872
2024-10-02 22:00:00,15.0,192.57413
2024-10-02 23:00:00,48.0,141.1831
2024-10-03 00:00:00,40.0,109.31267
2024-10-03 01:00:00,98.0,83.49956
2024-10-03 02:00:00,113.0,71.87926
2024-10-03 03:00:00,71.0,77.13394
2024-10-03 04:00:00,46.0,98.701996
2024-10-03 05:00:00,53.0,132.14696
2024-10-03 06:00:00,156.0,180.16553
2024-10-03 07:00:00,148.0,241.35281
2024-10-03 08:00:00,88.0,300.4974
2024-10-03 09:00:00,92.0,360.23734
2024-10-03 10:00:00,125.0,418.31357
2024-10-03 11:00:00,117.0,468.17657
2024-10-03 12:00:00,91.0,507.10803
2024-10-03 13:00:00,123.0,521.58374
2024-10-03 14:00:00,125.0,531.2395
2024-10-03 15:00:00,111.0,537.75885
2024-10-03 16:00:00,131.0,517.2821
2024-10-03 17:00:00,121.0,482.74573
2024-10-03 18:00:00,75.0,436.91003
2024-10-03 19:00:00,62.0,381.7924
2024-10-03 20:00:00,41.0,316.78586
2024-10-03 21:00:00,21.0,256.65463
2024-10-03 22:00:00,19.0,200.50833
2024-10-03 23:00:00,10.0,151.30017
2024-10-04 00:00:00,2.0,131.78229
2024-10-04 01:00:00,2.0,106.405716
2024-10-04 02:00:00,2.0,95.65857
2024-10-04 03:00:00,2.0,100.25836
2024-10-04 04:00:00,17.0,120.29848
2024-10-04 05:00:00,44.0,148.87755
2024-10-04 06:00:00,117.0,198.85394
2024-10-04 07:00:00,101.0,258.042
2024-10-04 08:00:00,82.0,317.3022
2024-10-04 09:00:00,89.0,378.30658
2024-10-04 10:00:00,104.0,435.326
2024-10-04 11:00:00,106.0,484.9707
2024-10-04 12:00:00,104.0,511.98752
2024-10-04 13:00:00,105.0,548.77185
2024-10-04 14:00:00,120.0,549.0063
2024-10-04 15:00:00,125.0,544.4138
2024-10-04 16:00:00,133.0,522.3945
2024-10-04 17:00:00,112.0,486.89276
2024-10-04 18:00:00,96.0,452.10583
2024-10-04 19:00:00,76.0,397.93167
2024-10-04 20:00:00,62.0,329.08765
2024-10-04 21:00:00,34.0,273.44876
2024-10-04 22:00:00,26.0,217.73907
2024-10-04 23:00:00,24.0,168.09431
2024-10-05 00:00:00,15.0,160.79956
2024-10-05 01:00:00,4.0,134.98642
2024-10-05 02:00:00,1.0,124.67584
2024-10-05 03:00:00,7.0,130.14879
2024-10-05 04:00:00,28.0,149.97061
2024-10-05 05:00:00,41.0,183.85214
2024-10-05 06:00:00,44.0,229.68784
2024-10-05 07:00:00,57.0,289.74902
2024-10-05 08:00:00,79.0,350.12354
2024-10-05 09:00:00,83.0,410.702
2024-10-05 10:00:00,99.0,467.87048
2024-10-05 11:00:00,86.0,519.3374
2024-10-05 12:00:00,92.0,565.74805
2024-10-05 13:00:00,84.0,592.5315
2024-10-05 14:00:00,87.0,603.32385
2024-10-05 15:00:00,104.0,597.98267
2024-10-05 16:00:00,133.0,570.07874
2024-10-05 17:00:00,119.0,534.0144
2024-10-05 18:00:00,73.0,485.77747
2024-10-05 19:00:00,67.0,428.04034
2024-10-05 20:00:00,48.0,361.5058
2024-10-05 21:00:00,20.0,302.9026
2024-10-05 22:00:00,33.0,245.4466
2024-10-05 23:00:00,19.0,195.80186
2024-10-06 00:00:00,10.0,158.53752
2024-10-06 01:00:00,15.0,133.16096
2024-10-06 02:00:00,5.0,125.03325
2024-10-06 03:00:00,11.0,130.28792
2024-10-06 04:00:00,11.0,150.98288
2024-10-06 05:00:00,13.0,182.02669
2024-10-06 06:00:00,19.0,227.2075
2024-10-06 07:00:00,16.0,290.8305
2024-10-06 08:00:00,30.0,350.38773
2024-10-06 09:00:00,68.0,410.73727
2024-10-06 10:00:00,96.0,467.5384
2024-10-06 11:00:00,103.0,518.72845
2024-10-06 12:00:00,90.0,559.3889
2024-10-06 13:00:00,111.0,584.98376
2024-10-06 14:00:00,108.0,597.806
2024-10-06 15:00:00,126.0,592.6592
2024-10-06 16:00:00,144.0,572.8373
2024-10-06 17:00:00,118.0,538.5192
2024-10-06 18:00:00,87.0,480.33228
2024-10-06 19:00:00,63.0,436.6927
2024-10-06 20:00:00,37.0,370.37643
2024-10-06 21:00:00,19.0,310.68176
2024-10-06 22:00:00,29.0,253.66235
2024-10-06 23:00:00,6.0,205.76393
2024-10-07 00:00:00,3.0,138.63638
2024-10-07 01:00:00,1.0,112.82324
2024-10-07 02:00:00,3.0,101.4212
2024-10-07 03:00:00,8.0,108.858765
2024-10-07 04:00:00,7.0,130.35655
2024-10-07 05:00:00,43.0,164.74498
2024-10-07 06:00:00,118.0,210.36243
2024-10-07 07:00:00,108.0,271.31406
2024-10-07 08:00:00,70.0,331.59534
2024-10-07 09:00:00,89.0,399.5798
2024-10-07 10:00:00,78.0,459.24265
2024-10-07 11:00:00,88.0,503.18243
2024-10-07 12:00:00,89.0,551.5298
2024-10-07 13:00:00,89.0,579.18634
2024-10-07 14:00:00,99.0,590.5884
2024-10-07 15:00:00,90.0,579.2787
2024-10-07 16:00:00,108.0,558.6117
2024-10-07 17:00:00,91.0,524.07526
2024-10-07 18:00:00,68.0,476.71155
2024-10-07 19:00:00,52.0,419.19275
2024-10-07 20:00:00,25.0,352.4399
2024-10-07 21:00:00,20.0,292.09036
2024-10-07 22:00:00,13.0,235.72583
2024-10-07 23:00:00,5.0,189.57367
2024-10-08 00:00:00,3.0,129.94951
2024-10-08 01:00:00,2.0,102.60837
2024-10-08 02:00:00,1.0,91.6429
2024-10-08 03:00:00,6.0,96.46103
2024-10-08 04:00:00,6.0,117.81084
2024-10-08 05:00:00,39.0,152.7838
2024-10-08 06:00:00,133.0,197.52806
2024-10-08 07:00:00,113.0,257.58926
2024-10-08 08:00:00,73.0,304.78683
2024-10-08 09:00:00,67.0,375.16406
2024-10-08 10:00:00,76.0,432.18347
2024-10-08 11:00:00,89.0,481.60992
2024-10-08 12:00:00,86.0,510.87994
2024-10-08 13:00:00,112.0,536.7441
2024-10-08 14:00:00,99.0,546.5623
2024-10-08 15:00:00,104.0,537.165
2024-10-08 16:00:00,138.0,516.03345
2024-10-08 17:00:00,112.0,482.23682
2024-10-08 18:00:00,66.0,437.0002
2024-10-08 19:00:00,56.0,391.6628
2024-10-08 20:00:00,37.0,326.87454
2024-10-08 21:00:00,21.0,267.03192
2024-10-08 22:00:00,20.0,210.01251
2024-10-08 23:00:00,9.0,161.24092
2024-10-09 00:00:00,4.0,110.48917
2024-10-09 01:00:00,2.0,82.92972
2024-10-09 02:00:00,3.0,70.87283
2024-10-09 03:00:00,4.0,75.47266
2024-10-09 04:00:00,8.0,94.20305
2024-10-09 05:00:00,33.0,127.21141
2024-10-09 06:00:00,136.0,174.24237
2024-10-09 07:00:00,103.0,235.28726
2024-10-09 08:00:00,72.0,297.9167
2024-10-09 09:00:00,85.0,359.42798
2024-10-09 10:00:00,85.0,423.35156
2024-10-09 11:00:00,85.0,474.86768
2024-10-09 12:00:00,77.0,517.4888
2024-10-09 13:00:00,85.0,544.44525
2024-10-09 14:00:00,85.0,549.6884
2024-10-09 15:00:00,106.0,546.25995
2024-10-09 16:00:00,106.0,524.5668
2024-10-09 17:00:00,98.0,486.97827
2024-10-09 18:00:00,49.0,442.234
2024-10-09 19:00:00,57.0,394.10156
2024-10-09 20:00:00,38.0,336.95337
2024-10-09 21:00:00,27.0,264.59805
2024-10-09 22:00:00,24.0,210.63464
2024-10-09 23:00:00,10.0,159.0253
2024-10-10 00:00:00,3.0,127.13164
2024-10-10 01:00:00,2.0,101.248215
2024-10-10 02:00:00,4.0,87.092834
2024-10-10 03:00:00,6.0,92.709
2024-10-10 04:00:00,9.0,111.298676
2024-10-10 05:00:00,38.0,140.68582
2024-10-10 06:00:00,121.0,189.25299
2024-10-10 07:00:00,100.0,249.09593
2024-10-10 08:00:00,65.0,307.19434
2024-10-10 09:00:00,82.0,366.67075
2024-10-10 10:00:00,73.0,423.90845
2024-10-10 11:00:00,81.0,481.86023
2024-10-10 12:00:00,90.0,522.0735
2024-10-10 13:00:00,97.0,548.38574
2024-10-10 14:00:00,110.0,548.9305
2024-10-10 15:00:00,93.0,549.97705
2024-10-10 16:00:00,107.0,523.63574
2024-10-10 17:00:00,133.0,488.12234
2024-10-10 18:00:00,75.0,440.6883
2024-10-10 19:00:00,54.0,385.64096
2024-10-10 20:00:00,38.0,321.72586
2024-10-10 21:00:00,20.0,255.85559
2024-10-10 22:00:00,12.0,205.01178
2024-10-10 23:00:00,12.0,156.02188
2024-10-11 00:00:00,6.0,135.60777
2024-10-11 01:00:00,4.0,108.63286
2024-10-11 02:00:00,4.0,97.956055
2024-10-11 03:00:00,6.0,97.77489
2024-10-11 04:00:00,7.0,118.4917
2024-10-11 05:00:00,41.0,155.09741
2024-10-11 06:00:00,112.0,200.27826
2024-10-11 07:00:00,88.0,260.84637
2024-10-11 08:00:00,68.0,312.15753
2024-10-11 09:00:00,72.0,380.70792
2024-10-11 10:00:00,90.0,428.1134
2024-10-11 11:00:00,85.0,476.40814
2024-10-11 12:00:00,74.0,525.9814
2024-10-11 13:00:00,87.0,552.52527
2024-10-11 14:00:00,107.0,569.0958
2024-10-11 15:00:00,125.0,559.0919
2024-10-11 16:00:00,117.0,543.801
2024-10-11 17:00:00,109.0,500.30933
2024-10-11 18:00:00,69.0,452.07248
2024-10-11 19:00:00,65.0,396.0817
2024-10-11 20:00:00,52.0,330.63858
2024-10-11 21:00:00,31.0,270.50732
2024-10-11 22:00:00,35.0,213.7062
2024-10-11 23:00:00,18.0,163.84315
2024-10-12 00:00:00,33.0,155.43405
2024-10-12 01:00:00,33.0,130.05748
2024-10-12 02:00:00,27.0,119.09204
2024-10-12 03:00:00,28.0,123.69185
2024-10-12 04:00:00,24.0,144.38683
2024-10-12 05:00:00,57.0,177.61348
2024-10-12 06:00:00,111.0,224.9772
2024-10-12 07:00:00,174.0,284.8201
2024-10-12 08:00:00,237.0,344.88312
2024-10-12 09:00:00,415.0,405.45093
2024-10-12 10:00:00,490.0,462.90692
2024-10-12 11:00:00,517.0,513.31036
2024-10-12 12:00:00,519.0,553.9602
2024-10-12 13:00:00,621.0,581.26
2024-10-12 14:00:00,634.0,592.4092
2024-10-12 15:00:00,702.0,587.3728
2024-10-12 16:00:00,768.0,566.67786
2024-10-12 17:00:00,829.0,532.2894
2024-10-12 18:00:00,630.0,476.29993
2024-10-12 19:00:00,520.0,423.1687
2024-10-12 20:00:00,520.0,366.47946
2024-10-12 21:00:00,501.0,305.88977
2024-10-12 22:00:00,468.0,248.5599
2024-10-12 23:00:00,308.0,197.57628
2024-10-13 00:00:00,84.0,163.95888
2024-10-13 01:00:00,97.0,139.01889
2024-10-13 02:00:00,113.0,127.890915
2024-10-13 03:00:00,61.0,132.99034
2024-10-13 04:00:00,66.0,154.57303
2024-10-13 05:00:00,54.0,188.68015
2024-10-13 06:00:00,82.0,238.77536
2024-10-13 07:00:00,86.0,288.6609
2024-10-13 08:00:00,169.0,359.20547
2024-10-13 09:00:00,279.0,420.62915
2024-10-13 10:00:00,440.0,476.37344
2024-10-13 11:00:00,527.0,526.20184
2024-10-13 12:00:00,552.0,559.7407
2024-10-13 13:00:00,658.0,596.54877
2024-10-13 14:00:00,768.0,614.2107
2024-10-13 15:00:00,863.0,600.36816
2024-10-13 16:00:00,930.0,578.8
2024-10-13 17:00:00,942.0,543.3905
2024-10-13 18:00:00,935.0,496.68164
2024-10-13 19:00:00,763.0,441.56393
2024-10-13 20:00:00,673.0,373.7197
2024-10-13 21:00:00,541.0,311.62384
2024-10-13 22:00:00,464.0,255.91418
2024-10-13 23:00:00,192.0,205.83286
2024-10-14 00:00:00,112.0,138.90102
2024-10-14 01:00:00,82.0,112.651306
2024-10-14 02:00:00,60.0,102.34071
2024-10-14 03:00:00,35.0,107.81369
2024-10-14 04:00:00,77.0,127.6355
2024-10-14 05:00:00,205.0,161.95361
2024-10-14 06:00:00,517.0,206.91617
2024-10-14 07:00:00,539.0,266.89752
2024-10-14 08:00:00,358.0,328.3501
2024-10-14 09:00:00,393.0,389.79108
2024-10-14 10:00:00,415.0,447.46533
2024-10-14 11:00:00,449.0,498.6543
2024-10-14 12:00:00,453.0,545.15924
2024-10-14 13:00:00,570.0,572.3899
2024-10-14 14:00:00,570.0,576.8358
2024-10-14 15:00:00,573.0,572.7072
2024-10-14 16:00:00,596.0,550.3631
2024-10-14 17:00:00,640.0,512.55237
2024-10-14 18:00:00,543.0,466.06183
2024-10-14 19:00:00,398.0,412.4722
2024-10-14 20:00:00,323.0,348.5571
2024-10-14 21:00:00,206.0,289.0807
2024-10-14 22:00:00,176.0,232.93445
2024-10-14 23:00:00,89.0,183.94455
2024-10-15 00:00:00,41.0,125.60773
2024-10-15 01:00:00,28.0,99.35803
2024-10-15 02:00:00,27.0,87.519424
2024-10-15 03:00:00,27.0,90.59123
2024-10-15 04:00:00,45.0,109.75818
2024-10-15 05:00:00,185.0,142.54826
2024-10-15 06:00:00,476.0,187.7291
2024-10-15 07:00:00,543.0,250.1529
2024-10-15 08:00:00,374.0,312.3921
2024-10-15 09:00:00,354.0,373.22345
2024-10-15 10:00:00,375.0,430.0246
2024-10-15 11:00:00,457.0,479.6693
2024-10-15 12:00:00,446.0,507.49622
2024-10-15 13:00:00,547.0,532.80975
2024-10-15 14:00:00,500.0,552.3233
2024-10-15 15:00:00,667.0,548.3784
2024-10-15 16:00:00,623.0,528.12006
2024-10-15 17:00:00,567.0,492.0556
2024-10-15 18:00:00,534.0,444.91016
2024-10-15 19:00:00,422.0,390.4474
2024-10-15 20:00:00,275.0,325.65912
2024-10-15 21:00:00,192.0,266.40103
2024-10-15 22:00:00,186.0,208.29019
2024-10-15 23:00:00,82.0,159.082
2024-10-16 00:00:00,53.0,108.52632
2024-10-16 01:00:00,37.0,82.713196
2024-10-16 02:00:00,23.0,71.74774
2024-10-16 03:00:00,29.0,77.65729
2024-10-16 04:00:00,58.0,98.57051
2024-10-16 05:00:00,195.0,132.45207
2024-10-16 06:00:00,470.0,179.59747
2024-10-16 07:00:00,559.0,239.44043
2024-10-16 08:00:00,337.0,298.63028
2024-10-16 09:00:00,345.0,358.7615
2024-10-16 10:00:00,416.0,415.78094
2024-10-16 11:00:00,408.0,465.42566
2024-10-16 12:00:00,468.0,504.5754
2024-10-16 13:00:00,563.0,530.1703
2024-10-16 14:00:00,621.0,541.1357
2024-10-16 15:00:00,646.0,536.89264
2024-10-16 16:00:00,673.0,516.7141
2024-10-16 17:00:00,621.0,479.77655
2024-10-16 18:00:00,449.0,432.19455
2024-10-16 19:00:00,453.0,379.9146
2024-10-16 20:00:00,285.0,316.6544
2024-10-16 21:00:00,168.0,256.95972
2024-10-16 22:00:00,207.0,200.37686
2024-10-16 23:00:00,174.0,151.16869
2024-10-17 00:00:00,20.0,118.16159
2024-10-17 01:00:00,106.0,92.56677
2024-10-17 02:00:00,24.0,81.60129
2024-10-17 03:00:00,29.0,86.85597
2024-10-17 04:00:00,42.0,106.241196
2024-10-17 05:00:00,185.0,140.34102
2024-10-17 06:00:00,491.0,186.39499
2024-10-17 07:00:00,507.0,245.36478
2024-10-17 08:00:00,400.0,304.55463
2024-10-17 09:00:00,380.0,365.12244
2024-10-17 10:00:00,437.0,424.0439
2024-10-17 11:00:00,420.0,473.0963
2024-10-17 12:00:00,474.0,512.46436
2024-10-17 13:00:00,539.0,539.36896
2024-10-17 14:00:00,565.0,550.771
2024-10-17 15:00:00,658.0,545.29803
2024-10-17 16:00:00,755.0,524.82135
2024-10-17 17:00:00,675.0,489.55975
2024-10-17 18:00:00,559.0,442.70294
2024-10-17 19:00:00,346.0,386.27557
2024-10-17 20:00:00,234.0,320.83246
2024-10-17 21:00:00,236.0,261.1378
2024-10-17 22:00:00,182.0,204.11835
2024-10-17 23:00:00,109.0,155.12846
2024-10-18 00:00:00,67.0,136.22055
2024-10-18 01:00:00,48.0,109.75255
2024-10-18 02:00:00,35.0,100.75169
2024-10-18 03:00:00,39.0,106.661224
2024-10-18 04:00:00,58.0,128.01106
2024-10-18 05:00:00,158.0,163.42061
2024-10-18 06:00:00,441.0,209.03802
2024-10-18 07:00:00,502.0,269.7541
2024-10-18 08:00:00,347.0,327.8525
2024-10-18 09:00:00,309.0,387.98376
2024-10-18 10:00:00,411.0,446.31287
2024-10-18 11:00:00,439.0,495.52103
2024-10-18 12:00:00,579.0,533.5794
2024-10-18 13:00:00,552.0,558.7377
2024-10-18 14:00:00,626.0,569.2665
2024-10-18 15:00:00,640.0,562.70215
2024-10-18 16:00:00,679.0,541.78894
2024-10-18 17:00:00,617.0,508.34393
2024-10-18 18:00:00,609.0,460.9802
2024-10-18 19:00:00,442.0,402.80652
2024-10-18 20:00:00,329.0,336.49026
2024-10-18 21:00:00,267.0,275.70416
2024-10-18 22:00:00,243.0,218.68475
2024-10-18 23:00:00,246.0,171.65944
2024-10-19 00:00:00,113.0,154.65903
2024-10-19 01:00:00,77.0,137.41557
2024-10-19 02:00:00,73.0,124.26724
2024-10-19 03:00:00,58.0,129.7402
2024-10-19 04:00:00,59.0,150.87175
2024-10-19 05:00:00,66.0,184.53499
2024-10-19 06:00:00,107.0,229.71582
2024-10-19 07:00:00,209.0,290.21356
2024-10-19 08:00:00,310.0,351.14975
2024-10-19 09:00:00,392.0,412.15417
2024-10-19 10:00:00,464.0,469.17358
2024-10-19 11:00:00,564.0,519.47314
2024-10-19 12:00:00,726.0,557.968
2024-10-19 13:00:00,723.0,584.8726
2024-10-19 14:00:00,613.0,595.4015
2024-10-19 15:00:00,695.0,590.14685
2024-10-19 16:00:00,762.0,569.67017
2024-10-19 17:00:00,763.0,534.4789
2024-10-19 18:00:00,684.0,488.8615
2024-10-19 19:00:00,459.0,433.7438
2024-10-19 20:00:00,398.0,369.17386
2024-10-19 21:00:00,319.0,308.60605
2024-10-19 22:00:00,294.0,253.11465
2024-10-19 23:00:00,185.0,204.77963
2024-10-20 00:00:00,155.0,168.126
2024-10-20 01:00:00,104.0,143.84088
2024-10-20 02:00:00,109.0,133.5303
2024-10-20 03:00:00,79.0,138.78497
2024-10-20 04:00:00,43.0,158.82507
2024-10-20 05:00:00,64.0,193.14319
2024-10-20 06:00:00,77.0,238.76059
2024-10-20 07:00:00,102.0,298.6035
2024-10-20 08:00:00,209.0,344.28015
2024-10-20 09:00:00,325.0,418.57947
2024-10-20 10:00:00,427.0,474.94403
2024-10-20 11:00:00,562.0,524.58875
2024-10-20 12:00:00,625.0,563.5202
2024-10-20 13:00:00,692.0,589.9882
2024-10-20 14:00:00,822.0,600.7527
2024-10-20 15:00:00,942.0,595.91724
2024-10-20 16:00:00,1028.0,582.18506
2024-10-20 17:00:00,961.0,538.93964
2024-10-20 18:00:00,909.0,491.35764
2024-10-20 19:00:00,684.0,435.80338
2024-10-20 20:00:00,418.0,370.3603
2024-10-20 21:00:00,347.0,310.01074
2024-10-20 22:00:00,263.0,253.42792
2024-10-20 23:00:00,157.0,203.56488
2024-10-21 00:00:00,72.0,137.9216
2024-10-21 01:00:00,47.0,111.671875
2024-10-21 02:00:00,33.0,100.92471
2024-10-21 03:00:00,41.0,106.39769
2024-10-21 04:00:00,72.0,126.2195
2024-10-21 05:00:00,208.0,160.10103
2024-10-21 06:00:00,567.0,207.68304
2024-10-21 07:00:00,688.0,267.52594
2024-10-21 08:00:00,371.0,326.2792
2024-10-21 09:00:00,341.0,386.41046
2024-10-21 10:00:00,369.0,443.42987
2024-10-21 11:00:00,408.0,493.07462
2024-10-21 12:00:00,433.0,540.0842
2024-10-21 13:00:00,423.0,568.16675
2024-10-21 14:00:00,493.0,581.97
2024-10-21 15:00:00,542.0,577.80676
2024-10-21 16:00:00,635.0,555.97906
2024-10-21 17:00:00,679.0,512.0095
2024-10-21 18:00:00,514.0,464.6458
2024-10-21 19:00:00,321.0,409.96472
2024-10-21 20:00:00,226.0,344.52164
2024-10-21 21:00:00,178.0,283.5172
2024-10-21 22:00:00,133.0,227.15268
2024-10-21 23:00:00,95.0,178.38107
2024-10-22 00:00:00,13.0,121.76958
2024-10-22 01:00:00,9.0,97.48447
2024-10-22 02:00:00,22.0,86.737305
2024-10-22 03:00:00,20.0,91.7737
2024-10-22 04:00:00,48.0,112.61661
2024-10-22 05:00:00,187.0,143.11179
2024-10-22 06:00:00,523.0,192.98868
2024-10-22 07:00:00,623.0,252.46536
2024-10-22 08:00:00,413.0,300.68405
2024-10-22 09:00:00,410.0,371.34988
2024-10-22 10:00:00,379.0,430.3339
2024-10-22 11:00:00,354.0,480.63348
2024-10-22 12:00:00,243.0,521.0371
2024-10-22 13:00:00,373.0,549.6534
2024-10-22 14:00:00,519.0,559.8361
2024-10-22 15:00:00,489.0,555.01807
2024-10-22 16:00:00,536.0,533.0134
2024-10-22 17:00:00,570.0,497.16724
2024-10-22 18:00:00,424.0,450.2401
2024-10-22 19:00:00,286.0,395.34076
2024-10-22 20:00:00,191.0,325.32764
2024-10-22 21:00:00,134.0,266.0138
2024-10-22 22:00:00,134.0,207.66281
2024-10-22 23:00:00,96.0,157.79976
2024-10-23 00:00:00,56.0,107.74484
2024-10-23 01:00:00,38.0,82.29791
2024-10-23 02:00:00,32.0,70.663055
2024-10-23 03:00:00,37.0,80.347046
2024-10-23 04:00:00,77.0,100.16885
2024-10-23 05:00:00,203.0,133.83212
2024-10-23 06:00:00,543.0,179.37918
2024-10-23 07:00:00,581.0,238.63759
2024-10-23 08:00:00,378.0,297.39087
2024-10-23 09:00:00,310.0,357.0855
2024-10-23 10:00:00,330.0,413.4501
2024-10-23 11:00:00,361.0,462.43994
2024-10-23 12:00:00,403.0,501.15314
2024-10-23 13:00:00,476.0,526.09314
2024-10-23 14:00:00,493.0,536.8402
2024-10-23 15:00:00,551.0,531.58563
2024-10-23 16:00:00,632.0,511.3272
2024-10-23 17:00:00,602.0,476.79083
2024-10-23 18:00:00,504.0,431.39172
2024-10-23 19:00:00,342.0,377.1472
2024-10-23 20:00:00,251.0,312.35895
2024-10-23 21:00:00,101.0,252.446
2024-10-23 22:00:00,87.0,196.518
2024-10-23 23:00:00,88.0,147.52812
2024-10-24 00:00:00,20.0,114.5005
2024-10-24 01:00:00,50.0,88.46913
2024-10-24 02:00:00,20.0,78.15854
2024-10-24 03:00:00,25.0,83.19493
2024-10-24 04:00:00,48.0,103.45329
2024-10-24 05:00:00,170.0,137.5531
2024-10-24 06:00:00,602.0,183.38878
2024-10-24 07:00:00,605.0,243.45001
2024-10-24 08:00:00,346.0,304.0428
2024-10-24 09:00:00,321.0,364.98465
2024-10-24 10:00:00,373.0,420.06073
2024-10-24 11:00:00,417.0,470.76895
2024-10-24 12:00:00,430.0,510.39658
2024-10-24 13:00:00,492.0,536.8646
2024-10-24 14:00:00,706.0,553.91296
2024-10-24 15:00:00,705.0,548.9285
2024-10-24 16:00:00,692.0,506.77667
2024-10-24 17:00:00,595.0,482.25812
2024-10-24 18:00:00,535.0,434.8944
2024-10-24 19:00:00,318.0,380.8682
2024-10-24 20:00:00,159.0,316.7348
2024-10-24 21:00:00,150.0,255.73042
2024-10-24 22:00:00,127.0,199.14755
2024-10-24 23:00:00,62.0,148.84795
2024-10-25 00:00:00,25.0,129.26492
2024-10-25 01:00:00,25.0,105.19809
2024-10-25 02:00:00,16.0,94.01436
2024-10-25 03:00:00,28.0,100.578766
2024-10-25 04:00:00,40.0,120.618866
2024-10-25 05:00:00,157.0,154.06381
2024-10-25 06:00:00,518.0,198.58977
2024-10-25 07:00:00,497.0,257.99612
2024-10-25 08:00:00,359.0,316.96768
2024-10-25 09:00:00,314.0,377.09894
2024-10-25 10:00:00,364.0,433.4635
2024-10-25 11:00:00,414.0,482.23505
2024-10-25 12:00:00,434.0,520.94824
2024-10-25 13:00:00,502.0,547.6345
2024-10-25 14:00:00,573.0,558.6
2024-10-25 15:00:00,568.0,554.2185
2024-10-25 16:00:00,678.0,533.9601
2024-10-25 17:00:00,642.0,499.64197
2024-10-25 18:00:00,600.0,453.80627
2024-10-25 19:00:00,369.0,399.34348
2024-10-25 20:00:00,229.0,335.2101
2024-10-25 21:00:00,173.0,275.952
2024-10-25 22:00:00,200.0,219.58746
2024-10-25 23:00:00,220.0,170.161
2024-10-26 00:00:00,40.0,162.5834
2024-10-26 01:00:00,61.0,136.98856
2024-10-26 02:00:00,31.0,125.804825
2024-10-26 03:00:00,26.0,131.0595
2024-10-26 04:00:00,35.0,151.31789
2024-10-26 05:00:00,67.0,185.4177
2024-10-26 06:00:00,117.0,230.81683
2024-10-26 07:00:00,203.0,290.22314
2024-10-26 08:00:00,302.0,349.19473
2024-10-26 09:00:00,400.0,408.8894
2024-10-26 10:00:00,530.0,465.9088
2024-10-26 11:00:00,500.0,515.33527
2024-10-26 12:00:00,462.0,553.6118
2024-10-26 13:00:00,475.0,579.8616
2024-10-26 14:00:00,529.0,591.4819
2024-10-26 15:00:00,550.0,587.10034
2024-10-26 16:00:00,627.0,566.842
2024-10-26 17:00:00,558.0,532.5239
2024-10-26 18:00:00,422.0,486.2516
2024-10-26 19:00:00,313.0,432.44366
2024-10-26 20:00:00,214.0,367.87372
2024-10-26 21:00:00,188.0,308.3973
2024-10-26 22:00:00,170.0,251.59622
2024-10-26 23:00:00,143.0,201.95145
2024-10-27 00:00:00,79.0,166.36952
2024-10-27 01:00:00,69.0,140.55638
2024-10-27 02:00:00,69.0,129.80923
2024-10-27 03:00:00,13.0,134.19075
2024-10-27 04:00:00,20.0,154.44914
2024-10-27 05:00:00,16.0,188.33067
2024-10-27 06:00:00,61.0,234.60294
2024-10-27 07:00:00,105.0,293.8256
2024-10-27 08:00:00,228.0,354.17612
2024-10-27 09:00:00,418.0,414.8584
2024-10-27 10:00:00,500.0,479.55798
2024-10-27 11:00:00,594.0,530.67487
2024-10-27 12:00:00,589.0,572.3296
2024-10-27 13:00:00,611.0,599.6708
2024-10-27 14:00:00,713.0,612.8191
2024-10-27 15:00:00,840.0,607.11053
2024-10-27 16:00:00,953.0,577.64795
2024-10-27 17:00:00,828.0,540.0209
2024-10-27 18:00:00,615.0,492.00232
2024-10-27 19:00:00,447.0,436.44806
2024-10-27 20:00:00,354.0,372.0964
2024-10-27 21:00:00,308.0,311.74686
2024-10-27 22:00:00,224.0,253.19945
2024-10-27 23:00:00,159.0,203.55472
2024-10-28 00:00:00,76.0,136.36392
2024-10-28 01:00:00,36.0,110.55078
2024-10-28 02:00:00,25.0,99.367035
2024-10-28 03:00:00,34.0,103.312
2024-10-28 04:00:00,65.0,123.133804
2024-10-28 05:00:00,204.0,157.23363
2024-10-28 06:00:00,604.0,203.0693
2024-10-28 07:00:00,601.0,262.76984
2024-10-28 08:00:00,409.0,324.2291
2024-10-28 09:00:00,332.0,385.02585
2024-10-28 10:00:00,328.0,442.30878
2024-10-28 11:00:00,376.0,499.07202
2024-10-28 12:00:00,376.0,540.3594
2024-10-28 13:00:00,456.0,568.1371
2024-10-28 14:00:00,402.0,580.8489
2024-10-28 15:00:00,534.0,576.03076
2024-10-28 16:00:00,602.0,552.41547
2024-10-28 17:00:00,554.0,509.797
2024-10-28 18:00:00,417.0,463.08813
2024-10-28 19:00:00,267.0,406.87903
2024-10-28 20:00:00,209.0,341.43594
2024-10-28 21:00:00,135.0,281.0864
2024-10-28 22:00:00,127.0,224.28528
2024-10-28 23:00:00,53.0,174.20395
2024-10-29 00:00:00,19.0,114.95378
2024-10-29 01:00:00,27.0,89.14067
2024-10-29 02:00:00,15.0,78.393524
2024-10-29 03:00:00,22.0,84.73961
2024-10-29 04:00:00,49.0,105.21628
2024-10-29 05:00:00,198.0,138.22466
2024-10-29 06:00:00,592.0,184.27863
2024-10-29 07:00:00,651.0,242.81183
2024-10-29 08:00:00,364.0,302.43826
2024-10-29 09:00:00,340.0,363.00607
2024-10-29 10:00:00,349.0,420.24377
2024-10-29 11:00:00,347.0,470.97995
2024-10-29 12:00:00,375.0,510.56628
2024-10-29 13:00:00,432.0,544.1355
2024-10-29 14:00:00,465.0,555.7279
2024-10-29 15:00:00,497.0,551.12805
2024-10-29 16:00:00,567.0,523.9242
2024-10-29 17:00:00,564.0,485.98572
2024-10-29 18:00:00,390.0,439.49512
2024-10-29 19:00:00,259.0,384.15918
2024-10-29 20:00:00,166.0,320.46237
2024-10-29 21:00:00,149.0,261.42258
2024-10-29 22:00:00,95.0,205.4946
2024-10-29 23:00:00,192.0,156.2864
2024-10-30 00:00:00,33.0,106.12764
2024-10-30 01:00:00,46.0,80.53282
2024-10-30 02:00:00,26.0,69.78566
2024-10-30 03:00:00,32.0,74.38547
2024-10-30 04:00:00,47.0,94.643845
2024-10-30 05:00:00,205.0,128.52536
2024-10-30 06:00:00,501.0,172.83305
2024-10-30 07:00:00,637.0,231.80283
2024-10-30 08:00:00,346.0,290.5561
2024-10-30 09:00:00,368.0,350.03247
2024-10-30 10:00:00,377.0,406.83362
2024-10-30 11:00:00,351.0,456.47833
2024-10-30 12:00:00,403.0,496.51855
2024-10-30 13:00:00,495.0,522.53265
2024-10-30 14:00:00,422.0,533.27985
2024-10-30 15:00:00,583.0,527.8069
2024-10-30 16:00:00,661.0,507.5485
2024-10-30 17:00:00,609.0,473.2304
2024-10-30 18:00:00,511.0,427.1764
2024-10-30 19:00:00,294.0,372.9319
2024-10-30 20:00:00,212.0,308.36194
2024-10-30 21:00:00,135.0,248.44897
2024-10-30 22:00:00,129.0,192.0844
2024-10-30 23:00:00,71.0,143.31282
2024-10-31 00:00:00,16.0,110.48482
2024-10-31 01:00:00,51.0,85.10829
2024-10-31 02:00:00,17.0,74.361115
2024-10-31 03:00:00,37.0,79.179214
2024-10-31 04:00:00,54.0,99.43759
2024-10-31 05:00:00,187.0,133.75569
2024-10-31 06:00:00,560.0,179.15482
2024-10-31 07:00:00,585.0,238.56117
2024-10-31 08:00:00,387.0,297.31445
2024-10-31 09:00:00,368.0,357.00912
2024-10-31 10:00:00,383.0,413.3737
2024-10-31 11:00:00,427.0,462.36353
2024-10-31 12:00:00,415.0,501.94986
2024-10-31 13:00:00,562.0,527.3264
2024-10-31 14:00:00,554.0,538.51013
2024-10-31 15:00:00,644.0,533.03723
2024-10-31 16:00:00,679.0,512.3422
2024-10-31 17:00:00,705.0,477.80585
2024-10-31 18:00:00,581.0,432.18842
2024-10-31 19:00:00,354.0,377.72565
2024-10-31 20:00:00,271.0,313.1557
2024-10-31 21:00:00,195.0,253.67932
2024-10-31 22:00:00,177.0,197.53302
2024-10-31 23:00:00,131.0,147.23341
2024-11-01 00:00:00,86.0,97.45819
2024-11-01 01:00:00,74.0,71.645065
2024-11-01 02:00:00,111.0,60.46135
2024-11-01 03:00:00,66.0,65.279434
2024-11-01 04:00:00,14.0,85.10124
2024-11-01 05:00:00,5.0,118.764465
2024-11-01 06:00:00,103.0,163.94528
2024-11-01 07:00:00,193.0,223.13336
2024-11-01 08:00:00,291.0,282.3232
2024-11-01 09:00:00,434.0,342.67276
2024-11-01 10:00:00,522.0,400.23257
2024-11-01 11:00:00,491.0,456.65637
2024-11-01 12:00:00,531.0,497.7428
2024-11-01 13:00:00,615.0,526.3937
2024-11-01 14:00:00,649.0,538.2323
2024-11-01 15:00:00,765.0,533.4142
2024-11-01 16:00:00,795.0,504.8833
2024-11-01 17:00:00,742.0,467.83527
2024-11-01 18:00:00,440.0,419.1618
2024-11-01 19:00:00,310.0,364.4807
2024-11-01 20:00:00,220.0,299.69247
2024-11-01 21:00:00,156.0,239.12466
2024-11-01 22:00:00,135.0,182.54181
2024-11-01 23:00:00,112.0,132.67876
2024-11-02 00:00:00,52.0,141.93208
2024-11-02 01:00:00,30.0,116.7738
2024-11-02 02:00:00,16.0,106.02664
2024-11-02 03:00:00,14.0,111.4996
2024-11-02 04:00:00,32.0,131.97629
2024-11-02 05:00:00,50.0,166.51268
2024-11-02 06:00:00,80.0,211.25696
2024-11-02 07:00:00,175.0,270.44498
2024-11-02 08:00:00,262.0,329.41656
2024-11-02 09:00:00,379.0,389.7661
2024-11-02 10:00:00,488.0,446.5672
2024-11-02 11:00:00,499.0,496.86682
2024-11-02 12:00:00,493.0,536.4531
2024-11-02 13:00:00,536.0,562.4846
2024-11-02 14:00:00,628.0,573.4501
2024-11-02 15:00:00,657.0,568.1954
2024-11-02 16:00:00,814.0,547.7187
2024-11-02 17:00:00,836.0,513.83716
2024-11-02 18:00:00,581.0,468.00146
2024-11-02 19:00:00,495.0,413.75693
2024-11-02 20:00:00,371.0,349.18698
2024-11-02 21:00:00,266.0,289.9289
2024-11-02 22:00:00,252.0,233.56433
2024-11-02 23:00:00,276.0,184.35616
2024-11-03 00:00:00,109.0,148.10155
2024-11-03 01:00:00,75.0,122.28841
2024-11-03 02:00:00,34.0,111.75955
2024-11-03 03:00:00,38.0,116.79593
2024-11-03 04:00:00,23.0,137.05432
2024-11-03 05:00:00,37.0,171.15413
2024-11-03 06:00:00,59.0,216.77155
2024-11-03 07:00:00,101.0,275.9596
2024-11-03 08:00:00,198.0,334.93115
2024-11-03 09:00:00,353.0,394.40756
2024-11-03 10:00:00,470.0,450.9904
2024-11-03 11:00:00,571.0,500.63513
2024-11-03 12:00:00,602.0,539.13
2024-11-03 13:00:00,741.0,564.5066
2024-11-03 14:00:00,942.0,575.2537
2024-11-03 15:00:00,971.0,570.43567
2024-11-03 16:00:00,992.0,549.959
2024-11-03 17:00:00,1002.0,515.64087
2024-11-03 18:00:00,935.0,470.02344
2024-11-03 19:00:00,927.0,415.99722
2024-11-03 20:00:00,656.0,351.86383
2024-11-03 21:00:00,568.0,292.16916
2024-11-03 22:00:00,296.0,235.80463
2024-11-03 23:00:00,154.0,186.37817
2024-11-04 00:00:00,115.0,119.82472
2024-11-04 01:00:00,70.0,94.229904
2024-11-04 02:00:00,56.0,83.48271
2024-11-04 03:00:00,49.0,88.30084
2024-11-04 04:00:00,64.0,108.34091
2024-11-04 05:00:00,214.0,142.65901
2024-11-04 06:00:00,582.0,188.05817
2024-11-04 07:00:00,655.0,247.4645
2024-11-04 08:00:00,413.0,306.65436
2024-11-04 09:00:00,311.0,366.34903
2024-11-04 10:00:00,367.0,422.93185
2024-11-04 11:00:00,420.0,472.14
2024-11-04 12:00:00,417.0,511.28973
2024-11-04 13:00:00,462.0,537.10297
2024-11-04 14:00:00,463.0,547.46545
2024-11-04 15:00:00,539.0,549.18024
2024-11-04 16:00:00,599.0,520.78107
2024-11-04 17:00:00,628.0,484.308
2024-11-04 18:00:00,423.0,440.87347
2024-11-04 19:00:00,301.0,387.28384
2024-11-04 20:00:00,241.0,323.15045
2024-11-04 21:00:00,177.0,263.45578
2024-11-04 22:00:00,10.0,206.65468
2024-11-04 23:00:00,2.0,156.79161
2024-11-05 00:00:00,5.0,98.17911
2024-11-05 01:00:00,2.0,72.366
2024-11-05 02:00:00,0.0,61.618866
2024-11-05 03:00:00,0.0,66.00035
2024-11-05 04:00:00,18.0,86.913635
2024-11-05 05:00:00,188.0,120.79512
2024-11-05 06:00:00,574.0,165.75766
2024-11-05 07:00:00,653.0,225.16402
2024-11-05 08:00:00,453.0,283.9173
2024-11-05 09:00:00,329.0,343.61197
2024-11-05 10:00:00,322.0,400.84967
2024-11-05 11:00:00,326.0,451.14923
2024-11-05 12:00:00,382.0,490.67303
2024-11-05 13:00:00,439.0,525.8049
2024-11-05 14:00:00,374.0,537.4252
2024-11-05 15:00:00,434.0,532.60706
2024-11-05 16:00:00,618.0,504.06952
2024-11-05 17:00:00,538.0,467.24646
2024-11-05 18:00:00,362.0,421.19247
2024-11-05 19:00:00,261.0,366.07477
2024-11-05 20:00:00,183.0,301.06827
2024-11-05 21:00:00,119.0,240.50046
2024-11-05 22:00:00,6.0,184.35416
2024-11-05 23:00:00,1.0,135.58258
2024-11-06 00:00:00,4.0,85.40694
2024-11-06 01:00:00,2.0,58.28409
2024-11-06 02:00:00,1.0,48.628357
2024-11-06 03:00:00,7.0,53.446472
2024-11-06 04:00:00,31.0,74.14143
2024-11-06 05:00:00,215.0,107.80463
2024-11-06 06:00:00,528.0,153.42203
2024-11-06 07:00:00,643.0,213.48325
2024-11-06 08:00:00,402.0,272.8914
2024-11-06 09:00:00,325.0,333.24094
2024-11-06 10:00:00,376.0,390.26038
2024-11-06 11:00:00,372.0,440.12335
2024-11-06 12:00:00,415.0,481.06738
2024-11-06 13:00:00,428.0,514.77893
2024-11-06 14:00:00,428.0,527.9379
2024-11-06 15:00:00,500.0,523.7853
2024-11-06 16:00:00,537.0,494.2495
2024-11-06 17:00:00,538.0,457.96683
2024-11-06 18:00:00,360.0,411.69458
2024-11-06 19:00:00,260.0,355.70377
2024-11-06 20:00:00,175.0,290.47894
2024-11-06 21:00:00,117.0,229.91113
2024-11-06 22:00:00,66.0,173.10997
2024-11-06 23:00:00,93.0,125.21153
2024-11-07 00:00:00,12.0,91.71211
2024-11-07 01:00:00,10.0,68.95503
2024-11-07 02:00:00,93.0,58.644455
2024-11-07 03:00:00,28.0,63.244293
2024-11-07 04:00:00,39.0,83.28436
2024-11-07 05:00:00,193.0,117.16585
2024-11-07 06:00:00,566.0,163.00153
2024-11-07 07:00:00,600.0,222.62619
2024-11-07 08:00:00,330.0,281.59775
2024-11-07 09:00:00,327.0,341.07413
2024-11-07 10:00:00,358.0,398.31186
2024-11-07 11:00:00,338.0,448.6114
2024-11-07 12:00:00,309.0,487.97946
2024-11-07 13:00:00,455.0,514.1493
2024-11-07 14:00:00,465.0,531.82465
2024-11-07 15:00:00,472.0,520.1929
2024-11-07 16:00:00,571.0,499.0267
2024-11-07 17:00:00,528.0,464.4903
2024-11-07 18:00:00,389.0,418.65463
2024-11-07 19:00:00,266.0,364.6284
2024-11-07 20:00:00,176.0,300.05844
2024-11-07 21:00:00,147.0,240.58206
2024-11-07 22:00:00,99.0,183.78091
2024-11-07 23:00:00,61.0,134.35446
2024-11-08 00:00:00,32.0,114.51849
2024-11-08 01:00:00,15.0,88.7054
2024-11-08 02:00:00,14.0,77.73996
2024-11-08 03:00:00,22.0,82.33974
2024-11-08 04:00:00,44.0,102.37982
2024-11-08 05:00:00,175.0,135.3882
2024-11-08 06:00:00,476.0,181.22389
2024-11-08 07:00:00,492.0,239.97539
2024-11-08 08:00:00,353.0,297.85553
2024-11-08 09:00:00,314.0,358.20505
2024-11-08 10:00:00,353.0,415.44275
2024-11-08 11:00:00,357.0,465.72107
2024-11-08 12:00:00,357.0,512.62024
2024-11-08 13:00:00,443.0,539.52484
2024-11-08 14:00:00,531.0,550.9269
2024-11-08 15:00:00,584.0,545.8905
2024-11-08 16:00:00,604.0,516.2615
2024-11-08 17:00:00,591.0,479.2201
2024-11-08 18:00:00,458.0,432.07465
2024-11-08 19:00:00,324.0,376.957
2024-11-08 20:00:00,211.0,311.95047
2024-11-08 21:00:00,174.0,253.34724
2024-11-08 22:00:00,174.0,198.72897
2024-11-08 23:00:00,117.0,149.95737
2024-11-09 00:00:00,70.0,142.78233
2024-11-09 01:00:00,35.0,116.96918
2024-11-09 02:00:00,33.0,105.78546
2024-11-09 03:00:00,18.0,110.82184
2024-11-09 04:00:00,33.0,130.42537
2024-11-09 05:00:00,47.0,164.3069
2024-11-09 06:00:00,112.0,209.26945
2024-11-09 07:00:00,207.0,268.67578
2024-11-09 08:00:00,323.0,327.64734
2024-11-09 09:00:00,386.0,387.34204
2024-11-09 10:00:00,418.0,444.14313
2024-11-09 11:00:00,456.0,493.133
2024-11-09 12:00:00,407.0,532.2828
2024-11-09 13:00:00,443.0,558.3142
2024-11-09 14:00:00,503.0,569.4979
2024-11-09 15:00:00,565.0,564.2433
2024-11-09 16:00:00,675.0,543.9849
2024-11-09 17:00:00,642.0,509.88507
2024-11-09 18:00:00,442.0,464.04938
2024-11-09 19:00:00,333.0,409.80484
2024-11-09 20:00:00,253.0,345.4532
2024-11-09 21:00:00,188.0,285.9768
2024-11-09 22:00:00,173.0,229.83054
2024-11-09 23:00:00,147.0,180.84064
2024-11-10 00:00:00,79.0,145.007
2024-11-10 01:00:00,60.0,119.63043
2024-11-10 02:00:00,39.0,108.4467
2024-11-10 03:00:00,43.0,112.82822
2024-11-10 04:00:00,30.0,132.86833
2024-11-10 05:00:00,27.0,166.53157
2024-11-10 06:00:00,56.0,211.71243
2024-11-10 07:00:00,76.0,271.11874
2024-11-10 08:00:00,178.0,329.65375
2024-11-10 09:00:00,272.0,388.91187
2024-11-10 10:00:00,402.0,445.0581
2024-11-10 11:00:00,466.0,494.26624
2024-11-10 12:00:00,533.0,533.416
2024-11-10 13:00:00,694.0,560.3206
2024-11-10 14:00:00,874.0,571.9409
2024-11-10 15:00:00,1010.0,566.90454
2024-11-10 16:00:00,1059.0,546.2096
2024-11-10 17:00:00,913.0,511.67316
2024-11-10 18:00:00,889.0,465.40088
2024-11-10 19:00:00,728.0,410.93808
2024-11-10 20:00:00,552.0,346.58643
2024-11-10 21:00:00,380.0,287.11005
2024-11-10 22:00:00,227.0,231.40036
2024-11-10 23:00:00,113.0,182.62874
2024-11-11 00:00:00,46.0,116.27832
2024-11-11 01:00:00,64.0,90.68349
2024-11-11 02:00:00,60.0,79.936356
2024-11-11 03:00:00,36.0,84.53613
2024-11-11 04:00:00,55.0,104.57622
2024-11-11 05:00:00,190.0,138.45776
2024-11-11 06:00:00,497.0,183.63861
2024-11-11 07:00:00,514.0,242.60837
2024-11-11 08:00:00,338.0,301.57996
2024-11-11 09:00:00,334.0,361.71118
2024-11-11 10:00:00,354.0,418.07574
2024-11-11 11:00:00,362.0,467.72046
2024-11-11 12:00:00,389.0,506.93942
2024-11-11 13:00:00,423.0,539.90576
2024-11-11 14:00:00,441.0,549.9461
2024-11-11 15:00:00,508.0,539.6827
2024-11-11 16:00:00,548.0,517.26263
2024-11-11 17:00:00,642.0,482.2896
2024-11-11 18:00:00,443.0,437.3271
2024-11-11 19:00:00,282.0,382.8643
2024-11-11 20:00:00,236.0,318.07605
2024-11-11 21:00:00,171.0,254.12189
2024-11-11 22:00:00,108.0,197.46869
2024-11-11 23:00:00,64.0,146.36626
2024-11-12 00:00:00,30.0,86.26659
2024-11-12 01:00:00,14.0,61.48915
2024-11-12 02:00:00,19.0,54.71289
2024-11-12 03:00:00,25.0,59.749252
2024-11-12 04:00:00,54.0,79.85968
2024-11-12 05:00:00,176.0,113.95947
2024-11-12 06:00:00,583.0,159.72482
2024-11-12 07:00:00,664.0,219.13118
2024-11-12 08:00:00,385.0,278.60965
2024-11-12 09:00:00,279.0,339.1775
2024-11-12 10:00:00,307.0,396.1969
2024-11-12 11:00:00,327.0,446.2782
2024-11-12 12:00:00,374.0,485.20966
2024-11-12 13:00:00,395.0,511.2411
2024-11-12 14:00:00,430.0,522.4248
2024-11-12 15:00:00,397.0,516.5153
2024-11-12 16:00:00,483.0,495.60205
2024-11-12 17:00:00,428.0,460.84735
2024-11-12 18:00:00,347.0,414.7934
2024-11-12 19:00:00,230.0,359.894
2024-11-12 20:00:00,155.0,295.10577
2024-11-12 21:00:00,113.0,234.75624
2024-11-12 22:00:00,77.0,178.17337
2024-11-12 23:00:00,46.0,128.74692
2024-11-13 00:00:00,30.0,78.77498
2024-11-13 01:00:00,17.0,52.74353
2024-11-13 02:00:00,19.0,41.778107
2024-11-13 03:00:00,20.0,46.596222
2024-11-13 04:00:00,55.0,66.418015
2024-11-13 05:00:00,179.0,100.51781
2024-11-13 06:00:00,539.0,145.91692
2024-11-13 07:00:00,567.0,205.32327
2024-11-13 08:00:00,356.0,264.51312
2024-11-13 09:00:00,292.0,324.2078
2024-11-13 10:00:00,291.0,380.5724
2024-11-13 11:00:00,293.0,430.21707
2024-11-13 12:00:00,369.0,469.14856
2024-11-13 13:00:00,435.0,494.08853
2024-11-13 14:00:00,440.0,504.3991
2024-11-13 15:00:00,463.0,499.58102
2024-11-13 16:00:00,515.0,479.10437
2024-11-13 17:00:00,499.0,444.56796
2024-11-13 18:00:00,362.0,387.7611
2024-11-13 19:00:00,225.0,333.00967
2024-11-13 20:00:00,172.0,278.38977
2024-11-13 21:00:00,102.0,218.69513
2024-11-13 22:00:00,111.0,162.33055
2024-11-13 23:00:00,39.0,113.34065
2024-11-14 00:00:00,13.0,81.13672
2024-11-14 01:00:00,41.0,55.541916
2024-11-14 02:00:00,7.0,45.231354
2024-11-14 03:00:00,16.0,49.831146
2024-11-14 04:00:00,57.0,69.871216
2024-11-14 05:00:00,173.0,103.97101
2024-11-14 06:00:00,600.0,150.24327
2024-11-14 07:00:00,611.0,209.64963
2024-11-14 08:00:00,336.0,268.6212
2024-11-14 09:00:00,292.0,328.31586
2024-11-14 10:00:00,313.0,385.43912
2024-11-14 11:00:00,327.0,435.45117
2024-11-14 12:00:00,357.0,475.3144
2024-11-14 13:00:00,370.0,501.5401
2024-11-14 14:00:00,448.0,512.2181
2024-11-14 15:00:00,470.0,507.6183
2024-11-14 16:00:00,505.0,487.1416
2024-11-14 17:00:00,508.0,452.3869
2024-11-14 18:00:00,345.0,404.58664
2024-11-14 19:00:00,275.0,348.37753
2024-11-14 20:00:00,185.0,283.1527
2024-11-14 21:00:00,146.0,223.67633
2024-11-14 22:00:00,93.0,167.74832
2024-11-14 23:00:00,69.0,119.19502
2024-11-15 00:00:00,20.0,100.65489
2024-11-15 01:00:00,15.0,75.278336
2024-11-15 02:00:00,15.0,63.876328
2024-11-15 03:00:00,22.0,69.13101
2024-11-15 04:00:00,46.0,87.861374
2024-11-15 05:00:00,137.0,122.61603
2024-11-15 06:00:00,506.0,168.67001
2024-11-15 07:00:00,534.0,226.76665
2024-11-15 08:00:00,368.0,286.60074
2024-11-15 09:00:00,321.0,348.0657
2024-11-15 10:00:00,348.0,409.6959
2024-11-15 11:00:00,340.0,461.1349
2024-11-15 12:00:00,403.0,501.37607
2024-11-15 13:00:00,439.0,528.93555
2024-11-15 14:00:00,475.0,540.11926
2024-11-15 15:00:00,448.0,532.9
2024-11-15 16:00:00,380.0,503.16718
2024-11-15 17:00:00,580.0,467.10278
2024-11-15 18:00:00,493.0,420.8305
2024-11-15 19:00:00,348.0,366.8043
2024-11-15 20:00:00,187.0,301.79776
2024-11-15 21:00:00,190.0,241.6665
2024-11-15 22:00:00,158.0,185.08365
2024-11-15 23:00:00,96.0,135.4389
2024-11-16 00:00:00,79.0,129.99661
2024-11-16 01:00:00,38.0,104.18349
2024-11-16 02:00:00,22.0,91.03517
2024-11-16 03:00:00,21.0,96.726395
2024-11-16 04:00:00,25.0,116.11165
2024-11-16 05:00:00,49.0,149.99318
2024-11-16 06:00:00,95.0,196.26544
2024-11-16 07:00:00,198.0,254.79861
2024-11-16 08:00:00,309.0,313.5519
2024-11-16 09:00:00,385.0,379.97375
2024-11-16 10:00:00,429.0,440.59625
2024-11-16 11:00:00,446.0,491.56802
2024-11-16 12:00:00,407.0,532.4641
2024-11-16 13:00:00,421.0,559.587
2024-11-16 14:00:00,458.0,570.989
2024-11-16 15:00:00,510.0,565.06213
2024-11-16 16:00:00,597.0,535.3467
2024-11-16 17:00:00,512.0,498.84567
2024-11-16 18:00:00,425.0,452.3551
2024-11-16 19:00:00,312.0,398.1106
2024-11-16 20:00:00,265.0,332.2309
2024-11-16 21:00:00,177.0,273.1911
2024-11-16 22:00:00,160.0,217.69969
2024-11-16 23:00:00,142.0,166.09035
2024-11-17 00:00:00,72.0,131.11665
2024-11-17 01:00:00,52.0,105.521805
2024-11-17 02:00:00,26.0,94.992966
2024-11-17 03:00:00,16.0,100.02931
2024-11-17 04:00:00,17.0,120.287704
2024-11-17 05:00:00,24.0,153.95094
2024-11-17 06:00:00,41.0,201.09639
2024-11-17 07:00:00,64.0,260.06613
2024-11-17 08:00:00,142.0,321.45618
2024-11-17 09:00:00,236.0,391.36
2024-11-17 10:00:00,368.0,450.02856
2024-11-17 11:00:00,451.0,501.41956
2024-11-17 12:00:00,491.0,541.55695
2024-11-17 13:00:00,531.0,567.44324
2024-11-17 14:00:00,693.0,572.91144
2024-11-17 15:00:00,882.0,568.07605
2024-11-17 16:00:00,915.0,546.50793
2024-11-17 17:00:00,871.0,511.31665
2024-11-17 18:00:00,741.0,465.26266
2024-11-17 19:00:00,669.0,411.67303
2024-11-17 20:00:00,474.0,347.32135
2024-11-17 21:00:00,369.0,287.84497
2024-11-17 22:00:00,211.0,225.16415
2024-11-17 23:00:00,99.0,180.96251
2024-11-18 00:00:00,58.0,114.162704
2024-11-18 01:00:00,53.0,83.047104
2024-11-18 02:00:00,21.0,77.384155
2024-11-18 03:00:00,28.0,81.98393
2024-11-18 04:00:00,80.0,102.242325
2024-11-18 05:00:00,207.0,136.56042
2024-11-18 06:00:00,574.0,182.39612
2024-11-18 07:00:00,651.0,241.58418
2024-11-18 08:00:00,400.0,300.55576
2024-11-18 09:00:00,330.0,362.4333
2024-11-18 10:00:00,336.0,419.671
2024-11-18 11:00:00,396.0,469.7523
2024-11-18 12:00:00,385.0,509.99347
2024-11-18 13:00:00,404.0,536.6865
2024-11-18 14:00:00,439.0,547.652
2024-11-18 15:00:00,501.0,541.51746
2024-11-18 16:00:00,523.0,519.0762
2024-11-18 17:00:00,506.0,482.35687
2024-11-18 18:00:00,332.0,436.52118
2024-11-18 19:00:00,290.0,381.62183
2024-11-18 20:00:00,198.0,317.70673
2024-11-18 21:00:00,157.0,259.1035
2024-11-18 22:00:00,26.0,204.04866
2024-11-18 23:00:00,9.0,153.96733
2024-11-19 00:00:00,32.0,93.79944
2024-11-19 01:00:00,25.0,69.29602
2024-11-19 02:00:00,13.0,58.330566
2024-11-19 03:00:00,14.0,62.49379
2024-11-19 04:00:00,55.0,83.77333
2024-11-19 05:00:00,167.0,111.62717
2024-11-19 06:00:00,515.0,156.87831
2024-11-19 07:00:00,661.0,212.0033
2024-11-19 08:00:00,386.0,272.42526
2024-11-19 09:00:00,300.0,331.97928
2024-11-19 10:00:00,284.0,386.37195
2024-11-19 11:00:00,314.0,446.76956
2024-11-19 12:00:00,386.0,486.79248
2024-11-19 13:00:00,406.0,516.0982
2024-11-19 14:00:00,394.0,529.6831
2024-11-19 15:00:00,383.0,525.3016
2024-11-19 16:00:00,466.0,503.95178
2024-11-19 17:00:00,521.0,458.29626
2024-11-19 18:00:00,380.0,413.0451
2024-11-19 19:00:00,261.0,370.42657
2024-11-19 20:00:00,142.0,307.16635
2024-11-19 21:00:00,140.0,250.89397
2024-11-19 22:00:00,89.0,193.94487
2024-11-19 23:00:00,50.0,142.33554
2024-11-20 00:00:00,16.0,84.67702
2024-11-20 01:00:00,15.0,57.19046
2024-11-20 02:00:00,16.0,45.3107
2024-11-20 03:00:00,19.0,43.449005
2024-11-20 04:00:00,50.0,63.503662
2024-11-20 05:00:00,186.0,96.36659
2024-11-20 06:00:00,553.0,139.3547
2024-11-20 07:00:00,594.0,194.51614
2024-11-20 08:00:00,406.0,248.41609
2024-11-20 09:00:00,291.0,319.18463
2024-11-20 10:00:00,317.0,383.59674
2024-11-20 11:00:00,330.0,427.3768
2024-11-20 12:00:00,292.0,467.47562
2024-11-20 13:00:00,419.0,493.21283
2024-11-20 14:00:00,369.0,502.25894
2024-11-20 15:00:00,415.0,497.00427
2024-11-20 16:00:00,463.0,475.2179
2024-11-20 17:00:00,446.0,440.6815
2024-11-20 18:00:00,337.0,394.6275
2024-11-20 19:00:00,235.0,339.29156
2024-11-20 20:00:00,118.0,275.37646
2024-11-20 21:00:00,100.0,215.90009
2024-11-20 22:00:00,111.0,159.5355
2024-11-20 23:00:00,37.0,109.89076
2024-11-21 00:00:00,20.0,76.80197
2024-11-21 01:00:00,37.0,50.552246
2024-11-21 02:00:00,27.0,40.023376
2024-11-21 03:00:00,12.0,45.932953
2024-11-21 04:00:00,60.0,65.09984
2024-11-21 05:00:00,174.0,96.79848
2024-11-21 06:00:00,531.0,140.45131
2024-11-21 07:00:00,568.0,199.42108
2024-11-21 08:00:00,383.0,262.2939
2024-11-21 09:00:00,274.0,323.37814
2024-11-21 10:00:00,324.0,380.12738
2024-11-21 11:00:00,348.0,429.3355
2024-11-21 12:00:00,340.0,467.83038
2024-11-21 13:00:00,412.0,493.64352
2024-11-21 14:00:00,348.0,490.30048
2024-11-21 15:00:00,376.0,484.4348
2024-11-21 16:00:00,390.0,468.96704
2024-11-21 17:00:00,355.0,443.2069
2024-11-21 18:00:00,310.0,396.42743
2024-11-21 19:00:00,191.0,331.69424
2024-11-21 20:00:00,136.0,270.42572
2024-11-21 21:00:00,126.0,209.71689
2024-11-21 22:00:00,123.0,155.13268
2024-11-21 23:00:00,107.0,104.2921
2024-11-22 00:00:00,63.0,96.36299
2024-11-22 01:00:00,26.0,60.51239
2024-11-22 02:00:00,16.0,50.505005
2024-11-22 03:00:00,30.0,50.842926
2024-11-22 04:00:00,52.0,73.84703
2024-11-22 05:00:00,138.0,112.81273
2024-11-22 06:00:00,400.0,158.21185
2024-11-22 07:00:00,435.0,216.09021
2024-11-22 08:00:00,266.0,275.49835
2024-11-22 09:00:00,256.0,336.50275
2024-11-22 10:00:00,289.0,393.74045
2024-11-22 11:00:00,326.0,443.16687
2024-11-22 12:00:00,377.0,482.9715
2024-11-22 13:00:00,451.0,508.56638
2024-11-22 14:00:00,441.0,503.1106
2024-11-22 15:00:00,398.0,497.93353
2024-11-22 16:00:00,459.0,492.70898
2024-11-22 17:00:00,401.0,459.70062
2024-11-22 18:00:00,340.0,414.73807
2024-11-22 19:00:00,247.0,360.4936
2024-11-22 20:00:00,153.0,296.3602
2024-11-22 21:00:00,167.0,236.66553
2024-11-22 22:00:00,138.0,180.08269
2024-11-22 23:00:00,118.0,131.96593
2024-11-23 00:00:00,92.0,126.07611
2024-11-23 01:00:00,27.0,101.354416
2024-11-23 02:00:00,33.0,90.82558
2024-11-23 03:00:00,17.0,94.33394
2024-11-23 04:00:00,21.0,113.93744
2024-11-23 05:00:00,42.0,144.76295
2024-11-23 06:00:00,101.0,188.1975
2024-11-23 07:00:00,171.0,246.07579
2024-11-23 08:00:00,243.0,306.03104
2024-11-23 09:00:00,369.0,373.9982
2024-11-23 10:00:00,422.0,434.0736
2024-11-23 11:00:00,477.0,479.37506
2024-11-23 12:00:00,457.0,517.9777
2024-11-23 13:00:00,418.0,544.3486
2024-11-23 14:00:00,456.0,554.538
2024-11-23 15:00:00,461.0,547.97363
2024-11-23 16:00:00,454.0,527.2787
2024-11-23 17:00:00,412.0,493.17886
2024-11-23 18:00:00,303.0,447.56146
2024-11-23 19:00:00,222.0,393.9718
2024-11-23 20:00:00,171.0,328.3104
2024-11-23 21:00:00,155.0,269.27057
2024-11-23 22:00:00,134.0,213.56091
2024-11-23 23:00:00,239.0,163.47958
2024-11-24 00:00:00,119.0,128.93188
2024-11-24 01:00:00,69.0,105.301636
2024-11-24 02:00:00,35.0,96.08249
2024-11-24 03:00:00,31.0,101.77374
2024-11-24 04:00:00,23.0,122.25043
2024-11-24 05:00:00,25.0,157.44168
2024-11-24 06:00:00,41.0,202.6225
2024-11-24 07:00:00,61.0,261.37396
2024-11-24 08:00:00,124.0,320.7821
2024-11-24 09:00:00,246.0,388.2848
2024-11-24 10:00:00,326.0,447.8131
2024-11-24 11:00:00,475.0,493.50195
2024-11-24 12:00:00,450.0,531.1969
2024-11-24 13:00:00,551.0,557.80334
2024-11-24 14:00:00,708.0,568.8313
2024-11-24 15:00:00,784.0,562.1804
2024-11-24 16:00:00,787.0,539.73914
2024-11-24 17:00:00,765.0,504.76614
2024-11-24 18:00:00,605.0,459.14874
2024-11-24 19:00:00,484.0,405.3408
2024-11-24 20:00:00,390.0,338.36966
2024-11-24 21:00:00,285.0,278.675
2024-11-24 22:00:00,187.0,224.05676
2024-11-24 23:00:00,103.0,175.94002
2024-11-25 00:00:00,39.0,108.47514
2024-11-25 01:00:00,23.0,81.57057
2024-11-25 02:00:00,22.0,72.5697
2024-11-25 03:00:00,20.0,79.78897
2024-11-25 04:00:00,67.0,99.39249
2024-11-25 05:00:00,210.0,133.49231
2024-11-25 06:00:00,565.0,178.01828
2024-11-25 07:00:00,607.0,237.42462
2024-11-25 08:00:00,437.0,303.18588
2024-11-25 09:00:00,302.0,367.09332
2024-11-25 10:00:00,317.0,426.0773
2024-11-25 11:00:00,368.0,479.43292
2024-11-25 12:00:00,378.0,519.67413
2024-11-25 13:00:00,367.0,547.18164
2024-11-25 14:00:00,466.0,556.27966
2024-11-25 15:00:00,453.0,542.22943
2024-11-25 16:00:00,464.0,519.71893
2024-11-25 17:00:00,483.0,487.14713
2024-11-25 18:00:00,371.0,439.34683
2024-11-25 19:00:00,251.0,386.84863
2024-11-25 20:00:00,180.0,323.15182
2024-11-25 21:00:00,99.0,263.45715
2024-11-25 22:00:00,122.0,207.52919
2024-11-25 23:00:00,86.0,156.13812
2024-11-26 00:00:00,57.0,98.57988
2024-11-26 01:00:00,41.0,69.19125
2024-11-26 02:00:00,34.0,59.768402
2024-11-26 03:00:00,32.0,62.607315
2024-11-26 04:00:00,50.0,79.47737
2024-11-26 05:00:00,170.0,115.520386
2024-11-26 06:00:00,479.0,161.72232
2024-11-26 07:00:00,526.0,220.76242
2024-11-26 08:00:00,367.0,280.38885
2024-11-26 09:00:00,332.0,340.24594
2024-11-26 10:00:00,363.0,405.3821
2024-11-26 11:00:00,383.0,455.56723
2024-11-26 12:00:00,392.0,495.9402
2024-11-26 13:00:00,462.0,514.0492
2024-11-26 14:00:00,479.0,524.2905
2024-11-26 15:00:00,508.0,519.8705
2024-11-26 16:00:00,571.0,496.07153
2024-11-26 17:00:00,582.0,459.78882
2024-11-26 18:00:00,468.0,413.73486
2024-11-26 19:00:00,210.0,357.9623
2024-11-26 20:00:00,223.0,293.82895
2024-11-26 21:00:00,118.0,234.13428
2024-11-26 22:00:00,108.0,176.89655
2024-11-26 23:00:00,56.0,127.90668
2024-11-27 00:00:00,32.0,77.69495
2024-11-27 01:00:00,22.0,51.44522
2024-11-27 02:00:00,39.0,40.91635
2024-11-27 03:00:00,24.0,45.516205
2024-11-27 04:00:00,61.0,65.55629
2024-11-27 05:00:00,178.0,98.56462
2024-11-27 06:00:00,524.0,143.09058
2024-11-27 07:00:00,610.0,202.06036
2024-11-27 08:00:00,401.0,262.34167
2024-11-27 09:00:00,277.0,324.87012
2024-11-27 10:00:00,341.0,388.74847
2024-11-27 11:00:00,325.0,440.34045
2024-11-27 12:00:00,386.0,480.59894
2024-11-27 13:00:00,457.0,507.28525
2024-11-27 14:00:00,397.0,518.2507
2024-11-27 15:00:00,446.0,512.3172
2024-11-27 16:00:00,484.0,484.13635
2024-11-27 17:00:00,528.0,446.98053
2024-11-27 18:00:00,357.0,400.70828
2024-11-27 19:00:00,251.0,346.46375
2024-11-27 20:00:00,147.0,282.76694
2024-11-27 21:00:00,102.0,223.94543
2024-11-27 22:00:00,142.0,166.27112
2024-11-27 23:00:00,51.0,116.62637
2024-11-28 00:00:00,26.0,85.056564
2024-11-28 01:00:00,39.0,61.574295
2024-11-28 02:00:00,19.0,46.545776
2024-11-28 03:00:00,28.0,53.28
2024-11-28 04:00:00,61.0,70.68605
2024-11-28 05:00:00,185.0,105.08174
2024-11-28 06:00:00,547.0,152.46002
2024-11-28 07:00:00,647.0,206.71916
2024-11-28 08:00:00,388.0,264.06323
2024-11-28 09:00:00,320.0,326.3289
2024-11-28 10:00:00,357.0,380.8331
2024-11-28 11:00:00,362.0,434.93097
2024-11-28 12:00:00,329.0,470.27765
2024-11-28 13:00:00,407.0,495.40204
2024-11-28 14:00:00,422.0,501.958
2024-11-28 15:00:00,435.0,492.28656
2024-11-28 16:00:00,485.0,480.58362
2024-11-28 17:00:00,447.0,446.7021
2024-11-28 18:00:00,373.0,398.68353
2024-11-28 19:00:00,250.0,343.3476
2024-11-28 20:00:00,166.0,279.2142
2024-11-28 21:00:00,93.0,219.08298
2024-11-28 22:00:00,148.0,162.0635
2024-11-28 23:00:00,58.0,113.073654
2024-11-29 00:00:00,21.0,94.076996
2024-11-29 01:00:00,27.0,68.04559
2024-11-29 02:00:00,12.0,57.953323
2024-11-29 03:00:00,17.0,61.898254
2024-11-29 04:00:00,48.0,82.1566
2024-11-29 05:00:00,153.0,115.16498
2024-11-29 06:00:00,459.0,161.21896
2024-11-29 07:00:00,562.0,219.75217
2024-11-29 08:00:00,401.0,278.72372
2024-11-29 09:00:00,327.0,338.4184
2024-11-29 10:00:00,372.0,395.65613
2024-11-29 11:00:00,349.0,445.57104
2024-11-29 12:00:00,416.0,491.0633
2024-11-29 13:00:00,483.0,519.5199
2024-11-29 14:00:00,526.0,530.922
2024-11-29 15:00:00,555.0,524.5519
2024-11-29 16:00:00,530.0,496.15268
2024-11-29 17:00:00,563.0,461.17972
2024-11-29 18:00:00,466.0,414.68915
2024-11-29 19:00:00,306.0,360.22638
2024-11-29 20:00:00,243.0,296.96613
2024-11-29 21:00:00,187.0,237.92633
2024-11-29 22:00:00,142.0,181.1252
2024-11-29 23:00:00,138.0,132.79016
2024-11-30 00:00:00,80.0,126.01897
2024-11-30 01:00:00,53.0,99.98755
2024-11-30 02:00:00,35.0,89.2404
2024-11-30 03:00:00,22.0,94.0585
2024-11-30 04:00:00,25.0,113.88031
2024-11-30 05:00:00,48.0,147.76183
2024-11-30 06:00:00,105.0,193.37926
2024-11-30 07:00:00,218.0,252.78557
2024-11-30 08:00:00,360.0,311.97543
2024-11-30 09:00:00,436.0,371.45184
2024-11-30 10:00:00,424.0,427.81638
2024-11-30 11:00:00,432.0,476.8062
2024-11-30 12:00:00,407.0,515.0828
2024-11-30 13:00:00,476.0,540.67773
2024-11-30 14:00:00,490.0,551.42487
2024-11-30 15:00:00,477.0,546.3885
2024-11-30 16:00:00,567.0,525.69354
2024-11-30 17:00:00,578.0,492.03027
2024-11-30 18:00:00,361.0,446.41287
2024-11-30 19:00:00,276.0,391.95007
2024-11-30 20:00:00,222.0,327.5984
2024-11-30 21:00:00,156.0,267.24887
2024-11-30 22:00:00,180.0,210.66605
2024-11-30 23:00:00,136.0,161.23956
2024-12-01 00:00:00,85.0,115.511154
2024-12-01 01:00:00,42.0,89.698044
2024-12-01 02:00:00,24.0,79.169174
2024-12-01 03:00:00,18.0,83.98726
2024-12-01 04:00:00,17.0,103.80907
2024-12-01 05:00:00,24.0,138.12717
2024-12-01 06:00:00,56.0,183.74457
2024-12-01 07:00:00,64.0,243.3692
2024-12-01 08:00:00,124.0,302.1225
2024-12-01 09:00:00,263.0,361.59888
2024-12-01 10:00:00,406.0,418.87787
2024-12-01 11:00:00,453.0,468.97647
2024-12-01 12:00:00,499.0,513.8524
2024-12-01 13:00:00,613.0,542.04553
2024-12-01 14:00:00,677.0,552.57434
2024-12-01 15:00:00,740.0,546.8418
2024-12-01 16:00:00,833.0,518.45996
2024-12-01 17:00:00,832.0,483.70532
2024-12-01 18:00:00,605.0,437.65137
2024-12-01 19:00:00,561.0,383.84344
2024-12-01 20:00:00,503.0,318.6186
2024-12-01 21:00:00,294.0,259.1422
2024-12-01 22:00:00,227.0,203.65083
2024-12-01 23:00:00,140.0,155.75237
2024-12-02 00:00:00,53.0,90.0264
2024-12-02 01:00:00,27.0,65.52301
2024-12-02 02:00:00,20.0,56.085526
2024-12-02 03:00:00,27.0,61.121918
2024-12-02 04:00:00,74.0,76.73273
2024-12-02 05:00:00,210.0,117.22644
2024-12-02 06:00:00,517.0,163.28041
2024-12-02 07:00:00,623.0,222.90506
2024-12-02 08:00:00,364.0,282.96808
2024-12-02 09:00:00,324.0,344.19077
2024-12-02 10:00:00,311.0,401.86505
2024-12-02 11:00:00,369.0,452.3829
2024-12-02 12:00:00,379.0,492.40582
2024-12-02 13:00:00,433.0,519.54596
2024-12-02 14:00:00,454.0,530.2758
2024-12-02 15:00:00,352.0,525.0212
2024-12-02 16:00:00,404.0,503.45306
2024-12-02 17:00:00,382.0,470.22638
2024-12-02 18:00:00,493.0,424.3907
2024-12-02 19:00:00,250.0,360.71033
2024-12-02 20:00:00,174.0,303.3954
2024-12-02 21:00:00,162.0,247.65904
2024-12-02 22:00:00,93.0,192.62607
2024-12-02 23:00:00,44.0,138.76097
2024-12-03 00:00:00,22.0,77.02641
2024-12-03 01:00:00,21.0,51.868134
2024-12-03 02:00:00,18.0,45.021515
2024-12-03 03:00:00,18.0,49.621307
2024-12-03 04:00:00,57.0,69.66144
2024-12-03 05:00:00,175.0,98.47333
2024-12-03 06:00:00,583.0,143.49893
2024-12-03 07:00:00,628.0,197.23656
2024-12-03 08:00:00,363.0,254.82079
2024-12-03 09:00:00,298.0,324.4655
2024-12-03 10:00:00,360.0,381.48495
2024-12-03 11:00:00,291.0,431.12967
2024-12-03 12:00:00,319.0,469.62457
2024-12-03 13:00:00,399.0,495.00113
2024-12-03 14:00:00,364.0,505.7483
2024-12-03 15:00:00,338.0,500.07434
2024-12-03 16:00:00,490.0,476.30606
2024-12-03 17:00:00,452.0,440.67822
2024-12-03 18:00:00,382.0,394.62427
2024-12-03 19:00:00,231.0,340.16144
2024-12-03 20:00:00,161.0,276.9012
2024-12-03 21:00:00,117.0,217.42484
2024-12-03 22:00:00,76.0,161.06026
2024-12-03 23:00:00,41.0,111.197235
2024-12-04 00:00:00,30.0,59.887466
2024-12-04 01:00:00,11.0,35.16577
2024-12-04 02:00:00,11.0,25.728363
2024-12-04 03:00:00,13.0,30.983002
2024-12-04 04:00:00,54.0,51.67798
2024-12-04 05:00:00,181.0,85.99608
2024-12-04 06:00:00,521.0,128.07915
2024-12-04 07:00:00,579.0,180.05591
2024-12-04 08:00:00,430.0,249.33652
2024-12-04 09:00:00,325.0,298.2783
2024-12-04 10:00:00,326.0,364.95917
2024-12-04 11:00:00,365.0,414.82217
2024-12-04 12:00:00,343.0,453.53534
2024-12-04 13:00:00,403.0,479.56677
2024-12-04 14:00:00,423.0,489.87738
2024-12-04 15:00:00,367.0,484.18613
2024-12-04 16:00:00,531.0,462.618
2024-12-04 17:00:00,469.0,418.65305
2024-12-04 18:00:00,350.0,370.13486
2024-12-04 19:00:00,228.0,325.38196
2024-12-04 20:00:00,147.0,261.0303
2024-12-04 21:00:00,122.0,201.7722
2024-12-04 22:00:00,59.0,145.84421
2024-12-04 23:00:00,219.0,96.854324
2024-12-05 00:00:00,23.0,64.623474
2024-12-05 01:00:00,41.0,37.28232
2024-12-05 02:00:00,11.0,25.88031
2024-12-05 03:00:00,25.0,32.00815
2024-12-05 04:00:00,39.0,52.26651
2024-12-05 05:00:00,166.0,84.18346
2024-12-05 06:00:00,534.0,128.05453
2024-12-05 07:00:00,629.0,186.36945
2024-12-05 08:00:00,393.0,245.95734
2024-12-05 09:00:00,327.0,314.72842
2024-12-05 10:00:00,330.0,372.8393
2024-12-05 11:00:00,357.0,423.5408
2024-12-05 12:00:00,375.0,463.71277
2024-12-05 13:00:00,406.0,483.64795
2024-12-05 14:00:00,395.0,494.6134
2024-12-05 15:00:00,474.0,489.14044
2024-12-05 16:00:00,461.0,468.22717
2024-12-05 17:00:00,515.0,433.9091
2024-12-05 18:00:00,347.0,388.72827
2024-12-05 19:00:00,270.0,334.48373
2024-12-05 20:00:00,147.0,265.63242
2024-12-05 21:00:00,117.0,210.6557
2024-12-05 22:00:00,86.0,154.5094
2024-12-05 23:00:00,47.0,101.17511
2024-12-06 00:00:00,33.0,86.29883
2024-12-06 01:00:00,25.0,60.92227
2024-12-06 02:00:00,18.0,51.353485
2024-12-06 03:00:00,21.0,55.72769
2024-12-06 04:00:00,41.0,74.8728
2024-12-06 05:00:00,158.0,111.29613
2024-12-06 06:00:00,426.0,157.3913
2024-12-06 07:00:00,493.0,216.9039
2024-12-06 08:00:00,362.0,283.16965
2024-12-06 09:00:00,270.0,343.0826
2024-12-06 10:00:00,378.0,399.68277
2024-12-06 11:00:00,398.0,449.52454
2024-12-06 12:00:00,351.0,494.3592
2024-12-06 13:00:00,449.0,513.61426
2024-12-06 14:00:00,493.0,524.2576
2024-12-06 15:00:00,494.0,517.801
2024-12-06 16:00:00,507.0,496.88773
2024-12-06 17:00:00,508.0,462.35132
2024-12-06 18:00:00,392.0,415.64252
2024-12-06 19:00:00,255.0,359.43338
2024-12-06 20:00:00,196.0,295.73657
2024-12-06 21:00:00,177.0,234.29562
2024-12-06 22:00:00,161.0,177.71275
2024-12-06 23:00:00,105.0,126.758286
2024-12-07 00:00:00,74.0,117.362305
2024-12-07 01:00:00,46.0,90.89432
2024-12-07 02:00:00,27.0,81.675156
2024-12-07 03:00:00,15.0,85.401855
2024-12-07 04:00:00,22.0,106.31506
2024-12-07 05:00:00,44.0,140.63318
2024-12-07 06:00:00,100.0,186.46887
2024-12-07 07:00:00,175.0,245.8752
2024-12-07 08:00:00,275.0,305.7199
2024-12-07 09:00:00,376.0,366.72433
2024-12-07 10:00:00,472.0,424.75534
2024-12-07 11:00:00,484.0,475.1521
2024-12-07 12:00:00,400.0,513.84796
2024-12-07 13:00:00,427.0,529.5146
2024-12-07 14:00:00,453.0,545.2
2024-12-07 15:00:00,443.0,537.7599
2024-12-07 16:00:00,439.0,526.7895
2024-12-07 17:00:00,402.0,490.72504
2024-12-07 18:00:00,290.0,443.7979
2024-12-07 19:00:00,234.0,378.7229
2024-12-07 20:00:00,185.0,324.6172
2024-12-07 21:00:00,185.0,265.5774
2024-12-07 22:00:00,173.0,201.94577
2024-12-07 23:00:00,228.0,158.04008
2024-12-08 00:00:00,119.0,72.91205
2024-12-08 01:00:00,46.0,45.3526
2024-12-08 02:00:00,33.0,33.950592
2024-12-08 03:00:00,28.0,37.89554
2024-12-08 04:00:00,16.0,58.153946
2024-12-08 05:00:00,33.0,90.28914
2024-12-08 06:00:00,39.0,135.90652
2024-12-08 07:00:00,67.0,195.53116
2024-12-08 08:00:00,116.0,255.59418
2024-12-08 09:00:00,258.0,317.03516
2024-12-08 10:00:00,445.0,374.49115
2024-12-08 11:00:00,485.0,423.9176
2024-12-08 12:00:00,574.0,463.50394
2024-12-08 13:00:00,596.0,489.31708
2024-12-08 14:00:00,577.0,499.62766
2024-12-08 15:00:00,678.0,494.373
2024-12-08 16:00:00,693.0,463.43204
2024-12-08 17:00:00,677.0,428.0298
2024-12-08 18:00:00,467.0,381.7648
2024-12-08 19:00:00,488.0,327.52026
2024-12-08 20:00:00,396.0,268.25278
2024-12-08 21:00:00,274.0,208.18457
2024-12-08 22:00:00,175.0,152.11594
2024-12-08 23:00:00,68.0,107.843994
2024-12-09 00:00:00,32.0,86.13927
2024-12-09 01:00:00,26.0,60.403763
2024-12-09 02:00:00,20.0,49.360687
2024-12-09 03:00:00,22.0,54.32672
2024-12-09 04:00:00,65.0,74.2189
2024-12-09 05:00:00,195.0,113.184586
2024-12-09 06:00:00,502.0,159.45685
2024-12-09 07:00:00,617.0,219.73636
2024-12-09 08:00:00,419.0,278.70792
2024-12-09 09:00:00,328.0,338.62088
2024-12-09 10:00:00,325.0,395.20374
2024-12-09 11:00:00,335.0,444.41187
2024-12-09 12:00:00,352.0,483.34335
2024-12-09 13:00:00,393.0,508.06506
2024-12-09 14:00:00,364.0,518.59393
2024-12-09 15:00:00,428.0,513.55756
2024-12-09 16:00:00,404.0,493.95404
2024-12-09 17:00:00,444.0,459.63593
2024-12-09 18:00:00,306.0,414.0185
2024-12-09 19:00:00,227.0,359.5557
2024-12-09 20:00:00,185.0,295.4223
2024-12-09 21:00:00,137.0,235.29108
2024-12-09 22:00:00,83.0,178.9265
2024-12-09 23:00:00,52.0,129.71834
2024-12-10 00:00:00,33.0,70.40271
2024-12-10 01:00:00,15.0,44.371277
2024-12-10 02:00:00,12.0,33.405823
2024-12-10 03:00:00,20.0,38.223907
2024-12-10 04:00:00,44.0,58.482315
2024-12-10 05:00:00,167.0,92.36383
2024-12-10 06:00:00,583.0,138.19951
2024-12-10 07:00:00,627.0,197.60587
2024-12-10 08:00:00,369.0,256.57742
2024-12-10 09:00:00,306.0,316.70868
2024-12-10 10:00:00,291.0,373.29153
2024-12-10 11:00:00,337.0,422.71796
2024-12-10 12:00:00,361.0,461.86774
2024-12-10 13:00:00,418.0,487.4626
2024-12-10 14:00:00,352.0,497.99146
2024-12-10 15:00:00,389.0,492.5185
2024-12-10 16:00:00,438.0,471.82352
2024-12-10 17:00:00,446.0,437.7237
2024-12-10 18:00:00,347.0,392.10632
2024-12-10 19:00:00,210.0,337.8618
2024-12-10 20:00:00,168.0,273.7284
2024-12-10 21:00:00,132.0,214.25201
2024-12-10 22:00:00,93.0,158.10574
2024-12-10 23:00:00,43.0,108.67929
2024-12-11 00:00:00,28.0,58.45726
2024-12-11 01:00:00,21.0,33.08069
2024-12-11 02:00:00,14.0,22.55185
2024-12-11 03:00:00,23.0,27.369934
2024-12-11 04:00:00,46.0,47.191742
2024-12-11 05:00:00,170.0,81.07329
2024-12-11 06:00:00,519.0,126.690674
2024-12-11 07:00:00,591.0,186.09703
2024-12-11 08:00:00,384.0,244.85033
2024-12-11 09:00:00,299.0,304.3267
2024-12-11 10:00:00,328.0,360.90955
2024-12-11 11:00:00,325.0,410.11768
2024-12-11 12:00:00,355.0,449.26746
2024-12-11 13:00:00,438.0,474.8623
2024-12-11 14:00:00,421.0,484.9546
2024-12-11 15:00:00,434.0,479.69992
2024-12-11 16:00:00,524.0,459.22327
2024-12-11 17:00:00,516.0,425.1234
2024-12-11 18:00:00,334.0,379.06946
2024-12-11 19:00:00,258.0,325.2615
2024-12-11 20:00:00,145.0,260.90985
2024-12-11 21:00:00,103.0,201.65176
2024-12-11 22:00:00,99.0,145.28717
2024-12-11 23:00:00,58.0,96.2973
2024-12-12 00:00:00,6.0,63.190018
2024-12-12 01:00:00,51.0,37.595184
2024-12-12 02:00:00,45.0,26.62976
2024-12-12 03:00:00,35.0,31.229584
2024-12-12 04:00:00,49.0,50.83307
2024-12-12 05:00:00,176.0,85.15117
2024-12-12 06:00:00,533.0,130.55028
2024-12-12 07:00:00,612.0,189.73834
2024-12-12 08:00:00,382.0,248.70993
2024-12-12 09:00:00,225.0,308.4046
2024-12-12 10:00:00,332.0,364.76917
2024-12-12 11:00:00,305.0,413.9773
2024-12-12 12:00:00,345.0,452.6905
2024-12-12 13:00:00,433.0,478.06705
2024-12-12 14:00:00,437.0,488.59592
2024-12-12 15:00:00,441.0,483.5595
2024-12-12 16:00:00,530.0,463.08286
2024-12-12 17:00:00,476.0,428.76474
2024-12-12 18:00:00,379.0,382.7108
2024-12-12 19:00:00,262.0,328.0297
2024-12-12 20:00:00,154.0,263.678
2024-12-12 21:00:00,138.0,204.20164
2024-12-12 22:00:00,82.0,148.05536
2024-12-12 23:00:00,67.0,98.84718
2024-12-13 00:00:00,32.0,79.18709
2024-12-13 01:00:00,17.0,53.592224
2024-12-13 02:00:00,15.0,42.62677
2024-12-13 03:00:00,22.0,47.663147
2024-12-13 04:00:00,50.0,67.70325
2024-12-13 05:00:00,158.0,101.366486
2024-12-13 06:00:00,464.0,146.7656
2024-12-13 07:00:00,512.0,205.95367
2024-12-13 08:00:00,358.0,264.48868
2024-12-13 09:00:00,332.0,323.96506
2024-12-13 10:00:00,339.0,380.32962
2024-12-13 11:00:00,373.0,429.53772
2024-12-13 12:00:00,348.0,468.4692
2024-12-13 13:00:00,475.0,494.0641
2024-12-13 14:00:00,463.0,504.59296
2024-12-13 15:00:00,512.0,499.33832
2024-12-13 16:00:00,546.0,479.0799
2024-12-13 17:00:00,520.0,444.98004
2024-12-13 18:00:00,399.0,399.58096
2024-12-13 19:00:00,260.0,345.11816
2024-12-13 20:00:00,195.0,281.20306
2024-12-13 21:00:00,179.0,221.72668
2024-12-13 22:00:00,145.0,166.01695
2024-12-13 23:00:00,118.0,115.93564
2024-12-14 00:00:00,77.0,108.50185
2024-12-14 01:00:00,39.0,83.56186
2024-12-14 02:00:00,27.0,73.25128
2024-12-14 03:00:00,20.0,77.85109
2024-12-14 04:00:00,18.0,97.6729
2024-12-14 05:00:00,48.0,131.99101
2024-12-14 06:00:00,93.0,178.26328
2024-12-14 07:00:00,179.0,237.66962
2024-12-14 08:00:00,285.0,297.07776
2024-12-14 09:00:00,368.0,357.8639
2024-12-14 10:00:00,472.0,415.75644
2024-12-14 11:00:00,413.0,466.05603
2024-12-14 12:00:00,418.0,505.42407
2024-12-14 13:00:00,372.0,521.1465
2024-12-14 14:00:00,467.0,531.24603
2024-12-14 15:00:00,384.0,525.921
2024-12-14 16:00:00,459.0,504.93018
2024-12-14 17:00:00,452.0,469.8723
2024-12-14 18:00:00,300.0,434.71918
2024-12-14 19:00:00,243.0,380.32672
2024-12-14 20:00:00,176.0,312.20786
2024-12-14 21:00:00,165.0,252.72418
2024-12-14 22:00:00,149.0,199.79651
2024-12-14 23:00:00,122.0,150.21478
2024-12-15 00:00:00,69.0,118.694336
2024-12-15 01:00:00,66.0,89.4803
2024-12-15 02:00:00,73.0,83.07753
2024-12-15 03:00:00,58.0,87.67734
2024-12-15 04:00:00,28.0,106.844284
2024-12-15 05:00:00,28.0,140.50754
2024-12-15 06:00:00,42.0,186.7798
2024-12-15 07:00:00,77.0,245.96786
2024-12-15 08:00:00,151.0,305.1577
2024-12-15 09:00:00,237.0,365.07068
2024-12-15 10:00:00,312.0,422.96323
2024-12-15 11:00:00,385.0,472.82623
2024-12-15 12:00:00,416.0,511.77502
2024-12-15 13:00:00,534.0,537.5083
2024-12-15 14:00:00,611.0,548.3247
2024-12-15 15:00:00,724.0,541.75366
2024-12-15 16:00:00,833.0,518.6575
2024-12-15 17:00:00,804.0,482.15652
2024-12-15 18:00:00,435.0,437.41226
2024-12-15 19:00:00,547.0,384.47748
2024-12-15 20:00:00,365.0,320.99896
2024-12-15 21:00:00,388.0,261.52258
2024-12-15 22:00:00,280.0,205.37633
2024-12-15 23:00:00,169.0,157.25957
2024-12-16 00:00:00,47.0,91.30925
2024-12-16 01:00:00,34.0,64.40466
2024-12-16 02:00:00,28.0,53.875763
2024-12-16 03:00:00,26.0,58.69388
2024-12-16 04:00:00,41.0,79.388855
2024-12-16 05:00:00,140.0,114.143524
2024-12-16 06:00:00,394.0,160.4158
2024-12-16 07:00:00,641.0,218.73071
2024-12-16 08:00:00,422.0,276.7666
2024-12-16 09:00:00,344.0,344.6885
2024-12-16 10:00:00,300.0,402.79938
2024-12-16 11:00:00,351.0,453.53552
2024-12-16 12:00:00,369.0,494.64987
2024-12-16 13:00:00,455.0,521.11786
2024-12-16 14:00:00,435.0,531.6467
2024-12-16 15:00:00,466.0,525.644
2024-12-16 16:00:00,472.0,496.0044
2024-12-16 17:00:00,525.0,460.81314
2024-12-16 18:00:00,347.0,414.5409
2024-12-16 19:00:00,275.0,359.4232
2024-12-16 20:00:00,200.0,295.07153
2024-12-16 21:00:00,153.0,233.63058
2024-12-16 22:00:00,150.0,177.70258
2024-12-16 23:00:00,105.0,128.71269
2024-12-17 00:00:00,59.0,68.74106
2024-12-17 01:00:00,41.0,44.892517
2024-12-17 02:00:00,35.0,33.053925
2024-12-17 03:00:00,51.0,38.745148
2024-12-17 04:00:00,87.0,58.1304
2024-12-17 05:00:00,172.0,91.35707
2024-12-17 06:00:00,551.0,136.3196
2024-12-17 07:00:00,629.0,195.94423
2024-12-17 08:00:00,443.0,254.95708
2024-12-17 09:00:00,312.0,322.1203
2024-12-17 10:00:00,339.0,381.7592
2024-12-17 11:00:00,296.0,432.05878
2024-12-17 12:00:00,363.0,465.91223
2024-12-17 13:00:00,405.0,499.42285
2024-12-17 14:00:00,368.0,511.35858
2024-12-17 15:00:00,508.0,498.9748
2024-12-17 16:00:00,561.0,476.05566
2024-12-17 17:00:00,477.0,439.5547
2024-12-17 18:00:00,398.0,394.15558
2024-12-17 19:00:00,232.0,339.69275
2024-12-17 20:00:00,144.0,274.90448
2024-12-17 21:00:00,121.0,215.42813
2024-12-17 22:00:00,147.0,158.84528
2024-12-17 23:00:00,115.0,109.6371
2024-12-18 00:00:00,56.0,59.632675
2024-12-18 01:00:00,33.0,33.601227
2024-12-18 02:00:00,43.0,24.163849
2024-12-18 03:00:00,51.0,27.890503
2024-12-18 04:00:00,59.0,48.367157
2024-12-18 05:00:00,158.0,81.59381
2024-12-18 06:00:00,525.0,126.77461
2024-12-18 07:00:00,596.0,186.61755
2024-12-18 08:00:00,376.0,247.11716
2024-12-18 09:00:00,332.0,307.92053
2024-12-18 10:00:00,316.0,372.7865
2024-12-18 11:00:00,366.0,418.1359
2024-12-18 12:00:00,353.0,464.4187
2024-12-18 13:00:00,469.0,483.2931
2024-12-18 14:00:00,446.0,495.07977
2024-12-18 15:00:00,440.0,489.18756
2024-12-18 16:00:00,526.0,467.8204
2024-12-18 17:00:00,484.0,433.93887
2024-12-18 18:00:00,371.0,388.5398
2024-12-18 19:00:00,209.0,334.29526
2024-12-18 20:00:00,170.0,268.63385
2024-12-18 21:00:00,115.0,209.37578
2024-12-18 22:00:00,210.0,152.13803
2024-12-18 23:00:00,100.0,104.23959
2024-12-19 00:00:00,29.0,68.94917
2024-12-19 01:00:00,80.0,43.57263
2024-12-19 02:00:00,33.0,31.73404
2024-12-19 03:00:00,45.0,36.770416
2024-12-19 04:00:00,82.0,55.06421
2024-12-19 05:00:00,159.0,89.600586
2024-12-19 06:00:00,523.0,137.40086
2024-12-19 07:00:00,578.0,199.86322
2024-12-19 08:00:00,358.0,258.61655
2024-12-19 09:00:00,336.0,308.5867
2024-12-19 10:00:00,330.0,365.88748
2024-12-19 11:00:00,348.0,426.01373
2024-12-19 12:00:00,396.0,465.8714
2024-12-19 13:00:00,429.0,492.70563
2024-12-19 14:00:00,344.0,502.65
2024-12-19 15:00:00,435.0,496.08557
2024-12-19 16:00:00,459.0,474.2992
2024-12-19 17:00:00,444.0,435.28705
2024-12-19 18:00:00,342.0,385.74774
2024-12-19 19:00:00,218.0,328.9687
2024-12-19 20:00:00,156.0,263.41678
2024-12-19 21:00:00,138.0,204.54681
2024-12-19 22:00:00,174.0,146.85063
2024-12-19 23:00:00,143.0,102.20517
2024-12-20 00:00:00,81.0,82.32692
2024-12-20 01:00:00,44.0,51.577545
2024-12-20 02:00:00,56.0,44.82312
2024-12-20 03:00:00,67.0,49.0567
2024-12-20 04:00:00,68.0,69.315094
2024-12-20 05:00:00,129.0,103.41487
2024-12-20 06:00:00,418.0,148.814
2024-12-20 07:00:00,516.0,207.78378
2024-12-20 08:00:00,326.0,267.41022
2024-12-20 09:00:00,341.0,327.1049
2024-12-20 10:00:00,368.0,383.3991
2024-12-20 11:00:00,377.0,432.89587
2024-12-20 12:00:00,372.0,471.1725
2024-12-20 13:00:00,418.0,497.4222
2024-12-20 14:00:00,428.0,508.95206
2024-12-20 15:00:00,400.0,503.42053
2024-12-20 16:00:00,434.0,482.87457
2024-12-20 17:00:00,408.0,448.3382
2024-12-20 18:00:00,324.0,401.19278
2024-12-20 19:00:00,223.0,345.42023
2024-12-20 20:00:00,202.0,281.94174
2024-12-20 21:00:00,133.0,221.5922
2024-12-20 22:00:00,129.0,166.31906
2024-12-20 23:00:00,172.0,117.76576
2024-12-21 00:00:00,113.0,110.33252
2024-12-21 01:00:00,50.0,85.610825
2024-12-21 02:00:00,42.0,76.17337
2024-12-21 03:00:00,34.0,78.59033
2024-12-21 04:00:00,23.0,98.63042
2024-12-21 05:00:00,62.0,132.51195
2024-12-21 06:00:00,103.0,178.12935
2024-12-21 07:00:00,169.0,235.5711
2024-12-21 08:00:00,240.0,293.72144
2024-12-21 09:00:00,322.0,361.96548
2024-12-21 10:00:00,434.0,420.89755
2024-12-21 11:00:00,460.0,471.62036
2024-12-21 12:00:00,463.0,504.42368
2024-12-21 13:00:00,472.0,530.708
2024-12-21 14:00:00,490.0,540.7657
2024-12-21 15:00:00,530.0,535.06775
2024-12-21 16:00:00,588.0,513.49963
2024-12-21 17:00:00,568.0,478.3084
2024-12-21 18:00:00,337.0,434.219
2024-12-21 19:00:00,279.0,380.41107
2024-12-21 20:00:00,189.0,316.27768
2024-12-21 21:00:00,180.0,251.94998
2024-12-21 22:00:00,124.0,199.7063
2024-12-21 23:00:00,85.0,151.59685
2024-12-22 00:00:00,61.0,113.203186
2024-12-22 01:00:00,32.0,84.60808
2024-12-22 02:00:00,26.0,74.66374
2024-12-22 03:00:00,19.0,82.0674
2024-12-22 04:00:00,16.0,100.17679
2024-12-22 05:00:00,13.0,134.41728
2024-12-22 06:00:00,59.0,182.23215
2024-12-22 07:00:00,46.0,236.98358
2024-12-22 08:00:00,99.0,301.27423
2024-12-22 09:00:00,191.0,362.22287
2024-12-22 10:00:00,287.0,412.6062
2024-12-22 11:00:00,346.0,463.56793
2024-12-22 12:00:00,374.0,513.0825
2024-12-22 13:00:00,440.0,526.6366
2024-12-22 14:00:00,487.0,543.81934
2024-12-22 15:00:00,461.0,539.2196
2024-12-22 16:00:00,655.0,519.616
2024-12-22 17:00:00,721.0,485.2979
2024-12-22 18:00:00,328.0,437.9342
2024-12-22 19:00:00,295.0,372.6143
2024-12-22 20:00:00,134.0,311.43066
2024-12-22 21:00:00,139.0,251.15875
2024-12-22 22:00:00,99.0,191.9636
2024-12-22 23:00:00,66.0,145.6418
2024-12-23 00:00:00,40.0,84.41083
2024-12-23 01:00:00,35.0,58.597702
2024-12-23 02:00:00,30.0,47.850525
2024-12-23 03:00:00,27.0,52.66861
2024-12-23 04:00:00,44.0,73.3636
2024-12-23 05:00:00,77.0,107.2451
2024-12-23 06:00:00,192.0,146.28693
2024-12-23 07:00:00,271.0,202.94754
2024-12-23 08:00:00,255.0,259.18512
2024-12-23 09:00:00,244.0,318.9501
2024-12-23 10:00:00,307.0,386.4265
2024-12-23 11:00:00,288.0,425.47357
2024-12-23 12:00:00,396.0,464.39777
2024-12-23 13:00:00,473.0,490.95795
2024-12-23 14:00:00,398.0,501.47223
2024-12-23 15:00:00,404.0,507.39978
2024-12-23 16:00:00,374.0,477.4242
2024-12-23 17:00:00,356.0,443.23944
2024-12-23 18:00:00,288.0,407.86072
2024-12-23 19:00:00,154.0,343.74377
2024-12-23 20:00:00,205.0,289.26456
2024-12-23 21:00:00,101.0,230.00647
2024-12-23 22:00:00,104.0,173.64188
2024-12-23 23:00:00,94.0,124.21542
2024-12-24 00:00:00,45.0,60.859283
2024-12-24 01:00:00,39.0,38.86908
2024-12-24 02:00:00,39.0,28.995056
2024-12-24 03:00:00,28.0,34.68631
2024-12-24 04:00:00,33.0,54.944702
2024-12-24 05:00:00,64.0,88.38965
2024-12-24 06:00:00,104.0,134.00705
2024-12-24 07:00:00,196.0,193.41338
2024-12-24 08:00:00,162.0,252.60324
2024-12-24 09:00:00,230.0,301.9889
2024-12-24 10:00:00,324.0,368.66248
2024-12-24 11:00:00,328.0,418.8303
2024-12-24 12:00:00,371.0,457.89352
2024-12-24 13:00:00,400.0,484.81146
2024-12-24 14:00:00,382.0,494.23553
2024-12-24 15:00:00,409.0,488.9809
2024-12-24 16:00:00,346.0,467.84933
2024-12-24 17:00:00,285.0,432.00323
2024-12-24 18:00:00,193.0,384.63953
2024-12-24 19:00:00,123.0,329.52185
2024-12-24 20:00:00,83.0,264.07874
2024-12-24 21:00:00,109.0,204.16579
2024-12-24 22:00:00,148.0,148.67436
2024-12-24 23:00:00,142.0,99.24791
2024-12-25 00:00:00,91.0,25.02768
2024-12-25 01:00:00,39.0,-1.2220764
2024-12-25 02:00:00,13.0,-12.1875305
2024-12-25 03:00:00,16.0,-7.369385
2024-12-25 04:00:00,14.0,12.452393
2024-12-25 05:00:00,19.0,45.460785
2024-12-25 06:00:00,41.0,90.85994
2024-12-25 07:00:00,53.0,148.7382
2024-12-25 08:00:00,99.0,207.70975
2024-12-25 09:00:00,164.0,275.18848
2024-12-25 10:00:00,340.0,334.11658
2024-12-25 11:00:00,380.0,384.4162
2024-12-25 12:00:00,338.0,424.00253
2024-12-25 13:00:00,321.0,449.81567
2024-12-25 14:00:00,395.0,461.43597
2024-12-25 15:00:00,419.0,455.5025
2024-12-25 16:00:00,549.0,427.3216
2024-12-25 17:00:00,383.0,391.4755
2024-12-25 18:00:00,309.0,345.4215
2024-12-25 19:00:00,228.0,291.83185
2024-12-25 20:00:00,188.0,227.2619
2024-12-25 21:00:00,122.0,167.78552
2024-12-25 22:00:00,128.0,111.2027
2024-12-25 23:00:00,83.0,60.903137
2024-12-26 00:00:00,31.0,54.498535
2024-12-26 01:00:00,19.0,30.868286
2024-12-26 02:00:00,15.0,21.212585
2024-12-26 03:00:00,20.0,25.812378
2024-12-26 04:00:00,11.0,46.07074
2024-12-26 05:00:00,24.0,79.95227
2024-12-26 06:00:00,51.0,125.1331
2024-12-26 07:00:00,91.0,184.7577
2024-12-26 08:00:00,144.0,243.72931
2024-12-26 09:00:00,228.0,303.424
2024-12-26 10:00:00,360.0,359.78857
2024-12-26 11:00:00,434.0,408.99673
2024-12-26 12:00:00,413.0,447.92816
2024-12-26 13:00:00,427.0,473.523
2024-12-26 14:00:00,510.0,484.2702
2024-12-26 15:00:00,575.0,479.4521
2024-12-26 16:00:00,735.0,458.75714
2024-12-26 17:00:00,713.0,424.22076
2024-12-26 18:00:00,558.0,377.9485
2024-12-26 19:00:00,358.0,323.92224
2024-12-26 20:00:00,285.0,259.57056
2024-12-26 21:00:00,209.0,199.87585
2024-12-26 22:00:00,130.0,143.94788
2024-12-26 23:00:00,91.0,94.95801
2024-12-27 00:00:00,42.0,71.07263
2024-12-27 01:00:00,13.0,45.477783
2024-12-27 02:00:00,30.0,34.948944
2024-12-27 03:00:00,23.0,39.548737
2024-12-27 04:00:00,43.0,59.588852
2024-12-27 05:00:00,62.0,93.68863
2024-12-27 06:00:00,135.0,139.30603
2024-12-27 07:00:00,224.0,198.93066
2024-12-27 08:00:00,232.0,257.90225
2024-12-27 09:00:00,328.0,317.37863
2024-12-27 10:00:00,410.0,373.7432
2024-12-27 11:00:00,473.0,422.73303
2024-12-27 12:00:00,452.0,462.3194
2024-12-27 13:00:00,520.0,487.69598
2024-12-27 14:00:00,533.0,498.8797
2024-12-27 15:00:00,614.0,493.84332
2024-12-27 16:00:00,663.0,473.5849
2024-12-27 17:00:00,651.0,439.04852
2024-12-27 18:00:00,445.0,393.21283
2024-12-27 19:00:00,346.0,338.75
2024-12-27 20:00:00,242.0,273.9618
2024-12-27 21:00:00,185.0,214.92197
2024-12-27 22:00:00,147.0,158.33911
2024-12-27 23:00:00,96.0,108.2578
2024-12-28 00:00:00,63.0,100.82808
2024-12-28 01:00:00,25.0,76.1064
2024-12-28 02:00:00,29.0,65.5775
2024-12-28 03:00:00,21.0,70.3956
2024-12-28 04:00:00,29.0,90.435715
2024-12-28 05:00:00,44.0,124.97211
2024-12-28 06:00:00,89.0,170.58951
2024-12-28 07:00:00,132.0,228.24956
2024-12-28 08:00:00,212.0,287.43942
2024-12-28 09:00:00,349.0,347.78897
2024-12-28 10:00:00,429.0,405.24493
2024-12-28 11:00:00,421.0,454.4531
2024-12-28 12:00:00,410.0,493.8211
2024-12-28 13:00:00,518.0,519.85254
2024-12-28 14:00:00,629.0,531.47284
2024-12-28 15:00:00,632.0,526.43646
2024-12-28 16:00:00,662.0,505.52325
2024-12-28 17:00:00,748.0,470.76855
2024-12-28 18:00:00,535.0,424.93286
2024-12-28 19:00:00,318.0,370.25177
2024-12-28 20:00:00,283.0,305.9001
2024-12-28 21:00:00,228.0,246.42372
2024-12-28 22:00:00,151.0,190.93231
2024-12-28 23:00:00,137.0,141.06929
2024-12-29 00:00:00,78.0,105.20209
2024-12-29 01:00:00,55.0,79.607254
2024-12-29 02:00:00,29.0,68.64183
2024-12-29 03:00:00,36.0,73.24161
2024-12-29 04:00:00,23.0,93.500015
2024-12-29 05:00:00,39.0,127.16324
2024-12-29 06:00:00,59.0,172.99893
2024-12-29 07:00:00,81.0,231.96869
2024-12-29 08:00:00,133.0,290.722
2024-12-29 09:00:00,257.0,349.7618
2024-12-29 10:00:00,339.0,406.34464
2024-12-29 11:00:00,407.0,456.64423
2024-12-29 12:00:00,439.0,496.23056
2024-12-29 13:00:00,500.0,522.0437
2024-12-29 14:00:00,586.0,532.7909
2024-12-29 15:00:00,639.0,527.7545
2024-12-29 16:00:00,844.0,507.0595
2024-12-29 17:00:00,836.0,472.7414
2024-12-29 18:00:00,701.0,426.9057
2024-12-29 19:00:00,501.0,372.00635
2024-12-29 20:00:00,330.0,307.87296
2024-12-29 21:00:00,284.0,248.83315
2024-12-29 22:00:00,189.0,192.2503
2024-12-29 23:00:00,121.0,143.91528
2024-12-30 00:00:00,100.0,76.44272
2024-12-30 01:00:00,74.0,50.62961
2024-12-30 02:00:00,60.0,38.791016
2024-12-30 03:00:00,23.0,45.137085
2024-12-30 04:00:00,48.0,65.177246
2024-12-30 05:00:00,71.0,98.84044
2024-12-30 06:00:00,152.0,144.02127
2024-12-30 07:00:00,260.0,202.77274
2024-12-30 08:00:00,259.0,260.8712
2024-12-30 09:00:00,337.0,321.2207
2024-12-30 10:00:00,381.0,378.02185
2024-12-30 11:00:00,464.0,427.0117
2024-12-30 12:00:00,563.0,465.5066
2024-12-30 13:00:00,565.0,492.4112
2024-12-30 14:00:00,680.0,504.0315
2024-12-30 15:00:00,708.0,498.77682
2024-12-30 16:00:00,786.0,478.30017
2024-12-30 17:00:00,780.0,444.20032
2024-12-30 18:00:00,658.0,397.70978
2024-12-30 19:00:00,435.0,342.5921
2024-12-30 20:00:00,302.0,278.24045
2024-12-30 21:00:00,228.0,217.67262
2024-12-30 22:00:00,149.0,160.65318
2024-12-30 23:00:00,132.0,111.226746
2024-12-31 00:00:00,63.0,51.53717
2024-12-31 01:00:00,40.0,25.942291
2024-12-31 02:00:00,28.0,14.3220215
2024-12-31 03:00:00,34.0,19.57666
2024-12-31 04:00:00,42.0,39.61679
2024-12-31 05:00:00,62.0,73.27998
2024-12-31 06:00:00,123.0,119.11568
2024-12-31 07:00:00,192.0,178.30374
2024-12-31 08:00:00,193.0,237.49359
2024-12-31 09:00:00,265.0,297.18826
2024-12-31 10:00:00,320.0,354.0307
2024-12-31 11:00:00,365.0,404.289
2024-12-31 12:00:00,446.0,444.09363
2024-12-31 13:00:00,484.0,469.90674
2024-12-31 14:00:00,515.0,480.8722
2024-12-31 15:00:00,520.0,475.61755
2024-12-31 16:00:00,533.0,454.92255
2024-12-31 17:00:00,478.0,420.60446
2024-12-31 18:00:00,318.0,374.7688
2024-12-31 19:00:00,176.0,322.05225
2024-12-31 20:00:00,146.0,257.7006
2024-12-31 21:00:00,122.0,198.00592
2024-12-31 22:00:00,69.0,139.89505
2024-12-31 23:00:00,48.0,89.595474
2025-01-01 00:00:00,62.0,15.74762
2025-01-01 01:00:00,87.0,-8.973999
2025-01-01 02:00:00,45.0,-18.62976
2025-01-01 03:00:00,28.0,-14.903107
2025-01-01 04:00:00,20.0,4.4821167
2025-01-01 05:00:00,22.0,37.927094
2025-01-01 06:00:00,34.0,84.199356
2025-01-01 07:00:00,51.0,142.95079
2025-01-01 08:00:00,89.0,202.35895
2025-01-01 09:00:00,132.0,270.13577
2025-01-01 10:00:00,192.0,322.26752
2025-01-01 11:00:00,317.0,373.91806
2025-01-01 12:00:00,417.0,412.45154
2025-01-01 13:00:00,558.0,440.0244
2025-01-01 14:00:00,575.0,459.796
2025-01-01 15:00:00,730.0,455.67804
2025-01-01 16:00:00,757.0,427.20972
2025-01-01 17:00:00,727.0,392.89157
2025-01-01 18:00:00,508.0,347.4925
2025-01-01 19:00:00,375.0,291.9382
2025-01-01 20:00:00,259.0,228.24146
2025-01-01 21:00:00,201.0,167.67363
2025-01-01 22:00:00,160.0,112.618805
2025-01-01 23:00:00,96.0,65.593506
2025-01-02 00:00:00,46.0,114.960754
2025-01-02 01:00:00,28.0,86.96475
2025-01-02 02:00:00,24.0,81.45651
2025-01-02 03:00:00,26.0,85.18315
2025-01-02 04:00:00,43.0,106.09636
2025-01-02 05:00:00,67.0,141.72421
2025-01-02 06:00:00,160.0,186.46846
2025-01-02 07:00:00,197.0,243.69194
2025-01-02 08:00:00,233.0,303.97324
2025-01-02 09:00:00,300.0,363.23132
2025-01-02 10:00:00,438.0,425.94354
2025-01-02 11:00:00,505.0,482.59625
2025-01-02 12:00:00,548.0,516.03046
2025-01-02 13:00:00,666.0,540.97046
2025-01-02 14:00:00,607.0,551.281
2025-01-02 15:00:00,604.0,548.6458
2025-01-02 16:00:00,617.0,527.444
2025-01-02 17:00:00,642.0,480.59277
2025-01-02 18:00:00,463.0,433.97607
2025-01-02 19:00:00,398.0,379.23193
2025-01-02 20:00:00,406.0,322.2202
2025-01-02 21:00:00,339.0,258.053
2025-01-02 22:00:00,335.0,198.31464
2025-01-02 23:00:00,311.0,148.95853
2025-01-03 00:00:00,175.0,69.7897
2025-01-03 01:00:00,86.0,41.095093
2025-01-03 02:00:00,65.0,36.087036
2025-01-03 03:00:00,64.0,42.066864
2025-01-03 04:00:00,82.0,62.32521
2025-01-03 05:00:00,84.0,95.55188
2025-01-03 06:00:00,201.0,141.16928
2025-01-03 07:00:00,286.0,200.13907
2025-01-03 08:00:00,291.0,258.67407
2025-01-03 09:00:00,403.0,317.71387
2025-01-03 10:00:00,467.0,375.1699
2025-01-03 11:00:00,461.0,424.15973
2025-01-03 12:00:00,492.0,462.87292
2025-01-03 13:00:00,571.0,488.30145
2025-01-03 14:00:00,578.0,498.83698
2025-01-03 15:00:00,597.0,492.92743
2025-01-03 16:00:00,596.0,471.95557
2025-01-03 17:00:00,640.0,436.9826
2025-01-03 18:00:00,465.0,392.67493
2025-01-03 19:00:00,408.0,337.77554
2025-01-03 20:00:00,389.0,272.33246
2025-01-03 21:00:00,359.0,211.32803
2025-01-03 22:00:00,370.0,156.92805
2025-01-03 23:00:00,348.0,107.28331
2025-01-04 00:00:00,153.0,99.64125
2025-01-04 01:00:00,102.0,74.26474
2025-01-04 02:00:00,87.0,63.517548
2025-01-04 03:00:00,58.0,67.46248
2025-01-04 04:00:00,64.0,85.3197
2025-01-04 05:00:00,97.0,118.32808
2025-01-04 06:00:00,132.0,163.7272
2025-01-04 07:00:00,220.0,220.73238
2025-01-04 08:00:00,324.0,279.20483
2025-01-04 09:00:00,430.0,346.89114
2025-01-04 10:00:00,551.0,404.58273
2025-01-04 11:00:00,520.0,454.55353
2025-01-04 12:00:00,462.0,488.50018
2025-01-04 13:00:00,476.0,513.8634
2025-01-04 14:00:00,571.0,524.17395
2025-01-04 15:00:00,624.0,518.9193
2025-01-04 16:00:00,585.0,498.8792
2025-01-04 17:00:00,659.0,464.99768
2025-01-04 18:00:00,434.0,420.03513
2025-01-04 19:00:00,392.0,366.2272
2025-01-04 20:00:00,404.0,302.3121
2025-01-04 21:00:00,390.0,238.05473
2025-01-04 22:00:00,363.0,182.64096
2025-01-04 23:00:00,303.0,136.5883
2025-01-05 00:00:00,282.0,101.29739
2025-01-05 01:00:00,281.0,77.604095
2025-01-05 02:00:00,127.0,67.87808
2025-01-05 03:00:00,85.0,72.16736
2025-01-05 04:00:00,108.0,93.5948
2025-01-05 05:00:00,76.0,129.15959
2025-01-05 06:00:00,106.0,175.05833
2025-01-05 07:00:00,129.0,229.66913
2025-01-05 08:00:00,244.0,287.816
2025-01-05 09:00:00,394.0,358.40424
2025-01-05 10:00:00,472.0,415.64194
2025-01-05 11:00:00,528.0,465.72324
2025-01-05 12:00:00,538.0,505.52786
2025-01-05 13:00:00,494.0,531.5593
2025-01-05 14:00:00,568.0,542.30646
2025-01-05 15:00:00,553.0,537.70667
2025-01-05 16:00:00,640.0,517.66656
2025-01-05 17:00:00,628.0,480.94727
2025-01-05 18:00:00,517.0,435.11157
2025-01-05 19:00:00,451.0,381.08536
2025-01-05 20:00:00,424.0,316.95197
2025-01-05 21:00:00,408.0,256.8207
2025-01-05 22:00:00,254.0,201.98419
2025-01-05 23:00:00,235.0,154.52231
2025-01-06 00:00:00,126.0,78.563354
2025-01-06 01:00:00,96.0,54.933075
2025-01-06 02:00:00,65.0,45.277344
2025-01-06 03:00:00,61.0,51.40518
2025-01-06 04:00:00,69.0,71.88185
2025-01-06 05:00:00,126.0,103.58049
2025-01-06 06:00:00,254.0,148.76132
2025-01-06 07:00:00,267.0,209.47739
2025-01-06 08:00:00,254.0,269.99426
2025-01-06 09:00:00,302.0,328.18494
2025-01-06 10:00:00,368.0,394.41254
2025-01-06 11:00:00,433.0,437.9397
2025-01-06 12:00:00,386.0,476.8645
2025-01-06 13:00:00,542.0,512.0522
2025-01-06 14:00:00,445.0,522.9897
2025-01-06 15:00:00,411.0,509.4173
2025-01-06 16:00:00,366.0,488.49738
2025-01-06 17:00:00,344.0,452.21466
2025-01-06 18:00:00,295.0,405.06927
2025-01-06 19:00:00,208.0,354.31732
2025-01-06 20:00:00,198.0,290.33194
2025-01-06 21:00:00,159.0,225.25243
2025-01-06 22:00:00,108.0,168.39552
2025-01-06 23:00:00,68.0,118.306915
2025-01-07 00:00:00,53.0,65.3409
2025-01-07 01:00:00,42.0,42.766144
2025-01-07 02:00:00,30.0,33.180786
2025-01-07 03:00:00,28.0,36.252563
2025-01-07 04:00:00,43.0,57.165802
2025-01-07 05:00:00,163.0,91.48389
2025-01-07 06:00:00,476.0,135.1367
2025-01-07 07:00:00,546.0,194.32474
2025-01-07 08:00:00,355.0,252.44717
2025-01-07 09:00:00,262.0,319.6277
2025-01-07 10:00:00,237.0,380.23688
2025-01-07 11:00:00,271.0,423.40063
2025-01-07 12:00:00,298.0,469.042
2025-01-07 13:00:00,384.0,488.8587
2025-01-07 14:00:00,358.0,504.97534
2025-01-07 15:00:00,394.0,488.58252
2025-01-07 16:00:00,438.0,457.20502
2025-01-07 17:00:00,420.0,430.73172
2025-01-07 18:00:00,348.0,385.3326
2025-01-07 19:00:00,217.0,330.86978
2025-01-07 20:00:00,176.0,266.29984
2025-01-07 21:00:00,115.0,204.85886
2025-01-07 22:00:00,94.0,147.83943
2025-01-07 23:00:00,136.0,99.504425
2025-01-08 00:00:00,36.0,49.296783
2025-01-08 01:00:00,20.0,25.011658
2025-01-08 02:00:00,26.0,16.66568
2025-01-08 03:00:00,22.0,22.356934
2025-01-08 04:00:00,38.0,37.89737
2025-01-08 05:00:00,155.0,72.16698
2025-01-08 06:00:00,480.0,116.389725
2025-01-08 07:00:00,539.0,169.45793
2025-01-08 08:00:00,363.0,229.16928
2025-01-08 09:00:00,257.0,289.2229
2025-01-08 10:00:00,293.0,346.60858
2025-01-08 11:00:00,300.0,396.4643
2025-01-08 12:00:00,299.0,437.29
2025-01-08 13:00:00,399.0,476.13434
2025-01-08 14:00:00,360.0,489.54617
2025-01-08 15:00:00,343.0,483.90686
2025-01-08 16:00:00,401.0,461.85025
2025-01-08 17:00:00,464.0,425.34927
2025-01-08 18:00:00,339.0,381.04163
2025-01-08 19:00:00,220.0,327.01535
2025-01-08 20:00:00,172.0,262.22714
2025-01-08 21:00:00,98.0,202.09589
2025-01-08 22:00:00,87.0,147.25932
2025-01-08 23:00:00,56.0,100.8889
2025-01-09 00:00:00,21.0,67.62259
2025-01-09 01:00:00,37.0,48.319427
2025-01-09 02:00:00,13.0,29.72348
2025-01-09 03:00:00,15.0,37.146942
2025-01-09 04:00:00,30.0,56.313843
2025-01-09 05:00:00,130.0,88.885635
2025-01-09 06:00:00,464.0,132.10188
2025-01-09 07:00:00,599.0,190.85336
2025-01-09 08:00:00,384.0,250.9164
2025-01-09 09:00:00,278.0,313.23718
2025-01-09 10:00:00,282.0,375.82312
2025-01-09 11:00:00,274.0,428.2084
2025-01-09 12:00:00,295.0,463.66302
2025-01-09 13:00:00,393.0,489.005
2025-01-09 14:00:00,375.0,500.74643
2025-01-09 15:00:00,374.0,484.4698
2025-01-09 16:00:00,382.0,475.33054
2025-01-09 17:00:00,412.0,441.2307
2025-01-09 18:00:00,316.0,380.9338
2025-01-09 19:00:00,207.0,330.6727
2025-01-09 20:00:00,191.0,262.17358
2025-01-09 21:00:00,101.0,200.73262
2025-01-09 22:00:00,82.0,143.2766
2025-01-09 23:00:00,39.0,93.63187
2025-01-10 00:00:00,33.0,73.77118
2025-01-10 01:00:00,23.0,47.739746
2025-01-10 02:00:00,14.0,36.55603
2025-01-10 03:00:00,15.0,40.71924
2025-01-10 04:00:00,43.0,61.195892
2025-01-10 05:00:00,128.0,95.07742
2025-01-10 06:00:00,427.0,140.03996
2025-01-10 07:00:00,463.0,199.00975
2025-01-10 08:00:00,309.0,258.85446
2025-01-10 09:00:00,264.0,319.64056
2025-01-10 10:00:00,316.0,376.8783
2025-01-10 11:00:00,313.0,426.30472
2025-01-10 12:00:00,353.0,465.45447
2025-01-10 13:00:00,414.0,491.04935
2025-01-10 14:00:00,363.0,501.35992
2025-01-10 15:00:00,437.0,496.32355
2025-01-10 16:00:00,450.0,475.19202
2025-01-10 17:00:00,432.0,441.31046
2025-01-10 18:00:00,336.0,395.25647
2025-01-10 19:00:00,240.0,341.01196
2025-01-10 20:00:00,165.0,276.00543
2025-01-10 21:00:00,121.0,216.31078
2025-01-10 22:00:00,114.0,159.94618
2025-01-10 23:00:00,135.0,110.956314
2025-01-11 00:00:00,77.0,103.54187
2025-01-11 01:00:00,44.0,77.94704
2025-01-11 02:00:00,19.0,67.4182
2025-01-11 03:00:00,15.0,71.36311
2025-01-11 04:00:00,39.0,91.621506
2025-01-11 05:00:00,55.0,125.28473
2025-01-11 06:00:00,79.0,170.24727
2025-01-11 07:00:00,158.0,228.34389
2025-01-11 08:00:00,214.0,286.4423
2025-01-11 09:00:00,287.0,346.137
2025-01-11 10:00:00,320.0,403.191
2025-01-11 11:00:00,371.0,459.47638
2025-01-11 12:00:00,351.0,500.06366
2025-01-11 13:00:00,417.0,527.13464
2025-01-11 14:00:00,421.0,537.5144
2025-01-11 15:00:00,427.0,532.2944
2025-01-11 16:00:00,531.0,504.83093
2025-01-11 17:00:00,438.0,469.98975
2025-01-11 18:00:00,325.0,423.49918
2025-01-11 19:00:00,265.0,368.16324
2025-01-11 20:00:00,244.0,302.50183
2025-01-11 21:00:00,160.0,242.1523
2025-01-11 22:00:00,165.0,184.91461
2025-01-11 23:00:00,125.0,134.3967
2025-01-12 00:00:00,88.0,98.3273
2025-01-12 01:00:00,81.0,72.514175
2025-01-12 02:00:00,57.0,61.112167
2025-01-12 03:00:00,33.0,66.14851
2025-01-12 04:00:00,23.0,85.97034
2025-01-12 05:00:00,41.0,120.07016
2025-01-12 06:00:00,62.0,164.8144
2025-01-12 07:00:00,92.0,224.22076
2025-01-12 08:00:00,147.0,283.19232
2025-01-12 09:00:00,219.0,343.1053
2025-01-12 10:00:00,264.0,407.4894
2025-01-12 11:00:00,367.0,459.24384
2025-01-12 12:00:00,346.0,499.9216
2025-01-12 13:00:00,361.0,526.6079
2025-01-12 14:00:00,407.0,537.383
2025-01-12 15:00:00,550.0,526.60315
2025-01-12 16:00:00,781.0,505.86017
2025-01-12 17:00:00,896.0,470.01407
2025-01-12 18:00:00,747.0,423.5235
2025-01-12 19:00:00,481.0,368.8424
2025-01-12 20:00:00,375.0,304.05417
2025-01-12 21:00:00,259.0,244.1412
2025-01-12 22:00:00,154.0,187.99496
2025-01-12 23:00:00,58.0,139.00508
2025-01-13 00:00:00,37.0,72.20427
2025-01-13 01:00:00,22.0,47.04599
2025-01-13 02:00:00,19.0,35.207397
2025-01-13 03:00:00,19.0,39.80722
2025-01-13 04:00:00,53.0,57.882736
2025-01-13 05:00:00,175.0,91.32767
2025-01-13 06:00:00,546.0,137.81822
2025-01-13 07:00:00,627.0,197.00629
2025-01-13 08:00:00,382.0,254.85847
2025-01-13 09:00:00,293.0,322.0909
2025-01-13 10:00:00,315.0,380.49994
2025-01-13 11:00:00,329.0,431.3745
2025-01-13 12:00:00,313.0,470.94354
2025-01-13 13:00:00,378.0,496.4865
2025-01-13 14:00:00,379.0,507.6289
2025-01-13 15:00:00,456.0,496.5509
2025-01-13 16:00:00,525.0,474.83768
2025-01-13 17:00:00,559.0,439.30698
2025-01-13 18:00:00,339.0,392.59814
2025-01-13 19:00:00,258.0,336.8256
2025-01-13 20:00:00,162.0,272.25568
2025-01-13 21:00:00,119.0,211.46956
2025-01-13 22:00:00,94.0,154.23184
2025-01-13 23:00:00,72.0,106.333405
2025-01-14 00:00:00,28.0,47.69583
2025-01-14 01:00:00,12.0,21.88269
2025-01-14 02:00:00,8.0,11.572144
2025-01-14 03:00:00,27.0,17.481659
2025-01-14 04:00:00,46.0,37.74002
2025-01-14 05:00:00,175.0,71.62154
2025-01-14 06:00:00,542.0,117.23892
2025-01-14 07:00:00,636.0,177.30014
2025-01-14 08:00:00,347.0,236.27171
2025-01-14 09:00:00,281.0,295.96637
2025-01-14 10:00:00,312.0,352.54926
2025-01-14 11:00:00,283.0,401.97565
2025-01-14 12:00:00,328.0,440.68884
2025-01-14 13:00:00,391.0,466.62982
2025-01-14 14:00:00,305.0,484.27045
2025-01-14 15:00:00,411.0,479.76782
2025-01-14 16:00:00,497.0,452.5121
2025-01-14 17:00:00,505.0,416.76312
2025-01-14 18:00:00,348.0,370.0543
2025-01-14 19:00:00,228.0,315.80975
2025-01-14 20:00:00,10.0,251.02151
2025-01-14 21:00:00,111.0,191.54514
2025-01-14 22:00:00,90.0,135.18056
2025-01-14 23:00:00,39.0,85.53586
2025-01-15 00:00:00,16.0,34.029358
2025-01-15 01:00:00,18.0,9.52597
2025-01-15 02:00:00,16.0,0.7433777
2025-01-15 03:00:00,24.0,7.0894775
2025-01-15 04:00:00,41.0,27.34787
2025-01-15 05:00:00,174.0,61.884262
2025-01-15 06:00:00,514.0,108.37479
2025-01-15 07:00:00,590.0,168.43599
2025-01-15 08:00:00,350.0,227.84416
2025-01-15 09:00:00,287.0,287.7571
2025-01-15 10:00:00,303.0,345.2131
2025-01-15 11:00:00,307.0,395.07614
2025-01-15 12:00:00,325.0,434.99124
2025-01-15 13:00:00,407.0,467.76715
2025-01-15 14:00:00,364.0,480.20868
2025-01-15 15:00:00,375.0,474.78763
2025-01-15 16:00:00,503.0,446.63477
2025-01-15 17:00:00,546.0,412.7013
2025-01-15 18:00:00,336.0,367.08392
2025-01-15 19:00:00,233.0,311.09308
2025-01-15 20:00:00,150.0,246.30484
2025-01-15 21:00:00,112.0,186.39189
2025-01-15 22:00:00,83.0,131.55534
2025-01-15 23:00:00,85.0,83.22034
2025-01-16 00:00:00,33.0,50.358643
2025-01-16 01:00:00,32.0,25.41867
2025-01-16 02:00:00,18.0,14.453247
2025-01-16 03:00:00,26.0,19.926208
2025-01-16 04:00:00,37.0,40.402863
2025-01-16 05:00:00,147.0,75.15753
2025-01-16 06:00:00,538.0,120.33835
2025-01-16 07:00:00,611.0,179.52641
2025-01-16 08:00:00,377.0,238.27972
2025-01-16 09:00:00,267.0,297.75607
2025-01-16 10:00:00,300.0,360.4738
2025-01-16 11:00:00,341.0,412.56763
2025-01-16 12:00:00,308.0,452.38953
2025-01-16 13:00:00,357.0,478.63928
2025-01-16 14:00:00,347.0,483.63623
2025-01-16 15:00:00,445.0,484.00394
2025-01-16 16:00:00,497.0,455.91632
2025-01-16 17:00:00,505.0,421.82712
2025-01-16 18:00:00,356.0,375.55487
2025-01-16 19:00:00,252.0,320.6555
2025-01-16 20:00:00,159.0,255.64896
2025-01-16 21:00:00,120.0,193.55313
2025-01-16 22:00:00,94.0,136.97026
2025-01-16 23:00:00,39.0,88.198685
2025-01-17 00:00:00,20.0,69.00452
2025-01-17 01:00:00,27.0,44.282806
2025-01-17 02:00:00,21.0,34.408813
2025-01-17 03:00:00,13.0,39.22693
2025-01-17 04:00:00,45.0,59.04869
2025-01-17 05:00:00,138.0,93.366806
2025-01-17 06:00:00,436.0,138.76591
2025-01-17 07:00:00,549.0,197.5174
2025-01-17 08:00:00,346.0,256.0524
2025-01-17 09:00:00,262.0,316.18365
2025-01-17 10:00:00,303.0,372.76648
2025-01-17 11:00:00,363.0,422.19293
2025-01-17 12:00:00,322.0,461.1244
2025-01-17 13:00:00,362.0,486.93756
2025-01-17 14:00:00,455.0,497.90298
2025-01-17 15:00:00,473.0,493.5734
2025-01-17 16:00:00,588.0,472.82654
2025-01-17 17:00:00,562.0,438.0718
2025-01-17 18:00:00,442.0,392.01785
2025-01-17 19:00:00,264.0,337.55502
2025-01-17 20:00:00,194.0,273.20337
2025-01-17 21:00:00,141.0,213.2904
2025-01-17 22:00:00,115.0,156.48926
2025-01-17 23:00:00,240.0,106.84451
2025-01-18 00:00:00,76.0,99.005554
2025-01-18 01:00:00,49.0,73.629
2025-01-18 02:00:00,19.0,62.008713
2025-01-18 03:00:00,9.0,66.608505
2025-01-18 04:00:00,32.0,87.30344
2025-01-18 05:00:00,47.0,121.40326
2025-01-18 06:00:00,90.0,167.23895
2025-01-18 07:00:00,185.0,226.42702
2025-01-18 08:00:00,256.0,284.7437
2025-01-18 09:00:00,311.0,343.7835
2025-01-18 10:00:00,387.0,400.80298
2025-01-18 11:00:00,392.0,450.0111
2025-01-18 12:00:00,391.0,488.7243
2025-01-18 13:00:00,417.0,514.31915
2025-01-18 14:00:00,515.0,531.9665
2025-01-18 15:00:00,533.0,528.19464
2025-01-18 16:00:00,717.0,500.68597
2025-01-18 17:00:00,785.0,464.79852
2025-01-18 18:00:00,520.0,418.0897
2025-01-18 19:00:00,305.0,364.50006
2025-01-18 20:00:00,250.0,300.14838
2025-01-18 21:00:00,177.0,241.10858
2025-01-18 22:00:00,132.0,185.1806
2025-01-18 23:00:00,123.0,136.19072
2025-01-19 00:00:00,101.0,100.352005
2025-01-19 01:00:00,73.0,74.97548
2025-01-19 02:00:00,38.0,64.010056
2025-01-19 03:00:00,20.0,69.0464
2025-01-19 04:00:00,31.0,88.868195
2025-01-19 05:00:00,21.0,122.53143
2025-01-19 06:00:00,35.0,167.93056
2025-01-19 07:00:00,106.0,227.5552
2025-01-19 08:00:00,157.0,286.09018
2025-01-19 09:00:00,221.0,346.43973
2025-01-19 10:00:00,371.0,403.24084
2025-01-19 11:00:00,456.0,452.449
2025-01-19 12:00:00,545.0,491.38046
2025-01-19 13:00:00,592.0,518.28503
2025-01-19 14:00:00,724.0,529.9054
2025-01-19 15:00:00,889.0,526.4104
2025-01-19 16:00:00,871.0,506.1386
2025-01-19 17:00:00,839.0,470.72906
2025-01-19 18:00:00,637.0,424.89334
2025-01-19 19:00:00,412.0,370.21228
2025-01-19 20:00:00,439.0,306.29718
2025-01-19 21:00:00,302.0,245.51108
2025-01-19 22:00:00,159.0,189.3648
2025-01-19 23:00:00,79.0,139.72006
2025-01-20 00:00:00,42.0,72.93207
2025-01-20 01:00:00,24.0,47.118927
2025-01-20 02:00:00,19.0,36.371765
2025-01-20 03:00:00,24.0,41.408142
2025-01-20 04:00:00,52.0,62.757965
2025-01-20 05:00:00,186.0,96.20291
2025-01-20 06:00:00,528.0,141.60204
2025-01-20 07:00:00,665.0,200.13522
2025-01-20 08:00:00,377.0,258.01535
2025-01-20 09:00:00,282.0,317.9283
2025-01-20 10:00:00,340.0,374.29288
2025-01-20 11:00:00,380.0,424.59247
2025-01-20 12:00:00,384.0,463.74222
2025-01-20 13:00:00,359.0,489.77365
2025-01-20 14:00:00,429.0,500.52078
2025-01-20 15:00:00,412.0,495.92102
2025-01-20 16:00:00,468.0,475.88092
2025-01-20 17:00:00,515.0,441.56277
2025-01-20 18:00:00,358.0,394.85394
2025-01-20 19:00:00,248.0,340.8277
2025-01-20 20:00:00,164.0,275.8212
2025-01-20 21:00:00,139.0,217.65454
2025-01-20 22:00:00,97.0,161.94484
2025-01-20 23:00:00,45.0,112.300095
2025-01-21 00:00:00,28.0,53.67566
2025-01-21 01:00:00,11.0,27.425934
2025-01-21 02:00:00,19.0,17.115387
2025-01-21 03:00:00,21.0,22.151733
2025-01-21 04:00:00,45.0,41.97357
2025-01-21 05:00:00,174.0,75.63681
2025-01-21 06:00:00,547.0,121.035904
2025-01-21 07:00:00,654.0,180.00566
2025-01-21 08:00:00,423.0,238.1041
2025-01-21 09:00:00,295.0,297.58047
2025-01-21 10:00:00,337.0,354.5999
2025-01-21 11:00:00,305.0,404.46292
2025-01-21 12:00:00,288.0,444.04926
2025-01-21 13:00:00,382.0,469.6441
2025-01-21 14:00:00,361.0,480.82782
2025-01-21 15:00:00,457.0,475.35486
2025-01-21 16:00:00,541.0,454.22333
2025-01-21 17:00:00,524.0,419.46863
2025-01-21 18:00:00,327.0,372.9781
2025-01-21 19:00:00,238.0,318.73355
2025-01-21 20:00:00,171.0,255.25507
2025-01-21 21:00:00,129.0,194.90552
2025-01-21 22:00:00,90.0,138.54095
2025-01-21 23:00:00,46.0,89.11452
2025-01-22 00:00:00,20.0,38.712982
2025-01-22 01:00:00,11.0,13.336426
2025-01-22 02:00:00,17.0,2.5892944
2025-01-22 03:00:00,20.0,6.315918
2025-01-22 04:00:00,50.0,27.229156
2025-01-22 05:00:00,164.0,61.98387
2025-01-22 06:00:00,515.0,107.60123
2025-01-22 07:00:00,606.0,167.66243
2025-01-22 08:00:00,362.0,227.0706
2025-01-22 09:00:00,325.0,288.07498
2025-01-22 10:00:00,306.0,345.3127
2025-01-22 11:00:00,310.0,395.17572
2025-01-22 12:00:00,368.0,434.54373
2025-01-22 13:00:00,411.0,461.23004
2025-01-22 14:00:00,375.0,473.0686
2025-01-22 15:00:00,387.0,468.03226
2025-01-22 16:00:00,527.0,448.21045
2025-01-22 17:00:00,465.0,413.01917
2025-01-22 18:00:00,329.0,365.87378
2025-01-22 19:00:00,191.0,310.7561
2025-01-22 20:00:00,167.0,246.40445
2025-01-22 21:00:00,136.0,186.70976
2025-01-22 22:00:00,94.0,130.1269
2025-01-22 23:00:00,129.0,80.70047
2025-01-23 00:00:00,13.0,49.599
2025-01-23 01:00:00,23.0,25.095581
2025-01-23 02:00:00,19.0,15.221619
2025-01-23 03:00:00,25.0,21.567719
2025-01-23 04:00:00,35.0,40.516327
2025-01-23 05:00:00,154.0,74.17958
2025-01-23 06:00:00,540.0,121.54326
2025-01-23 07:00:00,598.0,181.99406
2025-01-23 08:00:00,326.0,245.48666
2025-01-23 09:00:00,299.0,301.4267
2025-01-23 10:00:00,308.0,364.20502
2025-01-23 11:00:00,336.0,413.92007
2025-01-23 12:00:00,305.0,451.9784
2025-01-23 13:00:00,390.0,476.26352
2025-01-23 14:00:00,401.0,486.79236
2025-01-23 15:00:00,375.0,481.31943
2025-01-23 16:00:00,416.0,460.18787
2025-01-23 17:00:00,496.0,426.08804
2025-01-23 18:00:00,354.0,379.8158
2025-01-23 19:00:00,218.0,324.47983
2025-01-23 20:00:00,132.0,258.3819
2025-01-23 21:00:00,79.0,199.56036
2025-01-23 22:00:00,96.0,141.01291
2025-01-23 23:00:00,72.0,89.84015
2025-01-24 00:00:00,29.0,69.78708
2025-01-24 01:00:00,10.0,45.501953
2025-01-24 02:00:00,15.0,36.282837
2025-01-24 03:00:00,27.0,39.79117
2025-01-24 04:00:00,38.0,59.831253
2025-01-24 05:00:00,145.0,94.36766
2025-01-24 06:00:00,460.0,139.54846
2025-01-24 07:00:00,512.0,199.39142
2025-01-24 08:00:00,332.0,260.54584
2025-01-24 09:00:00,278.0,321.2348
2025-01-24 10:00:00,346.0,379.09277
2025-01-24 11:00:00,335.0,430.40393
2025-01-24 12:00:00,356.0,471.51828
2025-01-24 13:00:00,401.0,507.1945
2025-01-24 14:00:00,454.0,520.6476
2025-01-24 15:00:00,473.0,509.52164
2025-01-24 16:00:00,571.0,487.1429
2025-01-24 17:00:00,604.0,450.4236
2025-01-24 18:00:00,453.0,403.71478
2025-01-24 19:00:00,275.0,349.90683
2025-01-24 20:00:00,204.0,285.77347
2025-01-24 21:00:00,170.0,225.8605
2025-01-24 22:00:00,149.0,168.84106
2025-01-24 23:00:00,93.0,119.41461
2025-01-25 00:00:00,65.0,111.59021
2025-01-25 01:00:00,38.0,84.24907
2025-01-25 02:00:00,17.0,76.776276
2025-01-25 03:00:00,21.0,82.03093
2025-01-25 04:00:00,26.0,101.85271
2025-01-25 05:00:00,39.0,138.3537
2025-01-25 06:00:00,106.0,181.56993
2025-01-25 07:00:00,188.0,242.06772
2025-01-25 08:00:00,291.0,301.9124
2025-01-25 09:00:00,352.0,361.01083
2025-01-25 10:00:00,368.0,427.48465
2025-01-25 11:00:00,393.0,481.46716
2025-01-25 12:00:00,392.0,525.62695
2025-01-25 13:00:00,534.0,545.1774
2025-01-25 14:00:00,562.0,562.4095
2025-01-25 15:00:00,584.0,551.1757
2025-01-25 16:00:00,614.0,527.1439
2025-01-25 17:00:00,669.0,486.7696
2025-01-25 18:00:00,369.0,438.9693
2025-01-25 19:00:00,274.0,383.85165
2025-01-25 20:00:00,233.0,319.28168
2025-01-25 21:00:00,179.0,258.27728
2025-01-25 22:00:00,162.0,202.5676
2025-01-25 23:00:00,180.0,158.16176
2025-01-26 00:00:00,87.0,124.95743
2025-01-26 01:00:00,29.0,91.82153
2025-01-26 02:00:00,22.0,77.92142
2025-01-26 03:00:00,13.0,78.604065
2025-01-26 04:00:00,21.0,103.65068
2025-01-26 05:00:00,21.0,137.7505
2025-01-26 06:00:00,44.0,183.80447
2025-01-26 07:00:00,60.0,242.33768
2025-01-26 08:00:00,131.0,299.78122
2025-01-26 09:00:00,235.0,366.28958
2025-01-26 10:00:00,338.0,426.4063
2025-01-26 11:00:00,457.0,475.83276
2025-01-26 12:00:00,498.0,515.6374
2025-01-26 13:00:00,588.0,541.88715
2025-01-26 14:00:00,650.0,552.58234
2025-01-26 15:00:00,770.0,540.6698
2025-01-26 16:00:00,820.0,518.0834
2025-01-26 17:00:00,835.0,481.58237
2025-01-26 18:00:00,592.0,436.40152
2025-01-26 19:00:00,454.0,383.68503
2025-01-26 20:00:00,409.0,319.33337
2025-01-26 21:00:00,278.0,258.32895
2025-01-26 22:00:00,188.0,202.401
2025-01-26 23:00:00,77.0,151.66481
2025-01-27 00:00:00,41.0,84.89203
2025-01-27 01:00:00,21.0,60.17038
2025-01-27 02:00:00,20.0,50.51465
2025-01-27 03:00:00,19.0,55.769333
2025-01-27 04:00:00,47.0,77.774
2025-01-27 05:00:00,180.0,105.19127
2025-01-27 06:00:00,542.0,155.238
2025-01-27 07:00:00,599.0,215.58784
2025-01-27 08:00:00,395.0,274.0776
2025-01-27 09:00:00,290.0,335.16852
2025-01-27 10:00:00,306.0,393.39273
2025-01-27 11:00:00,330.0,443.177
2025-01-27 12:00:00,347.0,472.6731
2025-01-27 13:00:00,405.0,508.93713
2025-01-27 14:00:00,346.0,508.50214
2025-01-27 15:00:00,418.0,512.3947
2025-01-27 16:00:00,458.0,487.2943
2025-01-27 17:00:00,502.0,447.83423
2025-01-27 18:00:00,339.0,398.7727
2025-01-27 19:00:00,233.0,351.93317
2025-01-27 20:00:00,155.0,296.28696
2025-01-27 21:00:00,122.0,225.27744
2025-01-27 22:00:00,80.0,171.28537
2025-01-27 23:00:00,42.0,118.83882
2025-01-28 00:00:00,25.0,60.877563
2025-01-28 01:00:00,26.0,35.522858
2025-01-28 02:00:00,18.0,24.324585
2025-01-28 03:00:00,25.0,33.620483
2025-01-28 04:00:00,38.0,53.66989
2025-01-28 05:00:00,161.0,88.72775
2025-01-28 06:00:00,528.0,130.37952
2025-01-28 07:00:00,622.0,184.05408
2025-01-28 08:00:00,389.0,240.82095
2025-01-28 09:00:00,293.0,298.45154
2025-01-28 10:00:00,251.0,364.5406
2025-01-28 11:00:00,352.0,413.3825
2025-01-28 12:00:00,313.0,452.9688
2025-01-28 13:00:00,400.0,479.65512
2025-01-28 14:00:00,375.0,490.62054
2025-01-28 15:00:00,410.0,485.81976
2025-01-28 16:00:00,434.0,465.26324
2025-01-28 17:00:00,455.0,428.8248
2025-01-28 18:00:00,316.0,381.46112
2025-01-28 19:00:00,226.0,326.5617
2025-01-28 20:00:00,159.0,265.0478
2025-01-28 21:00:00,122.0,205.71936
2025-01-28 22:00:00,92.0,151.38971
2025-01-28 23:00:00,146.0,99.99867
2025-01-29 00:00:00,67.0,49.6131
2025-01-29 01:00:00,12.0,24.891418
2025-01-29 02:00:00,13.0,15.017426
2025-01-29 03:00:00,16.0,18.307495
2025-01-29 04:00:00,35.0,38.213715
2025-01-29 05:00:00,180.0,79.14398
2025-01-29 06:00:00,452.0,120.916565
2025-01-29 07:00:00,574.0,185.47742
2025-01-29 08:00:00,342.0,243.42792
2025-01-29 09:00:00,264.0,304.15814
2025-01-29 10:00:00,314.0,367.9846
2025-01-29 11:00:00,323.0,417.69855
2025-01-29 12:00:00,318.0,456.6646
2025-01-29 13:00:00,408.0,480.5171
2025-01-29 14:00:00,354.0,491.97766
2025-01-29 15:00:00,414.0,486.30377
2025-01-29 16:00:00,520.0,458.12964
2025-01-29 17:00:00,627.0,421.51813
2025-01-29 18:00:00,349.0,373.93616
2025-01-29 19:00:00,237.0,317.9453
2025-01-29 20:00:00,178.0,252.28394
2025-01-29 21:00:00,119.0,192.15268
2025-01-29 22:00:00,81.0,133.82353
2025-01-29 23:00:00,85.0,85.488525
2025-01-30 00:00:00,16.0,52.22046
2025-01-30 01:00:00,39.0,27.498749
2025-01-30 02:00:00,20.0,17.624786
2025-01-30 03:00:00,36.0,21.569702
2025-01-30 04:00:00,41.0,41.39148
2025-01-30 05:00:00,171.0,73.744995
2025-01-30 06:00:00,545.0,119.798965
2025-01-30 07:00:00,594.0,180.51501
2025-01-30 08:00:00,375.0,238.39519
2025-01-30 09:00:00,292.0,306.0575
2025-01-30 10:00:00,337.0,358.58063
2025-01-30 11:00:00,349.0,408.90146
2025-01-30 12:00:00,342.0,449.41284
2025-01-30 13:00:00,383.0,476.06454
2025-01-30 14:00:00,385.0,488.20795
2025-01-30 15:00:00,399.0,484.81403
2025-01-30 16:00:00,466.0,464.11908
2025-01-30 17:00:00,419.0,427.39978
2025-01-30 18:00:00,379.0,380.90924
2025-01-30 19:00:00,226.0,326.22815
2025-01-30 20:00:00,152.0,261.8765
2025-01-30 21:00:00,137.0,203.27325
2025-01-30 22:00:00,82.0,145.81725
2025-01-30 23:00:00,47.0,97.045654
2025-01-31 00:00:00,32.0,72.87576
2025-01-31 01:00:00,12.0,47.132965
2025-01-31 02:00:00,16.0,36.604126
2025-01-31 03:00:00,19.0,45.703552
2025-01-31 04:00:00,50.0,65.30708
2025-01-31 05:00:00,143.0,99.18857
2025-01-31 06:00:00,420.0,144.58768
2025-01-31 07:00:00,537.0,193.82567
2025-01-31 08:00:00,332.0,252.72691
2025-01-31 09:00:00,315.0,312.2955
2025-01-31 10:00:00,328.0,366.54022
2025-01-31 11:00:00,351.0,414.57202
2025-01-31 12:00:00,344.0,463.89014
2025-01-31 13:00:00,463.0,490.1399
2025-01-31 14:00:00,456.0,501.3236
2025-01-31 15:00:00,487.0,496.7238
2025-01-31 16:00:00,553.0,475.59225
2025-01-31 17:00:00,588.0,441.05585
2025-01-31 18:00:00,491.0,395.00186
2025-01-31 19:00:00,292.0,340.75732
2025-01-31 20:00:00,190.0,276.62396
2025-01-31 21:00:00,188.0,217.14758
2025-01-31 22:00:00,142.0,160.78302
2025-01-31 23:00:00,107.0,111.35655
2025-02-01 00:00:00,60.0,106.04451
2025-02-01 01:00:00,39.0,80.44966
2025-02-01 02:00:00,19.0,69.48424
2025-02-01 03:00:00,12.0,74.52063
2025-02-01 04:00:00,13.0,94.5607
2025-02-01 05:00:00,48.0,128.44223
2025-02-01 06:00:00,121.0,173.62306
2025-02-01 07:00:00,184.0,232.81113
2025-02-01 08:00:00,317.0,291.12784
2025-02-01 09:00:00,389.0,350.60422
2025-02-01 10:00:00,449.0,406.53223
2025-02-01 11:00:00,433.0,455.52206
2025-02-01 12:00:00,405.0,494.45355
2025-02-01 13:00:00,434.0,519.8301
2025-02-01 14:00:00,466.0,530.5772
2025-02-01 15:00:00,477.0,525.75916
2025-02-01 16:00:00,470.0,505.28247
2025-02-01 17:00:00,450.0,471.18268
2025-02-01 18:00:00,565.0,425.12866
2025-02-01 19:00:00,272.0,370.8842
2025-02-01 20:00:00,201.0,306.5325
2025-02-01 21:00:00,181.0,246.61954
2025-02-01 22:00:00,163.0,190.03671
2025-02-01 23:00:00,195.0,140.82852
2025-02-02 00:00:00,79.0,105.02197
2025-02-02 01:00:00,47.0,79.427155
2025-02-02 02:00:00,21.0,69.11659
2025-02-02 03:00:00,24.0,74.58951
2025-02-02 04:00:00,17.0,95.06619
2025-02-02 05:00:00,22.0,129.166
2025-02-02 06:00:00,48.0,174.7834
2025-02-02 07:00:00,77.0,233.97147
2025-02-02 08:00:00,141.0,292.94302
2025-02-02 09:00:00,236.0,352.20114
2025-02-02 10:00:00,290.0,409.00226
2025-02-02 11:00:00,393.0,458.2104
2025-02-02 12:00:00,410.0,496.92358
2025-02-02 13:00:00,496.0,522.955
2025-02-02 14:00:00,695.0,533.70215
2025-02-02 15:00:00,881.0,528.011
2025-02-02 16:00:00,1012.0,508.18915
2025-02-02 17:00:00,1098.0,474.0893
2025-02-02 18:00:00,952.0,428.6902
2025-02-02 19:00:00,803.0,374.66397
2025-02-02 20:00:00,455.0,310.53058
2025-02-02 21:00:00,371.0,250.8359
2025-02-02 22:00:00,233.0,194.25308
2025-02-02 23:00:00,179.0,145.48148
2025-02-03 00:00:00,54.0,78.72624
2025-02-03 01:00:00,24.0,52.694824
2025-02-03 02:00:00,23.0,41.947662
2025-02-03 03:00:00,25.0,46.765778
2025-02-03 04:00:00,54.0,66.80586
2025-02-03 05:00:00,207.0,101.12396
2025-02-03 06:00:00,596.0,146.95966
2025-02-03 07:00:00,608.0,206.366
2025-02-03 08:00:00,414.0,265.3376
2025-02-03 09:00:00,310.0,325.25052
2025-02-03 10:00:00,330.0,381.83337
2025-02-03 11:00:00,280.0,431.78958
2025-02-03 12:00:00,294.0,478.0445
2025-02-03 13:00:00,413.0,504.44998
2025-02-03 14:00:00,451.0,515.2077
2025-02-03 15:00:00,397.0,509.63763
2025-02-03 16:00:00,538.0,482.11166
2025-02-03 17:00:00,658.0,447.13867
2025-02-03 18:00:00,442.0,400.64816
2025-02-03 19:00:00,299.0,347.05847
2025-02-03 20:00:00,181.0,282.70682
2025-02-03 21:00:00,147.0,223.01216
2025-02-03 22:00:00,124.0,166.21101
2025-02-03 23:00:00,55.0,117.00285
2025-02-04 00:00:00,32.0,57.320404
2025-02-04 01:00:00,21.0,31.289001
2025-02-04 02:00:00,17.0,20.760162
2025-02-04 03:00:00,25.0,25.578217
2025-02-04 04:00:00,39.0,44.96347
2025-02-04 05:00:00,171.0,78.845
2025-02-04 06:00:00,535.0,124.0258
2025-02-04 07:00:00,534.0,183.21384
2025-02-04 08:00:00,381.0,241.74886
2025-02-04 09:00:00,283.0,302.09836
2025-02-04 10:00:00,304.0,358.89954
2025-02-04 11:00:00,288.0,414.65115
2025-02-04 12:00:00,337.0,456.07697
2025-02-04 13:00:00,382.0,483.19986
2025-02-04 14:00:00,376.0,494.60187
2025-02-04 15:00:00,409.0,490.8752
2025-02-04 16:00:00,542.0,469.162
2025-02-04 17:00:00,619.0,426.3877
2025-02-04 18:00:00,413.0,378.80573
2025-02-04 19:00:00,272.0,323.46976
2025-02-04 20:00:00,149.0,258.24493
2025-02-04 21:00:00,138.0,197.67712
2025-02-04 22:00:00,95.0,140.4394
2025-02-04 23:00:00,47.0,91.66785
2025-02-05 00:00:00,23.0,40.427216
2025-02-05 01:00:00,9.0,14.614075
2025-02-05 02:00:00,13.0,3.6486511
2025-02-05 03:00:00,19.0,8.684998
2025-02-05 04:00:00,34.0,29.161682
2025-02-05 05:00:00,171.0,63.479813
2025-02-05 06:00:00,510.0,109.53375
2025-02-05 07:00:00,574.0,169.15839
2025-02-05 08:00:00,383.0,227.03854
2025-02-05 09:00:00,307.0,287.16977
2025-02-05 10:00:00,354.0,344.1892
2025-02-05 11:00:00,301.0,393.61566
2025-02-05 12:00:00,290.0,432.11053
2025-02-05 13:00:00,440.0,457.70538
2025-02-05 14:00:00,418.0,468.8891
2025-02-05 15:00:00,467.0,463.85272
2025-02-05 16:00:00,568.0,442.93948
2025-02-05 17:00:00,650.0,408.62137
2025-02-05 18:00:00,497.0,362.7857
2025-02-05 19:00:00,262.0,308.75943
2025-02-05 20:00:00,187.0,244.40778
2025-02-05 21:00:00,137.0,184.93141
2025-02-05 22:00:00,106.0,128.13026
2025-02-05 23:00:00,42.0,79.35869
2025-02-06 00:00:00,19.0,46.545593
2025-02-06 01:00:00,40.0,20.950745
2025-02-06 02:00:00,22.0,10.858459
2025-02-06 03:00:00,19.0,16.113129
2025-02-06 04:00:00,29.0,36.808044
2025-02-06 05:00:00,181.0,71.126175
2025-02-06 06:00:00,550.0,116.743546
2025-02-06 07:00:00,593.0,176.3682
2025-02-06 08:00:00,347.0,235.12149
2025-02-06 09:00:00,300.0,295.25272
2025-02-06 10:00:00,310.0,352.27216
2025-02-06 11:00:00,326.0,401.69858
2025-02-06 12:00:00,343.0,440.41174
2025-02-06 13:00:00,428.0,466.00662
2025-02-06 14:00:00,430.0,477.40863
2025-02-06 15:00:00,509.0,472.37225
2025-02-06 16:00:00,645.0,452.33215
2025-02-06 17:00:00,608.0,418.01404
2025-02-06 18:00:00,377.0,372.83322
2025-02-06 19:00:00,271.0,318.58868
2025-02-06 20:00:00,189.0,254.01875
2025-02-06 21:00:00,139.0,194.76065
2025-02-06 22:00:00,95.0,138.61436
2025-02-06 23:00:00,63.0,89.62448
2025-02-07 00:00:00,24.0,69.825
2025-02-07 01:00:00,19.0,44.01184
2025-02-07 02:00:00,12.0,33.483
2025-02-07 03:00:00,10.0,38.082794
2025-02-07 04:00:00,39.0,57.468018
2025-02-07 05:00:00,158.0,90.69467
2025-02-07 06:00:00,451.0,136.31207
2025-02-07 07:00:00,541.0,194.627
2025-02-07 08:00:00,339.0,254.30534
2025-02-07 09:00:00,304.0,322.1128
2025-02-07 10:00:00,360.0,378.7409
2025-02-07 11:00:00,371.0,429.79245
2025-02-07 12:00:00,426.0,464.00262
2025-02-07 13:00:00,469.0,497.87003
2025-02-07 14:00:00,505.0,508.4547
2025-02-07 15:00:00,544.0,497.47388
2025-02-07 16:00:00,594.0,477.15692
2025-02-07 17:00:00,595.0,441.07513
2025-02-07 18:00:00,414.0,392.83832
2025-02-07 19:00:00,296.0,337.50235
2025-02-07 20:00:00,226.0,273.1507
2025-02-07 21:00:00,176.0,213.45602
2025-02-07 22:00:00,148.0,156.21829
2025-02-07 23:00:00,90.0,106.13698
2025-02-08 00:00:00,46.0,98.78505
2025-02-08 01:00:00,30.0,72.31708
2025-02-08 02:00:00,20.0,60.91507
2025-02-08 03:00:00,17.0,65.07826
2025-02-08 04:00:00,26.0,86.428085
2025-02-08 05:00:00,38.0,120.52791
2025-02-08 06:00:00,91.0,165.92702
2025-02-08 07:00:00,201.0,225.11508
2025-02-08 08:00:00,294.0,285.09824
2025-02-08 09:00:00,347.0,352.95093
2025-02-08 10:00:00,464.0,410.27518
2025-02-08 11:00:00,446.0,453.97266
2025-02-08 12:00:00,415.0,494.61584
2025-02-08 13:00:00,497.0,522.7676
2025-02-08 14:00:00,483.0,541.2016
2025-02-08 15:00:00,562.0,538.6702
2025-02-08 16:00:00,550.0,510.86343
2025-02-08 17:00:00,546.0,473.74612
2025-02-08 18:00:00,377.0,427.69214
2025-02-08 19:00:00,246.0,372.5745
2025-02-08 20:00:00,228.0,309.31427
2025-02-08 21:00:00,187.0,250.9293
2025-02-08 22:00:00,167.0,193.90991
2025-02-08 23:00:00,137.0,143.82858
2025-02-09 00:00:00,55.0,107.386444
2025-02-09 01:00:00,40.0,81.791595
2025-02-09 02:00:00,21.0,72.35417
2025-02-09 03:00:00,15.0,75.86252
2025-02-09 04:00:00,16.0,96.77577
2025-02-09 05:00:00,20.0,130.8756
2025-02-09 06:00:00,69.0,177.36615
2025-02-09 07:00:00,91.0,236.99078
2025-02-09 08:00:00,140.0,296.6172
2025-02-09 09:00:00,260.0,356.96674
2025-02-09 10:00:00,315.0,413.3313
2025-02-09 11:00:00,388.0,463.4126
2025-02-09 12:00:00,419.0,502.34406
2025-02-09 13:00:00,522.0,528.5832
2025-02-09 14:00:00,598.0,539.7775
2025-02-09 15:00:00,685.0,535.78735
2025-02-09 16:00:00,762.0,521.8994
2025-02-09 17:00:00,705.0,479.0732
2025-02-09 18:00:00,506.0,430.83633
2025-02-09 19:00:00,455.0,375.2821
2025-02-09 20:00:00,355.0,309.40244
2025-02-09 21:00:00,291.0,249.27116
2025-02-09 22:00:00,146.0,192.68835
2025-02-09 23:00:00,78.0,143.48018
2025-02-10 00:00:00,33.0,76.74446
2025-02-10 01:00:00,22.0,50.27646
2025-02-10 02:00:00,19.0,39.74759
2025-02-10 03:00:00,26.0,44.783966
2025-02-10 04:00:00,54.0,65.697266
2025-02-10 05:00:00,210.0,99.578766
2025-02-10 06:00:00,536.0,144.7596
2025-02-10 07:00:00,598.0,204.16594
2025-02-10 08:00:00,389.0,263.1375
2025-02-10 09:00:00,272.0,324.3602
2025-02-10 10:00:00,267.0,383.22974
2025-02-10 11:00:00,348.0,435.21307
2025-02-10 12:00:00,356.0,476.9131
2025-02-10 13:00:00,395.0,507.361
2025-02-10 14:00:00,380.0,514.3359
2025-02-10 15:00:00,391.0,508.68323
2025-02-10 16:00:00,479.0,488.64313
2025-02-10 17:00:00,510.0,452.57867
2025-02-10 18:00:00,384.0,405.86987
2025-02-10 19:00:00,249.0,351.62534
2025-02-10 20:00:00,186.0,287.27368
2025-02-10 21:00:00,165.0,226.92415
2025-02-10 22:00:00,113.0,169.46814
2025-02-10 23:00:00,47.0,121.13312
2025-02-11 00:00:00,26.0,61.907043
2025-02-11 01:00:00,26.0,31.523926
2025-02-11 02:00:00,29.0,25.49472
2025-02-11 03:00:00,21.0,30.531097
2025-02-11 04:00:00,55.0,51.51468
2025-02-11 05:00:00,160.0,84.959656
2025-02-11 06:00:00,540.0,130.35873
2025-02-11 07:00:00,592.0,189.98337
2025-02-11 08:00:00,329.0,249.60982
2025-02-11 09:00:00,256.0,299.45935
2025-02-11 10:00:00,256.0,366.10562
2025-02-11 11:00:00,325.0,416.62347
2025-02-11 12:00:00,303.0,457.73782
2025-02-11 13:00:00,427.0,484.42413
2025-02-11 14:00:00,371.0,495.17126
2025-02-11 15:00:00,396.0,479.45233
2025-02-11 16:00:00,443.0,469.22168
2025-02-11 17:00:00,451.0,436.21326
2025-02-11 18:00:00,340.0,389.87067
2025-02-11 19:00:00,215.0,325.0285
2025-02-11 20:00:00,152.0,265.83136
2025-02-11 21:00:00,135.0,205.69281
2025-02-11 22:00:00,103.0,149.54652
2025-02-11 23:00:00,43.0,101.07814
2025-02-12 00:00:00,27.0,54.349945
2025-02-12 01:00:00,11.0,28.82544
2025-02-12 02:00:00,13.0,17.859985
2025-02-12 03:00:00,20.0,22.67807
2025-02-12 04:00:00,43.0,43.154755
2025-02-12 05:00:00,188.0,78.56433
2025-02-12 06:00:00,520.0,118.87923
2025-02-12 07:00:00,557.0,182.71489
2025-02-12 08:00:00,326.0,240.81332
2025-02-12 09:00:00,296.0,304.32828
2025-02-12 10:00:00,291.0,360.7046
2025-02-12 11:00:00,297.0,413.1418
2025-02-12 12:00:00,335.0,452.79736
2025-02-12 13:00:00,431.0,478.68365
2025-02-12 14:00:00,376.0,489.79703
2025-02-12 15:00:00,418.0,484.831
2025-02-12 16:00:00,527.0,465.00922
2025-02-12 17:00:00,518.0,418.04395
2025-02-12 18:00:00,343.0,370.25095
2025-02-12 19:00:00,255.0,316.1471
2025-02-12 20:00:00,154.0,261.16827
2025-02-12 21:00:00,119.0,201.10735
2025-02-12 22:00:00,85.0,141.40492
2025-02-12 23:00:00,51.0,95.09805
2025-02-13 00:00:00,12.0,62.9601
2025-02-13 01:00:00,40.0,36.92868
2025-02-13 02:00:00,9.0,25.30841
2025-02-13 03:00:00,21.0,30.999634
2025-02-13 04:00:00,43.0,50.166534
2025-02-13 05:00:00,159.0,84.484665
2025-02-13 06:00:00,516.0,130.10207
2025-02-13 07:00:00,591.0,189.94498
2025-02-13 08:00:00,342.0,240.4169
2025-02-13 09:00:00,292.0,300.11884
2025-02-13 10:00:00,235.0,358.91373
2025-02-13 11:00:00,357.0,409.98224
2025-02-13 12:00:00,360.0,446.27966
2025-02-13 13:00:00,397.0,469.6432
2025-02-13 14:00:00,369.0,477.17905
2025-02-13 15:00:00,408.0,469.2273
2025-02-13 16:00:00,489.0,445.87646
2025-02-13 17:00:00,512.0,420.6061
2025-02-13 18:00:00,307.0,374.1859
2025-02-13 19:00:00,234.0,310.16113
2025-02-13 20:00:00,151.0,248.25235
2025-02-13 21:00:00,152.0,193.93047
2025-02-13 22:00:00,93.0,138.00247
2025-02-13 23:00:00,60.0,89.667465
2025-02-14 00:00:00,32.0,70.10678
2025-02-14 01:00:00,17.0,39.216766
2025-02-14 02:00:00,13.0,28.025757
2025-02-14 03:00:00,32.0,38.07596
2025-02-14 04:00:00,47.0,53.250153
2025-02-14 05:00:00,144.0,90.97647
2025-02-14 06:00:00,419.0,135.65038
2025-02-14 07:00:00,448.0,194.25394
2025-02-14 08:00:00,308.0,252.35236
2025-02-14 09:00:00,291.0,311.61044
2025-02-14 10:00:00,275.0,367.32016
2025-02-14 11:00:00,343.0,416.52826
2025-02-14 12:00:00,367.0,455.45972
2025-02-14 13:00:00,388.0,481.05463
2025-02-14 14:00:00,420.0,491.36517
2025-02-14 15:00:00,459.0,486.11053
2025-02-14 16:00:00,567.0,465.63385
2025-02-14 17:00:00,581.0,431.3157
2025-02-14 18:00:00,483.0,385.69833
2025-02-14 19:00:00,326.0,331.67212
2025-02-14 20:00:00,250.0,267.10217
2025-02-14 21:00:00,223.0,207.4075
2025-02-14 22:00:00,168.0,151.47948
2025-02-14 23:00:00,117.0,102.053024
2025-02-15 00:00:00,60.0,94.9402
2025-02-15 01:00:00,31.0,68.47218
2025-02-15 02:00:00,17.0,57.070175
2025-02-15 03:00:00,21.0,62.54315
2025-02-15 04:00:00,22.0,82.58324
2025-02-15 05:00:00,50.0,115.155045
2025-02-15 06:00:00,75.0,159.4627
2025-02-15 07:00:00,191.0,217.93335
2025-02-15 08:00:00,283.0,284.259
2025-02-15 09:00:00,377.0,344.82684
2025-02-15 10:00:00,461.0,402.9377
2025-02-15 11:00:00,447.0,452.53445
2025-02-15 12:00:00,434.0,492.1208
2025-02-15 13:00:00,448.0,512.89056
2025-02-15 14:00:00,537.0,530.635
2025-02-15 15:00:00,642.0,526.5304
2025-02-15 16:00:00,738.0,505.31628
2025-02-15 17:00:00,843.0,464.2258
2025-02-15 18:00:00,650.0,417.95352
2025-02-15 19:00:00,396.0,364.3639
2025-02-15 20:00:00,346.0,299.57562
2025-02-15 21:00:00,268.0,239.44437
2025-02-15 22:00:00,220.0,181.9884
2025-02-15 23:00:00,206.0,132.34366
2025-02-16 00:00:00,111.0,96.57738
2025-02-16 01:00:00,44.0,71.637405
2025-02-16 02:00:00,44.0,61.763412
2025-02-16 03:00:00,24.0,66.363205
2025-02-16 04:00:00,26.0,86.62158
2025-02-16 05:00:00,27.0,120.5031
2025-02-16 06:00:00,55.0,166.3388
2025-02-16 07:00:00,81.0,225.74515
2025-02-16 08:00:00,146.0,285.1533
2025-02-16 09:00:00,249.0,345.50284
2025-02-16 10:00:00,346.0,402.30396
2025-02-16 11:00:00,465.0,453.0401
2025-02-16 12:00:00,509.0,492.20718
2025-02-16 13:00:00,646.0,519.6002
2025-02-16 14:00:00,775.0,530.2955
2025-02-16 15:00:00,946.0,526.3506
2025-02-16 16:00:00,991.0,505.6383
2025-02-16 17:00:00,999.0,470.6653
2025-02-16 18:00:00,724.0,424.17474
2025-02-16 19:00:00,656.0,370.8034
2025-02-16 20:00:00,563.0,306.23343
2025-02-16 21:00:00,544.0,246.75705
2025-02-16 22:00:00,216.0,190.8291
2025-02-16 23:00:00,126.0,141.62091
2025-02-17 00:00:00,54.0,74.90646
2025-02-17 01:00:00,37.0,49.311615
2025-02-17 02:00:00,42.0,38.564484
2025-02-17 03:00:00,45.0,43.38257
2025-02-17 04:00:00,55.0,63.204376
2025-02-17 05:00:00,201.0,97.08591
2025-02-17 06:00:00,599.0,142.48503
2025-02-17 07:00:00,638.0,202.10965
2025-02-17 08:00:00,392.0,261.0812
2025-02-17 09:00:00,291.0,320.99417
2025-02-17 10:00:00,310.0,377.57703
2025-02-17 11:00:00,397.0,427.00345
2025-02-17 12:00:00,401.0,466.37152
2025-02-17 13:00:00,450.0,492.1847
2025-02-17 14:00:00,443.0,502.7135
2025-02-17 15:00:00,495.0,497.67712
2025-02-17 16:00:00,557.0,477.63702
2025-02-17 17:00:00,601.0,443.3189
2025-02-17 18:00:00,370.0,397.26495
2025-02-17 19:00:00,274.0,342.80212
2025-02-17 20:00:00,202.0,278.23218
2025-02-17 21:00:00,161.0,218.5375
2025-02-17 22:00:00,92.0,162.39125
2025-02-17 23:00:00,58.0,113.40137
2025-02-18 00:00:00,31.0,53.760193
2025-02-18 01:00:00,20.0,28.165314
2025-02-18 02:00:00,34.0,17.418182
2025-02-18 03:00:00,18.0,22.45456
2025-02-18 04:00:00,42.0,42.276367
2025-02-18 05:00:00,171.0,76.15791
2025-02-18 06:00:00,538.0,121.7753
2025-02-18 07:00:00,643.0,181.39992
2025-02-18 08:00:00,355.0,240.15321
2025-02-18 09:00:00,312.0,300.06616
2025-02-18 10:00:00,293.0,356.64905
2025-02-18 11:00:00,330.0,405.85718
2025-02-18 12:00:00,345.0,444.78864
2025-02-18 13:00:00,371.0,471.03836
2025-02-18 14:00:00,390.0,482.22208
2025-02-18 15:00:00,488.0,477.1857
2025-02-18 16:00:00,564.0,457.58218
2025-02-18 17:00:00,572.0,423.26407
2025-02-18 18:00:00,410.0,376.77353
2025-02-18 19:00:00,264.0,322.529
2025-02-18 20:00:00,162.0,257.95905
2025-02-18 21:00:00,132.0,198.48267
2025-02-18 22:00:00,83.0,142.11807
2025-02-18 23:00:00,65.0,92.90993
2025-02-19 00:00:00,44.0,42.365906
2025-02-19 01:00:00,17.0,16.771088
2025-02-19 02:00:00,13.0,4.4959106
2025-02-19 03:00:00,20.0,8.659119
2025-02-19 04:00:00,43.0,28.480957
2025-02-19 05:00:00,169.0,62.362503
2025-02-19 06:00:00,532.0,108.19815
2025-02-19 07:00:00,618.0,167.60449
2025-02-19 08:00:00,361.0,226.35779
2025-02-19 09:00:00,276.0,286.7073
2025-02-19 10:00:00,328.0,343.72675
2025-02-19 11:00:00,330.0,393.58978
2025-02-19 12:00:00,330.0,440.45428
2025-02-19 13:00:00,443.0,468.90024
2025-02-19 14:00:00,384.0,481.39368
2025-02-19 15:00:00,464.0,478.95944
2025-02-19 16:00:00,525.0,451.22583
2025-02-19 17:00:00,611.0,416.01727
2025-02-19 18:00:00,441.0,367.99872
2025-02-19 19:00:00,253.0,312.881
2025-02-19 20:00:00,173.0,247.87451
2025-02-19 21:00:00,124.0,187.96155
2025-02-19 22:00:00,79.0,131.1604
2025-02-19 23:00:00,50.0,81.95227
2025-02-20 00:00:00,22.0,49.181366
2025-02-20 01:00:00,38.0,23.149933
2025-02-20 02:00:00,15.0,12.621094
2025-02-20 03:00:00,21.0,17.439178
2025-02-20 04:00:00,39.0,37.915802
2025-02-20 05:00:00,180.0,72.45221
2025-02-20 06:00:00,536.0,118.94275
2025-02-20 07:00:00,643.0,178.34908
2025-02-20 08:00:00,377.0,238.41212
2025-02-20 09:00:00,284.0,298.54337
2025-02-20 10:00:00,347.0,355.99936
2025-02-20 11:00:00,349.0,406.5172
2025-02-20 12:00:00,381.0,447.6316
2025-02-20 13:00:00,363.0,476.55267
2025-02-20 14:00:00,436.0,489.01147
2025-02-20 15:00:00,454.0,485.48584
2025-02-20 16:00:00,483.0,466.50922
2025-02-20 17:00:00,584.0,432.21906
2025-02-20 18:00:00,385.0,382.4542
2025-02-20 19:00:00,284.0,326.68164
2025-02-20 20:00:00,173.0,261.45685
2025-02-20 21:00:00,135.0,201.10733
2025-02-20 22:00:00,123.0,143.86958
2025-02-20 23:00:00,62.0,95.09801
2025-02-21 00:00:00,23.0,73.59483
2025-02-21 01:00:00,12.0,47.781677
2025-02-21 02:00:00,14.0,37.034576
2025-02-21 03:00:00,19.0,41.197784
2025-02-21 04:00:00,38.0,60.364716
2025-02-21 05:00:00,145.0,94.02797
2025-02-21 06:00:00,465.0,138.9905
2025-02-21 07:00:00,552.0,198.83344
2025-02-21 08:00:00,373.0,259.89072
2025-02-21 09:00:00,270.0,327.8925
2025-02-21 10:00:00,355.0,387.26782
2025-02-21 11:00:00,395.0,438.87714
2025-02-21 12:00:00,381.0,480.42804
2025-02-21 13:00:00,442.0,508.6424
2025-02-21 14:00:00,430.0,522.22723
2025-02-21 15:00:00,599.0,519.1555
2025-02-21 16:00:00,616.0,497.19604
2025-02-21 17:00:00,682.0,454.66797
2025-02-21 18:00:00,518.0,404.9031
2025-02-21 19:00:00,356.0,350.87686
2025-02-21 20:00:00,273.0,284.12405
2025-02-21 21:00:00,202.0,223.7745
2025-02-21 22:00:00,154.0,166.97336
2025-02-21 23:00:00,92.0,117.546906
2025-02-22 00:00:00,64.0,111.11122
2025-02-22 01:00:00,30.0,85.51639
2025-02-22 02:00:00,29.0,73.67778
2025-02-22 03:00:00,23.0,76.74957
2025-02-22 04:00:00,27.0,96.35309
2025-02-22 05:00:00,44.0,129.79805
2025-02-22 06:00:00,109.0,174.10573
2025-02-22 07:00:00,200.0,233.73036
2025-02-22 08:00:00,315.0,294.4482
2025-02-22 09:00:00,403.0,357.8538
2025-02-22 10:00:00,491.0,416.40125
2025-02-22 11:00:00,456.0,476.72626
2025-02-22 12:00:00,477.0,517.94446
2025-02-22 13:00:00,573.0,540.8971
2025-02-22 14:00:00,576.0,559.67834
2025-02-22 15:00:00,691.0,548.71484
2025-02-22 16:00:00,721.0,526.72076
2025-02-22 17:00:00,643.0,490.00146
2025-02-22 18:00:00,467.0,440.0183
2025-02-22 19:00:00,337.0,384.68237
2025-02-22 20:00:00,308.0,319.67584
2025-02-22 21:00:00,229.0,258.67142
2025-02-22 22:00:00,171.0,201.65202
2025-02-22 23:00:00,223.0,152.88043
2025-02-23 00:00:00,81.0,116.91835
2025-02-23 01:00:00,54.0,91.10524
2025-02-23 02:00:00,58.0,81.23125
2025-02-23 03:00:00,20.0,86.70419
2025-02-23 04:00:00,17.0,105.87109
2025-02-23 05:00:00,24.0,138.66121
2025-02-23 06:00:00,55.0,183.40546
2025-02-23 07:00:00,86.0,242.37524
2025-02-23 08:00:00,129.0,302.43823
2025-02-23 09:00:00,241.0,362.13293
2025-02-23 10:00:00,380.0,418.93405
2025-02-23 11:00:00,471.0,467.48734
2025-02-23 12:00:00,498.0,508.81995
2025-02-23 13:00:00,608.0,536.3794
2025-02-23 14:00:00,726.0,546.6196
2025-02-23 15:00:00,849.0,541.365
2025-02-23 16:00:00,898.0,509.83954
2025-02-23 17:00:00,907.0,485.3308
2025-02-23 18:00:00,818.0,439.49512
2025-02-23 19:00:00,650.0,384.37744
2025-02-23 20:00:00,514.0,320.24408
2025-02-23 21:00:00,327.0,259.89453
2025-02-23 22:00:00,225.0,203.74829
2025-02-23 23:00:00,108.0,152.5755
2025-02-24 00:00:00,59.0,83.70088
2025-02-24 01:00:00,24.0,57.45117
2025-02-24 02:00:00,18.0,45.61258
2025-02-24 03:00:00,28.0,50.648956
2025-02-24 04:00:00,44.0,70.68906
2025-02-24 05:00:00,184.0,104.78885
2025-02-24 06:00:00,574.0,149.9697
2025-02-24 07:00:00,596.0,210.90405
2025-02-24 08:00:00,357.0,271.40363
2025-02-24 09:00:00,324.0,331.98877
2025-02-24 10:00:00,317.0,390.05438
2025-02-24 11:00:00,369.0,441.9099
2025-02-24 12:00:00,394.0,482.3694
2025-02-24 13:00:00,488.0,508.61914
2025-02-24 14:00:00,396.0,520.2394
2025-02-24 15:00:00,429.0,514.98474
2025-02-24 16:00:00,524.0,494.94464
2025-02-24 17:00:00,554.0,459.3168
2025-02-24 18:00:00,421.0,412.38968
2025-02-24 19:00:00,284.0,357.92688
2025-02-24 20:00:00,225.0,292.70206
2025-02-24 21:00:00,146.0,231.91595
2025-02-24 22:00:00,118.0,175.76967
2025-02-24 23:00:00,68.0,125.90665
2025-02-25 00:00:00,41.0,66.2883
2025-02-25 01:00:00,17.0,42.003174
2025-02-25 02:00:00,14.0,31.474335
2025-02-25 03:00:00,35.0,35.855835
2025-02-25 04:00:00,45.0,55.45938
2025-02-25 05:00:00,168.0,89.99576
2025-02-25 06:00:00,522.0,136.268
2025-02-25 07:00:00,581.0,194.36462
2025-02-25 08:00:00,374.0,254.64594
2025-02-25 09:00:00,338.0,314.99545
2025-02-25 10:00:00,327.0,372.45148
2025-02-25 11:00:00,367.0,422.53278
2025-02-25 12:00:00,340.0,462.55566
2025-02-25 13:00:00,431.0,488.36884
2025-02-25 14:00:00,388.0,498.4611
2025-02-25 15:00:00,447.0,492.98816
2025-02-25 16:00:00,485.0,472.8336
2025-02-25 17:00:00,458.0,438.8722
2025-02-25 18:00:00,375.0,391.26624
2025-02-25 19:00:00,236.0,335.49368
2025-02-25 20:00:00,149.0,272.45175
2025-02-25 21:00:00,122.0,212.32053
2025-02-25 22:00:00,87.0,155.30107
2025-02-25 23:00:00,57.0,104.7832
2025-02-26 00:00:00,33.0,53.389038
2025-02-26 01:00:00,14.0,29.540497
2025-02-26 02:00:00,20.0,18.356781
2025-02-26 03:00:00,20.0,22.083405
2025-02-26 04:00:00,31.0,41.905212
2025-02-26 05:00:00,179.0,76.22336
2025-02-26 06:00:00,495.0,121.55211
2025-02-26 07:00:00,488.0,180.59221
2025-02-26 08:00:00,330.0,239.3455
2025-02-26 09:00:00,295.0,287.56937
2025-02-26 10:00:00,337.0,343.36398
2025-02-26 11:00:00,333.0,391.31818
2025-02-26 12:00:00,302.0,430.46793
2025-02-26 13:00:00,389.0,456.20346
2025-02-26 14:00:00,395.0,467.2392
2025-02-26 15:00:00,403.0,472.88538
2025-02-26 16:00:00,484.0,441.50787
2025-02-26 17:00:00,533.0,417.21747
2025-02-26 18:00:00,316.0,371.81836
2025-02-26 19:00:00,234.0,316.91895
2025-02-26 20:00:00,164.0,252.13072
2025-02-26 21:00:00,133.0,191.12631
2025-02-26 22:00:00,99.0,133.8886
2025-02-26 23:00:00,64.0,82.2793
2025-02-27 00:00:00,24.0,50.18643
2025-02-27 01:00:00,41.0,23.718414
2025-02-27 02:00:00,9.0,12.098114
2025-02-27 03:00:00,31.0,17.789368
2025-02-27 04:00:00,49.0,37.392853
2025-02-27 05:00:00,135.0,70.83783
2025-02-27 06:00:00,396.0,117.546646
2025-02-27 07:00:00,458.0,179.35416
2025-02-27 08:00:00,263.0,239.85376
2025-02-27 09:00:00,263.0,287.7041
2025-02-27 10:00:00,299.0,343.87952
2025-02-27 11:00:00,351.0,402.21307
2025-02-27 12:00:00,345.0,430.25098
2025-02-27 13:00:00,521.0,466.52112
2025-02-27 14:00:00,402.0,478.43002
2025-02-27 15:00:00,431.0,474.70337
2025-02-27 16:00:00,524.0,454.88156
2025-02-27 17:00:00,507.0,420.799
2025-02-27 18:00:00,349.0,373.63632
2025-02-27 19:00:00,274.0,319.39178
2025-02-27 20:00:00,199.0,255.695
2025-02-27 21:00:00,144.0,196.00034
2025-02-27 22:00:00,97.0,138.7626
2025-02-27 23:00:00,179.0,89.55444
2025-02-28 00:00:00,33.0,70.91237
2025-02-28 01:00:00,28.0,45.099182
2025-02-28 02:00:00,21.0,33.478912
2025-02-28 03:00:00,25.0,38.951874
2025-02-28 04:00:00,31.0,58.77365
2025-02-28 05:00:00,139.0,92.000336
2025-02-28 06:00:00,367.0,138.49088
2025-02-28 07:00:00,379.0,198.11552
2025-02-28 08:00:00,307.0,258.39682
2025-02-28 09:00:00,314.0,319.18292
2025-02-28 10:00:00,353.0,375.98407
2025-02-28 11:00:00,367.0,426.28363
2025-02-28 12:00:00,361.0,466.08826
2025-02-28 13:00:00,457.0,492.8092
2025-02-28 14:00:00,487.0,504.17657
2025-02-28 15:00:00,501.0,498.70364
2025-02-28 16:00:00,699.0,478.22696
2025-02-28 17:00:00,652.0,443.25397
2025-02-28 18:00:00,400.0,396.76343
2025-02-28 19:00:00,366.0,341.64575
2025-02-28 20:00:00,249.0,277.0758
2025-02-28 21:00:00,207.0,217.8177
2025-02-28 22:00:00,142.0,160.79826
2025-02-28 23:00:00,81.0,110.71695
2025-03-01 00:00:00,50.0,115.65288
2025-03-01 01:00:00,31.0,90.05803
2025-03-01 02:00:00,33.0,78.65602
2025-03-01 03:00:00,25.0,83.25583
2025-03-01 04:00:00,33.0,103.51419
2025-03-01 05:00:00,47.0,138.0506
2025-03-01 06:00:00,87.0,183.668
2025-03-01 07:00:00,158.0,243.29263
2025-03-01 08:00:00,228.0,302.2642
2025-03-01 09:00:00,337.0,362.832
2025-03-01 10:00:00,437.0,419.85144
2025-03-01 11:00:00,437.0,469.49615
2025-03-01 12:00:00,454.0,509.08252
2025-03-01 13:00:00,450.0,536.2054
2025-03-01 14:00:00,463.0,546.29767
2025-03-01 15:00:00,515.0,541.2613
2025-03-01 16:00:00,533.0,520.5663
2025-03-01 17:00:00,598.0,485.81165
2025-03-01 18:00:00,393.0,439.53937
2025-03-01 19:00:00,250.0,385.07654
2025-03-01 20:00:00,229.0,320.07004
2025-03-01 21:00:00,194.0,259.0656
2025-03-01 22:00:00,130.0,201.39136
2025-03-01 23:00:00,111.0,152.61975
2025-03-02 00:00:00,72.0,112.93471
2025-03-02 01:00:00,52.0,87.33986
2025-03-02 02:00:00,33.0,76.374466
2025-03-02 03:00:00,30.0,81.192566
2025-03-02 04:00:00,18.0,101.01431
2025-03-02 05:00:00,26.0,134.67757
2025-03-02 06:00:00,40.0,179.8584
2025-03-02 07:00:00,78.0,239.70132
2025-03-02 08:00:00,130.0,299.32776
2025-03-02 09:00:00,239.0,359.6773
2025-03-02 10:00:00,366.0,416.91498
2025-03-02 11:00:00,432.0,466.62894
2025-03-02 12:00:00,443.0,506.61722
2025-03-02 13:00:00,568.0,533.91986
2025-03-02 14:00:00,741.0,550.38257
2025-03-02 15:00:00,875.0,547.76465
2025-03-02 16:00:00,981.0,528.41406
2025-03-02 17:00:00,1060.0,492.7209
2025-03-02 18:00:00,884.0,437.91263
2025-03-02 19:00:00,690.0,381.26697
2025-03-02 20:00:00,467.0,315.60556
2025-03-02 21:00:00,353.0,254.81946
2025-03-02 22:00:00,231.0,197.58176
2025-03-02 23:00:00,109.0,148.37358
2025-03-03 00:00:00,54.0,82.14215
2025-03-03 01:00:00,46.0,54.800995
2025-03-03 02:00:00,37.0,43.83557
2025-03-03 03:00:00,26.0,48.217102
2025-03-03 04:00:00,61.0,68.91203
2025-03-03 05:00:00,147.0,101.920395
2025-03-03 06:00:00,448.0,146.88295
2025-03-03 07:00:00,485.0,213.1828
2025-03-03 08:00:00,371.0,274.86703
2025-03-03 09:00:00,299.0,337.0494
2025-03-03 10:00:00,354.0,396.47
2025-03-03 11:00:00,359.0,449.38904
2025-03-03 12:00:00,402.0,490.50336
2025-03-03 13:00:00,402.0,519.37256
2025-03-03 14:00:00,420.0,531.6477
2025-03-03 15:00:00,464.0,528.7942
2025-03-03 16:00:00,532.0,508.7541
2025-03-03 17:00:00,557.0,471.4012
2025-03-03 18:00:00,429.0,415.6333
2025-03-03 19:00:00,333.0,358.98758
2025-03-03 20:00:00,193.0,291.7982
2025-03-03 21:00:00,195.0,231.66695
2025-03-03 22:00:00,111.0,174.42921
2025-03-03 23:00:00,64.0,124.347916
2025-03-04 00:00:00,22.0,64.09862
2025-03-04 01:00:00,27.0,37.19403
2025-03-04 02:00:00,21.0,27.320068
2025-03-04 03:00:00,25.0,29.736969
2025-03-04 04:00:00,45.0,49.77707
2025-03-04 05:00:00,156.0,83.222015
2025-03-04 06:00:00,486.0,128.18452
2025-03-04 07:00:00,421.0,194.519
2025-03-04 08:00:00,324.0,256.91
2025-03-04 09:00:00,294.0,319.22412
2025-03-04 10:00:00,334.0,378.64474
2025-03-04 11:00:00,319.0,432.21863
2025-03-04 12:00:00,359.0,474.20612
2025-03-04 13:00:00,389.0,502.42044
2025-03-04 14:00:00,386.0,515.5687
2025-03-04 15:00:00,428.0,512.2787
2025-03-04 16:00:00,524.0,492.0203
2025-03-04 17:00:00,606.0,454.6847
2025-03-04 18:00:00,374.0,398.68118
2025-03-04 19:00:00,266.0,342.03546
2025-03-04 20:00:00,174.0,275.28265
2025-03-04 21:00:00,124.0,213.84169
2025-03-04 22:00:00,77.0,156.16739
2025-03-04 23:00:00,220.0,106.52266
2025-03-05 00:00:00,36.0,54.27939
2025-03-05 01:00:00,28.0,28.466248
2025-03-05 02:00:00,16.0,16.409363
2025-03-05 03:00:00,21.0,20.35431
2025-03-05 04:00:00,34.0,40.39438
2025-03-05 05:00:00,174.0,73.18446
2025-03-05 06:00:00,526.0,118.58357
2025-03-05 07:00:00,509.0,185.52098
2025-03-05 08:00:00,369.0,248.18222
2025-03-05 09:00:00,361.0,310.05975
2025-03-05 10:00:00,321.0,369.04376
2025-03-05 11:00:00,366.0,423.05426
2025-03-05 12:00:00,346.0,465.47833
2025-03-05 13:00:00,446.0,494.34747
2025-03-05 14:00:00,407.0,507.0592
2025-03-05 15:00:00,427.0,503.76917
2025-03-05 16:00:00,586.0,484.16565
2025-03-05 17:00:00,703.0,448.62827
2025-03-05 18:00:00,467.0,391.91797
2025-03-05 19:00:00,265.0,334.6174
2025-03-05 20:00:00,179.0,267.20972
2025-03-05 21:00:00,126.0,206.8602
2025-03-05 22:00:00,85.0,147.2213
2025-03-05 23:00:00,53.0,97.139984
2025-03-06 00:00:00,11.0,62.670074
2025-03-06 01:00:00,34.0,36.63867
2025-03-06 02:00:00,16.0,23.92694
2025-03-06 03:00:00,20.0,28.526733
2025-03-06 04:00:00,43.0,49.658264
2025-03-06 05:00:00,160.0,82.88492
2025-03-06 06:00:00,559.0,127.41086
2025-03-06 07:00:00,588.0,195.34258
2025-03-06 08:00:00,398.0,255.91808
2025-03-06 09:00:00,335.0,319.9785
2025-03-06 10:00:00,345.0,380.27225
2025-03-06 11:00:00,375.0,435.5924
2025-03-06 12:00:00,396.0,478.01648
2025-03-06 13:00:00,415.0,505.57593
2025-03-06 14:00:00,450.0,518.0694
2025-03-06 15:00:00,517.0,514.3428
2025-03-06 16:00:00,572.0,493.94592
2025-03-06 17:00:00,608.0,451.45245
2025-03-06 18:00:00,432.0,400.52695
2025-03-06 19:00:00,291.0,344.31784
2025-03-06 20:00:00,162.0,277.34674
2025-03-06 21:00:00,113.0,215.90576
2025-03-06 22:00:00,71.0,157.14003
2025-03-06 23:00:00,67.0,106.84041
2025-03-07 00:00:00,34.0,87.1311
2025-03-07 01:00:00,14.0,60.44484
2025-03-07 02:00:00,14.0,49.26111
2025-03-07 03:00:00,24.0,52.76944
2025-03-07 04:00:00,38.0,71.49983
2025-03-07 05:00:00,152.0,104.72649
2025-03-07 06:00:00,415.0,149.90732
2025-03-07 07:00:00,528.0,216.05814
2025-03-07 08:00:00,347.0,279.50595
2025-03-07 09:00:00,349.0,342.03836
2025-03-07 10:00:00,372.0,402.3321
2025-03-07 11:00:00,427.0,454.81458
2025-03-07 12:00:00,400.0,496.36548
2025-03-07 13:00:00,472.0,525.0164
2025-03-07 14:00:00,440.0,536.855
2025-03-07 15:00:00,558.0,532.91003
2025-03-07 16:00:00,659.0,512.6517
2025-03-07 17:00:00,680.0,474.91406
2025-03-07 18:00:00,540.0,417.34793
2025-03-07 19:00:00,314.0,360.26566
2025-03-07 20:00:00,250.0,293.94943
2025-03-07 21:00:00,194.0,231.417
2025-03-07 22:00:00,151.0,174.39757
2025-03-07 23:00:00,91.0,124.09798
2025-03-08 00:00:00,44.0,115.96376
2025-03-08 01:00:00,30.0,87.7495
2025-03-08 02:00:00,20.0,79.18521
2025-03-08 03:00:00,11.0,83.78502
2025-03-08 04:00:00,15.0,102.07878
2025-03-08 05:00:00,52.0,135.08717
2025-03-08 06:00:00,121.0,179.39485
2025-03-08 07:00:00,181.0,246.9419
2025-03-08 08:00:00,382.0,310.3032
2025-03-08 09:00:00,410.0,373.0539
2025-03-08 10:00:00,481.0,433.34766
2025-03-08 11:00:00,467.0,486.0484
2025-03-08 12:00:00,437.0,528.4725
2025-03-08 13:00:00,487.0,557.12335
2025-03-08 14:00:00,547.0,570.70825
2025-03-08 15:00:00,674.0,566.545
2025-03-08 16:00:00,729.0,546.7232
2025-03-08 17:00:00,767.0,509.9107
2025-03-08 18:00:00,557.0,452.9475
2025-03-08 19:00:00,433.0,394.33722
2025-03-08 20:00:00,335.0,327.36612
2025-03-08 21:00:00,272.0,265.052
2025-03-08 22:00:00,175.0,208.25089
2025-03-08 23:00:00,222.0,158.16956
2025-03-09 00:00:00,135.0,123.346954
2025-03-09 01:00:00,41.0,97.31552
2025-03-09 02:00:00,31.0,85.91354
2025-03-09 03:00:00,25.0,90.29506
2025-03-09 04:00:00,23.0,109.02539
2025-03-09 05:00:00,23.0,141.3789
2025-03-09 06:00:00,50.0,186.77805
2025-03-09 07:00:00,108.0,254.76166
2025-03-09 08:00:00,205.0,317.68637
2025-03-09 09:00:00,337.0,381.09195
2025-03-09 10:00:00,454.0,442.25885
2025-03-09 11:00:00,543.0,493.86816
2025-03-09 12:00:00,673.0,537.1654
2025-03-09 13:00:00,733.0,563.7998
2025-03-09 14:00:00,835.0,578.2405
2025-03-09 15:00:00,888.0,568.379
2025-03-09 16:00:00,944.0,546.9187
2025-03-09 17:00:00,845.0,509.9638
2025-03-09 18:00:00,695.0,460.3307
2025-03-09 19:00:00,548.0,403.4667
2025-03-09 20:00:00,565.0,338.46017
2025-03-09 21:00:00,359.0,279.2021
2025-03-09 22:00:00,230.0,223.7107
2025-03-09 23:00:00,108.0,173.41109
2025-03-10 00:00:00,66.0,103.05667
2025-03-10 01:00:00,26.0,75.93381
2025-03-10 02:00:00,30.0,63.44037
2025-03-10 03:00:00,53.0,68.69499
2025-03-10 04:00:00,58.0,89.17168
2025-03-10 05:00:00,204.0,125.01779
2025-03-10 06:00:00,568.0,170.19864
2025-03-10 07:00:00,647.0,230.04155
2025-03-10 08:00:00,429.0,289.44968
2025-03-10 09:00:00,310.0,348.70776
2025-03-10 10:00:00,374.0,405.72723
2025-03-10 11:00:00,442.0,454.2805
2025-03-10 12:00:00,413.0,492.3388
2025-03-10 13:00:00,470.0,518.5885
2025-03-10 14:00:00,393.0,536.56195
2025-03-10 15:00:00,397.0,532.2151
2025-03-10 16:00:00,503.0,512.45184
2025-03-10 17:00:00,511.0,476.09323
2025-03-10 18:00:00,439.0,422.3591
2025-03-10 19:00:00,279.0,365.9317
2025-03-10 20:00:00,186.0,299.61545
2025-03-10 21:00:00,166.0,237.9562
2025-03-10 22:00:00,134.0,182.24648
2025-03-10 23:00:00,67.0,129.9823
2025-03-11 00:00:00,34.0,69.975815
2025-03-11 01:00:00,14.0,44.38098
2025-03-11 02:00:00,13.0,32.105835
2025-03-11 03:00:00,22.0,37.142212
2025-03-11 04:00:00,51.0,57.400574
2025-03-11 05:00:00,188.0,90.190674
2025-03-11 06:00:00,549.0,136.89952
2025-03-11 07:00:00,671.0,197.83386
2025-03-11 08:00:00,387.0,257.242
2025-03-11 09:00:00,307.0,326.1409
2025-03-11 10:00:00,303.0,385.8317
2025-03-11 11:00:00,327.0,439.84216
2025-03-11 12:00:00,344.0,481.82965
2025-03-11 13:00:00,392.0,509.60742
2025-03-11 14:00:00,323.0,521.1518
2025-03-11 15:00:00,396.0,510.88165
2025-03-11 16:00:00,457.0,490.3877
2025-03-11 17:00:00,469.0,454.54156
2025-03-11 18:00:00,314.0,406.08643
2025-03-11 19:00:00,217.0,349.4407
2025-03-11 20:00:00,168.0,284.2159
2025-03-11 21:00:00,105.0,222.33838
2025-03-11 22:00:00,89.0,164.66408
2025-03-11 23:00:00,49.0,114.14621
2025-03-12 00:00:00,20.0,62.14583
2025-03-12 01:00:00,25.0,35.677826
2025-03-12 02:00:00,18.0,25.148956
2025-03-12 03:00:00,31.0,31.058472
2025-03-12 04:00:00,31.0,50.88031
2025-03-12 05:00:00,192.0,85.63498
2025-03-12 06:00:00,559.0,129.50606
2025-03-12 07:00:00,531.0,189.34897
2025-03-12 08:00:00,378.0,238.00424
2025-03-12 09:00:00,303.0,299.00864
2025-03-12 10:00:00,312.0,356.32397
2025-03-12 11:00:00,369.0,406.5678
2025-03-12 12:00:00,342.0,454.04742
2025-03-12 13:00:00,434.0,479.424
2025-03-12 14:00:00,364.0,480.29138
2025-03-12 15:00:00,418.0,485.13477
2025-03-12 16:00:00,508.0,454.27145
2025-03-12 17:00:00,543.0,420.34143
2025-03-12 18:00:00,369.0,376.2812
2025-03-12 19:00:00,236.0,318.641
2025-03-12 20:00:00,147.0,263.87317
2025-03-12 21:00:00,118.0,204.24884
2025-03-12 22:00:00,100.0,147.666
2025-03-12 23:00:00,44.0,98.67612
2025-03-13 00:00:00,14.0,65.75891
2025-03-13 01:00:00,36.0,39.9458
2025-03-13 02:00:00,4.0,28.980377
2025-03-13 03:00:00,20.0,34.016724
2025-03-13 04:00:00,45.0,54.056824
2025-03-13 05:00:00,183.0,88.37492
2025-03-13 06:00:00,550.0,129.27437
2025-03-13 07:00:00,607.0,184.6395
2025-03-13 08:00:00,356.0,241.90596
2025-03-13 09:00:00,327.0,302.9322
2025-03-13 10:00:00,332.0,359.35983
2025-03-13 11:00:00,362.0,419.3839
2025-03-13 12:00:00,358.0,459.4068
2025-03-13 13:00:00,415.0,484.1285
2025-03-13 14:00:00,367.0,494.65735
2025-03-13 15:00:00,408.0,490.71243
2025-03-13 16:00:00,440.0,470.45404
2025-03-13 17:00:00,483.0,425.38306
2025-03-13 18:00:00,341.0,387.2442
2025-03-13 19:00:00,254.0,330.3099
2025-03-13 20:00:00,180.0,261.86856
2025-03-13 21:00:00,124.0,198.80739
2025-03-13 22:00:00,113.0,140.90024
2025-03-13 23:00:00,60.0,91.67749
2025-03-14 00:00:00,21.0,77.80231
2025-03-14 01:00:00,23.0,52.644043
2025-03-14 02:00:00,13.0,42.551758
2025-03-14 03:00:00,26.0,47.806427
2025-03-14 04:00:00,30.0,67.62822
2025-03-14 05:00:00,169.0,101.07315
2025-03-14 06:00:00,490.0,146.90884
2025-03-14 07:00:00,481.0,206.75177
2025-03-14 08:00:00,396.0,266.5965
2025-03-14 09:00:00,331.0,326.29117
2025-03-14 10:00:00,336.0,384.18372
2025-03-14 11:00:00,383.0,434.04675
2025-03-14 12:00:00,402.0,473.63306
2025-03-14 13:00:00,453.0,500.10114
2025-03-14 14:00:00,487.0,510.41168
2025-03-14 15:00:00,450.0,505.59357
2025-03-14 16:00:00,534.0,485.11694
2025-03-14 17:00:00,539.0,450.5805
2025-03-14 18:00:00,420.0,404.30823
2025-03-14 19:00:00,289.0,338.7263
2025-03-14 20:00:00,188.0,284.4023
2025-03-14 21:00:00,151.0,225.36252
2025-03-14 22:00:00,137.0,168.34306
2025-03-14 23:00:00,110.0,119.35321
2025-03-15 00:00:00,58.0,111.89865
2025-03-15 01:00:00,29.0,86.522125
2025-03-15 02:00:00,16.0,75.993256
2025-03-15 03:00:00,28.0,81.02962
2025-03-15 04:00:00,26.0,101.28798
2025-03-15 05:00:00,46.0,135.60611
2025-03-15 06:00:00,113.0,181.66008
2025-03-15 07:00:00,203.0,241.50299
2025-03-15 08:00:00,292.0,300.69284
2025-03-15 09:00:00,365.0,361.0424
2025-03-15 10:00:00,435.0,417.84354
2025-03-15 11:00:00,421.0,468.14313
2025-03-15 12:00:00,468.0,508.16602
2025-03-15 13:00:00,453.0,533.76086
2025-03-15 14:00:00,507.0,543.85315
2025-03-15 15:00:00,507.0,538.1619
2025-03-15 16:00:00,541.0,517.24866
2025-03-15 17:00:00,524.0,482.71228
2025-03-15 18:00:00,356.0,436.44
2025-03-15 19:00:00,287.0,381.32233
2025-03-15 20:00:00,240.0,316.5341
2025-03-15 21:00:00,180.0,256.62112
2025-03-15 22:00:00,169.0,200.47488
2025-03-15 23:00:00,128.0,151.26671
2025-03-16 00:00:00,92.0,114.94093
2025-03-16 01:00:00,61.0,89.56438
2025-03-16 02:00:00,31.0,73.73303
2025-03-16 03:00:00,27.0,83.85361
2025-03-16 04:00:00,19.0,104.33026
2025-03-16 05:00:00,20.0,138.57805
2025-03-16 06:00:00,50.0,183.97714
2025-03-16 07:00:00,72.0,243.60178
2025-03-16 08:00:00,129.0,302.86197
2025-03-16 09:00:00,213.0,362.99323
2025-03-16 10:00:00,394.0,419.72403
2025-03-16 11:00:00,478.0,469.4391
2025-03-16 12:00:00,527.0,497.3509
2025-03-16 13:00:00,631.0,522.8342
2025-03-16 14:00:00,690.0,530.3337
2025-03-16 15:00:00,758.0,525.9449
2025-03-16 16:00:00,873.0,505.46094
2025-03-16 17:00:00,798.0,481.97333
2025-03-16 18:00:00,620.0,425.30713
2025-03-16 19:00:00,514.0,381.96344
2025-03-16 20:00:00,360.0,317.1752
2025-03-16 21:00:00,298.0,257.48053
2025-03-16 22:00:00,172.0,201.55255
2025-03-16 23:00:00,82.0,152.56268
2025-03-17 00:00:00,37.0,86.3806
2025-03-17 01:00:00,30.0,61.004044
2025-03-17 02:00:00,18.0,50.256897
2025-03-17 03:00:00,36.0,55.07498
2025-03-17 04:00:00,57.0,75.115036
2025-03-17 05:00:00,221.0,108.99658
2025-03-17 06:00:00,583.0,154.83229
2025-03-17 07:00:00,609.0,214.6752
2025-03-17 08:00:00,384.0,274.30164
2025-03-17 09:00:00,313.0,333.9963
2025-03-17 10:00:00,338.0,391.8889
2025-03-17 11:00:00,326.0,442.84332
2025-03-17 12:00:00,327.0,490.8512
2025-03-17 13:00:00,405.0,510.4949
2025-03-17 14:00:00,359.0,521.17285
2025-03-17 15:00:00,374.0,517.0269
2025-03-17 16:00:00,635.0,497.56848
2025-03-17 17:00:00,591.0,460.6868
2025-03-17 18:00:00,395.0,412.88654
2025-03-17 19:00:00,268.0,356.8957
2025-03-17 20:00:00,190.0,291.6709
2025-03-17 21:00:00,185.0,230.88477
2025-03-17 22:00:00,120.0,172.77391
2025-03-17 23:00:00,63.0,121.81944
2025-03-18 00:00:00,35.0,62.056168
2025-03-18 01:00:00,27.0,35.806427
2025-03-18 02:00:00,12.0,24.841003
2025-03-18 03:00:00,19.0,28.349396
2025-03-18 04:00:00,49.0,47.73462
2025-03-18 05:00:00,186.0,80.52472
2025-03-18 06:00:00,581.0,125.94112
2025-03-18 07:00:00,626.0,193.20065
2025-03-18 08:00:00,407.0,247.79431
2025-03-18 09:00:00,296.0,309.3977
2025-03-18 10:00:00,292.0,367.87595
2025-03-18 11:00:00,326.0,425.81042
2025-03-18 12:00:00,357.0,467.57965
2025-03-18 13:00:00,409.0,496.88544
2025-03-18 14:00:00,420.0,509.16055
2025-03-18 15:00:00,449.0,505.4339
2025-03-18 16:00:00,575.0,486.04868
2025-03-18 17:00:00,574.0,451.294
2025-03-18 18:00:00,408.0,396.2368
2025-03-18 19:00:00,274.0,338.46503
2025-03-18 20:00:00,161.0,273.24023
2025-03-18 21:00:00,125.0,212.01755
2025-03-18 22:00:00,93.0,154.12497
2025-03-18 23:00:00,46.0,104.043655
2025-03-19 00:00:00,19.0,43.243103
2025-03-19 01:00:00,11.0,15.901947
2025-03-19 02:00:00,11.0,4.4999084
2025-03-19 03:00:00,10.0,8.881439
2025-03-19 04:00:00,38.0,28.703217
2025-03-19 05:00:00,132.0,62.803024
2025-03-19 06:00:00,305.0,107.65111
2025-03-19 07:00:00,337.0,177.51947
2025-03-19 08:00:00,364.0,238.23737
2025-03-19 09:00:00,423.0,301.6429
2025-03-19 10:00:00,386.0,361.5001
2025-03-19 11:00:00,386.0,415.07397
2025-03-19 12:00:00,345.0,457.93463
2025-03-19 13:00:00,316.0,486.8038
2025-03-19 14:00:00,401.0,499.9521
2025-03-19 15:00:00,418.0,496.22546
2025-03-19 16:00:00,476.0,475.96707
2025-03-19 17:00:00,509.0,440.99408
2025-03-19 18:00:00,326.0,383.55304
2025-03-19 19:00:00,226.0,324.45425
2025-03-19 20:00:00,164.0,258.3563
2025-03-19 21:00:00,129.0,196.69705
2025-03-19 22:00:00,111.0,137.71303
2025-03-19 23:00:00,55.0,89.59631
2025-03-20 00:00:00,5.0,64.21945
2025-03-20 01:00:00,45.0,39.061157
2025-03-20 02:00:00,12.0,27.004303
2025-03-20 03:00:00,13.0,31.167511
2025-03-20 04:00:00,37.0,50.552734
2025-03-20 05:00:00,201.0,85.74399
2025-03-20 06:00:00,503.0,131.36137
2025-03-20 07:00:00,564.0,199.98923
2025-03-20 08:00:00,397.0,255.49068
2025-03-20 09:00:00,326.0,316.41916
2025-03-20 10:00:00,357.0,382.64282
2025-03-20 11:00:00,347.0,436.9235
2025-03-20 12:00:00,317.0,479.34753
2025-03-20 13:00:00,421.0,509.52646
2025-03-20 14:00:00,448.0,520.92847
2025-03-20 15:00:00,466.0,517.20184
2025-03-20 16:00:00,588.0,497.3627
2025-03-20 17:00:00,588.0,454.9145
2025-03-20 18:00:00,451.0,404.91403
2025-03-20 19:00:00,307.0,348.48663
2025-03-20 20:00:00,173.0,281.73383
2025-03-20 21:00:00,119.0,219.20142
2025-03-20 22:00:00,109.0,161.52711
2025-03-20 23:00:00,45.0,110.57265
2025-03-21 00:00:00,18.0,90.03987
2025-03-21 01:00:00,43.0,64.00845
2025-03-21 02:00:00,49.0,51.9516
2025-03-21 03:00:00,35.0,57.42453
2025-03-21 04:00:00,44.0,76.80975
2025-03-21 05:00:00,173.0,109.59982
2025-03-21 06:00:00,478.0,156.74524
2025-03-21 07:00:00,458.0,218.33447
2025-03-21 08:00:00,364.0,279.48892
2025-03-21 09:00:00,324.0,342.02133
2025-03-21 10:00:00,391.0,401.66022
2025-03-21 11:00:00,410.0,452.39636
2025-03-21 12:00:00,423.0,493.51068
2025-03-21 13:00:00,495.0,520.6336
2025-03-21 14:00:00,531.0,540.2389
2025-03-21 15:00:00,559.0,532.60156
2025-03-21 16:00:00,596.0,512.63464
2025-03-21 17:00:00,597.0,476.5702
2025-03-21 18:00:00,513.0,426.3687
2025-03-21 19:00:00,368.0,368.8499
2025-03-21 20:00:00,218.0,305.1531
2025-03-21 21:00:00,195.0,244.80359
2025-03-21 22:00:00,134.0,189.53043
2025-03-21 23:00:00,107.0,140.54056
2025-03-22 00:00:00,46.0,134.85725
2025-03-22 01:00:00,28.0,113.40985
2025-03-22 02:00:00,21.0,100.26155
2025-03-22 03:00:00,21.0,107.48079
2025-03-22 04:00:00,19.0,124.90144
2025-03-22 05:00:00,49.0,156.81839
2025-03-22 06:00:00,92.0,200.6895
2025-03-22 07:00:00,236.0,268.86743
2025-03-22 08:00:00,317.0,328.32355
2025-03-22 09:00:00,380.0,389.12027
2025-03-22 10:00:00,532.0,447.39752
2025-03-22 11:00:00,521.0,490.92468
2025-03-22 12:00:00,497.0,538.83545
2025-03-22 13:00:00,563.0,565.9756
2025-03-22 14:00:00,522.0,577.5959
2025-03-22 15:00:00,613.0,572.5596
2025-03-22 16:00:00,590.0,551.2097
2025-03-22 17:00:00,568.0,514.75397
2025-03-22 18:00:00,391.0,460.08807
2025-03-22 19:00:00,296.0,404.7175
2025-03-22 20:00:00,230.0,337.5281
2025-03-22 21:00:00,190.0,277.83344
2025-03-22 22:00:00,156.0,221.68716
2025-03-22 23:00:00,97.0,173.35214
2025-03-23 00:00:00,66.0,137.05128
2025-03-23 01:00:00,36.0,108.61868
2025-03-23 02:00:00,30.0,94.597244
2025-03-23 03:00:00,24.0,97.23247
2025-03-23 04:00:00,15.0,118.582245
2025-03-23 05:00:00,14.0,152.2455
2025-03-23 06:00:00,40.0,196.33488
2025-03-23 07:00:00,126.0,256.61438
2025-03-23 08:00:00,166.0,315.58594
2025-03-23 09:00:00,276.0,374.62576
2025-03-23 10:00:00,414.0,431.4682
2025-03-23 11:00:00,501.0,487.09198
2025-03-23 12:00:00,578.0,523.71
2025-03-23 13:00:00,587.0,548.43567
2025-03-23 14:00:00,676.0,566.6447
2025-03-23 15:00:00,794.0,564.6431
2025-03-23 16:00:00,832.0,537.2556
2025-03-23 17:00:00,823.0,501.75284
2025-03-23 18:00:00,635.0,455.4806
2025-03-23 19:00:00,500.0,399.92633
2025-03-23 20:00:00,420.0,334.7015
2025-03-23 21:00:00,290.0,272.3874
2025-03-23 22:00:00,240.0,214.71312
2025-03-23 23:00:00,124.0,161.5122
2025-03-24 00:00:00,47.0,98.62256
2025-03-24 01:00:00,26.0,72.66148
2025-03-24 02:00:00,23.0,62.593063
2025-03-24 03:00:00,24.0,67.93991
2025-03-24 04:00:00,60.0,87.839325
2025-03-24 05:00:00,203.0,114.92227
2025-03-24 06:00:00,600.0,165.54623
2025-03-24 07:00:00,598.0,225.4595
2025-03-24 08:00:00,415.0,285.74078
2025-03-24 09:00:00,293.0,347.424
2025-03-24 10:00:00,331.0,413.67563
2025-03-24 11:00:00,359.0,464.54352
2025-03-24 12:00:00,352.0,504.07126
2025-03-24 13:00:00,378.0,523.0082
2025-03-24 14:00:00,403.0,534.6804
2025-03-24 15:00:00,409.0,527.13904
2025-03-24 16:00:00,473.0,508.03067
2025-03-24 17:00:00,552.0,461.37305
2025-03-24 18:00:00,397.0,423.8891
2025-03-24 19:00:00,229.0,370.29944
2025-03-24 20:00:00,16.0,304.20148
2025-03-24 21:00:00,1.0,243.63367
2025-03-24 22:00:00,1.0,187.26907
2025-03-24 23:00:00,3.0,137.18777
2025-03-25 00:00:00,2.0,75.703064
2025-03-25 01:00:00,3.0,48.143616
2025-03-25 02:00:00,6.0,36.9599
2025-03-25 03:00:00,6.0,41.12314
2025-03-25 04:00:00,40.0,60.72664
2025-03-25 05:00:00,195.0,94.82646
2025-03-25 06:00:00,622.0,141.31702
2025-03-25 07:00:00,640.0,202.25136
2025-03-25 08:00:00,312.0,250.83629
2025-03-25 09:00:00,121.0,315.11026
2025-03-25 10:00:00,520.0,377.28217
2025-03-25 11:00:00,308.0,428.60284
2025-03-25 12:00:00,328.0,470.09235
2025-03-25 13:00:00,349.0,505.10306
2025-03-25 14:00:00,373.0,519.02734
2025-03-25 15:00:00,377.0,506.5677
2025-03-25 16:00:00,504.0,483.23596
2025-03-25 17:00:00,521.0,438.1019
2025-03-25 18:00:00,378.0,401.11755
2025-03-25 19:00:00,262.0,345.5633
2025-03-25 20:00:00,15.0,280.3385
2025-03-25 21:00:00,2.0,220.86212
2025-03-25 22:00:00,3.0,164.93413
2025-03-25 23:00:00,8.0,110.641785
2025-03-26 00:00:00,3.0,64.86679
2025-03-26 01:00:00,7.0,39.490234
2025-03-26 02:00:00,5.0,28.961365
2025-03-26 03:00:00,0.0,33.342834
2025-03-26 04:00:00,22.0,53.81952
2025-03-26 05:00:00,175.0,87.48279
2025-03-26 06:00:00,555.0,128.23428
2025-03-26 07:00:00,551.0,182.84506
2025-03-26 08:00:00,383.0,242.40846
2025-03-26 09:00:00,299.0,301.87753
2025-03-26 10:00:00,338.0,358.74902
2025-03-26 11:00:00,391.0,408.47867
2025-03-26 12:00:00,402.0,458.51468
2025-03-26 13:00:00,370.0,472.78668
2025-03-26 14:00:00,403.0,485.02066
2025-03-26 15:00:00,413.0,477.39145
2025-03-26 16:00:00,487.0,456.9924
2025-03-26 17:00:00,536.0,432.33575
2025-03-26 18:00:00,368.0,376.3317
2025-03-26 19:00:00,238.0,321.9392
2025-03-26 20:00:00,157.0,267.68558
2025-03-26 21:00:00,113.0,207.84296
2025-03-26 22:00:00,4.0,151.69667
2025-03-26 23:00:00,0.0,102.27022
2025-03-27 00:00:00,0.0,69.402725
2025-03-27 01:00:00,1.0,44.244446
2025-03-27 02:00:00,0.0,33.715607
2025-03-27 03:00:00,0.0,38.751984
2025-03-27 04:00:00,34.0,58.355515
2025-03-27 05:00:00,212.0,92.01875
2025-03-27 06:00:00,590.0,137.41785
2025-03-27 07:00:00,570.0,196.6059
2025-03-27 08:00:00,351.0,255.35919
2025-03-27 09:00:00,321.0,315.49042
2025-03-27 10:00:00,380.0,373.38303
2025-03-27 11:00:00,354.0,423.4643
2025-03-27 12:00:00,327.0,464.7517
2025-03-27 13:00:00,445.0,498.46332
2025-03-27 14:00:00,396.0,502.56982
2025-03-27 15:00:00,503.0,496.9757
2025-03-27 16:00:00,510.0,475.62592
2025-03-27 17:00:00,533.0,440.43463
2025-03-27 18:00:00,393.0,393.9441
2025-03-27 19:00:00,230.0,339.26297
2025-03-27 20:00:00,174.0,274.69302
2025-03-27 21:00:00,138.0,213.68864
2025-03-27 22:00:00,99.0,156.01436
2025-03-27 23:00:00,67.0,105.71474
2025-03-28 00:00:00,23.0,83.89697
2025-03-28 01:00:00,14.0,57.647293
2025-03-28 02:00:00,9.0,48.646454
2025-03-28 03:00:00,25.0,53.464508
2025-03-28 04:00:00,39.0,73.06802
2025-03-28 05:00:00,184.0,108.04097
2025-03-28 06:00:00,500.0,154.09496
2025-03-28 07:00:00,495.0,214.15619
2025-03-28 08:00:00,355.0,273.56433
2025-03-28 09:00:00,339.0,333.69556
2025-03-28 10:00:00,327.0,391.58813
2025-03-28 11:00:00,397.0,441.4511
2025-03-28 12:00:00,483.0,482.3472
2025-03-28 13:00:00,523.0,507.72382
2025-03-28 14:00:00,611.0,519.5624
2025-03-28 15:00:00,560.0,514.526
2025-03-28 16:00:00,659.0,500.7592
2025-03-28 17:00:00,620.0,466.96414
2025-03-28 18:00:00,486.0,414.3321
2025-03-28 19:00:00,387.0,359.86926
2025-03-28 20:00:00,267.0,295.29932
2025-03-28 21:00:00,205.0,234.9498
2025-03-28 22:00:00,162.0,178.58522
2025-03-28 23:00:00,113.0,130.68678
2025-03-29 00:00:00,64.0,122.845276
2025-03-29 01:00:00,38.0,96.81386
2025-03-29 02:00:00,14.0,84.975296
2025-03-29 03:00:00,15.0,84.70921
2025-03-29 04:00:00,24.0,104.67894
2025-03-29 05:00:00,56.0,139.07468
2025-03-29 06:00:00,122.0,185.06561
2025-03-29 07:00:00,187.0,238.57767
2025-03-29 08:00:00,328.0,298.14105
2025-03-29 09:00:00,377.0,357.53253
2025-03-29 10:00:00,497.0,414.27063
2025-03-29 11:00:00,498.0,463.09796
2025-03-29 12:00:00,499.0,502.6916
2025-03-29 13:00:00,536.0,527.84985
2025-03-29 14:00:00,531.0,539.3368
2025-03-29 15:00:00,513.0,539.1688
2025-03-29 16:00:00,523.0,514.4301
2025-03-29 17:00:00,581.0,488.13138
2025-03-29 18:00:00,442.0,427.76138
2025-03-29 19:00:00,343.0,386.81177
2025-03-29 20:00:00,294.0,323.11496
2025-03-29 21:00:00,264.0,259.07587
2025-03-29 22:00:00,182.0,207.9289
2025-03-29 23:00:00,123.0,158.28416
2025-03-30 00:00:00,99.0,122.22621
2025-03-30 01:00:00,66.0,87.843414
2025-03-30 02:00:00,0.0,86.3208
2025-03-30 03:00:00,27.0,89.6109
2025-03-30 04:00:00,37.0,107.031494
2025-03-30 05:00:00,30.0,142.44106
2025-03-30 06:00:00,62.0,188.71332
2025-03-30 07:00:00,69.0,255.7998
2025-03-30 08:00:00,131.0,317.43878
2025-03-30 09:00:00,254.0,379.53464
2025-03-30 10:00:00,389.0,438.51865
2025-03-30 11:00:00,485.0,491.2194
2025-03-30 12:00:00,550.0,531.4606
2025-03-30 13:00:00,645.0,558.5143
2025-03-30 14:00:00,719.0,563.99304
2025-03-30 15:00:00,802.0,559.8125
2025-03-30 16:00:00,923.0,538.77814
2025-03-30 17:00:00,865.0,503.08105
2025-03-30 18:00:00,620.0,456.3722
2025-03-30 19:00:00,498.0,400.59967
2025-03-30 20:00:00,493.0,333.84683
2025-03-30 21:00:00,495.0,273.71558
2025-03-30 22:00:00,480.0,216.25961
2025-03-30 23:00:00,419.0,165.08685
2025-03-31 00:00:00,127.0,99.1725
2025-03-31 01:00:00,64.0,73.57768
2025-03-31 02:00:00,35.0,62.393967
2025-03-31 03:00:00,33.0,66.3389
2025-03-31 04:00:00,74.0,86.16069
2025-03-31 05:00:00,247.0,119.60562
2025-03-31 06:00:00,588.0,164.3499
2025-03-31 07:00:00,618.0,223.97452
2025-03-31 08:00:00,423.0,283.60095
2025-03-31 09:00:00,343.0,344.18607
2025-03-31 10:00:00,351.0,401.7459
2025-03-31 11:00:00,365.0,440.57373
2025-03-31 12:00:00,447.0,490.85583
2025-03-31 13:00:00,516.0,517.1748
2025-03-31 14:00:00,483.0,527.75555
2025-03-31 15:00:00,494.0,524.8395
2025-03-31 16:00:00,549.0,491.50546
2025-03-31 17:00:00,639.0,467.40128
2025-03-31 18:00:00,479.0,419.78467
2025-03-31 19:00:00,373.0,364.2304
2025-03-31 20:00:00,282.0,299.2239
2025-03-31 21:00:00,231.0,239.31094
2025-03-31 22:00:00,152.0,181.85493
2025-03-31 23:00:00,39.0,129.80905
2025-04-01 00:00:00,29.0,82.453735
2025-04-01 01:00:00,18.0,57.295486
2025-04-01 02:00:00,6.0,46.111755
2025-04-01 03:00:00,17.0,50.0567
2025-04-01 04:00:00,40.0,68.78708
2025-04-01 05:00:00,205.0,102.0137
2025-04-01 06:00:00,591.0,148.87434
2025-04-01 07:00:00,612.0,216.29361
2025-04-01 08:00:00,371.0,278.72314
2025-04-01 09:00:00,294.0,320.73535
2025-04-01 10:00:00,325.0,398.9232
2025-04-01 11:00:00,343.0,428.10925
2025-04-01 12:00:00,357.0,480.85873
2025-04-01 13:00:00,461.0,496.20013
2025-04-01 14:00:00,389.0,527.01855
2025-04-01 15:00:00,444.0,522.33887
2025-04-01 16:00:00,530.0,482.09576
2025-04-01 17:00:00,509.0,465.3612
2025-04-01 18:00:00,353.0,410.3626
2025-04-01 19:00:00,306.0,354.71515
2025-04-01 20:00:00,196.0,289.9269
2025-04-01 21:00:00,133.0,228.70422
2025-04-01 22:00:00,105.0,171.46649
2025-04-01 23:00:00,31.0,111.94237
2025-04-02 00:00:00,18.0,60.452744
2025-04-02 01:00:00,11.0,42.554443
2025-04-02 02:00:00,13.0,31.58899
2025-04-02 03:00:00,17.0,35.533936
2025-04-02 04:00:00,38.0,48.976562
2025-04-02 05:00:00,192.0,89.6738
2025-04-02 06:00:00,563.0,135.95941
2025-04-02 07:00:00,585.0,206.35486
2025-04-02 08:00:00,408.0,249.05261
2025-04-02 09:00:00,313.0,309.62042
2025-04-02 10:00:00,345.0,388.58917
2025-04-02 11:00:00,337.0,441.50818
2025-04-02 12:00:00,392.0,482.06482
2025-04-02 13:00:00,470.0,511.92828
2025-04-02 14:00:00,419.0,525.73145
2025-04-02 15:00:00,390.0,522.2231
2025-04-02 16:00:00,548.0,502.83783
2025-04-02 17:00:00,548.0,468.30145
2025-04-02 18:00:00,371.0,411.80945
2025-04-02 19:00:00,255.0,354.59933
2025-04-02 20:00:00,166.0,287.62823
2025-04-02 21:00:00,136.0,225.31413
2025-04-02 22:00:00,102.0,166.33008
2025-04-02 23:00:00,44.0,115.812195
2025-04-03 00:00:00,27.0,102.33661
2025-04-03 01:00:00,8.0,75.650375
2025-04-03 02:00:00,6.0,63.593506
2025-04-03 03:00:00,18.0,68.411575
2025-04-03 04:00:00,40.0,88.23337
2025-04-03 05:00:00,202.0,121.241745
2025-04-03 06:00:00,581.0,160.25012
2025-04-03 07:00:00,609.0,236.17651
2025-04-03 08:00:00,373.0,279.75504
2025-04-03 09:00:00,304.0,359.4268
2025-04-03 10:00:00,339.0,418.84738
2025-04-03 11:00:00,327.0,471.5481
2025-04-03 12:00:00,352.0,513.53564
2025-04-03 13:00:00,377.0,542.62305
2025-04-03 14:00:00,461.0,557.29944
2025-04-03 15:00:00,450.0,554.8825
2025-04-03 16:00:00,530.0,533.31433
2025-04-03 17:00:00,534.0,496.5951
2025-04-03 18:00:00,416.0,441.48203
2025-04-03 19:00:00,291.0,383.11127
2025-04-03 20:00:00,194.0,315.92188
2025-04-03 21:00:00,137.0,255.57236
2025-04-03 22:00:00,141.0,197.89804
2025-04-03 23:00:00,66.0,146.94359
2025-04-04 00:00:00,26.0,104.90924
2025-04-04 01:00:00,24.0,78.44125
2025-04-04 02:00:00,28.0,65.292984
2025-04-04 03:00:00,17.0,69.45618
2025-04-04 04:00:00,38.0,88.62309
2025-04-04 05:00:00,185.0,121.1949
2025-04-04 06:00:00,475.0,160.24458
2025-04-04 07:00:00,490.0,218.32785
2025-04-04 08:00:00,401.0,298.37555
2025-04-04 09:00:00,305.0,361.7811
2025-04-04 10:00:00,361.0,422.948
2025-04-04 11:00:00,367.0,474.77557
2025-04-04 12:00:00,458.0,516.76306
2025-04-04 13:00:00,425.0,545.6323
2025-04-04 14:00:00,561.0,559.4355
2025-04-04 15:00:00,554.0,555.70886
2025-04-04 16:00:00,612.0,535.2322
2025-04-04 17:00:00,667.0,500.47742
2025-04-04 18:00:00,487.0,430.39236
2025-04-04 19:00:00,342.0,385.6839
2025-04-04 20:00:00,266.0,317.40305
2025-04-04 21:00:00,204.0,257.70837
2025-04-04 22:00:00,154.0,199.16093
2025-04-04 23:00:00,107.0,147.33331
2025-04-05 00:00:00,50.0,137.55132
2025-04-05 01:00:00,36.0,110.64674
2025-04-05 02:00:00,16.0,98.589874
2025-04-05 03:00:00,16.0,102.971375
2025-04-05 04:00:00,26.0,122.13832
2025-04-05 05:00:00,38.0,154.27356
2025-04-05 06:00:00,128.0,196.84079
2025-04-05 07:00:00,217.0,272.04605
2025-04-05 08:00:00,323.0,333.85535
2025-04-05 09:00:00,428.0,395.29636
2025-04-05 10:00:00,471.0,455.37177
2025-04-05 11:00:00,456.0,507.85425
2025-04-05 12:00:00,435.0,550.4966
2025-04-05 13:00:00,534.0,578.9292
2025-04-05 14:00:00,519.0,591.4226
2025-04-05 15:00:00,576.0,586.60455
2025-04-05 16:00:00,634.0,566.3462
2025-04-05 17:00:00,615.0,531.7579
2025-04-05 18:00:00,488.0,461.79785
2025-04-05 19:00:00,393.0,416.1431
2025-04-05 20:00:00,335.0,349.17197
2025-04-05 21:00:00,247.0,287.731
2025-04-05 22:00:00,200.0,230.92989
2025-04-05 23:00:00,209.0,178.66566
2025-04-06 00:00:00,106.0,145.46944
2025-04-06 01:00:00,65.0,117.91
2025-04-06 02:00:00,49.0,104.7617
2025-04-06 03:00:00,41.0,98.60895
2025-04-06 04:00:00,22.0,124.817535
2025-04-06 05:00:00,28.0,155.86134
2025-04-06 06:00:00,49.0,201.91809
2025-04-06 07:00:00,91.0,267.74005
2025-04-06 08:00:00,163.0,328.67624
2025-04-06 09:00:00,329.0,389.46234
2025-04-06 10:00:00,447.0,449.53778
2025-04-06 11:00:00,512.0,499.83734
2025-04-06 12:00:00,531.0,539.8603
2025-04-06 13:00:00,647.0,567.2014
2025-04-06 14:00:00,760.0,578.38513
2025-04-06 15:00:00,797.0,573.7854
2025-04-06 16:00:00,831.0,552.6538
2025-04-06 17:00:00,764.0,515.9346
2025-04-06 18:00:00,697.0,446.52167
2025-04-06 19:00:00,535.0,402.66904
2025-04-06 20:00:00,503.0,336.57104
2025-04-06 21:00:00,523.0,275.34836
2025-04-06 22:00:00,340.0,216.58267
2025-04-06 23:00:00,131.0,164.53674
2025-04-07 00:00:00,81.0,98.42799
2025-04-07 01:00:00,24.0,70.65027
2025-04-07 02:00:00,27.0,59.903137
2025-04-07 03:00:00,37.0,62.9749
2025-04-07 04:00:00,54.0,82.57843
2025-04-07 05:00:00,223.0,117.11481
2025-04-07 06:00:00,590.0,156.90588
2025-04-07 07:00:00,635.0,233.35928
2025-04-07 08:00:00,448.0,274.7473
2025-04-07 09:00:00,308.0,357.04614
2025-04-07 10:00:00,406.0,416.03015
2025-04-07 11:00:00,452.0,468.9492
2025-04-07 12:00:00,390.0,512.02814
2025-04-07 13:00:00,456.0,539.58765
2025-04-07 14:00:00,402.0,553.1725
2025-04-07 15:00:00,459.0,549.6641
2025-04-07 16:00:00,545.0,528.9692
2025-04-07 17:00:00,543.0,492.90472
2025-04-07 18:00:00,428.0,423.25623
2025-04-07 19:00:00,328.0,378.98434
2025-04-07 20:00:00,269.0,311.57666
2025-04-07 21:00:00,191.0,251.4454
2025-04-07 22:00:00,41.0,192.2431
2025-04-07 23:00:00,15.0,133.59212
2025-04-08 00:00:00,12.0,80.94359
2025-04-08 01:00:00,8.0,53.602417
2025-04-08 02:00:00,5.0,41.982147
2025-04-08 03:00:00,9.0,46.145355
2025-04-08 04:00:00,16.0,65.530594
2025-04-08 05:00:00,171.0,99.19382
2025-04-08 06:00:00,588.0,148.26132
2025-04-08 07:00:00,575.0,197.19989
2025-04-08 08:00:00,433.0,277.2476
2025-04-08 09:00:00,326.0,339.78
2025-04-08 10:00:00,340.0,398.9823
2025-04-08 11:00:00,377.0,452.33792
2025-04-08 12:00:00,333.0,493.45227
2025-04-08 13:00:00,465.0,522.3215
2025-04-08 14:00:00,459.0,534.5966
2025-04-08 15:00:00,467.0,531.08826
2025-04-08 16:00:00,492.0,510.82983
2025-04-08 17:00:00,542.0,476.73004
2025-04-08 18:00:00,416.0,421.215
2025-04-08 19:00:00,310.0,363.68277
2025-04-08 20:00:00,196.0,295.18365
2025-04-08 21:00:00,171.0,233.30612
2025-04-08 22:00:00,41.0,174.1038
2025-04-08 23:00:00,15.0,125.11395
2025-04-09 00:00:00,12.0,73.6479
2025-04-09 01:00:00,7.0,46.525085
2025-04-09 02:00:00,6.0,34.46817
2025-04-09 03:00:00,13.0,38.63141
2025-04-09 04:00:00,15.0,59.108078
2025-04-09 05:00:00,215.0,92.33472
2025-04-09 06:00:00,596.0,141.17723
2025-04-09 07:00:00,572.0,208.73888
2025-04-09 08:00:00,388.0,269.9519
2025-04-09 09:00:00,320.0,333.35748
2025-04-09 10:00:00,319.0,392.99637
2025-04-09 11:00:00,347.0,445.2605
2025-04-09 12:00:00,403.0,488.33945
2025-04-09 13:00:00,454.0,515.244
2025-04-09 14:00:00,429.0,527.08264
2025-04-09 15:00:00,481.0,522.7011
2025-04-09 16:00:00,510.0,502.44272
2025-04-09 17:00:00,555.0,466.5966
2025-04-09 18:00:00,472.0,411.11618
2025-04-09 19:00:00,299.0,354.42252
2025-04-09 20:00:00,216.0,286.14166
2025-04-09 21:00:00,168.0,224.919
2025-04-09 22:00:00,48.0,167.68127
2025-04-09 23:00:00,20.0,116.508514
2025-04-10 00:00:00,6.0,81.942505
2025-04-10 01:00:00,5.0,56.565964
2025-04-10 02:00:00,3.0,44.07254
2025-04-10 03:00:00,11.0,47.799164
2025-04-10 04:00:00,26.0,67.18439
2025-04-10 05:00:00,209.0,100.411026
2025-04-10 06:00:00,571.0,146.68329
2025-04-10 07:00:00,611.0,216.22957
2025-04-10 08:00:00,368.0,277.80997
2025-04-10 09:00:00,345.0,341.2155
2025-04-10 10:00:00,339.0,401.291
2025-04-10 11:00:00,381.0,453.9917
2025-04-10 12:00:00,409.0,495.76093
2025-04-10 13:00:00,386.0,523.10205
2025-04-10 14:00:00,409.0,536.0321
2025-04-10 15:00:00,526.0,530.9957
2025-04-10 16:00:00,540.0,511.1739
2025-04-10 17:00:00,579.0,476.20093
2025-04-10 18:00:00,393.0,427.44495
2025-04-10 19:00:00,334.0,362.49884
2025-04-10 20:00:00,226.0,296.61917
2025-04-10 21:00:00,201.0,231.9039
2025-04-10 22:00:00,41.0,174.22958
2025-04-10 23:00:00,19.0,122.83855
2025-04-11 00:00:00,10.0,103.25116
2025-04-11 01:00:00,4.0,75.473434
2025-04-11 02:00:00,5.0,63.416595
2025-04-11 03:00:00,9.0,67.36153
2025-04-11 04:00:00,5.0,86.74672
2025-04-11 05:00:00,174.0,119.53682
2025-04-11 06:00:00,510.0,170.21886
2025-04-11 07:00:00,495.0,237.74591
2025-04-11 08:00:00,351.0,299.7735
2025-04-11 09:00:00,350.0,363.17905
2025-04-11 10:00:00,378.0,423.6911
2025-04-11 11:00:00,416.0,476.82837
2025-04-11 12:00:00,426.0,518.8159
2025-04-11 13:00:00,499.0,546.81195
2025-04-11 14:00:00,476.0,559.3054
2025-04-11 15:00:00,541.0,556.0153
2025-04-11 16:00:00,648.0,536.63007
2025-04-11 17:00:00,507.0,501.87537
2025-04-11 18:00:00,518.0,452.71735
2025-04-11 19:00:00,263.0,386.427
2025-04-11 20:00:00,282.0,320.11072
2025-04-11 21:00:00,312.0,256.70517
2025-04-11 22:00:00,172.0,198.15775
2025-04-11 23:00:00,134.0,148.51297
2025-04-12 00:00:00,72.0,139.19072
2025-04-12 01:00:00,48.0,112.940994
2025-04-12 02:00:00,26.0,100.66585
2025-04-12 03:00:00,27.0,103.301056
2025-04-12 04:00:00,35.0,122.0314
2025-04-12 05:00:00,60.0,154.82152
2025-04-12 06:00:00,121.0,204.7276
2025-04-12 07:00:00,225.0,273.68542
2025-04-12 08:00:00,309.0,334.6216
2025-04-12 09:00:00,439.0,398.0272
2025-04-12 10:00:00,457.0,457.44775
2025-04-12 11:00:00,438.0,510.36676
2025-04-12 12:00:00,476.0,554.31885
2025-04-12 13:00:00,500.0,573.7443
2025-04-12 14:00:00,627.0,583.8059
2025-04-12 15:00:00,559.0,577.9137
2025-04-12 16:00:00,653.0,558.3275
2025-04-12 17:00:00,656.0,530.2201
2025-04-12 18:00:00,500.0,482.3958
2025-04-12 19:00:00,417.0,416.90933
2025-04-12 20:00:00,357.0,351.46622
2025-04-12 21:00:00,277.0,290.6801
2025-04-12 22:00:00,236.0,233.66072
2025-04-12 23:00:00,220.0,183.36108
2025-04-13 00:00:00,152.0,148.87814
2025-04-13 01:00:00,88.0,121.10042
2025-04-13 02:00:00,79.0,111.44472
2025-04-13 03:00:00,47.0,116.04451
2025-04-13 04:00:00,42.0,136.73946
2025-04-13 05:00:00,39.0,170.40271
2025-04-13 06:00:00,52.0,217.11157
2025-04-13 07:00:00,89.0,280.0105
2025-04-13 08:00:00,189.0,338.3272
2025-04-13 09:00:00,353.0,397.14874
2025-04-13 10:00:00,492.0,454.3864
2025-04-13 11:00:00,575.0,504.7033
2025-04-13 12:00:00,616.0,543.1809
2025-04-13 13:00:00,623.0,569.43066
2025-04-13 14:00:00,568.0,581.2693
2025-04-13 15:00:00,607.0,577.6531
2025-04-13 16:00:00,645.0,557.67554
2025-04-13 17:00:00,647.0,529.8423
2025-04-13 18:00:00,554.0,475.7235
2025-04-13 19:00:00,464.0,418.5201
2025-04-13 20:00:00,471.0,353.51358
2025-04-13 21:00:00,377.0,293.60062
2025-04-13 22:00:00,250.0,236.58122
2025-04-13 23:00:00,135.0,186.71819
2025-04-14 00:00:00,73.0,121.94194
2025-04-14 01:00:00,26.0,95.692245
2025-04-14 02:00:00,16.0,77.89636
2025-04-14 03:00:00,24.0,86.48889
2025-04-14 04:00:00,62.0,106.74722
2025-04-14 05:00:00,221.0,135.98846
2025-04-14 06:00:00,593.0,186.17587
2025-04-14 07:00:00,586.0,246.45535
2025-04-14 08:00:00,448.0,307.31946
2025-04-14 09:00:00,331.0,375.10294
2025-04-14 10:00:00,322.0,433.65036
2025-04-14 11:00:00,405.0,486.1328
2025-04-14 12:00:00,409.0,526.5923
2025-04-14 13:00:00,517.0,555.46155
2025-04-14 14:00:00,477.0,567.61554
2025-04-14 15:00:00,435.0,563.08496
2025-04-14 16:00:00,538.0,541.8429
2025-04-14 17:00:00,591.0,500.26385
2025-04-14 18:00:00,437.0,452.37704
2025-04-14 19:00:00,293.0,395.07654
2025-04-14 20:00:00,239.0,328.1054
2025-04-14 21:00:00,181.0,266.44617
2025-04-14 22:00:00,91.0,209.64505
2025-04-14 23:00:00,81.0,160.00026
2025-04-15 00:00:00,34.0,99.022995
2025-04-15 01:00:00,16.0,73.42816
2025-04-15 02:00:00,16.0,61.5896
2025-04-15 03:00:00,19.0,66.84425
2025-04-15 04:00:00,46.0,86.66603
2025-04-15 05:00:00,222.0,123.16702
2025-04-15 06:00:00,572.0,167.693
2025-04-15 07:00:00,578.0,228.1908
2025-04-15 08:00:00,365.0,288.25378
2025-04-15 09:00:00,283.0,348.385
2025-04-15 10:00:00,350.0,407.85754
2025-04-15 11:00:00,374.0,458.54846
2025-04-15 12:00:00,415.0,498.74442
2025-04-15 13:00:00,412.0,532.255
2025-04-15 14:00:00,438.0,544.3119
2025-04-15 15:00:00,465.0,539.99963
2025-04-15 16:00:00,462.0,520.6144
2025-04-15 17:00:00,559.0,485.60675
2025-04-15 18:00:00,368.0,430.78516
2025-04-15 19:00:00,273.0,372.37585
2025-04-15 20:00:00,195.0,306.2779
2025-04-15 21:00:00,174.0,244.18207
2025-04-15 22:00:00,118.0,186.94434
2025-04-15 23:00:00,56.0,139.70078
2025-04-16 00:00:00,25.0,87.60231
2025-04-16 01:00:00,22.0,60.479492
2025-04-16 02:00:00,8.0,48.85919
2025-04-16 03:00:00,27.0,52.804108
2025-04-16 04:00:00,55.0,71.971054
2025-04-16 05:00:00,199.0,105.21501
2025-04-16 06:00:00,569.0,152.93819
2025-04-16 07:00:00,581.0,220.78732
2025-04-16 08:00:00,362.0,282.0043
2025-04-16 09:00:00,323.0,345.4272
2025-04-16 10:00:00,360.0,402.97366
2025-04-16 11:00:00,401.0,453.52612
2025-04-16 12:00:00,376.0,484.1399
2025-04-16 13:00:00,507.0,506.8451
2025-04-16 14:00:00,527.0,514.3179
2025-04-16 15:00:00,452.0,506.6621
2025-04-16 16:00:00,347.0,483.56598
2025-04-16 17:00:00,431.0,449.46613
2025-04-16 18:00:00,362.0,403.41217
2025-04-16 19:00:00,282.0,348.94934
2025-04-16 20:00:00,150.0,279.08423
2025-04-16 21:00:00,121.0,218.22052
2025-04-16 22:00:00,95.0,162.08879
2025-04-16 23:00:00,91.0,112.57744
2025-04-17 00:00:00,15.0,79.4841
2025-04-17 01:00:00,50.0,54.0372
2025-04-17 02:00:00,61.0,44.55133
2025-04-17 03:00:00,31.0,48.18576
2025-04-17 04:00:00,57.0,68.373795
2025-04-17 05:00:00,187.0,102.84714
2025-04-17 06:00:00,519.0,147.21785
2025-04-17 07:00:00,502.0,201.09619
2025-04-17 08:00:00,362.0,260.58194
2025-04-17 09:00:00,303.0,320.55795
2025-04-17 10:00:00,323.0,388.98514
2025-04-17 11:00:00,401.0,438.62982
2025-04-17 12:00:00,403.0,466.66046
2025-04-17 13:00:00,468.0,491.90363
2025-04-17 14:00:00,448.0,513.46674
2025-04-17 15:00:00,480.0,508.86694
2025-04-17 16:00:00,525.0,487.73538
2025-04-17 17:00:00,478.0,452.7624
2025-04-17 18:00:00,466.0,405.76498
2025-04-17 19:00:00,374.0,340.9228
2025-04-17 20:00:00,211.0,280.99316
2025-04-17 21:00:00,174.0,226.38269
2025-04-17 22:00:00,139.0,165.22983
2025-04-17 23:00:00,111.0,120.59163
2025-04-18 00:00:00,47.0,46.042816
2025-04-18 01:00:00,27.0,20.300018
2025-04-18 02:00:00,31.0,10.426025
2025-04-18 03:00:00,17.0,14.807526
2025-04-18 04:00:00,30.0,34.41107
2025-04-18 05:00:00,47.0,68.94742
2025-04-18 06:00:00,73.0,115.21971
2025-04-18 07:00:00,120.0,175.49916
2025-04-18 08:00:00,179.0,235.78047
2025-04-18 09:00:00,280.0,296.56653
2025-04-18 10:00:00,356.0,354.45917
2025-04-18 11:00:00,404.0,403.88553
2025-04-18 12:00:00,384.0,442.59875
2025-04-18 13:00:00,408.0,468.6302
2025-04-18 14:00:00,460.0,479.5956
2025-04-18 15:00:00,391.0,474.12268
2025-04-18 16:00:00,544.0,455.89417
2025-04-18 17:00:00,494.0,426.3186
2025-04-18 18:00:00,494.0,373.75174
2025-04-18 19:00:00,339.0,315.10022
2025-04-18 20:00:00,266.0,249.87543
2025-04-18 21:00:00,219.0,189.30762
2025-04-18 22:00:00,156.0,132.06992
2025-04-18 23:00:00,99.0,82.425186
2025-04-19 00:00:00,73.0,128.10834
2025-04-19 01:00:00,47.0,102.51347
2025-04-19 02:00:00,35.0,90.02005
2025-04-19 03:00:00,45.0,94.61986
2025-04-19 04:00:00,39.0,115.31477
2025-04-19 05:00:00,61.0,149.21362
2025-04-19 06:00:00,104.0,198.17459
2025-04-19 07:00:00,210.0,260.42532
2025-04-19 08:00:00,299.0,327.68668
2025-04-19 09:00:00,423.0,390.87396
2025-04-19 10:00:00,445.0,450.9494
2025-04-19 11:00:00,437.0,505.833
2025-04-19 12:00:00,432.0,548.6937
2025-04-19 13:00:00,384.0,579.0909
2025-04-19 14:00:00,384.0,593.7672
2025-04-19 15:00:00,408.0,589.16736
2025-04-19 16:00:00,468.0,568.909
2025-04-19 17:00:00,459.0,534.137
2025-04-19 18:00:00,435.0,479.64417
2025-04-19 19:00:00,393.0,422.6351
2025-04-19 20:00:00,354.0,355.2274
2025-04-19 21:00:00,274.0,294.65958
2025-04-19 22:00:00,235.0,233.92929
2025-04-19 23:00:00,158.0,181.88336
2025-04-20 00:00:00,89.0,144.80263
2025-04-20 01:00:00,46.0,118.334625
2025-04-20 02:00:00,36.0,108.8972
2025-04-20 03:00:00,27.0,113.71529
2025-04-20 04:00:00,34.0,132.88222
2025-04-20 05:00:00,40.0,165.67232
2025-04-20 06:00:00,62.0,212.686
2025-04-20 07:00:00,89.0,272.69528
2025-04-20 08:00:00,185.0,334.24106
2025-04-20 09:00:00,366.0,402.0631
2025-04-20 10:00:00,494.0,453.14865
2025-04-20 11:00:00,505.0,501.04706
2025-04-20 12:00:00,444.0,520.2759
2025-04-20 13:00:00,488.0,546.45526
2025-04-20 14:00:00,456.0,568.4622
2025-04-20 15:00:00,460.0,571.7156
2025-04-20 16:00:00,498.0,551.91113
2025-04-20 17:00:00,439.0,512.1889
2025-04-20 18:00:00,356.0,465.73688
2025-04-20 19:00:00,367.0,408.76913
2025-04-20 20:00:00,391.0,341.5797
2025-04-20 21:00:00,425.0,281.23016
2025-04-20 22:00:00,398.0,223.7742
2025-04-20 23:00:00,241.0,173.69287
2025-04-21 00:00:00,157.0,169.92271
2025-04-21 01:00:00,152.0,145.4193
2025-04-21 02:00:00,108.0,135.7636
2025-04-21 03:00:00,72.0,139.70853
2025-04-21 04:00:00,63.0,159.31204
2025-04-21 05:00:00,81.0,192.10214
2025-04-21 06:00:00,121.0,239.00136
2025-04-21 07:00:00,152.0,308.99478
2025-04-21 08:00:00,273.0,373.4303
2025-04-21 09:00:00,464.0,439.21973
2025-04-21 10:00:00,534.0,489.1552
2025-04-21 11:00:00,504.0,538.9317
2025-04-21 12:00:00,445.0,584.32007
2025-04-21 13:00:00,514.0,605.02734
2025-04-21 14:00:00,492.0,614.6071
2025-04-21 15:00:00,518.0,611.59393
2025-04-21 16:00:00,497.0,587.66876
2025-04-21 17:00:00,550.0,556.0299
2025-04-21 18:00:00,453.0,493.28015
2025-04-21 19:00:00,394.0,437.19897
2025-04-21 20:00:00,391.0,380.67023
2025-04-21 21:00:00,319.0,321.4121
2025-04-21 22:00:00,311.0,265.04758
2025-04-21 23:00:00,400.0,216.64221
2025-04-22 00:00:00,282.0,93.89877
2025-04-22 01:00:00,86.0,68.08562
2025-04-22 02:00:00,60.0,57.556778
2025-04-22 03:00:00,56.0,62.374847
2025-04-22 04:00:00,100.0,81.32349
2025-04-22 05:00:00,237.0,115.64159
2025-04-22 06:00:00,608.0,161.36282
2025-04-22 07:00:00,655.0,222.86554
2025-04-22 08:00:00,407.0,284.85455
2025-04-22 09:00:00,449.0,354.04492
2025-04-22 10:00:00,436.0,412.81067
2025-04-22 11:00:00,408.0,463.69586
2025-04-22 12:00:00,445.0,504.13806
2025-04-22 13:00:00,475.0,531.56573
2025-04-22 14:00:00,444.0,543.18604
2025-04-22 15:00:00,448.0,538.5796
2025-04-22 16:00:00,571.0,519.02795
2025-04-22 17:00:00,547.0,476.65564
2025-04-22 18:00:00,481.0,429.13617
2025-04-22 19:00:00,373.0,370.7442
2025-04-22 20:00:00,337.0,302.68164
2025-04-22 21:00:00,349.0,241.67726
2025-04-22 22:00:00,218.0,184.00296
2025-04-22 23:00:00,154.0,134.35823
2025-04-23 00:00:00,66.0,84.681946
2025-04-23 01:00:00,33.0,57.559097
2025-04-23 02:00:00,33.0,46.59366
2025-04-23 03:00:00,33.0,49.01059
2025-04-23 04:00:00,52.0,68.39581
2025-04-23 05:00:00,226.0,102.50229
2025-04-23 06:00:00,575.0,153.51707
2025-04-23 07:00:00,553.0,220.4864
2025-04-23 08:00:00,421.0,281.64084
2025-04-23 09:00:00,365.0,343.51837
2025-04-23 10:00:00,347.0,403.59387
2025-04-23 11:00:00,443.0,455.858
2025-04-23 12:00:00,422.0,496.31747
2025-04-23 13:00:00,488.0,522.7163
2025-04-23 14:00:00,495.0,533.526
2025-04-23 15:00:00,458.0,522.0779
2025-04-23 16:00:00,567.0,495.92572
2025-04-23 17:00:00,595.0,445.81476
2025-04-23 18:00:00,455.0,397.3378
2025-04-23 19:00:00,376.0,345.1719
2025-04-23 20:00:00,256.0,287.04688
2025-04-23 21:00:00,147.0,224.10452
2025-04-23 22:00:00,170.0,163.60449
2025-04-23 23:00:00,82.0,118.81108
2025-04-24 00:00:00,15.0,81.02786
2025-04-24 01:00:00,55.0,59.932663
2025-04-24 02:00:00,39.0,49.25589
2025-04-24 03:00:00,43.0,54.292236
2025-04-24 04:00:00,49.0,75.205444
2025-04-24 05:00:00,210.0,109.08699
2025-04-24 06:00:00,566.0,156.2324
2025-04-24 07:00:00,560.0,216.51192
2025-04-24 08:00:00,380.0,276.72287
2025-04-24 09:00:00,378.0,337.36102
2025-04-24 10:00:00,368.0,395.6902
2025-04-24 11:00:00,452.0,446.208
2025-04-24 12:00:00,500.0,485.3924
2025-04-24 13:00:00,519.0,511.38922
2025-04-24 14:00:00,422.0,520.4593
2025-04-24 15:00:00,484.0,514.69885
2025-04-24 16:00:00,515.0,494.00388
2025-04-24 17:00:00,536.0,458.8126
2025-04-24 18:00:00,467.0,412.32208
2025-04-24 19:00:00,299.0,356.98608
2025-04-24 20:00:00,265.0,290.56766
2025-04-24 21:00:00,306.0,229.66547
2025-04-24 22:00:00,227.0,173.51918
2025-04-24 23:00:00,128.0,124.45897
2025-04-25 00:00:00,72.0,101.00636
2025-04-25 01:00:00,33.0,74.89003
2025-04-25 02:00:00,19.0,63.924637
2025-04-25 03:00:00,35.0,69.99667
2025-04-25 04:00:00,50.0,91.5163
2025-04-25 05:00:00,207.0,123.32645
2025-04-25 06:00:00,508.0,169.66905
2025-04-25 07:00:00,468.0,234.73685
2025-04-25 08:00:00,366.0,283.899
2025-04-25 09:00:00,409.0,354.56485
2025-04-25 10:00:00,490.0,402.62143
2025-04-25 11:00:00,488.0,451.57733
2025-04-25 12:00:00,358.0,490.02124
2025-04-25 13:00:00,536.0,527.1756
2025-04-25 14:00:00,513.0,537.8468
2025-04-25 15:00:00,511.0,534.13354
2025-04-25 16:00:00,597.0,520.37067
2025-04-25 17:00:00,545.0,487.01886
2025-04-25 18:00:00,559.0,434.00214
2025-04-25 19:00:00,452.0,377.68256
2025-04-25 20:00:00,434.0,310.05655
2025-04-25 21:00:00,334.0,249.70703
2025-04-25 22:00:00,306.0,192.4693
2025-04-25 23:00:00,229.0,144.35257
2025-04-26 00:00:00,114.0,137.47365
2025-04-26 01:00:00,63.0,112.09708
2025-04-26 02:00:00,55.0,101.34993
2025-04-26 03:00:00,59.0,105.29486
2025-04-26 04:00:00,63.0,126.862976
2025-04-26 05:00:00,83.0,160.30794
2025-04-26 06:00:00,130.0,207.88995
2025-04-26 07:00:00,259.0,268.3877
2025-04-26 08:00:00,357.0,329.4517
2025-04-26 09:00:00,478.0,391.09366
2025-04-26 10:00:00,495.0,449.04877
2025-04-26 11:00:00,481.0,499.7157
2025-04-26 12:00:00,438.0,539.3779
2025-04-26 13:00:00,457.0,572.70886
2025-04-26 14:00:00,492.0,584.11084
2025-04-26 15:00:00,508.0,573.7742
2025-04-26 16:00:00,515.0,553.83124
2025-04-26 17:00:00,567.0,518.7651
2025-04-26 18:00:00,475.0,471.18304
2025-04-26 19:00:00,417.0,414.31912
2025-04-26 20:00:00,437.0,349.0943
2025-04-26 21:00:00,491.0,286.99844
2025-04-26 22:00:00,447.0,228.23276
2025-04-26 23:00:00,260.0,178.80629
2025-04-27 00:00:00,188.0,142.837
2025-04-27 01:00:00,175.0,116.15073
2025-04-27 02:00:00,93.0,105.18529
2025-04-27 03:00:00,82.0,110.876526
2025-04-27 04:00:00,54.0,132.22635
2025-04-27 05:00:00,61.0,166.10788
2025-04-27 06:00:00,102.0,211.72531
2025-04-27 07:00:00,149.0,271.7865
2025-04-27 08:00:00,301.0,330.97635
2025-04-27 09:00:00,403.0,391.98077
2025-04-27 10:00:00,480.0,458.215
2025-04-27 11:00:00,540.0,509.42902
2025-04-27 12:00:00,491.0,550.98
2025-04-27 13:00:00,539.0,577.8846
2025-04-27 14:00:00,512.0,590.0386
2025-04-27 15:00:00,570.0,585.67444
2025-04-27 16:00:00,667.0,565.9564
2025-04-27 17:00:00,709.0,531.25757
2025-04-27 18:00:00,613.0,479.12732
2025-04-27 19:00:00,539.0,421.2105
2025-04-27 20:00:00,533.0,355.5491
2025-04-27 21:00:00,460.0,294.5447
2025-04-27 22:00:00,299.0,237.08873
2025-04-27 23:00:00,206.0,185.26108
2025-04-28 00:00:00,123.0,119.21637
2025-04-28 01:00:00,70.0,91.438644
2025-04-28 02:00:00,50.0,79.818375
2025-04-28 03:00:00,57.0,83.98163
2025-04-28 04:00:00,78.0,102.71193
2025-04-28 05:00:00,224.0,136.83574
2025-04-28 06:00:00,550.0,186.74182
2025-04-28 07:00:00,511.0,253.27454
2025-04-28 08:00:00,414.0,314.2107
2025-04-28 09:00:00,394.0,377.61627
2025-04-28 10:00:00,406.0,437.03683
2025-04-28 11:00:00,417.0,489.0827
2025-04-28 12:00:00,383.0,531.2885
2025-04-28 13:00:00,518.0,560.1577
2025-04-28 14:00:00,409.0,572.6511
2025-04-28 15:00:00,527.0,568.26965
2025-04-28 16:00:00,607.0,548.4478
2025-04-28 17:00:00,623.0,511.45163
2025-04-28 18:00:00,517.0,464.0014
2025-04-28 19:00:00,329.0,399.55444
2025-04-28 20:00:00,261.0,333.2382
2025-04-28 21:00:00,226.0,269.61435
2025-04-28 22:00:00,189.0,212.15836
2025-04-28 23:00:00,84.0,162.07701
2025-04-29 00:00:00,56.0,100.267334
2025-04-29 01:00:00,30.0,74.672485
2025-04-29 02:00:00,26.0,61.742477
2025-04-29 03:00:00,28.0,65.250824
2025-04-29 04:00:00,47.0,83.98123
2025-04-29 05:00:00,202.0,119.36949
2025-04-29 06:00:00,559.0,169.75735
2025-04-29 07:00:00,579.0,236.50839
2025-04-29 08:00:00,402.0,298.53598
2025-04-29 09:00:00,370.0,359.97693
2025-04-29 10:00:00,369.0,420.2707
2025-04-29 11:00:00,293.0,473.1897
2025-04-29 12:00:00,369.0,516.05035
2025-04-29 13:00:00,397.0,544.26465
2025-04-29 14:00:00,439.0,556.53986
2025-04-29 15:00:00,454.0,551.7218
2025-04-29 16:00:00,563.0,531.66437
2025-04-29 17:00:00,608.0,495.00763
2025-04-29 18:00:00,572.0,447.81027
2025-04-29 19:00:00,371.0,383.87973
2025-04-29 20:00:00,226.0,316.25375
2025-04-29 21:00:00,173.0,253.50305
2025-04-29 22:00:00,136.0,193.86417
2025-04-29 23:00:00,78.0,141.3817
2025-04-30 00:00:00,45.0,88.013794
2025-04-30 01:00:00,29.0,63.292114
2025-04-30 02:00:00,19.0,50.36209
2025-04-30 03:00:00,29.0,54.5253
2025-04-30 04:00:00,46.0,73.91054
2025-04-30 05:00:00,212.0,108.64392
2025-04-30 06:00:00,545.0,159.46835
2025-04-30 07:00:00,532.0,226.00111
2025-04-30 08:00:00,386.0,287.3738
2025-04-30 09:00:00,337.0,350.3428
2025-04-30 10:00:00,356.0,409.9817
2025-04-30 11:00:00,405.0,463.77386
2025-04-30 12:00:00,423.0,504.66992
2025-04-30 13:00:00,487.0,533.10254
2025-04-30 14:00:00,482.0,546.03253
2025-04-30 15:00:00,499.0,541.2145
2025-04-30 16:00:00,567.0,521.61096
2025-04-30 17:00:00,606.0,486.63794
2025-04-30 18:00:00,505.0,437.30966
2025-04-30 19:00:00,408.0,370.0702
2025-04-30 20:00:00,270.0,302.69043
2025-04-30 21:00:00,224.0,243.21407
2025-04-30 22:00:00,220.0,185.97633
2025-04-30 23:00:00,81.0,131.74754
2025-05-01 00:00:00,19.0,116.52101
2025-05-01 01:00:00,46.0,88.743286
2025-05-01 02:00:00,57.0,76.24986
2025-05-01 03:00:00,26.0,79.9765
2025-05-01 04:00:00,57.0,99.361725
2025-05-01 05:00:00,173.0,135.00291
2025-05-01 06:00:00,496.0,185.79274
2025-05-01 07:00:00,473.0,252.32549
2025-05-01 08:00:00,348.0,314.7896
2025-05-01 09:00:00,465.0,377.97693
2025-05-01 10:00:00,485.0,438.7072
2025-05-01 11:00:00,429.0,490.31653
2025-05-01 12:00:00,447.0,532.7406
2025-05-01 13:00:00,510.0,561.1732
2025-05-01 14:00:00,475.0,573.01184
2025-05-01 15:00:00,654.0,568.63025
2025-05-01 16:00:00,770.0,548.8085
2025-05-01 17:00:00,867.0,514.0538
2025-05-01 18:00:00,725.0,464.2889
2025-05-01 19:00:00,490.0,398.14084
2025-05-01 20:00:00,364.0,330.10626
2025-05-01 21:00:00,286.0,266.91898
2025-05-01 22:00:00,172.0,208.58983
2025-05-01 23:00:00,136.0,158.50851
2025-05-02 00:00:00,84.0,130.62862
2025-05-02 01:00:00,40.0,103.94234
2025-05-02 02:00:00,35.0,92.32205
2025-05-02 03:00:00,34.0,96.48526
2025-05-02 04:00:00,53.0,116.088776
2025-05-02 05:00:00,183.0,153.07431
2025-05-02 06:00:00,466.0,203.17465
2025-05-02 07:00:00,421.0,269.7074
2025-05-02 08:00:00,382.0,331.95328
2025-05-02 09:00:00,397.0,396.88684
2025-05-02 10:00:00,497.0,456.30743
2025-05-02 11:00:00,436.0,508.135
2025-05-02 12:00:00,437.0,549.686
2025-05-02 13:00:00,532.0,577.46375
2025-05-02 14:00:00,628.0,589.95715
2025-05-02 15:00:00,595.0,586.2305
2025-05-02 16:00:00,468.0,565.75385
2025-05-02 17:00:00,797.0,524.86426
2025-05-02 18:00:00,616.0,473.7763
2025-05-02 19:00:00,533.0,414.4593
2025-05-02 20:00:00,467.0,347.92474
2025-05-02 21:00:00,428.0,285.82892
2025-05-02 22:00:00,288.0,226.40836
2025-05-02 23:00:00,207.0,176.76358
2025-05-03 00:00:00,139.0,169.46648
2025-05-03 01:00:00,81.0,146.27278
2025-05-03 02:00:00,49.0,132.03305
2025-05-03 03:00:00,52.0,137.72429
2025-05-03 04:00:00,47.0,157.98267
2025-05-03 05:00:00,74.0,189.68134
2025-05-03 06:00:00,127.0,235.22842
2025-05-03 07:00:00,258.0,294.0502
2025-05-03 08:00:00,331.0,343.43793
2025-05-03 09:00:00,475.0,413.3529
2025-05-03 10:00:00,568.0,471.0629
2025-05-03 11:00:00,495.0,522.01733
2025-05-03 12:00:00,322.0,561.42004
2025-05-03 13:00:00,325.0,589.4507
2025-05-03 14:00:00,295.0,602.32874
2025-05-03 15:00:00,358.0,597.7462
2025-05-03 16:00:00,400.0,577.1194
2025-05-03 17:00:00,513.0,549.1901
2025-05-03 18:00:00,420.0,495.60504
2025-05-03 19:00:00,384.0,438.2353
2025-05-03 20:00:00,399.0,370.6093
2025-05-03 21:00:00,410.0,311.35123
2025-05-03 22:00:00,452.0,254.91635
2025-05-03 23:00:00,465.0,204.0322
2025-05-04 00:00:00,327.0,169.17247
2025-05-04 01:00:00,180.0,146.34503
2025-05-04 02:00:00,122.0,134.79507
2025-05-04 03:00:00,80.0,137.79652
2025-05-04 04:00:00,79.0,151.25357
2025-05-04 05:00:00,61.0,188.88042
2025-05-04 06:00:00,112.0,234.13159
2025-05-04 07:00:00,188.0,295.0899
2025-05-04 08:00:00,335.0,362.1369
2025-05-04 09:00:00,448.0,422.92303
2025-05-04 10:00:00,530.0,482.82147
2025-05-04 11:00:00,559.0,529.7725
2025-05-04 12:00:00,451.0,545.44855
2025-05-04 13:00:00,445.0,581.6483
2025-05-04 14:00:00,459.0,579.31177
2025-05-04 15:00:00,566.0,577.9258
2025-05-04 16:00:00,611.0,553.46893
2025-05-04 17:00:00,664.0,520.20105
2025-05-04 18:00:00,528.0,471.2583
2025-05-04 19:00:00,435.0,416.13336
2025-05-04 20:00:00,416.0,357.45767
2025-05-04 21:00:00,399.0,297.99588
2025-05-04 22:00:00,396.0,238.84937
2025-05-04 23:00:00,375.0,188.83109
2025-05-05 00:00:00,352.0,127.81801
2025-05-05 01:00:00,371.0,97.50522
2025-05-05 02:00:00,286.0,87.35719
2025-05-05 03:00:00,76.0,93.66214
2025-05-05 04:00:00,118.0,113.7798
2025-05-05 05:00:00,282.0,147.88692
2025-05-05 06:00:00,584.0,191.80652
2025-05-05 07:00:00,620.0,245.9031
2025-05-05 08:00:00,366.0,304.87466
2025-05-05 09:00:00,330.0,364.27344
2025-05-05 10:00:00,269.0,419.0954
2025-05-05 11:00:00,351.0,467.48615
2025-05-05 12:00:00,252.0,505.62207
2025-05-05 13:00:00,501.0,529.7593
2025-05-05 14:00:00,510.0,550.6045
2025-05-05 15:00:00,356.0,534.8152
2025-05-05 16:00:00,470.0,513.3174
2025-05-05 17:00:00,468.0,489.75217
2025-05-05 18:00:00,415.0,443.91647
2025-05-05 19:00:00,325.0,389.45367
2025-05-05 20:00:00,280.0,325.10202
2025-05-05 21:00:00,331.0,266.2805
2025-05-05 22:00:00,287.0,210.35252
2025-05-05 23:00:00,141.0,161.58092
2025-05-06 00:00:00,95.0,103.06305
2025-05-06 01:00:00,58.0,77.83446
2025-05-06 02:00:00,59.0,67.37593
2025-05-06 03:00:00,68.0,67.63132
2025-05-06 04:00:00,96.0,87.375534
2025-05-06 05:00:00,203.0,122.440674
2025-05-06 06:00:00,550.0,167.68454
2025-05-06 07:00:00,569.0,231.9422
2025-05-06 08:00:00,359.0,280.4495
2025-05-06 09:00:00,333.0,351.33362
2025-05-06 10:00:00,353.0,407.69818
2025-05-06 11:00:00,343.0,457.12463
2025-05-06 12:00:00,402.0,496.0561
2025-05-06 13:00:00,368.0,522.0875
2025-05-06 14:00:00,434.0,533.053
2025-05-06 15:00:00,438.0,528.4532
2025-05-06 16:00:00,418.0,508.63135
2025-05-06 17:00:00,532.0,474.53152
2025-05-06 18:00:00,356.0,428.91412
2025-05-06 19:00:00,260.0,374.66962
2025-05-06 20:00:00,192.0,310.53622
2025-05-06 21:00:00,218.0,250.62328
2025-05-06 22:00:00,246.0,194.47699
2025-05-06 23:00:00,130.0,144.61397
2025-05-07 00:00:00,98.0,94.974106
2025-05-07 01:00:00,64.0,68.94273
2025-05-07 02:00:00,127.0,57.322433
2025-05-07 03:00:00,189.0,60.394226
2025-05-07 04:00:00,95.0,82.398865
2025-05-07 05:00:00,212.0,117.371826
2025-05-07 06:00:00,532.0,164.08067
2025-05-07 07:00:00,556.0,224.79675
2025-05-07 08:00:00,403.0,285.07803
2025-05-07 09:00:00,287.0,346.13434
2025-05-07 10:00:00,337.0,403.32016
2025-05-07 11:00:00,357.0,452.96484
2025-05-07 12:00:00,393.0,491.67804
2025-05-07 13:00:00,471.0,517.4912
2025-05-07 14:00:00,438.0,516.32367
2025-05-07 15:00:00,441.0,520.5122
2025-05-07 16:00:00,551.0,499.0144
2025-05-07 17:00:00,511.0,453.2885
2025-05-07 18:00:00,408.0,407.01627
2025-05-07 19:00:00,259.0,363.4543
2025-05-07 20:00:00,183.0,298.51813
2025-05-07 21:00:00,226.0,238.82346
2025-05-07 22:00:00,152.0,182.67717
2025-05-07 23:00:00,212.0,133.90558
2025-05-08 00:00:00,23.0,100.50989
2025-05-08 01:00:00,105.0,74.915054
2025-05-08 02:00:00,39.0,64.60451
2025-05-08 03:00:00,70.0,69.2043
2025-05-08 04:00:00,81.0,89.244354
2025-05-08 05:00:00,203.0,123.78075
2025-05-08 06:00:00,550.0,170.70789
2025-05-08 07:00:00,546.0,230.9874
2025-05-08 08:00:00,370.0,291.05038
2025-05-08 09:00:00,370.0,351.8365
2025-05-08 10:00:00,390.0,410.47717
2025-05-08 11:00:00,360.0,462.149
2025-05-08 12:00:00,402.0,503.04504
2025-05-08 13:00:00,416.0,528.8063
2025-05-08 14:00:00,524.0,538.35815
2025-05-08 15:00:00,386.0,533.32184
2025-05-08 16:00:00,509.0,513.0634
2025-05-08 17:00:00,515.0,478.0904
2025-05-08 18:00:00,404.0,431.38156
2025-05-08 19:00:00,274.0,375.82733
2025-05-08 20:00:00,189.0,309.5111
2025-05-08 21:00:00,252.0,248.72499
2025-05-08 22:00:00,288.0,191.92383
2025-05-08 23:00:00,133.0,141.62422
2025-05-09 00:00:00,89.0,121.023285
2025-05-09 01:00:00,48.0,94.99185
2025-05-09 02:00:00,53.0,82.49843
2025-05-09 03:00:00,56.0,87.534805
2025-05-09 04:00:00,81.0,108.011444
2025-05-09 05:00:00,173.0,141.89297
2025-05-09 06:00:00,444.0,188.5315
2025-05-09 07:00:00,442.0,237.7622
2025-05-09 08:00:00,332.0,297.03696
2025-05-09 09:00:00,329.0,356.72437
2025-05-09 10:00:00,413.0,424.78528
2025-05-09 11:00:00,393.0,475.9753
2025-05-09 12:00:00,466.0,516.8714
2025-05-09 13:00:00,459.0,545.0232
2025-05-09 14:00:00,484.0,556.2694
2025-05-09 15:00:00,530.0,550.3426
2025-05-09 16:00:00,572.0,530.0842
2025-05-09 17:00:00,533.0,495.76608
2025-05-09 18:00:00,435.0,450.14868
2025-05-09 19:00:00,309.0,393.7559
2025-05-09 20:00:00,248.0,324.78558
2025-05-09 21:00:00,214.0,263.5629
2025-05-09 22:00:00,164.0,205.88861
2025-05-09 23:00:00,146.0,155.37071
2025-05-10 00:00:00,70.0,148.08984
2025-05-10 01:00:00,50.0,121.621826
2025-05-10 02:00:00,34.0,110.438126
2025-05-10 03:00:00,24.0,115.0379
2025-05-10 04:00:00,38.0,134.20485
2025-05-10 05:00:00,61.0,170.63936
2025-05-10 06:00:00,121.0,220.19931
2025-05-10 07:00:00,232.0,286.73203
2025-05-10 08:00:00,321.0,348.10474
2025-05-10 09:00:00,457.0,411.72864
2025-05-10 10:00:00,487.0,471.14917
2025-05-10 11:00:00,431.0,522.9768
2025-05-10 12:00:00,495.0,564.96436
2025-05-10 13:00:00,514.0,592.9603
2025-05-10 14:00:00,570.0,605.8904
2025-05-10 15:00:00,595.0,601.2905
2025-05-10 16:00:00,618.0,581.687
2025-05-10 17:00:00,633.0,547.5872
2025-05-10 18:00:00,464.0,500.44177
2025-05-10 19:00:00,343.0,436.19577
2025-05-10 20:00:00,342.0,366.69568
2025-05-10 21:00:00,275.0,305.90958
2025-05-10 22:00:00,252.0,249.10846
2025-05-10 23:00:00,156.0,197.7174
2025-05-11 00:00:00,131.0,159.38098
2025-05-11 01:00:00,102.0,132.25812
2025-05-11 02:00:00,50.0,121.292694
2025-05-11 03:00:00,32.0,125.45592
2025-05-11 04:00:00,30.0,145.93257
2025-05-11 05:00:00,65.0,181.21706
2025-05-11 06:00:00,108.0,229.95578
2025-05-11 07:00:00,103.0,296.49515
2025-05-11 08:00:00,205.0,358.08618
2025-05-11 09:00:00,379.0,420.83688
2025-05-11 10:00:00,477.0,480.91235
2025-05-11 11:00:00,526.0,533.1765
2025-05-11 12:00:00,480.0,576.0372
2025-05-11 13:00:00,594.0,604.6881
2025-05-11 14:00:00,638.0,616.0901
2025-05-11 15:00:00,826.0,611.9268
2025-05-11 16:00:00,879.0,590.979
2025-05-11 17:00:00,828.0,556.04065
2025-05-11 18:00:00,425.0,508.45862
2025-05-11 19:00:00,294.0,442.55286
2025-05-11 20:00:00,189.0,372.74792
2025-05-11 21:00:00,277.0,311.08868
2025-05-11 22:00:00,369.0,252.75955
2025-05-11 23:00:00,309.0,203.11479
2025-05-12 00:00:00,99.0,138.1949
2025-05-12 01:00:00,54.0,113.25491
2025-05-12 02:00:00,32.0,101.63461
2025-05-12 03:00:00,31.0,107.10759
2025-05-12 04:00:00,64.0,125.40135
2025-05-12 05:00:00,267.0,159.2829
2025-05-12 06:00:00,559.0,207.1245
2025-05-12 07:00:00,676.0,267.89246
2025-05-12 08:00:00,445.0,327.2074
2025-05-12 09:00:00,336.0,387.86176
2025-05-12 10:00:00,388.0,446.53027
2025-05-12 11:00:00,381.0,498.6521
2025-05-12 12:00:00,418.0,538.1452
2025-05-12 13:00:00,487.0,571.7145
2025-05-12 14:00:00,474.0,584.2291
2025-05-12 15:00:00,448.0,570.8578
2025-05-12 16:00:00,515.0,534.73004
2025-05-12 17:00:00,549.0,495.63617
2025-05-12 18:00:00,394.0,448.4496
2025-05-12 19:00:00,295.0,391.36734
2025-05-12 20:00:00,191.0,332.26236
2025-05-12 21:00:00,155.0,271.01053
2025-05-12 22:00:00,124.0,218.62416
2025-05-12 23:00:00,90.0,164.76837
2025-05-13 00:00:00,39.0,111.34993
2025-05-13 01:00:00,24.0,85.536804
2025-05-13 02:00:00,18.0,73.98685
2025-05-13 03:00:00,20.0,79.45979
2025-05-13 04:00:00,53.0,98.626724
2025-05-13 05:00:00,230.0,133.59969
2025-05-13 06:00:00,584.0,182.39426
2025-05-13 07:00:00,536.0,242.11606
2025-05-13 08:00:00,381.0,309.00336
2025-05-13 09:00:00,335.0,372.22128
2025-05-13 10:00:00,307.0,429.6773
2025-05-13 11:00:00,336.0,481.66458
2025-05-13 12:00:00,370.0,514.23627
2025-05-13 13:00:00,320.0,541.5947
2025-05-13 14:00:00,446.0,553.81396
2025-05-13 15:00:00,434.0,547.8632
2025-05-13 16:00:00,482.0,535.38214
2025-05-13 17:00:00,494.0,493.57422
2025-05-13 18:00:00,368.0,446.4394
2025-05-13 19:00:00,233.0,390.4486
2025-05-13 20:00:00,168.0,323.91406
2025-05-13 21:00:00,155.0,260.94507
2025-05-13 22:00:00,87.0,201.74277
2025-05-13 23:00:00,57.0,151.44318
2025-05-14 00:00:00,31.0,100.07193
2025-05-14 01:00:00,14.0,74.25879
2025-05-14 02:00:00,15.0,62.420197
2025-05-14 03:00:00,19.0,66.58342
2025-05-14 04:00:00,51.0,86.18695
2025-05-14 05:00:00,224.0,123.44934
2025-05-14 06:00:00,567.0,172.61795
2025-05-14 07:00:00,596.0,239.58728
2025-05-14 08:00:00,389.0,299.86856
2025-05-14 09:00:00,327.0,363.92896
2025-05-14 10:00:00,297.0,423.56787
2025-05-14 11:00:00,252.0,475.39545
2025-05-14 12:00:00,252.0,515.63666
2025-05-14 13:00:00,319.0,543.41437
2025-05-14 14:00:00,276.0,554.8164
2025-05-14 15:00:00,301.0,550.6532
2025-05-14 16:00:00,452.0,530.3948
2025-05-14 17:00:00,585.0,494.98523
2025-05-14 18:00:00,422.0,447.83978
2025-05-14 19:00:00,310.0,382.77258
2025-05-14 20:00:00,199.0,313.43887
2025-05-14 21:00:00,155.0,250.46988
2025-05-14 22:00:00,116.0,191.92242
2025-05-14 23:00:00,77.0,141.40454
2025-05-15 00:00:00,14.0,108.89653
2025-05-15 01:00:00,32.0,82.646835
2025-05-15 02:00:00,20.0,70.80827
2025-05-15 03:00:00,31.0,75.62637
2025-05-15 04:00:00,48.0,94.356705
2025-05-15 05:00:00,232.0,129.44685
2025-05-15 06:00:00,548.0,181.006
2025-05-15 07:00:00,531.0,248.41191
2025-05-15 08:00:00,431.0,309.56635
2025-05-15 09:00:00,339.0,371.19098
2025-05-15 10:00:00,369.0,433.66763
2025-05-15 11:00:00,345.0,484.75378
2025-05-15 12:00:00,357.0,524.58636
2025-05-15 13:00:00,368.0,551.5256
2025-05-15 14:00:00,475.0,564.44495
2025-05-15 15:00:00,547.0,550.4919
2025-05-15 16:00:00,625.0,528.217
2025-05-15 17:00:00,575.0,489.786
2025-05-15 18:00:00,370.0,440.85968
2025-05-15 19:00:00,332.0,385.742
2025-05-15 20:00:00,216.0,319.64407
2025-05-15 21:00:00,165.0,257.7665
2025-05-15 22:00:00,122.0,198.78247
2025-05-15 23:00:00,52.0,145.42685
2025-05-16 00:00:00,33.0,123.966934
2025-05-16 01:00:00,21.0,96.8441
2025-05-16 02:00:00,16.0,85.6604
2025-05-16 03:00:00,18.0,89.16873
2025-05-16 04:00:00,53.0,105.497925
2025-05-16 05:00:00,202.0,144.13928
2025-05-16 06:00:00,500.0,193.67523
2025-05-16 07:00:00,517.0,260.20798
2025-05-16 08:00:00,373.0,321.799
2025-05-16 09:00:00,306.0,385.42285
2025-05-16 10:00:00,382.0,444.18857
2025-05-16 11:00:00,356.0,494.70642
2025-05-16 12:00:00,445.0,534.7294
2025-05-16 13:00:00,494.0,561.1974
2025-05-16 14:00:00,532.0,572.16284
2025-05-16 15:00:00,570.0,567.7814
2025-05-16 16:00:00,707.0,547.7412
2025-05-16 17:00:00,679.0,511.47974
2025-05-16 18:00:00,517.0,457.02148
2025-05-16 19:00:00,370.0,401.249
2025-05-16 20:00:00,302.0,336.89734
2025-05-16 21:00:00,225.0,274.80148
2025-05-16 22:00:00,193.0,218.65524
2025-05-16 23:00:00,117.0,168.3556
2025-05-17 00:00:00,66.0,158.90573
2025-05-17 01:00:00,40.0,133.31087
2025-05-17 02:00:00,31.0,122.34544
2025-05-17 03:00:00,28.0,126.726944
2025-05-17 04:00:00,18.0,146.54875
2025-05-17 05:00:00,44.0,181.08516
2025-05-17 06:00:00,137.0,228.44888
2025-05-17 07:00:00,235.0,296.2661
2025-05-17 08:00:00,328.0,357.17432
2025-05-17 09:00:00,423.0,419.27017
2025-05-17 10:00:00,472.0,479.34564
2025-05-17 11:00:00,446.0,529.1741
2025-05-17 12:00:00,492.0,559.9754
2025-05-17 13:00:00,552.0,587.5243
2025-05-17 14:00:00,608.0,598.881
2025-05-17 15:00:00,630.0,591.71765
2025-05-17 16:00:00,716.0,572.765
2025-05-17 17:00:00,758.0,536.48627
2025-05-17 18:00:00,516.0,489.9957
2025-05-17 19:00:00,400.0,433.78656
2025-05-17 20:00:00,341.0,366.5972
2025-05-17 21:00:00,273.0,307.77567
2025-05-17 22:00:00,224.0,251.8477
2025-05-17 23:00:00,158.0,201.11151
2025-05-18 00:00:00,94.0,166.42914
2025-05-18 01:00:00,65.0,137.6303
2025-05-18 02:00:00,54.0,127.53801
2025-05-18 03:00:00,46.0,131.26466
2025-05-18 04:00:00,35.0,149.77675
2025-05-18 05:00:00,43.0,182.7399
2025-05-18 06:00:00,57.0,233.80663
2025-05-18 07:00:00,101.0,300.55762
2025-05-18 08:00:00,236.0,359.9697
2025-05-18 09:00:00,311.0,422.17606
2025-05-18 10:00:00,494.0,480.7754
2025-05-18 11:00:00,486.0,532.1531
2025-05-18 12:00:00,555.0,574.3549
2025-05-18 13:00:00,657.0,601.8625
2025-05-18 14:00:00,699.0,613.0981
2025-05-18 15:00:00,863.0,609.15314
2025-05-18 16:00:00,981.0,587.9005
2025-05-18 17:00:00,944.0,552.28326
2025-05-18 18:00:00,891.0,505.6263
2025-05-18 19:00:00,756.0,442.2495
2025-05-18 20:00:00,666.0,372.88123
2025-05-18 21:00:00,532.0,311.00366
2025-05-18 22:00:00,323.0,253.11111
2025-05-18 23:00:00,217.0,202.37491
2025-05-19 00:00:00,120.0,133.53897
2025-05-19 01:00:00,69.0,106.634384
2025-05-19 02:00:00,93.0,95.23236
2025-05-19 03:00:00,48.0,100.05046
2025-05-19 04:00:00,81.0,117.907684
2025-05-19 05:00:00,233.0,156.1471
2025-05-19 06:00:00,600.0,205.86676
2025-05-19 07:00:00,581.0,271.4504
2025-05-19 08:00:00,510.0,334.64532
2025-05-19 09:00:00,372.0,397.17776
2025-05-19 10:00:00,391.0,456.81662
2025-05-19 11:00:00,396.0,509.49338
2025-05-19 12:00:00,428.0,544.0882
2025-05-19 13:00:00,476.0,578.1046
2025-05-19 14:00:00,408.0,590.0298
2025-05-19 15:00:00,600.0,586.52136
2025-05-19 16:00:00,568.0,566.91785
2025-05-19 17:00:00,533.0,525.1591
2025-05-19 18:00:00,557.0,476.21548
2025-05-19 19:00:00,425.0,419.11594
2025-05-19 20:00:00,277.0,351.92654
2025-05-19 21:00:00,97.0,291.14044
2025-05-19 22:00:00,104.0,234.77588
2025-05-19 23:00:00,76.0,186.00427
2025-05-20 00:00:00,39.0,124.02182
2025-05-20 01:00:00,21.0,96.89894
2025-05-20 02:00:00,28.0,84.84212
2025-05-20 03:00:00,27.0,90.75162
2025-05-20 04:00:00,47.0,110.35513
2025-05-20 05:00:00,207.0,138.23085
2025-05-20 06:00:00,605.0,181.93214
2025-05-20 07:00:00,612.0,254.74037
2025-05-20 08:00:00,401.0,315.9188
2025-05-20 09:00:00,281.0,378.76666
2025-05-20 10:00:00,372.0,438.28046
2025-05-20 11:00:00,358.0,491.29663
2025-05-20 12:00:00,401.0,530.5715
2025-05-20 13:00:00,476.0,548.94006
2025-05-20 14:00:00,453.0,557.9409
2025-05-20 15:00:00,522.0,539.12476
2025-05-20 16:00:00,546.0,515.72546
2025-05-20 17:00:00,493.0,490.83594
2025-05-20 18:00:00,427.0,433.07828
2025-05-20 19:00:00,275.0,381.23016
2025-05-20 20:00:00,157.0,323.90796
2025-05-20 21:00:00,142.0,259.48605
2025-05-20 22:00:00,68.0,202.74066
2025-05-20 23:00:00,75.0,151.46844
2025-05-21 00:00:00,32.0,106.721756
2025-05-21 01:00:00,19.0,81.63385
2025-05-21 02:00:00,14.0,70.668396
2025-05-21 03:00:00,28.0,70.55026
2025-05-21 04:00:00,47.0,95.40251
2025-05-21 05:00:00,221.0,124.61983
2025-05-21 06:00:00,534.0,170.74413
2025-05-21 07:00:00,572.0,227.4263
2025-05-21 08:00:00,369.0,294.71313
2025-05-21 09:00:00,329.0,355.28094
2025-05-21 10:00:00,366.0,412.95526
2025-05-21 11:00:00,401.0,463.05383
2025-05-21 12:00:00,387.0,502.6402
2025-05-21 13:00:00,490.0,518.24835
2025-05-21 14:00:00,449.0,541.591
2025-05-21 15:00:00,415.0,534.5834
2025-05-21 16:00:00,471.0,501.62482
2025-05-21 17:00:00,486.0,478.26056
2025-05-21 18:00:00,415.0,422.30756
2025-05-21 19:00:00,267.0,363.0617
2025-05-21 20:00:00,181.0,304.93668
2025-05-21 21:00:00,168.0,247.45406
2025-05-21 22:00:00,133.0,187.03897
2025-05-21 23:00:00,54.0,137.09831
2025-05-22 00:00:00,7.0,102.83415
2025-05-22 01:00:00,46.0,82.76012
2025-05-22 02:00:00,14.0,72.0833
2025-05-22 03:00:00,23.0,77.33797
2025-05-22 04:00:00,37.0,96.94142
2025-05-22 05:00:00,196.0,131.84407
2025-05-22 06:00:00,580.0,173.33536
2025-05-22 07:00:00,594.0,228.31969
2025-05-22 08:00:00,371.0,287.09482
2025-05-22 09:00:00,297.0,344.2185
2025-05-22 10:00:00,352.0,400.8717
2025-05-22 11:00:00,339.0,449.6287
2025-05-22 12:00:00,422.0,489.06708
2025-05-22 13:00:00,467.0,525.19653
2025-05-22 14:00:00,498.0,525.5862
2025-05-22 15:00:00,482.0,519.5214
2025-05-22 16:00:00,494.0,500.09497
2025-05-22 17:00:00,490.0,463.17676
2025-05-22 18:00:00,391.0,429.18536
2025-05-22 19:00:00,227.0,375.2295
2025-05-22 20:00:00,157.0,310.44125
2025-05-22 21:00:00,147.0,250.31001
2025-05-22 22:00:00,81.0,193.07228
2025-05-22 23:00:00,49.0,144.0824
2025-05-23 00:00:00,25.0,123.07071
2025-05-23 01:00:00,16.0,97.47586
2025-05-23 02:00:00,13.0,87.383606
2025-05-23 03:00:00,27.0,92.638275
2025-05-23 04:00:00,42.0,113.33319
2025-05-23 05:00:00,211.0,147.43303
2025-05-23 06:00:00,499.0,195.01501
2025-05-23 07:00:00,455.0,255.07623
2025-05-23 08:00:00,354.0,314.73727
2025-05-23 09:00:00,327.0,383.23813
2025-05-23 10:00:00,350.0,434.76697
2025-05-23 11:00:00,363.0,485.57233
2025-05-23 12:00:00,434.0,524.2789
2025-05-23 13:00:00,510.0,549.62085
2025-05-23 14:00:00,497.0,558.9891
2025-05-23 15:00:00,506.0,556.5442
2025-05-23 16:00:00,589.0,543.86884
2025-05-23 17:00:00,496.0,509.1593
2025-05-23 18:00:00,452.0,456.18387
2025-05-23 19:00:00,347.0,399.9162
2025-05-23 20:00:00,237.0,334.69138
2025-05-23 21:00:00,234.0,273.0321
2025-05-23 22:00:00,181.0,217.10414
2025-05-23 23:00:00,115.0,167.89595
2025-05-24 00:00:00,76.0,158.45732
2025-05-24 01:00:00,36.0,131.98932
2025-05-24 02:00:00,31.0,120.15073
2025-05-24 03:00:00,33.0,123.00423
2025-05-24 04:00:00,33.0,143.91747
2025-05-24 05:00:00,58.0,179.1154
2025-05-24 06:00:00,125.0,227.30312
2025-05-24 07:00:00,238.0,294.17523
2025-05-24 08:00:00,345.0,348.13135
2025-05-24 09:00:00,437.0,415.73114
2025-05-24 10:00:00,503.0,474.53146
2025-05-24 11:00:00,477.0,525.261
2025-05-24 12:00:00,478.0,565.9108
2025-05-24 13:00:00,427.0,593.28656
2025-05-24 14:00:00,475.0,604.2347
2025-05-24 15:00:00,663.0,599.583
2025-05-24 16:00:00,652.0,572.56287
2025-05-24 17:00:00,610.0,538.30725
2025-05-24 18:00:00,507.0,491.51187
2025-05-24 19:00:00,400.0,435.95764
2025-05-24 20:00:00,300.0,369.13446
2025-05-24 21:00:00,268.0,300.20816
2025-05-24 22:00:00,205.0,241.96394
2025-05-24 23:00:00,148.0,192.10089
2025-05-25 00:00:00,90.0,160.97098
2025-05-25 01:00:00,84.0,135.88304
2025-05-25 02:00:00,47.0,125.50214
2025-05-25 03:00:00,33.0,130.75679
2025-05-25 04:00:00,33.0,145.78304
2025-05-25 05:00:00,41.0,185.33328
2025-05-25 06:00:00,51.0,226.37344
2025-05-25 07:00:00,93.0,291.7371
2025-05-25 08:00:00,213.0,351.8001
2025-05-25 09:00:00,309.0,412.36795
2025-05-25 10:00:00,380.0,470.4788
2025-05-25 11:00:00,527.0,520.56006
2025-05-25 12:00:00,550.0,561.6918
2025-05-25 13:00:00,666.0,588.1598
2025-05-25 14:00:00,688.0,600.0156
2025-05-25 15:00:00,755.0,595.86975
2025-05-25 16:00:00,924.0,564.22205
2025-05-25 17:00:00,912.0,540.8047
2025-05-25 18:00:00,820.0,494.96902
2025-05-25 19:00:00,699.0,439.19647
2025-05-25 20:00:00,598.0,372.44366
2025-05-25 21:00:00,444.0,312.5307
2025-05-25 22:00:00,302.0,256.16617
2025-05-25 23:00:00,169.0,202.68391
2025-05-26 00:00:00,112.0,135.37918
2025-05-26 01:00:00,66.0,108.54495
2025-05-26 02:00:00,47.0,103.97342
2025-05-26 03:00:00,40.0,109.00978
2025-05-26 04:00:00,76.0,124.40228
2025-05-26 05:00:00,227.0,164.89601
2025-05-26 06:00:00,595.0,210.96732
2025-05-26 07:00:00,620.0,270.7226
2025-05-26 08:00:00,436.0,330.67224
2025-05-26 09:00:00,365.0,390.5506
2025-05-26 10:00:00,360.0,440.41446
2025-05-26 11:00:00,359.0,482.603
2025-05-26 12:00:00,417.0,531.5622
2025-05-26 13:00:00,481.0,557.81195
2025-05-26 14:00:00,542.0,567.6859
2025-05-26 15:00:00,494.0,562.8678
2025-05-26 16:00:00,541.0,543.4999
2025-05-26 17:00:00,571.0,510.5434
2025-05-26 18:00:00,434.0,462.90945
2025-05-26 19:00:00,332.0,407.9928
2025-05-26 20:00:00,244.0,342.98627
2025-05-26 21:00:00,202.0,282.855
2025-05-26 22:00:00,154.0,226.27219
2025-05-26 23:00:00,83.0,177.06401
2025-05-27 00:00:00,44.0,118.36595
2025-05-27 01:00:00,29.0,92.552826
2025-05-27 02:00:00,30.0,80.277664
2025-05-27 03:00:00,27.0,84.87746
2025-05-27 04:00:00,50.0,105.13583
2025-05-27 05:00:00,212.0,140.98196
2025-05-27 06:00:00,594.0,187.25424
2025-05-27 07:00:00,572.0,247.46338
2025-05-27 08:00:00,372.0,306.72357
2025-05-27 09:00:00,282.0,367.72797
2025-05-27 10:00:00,326.0,425.65515
2025-05-27 11:00:00,255.0,476.55374
2025-05-27 12:00:00,232.0,516.30646
2025-05-27 13:00:00,505.0,541.5725
2025-05-27 14:00:00,416.0,553.84766
2025-05-27 15:00:00,428.0,550.8797
2025-05-27 16:00:00,480.0,530.0463
2025-05-27 17:00:00,488.0,496.44833
2025-05-27 18:00:00,430.0,449.99634
2025-05-27 19:00:00,272.0,391.28223
2025-05-27 20:00:00,211.0,324.96597
2025-05-27 21:00:00,128.0,263.7433
2025-05-27 22:00:00,100.0,206.069
2025-05-27 23:00:00,60.0,155.9877
2025-05-28 00:00:00,62.0,107.03967
2025-05-28 01:00:00,150.0,81.22659
2025-05-28 02:00:00,21.0,71.13431
2025-05-28 03:00:00,28.0,75.95238
2025-05-28 04:00:00,53.0,95.99245
2025-05-28 05:00:00,226.0,130.96541
2025-05-28 06:00:00,563.0,179.72536
2025-05-28 07:00:00,564.0,240.60783
2025-05-28 08:00:00,361.0,299.76306
2025-05-28 09:00:00,325.0,363.16864
2025-05-28 10:00:00,354.0,420.18805
2025-05-28 11:00:00,340.0,457.57373
2025-05-28 12:00:00,422.0,495.3653
2025-05-28 13:00:00,538.0,519.728
2025-05-28 14:00:00,472.0,534.1595
2025-05-28 15:00:00,440.0,530.3286
2025-05-28 16:00:00,561.0,503.8634
2025-05-28 17:00:00,561.0,469.0311
2025-05-28 18:00:00,437.0,428.8177
2025-05-28 19:00:00,291.0,377.70276
2025-05-28 20:00:00,200.0,308.7035
2025-05-28 21:00:00,169.0,249.31203
2025-05-28 22:00:00,125.0,192.42596
2025-05-28 23:00:00,96.0,149.14325
2025-05-29 00:00:00,82.0,86.90117
2025-05-29 01:00:00,55.0,65.56578
2025-05-29 02:00:00,50.0,54.60034
2025-05-29 03:00:00,52.0,59.270508
2025-05-29 04:00:00,30.0,80.18376
2025-05-29 05:00:00,44.0,114.72017
2025-05-29 06:00:00,75.0,161.64728
2025-05-29 07:00:00,95.0,222.36334
2025-05-29 08:00:00,187.0,281.98978
2025-05-29 09:00:00,283.0,342.15564
2025-05-29 10:00:00,360.0,401.26746
2025-05-29 11:00:00,382.0,458.33276
2025-05-29 12:00:00,326.0,497.84985
2025-05-29 13:00:00,405.0,520.52826
2025-05-29 14:00:00,433.0,532.36017
2025-05-29 15:00:00,512.0,527.9893
2025-05-29 16:00:00,555.0,508.51367
2025-05-29 17:00:00,546.0,473.70035
2025-05-29 18:00:00,466.0,433.6908
2025-05-29 19:00:00,405.0,375.40656
2025-05-29 20:00:00,369.0,300.887
2025-05-29 21:00:00,275.0,237.69977
2025-05-29 22:00:00,241.0,180.46205
2025-05-29 23:00:00,138.0,129.50763
2025-05-30 00:00:00,85.0,132.28632
2025-05-30 01:00:00,45.0,105.38173
2025-05-30 02:00:00,33.0,94.19803
2025-05-30 03:00:00,40.0,98.36122
2025-05-30 04:00:00,37.0,118.40132
2025-05-30 05:00:00,109.0,157.43402
2025-05-30 06:00:00,238.0,206.14207
2025-05-30 07:00:00,307.0,272.6748
2025-05-30 08:00:00,346.0,334.04755
2025-05-30 09:00:00,398.0,398.32626
2025-05-30 10:00:00,471.0,457.9651
2025-05-30 11:00:00,444.0,511.539
2025-05-30 12:00:00,460.0,551.56195
2025-05-30 13:00:00,502.0,579.3397
2025-05-30 14:00:00,586.0,592.48804
2025-05-30 15:00:00,662.0,588.76135
2025-05-30 16:00:00,746.0,569.15784
2025-05-30 17:00:00,817.0,535.058
2025-05-30 18:00:00,729.0,488.34912
2025-05-30 19:00:00,604.0,429.49658
2025-05-30 20:00:00,441.0,352.6385
2025-05-30 21:00:00,380.0,289.4512
2025-05-30 22:00:00,317.0,228.50262
2025-05-30 23:00:00,215.0,177.54813
2025-05-31 00:00:00,113.0,169.20941
2025-05-31 01:00:00,64.0,143.17798
2025-05-31 02:00:00,58.0,132.21255
2025-05-31 03:00:00,52.0,135.06606
2025-05-31 04:00:00,33.0,154.88786
2025-05-31 05:00:00,47.0,193.92056
2025-05-31 06:00:00,129.0,243.2835
2025-05-31 07:00:00,190.0,311.12592
2025-05-31 08:00:00,342.0,373.5901
2025-05-31 09:00:00,447.0,436.1225
2025-05-31 10:00:00,545.0,496.41623
2025-05-31 11:00:00,584.0,548.24384
2025-05-31 12:00:00,578.0,590.6679
2025-05-31 13:00:00,632.0,618.66394
2025-05-31 14:00:00,768.0,630.7208
2025-05-31 15:00:00,832.0,625.9027
2025-05-31 16:00:00,898.0,605.64435
2025-05-31 17:00:00,974.0,571.32623
2025-05-31 18:00:00,887.0,523.52594
2025-05-31 19:00:00,828.0,459.29724
2025-05-31 20:00:00,654.0,388.90668
2025-05-31 21:00:00,616.0,328.1206
2025-05-31 22:00:00,514.0,269.41266
2025-05-31 23:00:00,428.0,209.84549
2025-06-01 00:00:00,384.0,187.05154
2025-06-01 01:00:00,224.0,156.37253
2025-06-01 02:00:00,124.0,150.3433
2025-06-01 03:00:00,73.0,154.50653
2025-06-01 04:00:00,97.0,173.01862
2025-06-01 05:00:00,81.0,208.86475
2025-06-01 06:00:00,106.0,255.35532
2025-06-01 07:00:00,237.0,316.77814
2025-06-01 08:00:00,390.0,383.61353
2025-06-01 09:00:00,449.0,446.3949
2025-06-01 10:00:00,669.0,507.56177
2025-06-01 11:00:00,806.0,560.0443
2025-06-01 12:00:00,720.0,600.8192
2025-06-01 13:00:00,742.0,627.83826
2025-06-01 14:00:00,903.0,640.9866
2025-06-01 15:00:00,897.0,630.8096
2025-06-01 16:00:00,959.0,616.43317
2025-06-01 17:00:00,953.0,581.18335
2025-06-01 18:00:00,952.0,523.8873
2025-06-01 19:00:00,934.0,461.34787
2025-06-01 20:00:00,846.0,394.5951
2025-06-01 21:00:00,857.0,335.77353
2025-06-01 22:00:00,759.0,277.6627
2025-06-01 23:00:00,480.0,227.79968
2025-06-02 00:00:00,399.0,160.94649
2025-06-02 01:00:00,154.0,130.26744
2025-06-02 02:00:00,70.0,123.294754
2025-06-02 03:00:00,70.0,127.67627
2025-06-02 04:00:00,113.0,148.51918
2025-06-02 05:00:00,268.0,176.37306
2025-06-02 06:00:00,638.0,224.03998
2025-06-02 07:00:00,633.0,277.7703
2025-06-02 08:00:00,506.0,347.2692
2025-06-02 09:00:00,433.0,408.75256
2025-06-02 10:00:00,455.0,467.01245
2025-06-02 11:00:00,486.0,516.5361
2025-06-02 12:00:00,525.0,556.1224
2025-06-02 13:00:00,518.0,574.4038
2025-06-02 14:00:00,576.0,579.84186
2025-06-02 15:00:00,597.0,583.4285
2025-06-02 16:00:00,484.0,560.972
2025-06-02 17:00:00,695.0,525.796
2025-06-02 18:00:00,479.0,479.59406
2025-06-02 19:00:00,342.0,425.13126
2025-06-02 20:00:00,230.0,360.34302
2025-06-02 21:00:00,139.0,295.71942
2025-06-02 22:00:00,127.0,240.53851
2025-06-02 23:00:00,89.0,191.10475
2025-06-03 00:00:00,53.0,131.23761
2025-06-03 01:00:00,30.0,109.916824
2025-06-03 02:00:00,32.0,99.387985
2025-06-03 03:00:00,40.0,104.20607
2025-06-03 04:00:00,50.0,124.46445
2025-06-03 05:00:00,237.0,159.21913
2025-06-03 06:00:00,585.0,206.01451
2025-06-03 07:00:00,651.0,273.27405
2025-06-03 08:00:00,352.0,334.43518
2025-06-03 09:00:00,303.0,396.531
2025-06-03 10:00:00,351.0,455.4804
2025-06-03 11:00:00,360.0,505.65887
2025-06-03 12:00:00,351.0,546.03186
2025-06-03 13:00:00,454.0,574.2356
2025-06-03 14:00:00,430.0,567.2056
2025-06-03 15:00:00,424.0,561.40735
2025-06-03 16:00:00,511.0,547.62866
2025-06-03 17:00:00,415.0,503.65704
2025-06-03 18:00:00,387.0,464.2937
2025-06-03 19:00:00,314.0,408.7674
2025-06-03 20:00:00,204.0,342.11172
2025-06-03 21:00:00,133.0,282.6353
2025-06-03 22:00:00,78.0,230.49315
2025-06-03 23:00:00,58.0,171.9081
2025-06-04 00:00:00,29.0,126.52313
2025-06-04 01:00:00,15.0,100.56206
2025-06-04 02:00:00,12.0,89.160065
2025-06-04 03:00:00,26.0,92.013565
2025-06-04 04:00:00,55.0,113.36333
2025-06-04 05:00:00,178.0,147.71606
2025-06-04 06:00:00,571.0,189.3061
2025-06-04 07:00:00,570.0,254.66982
2025-06-04 08:00:00,381.0,315.08954
2025-06-04 09:00:00,327.0,376.26028
2025-06-04 10:00:00,365.0,434.50293
2025-06-04 11:00:00,371.0,486.30258
2025-06-04 12:00:00,356.0,533.5624
2025-06-04 13:00:00,492.0,554.4148
2025-06-04 14:00:00,354.0,571.0132
2025-06-04 15:00:00,455.0,558.0957
2025-06-04 16:00:00,486.0,535.8727
2025-06-04 17:00:00,530.0,495.40674
2025-06-04 18:00:00,423.0,448.73364
2025-06-04 19:00:00,264.0,394.48914
2025-06-04 20:00:00,191.0,329.4826
2025-06-04 21:00:00,137.0,269.28104
2025-06-04 22:00:00,97.0,211.89539
2025-06-04 23:00:00,83.0,156.8778
2025-06-05 00:00:00,23.0,129.98868
2025-06-05 01:00:00,12.0,104.97836
2025-06-05 02:00:00,15.0,93.86502
2025-06-05 03:00:00,29.0,98.90137
2025-06-05 04:00:00,54.0,118.94142
2025-06-05 05:00:00,222.0,154.56927
2025-06-05 06:00:00,574.0,200.84155
2025-06-05 07:00:00,590.0,260.68448
2025-06-05 08:00:00,380.0,320.3109
2025-06-05 09:00:00,333.0,381.16623
2025-06-05 10:00:00,361.0,426.34247
2025-06-05 11:00:00,326.0,496.16537
2025-06-05 12:00:00,359.0,527.18115
2025-06-05 13:00:00,512.0,552.9424
2025-06-05 14:00:00,447.0,563.1039
2025-06-05 15:00:00,448.0,556.1375
2025-06-05 16:00:00,495.0,536.4302
2025-06-05 17:00:00,500.0,503.37653
2025-06-05 18:00:00,438.0,456.93115
2025-06-05 19:00:00,294.0,401.37695
2025-06-05 20:00:00,169.0,335.93387
2025-06-05 21:00:00,136.0,276.67575
2025-06-05 22:00:00,121.0,219.87463
2025-06-05 23:00:00,77.0,169.7933
2025-06-06 00:00:00,36.0,150.54285
2025-06-06 01:00:00,11.0,124.948
2025-06-06 02:00:00,14.0,113.76428
2025-06-06 03:00:00,29.0,119.23721
2025-06-06 04:00:00,48.0,139.93217
2025-06-06 05:00:00,216.0,173.81372
2025-06-06 06:00:00,487.0,220.30429
2025-06-06 07:00:00,460.0,282.981
2025-06-06 08:00:00,378.0,351.58
2025-06-06 09:00:00,329.0,406.56403
2025-06-06 10:00:00,371.0,465.57593
2025-06-06 11:00:00,391.0,515.387
2025-06-06 12:00:00,415.0,551.3943
2025-06-06 13:00:00,473.0,577.7825
2025-06-06 14:00:00,432.0,599.39355
2025-06-06 15:00:00,455.0,594.9881
2025-06-06 16:00:00,541.0,575.68274
2025-06-06 17:00:00,684.0,541.3087
2025-06-06 18:00:00,498.0,486.08508
2025-06-06 19:00:00,358.0,418.17072
2025-06-06 20:00:00,274.0,361.0985
2025-06-06 21:00:00,201.0,295.84985
2025-06-06 22:00:00,167.0,239.33737
2025-06-06 23:00:00,135.0,188.96214
2025-06-07 00:00:00,74.0,178.67651
2025-06-07 01:00:00,53.0,157.72926
2025-06-07 02:00:00,31.0,142.33452
2025-06-07 03:00:00,41.0,151.66156
2025-06-07 04:00:00,46.0,170.44768
2025-06-07 05:00:00,53.0,202.4204
2025-06-07 06:00:00,114.0,247.50177
2025-06-07 07:00:00,204.0,301.74628
2025-06-07 08:00:00,271.0,371.33167
2025-06-07 09:00:00,359.0,432.6409
2025-06-07 10:00:00,419.0,490.6373
2025-06-07 11:00:00,460.0,540.45905
2025-06-07 12:00:00,386.0,580.0281
2025-06-07 13:00:00,497.0,594.7053
2025-06-07 14:00:00,510.0,602.80383
2025-06-07 15:00:00,561.0,603.405
2025-06-07 16:00:00,533.0,583.2169
2025-06-07 17:00:00,549.0,537.7797
2025-06-07 18:00:00,338.0,496.75616
2025-06-07 19:00:00,284.0,439.09412
2025-06-07 20:00:00,252.0,378.72794
2025-06-07 21:00:00,216.0,323.02597
2025-06-07 22:00:00,193.0,266.0066
2025-06-07 23:00:00,159.0,217.67157
2025-06-08 00:00:00,108.0,181.11908
2025-06-08 01:00:00,72.0,156.98192
2025-06-08 02:00:00,42.0,147.5445
2025-06-08 03:00:00,24.0,154.32716
2025-06-08 04:00:00,23.0,173.05753
2025-06-08 05:00:00,31.0,207.44598
2025-06-08 06:00:00,55.0,254.37314
2025-06-08 07:00:00,104.0,314.55545
2025-06-08 08:00:00,173.0,382.45435
2025-06-08 09:00:00,266.0,444.10303
2025-06-08 10:00:00,408.0,501.77728
2025-06-08 11:00:00,436.0,552.49615
2025-06-08 12:00:00,440.0,591.0642
2025-06-08 13:00:00,507.0,611.8395
2025-06-08 14:00:00,554.0,612.4187
2025-06-08 15:00:00,568.0,616.3789
2025-06-08 16:00:00,811.0,598.4765
2025-06-08 17:00:00,832.0,564.4738
2025-06-08 18:00:00,709.0,518.35724
2025-06-08 19:00:00,616.0,454.69022
2025-06-08 20:00:00,558.0,387.93744
2025-06-08 21:00:00,454.0,327.58786
2025-06-08 22:00:00,405.0,272.09647
2025-06-08 23:00:00,320.0,222.01517
2025-06-09 00:00:00,206.0,218.33426
2025-06-09 01:00:00,123.0,191.64795
2025-06-09 02:00:00,71.0,177.40819
2025-06-09 03:00:00,51.0,182.44456
2025-06-09 04:00:00,75.0,202.26636
2025-06-09 05:00:00,69.0,238.48656
2025-06-09 06:00:00,130.0,287.16943
2025-06-09 07:00:00,159.0,353.48383
2025-06-09 08:00:00,280.0,413.76517
2025-06-09 09:00:00,415.0,475.861
2025-06-09 10:00:00,576.0,533.97186
2025-06-09 11:00:00,636.0,585.14453
2025-06-09 12:00:00,694.0,626.2589
2025-06-09 13:00:00,804.0,653.3818
2025-06-09 14:00:00,887.0,666.53015
2025-06-09 15:00:00,969.0,662.58514
2025-06-09 16:00:00,997.0,642.76337
2025-06-09 17:00:00,1049.0,607.79034
2025-06-09 18:00:00,1018.0,561.2998
2025-06-09 19:00:00,945.0,495.6576
2025-06-09 20:00:00,909.0,426.8989
2025-06-09 21:00:00,736.0,365.23962
2025-06-09 22:00:00,500.0,305.6007
2025-06-09 23:00:00,453.0,255.08284
2025-06-10 00:00:00,227.0,131.04604
2025-06-10 01:00:00,116.0,105.4512
2025-06-10 02:00:00,64.0,94.2675
2025-06-10 03:00:00,48.0,98.21242
2025-06-10 04:00:00,78.0,118.034195
2025-06-10 05:00:00,265.0,155.86496
2025-06-10 06:00:00,643.0,205.12009
2025-06-10 07:00:00,558.0,271.65283
2025-06-10 08:00:00,556.0,334.99014
2025-06-10 09:00:00,473.0,397.74084
2025-06-10 10:00:00,452.0,456.72485
2025-06-10 11:00:00,416.0,508.77075
2025-06-10 12:00:00,455.0,550.0342
2025-06-10 13:00:00,463.0,577.41003
2025-06-10 14:00:00,572.0,589.22455
2025-06-10 15:00:00,561.0,578.6284
2025-06-10 16:00:00,609.0,564.3558
2025-06-10 17:00:00,639.0,523.59125
2025-06-10 18:00:00,561.0,475.68713
2025-06-10 19:00:00,371.0,417.71445
2025-06-10 20:00:00,354.0,348.34216
2025-06-10 21:00:00,207.0,285.80975
2025-06-10 22:00:00,215.0,227.69891
2025-06-10 23:00:00,109.0,178.70901
2025-06-11 00:00:00,49.0,124.96948
2025-06-11 01:00:00,29.0,98.50151
2025-06-11 02:00:00,24.0,87.09952
2025-06-11 03:00:00,26.0,91.48103
2025-06-11 04:00:00,57.0,111.30278
2025-06-11 05:00:00,215.0,149.55008
2025-06-11 06:00:00,565.0,197.24927
2025-06-11 07:00:00,589.0,264.26657
2025-06-11 08:00:00,416.0,325.63928
2025-06-11 09:00:00,370.0,387.7351
2025-06-11 10:00:00,349.0,448.68372
2025-06-11 11:00:00,333.0,499.63815
2025-06-11 12:00:00,434.0,540.9708
2025-06-11 13:00:00,511.0,568.96686
2025-06-11 14:00:00,548.0,580.1506
2025-06-11 15:00:00,584.0,576.42395
2025-06-11 16:00:00,587.0,556.3838
2025-06-11 17:00:00,680.0,521.6291
2025-06-11 18:00:00,595.0,473.39224
2025-06-11 19:00:00,403.0,409.70398
2025-06-11 20:00:00,246.0,339.4279
2025-06-11 21:00:00,208.0,277.33206
2025-06-11 22:00:00,158.0,218.78462
2025-06-11 23:00:00,91.0,170.66788
2025-06-12 00:00:00,41.0,137.5363
2025-06-12 01:00:00,33.0,109.32199
2025-06-12 02:00:00,18.0,98.13829
2025-06-12 03:00:00,26.0,101.64665
2025-06-12 04:00:00,58.0,121.03186
2025-06-12 05:00:00,210.0,157.90962
2025-06-12 06:00:00,596.0,205.71658
2025-06-12 07:00:00,478.0,271.59448
2025-06-12 08:00:00,340.0,333.1855
2025-06-12 09:00:00,324.0,396.15448
2025-06-12 10:00:00,444.0,454.9202
2025-06-12 11:00:00,417.0,507.6209
2025-06-12 12:00:00,434.0,549.8267
2025-06-12 13:00:00,474.0,578.2593
2025-06-12 14:00:00,473.0,591.84424
2025-06-12 15:00:00,558.0,588.3359
2025-06-12 16:00:00,598.0,568.7323
2025-06-12 17:00:00,617.0,534.6325
2025-06-12 18:00:00,613.0,486.49277
2025-06-12 19:00:00,383.0,419.85626
2025-06-12 20:00:00,294.0,351.9947
2025-06-12 21:00:00,223.0,287.49768
2025-06-12 22:00:00,201.0,230.26
2025-06-12 23:00:00,118.0,179.5238
2025-06-13 00:00:00,50.0,158.74841
2025-06-13 01:00:00,45.0,132.93527
2025-06-13 02:00:00,26.0,118.91382
2025-06-13 03:00:00,30.0,123.95018
2025-06-13 04:00:00,41.0,143.99028
2025-06-13 05:00:00,241.0,181.13156
2025-06-13 06:00:00,511.0,230.20303
2025-06-13 07:00:00,605.0,297.39062
2025-06-13 08:00:00,474.0,359.4182
2025-06-13 09:00:00,430.0,422.8238
2025-06-13 10:00:00,461.0,482.02606
2025-06-13 11:00:00,494.0,534.50854
2025-06-13 12:00:00,514.0,576.2777
2025-06-13 13:00:00,598.0,603.1824
2025-06-13 14:00:00,610.0,616.7672
2025-06-13 15:00:00,654.0,614.5686
2025-06-13 16:00:00,724.0,594.31024
2025-06-13 17:00:00,702.0,559.5555
2025-06-13 18:00:00,625.0,510.76093
2025-06-13 19:00:00,453.0,446.3592
2025-06-13 20:00:00,421.0,378.00916
2025-06-13 21:00:00,367.0,315.25845
2025-06-13 22:00:00,293.0,254.52814
2025-06-13 23:00:00,202.0,206.41139
2025-06-14 00:00:00,103.0,195.8981
2025-06-14 01:00:00,77.0,170.30324
2025-06-14 02:00:00,76.0,157.5915
2025-06-14 03:00:00,74.0,162.1913
2025-06-14 04:00:00,63.0,182.66797
2025-06-14 05:00:00,101.0,217.42267
2025-06-14 06:00:00,151.0,265.89117
2025-06-14 07:00:00,316.0,334.322
2025-06-14 08:00:00,387.0,396.71695
2025-06-14 09:00:00,535.0,459.3186
2025-06-14 10:00:00,549.0,517.866
2025-06-14 11:00:00,539.0,570.5668
2025-06-14 12:00:00,565.0,610.37146
2025-06-14 13:00:00,657.0,637.05774
2025-06-14 14:00:00,822.0,648.4597
2025-06-14 15:00:00,914.0,644.6985
2025-06-14 16:00:00,954.0,618.0803
2025-06-14 17:00:00,899.0,581.6937
2025-06-14 18:00:00,817.0,529.569
2025-06-14 19:00:00,525.0,473.3984
2025-06-14 20:00:00,516.0,407.30048
2025-06-14 21:00:00,463.0,342.58517
2025-06-14 22:00:00,360.0,283.60117
2025-06-14 23:00:00,208.0,233.08328
2025-06-15 00:00:00,178.0,197.62448
2025-06-15 01:00:00,128.0,171.1565
2025-06-15 02:00:00,75.0,158.0082
2025-06-15 03:00:00,49.0,163.26285
2025-06-15 04:00:00,72.0,183.08464
2025-06-15 05:00:00,67.0,220.8222
2025-06-15 06:00:00,107.0,268.9513
2025-06-15 07:00:00,155.0,336.24936
2025-06-15 08:00:00,317.0,389.59583
2025-06-15 09:00:00,433.0,438.356
2025-06-15 10:00:00,660.0,503.90878
2025-06-15 11:00:00,625.0,562.25195
2025-06-15 12:00:00,613.0,603.3663
2025-06-15 13:00:00,664.0,631.3623
2025-06-15 14:00:00,787.0,644.52124
2025-06-15 15:00:00,814.0,630.9768
2025-06-15 16:00:00,919.0,586.47107
2025-06-15 17:00:00,902.0,567.3588
2025-06-15 18:00:00,867.0,516.06714
2025-06-15 19:00:00,744.0,461.84387
2025-06-15 20:00:00,617.0,393.94516
2025-06-15 21:00:00,436.0,335.79834
2025-06-15 22:00:00,338.0,279.43378
2025-06-15 23:00:00,217.0,230.22565
2025-06-16 00:00:00,140.0,163.16074
2025-06-16 01:00:00,86.0,137.1293
2025-06-16 02:00:00,57.0,125.94557
2025-06-16 03:00:00,55.0,130.76367
2025-06-16 04:00:00,76.0,150.58548
2025-06-16 05:00:00,256.0,184.6853
2025-06-16 06:00:00,602.0,230.30273
2025-06-16 07:00:00,608.0,296.34967
2025-06-16 08:00:00,396.0,336.93774
2025-06-16 09:00:00,386.0,412.24194
2025-06-16 10:00:00,440.0,469.5382
2025-06-16 11:00:00,467.0,525.9939
2025-06-16 12:00:00,430.0,566.95917
2025-06-16 13:00:00,521.0,585.8163
2025-06-16 14:00:00,442.0,604.7946
2025-06-16 15:00:00,541.0,600.9708
2025-06-16 16:00:00,640.0,581.0066
2025-06-16 17:00:00,660.0,546.72314
2025-06-16 18:00:00,533.0,499.35938
2025-06-16 19:00:00,365.0,441.05786
2025-06-16 20:00:00,340.0,368.45105
2025-06-16 21:00:00,142.0,307.01007
2025-06-16 22:00:00,224.0,249.55408
2025-06-16 23:00:00,113.0,198.16302
2025-06-17 00:00:00,66.0,137.07681
2025-06-17 01:00:00,40.0,111.045364
2025-06-17 02:00:00,22.0,100.516525
2025-06-17 03:00:00,37.0,105.33461
2025-06-17 04:00:00,52.0,124.50156
2025-06-17 05:00:00,232.0,161.7333
2025-06-17 06:00:00,550.0,210.93259
2025-06-17 07:00:00,619.0,277.247
2025-06-17 08:00:00,389.0,338.83804
2025-06-17 09:00:00,389.0,401.58875
2025-06-17 10:00:00,387.0,460.57275
2025-06-17 11:00:00,378.0,512.18207
2025-06-17 12:00:00,413.0,552.4233
2025-06-17 13:00:00,519.0,579.3279
2025-06-17 14:00:00,530.0,591.603
2025-06-17 15:00:00,629.0,587.6581
2025-06-17 16:00:00,734.0,567.3997
2025-06-17 17:00:00,756.0,533.0816
2025-06-17 18:00:00,654.0,485.28125
2025-06-17 19:00:00,450.0,427.53748
2025-06-17 20:00:00,252.0,353.2815
2025-06-17 21:00:00,141.0,291.40396
2025-06-17 22:00:00,142.0,231.54681
2025-06-17 23:00:00,98.0,181.68376
2025-06-18 00:00:00,52.0,131.21951
2025-06-18 01:00:00,29.0,103.660095
2025-06-18 02:00:00,20.0,91.8215
2025-06-18 03:00:00,31.0,96.421295
2025-06-18 04:00:00,53.0,116.24309
2025-06-18 05:00:00,234.0,151.6074
2025-06-18 06:00:00,526.0,202.01926
2025-06-18 07:00:00,553.0,268.11542
2025-06-18 08:00:00,464.0,329.26984
2025-06-18 09:00:00,405.0,391.80225
2025-06-18 10:00:00,385.0,450.7863
2025-06-18 11:00:00,456.0,503.05045
2025-06-18 12:00:00,480.0,543.7282
2025-06-18 13:00:00,602.0,571.506
2025-06-18 14:00:00,597.0,583.56287
2025-06-18 15:00:00,555.0,579.3996
2025-06-18 16:00:00,727.0,559.5778
2025-06-18 17:00:00,782.0,526.5694
2025-06-18 18:00:00,738.0,478.33252
2025-06-18 19:00:00,422.0,420.85895
2025-06-18 20:00:00,322.0,345.6779
2025-06-18 21:00:00,244.0,282.70892
2025-06-18 22:00:00,192.0,223.28833
2025-06-18 23:00:00,162.0,172.55215
2025-06-19 00:00:00,33.0,121.21565
2025-06-19 01:00:00,46.0,95.18425
2025-06-19 02:00:00,53.0,83.12741
2025-06-19 03:00:00,40.0,88.16374
2025-06-19 04:00:00,50.0,106.91141
2025-06-19 05:00:00,100.0,145.50752
2025-06-19 06:00:00,157.0,194.19824
2025-06-19 07:00:00,248.0,259.85785
2025-06-19 08:00:00,322.0,321.66718
2025-06-19 09:00:00,474.0,385.7276
2025-06-19 10:00:00,439.0,444.7116
2025-06-19 11:00:00,473.0,497.41232
2025-06-19 12:00:00,468.0,538.96326
2025-06-19 13:00:00,507.0,565.6496
2025-06-19 14:00:00,604.0,577.48816
2025-06-19 15:00:00,671.0,573.1067
2025-06-19 16:00:00,749.0,552.84827
2025-06-19 17:00:00,717.0,517.657
2025-06-19 18:00:00,611.0,469.63837
2025-06-19 19:00:00,497.0,410.21756
2025-06-19 20:00:00,454.0,335.45575
2025-06-19 21:00:00,313.0,273.5782
2025-06-19 22:00:00,238.0,215.03076
2025-06-19 23:00:00,170.0,164.51286
2025-06-20 00:00:00,76.0,160.85156
2025-06-20 01:00:00,85.0,134.38356
2025-06-20 02:00:00,66.0,122.54498
2025-06-20 03:00:00,74.0,126.489914
2025-06-20 04:00:00,70.0,148.2763
2025-06-20 05:00:00,160.0,184.85593
2025-06-20 06:00:00,309.0,232.74277
2025-06-20 07:00:00,363.0,298.40234
2025-06-20 08:00:00,466.0,358.46533
2025-06-20 09:00:00,452.0,421.21606
2025-06-20 10:00:00,520.0,480.41833
2025-06-20 11:00:00,524.0,533.1191
2025-06-20 12:00:00,531.0,574.67004
2025-06-20 13:00:00,650.0,601.3564
2025-06-20 14:00:00,698.0,612.75836
2025-06-20 15:00:00,693.0,609.03174
2025-06-20 16:00:00,839.0,587.9002
2025-06-20 17:00:00,741.0,553.14545
2025-06-20 18:00:00,774.0,504.472
2025-06-20 19:00:00,686.0,446.1186
2025-06-20 20:00:00,540.0,371.3808
2025-06-20 21:00:00,620.0,311.24954
2025-06-20 22:00:00,429.0,252.70212
2025-06-20 23:00:00,89.0,199.12817
2025-06-21 00:00:00,284.0,191.01572
2025-06-21 01:00:00,311.0,166.07571
2025-06-21 02:00:00,297.0,155.11029
2025-06-21 03:00:00,157.0,156.43578
2025-06-21 04:00:00,120.0,176.69415
2025-06-21 05:00:00,147.0,213.97388
2025-06-21 06:00:00,236.0,262.03375
2025-06-21 07:00:00,328.0,328.78473
2025-06-21 08:00:00,439.0,389.28433
2025-06-21 09:00:00,577.0,451.81674
2025-06-21 10:00:00,597.0,510.80072
2025-06-21 11:00:00,626.0,564.1564
2025-06-21 12:00:00,705.0,604.3976
2025-06-21 13:00:00,735.0,631.3021
2025-06-21 14:00:00,819.0,644.0139
2025-06-21 15:00:00,838.0,639.85065
2025-06-21 16:00:00,852.0,620.46545
2025-06-21 17:00:00,914.0,585.2502
2025-06-21 18:00:00,912.0,531.87274
2025-06-21 19:00:00,710.0,475.2896
2025-06-21 20:00:00,628.0,407.00214
2025-06-21 21:00:00,637.0,341.85025
2025-06-21 22:00:00,518.0,283.08453
2025-06-21 23:00:00,416.0,231.47522
2025-06-22 00:00:00,342.0,194.26935
2025-06-22 01:00:00,187.0,169.76593
2025-06-22 02:00:00,132.0,156.18106
2025-06-22 03:00:00,133.0,160.56256
2025-06-22 04:00:00,88.0,180.38437
2025-06-22 05:00:00,84.0,218.52663
2025-06-22 06:00:00,132.0,267.68854
2025-06-22 07:00:00,233.0,334.00296
2025-06-22 08:00:00,416.0,395.3757
2025-06-22 09:00:00,530.0,457.68982
2025-06-22 10:00:00,637.0,517.9835
2025-06-22 11:00:00,675.0,571.3392
2025-06-22 12:00:00,747.0,612.2352
2025-06-22 13:00:00,838.0,640.013
2025-06-22 14:00:00,899.0,652.0698
2025-06-22 15:00:00,941.0,648.5615
2025-06-22 16:00:00,960.0,628.5214
2025-06-22 17:00:00,980.0,594.85815
2025-06-22 18:00:00,947.0,548.80414
2025-06-22 19:00:00,956.0,489.14767
2025-06-22 20:00:00,911.0,413.53006
2025-06-22 21:00:00,857.0,352.08908
2025-06-22 22:00:00,706.0,291.79535
2025-06-22 23:00:00,434.0,241.0592
2025-06-23 00:00:00,285.0,201.29897
2025-06-23 01:00:00,132.0,176.14069
2025-06-23 02:00:00,80.0,167.13983
2025-06-23 03:00:00,65.0,173.48593
2025-06-23 04:00:00,82.0,191.12488
2025-06-23 05:00:00,268.0,225.59872
2025-06-23 06:00:00,613.0,275.1028
2025-06-23 07:00:00,578.0,342.34232
2025-06-23 08:00:00,483.0,398.062
2025-06-23 09:00:00,419.0,468.8496
2025-06-23 10:00:00,501.0,526.5864
2025-06-23 11:00:00,501.0,569.33765
2025-06-23 12:00:00,483.0,598.37805
2025-06-23 13:00:00,474.0,631.4499
2025-06-23 14:00:00,569.0,638.7693
2025-06-23 15:00:00,541.0,618.2056
2025-06-23 16:00:00,602.0,598.357
2025-06-23 17:00:00,594.0,575.08875
2025-06-23 18:00:00,447.0,536.87067
2025-06-23 19:00:00,411.0,477.26733
2025-06-23 20:00:00,391.0,408.33557
2025-06-23 21:00:00,177.0,345.58487
2025-06-23 22:00:00,169.0,289.002
2025-06-23 23:00:00,92.0,239.35728
2025-06-24 00:00:00,62.0,151.18185
2025-06-24 01:00:00,21.0,123.622406
2025-06-24 02:00:00,11.0,111.78386
2025-06-24 03:00:00,30.0,114.41905
2025-06-24 04:00:00,59.0,132.94843
2025-06-24 05:00:00,230.0,170.47043
2025-06-24 06:00:00,568.0,220.01703
2025-06-24 07:00:00,601.0,286.33145
2025-06-24 08:00:00,424.0,347.7042
2025-06-24 09:00:00,326.0,409.36346
2025-06-24 10:00:00,368.0,468.12915
2025-06-24 11:00:00,372.0,520.17505
2025-06-24 12:00:00,328.0,561.72595
2025-06-24 13:00:00,457.0,588.41235
2025-06-24 14:00:00,493.0,601.34235
2025-06-24 15:00:00,513.0,597.3974
2025-06-24 16:00:00,677.0,577.7939
2025-06-24 17:00:00,634.0,541.94775
2025-06-24 18:00:00,533.0,494.36572
2025-06-24 19:00:00,333.0,436.82288
2025-06-24 20:00:00,209.0,361.4928
2025-06-24 21:00:00,121.0,298.08722
2025-06-24 22:00:00,111.0,240.19466
2025-06-24 23:00:00,103.0,189.0219
2025-06-25 00:00:00,33.0,136.80928
2025-06-25 01:00:00,17.0,110.77786
2025-06-25 02:00:00,7.0,99.375854
2025-06-25 03:00:00,22.0,102.22937
2025-06-25 04:00:00,43.0,122.941605
2025-06-25 05:00:00,253.0,162.41089
2025-06-25 06:00:00,567.0,211.10162
2025-06-25 07:00:00,533.0,277.19778
2025-06-25 08:00:00,422.0,338.7888
2025-06-25 09:00:00,354.0,401.1029
2025-06-25 10:00:00,375.0,460.30524
2025-06-25 11:00:00,433.0,512.78766
2025-06-25 12:00:00,427.0,553.46545
2025-06-25 13:00:00,557.0,580.5884
2025-06-25 14:00:00,549.0,593.30005
2025-06-25 15:00:00,642.0,590.66486
2025-06-25 16:00:00,604.0,570.4065
2025-06-25 17:00:00,704.0,536.30664
2025-06-25 18:00:00,570.0,488.94293
2025-06-25 19:00:00,361.0,427.64792
2025-06-25 20:00:00,250.0,353.45053
2025-06-25 21:00:00,188.0,290.04498
2025-06-25 22:00:00,176.0,232.3707
2025-06-25 23:00:00,82.0,182.28938
2025-06-26 00:00:00,62.0,147.40952
2025-06-26 01:00:00,32.0,122.687836
2025-06-26 02:00:00,24.0,115.21503
2025-06-26 03:00:00,23.0,115.70326
2025-06-26 04:00:00,48.0,134.1794
2025-06-26 05:00:00,223.0,168.9341
2025-06-26 06:00:00,563.0,216.2978
2025-06-26 07:00:00,550.0,265.82443
2025-06-26 08:00:00,370.0,334.45746
2025-06-26 09:00:00,397.0,402.8891
2025-06-26 10:00:00,400.0,462.83948
2025-06-26 11:00:00,424.0,515.5748
2025-06-26 12:00:00,400.0,545.8598
2025-06-26 13:00:00,508.0,556.3725
2025-06-26 14:00:00,490.0,562.0141
2025-06-26 15:00:00,440.0,555.49817
2025-06-26 16:00:00,495.0,536.14935
2025-06-26 17:00:00,588.0,516.7179
2025-06-26 18:00:00,497.0,472.19196
2025-06-26 19:00:00,334.0,412.26648
2025-06-26 20:00:00,185.0,345.71466
2025-06-26 21:00:00,141.0,284.27368
2025-06-26 22:00:00,127.0,229.00058
2025-06-26 23:00:00,81.0,177.39122
2025-06-27 00:00:00,44.0,157.26787
2025-06-27 01:00:00,28.0,131.8913
2025-06-27 02:00:00,18.0,120.70758
2025-06-27 03:00:00,36.0,125.525665
2025-06-27 04:00:00,62.0,145.56577
2025-06-27 05:00:00,210.0,183.5975
2025-06-27 06:00:00,445.0,231.3046
2025-06-27 07:00:00,515.0,298.3325
2025-06-27 08:00:00,370.0,360.50522
2025-06-27 09:00:00,376.0,422.87125
2025-06-27 10:00:00,411.0,473.44434
2025-06-27 11:00:00,502.0,524.9325
2025-06-27 12:00:00,468.0,571.39514
2025-06-27 13:00:00,534.0,592.0331
2025-06-27 14:00:00,606.0,610.9037
2025-06-27 15:00:00,720.0,605.999
2025-06-27 16:00:00,709.0,586.61383
2025-06-27 17:00:00,779.0,545.6204
2025-06-27 18:00:00,690.0,498.85962
2025-06-27 19:00:00,432.0,449.52676
2025-06-27 20:00:00,339.0,375.43716
2025-06-27 21:00:00,308.0,314.65106
2025-06-27 22:00:00,250.0,257.84995
2025-06-27 23:00:00,193.0,207.11374
2025-06-28 00:00:00,111.0,198.77965
2025-06-28 01:00:00,64.0,170.78363
2025-06-28 02:00:00,43.0,158.0719
2025-06-28 03:00:00,40.0,161.79854
2025-06-28 04:00:00,49.0,182.05692
2025-06-28 05:00:00,92.0,219.9223
2025-06-28 06:00:00,158.0,267.72925
2025-06-28 07:00:00,261.0,334.36578
2025-06-28 08:00:00,377.0,395.30194
2025-06-28 09:00:00,512.0,458.27094
2025-06-28 10:00:00,507.0,516.38184
2025-06-28 11:00:00,511.0,567.9911
2025-06-28 12:00:00,516.0,607.57745
2025-06-28 13:00:00,566.0,636.0101
2025-06-28 14:00:00,664.0,648.2852
2025-06-28 15:00:00,767.0,644.77686
2025-06-28 16:00:00,774.0,624.3002
2025-06-28 17:00:00,825.0,590.2003
2025-06-28 18:00:00,719.0,543.4915
2025-06-28 19:00:00,524.0,485.38034
2025-06-28 20:00:00,437.0,408.87228
2025-06-28 21:00:00,326.0,346.77643
2025-06-28 22:00:00,300.0,289.32043
2025-06-28 23:00:00,203.0,239.02086
2025-06-29 00:00:00,139.0,210.09732
2025-06-29 01:00:00,114.0,183.19273
2025-06-29 02:00:00,69.0,171.79073
2025-06-29 03:00:00,56.0,176.60881
2025-06-29 04:00:00,54.0,195.12088
2025-06-29 05:00:00,51.0,233.06216
2025-06-29 06:00:00,94.0,281.98853
2025-06-29 07:00:00,140.0,348.5212
2025-06-29 08:00:00,308.0,409.67566
2025-06-29 09:00:00,429.0,471.9898
2025-06-29 10:00:00,594.0,531.4104
2025-06-29 11:00:00,603.0,582.8014
2025-06-29 12:00:00,709.0,625.22546
2025-06-29 13:00:00,817.0,653.4398
2025-06-29 14:00:00,870.0,666.3698
2025-06-29 15:00:00,876.0,661.77
2025-06-29 16:00:00,959.0,642.603
2025-06-29 17:00:00,933.0,607.4118
2025-06-29 18:00:00,910.0,558.5201
2025-06-29 19:00:00,930.0,500.02423
2025-06-29 20:00:00,888.0,423.68256
2025-06-29 21:00:00,576.0,361.5867
2025-06-29 22:00:00,366.0,306.0953
2025-06-29 23:00:00,236.0,256.2323
2025-06-30 00:00:00,112.0,180.22107
2025-06-30 01:00:00,72.0,152.44334
2025-06-30 02:00:00,43.0,139.5133
2025-06-30 03:00:00,42.0,145.20454
2025-06-30 04:00:00,80.0,165.8995
2025-06-30 05:00:00,273.0,199.99933
2025-06-30 06:00:00,579.0,245.83505
2025-06-30 07:00:00,620.0,306.98767
2025-06-30 08:00:00,492.0,373.7153
2025-06-30 09:00:00,427.0,436.2198
2025-06-30 10:00:00,392.0,495.2038
2025-06-30 11:00:00,509.0,546.8131
2025-06-30 12:00:00,464.0,587.49084
2025-06-30 13:00:00,547.0,616.2389
2025-06-30 14:00:00,569.0,621.52344
2025-06-30 15:00:00,552.0,615.65247
2025-06-30 16:00:00,606.0,592.7746
2025-06-30 17:00:00,714.0,556.4919
2025-06-30 18:00:00,522.0,507.16357
2025-06-30 19:00:00,329.0,448.92734
2025-06-30 20:00:00,286.0,381.80048
2025-06-30 21:00:00,228.0,319.92294
2025-06-30 22:00:00,194.0,262.68524
2025-06-30 23:00:00,97.0,212.8222
2025-07-01 00:00:00,74.0,158.98105
2025-07-01 01:00:00,41.0,133.16791
2025-07-01 02:00:00,34.0,122.2025
2025-07-01 03:00:00,37.0,125.05597
2025-07-01 04:00:00,59.0,144.44121
2025-07-01 05:00:00,223.0,182.26529
2025-07-01 06:00:00,566.0,228.84631
2025-07-01 07:00:00,575.0,289.3441
2025-07-01 08:00:00,417.0,350.01672
2025-07-01 09:00:00,389.0,419.56378
2025-07-01 10:00:00,367.0,478.5478
2025-07-01 11:00:00,413.0,531.46686
2025-07-01 12:00:00,410.0,573.45435
2025-07-01 13:00:00,468.0,600.79553
2025-07-01 14:00:00,491.0,613.50726
2025-07-01 15:00:00,503.0,607.5978
2025-07-01 16:00:00,575.0,577.97546
2025-07-01 17:00:00,561.0,551.2576
2025-07-01 18:00:00,464.0,505.8758
2025-07-01 19:00:00,308.0,449.32056
2025-07-01 20:00:00,231.0,375.18573
2025-07-01 21:00:00,188.0,311.99844
2025-07-01 22:00:00,138.0,252.57788
2025-07-01 23:00:00,68.0,202.49657
2025-07-02 00:00:00,53.0,154.20808
2025-07-02 01:00:00,36.0,122.06462
2025-07-02 02:00:00,30.0,109.13463
2025-07-02 03:00:00,32.0,113.95268
2025-07-02 04:00:00,53.0,132.68303
2025-07-02 05:00:00,237.0,171.20993
2025-07-02 06:00:00,525.0,219.55064
2025-07-02 07:00:00,528.0,286.30167
2025-07-02 08:00:00,293.0,347.4561
2025-07-02 09:00:00,368.0,410.2068
2025-07-02 10:00:00,302.0,470.28223
2025-07-02 11:00:00,393.0,521.85693
2025-07-02 12:00:00,444.0,562.7876
2025-07-02 13:00:00,519.0,591.4386
2025-07-02 14:00:00,372.0,604.15027
2025-07-02 15:00:00,683.0,599.98706
2025-07-02 16:00:00,586.0,577.3275
2025-07-02 17:00:00,671.0,541.5958
2025-07-02 18:00:00,510.0,493.02618
2025-07-02 19:00:00,291.0,428.0455
2025-07-02 20:00:00,229.0,360.58984
2025-07-02 21:00:00,161.0,299.14886
2025-07-02 22:00:00,52.0,239.9466
2025-07-02 23:00:00,64.0,188.55551
2025-07-03 00:00:00,60.0,157.8177
2025-07-03 01:00:00,20.0,130.47655
2025-07-03 02:00:00,30.0,117.76483
2025-07-03 03:00:00,50.0,122.58295
2025-07-03 04:00:00,68.0,142.18642
2025-07-03 05:00:00,228.0,179.85474
2025-07-03 06:00:00,517.0,227.00687
2025-07-03 07:00:00,593.0,295.08096
2025-07-03 08:00:00,384.0,350.06595
2025-07-03 09:00:00,415.0,418.6986
2025-07-03 10:00:00,418.0,475.85645
2025-07-03 11:00:00,422.0,526.3743
2025-07-03 12:00:00,421.0,566.61554
2025-07-03 13:00:00,495.0,585.615
2025-07-03 14:00:00,590.0,603.7615
2025-07-03 15:00:00,593.0,598.5348
2025-07-03 16:00:00,582.0,566.2025
2025-07-03 17:00:00,630.0,539.11066
2025-07-03 18:00:00,480.0,492.78644
2025-07-03 19:00:00,286.0,430.7926
2025-07-03 20:00:00,235.0,362.45316
2025-07-03 21:00:00,207.0,300.5756
2025-07-03 22:00:00,179.0,243.11963
2025-07-03 23:00:00,98.0,193.47485
2025-07-04 00:00:00,69.0,174.00052
2025-07-04 01:00:00,52.0,147.75081
2025-07-04 02:00:00,28.0,135.91223
2025-07-04 03:00:00,33.0,153.77669
2025-07-04 04:00:00,63.0,162.03621
2025-07-04 05:00:00,212.0,191.81421
2025-07-04 06:00:00,458.0,238.08649
2025-07-04 07:00:00,472.0,297.71112
2025-07-04 08:00:00,414.0,356.68268
2025-07-04 09:00:00,367.0,418.12366
2025-07-04 10:00:00,423.0,475.16034
2025-07-04 11:00:00,455.0,525.259
2025-07-04 12:00:00,461.0,574.2332
2025-07-04 13:00:00,517.0,602.4995
2025-07-04 14:00:00,592.0,614.55634
2025-07-04 15:00:00,596.0,609.271
2025-07-04 16:00:00,615.0,590.7377
2025-07-04 17:00:00,681.0,556.908
2025-07-04 18:00:00,378.0,510.40015
2025-07-04 19:00:00,263.0,447.11383
2025-07-04 20:00:00,328.0,379.29083
2025-07-04 21:00:00,241.0,318.28644
2025-07-04 22:00:00,154.0,259.52075
2025-07-04 23:00:00,115.0,209.43939
2025-07-05 00:00:00,120.0,200.88074
2025-07-05 01:00:00,77.0,175.0676
2025-07-05 02:00:00,47.0,162.79243
2025-07-05 03:00:00,43.0,168.0471
2025-07-05 04:00:00,48.0,186.77747
2025-07-05 05:00:00,56.0,222.13116
2025-07-05 06:00:00,141.0,271.66046
2025-07-05 07:00:00,249.0,332.3765
2025-07-05 08:00:00,357.0,399.51
2025-07-05 09:00:00,471.0,453.73535
2025-07-05 10:00:00,481.0,519.6715
2025-07-05 11:00:00,492.0,569.3894
2025-07-05 12:00:00,491.0,611.20654
2025-07-05 13:00:00,571.0,639.2026
2025-07-05 14:00:00,711.0,650.7882
2025-07-05 15:00:00,746.0,646.8779
2025-07-05 16:00:00,758.0,626.2974
2025-07-05 17:00:00,897.0,590.5072
2025-07-05 18:00:00,631.0,545.534
2025-07-05 19:00:00,532.0,482.8746
2025-07-05 20:00:00,354.0,414.0294
2025-07-05 21:00:00,350.0,351.2787
2025-07-05 22:00:00,251.0,292.94955
2025-07-05 23:00:00,183.0,242.86826
2025-07-06 00:00:00,129.0,204.99707
2025-07-06 01:00:00,74.0,176.78276
2025-07-06 02:00:00,59.0,165.81734
2025-07-06 03:00:00,55.0,170.6354
2025-07-06 04:00:00,44.0,189.36578
2025-07-06 05:00:00,35.0,226.39264
2025-07-06 06:00:00,74.0,275.669
2025-07-06 07:00:00,114.0,334.6081
2025-07-06 08:00:00,223.0,396.89526
2025-07-06 09:00:00,365.0,463.9692
2025-07-06 10:00:00,495.0,517.5039
2025-07-06 11:00:00,557.0,567.54395
2025-07-06 12:00:00,555.0,605.84454
2025-07-06 13:00:00,781.0,628.6056
2025-07-06 14:00:00,830.0,636.9516
2025-07-06 15:00:00,955.0,630.8237
2025-07-06 16:00:00,934.0,609.69226
2025-07-06 17:00:00,906.0,574.0644
2025-07-06 18:00:00,917.0,525.1023
2025-07-06 19:00:00,836.0,458.06268
2025-07-06 20:00:00,630.0,397.56314
2025-07-06 21:00:00,463.0,340.55145
2025-07-06 22:00:00,290.0,276.99747
2025-07-06 23:00:00,163.0,232.0707
2025-07-07 00:00:00,101.0,166.59163
2025-07-07 01:00:00,62.0,137.00404
2025-07-07 02:00:00,26.0,131.55936
2025-07-07 03:00:00,49.0,136.74368
2025-07-07 04:00:00,78.0,156.63583
2025-07-07 05:00:00,243.0,190.88362
2025-07-07 06:00:00,549.0,231.85345
2025-07-07 07:00:00,507.0,285.67596
2025-07-07 08:00:00,406.0,344.9216
2025-07-07 09:00:00,431.0,417.42868
2025-07-07 10:00:00,369.0,473.55762
2025-07-07 11:00:00,430.0,511.21735
2025-07-07 12:00:00,488.0,549.9479
2025-07-07 13:00:00,523.0,575.66614
2025-07-07 14:00:00,535.0,587.17303
2025-07-07 15:00:00,543.0,581.7723
2025-07-07 16:00:00,542.0,559.3529
2025-07-07 17:00:00,580.0,527.4093
2025-07-07 18:00:00,415.0,476.82446
2025-07-07 19:00:00,304.0,433.61414
2025-07-07 20:00:00,266.0,366.05328
2025-07-07 21:00:00,197.0,303.499
2025-07-07 22:00:00,170.0,251.6753
2025-07-07 23:00:00,100.0,203.34024
2025-07-08 00:00:00,58.0,143.9866
2025-07-08 01:00:00,35.0,113.921234
2025-07-08 02:00:00,30.0,101.694565
2025-07-08 03:00:00,37.0,108.65434
2025-07-08 04:00:00,60.0,127.65146
2025-07-08 05:00:00,215.0,165.59082
2025-07-08 06:00:00,526.0,209.09567
2025-07-08 07:00:00,523.0,259.1975
2025-07-08 08:00:00,385.0,317.2256
2025-07-08 09:00:00,340.0,388.1097
2025-07-08 10:00:00,393.0,447.36392
2025-07-08 11:00:00,371.0,496.30188
2025-07-08 12:00:00,451.0,537.66516
2025-07-08 13:00:00,456.0,563.79376
2025-07-08 14:00:00,508.0,570.7022
2025-07-08 15:00:00,468.0,565.47156
2025-07-08 16:00:00,524.0,545.82275
2025-07-08 17:00:00,536.0,504.3636
2025-07-08 18:00:00,418.0,452.11404
2025-07-08 19:00:00,284.0,408.38965
2025-07-08 20:00:00,252.0,343.38312
2025-07-08 21:00:00,201.0,284.5616
2025-07-08 22:00:00,175.0,228.63364
2025-07-08 23:00:00,88.0,179.20718
2025-07-09 00:00:00,41.0,129.60106
2025-07-09 01:00:00,30.0,103.351364
2025-07-09 02:00:00,25.0,92.16766
2025-07-09 03:00:00,22.0,97.42229
2025-07-09 04:00:00,36.0,118.55382
2025-07-09 05:00:00,249.0,152.87192
2025-07-09 06:00:00,530.0,200.8905
2025-07-09 07:00:00,467.0,268.20197
2025-07-09 08:00:00,387.0,328.5352
2025-07-09 09:00:00,355.0,391.05695
2025-07-09 10:00:00,402.0,449.36877
2025-07-09 11:00:00,390.0,493.74515
2025-07-09 12:00:00,370.0,533.5392
2025-07-09 13:00:00,471.0,560.4092
2025-07-09 14:00:00,494.0,577.8181
2025-07-09 15:00:00,576.0,574.72516
2025-07-09 16:00:00,633.0,555.55817
2025-07-09 17:00:00,638.0,521.0217
2025-07-09 18:00:00,523.0,473.65805
2025-07-09 19:00:00,341.0,416.20178
2025-07-09 20:00:00,256.0,340.56683
2025-07-09 21:00:00,192.0,278.25272
2025-07-09 22:00:00,171.0,221.4516
2025-07-09 23:00:00,90.0,171.37027
2025-07-10 00:00:00,16.0,138.00467
2025-07-10 01:00:00,51.0,111.75496
2025-07-10 02:00:00,38.0,99.47981
2025-07-10 03:00:00,36.0,103.86131
2025-07-10 04:00:00,60.0,123.90138
2025-07-10 05:00:00,218.0,160.86568
2025-07-10 06:00:00,517.0,209.67758
2025-07-10 07:00:00,496.0,275.55545
2025-07-10 08:00:00,397.0,337.8013
2025-07-10 09:00:00,395.0,399.89716
2025-07-10 10:00:00,430.0,458.66284
2025-07-10 11:00:00,424.0,511.36362
2025-07-10 12:00:00,426.0,552.91455
2025-07-10 13:00:00,393.0,579.38257
2025-07-10 14:00:00,558.0,590.0951
2025-07-10 15:00:00,680.0,586.1156
2025-07-10 16:00:00,668.0,567.0178
2025-07-10 17:00:00,752.0,532.0448
2025-07-10 18:00:00,661.0,485.336
2025-07-10 19:00:00,364.0,426.78827
2025-07-10 20:00:00,285.0,353.11792
2025-07-10 21:00:00,240.0,291.45865
2025-07-10 22:00:00,179.0,231.16495
2025-07-10 23:00:00,84.0,181.3019
2025-07-11 00:00:00,48.0,160.72739
2025-07-11 01:00:00,56.0,135.35081
2025-07-11 02:00:00,32.0,123.29396
2025-07-11 03:00:00,24.0,126.36572
2025-07-11 04:00:00,53.0,147.27898
2025-07-11 05:00:00,207.0,183.75478
2025-07-11 06:00:00,444.0,233.27344
2025-07-11 07:00:00,396.0,299.36957
2025-07-11 08:00:00,391.0,361.1789
2025-07-11 09:00:00,415.0,425.4576
2025-07-11 10:00:00,404.0,484.005
2025-07-11 11:00:00,403.0,534.92487
2025-07-11 12:00:00,392.0,575.66516
2025-07-11 13:00:00,563.0,602.7602
2025-07-11 14:00:00,657.0,614.59875
2025-07-11 15:00:00,707.0,608.91815
2025-07-11 16:00:00,777.0,589.30396
2025-07-11 17:00:00,789.0,554.25507
2025-07-11 18:00:00,642.0,499.7276
2025-07-11 19:00:00,441.0,446.25912
2025-07-11 20:00:00,374.0,376.93207
2025-07-11 21:00:00,275.0,315.2728
2025-07-11 22:00:00,212.0,258.4717
2025-07-11 23:00:00,157.0,206.86235
2025-07-12 00:00:00,128.0,197.4214
2025-07-12 01:00:00,68.0,169.20709
2025-07-12 02:00:00,43.0,156.93195
2025-07-12 03:00:00,50.0,160.87688
2025-07-12 04:00:00,50.0,180.4804
2025-07-12 05:00:00,68.0,217.90251
2025-07-12 06:00:00,118.0,267.12973
2025-07-12 07:00:00,230.0,334.099
2025-07-12 08:00:00,323.0,395.25345
2025-07-12 09:00:00,425.0,456.03955
2025-07-12 10:00:00,474.0,514.1504
2025-07-12 11:00:00,454.0,566.1963
2025-07-12 12:00:00,527.0,606.4375
2025-07-12 13:00:00,579.0,633.7787
2025-07-12 14:00:00,662.0,646.7087
2025-07-12 15:00:00,554.0,642.5454
2025-07-12 16:00:00,617.0,622.2871
2025-07-12 17:00:00,664.0,588.18726
2025-07-12 18:00:00,569.0,541.915
2025-07-12 19:00:00,605.0,484.86063
2025-07-12 20:00:00,449.0,409.04205
2025-07-12 21:00:00,380.0,347.1645
2025-07-12 22:00:00,281.0,287.96222
2025-07-12 23:00:00,191.0,236.78947
2025-07-13 00:00:00,130.0,199.5636
2025-07-13 01:00:00,94.0,174.8419
2025-07-13 02:00:00,51.0,162.56676
2025-07-13 03:00:00,55.0,169.34943
2025-07-13 04:00:00,34.0,190.04437
2025-07-13 05:00:00,56.0,224.82974
2025-07-13 06:00:00,81.0,273.42334
2025-07-13 07:00:00,131.0,339.66855
2025-07-13 08:00:00,240.0,401.67487
2025-07-13 09:00:00,368.0,463.54575
2025-07-13 10:00:00,571.0,523.5067
2025-07-13 11:00:00,592.0,570.83136
2025-07-13 12:00:00,587.0,616.6564
2025-07-13 13:00:00,733.0,643.34265
2025-07-13 14:00:00,824.0,654.7447
2025-07-13 15:00:00,851.0,650.79974
2025-07-13 16:00:00,899.0,631.6328
2025-07-13 17:00:00,905.0,597.3147
2025-07-13 18:00:00,778.0,549.927
2025-07-13 19:00:00,707.0,485.55585
2025-07-13 20:00:00,652.0,417.29633
2025-07-13 21:00:00,427.0,357.60162
2025-07-13 22:00:00,343.0,300.14563
2025-07-13 23:00:00,211.0,250.06435
2025-07-14 00:00:00,150.0,182.10387
2025-07-14 01:00:00,85.0,156.29074
2025-07-14 02:00:00,46.0,144.45213
2025-07-14 03:00:00,52.0,150.14339
2025-07-14 04:00:00,62.0,162.40952
2025-07-14 05:00:00,241.0,194.61508
2025-07-14 06:00:00,560.0,241.12027
2025-07-14 07:00:00,487.0,295.16833
2025-07-14 08:00:00,399.0,352.66037
2025-07-14 09:00:00,382.0,422.7344
2025-07-14 10:00:00,409.0,468.85297
2025-07-14 11:00:00,477.0,531.1621
2025-07-14 12:00:00,437.0,579.54407
2025-07-14 13:00:00,537.0,607.9834
2025-07-14 14:00:00,500.0,621.01056
2025-07-14 15:00:00,527.0,611.45386
2025-07-14 16:00:00,564.0,587.2144
2025-07-14 17:00:00,560.0,552.9309
2025-07-14 18:00:00,507.0,505.97974
2025-07-14 19:00:00,413.0,449.56296
2025-07-14 20:00:00,321.0,383.46503
2025-07-14 21:00:00,267.0,320.9326
2025-07-14 22:00:00,168.0,263.9132
2025-07-14 23:00:00,118.0,215.3599
2025-07-15 00:00:00,65.0,155.34105
2025-07-15 01:00:00,33.0,129.3096
2025-07-15 02:00:00,19.0,118.5625
2025-07-15 03:00:00,28.0,120.56416
2025-07-15 04:00:00,50.0,143.42064
2025-07-15 05:00:00,232.0,178.22725
2025-07-15 06:00:00,487.0,224.22932
2025-07-15 07:00:00,515.0,284.72708
2025-07-15 08:00:00,353.0,345.244
2025-07-15 09:00:00,338.0,406.23108
2025-07-15 10:00:00,372.0,463.8947
2025-07-15 11:00:00,342.0,502.21997
2025-07-15 12:00:00,374.0,554.0855
2025-07-15 13:00:00,477.0,581.59973
2025-07-15 14:00:00,483.0,581.1141
2025-07-15 15:00:00,453.0,574.89813
2025-07-15 16:00:00,539.0,563.2999
2025-07-15 17:00:00,557.0,529.2001
2025-07-15 18:00:00,477.0,480.75555
2025-07-15 19:00:00,323.0,426.29272
2025-07-15 20:00:00,255.0,361.72278
2025-07-15 21:00:00,231.0,301.8098
2025-07-15 22:00:00,198.0,246.31842
2025-07-15 23:00:00,111.0,197.54683
2025-07-16 00:00:00,63.0,146.83855
2025-07-16 01:00:00,45.0,120.15228
2025-07-16 02:00:00,33.0,108.313705
2025-07-16 03:00:00,27.0,112.47688
2025-07-16 04:00:00,57.0,132.2987
2025-07-16 05:00:00,231.0,166.61684
2025-07-16 06:00:00,476.0,213.98053
2025-07-16 07:00:00,472.0,275.1332
2025-07-16 08:00:00,338.0,334.9779
2025-07-16 09:00:00,331.0,394.236
2025-07-16 10:00:00,438.0,451.2554
2025-07-16 11:00:00,443.0,501.77325
2025-07-16 12:00:00,415.0,542.45105
2025-07-16 13:00:00,510.0,570.4538
2025-07-16 14:00:00,569.0,580.5913
2025-07-16 15:00:00,510.0,571.7921
2025-07-16 16:00:00,668.0,550.00574
2025-07-16 17:00:00,656.0,516.12415
2025-07-16 18:00:00,539.0,457.00104
2025-07-16 19:00:00,360.0,399.4046
2025-07-16 20:00:00,272.0,344.92538
2025-07-16 21:00:00,229.0,285.449
2025-07-16 22:00:00,188.0,229.95761
2025-07-16 23:00:00,88.0,183.15057
2025-07-17 00:00:00,50.0,144.11247
2025-07-17 01:00:00,59.0,117.71005
2025-07-17 02:00:00,26.0,108.78938
2025-07-17 03:00:00,27.0,104.589554
2025-07-17 04:00:00,64.0,125.5804
2025-07-17 05:00:00,209.0,165.76811
2025-07-17 06:00:00,511.0,213.98373
2025-07-17 07:00:00,451.0,273.8825
2025-07-17 08:00:00,321.0,335.34174
2025-07-17 09:00:00,360.0,396.16644
2025-07-17 10:00:00,402.0,453.82336
2025-07-17 11:00:00,471.0,505.2384
2025-07-17 12:00:00,437.0,543.9622
2025-07-17 13:00:00,531.0,571.2302
2025-07-17 14:00:00,505.0,588.5008
2025-07-17 15:00:00,522.0,586.0973
2025-07-17 16:00:00,628.0,567.65436
2025-07-17 17:00:00,640.0,533.1179
2025-07-17 18:00:00,569.0,486.35718
2025-07-17 19:00:00,400.0,429.1192
2025-07-17 20:00:00,320.0,353.97278
2025-07-17 21:00:00,241.0,292.3135
2025-07-17 22:00:00,224.0,233.76608
2025-07-17 23:00:00,114.0,183.24818
2025-07-18 00:00:00,57.0,162.66219
2025-07-18 01:00:00,63.0,136.63077
2025-07-18 02:00:00,42.0,127.41164
2025-07-18 03:00:00,52.0,130.7017
2025-07-18 04:00:00,65.0,151.61494
2025-07-18 05:00:00,177.0,187.33206
2025-07-18 06:00:00,443.0,235.70737
2025-07-18 07:00:00,356.0,302.6141
2025-07-18 08:00:00,362.0,363.1243
2025-07-18 09:00:00,381.0,425.86438
2025-07-18 10:00:00,475.0,485.50323
2025-07-18 11:00:00,460.0,536.4577
2025-07-18 12:00:00,434.0,578.00867
2025-07-18 13:00:00,548.0,606.00476
2025-07-18 14:00:00,619.0,618.0615
2025-07-18 15:00:00,637.0,614.08203
2025-07-18 16:00:00,777.0,594.9497
2025-07-18 17:00:00,839.0,560.19495
2025-07-18 18:00:00,728.0,513.7044
2025-07-18 19:00:00,572.0,455.2538
2025-07-18 20:00:00,457.0,380.1766
2025-07-18 21:00:00,356.0,317.86246
2025-07-18 22:00:00,298.0,260.6248
2025-07-18 23:00:00,198.0,209.67032
2025-07-19 00:00:00,151.0,201.09065
2025-07-19 01:00:00,105.0,175.27751
2025-07-19 02:00:00,64.0,163.22064
2025-07-19 03:00:00,54.0,166.9473
2025-07-19 04:00:00,62.0,186.7691
2025-07-19 05:00:00,82.0,224.5865
2025-07-19 06:00:00,138.0,270.63382
2025-07-19 07:00:00,220.0,338.3299
2025-07-19 08:00:00,315.0,398.92267
2025-07-19 09:00:00,423.0,462.32825
2025-07-19 10:00:00,483.0,521.9671
2025-07-19 11:00:00,463.0,574.88617
2025-07-19 12:00:00,495.0,616.493
2025-07-19 13:00:00,553.0,634.30383
2025-07-19 14:00:00,690.0,636.66565
2025-07-19 15:00:00,708.0,615.09485
2025-07-19 16:00:00,678.0,593.8873
2025-07-19 17:00:00,622.0,576.3101
2025-07-19 18:00:00,521.0,524.9771
2025-07-19 19:00:00,456.0,470.7326
2025-07-19 20:00:00,415.0,405.07123
2025-07-19 21:00:00,392.0,343.84854
2025-07-19 22:00:00,288.0,287.48398
2025-07-19 23:00:00,190.0,236.74783
2025-07-20 00:00:00,164.0,202.1292
2025-07-20 01:00:00,127.0,176.75262
2025-07-20 02:00:00,93.0,164.47748
2025-07-20 03:00:00,48.0,168.85898
2025-07-20 04:00:00,61.0,188.68079
2025-07-20 05:00:00,68.0,224.48169
2025-07-20 06:00:00,84.0,274.2147
2025-07-20 07:00:00,125.0,341.64453
2025-07-20 08:00:00,221.0,401.27097
2025-07-20 09:00:00,391.0,463.58508
2025-07-20 10:00:00,456.0,521.25934
2025-07-20 11:00:00,484.0,574.6602
2025-07-20 12:00:00,538.0,616.3496
2025-07-20 13:00:00,698.0,643.4552
2025-07-20 14:00:00,708.0,654.5869
2025-07-20 15:00:00,896.0,643.2254
2025-07-20 16:00:00,973.0,610.45056
2025-07-20 17:00:00,991.0,594.5309
2025-07-20 18:00:00,902.0,538.9466
2025-07-20 19:00:00,724.0,477.96008
2025-07-20 20:00:00,579.0,407.08444
2025-07-20 21:00:00,543.0,348.80624
2025-07-20 22:00:00,309.0,289.7858
2025-07-20 23:00:00,226.0,235.25131
2025-07-21 00:00:00,158.0,170.51137
2025-07-21 01:00:00,103.0,155.13264
2025-07-21 02:00:00,59.0,133.28165
2025-07-21 03:00:00,67.0,141.12186
2025-07-21 04:00:00,74.0,162.6249
2025-07-21 05:00:00,217.0,193.19043
2025-07-21 06:00:00,473.0,238.81514
2025-07-21 07:00:00,444.0,300.50906
2025-07-21 08:00:00,366.0,359.69894
2025-07-21 09:00:00,354.0,419.39362
2025-07-21 10:00:00,380.0,476.19473
2025-07-21 11:00:00,465.0,516.2656
2025-07-21 12:00:00,453.0,575.3368
2025-07-21 13:00:00,529.0,604.4243
2025-07-21 14:00:00,525.0,616.3706
2025-07-21 15:00:00,510.0,593.1355
2025-07-21 16:00:00,526.0,578.81836
2025-07-21 17:00:00,538.0,550.0361
2025-07-21 18:00:00,492.0,505.94272
2025-07-21 19:00:00,367.0,444.5797
2025-07-21 20:00:00,334.0,379.68765
2025-07-21 21:00:00,227.0,319.3381
2025-07-21 22:00:00,193.0,257.4601
2025-07-21 23:00:00,112.0,212.38535
2025-07-22 00:00:00,60.0,155.91644
2025-07-22 01:00:00,21.0,130.97644
2025-07-22 02:00:00,30.0,116.955
2025-07-22 03:00:00,42.0,116.04132
2025-07-22 04:00:00,75.0,141.3766
2025-07-22 05:00:00,211.0,175.47643
2025-07-22 06:00:00,452.0,221.46011
2025-07-22 07:00:00,473.0,269.45868
2025-07-22 08:00:00,401.0,342.26425
2025-07-22 09:00:00,383.0,404.56775
2025-07-22 10:00:00,371.0,464.09216
2025-07-22 11:00:00,330.0,520.97375
2025-07-22 12:00:00,385.0,560.2207
2025-07-22 13:00:00,457.0,581.1183
2025-07-22 14:00:00,349.0,591.0654
2025-07-22 15:00:00,470.0,585.9253
2025-07-22 16:00:00,621.0,565.1957
2025-07-22 17:00:00,678.0,530.441
2025-07-22 18:00:00,633.0,483.5138
2025-07-22 19:00:00,479.0,428.85004
2025-07-22 20:00:00,347.0,361.20676
2025-07-22 21:00:00,273.0,299.98407
2025-07-22 22:00:00,213.0,243.18295
2025-07-22 23:00:00,121.0,193.10162
2025-07-23 00:00:00,57.0,143.03488
2025-07-23 01:00:00,3.0,116.566895
2025-07-23 02:00:00,21.0,105.38316
2025-07-23 03:00:00,42.0,107.14522
2025-07-23 04:00:00,62.0,125.6573
2025-07-23 05:00:00,208.0,162.0505
2025-07-23 06:00:00,459.0,212.0364
2025-07-23 07:00:00,442.0,278.60376
2025-07-23 08:00:00,378.0,340.21207
2025-07-23 09:00:00,374.0,401.21646
2025-07-23 10:00:00,422.0,459.26874
2025-07-23 11:00:00,377.0,502.9796
2025-07-23 12:00:00,438.0,542.3583
2025-07-23 13:00:00,544.0,569.4812
2025-07-23 14:00:00,560.0,580.22833
2025-07-23 15:00:00,644.0,575.4275
2025-07-23 16:00:00,648.0,554.497
2025-07-23 17:00:00,727.0,519.17395
2025-07-23 18:00:00,588.0,473.44208
2025-07-23 19:00:00,457.0,417.2609
2025-07-23 20:00:00,347.0,351.8178
2025-07-23 21:00:00,209.0,291.46826
2025-07-23 22:00:00,176.0,229.53448
2025-07-23 23:00:00,108.0,176.75609
2025-07-24 00:00:00,22.0,142.5483
2025-07-24 01:00:00,56.0,117.84117
2025-07-24 02:00:00,35.0,111.07222
2025-07-24 03:00:00,28.0,111.24269
2025-07-24 04:00:00,65.0,131.50833
2025-07-24 05:00:00,194.0,170.03018
2025-07-24 06:00:00,477.0,211.66217
2025-07-24 07:00:00,422.0,276.43402
2025-07-24 08:00:00,381.0,324.73032
2025-07-24 09:00:00,374.0,384.63123
2025-07-24 10:00:00,468.0,438.81766
2025-07-24 11:00:00,434.0,500.01807
2025-07-24 12:00:00,461.0,530.1228
2025-07-24 13:00:00,517.0,566.52637
2025-07-24 14:00:00,575.0,576.6013
2025-07-24 15:00:00,510.0,574.01807
2025-07-24 16:00:00,566.0,554.57025
2025-07-24 17:00:00,545.0,519.17126
2025-07-24 18:00:00,473.0,472.73264
2025-07-24 19:00:00,335.0,417.56308
2025-07-24 20:00:00,352.0,351.46512
2025-07-24 21:00:00,301.0,284.87692
2025-07-24 22:00:00,217.0,227.63922
2025-07-24 23:00:00,139.0,179.45943
2025-07-25 00:00:00,46.0,158.62651
2025-07-25 01:00:00,68.0,138.03822
2025-07-25 02:00:00,43.0,128.16423
2025-07-25 03:00:00,49.0,133.41888
2025-07-25 04:00:00,58.0,150.15755
2025-07-25 05:00:00,179.0,183.8984
2025-07-25 06:00:00,434.0,233.1059
2025-07-25 07:00:00,338.0,293.45572
2025-07-25 08:00:00,297.0,352.209
2025-07-25 09:00:00,392.0,411.17847
2025-07-25 10:00:00,437.0,469.59525
2025-07-25 11:00:00,413.0,520.016
2025-07-25 12:00:00,455.0,562.114
2025-07-25 13:00:00,533.0,594.85925
2025-07-25 14:00:00,574.0,606.8536
2025-07-25 15:00:00,580.0,604.3914
2025-07-25 16:00:00,628.0,584.56964
2025-07-25 17:00:00,649.0,541.92706
2025-07-25 18:00:00,497.0,494.99323
2025-07-25 19:00:00,461.0,439.3871
2025-07-25 20:00:00,360.0,373.07086
2025-07-25 21:00:00,354.0,313.59448
2025-07-25 22:00:00,368.0,257.01166
2025-07-25 23:00:00,273.0,206.27545
2025-07-26 00:00:00,177.0,197.46309
2025-07-26 01:00:00,118.0,172.08653
2025-07-26 02:00:00,91.0,161.99426
2025-07-26 03:00:00,78.0,167.2489
2025-07-26 04:00:00,77.0,187.289
2025-07-26 05:00:00,95.0,221.60713
2025-07-26 06:00:00,132.0,267.66113
2025-07-26 07:00:00,219.0,327.504
2025-07-26 08:00:00,314.0,387.13043
2025-07-26 09:00:00,365.0,447.26166
2025-07-26 10:00:00,429.0,504.7177
2025-07-26 11:00:00,470.0,555.2356
2025-07-26 12:00:00,340.0,595.4941
2025-07-26 13:00:00,559.0,621.30725
2025-07-26 14:00:00,220.0,632.03705
2025-07-26 15:00:00,194.0,613.39075
2025-07-26 16:00:00,232.0,594.3524
2025-07-26 17:00:00,281.0,556.6944
2025-07-26 18:00:00,175.0,518.9484
2025-07-26 19:00:00,104.0,456.4735
2025-07-26 20:00:00,64.0,398.9722
2025-07-26 21:00:00,73.0,339.56613
2025-07-26 22:00:00,49.0,284.07474
2025-07-26 23:00:00,46.0,234.86658
2025-07-27 00:00:00,17.0,199.14175
2025-07-27 01:00:00,12.0,174.42004
2025-07-27 02:00:00,7.0,163.45462
2025-07-27 03:00:00,16.0,164.66078
2025-07-27 04:00:00,22.0,189.1156
2025-07-27 05:00:00,42.0,223.2858
2025-07-27 06:00:00,31.0,269.1215
2025-07-27 07:00:00,32.0,329.76718
2025-07-27 08:00:00,71.0,390.99197
2025-07-27 09:00:00,94.0,451.02606
2025-07-27 10:00:00,101.0,507.94055
2025-07-27 11:00:00,140.0,558.8961
2025-07-27 12:00:00,131.0,601.3375
2025-07-27 13:00:00,145.0,627.19196
2025-07-27 14:00:00,141.0,634.9523
2025-07-27 15:00:00,223.0,640.2262
2025-07-27 16:00:00,161.0,613.029
2025-07-27 17:00:00,143.0,573.8142
2025-07-27 18:00:00,98.0,513.1219
2025-07-27 19:00:00,80.0,467.40363
2025-07-27 20:00:00,49.0,398.62268
2025-07-27 21:00:00,42.0,342.5545
2025-07-27 22:00:00,20.0,286.40823
2025-07-27 23:00:00,17.0,236.32693
2025-07-28 00:00:00,14.0,170.95822
2025-07-28 01:00:00,17.0,140.50476
2025-07-28 02:00:00,7.0,134.76418
2025-07-28 03:00:00,13.0,134.28708
2025-07-28 04:00:00,25.0,158.06975
2025-07-28 05:00:00,41.0,191.7403
2025-07-28 06:00:00,106.0,240.3241
2025-07-28 07:00:00,92.0,288.86874
2025-07-28 08:00:00,76.0,344.48584
2025-07-28 09:00:00,119.0,416.75732
2025-07-28 10:00:00,139.0,474.28363
2025-07-28 11:00:00,144.0,514.00745
2025-07-28 12:00:00,134.0,552.8274
2025-07-28 13:00:00,166.0,586.20154
2025-07-28 14:00:00,153.0,587.96387
2025-07-28 15:00:00,140.0,585.387
2025-07-28 16:00:00,162.0,562.6134
2025-07-28 17:00:00,118.0,528.8871
2025-07-28 18:00:00,87.0,480.46582
2025-07-28 19:00:00,71.0,436.3824
2025-07-28 20:00:00,44.0,371.4462
2025-07-28 21:00:00,33.0,311.75153
2025-07-28 22:00:00,22.0,255.1687
2025-07-28 23:00:00,15.0,205.74225
2025-07-29 00:00:00,11.0,147.22299
2025-07-29 01:00:00,10.0,120.97327
2025-07-29 02:00:00,7.0,110.226135
2025-07-29 03:00:00,19.0,115.2625
2025-07-29 04:00:00,18.0,136.17575
2025-07-29 05:00:00,53.0,165.12106
2025-07-29 06:00:00,124.0,216.98445
2025-07-29 07:00:00,157.0,278.59094
2025-07-29 08:00:00,140.0,338.2866
2025-07-29 09:00:00,164.0,405.77588
2025-07-29 10:00:00,251.0,456.8162
2025-07-29 11:00:00,213.0,506.74176
2025-07-29 12:00:00,112.0,547.24255
2025-07-29 13:00:00,334.0,574.3202
2025-07-29 14:00:00,389.0,592.436
2025-07-29 15:00:00,437.0,576.84717
2025-07-29 16:00:00,462.0,557.66956
2025-07-29 17:00:00,457.0,528.79675
2025-07-29 18:00:00,485.0,475.30493
2025-07-29 19:00:00,397.0,418.86417
2025-07-29 20:00:00,356.0,354.2596
2025-07-29 21:00:00,340.0,292.38205
2025-07-29 22:00:00,231.0,233.61635
2025-07-29 23:00:00,157.0,183.31674
2025-07-30 00:00:00,78.0,133.01591
2025-07-30 01:00:00,56.0,106.11136
2025-07-30 02:00:00,38.0,96.45564
2025-07-30 03:00:00,41.0,99.96399
2025-07-30 04:00:00,55.0,119.7858
2025-07-30 05:00:00,180.0,155.03566
2025-07-30 06:00:00,405.0,206.65341
2025-07-30 07:00:00,410.0,267.92447
2025-07-30 08:00:00,330.0,326.61246
2025-07-30 09:00:00,328.0,389.10632
2025-07-30 10:00:00,341.0,454.482
2025-07-30 11:00:00,393.0,499.7901
2025-07-30 12:00:00,348.0,539.10626
2025-07-30 13:00:00,466.0,565.1377
2025-07-30 14:00:00,563.0,576.3214
2025-07-30 15:00:00,565.0,570.8485
2025-07-30 16:00:00,615.0,551.24493
2025-07-30 17:00:00,676.0,516.28925
2025-07-30 18:00:00,597.0,462.1891
2025-07-30 19:00:00,426.0,406.29846
2025-07-30 20:00:00,379.0,338.1942
2025-07-30 21:00:00,344.0,282.54074
2025-07-30 22:00:00,231.0,222.26837
2025-07-30 23:00:00,124.0,177.1863
2025-07-31 00:00:00,24.0,144.65297
2025-07-31 01:00:00,123.0,113.53735
2025-07-31 02:00:00,54.0,103.60036
2025-07-31 03:00:00,46.0,108.41112
2025-07-31 04:00:00,65.0,130.81119
2025-07-31 05:00:00,195.0,165.28455
2025-07-31 06:00:00,396.0,213.75955
2025-07-31 07:00:00,407.0,273.82074
2025-07-31 08:00:00,345.0,334.10202
2025-07-31 09:00:00,368.0,402.75867
2025-07-31 10:00:00,482.0,455.21252
2025-07-31 11:00:00,499.0,505.05157
2025-07-31 12:00:00,507.0,543.5398
2025-07-31 13:00:00,624.0,571.2723
2025-07-31 14:00:00,669.0,582.5012
2025-07-31 15:00:00,670.0,577.9707
2025-07-31 16:00:00,787.0,559.31616
2025-07-31 17:00:00,988.0,531.8916
2025-07-31 18:00:00,938.0,485.36642
2025-07-31 19:00:00,914.0,419.9944
2025-07-31 20:00:00,384.0,354.5273
2025-07-31 21:00:00,423.0,294.17776
2025-07-31 22:00:00,459.0,236.7218
2025-07-31 23:00:00,429.0,186.85875
2025-08-01 00:00:00,179.0,143.4579
2025-08-01 01:00:00,126.0,117.86307
2025-08-01 02:00:00,91.0,107.55249
2025-08-01 03:00:00,86.0,112.15233
2025-08-01 04:00:00,67.0,131.90373
2025-08-01 05:00:00,67.0,160.48291
2025-08-01 06:00:00,85.0,212.12793
2025-08-01 07:00:00,167.0,272.2583
2025-08-01 08:00:00,252.0,333.28766
2025-08-01 09:00:00,294.0,394.62485
2025-08-01 10:00:00,339.0,443.1167
2025-08-01 11:00:00,470.0,510.34033
2025-08-01 12:00:00,500.0,552.52985
2025-08-01 13:00:00,628.0,557.7589
2025-08-01 14:00:00,605.0,586.5746
2025-08-01 15:00:00,713.0,574.86957
2025-08-01 16:00:00,801.0,561.1586
2025-08-01 17:00:00,708.0,519.56226
2025-08-01 18:00:00,620.0,468.17227
2025-08-01 19:00:00,508.0,405.24576
2025-08-01 20:00:00,498.0,341.4885
2025-08-01 21:00:00,503.0,286.43405
2025-08-01 22:00:00,601.0,225.43658
2025-08-01 23:00:00,363.0,174.77065
2025-08-02 00:00:00,283.0,192.22374
2025-08-02 01:00:00,230.0,169.3458
2025-08-02 02:00:00,192.0,154.25426
2025-08-02 03:00:00,126.0,158.70609
2025-08-02 04:00:00,126.0,184.74924
2025-08-02 05:00:00,89.0,217.92747
2025-08-02 06:00:00,179.0,260.30447
2025-08-02 07:00:00,211.0,309.73682
2025-08-02 08:00:00,266.0,368.76416
2025-08-02 09:00:00,392.0,431.56586
2025-08-02 10:00:00,467.0,487.19067
2025-08-02 11:00:00,510.0,535.9622
2025-08-02 12:00:00,484.0,574.2727
2025-08-02 13:00:00,581.0,601.46594
2025-08-02 14:00:00,583.0,613.4967
2025-08-02 15:00:00,640.0,605.48865
2025-08-02 16:00:00,642.0,583.7216
2025-08-02 17:00:00,639.0,561.47504
2025-08-02 18:00:00,567.0,515.1162
2025-08-02 19:00:00,525.0,459.99854
2025-08-02 20:00:00,544.0,395.5766
2025-08-02 21:00:00,522.0,334.42422
2025-08-02 22:00:00,437.0,277.84137
2025-08-02 23:00:00,351.0,229.2881
2025-08-03 00:00:00,300.0,193.98279
2025-08-03 01:00:00,230.0,163.30374
2025-08-03 02:00:00,217.0,153.374
2025-08-03 03:00:00,188.0,159.8394
2025-08-03 04:00:00,95.0,181.62581
2025-08-03 05:00:00,108.0,211.07805
2025-08-03 06:00:00,150.0,263.019
2025-08-03 07:00:00,235.0,323.5871
2025-08-03 08:00:00,321.0,384.904
2025-08-03 09:00:00,379.0,443.71103
2025-08-03 10:00:00,447.0,503.34708
2025-08-03 11:00:00,549.0,552.46204
2025-08-03 12:00:00,556.0,593.80133
2025-08-03 13:00:00,635.0,627.1389
2025-08-03 14:00:00,706.0,619.9253
2025-08-03 15:00:00,878.0,627.01294
2025-08-03 16:00:00,870.0,607.48535
2025-08-03 17:00:00,927.0,571.56335
2025-08-03 18:00:00,923.0,526.41315
2025-08-03 19:00:00,836.0,469.3002
2025-08-03 20:00:00,790.0,404.512
2025-08-03 21:00:00,773.0,344.59903
2025-08-03 22:00:00,576.0,289.1076
2025-08-03 23:00:00,445.0,238.15317
2025-08-04 00:00:00,345.0,169.49277
2025-08-04 01:00:00,230.0,144.98935
2025-08-04 02:00:00,91.0,132.93248
2025-08-04 03:00:00,89.0,138.84201
2025-08-04 04:00:00,80.0,157.13579
2025-08-04 05:00:00,223.0,191.89049
2025-08-04 06:00:00,495.0,238.59937
2025-08-04 07:00:00,520.0,299.3154
2025-08-04 08:00:00,418.0,358.72354
2025-08-04 09:00:00,352.0,418.5662
2025-08-04 10:00:00,443.0,475.21936
2025-08-04 11:00:00,440.0,526.3921
2025-08-04 12:00:00,461.0,567.5757
2025-08-04 13:00:00,498.0,602.48254
2025-08-04 14:00:00,477.0,607.6804
2025-08-04 15:00:00,575.0,602.5402
2025-08-04 16:00:00,600.0,588.84265
2025-08-04 17:00:00,649.0,555.3179
2025-08-04 18:00:00,497.0,509.40228
2025-08-04 19:00:00,449.0,445.46112
2025-08-04 20:00:00,402.0,378.0574
2025-08-04 21:00:00,424.0,316.61642
2025-08-04 22:00:00,363.0,260.68845
2025-08-04 23:00:00,205.0,209.95227
2025-08-05 00:00:00,130.0,150.97876
2025-08-05 01:00:00,73.0,124.51074
2025-08-05 02:00:00,55.0,113.32704
2025-08-05 03:00:00,53.0,117.05368
2025-08-05 04:00:00,62.0,137.31207
2025-08-05 05:00:00,191.0,172.49939
2025-08-05 06:00:00,469.0,222.24698
2025-08-05 07:00:00,475.0,284.05444
2025-08-05 08:00:00,308.0,343.9204
2025-08-05 09:00:00,362.0,406.47015
2025-08-05 10:00:00,389.0,463.27124
2025-08-05 11:00:00,430.0,521.6876
2025-08-05 12:00:00,422.0,556.8402
2025-08-05 13:00:00,470.0,592.92505
2025-08-05 14:00:00,484.0,604.9233
2025-08-05 15:00:00,562.0,599.94946
2025-08-05 16:00:00,549.0,572.04553
2025-08-05 17:00:00,690.0,535.9811
2025-08-05 18:00:00,595.0,488.1808
2025-08-05 19:00:00,421.0,432.40826
2025-08-05 20:00:00,390.0,366.7469
2025-08-05 21:00:00,382.0,305.3059
2025-08-05 22:00:00,245.0,247.41335
2025-08-05 23:00:00,155.0,197.332
2025-08-06 00:00:00,69.0,145.7035
2025-08-06 01:00:00,61.0,119.23552
2025-08-06 02:00:00,44.0,107.615234
2025-08-06 03:00:00,43.0,111.34187
2025-08-06 04:00:00,59.0,129.41737
2025-08-06 05:00:00,177.0,161.7709
2025-08-06 06:00:00,387.0,209.45946
2025-08-06 07:00:00,458.0,276.3316
2025-08-06 08:00:00,364.0,329.78192
2025-08-06 09:00:00,376.0,390.38434
2025-08-06 10:00:00,431.0,455.63098
2025-08-06 11:00:00,407.0,507.27493
2025-08-06 12:00:00,430.0,548.3893
2025-08-06 13:00:00,525.0,576.2123
2025-08-06 14:00:00,592.0,586.89014
2025-08-06 15:00:00,632.0,582.49133
2025-08-06 16:00:00,686.0,555.55774
2025-08-06 17:00:00,734.0,520.4982
2025-08-06 18:00:00,659.0,473.82397
2025-08-06 19:00:00,434.0,417.3101
2025-08-06 20:00:00,413.0,350.55725
2025-08-06 21:00:00,342.0,287.80655
2025-08-06 22:00:00,194.0,229.25912
2025-08-06 23:00:00,259.0,179.39609
2025-08-07 00:00:00,36.0,145.97131
2025-08-07 01:00:00,128.0,119.28502
2025-08-07 02:00:00,70.0,107.88304
2025-08-07 03:00:00,64.0,111.82796
2025-08-07 04:00:00,79.0,132.08633
2025-08-07 05:00:00,184.0,165.8015
2025-08-07 06:00:00,439.0,214.41241
2025-08-07 07:00:00,473.0,282.7288
2025-08-07 08:00:00,382.0,344.23993
2025-08-07 09:00:00,407.0,406.55408
2025-08-07 10:00:00,449.0,465.90936
2025-08-07 11:00:00,430.0,519.11194
2025-08-07 12:00:00,441.0,560.00806
2025-08-07 13:00:00,562.0,588.2224
2025-08-07 14:00:00,588.0,600.4975
2025-08-07 15:00:00,659.0,596.33435
2025-08-07 16:00:00,718.0,577.6039
2025-08-07 17:00:00,833.0,543.0675
2025-08-07 18:00:00,824.0,495.48547
2025-08-07 19:00:00,522.0,429.47592
2025-08-07 20:00:00,491.0,361.30286
2025-08-07 21:00:00,447.0,299.4253
2025-08-07 22:00:00,338.0,241.53276
2025-08-07 23:00:00,264.0,192.32455
2025-08-08 00:00:00,135.0,171.25296
2025-08-08 01:00:00,98.0,143.47523
2025-08-08 02:00:00,98.0,132.94637
2025-08-08 03:00:00,76.0,137.32788
2025-08-08 04:00:00,98.0,156.7131
2025-08-08 05:00:00,212.0,190.95807
2025-08-08 06:00:00,431.0,241.39786
2025-08-08 07:00:00,406.0,308.58542
2025-08-08 08:00:00,420.0,370.17645
2025-08-08 09:00:00,439.0,433.8003
2025-08-08 10:00:00,418.0,493.87573
2025-08-08 11:00:00,539.0,546.3582
2025-08-08 12:00:00,480.0,587.2543
2025-08-08 13:00:00,541.0,614.8137
2025-08-08 14:00:00,653.0,627.5255
2025-08-08 15:00:00,707.0,622.2708
2025-08-08 16:00:00,832.0,602.449
2025-08-08 17:00:00,871.0,568.13086
2025-08-08 18:00:00,824.0,519.6757
2025-08-08 19:00:00,857.0,454.6364
2025-08-08 20:00:00,688.0,388.11252
2025-08-08 21:00:00,537.0,324.92523
2025-08-08 22:00:00,469.0,266.5961
2025-08-08 23:00:00,433.0,214.98676
2025-08-09 00:00:00,301.0,205.70224
2025-08-09 01:00:00,281.0,179.8891
2025-08-09 02:00:00,240.0,168.05052
2025-08-09 03:00:00,187.0,172.21375
2025-08-09 04:00:00,180.0,190.72583
2025-08-09 05:00:00,176.0,224.7179
2025-08-09 06:00:00,251.0,275.62885
2025-08-09 07:00:00,274.0,342.16156
2025-08-09 08:00:00,450.0,403.5343
2025-08-09 09:00:00,229.0,466.72156
2025-08-09 10:00:00,571.0,526.797
2025-08-09 11:00:00,466.0,579.2794
2025-08-09 12:00:00,505.0,621.4853
2025-08-09 13:00:00,567.0,649.48126
2025-08-09 14:00:00,803.0,661.97473
2025-08-09 15:00:00,792.0,658.68463
2025-08-09 16:00:00,858.0,638.86285
2025-08-09 17:00:00,947.0,604.3265
2025-08-09 18:00:00,938.0,555.21643
2025-08-09 19:00:00,753.0,488.5799
2025-08-09 20:00:00,627.0,421.68866
2025-08-09 21:00:00,578.0,360.46594
2025-08-09 22:00:00,494.0,302.79166
2025-08-09 23:00:00,388.0,250.30922
2025-08-10 00:00:00,294.0,212.58362
2025-08-10 01:00:00,261.0,185.89734
2025-08-10 02:00:00,223.0,174.05875
2025-08-10 03:00:00,231.0,178.44025
2025-08-10 04:00:00,132.0,197.82549
2025-08-10 05:00:00,157.0,233.15521
2025-08-10 06:00:00,214.0,282.7285
2025-08-10 07:00:00,258.0,349.69778
2025-08-10 08:00:00,370.0,410.85223
2025-08-10 09:00:00,434.0,472.07492
2025-08-10 10:00:00,560.0,530.84064
2025-08-10 11:00:00,595.0,581.7951
2025-08-10 12:00:00,651.0,621.818
2025-08-10 13:00:00,729.0,649.37744
2025-08-10 14:00:00,736.0,661.21606
2025-08-10 15:00:00,913.0,656.83453
2025-08-10 16:00:00,930.0,637.23096
2025-08-10 17:00:00,979.0,601.60315
2025-08-10 18:00:00,908.0,552.92975
2025-08-10 19:00:00,867.0,488.76355
2025-08-10 20:00:00,878.0,420.0568
2025-08-10 21:00:00,889.0,360.79868
2025-08-10 22:00:00,707.0,301.15982
2025-08-10 23:00:00,366.0,251.73338
2025-08-11 00:00:00,275.0,182.83528
2025-08-11 01:00:00,91.0,154.83926
2025-08-11 02:00:00,92.0,144.09212
2025-08-11 03:00:00,72.0,148.03705
2025-08-11 04:00:00,120.0,166.54915
2025-08-11 05:00:00,212.0,201.0057
2025-08-11 06:00:00,582.0,249.70589
2025-08-11 07:00:00,572.0,315.802
2025-08-11 08:00:00,471.0,376.92184
2025-08-11 09:00:00,358.0,437.5243
2025-08-11 10:00:00,457.0,497.59973
2025-08-11 11:00:00,469.0,548.77246
2025-08-11 12:00:00,473.0,590.1051
2025-08-11 13:00:00,586.0,618.31946
2025-08-11 14:00:00,645.0,631.68604
2025-08-11 15:00:00,701.0,627.95935
2025-08-11 16:00:00,744.0,607.9193
2025-08-11 17:00:00,779.0,573.16455
2025-08-11 18:00:00,824.0,525.5133
2025-08-11 19:00:00,561.0,460.99048
2025-08-11 20:00:00,449.0,393.5828
2025-08-11 21:00:00,400.0,331.26868
2025-08-11 22:00:00,263.0,273.5944
2025-08-11 23:00:00,159.0,223.51308
2025-08-12 00:00:00,56.0,164.30164
2025-08-12 01:00:00,62.0,137.61534
2025-08-12 02:00:00,43.0,125.776764
2025-08-12 03:00:00,36.0,129.93999
2025-08-12 04:00:00,61.0,148.45207
2025-08-12 05:00:00,220.0,182.16724
2025-08-12 06:00:00,497.0,232.26366
2025-08-12 07:00:00,538.0,298.57806
2025-08-12 08:00:00,450.0,359.29593
2025-08-12 09:00:00,412.0,422.48322
2025-08-12 10:00:00,485.0,482.99524
2025-08-12 11:00:00,428.0,535.9143
2025-08-12 12:00:00,443.0,577.0286
2025-08-12 13:00:00,541.0,604.8064
2025-08-12 14:00:00,613.0,617.2998
2025-08-12 15:00:00,630.0,613.5732
2025-08-12 16:00:00,768.0,593.0965
2025-08-12 17:00:00,779.0,558.7784
2025-08-12 18:00:00,698.0,508.4318
2025-08-12 19:00:00,508.0,443.54825
2025-08-12 20:00:00,375.0,375.48572
2025-08-12 21:00:00,314.0,314.263
2025-08-12 22:00:00,221.0,255.06073
2025-08-12 23:00:00,166.0,204.54285
2025-08-13 00:00:00,77.0,153.54926
2025-08-13 01:00:00,55.0,126.86296
2025-08-13 02:00:00,60.0,115.679245
2025-08-13 03:00:00,53.0,119.4059
2025-08-13 04:00:00,65.0,139.2277
2025-08-13 05:00:00,222.0,172.45438
2025-08-13 06:00:00,506.0,221.92386
2025-08-13 07:00:00,416.0,290.88174
2025-08-13 08:00:00,431.0,351.5996
2025-08-13 09:00:00,412.0,414.78687
2025-08-13 10:00:00,473.0,474.20746
2025-08-13 11:00:00,439.0,526.4716
2025-08-13 12:00:00,468.0,568.0226
2025-08-13 13:00:00,519.0,595.8003
2025-08-13 14:00:00,633.0,608.2937
2025-08-13 15:00:00,698.0,604.3488
2025-08-13 16:00:00,736.0,584.7453
2025-08-13 17:00:00,817.0,548.6809
2025-08-13 18:00:00,823.0,490.36267
2025-08-13 19:00:00,561.0,431.26788
2025-08-13 20:00:00,419.0,364.73334
2025-08-13 21:00:00,247.0,301.3278
2025-08-13 22:00:00,171.0,242.99866
2025-08-13 23:00:00,182.0,193.35388
2025-08-14 00:00:00,58.0,158.38094
2025-08-14 01:00:00,89.0,134.09581
2025-08-14 02:00:00,78.0,127.496124
2025-08-14 03:00:00,54.0,133.40565
2025-08-14 04:00:00,70.0,151.48116
2025-08-14 05:00:00,187.0,182.08838
2025-08-14 06:00:00,477.0,231.10397
2025-08-14 07:00:00,531.0,298.11456
2025-08-14 08:00:00,411.0,359.05072
2025-08-14 09:00:00,417.0,421.36484
2025-08-14 10:00:00,503.0,479.91226
2025-08-14 11:00:00,394.0,531.085
2025-08-14 12:00:00,476.0,571.7628
2025-08-14 13:00:00,525.0,599.6377
2025-08-14 14:00:00,663.0,610.8906
2025-08-14 15:00:00,720.0,607.2159
2025-08-14 16:00:00,779.0,588.04895
2025-08-14 17:00:00,825.0,551.76624
2025-08-14 18:00:00,802.0,501.58603
2025-08-14 19:00:00,810.0,436.9727
2025-08-14 20:00:00,592.0,371.09302
2025-08-14 21:00:00,298.0,308.7789
2025-08-14 22:00:00,379.0,250.23148
2025-08-14 23:00:00,188.0,198.84042
2025-08-15 00:00:00,58.0,157.97923
2025-08-15 01:00:00,188.0,130.85637
2025-08-15 02:00:00,77.0,120.7641
2025-08-15 03:00:00,85.0,123.181
2025-08-15 04:00:00,78.0,143.43938
2025-08-15 05:00:00,123.0,177.7575
2025-08-15 06:00:00,196.0,228.57132
2025-08-15 07:00:00,228.0,295.3117
2025-08-15 08:00:00,378.0,356.02957
2025-08-15 09:00:00,477.0,418.78027
2025-08-15 10:00:00,500.0,477.1094
2025-08-15 11:00:00,563.0,528.71875
2025-08-15 12:00:00,592.0,570.9245
2025-08-15 13:00:00,621.0,598.7023
2025-08-15 14:00:00,743.0,610.3226
2025-08-15 15:00:00,764.0,599.4668
2025-08-15 16:00:00,880.0,572.27905
2025-08-15 17:00:00,895.0,535.7781
2025-08-15 18:00:00,821.0,490.01157
2025-08-15 19:00:00,581.0,431.98694
2025-08-15 20:00:00,565.0,365.45242
2025-08-15 21:00:00,437.0,304.22974
2025-08-15 22:00:00,383.0,246.11888
2025-08-15 23:00:00,277.0,195.81924
2025-08-16 00:00:00,209.0,209.33926
2025-08-16 01:00:00,161.0,183.30783
2025-08-16 02:00:00,147.0,171.03267
2025-08-16 03:00:00,110.0,175.63246
2025-08-16 04:00:00,113.0,195.67255
2025-08-16 05:00:00,130.0,229.11755
2025-08-16 06:00:00,201.0,277.93216
2025-08-16 07:00:00,314.0,346.01685
2025-08-16 08:00:00,450.0,399.37
2025-08-16 09:00:00,495.0,461.71875
2025-08-16 10:00:00,612.0,525.6144
2025-08-16 11:00:00,632.0,575.31494
2025-08-16 12:00:00,639.0,607.9346
2025-08-16 13:00:00,605.0,642.85876
2025-08-16 14:00:00,694.0,654.479
2025-08-16 15:00:00,733.0,651.1371
2025-08-16 16:00:00,904.0,630.1931
2025-08-16 17:00:00,931.0,587.5919
2025-08-16 18:00:00,795.0,538.2637
2025-08-16 19:00:00,521.0,482.69208
2025-08-16 20:00:00,529.0,417.03073
2025-08-16 21:00:00,573.0,355.808
2025-08-16 22:00:00,490.0,298.5703
2025-08-16 23:00:00,398.0,247.83418
2025-08-17 00:00:00,348.0,210.08766
2025-08-17 01:00:00,283.0,185.58424
2025-08-17 02:00:00,161.0,174.40053
2025-08-17 03:00:00,139.0,176.59915
2025-08-17 04:00:00,139.0,197.73068
2025-08-17 05:00:00,143.0,230.52081
2025-08-17 06:00:00,179.0,276.57477
2025-08-17 07:00:00,234.0,336.63596
2025-08-17 08:00:00,331.0,395.60754
2025-08-17 09:00:00,461.0,462.98236
2025-08-17 10:00:00,575.0,520.6221
2025-08-17 11:00:00,630.0,574.1853
2025-08-17 12:00:00,669.0,614.44385
2025-08-17 13:00:00,789.0,640.7175
2025-08-17 14:00:00,783.0,652.3484
2025-08-17 15:00:00,888.0,648.05347
2025-08-17 16:00:00,951.0,628.3981
2025-08-17 17:00:00,951.0,593.3971
2025-08-17 18:00:00,905.0,545.0737
2025-08-17 19:00:00,904.0,482.34906
2025-08-17 20:00:00,865.0,414.50482
2025-08-17 21:00:00,639.0,351.97238
2025-08-17 22:00:00,445.0,295.17126
2025-08-17 23:00:00,392.0,245.08997
2025-08-18 00:00:00,213.0,178.13531
2025-08-18 01:00:00,142.0,151.44902
2025-08-18 02:00:00,80.0,140.2653
2025-08-18 03:00:00,86.0,144.42853
2025-08-18 04:00:00,99.0,162.94061
2025-08-18 05:00:00,239.0,196.4202
2025-08-18 06:00:00,603.0,246.09735
2025-08-18 07:00:00,630.0,312.41177
2025-08-18 08:00:00,472.0,372.2565
2025-08-18 09:00:00,435.0,434.7889
2025-08-18 10:00:00,493.0,493.7729
2025-08-18 11:00:00,478.0,546.47363
2025-08-18 12:00:00,504.0,587.8063
2025-08-18 13:00:00,532.0,616.6755
2025-08-18 14:00:00,580.0,627.4226
2025-08-18 15:00:00,745.0,623.2594
2025-08-18 16:00:00,771.0,603.87415
2025-08-18 17:00:00,810.0,568.68286
2025-08-18 18:00:00,669.0,520.88257
2025-08-18 19:00:00,502.0,455.67023
2025-08-18 20:00:00,423.0,388.00967
2025-08-18 21:00:00,349.0,325.91385
2025-08-18 22:00:00,205.0,268.89444
2025-08-18 23:00:00,139.0,219.90457
2025-08-19 00:00:00,70.0,159.79858
2025-08-19 01:00:00,43.0,133.33057
2025-08-19 02:00:00,49.0,122.146866
2025-08-19 03:00:00,29.0,125.436935
2025-08-19 04:00:00,79.0,144.82216
2025-08-19 05:00:00,227.0,177.61227
2025-08-19 06:00:00,564.0,227.36261
2025-08-19 07:00:00,584.0,294.0404
2025-08-19 08:00:00,456.0,355.22946
2025-08-19 09:00:00,424.0,417.32532
2025-08-19 10:00:00,418.0,477.61902
2025-08-19 11:00:00,440.0,529.22833
2025-08-19 12:00:00,401.0,571.8707
2025-08-19 13:00:00,500.0,599.4302
2025-08-19 14:00:00,580.0,611.9236
2025-08-19 15:00:00,594.0,608.8518
2025-08-19 16:00:00,734.0,588.3751
2025-08-19 17:00:00,773.0,551.93005
2025-08-19 18:00:00,278.0,495.90918
2025-08-19 19:00:00,388.0,439.75293
2025-08-19 20:00:00,396.0,364.8706
2025-08-19 21:00:00,239.0,306.70395
2025-08-19 22:00:00,172.0,251.21255
2025-08-19 23:00:00,118.0,200.91293
2025-08-20 00:00:00,62.0,150.98923
2025-08-20 01:00:00,29.0,124.7395
2025-08-20 02:00:00,36.0,113.555786
2025-08-20 03:00:00,34.0,118.810455
2025-08-20 04:00:00,69.0,138.63225
2025-08-20 05:00:00,214.0,165.68332
2025-08-20 06:00:00,550.0,216.96945
2025-08-20 07:00:00,554.0,277.10098
2025-08-20 08:00:00,406.0,336.29083
2025-08-20 09:00:00,381.0,385.52124
2025-08-20 10:00:00,435.0,453.6598
2025-08-20 11:00:00,456.0,503.0862
2025-08-20 12:00:00,467.0,543.85724
2025-08-20 13:00:00,546.0,570.63
2025-08-20 14:00:00,508.0,582.1185
2025-08-20 15:00:00,538.0,576.37933
2025-08-20 16:00:00,563.0,555.2478
2025-08-20 17:00:00,666.0,519.11304
2025-08-20 18:00:00,595.0,457.9477
2025-08-20 19:00:00,371.0,404.63467
2025-08-20 20:00:00,230.0,355.80157
2025-08-20 21:00:00,164.0,292.1898
2025-08-20 22:00:00,116.0,232.78125
2025-08-20 23:00:00,120.0,179.58559
2025-08-21 00:00:00,17.0,144.83572
2025-08-21 01:00:00,82.0,119.54408
2025-08-21 02:00:00,62.0,108.87457
2025-08-21 03:00:00,39.0,113.47435
2025-08-21 04:00:00,68.0,133.14821
2025-08-21 05:00:00,218.0,166.05711
2025-08-21 06:00:00,564.0,217.70218
2025-08-21 07:00:00,515.0,277.91135
2025-08-21 08:00:00,412.0,337.6081
2025-08-21 09:00:00,371.0,397.73935
2025-08-21 10:00:00,434.0,446.78308
2025-08-21 11:00:00,396.0,499.89383
2025-08-21 12:00:00,452.0,538.8399
2025-08-21 13:00:00,473.0,562.7588
2025-08-21 14:00:00,545.0,568.3202
2025-08-21 15:00:00,548.0,560.77594
2025-08-21 16:00:00,589.0,542.66656
2025-08-21 17:00:00,591.0,508.86987
2025-08-21 18:00:00,580.0,462.52728
2025-08-21 19:00:00,371.0,405.6972
2025-08-21 20:00:00,269.0,345.2388
2025-08-21 21:00:00,220.0,288.27765
2025-08-21 22:00:00,185.0,233.96988
2025-08-21 23:00:00,134.0,181.35146
2025-08-22 00:00:00,80.0,166.84961
2025-08-22 01:00:00,60.0,141.47305
2025-08-22 02:00:00,53.0,130.7259
2025-08-22 03:00:00,51.0,135.54398
2025-08-22 04:00:00,62.0,156.23895
2025-08-22 05:00:00,213.0,190.55705
2025-08-22 06:00:00,513.0,236.82935
2025-08-22 07:00:00,469.0,297.5454
2025-08-22 08:00:00,373.0,357.49396
2025-08-22 09:00:00,390.0,418.99353
2025-08-22 10:00:00,452.0,482.30743
2025-08-22 11:00:00,434.0,526.2952
2025-08-22 12:00:00,471.0,572.64734
2025-08-22 13:00:00,569.0,599.97784
2025-08-22 14:00:00,579.0,611.17883
2025-08-22 15:00:00,669.0,600.6
2025-08-22 16:00:00,630.0,579.6627
2025-08-22 17:00:00,772.0,544.64844
2025-08-22 18:00:00,687.0,497.95688
2025-08-22 19:00:00,472.0,441.73047
2025-08-22 20:00:00,363.0,376.50568
2025-08-22 21:00:00,354.0,317.2476
2025-08-22 22:00:00,282.0,259.79163
2025-08-22 23:00:00,228.0,208.61884
2025-08-23 00:00:00,142.0,199.29144
2025-08-23 01:00:00,124.0,174.35146
2025-08-23 02:00:00,113.0,163.16774
2025-08-23 03:00:00,88.0,166.89438
2025-08-23 04:00:00,86.0,186.71619
2025-08-23 05:00:00,102.0,219.9429
2025-08-23 06:00:00,156.0,264.68713
2025-08-23 07:00:00,257.0,324.09344
2025-08-23 08:00:00,394.0,383.7545
2025-08-23 09:00:00,505.0,445.46564
2025-08-23 10:00:00,554.0,503.57654
2025-08-23 11:00:00,539.0,554.0944
2025-08-23 12:00:00,590.0,593.9164
2025-08-23 13:00:00,634.0,620.1554
2025-08-23 14:00:00,663.0,637.6057
2025-08-23 15:00:00,692.0,625.84216
2025-08-23 16:00:00,805.0,604.85974
2025-08-23 17:00:00,877.0,571.08203
2025-08-23 18:00:00,765.0,524.93756
2025-08-23 19:00:00,612.0,468.06024
2025-08-23 20:00:00,490.0,403.05377
2025-08-23 21:00:00,384.0,342.9225
2025-08-23 22:00:00,318.0,285.90308
2025-08-23 23:00:00,216.0,236.91322
2025-08-24 00:00:00,179.0,201.76376
2025-08-24 01:00:00,158.0,174.20433
2025-08-24 02:00:00,130.0,162.58405
2025-08-24 03:00:00,110.0,166.31067
2025-08-24 04:00:00,49.0,184.82275
2025-08-24 05:00:00,72.0,217.1763
2025-08-24 06:00:00,108.0,265.94565
2025-08-24 07:00:00,178.0,332.76587
2025-08-24 08:00:00,307.0,393.92035
2025-08-24 09:00:00,503.0,455.143
2025-08-24 10:00:00,598.0,514.127
2025-08-24 11:00:00,588.0,565.95465
2025-08-24 12:00:00,702.0,607.2527
2025-08-24 13:00:00,768.0,632.85144
2025-08-24 14:00:00,861.0,644.69666
2025-08-24 15:00:00,955.0,633.5322
2025-08-24 16:00:00,998.0,620.02893
2025-08-24 17:00:00,992.0,585.9637
2025-08-24 18:00:00,1014.0,536.646
2025-08-24 19:00:00,950.0,470.96915
2025-08-24 20:00:00,891.0,404.8712
2025-08-24 21:00:00,800.0,344.08508
2025-08-24 22:00:00,397.0,286.6291
2025-08-24 23:00:00,192.0,238.29408
2025-08-25 00:00:00,115.0,171.09857
2025-08-25 01:00:00,61.0,142.66599
2025-08-25 02:00:00,71.0,131.26396
2025-08-25 03:00:00,50.0,135.6455
2025-08-25 04:00:00,86.0,156.34044
2025-08-25 05:00:00,273.0,189.7854
2025-08-25 06:00:00,591.0,238.54813
2025-08-25 07:00:00,609.0,306.24817
2025-08-25 08:00:00,479.0,366.74777
2025-08-25 09:00:00,426.0,429.28018
2025-08-25 10:00:00,423.0,488.919
2025-08-25 11:00:00,461.0,541.4015
2025-08-25 12:00:00,481.0,582.0793
2025-08-25 13:00:00,567.0,609.85706
2025-08-25 14:00:00,632.0,622.35046
2025-08-25 15:00:00,687.0,618.18726
2025-08-25 16:00:00,714.0,597.7106
2025-08-25 17:00:00,765.0,562.73755
2025-08-25 18:00:00,724.0,507.28503
2025-08-25 19:00:00,453.0,449.47202
2025-08-25 20:00:00,340.0,382.0644
2025-08-25 21:00:00,282.0,320.62338
2025-08-25 22:00:00,197.0,263.604
2025-08-25 23:00:00,117.0,213.0861
2025-08-26 00:00:00,62.0,153.61223
2025-08-26 01:00:00,33.0,127.14421
2025-08-26 02:00:00,47.0,116.17879
2025-08-26 03:00:00,37.0,120.99689
2025-08-26 04:00:00,70.0,139.50896
2025-08-26 05:00:00,245.0,172.95392
2025-08-26 06:00:00,563.0,223.94083
2025-08-26 07:00:00,565.0,292.25443
2025-08-26 08:00:00,423.0,352.9723
2025-08-26 09:00:00,397.0,415.72302
2025-08-26 10:00:00,407.0,475.14355
2025-08-26 11:00:00,380.0,527.62604
2025-08-26 12:00:00,381.0,568.7404
2025-08-26 13:00:00,570.0,595.8633
2025-08-26 14:00:00,602.0,607.92017
2025-08-26 15:00:00,694.0,603.5387
2025-08-26 16:00:00,714.0,582.5908
2025-08-26 17:00:00,823.0,541.0397
2025-08-26 18:00:00,613.0,492.77884
2025-08-26 19:00:00,486.0,433.9503
2025-08-26 20:00:00,308.0,367.63403
2025-08-26 21:00:00,270.0,311.21368
2025-08-26 22:00:00,172.0,253.32114
2025-08-26 23:00:00,98.0,195.54346
2025-08-27 00:00:00,76.0,142.7518
2025-08-27 01:00:00,49.0,116.361404
2025-08-27 02:00:00,32.0,111.49397
2025-08-27 03:00:00,37.0,116.31207
2025-08-27 04:00:00,62.0,131.26797
2025-08-27 05:00:00,221.0,170.01541
2025-08-27 06:00:00,527.0,216.5925
2025-08-27 07:00:00,593.0,285.38007
2025-08-27 08:00:00,391.0,346.16046
2025-08-27 09:00:00,392.0,401.7195
2025-08-27 10:00:00,489.0,466.2354
2025-08-27 11:00:00,483.0,517.484
2025-08-27 12:00:00,468.0,559.0456
2025-08-27 13:00:00,583.0,580.3557
2025-08-27 14:00:00,558.0,588.522
2025-08-27 15:00:00,638.0,578.8312
2025-08-27 16:00:00,680.0,549.227
2025-08-27 17:00:00,708.0,516.7012
2025-08-27 18:00:00,674.0,472.88312
2025-08-27 19:00:00,445.0,416.8231
2025-08-27 20:00:00,347.0,352.03485
2025-08-27 21:00:00,212.0,292.77676
2025-08-27 22:00:00,201.0,235.75735
2025-08-27 23:00:00,99.0,185.02115
2025-08-28 00:00:00,46.0,151.31302
2025-08-28 01:00:00,50.0,128.33763
2025-08-28 02:00:00,37.0,118.027084
2025-08-28 03:00:00,36.0,122.408585
2025-08-28 04:00:00,60.0,142.44865
2025-08-28 05:00:00,231.0,176.98506
2025-08-28 06:00:00,505.0,219.16766
2025-08-28 07:00:00,563.0,275.53458
2025-08-28 08:00:00,399.0,330.53323
2025-08-28 09:00:00,382.0,387.40222
2025-08-28 10:00:00,419.0,443.40778
2025-08-28 11:00:00,449.0,490.91083
2025-08-28 12:00:00,410.0,540.74316
2025-08-28 13:00:00,518.0,566.4084
2025-08-28 14:00:00,560.0,577.3738
2025-08-28 15:00:00,560.0,572.922
2025-08-28 16:00:00,573.0,553.1705
2025-08-28 17:00:00,658.0,519.0706
2025-08-28 18:00:00,506.0,473.01663
2025-08-28 19:00:00,406.0,416.58926
2025-08-28 20:00:00,243.0,351.14615
2025-08-28 21:00:00,214.0,291.66977
2025-08-28 22:00:00,124.0,235.96008
2025-08-28 23:00:00,112.0,185.12643
2025-08-29 00:00:00,21.0,178.4183
2025-08-29 01:00:00,117.0,136.87357
2025-08-29 02:00:00,42.0,123.759155
2025-08-29 03:00:00,43.0,132.49234
2025-08-29 04:00:00,60.0,151.29305
2025-08-29 05:00:00,179.0,184.08316
2025-08-29 06:00:00,525.0,232.0632
2025-08-29 07:00:00,472.0,300.9825
2025-08-29 08:00:00,393.0,361.90134
2025-08-29 09:00:00,349.0,421.974
2025-08-29 10:00:00,442.0,480.54938
2025-08-29 11:00:00,487.0,531.2057
2025-08-29 12:00:00,492.0,572.12573
2025-08-29 13:00:00,582.0,598.50726
2025-08-29 14:00:00,629.0,610.19006
2025-08-29 15:00:00,617.0,596.89856
2025-08-29 16:00:00,643.0,563.7748
2025-08-29 17:00:00,640.0,526.2745
2025-08-29 18:00:00,547.0,478.1637
2025-08-29 19:00:00,449.0,435.40454
2025-08-29 20:00:00,352.0,370.90494
2025-08-29 21:00:00,268.0,310.1188
2025-08-29 22:00:00,209.0,253.97256
2025-08-29 23:00:00,190.0,204.3278
2025-08-30 00:00:00,152.0,196.72333
2025-08-30 01:00:00,115.0,171.56505
2025-08-30 02:00:00,93.0,161.25449
2025-08-30 03:00:00,85.0,164.98112
2025-08-30 04:00:00,91.0,185.2395
2025-08-30 05:00:00,76.0,219.12106
2025-08-30 06:00:00,134.0,265.17505
2025-08-30 07:00:00,217.0,325.0179
2025-08-30 08:00:00,364.0,386.5118
2025-08-30 09:00:00,453.0,446.64304
2025-08-30 10:00:00,449.0,504.45578
2025-08-30 11:00:00,495.0,554.0832
2025-08-30 12:00:00,490.0,596.0774
2025-08-30 13:00:00,579.0,620.6193
2025-08-30 14:00:00,614.0,632.1704
2025-08-30 15:00:00,630.0,628.94556
2025-08-30 16:00:00,695.0,614.0567
2025-08-30 17:00:00,659.0,572.38727
2025-08-30 18:00:00,608.0,526.22943
2025-08-30 19:00:00,566.0,468.32986
2025-08-30 20:00:00,460.0,403.10507
2025-08-30 21:00:00,377.0,340.79092
2025-08-30 22:00:00,354.0,282.68008
2025-08-30 23:00:00,247.0,234.78168
2025-08-31 00:00:00,177.0,198.7355
2025-08-31 01:00:00,143.0,171.17607
2025-08-31 02:00:00,89.0,158.02777
2025-08-31 03:00:00,77.0,163.28242
2025-08-31 04:00:00,66.0,182.88594
2025-08-31 05:00:00,78.0,216.7675
2025-08-31 06:00:00,101.0,266.3408
2025-08-31 07:00:00,155.0,334.75824
2025-08-31 08:00:00,263.0,394.82126
2025-08-31 09:00:00,366.0,458.0085
2025-08-31 10:00:00,514.0,518.084
2025-08-31 11:00:00,479.0,569.40576
2025-08-31 12:00:00,691.0,610.3711
2025-08-31 13:00:00,773.0,637.0574
2025-08-31 14:00:00,883.0,649.3325
2025-08-31 15:00:00,971.0,645.82416
2025-08-31 16:00:00,986.0,625.5658
2025-08-31 17:00:00,957.0,590.5928
2025-08-31 18:00:00,893.0,535.34796
2025-08-31 19:00:00,953.0,474.9261
2025-08-31 20:00:00,875.0,409.7013
2025-08-31 21:00:00,642.0,348.9152
2025-08-31 22:00:00,526.0,290.58606
2025-08-31 23:00:00,288.0,241.81448
2025-09-01 00:00:00,126.0,168.08517
2025-09-01 01:00:00,87.0,144.45491
2025-09-01 02:00:00,81.0,135.01749
2025-09-01 03:00:00,50.0,139.18071
2025-09-01 04:00:00,92.0,158.34766
2025-09-01 05:00:00,261.0,192.2292
2025-09-01 06:00:00,556.0,239.15634
2025-09-01 07:00:00,584.0,299.67142
2025-09-01 08:00:00,404.0,357.53424
2025-09-01 09:00:00,388.0,414.82776
2025-09-01 10:00:00,440.0,472.06546
2025-09-01 11:00:00,386.0,524.76227
2025-09-01 12:00:00,457.0,569.93634
2025-09-01 13:00:00,557.0,591.2744
2025-09-01 14:00:00,461.0,600.6946
2025-09-01 15:00:00,515.0,595.0033
2025-09-01 16:00:00,571.0,573.6535
2025-09-01 17:00:00,596.0,539.772
2025-09-01 18:00:00,526.0,493.71796
2025-09-01 19:00:00,332.0,439.25952
2025-09-01 20:00:00,212.0,361.08783
2025-09-01 21:00:00,241.0,306.47733
2025-09-01 22:00:00,157.0,250.98593
2025-09-01 23:00:00,30.0,201.12288
2025-09-02 00:00:00,4.0,141.40695
2025-09-02 01:00:00,16.0,114.06578
2025-09-02 02:00:00,20.0,104.62839
2025-09-02 03:00:00,36.0,109.664734
2025-09-02 04:00:00,50.0,130.14142
2025-09-02 05:00:00,218.0,164.8961
2025-09-02 06:00:00,510.0,210.95009
2025-09-02 07:00:00,576.0,272.75757
2025-09-02 08:00:00,372.0,332.384
2025-09-02 09:00:00,340.0,393.38843
2025-09-02 10:00:00,371.0,449.75296
2025-09-02 11:00:00,358.0,498.08798
2025-09-02 12:00:00,433.0,524.7385
2025-09-02 13:00:00,477.0,562.83264
2025-09-02 14:00:00,440.0,576.1992
2025-09-02 15:00:00,519.0,572.69086
2025-09-02 16:00:00,490.0,552.65076
2025-09-02 17:00:00,549.0,517.2412
2025-09-02 18:00:00,461.0,468.34946
2025-09-02 19:00:00,309.0,411.48547
2025-09-02 20:00:00,226.0,346.04236
2025-09-02 21:00:00,185.0,285.69284
2025-09-02 22:00:00,63.0,227.582
2025-09-02 23:00:00,74.0,178.37384
2025-09-03 00:00:00,96.0,130.14955
2025-09-03 01:00:00,27.0,105.20958
2025-09-03 02:00:00,18.0,94.68074
2025-09-03 03:00:00,29.0,98.18906
2025-09-03 04:00:00,59.0,117.574295
2025-09-03 05:00:00,211.0,151.45583
2025-09-03 06:00:00,573.0,197.9983
2025-09-03 07:00:00,495.0,262.3348
2025-09-03 08:00:00,356.0,322.74115
2025-09-03 09:00:00,387.0,384.3898
2025-09-03 10:00:00,361.0,442.2411
2025-09-03 11:00:00,362.0,493.16092
2025-09-03 12:00:00,454.0,534.28864
2025-09-03 13:00:00,507.0,567.38
2025-09-03 14:00:00,498.0,579.8734
2025-09-03 15:00:00,618.0,576.36505
2025-09-03 16:00:00,733.0,556.1066
2025-09-03 17:00:00,797.0,521.23083
2025-09-03 18:00:00,818.0,466.04852
2025-09-03 19:00:00,556.0,408.30475
2025-09-03 20:00:00,357.0,340.46048
2025-09-03 21:00:00,212.0,280.32922
2025-09-03 22:00:00,182.0,222.00009
2025-09-03 23:00:00,73.0,174.9748
2025-09-04 00:00:00,54.0,141.24261
2025-09-04 01:00:00,40.0,116.30263
2025-09-04 02:00:00,27.0,108.61154
2025-09-04 03:00:00,28.0,112.774765
2025-09-04 04:00:00,49.0,132.59653
2025-09-04 05:00:00,222.0,165.38664
2025-09-04 06:00:00,555.0,211.64828
2025-09-04 07:00:00,579.0,272.82492
2025-09-04 08:00:00,381.0,341.20563
2025-09-04 09:00:00,348.0,403.72073
2025-09-04 10:00:00,392.0,457.51227
2025-09-04 11:00:00,426.0,505.6223
2025-09-04 12:00:00,408.0,542.3123
2025-09-04 13:00:00,535.0,556.1332
2025-09-04 14:00:00,533.0,564.84546
2025-09-04 15:00:00,612.0,570.55133
2025-09-04 16:00:00,656.0,551.82764
2025-09-04 17:00:00,689.0,509.6325
2025-09-04 18:00:00,526.0,455.49203
2025-09-04 19:00:00,332.0,402.64948
2025-09-04 20:00:00,245.0,341.88785
2025-09-04 21:00:00,214.0,279.75558
2025-09-04 22:00:00,121.0,225.88966
2025-09-04 23:00:00,76.0,175.80835
2025-09-05 00:00:00,47.0,156.1749
2025-09-05 01:00:00,41.0,131.4532
2025-09-05 02:00:00,22.0,116.206406
2025-09-05 03:00:00,37.0,120.8062
2025-09-05 04:00:00,69.0,142.61446
2025-09-05 05:00:00,214.0,181.55559
2025-09-05 06:00:00,492.0,228.57492
2025-09-05 07:00:00,440.0,276.09848
2025-09-05 08:00:00,372.0,340.25574
2025-09-05 09:00:00,351.0,395.37842
2025-09-05 10:00:00,413.0,450.341
2025-09-05 11:00:00,457.0,501.12256
2025-09-05 12:00:00,528.0,545.5252
2025-09-05 13:00:00,576.0,562.8627
2025-09-05 14:00:00,642.0,593.0824
2025-09-05 15:00:00,592.0,590.1664
2025-09-05 16:00:00,727.0,570.1263
2025-09-05 17:00:00,731.0,527.7193
2025-09-05 18:00:00,577.0,479.78055
2025-09-05 19:00:00,485.0,421.01453
2025-09-05 20:00:00,328.0,356.22632
2025-09-05 21:00:00,318.0,295.2219
2025-09-05 22:00:00,263.0,237.98422
2025-09-05 23:00:00,204.0,188.55774
2025-09-06 00:00:00,109.0,180.49242
2025-09-06 01:00:00,124.0,154.02443
2025-09-06 02:00:00,133.0,142.8407
2025-09-06 03:00:00,65.0,146.78563
2025-09-06 04:00:00,60.0,166.38914
2025-09-06 05:00:00,97.0,199.61581
2025-09-06 06:00:00,171.0,247.99387
2025-09-06 07:00:00,261.0,316.95172
2025-09-06 08:00:00,369.0,377.4513
2025-09-06 09:00:00,472.0,439.76544
2025-09-06 10:00:00,548.0,499.18604
2025-09-06 11:00:00,551.0,550.577
2025-09-06 12:00:00,546.0,592.5646
2025-09-06 13:00:00,620.0,620.56055
2025-09-06 14:00:00,722.0,633.05396
2025-09-06 15:00:00,796.0,629.54565
2025-09-06 16:00:00,856.0,609.28723
2025-09-06 17:00:00,845.0,572.58923
2025-09-06 18:00:00,890.0,516.6962
2025-09-06 19:00:00,746.0,458.64758
2025-09-06 20:00:00,700.0,394.07767
2025-09-06 21:00:00,521.0,334.16467
2025-09-06 22:00:00,411.0,273.87097
2025-09-06 23:00:00,298.0,223.57138
2025-09-07 00:00:00,194.0,187.71916
2025-09-07 01:00:00,144.0,161.46945
2025-09-07 02:00:00,93.0,150.50403
2025-09-07 03:00:00,52.0,154.88553
2025-09-07 04:00:00,50.0,174.48904
2025-09-07 05:00:00,64.0,207.49744
2025-09-07 06:00:00,90.0,253.78702
2025-09-07 07:00:00,200.0,324.2756
2025-09-07 08:00:00,298.0,385.5512
2025-09-07 09:00:00,442.0,446.99216
2025-09-07 10:00:00,660.0,505.9762
2025-09-07 11:00:00,670.0,557.5855
2025-09-07 12:00:00,704.0,599.1364
2025-09-07 13:00:00,852.0,627.1151
2025-09-07 14:00:00,918.0,639.18933
2025-09-07 15:00:00,920.0,635.89923
2025-09-07 16:00:00,998.0,617.3872
2025-09-07 17:00:00,1004.0,583.0691
2025-09-07 18:00:00,956.0,526.7713
2025-09-07 19:00:00,918.0,467.6206
2025-09-07 20:00:00,873.0,399.9947
2025-09-07 21:00:00,828.0,338.99026
2025-09-07 22:00:00,382.0,281.31598
2025-09-07 23:00:00,367.0,231.67126
2025-09-08 00:00:00,414.0,163.55449
2025-09-08 01:00:00,210.0,137.74135
2025-09-08 02:00:00,65.0,127.43077
2025-09-08 03:00:00,60.0,131.594
2025-09-08 04:00:00,98.0,151.6341
2025-09-08 05:00:00,271.0,185.95221
2025-09-08 06:00:00,601.0,233.80441
2025-09-08 07:00:00,615.0,296.52634
2025-09-08 08:00:00,440.0,356.399
2025-09-08 09:00:00,374.0,416.91492
2025-09-08 10:00:00,449.0,475.39313
2025-09-08 11:00:00,480.0,527.439
2025-09-08 12:00:00,512.0,568.1168
2025-09-08 13:00:00,615.0,594.1482
2025-09-08 14:00:00,573.0,604.45874
2025-09-08 15:00:00,652.0,599.6407
2025-09-08 16:00:00,696.0,578.2909
2025-09-08 17:00:00,702.0,543.3179
2025-09-08 18:00:00,539.0,495.95416
2025-09-08 19:00:00,436.0,440.8365
2025-09-08 20:00:00,349.0,374.30197
2025-09-08 21:00:00,163.0,314.6073
2025-09-08 22:00:00,158.0,257.5879
2025-09-08 23:00:00,105.0,208.16144
2025-09-09 00:00:00,56.0,148.63925
2025-09-09 01:00:00,42.0,123.48096
2025-09-09 02:00:00,34.0,112.29727
2025-09-09 03:00:00,32.0,116.67877
2025-09-09 04:00:00,56.0,137.59201
2025-09-09 05:00:00,175.0,168.9895
2025-09-09 06:00:00,501.0,210.49335
2025-09-09 07:00:00,535.0,263.77982
2025-09-09 08:00:00,367.0,334.3774
2025-09-09 09:00:00,300.0,394.50867
2025-09-09 10:00:00,390.0,451.52808
2025-09-09 11:00:00,402.0,502.04596
2025-09-09 12:00:00,474.0,541.7534
2025-09-09 13:00:00,544.0,567.3484
2025-09-09 14:00:00,508.0,579.46375
2025-09-09 15:00:00,515.0,574.89856
2025-09-09 16:00:00,545.0,554.4911
2025-09-09 17:00:00,597.0,518.1431
2025-09-09 18:00:00,596.0,471.10156
2025-09-09 19:00:00,424.0,414.13376
2025-09-09 20:00:00,241.0,348.69064
2025-09-09 21:00:00,142.0,288.77768
2025-09-09 22:00:00,127.0,233.06801
2025-09-09 23:00:00,187.0,182.98668
2025-09-10 00:00:00,83.0,132.55493
2025-09-10 01:00:00,35.0,107.39667
2025-09-10 02:00:00,28.0,97.30441
2025-09-10 03:00:00,40.0,102.55904
2025-09-10 04:00:00,48.0,119.30498
2025-09-10 05:00:00,210.0,153.70071
2025-09-10 06:00:00,562.0,196.72528
2025-09-10 07:00:00,555.0,261.06784
2025-09-10 08:00:00,386.0,320.47598
2025-09-10 09:00:00,373.0,379.95236
2025-09-10 10:00:00,389.0,436.9718
2025-09-10 11:00:00,410.0,487.70795
2025-09-10 12:00:00,432.0,528.5934
2025-09-10 13:00:00,539.0,555.1998
2025-09-10 14:00:00,538.0,566.3423
2025-09-10 15:00:00,508.0,561.7318
2025-09-10 16:00:00,629.0,548.48145
2025-09-10 17:00:00,611.0,513.5191
2025-09-10 18:00:00,581.0,459.48682
2025-09-10 19:00:00,395.0,402.85178
2025-09-10 20:00:00,302.0,335.88065
2025-09-10 21:00:00,169.0,274.65796
2025-09-10 22:00:00,148.0,217.85684
2025-09-10 23:00:00,103.0,166.06514
2025-09-11 00:00:00,44.0,133.63922
2025-09-11 01:00:00,29.0,108.262665
2025-09-11 02:00:00,21.0,99.19151
2025-09-11 03:00:00,29.0,99.50993
2025-09-11 04:00:00,71.0,120.204865
2025-09-11 05:00:00,215.0,153.93846
2025-09-11 06:00:00,528.0,204.99791
2025-09-11 07:00:00,563.0,266.63904
2025-09-11 08:00:00,398.0,326.3626
2025-09-11 09:00:00,398.0,387.8036
2025-09-11 10:00:00,357.0,444.16815
2025-09-11 11:00:00,404.0,502.33823
2025-09-11 12:00:00,479.0,541.96985
2025-09-11 13:00:00,536.0,560.574
2025-09-11 14:00:00,591.0,570.3961
2025-09-11 15:00:00,584.0,564.2683
2025-09-11 16:00:00,714.0,543.5733
2025-09-11 17:00:00,690.0,509.50806
2025-09-11 18:00:00,630.0,461.70776
2025-09-11 19:00:00,393.0,404.80923
2025-09-11 20:00:00,243.0,341.549
2025-09-11 21:00:00,168.0,281.63605
2025-09-11 22:00:00,144.0,224.18005
2025-09-11 23:00:00,106.0,171.69756
2025-09-12 00:00:00,41.0,153.29198
2025-09-12 01:00:00,47.0,125.950836
2025-09-12 02:00:00,30.0,118.25972
2025-09-12 03:00:00,26.0,123.732666
2025-09-12 04:00:00,61.0,142.82927
2025-09-12 05:00:00,209.0,178.30916
2025-09-12 06:00:00,524.0,225.01802
2025-09-12 07:00:00,475.0,272.5946
2025-09-12 08:00:00,363.0,330.6154
2025-09-12 09:00:00,389.0,401.56256
2025-09-12 10:00:00,436.0,459.6734
2025-09-12 11:00:00,506.0,508.66327
2025-09-12 12:00:00,469.0,549.3131
2025-09-12 13:00:00,567.0,574.5167
2025-09-12 14:00:00,583.0,586.1197
2025-09-12 15:00:00,615.0,580.2102
2025-09-12 16:00:00,701.0,559.9518
2025-09-12 17:00:00,797.0,525.197
2025-09-12 18:00:00,638.0,478.2699
2025-09-12 19:00:00,541.0,423.5888
2025-09-12 20:00:00,398.0,357.49088
2025-09-12 21:00:00,331.0,297.35962
2025-09-12 22:00:00,302.0,239.90363
2025-09-12 23:00:00,183.0,189.38573
2025-09-13 00:00:00,148.0,245.09212
2025-09-13 01:00:00,111.0,219.93384
2025-09-13 02:00:00,103.0,210.27814
2025-09-13 03:00:00,89.0,215.31451
2025-09-13 04:00:00,86.0,235.79117
2025-09-13 05:00:00,93.0,269.67273
2025-09-13 06:00:00,152.0,314.63525
2025-09-13 07:00:00,250.0,382.02655
2025-09-13 08:00:00,429.0,443.12512
2025-09-13 09:00:00,501.0,504.8017
2025-09-13 10:00:00,538.0,564.004
2025-09-13 11:00:00,467.0,614.2796
2025-09-13 12:00:00,579.0,655.6016
2025-09-13 13:00:00,541.0,682.8668
2025-09-13 14:00:00,705.0,686.8695
2025-09-13 15:00:00,672.0,681.3966
2025-09-13 16:00:00,805.0,660.265
2025-09-13 17:00:00,755.0,625.4479
2025-09-13 18:00:00,698.0,577.27356
2025-09-13 19:00:00,552.0,522.5924
2025-09-13 20:00:00,516.0,455.8396
2025-09-13 21:00:00,471.0,395.05347
2025-09-13 22:00:00,346.0,337.81577
2025-09-13 23:00:00,315.0,288.82593
2025-09-14 00:00:00,190.0,247.07648
2025-09-14 01:00:00,165.0,222.14377
2025-09-14 02:00:00,93.0,216.95584
2025-09-14 03:00:00,66.0,218.73721
2025-09-14 04:00:00,49.0,238.09329
2025-09-14 05:00:00,56.0,270.21396
2025-09-14 06:00:00,56.0,319.6543
2025-09-14 07:00:00,116.0,382.0368
2025-09-14 08:00:00,229.0,443.6451
2025-09-14 09:00:00,340.0,504.07452
2025-09-14 10:00:00,499.0,562.043
2025-09-14 11:00:00,569.0,621.1315
2025-09-14 12:00:00,615.0,661.3101
2025-09-14 13:00:00,754.0,687.9099
2025-09-14 14:00:00,788.0,698.9099
2025-09-14 15:00:00,861.0,687.15704
2025-09-14 16:00:00,1021.0,666.8601
2025-09-14 17:00:00,953.0,630.11017
2025-09-14 18:00:00,896.0,582.0743
2025-09-14 19:00:00,899.0,528.04803
2025-09-14 20:00:00,292.0,463.0415
2025-09-14 21:00:00,76.0,402.69196
2025-09-14 22:00:00,57.0,346.10913
2025-09-14 23:00:00,20.0,296.6827
2025-09-15 00:00:00,14.0,167.36401
2025-09-15 01:00:00,5.0,140.89601
2025-09-15 02:00:00,13.0,128.83913
2025-09-15 03:00:00,10.0,133.22066
2025-09-15 04:00:00,34.0,153.04245
2025-09-15 05:00:00,155.0,187.14227
2025-09-15 06:00:00,653.0,234.3011
2025-09-15 07:00:00,527.0,302.9502
2025-09-15 08:00:00,423.0,363.88635
2025-09-15 09:00:00,400.0,426.41876
2025-09-15 10:00:00,437.0,489.11365
2025-09-15 11:00:00,474.0,540.9413
2025-09-15 12:00:00,452.0,582.0316
2025-09-15 13:00:00,521.0,609.18915
2025-09-15 14:00:00,700.0,621.23535
2025-09-15 15:00:00,804.0,614.5604
2025-09-15 16:00:00,866.0,593.76166
2025-09-15 17:00:00,731.0,557.4404
2025-09-15 18:00:00,834.0,498.72418
2025-09-15 19:00:00,545.0,444.57568
2025-09-15 20:00:00,272.0,369.17578
2025-09-15 21:00:00,122.0,309.4957
2025-09-15 22:00:00,96.0,257.0317
2025-09-15 23:00:00,50.0,202.45801
2025-09-16 00:00:00,18.0,141.22768
2025-09-16 01:00:00,13.0,120.28041
2025-09-16 02:00:00,17.0,108.66016
2025-09-16 03:00:00,17.0,113.914795
2025-09-16 04:00:00,52.0,133.51831
2025-09-16 05:00:00,204.0,167.39984
2025-09-16 06:00:00,593.0,212.58069
2025-09-16 07:00:00,593.0,272.42358
2025-09-16 08:00:00,435.0,331.39514
2025-09-16 09:00:00,365.0,391.3081
2025-09-16 10:00:00,370.0,448.3275
2025-09-16 11:00:00,378.0,499.29932
2025-09-16 12:00:00,410.0,539.13855
2025-09-16 13:00:00,483.0,567.14124
2025-09-16 14:00:00,498.0,578.55383
2025-09-16 15:00:00,427.0,573.23
2025-09-16 16:00:00,564.0,551.007
2025-09-16 17:00:00,586.0,515.1609
2025-09-16 18:00:00,531.0,467.79718
2025-09-16 19:00:00,361.0,412.24292
2025-09-16 20:00:00,185.0,347.45468
2025-09-16 21:00:00,110.0,287.76
2025-09-16 22:00:00,81.0,229.64917
2025-09-16 23:00:00,60.0,180.44101
2025-09-17 00:00:00,43.0,129.76605
2025-09-17 01:00:00,20.0,103.73465
2025-09-17 02:00:00,13.0,92.55092
2025-09-17 03:00:00,33.0,97.587296
2025-09-17 04:00:00,60.0,117.190796
2025-09-17 05:00:00,234.0,151.07234
2025-09-17 06:00:00,506.0,197.12631
2025-09-17 07:00:00,583.0,258.75684
2025-09-17 08:00:00,441.0,326.28836
2025-09-17 09:00:00,336.0,387.72934
2025-09-17 10:00:00,353.0,437.987
2025-09-17 11:00:00,419.0,488.7511
2025-09-17 12:00:00,425.0,535.5079
2025-09-17 13:00:00,545.0,562.3538
2025-09-17 14:00:00,497.0,568.63257
2025-09-17 15:00:00,545.0,564.0674
2025-09-17 16:00:00,629.0,550.04767
2025-09-17 17:00:00,692.0,513.7131
2025-09-17 18:00:00,605.0,456.92685
2025-09-17 19:00:00,356.0,402.90063
2025-09-17 20:00:00,206.0,336.80267
2025-09-17 21:00:00,140.0,276.01654
2025-09-17 22:00:00,95.0,217.68742
2025-09-17 23:00:00,62.0,167.82437
2025-09-18 00:00:00,36.0,134.0426
2025-09-18 01:00:00,16.0,108.666046
2025-09-18 02:00:00,8.0,97.70064
2025-09-18 03:00:00,29.0,102.08214
2025-09-18 04:00:00,37.0,121.46735
2025-09-18 05:00:00,237.0,156.87689
2025-09-18 06:00:00,611.0,203.88663
2025-09-18 07:00:00,574.0,273.55795
2025-09-18 08:00:00,394.0,334.27582
2025-09-18 09:00:00,347.0,396.80823
2025-09-18 10:00:00,392.0,456.22882
2025-09-18 11:00:00,401.0,507.83813
2025-09-18 12:00:00,393.0,549.8256
2025-09-18 13:00:00,535.0,576.94855
2025-09-18 14:00:00,565.0,589.442
2025-09-18 15:00:00,776.0,585.4971
2025-09-18 16:00:00,822.0,565.67523
2025-09-18 17:00:00,835.0,527.5597
2025-09-18 18:00:00,775.0,470.37146
2025-09-18 19:00:00,423.0,411.32465
2025-09-18 20:00:00,239.0,346.09982
2025-09-18 21:00:00,170.0,285.09543
2025-09-18 22:00:00,144.0,226.54802
2025-09-18 23:00:00,57.0,176.46667
2025-09-19 00:00:00,43.0,156.12874
2025-09-19 01:00:00,23.0,130.09732
2025-09-19 02:00:00,18.0,118.040436
2025-09-19 03:00:00,25.0,122.85852
2025-09-19 04:00:00,61.0,142.68033
2025-09-19 05:00:00,212.0,176.78015
2025-09-19 06:00:00,502.0,223.336
2025-09-19 07:00:00,517.0,293.4612
2025-09-19 08:00:00,381.0,353.9608
2025-09-19 09:00:00,290.0,416.2749
2025-09-19 10:00:00,343.0,475.4772
2025-09-19 11:00:00,339.0,528.8328
2025-09-19 12:00:00,432.0,570.8203
2025-09-19 13:00:00,302.0,598.3798
2025-09-19 14:00:00,597.0,610.8732
2025-09-19 15:00:00,682.0,606.4917
2025-09-19 16:00:00,864.0,587.3248
2025-09-19 17:00:00,891.0,549.3929
2025-09-19 18:00:00,810.0,491.80273
2025-09-19 19:00:00,625.0,433.19247
2025-09-19 20:00:00,312.0,366.43967
2025-09-19 21:00:00,295.0,306.5267
2025-09-19 22:00:00,223.0,248.19757
2025-09-19 23:00:00,244.0,198.33453
2025-09-20 00:00:00,125.0,191.09264
2025-09-20 01:00:00,79.0,165.49779
2025-09-20 02:00:00,55.0,154.96895
2025-09-20 03:00:00,34.0,159.78702
2025-09-20 04:00:00,46.0,179.17226
2025-09-20 05:00:00,79.0,210.43434
2025-09-20 06:00:00,135.0,257.40945
2025-09-20 07:00:00,261.0,328.42508
2025-09-20 08:00:00,380.0,389.57953
2025-09-20 09:00:00,481.0,452.54852
2025-09-20 10:00:00,584.0,511.75082
2025-09-20 11:00:00,525.0,562.9236
2025-09-20 12:00:00,545.0,605.78424
2025-09-20 13:00:00,668.0,634.4351
2025-09-20 14:00:00,678.0,648.2383
2025-09-20 15:00:00,730.0,643.8568
2025-09-20 16:00:00,926.0,622.9435
2025-09-20 17:00:00,934.0,584.2876
2025-09-20 18:00:00,876.0,525.8935
2025-09-20 19:00:00,814.0,469.46606
2025-09-20 20:00:00,701.0,402.2767
2025-09-20 21:00:00,456.0,342.14545
2025-09-20 22:00:00,334.0,284.4712
2025-09-20 23:00:00,188.0,234.82645
2025-09-21 00:00:00,172.0,198.26962
2025-09-21 01:00:00,116.0,171.58334
2025-09-21 02:00:00,61.0,160.61792
2025-09-21 03:00:00,45.0,163.4714
2025-09-21 04:00:00,39.0,183.94809
2025-09-21 05:00:00,37.0,217.82962
2025-09-21 06:00:00,77.0,265.41162
2025-09-21 07:00:00,142.0,327.0421
2025-09-21 08:00:00,273.0,394.4179
2025-09-21 09:00:00,475.0,455.79633
2025-09-21 10:00:00,587.0,515.6535
2025-09-21 11:00:00,725.0,567.81384
2025-09-21 12:00:00,747.0,600.36816
2025-09-21 13:00:00,901.0,625.6063
2025-09-21 14:00:00,949.0,634.82544
2025-09-21 15:00:00,937.0,629.6467
2025-09-21 16:00:00,954.0,607.81903
2025-09-21 17:00:00,932.0,571.921
2025-09-21 18:00:00,885.0,512.7905
2025-09-21 19:00:00,855.0,462.05103
2025-09-21 20:00:00,212.0,396.4215
2025-09-21 21:00:00,31.0,336.50125
2025-09-21 22:00:00,21.0,277.47354
2025-09-21 23:00:00,9.0,232.83537
2025-09-22 00:00:00,5.0,194.87155
2025-09-22 01:00:00,1.0,174.5088
2025-09-22 02:00:00,1.0,163.832
2025-09-22 03:00:00,6.0,163.14407
2025-09-22 04:00:00,15.0,184.19054
2025-09-22 05:00:00,122.0,220.15073
2025-09-22 06:00:00,532.0,264.43182
2025-09-22 07:00:00,590.0,314.73257
2025-09-22 08:00:00,398.0,372.0209
2025-09-22 09:00:00,366.0,428.46057
2025-09-22 10:00:00,449.0,495.42276
2025-09-22 11:00:00,439.0,544.84924
2025-09-22 12:00:00,467.0,583.56244
2025-09-22 13:00:00,535.0,609.5939
2025-09-22 14:00:00,515.0,620.5593
2025-09-22 15:00:00,525.0,616.17786
2025-09-22 16:00:00,616.0,589.302
2025-09-22 17:00:00,618.0,551.5178
2025-09-22 18:00:00,501.0,515.1107
2025-09-22 19:00:00,359.0,449.96533
2025-09-22 20:00:00,171.0,390.2906
2025-09-22 21:00:00,168.0,327.8136
2025-09-22 22:00:00,132.0,297.94577
2025-09-22 23:00:00,93.0,231.02884
2025-09-23 00:00:00,42.0,139.00772
2025-09-23 01:00:00,16.0,113.41286
2025-09-23 02:00:00,14.0,102.81369
2025-09-23 03:00:00,30.0,123.227646
2025-09-23 04:00:00,56.0,121.49623
2025-09-23 05:00:00,207.0,160.314
2025-09-23 06:00:00,597.0,205.27655
2025-09-23 07:00:00,590.0,285.32938
2025-09-23 08:00:00,385.0,324.09103
2025-09-23 09:00:00,345.0,383.7857
2025-09-23 10:00:00,386.0,440.15027
2025-09-23 11:00:00,371.0,490.23157
2025-09-23 12:00:00,410.0,530.4728
2025-09-23 13:00:00,469.0,557.37744
2025-09-23 14:00:00,487.0,631.03784
2025-09-23 15:00:00,473.0,561.12354
2025-09-23 16:00:00,535.0,528.81714
2025-09-23 17:00:00,569.0,495.18298
2025-09-23 18:00:00,491.0,455.49103
2025-09-23 19:00:00,269.0,392.5245
2025-09-23 20:00:00,175.0,334.8918
2025-09-23 21:00:00,130.0,277.11124
2025-09-23 22:00:00,114.0,221.90846
2025-09-23 23:00:00,56.0,169.23631
2025-09-24 00:00:00,30.0,118.66261
2025-09-24 01:00:00,23.0,98.58855
2025-09-24 02:00:00,11.0,88.05968
2025-09-24 03:00:00,31.0,92.87776
2025-09-24 04:00:00,48.0,138.50784
2025-09-24 05:00:00,232.0,146.79938
2025-09-24 06:00:00,564.0,192.63507
2025-09-24 07:00:00,536.0,263.05273
2025-09-24 08:00:00,387.0,308.00812
2025-09-24 09:00:00,344.0,372.23566
2025-09-24 10:00:00,325.0,428.8185
2025-09-24 11:00:00,363.0,477.51978
2025-09-24 12:00:00,389.0,505.65002
2025-09-24 13:00:00,516.0,559.2627
2025-09-24 14:00:00,481.0,552.64526
2025-09-24 15:00:00,469.0,547.60895
2025-09-24 16:00:00,549.0,527.3505
2025-09-24 17:00:00,664.0,492.81412
2025-09-24 18:00:00,522.0,435.22644
2025-09-24 19:00:00,286.0,380.6713
2025-09-24 20:00:00,157.0,326.19937
2025-09-24 21:00:00,151.0,258.37888
2025-09-24 22:00:00,82.0,205.7254
2025-09-24 23:00:00,55.0,160.71368
2025-09-25 00:00:00,16.0,141.41104
2025-09-25 01:00:00,11.0,110.51372
2025-09-25 02:00:00,14.0,105.28734
2025-09-25 03:00:00,21.0,110.54201
2025-09-25 04:00:00,60.0,130.6524
2025-09-25 05:00:00,218.0,164.75224
2025-09-25 06:00:00,508.0,202.45483
2025-09-25 07:00:00,547.0,270.64914
2025-09-25 08:00:00,390.0,330.49387
2025-09-25 09:00:00,329.0,390.84338
2025-09-25 10:00:00,338.0,439.1672
2025-09-25 11:00:00,395.0,498.81726
2025-09-25 12:00:00,402.0,538.6219
2025-09-25 13:00:00,496.0,553.11237
2025-09-25 14:00:00,414.0,574.9639
2025-09-25 15:00:00,511.0,585.7641
2025-09-25 16:00:00,508.0,546.8314
2025-09-25 17:00:00,620.0,511.8584
2025-09-25 18:00:00,499.0,465.58612
2025-09-25 19:00:00,354.0,411.5599
2025-09-25 20:00:00,215.0,346.98996
2025-09-25 21:00:00,118.0,278.72562
2025-09-25 22:00:00,108.0,230.71246
2025-09-25 23:00:00,71.0,181.72258
2025-09-26 00:00:00,33.0,148.75015
2025-09-26 01:00:00,20.0,123.15529
2025-09-26 02:00:00,18.0,112.189865
2025-09-26 03:00:00,24.0,116.571365
2025-09-26 04:00:00,36.0,136.82976
2025-09-26 05:00:00,217.0,170.49301
2025-09-26 06:00:00,494.0,207.97734
2025-09-26 07:00:00,501.0,275.95334
2025-09-26 08:00:00,344.0,331.70175
2025-09-26 09:00:00,382.0,396.9822
2025-09-26 10:00:00,432.0,454.9306
2025-09-26 11:00:00,495.0,504.7763
2025-09-26 12:00:00,433.0,543.9261
2025-09-26 13:00:00,559.0,570.39417
2025-09-26 14:00:00,583.0,580.923
2025-09-26 15:00:00,546.0,575.598
2025-09-26 16:00:00,637.0,543.5099
2025-09-26 17:00:00,617.0,507.945
2025-09-26 18:00:00,492.0,461.08093
2025-09-26 19:00:00,419.0,417.0824
2025-09-26 20:00:00,299.0,348.6265
2025-09-26 21:00:00,227.0,288.9391
2025-09-26 22:00:00,227.0,230.66573
2025-09-26 23:00:00,227.0,184.55527
2025-09-27 00:00:00,100.0,176.92242
2025-09-27 01:00:00,48.0,151.54587
2025-09-27 02:00:00,36.0,142.03812
2025-09-27 03:00:00,32.0,143.62509
2025-09-27 04:00:00,43.0,163.66518
2025-09-27 05:00:00,60.0,197.32114
2025-09-27 06:00:00,113.0,242.34674
2025-09-27 07:00:00,196.0,295.9364
2025-09-27 08:00:00,321.0,355.87332
2025-09-27 09:00:00,420.0,414.89856
2025-09-27 10:00:00,478.0,471.77002
2025-09-27 11:00:00,465.0,537.7977
2025-09-27 12:00:00,458.0,571.6964
2025-09-27 13:00:00,476.0,598.12976
2025-09-27 14:00:00,453.0,610.7097
2025-09-27 15:00:00,422.0,604.932
2025-09-27 16:00:00,456.0,584.6736
2025-09-27 17:00:00,455.0,550.1372
2025-09-27 18:00:00,417.0,503.21008
2025-09-27 19:00:00,423.0,448.52896
2025-09-27 20:00:00,350.0,380.903
2025-09-27 21:00:00,293.0,320.55347
2025-09-27 22:00:00,215.0,263.53406
2025-09-27 23:00:00,165.0,213.88934
2025-09-28 00:00:00,164.0,179.27243
2025-09-28 01:00:00,104.0,154.9873
2025-09-28 02:00:00,57.0,144.45845
2025-09-28 03:00:00,31.0,147.09366
2025-09-28 04:00:00,31.0,166.47888
2025-09-28 05:00:00,32.0,200.57872
2025-09-28 06:00:00,74.0,246.41441
2025-09-28 07:00:00,107.0,307.71216
2025-09-28 08:00:00,222.0,369.5321
2025-09-28 09:00:00,368.0,437.01743
2025-09-28 10:00:00,490.0,496.43802
2025-09-28 11:00:00,499.0,547.77716
2025-09-28 12:00:00,514.0,587.7867
2025-09-28 13:00:00,585.0,608.7016
2025-09-28 14:00:00,665.0,642.07806
2025-09-28 15:00:00,853.0,615.1404
2025-09-28 16:00:00,891.0,594.6637
2025-09-28 17:00:00,938.0,559.69073
2025-09-28 18:00:00,816.0,512.1087
2025-09-28 19:00:00,597.0,455.24472
2025-09-28 20:00:00,492.0,396.5579
2025-09-28 21:00:00,397.0,330.54352
2025-09-28 22:00:00,229.0,273.7424
2025-09-28 23:00:00,144.0,224.75253
2025-09-29 00:00:00,17.0,157.87114
2025-09-29 01:00:00,2.0,132.27628
2025-09-29 02:00:00,4.0,121.52913
2025-09-29 03:00:00,6.0,126.12892
2025-09-29 04:00:00,30.0,146.16902
2025-09-29 05:00:00,236.0,180.48714
2025-09-29 06:00:00,558.0,226.10457
2025-09-29 07:00:00,470.0,285.65884
2025-09-29 08:00:00,431.0,345.42203
2025-09-29 09:00:00,350.0,408.61694
2025-09-29 10:00:00,404.0,463.46594
2025-09-29 11:00:00,397.0,520.92926
2025-09-29 12:00:00,395.0,560.256
2025-09-29 13:00:00,508.0,580.8901
2025-09-29 14:00:00,537.0,599.17224
2025-09-29 15:00:00,545.0,594.86
2025-09-29 16:00:00,610.0,568.2898
2025-09-29 17:00:00,633.0,536.5486
2025-09-29 18:00:00,495.0,480.88446
2025-09-29 19:00:00,437.0,425.33023
2025-09-29 20:00:00,276.0,359.01398
2025-09-29 21:00:00,150.0,456.51978
2025-09-29 22:00:00,145.0,240.99017
2025-09-29 23:00:00,78.0,192.00027
2025-09-30 00:00:00,37.0,132.1855
2025-09-30 01:00:00,26.0,106.808914
2025-09-30 02:00:00,12.0,95.62523
2025-09-30 03:00:00,26.0,101.31645
2025-09-30 04:00:00,58.0,120.701675
2025-09-30 05:00:00,195.0,156.32951
2025-09-30 06:00:00,587.0,203.47498
2025-09-30 07:00:00,513.0,264.4093
2025-09-30 08:00:00,353.0,324.69058
2025-09-30 09:00:00,328.0,383.9487
2025-09-30 10:00:00,339.0,440.74982
2025-09-30 11:00:00,369.0,491.70428
2025-09-30 12:00:00,407.0,529.76263
2025-09-30 13:00:00,460.0,556.0123
2025-09-30 14:00:00,509.0,568.0692
2025-09-30 15:00:00,536.0,563.4694
2025-09-30 16:00:00,552.0,549.86896
2025-09-30 17:00:00,415.0,508.5255
2025-09-30 18:00:00,417.0,450.55798
2025-09-30 19:00:00,375.0,405.97495
2025-09-30 20:00:00,242.0,340.9684
2025-09-30 21:00:00,109.0,279.96402
2025-09-30 22:00:00,82.0,224.03604
2025-09-30 23:00:00,57.0,173.08156
2025-10-01 00:00:00,30.0,108.47067
2025-10-01 01:00:00,13.0,83.9673
2025-10-01 02:00:00,17.0,74.31157
2025-10-01 03:00:00,11.0,79.347946
2025-10-01 04:00:00,44.0,104.39798
2025-10-01 05:00:00,215.0,132.17812
2025-10-01 06:00:00,504.0,171.41637
2025-10-01 07:00:00,535.0,237.20189
2025-10-01 08:00:00,367.0,305.43085
2025-10-01 09:00:00,333.0,358.48755
2025-10-01 10:00:00,322.0,417.14554
2025-10-01 11:00:00,412.0,473.87805
2025-10-01 12:00:00,427.0,514.71155
2025-10-01 13:00:00,431.0,535.3669
2025-10-01 14:00:00,512.0,552.9489
2025-10-01 15:00:00,521.0,540.92194
2025-10-01 16:00:00,605.0,525.33954
2025-10-01 17:00:00,584.0,482.1527
2025-10-01 18:00:00,506.0,432.35715
2025-10-01 19:00:00,338.0,376.80292
2025-10-01 20:00:00,188.0,310.48666
2025-10-01 21:00:00,119.0,247.95427
2025-10-01 22:00:00,95.0,191.58969
2025-10-01 23:00:00,74.0,142.59982
2025-10-02 00:00:00,27.0,108.5506
2025-10-02 01:00:00,13.0,81.42775
2025-10-02 02:00:00,16.0,70.02577
2025-10-02 03:00:00,27.0,73.97072
2025-10-02 04:00:00,62.0,95.53877
2025-10-02 05:00:00,193.0,125.44231
2025-10-02 06:00:00,548.0,177.0023
2025-10-02 07:00:00,580.0,236.62695
2025-10-02 08:00:00,393.0,296.0351
2025-10-02 09:00:00,335.0,356.6029
2025-10-02 10:00:00,359.0,422.11978
2025-10-02 11:00:00,424.0,473.17804
2025-10-02 12:00:00,404.0,513.1078
2025-10-02 13:00:00,494.0,540.97876
2025-10-02 14:00:00,562.0,554.3453
2025-10-02 15:00:00,574.0,550.4004
2025-10-02 16:00:00,676.0,529.7054
2025-10-02 17:00:00,741.0,487.21863
2025-10-02 18:00:00,567.0,435.2748
2025-10-02 19:00:00,391.0,379.50232
2025-10-02 20:00:00,197.0,314.71408
2025-10-02 21:00:00,126.0,254.58282
2025-10-02 22:00:00,126.0,197.1268
2025-10-02 23:00:00,53.0,145.95407
2025-10-03 00:00:00,28.0,126.8768
2025-10-03 01:00:00,12.0,100.84537
2025-10-03 02:00:00,13.0,89.00682
2025-10-03 03:00:00,20.0,94.916336
2025-10-03 04:00:00,44.0,114.08325
2025-10-03 05:00:00,182.0,149.27452
2025-10-03 06:00:00,484.0,196.41994
2025-10-03 07:00:00,467.0,256.84457
2025-10-03 08:00:00,354.0,323.66266
2025-10-03 09:00:00,382.0,378.00244
2025-10-03 10:00:00,439.0,435.65942
2025-10-03 11:00:00,464.0,486.39557
2025-10-03 12:00:00,513.0,526.2002
2025-10-03 13:00:00,581.0,552.44995
2025-10-03 14:00:00,605.0,564.2885
2025-10-03 15:00:00,600.0,559.47046
2025-10-03 16:00:00,693.0,539.4303
2025-10-03 17:00:00,694.0,504.02075
2025-10-03 18:00:00,590.0,457.09363
2025-10-03 19:00:00,438.0,402.19427
2025-10-03 20:00:00,285.0,336.31458
2025-10-03 21:00:00,262.0,276.4016
2025-10-03 22:00:00,215.0,220.25537
2025-10-03 23:00:00,114.0,172.3569
2025-10-04 00:00:00,79.0,166.15758
2025-10-04 01:00:00,55.0,140.99931
2025-10-04 02:00:00,53.0,131.12532
2025-10-04 03:00:00,37.0,136.37999
2025-10-04 04:00:00,53.0,155.9835
2025-10-04 05:00:00,65.0,190.73819
2025-10-04 06:00:00,101.0,237.01047
2025-10-04 07:00:00,228.0,297.56015
2025-10-04 08:00:00,326.0,358.7665
2025-10-04 09:00:00,436.0,420.32196
2025-10-04 10:00:00,514.0,485.59653
2025-10-04 11:00:00,443.0,538.0444
2025-10-04 12:00:00,367.0,579.1135
2025-10-04 13:00:00,646.0,605.2594
2025-10-04 14:00:00,590.0,609.61096
2025-10-04 15:00:00,565.0,593.45544
2025-10-04 16:00:00,676.0,568.7005
2025-10-04 17:00:00,572.0,529.65045
2025-10-04 18:00:00,524.0,481.1734
2025-10-04 19:00:00,372.0,435.51093
2025-10-04 20:00:00,381.0,365.49786
2025-10-04 21:00:00,401.0,303.76096
2025-10-04 22:00:00,246.0,249.41203
2025-10-04 23:00:00,219.0,202.83586
2025-10-05 00:00:00,133.0,167.39212
2025-10-05 01:00:00,126.0,140.48753
2025-10-05 02:00:00,54.0,132.14156
2025-10-05 03:00:00,40.0,135.21333
2025-10-05 04:00:00,41.0,156.27454
2025-10-05 05:00:00,32.0,190.00812
2025-10-05 06:00:00,56.0,230.1824
2025-10-05 07:00:00,108.0,294.1587
2025-10-05 08:00:00,192.0,355.11218
2025-10-05 09:00:00,325.0,416.80606
2025-10-05 10:00:00,503.0,474.90628
2025-10-05 11:00:00,506.0,531.06274
2025-10-05 12:00:00,465.0,571.5233
2025-10-05 13:00:00,614.0,589.3755
2025-10-05 14:00:00,701.0,606.18713
2025-10-05 15:00:00,780.0,583.45636
2025-10-05 16:00:00,809.0,568.7426
2025-10-05 17:00:00,756.0,535.3573
2025-10-05 18:00:00,559.0,489.96887
2025-10-05 19:00:00,629.0,436.81577
2025-10-05 20:00:00,817.0,372.46414
2025-10-05 21:00:00,547.0,307.96185
2025-10-05 22:00:00,413.0,253.27855
2025-10-05 23:00:00,407.0,205.45044
2025-10-06 00:00:00,136.0,138.98169
2025-10-06 01:00:00,69.0,107.65509
2025-10-06 02:00:00,57.0,96.75998
2025-10-06 03:00:00,52.0,101.06387
2025-10-06 04:00:00,87.0,124.13338
2025-10-06 05:00:00,195.0,155.57004
2025-10-06 06:00:00,536.0,201.5537
2025-10-06 07:00:00,526.0,266.83972
2025-10-06 08:00:00,374.0,326.46616
2025-10-06 09:00:00,386.0,387.47055
2025-10-06 10:00:00,427.0,446.018
2025-10-06 11:00:00,461.0,496.5359
2025-10-06 12:00:00,453.0,535.3356
2025-10-06 13:00:00,559.0,564.1316
2025-10-06 14:00:00,511.0,574.699
2025-10-06 15:00:00,490.0,569.17413
2025-10-06 16:00:00,580.0,547.606
2025-10-06 17:00:00,601.0,511.3233
2025-10-06 18:00:00,490.0,465.05103
2025-10-06 19:00:00,385.0,410.58823
2025-10-06 20:00:00,360.0,346.01828
2025-10-06 21:00:00,189.0,285.88702
2025-10-06 22:00:00,119.0,229.74078
2025-10-06 23:00:00,65.0,180.9692
2025-10-07 00:00:00,36.0,121.567184
2025-10-07 01:00:00,21.0,95.97232
2025-10-07 02:00:00,26.0,84.788635
2025-10-07 03:00:00,27.0,90.043304
2025-10-07 04:00:00,43.0,110.083374
2025-10-07 05:00:00,192.0,144.1832
2025-10-07 06:00:00,542.0,190.01889
2025-10-07 07:00:00,517.0,250.0801
2025-10-07 08:00:00,356.0,310.83923
2025-10-07 09:00:00,332.0,378.65732
2025-10-07 10:00:00,380.0,436.5499
2025-10-07 11:00:00,397.0,488.3775
2025-10-07 12:00:00,385.0,529.71014
2025-10-07 13:00:00,459.0,554.9829
2025-10-07 14:00:00,472.0,568.0167
2025-10-07 15:00:00,566.0,564.0718
2025-10-07 16:00:00,618.0,542.722
2025-10-07 17:00:00,640.0,498.24664
2025-10-07 18:00:00,563.0,450.03772
2025-10-07 19:00:00,356.0,391.864
2025-10-07 20:00:00,251.0,327.51236
2025-10-07 21:00:00,155.0,267.1628
2025-10-07 22:00:00,94.0,208.83368
2025-10-07 23:00:00,51.0,158.75237
2025-10-08 00:00:00,35.0,107.34958
2025-10-08 01:00:00,25.0,81.31818
2025-10-08 02:00:00,17.0,70.13443
2025-10-08 03:00:00,35.0,75.82568
2025-10-08 04:00:00,43.0,97.17549
2025-10-08 05:00:00,177.0,132.36674
2025-10-08 06:00:00,534.0,177.98416
2025-10-08 07:00:00,446.0,237.3905
2025-10-08 08:00:00,360.0,296.36206
2025-10-08 09:00:00,349.0,357.14816
2025-10-08 10:00:00,399.0,414.3859
2025-10-08 11:00:00,407.0,464.2489
2025-10-08 12:00:00,426.0,503.39868
2025-10-08 13:00:00,489.0,529.8667
2025-10-08 14:00:00,531.0,541.48694
2025-10-08 15:00:00,570.0,537.3717
2025-10-08 16:00:00,709.0,522.8222
2025-10-08 17:00:00,764.0,481.19128
2025-10-08 18:00:00,641.0,433.85553
2025-10-08 19:00:00,449.0,378.95615
2025-10-08 20:00:00,247.0,314.1679
2025-10-08 21:00:00,121.0,253.6001
2025-10-08 22:00:00,115.0,197.2355
2025-10-08 23:00:00,67.0,147.59079
2025-10-09 00:00:00,7.0,115.482605
2025-10-09 01:00:00,48.0,90.9792
2025-10-09 02:00:00,17.0,80.88692
2025-10-09 03:00:00,29.0,86.79646
2025-10-09 04:00:00,58.0,107.2731
2025-10-09 05:00:00,178.0,141.37294
2025-10-09 06:00:00,551.0,186.77203
2025-10-09 07:00:00,470.0,247.26984
2025-10-09 08:00:00,351.0,307.55112
2025-10-09 09:00:00,369.0,368.33725
2025-10-09 10:00:00,402.0,425.13837
2025-10-09 11:00:00,414.0,475.65625
2025-10-09 12:00:00,405.0,514.806
2025-10-09 13:00:00,559.0,541.7106
2025-10-09 14:00:00,616.0,552.676
2025-10-09 15:00:00,609.0,547.20306
2025-10-09 16:00:00,681.0,526.9447
2025-10-09 17:00:00,630.0,492.6266
2025-10-09 18:00:00,580.0,446.7909
2025-10-09 19:00:00,432.0,392.1098
2025-10-09 20:00:00,338.0,327.53986
2025-10-09 21:00:00,214.0,267.84518
2025-10-09 22:00:00,180.0,211.04404
2025-10-09 23:00:00,95.0,161.39929
2025-10-10 00:00:00,52.0,141.86206
2025-10-10 01:00:00,36.0,115.61235
2025-10-10 02:00:00,26.0,104.64693
2025-10-10 03:00:00,31.0,107.718704
2025-10-10 04:00:00,45.0,126.0125
2025-10-10 05:00:00,168.0,159.23918
2025-10-10 06:00:00,448.0,204.85658
2025-10-10 07:00:00,425.0,264.9178
2025-10-10 08:00:00,315.0,324.7625
2025-10-10 09:00:00,393.0,385.54865
2025-10-10 10:00:00,423.0,442.56802
2025-10-10 11:00:00,506.0,493.29358
2025-10-10 12:00:00,532.0,541.05524
2025-10-10 13:00:00,633.0,568.1089
2025-10-10 14:00:00,721.0,573.428
2025-10-10 15:00:00,752.0,573.7611
2025-10-10 16:00:00,837.0,547.1842
2025-10-10 17:00:00,805.0,511.58423
2025-10-10 18:00:00,691.0,464.43884
2025-10-10 19:00:00,524.0,408.88458
2025-10-10 20:00:00,465.0,343.2232
2025-10-10 21:00:00,380.0,280.90906
2025-10-10 22:00:00,278.0,223.67139
2025-10-10 23:00:00,277.0,174.24492
2025-10-11 00:00:00,108.0,166.71265
2025-10-11 01:00:00,91.0,141.99092
2025-10-11 02:00:00,107.0,131.46207
2025-10-11 03:00:00,96.0,136.71674
2025-10-11 04:00:00,69.0,156.97511
2025-10-11 05:00:00,72.0,191.29324
2025-10-11 06:00:00,156.0,236.91064
2025-10-11 07:00:00,214.0,296.75354
2025-10-11 08:00:00,328.0,356.16168
2025-10-11 09:00:00,521.0,416.72952
2025-10-11 10:00:00,583.0,473.74893
2025-10-11 11:00:00,532.0,522.9571
2025-10-11 12:00:00,549.0,562.5434
2025-10-11 13:00:00,627.0,587.92
2025-10-11 14:00:00,630.0,598.8854
2025-10-11 15:00:00,815.0,594.72217
2025-10-11 16:00:00,971.0,579.812
2025-10-11 17:00:00,946.0,536.7051
2025-10-11 18:00:00,795.0,491.69055
2025-10-11 19:00:00,661.0,435.04486
2025-10-11 20:00:00,587.0,372.4395
2025-10-11 21:00:00,513.0,313.61798
2025-10-11 22:00:00,484.0,257.03516
2025-10-11 23:00:00,337.0,208.04529
2025-10-12 00:00:00,194.0,172.28983
2025-10-12 01:00:00,119.0,146.69496
2025-10-12 02:00:00,90.0,135.51125
2025-10-12 03:00:00,63.0,140.32933
2025-10-12 04:00:00,57.0,159.93285
2025-10-12 05:00:00,62.0,194.25098
2025-10-12 06:00:00,72.0,239.43182
2025-10-12 07:00:00,117.0,298.61984
2025-10-12 08:00:00,220.0,357.8097
2025-10-12 09:00:00,380.0,417.7227
2025-10-12 10:00:00,562.0,474.7421
2025-10-12 11:00:00,559.0,524.38684
2025-10-12 12:00:00,589.0,562.8817
2025-10-12 13:00:00,711.0,589.568
2025-10-12 14:00:00,957.0,601.1883
2025-10-12 15:00:00,930.0,596.37024
2025-10-12 16:00:00,1002.0,575.8656
2025-10-12 17:00:00,919.0,540.04736
2025-10-12 18:00:00,914.0,493.55685
2025-10-12 19:00:00,867.0,439.7489
2025-10-12 20:00:00,752.0,375.61554
2025-10-12 21:00:00,636.0,315.92087
2025-10-12 22:00:00,485.0,259.77463
2025-10-12 23:00:00,253.0,210.56647
2025-10-13 00:00:00,123.0,144.07478
2025-10-13 01:00:00,61.0,118.47992
2025-10-13 02:00:00,53.0,107.51448
2025-10-13 03:00:00,44.0,111.895996
2025-10-13 04:00:00,76.0,131.28123
2025-10-13 05:00:00,222.0,163.63477
2025-10-13 06:00:00,554.0,207.94246
2025-10-13 07:00:00,541.0,267.34875
2025-10-13 08:00:00,437.0,327.41177
2025-10-13 09:00:00,408.0,388.4162
2025-10-13 10:00:00,461.0,446.76263
2025-10-13 11:00:00,467.0,497.13144
2025-10-13 12:00:00,469.0,535.97644
2025-10-13 13:00:00,603.0,562.0078
2025-10-13 14:00:00,627.0,572.5367
2025-10-13 15:00:00,664.0,566.84546
2025-10-13 16:00:00,667.0,545.71387
2025-10-13 17:00:00,773.0,511.1775
2025-10-13 18:00:00,598.0,465.1235
2025-10-13 19:00:00,394.0,410.879
2025-10-13 20:00:00,384.0,346.52734
2025-10-13 21:00:00,258.0,287.05096
2025-10-13 22:00:00,202.0,230.9047
2025-10-13 23:00:00,99.0,181.91481
2025-10-14 00:00:00,44.0,122.70836
2025-10-14 01:00:00,37.0,97.11348
2025-10-14 02:00:00,27.0,86.36638
2025-10-14 03:00:00,39.0,91.40277
2025-10-14 04:00:00,56.0,111.22453
2025-10-14 05:00:00,194.0,145.32437
2025-10-14 06:00:00,554.0,190.94177
2025-10-14 07:00:00,576.0,250.34811
2025-10-14 08:00:00,358.0,309.75626
2025-10-14 09:00:00,353.0,370.10577
2025-10-14 10:00:00,362.0,427.1252
2025-10-14 11:00:00,435.0,476.33337
2025-10-14 12:00:00,434.0,514.82825
2025-10-14 13:00:00,606.0,540.64136
2025-10-14 14:00:00,545.0,551.6068
2025-10-14 15:00:00,631.0,546.57043
2025-10-14 16:00:00,730.0,526.09375
2025-10-14 17:00:00,680.0,490.0294
2025-10-14 18:00:00,546.0,442.0108
2025-10-14 19:00:00,348.0,384.49197
2025-10-14 20:00:00,280.0,319.26715
2025-10-14 21:00:00,189.0,259.1359
2025-10-14 22:00:00,109.0,201.89821
2025-10-14 23:00:00,43.0,152.47176
2025-10-15 00:00:00,63.0,101.264694
2025-10-15 01:00:00,37.0,75.88815
2025-10-15 02:00:00,38.0,64.70441
2025-10-15 03:00:00,34.0,71.70538
2025-10-15 04:00:00,57.0,93.2735
2025-10-15 05:00:00,185.0,127.5916
2025-10-15 06:00:00,556.0,173.42729
2025-10-15 07:00:00,524.0,233.27023
2025-10-15 08:00:00,358.0,292.67834
2025-10-15 09:00:00,352.0,353.0279
2025-10-15 10:00:00,365.0,410.26562
2025-10-15 11:00:00,449.0,461.43835
2025-10-15 12:00:00,446.0,501.02466
2025-10-15 13:00:00,578.0,528.5841
2025-10-15 14:00:00,588.0,540.50916
2025-10-15 15:00:00,685.0,535.6046
2025-10-15 16:00:00,657.0,514.90967
2025-10-15 17:00:00,734.0,479.93668
2025-10-15 18:00:00,549.0,433.4461
2025-10-15 19:00:00,363.0,380.29306
2025-10-15 20:00:00,265.0,315.5048
2025-10-15 21:00:00,170.0,256.465
2025-10-15 22:00:00,161.0,199.22726
2025-10-15 23:00:00,68.0,148.7094
2025-10-16 00:00:00,24.0,113.9594
2025-10-16 01:00:00,50.0,88.58284
2025-10-16 02:00:00,31.0,76.74428
2025-10-16 03:00:00,36.0,81.99893
2025-10-16 04:00:00,74.0,102.91214
2025-10-16 05:00:00,196.0,137.01196
2025-10-16 06:00:00,559.0,182.62938
2025-10-16 07:00:00,537.0,242.25403
2025-10-16 08:00:00,390.0,301.44388
2025-10-16 09:00:00,359.0,361.7934
2025-10-16 10:00:00,405.0,418.15796
2025-10-16 11:00:00,464.0,468.8941
2025-10-16 12:00:00,445.0,508.3314
2025-10-16 13:00:00,562.0,533.85706
2025-10-16 14:00:00,636.0,544.3859
2025-10-16 15:00:00,712.0,540.22266
2025-10-16 16:00:00,789.0,520.18256
2025-10-16 17:00:00,755.0,484.773
2025-10-16 18:00:00,718.0,437.62756
2025-10-16 19:00:00,401.0,383.1648
2025-10-16 20:00:00,271.0,319.2497
2025-10-16 21:00:00,237.0,259.11847
2025-10-16 22:00:00,175.0,200.57101
2025-10-16 23:00:00,124.0,151.14456
2025-10-17 00:00:00,87.0,131.58517
2025-10-17 01:00:00,42.0,104.89888
2025-10-17 02:00:00,34.0,94.58835
2025-10-17 03:00:00,33.0,99.62468
2025-10-17 04:00:00,57.0,119.88307
2025-10-17 05:00:00,197.0,153.7646
2025-10-17 06:00:00,461.0,199.38199
2025-10-17 07:00:00,493.0,259.00665
2025-10-17 08:00:00,330.0,318.4148
2025-10-17 09:00:00,384.0,378.7643
2025-10-17 10:00:00,405.0,435.78375
2025-10-17 11:00:00,453.0,485.86505
2025-10-17 12:00:00,506.0,526.62933
2025-10-17 13:00:00,625.0,553.01086
2025-10-17 14:00:00,686.0,563.75793
2025-10-17 15:00:00,723.0,558.72156
2025-10-17 16:00:00,876.0,537.9122
2025-10-17 17:00:00,866.0,503.05365
2025-10-17 18:00:00,721.0,456.56308
2025-10-17 19:00:00,567.0,402.53687
2025-10-17 20:00:00,397.0,337.31207
2025-10-17 21:00:00,369.0,277.83566
2025-10-17 22:00:00,284.0,219.28824
2025-10-17 23:00:00,272.0,169.6435
2025-10-18 00:00:00,101.0,160.56122
2025-10-18 01:00:00,76.0,133.43834
2025-10-18 02:00:00,51.0,123.56436
2025-10-18 03:00:00,60.0,126.41785
2025-10-18 04:00:00,57.0,146.23965
2025-10-18 05:00:00,71.0,177.72003
2025-10-18 06:00:00,120.0,222.90088
2025-10-18 07:00:00,238.0,284.0535
2025-10-18 08:00:00,316.0,346.29938
2025-10-18 09:00:00,463.0,407.12012
2025-10-18 10:00:00,514.0,472.05133
2025-10-18 11:00:00,593.0,524.0972
2025-10-18 12:00:00,490.0,565.4298
2025-10-18 13:00:00,662.0,592.771
2025-10-18 14:00:00,741.0,605.2644
2025-10-18 15:00:00,816.0,600.88293
2025-10-18 16:00:00,948.0,578.95807
2025-10-18 17:00:00,938.0,533.776
2025-10-18 18:00:00,927.0,485.32086
2025-10-18 19:00:00,694.0,428.23856
2025-10-18 20:00:00,558.0,362.7955
2025-10-18 21:00:00,477.0,302.8825
2025-10-18 22:00:00,348.0,246.2997
2025-10-18 23:00:00,317.0,195.34523
2025-10-19 00:00:00,216.0,159.56801
2025-10-19 01:00:00,110.0,134.19144
2025-10-19 02:00:00,71.0,123.00772
2025-10-19 03:00:00,49.0,129.5721
2025-10-19 04:00:00,47.0,149.17563
2025-10-19 05:00:00,50.0,181.74744
2025-10-19 06:00:00,73.0,228.4563
2025-10-19 07:00:00,107.0,288.73575
2025-10-19 08:00:00,208.0,350.54507
2025-10-19 09:00:00,373.0,411.1129
2025-10-19 10:00:00,499.0,469.59778
2025-10-19 11:00:00,607.0,520.6907
2025-10-19 12:00:00,667.0,567.4927
2025-10-19 13:00:00,756.0,588.5366
2025-10-19 14:00:00,899.0,600.56555
2025-10-19 15:00:00,932.0,596.7803
2025-10-19 16:00:00,971.0,575.17755
2025-10-19 17:00:00,978.0,538.89484
2025-10-19 18:00:00,864.0,491.31284
2025-10-19 19:00:00,798.0,435.54028
2025-10-19 20:00:00,566.0,370.97037
2025-10-19 21:00:00,393.0,311.71225
2025-10-19 22:00:00,338.0,253.8197
2025-10-19 23:00:00,175.0,203.95667
2025-10-20 00:00:00,88.0,137.44344
2025-10-20 01:00:00,65.0,112.72174
2025-10-20 02:00:00,60.0,101.53801
2025-10-20 03:00:00,39.0,107.66582
2025-10-20 04:00:00,71.0,127.92421
2025-10-20 05:00:00,233.0,163.33376
2025-10-20 06:00:00,623.0,210.26091
2025-10-20 07:00:00,591.0,269.8855
2025-10-20 08:00:00,396.0,329.94852
2025-10-20 09:00:00,370.0,390.95294
2025-10-20 10:00:00,419.0,447.75406
2025-10-20 11:00:00,420.0,497.54675
2025-10-20 12:00:00,483.0,535.89374
2025-10-20 13:00:00,570.0,560.76337
2025-10-20 14:00:00,495.0,572.0174
2025-10-20 15:00:00,564.0,569.16394
2025-10-20 16:00:00,548.0,547.08887
2025-10-20 17:00:00,598.0,511.31308
2025-10-20 18:00:00,487.0,463.73108
2025-10-20 19:00:00,348.0,408.6134
2025-10-20 20:00:00,209.0,343.8252
2025-10-20 21:00:00,178.0,284.3488
2025-10-20 22:00:00,139.0,227.54767
2025-10-20 23:00:00,80.0,179.43094
2025-10-21 00:00:00,44.0,121.44255
2025-10-21 01:00:00,23.0,94.60831
2025-10-21 02:00:00,27.0,83.206314
2025-10-21 03:00:00,24.0,88.24269
2025-10-21 04:00:00,45.0,107.846176
2025-10-21 05:00:00,190.0,141.72772
2025-10-21 06:00:00,555.0,186.90855
2025-10-21 07:00:00,610.0,247.18803
2025-10-21 08:00:00,380.0,308.12418
2025-10-21 09:00:00,303.0,369.30164
2025-10-21 10:00:00,374.0,433.85883
2025-10-21 11:00:00,356.0,486.5769
2025-10-21 12:00:00,401.0,527.61536
2025-10-21 13:00:00,463.0,555.6113
2025-10-21 14:00:00,417.0,558.70624
2025-10-21 15:00:00,511.0,552.79675
2025-10-21 16:00:00,536.0,531.22864
2025-10-21 17:00:00,527.0,494.29108
2025-10-21 18:00:00,391.0,437.55453
2025-10-21 19:00:00,272.0,393.556
2025-10-21 20:00:00,161.0,328.98605
2025-10-21 21:00:00,124.0,268.4182
2025-10-21 22:00:00,122.0,211.6171
2025-10-21 23:00:00,108.0,162.40895
2025-10-22 00:00:00,28.0,112.42015
2025-10-22 01:00:00,16.0,86.459045
2025-10-22 02:00:00,13.0,76.58504
2025-10-22 03:00:00,16.0,80.52997
2025-10-22 04:00:00,57.0,100.93634
2025-10-22 05:00:00,198.0,129.36745
2025-10-22 06:00:00,577.0,176.08359
2025-10-22 07:00:00,593.0,233.06894
2025-10-22 08:00:00,388.0,289.74356
2025-10-22 09:00:00,289.0,350.40356
2025-10-22 10:00:00,325.0,406.16904
2025-10-22 11:00:00,381.0,466.1501
2025-10-22 12:00:00,364.0,506.3567
2025-10-22 13:00:00,374.0,532.8247
2025-10-22 14:00:00,489.0,545.4392
2025-10-22 15:00:00,476.0,540.0981
2025-10-22 16:00:00,577.0,519.8051
2025-10-22 17:00:00,585.0,484.61383
2025-10-22 18:00:00,379.0,438.12326
2025-10-22 19:00:00,264.0,382.56903
2025-10-22 20:00:00,181.0,317.99908
2025-10-22 21:00:00,154.0,259.61414
2025-10-22 22:00:00,64.0,203.03128
2025-10-22 23:00:00,106.0,153.16826
2025-10-23 00:00:00,13.0,114.70055
2025-10-23 01:00:00,55.0,91.7543
2025-10-23 02:00:00,11.0,78.86545
2025-10-23 03:00:00,26.0,87.96492
2025-10-23 04:00:00,61.0,107.56842
2025-10-23 05:00:00,184.0,142.3231
2025-10-23 06:00:00,594.0,188.59538
2025-10-23 07:00:00,631.0,250.62119
2025-10-23 08:00:00,401.0,309.37445
2025-10-23 09:00:00,301.0,360.02863
2025-10-23 10:00:00,212.0,417.55023
2025-10-23 11:00:00,119.0,458.72766
2025-10-23 12:00:00,347.0,496.87817
2025-10-23 13:00:00,446.0,533.9466
2025-10-23 14:00:00,409.0,546.26965
2025-10-23 15:00:00,430.0,547.5558
2025-10-23 16:00:00,510.0,523.67303
2025-10-23 17:00:00,516.0,482.22577
2025-10-23 18:00:00,391.0,436.31976
2025-10-23 19:00:00,265.0,371.04102
2025-10-23 20:00:00,176.0,311.18903
2025-10-23 21:00:00,155.0,251.48706
2025-10-23 22:00:00,134.0,194.24934
2025-10-23 23:00:00,80.0,150.34364
2025-10-24 00:00:00,32.0,131.41846
2025-10-24 01:00:00,29.0,105.16875
2025-10-24 02:00:00,18.0,94.63991
2025-10-24 03:00:00,26.0,98.36655
2025-10-24 04:00:00,44.0,117.751755
2025-10-24 05:00:00,168.0,150.90811
2025-10-24 06:00:00,498.0,193.15372
2025-10-24 07:00:00,538.0,247.60454
2025-10-24 08:00:00,333.0,301.51883
2025-10-24 09:00:00,310.0,362.77838
2025-10-24 10:00:00,367.0,420.75403
2025-10-24 11:00:00,400.0,489.89258
2025-10-24 12:00:00,385.0,530.0991
2025-10-24 13:00:00,516.0,555.9363
2025-10-24 14:00:00,496.0,568.69995
2025-10-24 15:00:00,558.0,563.227
2025-10-24 16:00:00,655.0,534.9144
2025-10-24 17:00:00,680.0,498.30292
2025-10-24 18:00:00,473.0,450.06604
2025-10-24 19:00:00,316.0,396.69467
2025-10-24 20:00:00,270.0,331.46985
2025-10-24 21:00:00,206.0,270.02887
2025-10-24 22:00:00,103.0,214.31921
2025-10-24 23:00:00,213.0,166.20247
2025-10-25 00:00:00,155.0,153.19194
2025-10-25 01:00:00,53.0,128.315
2025-10-25 02:00:00,28.0,125.34181
2025-10-25 03:00:00,27.0,133.43422
2025-10-25 04:00:00,38.0,154.12917
2025-10-25 05:00:00,50.0,184.29984
2025-10-25 06:00:00,103.0,228.8258
2025-10-25 07:00:00,178.0,288.01382
2025-10-25 08:00:00,307.0,347.85855
2025-10-25 09:00:00,400.0,408.79263
2025-10-25 10:00:00,480.0,458.5955
2025-10-25 11:00:00,473.0,509.37537
2025-10-25 12:00:00,451.0,545.8765
2025-10-25 13:00:00,453.0,569.77356
2025-10-25 14:00:00,462.0,581.1271
2025-10-25 15:00:00,461.0,575.50616
2025-10-25 16:00:00,493.0,553.3947
2025-10-25 17:00:00,467.0,517.52673
2025-10-25 18:00:00,446.0,472.80435
2025-10-25 19:00:00,405.0,421.06046
2025-10-25 20:00:00,321.0,359.42572
2025-10-25 21:00:00,244.0,299.80865
2025-10-25 22:00:00,219.0,243.15552
2025-10-25 23:00:00,177.0,196.15207
2025-10-26 00:00:00,82.0,163.65614
2025-10-26 01:00:00,59.0,137.69505
2025-10-26 02:00:00,51.0,127.1662
2025-10-26 03:00:00,15.0,131.11113
2025-10-26 04:00:00,34.0,151.95404
2025-10-26 05:00:00,30.0,184.83109
2025-10-26 06:00:00,64.0,226.03171
2025-10-26 07:00:00,130.0,278.5857
2025-10-26 08:00:00,246.0,338.16367
2025-10-26 09:00:00,340.0,396.24084
2025-10-26 10:00:00,485.0,452.58813
2025-10-26 11:00:00,453.0,520.04565
2025-10-26 12:00:00,504.0,560.2522
2025-10-26 13:00:00,592.0,587.69714
2025-10-26 14:00:00,538.0,591.1142
2025-10-26 15:00:00,639.0,586.06055
2025-10-26 16:00:00,686.0,565.1473
2025-10-26 17:00:00,557.0,530.1743
2025-10-26 18:00:00,478.0,483.2472
2025-10-26 19:00:00,435.0,428.12952
2025-10-26 20:00:00,421.0,363.5596
2025-10-26 21:00:00,387.0,298.34415
2025-10-26 22:00:00,470.0,241.12103
2025-10-26 23:00:00,155.0,197.20074
2025-10-27 00:00:00,50.0,131.97734
2025-10-27 01:00:00,31.0,107.255646
2025-10-27 02:00:00,25.0,96.94507
2025-10-27 03:00:00,34.0,102.19972
2025-10-27 04:00:00,80.0,117.529175
2025-10-27 05:00:00,230.0,151.33308
2025-10-27 06:00:00,634.0,194.1831
2025-10-27 07:00:00,639.0,251.4279
2025-10-27 08:00:00,387.0,308.35727
2025-10-27 09:00:00,328.0,370.62292
2025-10-27 10:00:00,357.0,428.23413
2025-10-27 11:00:00,369.0,477.3574
2025-10-27 12:00:00,395.0,515.1756
2025-10-27 13:00:00,515.0,542.25
2025-10-27 14:00:00,473.0,553.06744
2025-10-27 15:00:00,438.0,547.93884
2025-10-27 16:00:00,579.0,530.4625
2025-10-27 17:00:00,529.0,496.68042
2025-10-27 18:00:00,431.0,448.1961
2025-10-27 19:00:00,297.0,403.14734
2025-10-27 20:00:00,228.0,339.59848
2025-10-27 21:00:00,184.0,281.28387
2025-10-27 22:00:00,127.0,220.63797
2025-10-27 23:00:00,73.0,175.92944
2025-10-28 00:00:00,25.0,111.03514
2025-10-28 01:00:00,18.0,89.122574
2025-10-28 02:00:00,13.0,79.17828
2025-10-28 03:00:00,23.0,84.93982
2025-10-28 04:00:00,40.0,103.45186
2025-10-28 05:00:00,188.0,138.20656
2025-10-28 06:00:00,603.0,183.60568
2025-10-28 07:00:00,616.0,242.57545
2025-10-28 08:00:00,395.0,308.52707
2025-10-28 09:00:00,264.0,368.79007
2025-10-28 10:00:00,359.0,429.8665
2025-10-28 11:00:00,325.0,482.84808
2025-10-28 12:00:00,361.0,523.7335
2025-10-28 13:00:00,327.0,551.25836
2025-10-28 14:00:00,522.0,562.3555
2025-10-28 15:00:00,459.0,557.6586
2025-10-28 16:00:00,531.0,533.8596
2025-10-28 17:00:00,529.0,488.58704
2025-10-28 18:00:00,419.0,440.3502
2025-10-28 19:00:00,277.0,384.35938
2025-10-28 20:00:00,217.0,319.57114
2025-10-28 21:00:00,166.0,258.78503
2025-10-28 22:00:00,114.0,201.7656
2025-10-28 23:00:00,157.0,150.37456
2025-10-29 00:00:00,35.0,98.253876
2025-10-29 01:00:00,23.0,72.44075
2025-10-29 02:00:00,9.0,61.257034
2025-10-29 03:00:00,21.0,66.0751
2025-10-29 04:00:00,44.0,85.24205
2025-10-29 05:00:00,215.0,120.433304
2025-10-29 06:00:00,610.0,163.86783
2025-10-29 07:00:00,651.0,230.15042
2025-10-29 08:00:00,378.0,294.12134
2025-10-29 09:00:00,347.0,356.21716
2025-10-29 10:00:00,353.0,415.2012
2025-10-29 11:00:00,437.0,467.90192
2025-10-29 12:00:00,465.0,509.45282
2025-10-29 13:00:00,516.0,535.4882
2025-10-29 14:00:00,509.0,547.8047
2025-10-29 15:00:00,559.0,535.1507
2025-10-29 16:00:00,605.0,512.5537
2025-10-29 17:00:00,628.0,476.48926
2025-10-29 18:00:00,437.0,430.21698
2025-10-29 19:00:00,234.0,375.31763
2025-10-29 20:00:00,167.0,312.2757
2025-10-29 21:00:00,116.0,252.36273
2025-10-29 22:00:00,101.0,189.82254
2025-10-29 23:00:00,60.0,143.56618
2025-10-30 00:00:00,9.0,112.08693
2025-10-30 01:00:00,28.0,81.687256
2025-10-30 02:00:00,30.0,76.24254
2025-10-30 03:00:00,19.0,81.78584
2025-10-30 04:00:00,54.0,103.79051
2025-10-30 05:00:00,201.0,133.82726
2025-10-30 06:00:00,628.0,179.52957
2025-10-30 07:00:00,636.0,243.71692
2025-10-30 08:00:00,423.0,292.7457
2025-10-30 09:00:00,330.0,351.3416
2025-10-30 10:00:00,411.0,417.50833
2025-10-30 11:00:00,409.0,468.24445
2025-10-30 12:00:00,371.0,507.17596
2025-10-30 13:00:00,524.0,532.3342
2025-10-30 14:00:00,489.0,543.2996
2025-10-30 15:00:00,511.0,538.2633
2025-10-30 16:00:00,579.0,517.7866
2025-10-30 17:00:00,550.0,482.59534
2025-10-30 18:00:00,475.0,436.54135
2025-10-30 19:00:00,306.0,382.51514
2025-10-30 20:00:00,203.0,318.38177
2025-10-30 21:00:00,184.0,258.25052
2025-10-30 22:00:00,126.0,200.57623
2025-10-30 23:00:00,64.0,152.02292
2025-10-31 00:00:00,58.0,131.76917
2025-10-31 01:00:00,25.0,105.73775
2025-10-31 02:00:00,22.0,94.11748
2025-10-31 03:00:00,21.0,96.31607
2025-10-31 04:00:00,47.0,115.70131
2025-10-31 05:00:00,204.0,150.23772
2025-10-31 06:00:00,550.0,195.63684
2025-10-31 07:00:00,575.0,254.58537
2025-10-31 08:00:00,356.0,323.48917
2025-10-31 09:00:00,323.0,384.71188
2025-10-31 10:00:00,419.0,442.77078
2025-10-31 11:00:00,414.0,494.8273
2025-10-31 12:00:00,465.0,536.3677
2025-10-31 13:00:00,529.0,556.18835
2025-10-31 14:00:00,545.0,574.8685
2025-10-31 15:00:00,569.0,563.0531
2025-10-31 16:00:00,652.0,539.957
2025-10-31 17:00:00,580.0,503.67426
2025-10-31 18:00:00,499.0,457.83853
2025-10-31 19:00:00,335.0,401.19287
2025-10-31 20:00:00,233.0,336.84122
2025-10-31 21:00:00,197.0,276.70996
2025-10-31 22:00:00,173.0,219.47226
2025-10-31 23:00:00,100.0,168.95435
2025-11-01 00:00:00,63.0,132.27873
2025-11-01 01:00:00,68.0,104.719315
2025-11-01 02:00:00,72.0,93.5356
2025-11-01 03:00:00,98.0,97.9171
2025-11-01 04:00:00,60.0,117.5206
2025-11-01 05:00:00,44.0,152.27528
2025-11-01 06:00:00,103.0,197.45612
2025-11-01 07:00:00,140.0,256.8625
2025-11-01 08:00:00,246.0,316.92548
2025-11-01 09:00:00,425.0,377.05673
2025-11-01 10:00:00,461.0,434.73102
2025-11-01 11:00:00,459.0,485.2489
2025-11-01 12:00:00,482.0,527.89124
2025-11-01 13:00:00,586.0,555.2324
2025-11-01 14:00:00,530.0,565.3247
2025-11-01 15:00:00,573.0,561.37976
2025-11-01 16:00:00,663.0,541.9945
2025-11-01 17:00:00,579.0,505.49353
2025-11-01 18:00:00,409.0,460.74927
2025-11-01 19:00:00,313.0,396.33636
2025-11-01 20:00:00,249.0,341.27994
2025-11-01 21:00:00,231.0,281.1487
2025-11-01 22:00:00,174.0,224.56584
2025-11-01 23:00:00,200.0,175.79425
2025-11-02 00:00:00,76.0,153.20113
2025-11-02 01:00:00,60.0,128.77533
2025-11-02 02:00:00,23.0,121.72502
2025-11-02 03:00:00,34.0,125.080154
2025-11-02 04:00:00,29.0,142.61232
2025-11-02 05:00:00,28.0,175.839
2025-11-02 06:00:00,39.0,223.6903
2025-11-02 07:00:00,90.0,275.7301
2025-11-02 08:00:00,177.0,333.37006
2025-11-02 09:00:00,288.0,392.9168
2025-11-02 10:00:00,446.0,447.80182
2025-11-02 11:00:00,545.0,499.36267
2025-11-02 12:00:00,589.0,537.43555
2025-11-02 13:00:00,642.0,560.8403
2025-11-02 14:00:00,701.0,569.1571
2025-11-02 15:00:00,714.0,564.28326
2025-11-02 16:00:00,651.0,542.5526
2025-11-02 17:00:00,639.0,518.0366
2025-11-02 18:00:00,557.0,472.85574
2025-11-02 19:00:00,549.0,407.7104
2025-11-02 20:00:00,410.0,350.35175
2025-11-02 21:00:00,290.0,290.2132
2025-11-02 22:00:00,178.0,238.20036
2025-11-02 23:00:00,95.0,188.99219
2025-11-03 00:00:00,58.0,121.56795
2025-11-03 01:00:00,58.0,91.9319
2025-11-03 02:00:00,45.0,83.47966
2025-11-03 03:00:00,37.0,88.952576
2025-11-03 04:00:00,59.0,109.21097
2025-11-03 05:00:00,227.0,142.00107
2025-11-03 06:00:00,654.0,186.30876
2025-11-03 07:00:00,657.0,244.06201
2025-11-03 08:00:00,478.0,312.98312
2025-11-03 09:00:00,360.0,368.93744
2025-11-03 10:00:00,341.0,432.99945
2025-11-03 11:00:00,366.0,477.26135
2025-11-03 12:00:00,399.0,522.345
2025-11-03 13:00:00,456.0,550.2333
2025-11-03 14:00:00,443.0,561.4689
2025-11-03 15:00:00,407.0,556.4325
2025-11-03 16:00:00,546.0,526.7583
2025-11-03 17:00:00,503.0,489.9804
2025-11-03 18:00:00,424.0,440.4338
2025-11-03 19:00:00,250.0,387.71732
2025-11-03 20:00:00,219.0,320.96448
2025-11-03 21:00:00,164.0,261.92468
2025-11-03 22:00:00,3.0,204.03214
2025-11-03 23:00:00,2.0,153.29593
2025-11-04 00:00:00,4.0,94.6857
2025-11-04 01:00:00,4.0,70.618866
2025-11-04 02:00:00,2.0,58.125443
2025-11-04 03:00:00,1.0,62.070374
2025-11-04 04:00:00,5.0,81.23729
2025-11-04 05:00:00,213.0,114.90054
2025-11-04 06:00:00,592.0,159.86308
2025-11-04 07:00:00,669.0,219.72998
2025-11-04 08:00:00,438.0,288.55396
2025-11-04 09:00:00,316.0,350.9027
2025-11-04 10:00:00,280.0,409.66843
2025-11-04 11:00:00,285.0,461.49603
2025-11-04 12:00:00,369.0,502.17377
2025-11-04 13:00:00,421.0,530.1698
2025-11-04 14:00:00,405.0,542.2267
2025-11-04 15:00:00,396.0,537.62683
2025-11-04 16:00:00,511.0,506.77472
2025-11-04 17:00:00,520.0,467.6822
2025-11-04 18:00:00,341.0,422.50134
2025-11-04 19:00:00,239.0,368.03854
2025-11-04 20:00:00,197.0,300.84915
2025-11-04 21:00:00,160.0,240.06305
2025-11-04 22:00:00,5.0,182.82533
2025-11-04 23:00:00,4.0,133.83546
2025-11-05 00:00:00,1.0,82.35228
2025-11-05 01:00:00,1.0,56.539154
2025-11-05 02:00:00,2.0,44.264008
2025-11-05 03:00:00,4.0,50.173523
2025-11-05 04:00:00,6.0,70.868515
2025-11-05 05:00:00,211.0,103.221985
2025-11-05 06:00:00,621.0,148.4028
2025-11-05 07:00:00,573.0,208.25241
2025-11-05 08:00:00,384.0,276.42154
2025-11-05 09:00:00,342.0,340.0973
2025-11-05 10:00:00,382.0,397.98987
2025-11-05 11:00:00,402.0,449.81744
2025-11-05 12:00:00,402.0,490.7135
2025-11-05 13:00:00,434.0,518.4913
2025-11-05 14:00:00,404.0,530.5481
2025-11-05 15:00:00,424.0,525.29346
2025-11-05 16:00:00,486.0,493.7691
2025-11-05 17:00:00,523.0,456.87677
2025-11-05 18:00:00,401.0,409.0765
2025-11-05 19:00:00,244.0,352.8674
2025-11-05 20:00:00,143.0,288.07916
2025-11-05 21:00:00,110.0,227.29306
2025-11-05 22:00:00,42.0,169.61876
2025-11-05 23:00:00,17.0,120.4106
2025-11-06 00:00:00,6.0,86.9133
2025-11-06 01:00:00,12.0,62.409912
2025-11-06 02:00:00,2.0,51.226227
2025-11-06 03:00:00,5.0,54.079712
2025-11-06 04:00:00,9.0,75.429504
2025-11-06 05:00:00,210.0,108.874435
2025-11-06 06:00:00,581.0,152.96384
2025-11-06 07:00:00,640.0,213.8982
2025-11-06 08:00:00,360.0,273.08804
2025-11-06 09:00:00,374.0,333.65588
2025-11-06 10:00:00,389.0,390.6753
2025-11-06 11:00:00,367.0,441.19318
2025-11-06 12:00:00,390.0,480.56122
2025-11-06 13:00:00,441.0,506.15607
2025-11-06 14:00:00,444.0,518.10516
2025-11-06 15:00:00,414.0,512.75336
2025-11-06 16:00:00,529.0,490.29874
2025-11-06 17:00:00,522.0,453.79773
2025-11-06 18:00:00,398.0,408.6169
2025-11-06 19:00:00,251.0,354.1541
2025-11-06 20:00:00,170.0,290.8939
2025-11-06 21:00:00,149.0,231.85408
2025-11-06 22:00:00,57.0,174.61636
2025-11-06 23:00:00,31.0,125.40819
2025-11-07 00:00:00,18.0,106.665726
2025-11-07 01:00:00,6.0,81.07091
2025-11-07 02:00:00,6.0,69.88721
2025-11-07 03:00:00,12.0,75.36015
2025-11-07 04:00:00,17.0,95.618484
2025-11-07 05:00:00,190.0,128.84515
2025-11-07 06:00:00,530.0,173.8077
2025-11-07 07:00:00,532.0,232.99579
2025-11-07 08:00:00,357.0,292.40393
2025-11-07 09:00:00,333.0,352.75348
2025-11-07 10:00:00,353.0,409.118
2025-11-07 11:00:00,394.0,459.19928
2025-11-07 12:00:00,387.0,499.22223
2025-11-07 13:00:00,543.0,525.0354
2025-11-07 14:00:00,485.0,535.78253
2025-11-07 15:00:00,481.0,531.4184
2025-11-07 16:00:00,564.0,510.48776
2025-11-07 17:00:00,537.0,475.29648
2025-11-07 18:00:00,450.0,429.46075
2025-11-07 19:00:00,371.0,375.43457
2025-11-07 20:00:00,211.0,310.42804
2025-11-07 21:00:00,172.0,251.60654
2025-11-07 22:00:00,156.0,194.15054
2025-11-07 23:00:00,149.0,145.16063
2025-11-08 00:00:00,55.0,137.76932
2025-11-08 01:00:00,39.0,112.17447
2025-11-08 02:00:00,21.0,100.99075
2025-11-08 03:00:00,31.0,106.02713
2025-11-08 04:00:00,19.0,125.630646
2025-11-08 05:00:00,55.0,159.2939
2025-11-08 06:00:00,109.0,204.69302
2025-11-08 07:00:00,206.0,264.09933
2025-11-08 08:00:00,317.0,322.85263
2025-11-08 09:00:00,405.0,382.32904
2025-11-08 10:00:00,472.0,438.47528
2025-11-08 11:00:00,422.0,488.55658
2025-11-08 12:00:00,355.0,528.14294
2025-11-08 13:00:00,420.0,554.61096
2025-11-08 14:00:00,466.0,566.4495
2025-11-08 15:00:00,523.0,561.41315
2025-11-08 16:00:00,600.0,540.4999
2025-11-08 17:00:00,592.0,505.9635
2025-11-08 18:00:00,457.0,459.69122
2025-11-08 19:00:00,325.0,405.01013
2025-11-08 20:00:00,268.0,339.56702
2025-11-08 21:00:00,231.0,280.5272
2025-11-08 22:00:00,203.0,225.03583
2025-11-08 23:00:00,168.0,176.26422
2025-11-09 00:00:00,113.0,141.30565
2025-11-09 01:00:00,67.0,116.36566
2025-11-09 02:00:00,46.0,106.49167
2025-11-09 03:00:00,26.0,112.18289
2025-11-09 04:00:00,19.0,132.44128
2025-11-09 05:00:00,23.0,166.7594
2025-11-09 06:00:00,46.0,212.59512
2025-11-09 07:00:00,85.0,273.31116
2025-11-09 08:00:00,151.0,333.37418
2025-11-09 09:00:00,273.0,393.72372
2025-11-09 10:00:00,415.0,450.7431
2025-11-09 11:00:00,482.0,500.8244
2025-11-09 12:00:00,514.0,540.6291
2025-11-09 13:00:00,576.0,566.8788
2025-11-09 14:00:00,678.0,578.28076
2025-11-09 15:00:00,815.0,572.80786
2025-11-09 16:00:00,808.0,552.3312
2025-11-09 17:00:00,778.0,516.92163
2025-11-09 18:00:00,572.0,469.3396
2025-11-09 19:00:00,617.0,415.96823
2025-11-09 20:00:00,601.0,352.05316
2025-11-09 21:00:00,416.0,292.28815
2025-11-09 22:00:00,208.0,235.99394
2025-11-09 23:00:00,122.0,186.13089
2025-11-10 00:00:00,63.0,117.38118
2025-11-10 01:00:00,51.0,93.53265
2025-11-10 02:00:00,49.0,83.658646
2025-11-10 03:00:00,26.0,87.16702
2025-11-10 04:00:00,65.0,107.20708
2025-11-10 05:00:00,219.0,141.08862
2025-11-10 06:00:00,616.0,186.48776
2025-11-10 07:00:00,646.0,246.1124
2025-11-10 08:00:00,400.0,303.99252
2025-11-10 09:00:00,347.0,363.6872
2025-11-10 10:00:00,398.0,420.7066
2025-11-10 11:00:00,262.0,470.5696
2025-11-10 12:00:00,405.0,509.28278
2025-11-10 13:00:00,438.0,535.096
2025-11-10 14:00:00,456.0,545.84314
2025-11-10 15:00:00,478.0,540.58844
2025-11-10 16:00:00,555.0,519.89343
2025-11-10 17:00:00,559.0,485.1388
2025-11-10 18:00:00,406.0,438.4299
2025-11-10 19:00:00,273.0,383.094
2025-11-10 20:00:00,222.0,318.52405
2025-11-10 21:00:00,178.0,258.3928
2025-11-10 22:00:00,115.0,202.24652
2025-11-10 23:00:00,83.0,152.16519
2025-11-11 00:00:00,41.0,94.63101
2025-11-11 01:00:00,31.0,70.78244
2025-11-11 02:00:00,30.0,59.817047
2025-11-11 03:00:00,27.0,65.071686
2025-11-11 04:00:00,59.0,84.89351
2025-11-11 05:00:00,171.0,118.775024
2025-11-11 06:00:00,567.0,163.0827
2025-11-11 07:00:00,526.0,221.17932
2025-11-11 08:00:00,365.0,289.0436
2025-11-11 09:00:00,323.0,352.376
2025-11-11 10:00:00,334.0,411.14172
2025-11-11 11:00:00,327.0,462.53278
2025-11-11 12:00:00,343.0,503.42883
2025-11-11 13:00:00,424.0,530.1151
2025-11-11 14:00:00,400.0,542.172
2025-11-11 15:00:00,450.0,535.77795
2025-11-11 16:00:00,495.0,506.31137
2025-11-11 17:00:00,487.0,469.81036
2025-11-11 18:00:00,360.0,423.31982
2025-11-11 19:00:00,265.0,367.98383
2025-11-11 20:00:00,182.0,301.4493
2025-11-11 21:00:00,117.0,240.44492
2025-11-11 22:00:00,74.0,184.08034
2025-11-11 23:00:00,49.0,133.3442
2025-11-12 00:00:00,24.0,82.2825
2025-11-12 01:00:00,12.0,55.81453
2025-11-12 02:00:00,10.0,44.6308
2025-11-12 03:00:00,15.0,49.885437
2025-11-12 04:00:00,45.0,69.48897
2025-11-12 05:00:00,191.0,102.71562
2025-11-12 06:00:00,624.0,147.89645
2025-11-12 07:00:00,603.0,207.73941
2025-11-12 08:00:00,379.0,276.14407
2025-11-12 09:00:00,304.0,338.71777
2025-11-12 10:00:00,365.0,398.3567
2025-11-12 11:00:00,286.0,449.3111
2025-11-12 12:00:00,355.0,490.64374
2025-11-12 13:00:00,492.0,517.54834
2025-11-12 14:00:00,440.0,528.8225
2025-11-12 15:00:00,394.0,516.8407
2025-11-12 16:00:00,571.0,493.52628
2025-11-12 17:00:00,529.0,456.807
2025-11-12 18:00:00,409.0,411.84448
2025-11-12 19:00:00,234.0,355.1988
2025-11-12 20:00:00,172.0,291.72028
2025-11-12 21:00:00,157.0,232.2439
2025-11-12 22:00:00,81.0,175.66104
2025-11-12 23:00:00,49.0,123.83342
2025-11-13 00:00:00,25.0,90.757996
2025-11-13 01:00:00,20.0,65.16318
2025-11-13 02:00:00,16.0,56.380615
2025-11-13 03:00:00,12.0,60.980423
2025-11-13 04:00:00,50.0,80.14734
2025-11-13 05:00:00,189.0,114.90199
2025-11-13 06:00:00,660.0,160.30112
2025-11-13 07:00:00,636.0,220.36234
2025-11-13 08:00:00,347.0,281.51678
2025-11-13 09:00:00,306.0,351.27545
2025-11-13 10:00:00,355.0,410.9277
2025-11-13 11:00:00,382.0,464.3352
2025-11-13 12:00:00,364.0,505.01297
2025-11-13 13:00:00,424.0,533.00903
2025-11-13 14:00:00,438.0,546.59393
2025-11-13 15:00:00,480.0,539.92566
2025-11-13 16:00:00,528.0,508.55038
2025-11-13 17:00:00,521.0,471.39453
2025-11-13 18:00:00,381.0,424.2491
2025-11-13 19:00:00,271.0,368.91318
2025-11-13 20:00:00,168.0,303.0335
2025-11-13 21:00:00,126.0,243.12054
2025-11-13 22:00:00,112.0,185.22794
2025-11-13 23:00:00,56.0,134.92834
2025-11-14 00:00:00,31.0,115.29837
2025-11-14 01:00:00,22.0,88.17551
2025-11-14 02:00:00,14.0,76.33693
2025-11-14 03:00:00,17.0,81.809906
2025-11-14 04:00:00,51.0,100.97681
2025-11-14 05:00:00,185.0,135.29492
2025-11-14 06:00:00,554.0,181.56718
2025-11-14 07:00:00,543.0,241.84671
2025-11-14 08:00:00,326.0,300.38168
2025-11-14 09:00:00,328.0,362.6958
2025-11-14 10:00:00,319.0,423.67902
2025-11-14 11:00:00,371.0,475.24976
2025-11-14 12:00:00,432.0,514.84
2025-11-14 13:00:00,552.0,545.019
2025-11-14 14:00:00,488.0,554.4564
2025-11-14 15:00:00,509.0,548.1103
2025-11-14 16:00:00,591.0,525.2324
2025-11-14 17:00:00,572.0,492.00574
2025-11-14 18:00:00,445.0,446.3883
2025-11-14 19:00:00,318.0,391.48898
2025-11-14 20:00:00,206.0,327.79218
2025-11-14 21:00:00,222.0,267.22437
2025-11-14 22:00:00,159.0,213.04268
2025-11-14 23:00:00,104.0,162.74306
2025-11-15 00:00:00,54.0,155.77429
2025-11-15 01:00:00,32.0,127.778275
2025-11-15 02:00:00,15.0,117.68599
2025-11-15 03:00:00,26.0,120.75778
2025-11-15 04:00:00,20.0,141.45273
2025-11-15 05:00:00,47.0,174.24283
2025-11-15 06:00:00,122.0,217.45908
2025-11-15 07:00:00,201.0,275.1191
2025-11-15 08:00:00,321.0,342.59875
2025-11-15 09:00:00,422.0,405.1032
2025-11-15 10:00:00,480.0,464.64496
2025-11-15 11:00:00,490.0,514.9445
2025-11-15 12:00:00,469.0,557.1503
2025-11-15 13:00:00,447.0,584.6752
2025-11-15 14:00:00,565.0,587.947
2025-11-15 15:00:00,548.0,582.84814
2025-11-15 16:00:00,513.0,560.25116
2025-11-15 17:00:00,529.0,525.7147
2025-11-15 18:00:00,344.0,478.13275
2025-11-15 19:00:00,258.0,422.79678
2025-11-15 20:00:00,207.0,357.1354
2025-11-15 21:00:00,159.0,296.56757
2025-11-15 22:00:00,136.0,239.1116
2025-11-15 23:00:00,197.0,189.90344
2025-11-16 00:00:00,100.0,151.00201
2025-11-16 01:00:00,55.0,123.66086
2025-11-16 02:00:00,36.0,111.822296
2025-11-16 03:00:00,16.0,117.076935
2025-11-16 04:00:00,21.0,136.68045
2025-11-16 05:00:00,29.0,170.562
2025-11-16 06:00:00,52.0,215.74286
2025-11-16 07:00:00,92.0,276.2406
2025-11-16 08:00:00,134.0,335.86703
2025-11-16 09:00:00,258.0,395.78003
2025-11-16 10:00:00,386.0,452.79944
2025-11-16 11:00:00,473.0,502.44415
2025-11-16 12:00:00,514.0,542.4671
2025-11-16 13:00:00,625.0,568.7168
2025-11-16 14:00:00,687.0,577.9359
2025-11-16 15:00:00,732.0,574.6459
2025-11-16 16:00:00,821.0,553.07776
2025-11-16 17:00:00,706.0,518.323
2025-11-16 18:00:00,554.0,471.6142
2025-11-16 19:00:00,446.0,417.58795
2025-11-16 20:00:00,372.0,354.32776
2025-11-16 21:00:00,302.0,296.37936
2025-11-16 22:00:00,203.0,238.26852
2025-11-16 23:00:00,104.0,188.40549
2025-11-17 00:00:00,44.0,122.04364
2025-11-17 01:00:00,44.0,97.54025
2025-11-17 02:00:00,34.0,86.35652
2025-11-17 03:00:00,24.0,90.519745
2025-11-17 04:00:00,68.0,112.30611
2025-11-17 05:00:00,219.0,146.84251
2025-11-17 06:00:00,550.0,186.65057
2025-11-17 07:00:00,649.0,240.90237
2025-11-17 08:00:00,424.0,299.94427
2025-11-17 09:00:00,340.0,360.61157
2025-11-17 10:00:00,311.0,419.0548
2025-11-17 11:00:00,366.0,465.98785
2025-11-17 12:00:00,395.0,504.54105
2025-11-17 13:00:00,435.0,524.7345
2025-11-17 14:00:00,366.0,528.7195
2025-11-17 15:00:00,464.0,532.8258
2025-11-17 16:00:00,477.0,511.89523
2025-11-17 17:00:00,482.0,477.57715
2025-11-17 18:00:00,350.0,431.67108
2025-11-17 19:00:00,241.0,376.4055
2025-11-17 20:00:00,170.0,313.36353
2025-11-17 21:00:00,129.0,253.23228
2025-11-17 22:00:00,104.0,197.30432
2025-11-17 23:00:00,51.0,147.22299
2025-11-18 00:00:00,24.0,87.0564
2025-11-18 01:00:00,21.0,60.370117
2025-11-18 02:00:00,21.0,50.277863
2025-11-18 03:00:00,26.0,54.4411
2025-11-18 04:00:00,57.0,72.953125
2025-11-18 05:00:00,188.0,106.83467
2025-11-18 06:00:00,615.0,152.45207
2025-11-18 07:00:00,646.0,210.98526
2025-11-18 08:00:00,333.0,271.48483
2025-11-18 09:00:00,309.0,332.9258
2025-11-18 10:00:00,317.0,389.59518
2025-11-18 11:00:00,327.0,439.5687
2025-11-18 12:00:00,339.0,484.7774
2025-11-18 13:00:00,404.0,512.2118
2025-11-18 14:00:00,364.0,515.5942
2025-11-18 15:00:00,449.0,510.5059
2025-11-18 16:00:00,538.0,488.25897
2025-11-18 17:00:00,507.0,452.6311
2025-11-18 18:00:00,378.0,404.83084
2025-11-18 19:00:00,260.0,349.93143
2025-11-18 20:00:00,168.0,285.57977
2025-11-18 21:00:00,149.0,225.23026
2025-11-18 22:00:00,102.0,170.1754
2025-11-18 23:00:00,54.0,120.53067
2025-11-19 00:00:00,23.0,70.329575
2025-11-19 01:00:00,17.0,42.988464
2025-11-19 02:00:00,15.0,32.241302
2025-11-19 03:00:00,19.0,36.40451
2025-11-19 04:00:00,46.0,56.662903
2025-11-19 05:00:00,178.0,90.32616
2025-11-19 06:00:00,621.0,135.28867
2025-11-19 07:00:00,603.0,195.78645
2025-11-19 08:00:00,369.0,256.0638
2025-11-19 09:00:00,302.0,323.92712
2025-11-19 10:00:00,349.0,383.566
2025-11-19 11:00:00,326.0,433.41168
2025-11-19 12:00:00,379.0,472.57874
2025-11-19 13:00:00,495.0,492.09467
2025-11-19 14:00:00,426.0,503.15723
2025-11-19 15:00:00,460.0,497.90256
2025-11-19 16:00:00,553.0,477.2076
2025-11-19 17:00:00,539.0,442.23462
2025-11-19 18:00:00,429.0,395.96237
2025-11-19 19:00:00,215.0,342.15442
2025-11-19 20:00:00,152.0,277.58447
2025-11-19 21:00:00,127.0,217.67151
2025-11-19 22:00:00,116.0,161.30695
2025-11-19 23:00:00,41.0,113.626785
2025-11-20 00:00:00,17.0,81.41232
2025-11-20 01:00:00,16.0,51.051056
2025-11-20 02:00:00,15.0,40.57068
2025-11-20 03:00:00,21.0,51.416412
2025-11-20 04:00:00,48.0,72.11139
2025-11-20 05:00:00,179.0,105.7746
2025-11-20 06:00:00,548.0,145.58263
2025-11-20 07:00:00,615.0,199.46094
2025-11-20 08:00:00,322.0,268.8968
2025-11-20 09:00:00,280.0,329.36743
2025-11-20 10:00:00,281.0,385.6801
2025-11-20 11:00:00,306.0,435.48053
2025-11-20 12:00:00,324.0,474.49188
2025-11-20 13:00:00,393.0,499.81653
2025-11-20 14:00:00,416.0,495.70633
2025-11-20 15:00:00,420.0,498.72577
2025-11-20 16:00:00,501.0,479.3405
2025-11-20 17:00:00,517.0,435.5235
2025-11-20 18:00:00,348.0,387.92694
2025-11-20 19:00:00,228.0,344.28735
2025-11-20 20:00:00,146.0,280.37225
2025-11-20 21:00:00,122.0,221.26213
2025-11-20 22:00:00,92.0,164.7496
2025-11-20 23:00:00,61.0,116.19629
2025-11-21 00:00:00,30.0,96.55449
2025-11-21 01:00:00,23.0,70.95967
2025-11-21 02:00:00,20.0,57.14447
2025-11-21 03:00:00,18.0,63.65056
2025-11-21 04:00:00,43.0,83.54266
2025-11-21 05:00:00,136.0,117.86078
2025-11-21 06:00:00,534.0,163.69647
2025-11-21 07:00:00,521.0,223.3211
2025-11-21 08:00:00,308.0,282.07437
2025-11-21 09:00:00,311.0,341.76907
2025-11-21 10:00:00,367.0,397.69705
2025-11-21 11:00:00,330.0,446.90518
2025-11-21 12:00:00,376.0,485.83667
2025-11-21 13:00:00,458.0,510.995
2025-11-21 14:00:00,459.0,521.30554
2025-11-21 15:00:00,459.0,515.6143
2025-11-21 16:00:00,579.0,494.70105
2025-11-21 17:00:00,519.0,460.3829
2025-11-21 18:00:00,397.0,415.2021
2025-11-21 19:00:00,265.0,360.95758
2025-11-21 20:00:00,172.0,296.6059
2025-11-21 21:00:00,169.0,236.69296
2025-11-21 22:00:00,121.0,180.54666
2025-11-21 23:00:00,91.0,131.33852
2025-11-22 00:00:00,54.0,124.139984
2025-11-22 01:00:00,26.0,98.32684
2025-11-22 02:00:00,15.0,87.361435
2025-11-22 03:00:00,18.0,92.61607
2025-11-22 04:00:00,21.0,112.21959
2025-11-22 05:00:00,45.0,145.66455
2025-11-22 06:00:00,102.0,191.06369
2025-11-22 07:00:00,174.0,250.47
2025-11-22 08:00:00,271.0,309.2233
2025-11-22 09:00:00,363.0,368.91797
2025-11-22 10:00:00,410.0,426.2768
2025-11-22 11:00:00,455.0,475.5821
2025-11-22 12:00:00,409.0,514.6241
2025-11-22 13:00:00,463.0,547.5703
2025-11-22 14:00:00,468.0,557.6626
2025-11-22 15:00:00,517.0,552.37335
2025-11-22 16:00:00,526.0,524.6877
2025-11-22 17:00:00,511.0,489.93298
2025-11-22 18:00:00,321.0,443.22412
2025-11-22 19:00:00,287.0,388.10648
2025-11-22 20:00:00,205.0,324.62796
2025-11-22 21:00:00,177.0,263.84186
2025-11-22 22:00:00,180.0,205.51273
2025-11-22 23:00:00,206.0,155.86797
2025-11-23 00:00:00,103.0,119.35666
2025-11-23 01:00:00,43.0,92.670395
2025-11-23 02:00:00,28.0,81.050095
2025-11-23 03:00:00,26.0,86.95961
2025-11-23 04:00:00,28.0,106.78142
2025-11-23 05:00:00,34.0,139.7898
2025-11-23 06:00:00,47.0,185.18893
2025-11-23 07:00:00,81.0,244.37698
2025-11-23 08:00:00,129.0,311.70087
2025-11-23 09:00:00,235.0,374.0323
2025-11-23 10:00:00,353.0,432.3508
2025-11-23 11:00:00,437.0,476.7964
2025-11-23 12:00:00,471.0,517.027
2025-11-23 13:00:00,623.0,543.6787
2025-11-23 14:00:00,713.0,554.5855
2025-11-23 15:00:00,816.0,549.9857
2025-11-23 16:00:00,829.0,529.50903
2025-11-23 17:00:00,771.0,495.40918
2025-11-23 18:00:00,666.0,450.44666
2025-11-23 19:00:00,511.0,397.07526
2025-11-23 20:00:00,413.0,328.00568
2025-11-23 21:00:00,311.0,269.2545
2025-11-23 22:00:00,201.0,213.70006
2025-11-23 23:00:00,71.0,164.92845
2025-11-24 00:00:00,41.0,100.324066
2025-11-24 01:00:00,54.0,75.46173
2025-11-24 02:00:00,70.0,66.47545
2025-11-24 03:00:00,36.0,71.722824
2025-11-24 04:00:00,73.0,93.079926
2025-11-24 05:00:00,219.0,129.88411
2025-11-24 06:00:00,588.0,176.15639
2025-11-24 07:00:00,622.0,227.08289
2025-11-24 08:00:00,393.0,285.24435
2025-11-24 09:00:00,272.0,345.74915
2025-11-24 10:00:00,353.0,403.2124
2025-11-24 11:00:00,386.0,452.34293
2025-11-24 12:00:00,367.0,491.48538
2025-11-24 13:00:00,473.0,519.5882
2025-11-24 14:00:00,435.0,529.9691
2025-11-24 15:00:00,422.0,524.7145
2025-11-24 16:00:00,450.0,504.25235
2025-11-24 17:00:00,497.0,468.17334
2025-11-24 18:00:00,384.0,420.63983
2025-11-24 19:00:00,257.0,369.8613
2025-11-24 20:00:00,142.0,308.00098
2025-11-24 21:00:00,145.0,247.20029
2025-11-24 22:00:00,108.0,192.3007
2025-11-24 23:00:00,44.0,142.71901
2025-11-25 00:00:00,32.0,86.04932
2025-11-25 01:00:00,16.0,60.898346
2025-11-25 02:00:00,11.0,46.925354
2025-11-25 03:00:00,15.0,55.954483
2025-11-25 04:00:00,57.0,76.867676
2025-11-25 05:00:00,183.0,111.622375
2025-11-25 06:00:00,593.0,156.95116
2025-11-25 07:00:00,643.0,217.23065
2025-11-25 08:00:00,377.0,275.98392
2025-11-25 09:00:00,276.0,336.90958
2025-11-25 10:00:00,340.0,394.95123
2025-11-25 11:00:00,342.0,445.28543
2025-11-25 12:00:00,353.0,473.37637
2025-11-25 13:00:00,356.0,496.8487
2025-11-25 14:00:00,351.0,508.37933
2025-11-25 15:00:00,401.0,500.31354
2025-11-25 16:00:00,449.0,480.05515
2025-11-25 17:00:00,469.0,445.51874
2025-11-25 18:00:00,313.0,400.06387
2025-11-25 19:00:00,221.0,343.53696
2025-11-25 20:00:00,173.0,283.53702
2025-11-25 21:00:00,148.0,229.29276
2025-11-25 22:00:00,98.0,170.06332
2025-11-25 23:00:00,52.0,120.207596
2025-11-26 00:00:00,37.0,68.96092
2025-11-26 01:00:00,14.0,42.330414
2025-11-26 02:00:00,12.0,31.498352
2025-11-26 03:00:00,21.0,36.908264
2025-11-26 04:00:00,51.0,57.60321
2025-11-26 05:00:00,196.0,91.4144
2025-11-26 06:00:00,558.0,137.62361
2025-11-26 07:00:00,590.0,201.1488
2025-11-26 08:00:00,381.0,260.6273
2025-11-26 09:00:00,270.0,310.6678
2025-11-26 10:00:00,288.0,377.55966
2025-11-26 11:00:00,274.0,415.79663
2025-11-26 12:00:00,332.0,465.0444
2025-11-26 13:00:00,408.0,490.78723
2025-11-26 14:00:00,363.0,490.50742
2025-11-26 15:00:00,435.0,494.75168
2025-11-26 16:00:00,442.0,474.27502
2025-11-26 17:00:00,445.0,440.02722
2025-11-26 18:00:00,412.0,394.6281
2025-11-26 19:00:00,253.0,340.82016
2025-11-26 20:00:00,170.0,276.9051
2025-11-26 21:00:00,133.0,213.01398
2025-11-26 22:00:00,109.0,155.48763
2025-11-26 23:00:00,68.0,111.85597
2025-11-27 00:00:00,15.0,79.19542
2025-11-27 01:00:00,37.0,53.81888
2025-11-27 02:00:00,8.0,43.071747
2025-11-27 03:00:00,15.0,47.88983
2025-11-27 04:00:00,59.0,67.71161
2025-11-27 05:00:00,198.0,100.93826
2025-11-27 06:00:00,620.0,146.77396
2025-11-27 07:00:00,635.0,205.52545
2025-11-27 08:00:00,354.0,265.15186
2025-11-27 09:00:00,317.0,331.48718
2025-11-27 10:00:00,334.0,384.48148
2025-11-27 11:00:00,327.0,432.54626
2025-11-27 12:00:00,360.0,478.58954
2025-11-27 13:00:00,401.0,504.1671
2025-11-27 14:00:00,428.0,514.94885
2025-11-27 15:00:00,450.0,507.95853
2025-11-27 16:00:00,520.0,478.65167
2025-11-27 17:00:00,566.0,443.24213
2025-11-27 18:00:00,353.0,396.53326
2025-11-27 19:00:00,250.0,342.28876
2025-11-27 20:00:00,209.0,276.62738
2025-11-27 21:00:00,163.0,216.27783
2025-11-27 22:00:00,92.0,159.69498
2025-11-27 23:00:00,64.0,110.48682
2025-11-28 00:00:00,36.0,90.617615
2025-11-28 01:00:00,18.0,64.14961
2025-11-28 02:00:00,9.0,53.62079
2025-11-28 03:00:00,19.0,57.565735
2025-11-28 04:00:00,52.0,77.82408
2025-11-28 05:00:00,182.0,111.92389
2025-11-28 06:00:00,491.0,156.88643
2025-11-28 07:00:00,531.0,216.72937
2025-11-28 08:00:00,384.0,282.52524
2025-11-28 09:00:00,375.0,346.61633
2025-11-28 10:00:00,391.0,404.5089
2025-11-28 11:00:00,399.0,455.46332
2025-11-28 12:00:00,424.0,495.04968
2025-11-28 13:00:00,509.0,522.1726
2025-11-28 14:00:00,498.0,532.7467
2025-11-28 15:00:00,564.0,526.7266
2025-11-28 16:00:00,620.0,499.46027
2025-11-28 17:00:00,609.0,465.3604
2025-11-28 18:00:00,479.0,419.08813
2025-11-28 19:00:00,315.0,365.93506
2025-11-28 20:00:00,219.0,301.5834
2025-11-28 21:00:00,194.0,242.10703
2025-11-28 22:00:00,175.0,185.96075
2025-11-28 23:00:00,153.0,137.18915
2025-11-29 00:00:00,103.0,129.98193
2025-11-29 01:00:00,56.0,100.176056
2025-11-29 02:00:00,21.0,94.22447
2025-11-29 03:00:00,23.0,99.98602
2025-11-29 04:00:00,26.0,120.46269
2025-11-29 05:00:00,43.0,148.97144
2025-11-29 06:00:00,134.0,198.65193
2025-11-29 07:00:00,180.0,258.71313
2025-11-29 08:00:00,287.0,318.33957
2025-11-29 09:00:00,404.0,379.56226
2025-11-29 10:00:00,493.0,437.4548
2025-11-29 11:00:00,449.0,487.53613
2025-11-29 12:00:00,464.0,533.7698
2025-11-29 13:00:00,477.0,560.66376
2025-11-29 14:00:00,490.0,572.28406
2025-11-29 15:00:00,549.0,566.1149
2025-11-29 16:00:00,560.0,537.07825
2025-11-29 17:00:00,562.0,501.23212
2025-11-29 18:00:00,406.0,454.0867
2025-11-29 19:00:00,277.0,399.6239
2025-11-29 20:00:00,203.0,335.05396
2025-11-29 21:00:00,187.0,274.26782
2025-11-29 22:00:00,182.0,218.33987
2025-11-29 23:00:00,206.0,168.69513
2025-11-30 00:00:00,94.0,132.83038
2025-11-30 01:00:00,90.0,106.79895
2025-11-30 02:00:00,62.0,96.92496
2025-11-30 03:00:00,31.0,102.83447
2025-11-30 04:00:00,16.0,121.34657
2025-11-30 05:00:00,23.0,156.75612
2025-11-30 06:00:00,48.0,203.24669
2025-11-30 07:00:00,86.0,262.21643
2025-11-30 08:00:00,157.0,321.62457
2025-11-30 09:00:00,240.0,383.50214
2025-11-30 10:00:00,428.0,440.73984
2025-11-30 11:00:00,502.0,490.82114
2025-11-30 12:00:00,519.0,531.0624
2025-11-30 13:00:00,636.0,557.5304
2025-11-30 14:00:00,745.0,568.4958
2025-11-30 15:00:00,781.0,563.24115
2025-11-30 16:00:00,854.0,543.4193
2025-11-30 17:00:00,722.0,509.1012
2025-11-30 18:00:00,611.0,452.66055
2025-11-30 19:00:00,473.0,397.036
2025-11-30 20:00:00,456.0,337.19855
2025-11-30 21:00:00,274.0,276.4828
2025-11-30 22:00:00,236.0,218.80122
2025-11-30 23:00:00,102.0,174.31097
2025-12-01 00:00:00,45.0,97.849106
2025-12-01 01:00:00,27.0,67.24771
2025-12-01 02:00:00,13.0,56.05667
2025-12-01 03:00:00,25.0,66.32521
2025-12-01 04:00:00,73.0,86.147
2025-12-01 05:00:00,208.0,120.09886
2025-12-01 06:00:00,563.0,165.2797
2025-12-01 07:00:00,644.0,225.3409
2025-12-01 08:00:00,410.0,284.31247
2025-12-01 09:00:00,315.0,344.22543
2025-12-01 10:00:00,383.0,401.46317
2025-12-01 11:00:00,351.0,450.6713
2025-12-01 12:00:00,357.0,489.82104
2025-12-01 13:00:00,471.0,515.8525
2025-12-01 14:00:00,435.0,525.94476
2025-12-01 15:00:00,469.0,520.9084
2025-12-01 16:00:00,508.0,500.21344
2025-12-01 17:00:00,543.0,465.67703
2025-12-01 18:00:00,341.0,419.62305
2025-12-01 19:00:00,227.0,362.97736
2025-12-01 20:00:00,218.0,297.0977
2025-12-01 21:00:00,161.0,236.74817
2025-12-01 22:00:00,115.0,180.38359
2025-12-01 23:00:00,45.0,131.612
2025-12-02 00:00:00,28.0,70.99107
2025-12-02 01:00:00,19.0,46.26935
2025-12-02 02:00:00,20.0,37.9234
2025-12-02 03:00:00,21.0,42.523193
2025-12-02 04:00:00,46.0,61.035263
2025-12-02 05:00:00,173.0,94.26195
2025-12-02 06:00:00,579.0,139.00618
2025-12-02 07:00:00,665.0,197.75766
2025-12-02 08:00:00,383.0,257.14456
2025-12-02 09:00:00,291.0,325.89832
2025-12-02 10:00:00,311.0,384.44577
2025-12-02 11:00:00,339.0,434.09048
2025-12-02 12:00:00,354.0,472.78638
2025-12-02 13:00:00,373.0,499.92654
2025-12-02 14:00:00,335.0,510.67368
2025-12-02 15:00:00,445.0,503.8324
2025-12-02 16:00:00,432.0,476.1228
2025-12-02 17:00:00,473.0,439.6218
2025-12-02 18:00:00,343.0,395.09586
2025-12-02 19:00:00,219.0,340.41473
2025-12-02 20:00:00,154.0,274.97162
2025-12-02 21:00:00,144.0,215.49525
2025-12-02 22:00:00,86.0,158.6941
2025-12-02 23:00:00,61.0,110.3591
2025-12-03 00:00:00,24.0,59.704468
2025-12-03 01:00:00,9.0,34.32794
2025-12-03 02:00:00,8.0,23.58078
2025-12-03 03:00:00,15.0,28.398834
2025-12-03 04:00:00,48.0,48.438934
2025-12-03 05:00:00,201.0,82.53876
2025-12-03 06:00:00,556.0,127.93787
2025-12-03 07:00:00,605.0,187.34421
2025-12-03 08:00:00,381.0,246.53407
2025-12-03 09:00:00,344.0,306.8836
2025-12-03 10:00:00,378.0,363.46646
2025-12-03 11:00:00,350.0,413.54776
2025-12-03 12:00:00,338.0,452.47922
2025-12-03 13:00:00,469.0,478.29236
2025-12-03 14:00:00,412.0,488.82123
2025-12-03 15:00:00,430.0,483.12997
2025-12-03 16:00:00,501.0,462.43503
2025-12-03 17:00:00,553.0,427.89862
2025-12-03 18:00:00,356.0,382.06293
2025-12-03 19:00:00,227.0,327.38184
2025-12-03 20:00:00,159.0,263.90332
2025-12-03 21:00:00,120.0,204.64523
2025-12-03 22:00:00,73.0,149.15382
2025-12-03 23:00:00,41.0,99.72737
2025-12-04 00:00:00,26.0,66.405304
2025-12-04 01:00:00,10.0,40.15558
2025-12-04 02:00:00,17.0,29.62674
2025-12-04 03:00:00,16.0,34.2265
2025-12-04 04:00:00,47.0,54.484863
2025-12-04 05:00:00,188.0,88.366425
2025-12-04 06:00:00,606.0,133.11066
2025-12-04 07:00:00,635.0,192.29874
2025-12-04 08:00:00,376.0,251.70688
2025-12-04 09:00:00,324.0,311.61984
2025-12-04 10:00:00,343.0,368.421
2025-12-04 11:00:00,376.0,418.28397
2025-12-04 12:00:00,370.0,458.3069
2025-12-04 13:00:00,458.0,484.33832
2025-12-04 14:00:00,404.0,495.52203
2025-12-04 15:00:00,435.0,489.61252
2025-12-04 16:00:00,531.0,469.13583
2025-12-04 17:00:00,485.0,433.7263
2025-12-04 18:00:00,357.0,387.8906
2025-12-04 19:00:00,221.0,334.73752
2025-12-04 20:00:00,145.0,270.82245
2025-12-04 21:00:00,158.0,212.00092
2025-12-04 22:00:00,143.0,156.07292
2025-12-04 23:00:00,132.0,106.864746
2025-12-05 00:00:00,29.0,87.644196
2025-12-05 01:00:00,15.0,62.485916
2025-12-05 02:00:00,13.0,52.10501
2025-12-05 03:00:00,20.0,52.275513
2025-12-05 04:00:00,48.0,72.75217
2025-12-05 05:00:00,165.0,106.929596
2025-12-05 06:00:00,503.0,153.27946
2025-12-05 07:00:00,541.0,207.37608
2025-12-05 08:00:00,371.0,265.76312
2025-12-05 09:00:00,296.0,325.81674
2025-12-05 10:00:00,415.0,393.3708
2025-12-05 11:00:00,387.0,442.79718
2025-12-05 12:00:00,365.0,481.94696
2025-12-05 13:00:00,473.0,507.76013
2025-12-05 14:00:00,519.0,518.94385
2025-12-05 15:00:00,490.0,513.9075
2025-12-05 16:00:00,595.0,493.21252
2025-12-05 17:00:00,570.0,458.6761
2025-12-05 18:00:00,468.0,411.31238
2025-12-05 19:00:00,387.0,356.6313
2025-12-05 20:00:00,219.0,292.9345
2025-12-05 21:00:00,217.0,231.71182
2025-12-05 22:00:00,181.0,173.38264
2025-12-05 23:00:00,139.0,123.95619
2025-12-06 00:00:00,95.0,115.6517
2025-12-06 01:00:00,37.0,90.27518
2025-12-06 02:00:00,30.0,79.74632
2025-12-06 03:00:00,23.0,86.09241
2025-12-06 04:00:00,21.0,104.386185
2025-12-06 05:00:00,59.0,139.35916
2025-12-06 06:00:00,118.0,186.50458
2025-12-06 07:00:00,218.0,246.78406
2025-12-06 08:00:00,326.0,305.10077
2025-12-06 09:00:00,431.0,366.76004
2025-12-06 10:00:00,451.0,424.94012
2025-12-06 11:00:00,477.0,476.8609
2025-12-06 12:00:00,472.0,516.5377
2025-12-06 13:00:00,437.0,542.53455
2025-12-06 14:00:00,467.0,553.9365
2025-12-06 15:00:00,601.0,549.33673
2025-12-06 16:00:00,516.0,527.55035
2025-12-06 17:00:00,500.0,491.70422
2025-12-06 18:00:00,321.0,444.7771
2025-12-06 19:00:00,316.0,391.62402
2025-12-06 20:00:00,214.0,330.76495
2025-12-06 21:00:00,170.0,268.45084
2025-12-06 22:00:00,196.0,212.74117
2025-12-06 23:00:00,146.0,162.87811
2025-12-07 00:00:00,99.0,128.09941
2025-12-07 01:00:00,76.0,102.286255
2025-12-07 02:00:00,26.0,90.983246
2025-12-07 03:00:00,29.0,96.54108
2025-12-07 04:00:00,18.0,113.29956
2025-12-07 05:00:00,30.0,145.19466
2025-12-07 06:00:00,50.0,195.67796
2025-12-07 07:00:00,89.0,255.88712
2025-12-07 08:00:00,158.0,314.49243
2025-12-07 09:00:00,300.0,376.15173
2025-12-07 10:00:00,502.0,434.26257
2025-12-07 11:00:00,612.0,483.4707
2025-12-07 12:00:00,585.0,522.33185
2025-12-07 13:00:00,617.0,539.1603
2025-12-07 14:00:00,601.0,549.4151
2025-12-07 15:00:00,701.0,542.7585
2025-12-07 16:00:00,724.0,522.8809
2025-12-07 17:00:00,629.0,488.63315
2025-12-07 18:00:00,510.0,443.51535
2025-12-07 19:00:00,413.0,388.67905
2025-12-07 20:00:00,357.0,330.5879
2025-12-07 21:00:00,264.0,270.73798
2025-12-07 22:00:00,201.0,218.78818
2025-12-07 23:00:00,102.0,170.0869
2025-12-08 00:00:00,54.0,49.507385
2025-12-08 01:00:00,31.0,24.792969
2025-12-08 02:00:00,12.0,14.038513
2025-12-08 03:00:00,27.0,19.315063
2025-12-08 04:00:00,53.0,38.53775
2025-12-08 05:00:00,94.0,74.616745
2025-12-08 06:00:00,160.0,119.86789
2025-12-08 07:00:00,235.0,172.56985
2025-12-08 08:00:00,254.0,241.42119
2025-12-08 09:00:00,313.0,301.62274
2025-12-08 10:00:00,474.0,360.21152
2025-12-08 11:00:00,419.0,416.78436
2025-12-08 12:00:00,430.0,458.22083
2025-12-08 13:00:00,426.0,484.85516
2025-12-08 14:00:00,507.0,490.29932
2025-12-08 15:00:00,509.0,483.76288
2025-12-08 16:00:00,530.0,461.53995
2025-12-08 17:00:00,493.0,426.3487
2025-12-08 18:00:00,343.0,380.73126
2025-12-08 19:00:00,270.0,326.70502
2025-12-08 20:00:00,217.0,260.60706
2025-12-08 21:00:00,169.0,200.25754
2025-12-08 22:00:00,101.0,142.80151
2025-12-08 23:00:00,73.0,92.720215
2025-12-09 00:00:00,36.0,82.66235
2025-12-09 01:00:00,20.0,56.412582
2025-12-09 02:00:00,20.0,45.228912
2025-12-09 03:00:00,19.0,50.046967
2025-12-09 04:00:00,56.0,68.340775
2025-12-09 05:00:00,190.0,101.34915
2025-12-09 06:00:00,575.0,144.78366
2025-12-09 07:00:00,627.0,203.31686
2025-12-09 08:00:00,405.0,263.2135
2025-12-09 09:00:00,361.0,322.87357
2025-12-09 10:00:00,335.0,380.693
2025-12-09 11:00:00,346.0,431.5782
2025-12-09 12:00:00,353.0,472.6473
2025-12-09 13:00:00,405.0,497.98926
2025-12-09 14:00:00,409.0,507.995
2025-12-09 15:00:00,468.0,501.83258
2025-12-09 16:00:00,482.0,481.24542
2025-12-09 17:00:00,470.0,446.05414
2025-12-09 18:00:00,352.0,398.47217
2025-12-09 19:00:00,250.0,344.44592
2025-12-09 20:00:00,166.0,279.87598
2025-12-09 21:00:00,117.0,219.96301
2025-12-09 22:00:00,109.0,161.19728
2025-12-09 23:00:00,69.0,111.77084
2025-12-10 00:00:00,25.0,64.38638
2025-12-10 01:00:00,44.0,35.517242
2025-12-10 02:00:00,89.0,25.861542
2025-12-10 03:00:00,34.0,30.243011
2025-12-10 04:00:00,44.0,49.409973
2025-12-10 05:00:00,192.0,83.07324
2025-12-10 06:00:00,576.0,128.4723
2025-12-10 07:00:00,635.0,187.66037
2025-12-10 08:00:00,406.0,247.581
2025-12-10 09:00:00,314.0,315.32315
2025-12-10 10:00:00,312.0,370.16095
2025-12-10 11:00:00,375.0,421.91263
2025-12-10 12:00:00,370.0,469.255
2025-12-10 13:00:00,410.0,491.06427
2025-12-10 14:00:00,430.0,509.83493
2025-12-10 15:00:00,464.0,498.7782
2025-12-10 16:00:00,553.0,476.28503
2025-12-10 17:00:00,549.0,441.31204
2025-12-10 18:00:00,372.0,393.73004
2025-12-10 19:00:00,242.0,337.95752
2025-12-10 20:00:00,175.0,272.7327
2025-12-10 21:00:00,136.0,213.6929
2025-12-10 22:00:00,58.0,158.41977
2025-12-10 23:00:00,100.0,108.12016
2025-12-11 00:00:00,14.0,76.540665
2025-12-11 01:00:00,17.0,51.600677
2025-12-11 02:00:00,33.0,40.635254
2025-12-11 03:00:00,18.0,45.67163
2025-12-11 04:00:00,43.0,65.05684
2025-12-11 05:00:00,199.0,98.28349
2025-12-11 06:00:00,551.0,143.02774
2025-12-11 07:00:00,681.0,201.34265
2025-12-11 08:00:00,405.0,261.18738
2025-12-11 09:00:00,338.0,322.41006
2025-12-11 10:00:00,377.0,379.8661
2025-12-11 11:00:00,340.0,429.72906
2025-12-11 12:00:00,317.0,469.5337
2025-12-11 13:00:00,449.0,494.2554
2025-12-11 14:00:00,415.0,505.22083
2025-12-11 15:00:00,409.0,500.18445
2025-12-11 16:00:00,546.0,479.4895
2025-12-11 17:00:00,547.0,445.38965
2025-12-11 18:00:00,364.0,398.02597
2025-12-11 19:00:00,238.0,342.69
2025-12-11 20:00:00,136.0,278.55664
2025-12-11 21:00:00,151.0,217.11568
2025-12-11 22:00:00,103.0,159.22308
2025-12-11 23:00:00,63.0,108.48691
2025-12-12 00:00:00,24.0,90.13617
2025-12-12 01:00:00,16.0,66.069336
2025-12-12 02:00:00,12.0,54.449066
2025-12-12 03:00:00,23.0,58.83058
2025-12-12 04:00:00,41.0,78.652374
2025-12-12 05:00:00,180.0,112.097305
2025-12-12 06:00:00,491.0,157.05986
2025-12-12 07:00:00,499.0,215.81137
2025-12-12 08:00:00,376.0,275.65607
2025-12-12 09:00:00,340.0,335.78732
2025-12-12 10:00:00,356.0,392.1519
2025-12-12 11:00:00,355.0,442.0149
2025-12-12 12:00:00,363.0,480.54437
2025-12-12 13:00:00,435.0,514.70593
2025-12-12 14:00:00,427.0,526.056
2025-12-12 15:00:00,461.0,520.2716
2025-12-12 16:00:00,531.0,491.12048
2025-12-12 17:00:00,499.0,454.83774
2025-12-12 18:00:00,382.0,411.4032
2025-12-12 19:00:00,286.0,358.25015
2025-12-12 20:00:00,204.0,293.8985
2025-12-12 21:00:00,205.0,234.4221
2025-12-12 22:00:00,146.0,177.40266
2025-12-12 23:00:00,124.0,127.75792
2025-12-13 00:00:00,72.0,119.45058
2025-12-13 01:00:00,28.0,93.85574
2025-12-13 02:00:00,19.0,83.32687
2025-12-13 03:00:00,23.0,87.92668
2025-12-13 04:00:00,24.0,107.53017
2025-12-13 05:00:00,55.0,141.41171
2025-12-13 06:00:00,112.0,186.37427
2025-12-13 07:00:00,177.0,245.56232
2025-12-13 08:00:00,262.0,304.53387
2025-12-13 09:00:00,435.0,364.88342
2025-12-13 10:00:00,448.0,421.248
2025-12-13 11:00:00,434.0,470.8927
2025-12-13 12:00:00,396.0,509.3876
2025-12-13 13:00:00,476.0,534.9825
2025-12-13 14:00:00,454.0,546.38446
2025-12-13 15:00:00,501.0,541.3481
2025-12-13 16:00:00,583.0,520.4348
2025-12-13 17:00:00,488.0,486.11673
2025-12-13 18:00:00,364.0,439.84445
2025-12-13 19:00:00,213.0,385.81824
2025-12-13 20:00:00,193.0,321.90314
2025-12-13 21:00:00,171.0,262.20847
2025-12-13 22:00:00,161.0,206.06223
2025-12-13 23:00:00,107.0,156.63576
2025-12-14 00:00:00,69.0,120.54486
2025-12-14 01:00:00,45.0,94.51344
2025-12-14 02:00:00,63.0,84.202896
2025-12-14 03:00:00,51.0,88.58438
2025-12-14 04:00:00,47.0,108.84276
2025-12-14 05:00:00,30.0,142.06944
2025-12-14 06:00:00,45.0,187.90512
2025-12-14 07:00:00,74.0,247.52975
2025-12-14 08:00:00,121.0,306.5013
2025-12-14 09:00:00,228.0,365.97772
2025-12-14 10:00:00,353.0,421.6874
2025-12-14 11:00:00,438.0,470.89557
2025-12-14 12:00:00,427.0,509.17215
2025-12-14 13:00:00,494.0,534.9853
2025-12-14 14:00:00,625.0,545.51416
2025-12-14 15:00:00,773.0,540.4778
2025-12-14 16:00:00,920.0,519.78284
2025-12-14 17:00:00,906.0,485.02814
2025-12-14 18:00:00,655.0,439.19244
2025-12-14 19:00:00,486.0,385.60278
2025-12-14 20:00:00,443.0,321.46942
2025-12-14 21:00:00,332.0,261.33817
2025-12-14 22:00:00,206.0,204.31879
2025-12-14 23:00:00,104.0,155.54716
2025-12-15 00:00:00,61.0,88.94144
2025-12-15 01:00:00,34.0,63.128296
2025-12-15 02:00:00,14.0,52.162872
2025-12-15 03:00:00,36.0,56.980972
2025-12-15 04:00:00,69.0,77.23935
2025-12-15 05:00:00,225.0,110.90257
2025-12-15 06:00:00,569.0,156.0834
2025-12-15 07:00:00,690.0,215.27148
2025-12-15 08:00:00,432.0,274.46133
2025-12-15 09:00:00,323.0,334.3743
2025-12-15 10:00:00,428.0,390.73886
2025-12-15 11:00:00,386.0,439.7287
2025-12-15 12:00:00,380.0,478.87848
2025-12-15 13:00:00,449.0,503.60016
2025-12-15 14:00:00,377.0,514.3473
2025-12-15 15:00:00,477.0,509.3109
2025-12-15 16:00:00,499.0,489.27084
2025-12-15 17:00:00,563.0,455.17102
2025-12-15 18:00:00,397.0,409.99017
2025-12-15 19:00:00,263.0,356.18225
2025-12-15 20:00:00,182.0,292.26715
2025-12-15 21:00:00,170.0,233.22736
2025-12-15 22:00:00,97.0,177.08107
2025-12-15 23:00:00,86.0,127.87291
2025-12-16 00:00:00,26.0,69.21042
2025-12-16 01:00:00,16.0,43.61554
2025-12-16 02:00:00,17.0,32.650146
2025-12-16 03:00:00,17.0,37.4682
2025-12-16 04:00:00,60.0,57.726593
2025-12-16 05:00:00,178.0,91.60812
2025-12-16 06:00:00,597.0,136.35237
2025-12-16 07:00:00,666.0,195.54044
2025-12-16 08:00:00,394.0,254.73029
2025-12-16 09:00:00,311.0,315.5164
2025-12-16 10:00:00,332.0,372.09924
2025-12-16 11:00:00,376.0,421.52567
2025-12-16 12:00:00,371.0,461.3303
2025-12-16 13:00:00,438.0,487.14343
2025-12-16 14:00:00,420.0,497.89056
2025-12-16 15:00:00,462.0,493.5091
2025-12-16 16:00:00,482.0,472.59583
2025-12-16 17:00:00,515.0,437.84113
2025-12-16 18:00:00,327.0,392.22375
2025-12-16 19:00:00,237.0,338.63406
2025-12-16 20:00:00,171.0,274.719
2025-12-16 21:00:00,133.0,215.89749
2025-12-16 22:00:00,95.0,159.09633
2025-12-16 23:00:00,46.0,110.32475
2025-12-17 00:00:00,31.0,60.319687
2025-12-17 01:00:00,17.0,34.069977
2025-12-17 02:00:00,14.0,22.886261
2025-12-17 03:00:00,16.0,28.14093
2025-12-17 04:00:00,45.0,47.744415
2025-12-17 05:00:00,171.0,82.71742
2025-12-17 06:00:00,570.0,128.11649
2025-12-17 07:00:00,602.0,186.86798
2025-12-17 08:00:00,391.0,246.7127
2025-12-17 09:00:00,295.0,307.4988
2025-12-17 10:00:00,313.0,364.29996
2025-12-17 11:00:00,342.0,413.94467
2025-12-17 12:00:00,396.0,454.62244
2025-12-17 13:00:00,446.0,483.28668
2025-12-17 14:00:00,398.0,502.37274
2025-12-17 15:00:00,441.0,490.5121
2025-12-17 16:00:00,439.0,467.85254
2025-12-17 17:00:00,562.0,431.78812
2025-12-17 18:00:00,295.0,385.95245
2025-12-17 19:00:00,230.0,331.05307
2025-12-17 20:00:00,142.0,266.70142
2025-12-17 21:00:00,163.0,207.44331
2025-12-17 22:00:00,106.0,150.64217
2025-12-17 23:00:00,61.0,99.25113
2025-12-18 00:00:00,16.0,66.79776
2025-12-18 01:00:00,20.0,40.548035
2025-12-18 02:00:00,11.0,28.927765
2025-12-18 03:00:00,22.0,34.83728
2025-12-18 04:00:00,39.0,53.567596
2025-12-18 05:00:00,166.0,87.44914
2025-12-18 06:00:00,558.0,131.53853
2025-12-18 07:00:00,661.0,190.72658
2025-12-18 08:00:00,383.0,248.82501
2025-12-18 09:00:00,319.0,309.91592
2025-12-18 10:00:00,369.0,367.8258
2025-12-18 11:00:00,365.0,419.60815
2025-12-18 12:00:00,303.0,466.088
2025-12-18 13:00:00,437.0,485.53076
2025-12-18 14:00:00,408.0,504.44653
2025-12-18 15:00:00,479.0,498.07648
2025-12-18 16:00:00,501.0,470.61972
2025-12-18 17:00:00,542.0,434.7736
2025-12-18 18:00:00,320.0,388.50134
2025-12-18 19:00:00,227.0,334.0385
2025-12-18 20:00:00,183.0,269.2503
2025-12-18 21:00:00,136.0,208.24591
2025-12-18 22:00:00,89.0,149.91675
2025-12-18 23:00:00,44.0,99.61714
2025-12-19 00:00:00,24.0,79.301544
2025-12-19 01:00:00,12.0,53.924957
2025-12-19 02:00:00,16.0,44.050964
2025-12-19 03:00:00,20.0,48.650757
2025-12-19 04:00:00,46.0,68.2543
2025-12-19 05:00:00,149.0,103.44554
2025-12-19 06:00:00,452.0,149.7178
2025-12-19 07:00:00,533.0,210.87047
2025-12-19 08:00:00,331.0,270.93347
2025-12-19 09:00:00,330.0,331.71957
2025-12-19 10:00:00,378.0,389.39386
2025-12-19 11:00:00,380.0,440.3483
2025-12-19 12:00:00,366.0,479.93463
2025-12-19 13:00:00,446.0,506.62097
2025-12-19 14:00:00,437.0,517.8046
2025-12-19 15:00:00,516.0,512.55
2025-12-19 16:00:00,569.0,491.85504
2025-12-19 17:00:00,488.0,457.10034
2025-12-19 18:00:00,359.0,411.48294
2025-12-19 19:00:00,274.0,357.02014
2025-12-19 20:00:00,176.0,292.6685
2025-12-19 21:00:00,152.0,230.79092
2025-12-19 22:00:00,129.0,174.86293
2025-12-19 23:00:00,187.0,126.30963
2025-12-20 00:00:00,77.0,118.87555
2025-12-20 01:00:00,51.0,93.2807
2025-12-20 02:00:00,27.0,82.31528
2025-12-20 03:00:00,25.0,86.69679
2025-12-20 04:00:00,20.0,106.73686
2025-12-20 05:00:00,63.0,139.74525
2025-12-20 06:00:00,78.0,185.58096
2025-12-20 07:00:00,166.0,245.64215
2025-12-20 08:00:00,230.0,304.832
2025-12-20 09:00:00,351.0,365.61813
2025-12-20 10:00:00,407.0,429.26086
2025-12-20 11:00:00,401.0,479.7575
2025-12-20 12:00:00,430.0,519.16016
2025-12-20 13:00:00,454.0,545.1157
2025-12-20 14:00:00,511.0,556.535
2025-12-20 15:00:00,524.0,550.81976
2025-12-20 16:00:00,555.0,522.261
2025-12-20 17:00:00,483.0,486.85144
2025-12-20 18:00:00,278.0,441.234
2025-12-20 19:00:00,221.0,386.55292
2025-12-20 20:00:00,176.0,321.5464
2025-12-20 21:00:00,156.0,263.16144
2025-12-20 22:00:00,131.0,206.57863
2025-12-20 23:00:00,89.0,155.84244
2025-12-21 00:00:00,44.0,119.53381
2025-12-21 01:00:00,38.0,93.50241
2025-12-21 02:00:00,27.0,81.88214
2025-12-21 03:00:00,33.0,87.35506
2025-12-21 04:00:00,21.0,107.613434
2025-12-21 05:00:00,26.0,141.49496
2025-12-21 06:00:00,53.0,187.33066
2025-12-21 07:00:00,57.0,246.737
2025-12-21 08:00:00,104.0,305.70856
2025-12-21 09:00:00,255.0,364.96667
2025-12-21 10:00:00,354.0,420.23978
2025-12-21 11:00:00,391.0,468.1382
2025-12-21 12:00:00,360.0,507.06967
2025-12-21 13:00:00,503.0,532.4463
2025-12-21 14:00:00,540.0,543.4117
2025-12-21 15:00:00,595.0,538.3753
2025-12-21 16:00:00,616.0,518.3352
2025-12-21 17:00:00,581.0,484.0171
2025-12-21 18:00:00,400.0,438.1814
2025-12-21 19:00:00,329.0,384.37347
2025-12-21 20:00:00,241.0,320.45837
2025-12-21 21:00:00,203.0,260.982
2025-12-21 22:00:00,123.0,204.61745
2025-12-21 23:00:00,70.0,155.40927
2025-12-22 00:00:00,48.0,88.367966
2025-12-22 01:00:00,16.0,62.773117
2025-12-22 02:00:00,20.0,52.244232
2025-12-22 03:00:00,22.0,57.4989
2025-12-22 04:00:00,42.0,77.32071
2025-12-22 05:00:00,115.0,111.42053
2025-12-22 06:00:00,363.0,156.60136
2025-12-22 07:00:00,454.0,215.78943
2025-12-22 08:00:00,335.0,273.88785
2025-12-22 09:00:00,333.0,333.14594
2025-12-22 10:00:00,380.0,389.94708
2025-12-22 11:00:00,385.0,439.3735
2025-12-22 12:00:00,392.0,478.95984
2025-12-22 13:00:00,500.0,504.99127
2025-12-22 14:00:00,485.0,516.82983
2025-12-22 15:00:00,474.0,512.0117
2025-12-22 16:00:00,533.0,491.31683
2025-12-22 17:00:00,497.0,456.56213
2025-12-22 18:00:00,368.0,410.28986
2025-12-22 19:00:00,227.0,355.60876
2025-12-22 20:00:00,194.0,290.60223
2025-12-22 21:00:00,191.0,230.471
2025-12-22 22:00:00,109.0,174.10641
2025-12-22 23:00:00,53.0,124.89827
2025-12-23 00:00:00,50.0,65.14574
2025-12-23 01:00:00,18.0,39.33261
2025-12-23 02:00:00,15.0,29.022064
2025-12-23 03:00:00,29.0,34.713287
2025-12-23 04:00:00,41.0,54.535065
2025-12-23 05:00:00,84.0,88.63487
2025-12-23 06:00:00,334.0,134.03398
2025-12-23 07:00:00,414.0,193.44034
2025-12-23 08:00:00,316.0,252.1936
2025-12-23 09:00:00,347.0,311.88828
2025-12-23 10:00:00,387.0,368.25287
2025-12-23 11:00:00,393.0,417.89758
2025-12-23 12:00:00,421.0,456.82904
2025-12-23 13:00:00,499.0,482.6422
2025-12-23 14:00:00,509.0,492.95276
2025-12-23 15:00:00,517.0,487.91638
2025-12-23 16:00:00,497.0,467.87628
2025-12-23 17:00:00,458.0,433.77646
2025-12-23 18:00:00,365.0,388.1591
2025-12-23 19:00:00,246.0,334.3511
2025-12-23 20:00:00,192.0,270.21774
2025-12-23 21:00:00,159.0,210.74136
2025-12-23 22:00:00,109.0,154.1585
2025-12-23 23:00:00,147.0,105.168625
2025-12-24 00:00:00,46.0,54.947083
2025-12-24 01:00:00,18.0,29.570557
2025-12-24 02:00:00,27.0,19.25998
2025-12-24 03:00:00,19.0,24.296356
2025-12-24 04:00:00,46.0,44.991302
2025-12-24 05:00:00,63.0,79.52771
2025-12-24 06:00:00,124.0,125.58165
2025-12-24 07:00:00,174.0,185.42459
2025-12-24 08:00:00,216.0,244.39616
2025-12-24 09:00:00,275.0,304.09082
2025-12-24 10:00:00,343.0,360.16678
2025-12-24 11:00:00,415.0,407.69894
2025-12-24 12:00:00,457.0,446.4121
2025-12-24 13:00:00,462.0,471.5704
2025-12-24 14:00:00,430.0,482.09924
2025-12-24 15:00:00,433.0,476.6263
2025-12-24 16:00:00,386.0,455.93134
2025-12-24 17:00:00,275.0,421.8315
2025-12-24 18:00:00,191.0,375.99585
2025-12-24 19:00:00,109.0,321.7513
2025-12-24 20:00:00,101.0,257.83624
2025-12-24 21:00:00,124.0,198.79643
2025-12-24 22:00:00,153.0,142.86844
2025-12-24 23:00:00,140.0,93.878586
2025-12-25 00:00:00,72.0,38.08246
2025-12-25 01:00:00,40.0,12.269379
2025-12-25 02:00:00,17.0,0.6491089
2025-12-25 03:00:00,8.0,5.248871
2025-12-25 04:00:00,19.0,24.634064
2025-12-25 05:00:00,14.0,58.515656
2025-12-25 06:00:00,46.0,104.3513
2025-12-25 07:00:00,51.0,163.32103
2025-12-25 08:00:00,85.0,222.5109
2025-12-25 09:00:00,161.0,283.07874
2025-12-25 10:00:00,354.0,340.31644
2025-12-25 11:00:00,384.0,389.96115
2025-12-25 12:00:00,358.0,428.89264
2025-12-25 13:00:00,424.0,454.05093
2025-12-25 14:00:00,369.0,464.5798
2025-12-25 15:00:00,427.0,459.32507
2025-12-25 16:00:00,445.0,438.84845
2025-12-25 17:00:00,374.0,404.53033
2025-12-25 18:00:00,292.0,359.13123
2025-12-25 19:00:00,200.0,304.8867
2025-12-25 20:00:00,175.0,240.75333
2025-12-25 21:00:00,139.0,181.27696
2025-12-25 22:00:00,120.0,125.13072
2025-12-25 23:00:00,84.0,75.704285
2025-12-26 00:00:00,49.0,81.655014
2025-12-26 01:00:00,20.0,56.49675
2025-12-26 02:00:00,20.0,45.967896
2025-12-26 03:00:00,13.0,50.567688
2025-12-26 04:00:00,16.0,70.60777
2025-12-26 05:00:00,20.0,104.48932
2025-12-26 06:00:00,55.0,150.10674
2025-12-26 07:00:00,70.0,209.51309
2025-12-26 08:00:00,116.0,267.6115
2025-12-26 09:00:00,208.0,327.3062
2025-12-26 10:00:00,371.0,383.88907
2025-12-26 11:00:00,473.0,432.87894
2025-12-26 12:00:00,390.0,471.15552
2025-12-26 13:00:00,480.0,496.5321
2025-12-26 14:00:00,554.0,507.71576
2025-12-26 15:00:00,596.0,502.8977
2025-12-26 16:00:00,718.0,482.42102
2025-12-26 17:00:00,590.0,447.22977
2025-12-26 18:00:00,445.0,401.39407
2025-12-26 19:00:00,319.0,347.58615
2025-12-26 20:00:00,268.0,283.45276
2025-12-26 21:00:00,210.0,224.19464
2025-12-26 22:00:00,147.0,168.04834
2025-12-26 23:00:00,88.0,119.05849
2025-12-27 00:00:00,61.0,108.708755
2025-12-27 01:00:00,36.0,83.55049
2025-12-27 02:00:00,16.0,72.8033
2025-12-27 03:00:00,24.0,77.62143
2025-12-27 04:00:00,16.0,97.224915
2025-12-27 05:00:00,37.0,131.10648
2025-12-27 06:00:00,83.0,177.16045
2025-12-27 07:00:00,123.0,236.13022
2025-12-27 08:00:00,206.0,294.88348
2025-12-27 09:00:00,336.0,354.5782
2025-12-27 10:00:00,470.0,411.161
2025-12-27 11:00:00,476.0,460.36914
2025-12-27 12:00:00,478.0,499.08234
2025-12-27 13:00:00,518.0,524.6772
2025-12-27 14:00:00,568.0,535.20605
2025-12-27 15:00:00,633.0,530.38794
2025-12-27 16:00:00,685.0,509.693
2025-12-27 17:00:00,650.0,475.37488
2025-12-27 18:00:00,425.0,429.75748
2025-12-27 19:00:00,391.0,375.0764
2025-12-27 20:00:00,314.0,310.94302
2025-12-27 21:00:00,239.0,251.46663
2025-12-27 22:00:00,165.0,194.88379
2025-12-27 23:00:00,119.0,145.67564
2025-12-28 00:00:00,69.0,110.2437
2025-12-28 01:00:00,41.0,84.21228
2025-12-28 02:00:00,29.0,73.68344
2025-12-28 03:00:00,24.0,78.71982
2025-12-28 04:00:00,23.0,98.75989
2025-12-28 05:00:00,22.0,132.42313
2025-12-28 06:00:00,48.0,178.04054
2025-12-28 07:00:00,63.0,237.2286
2025-12-28 08:00:00,101.0,295.98187
2025-12-28 09:00:00,226.0,355.45828
2025-12-28 10:00:00,316.0,412.0411
2025-12-28 11:00:00,456.0,461.46753
2025-12-28 12:00:00,414.0,500.39902
2025-12-28 13:00:00,535.0,526.4304
2025-12-28 14:00:00,572.0,537.1776
2025-12-28 15:00:00,719.0,532.14124
2025-12-28 16:00:00,838.0,511.88287
2025-12-28 17:00:00,817.0,477.78302
2025-12-28 18:00:00,590.0,431.729
2025-12-28 19:00:00,564.0,377.26624
2025-12-28 20:00:00,494.0,313.13284
2025-12-28 21:00:00,333.0,253.43817
2025-12-28 22:00:00,204.0,197.07364
2025-12-28 23:00:00,122.0,148.08374
2025-12-29 00:00:00,81.0,81.48297
2025-12-29 01:00:00,46.0,56.106415
2025-12-29 02:00:00,38.0,45.577545
2025-12-29 03:00:00,26.0,51.050507
2025-12-29 04:00:00,27.0,71.09061
2025-12-29 05:00:00,80.0,105.190414
2025-12-29 06:00:00,158.0,150.37125
2025-12-29 07:00:00,258.0,209.55931
2025-12-29 08:00:00,238.0,268.0943
2025-12-29 09:00:00,313.0,327.57068
2025-12-29 10:00:00,371.0,383.71698
2025-12-29 11:00:00,460.0,432.27023
2025-12-29 12:00:00,440.0,471.41998
2025-12-29 13:00:00,585.0,498.1063
2025-12-29 14:00:00,615.0,508.63513
2025-12-29 15:00:00,672.0,503.59875
2025-12-29 16:00:00,735.0,483.12213
2025-12-29 17:00:00,749.0,449.02228
2025-12-29 18:00:00,503.0,402.75
2025-12-29 19:00:00,424.0,348.5055
2025-12-29 20:00:00,321.0,284.15384
2025-12-29 21:00:00,236.0,224.67744
2025-12-29 22:00:00,172.0,168.53116
2025-12-29 23:00:00,99.0,119.32301
2025-12-30 00:00:00,60.0,60.011475
2025-12-30 01:00:00,37.0,33.98001
2025-12-30 02:00:00,26.0,23.451172
2025-12-30 03:00:00,29.0,28.050964
2025-12-30 04:00:00,33.0,48.52762
2025-12-30 05:00:00,69.0,82.40915
2025-12-30 06:00:00,159.0,127.80826
2025-12-30 07:00:00,209.0,187.2146
2025-12-30 08:00:00,267.0,244.65817
2025-12-30 09:00:00,335.0,306.754
2025-12-30 10:00:00,438.0,369.33994
2025-12-30 11:00:00,466.0,413.8614
2025-12-30 12:00:00,474.0,460.26538
2025-12-30 13:00:00,570.0,480.34564
2025-12-30 14:00:00,658.0,491.52936
2025-12-30 15:00:00,665.0,487.36612
2025-12-30 16:00:00,727.0,466.23462
2025-12-30 17:00:00,747.0,431.9165
2025-12-30 18:00:00,553.0,386.0808
2025-12-30 19:00:00,531.0,332.05457
2025-12-30 20:00:00,405.0,267.26633
2025-12-30 21:00:00,288.0,207.13509
2025-12-30 22:00:00,176.0,150.11565
2025-12-30 23:00:00,117.0,100.47092
2025-12-31 00:00:00,64.0,47.691895
2025-12-31 01:00:00,45.0,20.787323
2025-12-31 02:00:00,31.0,8.730438
2025-12-31 03:00:00,31.0,13.330261
2025-12-31 04:00:00,37.0,32.497192
2025-12-31 05:00:00,58.0,65.28728
2025-12-31 06:00:00,113.0,108.94006
2025-12-31 07:00:00,141.0,168.12814
2025-12-31 08:00:00,197.0,227.25546
2025-12-31 09:00:00,263.0,295.17737
2025-12-31 10:00:00,372.0,353.72482
2025-12-31 11:00:00,418.0,403.8061
2025-12-31 12:00:00,478.0,443.39243
2025-12-31 13:00:00,560.0,470.297
2025-12-31 14:00:00,537.0,481.4807
2025-12-31 15:00:00,528.0,475.83472
2025-12-31 16:00:00,536.0,447.5847
2025-12-31 17:00:00,505.0,411.302
2025-12-31 18:00:00,293.0,364.81146
2025-12-31 19:00:00,210.0,309.6938
2025-12-31 20:00:00,138.0,245.99698
2025-12-31 21:00:00,148.0,186.08405
2025-12-31 22:00:00,121.0,129.28288
2025-12-31 23:00:00,58.0,79.20157
