datetime,actual_volume,predicted_volume
2025-01-25 00:00:00,134.0,65.31824
2025-01-25 01:00:00,81.0,46.204834
2025-01-25 02:00:00,47.0,49.273163
2025-01-25 03:00:00,37.0,76.628876
2025-01-25 04:00:00,48.0,125.74271
2025-01-25 05:00:00,122.0,192.21982
2025-01-25 06:00:00,307.0,273.79214
2025-01-25 07:00:00,692.0,402.56006
2025-01-25 08:00:00,722.0,493.27713
2025-01-25 09:00:00,724.0,578.2454
2025-01-25 10:00:00,793.0,691.0204
2025-01-25 11:00:00,833.0,749.65186
2025-01-25 12:00:00,744.0,788.4602
2025-01-25 13:00:00,721.0,774.7418
2025-01-25 14:00:00,712.0,807.12463
2025-01-25 15:00:00,691.0,742.65967
2025-01-25 16:00:00,695.0,693.6623
2025-01-25 17:00:00,712.0,631.1863
2025-01-25 18:00:00,637.0,551.0009
2025-01-25 19:00:00,366.0,462.35275
2025-01-25 20:00:00,278.0,331.31775
2025-01-25 21:00:00,200.0,244.86864
2025-01-25 22:00:00,199.0,167.88376
2025-01-25 23:00:00,174.0,104.94006
2025-01-26 00:00:00,168.0,11.164917
2025-01-26 01:00:00,87.0,-39.025604
2025-01-26 02:00:00,71.0,-14.196625
2025-01-26 03:00:00,45.0,-10.2274475
2025-01-26 04:00:00,49.0,75.089905
2025-01-26 05:00:00,60.0,142.29358
2025-01-26 06:00:00,103.0,223.00726
2025-01-26 07:00:00,228.0,352.3696
2025-01-26 08:00:00,377.0,443.8132
2025-01-26 09:00:00,452.0,564.5577
2025-01-26 10:00:00,564.0,638.2801
2025-01-26 11:00:00,646.0,699.7047
2025-01-26 12:00:00,641.0,741.374
2025-01-26 13:00:00,714.0,760.8176
2025-01-26 14:00:00,681.0,757.1601
2025-01-26 15:00:00,665.0,694.70087
2025-01-26 16:00:00,726.0,649.12415
2025-01-26 17:00:00,685.0,582.647
2025-01-26 18:00:00,398.0,501.66907
2025-01-26 19:00:00,355.0,412.29437
2025-01-26 20:00:00,293.0,281.19336
2025-01-26 21:00:00,219.0,194.7442
2025-01-26 22:00:00,131.0,117.82541
2025-01-26 23:00:00,71.0,56.79706
2025-01-27 00:00:00,43.0,50.00818
2025-01-27 01:00:00,23.0,30.102234
2025-01-27 02:00:00,14.0,33.831055
2025-01-27 03:00:00,21.0,61.1868
2025-01-27 04:00:00,55.0,109.640045
2025-01-27 05:00:00,172.0,140.0904
2025-01-27 06:00:00,535.0,259.36206
2025-01-27 07:00:00,726.0,387.18396
2025-01-27 08:00:00,599.0,477.02502
2025-01-27 09:00:00,550.0,562.805
2025-01-27 10:00:00,527.0,640.27704
2025-01-27 11:00:00,611.0,700.08813
2025-01-27 12:00:00,581.0,662.2055
2025-01-27 13:00:00,593.0,763.4763
2025-01-27 14:00:00,549.0,685.25024
2025-01-27 15:00:00,680.0,733.6681
2025-01-27 16:00:00,994.0,642.28796
2025-01-27 17:00:00,1165.0,556.89026
2025-01-27 18:00:00,728.0,467.17865
2025-01-27 19:00:00,363.0,428.53784
2025-01-27 20:00:00,249.0,357.35712
2025-01-27 21:00:00,188.0,199.62561
2025-01-27 22:00:00,142.0,153.96066
2025-01-27 23:00:00,78.0,64.58264
2025-01-28 00:00:00,52.0,3.838684
2025-01-28 01:00:00,29.0,-6.9586487
2025-01-28 02:00:00,15.0,-8.707825
2025-01-28 03:00:00,18.0,47.283203
2025-01-28 04:00:00,37.0,86.28598
2025-01-28 05:00:00,132.0,158.15375
2025-01-28 06:00:00,502.0,225.33748
2025-01-28 07:00:00,733.0,319.37628
2025-01-28 08:00:00,583.0,402.10748
2025-01-28 09:00:00,480.0,478.6787
2025-01-28 10:00:00,521.0,629.08276
2025-01-28 11:00:00,592.0,689.6934
2025-01-28 12:00:00,533.0,731.42883
2025-01-28 13:00:00,621.0,750.7403
2025-01-28 14:00:00,584.0,746.61523
2025-01-28 15:00:00,678.0,718.99365
2025-01-28 16:00:00,1049.0,669.0733
2025-01-28 17:00:00,1255.0,603.7346
2025-01-28 18:00:00,830.0,523.4172
2025-01-28 19:00:00,401.0,434.70297
2025-01-28 20:00:00,278.0,302.74332
2025-01-28 21:00:00,208.0,216.77788
2025-01-28 22:00:00,157.0,138.38461
2025-01-28 23:00:00,88.0,77.554504
2025-01-29 00:00:00,46.0,69.39523
2025-01-29 01:00:00,34.0,49.48929
2025-01-29 02:00:00,19.0,53.28415
2025-01-29 03:00:00,27.0,81.23425
2025-01-29 04:00:00,49.0,91.54733
2025-01-29 05:00:00,146.0,196.45026
2025-01-29 06:00:00,502.0,239.68416
2025-01-29 07:00:00,744.0,405.998
2025-01-29 08:00:00,644.0,496.2974
2025-01-29 09:00:00,635.0,580.0003
2025-01-29 10:00:00,536.0,692.16174
2025-01-29 11:00:00,624.0,752.9849
2025-01-29 12:00:00,599.0,794.65076
2025-01-29 13:00:00,706.0,818.0347
2025-01-29 14:00:00,616.0,811.7022
2025-01-29 15:00:00,655.0,784.3447
2025-01-29 16:00:00,979.0,700.2543
2025-01-29 17:00:00,1225.0,636.25397
2025-01-29 18:00:00,826.0,556.0026
2025-01-29 19:00:00,512.0,467.61862
2025-01-29 20:00:00,281.0,336.91388
2025-01-29 21:00:00,247.0,250.20052
2025-01-29 22:00:00,207.0,174.00821
2025-01-29 23:00:00,106.0,112.25339
2025-01-30 00:00:00,46.0,127.85025
2025-01-30 01:00:00,32.0,107.944244
2025-01-30 02:00:00,20.0,111.739136
2025-01-30 03:00:00,21.0,139.49109
2025-01-30 04:00:00,46.0,188.60492
2025-01-30 05:00:00,144.0,256.33694
2025-01-30 06:00:00,499.0,337.05066
2025-01-30 07:00:00,755.0,465.75256
2025-01-30 08:00:00,673.0,557.064
2025-01-30 09:00:00,548.0,678.6167
2025-01-30 10:00:00,545.0,716.3614
2025-01-30 11:00:00,677.0,780.6017
2025-01-30 12:00:00,543.0,821.6714
2025-01-30 13:00:00,670.0,841.2506
2025-01-30 14:00:00,625.0,836.1261
2025-01-30 15:00:00,757.0,808.979
2025-01-30 16:00:00,1002.0,760.12933
2025-01-30 17:00:00,1194.0,693.71826
2025-01-30 18:00:00,895.0,613.1366
2025-01-30 19:00:00,607.0,524.3564
2025-01-30 20:00:00,345.0,393.25537
2025-01-30 21:00:00,258.0,306.07965
2025-01-30 22:00:00,200.0,229.62317
2025-01-30 23:00:00,128.0,168.00046
2025-01-31 00:00:00,59.0,127.23773
2025-01-31 01:00:00,37.0,106.64996
2025-01-31 02:00:00,24.0,110.642944
2025-01-31 03:00:00,31.0,175.61053
2025-01-31 04:00:00,57.0,224.7904
2025-01-31 05:00:00,157.0,292.06006
2025-01-31 06:00:00,464.0,372.97192
2025-01-31 07:00:00,661.0,425.61475
2025-01-31 08:00:00,621.0,517.60803
2025-01-31 09:00:00,632.0,612.41797
2025-01-31 10:00:00,656.0,685.883
2025-01-31 11:00:00,709.0,742.77563
2025-01-31 12:00:00,676.0,861.09845
2025-01-31 13:00:00,775.0,880.5421
2025-01-31 14:00:00,799.0,876.35095
2025-01-31 15:00:00,970.0,848.7971
2025-01-31 16:00:00,1280.0,800.0795
2025-01-31 17:00:00,1337.0,733.00793
2025-01-31 18:00:00,1024.0,652.29425
2025-01-31 19:00:00,781.0,563.3819
2025-01-31 20:00:00,445.0,432.21484
2025-01-31 21:00:00,321.0,345.3033
2025-01-31 22:00:00,309.0,268.51657
2025-01-31 23:00:00,261.0,207.09201
2025-02-01 00:00:00,136.0,77.86246
2025-02-01 01:00:00,92.0,58.220703
2025-02-01 02:00:00,65.0,62.345795
2025-02-01 03:00:00,41.0,89.76752
2025-02-01 04:00:00,60.0,138.8153
2025-02-01 05:00:00,148.0,206.08496
2025-02-01 06:00:00,275.0,287.06287
2025-02-01 07:00:00,569.0,416.22708
2025-02-01 08:00:00,675.0,507.4065
2025-02-01 09:00:00,743.0,594.318
2025-02-01 10:00:00,793.0,671.2369
2025-02-01 11:00:00,797.0,732.79346
2025-02-01 12:00:00,749.0,774.727
2025-02-01 13:00:00,709.0,794.4348
2025-02-01 14:00:00,734.0,790.37573
2025-02-01 15:00:00,728.0,762.88794
2025-02-01 16:00:00,717.0,713.97235
2025-02-01 17:00:00,723.0,646.7687
2025-02-01 18:00:00,558.0,566.05493
2025-02-01 19:00:00,402.0,477.14258
2025-02-01 20:00:00,258.0,346.04153
2025-02-01 21:00:00,216.0,259.26215
2025-02-01 22:00:00,239.0,182.5415
2025-02-01 23:00:00,189.0,121.05087
2025-02-02 00:00:00,131.0,28.067322
2025-02-02 01:00:00,76.0,8.425507
2025-02-02 02:00:00,60.0,12.3524475
2025-02-02 03:00:00,44.0,39.64218
2025-02-02 04:00:00,42.0,88.55786
2025-02-02 05:00:00,65.0,155.76147
2025-02-02 06:00:00,214.0,236.60725
2025-02-02 07:00:00,631.0,365.77148
2025-02-02 08:00:00,653.0,456.75275
2025-02-02 09:00:00,721.0,543.7303
2025-02-02 10:00:00,791.0,620.38495
2025-02-02 11:00:00,768.0,681.8756
2025-02-02 12:00:00,626.0,723.8751
2025-02-02 13:00:00,610.0,743.38477
2025-02-02 14:00:00,619.0,739.32574
2025-02-02 15:00:00,559.0,712.1022
2025-02-02 16:00:00,589.0,662.98834
2025-02-02 17:00:00,593.0,595.78467
2025-02-02 18:00:00,475.0,514.8728
2025-02-02 19:00:00,325.0,425.8944
2025-02-02 20:00:00,289.0,294.7273
2025-02-02 21:00:00,224.0,207.88193
2025-02-02 22:00:00,132.0,131.16125
2025-02-02 23:00:00,78.0,69.53854
2025-02-03 00:00:00,43.0,62.7489
2025-02-03 01:00:00,18.0,43.239227
2025-02-03 02:00:00,18.0,47.29831
2025-02-03 03:00:00,22.0,74.7861
2025-02-03 04:00:00,49.0,123.83389
2025-02-03 05:00:00,172.0,190.97147
2025-02-03 06:00:00,541.0,271.75122
2025-02-03 07:00:00,778.0,400.8494
2025-02-03 08:00:00,722.0,491.83066
2025-02-03 09:00:00,616.0,578.61005
2025-02-03 10:00:00,587.0,655.33075
2025-02-03 11:00:00,624.0,714.2803
2025-02-03 12:00:00,586.0,792.6592
2025-02-03 13:00:00,589.0,810.89825
2025-02-03 14:00:00,567.0,808.37915
2025-02-03 15:00:00,658.0,780.21875
2025-02-03 16:00:00,953.0,697.6039
2025-02-03 17:00:00,1145.0,630.6644
2025-02-03 18:00:00,753.0,550.0828
2025-02-03 19:00:00,410.0,460.97235
2025-02-03 20:00:00,237.0,329.87128
2025-02-03 21:00:00,179.0,243.02588
2025-02-03 22:00:00,132.0,166.37122
2025-02-03 23:00:00,78.0,104.880585
2025-02-04 00:00:00,31.0,47.634857
2025-02-04 01:00:00,32.0,28.125153
2025-02-04 02:00:00,16.0,32.118164
2025-02-04 03:00:00,19.0,59.605988
2025-02-04 04:00:00,44.0,108.85193
2025-02-04 05:00:00,151.0,176.12164
2025-02-04 06:00:00,531.0,257.09952
2025-02-04 07:00:00,814.0,386.26373
2025-02-04 08:00:00,713.0,477.3771
2025-02-04 09:00:00,615.0,564.0244
2025-02-04 10:00:00,652.0,640.679
2025-02-04 11:00:00,545.0,736.53625
2025-02-04 12:00:00,561.0,775.40027
2025-02-04 13:00:00,594.0,794.5797
2025-02-04 14:00:00,542.0,790.3225
2025-02-04 15:00:00,598.0,762.5045
2025-02-04 16:00:00,999.0,716.6635
2025-02-04 17:00:00,1195.0,615.35223
2025-02-04 18:00:00,836.0,535.1009
2025-02-04 19:00:00,433.0,446.51877
2025-02-04 20:00:00,250.0,315.68192
2025-02-04 21:00:00,189.0,229.10068
2025-02-04 22:00:00,148.0,152.5781
2025-02-04 23:00:00,92.0,90.95538
2025-02-05 00:00:00,41.0,83.06033
2025-02-05 01:00:00,29.0,63.48459
2025-02-05 02:00:00,17.0,67.60974
2025-02-05 03:00:00,24.0,95.03146
2025-02-05 04:00:00,40.0,143.94711
2025-02-05 05:00:00,143.0,211.08472
2025-02-05 06:00:00,546.0,291.7984
2025-02-05 07:00:00,816.0,420.83054
2025-02-05 08:00:00,730.0,512.142
2025-02-05 09:00:00,635.0,598.8554
2025-02-05 10:00:00,657.0,675.444
2025-02-05 11:00:00,659.0,736.8685
2025-02-05 12:00:00,614.0,778.9342
2025-02-05 13:00:00,680.0,798.576
2025-02-05 14:00:00,593.0,794.38477
2025-02-05 15:00:00,668.0,766.9631
2025-02-05 16:00:00,929.0,718.1795
2025-02-05 17:00:00,1162.0,651.0419
2025-02-05 18:00:00,848.0,570.26215
2025-02-05 19:00:00,457.0,481.28372
2025-02-05 20:00:00,275.0,350.18268
2025-02-05 21:00:00,251.0,263.27118
2025-02-05 22:00:00,163.0,186.61655
2025-02-05 23:00:00,98.0,124.993835
2025-02-06 00:00:00,49.0,140.45883
2025-02-06 01:00:00,32.0,120.81708
2025-02-06 02:00:00,15.0,124.67801
2025-02-06 03:00:00,23.0,152.03369
2025-02-06 04:00:00,42.0,200.88333
2025-02-06 05:00:00,167.0,268.02094
2025-02-06 06:00:00,551.0,348.8667
2025-02-06 07:00:00,816.0,477.89883
2025-02-06 08:00:00,695.0,568.94617
2025-02-06 09:00:00,602.0,655.6595
2025-02-06 10:00:00,667.0,732.2481
2025-02-06 11:00:00,649.0,793.6727
2025-02-06 12:00:00,568.0,835.67224
2025-02-06 13:00:00,648.0,855.31396
2025-02-06 14:00:00,606.0,851.0568
2025-02-06 15:00:00,736.0,823.6351
2025-02-06 16:00:00,988.0,774.58734
2025-02-06 17:00:00,1242.0,707.4497
2025-02-06 18:00:00,843.0,626.47174
2025-02-06 19:00:00,567.0,537.55945
2025-02-06 20:00:00,308.0,406.52448
2025-02-06 21:00:00,253.0,319.5469
2025-02-06 22:00:00,167.0,242.69415
2025-02-06 23:00:00,115.0,181.13748
2025-02-07 00:00:00,60.0,176.84308
2025-02-07 01:00:00,42.0,157.2673
2025-02-07 02:00:00,27.0,161.26035
2025-02-07 03:00:00,26.0,188.81418
2025-02-07 04:00:00,53.0,238.0601
2025-02-07 05:00:00,144.0,305.52792
2025-02-07 06:00:00,474.0,386.37375
2025-02-07 07:00:00,680.0,515.8021
2025-02-07 08:00:00,637.0,606.1837
2025-02-07 09:00:00,621.0,724.99194
2025-02-07 10:00:00,675.0,802.985
2025-02-07 11:00:00,675.0,864.818
2025-02-07 12:00:00,660.0,869.64746
2025-02-07 13:00:00,813.0,923.2612
2025-02-07 14:00:00,756.0,922.0805
2025-02-07 15:00:00,903.0,857.28174
2025-02-07 16:00:00,1235.0,810.37537
2025-02-07 17:00:00,1234.0,743.9
2025-02-07 18:00:00,1036.0,663.8467
2025-02-07 19:00:00,619.0,575.2646
2025-02-07 20:00:00,454.0,444.16357
2025-02-07 21:00:00,301.0,357.3181
2025-02-07 22:00:00,246.0,280.7956
2025-02-07 23:00:00,198.0,219.56915
2025-02-08 00:00:00,122.0,78.738525
2025-02-08 01:00:00,67.0,59.36093
2025-02-08 02:00:00,36.0,63.618164
2025-02-08 03:00:00,51.0,91.30408
2025-02-08 04:00:00,62.0,139.95554
2025-02-08 05:00:00,114.0,207.15918
2025-02-08 06:00:00,336.0,288.07104
2025-02-08 07:00:00,537.0,417.23526
2025-02-08 08:00:00,649.0,506.88165
2025-02-08 09:00:00,731.0,626.96216
2025-02-08 10:00:00,866.0,702.81555
2025-02-08 11:00:00,804.0,731.6847
2025-02-08 12:00:00,708.0,773.3575
2025-02-08 13:00:00,741.0,791.06824
2025-02-08 14:00:00,802.0,820.6439
2025-02-08 15:00:00,722.0,791.69275
2025-02-08 16:00:00,676.0,708.0055
2025-02-08 17:00:00,673.0,644.6726
2025-02-08 18:00:00,526.0,563.9589
2025-02-08 19:00:00,388.0,475.3107
2025-02-08 20:00:00,266.0,343.87946
2025-02-08 21:00:00,199.0,256.63773
2025-02-08 22:00:00,192.0,180.04913
2025-02-08 23:00:00,170.0,118.82269
2025-02-09 00:00:00,147.0,26.038513
2025-02-09 01:00:00,84.0,6.3967285
2025-02-09 02:00:00,55.0,10.059509
2025-02-09 03:00:00,46.0,37.943634
2025-02-09 04:00:00,44.0,86.7272
2025-02-09 05:00:00,53.0,153.93082
2025-02-09 06:00:00,131.0,234.51242
2025-02-09 07:00:00,238.0,363.54456
2025-02-09 08:00:00,319.0,454.32767
2025-02-09 09:00:00,533.0,540.975
2025-02-09 10:00:00,563.0,617.7617
2025-02-09 11:00:00,621.0,678.98816
2025-02-09 12:00:00,593.0,720.92163
2025-02-09 13:00:00,687.0,738.8253
2025-02-09 14:00:00,674.0,736.17413
2025-02-09 15:00:00,596.0,707.14984
2025-02-09 16:00:00,641.0,693.87305
2025-02-09 17:00:00,627.0,592.9633
2025-02-09 18:00:00,459.0,512.9101
2025-02-09 19:00:00,359.0,424.39398
2025-02-09 20:00:00,265.0,293.7553
2025-02-09 21:00:00,200.0,207.04196
2025-02-09 22:00:00,140.0,130.32132
2025-02-09 23:00:00,73.0,68.83069
2025-02-10 00:00:00,38.0,62.042572
2025-02-10 01:00:00,23.0,42.664978
2025-02-10 02:00:00,17.0,46.65799
2025-02-10 03:00:00,22.0,74.07977
2025-02-10 04:00:00,49.0,122.86331
2025-02-10 05:00:00,157.0,190.13306
2025-02-10 06:00:00,547.0,271.11096
2025-02-10 07:00:00,740.0,400.2091
2025-02-10 08:00:00,600.0,491.1904
2025-02-10 09:00:00,557.0,577.5735
2025-02-10 10:00:00,614.0,652.8307
2025-02-10 11:00:00,640.0,712.3243
2025-02-10 12:00:00,602.0,753.93445
2025-02-10 13:00:00,649.0,811.2835
2025-02-10 14:00:00,574.0,767.647
2025-02-10 15:00:00,613.0,743.3695
2025-02-10 16:00:00,966.0,694.3218
2025-02-10 17:00:00,1111.0,627.7125
2025-02-10 18:00:00,748.0,547.19696
2025-02-10 19:00:00,403.0,458.28458
2025-02-10 20:00:00,228.0,327.18353
2025-02-10 21:00:00,154.0,240.53629
2025-02-10 22:00:00,114.0,164.07974
2025-02-10 23:00:00,97.0,102.32489
2025-02-11 00:00:00,38.0,44.948944
2025-02-11 01:00:00,28.0,-11.028503
2025-02-11 02:00:00,11.0,30.378296
2025-02-11 03:00:00,22.0,57.80005
2025-02-11 04:00:00,45.0,105.571594
2025-02-11 05:00:00,162.0,172.97339
2025-02-11 06:00:00,499.0,253.88522
2025-02-11 07:00:00,756.0,382.91733
2025-02-11 08:00:00,711.0,473.70047
2025-02-11 09:00:00,598.0,482.74472
2025-02-11 10:00:00,586.0,637.20056
2025-02-11 11:00:00,696.0,698.2949
2025-02-11 12:00:00,584.0,739.568
2025-02-11 13:00:00,706.0,758.8795
2025-02-11 14:00:00,733.0,754.82043
2025-02-11 15:00:00,739.0,649.1173
2025-02-11 16:00:00,960.0,678.6151
2025-02-11 17:00:00,1180.0,611.0812
2025-02-11 18:00:00,773.0,531.4456
2025-02-11 19:00:00,458.0,369.18015
2025-02-11 20:00:00,290.0,275.29474
2025-02-11 21:00:00,190.0,185.6112
2025-02-11 22:00:00,156.0,108.75839
2025-02-11 23:00:00,70.0,51.997925
2025-02-12 00:00:00,32.0,78.548615
2025-02-12 01:00:00,30.0,57.894745
2025-02-12 02:00:00,13.0,62.019897
2025-02-12 03:00:00,24.0,89.50763
2025-02-12 04:00:00,39.0,138.42334
2025-02-12 05:00:00,161.0,205.23065
2025-02-12 06:00:00,482.0,247.91481
2025-02-12 07:00:00,750.0,415.4388
2025-02-12 08:00:00,629.0,506.68427
2025-02-12 09:00:00,551.0,590.4068
2025-02-12 10:00:00,590.0,668.25684
2025-02-12 11:00:00,618.0,727.48444
2025-02-12 12:00:00,591.0,768.68445
2025-02-12 13:00:00,614.0,790.93866
2025-02-12 14:00:00,615.0,787.7596
2025-02-12 15:00:00,687.0,759.32574
2025-02-12 16:00:00,950.0,710.2119
2025-02-12 17:00:00,1181.0,565.3873
2025-02-12 18:00:00,778.0,488.17218
2025-02-12 19:00:00,507.0,397.23566
2025-02-12 20:00:00,325.0,344.81232
2025-02-12 21:00:00,224.0,257.0869
2025-02-12 22:00:00,173.0,141.5441
2025-02-12 23:00:00,99.0,118.94165
2025-02-13 00:00:00,52.0,134.21094
2025-02-13 01:00:00,34.0,114.701294
2025-02-13 02:00:00,16.0,119.02457
2025-02-13 03:00:00,19.0,146.24817
2025-02-13 04:00:00,46.0,195.56009
2025-02-13 05:00:00,144.0,262.69766
2025-02-13 06:00:00,544.0,343.54346
2025-02-13 07:00:00,691.0,472.50955
2025-02-13 08:00:00,639.0,484.54895
2025-02-13 09:00:00,560.0,574.36456
2025-02-13 10:00:00,592.0,662.30554
2025-02-13 11:00:00,615.0,740.0768
2025-02-13 12:00:00,668.0,776.8624
2025-02-13 13:00:00,631.0,807.0873
2025-02-13 14:00:00,607.0,800.03674
2025-02-13 15:00:00,831.0,771.5155
2025-02-13 16:00:00,1032.0,708.60754
2025-02-13 17:00:00,1236.0,706.3749
2025-02-13 18:00:00,931.0,624.7811
2025-02-13 19:00:00,605.0,469.20392
2025-02-13 20:00:00,346.0,368.21265
2025-02-13 21:00:00,247.0,318.51675
2025-02-13 22:00:00,207.0,241.59795
2025-02-13 23:00:00,115.0,179.84311
2025-02-14 00:00:00,76.0,175.48541
2025-02-14 01:00:00,38.0,120.65219
2025-02-14 02:00:00,22.0,121.87314
2025-02-14 03:00:00,35.0,188.53467
2025-02-14 04:00:00,52.0,199.28867
2025-02-14 05:00:00,131.0,304.17026
2025-02-14 06:00:00,464.0,386.29236
2025-02-14 07:00:00,636.0,514.64264
2025-02-14 08:00:00,675.0,605.88806
2025-02-14 09:00:00,698.0,692.8656
2025-02-14 10:00:00,723.0,769.85046
2025-02-14 11:00:00,799.0,831.3411
2025-02-14 12:00:00,749.0,873.27466
2025-02-14 13:00:00,835.0,892.91644
2025-02-14 14:00:00,815.0,888.9895
2025-02-14 15:00:00,985.0,861.6338
2025-02-14 16:00:00,1277.0,812.7181
2025-02-14 17:00:00,1367.0,745.58044
2025-02-14 18:00:00,1093.0,664.7347
2025-02-14 19:00:00,738.0,575.7563
2025-02-14 20:00:00,443.0,444.7213
2025-02-14 21:00:00,326.0,357.87585
2025-02-14 22:00:00,271.0,280.95697
2025-02-14 23:00:00,216.0,219.53242
2025-02-15 00:00:00,126.0,78.638855
2025-02-15 01:00:00,94.0,59.26123
2025-02-15 02:00:00,55.0,63.518463
2025-02-15 03:00:00,30.0,90.808136
2025-02-15 04:00:00,59.0,139.85587
2025-02-15 05:00:00,140.0,207.52182
2025-02-15 06:00:00,371.0,288.76392
2025-02-15 07:00:00,874.0,416.9878
2025-02-15 08:00:00,954.0,540.933
2025-02-15 09:00:00,927.0,627.5142
2025-02-15 10:00:00,941.0,703.77264
2025-02-15 11:00:00,946.0,768.74646
2025-02-15 12:00:00,800.0,810.48175
2025-02-15 13:00:00,717.0,793.82245
2025-02-15 14:00:00,747.0,823.864
2025-02-15 15:00:00,691.0,794.1028
2025-02-15 16:00:00,709.0,749.2683
2025-02-15 17:00:00,715.0,646.29016
2025-02-15 18:00:00,591.0,565.64246
2025-02-15 19:00:00,365.0,476.53195
2025-02-15 20:00:00,288.0,345.56302
2025-02-15 21:00:00,276.0,258.8497
2025-02-15 22:00:00,215.0,182.39319
2025-02-15 23:00:00,207.0,121.03467
2025-02-16 00:00:00,103.0,28.055725
2025-02-16 01:00:00,69.0,8.215759
2025-02-16 02:00:00,52.0,12.01062
2025-02-16 03:00:00,41.0,39.564514
2025-02-16 04:00:00,37.0,88.5462
2025-02-16 05:00:00,70.0,155.81592
2025-02-16 06:00:00,84.0,236.59566
2025-02-16 07:00:00,249.0,365.69382
2025-02-16 08:00:00,299.0,456.543
2025-02-16 09:00:00,425.0,543.1903
2025-02-16 10:00:00,582.0,619.845
2025-02-16 11:00:00,659.0,680.8732
2025-02-16 12:00:00,617.0,722.6069
2025-02-16 13:00:00,679.0,741.3187
2025-02-16 14:00:00,616.0,737.6612
2025-02-16 15:00:00,608.0,709.90924
2025-02-16 16:00:00,615.0,661.1935
2025-02-16 17:00:00,599.0,594.25397
2025-02-16 18:00:00,427.0,513.67236
2025-02-16 19:00:00,331.0,424.4958
2025-02-16 20:00:00,300.0,293.46082
2025-02-16 21:00:00,226.0,206.54932
2025-02-16 22:00:00,113.0,129.6305
2025-02-16 23:00:00,80.0,68.13989
2025-02-17 00:00:00,57.0,61.35547
2025-02-17 01:00:00,20.0,41.713684
2025-02-17 02:00:00,25.0,45.772736
2025-02-17 03:00:00,22.0,73.26056
2025-02-17 04:00:00,54.0,122.37436
2025-02-17 05:00:00,170.0,189.6441
2025-02-17 06:00:00,520.0,270.55594
2025-02-17 07:00:00,788.0,399.58807
2025-02-17 08:00:00,679.0,490.56934
2025-02-17 09:00:00,559.0,577.34875
2025-02-17 10:00:00,598.0,654.0694
2025-02-17 11:00:00,585.0,715.494
2025-02-17 12:00:00,544.0,757.2954
2025-02-17 13:00:00,597.0,776.87115
2025-02-17 14:00:00,538.0,772.8782
2025-02-17 15:00:00,622.0,745.4564
2025-02-17 16:00:00,953.0,696.4086
2025-02-17 17:00:00,1133.0,629.271
2025-02-17 18:00:00,742.0,548.5573
2025-02-17 19:00:00,442.0,459.711
2025-02-17 20:00:00,232.0,328.676
2025-02-17 21:00:00,177.0,241.83058
2025-02-17 22:00:00,145.0,164.97778
2025-02-17 23:00:00,86.0,103.42105
2025-02-18 00:00:00,37.0,46.181183
2025-02-18 01:00:00,18.0,26.539368
2025-02-18 02:00:00,16.0,30.59845
2025-02-18 03:00:00,19.0,58.020233
2025-02-18 04:00:00,43.0,107.13406
2025-02-18 05:00:00,150.0,174.40375
2025-02-18 06:00:00,529.0,255.24953
2025-02-18 07:00:00,785.0,384.28165
2025-02-18 08:00:00,661.0,475.32898
2025-02-18 09:00:00,555.0,562.1084
2025-02-18 10:00:00,553.0,638.8291
2025-02-18 11:00:00,562.0,700.3197
2025-02-18 12:00:00,583.0,742.25323
2025-02-18 13:00:00,597.0,761.69684
2025-02-18 14:00:00,531.0,757.5057
2025-02-18 15:00:00,658.0,730.084
2025-02-18 16:00:00,980.0,680.9041
2025-02-18 17:00:00,1171.0,613.7665
2025-02-18 18:00:00,780.0,533.1849
2025-02-18 19:00:00,439.0,444.2725
2025-02-18 20:00:00,272.0,313.2375
2025-02-18 21:00:00,204.0,226.32605
2025-02-18 22:00:00,158.0,149.5393
2025-02-18 23:00:00,100.0,88.048676
2025-02-19 00:00:00,41.0,79.96182
2025-02-19 01:00:00,21.0,60.32007
2025-02-19 02:00:00,16.0,64.84143
2025-02-19 03:00:00,17.0,92.527405
2025-02-19 04:00:00,55.0,141.6412
2025-02-19 05:00:00,150.0,208.91089
2025-02-19 06:00:00,482.0,289.69064
2025-02-19 07:00:00,764.0,418.78882
2025-02-19 08:00:00,624.0,509.83612
2025-02-19 09:00:00,540.0,596.4834
2025-02-19 10:00:00,514.0,673.072
2025-02-19 11:00:00,619.0,734.3645
2025-02-19 12:00:00,589.0,811.27295
2025-02-19 13:00:00,643.0,826.7085
2025-02-19 14:00:00,591.0,822.1211
2025-02-19 15:00:00,704.0,794.0406
2025-02-19 16:00:00,1003.0,713.0318
2025-02-19 17:00:00,1195.0,646.2922
2025-02-19 18:00:00,866.0,566.1729
2025-02-19 19:00:00,540.0,477.52475
2025-02-19 20:00:00,329.0,346.62186
2025-02-19 21:00:00,231.0,259.84247
2025-02-19 22:00:00,168.0,183.18784
2025-02-19 23:00:00,84.0,121.697205
2025-02-20 00:00:00,47.0,137.16919
2025-02-20 01:00:00,20.0,117.659546
2025-02-20 02:00:00,23.0,121.65256
2025-02-20 03:00:00,23.0,149.14038
2025-02-20 04:00:00,49.0,198.056
2025-02-20 05:00:00,159.0,265.12756
2025-02-20 06:00:00,526.0,345.70917
2025-02-20 07:00:00,866.0,474.80734
2025-02-20 08:00:00,703.0,565.4584
2025-02-20 09:00:00,636.0,652.1717
2025-02-20 10:00:00,583.0,728.62823
2025-02-20 11:00:00,698.0,789.72253
2025-02-20 12:00:00,619.0,830.9956
2025-02-20 13:00:00,664.0,849.2451
2025-02-20 14:00:00,612.0,844.9254
2025-02-20 15:00:00,725.0,817.1752
2025-02-20 16:00:00,1062.0,766.391
2025-02-20 17:00:00,1297.0,700.65955
2025-02-20 18:00:00,970.0,621.0686
2025-02-20 19:00:00,580.0,532.6186
2025-02-20 20:00:00,340.0,401.7818
2025-02-20 21:00:00,231.0,315.13446
2025-02-20 22:00:00,199.0,238.61195
2025-02-20 23:00:00,121.0,176.98923
2025-02-21 00:00:00,43.0,173.2308
2025-02-21 01:00:00,27.0,153.65506
2025-02-21 02:00:00,19.0,157.71411
2025-02-21 03:00:00,25.0,185.40005
2025-02-21 04:00:00,58.0,234.712
2025-02-21 05:00:00,150.0,302.04773
2025-02-21 06:00:00,444.0,383.0917
2025-02-21 07:00:00,803.0,512.0578
2025-02-21 08:00:00,748.0,601.50775
2025-02-21 09:00:00,715.0,722.05756
2025-02-21 10:00:00,688.0,796.64734
2025-02-21 11:00:00,752.0,857.4114
2025-02-21 12:00:00,747.0,898.55237
2025-02-21 13:00:00,848.0,917.4016
2025-02-21 14:00:00,863.0,912.4839
2025-02-21 15:00:00,923.0,884.4678
2025-02-21 16:00:00,1195.0,837.28674
2025-02-21 17:00:00,1261.0,737.31555
2025-02-21 18:00:00,1042.0,657.7246
2025-02-21 19:00:00,746.0,568.7462
2025-02-21 20:00:00,390.0,438.37173
2025-02-21 21:00:00,275.0,351.72443
2025-02-21 22:00:00,259.0,275.06976
2025-02-21 23:00:00,203.0,213.6452
2025-02-22 00:00:00,116.0,72.558624
2025-02-22 01:00:00,81.0,52.91687
2025-02-22 02:00:00,50.0,57.306152
2025-02-22 03:00:00,48.0,85.322296
2025-02-22 04:00:00,61.0,134.50217
2025-02-22 05:00:00,161.0,201.90393
2025-02-22 06:00:00,363.0,283.14606
2025-02-22 07:00:00,617.0,412.17816
2025-02-22 08:00:00,779.0,502.631
2025-02-22 09:00:00,846.0,588.3537
2025-02-22 10:00:00,852.0,664.48
2025-02-22 11:00:00,882.0,757.41016
2025-02-22 12:00:00,732.0,797.8802
2025-02-22 13:00:00,788.0,780.5604
2025-02-22 14:00:00,744.0,815.56085
2025-02-22 15:00:00,659.0,750.6283
2025-02-22 16:00:00,730.0,703.71497
2025-02-22 17:00:00,698.0,637.30383
2025-02-22 18:00:00,558.0,557.779
2025-02-22 19:00:00,339.0,469.19684
2025-02-22 20:00:00,237.0,338.29395
2025-02-22 21:00:00,199.0,251.84482
2025-02-22 22:00:00,229.0,175.25623
2025-02-22 23:00:00,212.0,113.633545
2025-02-23 00:00:00,124.0,20.726044
2025-02-23 01:00:00,81.0,1.1502686
2025-02-23 02:00:00,54.0,4.9451294
2025-02-23 03:00:00,41.0,32.234833
2025-02-23 04:00:00,39.0,81.54678
2025-02-23 05:00:00,61.0,149.1467
2025-02-23 06:00:00,185.0,230.25668
2025-02-23 07:00:00,356.0,359.48694
2025-02-23 08:00:00,445.0,450.13797
2025-02-23 09:00:00,541.0,536.98346
2025-02-23 10:00:00,542.0,613.63806
2025-02-23 11:00:00,613.0,675.3269
2025-02-23 12:00:00,532.0,716.5338
2025-02-23 13:00:00,644.0,735.5812
2025-02-23 14:00:00,573.0,732.66626
2025-02-23 15:00:00,593.0,705.3106
2025-02-23 16:00:00,587.0,577.2336
2025-02-23 17:00:00,571.0,588.64154
2025-02-23 18:00:00,417.0,507.86176
2025-02-23 19:00:00,357.0,419.21356
2025-02-23 20:00:00,273.0,288.0465
2025-02-23 21:00:00,203.0,201.39923
2025-02-23 22:00:00,117.0,124.54645
2025-02-23 23:00:00,101.0,63.65027
2025-02-24 00:00:00,59.0,57.532074
2025-02-24 01:00:00,24.0,38.08844
2025-02-24 02:00:00,17.0,42.477722
2025-02-24 03:00:00,28.0,69.899475
2025-02-24 04:00:00,42.0,118.947266
2025-02-24 05:00:00,170.0,186.15091
2025-02-24 06:00:00,515.0,267.12878
2025-02-24 07:00:00,725.0,395.76465
2025-02-24 08:00:00,574.0,486.28357
2025-02-24 09:00:00,595.0,572.731
2025-02-24 10:00:00,623.0,647.71704
2025-02-24 11:00:00,573.0,709.8212
2025-02-24 12:00:00,523.0,751.2924
2025-02-24 13:00:00,615.0,770.7361
2025-02-24 14:00:00,575.0,766.41284
2025-02-24 15:00:00,662.0,739.0571
2025-02-24 16:00:00,974.0,690.00934
2025-02-24 17:00:00,1053.0,623.268
2025-02-24 18:00:00,726.0,542.8185
2025-02-24 19:00:00,397.0,453.9722
2025-02-24 20:00:00,225.0,323.13535
2025-02-24 21:00:00,194.0,236.62018
2025-02-24 22:00:00,133.0,159.76736
2025-02-24 23:00:00,82.0,98.47485
2025-02-25 00:00:00,61.0,41.240967
2025-02-25 01:00:00,31.0,21.202911
2025-02-25 02:00:00,21.0,25.195923
2025-02-25 03:00:00,20.0,52.815826
2025-02-25 04:00:00,36.0,101.9957
2025-02-25 05:00:00,137.0,169.06726
2025-02-25 06:00:00,490.0,249.7149
2025-02-25 07:00:00,656.0,379.20935
2025-02-25 08:00:00,533.0,469.79434
2025-02-25 09:00:00,518.0,556.44165
2025-02-25 10:00:00,544.0,632.8982
2025-02-25 11:00:00,618.0,694.12463
2025-02-25 12:00:00,522.0,735.7279
2025-02-25 13:00:00,629.0,755.3036
2025-02-25 14:00:00,607.0,751.4427
2025-02-25 15:00:00,659.0,724.1531
2025-02-25 16:00:00,934.0,674.3683
2025-02-25 17:00:00,1144.0,606.09393
2025-02-25 18:00:00,802.0,527.6502
2025-02-25 19:00:00,459.0,439.2002
2025-02-25 20:00:00,288.0,307.70285
2025-02-25 21:00:00,202.0,220.98955
2025-02-25 22:00:00,212.0,144.40097
2025-02-25 23:00:00,94.0,83.30661
2025-02-26 00:00:00,58.0,75.490295
2025-02-26 01:00:00,30.0,55.32013
2025-02-26 02:00:00,13.0,59.51129
2025-02-26 03:00:00,21.0,87.329315
2025-02-26 04:00:00,42.0,136.44315
2025-02-26 05:00:00,148.0,203.58072
2025-02-26 06:00:00,490.0,285.50464
2025-02-26 07:00:00,666.0,413.72284
2025-02-26 08:00:00,585.0,504.77017
2025-02-26 09:00:00,593.0,518.5267
2025-02-26 10:00:00,586.0,600.4398
2025-02-26 11:00:00,653.0,655.3743
2025-02-26 12:00:00,593.0,697.24176
2025-02-26 13:00:00,661.0,714.85944
2025-02-26 14:00:00,665.0,709.7222
2025-02-26 15:00:00,692.0,760.5819
2025-02-26 16:00:00,1020.0,633.45087
2025-02-26 17:00:00,1059.0,644.7928
2025-02-26 18:00:00,879.0,563.881
2025-02-26 19:00:00,539.0,475.16672
2025-02-26 20:00:00,341.0,344.19778
2025-02-26 21:00:00,216.0,257.74863
2025-02-26 22:00:00,169.0,181.22607
2025-02-26 23:00:00,90.0,120.461975
2025-02-27 00:00:00,50.0,135.74246
2025-02-27 01:00:00,32.0,116.36493
2025-02-27 02:00:00,29.0,120.6882
2025-02-27 03:00:00,32.0,147.9118
2025-02-27 04:00:00,56.0,197.09158
2025-02-27 05:00:00,152.0,264.49338
2025-02-27 06:00:00,477.0,345.00894
2025-02-27 07:00:00,656.0,473.38058
2025-02-27 08:00:00,577.0,563.89954
2025-02-27 09:00:00,605.0,573.80585
2025-02-27 10:00:00,699.0,662.5394
2025-02-27 11:00:00,705.0,790.89307
2025-02-27 12:00:00,744.0,757.58136
2025-02-27 13:00:00,870.0,852.5344
2025-02-27 14:00:00,499.0,847.13306
2025-02-27 15:00:00,556.0,819.31494
2025-02-27 16:00:00,833.0,770.2012
2025-02-27 17:00:00,1053.0,702.8637
2025-02-27 18:00:00,752.0,622.614
2025-02-27 19:00:00,531.0,533.70166
2025-02-27 20:00:00,348.0,402.40253
2025-02-27 21:00:00,233.0,315.55704
2025-02-27 22:00:00,180.0,239.03452
2025-02-27 23:00:00,126.0,177.54388
2025-02-28 00:00:00,88.0,172.93375
2025-02-28 01:00:00,57.0,153.35797
2025-02-28 02:00:00,47.0,157.68124
2025-02-28 03:00:00,71.0,184.97092
2025-02-28 04:00:00,62.0,234.08472
2025-02-28 05:00:00,166.0,301.55255
2025-02-28 06:00:00,459.0,382.13416
2025-02-28 07:00:00,761.0,511.16632
2025-02-28 08:00:00,749.0,601.7512
2025-02-28 09:00:00,687.0,688.2665
2025-02-28 10:00:00,694.0,764.92114
2025-02-28 11:00:00,752.0,826.08154
2025-02-28 12:00:00,701.0,867.75085
2025-02-28 13:00:00,782.0,886.7947
2025-02-28 14:00:00,806.0,882.8052
2025-02-28 15:00:00,923.0,855.5155
2025-02-28 16:00:00,1142.0,806.59985
2025-02-28 17:00:00,1199.0,739.6604
2025-02-28 18:00:00,932.0,659.07874
2025-02-28 19:00:00,739.0,570.4306
2025-02-28 20:00:00,464.0,439.39563
2025-02-28 21:00:00,360.0,352.4181
2025-02-28 22:00:00,243.0,275.82947
2025-02-28 23:00:00,178.0,214.60306
2025-03-01 00:00:00,132.0,110.25723
2025-03-01 01:00:00,80.0,90.61548
2025-03-01 02:00:00,48.0,94.87268
2025-03-01 03:00:00,40.0,122.42648
2025-03-01 04:00:00,66.0,171.4082
2025-03-01 05:00:00,121.0,238.47978
2025-03-01 06:00:00,283.0,319.32556
2025-03-01 07:00:00,541.0,448.35773
2025-03-01 08:00:00,655.0,539.339
2025-03-01 09:00:00,696.0,625.92017
2025-03-01 10:00:00,832.0,702.5088
2025-03-01 11:00:00,826.0,763.8674
2025-03-01 12:00:00,745.0,805.6027
2025-03-01 13:00:00,707.0,824.7822
2025-03-01 14:00:00,717.0,820.92126
2025-03-01 15:00:00,647.0,793.4995
2025-03-01 16:00:00,647.0,744.6499
2025-03-01 17:00:00,687.0,677.64435
2025-03-01 18:00:00,458.0,596.9967
2025-03-01 19:00:00,352.0,508.1504
2025-03-01 20:00:00,245.0,377.2475
2025-03-01 21:00:00,218.0,290.79834
2025-03-01 22:00:00,203.0,214.40787
2025-03-01 23:00:00,174.0,152.78519
2025-03-02 00:00:00,131.0,49.583252
2025-03-02 01:00:00,95.0,29.941498
2025-03-02 02:00:00,73.0,34.06659
2025-03-02 03:00:00,71.0,61.554382
2025-03-02 04:00:00,72.0,110.66812
2025-03-02 05:00:00,74.0,178.00388
2025-03-02 06:00:00,196.0,258.9818
2025-03-02 07:00:00,508.0,387.94785
2025-03-02 08:00:00,543.0,478.73096
2025-03-02 09:00:00,665.0,565.3783
2025-03-02 10:00:00,706.0,641.9008
2025-03-02 11:00:00,751.0,702.724
2025-03-02 12:00:00,617.0,744.595
2025-03-02 13:00:00,627.0,760.76227
2025-03-02 14:00:00,574.0,792.6063
2025-03-02 15:00:00,589.0,764.32416
2025-03-02 16:00:00,612.0,714.81055
2025-03-02 17:00:00,560.0,651.81836
2025-03-02 18:00:00,490.0,535.99243
2025-03-02 19:00:00,373.0,447.8066
2025-03-02 20:00:00,285.0,317.10184
2025-03-02 21:00:00,213.0,230.58664
2025-03-02 22:00:00,146.0,154.06409
2025-03-02 23:00:00,71.0,92.57349
2025-03-03 00:00:00,57.0,85.67056
2025-03-03 01:00:00,25.0,66.55713
2025-03-03 02:00:00,22.0,70.68225
2025-03-03 03:00:00,21.0,98.302185
2025-03-03 04:00:00,65.0,147.15176
2025-03-03 05:00:00,164.0,214.68556
2025-03-03 06:00:00,427.0,295.72955
2025-03-03 07:00:00,675.0,459.73135
2025-03-03 08:00:00,556.0,547.5771
2025-03-03 09:00:00,587.0,633.0268
2025-03-03 10:00:00,664.0,708.8889
2025-03-03 11:00:00,647.0,769.2567
2025-03-03 12:00:00,630.0,810.5297
2025-03-03 13:00:00,599.0,829.1808
2025-03-03 14:00:00,561.0,824.6594
2025-03-03 15:00:00,594.0,796.5772
2025-03-03 16:00:00,783.0,747.5294
2025-03-03 17:00:00,970.0,684.3965
2025-03-03 18:00:00,655.0,569.5039
2025-03-03 19:00:00,371.0,481.31802
2025-03-03 20:00:00,276.0,351.07562
2025-03-03 21:00:00,163.0,264.36224
2025-03-03 22:00:00,126.0,187.83969
2025-03-03 23:00:00,75.0,126.61334
2025-03-04 00:00:00,47.0,69.5856
2025-03-04 01:00:00,39.0,50.340088
2025-03-04 02:00:00,24.0,54.13495
2025-03-04 03:00:00,18.0,82.349304
2025-03-04 04:00:00,43.0,131.39703
2025-03-04 05:00:00,140.0,198.7988
2025-03-04 06:00:00,469.0,279.8427
2025-03-04 07:00:00,611.0,443.5769
2025-03-04 08:00:00,556.0,530.82294
2025-03-04 09:00:00,523.0,616.87585
2025-03-04 10:00:00,612.0,692.7379
2025-03-04 11:00:00,603.0,752.9076
2025-03-04 12:00:00,565.0,793.9164
2025-03-04 13:00:00,613.0,812.7656
2025-03-04 14:00:00,552.0,807.98004
2025-03-04 15:00:00,576.0,780.02997
2025-03-04 16:00:00,940.0,731.0482
2025-03-04 17:00:00,1140.0,667.78143
2025-03-04 18:00:00,754.0,553.08875
2025-03-04 19:00:00,443.0,464.90286
2025-03-04 20:00:00,273.0,334.52835
2025-03-04 21:00:00,207.0,248.21129
2025-03-04 22:00:00,150.0,171.82083
2025-03-04 23:00:00,80.0,110.46237
2025-03-05 00:00:00,51.0,102.91855
2025-03-05 01:00:00,36.0,83.342804
2025-03-05 02:00:00,18.0,87.79816
2025-03-05 03:00:00,27.0,115.55014
2025-03-05 04:00:00,42.0,164.59781
2025-03-05 05:00:00,165.0,232.19775
2025-03-05 06:00:00,559.0,313.10962
2025-03-05 07:00:00,762.0,477.04715
2025-03-05 08:00:00,628.0,563.8256
2025-03-05 09:00:00,673.0,650.0106
2025-03-05 10:00:00,672.0,726.00476
2025-03-05 11:00:00,627.0,786.04236
2025-03-05 12:00:00,619.0,826.9191
2025-03-05 13:00:00,684.0,845.5702
2025-03-05 14:00:00,639.0,840.9167
2025-03-05 15:00:00,715.0,812.9666
2025-03-05 16:00:00,979.0,763.78674
2025-03-05 17:00:00,1193.0,699.59
2025-03-05 18:00:00,831.0,585.49695
2025-03-05 19:00:00,526.0,497.50928
2025-03-05 20:00:00,303.0,367.3329
2025-03-05 21:00:00,260.0,280.6856
2025-03-05 22:00:00,167.0,204.88956
2025-03-05 23:00:00,106.0,143.66318
2025-03-06 00:00:00,42.0,159.67868
2025-03-06 01:00:00,42.0,140.169
2025-03-06 02:00:00,25.0,144.82254
2025-03-06 03:00:00,25.0,172.37631
2025-03-06 04:00:00,59.0,221.09386
2025-03-06 05:00:00,174.0,288.5617
2025-03-06 06:00:00,567.0,369.73773
2025-03-06 07:00:00,800.0,532.47424
2025-03-06 08:00:00,657.0,620.784
2025-03-06 09:00:00,676.0,706.30853
2025-03-06 10:00:00,604.0,781.9064
2025-03-06 11:00:00,764.0,841.54767
2025-03-06 12:00:00,634.0,882.42444
2025-03-06 13:00:00,681.0,901.4718
2025-03-06 14:00:00,611.0,896.8844
2025-03-06 15:00:00,815.0,869.0664
2025-03-06 16:00:00,1106.0,821.1553
2025-03-06 17:00:00,1257.0,720.91644
2025-03-06 18:00:00,975.0,642.19116
2025-03-06 19:00:00,632.0,553.87317
2025-03-06 20:00:00,373.0,423.56476
2025-03-06 21:00:00,286.0,337.24768
2025-03-06 22:00:00,202.0,261.18744
2025-03-06 23:00:00,114.0,200.02707
2025-03-07 00:00:00,157.0,195.75598
2025-03-07 01:00:00,46.0,176.44446
2025-03-07 02:00:00,23.0,180.63559
2025-03-07 03:00:00,17.0,208.51968
2025-03-07 04:00:00,54.0,257.96375
2025-03-07 05:00:00,177.0,325.43158
2025-03-07 06:00:00,522.0,406.4095
2025-03-07 07:00:00,809.0,569.942
2025-03-07 08:00:00,800.0,657.1255
2025-03-07 09:00:00,790.0,743.1123
2025-03-07 10:00:00,734.0,818.7102
2025-03-07 11:00:00,791.0,879.2102
2025-03-07 12:00:00,715.0,920.35114
2025-03-07 13:00:00,800.0,939.06824
2025-03-07 14:00:00,864.0,934.67896
2025-03-07 15:00:00,943.0,906.927
2025-03-07 16:00:00,1168.0,857.9451
2025-03-07 17:00:00,1349.0,794.5428
2025-03-07 18:00:00,1188.0,680.5801
2025-03-07 19:00:00,842.0,592.5263
2025-03-07 20:00:00,503.0,462.01974
2025-03-07 21:00:00,345.0,376.03293
2025-03-07 22:00:00,303.0,299.44434
2025-03-07 23:00:00,206.0,238.28392
2025-03-08 00:00:00,144.0,97.741974
2025-03-08 01:00:00,82.0,78.89276
2025-03-08 02:00:00,55.0,82.29135
2025-03-08 03:00:00,48.0,109.845215
2025-03-08 04:00:00,68.0,159.42133
2025-03-08 05:00:00,150.0,226.95523
2025-03-08 06:00:00,384.0,308.1973
2025-03-08 07:00:00,749.0,470.6644
2025-03-08 08:00:00,895.0,558.517
2025-03-08 09:00:00,933.0,644.4378
2025-03-08 10:00:00,929.0,720.0357
2025-03-08 11:00:00,914.0,780.4696
2025-03-08 12:00:00,867.0,821.34644
2025-03-08 13:00:00,794.0,840.0635
2025-03-08 14:00:00,725.0,835.1458
2025-03-08 15:00:00,676.0,807.4599
2025-03-08 16:00:00,812.0,758.34607
2025-03-08 17:00:00,769.0,694.27795
2025-03-08 18:00:00,609.0,580.5186
2025-03-08 19:00:00,411.0,492.9272
2025-03-08 20:00:00,280.0,362.6187
2025-03-08 21:00:00,234.0,276.56586
2025-03-08 22:00:00,215.0,199.9112
2025-03-08 23:00:00,197.0,138.68475
2025-03-09 00:00:00,122.0,45.463898
2025-03-09 01:00:00,100.0,25.954224
2025-03-09 02:00:00,74.0,30.211426
2025-03-09 03:00:00,47.0,57.83133
2025-03-09 04:00:00,57.0,107.27536
2025-03-09 05:00:00,71.0,175.00739
2025-03-09 06:00:00,152.0,255.91924
2025-03-09 07:00:00,284.0,418.25418
2025-03-09 08:00:00,412.0,506.23895
2025-03-09 09:00:00,533.0,591.9616
2025-03-09 10:00:00,595.0,667.2953
2025-03-09 11:00:00,724.0,728.05945
2025-03-09 12:00:00,648.0,768.672
2025-03-09 13:00:00,699.0,788.385
2025-03-09 14:00:00,726.0,783.337
2025-03-09 15:00:00,664.0,719.61414
2025-03-09 16:00:00,640.0,673.4395
2025-03-09 17:00:00,684.0,607.2283
2025-03-09 18:00:00,462.0,528.24054
2025-03-09 19:00:00,372.0,440.12073
2025-03-09 20:00:00,293.0,309.21783
2025-03-09 21:00:00,242.0,222.2403
2025-03-09 22:00:00,127.0,145.18939
2025-03-09 23:00:00,64.0,84.02899
2025-03-10 00:00:00,47.0,78.390594
2025-03-10 01:00:00,36.0,59.21115
2025-03-10 02:00:00,21.0,63.798584
2025-03-10 03:00:00,22.0,91.1543
2025-03-10 04:00:00,65.0,140.06995
2025-03-10 05:00:00,169.0,206.74512
2025-03-10 06:00:00,582.0,287.72302
2025-03-10 07:00:00,681.0,416.68915
2025-03-10 08:00:00,606.0,507.5383
2025-03-10 09:00:00,491.0,594.5158
2025-03-10 10:00:00,494.0,671.1045
2025-03-10 11:00:00,553.0,732.7932
2025-03-10 12:00:00,509.0,774.99084
2025-03-10 13:00:00,602.0,794.4346
2025-03-10 14:00:00,546.0,825.9501
2025-03-10 15:00:00,643.0,798.0625
2025-03-10 16:00:00,937.0,746.87335
2025-03-10 17:00:00,1176.0,682.5393
2025-03-10 18:00:00,792.0,566.517
2025-03-10 19:00:00,414.0,478.2651
2025-03-10 20:00:00,252.0,347.7585
2025-03-10 21:00:00,199.0,261.5075
2025-03-10 22:00:00,158.0,184.52258
2025-03-10 23:00:00,127.0,123.956696
2025-03-11 00:00:00,82.0,66.87277
2025-03-11 01:00:00,28.0,47.231018
2025-03-11 02:00:00,17.0,51.75241
2025-03-11 03:00:00,28.0,79.174164
2025-03-11 04:00:00,36.0,128.15588
2025-03-11 05:00:00,162.0,195.75577
2025-03-11 06:00:00,542.0,276.2713
2025-03-11 07:00:00,745.0,404.90717
2025-03-11 08:00:00,600.0,495.75635
2025-03-11 09:00:00,562.0,614.2343
2025-03-11 10:00:00,492.0,689.62885
2025-03-11 11:00:00,501.0,749.6664
2025-03-11 12:00:00,537.0,790.6753
2025-03-11 13:00:00,666.0,809.6565
2025-03-11 14:00:00,560.0,807.5424
2025-03-11 15:00:00,704.0,745.3579
2025-03-11 16:00:00,979.0,696.57605
2025-03-11 17:00:00,1159.0,629.90076
2025-03-11 18:00:00,788.0,549.9136
2025-03-11 19:00:00,475.0,461.72772
2025-03-11 20:00:00,273.0,330.89087
2025-03-11 21:00:00,211.0,244.70592
2025-03-11 22:00:00,179.0,168.31546
2025-03-11 23:00:00,107.0,107.22119
2025-03-12 00:00:00,39.0,99.6214
2025-03-12 01:00:00,30.0,80.243835
2025-03-12 02:00:00,24.0,84.23685
2025-03-12 03:00:00,35.0,111.39438
2025-03-12 04:00:00,34.0,160.50815
2025-03-12 05:00:00,164.0,227.51367
2025-03-12 06:00:00,527.0,308.88782
2025-03-12 07:00:00,792.0,437.85397
2025-03-12 08:00:00,635.0,451.4338
2025-03-12 09:00:00,546.0,537.88293
2025-03-12 10:00:00,559.0,616.3636
2025-03-12 11:00:00,642.0,684.47644
2025-03-12 12:00:00,562.0,795.4292
2025-03-12 13:00:00,679.0,815.137
2025-03-12 14:00:00,587.0,733.54443
2025-03-12 15:00:00,692.0,783.65625
2025-03-12 16:00:00,973.0,658.3512
2025-03-12 17:00:00,1288.0,601.00415
2025-03-12 18:00:00,886.0,531.57666
2025-03-12 19:00:00,491.0,423.87585
2025-03-12 20:00:00,331.0,368.4163
2025-03-12 21:00:00,238.0,280.55878
2025-03-12 22:00:00,204.0,203.83807
2025-03-12 23:00:00,112.0,142.2814
2025-03-13 00:00:00,53.0,157.845
2025-03-13 01:00:00,38.0,138.26932
2025-03-13 02:00:00,24.0,142.39447
2025-03-13 03:00:00,26.0,169.81616
2025-03-13 04:00:00,37.0,218.8639
2025-03-13 05:00:00,154.0,286.00153
2025-03-13 06:00:00,566.0,329.49963
2025-03-13 07:00:00,786.0,429.9625
2025-03-13 08:00:00,657.0,508.5793
2025-03-13 09:00:00,601.0,603.9391
2025-03-13 10:00:00,587.0,676.74347
2025-03-13 11:00:00,676.0,811.5211
2025-03-13 12:00:00,599.0,853.1245
2025-03-13 13:00:00,715.0,873.0305
2025-03-13 14:00:00,658.0,869.0375
2025-03-13 15:00:00,770.0,841.2855
2025-03-13 16:00:00,1041.0,792.3037
2025-03-13 17:00:00,1285.0,647.8968
2025-03-13 18:00:00,934.0,645.31104
2025-03-13 19:00:00,616.0,558.2033
2025-03-13 20:00:00,346.0,408.3896
2025-03-13 21:00:00,249.0,314.63638
2025-03-13 22:00:00,249.0,232.3716
2025-03-13 23:00:00,151.0,164.94061
2025-03-14 00:00:00,59.0,197.6977
2025-03-14 01:00:00,33.0,177.9238
2025-03-14 02:00:00,24.0,181.78473
2025-03-14 03:00:00,33.0,209.14044
2025-03-14 04:00:00,45.0,258.25424
2025-03-14 05:00:00,168.0,325.656
2025-03-14 06:00:00,565.0,406.43582
2025-03-14 07:00:00,722.0,535.40186
2025-03-14 08:00:00,652.0,626.11896
2025-03-14 09:00:00,665.0,712.9644
2025-03-14 10:00:00,690.0,789.2888
2025-03-14 11:00:00,713.0,850.5813
2025-03-14 12:00:00,681.0,892.3167
2025-03-14 13:00:00,782.0,911.6943
2025-03-14 14:00:00,789.0,907.76733
2025-03-14 15:00:00,957.0,880.27954
2025-03-14 16:00:00,1239.0,831.3638
2025-03-14 17:00:00,1335.0,764.29224
2025-03-14 18:00:00,1095.0,683.6446
2025-03-14 19:00:00,663.0,516.6489
2025-03-14 20:00:00,407.0,464.0275
2025-03-14 21:00:00,290.0,376.9839
2025-03-14 22:00:00,292.0,300.39532
2025-03-14 23:00:00,256.0,238.83861
2025-03-15 00:00:00,139.0,98.109436
2025-03-15 01:00:00,82.0,78.40161
2025-03-15 02:00:00,59.0,82.39462
2025-03-15 03:00:00,57.0,109.816345
2025-03-15 04:00:00,65.0,158.79807
2025-03-15 05:00:00,108.0,225.93568
2025-03-15 06:00:00,256.0,306.64935
2025-03-15 07:00:00,452.0,435.61548
2025-03-15 08:00:00,611.0,526.53064
2025-03-15 09:00:00,763.0,613.178
2025-03-15 10:00:00,810.0,689.83264
2025-03-15 11:00:00,802.0,750.99304
2025-03-15 12:00:00,712.0,792.5964
2025-03-15 13:00:00,670.0,812.23816
2025-03-15 14:00:00,740.0,808.3772
2025-03-15 15:00:00,694.0,781.1536
2025-03-15 16:00:00,712.0,732.37
2025-03-15 17:00:00,719.0,665.2984
2025-03-15 18:00:00,522.0,584.65076
2025-03-15 19:00:00,413.0,496.00256
2025-03-15 20:00:00,274.0,365.03363
2025-03-15 21:00:00,259.0,278.25427
2025-03-15 22:00:00,223.0,201.40146
2025-03-15 23:00:00,235.0,139.91086
2025-03-16 00:00:00,158.0,47.163452
2025-03-16 01:00:00,75.0,27.455627
2025-03-16 02:00:00,60.0,-6.7130127
2025-03-16 03:00:00,52.0,58.93643
2025-03-16 04:00:00,57.0,107.85208
2025-03-16 05:00:00,63.0,176.00174
2025-03-16 06:00:00,132.0,256.91364
2025-03-16 07:00:00,247.0,385.9457
2025-03-16 08:00:00,394.0,475.84885
2025-03-16 09:00:00,552.0,562.56226
2025-03-16 10:00:00,584.0,640.2289
2025-03-16 11:00:00,680.0,700.5754
2025-03-16 12:00:00,608.0,675.2282
2025-03-16 13:00:00,661.0,708.7749
2025-03-16 14:00:00,628.0,686.8734
2025-03-16 15:00:00,562.0,656.2833
2025-03-16 16:00:00,567.0,604.39746
2025-03-16 17:00:00,660.0,616.48724
2025-03-16 18:00:00,440.0,456.4801
2025-03-16 19:00:00,351.0,445.78308
2025-03-16 20:00:00,264.0,314.81415
2025-03-16 21:00:00,242.0,227.9687
2025-03-16 22:00:00,147.0,151.04987
2025-03-16 23:00:00,96.0,89.493195
2025-03-17 00:00:00,72.0,82.61124
2025-03-17 01:00:00,30.0,62.90341
2025-03-17 02:00:00,15.0,66.962494
2025-03-17 03:00:00,18.0,94.45029
2025-03-17 04:00:00,56.0,143.49802
2025-03-17 05:00:00,186.0,210.76767
2025-03-17 06:00:00,615.0,291.5475
2025-03-17 07:00:00,786.0,420.51355
2025-03-17 08:00:00,714.0,511.29666
2025-03-17 09:00:00,641.0,598.1421
2025-03-17 10:00:00,629.0,674.46655
2025-03-17 11:00:00,616.0,735.4287
2025-03-17 12:00:00,507.0,811.6054
2025-03-17 13:00:00,645.0,795.54407
2025-03-17 14:00:00,559.0,792.02026
2025-03-17 15:00:00,682.0,764.20056
2025-03-17 16:00:00,975.0,712.2762
2025-03-17 17:00:00,1146.0,648.74347
2025-03-17 18:00:00,771.0,568.5581
2025-03-17 19:00:00,435.0,480.17413
2025-03-17 20:00:00,225.0,349.3373
2025-03-17 21:00:00,169.0,262.82208
2025-03-17 22:00:00,112.0,186.56369
2025-03-17 23:00:00,58.0,125.6015
2025-03-18 00:00:00,43.0,68.463196
2025-03-18 01:00:00,15.0,49.019592
2025-03-18 02:00:00,10.0,53.144684
2025-03-18 03:00:00,13.0,81.02878
2025-03-18 04:00:00,22.0,130.27469
2025-03-18 05:00:00,149.0,197.87454
2025-03-18 06:00:00,588.0,278.65253
2025-03-18 07:00:00,817.0,441.72104
2025-03-18 08:00:00,748.0,497.80908
2025-03-18 09:00:00,626.0,581.2478
2025-03-18 10:00:00,632.0,657.9094
2025-03-18 11:00:00,589.0,753.10614
2025-03-18 12:00:00,563.0,794.181
2025-03-18 13:00:00,638.0,812.69995
2025-03-18 14:00:00,497.0,808.1786
2025-03-18 15:00:00,725.0,780.3606
2025-03-18 16:00:00,1028.0,731.1147
2025-03-18 17:00:00,1164.0,664.1092
2025-03-18 18:00:00,852.0,551.83075
2025-03-18 19:00:00,561.0,464.2428
2025-03-18 20:00:00,291.0,333.40598
2025-03-18 21:00:00,229.0,247.02284
2025-03-18 22:00:00,201.0,170.69843
2025-03-18 23:00:00,147.0,109.47208
2025-03-19 00:00:00,64.0,79.358185
2025-03-19 01:00:00,39.0,60.24478
2025-03-19 02:00:00,20.0,64.50198
2025-03-19 03:00:00,16.0,92.12186
2025-03-19 04:00:00,36.0,141.23557
2025-03-19 05:00:00,112.0,208.43924
2025-03-19 06:00:00,282.0,288.74622
2025-03-19 07:00:00,448.0,449.48218
2025-03-19 08:00:00,517.0,539.93506
2025-03-19 09:00:00,538.0,625.6577
2025-03-19 10:00:00,508.0,701.38763
2025-03-19 11:00:00,573.0,761.5574
2025-03-19 12:00:00,511.0,802.302
2025-03-19 13:00:00,512.0,820.95306
2025-03-19 14:00:00,659.0,816.1675
2025-03-19 15:00:00,709.0,788.3495
2025-03-19 16:00:00,960.0,739.36774
2025-03-19 17:00:00,996.0,672.4283
2025-03-19 18:00:00,789.0,560.7425
2025-03-19 19:00:00,542.0,473.68472
2025-03-19 20:00:00,337.0,343.11206
2025-03-19 21:00:00,271.0,256.86102
2025-03-19 22:00:00,193.0,180.86685
2025-03-19 23:00:00,100.0,119.04605
2025-03-20 00:00:00,48.0,157.54398
2025-03-20 01:00:00,28.0,137.77011
2025-03-20 02:00:00,20.0,142.22546
2025-03-20 03:00:00,19.0,169.91138
2025-03-20 04:00:00,55.0,219.15729
2025-03-20 05:00:00,181.0,286.0307
2025-03-20 06:00:00,644.0,366.87653
2025-03-20 07:00:00,850.0,527.4734
2025-03-20 08:00:00,804.0,583.02954
2025-03-20 09:00:00,743.0,671.6879
2025-03-20 10:00:00,670.0,779.909
2025-03-20 11:00:00,725.0,839.479
2025-03-20 12:00:00,660.0,880.35583
2025-03-20 13:00:00,758.0,898.6106
2025-03-20 14:00:00,708.0,894.3534
2025-03-20 15:00:00,747.0,866.5354
2025-03-20 16:00:00,1041.0,817.55536
2025-03-20 17:00:00,1395.0,718.5888
2025-03-20 18:00:00,1036.0,639.1978
2025-03-20 19:00:00,648.0,550.9459
2025-03-20 20:00:00,372.0,420.57144
2025-03-20 21:00:00,254.0,334.5846
2025-03-20 22:00:00,250.0,258.19412
2025-03-20 23:00:00,174.0,197.23187
2025-03-21 00:00:00,100.0,193.24796
2025-03-21 01:00:00,38.0,173.73825
2025-03-21 02:00:00,24.0,178.1936
2025-03-21 03:00:00,32.0,205.48328
2025-03-21 04:00:00,70.0,254.72917
2025-03-21 05:00:00,157.0,322.3291
2025-03-21 06:00:00,552.0,402.71262
2025-03-21 07:00:00,652.0,531.15027
2025-03-21 08:00:00,721.0,621.47107
2025-03-21 09:00:00,641.0,707.4579
2025-03-21 10:00:00,705.0,783.2539
2025-03-21 11:00:00,731.0,844.2822
2025-03-21 12:00:00,760.0,885.5553
2025-03-21 13:00:00,790.0,904.73474
2025-03-21 14:00:00,785.0,934.9849
2025-03-21 15:00:00,952.0,868.66016
2025-03-21 16:00:00,1155.0,822.2908
2025-03-21 17:00:00,1326.0,755.6815
2025-03-21 18:00:00,1081.0,676.2227
2025-03-21 19:00:00,712.0,588.301
2025-03-21 20:00:00,430.0,457.00192
2025-03-21 21:00:00,316.0,370.35458
2025-03-21 22:00:00,282.0,293.23764
2025-03-21 23:00:00,216.0,231.68095
2025-03-22 00:00:00,135.0,90.43585
2025-03-22 01:00:00,78.0,69.539185
2025-03-22 02:00:00,44.0,74.32477
2025-03-22 03:00:00,38.0,101.08606
2025-03-22 04:00:00,55.0,150.92636
2025-03-22 05:00:00,135.0,218.79054
2025-03-22 06:00:00,287.0,300.16467
2025-03-22 07:00:00,495.0,464.2413
2025-03-22 08:00:00,719.0,551.47516
2025-03-22 09:00:00,726.0,639.5303
2025-03-22 10:00:00,792.0,716.12415
2025-03-22 11:00:00,861.0,741.4441
2025-03-22 12:00:00,775.0,816.75
2025-03-22 13:00:00,769.0,835.7956
2025-03-22 14:00:00,785.0,831.47235
2025-03-22 15:00:00,693.0,804.05066
2025-03-22 16:00:00,803.0,755.39905
2025-03-22 17:00:00,745.0,690.1942
2025-03-22 18:00:00,609.0,576.5114
2025-03-22 19:00:00,447.0,488.19693
2025-03-22 20:00:00,315.0,357.95453
2025-03-22 21:00:00,254.0,271.10907
2025-03-22 22:00:00,239.0,194.25629
2025-03-22 23:00:00,221.0,132.50146
2025-03-23 00:00:00,155.0,39.766846
2025-03-23 01:00:00,100.0,20.983673
2025-03-23 02:00:00,58.0,26.033447
2025-03-23 03:00:00,37.0,54.181732
2025-03-23 04:00:00,47.0,102.83316
2025-03-23 05:00:00,66.0,170.16888
2025-03-23 06:00:00,114.0,251.47705
2025-03-23 07:00:00,208.0,380.311
2025-03-23 08:00:00,342.0,471.2923
2025-03-23 09:00:00,520.0,558.33594
2025-03-23 10:00:00,629.0,633.049
2025-03-23 11:00:00,733.0,731.5169
2025-03-23 12:00:00,648.0,733.9459
2025-03-23 13:00:00,658.0,757.06573
2025-03-23 14:00:00,678.0,788.38135
2025-03-23 15:00:00,713.0,756.95496
2025-03-23 16:00:00,704.0,673.26953
2025-03-23 17:00:00,654.0,608.8051
2025-03-23 18:00:00,501.0,528.1575
2025-03-23 19:00:00,375.0,439.6414
2025-03-23 20:00:00,283.0,308.8045
2025-03-23 21:00:00,220.0,222.75166
2025-03-23 22:00:00,131.0,146.3612
2025-03-23 23:00:00,59.0,46.312653
2025-03-24 00:00:00,33.0,79.21182
2025-03-24 01:00:00,29.0,58.690063
2025-03-24 02:00:00,18.0,58.44635
2025-03-24 03:00:00,20.0,93.7005
2025-03-24 04:00:00,47.0,144.77237
2025-03-24 05:00:00,176.0,171.49493
2025-03-24 06:00:00,599.0,288.61035
2025-03-24 07:00:00,747.0,416.56436
2025-03-24 08:00:00,625.0,507.14935
2025-03-24 09:00:00,566.0,591.5927
2025-03-24 10:00:00,612.0,701.22
2025-03-24 11:00:00,652.0,762.8514
2025-03-24 12:00:00,617.0,806.66205
2025-03-24 13:00:00,637.0,791.2003
2025-03-24 14:00:00,579.0,786.4755
2025-03-24 15:00:00,696.0,760.5834
2025-03-24 16:00:00,991.0,709.19604
2025-03-24 17:00:00,1181.0,567.3268
2025-03-24 18:00:00,800.0,564.5429
2025-03-24 19:00:00,477.0,475.43237
2025-03-24 20:00:00,268.0,344.85974
2025-03-24 21:00:00,169.0,258.27847
2025-03-24 22:00:00,149.0,181.4917
2025-03-24 23:00:00,106.0,120.26535
2025-03-25 00:00:00,34.0,63.668518
2025-03-25 01:00:00,25.0,44.621185
2025-03-25 02:00:00,28.0,48.812347
2025-03-25 03:00:00,13.0,76.49829
2025-03-25 04:00:00,39.0,125.67816
2025-03-25 05:00:00,156.0,192.88177
2025-03-25 06:00:00,581.0,273.46338
2025-03-25 07:00:00,797.0,402.09924
2025-03-25 08:00:00,684.0,416.69116
2025-03-25 09:00:00,195.0,529.8933
2025-03-25 10:00:00,1000.0,656.7127
2025-03-25 11:00:00,688.0,718.55493
2025-03-25 12:00:00,597.0,758.0807
2025-03-25 13:00:00,607.0,810.9627
2025-03-25 14:00:00,534.0,805.0421
2025-03-25 15:00:00,710.0,745.19183
2025-03-25 16:00:00,988.0,697.2686
2025-03-25 17:00:00,1151.0,556.84393
2025-03-25 18:00:00,812.0,549.9457
2025-03-25 19:00:00,504.0,461.4296
2025-03-25 20:00:00,294.0,330.59274
2025-03-25 21:00:00,230.0,243.68127
2025-03-25 22:00:00,186.0,166.76242
2025-03-25 23:00:00,121.0,67.04413
2025-03-26 00:00:00,64.0,97.36713
2025-03-26 01:00:00,20.0,77.65927
2025-03-26 02:00:00,27.0,81.65231
2025-03-26 03:00:00,17.0,109.272156
2025-03-26 04:00:00,40.0,158.18774
2025-03-26 05:00:00,180.0,225.52351
2025-03-26 06:00:00,565.0,268.07556
2025-03-26 07:00:00,710.0,357.86795
2025-03-26 08:00:00,658.0,452.63333
2025-03-26 09:00:00,621.0,536.57465
2025-03-26 10:00:00,604.0,612.21716
2025-03-26 11:00:00,651.0,678.504
2025-03-26 12:00:00,637.0,792.6465
2025-03-26 13:00:00,691.0,740.1454
2025-03-26 14:00:00,657.0,748.5167
2025-03-26 15:00:00,790.0,703.05444
2025-03-26 16:00:00,963.0,656.09686
2025-03-26 17:00:00,1258.0,666.55884
2025-03-26 18:00:00,904.0,509.32367
2025-03-26 19:00:00,547.0,419.46527
2025-03-26 20:00:00,341.0,365.8317
2025-03-26 21:00:00,271.0,278.04022
2025-03-26 22:00:00,193.0,201.18744
2025-03-26 23:00:00,97.0,139.76285
2025-03-27 00:00:00,51.0,155.35214
2025-03-27 01:00:00,30.0,135.57828
2025-03-27 02:00:00,29.0,139.57129
2025-03-27 03:00:00,25.0,166.99304
2025-03-27 04:00:00,52.0,216.17288
2025-03-27 05:00:00,195.0,283.50867
2025-03-27 06:00:00,621.0,364.4205
2025-03-27 07:00:00,847.0,493.58472
2025-03-27 08:00:00,745.0,584.632
2025-03-27 09:00:00,740.0,671.3454
2025-03-27 10:00:00,646.0,747.6698
2025-03-27 11:00:00,708.0,808.89624
2025-03-27 12:00:00,741.0,848.83093
2025-03-27 13:00:00,773.0,903.6493
2025-03-27 14:00:00,748.0,864.3528
2025-03-27 15:00:00,820.0,838.00006
2025-03-27 16:00:00,1138.0,789.3485
2025-03-27 17:00:00,1340.0,722.4751
2025-03-27 18:00:00,1083.0,641.8935
2025-03-27 19:00:00,729.0,553.1132
2025-03-27 20:00:00,410.0,422.07825
2025-03-27 21:00:00,311.0,335.6291
2025-03-27 22:00:00,242.0,259.23865
2025-03-27 23:00:00,162.0,198.07822
2025-03-28 00:00:00,75.0,194.50433
2025-03-28 01:00:00,40.0,175.0607
2025-03-28 02:00:00,18.0,178.59137
2025-03-28 03:00:00,33.0,206.0792
2025-03-28 04:00:00,57.0,255.25903
2025-03-28 05:00:00,204.0,322.19852
2025-03-28 06:00:00,618.0,402.91223
2025-03-28 07:00:00,826.0,531.81226
2025-03-28 08:00:00,858.0,622.66144
2025-03-28 09:00:00,842.0,709.37476
2025-03-28 10:00:00,787.0,785.69916
2025-03-28 11:00:00,888.0,846.9917
2025-03-28 12:00:00,871.0,888.3308
2025-03-28 13:00:00,1002.0,908.03864
2025-03-28 14:00:00,949.0,903.6493
2025-03-28 15:00:00,1033.0,876.2276
2025-03-28 16:00:00,1348.0,862.0139
2025-03-28 17:00:00,1415.0,794.075
2025-03-28 18:00:00,1227.0,679.2624
2025-03-28 19:00:00,863.0,590.4161
2025-03-28 20:00:00,551.0,459.38113
2025-03-28 21:00:00,356.0,372.73383
2025-03-28 22:00:00,338.0,295.94708
2025-03-28 23:00:00,247.0,234.06015
2025-03-29 00:00:00,165.0,93.48953
2025-03-29 01:00:00,102.0,73.97986
2025-03-29 02:00:00,65.0,78.36914
2025-03-29 03:00:00,49.0,67.62927
2025-03-29 04:00:00,73.0,117.68912
2025-03-29 05:00:00,158.0,186.78482
2025-03-29 06:00:00,370.0,271.4807
2025-03-29 07:00:00,583.0,358.63318
2025-03-29 08:00:00,775.0,453.39856
2025-03-29 09:00:00,924.0,535.3817
2025-03-29 10:00:00,876.0,616.0187
2025-03-29 11:00:00,899.0,670.68896
2025-03-29 12:00:00,815.0,715.39453
2025-03-29 13:00:00,753.0,735.1684
2025-03-29 14:00:00,712.0,735.8395
2025-03-29 15:00:00,683.0,688.3928
2025-03-29 16:00:00,765.0,669.2265
2025-03-29 17:00:00,707.0,663.3418
2025-03-29 18:00:00,589.0,463.17374
2025-03-29 19:00:00,408.0,493.03387
2025-03-29 20:00:00,306.0,361.7347
2025-03-29 21:00:00,228.0,241.39172
2025-03-29 22:00:00,269.0,197.83835
2025-03-29 23:00:00,231.0,136.4798
2025-03-30 00:00:00,151.0,43.693268
2025-03-30 01:00:00,85.0,-54.337128
2025-03-30 02:00:00,0.0,27.978455
2025-03-30 03:00:00,61.0,55.92859
2025-03-30 04:00:00,68.0,105.76889
2025-03-30 05:00:00,89.0,172.57626
2025-03-30 06:00:00,169.0,253.22394
2025-03-30 07:00:00,360.0,417.6307
2025-03-30 08:00:00,498.0,504.20413
2025-03-30 09:00:00,598.0,590.32306
2025-03-30 10:00:00,662.0,666.3172
2025-03-30 11:00:00,785.0,726.7511
2025-03-30 12:00:00,661.0,768.2883
2025-03-30 13:00:00,742.0,788.0031
2025-03-30 14:00:00,708.0,749.44885
2025-03-30 15:00:00,714.0,721.8967
2025-03-30 16:00:00,670.0,674.05005
2025-03-30 17:00:00,679.0,607.84406
2025-03-30 18:00:00,526.0,527.3285
2025-03-30 19:00:00,411.0,438.87845
2025-03-30 20:00:00,347.0,308.50394
2025-03-30 21:00:00,242.0,221.79062
2025-03-30 22:00:00,175.0,145.3341
2025-03-30 23:00:00,98.0,84.4379
2025-03-31 00:00:00,56.0,77.51724
2025-03-31 01:00:00,39.0,57.875427
2025-03-31 02:00:00,18.0,62.06659
2025-03-31 03:00:00,25.0,89.8186
2025-03-31 04:00:00,55.0,138.93234
2025-03-31 05:00:00,191.0,206.3341
2025-03-31 06:00:00,579.0,287.44412
2025-03-31 07:00:00,733.0,416.47626
2025-03-31 08:00:00,618.0,507.25937
2025-03-31 09:00:00,578.0,593.7068
2025-03-31 10:00:00,618.0,669.3603
2025-03-31 11:00:00,682.0,613.12976
2025-03-31 12:00:00,569.0,773.391
2025-03-31 13:00:00,625.0,792.2993
2025-03-31 14:00:00,540.0,787.9048
2025-03-31 15:00:00,716.0,758.6841
2025-03-31 16:00:00,984.0,594.983
2025-03-31 17:00:00,1189.0,645.2311
2025-03-31 18:00:00,808.0,565.2474
2025-03-31 19:00:00,471.0,476.7313
2025-03-31 20:00:00,309.0,345.8284
2025-03-31 21:00:00,202.0,259.049
2025-03-31 22:00:00,140.0,182.59247
2025-03-31 23:00:00,71.0,121.96051
2025-04-01 00:00:00,39.0,98.6503
2025-04-01 01:00:00,25.0,78.8764
2025-04-01 02:00:00,12.0,83.0676
2025-04-01 03:00:00,21.0,110.81958
2025-04-01 04:00:00,60.0,160.26361
2025-04-01 05:00:00,165.0,227.73148
2025-04-01 06:00:00,614.0,303.82867
2025-04-01 07:00:00,732.0,468.90646
2025-04-01 08:00:00,666.0,559.09863
2025-04-01 09:00:00,589.0,494.8575
2025-04-01 10:00:00,609.0,723.1497
2025-04-01 11:00:00,599.0,631.2997
2025-04-01 12:00:00,616.0,791.2044
2025-04-01 13:00:00,641.0,686.3952
2025-04-01 14:00:00,538.0,840.16296
2025-04-01 15:00:00,700.0,811.6045
2025-04-01 16:00:00,964.0,604.12683
2025-04-01 17:00:00,1224.0,696.2117
2025-04-01 18:00:00,877.0,581.8579
2025-04-01 19:00:00,511.0,495.68484
2025-04-01 20:00:00,323.0,364.7159
2025-04-01 21:00:00,191.0,278.33282
2025-04-01 22:00:00,174.0,201.81027
2025-04-01 23:00:00,74.0,62.39337
2025-04-02 00:00:00,37.0,54.701447
2025-04-02 01:00:00,27.0,113.778534
2025-04-02 02:00:00,16.0,117.903656
2025-04-02 03:00:00,27.0,145.65561
2025-04-02 04:00:00,59.0,118.09964
2025-04-02 05:00:00,196.0,261.90698
2025-04-02 06:00:00,574.0,339.20703
2025-04-02 07:00:00,743.0,502.35547
2025-04-02 08:00:00,635.0,433.71796
2025-04-02 09:00:00,597.0,520.2992
2025-04-02 10:00:00,582.0,754.7893
2025-04-02 11:00:00,632.0,815.15717
2025-04-02 12:00:00,602.0,857.49915
2025-04-02 13:00:00,718.0,874.9492
2025-04-02 14:00:00,673.0,869.96545
2025-04-02 15:00:00,766.0,842.0814
2025-04-02 16:00:00,1042.0,792.83545
2025-04-02 17:00:00,1273.0,725.7639
2025-04-02 18:00:00,891.0,611.60486
2025-04-02 19:00:00,547.0,526.16174
2025-04-02 20:00:00,379.0,395.8533
2025-04-02 21:00:00,282.0,309.8004
2025-04-02 22:00:00,180.0,233.80623
2025-04-02 23:00:00,110.0,172.71188
2025-04-03 00:00:00,43.0,181.94751
2025-04-03 01:00:00,23.0,162.63596
2025-04-03 02:00:00,16.0,167.09131
2025-04-03 03:00:00,34.0,194.5791
2025-04-03 04:00:00,56.0,243.69292
2025-04-03 05:00:00,192.0,311.2268
2025-04-03 06:00:00,588.0,309.80975
2025-04-03 07:00:00,813.0,552.2036
2025-04-03 08:00:00,711.0,485.74725
2025-04-03 09:00:00,622.0,728.6433
2025-04-03 10:00:00,713.0,804.5055
2025-04-03 11:00:00,712.0,864.93933
2025-04-03 12:00:00,649.0,905.9482
2025-04-03 13:00:00,721.0,924.5332
2025-04-03 14:00:00,669.0,919.2853
2025-04-03 15:00:00,805.0,891.071
2025-04-03 16:00:00,1144.0,842.48553
2025-04-03 17:00:00,1372.0,776.07446
2025-04-03 18:00:00,992.0,660.98364
2025-04-03 19:00:00,673.0,576.4061
2025-04-03 20:00:00,467.0,446.1638
2025-04-03 21:00:00,290.0,359.51645
2025-04-03 22:00:00,186.0,283.12607
2025-04-03 23:00:00,140.0,222.16379
2025-04-04 00:00:00,48.0,225.2377
2025-04-04 01:00:00,31.0,205.8601
2025-04-04 02:00:00,20.0,210.64572
2025-04-04 03:00:00,29.0,238.33163
2025-04-04 04:00:00,86.0,287.64362
2025-04-04 05:00:00,192.0,355.30954
2025-04-04 06:00:00,640.0,351.95108
2025-04-04 07:00:00,832.0,437.12997
2025-04-04 08:00:00,889.0,686.277
2025-04-04 09:00:00,950.0,771.99963
2025-04-04 10:00:00,920.0,847.3333
2025-04-04 11:00:00,934.0,908.0314
2025-04-04 12:00:00,879.0,949.0403
2025-04-04 13:00:00,925.0,967.6913
2025-04-04 14:00:00,853.0,962.70764
2025-04-04 15:00:00,987.0,934.88965
2025-04-04 16:00:00,1260.0,885.9739
2025-04-04 17:00:00,1279.0,818.9684
2025-04-04 18:00:00,1070.0,585.09814
2025-04-04 19:00:00,749.0,619.69635
2025-04-04 20:00:00,590.0,489.78424
2025-04-04 21:00:00,416.0,402.9388
2025-04-04 22:00:00,335.0,326.8125
2025-04-04 23:00:00,246.0,266.11444
2025-04-05 00:00:00,177.0,126.15347
2025-04-05 01:00:00,85.0,106.90799
2025-04-05 02:00:00,69.0,111.36334
2025-04-05 03:00:00,59.0,138.98325
2025-04-05 04:00:00,120.0,188.2952
2025-04-05 05:00:00,264.0,256.09326
2025-04-05 06:00:00,455.0,253.98949
2025-04-05 07:00:00,656.0,496.2115
2025-04-05 08:00:00,867.0,586.3341
2025-04-05 09:00:00,975.0,672.6512
2025-04-05 10:00:00,928.0,748.3151
2025-04-05 11:00:00,985.0,808.81506
2025-04-05 12:00:00,847.0,849.62573
2025-04-05 13:00:00,819.0,868.40894
2025-04-05 14:00:00,761.0,863.82153
2025-04-05 15:00:00,746.0,836.33374
2025-04-05 16:00:00,807.0,787.352
2025-04-05 17:00:00,822.0,720.68195
2025-04-05 18:00:00,627.0,489.08862
2025-04-05 19:00:00,500.0,521.27264
2025-04-05 20:00:00,315.0,390.9642
2025-04-05 21:00:00,297.0,304.64713
2025-04-05 22:00:00,255.0,227.99248
2025-04-05 23:00:00,180.0,167.42651
2025-04-06 00:00:00,169.0,73.79672
2025-04-06 01:00:00,110.0,54.74939
2025-04-06 02:00:00,63.0,59.534943
2025-04-06 03:00:00,61.0,9.294647
2025-04-06 04:00:00,83.0,137.52359
2025-04-06 05:00:00,112.0,205.65189
2025-04-06 06:00:00,204.0,281.478
2025-04-06 07:00:00,369.0,447.55338
2025-04-06 08:00:00,468.0,537.9402
2025-04-06 09:00:00,610.0,624.4554
2025-04-06 10:00:00,690.0,700.1194
2025-04-06 11:00:00,900.0,761.2798
2025-04-06 12:00:00,705.0,802.88306
2025-04-06 13:00:00,757.0,821.99646
2025-04-06 14:00:00,704.0,817.80524
2025-04-06 15:00:00,703.0,790.25146
2025-04-06 16:00:00,697.0,741.53394
2025-04-06 17:00:00,721.0,675.1228
2025-04-06 18:00:00,568.0,440.92062
2025-04-06 19:00:00,423.0,475.38852
2025-04-06 20:00:00,327.0,344.81586
2025-04-06 21:00:00,229.0,258.43277
2025-04-06 22:00:00,143.0,182.37256
2025-04-06 23:00:00,77.0,121.74054
2025-04-07 00:00:00,52.0,114.9014
2025-04-07 01:00:00,30.0,95.920074
2025-04-07 02:00:00,24.0,99.97916
2025-04-07 03:00:00,25.0,127.99536
2025-04-07 04:00:00,59.0,177.17517
2025-04-07 05:00:00,198.0,244.24672
2025-04-07 06:00:00,642.0,240.02089
2025-04-07 07:00:00,769.0,484.82733
2025-04-07 08:00:00,649.0,416.58606
2025-04-07 09:00:00,693.0,661.1349
2025-04-07 10:00:00,685.0,737.1291
2025-04-07 11:00:00,719.0,797.4969
2025-04-07 12:00:00,624.0,838.17554
2025-04-07 13:00:00,656.0,857.2229
2025-04-07 14:00:00,625.0,852.3052
2025-04-07 15:00:00,730.0,824.42114
2025-04-07 16:00:00,1005.0,775.57153
2025-04-07 17:00:00,1210.0,708.9623
2025-04-07 18:00:00,832.0,474.95996
2025-04-07 19:00:00,547.0,509.42615
2025-04-07 20:00:00,313.0,379.2498
2025-04-07 21:00:00,199.0,292.53644
2025-04-07 22:00:00,127.0,216.60829
2025-04-07 23:00:00,57.0,76.927216
2025-04-08 00:00:00,24.0,98.74924
2025-04-08 01:00:00,23.0,79.63583
2025-04-08 02:00:00,20.0,83.95911
2025-04-08 03:00:00,9.0,111.64505
2025-04-08 04:00:00,53.0,160.89096
2025-04-08 05:00:00,193.0,228.2267
2025-04-08 06:00:00,591.0,301.8558
2025-04-08 07:00:00,812.0,309.7829
2025-04-08 08:00:00,631.0,558.92993
2025-04-08 09:00:00,650.0,644.91675
2025-04-08 10:00:00,639.0,720.84485
2025-04-08 11:00:00,652.0,781.08057
2025-04-08 12:00:00,643.0,822.35364
2025-04-08 13:00:00,666.0,841.00464
2025-04-08 14:00:00,685.0,836.4833
2025-04-08 15:00:00,711.0,808.59924
2025-04-08 16:00:00,969.0,759.61755
2025-04-08 17:00:00,1304.0,692.4139
2025-04-08 18:00:00,860.0,577.18756
2025-04-08 19:00:00,519.0,492.61353
2025-04-08 20:00:00,326.0,362.7674
2025-04-08 21:00:00,171.0,276.58246
2025-04-08 22:00:00,139.0,200.6543
2025-04-08 23:00:00,62.0,139.0976
2025-04-09 00:00:00,31.0,131.42154
2025-04-09 01:00:00,23.0,112.24213
2025-04-09 02:00:00,18.0,116.69748
2025-04-09 03:00:00,14.0,144.38339
2025-04-09 04:00:00,60.0,193.29907
2025-04-09 05:00:00,197.0,260.7669
2025-04-09 06:00:00,630.0,336.1359
2025-04-09 07:00:00,847.0,503.35675
2025-04-09 08:00:00,683.0,591.60223
2025-04-09 09:00:00,613.0,677.3248
2025-04-09 10:00:00,674.0,753.12085
2025-04-09 11:00:00,759.0,813.6868
2025-04-09 12:00:00,712.0,854.3654
2025-04-09 13:00:00,774.0,873.61096
2025-04-09 14:00:00,729.0,869.2217
2025-04-09 15:00:00,742.0,841.60175
2025-04-09 16:00:00,1043.0,792.62006
2025-04-09 17:00:00,1245.0,725.94476
2025-04-09 18:00:00,901.0,610.4508
2025-04-09 19:00:00,589.0,525.88025
2025-04-09 20:00:00,371.0,395.96808
2025-04-09 21:00:00,279.0,309.58496
2025-04-09 22:00:00,154.0,233.06241
2025-04-09 23:00:00,63.0,172.16623
2025-04-10 00:00:00,27.0,188.31476
2025-04-10 01:00:00,15.0,168.60693
2025-04-10 02:00:00,14.0,173.19437
2025-04-10 03:00:00,15.0,201.01239
2025-04-10 04:00:00,42.0,250.2583
2025-04-10 05:00:00,209.0,317.72614
2025-04-10 06:00:00,675.0,398.3738
2025-04-10 07:00:00,876.0,559.97876
2025-04-10 08:00:00,757.0,648.62744
2025-04-10 09:00:00,696.0,734.3501
2025-04-10 10:00:00,779.0,810.01404
2025-04-10 11:00:00,858.0,870.4479
2025-04-10 12:00:00,723.0,911.5228
2025-04-10 13:00:00,797.0,930.6362
2025-04-10 14:00:00,715.0,925.91675
2025-04-10 15:00:00,815.0,898.495
2025-04-10 16:00:00,1157.0,849.38116
2025-04-10 17:00:00,1271.0,782.44165
2025-04-10 18:00:00,1042.0,706.40344
2025-04-10 19:00:00,708.0,582.8395
2025-04-10 20:00:00,460.0,452.20078
2025-04-10 21:00:00,260.0,366.8744
2025-04-10 22:00:00,147.0,290.484
2025-04-10 23:00:00,78.0,229.65384
2025-04-11 00:00:00,48.0,225.45065
2025-04-11 01:00:00,16.0,206.46933
2025-04-11 02:00:00,15.0,210.92468
2025-04-11 03:00:00,12.0,238.67668
2025-04-11 04:00:00,46.0,287.92258
2025-04-11 05:00:00,250.0,355.52246
2025-04-11 06:00:00,581.0,428.02014
2025-04-11 07:00:00,809.0,595.50867
2025-04-11 08:00:00,768.0,685.5652
2025-04-11 09:00:00,834.0,771.28784
2025-04-11 10:00:00,810.0,846.8197
2025-04-11 11:00:00,917.0,907.12146
2025-04-11 12:00:00,900.0,948.1304
2025-04-11 13:00:00,934.0,967.04565
2025-04-11 14:00:00,846.0,962.4582
2025-04-11 15:00:00,983.0,934.50806
2025-04-11 16:00:00,1233.0,885.26215
2025-04-11 17:00:00,1400.0,818.2566
2025-04-11 18:00:00,1101.0,742.0829
2025-04-11 19:00:00,623.0,619.1828
2025-04-11 20:00:00,407.0,488.6762
2025-04-11 21:00:00,367.0,402.9536
2025-04-11 22:00:00,311.0,326.82727
2025-04-11 23:00:00,260.0,265.4688
2025-04-12 00:00:00,161.0,125.392
2025-04-12 01:00:00,110.0,105.94833
2025-04-12 02:00:00,116.0,110.46973
2025-04-12 03:00:00,121.0,138.61801
2025-04-12 04:00:00,191.0,188.06201
2025-04-12 05:00:00,352.0,255.66196
2025-04-12 06:00:00,552.0,329.29456
2025-04-12 07:00:00,712.0,495.44995
2025-04-12 08:00:00,815.0,585.8368
2025-04-12 09:00:00,860.0,671.55945
2025-04-12 10:00:00,918.0,747.4215
2025-04-12 11:00:00,989.0,807.7893
2025-04-12 12:00:00,1084.0,848.20374
2025-04-12 13:00:00,964.0,832.20844
2025-04-12 14:00:00,921.0,831.829
2025-04-12 15:00:00,761.0,804.5376
2025-04-12 16:00:00,752.0,755.2239
2025-04-12 17:00:00,758.0,721.7819
2025-04-12 18:00:00,623.0,643.4042
2025-04-12 19:00:00,497.0,520.77527
2025-04-12 20:00:00,372.0,390.00452
2025-04-12 21:00:00,312.0,303.48926
2025-04-12 22:00:00,252.0,226.90073
2025-04-12 23:00:00,222.0,165.74033
2025-04-13 00:00:00,176.0,72.523254
2025-04-13 01:00:00,119.0,53.54187
2025-04-13 02:00:00,62.0,57.27069
2025-04-13 03:00:00,61.0,84.824585
2025-04-13 04:00:00,106.0,133.67416
2025-04-13 05:00:00,156.0,201.00992
2025-04-13 06:00:00,244.0,281.5255
2025-04-13 07:00:00,287.0,409.5669
2025-04-13 08:00:00,366.0,500.74628
2025-04-13 09:00:00,607.0,587.8559
2025-04-13 10:00:00,709.0,664.37854
2025-04-13 11:00:00,764.0,725.405
2025-04-13 12:00:00,778.0,767.6045
2025-04-13 13:00:00,677.0,787.0481
2025-04-13 14:00:00,707.0,782.6588
2025-04-13 15:00:00,675.0,752.36395
2025-04-13 16:00:00,701.0,704.4547
2025-04-13 17:00:00,632.0,673.759
2025-04-13 18:00:00,592.0,557.46716
2025-04-13 19:00:00,420.0,470.35028
2025-04-13 20:00:00,322.0,339.4474
2025-04-13 21:00:00,231.0,252.66798
2025-04-13 22:00:00,131.0,176.07944
2025-04-13 23:00:00,92.0,114.78696
2025-04-14 00:00:00,36.0,107.56799
2025-04-14 01:00:00,36.0,88.12436
2025-04-14 02:00:00,33.0,54.55017
2025-04-14 03:00:00,36.0,120.66196
2025-04-14 04:00:00,61.0,169.64362
2025-04-14 05:00:00,232.0,201.52371
2025-04-14 06:00:00,630.0,318.77124
2025-04-14 07:00:00,725.0,447.60522
2025-04-14 08:00:00,625.0,534.83685
2025-04-14 09:00:00,675.0,655.4527
2025-04-14 10:00:00,811.0,731.579
2025-04-14 11:00:00,823.0,792.07886
2025-04-14 12:00:00,732.0,833.55005
2025-04-14 13:00:00,743.0,852.2012
2025-04-14 14:00:00,662.0,848.6166
2025-04-14 15:00:00,729.0,820.52747
2025-04-14 16:00:00,998.0,774.28674
2025-04-14 17:00:00,1196.0,671.84216
2025-04-14 18:00:00,828.0,592.32605
2025-04-14 19:00:00,559.0,504.33835
2025-04-14 20:00:00,364.0,374.02988
2025-04-14 21:00:00,200.0,287.77893
2025-04-14 22:00:00,156.0,211.12424
2025-04-14 23:00:00,71.0,149.76566
2025-04-15 00:00:00,57.0,93.08365
2025-04-15 01:00:00,42.0,73.44183
2025-04-15 02:00:00,16.0,77.83118
2025-04-15 03:00:00,22.0,105.18686
2025-04-15 04:00:00,78.0,154.30069
2025-04-15 05:00:00,181.0,220.77783
2025-04-15 06:00:00,595.0,301.95383
2025-04-15 07:00:00,742.0,430.7218
2025-04-15 08:00:00,680.0,521.3728
2025-04-15 09:00:00,640.0,608.0862
2025-04-15 10:00:00,657.0,683.54675
2025-04-15 11:00:00,717.0,743.30273
2025-04-15 12:00:00,650.0,783.5676
2025-04-15 13:00:00,741.0,838.3182
2025-04-15 14:00:00,658.0,833.8628
2025-04-15 15:00:00,739.0,805.70764
2025-04-15 16:00:00,975.0,756.46173
2025-04-15 17:00:00,1441.0,689.7899
2025-04-15 18:00:00,940.0,577.3116
2025-04-15 19:00:00,637.0,489.78796
2025-04-15 20:00:00,416.0,359.2153
2025-04-15 21:00:00,289.0,273.0964
2025-04-15 22:00:00,206.0,196.57385
2025-04-15 23:00:00,112.0,134.48877
2025-04-16 00:00:00,57.0,127.02762
2025-04-16 01:00:00,41.0,107.848175
2025-04-16 02:00:00,43.0,112.17145
2025-04-16 03:00:00,60.0,139.9234
2025-04-16 04:00:00,133.0,189.23529
2025-04-16 05:00:00,277.0,256.5693
2025-04-16 06:00:00,683.0,330.86243
2025-04-16 07:00:00,817.0,497.48187
2025-04-16 08:00:00,695.0,588.94116
2025-04-16 09:00:00,785.0,674.5299
2025-04-16 10:00:00,783.0,753.531
2025-04-16 11:00:00,840.0,814.35767
2025-04-16 12:00:00,821.0,821.0469
2025-04-16 13:00:00,824.0,841.94885
2025-04-16 14:00:00,748.0,838.8805
2025-04-16 15:00:00,855.0,812.2512
2025-04-16 16:00:00,1046.0,764.1282
2025-04-16 17:00:00,1082.0,696.9245
2025-04-16 18:00:00,926.0,616.2108
2025-04-16 19:00:00,766.0,527.3645
2025-04-16 20:00:00,574.0,361.13806
2025-04-16 21:00:00,393.0,272.66473
2025-04-16 22:00:00,263.0,201.75229
2025-04-16 23:00:00,165.0,135.39944
2025-04-17 00:00:00,122.0,149.14438
2025-04-17 01:00:00,84.0,130.44864
2025-04-17 02:00:00,113.0,144.03403
2025-04-17 03:00:00,115.0,163.95358
2025-04-17 04:00:00,252.0,213.94737
2025-04-17 05:00:00,383.0,285.00116
2025-04-17 06:00:00,838.0,362.26105
2025-04-17 07:00:00,920.0,450.29343
2025-04-17 08:00:00,719.0,543.10065
2025-04-17 09:00:00,752.0,625.8978
2025-04-17 10:00:00,828.0,779.5576
2025-04-17 11:00:00,843.0,840.91614
2025-04-17 12:00:00,789.0,804.63434
2025-04-17 13:00:00,888.0,829.3365
2025-04-17 14:00:00,809.0,898.56445
2025-04-17 15:00:00,918.0,871.0106
2025-04-17 16:00:00,1180.0,822.2931
2025-04-17 17:00:00,1278.0,755.35364
2025-04-17 18:00:00,997.0,675.91614
2025-04-17 19:00:00,724.0,513.6507
2025-04-17 20:00:00,519.0,418.00534
2025-04-17 21:00:00,399.0,369.38757
2025-04-17 22:00:00,387.0,256.26523
2025-04-17 23:00:00,317.0,231.17627
2025-04-18 00:00:00,236.0,169.15652
2025-04-18 01:00:00,149.0,148.5687
2025-04-18 02:00:00,186.0,152.36359
2025-04-18 03:00:00,270.0,179.98343
2025-04-18 04:00:00,488.0,229.16335
2025-04-18 05:00:00,679.0,296.2349
2025-04-18 06:00:00,656.0,376.8827
2025-04-18 07:00:00,530.0,505.7167
2025-04-18 08:00:00,626.0,596.3016
2025-04-18 09:00:00,704.0,682.8168
2025-04-18 10:00:00,898.0,759.14136
2025-04-18 11:00:00,951.0,820.56586
2025-04-18 12:00:00,843.0,862.5654
2025-04-18 13:00:00,756.0,882.0751
2025-04-18 14:00:00,729.0,877.95
2025-04-18 15:00:00,602.0,850.6603
2025-04-18 16:00:00,554.0,797.33496
2025-04-18 17:00:00,560.0,770.3814
2025-04-18 18:00:00,398.0,651.8197
2025-04-18 19:00:00,332.0,566.1698
2025-04-18 20:00:00,273.0,435.33295
2025-04-18 21:00:00,257.0,348.75165
2025-04-18 22:00:00,194.0,272.229
2025-04-18 23:00:00,151.0,210.87057
2025-04-19 00:00:00,107.0,128.64426
2025-04-19 01:00:00,79.0,109.00247
2025-04-19 02:00:00,59.0,113.589935
2025-04-19 03:00:00,70.0,141.14377
2025-04-19 04:00:00,139.0,189.99335
2025-04-19 05:00:00,240.0,257.1292
2025-04-19 06:00:00,305.0,336.44897
2025-04-19 07:00:00,388.0,463.01474
2025-04-19 08:00:00,580.0,587.83417
2025-04-19 09:00:00,723.0,673.62286
2025-04-19 10:00:00,878.0,749.28687
2025-04-19 11:00:00,891.0,809.0602
2025-04-19 12:00:00,767.0,849.8048
2025-04-19 13:00:00,683.0,867.99365
2025-04-19 14:00:00,731.0,862.7457
2025-04-19 15:00:00,605.0,835.19183
2025-04-19 16:00:00,704.0,786.2101
2025-04-19 17:00:00,662.0,719.33844
2025-04-19 18:00:00,564.0,604.31726
2025-04-19 19:00:00,400.0,518.94196
2025-04-19 20:00:00,309.0,388.7656
2025-04-19 21:00:00,261.0,302.18433
2025-04-19 22:00:00,218.0,226.71855
2025-04-19 23:00:00,161.0,166.08655
2025-04-20 00:00:00,113.0,73.67914
2025-04-20 01:00:00,64.0,54.301514
2025-04-20 02:00:00,74.0,57.964294
2025-04-20 03:00:00,52.0,85.45212
2025-04-20 04:00:00,73.0,134.76404
2025-04-20 05:00:00,92.0,202.36398
2025-04-20 06:00:00,158.0,282.14432
2025-04-20 07:00:00,210.0,411.44583
2025-04-20 08:00:00,338.0,500.3622
2025-04-20 09:00:00,536.0,623.9242
2025-04-20 10:00:00,666.0,664.6758
2025-04-20 11:00:00,794.0,726.56274
2025-04-20 12:00:00,677.0,693.9348
2025-04-20 13:00:00,566.0,714.3905
2025-04-20 14:00:00,569.0,786.4566
2025-04-20 15:00:00,577.0,792.87305
2025-04-20 16:00:00,556.0,743.6255
2025-04-20 17:00:00,593.0,638.1757
2025-04-20 18:00:00,499.0,560.5402
2025-04-20 19:00:00,330.0,473.22342
2025-04-20 20:00:00,290.0,342.98102
2025-04-20 21:00:00,253.0,256.33368
2025-04-20 22:00:00,197.0,179.87723
2025-04-20 23:00:00,136.0,118.65082
2025-04-21 00:00:00,97.0,36.157104
2025-04-21 01:00:00,44.0,16.18512
2025-04-21 02:00:00,31.0,19.91394
2025-04-21 03:00:00,46.0,47.665955
2025-04-21 04:00:00,59.0,96.845795
2025-04-21 05:00:00,107.0,164.44574
2025-04-21 06:00:00,200.0,243.48912
2025-04-21 07:00:00,299.0,406.50195
2025-04-21 08:00:00,460.0,494.15823
2025-04-21 09:00:00,684.0,579.2882
2025-04-21 10:00:00,937.0,622.4453
2025-04-21 11:00:00,972.0,684.40704
2025-04-21 12:00:00,782.0,761.37634
2025-04-21 13:00:00,742.0,743.5786
2025-04-21 14:00:00,706.0,742.05884
2025-04-21 15:00:00,748.0,711.96735
2025-04-21 16:00:00,703.0,665.8575
2025-04-21 17:00:00,649.0,595.3752
2025-04-21 18:00:00,535.0,443.26752
2025-04-21 19:00:00,447.0,362.10364
2025-04-21 20:00:00,335.0,301.23206
2025-04-21 21:00:00,235.0,214.25453
2025-04-21 22:00:00,145.0,137.4678
2025-04-21 23:00:00,97.0,76.725006
2025-04-22 00:00:00,55.0,94.60431
2025-04-22 01:00:00,41.0,75.028564
2025-04-22 02:00:00,30.0,79.02161
2025-04-22 03:00:00,28.0,106.50943
2025-04-22 04:00:00,77.0,155.88742
2025-04-22 05:00:00,219.0,223.02504
2025-04-22 06:00:00,656.0,303.0678
2025-04-22 07:00:00,774.0,432.17468
2025-04-22 08:00:00,747.0,519.28516
2025-04-22 09:00:00,809.0,640.3755
2025-04-22 10:00:00,877.0,716.4357
2025-04-22 11:00:00,860.0,777.93335
2025-04-22 12:00:00,733.0,819.5383
2025-04-22 13:00:00,742.0,837.9826
2025-04-22 14:00:00,721.0,833.6593
2025-04-22 15:00:00,802.0,807.7793
2025-04-22 16:00:00,999.0,758.19794
2025-04-22 17:00:00,1221.0,657.0222
2025-04-22 18:00:00,812.0,577.9093
2025-04-22 19:00:00,452.0,490.25186
2025-04-22 20:00:00,317.0,360.27365
2025-04-22 21:00:00,193.0,273.82452
2025-04-22 22:00:00,189.0,197.43405
2025-04-22 23:00:00,95.0,136.0755
2025-04-23 00:00:00,52.0,127.90518
2025-04-23 01:00:00,36.0,108.72577
2025-04-23 02:00:00,26.0,112.85089
2025-04-23 03:00:00,24.0,141.06519
2025-04-23 04:00:00,51.0,190.31104
2025-04-23 05:00:00,196.0,255.84087
2025-04-23 06:00:00,626.0,329.0094
2025-04-23 07:00:00,781.0,497.5669
2025-04-23 08:00:00,629.0,587.8877
2025-04-23 09:00:00,694.0,674.07263
2025-04-23 10:00:00,753.0,749.7366
2025-04-23 11:00:00,781.0,810.3025
2025-04-23 12:00:00,761.0,851.77374
2025-04-23 13:00:00,768.0,871.6867
2025-04-23 14:00:00,706.0,868.7661
2025-04-23 15:00:00,788.0,807.5809
2025-04-23 16:00:00,957.0,760.38245
2025-04-23 17:00:00,1168.0,639.29785
2025-04-23 18:00:00,895.0,550.4002
2025-04-23 19:00:00,484.0,477.7024
2025-04-23 20:00:00,315.0,405.2901
2025-04-23 21:00:00,236.0,300.6022
2025-04-23 22:00:00,181.0,200.29684
2025-04-23 23:00:00,89.0,171.29169
2025-04-24 00:00:00,43.0,150.67657
2025-04-24 01:00:00,50.0,168.44855
2025-04-24 02:00:00,37.0,171.49554
2025-04-24 03:00:00,30.0,198.9173
2025-04-24 04:00:00,57.0,247.70087
2025-04-24 05:00:00,207.0,314.97052
2025-04-24 06:00:00,637.0,395.35403
2025-04-24 07:00:00,794.0,524.188
2025-04-24 08:00:00,676.0,615.78503
2025-04-24 09:00:00,777.0,701.35425
2025-04-24 10:00:00,811.0,777.5466
2025-04-24 11:00:00,833.0,838.64087
2025-04-24 12:00:00,713.0,880.24066
2025-04-24 13:00:00,775.0,900.018
2025-04-24 14:00:00,692.0,895.952
2025-04-24 15:00:00,818.0,869.26373
2025-04-24 16:00:00,1053.0,820.4142
2025-04-24 17:00:00,1241.0,753.5408
2025-04-24 18:00:00,949.0,672.95905
2025-04-24 19:00:00,588.0,584.37695
2025-04-24 20:00:00,402.0,457.73026
2025-04-24 21:00:00,260.0,367.4212
2025-04-24 22:00:00,230.0,290.56842
2025-04-24 23:00:00,132.0,230.02383
2025-04-25 00:00:00,67.0,192.22546
2025-04-25 01:00:00,55.0,167.7875
2025-04-25 02:00:00,35.0,171.9126
2025-04-25 03:00:00,51.0,205.95654
2025-04-25 04:00:00,82.0,264.46457
2025-04-25 05:00:00,213.0,318.48987
2025-04-25 06:00:00,625.0,398.1255
2025-04-25 07:00:00,765.0,563.2951
2025-04-25 08:00:00,720.0,575.7308
2025-04-25 09:00:00,781.0,739.7795
2025-04-25 10:00:00,888.0,756.3915
2025-04-25 11:00:00,880.0,833.81116
2025-04-25 12:00:00,791.0,855.08545
2025-04-25 13:00:00,860.0,936.42883
2025-04-25 14:00:00,809.0,934.5789
2025-04-25 15:00:00,915.0,903.4132
2025-04-25 16:00:00,1153.0,892.4133
2025-04-25 17:00:00,1229.0,822.6686
2025-04-25 18:00:00,955.0,707.58655
2025-04-25 19:00:00,688.0,621.7455
2025-04-25 20:00:00,535.0,491.63516
2025-04-25 21:00:00,411.0,404.98788
2025-04-25 22:00:00,315.0,328.46527
2025-04-25 23:00:00,248.0,266.64444
2025-04-26 00:00:00,185.0,125.87573
2025-04-26 01:00:00,104.0,106.16791
2025-04-26 02:00:00,97.0,110.22699
2025-04-26 03:00:00,121.0,137.97894
2025-04-26 04:00:00,186.0,186.56439
2025-04-26 05:00:00,321.0,253.96616
2025-04-26 06:00:00,462.0,334.21753
2025-04-26 07:00:00,673.0,462.9855
2025-04-26 08:00:00,819.0,550.76166
2025-04-26 09:00:00,947.0,637.1465
2025-04-26 10:00:00,896.0,714.6094
2025-04-26 11:00:00,819.0,776.17303
2025-04-26 12:00:00,775.0,815.6992
2025-04-26 13:00:00,702.0,873.4619
2025-04-26 14:00:00,783.0,869.2047
2025-04-26 15:00:00,752.0,802.6679
2025-04-26 16:00:00,746.0,754.49097
2025-04-26 17:00:00,779.0,689.8945
2025-04-26 18:00:00,691.0,609.64307
2025-04-26 19:00:00,487.0,521.52325
2025-04-26 20:00:00,350.0,390.68646
2025-04-26 21:00:00,272.0,304.56747
2025-04-26 22:00:00,264.0,228.5073
2025-04-26 23:00:00,199.0,167.0827
2025-04-27 00:00:00,162.0,74.36267
2025-04-27 01:00:00,92.0,55.051117
2025-04-27 02:00:00,92.0,59.17624
2025-04-27 03:00:00,75.0,86.39987
2025-04-27 04:00:00,121.0,135.05136
2025-04-27 05:00:00,147.0,202.32104
2025-04-27 06:00:00,276.0,283.16684
2025-04-27 07:00:00,326.0,412.06683
2025-04-27 08:00:00,587.0,502.98206
2025-04-27 09:00:00,759.0,589.4312
2025-04-27 10:00:00,831.0,699.1924
2025-04-27 11:00:00,899.0,758.1471
2025-04-27 12:00:00,681.0,799.28796
2025-04-27 13:00:00,647.0,818.53345
2025-04-27 14:00:00,725.0,814.9489
2025-04-27 15:00:00,629.0,787.1952
2025-04-27 16:00:00,722.0,737.27844
2025-04-27 17:00:00,674.0,673.0852
2025-04-27 18:00:00,539.0,554.39136
2025-04-27 19:00:00,468.0,469.54788
2025-04-27 20:00:00,383.0,338.84314
2025-04-27 21:00:00,264.0,252.394
2025-04-27 22:00:00,166.0,175.9375
2025-04-27 23:00:00,112.0,115.23944
2025-04-28 00:00:00,74.0,108.45172
2025-04-28 01:00:00,38.0,89.4704
2025-04-28 02:00:00,36.0,93.79367
2025-04-28 03:00:00,22.0,121.479614
2025-04-28 04:00:00,84.0,170.92361
2025-04-28 05:00:00,218.0,236.31963
2025-04-28 06:00:00,633.0,309.95224
2025-04-28 07:00:00,770.0,478.6418
2025-04-28 08:00:00,698.0,569.0286
2025-04-28 09:00:00,735.0,654.7512
2025-04-28 10:00:00,804.0,730.61334
2025-04-28 11:00:00,836.0,791.24536
2025-04-28 12:00:00,701.0,832.1881
2025-04-28 13:00:00,720.0,850.83923
2025-04-28 14:00:00,648.0,846.2518
2025-04-28 15:00:00,652.0,818.6319
2025-04-28 16:00:00,856.0,769.51807
2025-04-28 17:00:00,1112.0,705.24835
2025-04-28 18:00:00,766.0,625.6001
2025-04-28 19:00:00,418.0,503.04248
2025-04-28 20:00:00,293.0,372.5359
2025-04-28 21:00:00,239.0,286.87933
2025-04-28 22:00:00,180.0,210.42279
2025-04-28 23:00:00,95.0,149.19632
2025-04-29 00:00:00,53.0,92.81351
2025-04-29 01:00:00,29.0,73.17172
2025-04-29 02:00:00,19.0,77.8913
2025-04-29 03:00:00,26.0,105.77539
2025-04-29 04:00:00,62.0,155.21945
2025-04-29 05:00:00,188.0,218.94685
2025-04-29 06:00:00,584.0,293.71967
2025-04-29 07:00:00,719.0,462.34317
2025-04-29 08:00:00,688.0,552.3998
2025-04-29 09:00:00,692.0,638.7168
2025-04-29 10:00:00,793.0,714.3147
2025-04-29 11:00:00,688.0,774.68256
2025-04-29 12:00:00,707.0,815.42725
2025-04-29 13:00:00,664.0,834.2764
2025-04-29 14:00:00,670.0,829.755
2025-04-29 15:00:00,726.0,802.2673
2025-04-29 16:00:00,986.0,753.35333
2025-04-29 17:00:00,1178.0,688.0807
2025-04-29 18:00:00,884.0,608.0987
2025-04-29 19:00:00,577.0,486.4136
2025-04-29 20:00:00,401.0,356.30328
2025-04-29 21:00:00,261.0,270.38257
2025-04-29 22:00:00,217.0,194.58652
2025-04-29 23:00:00,90.0,134.08655
2025-04-30 00:00:00,58.0,127.05682
2025-04-30 01:00:00,50.0,107.15088
2025-04-30 02:00:00,36.0,111.87045
2025-04-30 03:00:00,40.0,139.55634
2025-04-30 04:00:00,64.0,188.80222
2025-04-30 05:00:00,208.0,252.72777
2025-04-30 06:00:00,681.0,327.36853
2025-04-30 07:00:00,738.0,496.05807
2025-04-30 08:00:00,695.0,586.3128
2025-04-30 09:00:00,711.0,672.16754
2025-04-30 10:00:00,778.0,747.96356
2025-04-30 11:00:00,802.0,808.0672
2025-04-30 12:00:00,800.0,849.40625
2025-04-30 13:00:00,825.0,868.18945
2025-04-30 14:00:00,763.0,863.4699
2025-04-30 15:00:00,841.0,835.9821
2025-04-30 16:00:00,1102.0,786.80225
2025-04-30 17:00:00,1369.0,719.8628
2025-04-30 18:00:00,1120.0,640.1398
2025-04-30 19:00:00,960.0,519.7131
2025-04-30 20:00:00,685.0,390.94287
2025-04-30 21:00:00,567.0,304.03137
2025-04-30 22:00:00,351.0,227.50882
2025-04-30 23:00:00,196.0,167.5373
2025-05-01 00:00:00,103.0,199.8789
2025-05-01 01:00:00,92.0,180.89758
2025-05-01 02:00:00,66.0,185.48502
2025-05-01 03:00:00,104.0,213.30305
2025-05-01 04:00:00,203.0,262.54895
2025-05-01 05:00:00,386.0,325.94266
2025-05-01 06:00:00,860.0,400.85107
2025-05-01 07:00:00,1102.0,569.54065
2025-05-01 08:00:00,1189.0,659.46515
2025-05-01 09:00:00,1162.0,745.2538
2025-05-01 10:00:00,1083.0,820.7196
2025-05-01 11:00:00,1024.0,881.48376
2025-05-01 12:00:00,993.0,922.36053
2025-05-01 13:00:00,981.0,941.1437
2025-05-01 14:00:00,898.0,936.7544
2025-05-01 15:00:00,785.0,909.1345
2025-05-01 16:00:00,967.0,860.0206
2025-05-01 17:00:00,1183.0,793.01514
2025-05-01 18:00:00,883.0,713.4242
2025-05-01 19:00:00,499.0,592.66724
2025-05-01 20:00:00,370.0,464.09515
2025-05-01 21:00:00,279.0,378.30646
2025-05-01 22:00:00,260.0,302.1142
2025-05-01 23:00:00,145.0,240.88773
2025-05-02 00:00:00,94.0,253.57986
2025-05-02 01:00:00,53.0,234.26833
2025-05-02 02:00:00,30.0,238.59158
2025-05-02 03:00:00,33.0,266.27753
2025-05-02 04:00:00,76.0,315.45737
2025-05-02 05:00:00,216.0,378.18713
2025-05-02 06:00:00,555.0,453.56134
2025-05-02 07:00:00,725.0,622.25085
2025-05-02 08:00:00,774.0,712.24146
2025-05-02 09:00:00,841.0,797.5017
2025-05-02 10:00:00,970.0,873.3639
2025-05-02 11:00:00,996.0,934.06195
2025-05-02 12:00:00,903.0,975.2029
2025-05-02 13:00:00,898.0,994.1842
2025-05-02 14:00:00,838.0,989.5968
2025-05-02 15:00:00,896.0,961.7787
2025-05-02 16:00:00,1078.0,912.86304
2025-05-02 17:00:00,1210.0,809.9527
2025-05-02 18:00:00,878.0,734.10565
2025-05-02 19:00:00,657.0,647.1139
2025-05-02 20:00:00,411.0,516.67334
2025-05-02 21:00:00,345.0,430.55444
2025-05-02 22:00:00,286.0,354.69232
2025-05-02 23:00:00,211.0,293.3338
2025-05-03 00:00:00,133.0,152.71506
2025-05-03 01:00:00,86.0,132.34677
2025-05-03 02:00:00,63.0,137.46265
2025-05-03 03:00:00,72.0,164.68619
2025-05-03 04:00:00,99.0,213.6679
2025-05-03 05:00:00,194.0,281.59808
2025-05-03 06:00:00,313.0,363.45593
2025-05-03 07:00:00,457.0,491.7402
2025-05-03 08:00:00,638.0,507.08
2025-05-03 09:00:00,769.0,669.9794
2025-05-03 10:00:00,845.0,745.62537
2025-05-03 11:00:00,779.0,806.58765
2025-05-03 12:00:00,650.0,848.12146
2025-05-03 13:00:00,577.0,866.76904
2025-05-03 14:00:00,561.0,862.451
2025-05-03 15:00:00,556.0,834.7633
2025-05-03 16:00:00,638.0,785.85504
2025-05-03 17:00:00,655.0,753.81177
2025-05-03 18:00:00,595.0,638.2587
2025-05-03 19:00:00,380.0,550.80634
2025-05-03 20:00:00,322.0,420.69608
2025-05-03 21:00:00,269.0,333.7185
2025-05-03 22:00:00,218.0,257.94385
2025-05-03 23:00:00,209.0,195.96951
2025-05-04 00:00:00,108.0,102.937164
2025-05-04 01:00:00,96.0,83.44885
2025-05-04 02:00:00,115.0,86.76004
2025-05-04 03:00:00,80.0,115.78827
2025-05-04 04:00:00,104.0,138.95139
2025-05-04 05:00:00,113.0,232.96434
2025-05-04 06:00:00,163.0,312.93015
2025-05-04 07:00:00,213.0,439.75836
2025-05-04 08:00:00,348.0,567.85767
2025-05-04 09:00:00,488.0,654.37286
2025-05-04 10:00:00,638.0,728.1614
2025-05-04 11:00:00,679.0,811.7005
2025-05-04 12:00:00,716.0,723.9408
2025-05-04 13:00:00,626.0,819.9059
2025-05-04 14:00:00,613.0,738.2919
2025-05-04 15:00:00,606.0,744.4435
2025-05-04 16:00:00,680.0,675.9254
2025-05-04 17:00:00,582.0,621.35034
2025-05-04 18:00:00,469.0,520.704
2025-05-04 19:00:00,367.0,429.08563
2025-05-04 20:00:00,288.0,339.9964
2025-05-04 21:00:00,226.0,259.02527
2025-05-04 22:00:00,158.0,176.14474
2025-05-04 23:00:00,77.0,110.936035
2025-05-05 00:00:00,67.0,143.40604
2025-05-05 01:00:00,30.0,86.416534
2025-05-05 02:00:00,34.0,97.22989
2025-05-05 03:00:00,26.0,137.1481
2025-05-05 04:00:00,59.0,188.15393
2025-05-05 05:00:00,189.0,258.32776
2025-05-05 06:00:00,557.0,329.77936
2025-05-05 07:00:00,706.0,417.74573
2025-05-05 08:00:00,569.0,508.727
2025-05-05 09:00:00,452.0,593.68036
2025-05-05 10:00:00,471.0,664.9891
2025-05-05 11:00:00,623.0,719.79144
2025-05-05 12:00:00,561.0,763.94727
2025-05-05 13:00:00,601.0,783.0393
2025-05-05 14:00:00,575.0,856.44775
2025-05-05 15:00:00,652.0,751.75665
2025-05-05 16:00:00,852.0,702.1591
2025-05-05 17:00:00,994.0,712.29083
2025-05-05 18:00:00,738.0,631.5111
2025-05-05 19:00:00,453.0,542.6648
2025-05-05 20:00:00,277.0,411.56375
2025-05-05 21:00:00,197.0,324.4541
2025-05-05 22:00:00,135.0,247.53525
2025-05-05 23:00:00,95.0,185.91254
2025-05-06 00:00:00,51.0,128.557
2025-05-06 01:00:00,30.0,109.795166
2025-05-06 02:00:00,22.0,112.77612
2025-05-06 03:00:00,27.0,106.8324
2025-05-06 04:00:00,50.0,153.98807
2025-05-06 05:00:00,178.0,228.826
2025-05-06 06:00:00,550.0,305.82166
2025-05-06 07:00:00,677.0,467.27322
2025-05-06 08:00:00,523.0,479.90704
2025-05-06 09:00:00,582.0,643.8897
2025-05-06 10:00:00,589.0,720.67645
2025-05-06 11:00:00,580.0,782.101
2025-05-06 12:00:00,558.0,824.03455
2025-05-06 13:00:00,624.0,843.5443
2025-05-06 14:00:00,624.0,839.4191
2025-05-06 15:00:00,667.0,811.8653
2025-05-06 16:00:00,923.0,762.75146
2025-05-06 17:00:00,1057.0,695.5478
2025-05-06 18:00:00,820.0,614.70197
2025-05-06 19:00:00,417.0,525.7896
2025-05-06 20:00:00,292.0,394.62256
2025-05-06 21:00:00,259.0,307.84314
2025-05-06 22:00:00,156.0,230.99039
2025-05-06 23:00:00,74.0,169.6979
2025-05-07 00:00:00,57.0,161.5633
2025-05-07 01:00:00,32.0,142.05365
2025-05-07 02:00:00,26.0,146.37686
2025-05-07 03:00:00,27.0,174.393
2025-05-07 04:00:00,48.0,222.84631
2025-05-07 05:00:00,175.0,289.7858
2025-05-07 06:00:00,560.0,370.30136
2025-05-07 07:00:00,681.0,499.00327
2025-05-07 08:00:00,631.0,589.5882
2025-05-07 09:00:00,587.0,675.63586
2025-05-07 10:00:00,568.0,752.55994
2025-05-07 11:00:00,610.0,813.91846
2025-05-07 12:00:00,553.0,855.9181
2025-05-07 13:00:00,667.0,875.4938
2025-05-07 14:00:00,597.0,795.5077
2025-05-07 15:00:00,664.0,845.8176
2025-05-07 16:00:00,862.0,796.2201
2025-05-07 17:00:00,1140.0,652.0113
2025-05-07 18:00:00,826.0,571.36365
2025-05-07 19:00:00,516.0,560.73267
2025-05-07 20:00:00,311.0,428.81772
2025-05-07 21:00:00,277.0,341.9723
2025-05-07 22:00:00,250.0,265.11948
2025-05-07 23:00:00,106.0,203.49677
2025-05-08 00:00:00,57.0,219.38506
2025-05-08 01:00:00,27.0,199.74329
2025-05-08 02:00:00,28.0,203.67026
2025-05-08 03:00:00,35.0,231.2241
2025-05-08 04:00:00,52.0,280.27185
2025-05-08 05:00:00,195.0,347.34344
2025-05-08 06:00:00,584.0,427.79297
2025-05-08 07:00:00,735.0,556.62695
2025-05-08 08:00:00,671.0,647.27795
2025-05-08 09:00:00,658.0,733.7931
2025-05-08 10:00:00,626.0,807.5764
2025-05-08 11:00:00,674.0,869.47906
2025-05-08 12:00:00,673.0,910.8182
2025-05-08 13:00:00,694.0,930.7954
2025-05-08 14:00:00,633.0,927.86957
2025-05-08 15:00:00,750.0,900.4479
2025-05-08 16:00:00,1025.0,851.46606
2025-05-08 17:00:00,1185.0,784.5266
2025-05-08 18:00:00,834.0,704.011
2025-05-08 19:00:00,640.0,615.49493
2025-05-08 20:00:00,360.0,484.98837
2025-05-08 21:00:00,300.0,398.47314
2025-05-08 22:00:00,246.0,321.8185
2025-05-08 23:00:00,140.0,260.65808
2025-05-09 00:00:00,87.0,256.85538
2025-05-09 01:00:00,44.0,237.34569
2025-05-09 02:00:00,30.0,241.93312
2025-05-09 03:00:00,37.0,269.35486
2025-05-09 04:00:00,76.0,318.27054
2025-05-09 05:00:00,195.0,385.54025
2025-05-09 06:00:00,549.0,467.06793
2025-05-09 07:00:00,634.0,516.7405
2025-05-09 08:00:00,679.0,612.584
2025-05-09 09:00:00,652.0,696.4592
2025-05-09 10:00:00,684.0,849.23914
2025-05-09 11:00:00,773.0,910.00146
2025-05-09 12:00:00,742.0,951.3406
2025-05-09 13:00:00,775.0,969.0513
2025-05-09 14:00:00,819.0,965.99866
2025-05-09 15:00:00,881.0,938.9749
2025-05-09 16:00:00,1160.0,889.99316
2025-05-09 17:00:00,1174.0,822.8555
2025-05-09 18:00:00,932.0,742.0097
2025-05-09 19:00:00,773.0,653.4901
2025-05-09 20:00:00,474.0,524.0438
2025-05-09 21:00:00,350.0,437.6607
2025-05-09 22:00:00,318.0,361.2702
2025-05-09 23:00:00,218.0,300.17587
2025-05-10 00:00:00,161.0,159.57504
2025-05-10 01:00:00,72.0,140.19748
2025-05-10 02:00:00,67.0,144.3887
2025-05-10 03:00:00,49.0,171.94247
2025-05-10 04:00:00,112.0,221.2544
2025-05-10 05:00:00,195.0,283.37927
2025-05-10 06:00:00,331.0,359.6886
2025-05-10 07:00:00,505.0,528.3782
2025-05-10 08:00:00,710.0,618.6329
2025-05-10 09:00:00,846.0,704.2895
2025-05-10 10:00:00,1020.0,780.1516
2025-05-10 11:00:00,954.0,840.8497
2025-05-10 12:00:00,811.0,881.8585
2025-05-10 13:00:00,769.0,900.7738
2025-05-10 14:00:00,706.0,896.0542
2025-05-10 15:00:00,709.0,868.5004
2025-05-10 16:00:00,767.0,819.32056
2025-05-10 17:00:00,764.0,752.1168
2025-05-10 18:00:00,683.0,671.73334
2025-05-10 19:00:00,496.0,549.2435
2025-05-10 20:00:00,357.0,422.27225
2025-05-10 21:00:00,287.0,335.75702
2025-05-10 22:00:00,257.0,259.10236
2025-05-10 23:00:00,203.0,198.27225
2025-05-11 00:00:00,150.0,106.31448
2025-05-11 01:00:00,108.0,87.13504
2025-05-11 02:00:00,80.0,91.26016
2025-05-11 03:00:00,100.0,118.946106
2025-05-11 04:00:00,97.0,167.86176
2025-05-11 05:00:00,120.0,232.39218
2025-05-11 06:00:00,169.0,308.56418
2025-05-11 07:00:00,239.0,475.57996
2025-05-11 08:00:00,469.0,565.7686
2025-05-11 09:00:00,741.0,651.6894
2025-05-11 10:00:00,905.0,727.35333
2025-05-11 11:00:00,981.0,787.9193
2025-05-11 12:00:00,765.0,828.664
2025-05-11 13:00:00,741.0,847.3811
2025-05-11 14:00:00,660.0,843.1239
2025-05-11 15:00:00,712.0,815.438
2025-05-11 16:00:00,730.0,766.922
2025-05-11 17:00:00,669.0,699.7149
2025-05-11 18:00:00,530.0,619.4635
2025-05-11 19:00:00,366.0,496.83286
2025-05-11 20:00:00,339.0,370.5968
2025-05-11 21:00:00,320.0,284.34583
2025-05-11 22:00:00,202.0,208.1535
2025-05-11 23:00:00,107.0,146.79495
2025-05-12 00:00:00,48.0,139.7128
2025-05-12 01:00:00,28.0,119.872894
2025-05-12 02:00:00,29.0,124.19617
2025-05-12 03:00:00,26.0,151.48578
2025-05-12 04:00:00,61.0,201.06186
2025-05-12 05:00:00,227.0,268.33157
2025-05-12 06:00:00,628.0,346.57544
2025-05-12 07:00:00,722.0,474.87582
2025-05-12 08:00:00,673.0,568.068
2025-05-12 09:00:00,657.0,653.98004
2025-05-12 10:00:00,643.0,729.16943
2025-05-12 11:00:00,681.0,787.5923
2025-05-12 12:00:00,635.0,831.67065
2025-05-12 13:00:00,643.0,884.34595
2025-05-12 14:00:00,566.0,882.83844
2025-05-12 15:00:00,671.0,820.30615
2025-05-12 16:00:00,908.0,714.9427
2025-05-12 17:00:00,1169.0,630.425
2025-05-12 18:00:00,763.0,562.9343
2025-05-12 19:00:00,468.0,474.88055
2025-05-12 20:00:00,287.0,388.89365
2025-05-12 21:00:00,205.0,290.6298
2025-05-12 22:00:00,141.0,246.46062
2025-05-12 23:00:00,66.0,146.61023
2025-05-13 00:00:00,39.0,127.50018
2025-05-13 01:00:00,27.0,107.92444
2025-05-13 02:00:00,18.0,111.23566
2025-05-13 03:00:00,29.0,138.52533
2025-05-13 04:00:00,47.0,187.83719
2025-05-13 05:00:00,179.0,254.77666
2025-05-13 06:00:00,597.0,333.76093
2025-05-13 07:00:00,735.0,463.66388
2025-05-13 08:00:00,607.0,589.7539
2025-05-13 09:00:00,546.0,672.0611
2025-05-13 10:00:00,601.0,748.51764
2025-05-13 11:00:00,666.0,811.225
2025-05-13 12:00:00,572.0,818.9935
2025-05-13 13:00:00,620.0,837.97314
2025-05-13 14:00:00,625.0,830.6394
2025-05-13 15:00:00,660.0,805.42334
2025-05-13 16:00:00,958.0,792.6211
2025-05-13 17:00:00,1245.0,688.70264
2025-05-13 18:00:00,839.0,609.85913
2025-05-13 19:00:00,498.0,521.47516
2025-05-13 20:00:00,328.0,391.0346
2025-05-13 21:00:00,222.0,305.17987
2025-05-13 22:00:00,189.0,229.25174
2025-05-13 23:00:00,93.0,168.09137
2025-05-14 00:00:00,56.0,160.50293
2025-05-14 01:00:00,30.0,140.92719
2025-05-14 02:00:00,23.0,145.31647
2025-05-14 03:00:00,20.0,173.00238
2025-05-14 04:00:00,64.0,222.18224
2025-05-14 05:00:00,192.0,282.77063
2025-05-14 06:00:00,617.0,360.48434
2025-05-14 07:00:00,718.0,529.0418
2025-05-14 08:00:00,667.0,619.6268
2025-05-14 09:00:00,640.0,705.1513
2025-05-14 10:00:00,646.0,780.94727
2025-05-14 11:00:00,689.0,841.6453
2025-05-14 12:00:00,670.0,883.1826
2025-05-14 13:00:00,692.0,902.16394
2025-05-14 14:00:00,628.0,897.90674
2025-05-14 15:00:00,703.0,870.2208
2025-05-14 16:00:00,979.0,821.239
2025-05-14 17:00:00,1231.0,754.43164
2025-05-14 18:00:00,872.0,674.04816
2025-05-14 19:00:00,704.0,551.421
2025-05-14 20:00:00,376.0,424.78522
2025-05-14 21:00:00,314.0,338.93048
2025-05-14 22:00:00,233.0,262.8042
2025-05-14 23:00:00,123.0,201.70987
2025-05-15 00:00:00,63.0,217.35176
2025-05-15 01:00:00,37.0,197.90814
2025-05-15 02:00:00,28.0,202.29742
2025-05-15 03:00:00,23.0,229.78523
2025-05-15 04:00:00,61.0,279.22925
2025-05-15 05:00:00,231.0,342.01807
2025-05-15 06:00:00,667.0,417.46533
2025-05-15 07:00:00,856.0,585.8907
2025-05-15 08:00:00,778.0,676.2114
2025-05-15 09:00:00,733.0,762.7301
2025-05-15 10:00:00,733.0,837.6676
2025-05-15 11:00:00,785.0,899.233
2025-05-15 12:00:00,711.0,942.3085
2025-05-15 13:00:00,768.0,961.28625
2025-05-15 14:00:00,694.0,955.02673
2025-05-15 15:00:00,826.0,895.3711
2025-05-15 16:00:00,1138.0,847.3853
2025-05-15 17:00:00,1269.0,781.2349
2025-05-15 18:00:00,1012.0,701.64746
2025-05-15 19:00:00,683.0,612.99927
2025-05-15 20:00:00,426.0,482.42667
2025-05-15 21:00:00,341.0,396.2417
2025-05-15 22:00:00,261.0,320.2475
2025-05-15 23:00:00,152.0,260.01178
2025-05-16 00:00:00,71.0,256.49097
2025-05-16 01:00:00,45.0,237.31151
2025-05-16 02:00:00,32.0,241.50266
2025-05-16 03:00:00,28.0,269.38675
2025-05-16 04:00:00,98.0,319.5573
2025-05-16 05:00:00,224.0,379.21408
2025-05-16 06:00:00,654.0,457.33105
2025-05-16 07:00:00,818.0,626.0206
2025-05-16 08:00:00,867.0,716.2092
2025-05-16 09:00:00,913.0,801.86584
2025-05-16 10:00:00,966.0,877.92615
2025-05-16 11:00:00,899.0,939.0205
2025-05-16 12:00:00,913.0,980.6238
2025-05-16 13:00:00,874.0,1000.00134
2025-05-16 14:00:00,915.0,995.8762
2025-05-16 15:00:00,1140.0,968.25635
2025-05-16 16:00:00,1630.0,919.2086
2025-05-16 17:00:00,994.0,855.74536
2025-05-16 18:00:00,811.0,740.4564
2025-05-16 19:00:00,750.0,652.0064
2025-05-16 20:00:00,460.0,520.9054
2025-05-16 21:00:00,446.0,434.7865
2025-05-16 22:00:00,323.0,357.93365
2025-05-16 23:00:00,256.0,296.77325
2025-05-17 00:00:00,159.0,156.85062
2025-05-17 01:00:00,92.0,137.20883
2025-05-17 02:00:00,58.0,141.33398
2025-05-17 03:00:00,66.0,168.95383
2025-05-17 04:00:00,150.0,218.06764
2025-05-17 05:00:00,262.0,285.13916
2025-05-17 06:00:00,474.0,365.4566
2025-05-17 07:00:00,581.0,527.4561
2025-05-17 08:00:00,880.0,616.43677
2025-05-17 09:00:00,1071.0,702.5558
2025-05-17 10:00:00,1123.0,778.21967
2025-05-17 11:00:00,1033.0,839.77985
2025-05-17 12:00:00,973.0,849.88446
2025-05-17 13:00:00,804.0,867.39185
2025-05-17 14:00:00,767.0,861.8623
2025-05-17 15:00:00,664.0,837.9133
2025-05-17 16:00:00,737.0,785.32153
2025-05-17 17:00:00,725.0,721.9921
2025-05-17 18:00:00,641.0,641.4105
2025-05-17 19:00:00,424.0,553.0925
2025-05-17 20:00:00,348.0,422.85016
2025-05-17 21:00:00,247.0,335.74054
2025-05-17 22:00:00,240.0,258.82166
2025-05-17 23:00:00,201.0,197.7934
2025-05-18 00:00:00,148.0,105.74255
2025-05-18 01:00:00,105.0,86.07941
2025-05-18 02:00:00,74.0,89.94034
2025-05-18 03:00:00,119.0,117.75833
2025-05-18 04:00:00,97.0,167.26843
2025-05-18 05:00:00,157.0,233.53004
2025-05-18 06:00:00,211.0,306.29706
2025-05-18 07:00:00,340.0,474.9206
2025-05-18 08:00:00,527.0,568.9835
2025-05-18 09:00:00,812.0,652.6256
2025-05-18 10:00:00,964.0,728.3504
2025-05-18 11:00:00,982.0,792.5282
2025-05-18 12:00:00,866.0,830.2572
2025-05-18 13:00:00,846.0,849.70605
2025-05-18 14:00:00,702.0,845.11334
2025-05-18 15:00:00,652.0,817.3614
2025-05-18 16:00:00,688.0,769.5807
2025-05-18 17:00:00,621.0,704.3794
2025-05-18 18:00:00,562.0,623.4623
2025-05-18 19:00:00,444.0,497.49445
2025-05-18 20:00:00,338.0,371.1263
2025-05-18 21:00:00,235.0,284.94135
2025-05-18 22:00:00,186.0,208.61691
2025-05-18 23:00:00,115.0,147.58862
2025-05-19 00:00:00,60.0,141.71286
2025-05-19 01:00:00,34.0,122.46738
2025-05-19 02:00:00,28.0,126.72455
2025-05-19 03:00:00,24.0,154.2124
2025-05-19 04:00:00,74.0,203.92056
2025-05-19 05:00:00,254.0,263.44177
2025-05-19 06:00:00,648.0,341.76038
2025-05-19 07:00:00,741.0,512.9233
2025-05-19 08:00:00,748.0,600.4405
2025-05-19 09:00:00,785.0,686.42725
2025-05-19 10:00:00,768.0,762.22327
2025-05-19 11:00:00,792.0,824.46484
2025-05-19 12:00:00,646.0,829.5636
2025-05-19 13:00:00,700.0,883.6467
2025-05-19 14:00:00,638.0,878.58826
2025-05-19 15:00:00,669.0,850.7042
2025-05-19 16:00:00,936.0,801.5243
2025-05-19 17:00:00,1110.0,702.092
2025-05-19 18:00:00,797.0,622.6384
2025-05-19 19:00:00,451.0,534.7185
2025-05-19 20:00:00,312.0,404.47614
2025-05-19 21:00:00,85.0,317.9609
2025-05-19 22:00:00,119.0,241.17413
2025-05-19 23:00:00,95.0,179.55142
2025-05-20 00:00:00,39.0,123.2879
2025-05-20 01:00:00,26.0,104.10849
2025-05-20 02:00:00,26.0,108.56384
2025-05-20 03:00:00,24.0,135.7214
2025-05-20 04:00:00,62.0,184.90121
2025-05-20 05:00:00,168.0,224.13004
2025-05-20 06:00:00,611.0,295.64764
2025-05-20 07:00:00,739.0,498.21786
2025-05-20 08:00:00,667.0,586.731
2025-05-20 09:00:00,590.0,673.5226
2025-05-20 10:00:00,614.0,747.0416
2025-05-20 11:00:00,647.0,808.2803
2025-05-20 12:00:00,651.0,852.4247
2025-05-20 13:00:00,611.0,836.49194
2025-05-20 14:00:00,586.0,832.9612
2025-05-20 15:00:00,700.0,741.07556
2025-05-20 16:00:00,964.0,688.0902
2025-05-20 17:00:00,1201.0,692.6778
2025-05-20 18:00:00,871.0,533.00085
2025-05-20 19:00:00,479.0,471.10568
2025-05-20 20:00:00,347.0,399.44128
2025-05-20 21:00:00,226.0,285.2931
2025-05-20 22:00:00,172.0,201.68604
2025-05-20 23:00:00,91.0,129.92117
2025-05-21 00:00:00,49.0,160.11554
2025-05-21 01:00:00,38.0,139.32965
2025-05-21 02:00:00,16.0,143.45471
2025-05-21 03:00:00,28.0,133.6608
2025-05-21 04:00:00,53.0,214.93953
2025-05-21 05:00:00,201.0,250.92429
2025-05-21 06:00:00,577.0,330.62592
2025-05-21 07:00:00,742.0,433.6627
2025-05-21 08:00:00,679.0,587.7889
2025-05-21 09:00:00,660.0,674.3701
2025-05-21 10:00:00,637.0,750.7606
2025-05-21 11:00:00,741.0,811.85315
2025-05-21 12:00:00,686.0,853.5886
2025-05-21 13:00:00,704.0,818.6461
2025-05-21 14:00:00,661.0,866.83875
2025-05-21 15:00:00,694.0,841.6853
2025-05-21 16:00:00,961.0,715.8948
2025-05-21 17:00:00,1173.0,726.09424
2025-05-21 18:00:00,884.0,589.6504
2025-05-21 19:00:00,577.0,480.4538
2025-05-21 20:00:00,370.0,408.0415
2025-05-21 21:00:00,239.0,332.41626
2025-05-21 22:00:00,203.0,237.0392
2025-05-21 23:00:00,119.0,173.7886
2025-05-22 00:00:00,53.0,181.0657
2025-05-22 01:00:00,19.0,199.51953
2025-05-22 02:00:00,41.0,202.5665
2025-05-22 03:00:00,37.0,229.92221
2025-05-22 04:00:00,61.0,279.10208
2025-05-22 05:00:00,227.0,347.05362
2025-05-22 06:00:00,594.0,394.33582
2025-05-22 07:00:00,787.0,487.97833
2025-05-22 08:00:00,731.0,587.93616
2025-05-22 09:00:00,671.0,665.65155
2025-05-22 10:00:00,710.0,741.3602
2025-05-22 11:00:00,757.0,797.0426
2025-05-22 12:00:00,701.0,837.8319
2025-05-22 13:00:00,765.0,934.8091
2025-05-22 14:00:00,671.0,866.2414
2025-05-22 15:00:00,793.0,835.1676
2025-05-22 16:00:00,1073.0,798.8145
2025-05-22 17:00:00,1268.0,710.66614
2025-05-22 18:00:00,996.0,706.82544
2025-05-22 19:00:00,707.0,616.83496
2025-05-22 20:00:00,466.0,485.86603
2025-05-22 21:00:00,317.0,399.15268
2025-05-22 22:00:00,251.0,322.63013
2025-05-22 23:00:00,147.0,261.07346
2025-05-23 00:00:00,103.0,257.4378
2025-05-23 01:00:00,53.0,237.79604
2025-05-23 02:00:00,49.0,241.65697
2025-05-23 03:00:00,56.0,269.01266
2025-05-23 04:00:00,109.0,317.86227
2025-05-23 05:00:00,257.0,385.06592
2025-05-23 06:00:00,660.0,465.31732
2025-05-23 07:00:00,798.0,594.21735
2025-05-23 08:00:00,828.0,684.7328
2025-05-23 09:00:00,910.0,806.28894
2025-05-23 10:00:00,992.0,845.2347
2025-05-23 11:00:00,996.0,905.72766
2025-05-23 12:00:00,829.0,949.401
2025-05-23 13:00:00,843.0,969.37646
2025-05-23 14:00:00,898.0,966.2491
2025-05-23 15:00:00,968.0,936.62866
2025-05-23 16:00:00,1136.0,922.0847
2025-05-23 17:00:00,1267.0,856.35156
2025-05-23 18:00:00,1067.0,739.328
2025-05-23 19:00:00,842.0,653.0853
2025-05-23 20:00:00,674.0,522.24854
2025-05-23 21:00:00,463.0,435.99753
2025-05-23 22:00:00,379.0,359.07867
2025-05-23 23:00:00,317.0,297.58804
2025-05-24 00:00:00,195.0,157.68253
2025-05-24 01:00:00,114.0,138.30496
2025-05-24 02:00:00,87.0,142.69427
2025-05-24 03:00:00,93.0,170.77646
2025-05-24 04:00:00,192.0,219.56003
2025-05-24 05:00:00,338.0,284.75964
2025-05-24 06:00:00,499.0,360.32678
2025-05-24 07:00:00,681.0,528.0134
2025-05-24 08:00:00,865.0,584.1658
2025-05-24 09:00:00,1041.0,704.58
2025-05-24 10:00:00,1069.0,780.37256
2025-05-24 11:00:00,962.0,843.0747
2025-05-24 12:00:00,860.0,883.0737
2025-05-24 13:00:00,814.0,901.91943
2025-05-24 14:00:00,707.0,897.9281
2025-05-24 15:00:00,757.0,870.7759
2025-05-24 16:00:00,774.0,787.4935
2025-05-24 17:00:00,794.0,721.4944
2025-05-24 18:00:00,669.0,641.648
2025-05-24 19:00:00,482.0,553.13196
2025-05-24 20:00:00,352.0,423.76953
2025-05-24 21:00:00,297.0,299.95123
2025-05-24 22:00:00,247.0,228.68724
2025-05-24 23:00:00,227.0,167.39474
2025-05-25 00:00:00,155.0,108.11069
2025-05-25 01:00:00,93.0,87.32474
2025-05-25 02:00:00,81.0,92.263794
2025-05-25 03:00:00,63.0,119.619446
2025-05-25 04:00:00,114.0,129.42746
2025-05-25 05:00:00,163.0,235.73877
2025-05-25 06:00:00,230.0,277.2127
2025-05-25 07:00:00,322.0,444.2744
2025-05-25 08:00:00,489.0,534.9254
2025-05-25 09:00:00,706.0,621.50665
2025-05-25 10:00:00,756.0,697.765
2025-05-25 11:00:00,743.0,758.99146
2025-05-25 12:00:00,675.0,800.1307
2025-05-25 13:00:00,677.0,819.5083
2025-05-25 14:00:00,632.0,814.9851
2025-05-25 15:00:00,657.0,787.16534
2025-05-25 16:00:00,656.0,660.50195
2025-05-25 17:00:00,649.0,671.57965
2025-05-25 18:00:00,532.0,590.79987
2025-05-25 19:00:00,374.0,502.34985
2025-05-25 20:00:00,309.0,371.97534
2025-05-25 21:00:00,222.0,285.19592
2025-05-25 22:00:00,159.0,208.40921
2025-05-25 23:00:00,122.0,112.408966
2025-05-26 00:00:00,69.0,103.11771
2025-05-26 01:00:00,30.0,82.86017
2025-05-26 02:00:00,38.0,124.81665
2025-05-26 03:00:00,36.0,152.23837
2025-05-26 04:00:00,74.0,162.92633
2025-05-26 05:00:00,244.0,267.96136
2025-05-26 06:00:00,636.0,348.54126
2025-05-26 07:00:00,713.0,478.65326
2025-05-26 08:00:00,690.0,568.0906
2025-05-26 09:00:00,703.0,655.13763
2025-05-26 10:00:00,764.0,688.90845
2025-05-26 11:00:00,765.0,715.99225
2025-05-26 12:00:00,698.0,836.4053
2025-05-26 13:00:00,752.0,855.84894
2025-05-26 14:00:00,570.0,852.0541
2025-05-26 15:00:00,776.0,824.5663
2025-05-26 16:00:00,968.0,775.1865
2025-05-26 17:00:00,1173.0,707.2511
2025-05-26 18:00:00,821.0,627.40125
2025-05-26 19:00:00,484.0,538.82086
2025-05-26 20:00:00,342.0,407.918
2025-05-26 21:00:00,226.0,321.20465
2025-05-26 22:00:00,163.0,244.48393
2025-05-26 23:00:00,99.0,182.99332
2025-05-27 00:00:00,57.0,125.75601
2025-05-27 01:00:00,27.0,106.1803
2025-05-27 02:00:00,24.0,110.70169
2025-05-27 03:00:00,29.0,138.25552
2025-05-27 04:00:00,77.0,187.23721
2025-05-27 05:00:00,202.0,253.91246
2025-05-27 06:00:00,644.0,334.56012
2025-05-27 07:00:00,756.0,464.40622
2025-05-27 08:00:00,635.0,554.3094
2025-05-27 09:00:00,704.0,640.7585
2025-05-27 10:00:00,703.0,716.81525
2025-05-27 11:00:00,725.0,774.9652
2025-05-27 12:00:00,630.0,817.036
2025-05-27 13:00:00,680.0,839.2207
2025-05-27 14:00:00,660.0,834.6993
2025-05-27 15:00:00,809.0,805.8801
2025-05-27 16:00:00,1080.0,758.1012
2025-05-27 17:00:00,1430.0,687.01624
2025-05-27 18:00:00,1064.0,609.3808
2025-05-27 19:00:00,735.0,522.5924
2025-05-27 20:00:00,479.0,392.08582
2025-05-27 21:00:00,373.0,305.7027
2025-05-27 22:00:00,250.0,229.31223
2025-05-27 23:00:00,130.0,168.08578
2025-05-28 00:00:00,88.0,159.80505
2025-05-28 01:00:00,44.0,140.2294
2025-05-28 02:00:00,52.0,144.09024
2025-05-28 03:00:00,64.0,171.578
2025-05-28 04:00:00,142.0,220.62575
2025-05-28 05:00:00,361.0,287.56525
2025-05-28 06:00:00,777.0,366.8172
2025-05-28 07:00:00,854.0,495.85455
2025-05-28 08:00:00,841.0,587.0374
2025-05-28 09:00:00,916.0,672.7601
2025-05-28 10:00:00,909.0,749.34863
2025-05-28 11:00:00,875.0,742.8107
2025-05-28 12:00:00,862.0,794.9972
2025-05-28 13:00:00,960.0,816.9933
2025-05-28 14:00:00,978.0,830.64465
2025-05-28 15:00:00,1054.0,819.70166
2025-05-28 16:00:00,1200.0,733.95685
2025-05-28 17:00:00,1447.0,664.9932
2025-05-28 18:00:00,1411.0,620.16254
2025-05-28 19:00:00,1167.0,558.31396
2025-05-28 20:00:00,1025.0,388.85318
2025-05-28 21:00:00,702.0,306.86993
2025-05-28 22:00:00,525.0,225.287
2025-05-28 23:00:00,347.0,204.60767
2025-05-29 00:00:00,278.0,131.62692
2025-05-29 01:00:00,216.0,140.55429
2025-05-29 02:00:00,239.0,144.67944
2025-05-29 03:00:00,405.0,171.22122
2025-05-29 04:00:00,592.0,220.00476
2025-05-29 05:00:00,816.0,287.0763
2025-05-29 06:00:00,805.0,367.526
2025-05-29 07:00:00,668.0,496.22797
2025-05-29 08:00:00,846.0,587.011
2025-05-29 09:00:00,1237.0,673.4567
2025-05-29 10:00:00,1489.0,746.8402
2025-05-29 11:00:00,1141.0,845.5149
2025-05-29 12:00:00,826.0,887.7857
2025-05-29 13:00:00,683.0,867.7196
2025-05-29 14:00:00,868.0,865.00415
2025-05-29 15:00:00,830.0,838.92426
2025-05-29 16:00:00,702.0,787.13367
2025-05-29 17:00:00,676.0,722.2035
2025-05-29 18:00:00,547.0,674.8499
2025-05-29 19:00:00,380.0,589.6032
2025-05-29 20:00:00,367.0,424.5893
2025-05-29 21:00:00,233.0,338.80054
2025-05-29 22:00:00,217.0,262.27795
2025-05-29 23:00:00,247.0,201.31567
2025-05-30 00:00:00,122.0,255.4647
2025-05-30 01:00:00,73.0,236.21921
2025-05-30 02:00:00,51.0,240.41037
2025-05-30 03:00:00,68.0,268.0963
2025-05-30 04:00:00,117.0,317.14407
2025-05-30 05:00:00,232.0,375.39642
2025-05-30 06:00:00,468.0,455.04993
2025-05-30 07:00:00,679.0,623.73944
2025-05-30 08:00:00,868.0,713.99414
2025-05-30 09:00:00,1117.0,799.45264
2025-05-30 10:00:00,1181.0,875.2488
2025-05-30 11:00:00,1170.0,935.41846
2025-05-30 12:00:00,971.0,977.0217
2025-05-30 13:00:00,906.0,996.00305
2025-05-30 14:00:00,874.0,991.2174
2025-05-30 15:00:00,804.0,963.3994
2025-05-30 16:00:00,824.0,914.2195
2025-05-30 17:00:00,869.0,847.01575
2025-05-30 18:00:00,717.0,766.50024
2025-05-30 19:00:00,555.0,680.7825
2025-05-30 20:00:00,401.0,517.63354
2025-05-30 21:00:00,328.0,431.84488
2025-05-30 22:00:00,260.0,356.4451
2025-05-30 23:00:00,189.0,295.48285
2025-05-31 00:00:00,154.0,155.26355
2025-05-31 01:00:00,112.0,135.7539
2025-05-31 02:00:00,74.0,139.87903
2025-05-31 03:00:00,94.0,167.96121
2025-05-31 04:00:00,155.0,217.07501
2025-05-31 05:00:00,226.0,275.32736
2025-05-31 06:00:00,323.0,354.78268
2025-05-31 07:00:00,537.0,523.0759
2025-05-31 08:00:00,733.0,613.0004
2025-05-31 09:00:00,1058.0,698.9873
2025-05-31 10:00:00,988.0,774.5852
2025-05-31 11:00:00,1081.0,835.2832
2025-05-31 12:00:00,838.0,876.16003
2025-05-31 13:00:00,776.0,895.0753
2025-05-31 14:00:00,724.0,890.61993
2025-05-31 15:00:00,708.0,863.1322
2025-05-31 16:00:00,633.0,814.1504
2025-05-31 17:00:00,608.0,747.0128
2025-05-31 18:00:00,538.0,666.8274
2025-05-31 19:00:00,404.0,544.20374
2025-05-31 20:00:00,327.0,417.63052
2025-05-31 21:00:00,246.0,331.1153
2025-05-31 22:00:00,222.0,235.08748
2025-05-31 23:00:00,278.0,165.83243
2025-06-01 00:00:00,209.0,126.38745
2025-06-01 01:00:00,108.0,68.517975
2025-06-01 02:00:00,68.0,109.92474
2025-06-01 03:00:00,70.0,137.61075
2025-06-01 04:00:00,93.0,187.12076
2025-06-01 05:00:00,135.0,253.79602
2025-06-01 06:00:00,216.0,334.37762
2025-06-01 07:00:00,259.0,462.4799
2025-06-01 08:00:00,425.0,588.97144
2025-06-01 09:00:00,623.0,671.41077
2025-06-01 10:00:00,700.0,746.74445
2025-06-01 11:00:00,798.0,807.2443
2025-06-01 12:00:00,677.0,849.52026
2025-06-01 13:00:00,722.0,869.50275
2025-06-01 14:00:00,691.0,864.71716
2025-06-01 15:00:00,605.0,800.1896
2025-06-01 16:00:00,640.0,787.4464
2025-06-01 17:00:00,520.0,722.6483
2025-06-01 18:00:00,476.0,608.218
2025-06-01 19:00:00,399.0,521.8155
2025-06-01 20:00:00,295.0,391.44098
2025-06-01 21:00:00,221.0,304.3313
2025-06-01 22:00:00,190.0,228.07295
2025-06-01 23:00:00,109.0,166.78049
2025-06-02 00:00:00,83.0,160.34348
2025-06-02 01:00:00,71.0,102.474
2025-06-02 02:00:00,54.0,145.15704
2025-06-02 03:00:00,55.0,172.77695
2025-06-02 04:00:00,94.0,222.57256
2025-06-02 05:00:00,252.0,252.89085
2025-06-02 06:00:00,585.0,338.0705
2025-06-02 07:00:00,753.0,425.1569
2025-06-02 08:00:00,698.0,590.5033
2025-06-02 09:00:00,804.0,674.40216
2025-06-02 10:00:00,1092.0,751.1298
2025-06-02 11:00:00,1122.0,813.4252
2025-06-02 12:00:00,1085.0,855.16064
2025-06-02 13:00:00,953.0,834.1426
2025-06-02 14:00:00,695.0,795.8927
2025-06-02 15:00:00,818.0,845.5225
2025-06-02 16:00:00,986.0,792.97424
2025-06-02 17:00:00,1209.0,730.3278
2025-06-02 18:00:00,858.0,648.6681
2025-06-02 19:00:00,537.0,559.8218
2025-06-02 20:00:00,307.0,428.85284
2025-06-02 21:00:00,223.0,307.69592
2025-06-02 22:00:00,124.0,238.47739
2025-06-02 23:00:00,73.0,174.08261
2025-06-03 00:00:00,51.0,112.263336
2025-06-03 01:00:00,23.0,127.131134
2025-06-03 02:00:00,19.0,131.12418
2025-06-03 03:00:00,19.0,158.612
2025-06-03 04:00:00,55.0,207.59372
2025-06-03 05:00:00,221.0,274.59924
2025-06-03 06:00:00,599.0,354.4456
2025-06-03 07:00:00,768.0,517.51404
2025-06-03 08:00:00,641.0,606.1611
2025-06-03 09:00:00,572.0,692.27997
2025-06-03 10:00:00,592.0,768.5418
2025-06-03 11:00:00,678.0,830.63904
2025-06-03 12:00:00,652.0,872.7794
2025-06-03 13:00:00,616.0,890.0886
2025-06-03 14:00:00,558.0,772.77673
2025-06-03 15:00:00,713.0,757.55115
2025-06-03 16:00:00,1027.0,778.9861
2025-06-03 17:00:00,1292.0,652.81433
2025-06-03 18:00:00,874.0,629.71643
2025-06-03 19:00:00,501.0,542.60645
2025-06-03 20:00:00,319.0,413.10275
2025-06-03 21:00:00,235.0,326.19128
2025-06-03 22:00:00,170.0,264.83624
2025-06-03 23:00:00,116.0,150.6983
2025-06-04 00:00:00,49.0,181.1235
2025-06-04 01:00:00,27.0,160.60175
2025-06-04 02:00:00,19.0,164.85895
2025-06-04 03:00:00,21.0,192.94116
2025-06-04 04:00:00,53.0,241.5926
2025-06-04 05:00:00,228.0,308.46252
2025-06-04 06:00:00,563.0,351.0181
2025-06-04 07:00:00,754.0,518.0798
2025-06-04 08:00:00,677.0,607.59406
2025-06-04 09:00:00,660.0,694.37866
2025-06-04 10:00:00,660.0,771.2402
2025-06-04 11:00:00,642.0,830.5321
2025-06-04 12:00:00,682.0,909.24994
2025-06-04 13:00:00,733.0,888.7077
2025-06-04 14:00:00,700.0,924.36865
2025-06-04 15:00:00,717.0,861.57043
2025-06-04 16:00:00,1026.0,813.1831
2025-06-04 17:00:00,1195.0,748.6392
2025-06-04 18:00:00,900.0,667.3793
2025-06-04 19:00:00,611.0,578.46686
2025-06-04 20:00:00,337.0,447.56403
2025-06-04 21:00:00,251.0,361.86273
2025-06-04 22:00:00,13.0,284.39417
2025-06-04 23:00:00,9.0,185.88605
2025-06-05 00:00:00,4.0,238.6613
2025-06-05 01:00:00,2.0,219.83344
2025-06-05 02:00:00,3.0,223.01254
2025-06-05 03:00:00,3.0,250.43428
2025-06-05 04:00:00,35.0,299.48203
2025-06-05 05:00:00,213.0,366.22333
2025-06-05 06:00:00,656.0,446.87103
2025-06-05 07:00:00,789.0,575.8371
2025-06-05 08:00:00,663.0,666.62024
2025-06-05 09:00:00,716.0,752.6001
2025-06-05 10:00:00,689.0,751.7729
2025-06-05 11:00:00,813.0,925.6577
2025-06-05 12:00:00,712.0,932.4825
2025-06-05 13:00:00,805.0,952.4597
2025-06-05 14:00:00,771.0,948.0635
2025-06-05 15:00:00,825.0,920.9685
2025-06-05 16:00:00,1143.0,872.5917
2025-06-05 17:00:00,1402.0,803.7854
2025-06-05 18:00:00,1106.0,724.4761
2025-06-05 19:00:00,726.0,635.96
2025-06-05 20:00:00,487.0,505.18924
2025-06-05 21:00:00,346.0,418.21167
2025-06-05 22:00:00,262.0,341.55704
2025-06-05 23:00:00,168.0,280.33063
2025-06-06 00:00:00,96.0,276.1988
2025-06-06 01:00:00,47.0,256.557
2025-06-06 02:00:00,38.0,260.74817
2025-06-06 03:00:00,59.0,288.03784
2025-06-06 04:00:00,157.0,336.88742
2025-06-06 05:00:00,360.0,404.15714
2025-06-06 06:00:00,749.0,484.73877
2025-06-06 07:00:00,927.0,609.63245
2025-06-06 08:00:00,833.0,735.46173
2025-06-06 09:00:00,964.0,786.74304
2025-06-06 10:00:00,881.0,864.14343
2025-06-06 11:00:00,927.0,925.8374
2025-06-06 12:00:00,888.0,969.2987
2025-06-06 13:00:00,917.0,987.67163
2025-06-06 14:00:00,908.0,1015.38586
2025-06-06 15:00:00,952.0,989.5737
2025-06-06 16:00:00,1246.0,941.3324
2025-06-06 17:00:00,1486.0,871.3825
2025-06-06 18:00:00,1354.0,758.76855
2025-06-06 19:00:00,1041.0,597.08484
2025-06-06 20:00:00,876.0,567.949
2025-06-06 21:00:00,653.0,457.15756
2025-06-06 22:00:00,600.0,379.42477
2025-06-06 23:00:00,532.0,303.2911
2025-06-07 00:00:00,468.0,138.90823
2025-06-07 01:00:00,421.0,157.62622
2025-06-07 02:00:00,360.0,123.3255
2025-06-07 03:00:00,467.0,178.18207
2025-06-07 04:00:00,583.0,220.67366
2025-06-07 05:00:00,824.0,281.58536
2025-06-07 06:00:00,847.0,351.69464
2025-06-07 07:00:00,977.0,440.607
2025-06-07 08:00:00,936.0,605.28424
2025-06-07 09:00:00,957.0,690.9982
2025-06-07 10:00:00,977.0,766.51965
2025-06-07 11:00:00,1093.0,829.75366
2025-06-07 12:00:00,1034.0,871.6228
2025-06-07 13:00:00,1013.0,865.56647
2025-06-07 14:00:00,1037.0,850.4192
2025-06-07 15:00:00,958.0,863.1736
2025-06-07 16:00:00,877.0,813.1798
2025-06-07 17:00:00,799.0,667.8928
2025-06-07 18:00:00,682.0,619.3441
2025-06-07 19:00:00,600.0,502.7327
2025-06-07 20:00:00,468.0,407.21945
2025-06-07 21:00:00,336.0,358.93192
2025-06-07 22:00:00,329.0,282.34332
2025-06-07 23:00:00,253.0,220.5885
2025-06-08 00:00:00,254.0,128.16876
2025-06-08 01:00:00,195.0,109.07672
2025-06-08 02:00:00,182.0,112.73956
2025-06-08 03:00:00,189.0,139.6329
2025-06-08 04:00:00,290.0,189.07693
2025-06-08 05:00:00,469.0,255.20245
2025-06-08 06:00:00,627.0,335.65195
2025-06-08 07:00:00,735.0,463.61514
2025-06-08 08:00:00,762.0,588.3703
2025-06-08 09:00:00,932.0,673.0813
2025-06-08 10:00:00,985.0,749.4718
2025-06-08 11:00:00,998.0,810.6339
2025-06-08 12:00:00,906.0,855.378
2025-06-08 13:00:00,866.0,876.6067
2025-06-08 14:00:00,790.0,838.63464
2025-06-08 15:00:00,716.0,844.4515
2025-06-08 16:00:00,672.0,793.47095
2025-06-08 17:00:00,709.0,727.13806
2025-06-08 18:00:00,519.0,645.2858
2025-06-08 19:00:00,406.0,524.807
2025-06-08 20:00:00,304.0,394.43253
2025-06-08 21:00:00,288.0,307.7852
2025-06-08 22:00:00,241.0,230.73428
2025-06-08 23:00:00,149.0,169.50784
2025-06-09 00:00:00,146.0,87.133606
2025-06-09 01:00:00,93.0,67.82211
2025-06-09 02:00:00,70.0,72.9379
2025-06-09 03:00:00,92.0,100.35968
2025-06-09 04:00:00,162.0,149.47342
2025-06-09 05:00:00,296.0,214.87813
2025-06-09 06:00:00,449.0,288.23782
2025-06-09 07:00:00,574.0,456.99347
2025-06-09 08:00:00,811.0,547.5784
2025-06-09 09:00:00,1185.0,633.69727
2025-06-09 10:00:00,1179.0,709.95575
2025-06-09 11:00:00,1194.0,770.852
2025-06-09 12:00:00,1026.0,812.1251
2025-06-09 13:00:00,824.0,831.3045
2025-06-09 14:00:00,711.0,826.5189
2025-06-09 15:00:00,658.0,798.76697
2025-06-09 16:00:00,615.0,749.6531
2025-06-09 17:00:00,569.0,682.7135
2025-06-09 18:00:00,506.0,602.1319
2025-06-09 19:00:00,391.0,480.70755
2025-06-09 20:00:00,356.0,352.86896
2025-06-09 21:00:00,272.0,266.61798
2025-06-09 22:00:00,168.0,190.8219
2025-06-09 23:00:00,114.0,129.72754
2025-06-10 00:00:00,50.0,149.13416
2025-06-10 01:00:00,43.0,129.49237
2025-06-10 02:00:00,38.0,133.68356
2025-06-10 03:00:00,46.0,161.43555
2025-06-10 04:00:00,113.0,210.54935
2025-06-10 05:00:00,304.0,271.60876
2025-06-10 06:00:00,663.0,348.6533
2025-06-10 07:00:00,841.0,517.3429
2025-06-10 08:00:00,767.0,607.0032
2025-06-10 09:00:00,872.0,692.92395
2025-06-10 10:00:00,901.0,768.91815
2025-06-10 11:00:00,862.0,829.5502
2025-06-10 12:00:00,698.0,871.29254
2025-06-10 13:00:00,738.0,890.1382
2025-06-10 14:00:00,648.0,887.5566
2025-06-10 15:00:00,755.0,823.0273
2025-06-10 16:00:00,968.0,809.4811
2025-06-10 17:00:00,1232.0,708.84766
2025-06-10 18:00:00,893.0,629.46533
2025-06-10 19:00:00,576.0,541.8096
2025-06-10 20:00:00,336.0,412.22766
2025-06-10 21:00:00,251.0,326.24084
2025-06-10 22:00:00,199.0,249.98248
2025-06-10 23:00:00,110.0,188.42581
2025-06-11 00:00:00,45.0,181.62888
2025-06-11 01:00:00,44.0,162.25125
2025-06-11 02:00:00,24.0,166.50848
2025-06-11 03:00:00,34.0,194.12833
2025-06-11 04:00:00,86.0,243.24214
2025-06-11 05:00:00,282.0,309.1909
2025-06-11 06:00:00,688.0,385.29163
2025-06-11 07:00:00,809.0,550.2338
2025-06-11 08:00:00,771.0,640.4885
2025-06-11 09:00:00,801.0,726.6074
2025-06-11 10:00:00,906.0,802.0072
2025-06-11 11:00:00,925.0,862.9695
2025-06-11 12:00:00,762.0,904.1765
2025-06-11 13:00:00,805.0,923.0918
2025-06-11 14:00:00,695.0,918.90063
2025-06-11 15:00:00,786.0,891.0826
2025-06-11 16:00:00,1033.0,842.0348
2025-06-11 17:00:00,1209.0,775.02924
2025-06-11 18:00:00,862.0,694.976
2025-06-11 19:00:00,614.0,571.4172
2025-06-11 20:00:00,397.0,445.58093
2025-06-11 21:00:00,282.0,359.46198
2025-06-11 22:00:00,236.0,283.33572
2025-06-11 23:00:00,137.0,221.51485
2025-06-12 00:00:00,48.0,237.41937
2025-06-12 01:00:00,53.0,218.57018
2025-06-12 02:00:00,36.0,222.76132
2025-06-12 03:00:00,48.0,250.6454
2025-06-12 04:00:00,90.0,299.8913
2025-06-12 05:00:00,259.0,360.21027
2025-06-12 06:00:00,659.0,438.72177
2025-06-12 07:00:00,927.0,607.6095
2025-06-12 08:00:00,867.0,697.79816
2025-06-12 09:00:00,865.0,783.65283
2025-06-12 10:00:00,903.0,859.71313
2025-06-12 11:00:00,894.0,920.147
2025-06-12 12:00:00,767.0,961.08984
2025-06-12 13:00:00,801.0,979.8729
2025-06-12 14:00:00,746.0,974.9553
2025-06-12 15:00:00,802.0,947.0712
2025-06-12 16:00:00,1121.0,897.89136
2025-06-12 17:00:00,1211.0,830.6877
2025-06-12 18:00:00,967.0,751.50525
2025-06-12 19:00:00,673.0,631.28186
2025-06-12 20:00:00,459.0,501.37146
2025-06-12 21:00:00,329.0,415.97906
2025-06-12 22:00:00,261.0,339.4565
2025-06-12 23:00:00,172.0,278.42822
2025-06-13 00:00:00,115.0,274.7732
2025-06-13 01:00:00,90.0,255.19745
2025-06-13 02:00:00,63.0,260.24722
2025-06-13 03:00:00,66.0,287.669
2025-06-13 04:00:00,117.0,336.71674
2025-06-13 05:00:00,323.0,398.24197
2025-06-13 06:00:00,745.0,475.0849
2025-06-13 07:00:00,887.0,643.5763
2025-06-13 08:00:00,829.0,733.6329
2025-06-13 09:00:00,837.0,819.3555
2025-06-13 10:00:00,873.0,895.2837
2025-06-13 11:00:00,903.0,955.7837
2025-06-13 12:00:00,826.0,996.8585
2025-06-13 13:00:00,866.0,1016.104
2025-06-13 14:00:00,826.0,1011.1864
2025-06-13 15:00:00,913.0,982.906
2025-06-13 16:00:00,1205.0,933.92426
2025-06-13 17:00:00,1342.0,866.9188
2025-06-13 18:00:00,1092.0,787.9344
2025-06-13 19:00:00,864.0,666.64905
2025-06-13 20:00:00,587.0,537.2722
2025-06-13 21:00:00,476.0,451.35147
2025-06-13 22:00:00,429.0,375.88568
2025-06-13 23:00:00,320.0,314.06482
2025-06-14 00:00:00,226.0,174.53574
2025-06-14 01:00:00,195.0,154.89398
2025-06-14 02:00:00,193.0,159.54745
2025-06-14 03:00:00,223.0,187.10129
2025-06-14 04:00:00,338.0,236.01694
2025-06-14 05:00:00,594.0,303.02246
2025-06-14 06:00:00,829.0,379.66205
2025-06-14 07:00:00,949.0,543.4049
2025-06-14 08:00:00,964.0,633.86475
2025-06-14 09:00:00,1294.0,719.3162
2025-06-14 10:00:00,1038.0,795.44244
2025-06-14 11:00:00,1141.0,855.87634
2025-06-14 12:00:00,1015.0,897.5457
2025-06-14 13:00:00,825.0,916.8572
2025-06-14 14:00:00,790.0,912.60004
2025-06-14 15:00:00,729.0,885.0497
2025-06-14 16:00:00,694.0,801.903
2025-06-14 17:00:00,681.0,736.16284
2025-06-14 18:00:00,630.0,655.357
2025-06-14 19:00:00,401.0,569.9851
2025-06-14 20:00:00,363.0,439.4125
2025-06-14 21:00:00,327.0,354.08615
2025-06-14 22:00:00,300.0,278.09195
2025-06-14 23:00:00,239.0,216.99763
2025-06-15 00:00:00,193.0,124.26175
2025-06-15 01:00:00,162.0,104.884186
2025-06-15 02:00:00,129.0,109.66977
2025-06-15 03:00:00,139.0,137.02548
2025-06-15 04:00:00,187.0,186.13925
2025-06-15 05:00:00,363.0,249.54163
2025-06-15 06:00:00,422.0,327.18408
2025-06-15 07:00:00,522.0,493.19867
2025-06-15 08:00:00,656.0,550.8215
2025-06-15 09:00:00,833.0,596.0306
2025-06-15 10:00:00,803.0,714.98206
2025-06-15 11:00:00,760.0,808.6405
2025-06-15 12:00:00,729.0,849.9136
2025-06-15 13:00:00,656.0,868.82886
2025-06-15 14:00:00,607.0,865.5832
2025-06-15 15:00:00,596.0,821.69794
2025-06-15 16:00:00,635.0,711.72595
2025-06-15 17:00:00,661.0,727.9951
2025-06-15 18:00:00,539.0,609.30475
2025-06-15 19:00:00,410.0,523.47235
2025-06-15 20:00:00,350.0,371.77008
2025-06-15 21:00:00,261.0,306.38797
2025-06-15 22:00:00,165.0,229.60124
2025-06-15 23:00:00,110.0,168.11063
2025-06-16 00:00:00,68.0,161.7687
2025-06-16 01:00:00,45.0,142.25903
2025-06-16 02:00:00,38.0,146.45016
2025-06-16 03:00:00,42.0,173.93802
2025-06-16 04:00:00,116.0,223.05177
2025-06-16 05:00:00,288.0,290.25543
2025-06-16 06:00:00,705.0,371.10126
2025-06-16 07:00:00,806.0,535.4368
2025-06-16 08:00:00,783.0,470.13818
2025-06-16 09:00:00,803.0,675.6988
2025-06-16 10:00:00,895.0,750.146
2025-06-16 11:00:00,819.0,850.29114
2025-06-16 12:00:00,723.0,891.095
2025-06-16 13:00:00,720.0,874.62854
2025-06-16 14:00:00,647.0,906.483
2025-06-16 15:00:00,765.0,877.7942
2025-06-16 16:00:00,1001.0,826.53723
2025-06-16 17:00:00,1169.0,759.13196
2025-06-16 18:00:00,856.0,678.8145
2025-06-16 19:00:00,537.0,593.7017
2025-06-16 20:00:00,350.0,428.4948
2025-06-16 21:00:00,245.0,342.17773
2025-06-16 22:00:00,177.0,265.7212
2025-06-16 23:00:00,98.0,204.89105
2025-06-17 00:00:00,64.0,148.42505
2025-06-17 01:00:00,46.0,128.91531
2025-06-17 02:00:00,20.0,132.90833
2025-06-17 03:00:00,24.0,160.39618
2025-06-17 04:00:00,83.0,209.70813
2025-06-17 05:00:00,252.0,273.77795
2025-06-17 06:00:00,666.0,348.0102
2025-06-17 07:00:00,823.0,516.7658
2025-06-17 08:00:00,760.0,606.9545
2025-06-17 09:00:00,681.0,692.8753
2025-06-17 10:00:00,799.0,768.8695
2025-06-17 11:00:00,813.0,829.6336
2025-06-17 12:00:00,709.0,871.17084
2025-06-17 13:00:00,674.0,890.41626
2025-06-17 14:00:00,652.0,885.8949
2025-06-17 15:00:00,732.0,858.14294
2025-06-17 16:00:00,955.0,809.16125
2025-06-17 17:00:00,1092.0,742.02356
2025-06-17 18:00:00,897.0,661.83826
2025-06-17 19:00:00,598.0,575.6565
2025-06-17 20:00:00,383.0,411.84875
2025-06-17 21:00:00,248.0,325.6638
2025-06-17 22:00:00,232.0,249.93382
2025-06-17 23:00:00,139.0,188.64136
2025-06-18 00:00:00,68.0,180.86719
2025-06-18 01:00:00,39.0,161.81982
2025-06-18 02:00:00,29.0,166.2091
2025-06-18 03:00:00,34.0,193.76294
2025-06-18 04:00:00,96.0,242.87672
2025-06-18 05:00:00,261.0,308.41177
2025-06-18 06:00:00,688.0,381.37698
2025-06-18 07:00:00,815.0,550.1986
2025-06-18 08:00:00,784.0,640.5194
2025-06-18 09:00:00,804.0,726.5062
2025-06-18 10:00:00,907.0,802.5004
2025-06-18 11:00:00,838.0,863.0664
2025-06-18 12:00:00,799.0,904.4715
2025-06-18 13:00:00,894.0,923.4529
2025-06-18 14:00:00,786.0,918.9975
2025-06-18 15:00:00,891.0,891.3115
2025-06-18 16:00:00,1084.0,842.19775
2025-06-18 17:00:00,1242.0,774.6638
2025-06-18 18:00:00,1015.0,694.6106
2025-06-18 19:00:00,777.0,607.96124
2025-06-18 20:00:00,548.0,444.81924
2025-06-18 21:00:00,451.0,358.96448
2025-06-18 22:00:00,367.0,283.10242
2025-06-18 23:00:00,234.0,222.07411
2025-06-19 00:00:00,173.0,141.79593
2025-06-19 01:00:00,97.0,122.286255
2025-06-19 02:00:00,98.0,126.74161
2025-06-19 03:00:00,113.0,154.16333
2025-06-19 04:00:00,200.0,203.47357
2025-06-19 05:00:00,361.0,261.85797
2025-06-19 06:00:00,593.0,341.64526
2025-06-19 07:00:00,719.0,510.599
2025-06-19 08:00:00,985.0,600.7217
2025-06-19 09:00:00,1128.0,686.2462
2025-06-19 10:00:00,1112.0,762.24036
2025-06-19 11:00:00,951.0,822.6742
2025-06-19 12:00:00,752.0,863.8152
2025-06-19 13:00:00,769.0,883.1267
2025-06-19 14:00:00,624.0,878.7374
2025-06-19 15:00:00,638.0,851.11755
2025-06-19 16:00:00,606.0,802.1358
2025-06-19 17:00:00,630.0,735.26245
2025-06-19 18:00:00,588.0,655.14307
2025-06-19 19:00:00,580.0,568.9543
2025-06-19 20:00:00,417.0,405.81406
2025-06-19 21:00:00,321.0,319.62906
2025-06-19 22:00:00,254.0,243.50282
2025-06-19 23:00:00,155.0,182.40848
2025-06-20 00:00:00,99.0,275.2928
2025-06-20 01:00:00,66.0,255.91519
2025-06-20 02:00:00,56.0,260.3045
2025-06-20 03:00:00,66.0,288.0565
2025-06-20 04:00:00,127.0,336.57587
2025-06-20 05:00:00,278.0,395.95624
2025-06-20 06:00:00,533.0,475.4724
2025-06-20 07:00:00,740.0,644.42615
2025-06-20 08:00:00,902.0,735.07715
2025-06-20 09:00:00,1063.0,820.9979
2025-06-20 10:00:00,1067.0,896.92615
2025-06-20 11:00:00,961.0,957.36
2025-06-20 12:00:00,851.0,998.501
2025-06-20 13:00:00,889.0,1017.8125
2025-06-20 14:00:00,839.0,1013.5553
2025-06-20 15:00:00,880.0,985.7373
2025-06-20 16:00:00,944.0,937.01965
2025-06-20 17:00:00,989.0,870.0142
2025-06-20 18:00:00,966.0,790.093
2025-06-20 19:00:00,735.0,705.38165
2025-06-20 20:00:00,516.0,540.4337
2025-06-20 21:00:00,390.0,453.7204
2025-06-20 22:00:00,333.0,377.59412
2025-06-20 23:00:00,185.0,317.42444
2025-06-21 00:00:00,203.0,177.18173
2025-06-21 01:00:00,134.0,157.3418
2025-06-21 02:00:00,99.0,161.46692
2025-06-21 03:00:00,116.0,190.01147
2025-06-21 04:00:00,193.0,238.9932
2025-06-21 05:00:00,345.0,299.4477
2025-06-21 06:00:00,546.0,377.62555
2025-06-21 07:00:00,803.0,546.249
2025-06-21 08:00:00,1040.0,636.76794
2025-06-21 09:00:00,1111.0,722.75476
2025-06-21 10:00:00,1120.0,798.7489
2025-06-21 11:00:00,1046.0,858.98474
2025-06-21 12:00:00,888.0,900.522
2025-06-21 13:00:00,789.0,919.76746
2025-06-21 14:00:00,692.0,915.11395
2025-06-21 15:00:00,620.0,887.42804
2025-06-21 16:00:00,714.0,838.1821
2025-06-21 17:00:00,613.0,773.11633
2025-06-21 18:00:00,593.0,655.9573
2025-06-21 19:00:00,414.0,568.90985
2025-06-21 20:00:00,306.0,440.6715
2025-06-21 21:00:00,275.0,355.47723
2025-06-21 22:00:00,251.0,279.41702
2025-06-21 23:00:00,238.0,218.65291
2025-06-22 00:00:00,183.0,126.45807
2025-06-22 01:00:00,95.0,106.48602
2025-06-22 02:00:00,70.0,111.40369
2025-06-22 03:00:00,76.0,139.02365
2025-06-22 04:00:00,141.0,188.13739
2025-06-22 05:00:00,289.0,246.78778
2025-06-22 06:00:00,378.0,326.1753
2025-06-22 07:00:00,624.0,494.9309
2025-06-22 08:00:00,805.0,585.18567
2025-06-22 09:00:00,1052.0,671.2385
2025-06-22 10:00:00,1056.0,746.8364
2025-06-22 11:00:00,1059.0,807.07214
2025-06-22 12:00:00,862.0,848.41125
2025-06-22 13:00:00,772.0,867.3926
2025-06-22 14:00:00,740.0,862.93726
2025-06-22 15:00:00,738.0,835.0531
2025-06-22 16:00:00,671.0,786.0054
2025-06-22 17:00:00,647.0,718.6696
2025-06-22 18:00:00,508.0,637.9559
2025-06-22 19:00:00,471.0,551.96704
2025-06-22 20:00:00,383.0,388.95712
2025-06-22 21:00:00,310.0,302.64
2025-06-22 22:00:00,223.0,227.04214
2025-06-22 23:00:00,172.0,166.01385
2025-06-23 00:00:00,80.0,155.28925
2025-06-23 01:00:00,52.0,135.51538
2025-06-23 02:00:00,45.0,139.04608
2025-06-23 03:00:00,45.0,166.07153
2025-06-23 04:00:00,110.0,215.84578
2025-06-23 05:00:00,289.0,281.7789
2025-06-23 06:00:00,673.0,355.27594
2025-06-23 07:00:00,791.0,523.36584
2025-06-23 08:00:00,709.0,578.85596
2025-06-23 09:00:00,772.0,698.94867
2025-06-23 10:00:00,808.0,776.4776
2025-06-23 11:00:00,747.0,802.9325
2025-06-23 12:00:00,703.0,807.7013
2025-06-23 13:00:00,615.0,903.7328
2025-06-23 14:00:00,628.0,861.83044
2025-06-23 15:00:00,704.0,759.9986
2025-06-23 16:00:00,960.0,709.0019
2025-06-23 17:00:00,1193.0,720.54895
2025-06-23 18:00:00,819.0,673.93933
2025-06-23 19:00:00,503.0,547.9872
2025-06-23 20:00:00,287.0,421.48694
2025-06-23 21:00:00,217.0,335.56616
2025-06-23 22:00:00,178.0,258.84546
2025-06-23 23:00:00,96.0,197.48694
2025-06-24 00:00:00,38.0,145.36221
2025-06-24 01:00:00,26.0,126.31482
2025-06-24 02:00:00,19.0,130.70413
2025-06-24 03:00:00,21.0,158.85245
2025-06-24 04:00:00,78.0,208.2287
2025-06-24 05:00:00,230.0,266.80954
2025-06-24 06:00:00,674.0,346.46646
2025-06-24 07:00:00,851.0,515.22205
2025-06-24 08:00:00,727.0,605.4768
2025-06-24 09:00:00,758.0,691.72784
2025-06-24 10:00:00,822.0,767.7881
2025-06-24 11:00:00,766.0,828.4201
2025-06-24 12:00:00,657.0,869.56104
2025-06-24 13:00:00,648.0,888.87256
2025-06-24 14:00:00,608.0,884.153
2025-06-24 15:00:00,712.0,856.4011
2025-06-24 16:00:00,973.0,807.2212
2025-06-24 17:00:00,1152.0,740.5459
2025-06-24 18:00:00,856.0,660.2945
2025-06-24 19:00:00,594.0,574.18054
2025-06-24 20:00:00,308.0,410.5692
2025-06-24 21:00:00,227.0,324.84656
2025-06-24 22:00:00,223.0,248.52219
2025-06-24 23:00:00,104.0,187.626
2025-06-25 00:00:00,45.0,180.39218
2025-06-25 01:00:00,24.0,160.8825
2025-06-25 02:00:00,19.0,165.13968
2025-06-25 03:00:00,19.0,193.2219
2025-06-25 04:00:00,55.0,241.93767
2025-06-25 05:00:00,247.0,300.05792
2025-06-25 06:00:00,704.0,379.84525
2025-06-25 07:00:00,811.0,548.6669
2025-06-25 08:00:00,767.0,638.8556
2025-06-25 09:00:00,781.0,724.90845
2025-06-25 10:00:00,774.0,800.83655
2025-06-25 11:00:00,797.0,861.33655
2025-06-25 12:00:00,743.0,902.74164
2025-06-25 13:00:00,749.0,921.92114
2025-06-25 14:00:00,753.0,917.26764
2025-06-25 15:00:00,739.0,889.1194
2025-06-25 16:00:00,980.0,840.1376
2025-06-25 17:00:00,1288.0,772.93396
2025-06-25 18:00:00,887.0,692.6165
2025-06-25 19:00:00,600.0,609.5668
2025-06-25 20:00:00,368.0,443.68378
2025-06-25 21:00:00,315.0,357.96112
2025-06-25 22:00:00,249.0,281.57068
2025-06-25 23:00:00,117.0,220.34422
2025-06-26 00:00:00,66.0,236.80215
2025-06-26 01:00:00,32.0,216.89618
2025-06-26 02:00:00,32.0,219.96455
2025-06-26 03:00:00,34.0,219.89514
2025-06-26 04:00:00,103.0,298.28333
2025-06-26 05:00:00,262.0,365.28888
2025-06-26 06:00:00,614.0,445.60632
2025-06-26 07:00:00,813.0,497.171
2025-06-26 08:00:00,763.0,665.7518
2025-06-26 09:00:00,700.0,787.84326
2025-06-26 10:00:00,669.0,861.23035
2025-06-26 11:00:00,838.0,921.3966
2025-06-26 12:00:00,709.0,930.6286
2025-06-26 13:00:00,722.0,889.1729
2025-06-26 14:00:00,645.0,881.7046
2025-06-26 15:00:00,744.0,844.82263
2025-06-26 16:00:00,1000.0,810.4276
2025-06-26 17:00:00,1273.0,842.20764
2025-06-26 18:00:00,1057.0,761.03156
2025-06-26 19:00:00,654.0,635.9485
2025-06-26 20:00:00,425.0,505.64178
2025-06-26 21:00:00,337.0,419.3247
2025-06-26 22:00:00,303.0,342.20773
2025-06-26 23:00:00,146.0,281.4436
2025-06-27 00:00:00,93.0,277.61505
2025-06-27 01:00:00,53.0,257.90723
2025-06-27 02:00:00,33.0,262.0984
2025-06-27 03:00:00,33.0,289.5862
2025-06-27 04:00:00,119.0,338.63394
2025-06-27 05:00:00,296.0,399.76117
2025-06-27 06:00:00,647.0,482.2895
2025-06-27 07:00:00,813.0,648.7716
2025-06-27 08:00:00,826.0,736.0837
2025-06-27 09:00:00,872.0,821.7351
2025-06-27 10:00:00,1037.0,864.8279
2025-06-27 11:00:00,1040.0,926.52893
2025-06-27 12:00:00,990.0,1003.30176
2025-06-27 13:00:00,1033.0,986.0393
2025-06-27 14:00:00,947.0,1015.48303
2025-06-27 15:00:00,962.0,988.6644
2025-06-27 16:00:00,1178.0,939.41846
2025-06-27 17:00:00,1242.0,837.31116
2025-06-27 18:00:00,1183.0,757.197
2025-06-27 19:00:00,856.0,703.91656
2025-06-27 20:00:00,632.0,540.44434
2025-06-27 21:00:00,502.0,453.92917
2025-06-27 22:00:00,471.0,377.2745
2025-06-27 23:00:00,354.0,316.2462
2025-06-28 00:00:00,259.0,176.08084
2025-06-28 01:00:00,196.0,157.16559
2025-06-28 02:00:00,115.0,161.81906
2025-06-28 03:00:00,151.0,189.63708
2025-06-28 04:00:00,185.0,238.6188
2025-06-28 05:00:00,326.0,299.41052
2025-06-28 06:00:00,621.0,377.9221
2025-06-28 07:00:00,786.0,545.8086
2025-06-28 08:00:00,975.0,636.19543
2025-06-28 09:00:00,1192.0,722.0502
2025-06-28 10:00:00,1167.0,798.3085
2025-06-28 11:00:00,1159.0,859.07263
2025-06-28 12:00:00,959.0,900.808
2025-06-28 13:00:00,883.0,919.5912
2025-06-28 14:00:00,784.0,915.0698
2025-06-28 15:00:00,687.0,887.1857
2025-06-28 16:00:00,742.0,838.27
2025-06-28 17:00:00,631.0,771.06635
2025-06-28 18:00:00,622.0,690.55084
2025-06-28 19:00:00,484.0,603.96576
2025-06-28 20:00:00,332.0,441.35388
2025-06-28 21:00:00,271.0,355.23495
2025-06-28 22:00:00,255.0,278.77844
2025-06-28 23:00:00,286.0,217.61806
2025-06-29 00:00:00,205.0,122.891846
2025-06-29 01:00:00,131.0,103.64633
2025-06-29 02:00:00,76.0,107.903534
2025-06-29 03:00:00,91.0,135.39136
2025-06-29 04:00:00,136.0,184.90143
2025-06-29 05:00:00,261.0,243.484
2025-06-29 06:00:00,405.0,323.0714
2025-06-29 07:00:00,567.0,491.76096
2025-06-29 08:00:00,801.0,582.0818
2025-06-29 09:00:00,973.0,668.13464
2025-06-29 10:00:00,938.0,743.9967
2025-06-29 11:00:00,966.0,804.82684
2025-06-29 12:00:00,809.0,845.7036
2025-06-29 13:00:00,764.0,864.55286
2025-06-29 14:00:00,703.0,859.8333
2025-06-29 15:00:00,644.0,832.2794
2025-06-29 16:00:00,611.0,782.9675
2025-06-29 17:00:00,645.0,716.0941
2025-06-29 18:00:00,543.0,636.23895
2025-06-29 19:00:00,515.0,549.3845
2025-06-29 20:00:00,409.0,387.1081
2025-06-29 21:00:00,317.0,300.98914
2025-06-29 22:00:00,216.0,223.93823
2025-06-29 23:00:00,127.0,162.64578
2025-06-30 00:00:00,84.0,159.06766
2025-06-30 01:00:00,40.0,140.08636
2025-06-30 02:00:00,39.0,144.80591
2025-06-30 03:00:00,49.0,172.02954
2025-06-30 04:00:00,116.0,220.87909
2025-06-30 05:00:00,288.0,288.08276
2025-06-30 06:00:00,652.0,368.86252
2025-06-30 07:00:00,803.0,497.43234
2025-06-30 08:00:00,179.0,621.51306
2025-06-30 09:00:00,736.0,706.09375
2025-06-30 10:00:00,832.0,782.0879
2025-06-30 11:00:00,862.0,842.85205
2025-06-30 12:00:00,784.0,884.2572
2025-06-30 13:00:00,703.0,903.8451
2025-06-30 14:00:00,648.0,863.5492
2025-06-30 15:00:00,723.0,839.33777
2025-06-30 16:00:00,971.0,791.1486
2025-06-30 17:00:00,1276.0,724.60547
2025-06-30 18:00:00,862.0,644.88245
2025-06-30 19:00:00,494.0,556.0205
2025-06-30 20:00:00,362.0,426.91656
2025-06-30 21:00:00,247.0,340.73157
2025-06-30 22:00:00,228.0,264.209
2025-06-30 23:00:00,124.0,202.91653
2025-07-01 00:00:00,78.0,151.8367
2025-07-01 01:00:00,40.0,132.26105
2025-07-01 02:00:00,35.0,136.3862
2025-07-01 03:00:00,38.0,164.46832
2025-07-01 04:00:00,95.0,213.71423
2025-07-01 05:00:00,266.0,276.44745
2025-07-01 06:00:00,641.0,359.57367
2025-07-01 07:00:00,773.0,488.34164
2025-07-01 08:00:00,707.0,577.5222
2025-07-01 09:00:00,702.0,697.4758
2025-07-01 10:00:00,769.0,773.47
2025-07-01 11:00:00,711.0,833.8378
2025-07-01 12:00:00,674.0,874.84674
2025-07-01 13:00:00,672.0,893.96014
2025-07-01 14:00:00,623.0,889.30664
2025-07-01 15:00:00,732.0,862.1491
2025-07-01 16:00:00,990.0,779.5255
2025-07-01 17:00:00,1237.0,746.6919
2025-07-01 18:00:00,851.0,665.64624
2025-07-01 19:00:00,525.0,580.005
2025-07-01 20:00:00,350.0,415.26047
2025-07-01 21:00:00,268.0,329.4718
2025-07-01 22:00:00,238.0,253.6097
2025-07-01 23:00:00,151.0,192.38327
2025-07-02 00:00:00,71.0,183.97095
2025-07-02 01:00:00,40.0,166.31058
2025-07-02 02:00:00,41.0,171.03012
2025-07-02 03:00:00,47.0,198.51785
2025-07-02 04:00:00,87.0,247.9619
2025-07-02 05:00:00,237.0,306.88168
2025-07-02 06:00:00,614.0,386.13193
2025-07-02 07:00:00,817.0,554.75543
2025-07-02 08:00:00,755.0,645.0762
2025-07-02 09:00:00,729.0,730.99695
2025-07-02 10:00:00,738.0,806.6609
2025-07-02 11:00:00,695.0,867.69275
2025-07-02 12:00:00,708.0,908.76416
2025-07-02 13:00:00,706.0,927.4813
2025-07-02 14:00:00,699.0,922.8279
2025-07-02 15:00:00,738.0,895.1419
2025-07-02 16:00:00,1039.0,846.8866
2025-07-02 17:00:00,1188.0,780.9483
2025-07-02 18:00:00,896.0,700.2241
2025-07-02 19:00:00,599.0,576.9278
2025-07-02 20:00:00,396.0,450.36676
2025-07-02 21:00:00,340.0,364.04965
2025-07-02 22:00:00,256.0,288.12155
2025-07-02 23:00:00,148.0,227.2914
2025-07-03 00:00:00,101.0,242.50449
2025-07-03 01:00:00,54.0,223.39107
2025-07-03 02:00:00,51.0,228.04459
2025-07-03 03:00:00,52.0,255.53238
2025-07-03 04:00:00,95.0,304.71222
2025-07-03 05:00:00,272.0,368.64996
2025-07-03 06:00:00,646.0,447.35962
2025-07-03 07:00:00,866.0,612.2392
2025-07-03 08:00:00,775.0,666.92285
2025-07-03 09:00:00,750.0,789.08215
2025-07-03 10:00:00,764.0,864.6001
2025-07-03 11:00:00,790.0,925.69446
2025-07-03 12:00:00,791.0,967.2317
2025-07-03 13:00:00,786.0,952.9083
2025-07-03 14:00:00,764.0,983.0856
2025-07-03 15:00:00,866.0,957.136
2025-07-03 16:00:00,1118.0,872.7604
2025-07-03 17:00:00,1252.0,841.1974
2025-07-03 18:00:00,1054.0,760.9512
2025-07-03 19:00:00,702.0,637.2655
2025-07-03 20:00:00,534.0,509.4287
2025-07-03 21:00:00,401.0,423.2437
2025-07-03 22:00:00,335.0,346.78723
2025-07-03 23:00:00,227.0,285.4287
2025-07-04 00:00:00,156.0,281.4118
2025-07-04 01:00:00,89.0,261.96814
2025-07-04 02:00:00,86.0,266.35745
2025-07-04 03:00:00,87.0,403.70493
2025-07-04 04:00:00,161.0,370.118
2025-07-04 05:00:00,289.0,411.02133
2025-07-04 06:00:00,675.0,491.669
2025-07-04 07:00:00,764.0,620.7011
2025-07-04 08:00:00,794.0,711.6824
2025-07-04 09:00:00,834.0,797.99945
2025-07-04 10:00:00,863.0,874.4542
2025-07-04 11:00:00,876.0,935.5469
2025-07-04 12:00:00,819.0,1009.11633
2025-07-04 13:00:00,901.0,1027.5641
2025-07-04 14:00:00,888.0,1023.10876
2025-07-04 15:00:00,1013.0,999.2345
2025-07-04 16:00:00,1244.0,946.6444
2025-07-04 17:00:00,1295.0,878.97314
2025-07-04 18:00:00,1148.0,798.5254
2025-07-04 19:00:00,752.0,675.1022
2025-07-04 20:00:00,530.0,548.1379
2025-07-04 21:00:00,450.0,461.68872
2025-07-04 22:00:00,439.0,385.6285
2025-07-04 23:00:00,403.0,324.40207
2025-07-05 00:00:00,305.0,184.31226
2025-07-05 01:00:00,189.0,164.73651
2025-07-05 02:00:00,201.0,169.2579
2025-07-05 03:00:00,248.0,196.61362
2025-07-05 04:00:00,407.0,246.05765
2025-07-05 05:00:00,455.0,310.05273
2025-07-05 06:00:00,622.0,389.84357
2025-07-05 07:00:00,695.0,518.5454
2025-07-05 08:00:00,875.0,645.9755
2025-07-05 09:00:00,1013.0,698.258
2025-07-05 10:00:00,1034.0,807.08057
2025-07-05 11:00:00,1056.0,871.11755
2025-07-05 12:00:00,1083.0,908.57715
2025-07-05 13:00:00,928.0,927.49243
2025-07-05 14:00:00,850.0,923.43677
2025-07-05 15:00:00,778.0,895.4171
2025-07-05 16:00:00,757.0,847.30444
2025-07-05 17:00:00,734.0,783.44147
2025-07-05 18:00:00,625.0,700.85754
2025-07-05 19:00:00,458.0,575.83
2025-07-05 20:00:00,365.0,448.66064
2025-07-05 21:00:00,309.0,362.73987
2025-07-05 22:00:00,301.0,286.54755
2025-07-05 23:00:00,265.0,225.32109
2025-07-06 00:00:00,201.0,133.34473
2025-07-06 01:00:00,163.0,114.495514
2025-07-06 02:00:00,131.0,118.620605
2025-07-06 03:00:00,146.0,146.1084
2025-07-06 04:00:00,207.0,195.55243
2025-07-06 05:00:00,426.0,256.3407
2025-07-06 06:00:00,661.0,336.46518
2025-07-06 07:00:00,527.0,469.17694
2025-07-06 08:00:00,734.0,557.226
2025-07-06 09:00:00,901.0,683.3291
2025-07-06 10:00:00,948.0,719.7389
2025-07-06 11:00:00,933.0,782.90674
2025-07-06 12:00:00,630.0,823.2308
2025-07-06 13:00:00,618.0,846.94495
2025-07-06 14:00:00,620.0,843.6124
2025-07-06 15:00:00,685.0,816.5209
2025-07-06 16:00:00,640.0,767.80334
2025-07-06 17:00:00,633.0,701.0621
2025-07-06 18:00:00,518.0,622.219
2025-07-06 19:00:00,448.0,454.67368
2025-07-06 20:00:00,388.0,364.15475
2025-07-06 21:00:00,275.0,316.2635
2025-07-06 22:00:00,196.0,203.86768
2025-07-06 23:00:00,132.0,179.85684
2025-07-07 00:00:00,91.0,172.07275
2025-07-07 01:00:00,73.0,113.87305
2025-07-07 02:00:00,49.0,156.09375
2025-07-07 03:00:00,79.0,184.46155
2025-07-07 04:00:00,145.0,232.56325
2025-07-07 05:00:00,334.0,300.7129
2025-07-07 06:00:00,671.0,343.19897
2025-07-07 07:00:00,721.0,438.1838
2025-07-07 08:00:00,603.0,522.14655
2025-07-07 09:00:00,731.0,687.49115
2025-07-07 10:00:00,833.0,764.4778
2025-07-07 11:00:00,790.0,750.9214
2025-07-07 12:00:00,694.0,792.7871
2025-07-07 13:00:00,731.0,810.5386
2025-07-07 14:00:00,562.0,805.0016
2025-07-07 15:00:00,690.0,791.8185
2025-07-07 16:00:00,947.0,752.4077
2025-07-07 17:00:00,1153.0,703.3768
2025-07-07 18:00:00,774.0,586.3838
2025-07-07 19:00:00,463.0,570.69244
2025-07-07 20:00:00,265.0,423.58472
2025-07-07 21:00:00,205.0,328.68732
2025-07-07 22:00:00,180.0,276.42154
2025-07-07 23:00:00,97.0,214.66672
2025-07-08 00:00:00,65.0,157.7038
2025-07-08 01:00:00,50.0,112.52902
2025-07-08 02:00:00,33.0,107.12781
2025-07-08 03:00:00,44.0,146.8479
2025-07-08 04:00:00,94.0,186.30328
2025-07-08 05:00:00,243.0,275.13348
2025-07-08 06:00:00,586.0,355.62766
2025-07-08 07:00:00,737.0,418.05127
2025-07-08 08:00:00,665.0,510.30878
2025-07-08 09:00:00,671.0,674.29144
2025-07-08 10:00:00,701.0,749.8181
2025-07-08 11:00:00,725.0,811.7763
2025-07-08 12:00:00,662.0,849.50183
2025-07-08 13:00:00,695.0,869.8823
2025-07-08 14:00:00,662.0,869.5567
2025-07-08 15:00:00,733.0,840.39343
2025-07-08 16:00:00,968.0,789.94116
2025-07-08 17:00:00,1241.0,674.97485
2025-07-08 18:00:00,845.0,564.86865
2025-07-08 19:00:00,541.0,557.1161
2025-07-08 20:00:00,349.0,426.2132
2025-07-08 21:00:00,243.0,339.10355
2025-07-08 22:00:00,198.0,262.18472
2025-07-08 23:00:00,132.0,200.76013
2025-07-09 00:00:00,78.0,192.75253
2025-07-09 01:00:00,47.0,173.3089
2025-07-09 02:00:00,30.0,177.50006
2025-07-09 03:00:00,58.0,204.85574
2025-07-09 04:00:00,155.0,253.57324
2025-07-09 05:00:00,299.0,320.71088
2025-07-09 06:00:00,621.0,400.83017
2025-07-09 07:00:00,833.0,563.49713
2025-07-09 08:00:00,720.0,653.68054
2025-07-09 09:00:00,784.0,738.12744
2025-07-09 10:00:00,876.0,814.45355
2025-07-09 11:00:00,897.0,841.31696
2025-07-09 12:00:00,721.0,881.4463
2025-07-09 13:00:00,736.0,900.9595
2025-07-09 14:00:00,755.0,935.2178
2025-07-09 15:00:00,734.0,904.12164
2025-07-09 16:00:00,1021.0,854.8096
2025-07-09 17:00:00,1225.0,787.73804
2025-07-09 18:00:00,867.0,707.42065
2025-07-09 19:00:00,636.0,620.63745
2025-07-09 20:00:00,413.0,457.76138
2025-07-09 21:00:00,348.0,371.7085
2025-07-09 22:00:00,246.0,295.05383
2025-07-09 23:00:00,179.0,233.8274
2025-07-10 00:00:00,183.0,249.84123
2025-07-10 01:00:00,103.0,230.39758
2025-07-10 02:00:00,67.0,234.91898
2025-07-10 03:00:00,77.0,262.53888
2025-07-10 04:00:00,118.0,311.58664
2025-07-10 05:00:00,335.0,371.23642
2025-07-10 06:00:00,711.0,450.08688
2025-07-10 07:00:00,953.0,618.97455
2025-07-10 08:00:00,900.0,708.9651
2025-07-10 09:00:00,966.0,795.08405
2025-07-10 10:00:00,1063.0,871.1443
2025-07-10 11:00:00,948.0,931.5782
2025-07-10 12:00:00,822.0,972.7191
2025-07-10 13:00:00,810.0,992.0967
2025-07-10 14:00:00,749.0,988.3053
2025-07-10 15:00:00,790.0,960.82104
2025-07-10 16:00:00,1077.0,910.9737
2025-07-10 17:00:00,1300.0,844.03424
2025-07-10 18:00:00,1031.0,763.5186
2025-07-10 19:00:00,809.0,677.0657
2025-07-10 20:00:00,536.0,513.5952
2025-07-10 21:00:00,425.0,427.34418
2025-07-10 22:00:00,307.0,351.74628
2025-07-10 23:00:00,212.0,290.4538
2025-07-11 00:00:00,141.0,286.7751
2025-07-11 01:00:00,83.0,267.0672
2025-07-11 02:00:00,92.0,271.52258
2025-07-11 03:00:00,126.0,299.5387
2025-07-11 04:00:00,197.0,348.32233
2025-07-11 05:00:00,417.0,408.5057
2025-07-11 06:00:00,790.0,486.75653
2025-07-11 07:00:00,906.0,655.5781
2025-07-11 08:00:00,919.0,745.7008
2025-07-11 09:00:00,1051.0,831.15924
2025-07-11 10:00:00,1029.0,907.2855
2025-07-11 11:00:00,955.0,968.5155
2025-07-11 12:00:00,865.0,1011.0591
2025-07-11 13:00:00,970.0,1028.8324
2025-07-11 14:00:00,954.0,1024.4431
2025-07-11 15:00:00,1009.0,998.7595
2025-07-11 16:00:00,1169.0,948.0396
2025-07-11 17:00:00,1295.0,883.3093
2025-07-11 18:00:00,1201.0,768.5557
2025-07-11 19:00:00,887.0,678.50836
2025-07-11 20:00:00,684.0,550.1987
2025-07-11 21:00:00,678.0,463.94775
2025-07-11 22:00:00,508.0,387.2931
2025-07-11 23:00:00,406.0,326.529
2025-07-12 00:00:00,335.0,186.71103
2025-07-12 01:00:00,264.0,167.86179
2025-07-12 02:00:00,253.0,172.38321
2025-07-12 03:00:00,377.0,200.13516
2025-07-12 04:00:00,476.0,249.31503
2025-07-12 05:00:00,517.0,311.91266
2025-07-12 06:00:00,550.0,387.55112
2025-07-12 07:00:00,724.0,556.1086
2025-07-12 08:00:00,875.0,646.4293
2025-07-12 09:00:00,1128.0,732.9446
2025-07-12 10:00:00,1155.0,809.2029
2025-07-12 11:00:00,1231.0,869.83496
2025-07-12 12:00:00,1110.0,911.3722
2025-07-12 13:00:00,1009.0,930.4856
2025-07-12 14:00:00,1018.0,925.766
2025-07-12 15:00:00,902.0,898.08014
2025-07-12 16:00:00,976.0,849.0984
2025-07-12 17:00:00,803.0,781.89465
2025-07-12 18:00:00,714.0,701.247
2025-07-12 19:00:00,501.0,614.5994
2025-07-12 20:00:00,402.0,451.52173
2025-07-12 21:00:00,374.0,365.33673
2025-07-12 22:00:00,309.0,289.40863
2025-07-12 23:00:00,318.0,228.51242
2025-07-13 00:00:00,304.0,136.3453
2025-07-13 01:00:00,236.0,116.43927
2025-07-13 02:00:00,192.0,120.96066
2025-07-13 03:00:00,289.0,147.85403
2025-07-13 04:00:00,416.0,196.70367
2025-07-13 05:00:00,425.0,260.22772
2025-07-13 06:00:00,473.0,339.1442
2025-07-13 07:00:00,466.0,508.43515
2025-07-13 08:00:00,581.0,595.41174
2025-07-13 09:00:00,779.0,683.27057
2025-07-13 10:00:00,727.0,758.1976
2025-07-13 11:00:00,1092.0,781.72546
2025-07-13 12:00:00,1313.0,858.5626
2025-07-13 13:00:00,1113.0,877.87415
2025-07-13 14:00:00,860.0,873.617
2025-07-13 15:00:00,894.0,845.865
2025-07-13 16:00:00,798.0,796.55304
2025-07-13 17:00:00,690.0,729.4154
2025-07-13 18:00:00,532.0,650.90564
2025-07-13 19:00:00,499.0,526.1388
2025-07-13 20:00:00,416.0,399.3066
2025-07-13 21:00:00,313.0,312.46115
2025-07-13 22:00:00,225.0,236.00465
2025-07-13 23:00:00,163.0,174.77823
2025-07-14 00:00:00,130.0,168.7398
2025-07-14 01:00:00,111.0,149.1641
2025-07-14 02:00:00,89.0,153.55338
2025-07-14 03:00:00,118.0,180.77701
2025-07-14 04:00:00,199.0,193.40167
2025-07-14 05:00:00,398.0,260.18765
2025-07-14 06:00:00,772.0,346.70972
2025-07-14 07:00:00,754.0,444.59866
2025-07-14 08:00:00,747.0,526.1196
2025-07-14 09:00:00,742.0,686.3842
2025-07-14 10:00:00,657.0,684.75745
2025-07-14 11:00:00,955.0,823.66907
2025-07-14 12:00:00,1105.0,898.57526
2025-07-14 13:00:00,1195.0,915.68463
2025-07-14 14:00:00,1256.0,911.8359
2025-07-14 15:00:00,927.0,847.3778
2025-07-14 16:00:00,913.0,799.98645
2025-07-14 17:00:00,1192.0,732.5812
2025-07-14 18:00:00,768.0,653.93933
2025-07-14 19:00:00,533.0,567.2274
2025-07-14 20:00:00,288.0,436.6548
2025-07-14 21:00:00,224.0,350.66794
2025-07-14 22:00:00,18.0,274.07928
2025-07-14 23:00:00,1.0,212.39053
2025-07-15 00:00:00,1.0,155.63257
2025-07-15 01:00:00,0.0,136.12286
2025-07-15 02:00:00,6.0,140.18192
2025-07-15 03:00:00,3.0,133.70987
2025-07-15 04:00:00,73.0,216.71751
2025-07-15 05:00:00,306.0,283.32153
2025-07-15 06:00:00,677.0,364.4367
2025-07-15 07:00:00,798.0,493.20465
2025-07-15 08:00:00,688.0,583.5897
2025-07-15 09:00:00,751.0,670.1727
2025-07-15 10:00:00,864.0,745.02325
2025-07-15 11:00:00,689.0,732.8087
2025-07-15 12:00:00,744.0,847.1837
2025-07-15 13:00:00,751.0,864.9588
2025-07-15 14:00:00,621.0,807.3735
2025-07-15 15:00:00,650.0,786.54865
2025-07-15 16:00:00,915.0,787.56055
2025-07-15 17:00:00,1201.0,720.35693
2025-07-15 18:00:00,819.0,641.90967
2025-07-15 19:00:00,554.0,553.0634
2025-07-15 20:00:00,363.0,422.0284
2025-07-15 21:00:00,250.0,335.24902
2025-07-15 22:00:00,211.0,258.19812
2025-07-15 23:00:00,118.0,196.57538
2025-07-16 00:00:00,97.0,188.90451
2025-07-16 01:00:00,75.0,169.59296
2025-07-16 02:00:00,49.0,173.98227
2025-07-16 03:00:00,100.0,201.66818
2025-07-16 04:00:00,133.0,250.78197
2025-07-16 05:00:00,316.0,317.9196
2025-07-16 06:00:00,706.0,398.23703
2025-07-16 07:00:00,817.0,526.8068
2025-07-16 08:00:00,758.0,617.52386
2025-07-16 09:00:00,828.0,704.5014
2025-07-16 10:00:00,874.0,781.09
2025-07-16 11:00:00,879.0,842.1844
2025-07-16 12:00:00,721.0,883.5895
2025-07-16 13:00:00,772.0,900.83105
2025-07-16 14:00:00,734.0,898.24243
2025-07-16 15:00:00,750.0,872.345
2025-07-16 16:00:00,984.0,823.82544
2025-07-16 17:00:00,1246.0,756.5558
2025-07-16 18:00:00,878.0,604.22754
2025-07-16 19:00:00,624.0,514.34784
2025-07-16 20:00:00,442.0,457.81015
2025-07-16 21:00:00,324.0,370.89862
2025-07-16 22:00:00,241.0,293.84772
2025-07-16 23:00:00,141.0,231.63055
2025-07-17 00:00:00,102.0,211.57916
2025-07-17 01:00:00,62.0,218.93317
2025-07-17 02:00:00,87.0,255.13582
2025-07-17 03:00:00,103.0,227.88608
2025-07-17 04:00:00,156.0,278.62775
2025-07-17 05:00:00,332.0,375.11008
2025-07-17 06:00:00,657.0,452.08334
2025-07-17 07:00:00,826.0,583.8617
2025-07-17 08:00:00,642.0,673.44727
2025-07-17 09:00:00,813.0,762.90857
2025-07-17 10:00:00,844.0,839.4329
2025-07-17 11:00:00,852.0,898.45544
2025-07-17 12:00:00,773.0,941.995
2025-07-17 13:00:00,797.0,958.42993
2025-07-17 14:00:00,731.0,993.7589
2025-07-17 15:00:00,833.0,962.1969
2025-07-17 16:00:00,1053.0,912.1515
2025-07-17 17:00:00,1250.0,845.07996
2025-07-17 18:00:00,952.0,764.9658
2025-07-17 19:00:00,781.0,678.1166
2025-07-17 20:00:00,636.0,514.7069
2025-07-17 21:00:00,449.0,428.4559
2025-07-17 22:00:00,352.0,352.32965
2025-07-17 23:00:00,259.0,291.23532
2025-07-18 00:00:00,181.0,287.5625
2025-07-18 01:00:00,164.0,268.0528
2025-07-18 02:00:00,124.0,271.64954
2025-07-18 03:00:00,159.0,299.5996
2025-07-18 04:00:00,269.0,348.3832
2025-07-18 05:00:00,457.0,409.56775
2025-07-18 06:00:00,793.0,488.55032
2025-07-18 07:00:00,916.0,655.9693
2025-07-18 08:00:00,941.0,748.0282
2025-07-18 09:00:00,1062.0,832.40906
2025-07-18 10:00:00,1109.0,908.205
2025-07-18 11:00:00,1012.0,969.1673
2025-07-18 12:00:00,1026.0,1010.3082
2025-07-18 13:00:00,1063.0,1029.2235
2025-07-18 14:00:00,1053.0,1024.7682
2025-07-18 15:00:00,1073.0,997.2838
2025-07-18 16:00:00,1211.0,947.7042
2025-07-18 17:00:00,1297.0,880.69867
2025-07-18 18:00:00,1068.0,800.11707
2025-07-18 19:00:00,870.0,714.5349
2025-07-18 20:00:00,696.0,550.5899
2025-07-18 21:00:00,625.0,464.53705
2025-07-18 22:00:00,467.0,388.01447
2025-07-18 23:00:00,466.0,327.05222
2025-07-19 00:00:00,365.0,186.97568
2025-07-19 01:00:00,322.0,167.39996
2025-07-19 02:00:00,279.0,171.85532
2025-07-19 03:00:00,421.0,199.67334
2025-07-19 04:00:00,428.0,248.78714
2025-07-19 05:00:00,504.0,313.19415
2025-07-19 06:00:00,487.0,395.58173
2025-07-19 07:00:00,644.0,558.51807
2025-07-19 08:00:00,811.0,646.694
2025-07-19 09:00:00,957.0,732.4166
2025-07-19 10:00:00,938.0,808.2127
2025-07-19 11:00:00,1005.0,868.58057
2025-07-19 12:00:00,998.0,912.53375
2025-07-19 13:00:00,1076.0,897.6699
2025-07-19 14:00:00,964.0,920.6494
2025-07-19 15:00:00,858.0,802.1234
2025-07-19 16:00:00,851.0,745.8503
2025-07-19 17:00:00,722.0,790.464
2025-07-19 18:00:00,626.0,673.71515
2025-07-19 19:00:00,470.0,584.80273
2025-07-19 20:00:00,387.0,454.09805
2025-07-19 21:00:00,288.0,367.71494
2025-07-19 22:00:00,283.0,290.92822
2025-07-19 23:00:00,275.0,229.8999
2025-07-20 00:00:00,196.0,136.94553
2025-07-20 01:00:00,204.0,117.23764
2025-07-20 02:00:00,228.0,121.75903
2025-07-20 03:00:00,287.0,149.37894
2025-07-20 04:00:00,378.0,198.49274
2025-07-20 05:00:00,452.0,263.8957
2025-07-20 06:00:00,522.0,338.86667
2025-07-20 07:00:00,517.0,505.4844
2025-07-20 08:00:00,638.0,596.2675
2025-07-20 09:00:00,834.0,682.32043
2025-07-20 10:00:00,824.0,758.7108
2025-07-20 11:00:00,1146.0,820.2189
2025-07-20 12:00:00,1056.0,860.2892
2025-07-20 13:00:00,954.0,879.6024
2025-07-20 14:00:00,977.0,875.8128
2025-07-20 15:00:00,916.0,813.95844
2025-07-20 16:00:00,868.0,688.36957
2025-07-20 17:00:00,746.0,734.07764
2025-07-20 18:00:00,570.0,619.3866
2025-07-20 19:00:00,425.0,536.59467
2025-07-20 20:00:00,350.0,401.65714
2025-07-20 21:00:00,300.0,328.2542
2025-07-20 22:00:00,189.0,237.40913
2025-07-20 23:00:00,153.0,141.86151
2025-07-21 00:00:00,123.0,147.73022
2025-07-21 01:00:00,79.0,196.33456
2025-07-21 02:00:00,94.0,126.471344
2025-07-21 03:00:00,164.0,168.89746
2025-07-21 04:00:00,251.0,234.48027
2025-07-21 05:00:00,377.0,271.90442
2025-07-21 06:00:00,666.0,355.72046
2025-07-21 07:00:00,761.0,511.01215
2025-07-21 08:00:00,686.0,601.92737
2025-07-21 09:00:00,826.0,688.77277
2025-07-21 10:00:00,871.0,765.4274
2025-07-21 11:00:00,912.0,748.0405
2025-07-21 12:00:00,1003.0,899.5542
2025-07-21 13:00:00,1041.0,918.1393
2025-07-21 14:00:00,936.0,916.16077
2025-07-21 15:00:00,907.0,813.22595
2025-07-21 16:00:00,1044.0,804.1618
2025-07-21 17:00:00,1276.0,775.93945
2025-07-21 18:00:00,830.0,691.4175
2025-07-21 19:00:00,433.0,569.3414
2025-07-21 20:00:00,320.0,439.17545
2025-07-21 21:00:00,240.0,352.52814
2025-07-21 22:00:00,173.0,240.61595
2025-07-21 23:00:00,128.0,215.65909
2025-07-22 00:00:00,96.0,156.837
2025-07-22 01:00:00,76.0,136.99716
2025-07-22 02:00:00,68.0,142.04688
2025-07-22 03:00:00,106.0,134.47531
2025-07-22 04:00:00,136.0,218.71452
2025-07-22 05:00:00,316.0,285.9182
2025-07-22 06:00:00,739.0,367.64395
2025-07-22 07:00:00,822.0,419.67096
2025-07-22 08:00:00,768.0,584.71246
2025-07-22 09:00:00,817.0,669.22534
2025-07-22 10:00:00,949.0,744.2844
2025-07-22 11:00:00,862.0,842.75757
2025-07-22 12:00:00,694.0,885.49585
2025-07-22 13:00:00,734.0,866.2259
2025-07-22 14:00:00,643.0,865.1095
2025-07-22 15:00:00,721.0,838.4907
2025-07-22 16:00:00,946.0,789.9087
2025-07-22 17:00:00,1109.0,722.9032
2025-07-22 18:00:00,796.0,642.4537
2025-07-22 19:00:00,508.0,553.5396
2025-07-22 20:00:00,332.0,423.5631
2025-07-22 21:00:00,280.0,337.18
2025-07-22 22:00:00,241.0,260.52536
2025-07-22 23:00:00,145.0,199.29889
2025-07-23 00:00:00,85.0,191.43436
2025-07-23 01:00:00,47.0,172.05676
2025-07-23 02:00:00,78.0,176.24792
2025-07-23 03:00:00,120.0,204.66037
2025-07-23 04:00:00,153.0,254.17044
2025-07-23 05:00:00,310.0,318.23682
2025-07-23 06:00:00,666.0,392.87408
2025-07-23 07:00:00,808.0,561.29596
2025-07-23 08:00:00,718.0,651.3508
2025-07-23 09:00:00,847.0,737.7999
2025-07-23 10:00:00,927.0,816.13367
2025-07-23 11:00:00,888.0,841.65515
2025-07-23 12:00:00,772.0,884.9966
2025-07-23 13:00:00,832.0,904.176
2025-07-23 14:00:00,664.0,900.11707
2025-07-23 15:00:00,708.0,872.49536
2025-07-23 16:00:00,992.0,823.8456
2025-07-23 17:00:00,1182.0,756.369
2025-07-23 18:00:00,821.0,674.78625
2025-07-23 19:00:00,546.0,587.87445
2025-07-23 20:00:00,420.0,457.10367
2025-07-23 21:00:00,345.0,370.45636
2025-07-23 22:00:00,248.0,265.49664
2025-07-23 23:00:00,152.0,203.10464
2025-07-24 00:00:00,104.0,212.44061
2025-07-24 01:00:00,53.0,198.475
2025-07-24 02:00:00,71.0,235.15164
2025-07-24 03:00:00,85.0,224.27963
2025-07-24 04:00:00,170.0,276.23154
2025-07-24 05:00:00,311.0,378.89084
2025-07-24 06:00:00,615.0,424.1489
2025-07-24 07:00:00,706.0,587.42645
2025-07-24 08:00:00,727.0,603.09644
2025-07-24 09:00:00,755.0,714.6494
2025-07-24 10:00:00,1008.0,764.35297
2025-07-24 11:00:00,979.0,903.72876
2025-07-24 12:00:00,858.0,874.61707
2025-07-24 13:00:00,797.0,964.57574
2025-07-24 14:00:00,726.0,960.84863
2025-07-24 15:00:00,790.0,932.2989
2025-07-24 16:00:00,967.0,881.9145
2025-07-24 17:00:00,1239.0,816.6471
2025-07-24 18:00:00,969.0,735.66394
2025-07-24 19:00:00,686.0,647.41724
2025-07-24 20:00:00,511.0,516.84467
2025-07-24 21:00:00,387.0,396.28214
2025-07-24 22:00:00,311.0,319.75958
2025-07-24 23:00:00,199.0,261.921
2025-07-25 00:00:00,143.0,252.37769
2025-07-25 01:00:00,86.0,269.0055
2025-07-25 02:00:00,106.0,272.80035
2025-07-25 03:00:00,170.0,300.15604
2025-07-25 04:00:00,210.0,325.29865
2025-07-25 05:00:00,360.0,394.5925
2025-07-25 06:00:00,690.0,498.26538
2025-07-25 07:00:00,671.0,626.0873
2025-07-25 08:00:00,776.0,717.1345
2025-07-25 09:00:00,748.0,805.19025
2025-07-25 10:00:00,867.0,880.2367
2025-07-25 11:00:00,890.0,940.4603
2025-07-25 12:00:00,813.0,978.9923
2025-07-25 13:00:00,914.0,1036.4178
2025-07-25 14:00:00,942.0,1030.824
2025-07-25 15:00:00,902.0,1001.3374
2025-07-25 16:00:00,1139.0,952.2235
2025-07-25 17:00:00,1240.0,851.5154
2025-07-25 18:00:00,1118.0,772.7396
2025-07-25 19:00:00,839.0,684.625
2025-07-25 20:00:00,689.0,554.11847
2025-07-25 21:00:00,592.0,467.20697
2025-07-25 22:00:00,474.0,390.48627
2025-07-25 23:00:00,413.0,329.45798
2025-07-26 00:00:00,305.0,189.45102
2025-07-26 01:00:00,228.0,169.7432
2025-07-26 02:00:00,228.0,173.60413
2025-07-26 03:00:00,371.0,200.95981
2025-07-26 04:00:00,482.0,250.00757
2025-07-26 05:00:00,461.0,317.14517
2025-07-26 06:00:00,428.0,397.85892
2025-07-26 07:00:00,450.0,526.82495
2025-07-26 08:00:00,585.0,617.60803
2025-07-26 09:00:00,885.0,704.3214
2025-07-26 10:00:00,902.0,780.77795
2025-07-26 11:00:00,961.0,841.8723
2025-07-26 12:00:00,780.0,883.27576
2025-07-26 13:00:00,543.0,902.8515
2025-07-26 14:00:00,479.0,898.9263
2025-07-26 15:00:00,438.0,816.89716
2025-07-26 16:00:00,453.0,790.3345
2025-07-26 17:00:00,500.0,697.456
2025-07-26 18:00:00,392.0,676.917
2025-07-26 19:00:00,248.0,529.78796
2025-07-26 20:00:00,200.0,458.31198
2025-07-26 21:00:00,160.0,370.38843
2025-07-26 22:00:00,144.0,293.33746
2025-07-26 23:00:00,118.0,231.84686
2025-07-27 00:00:00,69.0,139.22595
2025-07-27 01:00:00,41.0,119.319916
2025-07-27 02:00:00,41.0,123.44504
2025-07-27 03:00:00,30.0,119.19525
2025-07-27 04:00:00,43.0,200.72849
2025-07-27 05:00:00,53.0,266.9201
2025-07-27 06:00:00,77.0,347.69983
2025-07-27 07:00:00,74.0,477.4138
2025-07-27 08:00:00,132.0,566.72253
2025-07-27 09:00:00,211.0,652.56506
2025-07-27 10:00:00,358.0,730.4334
2025-07-27 11:00:00,381.0,790.91895
2025-07-27 12:00:00,339.0,831.66187
2025-07-27 13:00:00,324.0,849.29614
2025-07-27 14:00:00,346.0,845.62634
2025-07-27 15:00:00,322.0,854.2607
2025-07-27 16:00:00,292.0,769.10297
2025-07-27 17:00:00,305.0,706.23816
2025-07-27 18:00:00,253.0,567.265
2025-07-27 19:00:00,173.0,538.46136
2025-07-27 20:00:00,133.0,368.93454
2025-07-27 21:00:00,135.0,319.767
2025-07-27 22:00:00,96.0,242.91425
2025-07-27 23:00:00,59.0,181.6878
2025-07-28 00:00:00,51.0,174.8648
2025-07-28 01:00:00,27.0,119.899475
2025-07-28 02:00:00,25.0,160.22812
2025-07-28 03:00:00,9.0,152.52448
2025-07-28 04:00:00,33.0,243.04396
2025-07-28 05:00:00,80.0,313.34985
2025-07-28 06:00:00,339.0,416.08646
2025-07-28 07:00:00,337.0,467.09167
2025-07-28 08:00:00,283.0,526.39166
2025-07-28 09:00:00,358.0,691.93616
2025-07-28 10:00:00,388.0,767.3806
2025-07-28 11:00:00,402.0,764.0984
2025-07-28 12:00:00,411.0,819.93677
2025-07-28 13:00:00,471.0,891.987
2025-07-28 14:00:00,429.0,819.0408
2025-07-28 15:00:00,451.0,814.65393
2025-07-28 16:00:00,528.0,749.5897
2025-07-28 17:00:00,653.0,686.2362
2025-07-28 18:00:00,461.0,590.38605
2025-07-28 19:00:00,233.0,574.95886
2025-07-28 20:00:00,163.0,443.04395
2025-07-28 21:00:00,131.0,356.1985
2025-07-28 22:00:00,96.0,279.47778
2025-07-28 23:00:00,48.0,218.0532
2025-07-29 00:00:00,33.0,160.84024
2025-07-29 01:00:00,18.0,141.39667
2025-07-29 02:00:00,19.0,145.45569
2025-07-29 03:00:00,22.0,172.87744
2025-07-29 04:00:00,30.0,221.66101
2025-07-29 05:00:00,65.0,251.64906
2025-07-29 06:00:00,322.0,369.38022
2025-07-29 07:00:00,403.0,497.6841
2025-07-29 08:00:00,369.0,587.9319
2025-07-29 09:00:00,422.0,710.8229
2025-07-29 10:00:00,506.0,750.3022
2025-07-29 11:00:00,522.0,812.73315
2025-07-29 12:00:00,471.0,852.2629
2025-07-29 13:00:00,650.0,870.17004
2025-07-29 14:00:00,699.0,903.8287
2025-07-29 15:00:00,695.0,842.2246
2025-07-29 16:00:00,845.0,791.37256
2025-07-29 17:00:00,975.0,760.6056
2025-07-29 18:00:00,758.0,642.70953
2025-07-29 19:00:00,518.0,557.8053
2025-07-29 20:00:00,320.0,427.03796
2025-07-29 21:00:00,266.0,340.853
2025-07-29 22:00:00,210.0,264.7928
2025-07-29 23:00:00,123.0,203.63239
2025-07-30 00:00:00,83.0,195.83621
2025-07-30 01:00:00,72.0,176.59073
2025-07-30 02:00:00,56.0,180.31955
2025-07-30 03:00:00,78.0,208.20361
2025-07-30 04:00:00,133.0,257.31738
2025-07-30 05:00:00,281.0,322.11548
2025-07-30 06:00:00,639.0,395.48743
2025-07-30 07:00:00,718.0,528.008
2025-07-30 08:00:00,770.0,622.8044
2025-07-30 09:00:00,871.0,705.8451
2025-07-30 10:00:00,816.0,820.62415
2025-07-30 11:00:00,915.0,845.1481
2025-07-30 12:00:00,731.0,887.35095
2025-07-30 13:00:00,780.0,906.86066
2025-07-30 14:00:00,785.0,902.66956
2025-07-30 15:00:00,774.0,875.3799
2025-07-30 16:00:00,993.0,826.19995
2025-07-30 17:00:00,1079.0,759.12665
2025-07-30 18:00:00,945.0,672.78125
2025-07-30 19:00:00,645.0,593.55255
2025-07-30 20:00:00,538.0,432.7381
2025-07-30 21:00:00,331.0,374.52798
2025-07-30 22:00:00,281.0,264.11157
2025-07-30 23:00:00,160.0,236.18456
2025-07-31 00:00:00,109.0,251.9466
2025-07-31 01:00:00,111.0,194.20923
2025-07-31 02:00:00,101.0,201.98636
2025-07-31 03:00:00,125.0,226.50397
2025-07-31 04:00:00,185.0,287.71796
2025-07-31 05:00:00,381.0,358.7718
2025-07-31 06:00:00,711.0,460.6847
2025-07-31 07:00:00,817.0,589.5847
2025-07-31 08:00:00,809.0,680.1697
2025-07-31 09:00:00,859.0,800.52136
2025-07-31 10:00:00,941.0,838.8014
2025-07-31 11:00:00,958.0,901.9015
2025-07-31 12:00:00,820.0,945.641
2025-07-31 13:00:00,869.0,963.35
2025-07-31 14:00:00,895.0,960.4311
2025-07-31 15:00:00,971.0,932.3419
2025-07-31 16:00:00,1109.0,880.6887
2025-07-31 17:00:00,1236.0,848.4547
2025-07-31 18:00:00,1071.0,768.14075
2025-07-31 19:00:00,946.0,646.2488
2025-07-31 20:00:00,735.0,517.2857
2025-07-31 21:00:00,584.0,430.63837
2025-07-31 22:00:00,472.0,354.18185
2025-07-31 23:00:00,352.0,292.8894
2025-08-01 00:00:00,271.0,218.92741
2025-08-01 01:00:00,244.0,199.28558
2025-08-01 02:00:00,204.0,203.21262
2025-08-01 03:00:00,290.0,230.76642
2025-08-01 04:00:00,380.0,280.89233
2025-08-01 05:00:00,518.0,310.00043
2025-08-01 06:00:00,610.0,427.7977
2025-08-01 07:00:00,611.0,556.1625
2025-08-01 08:00:00,661.0,644.2063
2025-08-01 09:00:00,789.0,731.3263
2025-08-01 10:00:00,881.0,727.5668
2025-08-01 11:00:00,908.0,905.801
2025-08-01 12:00:00,800.0,946.4009
2025-08-01 13:00:00,788.0,850.1008
2025-08-01 14:00:00,775.0,961.9071
2025-08-01 15:00:00,726.0,897.842
2025-08-01 16:00:00,603.0,886.4404
2025-08-01 17:00:00,666.0,784.12994
2025-08-01 18:00:00,600.0,704.1305
2025-08-01 19:00:00,535.0,556.3139
2025-08-01 20:00:00,513.0,451.05652
2025-08-01 21:00:00,746.0,399.60074
2025-08-01 22:00:00,351.0,290.39444
2025-08-01 23:00:00,307.0,228.35408
2025-08-02 00:00:00,270.0,156.25873
2025-08-02 01:00:00,195.0,159.70819
2025-08-02 02:00:00,171.0,130.26974
2025-08-02 03:00:00,225.0,156.87753
2025-08-02 04:00:00,318.0,248.69469
2025-08-02 05:00:00,343.0,326.08514
2025-08-02 06:00:00,396.0,392.05872
2025-08-02 07:00:00,437.0,448.74005
2025-08-02 08:00:00,497.0,532.76886
2025-08-02 09:00:00,532.0,639.48096
2025-08-02 10:00:00,682.0,711.53754
2025-08-02 11:00:00,782.0,773.1603
2025-08-02 12:00:00,743.0,799.42896
2025-08-02 13:00:00,676.0,817.5963
2025-08-02 14:00:00,751.0,826.8534
2025-08-02 15:00:00,609.0,810.4054
2025-08-02 16:00:00,680.0,740.08264
2025-08-02 17:00:00,661.0,747.1908
2025-08-02 18:00:00,553.0,667.2123
2025-08-02 19:00:00,393.0,578.5641
2025-08-02 20:00:00,329.0,448.47516
2025-08-02 21:00:00,267.0,361.07996
2025-08-02 22:00:00,230.0,284.35925
2025-08-02 23:00:00,250.0,222.67049
2025-08-03 00:00:00,254.0,129.91855
2025-08-03 01:00:00,159.0,72.04904
2025-08-03 02:00:00,124.0,82.79639
2025-08-03 03:00:00,150.0,142.61624
2025-08-03 04:00:00,212.0,191.13559
2025-08-03 05:00:00,321.0,219.97945
2025-08-03 06:00:00,406.0,339.6687
2025-08-03 07:00:00,495.0,467.4246
2025-08-03 08:00:00,570.0,554.86707
2025-08-03 09:00:00,738.0,645.801
2025-08-03 10:00:00,940.0,717.90656
2025-08-03 11:00:00,1001.0,781.7402
2025-08-03 12:00:00,751.0,821.2733
2025-08-03 13:00:00,683.0,877.36224
2025-08-03 14:00:00,715.0,759.84875
2025-08-03 15:00:00,629.0,810.9152
2025-08-03 16:00:00,621.0,759.52625
2025-08-03 17:00:00,573.0,695.06006
2025-08-03 18:00:00,493.0,610.60065
2025-08-03 19:00:00,446.0,526.0284
2025-08-03 20:00:00,312.0,395.0595
2025-08-03 21:00:00,281.0,308.2801
2025-08-03 22:00:00,164.0,231.22916
2025-08-03 23:00:00,216.0,170.2669
2025-08-04 00:00:00,186.0,164.43542
2025-08-04 01:00:00,97.0,144.46338
2025-08-04 02:00:00,74.0,148.91873
2025-08-04 03:00:00,89.0,176.07632
2025-08-04 04:00:00,174.0,225.65244
2025-08-04 05:00:00,337.0,292.65796
2025-08-04 06:00:00,667.0,373.17352
2025-08-04 07:00:00,774.0,501.87543
2025-08-04 08:00:00,700.0,592.72455
2025-08-04 09:00:00,932.0,680.51605
2025-08-04 10:00:00,862.0,756.2247
2025-08-04 11:00:00,932.0,817.12085
2025-08-04 12:00:00,729.0,857.85864
2025-08-04 13:00:00,755.0,911.54364
2025-08-04 14:00:00,823.0,871.917
2025-08-04 15:00:00,772.0,845.2982
2025-08-04 16:00:00,922.0,830.54926
2025-08-04 17:00:00,1118.0,762.1428
2025-08-04 18:00:00,825.0,680.3584
2025-08-04 19:00:00,454.0,557.13336
2025-08-04 20:00:00,308.0,430.1708
2025-08-04 21:00:00,213.0,343.85373
2025-08-04 22:00:00,176.0,266.93488
2025-08-04 23:00:00,106.0,205.90659
2025-08-05 00:00:00,75.0,148.8262
2025-08-05 01:00:00,45.0,129.44861
2025-08-05 02:00:00,40.0,133.63974
2025-08-05 03:00:00,62.0,161.45782
2025-08-05 04:00:00,89.0,210.43954
2025-08-05 05:00:00,265.0,274.09918
2025-08-05 06:00:00,620.0,353.82388
2025-08-05 07:00:00,757.0,482.19556
2025-08-05 08:00:00,750.0,575.99255
2025-08-05 09:00:00,794.0,661.8456
2025-08-05 10:00:00,845.0,738.50024
2025-08-05 11:00:00,846.0,834.83716
2025-08-05 12:00:00,716.0,838.86707
2025-08-05 13:00:00,718.0,891.55273
2025-08-05 14:00:00,689.0,889.17267
2025-08-05 15:00:00,716.0,862.8894
2025-08-05 16:00:00,835.0,778.33136
2025-08-05 17:00:00,1047.0,711.7221
2025-08-05 18:00:00,731.0,631.5368
2025-08-05 19:00:00,481.0,543.0868
2025-08-05 20:00:00,327.0,412.38205
2025-08-05 21:00:00,210.0,326.06497
2025-08-05 22:00:00,220.0,249.74055
2025-08-05 23:00:00,108.0,188.51413
2025-08-06 00:00:00,64.0,181.11438
2025-08-06 01:00:00,55.0,161.73679
2025-08-06 02:00:00,42.0,166.06006
2025-08-06 03:00:00,49.0,193.87805
2025-08-06 04:00:00,74.0,243.52025
2025-08-06 05:00:00,225.0,311.25226
2025-08-06 06:00:00,585.0,385.81305
2025-08-06 07:00:00,707.0,553.4997
2025-08-06 08:00:00,737.0,610.31946
2025-08-06 09:00:00,874.0,696.63306
2025-08-06 10:00:00,897.0,805.9214
2025-08-06 11:00:00,871.0,866.41785
2025-08-06 12:00:00,734.0,907.6909
2025-08-06 13:00:00,749.0,927.9445
2025-08-06 14:00:00,693.0,924.4208
2025-08-06 15:00:00,743.0,896.93475
2025-08-06 16:00:00,824.0,812.9833
2025-08-06 17:00:00,1108.0,746.713
2025-08-06 18:00:00,815.0,665.92975
2025-08-06 19:00:00,545.0,578.34705
2025-08-06 20:00:00,363.0,447.97256
2025-08-06 21:00:00,266.0,362.05176
2025-08-06 22:00:00,208.0,285.92554
2025-08-06 23:00:00,129.0,224.63301
2025-08-07 00:00:00,77.0,240.6591
2025-08-07 01:00:00,47.0,221.34756
2025-08-07 02:00:00,48.0,225.60477
2025-08-07 03:00:00,56.0,253.35675
2025-08-07 04:00:00,95.0,302.33844
2025-08-07 05:00:00,250.0,369.2727
2025-08-07 06:00:00,603.0,448.05536
2025-08-07 07:00:00,855.0,611.0613
2025-08-07 08:00:00,926.0,700.2453
2025-08-07 09:00:00,999.0,786.2982
2025-08-07 10:00:00,1063.0,865.9094
2025-08-07 11:00:00,968.0,922.4621
2025-08-07 12:00:00,849.0,963.80115
2025-08-07 13:00:00,769.0,982.6504
2025-08-07 14:00:00,700.0,978.129
2025-08-07 15:00:00,747.0,950.4431
2025-08-07 16:00:00,987.0,900.999
2025-08-07 17:00:00,1139.0,833.9274
2025-08-07 18:00:00,906.0,753.676
2025-08-07 19:00:00,601.0,631.8484
2025-08-07 20:00:00,436.0,504.34702
2025-08-07 21:00:00,352.0,418.16202
2025-08-07 22:00:00,304.0,341.83762
2025-08-07 23:00:00,185.0,280.347
2025-08-08 00:00:00,128.0,276.81137
2025-08-08 01:00:00,85.0,257.83005
2025-08-08 02:00:00,51.0,261.82306
2025-08-08 03:00:00,72.0,289.443
2025-08-08 04:00:00,120.0,338.68887
2025-08-08 05:00:00,285.0,403.14804
2025-08-08 06:00:00,629.0,477.51938
2025-08-08 07:00:00,857.0,646.01074
2025-08-08 08:00:00,843.0,736.19946
2025-08-08 09:00:00,932.0,821.8561
2025-08-08 10:00:00,1014.0,897.51996
2025-08-08 11:00:00,1004.0,958.0199
2025-08-08 12:00:00,867.0,999.359
2025-08-08 13:00:00,809.0,1018.4064
2025-08-08 14:00:00,819.0,1013.7529
2025-08-08 15:00:00,878.0,986.3972
2025-08-08 16:00:00,1033.0,937.2833
2025-08-08 17:00:00,1159.0,870.14575
2025-08-08 18:00:00,1067.0,790.15857
2025-08-08 19:00:00,798.0,668.9375
2025-08-08 20:00:00,600.0,540.0369
2025-08-08 21:00:00,435.0,454.24826
2025-08-08 22:00:00,439.0,378.05597
2025-08-08 23:00:00,333.0,317.29184
2025-08-09 00:00:00,238.0,177.41763
2025-08-09 01:00:00,191.0,157.84192
2025-08-09 02:00:00,169.0,162.2312
2025-08-09 03:00:00,184.0,189.91714
2025-08-09 04:00:00,217.0,239.42725
2025-08-09 05:00:00,467.0,304.2201
2025-08-09 06:00:00,637.0,378.19168
2025-08-09 07:00:00,863.0,546.8812
2025-08-09 08:00:00,1030.0,637.1359
2025-08-09 09:00:00,584.0,722.9247
2025-08-09 10:00:00,1218.0,798.58856
2025-08-09 11:00:00,974.0,859.0885
2025-08-09 12:00:00,1080.0,900.0313
2025-08-09 13:00:00,1010.0,918.9466
2025-08-09 14:00:00,929.0,914.35913
2025-08-09 15:00:00,757.0,886.40906
2025-08-09 16:00:00,688.0,837.29517
2025-08-09 17:00:00,667.0,770.22363
2025-08-09 18:00:00,586.0,690.4346
2025-08-09 19:00:00,448.0,570.2112
2025-08-09 20:00:00,391.0,440.9074
2025-08-09 21:00:00,367.0,354.5243
2025-08-09 22:00:00,326.0,278.13385
2025-08-09 23:00:00,292.0,217.63393
2025-08-10 00:00:00,266.0,125.60745
2025-08-10 01:00:00,251.0,106.2959
2025-08-10 02:00:00,221.0,110.68518
2025-08-10 03:00:00,169.0,138.30511
2025-08-10 04:00:00,197.0,187.551
2025-08-10 05:00:00,283.0,253.35373
2025-08-10 06:00:00,514.0,326.31543
2025-08-10 07:00:00,651.0,494.87286
2025-08-10 08:00:00,845.0,585.19366
2025-08-10 09:00:00,1108.0,671.5768
2025-08-10 10:00:00,1276.0,747.63696
2025-08-10 11:00:00,1369.0,808.59924
2025-08-10 12:00:00,1137.0,850.2025
2025-08-10 13:00:00,891.0,869.2499
2025-08-10 14:00:00,843.0,864.8606
2025-08-10 15:00:00,737.0,837.24066
2025-08-10 16:00:00,695.0,788.0608
2025-08-10 17:00:00,618.0,721.3195
2025-08-10 18:00:00,618.0,641.3983
2025-08-10 19:00:00,489.0,519.91315
2025-08-10 20:00:00,375.0,391.67303
2025-08-10 21:00:00,317.0,304.6955
2025-08-10 22:00:00,227.0,228.89948
2025-08-10 23:00:00,134.0,167.47491
2025-08-11 00:00:00,105.0,161.70807
2025-08-11 01:00:00,81.0,142.79279
2025-08-11 02:00:00,62.0,146.85187
2025-08-11 03:00:00,59.0,174.60388
2025-08-11 04:00:00,132.0,224.11395
2025-08-11 05:00:00,320.0,290.1809
2025-08-11 06:00:00,646.0,363.40677
2025-08-11 07:00:00,808.0,532.2284
2025-08-11 08:00:00,803.0,622.81683
2025-08-11 09:00:00,932.0,709.13043
2025-08-11 10:00:00,942.0,784.79443
2025-08-11 11:00:00,1038.0,845.69055
2025-08-11 12:00:00,897.0,886.8976
2025-08-11 13:00:00,892.0,905.7468
2025-08-11 14:00:00,703.0,900.8952
2025-08-11 15:00:00,709.0,873.07715
2025-08-11 16:00:00,953.0,824.0294
2025-08-11 17:00:00,1200.0,757.02386
2025-08-11 18:00:00,716.0,677.3078
2025-08-11 19:00:00,646.0,556.95935
2025-08-11 20:00:00,365.0,426.783
2025-08-11 21:00:00,249.0,340.7301
2025-08-11 22:00:00,202.0,264.33963
2025-08-11 23:00:00,101.0,203.11319
2025-08-12 00:00:00,117.0,146.09717
2025-08-12 01:00:00,46.0,126.785645
2025-08-12 02:00:00,58.0,131.17493
2025-08-12 03:00:00,34.0,158.8609
2025-08-12 04:00:00,109.0,208.37103
2025-08-12 05:00:00,237.0,275.30527
2025-08-12 06:00:00,617.0,347.46567
2025-08-12 07:00:00,856.0,516.22125
2025-08-12 08:00:00,770.0,606.67413
2025-08-12 09:00:00,936.0,692.4628
2025-08-12 10:00:00,981.0,767.9947
2025-08-12 11:00:00,883.0,828.3625
2025-08-12 12:00:00,799.0,869.6356
2025-08-12 13:00:00,734.0,888.6169
2025-08-12 14:00:00,688.0,884.0294
2025-08-12 15:00:00,704.0,856.2114
2025-08-12 16:00:00,1001.0,807.2957
2025-08-12 17:00:00,1132.0,740.1581
2025-08-12 18:00:00,926.0,663.4437
2025-08-12 19:00:00,540.0,541.01825
2025-08-12 20:00:00,381.0,411.04004
2025-08-12 21:00:00,297.0,324.65692
2025-08-12 22:00:00,223.0,248.72879
2025-08-12 23:00:00,160.0,187.63443
2025-08-13 00:00:00,75.0,180.03458
2025-08-13 01:00:00,61.0,160.72302
2025-08-13 02:00:00,42.0,164.91418
2025-08-13 03:00:00,33.0,192.73221
2025-08-13 04:00:00,92.0,241.84601
2025-08-13 05:00:00,239.0,309.31384
2025-08-13 06:00:00,640.0,383.07858
2025-08-13 07:00:00,828.0,549.23395
2025-08-13 08:00:00,759.0,639.6868
2025-08-13 09:00:00,885.0,725.4755
2025-08-13 10:00:00,941.0,801.3376
2025-08-13 11:00:00,933.0,861.90356
2025-08-13 12:00:00,871.0,903.04456
2025-08-13 13:00:00,976.0,922.0259
2025-08-13 14:00:00,817.0,917.43835
2025-08-13 15:00:00,818.0,889.6864
2025-08-13 16:00:00,1005.0,840.50653
2025-08-13 17:00:00,1205.0,773.89734
2025-08-13 18:00:00,887.0,659.26196
2025-08-13 19:00:00,612.0,575.4179
2025-08-13 20:00:00,451.0,444.97736
2025-08-13 21:00:00,321.0,359.25473
2025-08-13 22:00:00,269.0,283.06244
2025-08-13 23:00:00,150.0,221.70387
2025-08-14 00:00:00,91.0,238.19
2025-08-14 01:00:00,68.0,218.15193
2025-08-14 02:00:00,37.0,220.95612
2025-08-14 03:00:00,67.0,248.11366
2025-08-14 04:00:00,103.0,297.75583
2025-08-14 05:00:00,268.0,366.01624
2025-08-14 06:00:00,599.0,440.0469
2025-08-14 07:00:00,809.0,606.66284
2025-08-14 08:00:00,827.0,697.0497
2025-08-14 09:00:00,910.0,783.10254
2025-08-14 10:00:00,951.0,859.2289
2025-08-14 11:00:00,947.0,920.125
2025-08-14 12:00:00,843.0,961.53015
2025-08-14 13:00:00,864.0,981.3823
2025-08-14 14:00:00,841.0,976.65576
2025-08-14 15:00:00,883.0,948.4363
2025-08-14 16:00:00,1092.0,899.1243
2025-08-14 17:00:00,1232.0,832.5812
2025-08-14 18:00:00,1010.0,756.2023
2025-08-14 19:00:00,757.0,633.30914
2025-08-14 20:00:00,503.0,502.67047
2025-08-14 21:00:00,434.0,416.6176
2025-08-14 22:00:00,300.0,340.49133
2025-08-14 23:00:00,204.0,279.6612
2025-08-15 00:00:00,137.0,168.96454
2025-08-15 01:00:00,110.0,149.7851
2025-08-15 02:00:00,61.0,153.64603
2025-08-15 03:00:00,72.0,181.86035
2025-08-15 04:00:00,143.0,230.84206
2025-08-15 05:00:00,249.0,297.97964
2025-08-15 06:00:00,423.0,371.0804
2025-08-15 07:00:00,685.0,538.16394
2025-08-15 08:00:00,856.0,628.6168
2025-08-15 09:00:00,1014.0,714.5376
2025-08-15 10:00:00,1057.0,790.7299
2025-08-15 11:00:00,1042.0,851.4941
2025-08-15 12:00:00,856.0,892.4369
2025-08-15 13:00:00,828.0,911.4182
2025-08-15 14:00:00,765.0,907.0949
2025-08-15 15:00:00,809.0,844.5731
2025-08-15 16:00:00,818.0,800.51715
2025-08-15 17:00:00,869.0,734.04004
2025-08-15 18:00:00,847.0,652.725
2025-08-15 19:00:00,764.0,565.4707
2025-08-15 20:00:00,595.0,435.03015
2025-08-15 21:00:00,439.0,348.64703
2025-08-15 22:00:00,364.0,272.38867
2025-08-15 23:00:00,274.0,211.22827
2025-08-16 00:00:00,224.0,177.58496
2025-08-16 01:00:00,180.0,158.07526
2025-08-16 02:00:00,149.0,162.59668
2025-08-16 03:00:00,158.0,190.15051
2025-08-16 04:00:00,200.0,239.19826
2025-08-16 05:00:00,399.0,306.60004
2025-08-16 06:00:00,573.0,380.56293
2025-08-16 07:00:00,756.0,546.9825
2025-08-16 08:00:00,990.0,602.93146
2025-08-16 09:00:00,1184.0,688.7167
2025-08-16 10:00:00,1283.0,800.3428
2025-08-16 11:00:00,1290.0,864.51355
2025-08-16 12:00:00,1135.0,868.6669
2025-08-16 13:00:00,939.0,922.21814
2025-08-16 14:00:00,873.0,917.8949
2025-08-16 15:00:00,773.0,890.34625
2025-08-16 16:00:00,769.0,845.0441
2025-08-16 17:00:00,778.0,742.39453
2025-08-16 18:00:00,629.0,662.6715
2025-08-16 19:00:00,492.0,574.28925
2025-08-16 20:00:00,412.0,443.58453
2025-08-16 21:00:00,305.0,357.2014
2025-08-16 22:00:00,259.0,280.67883
2025-08-16 23:00:00,230.0,219.65054
2025-08-17 00:00:00,180.0,127.62088
2025-08-17 01:00:00,136.0,107.648865
2025-08-17 02:00:00,90.0,111.84
2025-08-17 03:00:00,108.0,140.12036
2025-08-17 04:00:00,150.0,188.83789
2025-08-17 05:00:00,238.0,256.43784
2025-08-17 06:00:00,367.0,337.15155
2025-08-17 07:00:00,595.0,466.05157
2025-08-17 08:00:00,679.0,557.03284
2025-08-17 09:00:00,968.0,679.1869
2025-08-17 10:00:00,1020.0,755.8451
2025-08-17 11:00:00,1104.0,814.47473
2025-08-17 12:00:00,880.0,855.8781
2025-08-17 13:00:00,862.0,873.51416
2025-08-17 14:00:00,776.0,870.73083
2025-08-17 15:00:00,748.0,842.4418
2025-08-17 16:00:00,692.0,793.66345
2025-08-17 17:00:00,700.0,725.3179
2025-08-17 18:00:00,537.0,645.9337
2025-08-17 19:00:00,471.0,524.6554
2025-08-17 20:00:00,375.0,394.61115
2025-08-17 21:00:00,332.0,308.6243
2025-08-17 22:00:00,245.0,231.96968
2025-08-17 23:00:00,140.0,170.74323
2025-08-18 00:00:00,112.0,164.37848
2025-08-18 01:00:00,73.0,145.0669
2025-08-18 02:00:00,68.0,149.25809
2025-08-18 03:00:00,69.0,176.94403
2025-08-18 04:00:00,130.0,226.4541
2025-08-18 05:00:00,324.0,293.58823
2025-08-18 06:00:00,724.0,365.74692
2025-08-18 07:00:00,942.0,534.50256
2025-08-18 08:00:00,861.0,625.2196
2025-08-18 09:00:00,931.0,711.2064
2025-08-18 10:00:00,1083.0,787.20056
2025-08-18 11:00:00,1011.0,847.63446
2025-08-18 12:00:00,843.0,888.8415
2025-08-18 13:00:00,736.0,907.49255
2025-08-18 14:00:00,686.0,903.43353
2025-08-18 15:00:00,764.0,875.74756
2025-08-18 16:00:00,961.0,826.5016
2025-08-18 17:00:00,1312.0,759.6282
2025-08-18 18:00:00,929.0,679.4429
2025-08-18 19:00:00,563.0,559.56024
2025-08-18 20:00:00,359.0,429.7176
2025-08-18 21:00:00,248.0,343.59863
2025-08-18 22:00:00,203.0,267.01004
2025-08-18 23:00:00,119.0,205.45337
2025-08-19 00:00:00,77.0,148.6977
2025-08-19 01:00:00,54.0,129.3201
2025-08-19 02:00:00,30.0,133.51132
2025-08-19 03:00:00,57.0,161.46143
2025-08-19 04:00:00,98.0,210.70734
2025-08-19 05:00:00,258.0,278.30728
2025-08-19 06:00:00,673.0,353.1444
2025-08-19 07:00:00,840.0,519.0895
2025-08-19 08:00:00,735.0,609.1426
2025-08-19 09:00:00,910.0,695.26154
2025-08-19 10:00:00,884.0,770.8594
2025-08-19 11:00:00,811.0,831.62354
2025-08-19 12:00:00,789.0,872.4342
2025-08-19 13:00:00,653.0,891.48157
2025-08-19 14:00:00,637.0,886.8941
2025-08-19 15:00:00,758.0,858.878
2025-08-19 16:00:00,1000.0,809.9623
2025-08-19 17:00:00,1263.0,746.2974
2025-08-19 18:00:00,865.0,631.7385
2025-08-19 19:00:00,535.0,596.6391
2025-08-19 20:00:00,341.0,415.4899
2025-08-19 21:00:00,290.0,328.18213
2025-08-19 22:00:00,203.0,251.13116
2025-08-19 23:00:00,134.0,189.97076
2025-08-20 00:00:00,89.0,182.03659
2025-08-20 01:00:00,43.0,162.59296
2025-08-20 02:00:00,41.0,166.78412
2025-08-20 03:00:00,54.0,194.1398
2025-08-20 04:00:00,90.0,243.2536
2025-08-20 05:00:00,221.0,272.82397
2025-08-20 06:00:00,591.0,392.71143
2025-08-20 07:00:00,745.0,520.59937
2025-08-20 08:00:00,646.0,611.5146
2025-08-20 09:00:00,745.0,620.0126
2025-08-20 10:00:00,750.0,774.7505
2025-08-20 11:00:00,844.0,836.1751
2025-08-20 12:00:00,775.0,875.2372
2025-08-20 13:00:00,755.0,893.87964
2025-08-20 14:00:00,735.0,888.95325
2025-08-20 15:00:00,816.0,865.3449
2025-08-20 16:00:00,1032.0,816.6274
2025-08-20 17:00:00,1256.0,751.0302
2025-08-20 18:00:00,960.0,597.3383
2025-08-20 19:00:00,653.0,531.92316
2025-08-20 20:00:00,363.0,507.22992
2025-08-20 21:00:00,300.0,396.7998
2025-08-20 22:00:00,159.0,296.16425
2025-08-20 23:00:00,88.0,212.10101
2025-08-21 00:00:00,65.0,209.68353
2025-08-21 01:00:00,54.0,194.90399
2025-08-21 02:00:00,38.0,200.92117
2025-08-21 03:00:00,47.0,228.475
2025-08-21 04:00:00,89.0,276.64276
2025-08-21 05:00:00,222.0,333.30804
2025-08-21 06:00:00,631.0,451.1053
2025-08-21 07:00:00,801.0,580.9513
2025-08-21 08:00:00,777.0,670.72235
2025-08-21 09:00:00,732.0,757.43567
2025-08-21 10:00:00,831.0,790.5925
2025-08-21 11:00:00,867.0,869.7275
2025-08-21 12:00:00,808.0,917.6013
2025-08-21 13:00:00,708.0,936.7594
2025-08-21 14:00:00,791.0,896.61914
2025-08-21 15:00:00,833.0,856.0852
2025-08-21 16:00:00,1013.0,822.30597
2025-08-21 17:00:00,1298.0,759.9645
2025-08-21 18:00:00,1124.0,680.32886
2025-08-21 19:00:00,811.0,576.3461
2025-08-21 20:00:00,417.0,472.9344
2025-08-21 21:00:00,345.0,402.10538
2025-08-21 22:00:00,290.0,332.62268
2025-08-21 23:00:00,161.0,246.40321
2025-08-22 00:00:00,98.0,280.62567
2025-08-22 01:00:00,53.0,260.91785
2025-08-22 02:00:00,63.0,264.9769
2025-08-22 03:00:00,85.0,292.46472
2025-08-22 04:00:00,134.0,341.3143
2025-08-22 05:00:00,260.0,408.4519
2025-08-22 06:00:00,670.0,489.0996
2025-08-22 07:00:00,812.0,617.80145
2025-08-22 08:00:00,861.0,707.7155
2025-08-22 09:00:00,952.0,791.9573
2025-08-22 10:00:00,1085.0,906.45996
2025-08-22 11:00:00,1022.0,929.84015
2025-08-22 12:00:00,911.0,1009.08984
2025-08-22 13:00:00,898.0,1026.6632
2025-08-22 14:00:00,937.0,1022.33826
2025-08-22 15:00:00,1059.0,957.6751
2025-08-22 16:00:00,1376.0,910.69916
2025-08-22 17:00:00,1414.0,845.7012
2025-08-22 18:00:00,1242.0,765.05176
2025-08-22 19:00:00,925.0,676.8676
2025-08-22 20:00:00,657.0,546.03076
2025-08-22 21:00:00,506.0,459.05328
2025-08-22 22:00:00,433.0,382.59677
2025-08-22 23:00:00,302.0,321.70056
2025-08-23 00:00:00,279.0,181.81845
2025-08-23 01:00:00,229.0,161.97852
2025-08-23 02:00:00,162.0,166.16968
2025-08-23 03:00:00,172.0,193.9877
2025-08-23 04:00:00,258.0,243.10152
2025-08-23 05:00:00,414.0,310.56937
2025-08-23 06:00:00,612.0,391.67938
2025-08-23 07:00:00,840.0,520.7775
2025-08-23 08:00:00,1081.0,611.29297
2025-08-23 09:00:00,1263.0,697.14246
2025-08-23 10:00:00,1183.0,773.4009
2025-08-23 11:00:00,1249.0,834.49524
2025-08-23 12:00:00,1076.0,876.03076
2025-08-23 13:00:00,1060.0,893.9344
2025-08-23 14:00:00,991.0,926.2512
2025-08-23 15:00:00,862.0,864.2612
2025-08-23 16:00:00,831.0,816.01306
2025-08-23 17:00:00,831.0,747.9403
2025-08-23 18:00:00,665.0,664.6819
2025-08-23 19:00:00,508.0,579.9097
2025-08-23 20:00:00,390.0,449.00687
2025-08-23 21:00:00,344.0,362.29352
2025-08-23 22:00:00,296.0,285.70493
2025-08-23 23:00:00,263.0,224.14824
2025-08-24 00:00:00,213.0,131.32071
2025-08-24 01:00:00,132.0,112.273346
2025-08-24 02:00:00,128.0,116.59662
2025-08-24 03:00:00,122.0,144.41464
2025-08-24 04:00:00,169.0,193.92471
2025-08-24 05:00:00,271.0,261.65674
2025-08-24 06:00:00,416.0,334.3473
2025-08-24 07:00:00,625.0,502.43546
2025-08-24 08:00:00,944.0,592.7562
2025-08-24 09:00:00,1267.0,679.13934
2025-08-24 10:00:00,1327.0,755.13354
2025-08-24 11:00:00,1319.0,815.8316
2025-08-24 12:00:00,1061.0,857.3062
2025-08-24 13:00:00,950.0,880.16187
2025-08-24 14:00:00,869.0,874.09875
2025-08-24 15:00:00,751.0,809.0983
2025-08-24 16:00:00,768.0,796.09094
2025-08-24 17:00:00,693.0,728.6196
2025-08-24 18:00:00,598.0,650.4366
2025-08-24 19:00:00,491.0,529.2799
2025-08-24 20:00:00,464.0,398.70728
2025-08-24 21:00:00,251.0,312.19202
2025-08-24 22:00:00,182.0,235.73553
2025-08-24 23:00:00,136.0,173.98074
2025-08-25 00:00:00,110.0,167.67639
2025-08-25 01:00:00,90.0,148.89325
2025-08-25 02:00:00,68.0,153.15045
2025-08-25 03:00:00,75.0,180.77036
2025-08-25 04:00:00,140.0,229.61996
2025-08-25 05:00:00,344.0,297.02173
2025-08-25 06:00:00,746.0,371.38614
2025-08-25 07:00:00,933.0,537.5363
2025-08-25 08:00:00,818.0,628.0552
2025-08-25 09:00:00,1075.0,714.04205
2025-08-25 10:00:00,1118.0,789.8381
2025-08-25 11:00:00,923.0,850.338
2025-08-25 12:00:00,756.0,891.74316
2025-08-25 13:00:00,765.0,910.7245
2025-08-25 14:00:00,694.0,906.137
2025-08-25 15:00:00,761.0,878.4511
2025-08-25 16:00:00,979.0,829.5354
2025-08-25 17:00:00,1237.0,762.59595
2025-08-25 18:00:00,938.0,648.50806
2025-08-25 19:00:00,573.0,562.86163
2025-08-25 20:00:00,359.0,432.68527
2025-08-25 21:00:00,263.0,346.36823
2025-08-25 22:00:00,245.0,269.7796
2025-08-25 23:00:00,107.0,208.68524
2025-08-26 00:00:00,55.0,151.72562
2025-08-26 01:00:00,47.0,132.34802
2025-08-26 02:00:00,43.0,136.47314
2025-08-26 03:00:00,43.0,163.96094
2025-08-26 04:00:00,70.0,213.47105
2025-08-26 05:00:00,262.0,280.87286
2025-08-26 06:00:00,698.0,352.63522
2025-08-26 07:00:00,848.0,520.52875
2025-08-26 08:00:00,841.0,610.9816
2025-08-26 09:00:00,916.0,696.9024
2025-08-26 10:00:00,975.0,772.7645
2025-08-26 11:00:00,876.0,833.2644
2025-08-26 12:00:00,716.0,874.5375
2025-08-26 13:00:00,768.0,893.7169
2025-08-26 14:00:00,664.0,889.26154
2025-08-26 15:00:00,760.0,861.6417
2025-08-26 16:00:00,1022.0,813.1258
2025-08-26 17:00:00,1208.0,712.0874
2025-08-26 18:00:00,962.0,633.8418
2025-08-26 19:00:00,557.0,546.3164
2025-08-26 20:00:00,387.0,415.8098
2025-08-26 21:00:00,283.0,327.97366
2025-08-26 22:00:00,228.0,251.64926
2025-08-26 23:00:00,117.0,155.95789
2025-08-27 00:00:00,57.0,145.90591
2025-08-27 01:00:00,59.0,128.48645
2025-08-27 02:00:00,48.0,168.5509
2025-08-27 03:00:00,33.0,196.0387
2025-08-27 04:00:00,67.0,206.85876
2025-08-27 05:00:00,253.0,312.42218
2025-08-27 06:00:00,637.0,392.33466
2025-08-27 07:00:00,788.0,554.9408
2025-08-27 08:00:00,765.0,646.5321
2025-08-27 09:00:00,733.0,696.61066
2025-08-27 10:00:00,796.0,808.3063
2025-08-27 11:00:00,820.0,866.99335
2025-08-27 12:00:00,759.0,909.67426
2025-08-27 13:00:00,802.0,892.07983
2025-08-27 14:00:00,668.0,891.7595
2025-08-27 15:00:00,816.0,866.7368
2025-08-27 16:00:00,1042.0,809.41565
2025-08-27 17:00:00,1237.0,752.2599
2025-08-27 18:00:00,959.0,670.0075
2025-08-27 19:00:00,572.0,582.1588
2025-08-27 20:00:00,417.0,451.18994
2025-08-27 21:00:00,314.0,364.2124
2025-08-27 22:00:00,216.0,287.6238
2025-08-27 23:00:00,135.0,226.59549
2025-08-28 00:00:00,63.0,242.67445
2025-08-28 01:00:00,40.0,222.2401
2025-08-28 02:00:00,32.0,226.16707
2025-08-28 03:00:00,45.0,253.78697
2025-08-28 04:00:00,62.0,302.83472
2025-08-28 05:00:00,214.0,369.90628
2025-08-28 06:00:00,600.0,431.84125
2025-08-28 07:00:00,735.0,554.78925
2025-08-28 08:00:00,646.0,629.1383
2025-08-28 09:00:00,685.0,692.06885
2025-08-28 10:00:00,818.0,770.9458
2025-08-28 11:00:00,716.0,820.072
2025-08-28 12:00:00,749.0,940.22095
2025-08-28 13:00:00,792.0,958.8506
2025-08-28 14:00:00,690.0,954.7255
2025-08-28 15:00:00,797.0,928.11774
2025-08-28 16:00:00,1065.0,877.9918
2025-08-28 17:00:00,1384.0,810.7881
2025-08-28 18:00:00,986.0,730.07434
2025-08-28 19:00:00,693.0,641.8225
2025-08-28 20:00:00,411.0,511.05173
2025-08-28 21:00:00,352.0,424.14023
2025-08-28 22:00:00,236.0,347.15533
2025-08-28 23:00:00,164.0,262.24323
2025-08-29 00:00:00,105.0,352.41635
2025-08-29 01:00:00,73.0,242.4843
2025-08-29 02:00:00,48.0,231.4069
2025-08-29 03:00:00,52.0,295.4945
2025-08-29 04:00:00,111.0,343.9265
2025-08-29 05:00:00,260.0,411.52646
2025-08-29 06:00:00,586.0,488.69962
2025-08-29 07:00:00,778.0,651.9089
2025-08-29 08:00:00,730.0,742.4295
2025-08-29 09:00:00,952.0,831.2182
2025-08-29 10:00:00,943.0,908.7506
2025-08-29 11:00:00,889.0,968.77435
2025-08-29 12:00:00,898.0,1008.3058
2025-08-29 13:00:00,882.0,1028.3525
2025-08-29 14:00:00,907.0,1025.1677
2025-08-29 15:00:00,1001.0,963.64014
2025-08-29 16:00:00,1344.0,837.0375
2025-08-29 17:00:00,1214.0,778.78906
2025-08-29 18:00:00,1032.0,690.77124
2025-08-29 19:00:00,954.0,680.8882
2025-08-29 20:00:00,676.0,548.8411
2025-08-29 21:00:00,466.0,462.32596
2025-08-29 22:00:00,413.0,385.47314
2025-08-29 23:00:00,315.0,324.1146
2025-08-30 00:00:00,262.0,183.69711
2025-08-30 01:00:00,153.0,163.92322
2025-08-30 02:00:00,140.0,167.85019
2025-08-30 03:00:00,144.0,195.66821
2025-08-30 04:00:00,267.0,244.64992
2025-08-30 05:00:00,392.0,311.91962
2025-08-30 06:00:00,631.0,392.63336
2025-08-30 07:00:00,808.0,521.5994
2025-08-30 08:00:00,951.0,610.9173
2025-08-30 09:00:00,1067.0,697.6307
2025-08-30 10:00:00,995.0,772.95044
2025-08-30 11:00:00,1006.0,834.4429
2025-08-30 12:00:00,934.0,873.77783
2025-08-30 13:00:00,897.0,896.696
2025-08-30 14:00:00,778.0,892.9081
2025-08-30 15:00:00,823.0,861.20886
2025-08-30 16:00:00,716.0,850.8069
2025-08-30 17:00:00,792.0,745.81775
2025-08-30 18:00:00,682.0,665.90704
2025-08-30 19:00:00,510.0,580.92975
2025-08-30 20:00:00,424.0,450.09296
2025-08-30 21:00:00,348.0,364.04004
2025-08-30 22:00:00,281.0,287.7817
2025-08-30 23:00:00,223.0,225.89479
2025-08-31 00:00:00,172.0,133.3241
2025-08-31 01:00:00,142.0,114.276764
2025-08-31 02:00:00,113.0,119.06235
2025-08-31 03:00:00,119.0,146.41803
2025-08-31 04:00:00,162.0,195.5979
2025-08-31 05:00:00,293.0,262.8676
2025-08-31 06:00:00,427.0,335.82928
2025-08-31 07:00:00,623.0,502.91977
2025-08-31 08:00:00,864.0,593.5708
2025-08-31 09:00:00,1221.0,679.3595
2025-08-31 10:00:00,1253.0,755.02344
2025-08-31 11:00:00,1096.0,816.389
2025-08-31 12:00:00,917.0,857.1926
2025-08-31 13:00:00,748.0,876.5043
2025-08-31 14:00:00,741.0,871.98285
2025-08-31 15:00:00,742.0,844.09875
2025-08-31 16:00:00,638.0,795.11707
2025-08-31 17:00:00,603.0,728.17755
2025-08-31 18:00:00,600.0,612.48364
2025-08-31 19:00:00,509.0,529.1698
2025-08-31 20:00:00,423.0,398.33295
2025-08-31 21:00:00,303.0,311.81775
2025-08-31 22:00:00,235.0,235.62544
2025-08-31 23:00:00,147.0,174.00272
2025-09-01 00:00:00,92.0,140.92892
2025-09-01 01:00:00,58.0,120.69275
2025-09-01 02:00:00,56.0,124.35547
2025-09-01 03:00:00,87.0,152.04144
2025-09-01 04:00:00,104.0,201.35333
2025-09-01 05:00:00,280.0,268.62305
2025-09-01 06:00:00,695.0,349.0726
2025-09-01 07:00:00,787.0,477.7067
2025-09-01 08:00:00,721.0,569.15204
2025-09-01 09:00:00,836.0,656.724
2025-09-01 10:00:00,891.0,733.2465
2025-09-01 11:00:00,917.0,790.4666
2025-09-01 12:00:00,808.0,870.7157
2025-09-01 13:00:00,720.0,854.52747
2025-09-01 14:00:00,626.0,850.99854
2025-09-01 15:00:00,750.0,823.7749
2025-09-01 16:00:00,933.0,775.1234
2025-09-01 17:00:00,1197.0,707.8537
2025-09-01 18:00:00,824.0,627.14
2025-09-01 19:00:00,513.0,601.43475
2025-09-01 20:00:00,316.0,371.60687
2025-09-01 21:00:00,220.0,322.98914
2025-09-01 22:00:00,159.0,245.93816
2025-09-01 23:00:00,78.0,184.64569
2025-09-02 00:00:00,49.0,127.74423
2025-09-02 01:00:00,15.0,108.63086
2025-09-02 02:00:00,22.0,112.29367
2025-09-02 03:00:00,43.0,139.71545
2025-09-02 04:00:00,73.0,188.63101
2025-09-02 05:00:00,236.0,255.63654
2025-09-02 06:00:00,641.0,336.35022
2025-09-02 07:00:00,792.0,464.7219
2025-09-02 08:00:00,675.0,555.505
2025-09-02 09:00:00,786.0,641.95416
2025-09-02 10:00:00,750.0,718.7409
2025-09-02 11:00:00,824.0,780.4957
2025-09-02 12:00:00,702.0,745.62225
2025-09-02 13:00:00,718.0,842.005
2025-09-02 14:00:00,829.0,837.1534
2025-09-02 15:00:00,778.0,809.2693
2025-09-02 16:00:00,1006.0,760.2215
2025-09-02 17:00:00,1211.0,693.4141
2025-09-02 18:00:00,835.0,613.559
2025-09-02 19:00:00,547.0,525.4392
2025-09-02 20:00:00,364.0,394.66846
2025-09-02 21:00:00,247.0,308.02115
2025-09-02 22:00:00,235.0,231.76277
2025-09-02 23:00:00,113.0,170.27216
2025-09-03 00:00:00,53.0,161.79526
2025-09-03 01:00:00,29.0,141.95535
2025-09-03 02:00:00,26.0,145.94836
2025-09-03 03:00:00,36.0,173.8324
2025-09-03 04:00:00,74.0,223.07831
2025-09-03 05:00:00,275.0,290.34802
2025-09-03 06:00:00,631.0,370.52814
2025-09-03 07:00:00,816.0,495.56262
2025-09-03 08:00:00,800.0,588.4245
2025-09-03 09:00:00,909.0,673.13556
2025-09-03 10:00:00,924.0,751.4014
2025-09-03 11:00:00,915.0,812.63135
2025-09-03 12:00:00,760.0,850.5568
2025-09-03 13:00:00,782.0,905.30566
2025-09-03 14:00:00,739.0,900.7182
2025-09-03 15:00:00,832.0,872.8341
2025-09-03 16:00:00,1080.0,823.85236
2025-09-03 17:00:00,1357.0,757.7837
2025-09-03 18:00:00,1016.0,643.2283
2025-09-03 19:00:00,686.0,557.0465
2025-09-03 20:00:00,440.0,427.00223
2025-09-03 21:00:00,316.0,340.28888
2025-09-03 22:00:00,235.0,264.09656
2025-09-03 23:00:00,110.0,201.94547
2025-09-04 00:00:00,61.0,218.016
2025-09-04 01:00:00,37.0,198.17609
2025-09-04 02:00:00,34.0,201.31049
2025-09-04 03:00:00,37.0,228.99643
2025-09-04 04:00:00,70.0,278.11023
2025-09-04 05:00:00,247.0,345.71014
2025-09-04 06:00:00,646.0,424.81784
2025-09-04 07:00:00,825.0,551.58
2025-09-04 08:00:00,841.0,677.47534
2025-09-04 09:00:00,824.0,763.596
2025-09-04 10:00:00,824.0,802.88586
2025-09-04 11:00:00,807.0,866.3806
2025-09-04 12:00:00,749.0,911.0499
2025-09-04 13:00:00,754.0,852.7405
2025-09-04 14:00:00,740.0,850.28796
2025-09-04 15:00:00,813.0,898.5956
2025-09-04 16:00:00,1002.0,847.4777
2025-09-04 17:00:00,1045.0,778.7343
2025-09-04 18:00:00,973.0,666.7803
2025-09-04 19:00:00,726.0,585.3701
2025-09-04 20:00:00,454.0,477.09616
2025-09-04 21:00:00,308.0,376.12634
2025-09-04 22:00:00,222.0,322.4969
2025-09-04 23:00:00,143.0,261.27048
2025-09-05 00:00:00,71.0,257.24976
2025-09-05 01:00:00,39.0,237.34377
2025-09-05 02:00:00,47.0,203.9891
2025-09-05 03:00:00,44.0,231.54292
2025-09-05 04:00:00,81.0,288.97284
2025-09-05 05:00:00,284.0,400.28824
2025-09-05 06:00:00,644.0,488.63623
2025-09-05 07:00:00,787.0,538.95953
2025-09-05 08:00:00,839.0,666.022
2025-09-05 09:00:00,993.0,729.48096
2025-09-05 10:00:00,1031.0,798.76556
2025-09-05 11:00:00,980.0,872.01746
2025-09-05 12:00:00,799.0,953.7916
2025-09-05 13:00:00,914.0,892.6178
2025-09-05 14:00:00,947.0,1001.208
2025-09-05 15:00:00,1133.0,971.9873
2025-09-05 16:00:00,1385.0,922.9396
2025-09-05 17:00:00,1545.0,822.0315
2025-09-05 18:00:00,1300.0,742.9168
2025-09-05 19:00:00,954.0,656.5299
2025-09-05 20:00:00,686.0,525.561
2025-09-05 21:00:00,453.0,439.11185
2025-09-05 22:00:00,404.0,362.58926
2025-09-05 23:00:00,272.0,301.16467
2025-09-06 00:00:00,182.0,160.8703
2025-09-06 01:00:00,143.0,141.49277
2025-09-06 02:00:00,121.0,145.68387
2025-09-06 03:00:00,142.0,173.43585
2025-09-06 04:00:00,273.0,222.6157
2025-09-06 05:00:00,314.0,290.08356
2025-09-06 06:00:00,601.0,364.1785
2025-09-06 07:00:00,850.0,530.33386
2025-09-06 08:00:00,1147.0,620.8528
2025-09-06 09:00:00,1262.0,706.9057
2025-09-06 10:00:00,1307.0,782.76776
2025-09-06 11:00:00,1257.0,843.5979
2025-09-06 12:00:00,1100.0,884.6068
2025-09-06 13:00:00,1022.0,903.5221
2025-09-06 14:00:00,894.0,898.93463
2025-09-06 15:00:00,832.0,871.05054
2025-09-06 16:00:00,783.0,822.06885
2025-09-06 17:00:00,880.0,758.7377
2025-09-06 18:00:00,682.0,641.5681
2025-09-06 19:00:00,472.0,556.1216
2025-09-06 20:00:00,414.0,425.08658
2025-09-06 21:00:00,335.0,338.3072
2025-09-06 22:00:00,294.0,262.7093
2025-09-06 23:00:00,249.0,201.54892
2025-09-07 00:00:00,147.0,108.90292
2025-09-07 01:00:00,115.0,89.45932
2025-09-07 02:00:00,97.0,93.58441
2025-09-07 03:00:00,83.0,121.204315
2025-09-07 04:00:00,133.0,170.38416
2025-09-07 05:00:00,227.0,237.91806
2025-09-07 06:00:00,352.0,318.4319
2025-09-07 07:00:00,618.0,479.23734
2025-09-07 08:00:00,819.0,568.6213
2025-09-07 09:00:00,1150.0,654.9383
2025-09-07 10:00:00,1292.0,730.9325
2025-09-07 11:00:00,1235.0,791.69666
2025-09-07 12:00:00,982.0,832.8375
2025-09-07 13:00:00,839.0,851.88666
2025-09-07 14:00:00,747.0,847.2975
2025-09-07 15:00:00,709.0,819.34735
2025-09-07 16:00:00,782.0,769.8373
2025-09-07 17:00:00,724.0,702.69965
2025-09-07 18:00:00,585.0,590.2821
2025-09-07 19:00:00,453.0,503.62582
2025-09-07 20:00:00,376.0,373.5155
2025-09-07 21:00:00,301.0,287.06635
2025-09-07 22:00:00,218.0,210.67587
2025-09-07 23:00:00,78.0,149.31735
2025-09-08 00:00:00,82.0,143.26016
2025-09-08 01:00:00,52.0,123.68445
2025-09-08 02:00:00,40.0,127.61139
2025-09-08 03:00:00,49.0,155.29733
2025-09-08 04:00:00,103.0,204.34506
2025-09-08 05:00:00,272.0,271.48267
2025-09-08 06:00:00,678.0,351.26654
2025-09-08 07:00:00,772.0,477.43253
2025-09-08 08:00:00,752.0,569.5557
2025-09-08 09:00:00,869.0,656.5385
2025-09-08 10:00:00,853.0,733.2001
2025-09-08 11:00:00,847.0,793.83203
2025-09-08 12:00:00,687.0,835.2372
2025-09-08 13:00:00,650.0,854.74695
2025-09-08 14:00:00,618.0,850.81995
2025-09-08 15:00:00,691.0,823.33215
2025-09-08 16:00:00,933.0,774.68066
2025-09-08 17:00:00,1203.0,707.7412
2025-09-08 18:00:00,870.0,627.42377
2025-09-08 19:00:00,480.0,538.77563
2025-09-08 20:00:00,291.0,408.33508
2025-09-08 21:00:00,221.0,321.48962
2025-09-08 22:00:00,69.0,244.901
2025-09-08 23:00:00,97.0,183.47641
2025-09-09 00:00:00,55.0,126.499176
2025-09-09 01:00:00,24.0,106.72534
2025-09-09 02:00:00,27.0,110.91647
2025-09-09 03:00:00,24.0,138.5364
2025-09-09 04:00:00,65.0,187.31992
2025-09-09 05:00:00,205.0,237.37267
2025-09-09 06:00:00,576.0,303.6104
2025-09-09 07:00:00,732.0,387.8587
2025-09-09 08:00:00,411.0,555.8451
2025-09-09 09:00:00,581.0,642.5584
2025-09-09 10:00:00,673.0,719.14703
2025-09-09 11:00:00,686.0,780.24133
2025-09-09 12:00:00,624.0,821.0399
2025-09-09 13:00:00,707.0,840.68176
2025-09-09 14:00:00,600.0,834.151
2025-09-09 15:00:00,669.0,806.3295
2025-09-09 16:00:00,1048.0,756.8785
2025-09-09 17:00:00,1263.0,694.0845
2025-09-09 18:00:00,849.0,612.89795
2025-09-09 19:00:00,515.0,525.5812
2025-09-09 20:00:00,313.0,394.81042
2025-09-09 21:00:00,201.0,308.031
2025-09-09 22:00:00,217.0,231.0461
2025-09-09 23:00:00,104.0,169.81967
2025-09-10 00:00:00,53.0,161.9932
2025-09-10 01:00:00,20.0,142.21936
2025-09-10 02:00:00,15.0,146.08029
2025-09-10 03:00:00,29.0,173.43594
2025-09-10 04:00:00,67.0,201.5487
2025-09-10 05:00:00,202.0,270.6444
2025-09-10 06:00:00,545.0,333.44965
2025-09-10 07:00:00,739.0,499.8295
2025-09-10 08:00:00,635.0,590.67865
2025-09-10 09:00:00,650.0,677.59015
2025-09-10 10:00:00,707.0,754.1787
2025-09-10 11:00:00,752.0,815.20703
2025-09-10 12:00:00,718.0,855.00616
2025-09-10 13:00:00,776.0,873.3131
2025-09-10 14:00:00,757.0,871.0635
2025-09-10 15:00:00,803.0,841.9696
2025-09-10 16:00:00,1168.0,828.6284
2025-09-10 17:00:00,1318.0,763.229
2025-09-10 18:00:00,884.0,646.26807
2025-09-10 19:00:00,560.0,559.6222
2025-09-10 20:00:00,328.0,429.31372
2025-09-10 21:00:00,280.0,342.9306
2025-09-10 22:00:00,202.0,266.27594
2025-09-10 23:00:00,105.0,176.69974
2025-09-11 00:00:00,60.0,169.36429
2025-09-11 01:00:00,39.0,149.65646
2025-09-11 02:00:00,22.0,154.19925
2025-09-11 03:00:00,22.0,144.27328
2025-09-11 04:00:00,82.0,193.1229
2025-09-11 05:00:00,235.0,259.44656
2025-09-11 06:00:00,643.0,376.90662
2025-09-11 07:00:00,877.0,504.9428
2025-09-11 08:00:00,845.0,596.5967
2025-09-11 09:00:00,844.0,682.91376
2025-09-11 10:00:00,955.0,759.70056
2025-09-11 11:00:00,927.0,854.6974
2025-09-11 12:00:00,740.0,897.7051
2025-09-11 13:00:00,712.0,881.5724
2025-09-11 14:00:00,769.0,878.1791
2025-09-11 15:00:00,797.0,851.0875
2025-09-11 16:00:00,1108.0,802.2379
2025-09-11 17:00:00,1366.0,734.76654
2025-09-11 18:00:00,1078.0,654.5812
2025-09-11 19:00:00,668.0,566.72906
2025-09-11 20:00:00,433.0,435.29785
2025-09-11 21:00:00,306.0,348.51843
2025-09-11 22:00:00,214.0,272.06192
2025-09-11 23:00:00,128.0,211.56201
2025-09-12 00:00:00,72.0,259.01205
2025-09-12 01:00:00,35.0,239.89865
2025-09-12 02:00:00,37.0,243.03305
2025-09-12 03:00:00,32.0,270.3227
2025-09-12 04:00:00,109.0,320.64673
2025-09-12 05:00:00,260.0,386.44208
2025-09-12 06:00:00,601.0,466.95764
2025-09-12 07:00:00,772.0,525.05707
2025-09-12 08:00:00,789.0,614.34436
2025-09-12 09:00:00,878.0,774.34485
2025-09-12 10:00:00,989.0,850.6033
2025-09-12 11:00:00,922.0,912.1599
2025-09-12 12:00:00,835.0,952.15894
2025-09-12 13:00:00,903.0,973.20514
2025-09-12 14:00:00,892.0,969.0157
2025-09-12 15:00:00,983.0,941.85815
2025-09-12 16:00:00,1252.0,892.8764
2025-09-12 17:00:00,1359.0,825.8708
2025-09-12 18:00:00,1124.0,745.42126
2025-09-12 19:00:00,872.0,656.641
2025-09-12 20:00:00,562.0,526.0684
2025-09-12 21:00:00,408.0,439.35507
2025-09-12 22:00:00,320.0,362.89853
2025-09-12 23:00:00,278.0,301.80414
2025-09-13 00:00:00,189.0,223.29013
2025-09-13 01:00:00,107.0,203.5163
2025-09-13 02:00:00,80.0,207.24509
2025-09-13 03:00:00,85.0,234.66684
2025-09-13 04:00:00,164.0,283.58252
2025-09-13 05:00:00,263.0,350.8522
2025-09-13 06:00:00,469.0,431.89615
2025-09-13 07:00:00,747.0,595.56775
2025-09-13 08:00:00,968.0,683.07623
2025-09-13 09:00:00,1260.0,769.1934
2025-09-13 10:00:00,1195.0,845.1216
2025-09-13 11:00:00,974.0,908.0896
2025-09-13 12:00:00,896.0,947.7566
2025-09-13 13:00:00,771.0,969.0792
2025-09-13 14:00:00,814.0,930.5858
2025-09-13 15:00:00,793.0,903.29614
2025-09-13 16:00:00,882.0,854.5786
2025-09-13 17:00:00,807.0,786.4346
2025-09-13 18:00:00,698.0,707.5198
2025-09-13 19:00:00,497.0,618.73956
2025-09-13 20:00:00,379.0,488.36505
2025-09-13 21:00:00,280.0,401.84982
2025-09-13 22:00:00,244.0,325.32727
2025-09-13 23:00:00,265.0,263.77063
2025-09-14 00:00:00,164.0,138.0784
2025-09-14 01:00:00,109.0,121.20862
2025-09-14 02:00:00,94.0,165.199
2025-09-14 03:00:00,79.0,171.80817
2025-09-14 04:00:00,99.0,209.17334
2025-09-14 05:00:00,172.0,271.03107
2025-09-14 06:00:00,260.0,380.57825
2025-09-14 07:00:00,392.0,507.74713
2025-09-14 08:00:00,651.0,597.802
2025-09-14 09:00:00,985.0,685.4539
2025-09-14 10:00:00,1040.0,759.5692
2025-09-14 11:00:00,954.0,855.5741
2025-09-14 12:00:00,932.0,895.9729
2025-09-14 13:00:00,822.0,915.9536
2025-09-14 14:00:00,705.0,911.56085
2025-09-14 15:00:00,737.0,851.1109
2025-09-14 16:00:00,691.0,799.18304
2025-09-14 17:00:00,712.0,736.2534
2025-09-14 18:00:00,585.0,656.26794
2025-09-14 19:00:00,489.0,567.28955
2025-09-14 20:00:00,230.0,436.38666
2025-09-14 21:00:00,184.0,349.73935
2025-09-14 22:00:00,116.0,273.01868
2025-09-14 23:00:00,63.0,211.59412
2025-09-15 00:00:00,39.0,142.94205
2025-09-15 01:00:00,27.0,123.56448
2025-09-15 02:00:00,18.0,128.01978
2025-09-15 03:00:00,10.0,155.63962
2025-09-15 04:00:00,46.0,204.75342
2025-09-15 05:00:00,185.0,271.95706
2025-09-15 06:00:00,684.0,348.99295
2025-09-15 07:00:00,860.0,512.66974
2025-09-15 08:00:00,860.0,603.0566
2025-09-15 09:00:00,955.0,689.0434
2025-09-15 10:00:00,985.0,763.91473
2025-09-15 11:00:00,949.0,824.6128
2025-09-15 12:00:00,762.0,867.6936
2025-09-15 13:00:00,761.0,886.6054
2025-09-15 14:00:00,607.0,880.61005
2025-09-15 15:00:00,752.0,856.1274
2025-09-15 16:00:00,965.0,808.08075
2025-09-15 17:00:00,1294.0,738.59143
2025-09-15 18:00:00,832.0,627.0343
2025-09-15 19:00:00,475.0,539.4695
2025-09-15 20:00:00,309.0,372.93616
2025-09-15 21:00:00,178.0,292.03107
2025-09-15 22:00:00,165.0,245.90375
2025-09-15 23:00:00,79.0,150.23373
2025-09-16 00:00:00,50.0,89.79111
2025-09-16 01:00:00,22.0,108.509155
2025-09-16 02:00:00,25.0,112.83243
2025-09-16 03:00:00,18.0,140.18814
2025-09-16 04:00:00,77.0,189.36792
2025-09-16 05:00:00,186.0,256.63763
2025-09-16 06:00:00,580.0,337.61554
2025-09-16 07:00:00,741.0,466.58163
2025-09-16 08:00:00,700.0,557.56287
2025-09-16 09:00:00,697.0,644.3423
2025-09-16 10:00:00,775.0,720.9309
2025-09-16 11:00:00,746.0,781.7593
2025-09-16 12:00:00,705.0,823.1609
2025-09-16 13:00:00,682.0,840.40247
2025-09-16 14:00:00,699.0,837.6852
2025-09-16 15:00:00,726.0,810.86487
2025-09-16 16:00:00,1048.0,762.47754
2025-09-16 17:00:00,1318.0,695.80225
2025-09-16 18:00:00,852.0,615.4848
2025-09-16 19:00:00,501.0,526.96875
2025-09-16 20:00:00,285.0,395.99982
2025-09-16 21:00:00,209.0,309.15436
2025-09-16 22:00:00,180.0,232.896
2025-09-16 23:00:00,124.0,171.40536
2025-09-17 00:00:00,50.0,163.63324
2025-09-17 01:00:00,25.0,144.12354
2025-09-17 02:00:00,16.0,148.31473
2025-09-17 03:00:00,20.0,175.73645
2025-09-17 04:00:00,59.0,224.91629
2025-09-17 05:00:00,194.0,292.186
2025-09-17 06:00:00,576.0,372.89972
2025-09-17 07:00:00,748.0,499.39594
2025-09-17 08:00:00,704.0,623.7478
2025-09-17 09:00:00,759.0,710.0649
2025-09-17 10:00:00,809.0,752.35297
2025-09-17 11:00:00,799.0,814.78735
2025-09-17 12:00:00,720.0,889.2851
2025-09-17 13:00:00,798.0,910.60596
2025-09-17 14:00:00,685.0,869.109
2025-09-17 15:00:00,812.0,841.2875
2025-09-17 16:00:00,990.0,827.40753
2025-09-17 17:00:00,1238.0,761.26587
2025-09-17 18:00:00,880.0,649.38196
2025-09-17 19:00:00,585.0,560.40356
2025-09-17 20:00:00,346.0,429.83093
2025-09-17 21:00:00,320.0,343.31573
2025-09-17 22:00:00,202.0,267.1234
2025-09-17 23:00:00,115.0,205.8309
2025-09-18 00:00:00,68.0,221.87923
2025-09-18 01:00:00,34.0,202.17139
2025-09-18 02:00:00,26.0,206.29651
2025-09-18 03:00:00,27.0,233.9164
2025-09-18 04:00:00,73.0,283.1623
2025-09-18 05:00:00,233.0,349.96967
2025-09-18 06:00:00,638.0,426.53622
2025-09-18 07:00:00,866.0,590.41815
2025-09-18 08:00:00,957.0,680.871
2025-09-18 09:00:00,1008.0,766.85785
2025-09-18 10:00:00,994.0,842.72
2025-09-18 11:00:00,916.0,903.48413
2025-09-18 12:00:00,685.0,944.4929
2025-09-18 13:00:00,734.0,963.6724
2025-09-18 14:00:00,788.0,959.08496
2025-09-18 15:00:00,787.0,931.333
2025-09-18 16:00:00,1079.0,882.2192
2025-09-18 17:00:00,1354.0,816.8735
2025-09-18 18:00:00,1098.0,704.854
2025-09-18 19:00:00,670.0,617.39465
2025-09-18 20:00:00,396.0,486.55786
2025-09-18 21:00:00,332.0,400.1087
2025-09-18 22:00:00,210.0,323.98242
2025-09-18 23:00:00,133.0,262.75598
2025-09-19 00:00:00,71.0,258.9107
2025-09-19 01:00:00,29.0,239.40102
2025-09-19 02:00:00,26.0,243.85637
2025-09-19 03:00:00,29.0,271.34418
2025-09-19 04:00:00,73.0,320.45798
2025-09-19 05:00:00,239.0,387.66165
2025-09-19 06:00:00,603.0,464.49414
2025-09-19 07:00:00,854.0,628.1101
2025-09-19 08:00:00,903.0,718.629
2025-09-19 09:00:00,977.0,804.6819
2025-09-19 10:00:00,859.0,880.6101
2025-09-19 11:00:00,1057.0,940.8458
2025-09-19 12:00:00,987.0,981.85474
2025-09-19 13:00:00,726.0,1000.9021
2025-09-19 14:00:00,719.0,996.3146
2025-09-19 15:00:00,1064.0,968.69476
2025-09-19 16:00:00,1338.0,919.38275
2025-09-19 17:00:00,1433.0,854.23865
2025-09-19 18:00:00,1177.0,742.0836
2025-09-19 19:00:00,804.0,654.4922
2025-09-19 20:00:00,577.0,524.11774
2025-09-19 21:00:00,424.0,437.33832
2025-09-19 22:00:00,336.0,361.146
2025-09-19 23:00:00,256.0,299.8535
2025-09-20 00:00:00,151.0,159.27176
2025-09-20 01:00:00,94.0,139.63007
2025-09-20 02:00:00,56.0,143.62299
2025-09-20 03:00:00,70.0,171.11078
2025-09-20 04:00:00,161.0,220.3567
2025-09-20 05:00:00,315.0,288.41895
2025-09-20 06:00:00,533.0,365.25317
2025-09-20 07:00:00,804.0,528.4711
2025-09-20 08:00:00,1128.0,618.79193
2025-09-20 09:00:00,1409.0,704.64667
2025-09-20 10:00:00,1405.0,780.5748
2025-09-20 11:00:00,1356.0,841.47107
2025-09-20 12:00:00,1309.0,882.2157
2025-09-20 13:00:00,1004.0,900.93286
2025-09-20 14:00:00,936.0,895.9491
2025-09-20 15:00:00,827.0,868.3292
2025-09-20 16:00:00,792.0,819.54565
2025-09-20 17:00:00,755.0,755.1351
2025-09-20 18:00:00,637.0,642.70886
2025-09-20 19:00:00,490.0,554.457
2025-09-20 20:00:00,365.0,424.21457
2025-09-20 21:00:00,292.0,337.50122
2025-09-20 22:00:00,243.0,261.11078
2025-09-20 23:00:00,245.0,199.75223
2025-09-21 00:00:00,165.0,107.28076
2025-09-21 01:00:00,105.0,87.96924
2025-09-21 02:00:00,76.0,92.09433
2025-09-21 03:00:00,44.0,120.176544
2025-09-21 04:00:00,74.0,169.09222
2025-09-21 05:00:00,113.0,236.36192
2025-09-21 06:00:00,219.0,316.61328
2025-09-21 07:00:00,400.0,443.10953
2025-09-21 08:00:00,596.0,568.66595
2025-09-21 09:00:00,780.0,653.8445
2025-09-21 10:00:00,955.0,729.5745
2025-09-21 11:00:00,878.0,790.9435
2025-09-21 12:00:00,910.0,798.84595
2025-09-21 13:00:00,733.0,819.6244
2025-09-21 14:00:00,693.0,816.0277
2025-09-21 15:00:00,703.0,786.4629
2025-09-21 16:00:00,802.0,739.8849
2025-09-21 17:00:00,634.0,673.61115
2025-09-21 18:00:00,533.0,518.31274
2025-09-21 19:00:00,375.0,492.74152
2025-09-21 20:00:00,184.0,359.18896
2025-09-21 21:00:00,131.0,269.43942
2025-09-21 22:00:00,104.0,175.62418
2025-09-21 23:00:00,57.0,150.53522
2025-09-22 00:00:00,35.0,93.09894
2025-09-22 01:00:00,11.0,112.63086
2025-09-22 02:00:00,15.0,115.67786
2025-09-22 03:00:00,9.0,66.23169
2025-09-22 04:00:00,24.0,154.79962
2025-09-22 05:00:00,185.0,238.28389
2025-09-22 06:00:00,649.0,338.35913
2025-09-22 07:00:00,723.0,422.52002
2025-09-22 08:00:00,669.0,510.0474
2025-09-22 09:00:00,628.0,576.0802
2025-09-22 10:00:00,702.0,726.2201
2025-09-22 11:00:00,704.0,787.64465
2025-09-22 12:00:00,653.0,829.6443
2025-09-22 13:00:00,701.0,849.15393
2025-09-22 14:00:00,641.0,845.0289
2025-09-22 15:00:00,642.0,817.40894
2025-09-22 16:00:00,978.0,714.67645
2025-09-22 17:00:00,1209.0,629.76245
2025-09-22 18:00:00,795.0,620.70795
2025-09-22 19:00:00,430.0,453.58026
2025-09-22 20:00:00,243.0,327.94104
2025-09-22 21:00:00,184.0,235.5266
2025-09-22 22:00:00,145.0,177.64703
2025-09-22 23:00:00,76.0,175.63779
2025-09-23 00:00:00,38.0,130.9047
2025-09-23 01:00:00,21.0,111.26297
2025-09-23 02:00:00,12.0,116.268036
2025-09-23 03:00:00,10.0,84.44766
2025-09-23 04:00:00,60.0,154.9061
2025-09-23 05:00:00,205.0,259.45746
2025-09-23 06:00:00,557.0,340.5014
2025-09-23 07:00:00,732.0,374.8247
2025-09-23 08:00:00,620.0,560.4487
2025-09-23 09:00:00,586.0,647.2942
2025-09-23 10:00:00,566.0,724.08093
2025-09-23 11:00:00,671.0,785.3074
2025-09-23 12:00:00,610.0,826.8446
2025-09-23 13:00:00,648.0,846.09015
2025-09-23 14:00:00,616.0,778.5255
2025-09-23 15:00:00,734.0,815.20374
2025-09-23 16:00:00,997.0,695.2893
2025-09-23 17:00:00,1213.0,639.8343
2025-09-23 18:00:00,909.0,599.79974
2025-09-23 19:00:00,466.0,458.04193
2025-09-23 20:00:00,284.0,378.5451
2025-09-23 21:00:00,199.0,314.04303
2025-09-23 22:00:00,137.0,235.91396
2025-09-23 23:00:00,97.0,143.63177
2025-09-24 00:00:00,55.0,127.881836
2025-09-24 01:00:00,27.0,146.3357
2025-09-24 02:00:00,17.0,150.3287
2025-09-24 03:00:00,15.0,177.81647
2025-09-24 04:00:00,61.0,172.34122
2025-09-24 05:00:00,164.0,294.13397
2025-09-24 06:00:00,569.0,374.9137
2025-09-24 07:00:00,709.0,402.36166
2025-09-24 08:00:00,633.0,482.8978
2025-09-24 09:00:00,601.0,681.3762
2025-09-24 10:00:00,705.0,758.0969
2025-09-24 11:00:00,736.0,820.73175
2025-09-24 12:00:00,638.0,750.5399
2025-09-24 13:00:00,745.0,785.1316
2025-09-24 14:00:00,638.0,877.302
2025-09-24 15:00:00,755.0,849.88025
2025-09-24 16:00:00,1008.0,800.89844
2025-09-24 17:00:00,1241.0,733.8269
2025-09-24 18:00:00,864.0,539.22784
2025-09-24 19:00:00,528.0,487.26178
2025-09-24 20:00:00,288.0,433.69424
2025-09-24 21:00:00,224.0,271.23224
2025-09-24 22:00:00,191.0,237.57658
2025-09-24 23:00:00,112.0,208.63745
2025-09-25 00:00:00,51.0,221.05617
2025-09-25 01:00:00,34.0,163.25275
2025-09-25 02:00:00,15.0,205.40741
2025-09-25 03:00:00,23.0,232.7631
2025-09-25 04:00:00,67.0,280.79877
2025-09-25 05:00:00,209.0,348.00247
2025-09-25 06:00:00,598.0,350.1955
2025-09-25 07:00:00,769.0,557.68225
2025-09-25 08:00:00,693.0,648.3993
2025-09-25 09:00:00,680.0,735.04663
2025-09-25 10:00:00,685.0,696.3664
2025-09-25 11:00:00,701.0,872.59753
2025-09-25 12:00:00,655.0,914.26685
2025-09-25 13:00:00,790.0,816.921
2025-09-25 14:00:00,645.0,929.8496
2025-09-25 15:00:00,768.0,806.66064
2025-09-25 16:00:00,1037.0,854.30475
2025-09-25 17:00:00,1323.0,787.3652
2025-09-25 18:00:00,1012.0,706.7175
2025-09-25 19:00:00,527.0,617.73914
2025-09-25 20:00:00,331.0,486.70416
2025-09-25 21:00:00,279.0,321.40408
2025-09-25 22:00:00,218.0,323.138
2025-09-25 23:00:00,119.0,261.5813
2025-09-26 00:00:00,56.0,261.75613
2025-09-26 01:00:00,44.0,242.11438
2025-09-26 02:00:00,21.0,246.23949
2025-09-26 03:00:00,30.0,273.85938
2025-09-26 04:00:00,101.0,322.8411
2025-09-26 05:00:00,216.0,390.17688
2025-09-26 06:00:00,588.0,392.43594
2025-09-26 07:00:00,804.0,599.9887
2025-09-26 08:00:00,725.0,578.9407
2025-09-26 09:00:00,725.0,774.14276
2025-09-26 10:00:00,841.0,853.27954
2025-09-26 11:00:00,951.0,914.70593
2025-09-26 12:00:00,922.0,956.57336
2025-09-26 13:00:00,936.0,975.9509
2025-09-26 14:00:00,876.0,971.95795
2025-09-26 15:00:00,1031.0,945.6144
2025-09-26 16:00:00,1269.0,825.63385
2025-09-26 17:00:00,1365.0,754.91016
2025-09-26 18:00:00,1098.0,670.4784
2025-09-26 19:00:00,753.0,659.97955
2025-09-26 20:00:00,516.0,504.2255
2025-09-26 21:00:00,400.0,420.35022
2025-09-26 22:00:00,286.0,337.20544
2025-09-26 23:00:00,238.0,305.62637
2025-09-27 00:00:00,160.0,164.15079
2025-09-27 01:00:00,102.0,144.443
2025-09-27 02:00:00,107.0,149.11783
2025-09-27 03:00:00,155.0,151.68839
2025-09-27 04:00:00,281.0,200.73611
2025-09-27 05:00:00,342.0,265.1017
2025-09-27 06:00:00,406.0,342.1634
2025-09-27 07:00:00,565.0,431.27393
2025-09-27 08:00:00,667.0,529.8894
2025-09-27 09:00:00,727.0,610.9927
2025-09-27 10:00:00,729.0,686.63525
2025-09-27 11:00:00,757.0,851.5939
2025-09-27 12:00:00,755.0,858.8324
2025-09-27 13:00:00,752.0,878.47766
2025-09-27 14:00:00,742.0,873.22107
2025-09-27 15:00:00,783.0,846.6666
2025-09-27 16:00:00,728.0,797.6849
2025-09-27 17:00:00,744.0,730.6133
2025-09-27 18:00:00,647.0,650.16376
2025-09-27 19:00:00,493.0,561.3835
2025-09-27 20:00:00,331.0,431.2732
2025-09-27 21:00:00,279.0,344.62585
2025-09-27 22:00:00,242.0,268.0373
2025-09-27 23:00:00,228.0,206.67874
2025-09-28 00:00:00,170.0,113.598755
2025-09-28 01:00:00,104.0,93.5607
2025-09-28 02:00:00,85.0,97.55371
2025-09-28 03:00:00,68.0,125.701996
2025-09-28 04:00:00,106.0,174.94788
2025-09-28 05:00:00,205.0,242.15157
2025-09-28 06:00:00,294.0,322.9313
2025-09-28 07:00:00,373.0,448.75662
2025-09-28 08:00:00,561.0,540.41925
2025-09-28 09:00:00,848.0,660.09644
2025-09-28 10:00:00,925.0,735.95856
2025-09-28 11:00:00,984.0,797.1903
2025-09-28 12:00:00,912.0,842.1412
2025-09-28 13:00:00,719.0,822.7373
2025-09-28 14:00:00,769.0,727.2943
2025-09-28 15:00:00,824.0,793.7369
2025-09-28 16:00:00,768.0,744.82117
2025-09-28 17:00:00,696.0,677.8817
2025-09-28 18:00:00,616.0,597.63025
2025-09-28 19:00:00,444.0,509.5105
2025-09-28 20:00:00,285.0,310.33392
2025-09-28 21:00:00,213.0,291.76218
2025-09-28 22:00:00,140.0,215.10751
2025-09-28 23:00:00,85.0,153.55084
2025-09-29 00:00:00,28.0,147.05905
2025-09-29 01:00:00,16.0,127.41727
2025-09-29 02:00:00,13.0,131.47635
2025-09-29 03:00:00,12.0,159.03012
2025-09-29 04:00:00,35.0,208.07788
2025-09-29 05:00:00,214.0,275.21545
2025-09-29 06:00:00,629.0,356.0613
2025-09-29 07:00:00,678.0,486.10553
2025-09-29 08:00:00,643.0,467.7473
2025-09-29 09:00:00,679.0,555.9813
2025-09-29 10:00:00,846.0,738.2451
2025-09-29 11:00:00,726.0,833.8416
2025-09-29 12:00:00,669.0,877.58453
2025-09-29 13:00:00,623.0,857.1084
2025-09-29 14:00:00,600.0,891.1024
2025-09-29 15:00:00,666.0,862.94714
2025-09-29 16:00:00,919.0,776.1852
2025-09-29 17:00:00,1133.0,749.75824
2025-09-29 18:00:00,819.0,634.0627
2025-09-29 19:00:00,406.0,545.54663
2025-09-29 20:00:00,267.0,415.04
2025-09-29 21:00:00,174.0,368.47168
2025-09-29 22:00:00,8.0,252.00223
2025-09-29 23:00:00,5.0,190.44556
2025-09-30 00:00:00,9.0,133.49533
2025-09-30 01:00:00,11.0,113.78754
2025-09-30 02:00:00,11.0,117.9787
2025-09-30 03:00:00,19.0,145.20227
2025-09-30 04:00:00,25.0,194.44818
2025-09-30 05:00:00,209.0,261.1895
2025-09-30 06:00:00,573.0,341.57297
2025-09-30 07:00:00,693.0,470.20883
2025-09-30 08:00:00,625.0,560.7938
2025-09-30 09:00:00,620.0,647.77136
2025-09-30 10:00:00,725.0,724.42596
2025-09-30 11:00:00,687.0,785.38824
2025-09-30 12:00:00,662.0,827.58594
2025-09-30 13:00:00,715.0,847.0296
2025-09-30 14:00:00,648.0,842.5742
2025-09-30 15:00:00,732.0,815.0204
2025-09-30 16:00:00,945.0,801.1422
2025-09-30 17:00:00,1097.0,698.4978
2025-09-30 18:00:00,773.0,541.3804
2025-09-30 19:00:00,448.0,530.06757
2025-09-30 20:00:00,282.0,399.16467
2025-09-30 21:00:00,218.0,312.7155
2025-09-30 22:00:00,161.0,235.79668
2025-09-30 23:00:00,118.0,174.83444
2025-10-01 00:00:00,65.0,133.69626
2025-10-01 01:00:00,21.0,113.724304
2025-10-01 02:00:00,24.0,117.453125
2025-10-01 03:00:00,16.0,144.87479
2025-10-01 04:00:00,78.0,126.045166
2025-10-01 05:00:00,220.0,261.52252
2025-10-01 06:00:00,555.0,265.6986
2025-10-01 07:00:00,717.0,471.46652
2025-10-01 08:00:00,655.0,458.88058
2025-10-01 09:00:00,716.0,648.5006
2025-10-01 10:00:00,743.0,722.1501
2025-10-01 11:00:00,757.0,820.15393
2025-10-01 12:00:00,660.0,860.3545
2025-10-01 13:00:00,762.0,842.95825
2025-10-01 14:00:00,659.0,875.8782
2025-10-01 15:00:00,754.0,812.68195
2025-10-01 16:00:00,990.0,799.532
2025-10-01 17:00:00,1212.0,696.5452
2025-10-01 18:00:00,868.0,620.4357
2025-10-01 19:00:00,541.0,531.9197
2025-10-01 20:00:00,317.0,401.4131
2025-10-01 21:00:00,265.0,315.42627
2025-10-01 22:00:00,178.0,238.63951
2025-10-01 23:00:00,127.0,177.08282
2025-10-02 00:00:00,42.0,193.16891
2025-10-02 01:00:00,29.0,173.98947
2025-10-02 02:00:00,23.0,178.24667
2025-10-02 03:00:00,25.0,205.99866
2025-10-02 04:00:00,98.0,254.58408
2025-10-02 05:00:00,221.0,244.4575
2025-10-02 06:00:00,633.0,402.10516
2025-10-02 07:00:00,754.0,531.13727
2025-10-02 08:00:00,750.0,621.98645
2025-10-02 09:00:00,881.0,708.5677
2025-10-02 10:00:00,926.0,817.38855
2025-10-02 11:00:00,911.0,877.5477
2025-10-02 12:00:00,787.0,921.494
2025-10-02 13:00:00,820.0,938.1323
2025-10-02 14:00:00,732.0,933.2807
2025-10-02 15:00:00,800.0,905.5287
2025-10-02 16:00:00,1086.0,856.6791
2025-10-02 17:00:00,1289.0,754.7664
2025-10-02 18:00:00,1080.0,679.04974
2025-10-02 19:00:00,667.0,590.59973
2025-10-02 20:00:00,405.0,459.63083
2025-10-02 21:00:00,320.0,372.91745
2025-10-02 22:00:00,226.0,296.461
2025-10-02 23:00:00,158.0,235.56477
2025-10-03 00:00:00,85.0,231.29457
2025-10-03 01:00:00,45.0,211.78488
2025-10-03 02:00:00,38.0,216.17421
2025-10-03 03:00:00,39.0,243.33176
2025-10-03 04:00:00,157.0,292.6437
2025-10-03 05:00:00,317.0,359.5171
2025-10-03 06:00:00,707.0,439.90057
2025-10-03 07:00:00,824.0,565.99005
2025-10-03 08:00:00,821.0,692.6154
2025-10-03 09:00:00,950.0,745.6349
2025-10-03 10:00:00,924.0,822.1592
2025-10-03 11:00:00,954.0,883.18744
2025-10-03 12:00:00,843.0,924.8568
2025-10-03 13:00:00,845.0,944.3004
2025-10-03 14:00:00,793.0,939.91113
2025-10-03 15:00:00,856.0,912.42334
2025-10-03 16:00:00,1213.0,863.37555
2025-10-03 17:00:00,1302.0,796.56824
2025-10-03 18:00:00,1029.0,716.11865
2025-10-03 19:00:00,781.0,627.4044
2025-10-03 20:00:00,581.0,496.76575
2025-10-03 21:00:00,465.0,409.98636
2025-10-03 22:00:00,369.0,333.13354
2025-10-03 23:00:00,285.0,271.24664
2025-10-04 00:00:00,151.0,130.30566
2025-10-04 01:00:00,136.0,110.53177
2025-10-04 02:00:00,133.0,114.32666
2025-10-04 03:00:00,276.0,141.6824
2025-10-04 04:00:00,570.0,190.86221
2025-10-04 05:00:00,715.0,257.8677
2025-10-04 06:00:00,698.0,338.51538
2025-10-04 07:00:00,746.0,466.8818
2025-10-04 08:00:00,761.0,556.8011
2025-10-04 09:00:00,873.0,643.8551
2025-10-04 10:00:00,989.0,754.54956
2025-10-04 11:00:00,954.0,815.31714
2025-10-04 12:00:00,813.0,855.3179
2025-10-04 13:00:00,838.0,875.5646
2025-10-04 14:00:00,813.0,838.08496
2025-10-04 15:00:00,747.0,732.5139
2025-10-04 16:00:00,814.0,720.56134
2025-10-04 17:00:00,719.0,653.8647
2025-10-04 18:00:00,570.0,564.9669
2025-10-04 19:00:00,416.0,529.2109
2025-10-04 20:00:00,307.0,362.03842
2025-10-04 21:00:00,235.0,273.82928
2025-10-04 22:00:00,217.0,217.23936
2025-10-04 23:00:00,243.0,173.91171
2025-10-05 00:00:00,170.0,80.06857
2025-10-05 01:00:00,100.0,60.822998
2025-10-05 02:00:00,78.0,64.15558
2025-10-05 03:00:00,88.0,92.171814
2025-10-05 04:00:00,172.0,141.90143
2025-10-05 05:00:00,269.0,208.22507
2025-10-05 06:00:00,336.0,252.93336
2025-10-05 07:00:00,385.0,418.4332
2025-10-05 08:00:00,501.0,508.68622
2025-10-05 09:00:00,801.0,594.66956
2025-10-05 10:00:00,974.0,669.38794
2025-10-05 11:00:00,952.0,769.0712
2025-10-05 12:00:00,687.0,810.0656
2025-10-05 13:00:00,720.0,793.26025
2025-10-05 14:00:00,681.0,826.11816
2025-10-05 15:00:00,681.0,691.3253
2025-10-05 16:00:00,678.0,716.53
2025-10-05 17:00:00,653.0,646.5762
2025-10-05 18:00:00,504.0,567.20435
2025-10-05 19:00:00,385.0,477.9617
2025-10-05 20:00:00,278.0,346.86066
2025-10-05 21:00:00,218.0,245.48293
2025-10-05 22:00:00,131.0,185.16525
2025-10-05 23:00:00,95.0,122.266266
2025-10-06 00:00:00,73.0,115.62686
2025-10-06 01:00:00,32.0,60.92569
2025-10-06 02:00:00,24.0,64.03876
2025-10-06 03:00:00,31.0,89.70053
2025-10-06 04:00:00,108.0,156.65674
2025-10-06 05:00:00,273.0,206.83191
2025-10-06 06:00:00,599.0,288.55768
2025-10-06 07:00:00,741.0,453.6613
2025-10-06 08:00:00,766.0,544.4444
2025-10-06 09:00:00,817.0,630.89355
2025-10-06 10:00:00,1003.0,707.01984
2025-10-06 11:00:00,903.0,768.11414
2025-10-06 12:00:00,734.0,809.4446
2025-10-06 13:00:00,683.0,825.4171
2025-10-06 14:00:00,669.0,824.37024
2025-10-06 15:00:00,658.0,797.4822
2025-10-06 16:00:00,935.0,748.8967
2025-10-06 17:00:00,1107.0,682.3535
2025-10-06 18:00:00,755.0,601.7059
2025-10-06 19:00:00,446.0,512.85956
2025-10-06 20:00:00,268.0,381.8246
2025-10-06 21:00:00,161.0,295.11124
2025-10-06 22:00:00,147.0,218.2584
2025-10-06 23:00:00,99.0,156.63568
2025-10-07 00:00:00,48.0,99.53772
2025-10-07 01:00:00,16.0,79.895966
2025-10-07 02:00:00,15.0,84.0871
2025-10-07 03:00:00,21.0,111.44284
2025-10-07 04:00:00,63.0,160.49063
2025-10-07 05:00:00,193.0,227.69429
2025-10-07 06:00:00,568.0,308.474
2025-10-07 07:00:00,704.0,437.37405
2025-10-07 08:00:00,698.0,525.88544
2025-10-07 09:00:00,889.0,646.2336
2025-10-07 10:00:00,869.0,722.55804
2025-10-07 11:00:00,854.0,783.2561
2025-10-07 12:00:00,694.0,824.4631
2025-10-07 13:00:00,737.0,844.97394
2025-10-07 14:00:00,676.0,839.4514
2025-10-07 15:00:00,727.0,811.6994
2025-10-07 16:00:00,984.0,763.048
2025-10-07 17:00:00,1214.0,663.53735
2025-10-07 18:00:00,762.0,584.89026
2025-10-07 19:00:00,450.0,497.16672
2025-10-07 20:00:00,284.0,366.0657
2025-10-07 21:00:00,185.0,279.41843
2025-10-07 22:00:00,141.0,203.2261
2025-10-07 23:00:00,79.0,141.99963
2025-10-08 00:00:00,52.0,134.38199
2025-10-08 01:00:00,20.0,114.872345
2025-10-08 02:00:00,16.0,119.06348
2025-10-08 03:00:00,22.0,146.28702
2025-10-08 04:00:00,83.0,194.93857
2025-10-08 05:00:00,200.0,261.81195
2025-10-08 06:00:00,615.0,342.65778
2025-10-08 07:00:00,756.0,471.75595
2025-10-08 08:00:00,693.0,562.73724
2025-10-08 09:00:00,852.0,649.25244
2025-10-08 10:00:00,889.0,725.77496
2025-10-08 11:00:00,875.0,787.06744
2025-10-08 12:00:00,719.0,828.93494
2025-10-08 13:00:00,702.0,848.3125
2025-10-08 14:00:00,650.0,843.98926
2025-10-08 15:00:00,736.0,812.688
2025-10-08 16:00:00,1014.0,801.2832
2025-10-08 17:00:00,1192.0,699.2402
2025-10-08 18:00:00,853.0,620.3289
2025-10-08 19:00:00,535.0,531.6147
2025-10-08 20:00:00,322.0,400.64575
2025-10-08 21:00:00,223.0,314.06448
2025-10-08 22:00:00,241.0,237.27774
2025-10-08 23:00:00,96.0,175.91922
2025-10-09 00:00:00,57.0,191.39499
2025-10-09 01:00:00,42.0,171.42297
2025-10-09 02:00:00,22.0,175.2839
2025-10-09 03:00:00,28.0,202.44147
2025-10-09 04:00:00,85.0,251.35712
2025-10-09 05:00:00,200.0,318.56073
2025-10-09 06:00:00,572.0,399.4726
2025-10-09 07:00:00,790.0,528.24054
2025-10-09 08:00:00,780.0,618.8255
2025-10-09 09:00:00,860.0,705.3407
2025-10-09 10:00:00,962.0,781.99536
2025-10-09 11:00:00,987.0,843.0897
2025-10-09 12:00:00,778.0,884.95715
2025-10-09 13:00:00,847.0,904.2027
2025-10-09 14:00:00,769.0,900.0776
2025-10-09 15:00:00,825.0,872.78796
2025-10-09 16:00:00,1044.0,823.8063
2025-10-09 17:00:00,1229.0,756.6686
2025-10-09 18:00:00,845.0,675.8888
2025-10-09 19:00:00,729.0,587.1085
2025-10-09 20:00:00,444.0,456.07358
2025-10-09 21:00:00,259.0,369.22812
2025-10-09 22:00:00,182.0,292.57355
2025-10-09 23:00:00,128.0,231.21498
2025-10-10 00:00:00,68.0,227.0608
2025-10-10 01:00:00,42.0,207.61716
2025-10-10 02:00:00,30.0,211.74228
2025-10-10 03:00:00,41.0,239.75845
2025-10-10 04:00:00,93.0,289.3346
2025-10-10 05:00:00,210.0,356.80243
2025-10-10 06:00:00,580.0,437.64825
2025-10-10 07:00:00,770.0,566.5483
2025-10-10 08:00:00,794.0,657.2653
2025-10-10 09:00:00,894.0,743.7805
2025-10-10 10:00:00,975.0,820.36914
2025-10-10 11:00:00,1016.0,879.85754
2025-10-10 12:00:00,817.0,954.6941
2025-10-10 13:00:00,893.0,974.4089
2025-10-10 14:00:00,955.0,933.84534
2025-10-10 15:00:00,933.0,945.0034
2025-10-10 16:00:00,1247.0,859.9153
2025-10-10 17:00:00,1343.0,794.58
2025-10-10 18:00:00,1049.0,714.19653
2025-10-10 19:00:00,752.0,625.6805
2025-10-10 20:00:00,520.0,494.97577
2025-10-10 21:00:00,386.0,408.9229
2025-10-10 22:00:00,303.0,332.40033
2025-10-10 23:00:00,245.0,270.97574
2025-10-11 00:00:00,129.0,130.41489
2025-10-11 01:00:00,51.0,110.50891
2025-10-11 02:00:00,43.0,114.50192
2025-10-11 03:00:00,60.0,141.85767
2025-10-11 04:00:00,162.0,190.83932
2025-10-11 05:00:00,311.0,257.9769
2025-10-11 06:00:00,430.0,338.8227
2025-10-11 07:00:00,716.0,467.7888
2025-10-11 08:00:00,871.0,558.63794
2025-10-11 09:00:00,1092.0,645.21924
2025-10-11 10:00:00,1075.0,721.80786
2025-10-11 11:00:00,1040.0,783.29846
2025-10-11 12:00:00,895.0,825.0338
2025-10-11 13:00:00,789.0,844.7417
2025-10-11 14:00:00,791.0,840.6166
2025-10-11 15:00:00,760.0,812.93066
2025-10-11 16:00:00,695.0,799.4487
2025-10-11 17:00:00,705.0,697.46655
2025-10-11 18:00:00,600.0,616.8241
2025-10-11 19:00:00,464.0,528.63824
2025-10-11 20:00:00,306.0,397.00885
2025-10-11 21:00:00,243.0,309.89917
2025-10-11 22:00:00,217.0,233.1785
2025-10-11 23:00:00,199.0,171.62186
2025-10-12 00:00:00,155.0,78.840515
2025-10-12 01:00:00,98.0,59.19873
2025-10-12 02:00:00,60.0,63.389862
2025-10-12 03:00:00,46.0,90.877686
2025-10-12 04:00:00,70.0,140.05759
2025-10-12 05:00:00,130.0,207.19513
2025-10-12 06:00:00,231.0,288.17303
2025-10-12 07:00:00,388.0,417.33725
2025-10-12 08:00:00,634.0,508.25247
2025-10-12 09:00:00,847.0,595.03186
2025-10-12 10:00:00,1002.0,671.6205
2025-10-12 11:00:00,957.0,732.979
2025-10-12 12:00:00,726.0,775.04456
2025-10-12 13:00:00,749.0,794.3561
2025-10-12 14:00:00,725.0,790.03284
2025-10-12 15:00:00,718.0,762.54504
2025-10-12 16:00:00,629.0,712.22327
2025-10-12 17:00:00,650.0,646.95416
2025-10-12 18:00:00,512.0,566.37256
2025-10-12 19:00:00,413.0,477.32806
2025-10-12 20:00:00,339.0,346.16098
2025-10-12 21:00:00,210.0,259.31555
2025-10-12 22:00:00,149.0,182.46277
2025-10-12 23:00:00,109.0,120.9722
2025-10-13 00:00:00,62.0,114.316284
2025-10-13 01:00:00,41.0,94.67453
2025-10-13 02:00:00,26.0,98.79962
2025-10-13 03:00:00,31.0,126.419556
2025-10-13 04:00:00,68.0,175.66544
2025-10-13 05:00:00,219.0,243.39746
2025-10-13 06:00:00,631.0,324.63956
2025-10-13 07:00:00,752.0,453.73773
2025-10-13 08:00:00,760.0,544.38873
2025-10-13 09:00:00,816.0,630.8379
2025-10-13 10:00:00,817.0,706.8964
2025-10-13 11:00:00,794.0,767.5214
2025-10-13 12:00:00,714.0,810.12415
2025-10-13 13:00:00,673.0,829.6338
2025-10-13 14:00:00,620.0,825.6408
2025-10-13 15:00:00,743.0,798.41724
2025-10-13 16:00:00,953.0,749.6997
2025-10-13 17:00:00,1180.0,682.6281
2025-10-13 18:00:00,822.0,601.9144
2025-10-13 19:00:00,463.0,513.002
2025-10-13 20:00:00,253.0,381.90103
2025-10-13 21:00:00,167.0,294.98956
2025-10-13 22:00:00,142.0,218.13673
2025-10-13 23:00:00,127.0,156.58005
2025-10-14 00:00:00,53.0,99.399536
2025-10-14 01:00:00,27.0,79.75772
2025-10-14 02:00:00,22.0,83.8168
2025-10-14 03:00:00,16.0,111.23859
2025-10-14 04:00:00,49.0,160.35236
2025-10-14 05:00:00,187.0,227.55602
2025-10-14 06:00:00,599.0,308.4018
2025-10-14 07:00:00,789.0,437.5
2025-10-14 08:00:00,710.0,528.3491
2025-10-14 09:00:00,705.0,614.99646
2025-10-14 10:00:00,801.0,691.5851
2025-10-14 11:00:00,724.0,753.0757
2025-10-14 12:00:00,647.0,795.1413
2025-10-14 13:00:00,675.0,814.71704
2025-10-14 14:00:00,597.0,810.5919
2025-10-14 15:00:00,720.0,783.17017
2025-10-14 16:00:00,998.0,734.2545
2025-10-14 17:00:00,1237.0,667.64526
2025-10-14 18:00:00,822.0,587.526
2025-10-14 19:00:00,526.0,499.60434
2025-10-14 20:00:00,326.0,368.7675
2025-10-14 21:00:00,199.0,282.05414
2025-10-14 22:00:00,148.0,205.53159
2025-10-14 23:00:00,76.0,144.10706
2025-10-15 00:00:00,51.0,136.40662
2025-10-15 01:00:00,32.0,116.69885
2025-10-15 02:00:00,24.0,120.890015
2025-10-15 03:00:00,22.0,147.71725
2025-10-15 04:00:00,48.0,196.3027
2025-10-15 05:00:00,179.0,263.4403
2025-10-15 06:00:00,596.0,344.2201
2025-10-15 07:00:00,773.0,473.18616
2025-10-15 08:00:00,776.0,564.03534
2025-10-15 09:00:00,783.0,650.6826
2025-10-15 10:00:00,794.0,727.2052
2025-10-15 11:00:00,798.0,788.1014
2025-10-15 12:00:00,718.0,829.8367
2025-10-15 13:00:00,742.0,848.88416
2025-10-15 14:00:00,614.0,843.8257
2025-10-15 15:00:00,745.0,817.00696
2025-10-15 16:00:00,982.0,768.15735
2025-10-15 17:00:00,1228.0,701.2179
2025-10-15 18:00:00,844.0,620.6363
2025-10-15 19:00:00,588.0,531.3937
2025-10-15 20:00:00,374.0,400.4248
2025-10-15 21:00:00,243.0,313.3812
2025-10-15 22:00:00,208.0,236.85864
2025-10-15 23:00:00,118.0,175.76431
2025-10-16 00:00:00,69.0,192.01584
2025-10-16 01:00:00,40.0,172.30801
2025-10-16 02:00:00,21.0,176.6973
2025-10-16 03:00:00,31.0,204.05301
2025-10-16 04:00:00,56.0,252.83656
2025-10-16 05:00:00,182.0,320.04022
2025-10-16 06:00:00,604.0,400.88605
2025-10-16 07:00:00,793.0,529.91815
2025-10-16 08:00:00,690.0,620.8334
2025-10-16 09:00:00,836.0,707.48065
2025-10-16 10:00:00,863.0,784.2674
2025-10-16 11:00:00,829.0,845.2958
2025-10-16 12:00:00,748.0,886.56177
2025-10-16 13:00:00,776.0,906.7389
2025-10-16 14:00:00,706.0,902.74585
2025-10-16 15:00:00,785.0,875.05994
2025-10-16 16:00:00,1039.0,826.0122
2025-10-16 17:00:00,1371.0,759.20483
2025-10-16 18:00:00,984.0,678.82135
2025-10-16 19:00:00,688.0,589.97504
2025-10-16 20:00:00,369.0,458.7419
2025-10-16 21:00:00,291.0,372.02856
2025-10-16 22:00:00,241.0,295.90234
2025-10-16 23:00:00,135.0,234.47772
2025-10-17 00:00:00,69.0,230.30669
2025-10-17 01:00:00,39.0,210.99515
2025-10-17 02:00:00,25.0,214.92209
2025-10-17 03:00:00,24.0,242.34384
2025-10-17 04:00:00,55.0,291.32556
2025-10-17 05:00:00,189.0,358.59528
2025-10-17 06:00:00,545.0,439.4411
2025-10-17 07:00:00,709.0,568.4732
2025-10-17 08:00:00,787.0,659.3224
2025-10-17 09:00:00,849.0,745.96967
2025-10-17 10:00:00,836.0,822.5583
2025-10-17 11:00:00,976.0,883.7847
2025-10-17 12:00:00,826.0,924.5207
2025-10-17 13:00:00,883.0,944.5675
2025-10-17 14:00:00,824.0,940.5084
2025-10-17 15:00:00,923.0,913.0867
2025-10-17 16:00:00,1266.0,863.50006
2025-10-17 17:00:00,1305.0,797.29755
2025-10-17 18:00:00,1141.0,716.71594
2025-10-17 19:00:00,803.0,627.7375
2025-10-17 20:00:00,476.0,496.9007
2025-10-17 21:00:00,350.0,409.9892
2025-10-17 22:00:00,263.0,333.8629
2025-10-17 23:00:00,220.0,272.5044
2025-10-18 00:00:00,166.0,132.38885
2025-10-18 01:00:00,83.0,113.20941
2025-10-18 02:00:00,46.0,117.00427
2025-10-18 03:00:00,50.0,145.08652
2025-10-18 04:00:00,89.0,194.20029
2025-10-18 05:00:00,143.0,262.19647
2025-10-18 06:00:00,327.0,343.1744
2025-10-18 07:00:00,515.0,471.7442
2025-10-18 08:00:00,786.0,561.73474
2025-10-18 09:00:00,1009.0,647.9823
2025-10-18 10:00:00,1155.0,756.4659
2025-10-18 11:00:00,1034.0,817.0979
2025-10-18 12:00:00,938.0,858.3049
2025-10-18 13:00:00,829.0,877.4183
2025-10-18 14:00:00,757.0,872.8308
2025-10-18 15:00:00,731.0,845.21094
2025-10-18 16:00:00,724.0,797.76227
2025-10-18 17:00:00,804.0,698.8513
2025-10-18 18:00:00,689.0,618.8641
2025-10-18 19:00:00,518.0,530.81036
2025-10-18 20:00:00,331.0,400.03958
2025-10-18 21:00:00,285.0,313.26016
2025-10-18 22:00:00,271.0,236.53949
2025-10-18 23:00:00,239.0,175.57724
2025-10-19 00:00:00,163.0,82.77884
2025-10-19 01:00:00,97.0,63.070953
2025-10-19 02:00:00,75.0,67.262146
2025-10-19 03:00:00,59.0,94.22156
2025-10-19 04:00:00,41.0,143.40146
2025-10-19 05:00:00,78.0,211.06741
2025-10-19 06:00:00,182.0,291.58295
2025-10-19 07:00:00,298.0,420.41693
2025-10-19 08:00:00,433.0,510.5396
2025-10-19 09:00:00,633.0,597.12085
2025-10-19 10:00:00,718.0,672.10864
2025-10-19 11:00:00,788.0,732.00024
2025-10-19 12:00:00,655.0,807.77014
2025-10-19 13:00:00,662.0,793.85706
2025-10-19 14:00:00,635.0,787.9956
2025-10-19 15:00:00,681.0,762.2529
2025-10-19 16:00:00,816.0,713.9352
2025-10-19 17:00:00,750.0,647.39197
2025-10-19 18:00:00,528.0,567.14056
2025-10-19 19:00:00,410.0,478.69055
2025-10-19 20:00:00,295.0,347.65555
2025-10-19 21:00:00,239.0,260.67804
2025-10-19 22:00:00,150.0,184.35364
2025-10-19 23:00:00,92.0,123.06116
2025-10-20 00:00:00,46.0,116.38815
2025-10-20 01:00:00,32.0,96.48218
2025-10-20 02:00:00,17.0,100.67334
2025-10-20 03:00:00,23.0,127.76486
2025-10-20 04:00:00,57.0,176.74652
2025-10-20 05:00:00,213.0,243.5539
2025-10-20 06:00:00,619.0,324.00342
2025-10-20 07:00:00,750.0,453.03555
2025-10-20 08:00:00,646.0,543.6866
2025-10-20 09:00:00,551.0,630.13574
2025-10-20 10:00:00,606.0,706.7904
2025-10-20 11:00:00,616.0,769.0949
2025-10-20 12:00:00,639.0,810.2145
2025-10-20 13:00:00,649.0,831.0665
2025-10-20 14:00:00,604.0,825.8633
2025-10-20 15:00:00,675.0,797.7811
2025-10-20 16:00:00,962.0,750.3398
2025-10-20 17:00:00,1217.0,682.6524
2025-10-20 18:00:00,868.0,602.40106
2025-10-20 19:00:00,484.0,513.75287
2025-10-20 20:00:00,276.0,382.784
2025-10-20 21:00:00,194.0,295.8725
2025-10-20 22:00:00,166.0,219.21783
2025-10-20 23:00:00,91.0,157.39694
2025-10-21 00:00:00,29.0,100.81494
2025-10-21 01:00:00,35.0,80.55737
2025-10-21 02:00:00,21.0,84.814575
2025-10-21 03:00:00,16.0,112.23633
2025-10-21 04:00:00,46.0,161.4162
2025-10-21 05:00:00,158.0,228.6859
2025-10-21 06:00:00,601.0,309.6638
2025-10-21 07:00:00,733.0,438.4978
2025-10-21 08:00:00,643.0,528.88464
2025-10-21 09:00:00,554.0,613.9954
2025-10-21 10:00:00,588.0,723.7496
2025-10-21 11:00:00,653.0,784.0496
2025-10-21 12:00:00,614.0,827.5318
2025-10-21 13:00:00,608.0,846.447
2025-10-21 14:00:00,624.0,808.4855
2025-10-21 15:00:00,702.0,781.328
2025-10-21 16:00:00,1015.0,732.7425
2025-10-21 17:00:00,1289.0,666.39746
2025-10-21 18:00:00,878.0,507.40234
2025-10-21 19:00:00,486.0,496.90347
2025-10-21 20:00:00,251.0,365.86847
2025-10-21 21:00:00,172.0,279.28723
2025-10-21 22:00:00,165.0,202.6326
2025-10-21 23:00:00,85.0,141.14197
2025-10-22 00:00:00,67.0,134.04004
2025-10-22 01:00:00,21.0,113.51834
2025-10-22 02:00:00,16.0,117.3132
2025-10-22 03:00:00,16.0,145.06512
2025-10-22 04:00:00,34.0,194.99286
2025-10-22 05:00:00,189.0,223.15489
2025-10-22 06:00:00,557.0,306.64066
2025-10-22 07:00:00,767.0,414.53964
2025-10-22 08:00:00,636.0,489.37238
2025-10-22 09:00:00,601.0,583.8521
2025-10-22 10:00:00,631.0,653.8845
2025-10-22 11:00:00,724.0,786.4364
2025-10-22 12:00:00,716.0,828.24133
2025-10-22 13:00:00,757.0,847.619
2025-10-22 14:00:00,677.0,842.0947
2025-10-22 15:00:00,678.0,815.4081
2025-10-22 16:00:00,1022.0,766.6941
2025-10-22 17:00:00,1287.0,699.8207
2025-10-22 18:00:00,896.0,619.239
2025-10-22 19:00:00,579.0,530.72296
2025-10-22 20:00:00,323.0,399.688
2025-10-22 21:00:00,232.0,312.44626
2025-10-22 22:00:00,172.0,235.72557
2025-10-22 23:00:00,132.0,174.43307
2025-10-23 00:00:00,63.0,154.00134
2025-10-23 01:00:00,34.0,145.4477
2025-10-23 02:00:00,29.0,137.27448
2025-10-23 03:00:00,30.0,202.24203
2025-10-23 04:00:00,61.0,251.4219
2025-10-23 05:00:00,159.0,318.4274
2025-10-23 06:00:00,595.0,399.07507
2025-10-23 07:00:00,745.0,527.3807
2025-10-23 08:00:00,651.0,618.428
2025-10-23 09:00:00,610.0,643.3387
2025-10-23 10:00:00,718.0,746.52686
2025-10-23 11:00:00,542.0,769.82477
2025-10-23 12:00:00,580.0,819.9209
2025-10-23 13:00:00,656.0,906.57745
2025-10-23 14:00:00,667.0,898.44073
2025-10-23 15:00:00,767.0,910.33923
2025-10-23 16:00:00,1081.0,861.8111
2025-10-23 17:00:00,1312.0,759.9697
2025-10-23 18:00:00,992.0,680.202
2025-10-23 19:00:00,683.0,518.0686
2025-10-23 20:00:00,372.0,424.3814
2025-10-23 21:00:00,281.0,334.56573
2025-10-23 22:00:00,242.0,258.04324
2025-10-23 23:00:00,144.0,234.71423
2025-10-24 00:00:00,60.0,230.32756
2025-10-24 01:00:00,48.0,210.88394
2025-10-24 02:00:00,29.0,214.87695
2025-10-24 03:00:00,46.0,242.69499
2025-10-24 04:00:00,67.0,291.9409
2025-10-24 05:00:00,193.0,360.42078
2025-10-24 06:00:00,574.0,418.3735
2025-10-24 07:00:00,761.0,531.99335
2025-10-24 08:00:00,750.0,588.92676
2025-10-24 09:00:00,800.0,674.08875
2025-10-24 10:00:00,830.0,741.4094
2025-10-24 11:00:00,925.0,918.4972
2025-10-24 12:00:00,802.0,960.3021
2025-10-24 13:00:00,949.0,978.0702
2025-10-24 14:00:00,848.0,973.0152
2025-10-24 15:00:00,976.0,945.7256
2025-10-24 16:00:00,1358.0,862.70575
2025-10-24 17:00:00,1499.0,798.70544
2025-10-24 18:00:00,1239.0,718.65216
2025-10-24 19:00:00,869.0,629.4756
2025-10-24 20:00:00,541.0,498.6388
2025-10-24 21:00:00,377.0,412.32175
2025-10-24 22:00:00,301.0,335.33682
2025-10-24 23:00:00,265.0,273.516
2025-10-25 00:00:00,208.0,99.753235
2025-10-25 01:00:00,104.0,75.93103
2025-10-25 02:00:00,65.0,116.41315
2025-10-25 03:00:00,73.0,142.91028
2025-10-25 04:00:00,106.0,191.75986
2025-10-25 05:00:00,187.0,260.15234
2025-10-25 06:00:00,361.0,341.32837
2025-10-25 07:00:00,521.0,470.4926
2025-10-25 08:00:00,750.0,561.2097
2025-10-25 09:00:00,889.0,648.6709
2025-10-25 10:00:00,867.0,664.7545
2025-10-25 11:00:00,960.0,743.6039
2025-10-25 12:00:00,807.0,774.38324
2025-10-25 13:00:00,770.0,784.6308
2025-10-25 14:00:00,754.0,790.2962
2025-10-25 15:00:00,694.0,762.06055
2025-10-25 16:00:00,771.0,699.7684
2025-10-25 17:00:00,798.0,624.1825
2025-10-25 18:00:00,600.0,551.98303
2025-10-25 19:00:00,412.0,473.2128
2025-10-25 20:00:00,295.0,365.20303
2025-10-25 21:00:00,269.0,280.31567
2025-10-25 22:00:00,261.0,204.60709
2025-10-25 23:00:00,205.0,151.36652
2025-10-26 00:00:00,196.0,82.45569
2025-10-26 01:00:00,142.0,61.9339
2025-10-26 02:00:00,155.0,65.92691
2025-10-26 03:00:00,37.0,93.678925
2025-10-26 04:00:00,57.0,143.47461
2025-10-26 05:00:00,80.0,202.98761
2025-10-26 06:00:00,148.0,264.3631
2025-10-26 07:00:00,250.0,346.8514
2025-10-26 08:00:00,475.0,447.55713
2025-10-26 09:00:00,668.0,520.8923
2025-10-26 10:00:00,720.0,597.81287
2025-10-26 11:00:00,691.0,771.6798
2025-10-26 12:00:00,667.0,813.4847
2025-10-26 13:00:00,657.0,831.79504
2025-10-26 14:00:00,691.0,792.9645
2025-10-26 15:00:00,700.0,765.6765
2025-10-26 16:00:00,701.0,716.893
2025-10-26 17:00:00,645.0,649.9535
2025-10-26 18:00:00,525.0,569.504
2025-10-26 19:00:00,384.0,480.85583
2025-10-26 20:00:00,305.0,349.82083
2025-10-26 21:00:00,213.0,224.87979
2025-10-26 22:00:00,142.0,154.2976
2025-10-26 23:00:00,97.0,125.02829
2025-10-27 00:00:00,57.0,117.941284
2025-10-27 01:00:00,29.0,98.03534
2025-10-27 02:00:00,21.0,101.96228
2025-10-27 03:00:00,21.0,129.31802
2025-10-27 04:00:00,88.0,143.98825
2025-10-27 05:00:00,195.0,209.29984
2025-10-27 06:00:00,608.0,289.9922
2025-10-27 07:00:00,717.0,384.9323
2025-10-27 08:00:00,626.0,474.5499
2025-10-27 09:00:00,604.0,570.5254
2025-10-27 10:00:00,696.0,650.8981
2025-10-27 11:00:00,652.0,707.46045
2025-10-27 12:00:00,622.0,740.81366
2025-10-27 13:00:00,623.0,769.9157
2025-10-27 14:00:00,610.0,764.8446
2025-10-27 15:00:00,686.0,729.5244
2025-10-27 16:00:00,1006.0,686.6365
2025-10-27 17:00:00,1255.0,630.2354
2025-10-27 18:00:00,812.0,538.3675
2025-10-27 19:00:00,452.0,515.3061
2025-10-27 20:00:00,266.0,384.95294
2025-10-27 21:00:00,188.0,296.6992
2025-10-27 22:00:00,131.0,182.43262
2025-10-27 23:00:00,79.0,158.35571
2025-10-28 00:00:00,56.0,71.009125
2025-10-28 01:00:00,31.0,82.092896
2025-10-28 02:00:00,20.0,86.89981
2025-10-28 03:00:00,21.0,113.11136
2025-10-28 04:00:00,54.0,162.62143
2025-10-28 05:00:00,172.0,229.62695
2025-10-28 06:00:00,590.0,310.5388
2025-10-28 07:00:00,852.0,439.76907
2025-10-28 08:00:00,705.0,564.9848
2025-10-28 09:00:00,489.0,652.3013
2025-10-28 10:00:00,645.0,725.09033
2025-10-28 11:00:00,662.0,786.5967
2025-10-28 12:00:00,586.0,826.39575
2025-10-28 13:00:00,628.0,845.7108
2025-10-28 14:00:00,602.0,842.18884
2025-10-28 15:00:00,659.0,813.7642
2025-10-28 16:00:00,1012.0,769.45447
2025-10-28 17:00:00,1278.0,667.99896
2025-10-28 18:00:00,957.0,587.94574
2025-10-28 19:00:00,563.0,499.56174
2025-10-28 20:00:00,277.0,368.5928
2025-10-28 21:00:00,195.0,282.07764
2025-10-28 22:00:00,176.0,205.48901
2025-10-28 23:00:00,126.0,144.6589
2025-10-29 00:00:00,53.0,137.18753
2025-10-29 01:00:00,36.0,117.61188
2025-10-29 02:00:00,25.0,121.80301
2025-10-29 03:00:00,20.0,149.29077
2025-10-29 04:00:00,53.0,198.60275
2025-10-29 05:00:00,179.0,265.47617
2025-10-29 06:00:00,541.0,346.98242
2025-10-29 07:00:00,782.0,511.1181
2025-10-29 08:00:00,637.0,597.5003
2025-10-29 09:00:00,585.0,683.61926
2025-10-29 10:00:00,622.0,759.6134
2025-10-29 11:00:00,699.0,820.0473
2025-10-29 12:00:00,630.0,861.18823
2025-10-29 13:00:00,676.0,883.91174
2025-10-29 14:00:00,662.0,877.44885
2025-10-29 15:00:00,748.0,815.85693
2025-10-29 16:00:00,1084.0,768.7402
2025-10-29 17:00:00,1233.0,702.131
2025-10-29 18:00:00,929.0,621.4833
2025-10-29 19:00:00,521.0,532.76904
2025-10-29 20:00:00,368.0,401.27176
2025-10-29 21:00:00,274.0,314.49237
2025-10-29 22:00:00,243.0,199.80817
2025-10-29 23:00:00,115.0,154.26791
2025-10-30 00:00:00,55.0,184.34442
2025-10-30 01:00:00,31.0,135.44183
2025-10-30 02:00:00,24.0,177.66254
2025-10-30 03:00:00,25.0,203.94012
2025-10-30 04:00:00,64.0,252.39346
2025-10-30 05:00:00,180.0,282.0512
2025-10-30 06:00:00,585.0,367.82532
2025-10-30 07:00:00,772.0,530.28894
2025-10-30 08:00:00,713.0,547.71893
2025-10-30 09:00:00,620.0,631.92444
2025-10-30 10:00:00,631.0,784.2866
2025-10-30 11:00:00,689.0,845.31494
2025-10-30 12:00:00,657.0,887.2484
2025-10-30 13:00:00,727.0,907.02234
2025-10-30 14:00:00,625.0,902.8972
2025-10-30 15:00:00,772.0,875.47546
2025-10-30 16:00:00,1069.0,826.55975
2025-10-30 17:00:00,1319.0,759.6864
2025-10-30 18:00:00,1006.0,678.9726
2025-10-30 19:00:00,638.0,589.9942
2025-10-30 20:00:00,355.0,458.82715
2025-10-30 21:00:00,279.0,372.1138
2025-10-30 22:00:00,238.0,295.7234
2025-10-30 23:00:00,134.0,234.03459
2025-10-31 00:00:00,62.0,230.02637
2025-10-31 01:00:00,38.0,210.51666
2025-10-31 02:00:00,23.0,214.83994
2025-10-31 03:00:00,40.0,243.12029
2025-10-31 04:00:00,54.0,292.3662
2025-10-31 05:00:00,195.0,359.43774
2025-10-31 06:00:00,543.0,440.34964
2025-10-31 07:00:00,688.0,566.49994
2025-10-31 08:00:00,666.0,691.594
2025-10-31 09:00:00,652.0,777.9771
2025-10-31 10:00:00,737.0,854.63696
2025-10-31 11:00:00,784.0,916.8091
2025-10-31 12:00:00,758.0,956.41003
2025-10-31 13:00:00,822.0,942.22406
2025-10-31 14:00:00,836.0,973.1399
2025-10-31 15:00:00,947.0,911.55145
2025-10-31 16:00:00,1262.0,863.42834
2025-10-31 17:00:00,1282.0,796.88513
2025-10-31 18:00:00,1048.0,716.10535
2025-10-31 19:00:00,631.0,627.9195
2025-10-31 20:00:00,534.0,496.8185
2025-10-31 21:00:00,365.0,410.10516
2025-10-31 22:00:00,298.0,333.58258
2025-10-31 23:00:00,256.0,272.48822
2025-11-01 00:00:00,168.0,31.309021
2025-11-01 01:00:00,111.0,12.261658
2025-11-01 02:00:00,74.0,16.45285
2025-11-01 03:00:00,63.0,44.072723
2025-11-01 04:00:00,60.0,93.252594
2025-11-01 05:00:00,108.0,160.25809
2025-11-01 06:00:00,190.0,241.236
2025-11-01 07:00:00,320.0,370.33414
2025-11-01 08:00:00,495.0,460.98517
2025-11-01 09:00:00,714.0,547.69855
2025-11-01 10:00:00,757.0,624.089
2025-11-01 11:00:00,760.0,685.1834
2025-11-01 12:00:00,600.0,725.994
2025-11-01 13:00:00,704.0,745.1074
2025-11-01 14:00:00,642.0,741.2465
2025-11-01 15:00:00,656.0,713.49457
2025-11-01 16:00:00,705.0,664.2487
2025-11-01 17:00:00,709.0,597.7715
2025-11-01 18:00:00,534.0,516.6615
2025-11-01 19:00:00,413.0,351.29373
2025-11-01 20:00:00,268.0,296.9123
2025-11-01 21:00:00,251.0,210.19894
2025-11-01 22:00:00,267.0,133.47824
2025-11-01 23:00:00,232.0,71.85553
2025-11-02 00:00:00,144.0,9.321899
2025-11-02 01:00:00,109.0,-8.692017
2025-11-02 02:00:00,67.0,32.03293
2025-11-02 03:00:00,34.0,42.985657
2025-11-02 04:00:00,53.0,78.92111
2025-11-02 05:00:00,55.0,146.38892
2025-11-02 06:00:00,111.0,247.3655
2025-11-02 07:00:00,135.0,328.02777
2025-11-02 08:00:00,257.0,410.4948
2025-11-02 09:00:00,475.0,496.39426
2025-11-02 10:00:00,561.0,563.7207
2025-11-02 11:00:00,691.0,634.4074
2025-11-02 12:00:00,652.0,682.5455
2025-11-02 13:00:00,621.0,699.87756
2025-11-02 14:00:00,655.0,684.6643
2025-11-02 15:00:00,643.0,664.12897
2025-11-02 16:00:00,723.0,608.6571
2025-11-02 17:00:00,656.0,617.0949
2025-11-02 18:00:00,549.0,536.117
2025-11-02 19:00:00,373.0,368.9893
2025-11-02 20:00:00,307.0,282.47394
2025-11-02 21:00:00,212.0,192.79044
2025-11-02 22:00:00,138.0,152.47144
2025-11-02 23:00:00,86.0,90.980835
2025-11-03 00:00:00,44.0,84.5365
2025-11-03 01:00:00,33.0,36.25937
2025-11-03 02:00:00,17.0,69.48212
2025-11-03 03:00:00,24.0,96.77179
2025-11-03 04:00:00,62.0,145.75348
2025-11-03 05:00:00,205.0,213.35336
2025-11-03 06:00:00,572.0,294.59546
2025-11-03 07:00:00,715.0,421.87903
2025-11-03 08:00:00,663.0,546.8393
2025-11-03 09:00:00,642.0,598.7272
2025-11-03 10:00:00,644.0,710.6887
2025-11-03 11:00:00,636.0,736.8151
2025-11-03 12:00:00,561.0,814.51965
2025-11-03 13:00:00,667.0,831.0241
2025-11-03 14:00:00,618.0,826.4314
2025-11-03 15:00:00,710.0,799.00964
2025-11-03 16:00:00,987.0,716.78766
2025-11-03 17:00:00,1237.0,652.4519
2025-11-03 18:00:00,872.0,572.795
2025-11-03 19:00:00,480.0,483.4203
2025-11-03 20:00:00,284.0,353.04578
2025-11-03 21:00:00,160.0,266.0022
2025-11-03 22:00:00,110.0,189.67776
2025-11-03 23:00:00,55.0,128.64954
2025-11-04 00:00:00,23.0,71.21796
2025-11-04 01:00:00,18.0,51.11386
2025-11-04 02:00:00,9.0,55.701294
2025-11-04 03:00:00,8.0,83.45328
2025-11-04 04:00:00,29.0,132.76517
2025-11-04 05:00:00,166.0,200.10095
2025-11-04 06:00:00,587.0,281.14487
2025-11-04 07:00:00,694.0,408.30328
2025-11-04 08:00:00,607.0,532.39276
2025-11-04 09:00:00,579.0,618.178
2025-11-04 10:00:00,620.0,694.23816
2025-11-04 11:00:00,640.0,754.9363
2025-11-04 12:00:00,575.0,796.34143
2025-11-04 13:00:00,675.0,815.25665
2025-11-04 14:00:00,626.0,810.8013
2025-11-04 15:00:00,704.0,783.24744
2025-11-04 16:00:00,1024.0,702.0249
2025-11-04 17:00:00,1240.0,637.74646
2025-11-04 18:00:00,880.0,556.76855
2025-11-04 19:00:00,462.0,467.9222
2025-11-04 20:00:00,319.0,337.6798
2025-11-04 21:00:00,224.0,251.16463
2025-11-04 22:00:00,130.0,174.64209
2025-11-04 23:00:00,60.0,113.08545
2025-11-05 00:00:00,26.0,105.39807
2025-11-05 01:00:00,14.0,85.82236
2025-11-05 02:00:00,7.0,90.34372
2025-11-05 03:00:00,5.0,117.50128
2025-11-05 04:00:00,26.0,166.35086
2025-11-05 05:00:00,196.0,234.0829
2025-11-05 06:00:00,586.0,315.0608
2025-11-05 07:00:00,784.0,442.3531
2025-11-05 08:00:00,711.0,566.6407
2025-11-05 09:00:00,659.0,651.89575
2025-11-05 10:00:00,642.0,728.22015
2025-11-05 11:00:00,662.0,788.9182
2025-11-05 12:00:00,582.0,830.2573
2025-11-05 13:00:00,675.0,849.23865
2025-11-05 14:00:00,648.0,844.7833
2025-11-05 15:00:00,726.0,817.42755
2025-11-05 16:00:00,1011.0,736.537
2025-11-05 17:00:00,1278.0,671.46423
2025-11-05 18:00:00,926.0,591.2789
2025-11-05 19:00:00,564.0,502.96094
2025-11-05 20:00:00,341.0,371.992
2025-11-05 21:00:00,202.0,285.4768
2025-11-05 22:00:00,135.0,209.08633
2025-11-05 23:00:00,93.0,147.59573
2025-11-06 00:00:00,24.0,163.39783
2025-11-06 01:00:00,10.0,143.42584
2025-11-06 02:00:00,7.0,147.617
2025-11-06 03:00:00,5.0,175.69922
2025-11-06 04:00:00,27.0,224.35071
2025-11-06 05:00:00,191.0,291.75247
2025-11-06 06:00:00,562.0,373.0606
2025-11-06 07:00:00,795.0,501.69647
2025-11-06 08:00:00,691.0,592.61163
2025-11-06 09:00:00,629.0,679.1929
2025-11-06 10:00:00,686.0,755.78156
2025-11-06 11:00:00,657.0,816.8759
2025-11-06 12:00:00,675.0,858.6773
2025-11-06 13:00:00,696.0,878.3191
2025-11-06 14:00:00,657.0,871.45294
2025-11-06 15:00:00,761.0,843.22644
2025-11-06 16:00:00,1006.0,798.2528
2025-11-06 17:00:00,1301.0,731.77576
2025-11-06 18:00:00,966.0,650.7977
2025-11-06 19:00:00,626.0,561.9515
2025-11-06 20:00:00,400.0,430.5202
2025-11-06 21:00:00,271.0,343.4766
2025-11-06 22:00:00,169.0,266.9541
2025-11-06 23:00:00,82.0,205.46347
2025-11-07 00:00:00,40.0,200.97498
2025-11-07 01:00:00,17.0,181.33319
2025-11-07 02:00:00,16.0,185.52435
2025-11-07 03:00:00,18.0,212.81401
2025-11-07 04:00:00,48.0,261.79572
2025-11-07 05:00:00,204.0,329.26355
2025-11-07 06:00:00,536.0,410.30756
2025-11-07 07:00:00,714.0,539.47174
2025-11-07 08:00:00,778.0,630.3209
2025-11-07 09:00:00,779.0,716.9682
2025-11-07 10:00:00,699.0,793.75494
2025-11-07 11:00:00,775.0,854.98145
2025-11-07 12:00:00,820.0,896.5847
2025-11-07 13:00:00,849.0,916.1604
2025-11-07 14:00:00,868.0,912.1013
2025-11-07 15:00:00,926.0,884.34766
2025-11-07 16:00:00,1326.0,835.6979
2025-11-07 17:00:00,1367.0,768.82446
2025-11-07 18:00:00,1093.0,688.0447
2025-11-07 19:00:00,714.0,599.0663
2025-11-07 20:00:00,530.0,468.16342
2025-11-07 21:00:00,320.0,381.05377
2025-11-07 22:00:00,285.0,304.59723
2025-11-07 23:00:00,214.0,243.04059
2025-11-08 00:00:00,169.0,102.34332
2025-11-08 01:00:00,85.0,82.70157
2025-11-08 02:00:00,49.0,86.89273
2025-11-08 03:00:00,44.0,114.314514
2025-11-08 04:00:00,78.0,163.49432
2025-11-08 05:00:00,156.0,230.83008
2025-11-08 06:00:00,335.0,311.74188
2025-11-08 07:00:00,466.0,440.8401
2025-11-08 08:00:00,763.0,531.8874
2025-11-08 09:00:00,906.0,618.7989
2025-11-08 10:00:00,924.0,695.6517
2025-11-08 11:00:00,933.0,756.8782
2025-11-08 12:00:00,837.0,798.61346
2025-11-08 13:00:00,776.0,817.9911
2025-11-08 14:00:00,756.0,813.60175
2025-11-08 15:00:00,729.0,786.18005
2025-11-08 16:00:00,784.0,737.3965
2025-11-08 17:00:00,729.0,670.32495
2025-11-08 18:00:00,543.0,589.6772
2025-11-08 19:00:00,374.0,500.89694
2025-11-08 20:00:00,285.0,370.12616
2025-11-08 21:00:00,229.0,283.08258
2025-11-08 22:00:00,247.0,206.03168
2025-11-08 23:00:00,209.0,144.40897
2025-11-09 00:00:00,155.0,51.29297
2025-11-09 01:00:00,117.0,31.453033
2025-11-09 02:00:00,66.0,35.247894
2025-11-09 03:00:00,47.0,62.471527
2025-11-09 04:00:00,43.0,111.453186
2025-11-09 05:00:00,78.0,178.59079
2025-11-09 06:00:00,125.0,259.37054
2025-11-09 07:00:00,199.0,388.07245
2025-11-09 08:00:00,370.0,478.72348
2025-11-09 09:00:00,565.0,565.3708
2025-11-09 10:00:00,610.0,641.95935
2025-11-09 11:00:00,655.0,703.1858
2025-11-09 12:00:00,596.0,744.8551
2025-11-09 13:00:00,581.0,764.29877
2025-11-09 14:00:00,592.0,760.04156
2025-11-09 15:00:00,623.0,732.75195
2025-11-09 16:00:00,652.0,683.83624
2025-11-09 17:00:00,651.0,617.0289
2025-11-09 18:00:00,522.0,536.77747
2025-11-09 19:00:00,316.0,447.60095
2025-11-09 20:00:00,270.0,316.3678
2025-11-09 21:00:00,218.0,230.53444
2025-11-09 22:00:00,167.0,152.73566
2025-11-09 23:00:00,93.0,91.44318
2025-11-10 00:00:00,54.0,85.37717
2025-11-10 01:00:00,25.0,65.20703
2025-11-10 02:00:00,17.0,69.00189
2025-11-10 03:00:00,23.0,96.88602
2025-11-10 04:00:00,57.0,145.93372
2025-11-10 05:00:00,207.0,213.2034
2025-11-10 06:00:00,624.0,294.1153
2025-11-10 07:00:00,782.0,423.1474
2025-11-10 08:00:00,653.0,514.4589
2025-11-10 09:00:00,590.0,601.3043
2025-11-10 10:00:00,570.0,677.89294
2025-11-10 11:00:00,643.0,739.1854
2025-11-10 12:00:00,603.0,781.18494
2025-11-10 13:00:00,617.0,800.76074
2025-11-10 14:00:00,617.0,796.7016
2025-11-10 15:00:00,672.0,769.34595
2025-11-10 16:00:00,944.0,720.49634
2025-11-10 17:00:00,1218.0,653.49084
2025-11-10 18:00:00,772.0,572.9753
2025-11-10 19:00:00,417.0,484.39313
2025-11-10 20:00:00,265.0,353.35815
2025-11-10 21:00:00,163.0,266.6448
2025-11-10 22:00:00,149.0,189.79199
2025-11-10 23:00:00,117.0,128.56558
2025-11-11 00:00:00,70.0,70.78592
2025-11-11 01:00:00,29.0,50.615753
2025-11-11 02:00:00,28.0,54.740845
2025-11-11 03:00:00,27.0,82.09659
2025-11-11 04:00:00,54.0,131.21036
2025-11-11 05:00:00,179.0,198.4801
2025-11-11 06:00:00,559.0,279.72217
2025-11-11 07:00:00,769.0,409.2166
2025-11-11 08:00:00,580.0,534.23944
2025-11-11 09:00:00,531.0,617.2836
2025-11-11 10:00:00,616.0,693.3439
2025-11-11 11:00:00,589.0,754.174
2025-11-11 12:00:00,618.0,795.5131
2025-11-11 13:00:00,657.0,814.82465
2025-11-11 14:00:00,624.0,810.36926
2025-11-11 15:00:00,730.0,786.95917
2025-11-11 16:00:00,1054.0,703.1311
2025-11-11 17:00:00,1190.0,636.654
2025-11-11 18:00:00,818.0,556.0724
2025-11-11 19:00:00,479.0,467.49023
2025-11-11 20:00:00,247.0,337.04968
2025-11-11 21:00:00,180.0,250.60052
2025-11-11 22:00:00,205.0,173.81378
2025-11-11 23:00:00,101.0,112.78552
2025-11-12 00:00:00,56.0,104.94827
2025-11-12 01:00:00,25.0,85.57068
2025-11-12 02:00:00,22.0,89.76181
2025-11-12 03:00:00,28.0,117.11752
2025-11-12 04:00:00,40.0,166.29733
2025-11-12 05:00:00,185.0,233.76518
2025-11-12 06:00:00,563.0,314.7431
2025-11-12 07:00:00,736.0,443.70917
2025-11-12 08:00:00,597.0,567.7969
2025-11-12 09:00:00,635.0,651.84216
2025-11-12 10:00:00,610.0,727.63824
2025-11-12 11:00:00,657.0,788.60046
2025-11-12 12:00:00,610.0,829.8075
2025-11-12 13:00:00,707.0,849.0531
2025-11-12 14:00:00,622.0,847.4065
2025-11-12 15:00:00,747.0,785.48254
2025-11-12 16:00:00,1060.0,737.42554
2025-11-12 17:00:00,1256.0,671.0144
2025-11-12 18:00:00,840.0,589.97046
2025-11-12 19:00:00,526.0,501.7846
2025-11-12 20:00:00,306.0,370.4194
2025-11-12 21:00:00,267.0,283.50793
2025-11-12 22:00:00,199.0,206.78723
2025-11-12 23:00:00,97.0,146.08917
2025-11-13 00:00:00,45.0,161.74136
2025-11-13 01:00:00,23.0,142.09961
2025-11-13 02:00:00,18.0,145.56424
2025-11-13 03:00:00,17.0,173.11807
2025-11-13 04:00:00,41.0,222.43004
2025-11-13 05:00:00,164.0,289.43555
2025-11-13 06:00:00,620.0,370.34738
2025-11-13 07:00:00,817.0,499.24744
2025-11-13 08:00:00,696.0,589.5682
2025-11-13 09:00:00,637.0,711.1296
2025-11-13 10:00:00,651.0,783.578
2025-11-13 11:00:00,710.0,843.41223
2025-11-13 12:00:00,617.0,884.8174
2025-11-13 13:00:00,652.0,903.73267
2025-11-13 14:00:00,634.0,898.81494
2025-11-13 15:00:00,775.0,872.65857
2025-11-13 16:00:00,1070.0,792.23724
2025-11-13 17:00:00,1309.0,725.95825
2025-11-13 18:00:00,984.0,645.5747
2025-11-13 19:00:00,657.0,556.9926
2025-11-13 20:00:00,350.0,426.35397
2025-11-13 21:00:00,264.0,339.57452
2025-11-13 22:00:00,274.0,263.25015
2025-11-13 23:00:00,117.0,202.08975
2025-11-14 00:00:00,60.0,197.84775
2025-11-14 01:00:00,34.0,178.6683
2025-11-14 02:00:00,24.0,183.05759
2025-11-14 03:00:00,19.0,210.34726
2025-11-14 04:00:00,56.0,259.65918
2025-11-14 05:00:00,168.0,326.79675
2025-11-14 06:00:00,568.0,407.4445
2025-11-14 07:00:00,697.0,536.27844
2025-11-14 08:00:00,660.0,627.3918
2025-11-14 09:00:00,704.0,713.4447
2025-11-14 10:00:00,688.0,788.5768
2025-11-14 11:00:00,785.0,846.3948
2025-11-14 12:00:00,743.0,891.34393
2025-11-14 13:00:00,820.0,909.59875
2025-11-14 14:00:00,772.0,905.936
2025-11-14 15:00:00,912.0,878.9105
2025-11-14 16:00:00,1228.0,830.7213
2025-11-14 17:00:00,1339.0,763.2534
2025-11-14 18:00:00,992.0,682.40765
2025-11-14 19:00:00,629.0,593.6934
2025-11-14 20:00:00,430.0,462.39426
2025-11-14 21:00:00,323.0,375.813
2025-11-14 22:00:00,327.0,298.36575
2025-11-14 23:00:00,279.0,237.2054
2025-11-15 00:00:00,179.0,96.35837
2025-11-15 01:00:00,95.0,77.443085
2025-11-15 02:00:00,58.0,81.304016
2025-11-15 03:00:00,50.0,109.32016
2025-11-15 04:00:00,65.0,158.1698
2025-11-15 05:00:00,129.0,225.76973
2025-11-15 06:00:00,249.0,307.34204
2025-11-15 07:00:00,401.0,436.96863
2025-11-15 08:00:00,522.0,561.72205
2025-11-15 09:00:00,765.0,646.3027
2025-11-15 10:00:00,792.0,721.2279
2025-11-15 11:00:00,840.0,782.3883
2025-11-15 12:00:00,782.0,823.3311
2025-11-15 13:00:00,743.0,842.6461
2025-11-15 14:00:00,755.0,806.56
2025-11-15 15:00:00,755.0,777.9999
2025-11-15 16:00:00,754.0,730.8831
2025-11-15 17:00:00,800.0,663.8115
2025-11-15 18:00:00,571.0,583.5601
2025-11-15 19:00:00,447.0,494.978
2025-11-15 20:00:00,247.0,364.27325
2025-11-15 21:00:00,212.0,277.69202
2025-11-15 22:00:00,222.0,201.23553
2025-11-15 23:00:00,216.0,139.74496
2025-11-16 00:00:00,177.0,47.80011
2025-11-16 01:00:00,106.0,28.686707
2025-11-16 02:00:00,71.0,33.07602
2025-11-16 03:00:00,62.0,60.431732
2025-11-16 04:00:00,50.0,109.61157
2025-11-16 05:00:00,47.0,176.88126
2025-11-16 06:00:00,89.0,257.85913
2025-11-16 07:00:00,188.0,386.62708
2025-11-16 08:00:00,267.0,477.41022
2025-11-16 09:00:00,442.0,564.18964
2025-11-16 10:00:00,505.0,640.7782
2025-11-16 11:00:00,626.0,702.1367
2025-11-16 12:00:00,583.0,743.74
2025-11-16 13:00:00,597.0,763.18365
2025-11-16 14:00:00,603.0,759.5869
2025-11-16 15:00:00,625.0,731.63684
2025-11-16 16:00:00,687.0,683.0514
2025-11-16 17:00:00,615.0,616.04584
2025-11-16 18:00:00,492.0,535.5303
2025-11-16 19:00:00,372.0,446.55188
2025-11-16 20:00:00,307.0,315.1206
2025-11-16 21:00:00,240.0,227.7468
2025-11-16 22:00:00,143.0,151.48843
2025-11-16 23:00:00,77.0,90.19595
2025-11-17 00:00:00,69.0,83.385895
2025-11-17 01:00:00,34.0,63.41388
2025-11-17 02:00:00,21.0,67.60504
2025-11-17 03:00:00,21.0,95.290985
2025-11-17 04:00:00,60.0,143.81033
2025-11-17 05:00:00,221.0,210.88187
2025-11-17 06:00:00,596.0,254.7102
2025-11-17 07:00:00,701.0,346.59274
2025-11-17 08:00:00,647.0,436.56195
2025-11-17 09:00:00,608.0,534.01184
2025-11-17 10:00:00,582.0,627.0131
2025-11-17 11:00:00,600.0,681.26575
2025-11-17 12:00:00,532.0,747.0928
2025-11-17 13:00:00,625.0,761.43335
2025-11-17 14:00:00,569.0,731.6781
2025-11-17 15:00:00,664.0,770.9855
2025-11-17 16:00:00,994.0,722.33575
2025-11-17 17:00:00,1183.0,655.1981
2025-11-17 18:00:00,795.0,575.4305
2025-11-17 19:00:00,440.0,485.83627
2025-11-17 20:00:00,236.0,354.33896
2025-11-17 21:00:00,151.0,267.6256
2025-11-17 22:00:00,141.0,190.70679
2025-11-17 23:00:00,89.0,129.48041
2025-11-18 00:00:00,40.0,72.47577
2025-11-18 01:00:00,39.0,53.164185
2025-11-18 02:00:00,23.0,57.025116
2025-11-18 03:00:00,15.0,84.71106
2025-11-18 04:00:00,54.0,134.22113
2025-11-18 05:00:00,162.0,201.49084
2025-11-18 06:00:00,597.0,282.33664
2025-11-18 07:00:00,830.0,411.69897
2025-11-18 08:00:00,641.0,502.21793
2025-11-18 09:00:00,535.0,588.535
2025-11-18 10:00:00,560.0,664.5865
2025-11-18 11:00:00,623.0,723.4022
2025-11-18 12:00:00,553.0,803.3836
2025-11-18 13:00:00,677.0,820.154
2025-11-18 14:00:00,562.0,781.59106
2025-11-18 15:00:00,696.0,754.57086
2025-11-18 16:00:00,1038.0,707.9912
2025-11-18 17:00:00,1274.0,641.2499
2025-11-18 18:00:00,802.0,561.0645
2025-11-18 19:00:00,468.0,472.3503
2025-11-18 20:00:00,295.0,341.24927
2025-11-18 21:00:00,181.0,254.60199
2025-11-18 22:00:00,186.0,177.41898
2025-11-18 23:00:00,123.0,116.060486
2025-11-19 00:00:00,65.0,107.94156
2025-11-19 01:00:00,30.0,88.828156
2025-11-19 02:00:00,17.0,92.88718
2025-11-19 03:00:00,25.0,120.57309
2025-11-19 04:00:00,47.0,169.55478
2025-11-19 05:00:00,168.0,236.89053
2025-11-19 06:00:00,577.0,317.9345
2025-11-19 07:00:00,803.0,446.70245
2025-11-19 08:00:00,648.0,534.0736
2025-11-19 09:00:00,606.0,655.6941
2025-11-19 10:00:00,529.0,731.4901
2025-11-19 11:00:00,643.0,792.91644
2025-11-19 12:00:00,615.0,834.65
2025-11-19 13:00:00,705.0,821.19934
2025-11-19 14:00:00,661.0,817.94507
2025-11-19 15:00:00,742.0,790.58936
2025-11-19 16:00:00,1089.0,741.73975
2025-11-19 17:00:00,1216.0,674.8003
2025-11-19 18:00:00,850.0,594.1526
2025-11-19 19:00:00,593.0,505.10812
2025-11-19 20:00:00,295.0,374.07315
2025-11-19 21:00:00,233.0,287.29376
2025-11-19 22:00:00,207.0,210.50699
2025-11-19 23:00:00,123.0,148.55405
2025-11-20 00:00:00,70.0,163.92468
2025-11-20 01:00:00,30.0,116.85782
2025-11-20 02:00:00,14.0,110.92822
2025-11-20 03:00:00,21.0,175.36746
2025-11-20 04:00:00,47.0,224.21707
2025-11-20 05:00:00,185.0,291.5528
2025-11-20 06:00:00,539.0,335.38116
2025-11-20 07:00:00,743.0,423.41354
2025-11-20 08:00:00,672.0,592.74225
2025-11-20 09:00:00,525.0,678.4527
2025-11-20 10:00:00,539.0,755.641
2025-11-20 11:00:00,624.0,815.7949
2025-11-20 12:00:00,607.0,858.73315
2025-11-20 13:00:00,683.0,878.84247
2025-11-20 14:00:00,630.0,800.99475
2025-11-20 15:00:00,763.0,849.6769
2025-11-20 16:00:00,1034.0,800.4309
2025-11-20 17:00:00,1242.0,662.5801
2025-11-20 18:00:00,860.0,576.38837
2025-11-20 19:00:00,514.0,563.7993
2025-11-20 20:00:00,331.0,432.56616
2025-11-20 21:00:00,242.0,346.53464
2025-11-20 22:00:00,205.0,268.80188
2025-11-20 23:00:00,177.0,207.11313
2025-11-21 00:00:00,102.0,202.85376
2025-11-21 01:00:00,46.0,183.21198
2025-11-21 02:00:00,22.0,123.936676
2025-11-21 03:00:00,28.0,216.1672
2025-11-21 04:00:00,51.0,264.26895
2025-11-21 05:00:00,166.0,331.40656
2025-11-21 06:00:00,515.0,412.18634
2025-11-21 07:00:00,645.0,541.21844
2025-11-21 08:00:00,560.0,632.26575
2025-11-21 09:00:00,595.0,719.1112
2025-11-21 10:00:00,600.0,796.03
2025-11-21 11:00:00,784.0,857.5206
2025-11-21 12:00:00,695.0,899.4542
2025-11-21 13:00:00,766.0,919.2281
2025-11-21 14:00:00,771.0,915.3011
2025-11-21 15:00:00,909.0,888.0775
2025-11-21 16:00:00,1198.0,839.29395
2025-11-21 17:00:00,1220.0,772.15625
2025-11-21 18:00:00,928.0,691.17834
2025-11-21 19:00:00,610.0,602.266
2025-11-21 20:00:00,387.0,471.165
2025-11-21 21:00:00,315.0,384.38562
2025-11-21 22:00:00,274.0,307.5328
2025-11-21 23:00:00,266.0,246.04218
2025-11-22 00:00:00,165.0,105.24396
2025-11-22 01:00:00,88.0,85.66824
2025-11-22 02:00:00,47.0,89.793335
2025-11-22 03:00:00,42.0,117.14905
2025-11-22 04:00:00,61.0,166.32889
2025-11-22 05:00:00,111.0,233.7307
2025-11-22 06:00:00,234.0,314.64252
2025-11-22 07:00:00,467.0,443.74072
2025-11-22 08:00:00,640.0,534.788
2025-11-22 09:00:00,836.0,621.6334
2025-11-22 10:00:00,906.0,697.2192
2025-11-22 11:00:00,805.0,759.5806
2025-11-22 12:00:00,781.0,799.03723
2025-11-22 13:00:00,746.0,856.53064
2025-11-22 14:00:00,739.0,852.6697
2025-11-22 15:00:00,721.0,825.58167
2025-11-22 16:00:00,727.0,740.95764
2025-11-22 17:00:00,729.0,673.9521
2025-11-22 18:00:00,596.0,593.43646
2025-11-22 19:00:00,333.0,504.78827
2025-11-22 20:00:00,271.0,373.42307
2025-11-22 21:00:00,209.0,286.9079
2025-11-22 22:00:00,233.0,210.71558
2025-11-22 23:00:00,238.0,149.35709
2025-11-23 00:00:00,179.0,56.66858
2025-11-23 01:00:00,100.0,37.357025
2025-11-23 02:00:00,49.0,41.680267
2025-11-23 03:00:00,36.0,68.83786
2025-11-23 04:00:00,39.0,117.95166
2025-11-23 05:00:00,42.0,185.48553
2025-11-23 06:00:00,92.0,266.3974
2025-11-23 07:00:00,190.0,395.56158
2025-11-23 08:00:00,306.0,521.51953
2025-11-23 09:00:00,468.0,607.4386
2025-11-23 10:00:00,525.0,682.09094
2025-11-23 11:00:00,636.0,708.41895
2025-11-23 12:00:00,608.0,748.41614
2025-11-23 13:00:00,634.0,767.99536
2025-11-23 14:00:00,648.0,765.9456
2025-11-23 15:00:00,644.0,738.3918
2025-11-23 16:00:00,623.0,689.4761
2025-11-23 17:00:00,602.0,622.2724
2025-11-23 18:00:00,492.0,541.22845
2025-11-23 19:00:00,340.0,452.0519
2025-11-23 20:00:00,312.0,283.60315
2025-11-23 21:00:00,219.0,195.48148
2025-11-23 22:00:00,146.0,122.41281
2025-11-23 23:00:00,64.0,60.7901
2025-11-24 00:00:00,38.0,62.345123
2025-11-24 01:00:00,36.0,44.463287
2025-11-24 02:00:00,25.0,53.934326
2025-11-24 03:00:00,23.0,78.319885
2025-11-24 04:00:00,54.0,129.9415
2025-11-24 05:00:00,180.0,201.28082
2025-11-24 06:00:00,596.0,281.92853
2025-11-24 07:00:00,769.0,354.01053
2025-11-24 08:00:00,607.0,441.27374
2025-11-24 09:00:00,557.0,531.8372
2025-11-24 10:00:00,602.0,611.2639
2025-11-24 11:00:00,599.0,670.79645
2025-11-24 12:00:00,544.0,709.6937
2025-11-24 13:00:00,597.0,742.4478
2025-11-24 14:00:00,531.0,737.5087
2025-11-24 15:00:00,656.0,710.1531
2025-11-24 16:00:00,1030.0,667.17773
2025-11-24 17:00:00,1178.0,594.6282
2025-11-24 18:00:00,768.0,504.4542
2025-11-24 19:00:00,382.0,433.3182
2025-11-24 20:00:00,254.0,322.4043
2025-11-24 21:00:00,204.0,229.94873
2025-11-24 22:00:00,143.0,156.68188
2025-11-24 23:00:00,113.0,91.341125
2025-11-25 00:00:00,48.0,39.203186
2025-11-25 01:00:00,26.0,22.399475
2025-11-25 02:00:00,11.0,17.526642
2025-11-25 03:00:00,15.0,83.50635
2025-11-25 04:00:00,48.0,132.28986
2025-11-25 05:00:00,167.0,199.29538
2025-11-25 06:00:00,571.0,281.2193
2025-11-25 07:00:00,759.0,410.05328
2025-11-25 08:00:00,560.0,501.10062
2025-11-25 09:00:00,518.0,586.0684
2025-11-25 10:00:00,576.0,662.86206
2025-11-25 11:00:00,641.0,723.7548
2025-11-25 12:00:00,582.0,689.56494
2025-11-25 13:00:00,653.0,711.9591
2025-11-25 14:00:00,575.0,730.45123
2025-11-25 15:00:00,704.0,685.12103
2025-11-25 16:00:00,1005.0,636.1393
2025-11-25 17:00:00,1204.0,569.06775
2025-11-25 18:00:00,815.0,495.10834
2025-11-25 19:00:00,466.0,395.9878
2025-11-25 20:00:00,278.0,301.3545
2025-11-25 21:00:00,200.0,253.61674
2025-11-25 22:00:00,189.0,152.79272
2025-11-25 23:00:00,157.0,94.47049
2025-11-26 00:00:00,38.0,79.712494
2025-11-26 01:00:00,33.0,53.448517
2025-11-26 02:00:00,18.0,52.579315
2025-11-26 03:00:00,17.0,83.8512
2025-11-26 04:00:00,45.0,132.70078
2025-11-26 05:00:00,150.0,200.98254
2025-11-26 06:00:00,525.0,285.6125
2025-11-26 07:00:00,737.0,445.3041
2025-11-26 08:00:00,628.0,535.1412
2025-11-26 09:00:00,552.0,547.35724
2025-11-26 10:00:00,522.0,698.50916
2025-11-26 11:00:00,677.0,682.7965
2025-11-26 12:00:00,555.0,802.1315
2025-11-26 13:00:00,652.0,822.71924
2025-11-26 14:00:00,566.0,748.40936
2025-11-26 15:00:00,711.0,791.76685
2025-11-26 16:00:00,1021.0,742.85114
2025-11-26 17:00:00,1240.0,674.7015
2025-11-26 18:00:00,814.0,593.7896
2025-11-26 19:00:00,524.0,504.74518
2025-11-26 20:00:00,289.0,373.51202
2025-11-26 21:00:00,241.0,254.11507
2025-11-26 22:00:00,172.0,178.67062
2025-11-26 23:00:00,116.0,148.32318
2025-11-27 00:00:00,55.0,163.80917
2025-11-27 01:00:00,41.0,144.10138
2025-11-27 02:00:00,23.0,148.16046
2025-11-27 03:00:00,18.0,175.64825
2025-11-27 04:00:00,39.0,224.76204
2025-11-27 05:00:00,155.0,292.22986
2025-11-27 06:00:00,566.0,373.0096
2025-11-27 07:00:00,778.0,502.30594
2025-11-27 08:00:00,662.0,593.08905
2025-11-27 09:00:00,583.0,715.1719
2025-11-27 10:00:00,617.0,752.5167
2025-11-27 11:00:00,680.0,814.73914
2025-11-27 12:00:00,665.0,891.51025
2025-11-27 13:00:00,739.0,911.2859
2025-11-27 14:00:00,609.0,906.9591
2025-11-27 15:00:00,781.0,881.6719
2025-11-27 16:00:00,1146.0,799.853
2025-11-27 17:00:00,1362.0,733.04565
2025-11-27 18:00:00,1026.0,652.53
2025-11-27 19:00:00,602.0,563.61774
2025-11-27 20:00:00,357.0,432.913
2025-11-27 21:00:00,283.0,346.26566
2025-11-27 22:00:00,214.0,269.545
2025-11-27 23:00:00,133.0,208.05438
2025-11-28 00:00:00,78.0,203.84442
2025-11-28 01:00:00,53.0,184.46683
2025-11-28 02:00:00,30.0,188.45987
2025-11-28 03:00:00,24.0,216.21184
2025-11-28 04:00:00,52.0,265.19354
2025-11-28 05:00:00,173.0,332.3972
2025-11-28 06:00:00,553.0,413.4412
2025-11-28 07:00:00,708.0,542.4072
2025-11-28 08:00:00,662.0,668.82745
2025-11-28 09:00:00,745.0,750.8705
2025-11-28 10:00:00,811.0,827.19495
2025-11-28 11:00:00,808.0,888.1572
2025-11-28 12:00:00,725.0,929.8926
2025-11-28 13:00:00,858.0,949.072
2025-11-28 14:00:00,943.0,946.3513
2025-11-28 15:00:00,1009.0,921.67065
2025-11-28 16:00:00,1432.0,837.0482
2025-11-28 17:00:00,1271.0,769.8446
2025-11-28 18:00:00,1082.0,689.1969
2025-11-28 19:00:00,839.0,599.9543
2025-11-28 20:00:00,492.0,468.8533
2025-11-28 21:00:00,360.0,381.9418
2025-11-28 22:00:00,311.0,305.089
2025-11-28 23:00:00,282.0,243.46628
2025-11-29 00:00:00,222.0,102.65155
2025-11-29 01:00:00,74.0,44.517853
2025-11-29 02:00:00,69.0,87.88272
2025-11-29 03:00:00,44.0,114.0943
2025-11-29 04:00:00,60.0,163.00995
2025-11-29 05:00:00,109.0,193.13007
2025-11-29 06:00:00,264.0,311.52173
2025-11-29 07:00:00,525.0,440.42178
2025-11-29 08:00:00,713.0,531.2049
2025-11-29 09:00:00,767.0,617.588
2025-11-29 10:00:00,808.0,693.9124
2025-11-29 11:00:00,833.0,755.13885
2025-11-29 12:00:00,749.0,830.4378
2025-11-29 13:00:00,796.0,848.1433
2025-11-29 14:00:00,868.0,843.82007
2025-11-29 15:00:00,789.0,818.67004
2025-11-29 16:00:00,772.0,736.3838
2025-11-29 17:00:00,812.0,669.7085
2025-11-29 18:00:00,655.0,589.32495
2025-11-29 19:00:00,440.0,500.47864
2025-11-29 20:00:00,301.0,369.44366
2025-11-29 21:00:00,240.0,282.92847
2025-11-29 22:00:00,282.0,206.00964
2025-11-29 23:00:00,238.0,144.65112
2025-11-30 00:00:00,163.0,51.74814
2025-11-30 01:00:00,104.0,32.238434
2025-11-30 02:00:00,77.0,36.033325
2025-11-30 03:00:00,37.0,63.190887
2025-11-30 04:00:00,46.0,112.70096
2025-11-30 05:00:00,51.0,179.50833
2025-11-30 06:00:00,87.0,260.0899
2025-11-30 07:00:00,201.0,389.3202
2025-11-30 08:00:00,298.0,480.16934
2025-11-30 09:00:00,425.0,566.3544
2025-11-30 10:00:00,531.0,642.8769
2025-11-30 11:00:00,676.0,704.10333
2025-11-30 12:00:00,632.0,745.64056
2025-11-30 13:00:00,655.0,765.0182
2025-11-30 14:00:00,688.0,760.89307
2025-11-30 15:00:00,695.0,733.53735
2025-11-30 16:00:00,689.0,684.4235
2025-11-30 17:00:00,659.0,617.2859
2025-11-30 18:00:00,511.0,460.18286
2025-11-30 19:00:00,430.0,372.67886
2025-11-30 20:00:00,309.0,284.93195
2025-11-30 21:00:00,207.0,197.40463
2025-11-30 22:00:00,146.0,118.04404
2025-11-30 23:00:00,69.0,93.90115
2025-12-01 00:00:00,49.0,64.79318
2025-12-01 01:00:00,36.0,8.881805
2025-12-01 02:00:00,17.0,10.102814
2025-12-01 03:00:00,25.0,76.69827
2025-12-01 04:00:00,56.0,125.81207
2025-12-01 05:00:00,204.0,192.06964
2025-12-01 06:00:00,607.0,273.04755
2025-12-01 07:00:00,761.0,401.9476
2025-12-01 08:00:00,636.0,492.92886
2025-12-01 09:00:00,539.0,579.70825
2025-12-01 10:00:00,546.0,656.23083
2025-12-01 11:00:00,585.0,717.72144
2025-12-01 12:00:00,584.0,759.58887
2025-12-01 13:00:00,582.0,779.0986
2025-12-01 14:00:00,585.0,775.2377
2025-12-01 15:00:00,646.0,747.8159
2025-12-01 16:00:00,1003.0,698.9663
2025-12-01 17:00:00,1299.0,631.8948
2025-12-01 18:00:00,876.0,551.181
2025-12-01 19:00:00,456.0,462.9952
2025-12-01 20:00:00,294.0,332.3565
2025-12-01 21:00:00,190.0,245.7092
2025-12-01 22:00:00,151.0,168.92242
2025-12-01 23:00:00,86.0,107.299774
2025-12-02 00:00:00,42.0,50.394135
2025-12-02 01:00:00,28.0,30.48816
2025-12-02 02:00:00,17.0,33.82068
2025-12-02 03:00:00,19.0,61.374542
2025-12-02 04:00:00,57.0,110.88464
2025-12-02 05:00:00,161.0,178.35248
2025-12-02 06:00:00,569.0,259.46246
2025-12-02 07:00:00,752.0,388.7588
2025-12-02 08:00:00,641.0,476.528
2025-12-02 09:00:00,509.0,597.7505
2025-12-02 10:00:00,558.0,673.8767
2025-12-02 11:00:00,594.0,735.2353
2025-12-02 12:00:00,602.0,777.36865
2025-12-02 13:00:00,599.0,796.41425
2025-12-02 14:00:00,572.0,792.3552
2025-12-02 15:00:00,715.0,767.5372
2025-12-02 16:00:00,1101.0,684.7207
2025-12-02 17:00:00,1255.0,618.2436
2025-12-02 18:00:00,855.0,537.06757
2025-12-02 19:00:00,479.0,448.2873
2025-12-02 20:00:00,320.0,317.5165
2025-12-02 21:00:00,223.0,230.60503
2025-12-02 22:00:00,174.0,153.95035
2025-12-02 23:00:00,101.0,92.19556
2025-12-03 00:00:00,54.0,84.1759
2025-12-03 01:00:00,32.0,64.46808
2025-12-03 02:00:00,23.0,68.52716
2025-12-03 03:00:00,20.0,96.01495
2025-12-03 04:00:00,40.0,145.06268
2025-12-03 05:00:00,182.0,212.2663
2025-12-03 06:00:00,534.0,293.17816
2025-12-03 07:00:00,737.0,422.27634
2025-12-03 08:00:00,607.0,513.1916
2025-12-03 09:00:00,570.0,599.83887
2025-12-03 10:00:00,564.0,676.5596
2025-12-03 11:00:00,674.0,737.786
2025-12-03 12:00:00,554.0,779.7195
2025-12-03 13:00:00,680.0,799.2953
2025-12-03 14:00:00,622.0,795.30225
2025-12-03 15:00:00,711.0,768.0786
2025-12-03 16:00:00,1042.0,719.229
2025-12-03 17:00:00,1215.0,652.1574
2025-12-03 18:00:00,866.0,571.3777
2025-12-03 19:00:00,511.0,482.5974
2025-12-03 20:00:00,269.0,351.23218
2025-12-03 21:00:00,240.0,264.25464
2025-12-03 22:00:00,207.0,187.2037
2025-12-03 23:00:00,123.0,125.779144
2025-12-04 00:00:00,54.0,141.44745
2025-12-04 01:00:00,31.0,122.003845
2025-12-04 02:00:00,25.0,125.99686
2025-12-04 03:00:00,19.0,153.55069
2025-12-04 04:00:00,48.0,202.53238
2025-12-04 05:00:00,190.0,269.80206
2025-12-04 06:00:00,568.0,350.91205
2025-12-04 07:00:00,793.0,480.0763
2025-12-04 08:00:00,664.0,570.9255
2025-12-04 09:00:00,628.0,657.70483
2025-12-04 10:00:00,613.0,734.3595
2025-12-04 11:00:00,678.0,795.652
2025-12-04 12:00:00,644.0,837.25525
2025-12-04 13:00:00,649.0,856.765
2025-12-04 14:00:00,680.0,852.57385
2025-12-04 15:00:00,778.0,825.41626
2025-12-04 16:00:00,1144.0,776.5006
2025-12-04 17:00:00,1380.0,709.69324
2025-12-04 18:00:00,908.0,628.9134
2025-12-04 19:00:00,599.0,539.67084
2025-12-04 20:00:00,375.0,408.4377
2025-12-04 21:00:00,255.0,321.32806
2025-12-04 22:00:00,212.0,244.40926
2025-12-04 23:00:00,150.0,182.91861
2025-12-05 00:00:00,79.0,178.49484
2025-12-05 01:00:00,44.0,158.72098
2025-12-05 02:00:00,26.0,163.66003
2025-12-05 03:00:00,26.0,152.78802
2025-12-05 04:00:00,59.0,201.70367
2025-12-05 05:00:00,164.0,270.86542
2025-12-05 06:00:00,530.0,353.47125
2025-12-05 07:00:00,616.0,441.4376
2025-12-05 08:00:00,628.0,531.60486
2025-12-05 09:00:00,634.0,616.3601
2025-12-05 10:00:00,753.0,770.28406
2025-12-05 11:00:00,755.0,831.7087
2025-12-05 12:00:00,744.0,873.5762
2025-12-05 13:00:00,867.0,893.1519
2025-12-05 14:00:00,878.0,888.9608
2025-12-05 15:00:00,1024.0,861.53906
2025-12-05 16:00:00,1331.0,812.68933
2025-12-05 17:00:00,1294.0,745.6178
2025-12-05 18:00:00,970.0,665.30035
2025-12-05 19:00:00,614.0,576.5201
2025-12-05 20:00:00,458.0,445.22095
2025-12-05 21:00:00,378.0,358.83783
2025-12-05 22:00:00,307.0,282.6455
2025-12-05 23:00:00,262.0,221.2209
2025-12-06 00:00:00,162.0,80.720825
2025-12-06 01:00:00,101.0,61.01306
2025-12-06 02:00:00,52.0,65.00607
2025-12-06 03:00:00,36.0,92.031525
2025-12-06 04:00:00,61.0,141.60767
2025-12-06 05:00:00,108.0,208.54712
2025-12-06 06:00:00,248.0,288.9306
2025-12-06 07:00:00,446.0,417.76456
2025-12-06 08:00:00,606.0,508.94397
2025-12-06 09:00:00,746.0,595.19495
2025-12-06 10:00:00,834.0,670.918
2025-12-06 11:00:00,828.0,729.2731
2025-12-06 12:00:00,753.0,773.5531
2025-12-06 13:00:00,743.0,793.33044
2025-12-06 14:00:00,724.0,789.07324
2025-12-06 15:00:00,759.0,761.5194
2025-12-06 16:00:00,730.0,713.0
2025-12-06 17:00:00,715.0,646.3247
2025-12-06 18:00:00,559.0,565.8752
2025-12-06 19:00:00,409.0,476.6326
2025-12-06 20:00:00,299.0,344.4748
2025-12-06 21:00:00,281.0,258.42194
2025-12-06 22:00:00,219.0,181.43704
2025-12-06 23:00:00,215.0,120.14456
2025-12-07 00:00:00,158.0,26.895966
2025-12-07 01:00:00,86.0,7.320221
2025-12-07 02:00:00,50.0,-21.282959
2025-12-07 03:00:00,53.0,10.934967
2025-12-07 04:00:00,43.0,58.003265
2025-12-07 05:00:00,56.0,116.95685
2025-12-07 06:00:00,121.0,236.09637
2025-12-07 07:00:00,170.0,365.94244
2025-12-07 08:00:00,277.0,456.04373
2025-12-07 09:00:00,398.0,542.29474
2025-12-07 10:00:00,487.0,618.5531
2025-12-07 11:00:00,648.0,680.0437
2025-12-07 12:00:00,546.0,722.9893
2025-12-07 13:00:00,530.0,673.67786
2025-12-07 14:00:00,596.0,676.70337
2025-12-07 15:00:00,567.0,641.84546
2025-12-07 16:00:00,612.0,599.6841
2025-12-07 17:00:00,698.0,531.5344
2025-12-07 18:00:00,600.0,446.57425
2025-12-07 19:00:00,377.0,353.87778
2025-12-07 20:00:00,294.0,265.6025
2025-12-07 21:00:00,222.0,174.84088
2025-12-07 22:00:00,160.0,130.53964
2025-12-07 23:00:00,118.0,67.904816
2025-12-08 00:00:00,68.0,-78.33835
2025-12-08 01:00:00,45.0,-95.27408
2025-12-08 02:00:00,30.0,-94.18521
2025-12-08 03:00:00,23.0,-57.918976
2025-12-08 04:00:00,40.0,-15.55954
2025-12-08 05:00:00,65.0,56.99005
2025-12-08 06:00:00,160.0,136.9559
2025-12-08 07:00:00,252.0,220.39026
2025-12-08 08:00:00,359.0,388.90503
2025-12-08 09:00:00,515.0,474.6063
2025-12-08 10:00:00,652.0,548.7911
2025-12-08 11:00:00,689.0,644.78564
2025-12-08 12:00:00,693.0,685.1896
2025-12-08 13:00:00,701.0,704.90265
2025-12-08 14:00:00,839.0,666.6161
2025-12-08 15:00:00,904.0,641.0628
2025-12-08 16:00:00,902.0,592.67554
2025-12-08 17:00:00,761.0,525.80206
2025-12-08 18:00:00,624.0,444.95627
2025-12-08 19:00:00,574.0,355.97784
2025-12-08 20:00:00,391.0,225.40523
2025-12-08 21:00:00,274.0,138.75793
2025-12-08 22:00:00,164.0,62.30136
2025-12-08 23:00:00,120.0,1.0750122
2025-12-09 00:00:00,53.0,45.86087
2025-12-09 01:00:00,33.0,26.417206
2025-12-09 02:00:00,16.0,30.608398
2025-12-09 03:00:00,26.0,58.09619
2025-12-09 04:00:00,67.0,107.6723
2025-12-09 05:00:00,214.0,175.20615
2025-12-09 06:00:00,671.0,256.7124
2025-12-09 07:00:00,793.0,386.0748
2025-12-09 08:00:00,696.0,476.39038
2025-12-09 09:00:00,655.0,563.5035
2025-12-09 10:00:00,722.0,637.1494
2025-12-09 11:00:00,676.0,698.64703
2025-12-09 12:00:00,600.0,738.64777
2025-12-09 13:00:00,651.0,758.6232
2025-12-09 14:00:00,656.0,755.4315
2025-12-09 15:00:00,736.0,728.60767
2025-12-09 16:00:00,1007.0,682.1688
2025-12-09 17:00:00,1228.0,615.2954
2025-12-09 18:00:00,835.0,535.04407
2025-12-09 19:00:00,448.0,446.06564
2025-12-09 20:00:00,276.0,315.03064
2025-12-09 21:00:00,194.0,228.25125
2025-12-09 22:00:00,179.0,152.19107
2025-12-09 23:00:00,106.0,90.76654
2025-12-10 00:00:00,54.0,81.74124
2025-12-10 01:00:00,27.0,63.09018
2025-12-10 02:00:00,20.0,66.81897
2025-12-10 03:00:00,21.0,94.43884
2025-12-10 04:00:00,49.0,143.75076
2025-12-10 05:00:00,173.0,211.08649
2025-12-10 06:00:00,536.0,291.99835
2025-12-10 07:00:00,733.0,421.1626
2025-12-10 08:00:00,712.0,509.67053
2025-12-10 09:00:00,610.0,632.22784
2025-12-10 10:00:00,633.0,669.91516
2025-12-10 11:00:00,683.0,732.8223
2025-12-10 12:00:00,632.0,807.65717
2025-12-10 13:00:00,721.0,791.06915
2025-12-10 14:00:00,660.0,824.52966
2025-12-10 15:00:00,716.0,761.94006
2025-12-10 16:00:00,1014.0,714.02026
2025-12-10 17:00:00,1207.0,647.0808
2025-12-10 18:00:00,851.0,566.82947
2025-12-10 19:00:00,484.0,478.37943
2025-12-10 20:00:00,286.0,347.54257
2025-12-10 21:00:00,264.0,260.499
2025-12-10 22:00:00,207.0,183.38199
2025-12-10 23:00:00,126.0,122.22165
2025-12-11 00:00:00,56.0,137.3468
2025-12-11 01:00:00,41.0,117.5069
2025-12-11 02:00:00,23.0,121.63202
2025-12-11 03:00:00,26.0,149.05374
2025-12-11 04:00:00,49.0,198.29965
2025-12-11 05:00:00,175.0,265.7675
2025-12-11 06:00:00,559.0,346.8775
2025-12-11 07:00:00,792.0,476.3059
2025-12-11 08:00:00,678.0,567.02295
2025-12-11 09:00:00,608.0,653.40607
2025-12-11 10:00:00,570.0,729.8626
2025-12-11 11:00:00,673.0,791.1551
2025-12-11 12:00:00,630.0,832.82434
2025-12-11 13:00:00,717.0,852.7304
2025-12-11 14:00:00,659.0,848.6053
2025-12-11 15:00:00,818.0,821.18353
2025-12-11 16:00:00,1127.0,772.33386
2025-12-11 17:00:00,1255.0,705.13025
2025-12-11 18:00:00,853.0,624.8128
2025-12-11 19:00:00,528.0,536.2307
2025-12-11 20:00:00,338.0,405.06363
2025-12-11 21:00:00,285.0,318.74652
2025-12-11 22:00:00,258.0,242.42213
2025-12-11 23:00:00,177.0,181.39383
2025-12-12 00:00:00,85.0,176.69131
2025-12-12 01:00:00,46.0,156.58722
2025-12-12 02:00:00,27.0,160.91046
2025-12-12 03:00:00,27.0,188.53033
2025-12-12 04:00:00,54.0,237.64415
2025-12-12 05:00:00,168.0,305.0459
2025-12-12 06:00:00,513.0,386.08994
2025-12-12 07:00:00,705.0,515.3862
2025-12-12 08:00:00,689.0,606.1033
2025-12-12 09:00:00,727.0,692.81665
2025-12-12 10:00:00,748.0,769.6034
2025-12-12 11:00:00,726.0,830.8959
2025-12-12 12:00:00,762.0,872.69385
2025-12-12 13:00:00,827.0,924.0325
2025-12-12 14:00:00,868.0,920.17676
2025-12-12 15:00:00,994.0,895.2962
2025-12-12 16:00:00,1312.0,812.2728
2025-12-12 17:00:00,1201.0,745.7296
2025-12-12 18:00:00,988.0,664.2234
2025-12-12 19:00:00,644.0,574.9808
2025-12-12 20:00:00,445.0,443.87976
2025-12-12 21:00:00,311.0,356.96826
2025-12-12 22:00:00,303.0,280.37964
2025-12-12 23:00:00,269.0,219.0211
2025-12-13 00:00:00,193.0,78.50668
2025-12-13 01:00:00,110.0,58.86493
2025-12-13 02:00:00,65.0,62.85794
2025-12-13 03:00:00,41.0,90.411804
2025-12-13 04:00:00,78.0,139.59161
2025-12-13 05:00:00,155.0,206.86133
2025-12-13 06:00:00,274.0,287.90527
2025-12-13 07:00:00,541.0,417.06946
2025-12-13 08:00:00,666.0,508.05075
2025-12-13 09:00:00,810.0,594.698
2025-12-13 10:00:00,869.0,671.4848
2025-12-13 11:00:00,748.0,732.8433
2025-12-13 12:00:00,710.0,774.90894
2025-12-13 13:00:00,687.0,794.5508
2025-12-13 14:00:00,719.0,790.2935
2025-12-13 15:00:00,687.0,762.8718
2025-12-13 16:00:00,711.0,714.08826
2025-12-13 17:00:00,710.0,646.95056
2025-12-13 18:00:00,561.0,566.3029
2025-12-13 19:00:00,458.0,477.3245
2025-12-13 20:00:00,337.0,346.09137
2025-12-13 21:00:00,294.0,259.2459
2025-12-13 22:00:00,246.0,182.39313
2025-12-13 23:00:00,202.0,120.96857
2025-12-14 00:00:00,194.0,28.10205
2025-12-14 01:00:00,123.0,8.592377
2025-12-14 02:00:00,70.0,12.519348
2025-12-14 03:00:00,54.0,40.13925
2025-12-14 04:00:00,47.0,89.12094
2025-12-14 05:00:00,49.0,156.58878
2025-12-14 06:00:00,139.0,237.36853
2025-12-14 07:00:00,330.0,366.40063
2025-12-14 08:00:00,457.0,457.38193
2025-12-14 09:00:00,520.0,544.2934
2025-12-14 10:00:00,540.0,621.2783
2025-12-14 11:00:00,635.0,682.7689
2025-12-14 12:00:00,558.0,724.9006
2025-12-14 13:00:00,538.0,744.4763
2025-12-14 14:00:00,598.0,740.4833
2025-12-14 15:00:00,590.0,713.0616
2025-12-14 16:00:00,726.0,664.2119
2025-12-14 17:00:00,669.0,597.2064
2025-12-14 18:00:00,508.0,516.42664
2025-12-14 19:00:00,409.0,427.31613
2025-12-14 20:00:00,290.0,296.14905
2025-12-14 21:00:00,248.0,209.43573
2025-12-14 22:00:00,178.0,132.84717
2025-12-14 23:00:00,96.0,71.224396
2025-12-15 00:00:00,60.0,64.417816
2025-12-15 01:00:00,33.0,44.84207
2025-12-15 02:00:00,27.0,48.967194
2025-12-15 03:00:00,25.0,76.45502
2025-12-15 04:00:00,63.0,125.43671
2025-12-15 05:00:00,205.0,192.77243
2025-12-15 06:00:00,580.0,273.75034
2025-12-15 07:00:00,747.0,402.91455
2025-12-15 08:00:00,699.0,493.82977
2025-12-15 09:00:00,594.0,580.6092
2025-12-15 10:00:00,568.0,657.3959
2025-12-15 11:00:00,631.0,718.9526
2025-12-15 12:00:00,622.0,760.82007
2025-12-15 13:00:00,611.0,780.726
2025-12-15 14:00:00,606.0,776.66693
2025-12-15 15:00:00,698.0,749.24524
2025-12-15 16:00:00,1066.0,700.19745
2025-12-15 17:00:00,1226.0,632.9938
2025-12-15 18:00:00,791.0,552.01587
2025-12-15 19:00:00,476.0,462.97144
2025-12-15 20:00:00,266.0,331.7383
2025-12-15 21:00:00,227.0,244.69473
2025-12-15 22:00:00,170.0,167.84192
2025-12-15 23:00:00,85.0,106.35135
2025-12-16 00:00:00,39.0,48.82242
2025-12-16 01:00:00,32.0,29.180634
2025-12-16 02:00:00,28.0,33.305725
2025-12-16 03:00:00,23.0,60.79358
2025-12-16 04:00:00,59.0,109.77527
2025-12-16 05:00:00,168.0,177.04495
2025-12-16 06:00:00,555.0,258.1549
2025-12-16 07:00:00,748.0,387.31915
2025-12-16 08:00:00,657.0,478.23438
2025-12-16 09:00:00,571.0,564.7496
2025-12-16 10:00:00,566.0,641.4703
2025-12-16 11:00:00,642.0,702.8949
2025-12-16 12:00:00,591.0,744.5642
2025-12-16 13:00:00,654.0,764.1399
2025-12-16 14:00:00,645.0,760.0808
2025-12-16 15:00:00,765.0,732.46094
2025-12-16 16:00:00,1010.0,683.67737
2025-12-16 17:00:00,1243.0,616.6719
2025-12-16 18:00:00,750.0,535.82605
2025-12-16 19:00:00,494.0,446.71555
2025-12-16 20:00:00,296.0,315.48242
2025-12-16 21:00:00,221.0,228.37282
2025-12-16 22:00:00,212.0,151.71817
2025-12-16 23:00:00,130.0,90.09549
2025-12-17 00:00:00,49.0,81.84918
2025-12-17 01:00:00,39.0,62.40558
2025-12-17 02:00:00,35.0,66.59671
2025-12-17 03:00:00,34.0,93.95239
2025-12-17 04:00:00,55.0,143.1322
2025-12-17 05:00:00,204.0,210.07166
2025-12-17 06:00:00,565.0,290.98352
2025-12-17 07:00:00,764.0,420.27982
2025-12-17 08:00:00,608.0,510.99692
2025-12-17 09:00:00,568.0,597.5121
2025-12-17 10:00:00,607.0,674.16675
2025-12-17 11:00:00,689.0,735.52527
2025-12-17 12:00:00,679.0,776.9304
2025-12-17 13:00:00,752.0,792.2999
2025-12-17 14:00:00,682.0,826.5652
2025-12-17 15:00:00,795.0,763.7044
2025-12-17 16:00:00,1044.0,715.4492
2025-12-17 17:00:00,1212.0,648.83997
2025-12-17 18:00:00,837.0,568.06024
2025-12-17 19:00:00,552.0,479.34598
2025-12-17 20:00:00,374.0,348.24496
2025-12-17 21:00:00,299.0,261.26746
2025-12-17 22:00:00,265.0,184.6128
2025-12-17 23:00:00,178.0,123.78265
2025-12-18 00:00:00,89.0,139.1586
2025-12-18 01:00:00,51.0,119.715
2025-12-18 02:00:00,34.0,124.03827
2025-12-18 03:00:00,37.0,151.1958
2025-12-18 04:00:00,76.0,200.6398
2025-12-18 05:00:00,197.0,267.90952
2025-12-18 06:00:00,559.0,349.21765
2025-12-18 07:00:00,839.0,478.38187
2025-12-18 08:00:00,725.0,569.6273
2025-12-18 09:00:00,662.0,655.4073
2025-12-18 10:00:00,707.0,731.5979
2025-12-18 11:00:00,732.0,791.0236
2025-12-18 12:00:00,645.0,867.6626
2025-12-18 13:00:00,744.0,851.5335
2025-12-18 14:00:00,747.0,882.2495
2025-12-18 15:00:00,827.0,857.0317
2025-12-18 16:00:00,1081.0,773.8815
2025-12-18 17:00:00,1174.0,707.2062
2025-12-18 18:00:00,995.0,626.55853
2025-12-18 19:00:00,657.0,537.7122
2025-12-18 20:00:00,492.0,406.7433
2025-12-18 21:00:00,313.0,320.29413
2025-12-18 22:00:00,292.0,244.10182
2025-12-18 23:00:00,193.0,182.94144
2025-12-19 00:00:00,157.0,178.82013
2025-12-19 01:00:00,67.0,159.1123
2025-12-19 02:00:00,71.0,162.9072
2025-12-19 03:00:00,75.0,190.46103
2025-12-19 04:00:00,102.0,239.64087
2025-12-19 05:00:00,245.0,306.51428
2025-12-19 06:00:00,549.0,387.162
2025-12-19 07:00:00,728.0,515.7318
2025-12-19 08:00:00,727.0,606.3828
2025-12-19 09:00:00,715.0,692.89795
2025-12-19 10:00:00,800.0,769.28845
2025-12-19 11:00:00,888.0,830.25073
2025-12-19 12:00:00,879.0,871.9861
2025-12-19 13:00:00,1060.0,891.29767
2025-12-19 14:00:00,1048.0,887.10645
2025-12-19 15:00:00,1069.0,859.75085
2025-12-19 16:00:00,1244.0,810.9011
2025-12-19 17:00:00,1298.0,743.8956
2025-12-19 18:00:00,1039.0,663.0498
2025-12-19 19:00:00,692.0,574.2035
2025-12-19 20:00:00,567.0,443.10248
2025-12-19 21:00:00,441.0,356.9175
2025-12-19 22:00:00,428.0,279.99866
2025-12-19 23:00:00,327.0,218.30989
2025-12-20 00:00:00,282.0,77.51831
2025-12-20 01:00:00,213.0,57.876495
2025-12-20 02:00:00,183.0,62.001617
2025-12-20 03:00:00,232.0,89.62152
2025-12-20 04:00:00,294.0,138.66931
2025-12-20 05:00:00,341.0,206.20316
2025-12-20 06:00:00,464.0,286.98294
2025-12-20 07:00:00,684.0,415.88293
2025-12-20 08:00:00,768.0,506.79816
2025-12-20 09:00:00,810.0,593.31335
2025-12-20 10:00:00,898.0,705.2732
2025-12-20 11:00:00,947.0,763.2876
2025-12-20 12:00:00,849.0,804.8213
2025-12-20 13:00:00,820.0,826.54016
2025-12-20 14:00:00,794.0,822.1491
2025-12-20 15:00:00,795.0,796.73315
2025-12-20 16:00:00,736.0,712.3733
2025-12-20 17:00:00,780.0,645.5659
2025-12-20 18:00:00,610.0,564.7201
2025-12-20 19:00:00,446.0,475.93982
2025-12-20 20:00:00,343.0,345.03693
2025-12-20 21:00:00,264.0,257.79523
2025-12-20 22:00:00,250.0,181.07452
2025-12-20 23:00:00,226.0,120.046234
2025-12-21 00:00:00,206.0,27.233002
2025-12-21 01:00:00,107.0,7.7233276
2025-12-21 02:00:00,102.0,12.0466
2025-12-21 03:00:00,93.0,39.336273
2025-12-21 04:00:00,129.0,88.31793
2025-12-21 05:00:00,169.0,155.58762
2025-12-21 06:00:00,256.0,236.36737
2025-12-21 07:00:00,367.0,365.4655
2025-12-21 08:00:00,438.0,456.4468
2025-12-21 09:00:00,590.0,543.4244
2025-12-21 10:00:00,661.0,620.5413
2025-12-21 11:00:00,834.0,682.4282
2025-12-21 12:00:00,732.0,724.36176
2025-12-21 13:00:00,699.0,744.0696
2025-12-21 14:00:00,688.0,739.94446
2025-12-21 15:00:00,690.0,712.5227
2025-12-21 16:00:00,650.0,663.475
2025-12-21 17:00:00,621.0,596.33734
2025-12-21 18:00:00,501.0,515.55756
2025-12-21 19:00:00,334.0,426.51312
2025-12-21 20:00:00,321.0,295.28003
2025-12-21 21:00:00,218.0,208.36853
2025-12-21 22:00:00,177.0,131.58179
2025-12-21 23:00:00,120.0,70.091156
2025-12-22 00:00:00,77.0,63.404144
2025-12-22 01:00:00,46.0,43.76233
2025-12-22 02:00:00,35.0,47.75537
2025-12-22 03:00:00,41.0,75.111115
2025-12-22 04:00:00,85.0,124.22485
2025-12-22 05:00:00,203.0,191.42847
2025-12-22 06:00:00,422.0,272.4064
2025-12-22 07:00:00,659.0,401.57062
2025-12-22 08:00:00,604.0,492.81607
2025-12-22 09:00:00,662.0,579.7936
2025-12-22 10:00:00,742.0,656.44824
2025-12-22 11:00:00,869.0,717.8728
2025-12-22 12:00:00,747.0,759.60815
2025-12-22 13:00:00,794.0,779.11786
2025-12-22 14:00:00,716.0,774.7285
2025-12-22 15:00:00,791.0,747.24084
2025-12-22 16:00:00,945.0,698.3912
2025-12-22 17:00:00,1028.0,631.3856
2025-12-22 18:00:00,729.0,550.73804
2025-12-22 19:00:00,478.0,461.95773
2025-12-22 20:00:00,312.0,331.0548
2025-12-22 21:00:00,225.0,244.34149
2025-12-22 22:00:00,169.0,167.55475
2025-12-22 23:00:00,109.0,106.06418
2025-12-23 00:00:00,69.0,48.85318
2025-12-23 01:00:00,47.0,29.277435
2025-12-23 02:00:00,33.0,33.204407
2025-12-23 03:00:00,61.0,60.42801
2025-12-23 04:00:00,72.0,109.54184
2025-12-23 05:00:00,156.0,176.74542
2025-12-23 06:00:00,347.0,257.65726
2025-12-23 07:00:00,559.0,386.75543
2025-12-23 08:00:00,590.0,477.80276
2025-12-23 09:00:00,624.0,564.6482
2025-12-23 10:00:00,727.0,641.43494
2025-12-23 11:00:00,810.0,702.79346
2025-12-23 12:00:00,760.0,744.727
2025-12-23 13:00:00,814.0,764.30273
2025-12-23 14:00:00,782.0,760.37573
2025-12-23 15:00:00,885.0,732.954
2025-12-23 16:00:00,1002.0,683.90625
2025-12-23 17:00:00,998.0,616.7026
2025-12-23 18:00:00,646.0,535.8568
2025-12-23 19:00:00,531.0,446.81235
2025-12-23 20:00:00,372.0,315.64526
2025-12-23 21:00:00,262.0,228.73378
2025-12-23 22:00:00,259.0,152.01309
2025-12-23 23:00:00,181.0,90.45648
2025-12-24 00:00:00,122.0,82.2641
2025-12-24 01:00:00,69.0,62.556274
2025-12-24 02:00:00,62.0,66.483246
2025-12-24 03:00:00,48.0,93.90497
2025-12-24 04:00:00,76.0,142.75455
2025-12-24 05:00:00,136.0,209.82608
2025-12-24 06:00:00,251.0,290.5398
2025-12-24 07:00:00,364.0,419.50586
2025-12-24 08:00:00,452.0,510.48715
2025-12-24 09:00:00,516.0,597.3326
2025-12-24 10:00:00,694.0,675.19745
2025-12-24 11:00:00,774.0,736.20435
2025-12-24 12:00:00,840.0,778.204
2025-12-24 13:00:00,831.0,797.97784
2025-12-24 14:00:00,859.0,793.98486
2025-12-24 15:00:00,872.0,766.6952
2025-12-24 16:00:00,841.0,717.8455
2025-12-24 17:00:00,573.0,650.64185
2025-12-24 18:00:00,349.0,569.8621
2025-12-24 19:00:00,179.0,480.94974
2025-12-24 20:00:00,152.0,349.7166
2025-12-24 21:00:00,208.0,262.67303
2025-12-24 22:00:00,263.0,185.75421
2025-12-24 23:00:00,247.0,124.19754
2025-12-25 00:00:00,179.0,81.66141
2025-12-25 01:00:00,107.0,62.085693
2025-12-25 02:00:00,46.0,66.408936
2025-12-25 03:00:00,30.0,93.9628
2025-12-25 04:00:00,49.0,143.20874
2025-12-25 05:00:00,83.0,210.47842
2025-12-25 06:00:00,134.0,291.2582
2025-12-25 07:00:00,185.0,420.4886
2025-12-25 08:00:00,354.0,511.40378
2025-12-25 09:00:00,563.0,597.985
2025-12-25 10:00:00,795.0,674.50757
2025-12-25 11:00:00,935.0,735.8662
2025-12-25 12:00:00,724.0,777.7997
2025-12-25 13:00:00,711.0,797.5735
2025-12-25 14:00:00,659.0,793.58057
2025-12-25 15:00:00,604.0,766.22485
2025-12-25 16:00:00,620.0,717.3092
2025-12-25 17:00:00,533.0,650.1715
2025-12-25 18:00:00,373.0,569.2597
2025-12-25 19:00:00,243.0,480.3473
2025-12-25 20:00:00,239.0,349.18018
2025-12-25 21:00:00,218.0,262.26855
2025-12-25 22:00:00,214.0,185.4158
2025-12-25 23:00:00,181.0,123.99124
2025-12-26 00:00:00,116.0,170.47961
2025-12-26 01:00:00,43.0,150.70575
2025-12-26 02:00:00,31.0,154.69879
2025-12-26 03:00:00,37.0,182.2526
2025-12-26 04:00:00,74.0,231.30037
2025-12-26 05:00:00,128.0,298.57007
2025-12-26 06:00:00,225.0,379.41586
2025-12-26 07:00:00,437.0,508.51407
2025-12-26 08:00:00,525.0,599.7595
2025-12-26 09:00:00,752.0,686.6049
2025-12-26 10:00:00,1115.0,763.3256
2025-12-26 11:00:00,1236.0,824.8823
2025-12-26 12:00:00,892.0,867.01404
2025-12-26 13:00:00,770.0,886.7219
2025-12-26 14:00:00,760.0,882.53064
2025-12-26 15:00:00,734.0,855.0429
2025-12-26 16:00:00,702.0,806.1272
2025-12-26 17:00:00,601.0,739.2538
2025-12-26 18:00:00,419.0,658.474
2025-12-26 19:00:00,307.0,569.42957
2025-12-26 20:00:00,307.0,438.26245
2025-12-26 21:00:00,219.0,351.2849
2025-12-26 22:00:00,168.0,274.4321
2025-12-26 23:00:00,141.0,212.87544
2025-12-27 00:00:00,97.0,79.35129
2025-12-27 01:00:00,72.0,59.577515
2025-12-27 02:00:00,46.0,63.636566
2025-12-27 03:00:00,44.0,91.12433
2025-12-27 04:00:00,90.0,140.30414
2025-12-27 05:00:00,154.0,207.57385
2025-12-27 06:00:00,311.0,288.2876
2025-12-27 07:00:00,585.0,417.51782
2025-12-27 08:00:00,742.0,508.56512
2025-12-27 09:00:00,914.0,595.4106
2025-12-27 10:00:00,1099.0,672.1313
2025-12-27 11:00:00,986.0,733.62195
2025-12-27 12:00:00,922.0,775.6215
2025-12-27 13:00:00,870.0,795.2633
2025-12-27 14:00:00,799.0,791.27026
2025-12-27 15:00:00,749.0,763.7825
2025-12-27 16:00:00,789.0,714.93286
2025-12-27 17:00:00,698.0,647.79517
2025-12-27 18:00:00,535.0,566.9494
2025-12-27 19:00:00,434.0,478.16913
2025-12-27 20:00:00,295.0,347.00208
2025-12-27 21:00:00,203.0,260.09058
2025-12-27 22:00:00,176.0,183.36987
2025-12-27 23:00:00,146.0,121.87924
2025-12-28 00:00:00,114.0,28.79068
2025-12-28 01:00:00,66.0,9.280975
2025-12-28 02:00:00,56.0,13.273987
2025-12-28 03:00:00,41.0,40.69577
2025-12-28 04:00:00,59.0,89.7435
2025-12-28 05:00:00,81.0,157.07925
2025-12-28 06:00:00,229.0,237.92503
2025-12-28 07:00:00,509.0,367.08923
2025-12-28 08:00:00,662.0,458.1366
2025-12-28 09:00:00,805.0,545.0481
2025-12-28 10:00:00,996.0,621.76874
2025-12-28 11:00:00,1044.0,683.19336
2025-12-28 12:00:00,807.0,725.12683
2025-12-28 13:00:00,637.0,744.63654
2025-12-28 14:00:00,602.0,740.5775
2025-12-28 15:00:00,642.0,713.15576
2025-12-28 16:00:00,604.0,664.174
2025-12-28 17:00:00,571.0,596.97034
2025-12-28 18:00:00,420.0,516.25665
2025-12-28 19:00:00,345.0,427.41034
2025-12-28 20:00:00,254.0,296.24326
2025-12-28 21:00:00,159.0,209.39783
2025-12-28 22:00:00,157.0,132.61108
2025-12-28 23:00:00,117.0,71.05441
2025-12-29 00:00:00,52.0,64.224396
2025-12-29 01:00:00,43.0,44.51654
2025-12-29 02:00:00,27.0,48.509583
2025-12-29 03:00:00,28.0,75.799255
2025-12-29 04:00:00,48.0,124.846954
2025-12-29 05:00:00,137.0,192.05057
2025-12-29 06:00:00,286.0,273.0285
2025-12-29 07:00:00,564.0,402.19272
2025-12-29 08:00:00,654.0,493.30606
2025-12-29 09:00:00,814.0,580.2175
2025-12-29 10:00:00,931.0,657.0703
2025-12-29 11:00:00,883.0,718.7591
2025-12-29 12:00:00,759.0,760.6266
2025-12-29 13:00:00,746.0,779.9381
2025-12-29 14:00:00,731.0,775.94507
2025-12-29 15:00:00,714.0,748.5233
2025-12-29 16:00:00,800.0,699.60767
2025-12-29 17:00:00,743.0,632.40405
2025-12-29 18:00:00,549.0,551.75635
2025-12-29 19:00:00,391.0,462.84402
2025-12-29 20:00:00,275.0,331.74298
2025-12-29 21:00:00,160.0,244.83148
2025-12-29 22:00:00,169.0,167.97867
2025-12-29 23:00:00,101.0,106.48813
2025-12-30 00:00:00,65.0,49.13434
2025-12-30 01:00:00,38.0,29.624634
2025-12-30 02:00:00,36.0,33.617676
2025-12-30 03:00:00,27.0,61.17151
2025-12-30 04:00:00,39.0,110.08716
2025-12-30 05:00:00,147.0,177.35684
2025-12-30 06:00:00,281.0,258.26868
2025-12-30 07:00:00,600.0,387.36685
2025-12-30 08:00:00,695.0,478.81046
2025-12-30 09:00:00,787.0,564.9294
2025-12-30 10:00:00,892.0,676.9518
2025-12-30 11:00:00,973.0,701.0706
2025-12-30 12:00:00,866.0,779.9188
2025-12-30 13:00:00,851.0,763.7253
2025-12-30 14:00:00,787.0,759.5341
2025-12-30 15:00:00,823.0,731.8482
2025-12-30 16:00:00,837.0,683.1307
2025-12-30 17:00:00,762.0,615.99304
2025-12-30 18:00:00,562.0,535.2133
2025-12-30 19:00:00,384.0,446.2349
2025-12-30 20:00:00,287.0,315.26596
2025-12-30 21:00:00,201.0,228.55261
2025-12-30 22:00:00,175.0,151.96402
2025-12-30 23:00:00,121.0,90.60553
2025-12-31 00:00:00,81.0,31.317749
2025-12-31 01:00:00,62.0,12.072235
2025-12-31 02:00:00,42.0,16.527588
2025-12-31 03:00:00,28.0,44.08142
2025-12-31 04:00:00,37.0,93.39334
2025-12-31 05:00:00,105.0,160.99326
2025-12-31 06:00:00,209.0,242.43349
2025-12-31 07:00:00,374.0,371.59772
2025-12-31 08:00:00,448.0,461.37448
2025-12-31 09:00:00,554.0,580.9196
2025-12-31 10:00:00,633.0,657.0459
2025-12-31 11:00:00,759.0,718.27234
2025-12-31 12:00:00,761.0,760.0077
2025-12-31 13:00:00,871.0,779.25323
2025-12-31 14:00:00,801.0,775.0621
2025-12-31 15:00:00,712.0,749.1108
2025-12-31 16:00:00,721.0,667.22943
2025-12-31 17:00:00,672.0,600.6863
2025-12-31 18:00:00,437.0,520.1046
2025-12-31 19:00:00,208.0,431.45645
2025-12-31 20:00:00,140.0,300.1573
2025-12-31 21:00:00,103.0,213.3779
2025-12-31 22:00:00,119.0,136.72327
2025-12-31 23:00:00,160.0,75.496826
