datetime,actual_volume,predicted_volume
2025-01-24 23:00:00,184.0,215.8261
2025-01-25 00:00:00,113.0,191.70963
2025-01-25 01:00:00,58.0,137.74518
2025-01-25 02:00:00,38.0,115.46127
2025-01-25 03:00:00,28.0,104.85315
2025-01-25 04:00:00,36.0,102.870575
2025-01-25 05:00:00,78.0,115.65265
2025-01-25 06:00:00,171.0,157.68704
2025-01-25 07:00:00,278.0,256.04755
2025-01-25 08:00:00,431.0,414.1364
2025-01-25 09:00:00,542.0,568.8732
2025-01-25 10:00:00,603.0,660.0795
2025-01-25 11:00:00,641.0,693.8196
2025-01-25 12:00:00,654.0,720.9122
2025-01-25 13:00:00,801.0,753.1336
2025-01-25 14:00:00,847.0,816.8627
2025-01-25 15:00:00,900.0,862.8611
2025-01-25 16:00:00,983.0,893.95996
2025-01-25 17:00:00,940.0,798.98303
2025-01-25 18:00:00,650.0,688.43195
2025-01-25 19:00:00,409.0,577.05994
2025-01-25 20:00:00,314.0,506.29346
2025-01-25 21:00:00,267.0,454.74924
2025-01-25 22:00:00,263.0,401.38516
2025-01-25 23:00:00,242.0,295.44315
2025-01-26 00:00:00,143.0,181.23502
2025-01-26 01:00:00,55.0,127.55597
2025-01-26 02:00:00,43.0,101.72095
2025-01-26 03:00:00,30.0,92.74219
2025-01-26 04:00:00,34.0,86.96564
2025-01-26 05:00:00,36.0,93.19385
2025-01-26 06:00:00,63.0,121.565796
2025-01-26 07:00:00,88.0,168.44943
2025-01-26 08:00:00,221.0,274.19385
2025-01-26 09:00:00,336.0,432.72134
2025-01-26 10:00:00,462.0,569.1696
2025-01-26 11:00:00,604.0,634.6742
2025-01-26 12:00:00,640.0,685.2296
2025-01-26 13:00:00,815.0,738.9641
2025-01-26 14:00:00,951.0,839.5344
2025-01-26 15:00:00,1138.0,930.3289
2025-01-26 16:00:00,1449.0,936.9316
2025-01-26 17:00:00,1144.0,919.5245
2025-01-26 18:00:00,738.0,815.2372
2025-01-26 19:00:00,586.0,698.2816
2025-01-26 20:00:00,505.0,593.97845
2025-01-26 21:00:00,333.0,495.05826
2025-01-26 22:00:00,232.0,377.51462
2025-01-26 23:00:00,95.0,259.52393
2025-01-27 00:00:00,54.0,122.19162
2025-01-27 01:00:00,29.0,97.526306
2025-01-27 02:00:00,30.0,80.68213
2025-01-27 03:00:00,24.0,73.79962
2025-01-27 04:00:00,67.0,116.0596
2025-01-27 05:00:00,346.0,337.34457
2025-01-27 06:00:00,952.0,908.5818
2025-01-27 07:00:00,1002.0,852.4767
2025-01-27 08:00:00,608.0,645.4476
2025-01-27 09:00:00,505.0,537.0616
2025-01-27 10:00:00,539.0,545.0609
2025-01-27 11:00:00,599.0,571.81287
2025-01-27 12:00:00,588.0,610.31665
2025-01-27 13:00:00,648.0,641.10724
2025-01-27 14:00:00,579.0,668.89844
2025-01-27 15:00:00,653.0,754.91724
2025-01-27 16:00:00,827.0,771.82605
2025-01-27 17:00:00,826.0,818.116
2025-01-27 18:00:00,549.0,562.5976
2025-01-27 19:00:00,387.0,503.97305
2025-01-27 20:00:00,249.0,385.0626
2025-01-27 21:00:00,200.0,261.0882
2025-01-27 22:00:00,154.0,216.13884
2025-01-27 23:00:00,67.0,143.39359
2025-01-28 00:00:00,37.0,105.35568
2025-01-28 01:00:00,32.0,86.852905
2025-01-28 02:00:00,27.0,75.23886
2025-01-28 03:00:00,30.0,70.52597
2025-01-28 04:00:00,57.0,184.46362
2025-01-28 05:00:00,321.0,483.9575
2025-01-28 06:00:00,986.0,922.0499
2025-01-28 07:00:00,979.0,902.98566
2025-01-28 08:00:00,621.0,733.0414
2025-01-28 09:00:00,502.0,535.16144
2025-01-28 10:00:00,466.0,532.16797
2025-01-28 11:00:00,565.0,564.5357
2025-01-28 12:00:00,571.0,601.33307
2025-01-28 13:00:00,597.0,633.10645
2025-01-28 14:00:00,559.0,669.17114
2025-01-28 15:00:00,650.0,730.221
2025-01-28 16:00:00,796.0,824.64
2025-01-28 17:00:00,821.0,830.27124
2025-01-28 18:00:00,550.0,571.58124
2025-01-28 19:00:00,342.0,368.7643
2025-01-28 20:00:00,269.0,303.23526
2025-01-28 21:00:00,203.0,243.2774
2025-01-28 22:00:00,167.0,191.1347
2025-01-28 23:00:00,170.0,135.50668
2025-01-29 00:00:00,75.0,95.24066
2025-01-29 01:00:00,19.0,75.63956
2025-01-29 02:00:00,21.0,64.55292
2025-01-29 03:00:00,26.0,62.73343
2025-01-29 04:00:00,59.0,113.12659
2025-01-29 05:00:00,322.0,457.04367
2025-01-29 06:00:00,955.0,908.722
2025-01-29 07:00:00,957.0,879.1877
2025-01-29 08:00:00,585.0,657.4308
2025-01-29 09:00:00,477.0,532.9858
2025-01-29 10:00:00,509.0,546.18604
2025-01-29 11:00:00,588.0,571.0187
2025-01-29 12:00:00,555.0,606.6649
2025-01-29 13:00:00,719.0,643.60736
2025-01-29 14:00:00,617.0,686.47876
2025-01-29 15:00:00,658.0,766.1239
2025-01-29 16:00:00,896.0,849.9739
2025-01-29 17:00:00,966.0,855.82794
2025-01-29 18:00:00,584.0,633.18115
2025-01-29 19:00:00,441.0,413.7647
2025-01-29 20:00:00,282.0,313.74603
2025-01-29 21:00:00,225.0,244.50888
2025-01-29 22:00:00,151.0,176.06479
2025-01-29 23:00:00,129.0,122.305695
2025-01-30 00:00:00,25.0,109.49884
2025-01-30 01:00:00,52.0,81.64749
2025-01-30 02:00:00,29.0,65.422
2025-01-30 03:00:00,46.0,61.93857
2025-01-30 04:00:00,59.0,89.42969
2025-01-30 05:00:00,342.0,338.75363
2025-01-30 06:00:00,956.0,877.2038
2025-01-30 07:00:00,1001.0,826.96814
2025-01-30 08:00:00,621.0,613.6516
2025-01-30 09:00:00,509.0,541.6806
2025-01-30 10:00:00,528.0,557.1984
2025-01-30 11:00:00,599.0,600.092
2025-01-30 12:00:00,623.0,636.613
2025-01-30 13:00:00,647.0,667.8311
2025-01-30 14:00:00,620.0,698.9457
2025-01-30 15:00:00,653.0,785.7761
2025-01-30 16:00:00,857.0,864.50244
2025-01-30 17:00:00,812.0,863.34924
2025-01-30 18:00:00,618.0,683.86145
2025-01-30 19:00:00,366.0,488.15622
2025-01-30 20:00:00,266.0,367.5221
2025-01-30 21:00:00,224.0,301.24854
2025-01-30 22:00:00,127.0,222.71442
2025-01-30 23:00:00,105.0,153.09967
2025-01-31 00:00:00,40.0,144.26288
2025-01-31 01:00:00,18.0,99.17078
2025-01-31 02:00:00,26.0,78.784546
2025-01-31 03:00:00,26.0,73.50778
2025-01-31 04:00:00,68.0,107.49777
2025-01-31 05:00:00,300.0,351.20978
2025-01-31 06:00:00,819.0,804.8308
2025-01-31 07:00:00,936.0,752.0187
2025-01-31 08:00:00,577.0,600.93463
2025-01-31 09:00:00,514.0,543.0118
2025-01-31 10:00:00,527.0,570.83765
2025-01-31 11:00:00,599.0,609.7581
2025-01-31 12:00:00,601.0,655.4995
2025-01-31 13:00:00,722.0,686.5431
2025-01-31 14:00:00,703.0,730.8108
2025-01-31 15:00:00,802.0,807.101
2025-01-31 16:00:00,896.0,859.2324
2025-01-31 17:00:00,879.0,835.9679
2025-01-31 18:00:00,731.0,665.99896
2025-01-31 19:00:00,462.0,530.76215
2025-01-31 20:00:00,322.0,414.78983
2025-01-31 21:00:00,290.0,364.03094
2025-01-31 22:00:00,256.0,289.44495
2025-01-31 23:00:00,191.0,210.83469
2025-02-01 00:00:00,110.0,176.95624
2025-02-01 01:00:00,72.0,131.83566
2025-02-01 02:00:00,42.0,109.22656
2025-02-01 03:00:00,29.0,97.70291
2025-02-01 04:00:00,33.0,94.42526
2025-02-01 05:00:00,86.0,103.0495
2025-02-01 06:00:00,184.0,135.10855
2025-02-01 07:00:00,290.0,221.15923
2025-02-01 08:00:00,423.0,363.4984
2025-02-01 09:00:00,591.0,546.2098
2025-02-01 10:00:00,653.0,640.0898
2025-02-01 11:00:00,652.0,672.3559
2025-02-01 12:00:00,672.0,692.31244
2025-02-01 13:00:00,733.0,711.3961
2025-02-01 14:00:00,729.0,745.0051
2025-02-01 15:00:00,732.0,781.6884
2025-02-01 16:00:00,720.0,792.4143
2025-02-01 17:00:00,645.0,726.84436
2025-02-01 18:00:00,770.0,612.6554
2025-02-01 19:00:00,407.0,513.3353
2025-02-01 20:00:00,294.0,469.55795
2025-02-01 21:00:00,283.0,427.73224
2025-02-01 22:00:00,255.0,347.7184
2025-02-01 23:00:00,265.0,254.18448
2025-02-02 00:00:00,134.0,158.05743
2025-02-02 01:00:00,106.0,123.543976
2025-02-02 02:00:00,52.0,102.43436
2025-02-02 03:00:00,43.0,88.74469
2025-02-02 04:00:00,40.0,84.08362
2025-02-02 05:00:00,48.0,87.0914
2025-02-02 06:00:00,77.0,105.11685
2025-02-02 07:00:00,113.0,149.05603
2025-02-02 08:00:00,184.0,256.28015
2025-02-02 09:00:00,340.0,414.1554
2025-02-02 10:00:00,406.0,543.0607
2025-02-02 11:00:00,550.0,633.15497
2025-02-02 12:00:00,600.0,683.6303
2025-02-02 13:00:00,655.0,729.5702
2025-02-02 14:00:00,903.0,800.5548
2025-02-02 15:00:00,1128.0,863.58716
2025-02-02 16:00:00,1235.0,900.1738
2025-02-02 17:00:00,1314.0,868.98663
2025-02-02 18:00:00,1148.0,749.4867
2025-02-02 19:00:00,926.0,633.34326
2025-02-02 20:00:00,572.0,534.8085
2025-02-02 21:00:00,462.0,439.60074
2025-02-02 22:00:00,271.0,333.60226
2025-02-02 23:00:00,210.0,228.61084
2025-02-03 00:00:00,76.0,116.17694
2025-02-03 01:00:00,28.0,91.28998
2025-02-03 02:00:00,32.0,74.81897
2025-02-03 03:00:00,32.0,68.39258
2025-02-03 04:00:00,79.0,95.14615
2025-02-03 05:00:00,350.0,348.81052
2025-02-03 06:00:00,1026.0,902.26794
2025-02-03 07:00:00,999.0,876.54895
2025-02-03 08:00:00,610.0,680.0219
2025-02-03 09:00:00,492.0,535.5804
2025-02-03 10:00:00,527.0,533.3314
2025-02-03 11:00:00,570.0,561.99
2025-02-03 12:00:00,572.0,602.60547
2025-02-03 13:00:00,650.0,634.54645
2025-02-03 14:00:00,630.0,670.37805
2025-02-03 15:00:00,669.0,732.8131
2025-02-03 16:00:00,897.0,819.12646
2025-02-03 17:00:00,1039.0,793.11255
2025-02-03 18:00:00,691.0,570.9807
2025-02-03 19:00:00,442.0,404.18735
2025-02-03 20:00:00,263.0,316.55917
2025-02-03 21:00:00,249.0,265.51367
2025-02-03 22:00:00,165.0,210.05952
2025-02-03 23:00:00,75.0,157.2822
2025-02-04 00:00:00,35.0,103.55307
2025-02-04 01:00:00,29.0,82.53912
2025-02-04 02:00:00,25.0,68.407166
2025-02-04 03:00:00,24.0,67.16876
2025-02-04 04:00:00,57.0,110.41803
2025-02-04 05:00:00,337.0,393.31454
2025-02-04 06:00:00,942.0,931.92346
2025-02-04 07:00:00,1040.0,897.5663
2025-02-04 08:00:00,625.0,680.48145
2025-02-04 09:00:00,462.0,527.8451
2025-02-04 10:00:00,515.0,524.4332
2025-02-04 11:00:00,523.0,549.94794
2025-02-04 12:00:00,605.0,586.7312
2025-02-04 13:00:00,655.0,621.67474
2025-02-04 14:00:00,574.0,662.5594
2025-02-04 15:00:00,653.0,725.5408
2025-02-04 16:00:00,878.0,819.5957
2025-02-04 17:00:00,930.0,807.39355
2025-02-04 18:00:00,655.0,542.15186
2025-02-04 19:00:00,411.0,352.42188
2025-02-04 20:00:00,266.0,295.9525
2025-02-04 21:00:00,220.0,233.6389
2025-02-04 22:00:00,156.0,181.34552
2025-02-04 23:00:00,70.0,130.48138
2025-02-05 00:00:00,34.0,94.11917
2025-02-05 01:00:00,17.0,74.39923
2025-02-05 02:00:00,20.0,61.793518
2025-02-05 03:00:00,31.0,61.668518
2025-02-05 04:00:00,60.0,104.16986
2025-02-05 05:00:00,335.0,391.48575
2025-02-05 06:00:00,903.0,921.49255
2025-02-05 07:00:00,968.0,891.99414
2025-02-05 08:00:00,617.0,672.38806
2025-02-05 09:00:00,475.0,521.39923
2025-02-05 10:00:00,567.0,522.8402
2025-02-05 11:00:00,577.0,561.28174
2025-02-05 12:00:00,484.0,599.97534
2025-02-05 13:00:00,721.0,636.10144
2025-02-05 14:00:00,647.0,663.7981
2025-02-05 15:00:00,738.0,714.4458
2025-02-05 16:00:00,989.0,805.8882
2025-02-05 17:00:00,1009.0,817.6189
2025-02-05 18:00:00,721.0,587.2978
2025-02-05 19:00:00,412.0,385.9302
2025-02-05 20:00:00,294.0,298.46332
2025-02-05 21:00:00,222.0,226.78784
2025-02-05 22:00:00,139.0,165.57098
2025-02-05 23:00:00,68.0,117.96289
2025-02-06 00:00:00,29.0,102.83911
2025-02-06 01:00:00,58.0,75.59003
2025-02-06 02:00:00,29.0,60.368958
2025-02-06 03:00:00,27.0,56.0076
2025-02-06 04:00:00,56.0,78.09381
2025-02-06 05:00:00,348.0,353.0159
2025-02-06 06:00:00,940.0,890.4971
2025-02-06 07:00:00,1022.0,831.6261
2025-02-06 08:00:00,595.0,632.33673
2025-02-06 09:00:00,463.0,524.88947
2025-02-06 10:00:00,502.0,541.22095
2025-02-06 11:00:00,574.0,582.962
2025-02-06 12:00:00,600.0,628.55664
2025-02-06 13:00:00,736.0,659.2046
2025-02-06 14:00:00,636.0,687.45825
2025-02-06 15:00:00,692.0,749.567
2025-02-06 16:00:00,1022.0,833.15137
2025-02-06 17:00:00,945.0,832.80273
2025-02-06 18:00:00,616.0,631.43854
2025-02-06 19:00:00,413.0,448.54407
2025-02-06 20:00:00,269.0,347.1694
2025-02-06 21:00:00,238.0,286.20944
2025-02-06 22:00:00,155.0,205.02438
2025-02-06 23:00:00,97.0,144.8653
2025-02-07 00:00:00,37.0,134.14774
2025-02-07 01:00:00,23.0,95.852905
2025-02-07 02:00:00,22.0,74.7038
2025-02-07 03:00:00,23.0,69.44263
2025-02-07 04:00:00,62.0,91.183044
2025-02-07 05:00:00,299.0,323.49677
2025-02-07 06:00:00,795.0,805.31995
2025-02-07 07:00:00,924.0,768.42584
2025-02-07 08:00:00,519.0,610.4748
2025-02-07 09:00:00,479.0,547.8983
2025-02-07 10:00:00,586.0,569.2018
2025-02-07 11:00:00,609.0,602.5293
2025-02-07 12:00:00,705.0,636.98505
2025-02-07 13:00:00,726.0,673.76544
2025-02-07 14:00:00,740.0,722.60345
2025-02-07 15:00:00,842.0,803.9844
2025-02-07 16:00:00,994.0,861.5513
2025-02-07 17:00:00,902.0,822.8657
2025-02-07 18:00:00,661.0,638.0459
2025-02-07 19:00:00,465.0,505.90207
2025-02-07 20:00:00,348.0,400.123
2025-02-07 21:00:00,256.0,350.99072
2025-02-07 22:00:00,232.0,273.78363
2025-02-07 23:00:00,161.0,197.20905
2025-02-08 00:00:00,82.0,172.31296
2025-02-08 01:00:00,47.0,129.91321
2025-02-08 02:00:00,29.0,106.631165
2025-02-08 03:00:00,25.0,94.612915
2025-02-08 04:00:00,55.0,91.6944
2025-02-08 05:00:00,77.0,100.8909
2025-02-08 06:00:00,150.0,130.6012
2025-02-08 07:00:00,302.0,216.74127
2025-02-08 08:00:00,447.0,365.7582
2025-02-08 09:00:00,537.0,570.75977
2025-02-08 10:00:00,708.0,631.4143
2025-02-08 11:00:00,707.0,672.8827
2025-02-08 12:00:00,668.0,693.4493
2025-02-08 13:00:00,759.0,719.42865
2025-02-08 14:00:00,735.0,783.7817
2025-02-08 15:00:00,839.0,874.66534
2025-02-08 16:00:00,860.0,837.48145
2025-02-08 17:00:00,787.0,737.0055
2025-02-08 18:00:00,543.0,622.1799
2025-02-08 19:00:00,401.0,519.90985
2025-02-08 20:00:00,346.0,474.89365
2025-02-08 21:00:00,275.0,438.31955
2025-02-08 22:00:00,252.0,359.978
2025-02-08 23:00:00,182.0,263.42166
2025-02-09 00:00:00,86.0,161.39532
2025-02-09 01:00:00,73.0,125.008484
2025-02-09 02:00:00,46.0,102.90878
2025-02-09 03:00:00,35.0,89.085724
2025-02-09 04:00:00,24.0,84.18558
2025-02-09 05:00:00,41.0,86.71719
2025-02-09 06:00:00,74.0,105.716
2025-02-09 07:00:00,127.0,151.33896
2025-02-09 08:00:00,193.0,258.18555
2025-02-09 09:00:00,352.0,415.57452
2025-02-09 10:00:00,455.0,548.3429
2025-02-09 11:00:00,539.0,640.0952
2025-02-09 12:00:00,578.0,689.4346
2025-02-09 13:00:00,670.0,736.08905
2025-02-09 14:00:00,838.0,826.83624
2025-02-09 15:00:00,944.0,902.90906
2025-02-09 16:00:00,1084.0,985.12305
2025-02-09 17:00:00,968.0,895.06287
2025-02-09 18:00:00,694.0,762.2982
2025-02-09 19:00:00,592.0,638.1287
2025-02-09 20:00:00,458.0,533.93744
2025-02-09 21:00:00,355.0,439.752
2025-02-09 22:00:00,185.0,334.51328
2025-02-09 23:00:00,103.0,228.71704
2025-02-10 00:00:00,42.0,117.41034
2025-02-10 01:00:00,27.0,91.91098
2025-02-10 02:00:00,25.0,75.31604
2025-02-10 03:00:00,34.0,68.71475
2025-02-10 04:00:00,72.0,95.75809
2025-02-10 05:00:00,340.0,352.2763
2025-02-10 06:00:00,907.0,899.3173
2025-02-10 07:00:00,953.0,875.339
2025-02-10 08:00:00,599.0,680.4792
2025-02-10 09:00:00,502.0,535.2786
2025-02-10 10:00:00,512.0,533.8921
2025-02-10 11:00:00,564.0,562.7803
2025-02-10 12:00:00,575.0,593.79083
2025-02-10 13:00:00,649.0,639.0031
2025-02-10 14:00:00,594.0,668.4252
2025-02-10 15:00:00,634.0,741.7097
2025-02-10 16:00:00,873.0,829.21716
2025-02-10 17:00:00,870.0,805.9723
2025-02-10 18:00:00,599.0,586.5158
2025-02-10 19:00:00,365.0,412.31375
2025-02-10 20:00:00,301.0,319.0749
2025-02-10 21:00:00,236.0,267.99213
2025-02-10 22:00:00,153.0,213.38872
2025-02-10 23:00:00,74.0,158.45529
2025-02-11 00:00:00,37.0,103.802826
2025-02-11 01:00:00,34.0,84.02869
2025-02-11 02:00:00,31.0,68.55908
2025-02-11 03:00:00,23.0,68.10956
2025-02-11 04:00:00,77.0,110.33261
2025-02-11 05:00:00,312.0,422.30994
2025-02-11 06:00:00,952.0,935.0155
2025-02-11 07:00:00,968.0,894.7189
2025-02-11 08:00:00,533.0,677.0972
2025-02-11 09:00:00,465.0,528.06433
2025-02-11 10:00:00,438.0,528.76636
2025-02-11 11:00:00,529.0,561.5017
2025-02-11 12:00:00,559.0,600.1225
2025-02-11 13:00:00,592.0,629.3645
2025-02-11 14:00:00,605.0,665.49115
2025-02-11 15:00:00,618.0,712.73505
2025-02-11 16:00:00,891.0,816.08466
2025-02-11 17:00:00,812.0,826.97046
2025-02-11 18:00:00,554.0,574.60645
2025-02-11 19:00:00,370.0,382.38077
2025-02-11 20:00:00,256.0,300.14636
2025-02-11 21:00:00,219.0,248.52835
2025-02-11 22:00:00,180.0,191.55573
2025-02-11 23:00:00,75.0,131.21689
2025-02-12 00:00:00,33.0,93.49756
2025-02-12 01:00:00,13.0,73.703
2025-02-12 02:00:00,19.0,63.13434
2025-02-12 03:00:00,24.0,60.876343
2025-02-12 04:00:00,62.0,106.45203
2025-02-12 05:00:00,314.0,432.01257
2025-02-12 06:00:00,916.0,915.2747
2025-02-12 07:00:00,932.0,883.84247
2025-02-12 08:00:00,570.0,669.0676
2025-02-12 09:00:00,517.0,532.27136
2025-02-12 10:00:00,506.0,538.0282
2025-02-12 11:00:00,559.0,573.3163
2025-02-12 12:00:00,608.0,608.9663
2025-02-12 13:00:00,656.0,647.12805
2025-02-12 14:00:00,572.0,676.25134
2025-02-12 15:00:00,669.0,742.77344
2025-02-12 16:00:00,899.0,828.94775
2025-02-12 17:00:00,854.0,819.2513
2025-02-12 18:00:00,607.0,600.61334
2025-02-12 19:00:00,424.0,419.90622
2025-02-12 20:00:00,257.0,300.6931
2025-02-12 21:00:00,186.0,233.52298
2025-02-12 22:00:00,133.0,179.41882
2025-02-12 23:00:00,74.0,119.0462
2025-02-13 00:00:00,21.0,103.66763
2025-02-13 01:00:00,47.0,79.15961
2025-02-13 02:00:00,17.0,63.277008
2025-02-13 03:00:00,26.0,60.15808
2025-02-13 04:00:00,65.0,96.9516
2025-02-13 05:00:00,288.0,398.2154
2025-02-13 06:00:00,884.0,884.91284
2025-02-13 07:00:00,965.0,832.2632
2025-02-13 08:00:00,583.0,597.9706
2025-02-13 09:00:00,496.0,533.977
2025-02-13 10:00:00,465.0,557.9494
2025-02-13 11:00:00,555.0,580.6051
2025-02-13 12:00:00,595.0,623.2031
2025-02-13 13:00:00,641.0,641.8872
2025-02-13 14:00:00,567.0,679.00244
2025-02-13 15:00:00,641.0,730.16406
2025-02-13 16:00:00,850.0,824.8584
2025-02-13 17:00:00,871.0,843.1957
2025-02-13 18:00:00,480.0,641.0249
2025-02-13 19:00:00,370.0,393.17673
2025-02-13 20:00:00,246.0,339.7638
2025-02-13 21:00:00,234.0,286.92065
2025-02-13 22:00:00,137.0,206.57553
2025-02-13 23:00:00,83.0,145.85483
2025-02-14 00:00:00,45.0,134.83783
2025-02-14 01:00:00,24.0,93.35043
2025-02-14 02:00:00,22.0,76.86099
2025-02-14 03:00:00,31.0,69.807495
2025-02-14 04:00:00,65.0,95.82309
2025-02-14 05:00:00,234.0,336.05978
2025-02-14 06:00:00,791.0,811.3906
2025-02-14 07:00:00,841.0,764.3237
2025-02-14 08:00:00,484.0,608.5422
2025-02-14 09:00:00,482.0,533.93866
2025-02-14 10:00:00,500.0,554.0156
2025-02-14 11:00:00,588.0,596.31934
2025-02-14 12:00:00,618.0,644.3551
2025-02-14 13:00:00,591.0,675.67224
2025-02-14 14:00:00,640.0,704.32336
2025-02-14 15:00:00,742.0,771.3168
2025-02-14 16:00:00,921.0,836.16345
2025-02-14 17:00:00,877.0,794.60913
2025-02-14 18:00:00,686.0,616.0668
2025-02-14 19:00:00,520.0,498.17233
2025-02-14 20:00:00,350.0,395.91214
2025-02-14 21:00:00,311.0,345.94016
2025-02-14 22:00:00,261.0,271.3361
2025-02-14 23:00:00,162.0,197.77908
2025-02-15 00:00:00,92.0,171.5813
2025-02-15 01:00:00,50.0,129.31024
2025-02-15 02:00:00,27.0,106.31204
2025-02-15 03:00:00,26.0,94.49899
2025-02-15 04:00:00,35.0,91.43634
2025-02-15 05:00:00,82.0,101.01813
2025-02-15 06:00:00,129.0,128.82617
2025-02-15 07:00:00,238.0,215.67221
2025-02-15 08:00:00,405.0,454.68823
2025-02-15 09:00:00,544.0,570.0795
2025-02-15 10:00:00,621.0,629.55023
2025-02-15 11:00:00,669.0,672.6844
2025-02-15 12:00:00,649.0,692.58813
2025-02-15 13:00:00,705.0,706.9098
2025-02-15 14:00:00,784.0,759.2543
2025-02-15 15:00:00,882.0,847.1361
2025-02-15 16:00:00,1105.0,827.83405
2025-02-15 17:00:00,1177.0,706.9317
2025-02-15 18:00:00,857.0,593.98615
2025-02-15 19:00:00,580.0,501.52176
2025-02-15 20:00:00,442.0,462.92163
2025-02-15 21:00:00,377.0,414.2366
2025-02-15 22:00:00,312.0,339.7878
2025-02-15 23:00:00,251.0,249.11505
2025-02-16 00:00:00,147.0,157.30157
2025-02-16 01:00:00,73.0,124.70239
2025-02-16 02:00:00,48.0,103.31314
2025-02-16 03:00:00,35.0,91.52963
2025-02-16 04:00:00,37.0,86.789276
2025-02-16 05:00:00,39.0,89.64569
2025-02-16 06:00:00,77.0,106.9025
2025-02-16 07:00:00,109.0,150.33328
2025-02-16 08:00:00,215.0,261.5345
2025-02-16 09:00:00,341.0,415.90472
2025-02-16 10:00:00,470.0,545.4356
2025-02-16 11:00:00,620.0,634.8803
2025-02-16 12:00:00,679.0,682.6998
2025-02-16 13:00:00,834.0,726.86475
2025-02-16 14:00:00,986.0,794.237
2025-02-16 15:00:00,1160.0,864.7195
2025-02-16 16:00:00,1239.0,898.91003
2025-02-16 17:00:00,1219.0,861.22363
2025-02-16 18:00:00,862.0,735.85803
2025-02-16 19:00:00,791.0,625.26776
2025-02-16 20:00:00,659.0,525.08936
2025-02-16 21:00:00,619.0,437.29486
2025-02-16 22:00:00,269.0,334.6375
2025-02-16 23:00:00,154.0,229.8126
2025-02-17 00:00:00,65.0,118.66577
2025-02-17 01:00:00,41.0,92.7897
2025-02-17 02:00:00,56.0,75.94098
2025-02-17 03:00:00,49.0,69.07056
2025-02-17 04:00:00,72.0,95.67816
2025-02-17 05:00:00,367.0,349.0085
2025-02-17 06:00:00,1023.0,895.5752
2025-02-17 07:00:00,943.0,873.7707
2025-02-17 08:00:00,600.0,680.272
2025-02-17 09:00:00,464.0,534.1299
2025-02-17 10:00:00,465.0,532.66583
2025-02-17 11:00:00,616.0,559.9337
2025-02-17 12:00:00,591.0,593.9962
2025-02-17 13:00:00,702.0,627.1926
2025-02-17 14:00:00,641.0,665.7947
2025-02-17 15:00:00,709.0,728.7254
2025-02-17 16:00:00,963.0,818.88275
2025-02-17 17:00:00,972.0,795.08057
2025-02-17 18:00:00,626.0,572.0927
2025-02-17 19:00:00,435.0,408.35516
2025-02-17 20:00:00,319.0,317.54742
2025-02-17 21:00:00,242.0,264.94366
2025-02-17 22:00:00,145.0,211.25182
2025-02-17 23:00:00,85.0,160.50491
2025-02-18 00:00:00,39.0,105.362854
2025-02-18 01:00:00,26.0,83.529175
2025-02-18 02:00:00,25.0,69.26465
2025-02-18 03:00:00,21.0,67.83255
2025-02-18 04:00:00,69.0,111.20154
2025-02-18 05:00:00,321.0,391.5878
2025-02-18 06:00:00,1004.0,931.3311
2025-02-18 07:00:00,980.0,894.1935
2025-02-18 08:00:00,595.0,674.87524
2025-02-18 09:00:00,483.0,527.5177
2025-02-18 10:00:00,471.0,524.59784
2025-02-18 11:00:00,535.0,552.8247
2025-02-18 12:00:00,552.0,591.49164
2025-02-18 13:00:00,621.0,623.79016
2025-02-18 14:00:00,608.0,655.6093
2025-02-18 15:00:00,729.0,710.7199
2025-02-18 16:00:00,943.0,803.5759
2025-02-18 17:00:00,985.0,812.92456
2025-02-18 18:00:00,688.0,545.9992
2025-02-18 19:00:00,406.0,355.26904
2025-02-18 20:00:00,226.0,297.92828
2025-02-18 21:00:00,214.0,237.15004
2025-02-18 22:00:00,141.0,182.57553
2025-02-18 23:00:00,94.0,132.63773
2025-02-19 00:00:00,50.0,95.07675
2025-02-19 01:00:00,18.0,75.5397
2025-02-19 02:00:00,20.0,62.499207
2025-02-19 03:00:00,31.0,61.98044
2025-02-19 04:00:00,64.0,103.56494
2025-02-19 05:00:00,314.0,395.17203
2025-02-19 06:00:00,916.0,922.8187
2025-02-19 07:00:00,974.0,887.2787
2025-02-19 08:00:00,575.0,664.04974
2025-02-19 09:00:00,447.0,520.7689
2025-02-19 10:00:00,523.0,524.378
2025-02-19 11:00:00,591.0,563.2173
2025-02-19 12:00:00,541.0,585.37537
2025-02-19 13:00:00,693.0,623.713
2025-02-19 14:00:00,605.0,665.0508
2025-02-19 15:00:00,716.0,745.6935
2025-02-19 16:00:00,960.0,822.77527
2025-02-19 17:00:00,948.0,842.5823
2025-02-19 18:00:00,683.0,608.5832
2025-02-19 19:00:00,433.0,392.3859
2025-02-19 20:00:00,277.0,301.0283
2025-02-19 21:00:00,225.0,231.0415
2025-02-19 22:00:00,145.0,167.25378
2025-02-19 23:00:00,80.0,119.413574
2025-02-20 00:00:00,30.0,105.11777
2025-02-20 01:00:00,49.0,77.83487
2025-02-20 02:00:00,23.0,61.999786
2025-02-20 03:00:00,27.0,57.541473
2025-02-20 04:00:00,63.0,80.23361
2025-02-20 05:00:00,312.0,373.74817
2025-02-20 06:00:00,907.0,892.4043
2025-02-20 07:00:00,1066.0,824.25793
2025-02-20 08:00:00,616.0,625.74255
2025-02-20 09:00:00,459.0,526.9161
2025-02-20 10:00:00,545.0,547.57666
2025-02-20 11:00:00,589.0,589.25745
2025-02-20 12:00:00,618.0,633.489
2025-02-20 13:00:00,645.0,661.7348
2025-02-20 14:00:00,675.0,694.4161
2025-02-20 15:00:00,717.0,776.82495
2025-02-20 16:00:00,867.0,872.3511
2025-02-20 17:00:00,937.0,872.088
2025-02-20 18:00:00,657.0,674.14496
2025-02-20 19:00:00,426.0,461.4405
2025-02-20 20:00:00,249.0,357.40073
2025-02-20 21:00:00,272.0,291.32166
2025-02-20 22:00:00,180.0,211.74901
2025-02-20 23:00:00,107.0,146.51868
2025-02-21 00:00:00,38.0,136.00461
2025-02-21 01:00:00,22.0,95.6886
2025-02-21 02:00:00,23.0,75.22595
2025-02-21 03:00:00,26.0,69.47339
2025-02-21 04:00:00,66.0,94.204285
2025-02-21 05:00:00,259.0,362.604
2025-02-21 06:00:00,842.0,814.8895
2025-02-21 07:00:00,890.0,762.6533
2025-02-21 08:00:00,584.0,605.8872
2025-02-21 09:00:00,455.0,553.91
2025-02-21 10:00:00,549.0,579.4703
2025-02-21 11:00:00,619.0,610.5493
2025-02-21 12:00:00,613.0,647.0791
2025-02-21 13:00:00,701.0,685.7653
2025-02-21 14:00:00,672.0,747.8701
2025-02-21 15:00:00,958.0,854.29126
2025-02-21 16:00:00,1042.0,931.09076
2025-02-21 17:00:00,1037.0,871.8014
2025-02-21 18:00:00,777.0,702.826
2025-02-21 19:00:00,540.0,542.423
2025-02-21 20:00:00,366.0,424.27808
2025-02-21 21:00:00,307.0,363.2669
2025-02-21 22:00:00,254.0,288.0592
2025-02-21 23:00:00,168.0,208.20502
2025-02-22 00:00:00,82.0,189.42654
2025-02-22 01:00:00,55.0,137.15088
2025-02-22 02:00:00,45.0,113.73605
2025-02-22 03:00:00,31.0,101.16165
2025-02-22 04:00:00,41.0,97.4949
2025-02-22 05:00:00,85.0,105.89465
2025-02-22 06:00:00,166.0,141.05524
2025-02-22 07:00:00,305.0,230.99173
2025-02-22 08:00:00,459.0,390.6573
2025-02-22 09:00:00,580.0,571.2965
2025-02-22 10:00:00,720.0,651.39514
2025-02-22 11:00:00,668.0,683.32434
2025-02-22 12:00:00,693.0,710.49493
2025-02-22 13:00:00,758.0,741.99854
2025-02-22 14:00:00,776.0,808.4967
2025-02-22 15:00:00,969.0,856.5625
2025-02-22 16:00:00,1028.0,860.1264
2025-02-22 17:00:00,995.0,799.4258
2025-02-22 18:00:00,738.0,681.02924
2025-02-22 19:00:00,506.0,563.1398
2025-02-22 20:00:00,425.0,493.73505
2025-02-22 21:00:00,324.0,450.06516
2025-02-22 22:00:00,300.0,388.80606
2025-02-22 23:00:00,285.0,283.1472
2025-02-23 00:00:00,121.0,169.72156
2025-02-23 01:00:00,102.0,127.37317
2025-02-23 02:00:00,85.0,103.53125
2025-02-23 03:00:00,36.0,89.850555
2025-02-23 04:00:00,33.0,83.226105
2025-02-23 05:00:00,40.0,86.84772
2025-02-23 06:00:00,81.0,111.880066
2025-02-23 07:00:00,105.0,157.98541
2025-02-23 08:00:00,204.0,276.58798
2025-02-23 09:00:00,374.0,421.40607
2025-02-23 10:00:00,516.0,560.4439
2025-02-23 11:00:00,611.0,648.1387
2025-02-23 12:00:00,671.0,699.91974
2025-02-23 13:00:00,789.0,768.6663
2025-02-23 14:00:00,953.0,848.63916
2025-02-23 15:00:00,1075.0,906.5251
2025-02-23 16:00:00,1076.0,883.38965
2025-02-23 17:00:00,1119.0,918.4101
2025-02-23 18:00:00,987.0,815.0498
2025-02-23 19:00:00,763.0,682.2092
2025-02-23 20:00:00,611.0,582.209
2025-02-23 21:00:00,392.0,481.7451
2025-02-23 22:00:00,252.0,365.35345
2025-02-23 23:00:00,122.0,250.67068
2025-02-24 00:00:00,74.0,120.32782
2025-02-24 01:00:00,25.0,95.65759
2025-02-24 02:00:00,27.0,77.643524
2025-02-24 03:00:00,39.0,70.53067
2025-02-24 04:00:00,57.0,100.703094
2025-02-24 05:00:00,321.0,404.93335
2025-02-24 06:00:00,947.0,911.62646
2025-02-24 07:00:00,939.0,866.6898
2025-02-24 08:00:00,575.0,672.2955
2025-02-24 09:00:00,500.0,539.0229
2025-02-24 10:00:00,509.0,539.04645
2025-02-24 11:00:00,606.0,567.2816
2025-02-24 12:00:00,617.0,601.9072
2025-02-24 13:00:00,754.0,634.10474
2025-02-24 14:00:00,641.0,679.9145
2025-02-24 15:00:00,694.0,756.9974
2025-02-24 16:00:00,841.0,843.28125
2025-02-24 17:00:00,903.0,828.6112
2025-02-24 18:00:00,610.0,615.62604
2025-02-24 19:00:00,428.0,426.5767
2025-02-24 20:00:00,298.0,327.6265
2025-02-24 21:00:00,244.0,272.16895
2025-02-24 22:00:00,161.0,218.57079
2025-02-24 23:00:00,81.0,161.0299
2025-02-25 00:00:00,47.0,104.48758
2025-02-25 01:00:00,20.0,83.39191
2025-02-25 02:00:00,21.0,70.98999
2025-02-25 03:00:00,37.0,70.820465
2025-02-25 04:00:00,68.0,114.25934
2025-02-25 05:00:00,321.0,445.49548
2025-02-25 06:00:00,900.0,928.03906
2025-02-25 07:00:00,918.0,884.4458
2025-02-25 08:00:00,604.0,675.1958
2025-02-25 09:00:00,548.0,533.35706
2025-02-25 10:00:00,547.0,534.75903
2025-02-25 11:00:00,560.0,569.76416
2025-02-25 12:00:00,575.0,606.31866
2025-02-25 13:00:00,677.0,633.5338
2025-02-25 14:00:00,590.0,670.2482
2025-02-25 15:00:00,692.0,737.5238
2025-02-25 16:00:00,840.0,823.7016
2025-02-25 17:00:00,814.0,831.5647
2025-02-25 18:00:00,581.0,596.9342
2025-02-25 19:00:00,394.0,373.58618
2025-02-25 20:00:00,240.0,308.0229
2025-02-25 21:00:00,191.0,243.22034
2025-02-25 22:00:00,139.0,184.5953
2025-02-25 23:00:00,89.0,132.349
2025-02-26 00:00:00,41.0,94.45105
2025-02-26 01:00:00,13.0,74.57089
2025-02-26 02:00:00,31.0,64.12503
2025-02-26 03:00:00,27.0,61.77356
2025-02-26 04:00:00,55.0,107.42282
2025-02-26 05:00:00,312.0,434.97803
2025-02-26 06:00:00,884.0,922.62604
2025-02-26 07:00:00,862.0,878.4801
2025-02-26 08:00:00,554.0,660.80914
2025-02-26 09:00:00,493.0,525.2937
2025-02-26 10:00:00,560.0,536.9403
2025-02-26 11:00:00,592.0,579.0954
2025-02-26 12:00:00,565.0,610.5103
2025-02-26 13:00:00,630.0,635.93427
2025-02-26 14:00:00,576.0,659.60315
2025-02-26 15:00:00,640.0,734.87573
2025-02-26 16:00:00,805.0,786.6919
2025-02-26 17:00:00,883.0,847.5045
2025-02-26 18:00:00,554.0,629.7537
2025-02-26 19:00:00,394.0,397.9322
2025-02-26 20:00:00,248.0,303.3719
2025-02-26 21:00:00,222.0,234.63248
2025-02-26 22:00:00,139.0,167.18848
2025-02-26 23:00:00,106.0,120.13458
2025-02-27 00:00:00,42.0,106.00583
2025-02-27 01:00:00,50.0,78.79462
2025-02-27 02:00:00,26.0,62.718536
2025-02-27 03:00:00,51.0,58.18445
2025-02-27 04:00:00,73.0,80.97955
2025-02-27 05:00:00,261.0,374.12378
2025-02-27 06:00:00,637.0,890.8761
2025-02-27 07:00:00,745.0,820.3545
2025-02-27 08:00:00,464.0,622.19934
2025-02-27 09:00:00,436.0,527.4064
2025-02-27 10:00:00,501.0,543.9438
2025-02-27 11:00:00,546.0,586.6652
2025-02-27 12:00:00,514.0,621.75354
2025-02-27 13:00:00,535.0,661.7788
2025-02-27 14:00:00,461.0,690.0452
2025-02-27 15:00:00,599.0,757.50854
2025-02-27 16:00:00,776.0,842.62085
2025-02-27 17:00:00,816.0,851.32983
2025-02-27 18:00:00,560.0,649.49365
2025-02-27 19:00:00,401.0,456.4543
2025-02-27 20:00:00,283.0,354.4306
2025-02-27 21:00:00,224.0,289.83032
2025-02-27 22:00:00,160.0,210.53484
2025-02-27 23:00:00,226.0,147.92734
2025-02-28 00:00:00,100.0,137.4036
2025-02-28 01:00:00,77.0,97.64554
2025-02-28 02:00:00,65.0,76.39987
2025-02-28 03:00:00,54.0,70.33856
2025-02-28 04:00:00,71.0,93.19772
2025-02-28 05:00:00,259.0,360.08173
2025-02-28 06:00:00,648.0,815.7141
2025-02-28 07:00:00,673.0,758.30164
2025-02-28 08:00:00,483.0,604.7956
2025-02-28 09:00:00,487.0,539.03864
2025-02-28 10:00:00,561.0,561.20044
2025-02-28 11:00:00,619.0,605.523
2025-02-28 12:00:00,609.0,653.51965
2025-02-28 13:00:00,721.0,685.90027
2025-02-28 14:00:00,791.0,733.8506
2025-02-28 15:00:00,808.0,810.54834
2025-02-28 16:00:00,991.0,867.89417
2025-02-28 17:00:00,941.0,840.87146
2025-02-28 18:00:00,613.0,668.8321
2025-02-28 19:00:00,506.0,524.68225
2025-02-28 20:00:00,358.0,415.1885
2025-02-28 21:00:00,306.0,361.2301
2025-02-28 22:00:00,222.0,285.3756
2025-02-28 23:00:00,131.0,206.59164
2025-03-01 00:00:00,81.0,172.8848
2025-03-01 01:00:00,52.0,149.58755
2025-03-01 02:00:00,49.0,134.28226
2025-03-01 03:00:00,28.0,130.40744
2025-03-01 04:00:00,50.0,136.19354
2025-03-01 05:00:00,83.0,159.19598
2025-03-01 06:00:00,137.0,215.48029
2025-03-01 07:00:00,248.0,339.16644
2025-03-01 08:00:00,389.0,456.45126
2025-03-01 09:00:00,532.0,544.2702
2025-03-01 10:00:00,661.0,603.4878
2025-03-01 11:00:00,684.0,646.94635
2025-03-01 12:00:00,675.0,686.29626
2025-03-01 13:00:00,705.0,711.6753
2025-03-01 14:00:00,702.0,733.9846
2025-03-01 15:00:00,771.0,752.8324
2025-03-01 16:00:00,769.0,746.9671
2025-03-01 17:00:00,773.0,664.07947
2025-03-01 18:00:00,551.0,546.856
2025-03-01 19:00:00,377.0,445.51215
2025-03-01 20:00:00,336.0,375.56653
2025-03-01 21:00:00,300.0,313.03934
2025-03-01 22:00:00,206.0,256.79437
2025-03-01 23:00:00,158.0,211.03839
2025-03-02 00:00:00,129.0,157.83612
2025-03-02 01:00:00,97.0,124.51126
2025-03-02 02:00:00,67.0,101.56152
2025-03-02 03:00:00,59.0,87.311554
2025-03-02 04:00:00,48.0,83.028046
2025-03-02 05:00:00,38.0,84.85989
2025-03-02 06:00:00,57.0,99.749176
2025-03-02 07:00:00,99.0,144.31549
2025-03-02 08:00:00,179.0,260.31964
2025-03-02 09:00:00,347.0,413.5041
2025-03-02 10:00:00,497.0,541.86707
2025-03-02 11:00:00,599.0,626.3908
2025-03-02 12:00:00,622.0,682.9502
2025-03-02 13:00:00,782.0,718.69385
2025-03-02 14:00:00,944.0,797.8152
2025-03-02 15:00:00,1025.0,915.50433
2025-03-02 16:00:00,1238.0,987.88806
2025-03-02 17:00:00,1242.0,925.09045
2025-03-02 18:00:00,1032.0,753.21216
2025-03-02 19:00:00,824.0,617.4863
2025-03-02 20:00:00,603.0,515.70764
2025-03-02 21:00:00,388.0,421.8394
2025-03-02 22:00:00,274.0,324.63727
2025-03-02 23:00:00,141.0,226.06445
2025-03-03 00:00:00,62.0,113.56903
2025-03-03 01:00:00,52.0,88.93887
2025-03-03 02:00:00,48.0,73.05664
2025-03-03 03:00:00,37.0,66.608215
2025-03-03 04:00:00,89.0,91.96805
2025-03-03 05:00:00,305.0,339.35257
2025-03-03 06:00:00,778.0,890.503
2025-03-03 07:00:00,834.0,830.7943
2025-03-03 08:00:00,557.0,635.1799
2025-03-03 09:00:00,453.0,534.83356
2025-03-03 10:00:00,519.0,539.36237
2025-03-03 11:00:00,572.0,567.87213
2025-03-03 12:00:00,614.0,600.37683
2025-03-03 13:00:00,666.0,633.1685
2025-03-03 14:00:00,628.0,674.3419
2025-03-03 15:00:00,660.0,745.4836
2025-03-03 16:00:00,863.0,845.7568
2025-03-03 17:00:00,840.0,839.1715
2025-03-03 18:00:00,610.0,596.63354
2025-03-03 19:00:00,456.0,414.3849
2025-03-03 20:00:00,261.0,318.0902
2025-03-03 21:00:00,242.0,263.66376
2025-03-03 22:00:00,146.0,207.20526
2025-03-03 23:00:00,80.0,155.14545
2025-03-04 00:00:00,36.0,103.598724
2025-03-04 01:00:00,39.0,80.51221
2025-03-04 02:00:00,27.0,66.754
2025-03-04 03:00:00,34.0,66.58493
2025-03-04 04:00:00,68.0,110.35965
2025-03-04 05:00:00,301.0,385.5735
2025-03-04 06:00:00,861.0,937.9923
2025-03-04 07:00:00,741.0,850.7266
2025-03-04 08:00:00,480.0,654.0676
2025-03-04 09:00:00,465.0,542.04114
2025-03-04 10:00:00,493.0,529.8685
2025-03-04 11:00:00,505.0,553.7682
2025-03-04 12:00:00,599.0,586.1898
2025-03-04 13:00:00,647.0,623.5481
2025-03-04 14:00:00,599.0,665.7424
2025-03-04 15:00:00,665.0,734.7202
2025-03-04 16:00:00,835.0,829.4239
2025-03-04 17:00:00,922.0,834.0088
2025-03-04 18:00:00,581.0,580.86176
2025-03-04 19:00:00,387.0,377.77945
2025-03-04 20:00:00,251.0,297.909
2025-03-04 21:00:00,213.0,234.39043
2025-03-04 22:00:00,144.0,175.88602
2025-03-04 23:00:00,244.0,128.9621
2025-03-05 00:00:00,45.0,92.93326
2025-03-05 01:00:00,29.0,72.99103
2025-03-05 02:00:00,21.0,61.154785
2025-03-05 03:00:00,28.0,59.806763
2025-03-05 04:00:00,59.0,102.823
2025-03-05 05:00:00,325.0,406.26678
2025-03-05 06:00:00,924.0,936.26056
2025-03-05 07:00:00,909.0,840.31433
2025-03-05 08:00:00,584.0,635.8033
2025-03-05 09:00:00,526.0,535.7074
2025-03-05 10:00:00,525.0,533.3466
2025-03-05 11:00:00,598.0,558.4203
2025-03-05 12:00:00,590.0,592.29834
2025-03-05 13:00:00,676.0,628.5368
2025-03-05 14:00:00,712.0,676.6449
2025-03-05 15:00:00,713.0,761.39667
2025-03-05 16:00:00,963.0,850.6872
2025-03-05 17:00:00,1101.0,884.3511
2025-03-05 18:00:00,724.0,661.0856
2025-03-05 19:00:00,442.0,409.6017
2025-03-05 20:00:00,282.0,301.7366
2025-03-05 21:00:00,214.0,220.99835
2025-03-05 22:00:00,133.0,158.4502
2025-03-05 23:00:00,84.0,116.21707
2025-03-06 00:00:00,20.0,98.79593
2025-03-06 01:00:00,42.0,76.38959
2025-03-06 02:00:00,28.0,59.439728
2025-03-06 03:00:00,29.0,55.03125
2025-03-06 04:00:00,60.0,82.49542
2025-03-06 05:00:00,316.0,394.82996
2025-03-06 06:00:00,973.0,901.93964
2025-03-06 07:00:00,953.0,774.01184
2025-03-06 08:00:00,600.0,599.50275
2025-03-06 09:00:00,548.0,542.4699
2025-03-06 10:00:00,589.0,556.97577
2025-03-06 11:00:00,599.0,587.96155
2025-03-06 12:00:00,623.0,620.78314
2025-03-06 13:00:00,713.0,662.90063
2025-03-06 14:00:00,690.0,722.9313
2025-03-06 15:00:00,775.0,819.4442
2025-03-06 16:00:00,959.0,907.55646
2025-03-06 17:00:00,1035.0,891.351
2025-03-06 18:00:00,681.0,710.4428
2025-03-06 19:00:00,420.0,475.22702
2025-03-06 20:00:00,256.0,361.28528
2025-03-06 21:00:00,210.0,285.27307
2025-03-06 22:00:00,143.0,202.91464
2025-03-06 23:00:00,106.0,138.09793
2025-03-07 00:00:00,44.0,128.64291
2025-03-07 01:00:00,26.0,89.41202
2025-03-07 02:00:00,23.0,71.14459
2025-03-07 03:00:00,28.0,65.11865
2025-03-07 04:00:00,57.0,91.657074
2025-03-07 05:00:00,283.0,377.52505
2025-03-07 06:00:00,785.0,831.99805
2025-03-07 07:00:00,890.0,740.0663
2025-03-07 08:00:00,563.0,589.6688
2025-03-07 09:00:00,591.0,557.2966
2025-03-07 10:00:00,603.0,580.95355
2025-03-07 11:00:00,629.0,613.47473
2025-03-07 12:00:00,645.0,648.78
2025-03-07 13:00:00,728.0,688.88745
2025-03-07 14:00:00,732.0,753.0469
2025-03-07 15:00:00,816.0,858.06305
2025-03-07 16:00:00,1054.0,929.90405
2025-03-07 17:00:00,1048.0,930.3549
2025-03-07 18:00:00,800.0,720.4834
2025-03-07 19:00:00,538.0,543.47723
2025-03-07 20:00:00,374.0,426.41437
2025-03-07 21:00:00,296.0,357.39966
2025-03-07 22:00:00,257.0,281.8233
2025-03-07 23:00:00,166.0,200.78659
2025-03-08 00:00:00,87.0,187.13843
2025-03-08 01:00:00,52.0,132.21823
2025-03-08 02:00:00,38.0,108.69394
2025-03-08 03:00:00,24.0,96.353516
2025-03-08 04:00:00,34.0,91.93259
2025-03-08 05:00:00,94.0,101.11539
2025-03-08 06:00:00,172.0,137.02573
2025-03-08 07:00:00,295.0,297.9549
2025-03-08 08:00:00,503.0,469.32065
2025-03-08 09:00:00,639.0,588.00134
2025-03-08 10:00:00,703.0,639.0726
2025-03-08 11:00:00,727.0,678.86615
2025-03-08 12:00:00,667.0,711.3956
2025-03-08 13:00:00,740.0,748.5682
2025-03-08 14:00:00,862.0,817.6721
2025-03-08 15:00:00,1013.0,900.1363
2025-03-08 16:00:00,1085.0,948.5128
2025-03-08 17:00:00,1118.0,901.0227
2025-03-08 18:00:00,888.0,694.681
2025-03-08 19:00:00,614.0,556.32697
2025-03-08 20:00:00,484.0,484.31543
2025-03-08 21:00:00,383.0,446.33322
2025-03-08 22:00:00,275.0,378.52338
2025-03-08 23:00:00,289.0,273.21387
2025-03-09 00:00:00,190.0,162.17865
2025-03-09 01:00:00,69.0,124.16031
2025-03-09 02:00:00,53.0,101.162506
2025-03-09 03:00:00,35.0,87.00598
2025-03-09 04:00:00,34.0,80.947754
2025-03-09 05:00:00,38.0,82.83719
2025-03-09 06:00:00,62.0,101.98038
2025-03-09 07:00:00,143.0,189.19998
2025-03-09 08:00:00,283.0,327.96664
2025-03-09 09:00:00,458.0,445.1633
2025-03-09 10:00:00,614.0,549.2035
2025-03-09 11:00:00,735.0,627.4295
2025-03-09 12:00:00,876.0,688.3835
2025-03-09 13:00:00,1018.0,748.2876
2025-03-09 14:00:00,1195.0,853.9823
2025-03-09 15:00:00,1193.0,945.62683
2025-03-09 16:00:00,1240.0,973.7833
2025-03-09 17:00:00,1150.0,946.8833
2025-03-09 18:00:00,876.0,855.473
2025-03-09 19:00:00,673.0,731.01294
2025-03-09 20:00:00,682.0,606.231
2025-03-09 21:00:00,458.0,500.93164
2025-03-09 22:00:00,284.0,373.6477
2025-03-09 23:00:00,126.0,246.5827
2025-03-10 00:00:00,75.0,114.095276
2025-03-10 01:00:00,39.0,91.35034
2025-03-10 02:00:00,39.0,74.98752
2025-03-10 03:00:00,61.0,72.739136
2025-03-10 04:00:00,75.0,113.04599
2025-03-10 05:00:00,352.0,456.468
2025-03-10 06:00:00,966.0,924.8736
2025-03-10 07:00:00,1043.0,871.88025
2025-03-10 08:00:00,629.0,680.65717
2025-03-10 09:00:00,514.0,545.71295
2025-03-10 10:00:00,553.0,539.81665
2025-03-10 11:00:00,665.0,565.34
2025-03-10 12:00:00,720.0,599.57086
2025-03-10 13:00:00,742.0,631.7926
2025-03-10 14:00:00,637.0,680.2788
2025-03-10 15:00:00,633.0,746.4293
2025-03-10 16:00:00,841.0,851.7114
2025-03-10 17:00:00,908.0,858.8446
2025-03-10 18:00:00,659.0,615.03577
2025-03-10 19:00:00,428.0,426.3227
2025-03-10 20:00:00,288.0,325.76346
2025-03-10 21:00:00,272.0,267.68494
2025-03-10 22:00:00,174.0,212.5771
2025-03-10 23:00:00,101.0,155.13733
2025-03-11 00:00:00,49.0,102.70749
2025-03-11 01:00:00,14.0,80.37778
2025-03-11 02:00:00,21.0,67.534424
2025-03-11 03:00:00,28.0,66.10492
2025-03-11 04:00:00,64.0,109.57532
2025-03-11 05:00:00,331.0,400.54623
2025-03-11 06:00:00,985.0,944.6846
2025-03-11 07:00:00,1064.0,895.27563
2025-03-11 08:00:00,612.0,681.9242
2025-03-11 09:00:00,553.0,542.9075
2025-03-11 10:00:00,509.0,537.26514
2025-03-11 11:00:00,544.0,560.2742
2025-03-11 12:00:00,602.0,596.30304
2025-03-11 13:00:00,622.0,630.613
2025-03-11 14:00:00,595.0,673.2061
2025-03-11 15:00:00,653.0,740.1267
2025-03-11 16:00:00,866.0,828.9446
2025-03-11 17:00:00,878.0,849.5809
2025-03-11 18:00:00,513.0,613.82684
2025-03-11 19:00:00,375.0,397.58655
2025-03-11 20:00:00,254.0,307.52725
2025-03-11 21:00:00,209.0,242.53264
2025-03-11 22:00:00,164.0,178.79504
2025-03-11 23:00:00,72.0,128.36966
2025-03-12 00:00:00,26.0,92.840576
2025-03-12 01:00:00,28.0,72.99603
2025-03-12 02:00:00,25.0,62.58844
2025-03-12 03:00:00,38.0,60.653046
2025-03-12 04:00:00,49.0,102.750305
2025-03-12 05:00:00,336.0,438.63266
2025-03-12 06:00:00,956.0,930.2494
2025-03-12 07:00:00,982.0,878.35754
2025-03-12 08:00:00,596.0,626.6428
2025-03-12 09:00:00,488.0,522.7385
2025-03-12 10:00:00,548.0,542.11346
2025-03-12 11:00:00,652.0,569.58203
2025-03-12 12:00:00,612.0,609.51245
2025-03-12 13:00:00,689.0,639.32556
2025-03-12 14:00:00,578.0,658.0403
2025-03-12 15:00:00,658.0,726.5803
2025-03-12 16:00:00,856.0,776.9326
2025-03-12 17:00:00,798.0,819.9946
2025-03-12 18:00:00,610.0,638.8323
2025-03-12 19:00:00,422.0,402.01453
2025-03-12 20:00:00,234.0,297.34375
2025-03-12 21:00:00,203.0,222.52728
2025-03-12 22:00:00,168.0,159.66983
2025-03-12 23:00:00,77.0,116.49255
2025-03-13 00:00:00,24.0,99.293
2025-03-13 01:00:00,43.0,77.49942
2025-03-13 02:00:00,15.0,61.623352
2025-03-13 03:00:00,29.0,57.648132
2025-03-13 04:00:00,60.0,89.605225
2025-03-13 05:00:00,318.0,412.3496
2025-03-13 06:00:00,981.0,886.1499
2025-03-13 07:00:00,1028.0,813.2841
2025-03-13 08:00:00,607.0,585.5251
2025-03-13 09:00:00,537.0,528.07574
2025-03-13 10:00:00,536.0,551.6566
2025-03-13 11:00:00,584.0,586.71313
2025-03-13 12:00:00,598.0,630.376
2025-03-13 13:00:00,676.0,658.1317
2025-03-13 14:00:00,600.0,688.90497
2025-03-13 15:00:00,673.0,761.4723
2025-03-13 16:00:00,860.0,854.771
2025-03-13 17:00:00,827.0,834.34644
2025-03-13 18:00:00,575.0,663.11584
2025-03-13 19:00:00,448.0,449.3563
2025-03-13 20:00:00,296.0,282.27844
2025-03-13 21:00:00,221.0,236.96774
2025-03-13 22:00:00,189.0,193.5362
2025-03-13 23:00:00,81.0,144.5394
2025-03-14 00:00:00,44.0,129.7399
2025-03-14 01:00:00,25.0,91.23013
2025-03-14 02:00:00,19.0,71.77298
2025-03-14 03:00:00,35.0,66.033966
2025-03-14 04:00:00,46.0,89.64444
2025-03-14 05:00:00,292.0,362.25272
2025-03-14 06:00:00,895.0,829.07513
2025-03-14 07:00:00,894.0,758.81885
2025-03-14 08:00:00,586.0,604.83954
2025-03-14 09:00:00,545.0,534.51685
2025-03-14 10:00:00,579.0,551.251
2025-03-14 11:00:00,630.0,595.73456
2025-03-14 12:00:00,693.0,647.50366
2025-03-14 13:00:00,720.0,682.12213
2025-03-14 14:00:00,731.0,721.9874
2025-03-14 15:00:00,703.0,800.8402
2025-03-14 16:00:00,900.0,864.45874
2025-03-14 17:00:00,923.0,834.97485
2025-03-14 18:00:00,728.0,660.1809
2025-03-14 19:00:00,489.0,469.99478
2025-03-14 20:00:00,322.0,412.83655
2025-03-14 21:00:00,254.0,358.6279
2025-03-14 22:00:00,250.0,282.43753
2025-03-14 23:00:00,173.0,199.06415
2025-03-15 00:00:00,89.0,186.69434
2025-03-15 01:00:00,54.0,133.08331
2025-03-15 02:00:00,30.0,108.708374
2025-03-15 03:00:00,39.0,96.18106
2025-03-15 04:00:00,48.0,92.183105
2025-03-15 05:00:00,74.0,101.3049
2025-03-15 06:00:00,171.0,140.10654
2025-03-15 07:00:00,331.0,233.6479
2025-03-15 08:00:00,452.0,390.85773
2025-03-15 09:00:00,583.0,566.475
2025-03-15 10:00:00,691.0,644.20624
2025-03-15 11:00:00,690.0,676.3524
2025-03-15 12:00:00,778.0,698.4732
2025-03-15 13:00:00,682.0,722.8169
2025-03-15 14:00:00,782.0,760.8926
2025-03-15 15:00:00,749.0,793.79584
2025-03-15 16:00:00,817.0,808.0277
2025-03-15 17:00:00,694.0,734.3413
2025-03-15 18:00:00,552.0,615.08966
2025-03-15 19:00:00,388.0,510.4978
2025-03-15 20:00:00,379.0,465.58887
2025-03-15 21:00:00,267.0,430.8306
2025-03-15 22:00:00,239.0,362.635
2025-03-15 23:00:00,209.0,268.32465
2025-03-16 00:00:00,112.0,161.52264
2025-03-16 01:00:00,88.0,125.45557
2025-03-16 02:00:00,44.0,106.33969
2025-03-16 03:00:00,40.0,87.36624
2025-03-16 04:00:00,36.0,82.361115
2025-03-16 05:00:00,33.0,82.36536
2025-03-16 06:00:00,73.0,98.60022
2025-03-16 07:00:00,118.0,145.56863
2025-03-16 08:00:00,215.0,262.71533
2025-03-16 09:00:00,344.0,418.49542
2025-03-16 10:00:00,526.0,550.15674
2025-03-16 11:00:00,658.0,637.8934
2025-03-16 12:00:00,657.0,668.1899
2025-03-16 13:00:00,813.0,707.54846
2025-03-16 14:00:00,907.0,739.6354
2025-03-16 15:00:00,975.0,815.0156
2025-03-16 16:00:00,1086.0,849.18604
2025-03-16 17:00:00,965.0,869.174
2025-03-16 18:00:00,767.0,707.1306
2025-03-16 19:00:00,632.0,623.01697
2025-03-16 20:00:00,485.0,525.08344
2025-03-16 21:00:00,363.0,435.02966
2025-03-16 22:00:00,203.0,340.65436
2025-03-16 23:00:00,98.0,237.92757
2025-03-17 00:00:00,49.0,115.436676
2025-03-17 01:00:00,35.0,91.60922
2025-03-17 02:00:00,30.0,74.73636
2025-03-17 03:00:00,44.0,67.150055
2025-03-17 04:00:00,73.0,94.805145
2025-03-17 05:00:00,381.0,382.99802
2025-03-17 06:00:00,984.0,914.256
2025-03-17 07:00:00,997.0,881.35315
2025-03-17 08:00:00,611.0,681.0979
2025-03-17 09:00:00,528.0,535.52295
2025-03-17 10:00:00,534.0,531.0664
2025-03-17 11:00:00,555.0,558.45526
2025-03-17 12:00:00,542.0,600.51733
2025-03-17 13:00:00,688.0,627.6105
2025-03-17 14:00:00,590.0,666.53467
2025-03-17 15:00:00,635.0,744.04004
2025-03-17 16:00:00,1004.0,846.64526
2025-03-17 17:00:00,994.0,818.4812
2025-03-17 18:00:00,604.0,599.16876
2025-03-17 19:00:00,389.0,419.30673
2025-03-17 20:00:00,300.0,321.1344
2025-03-17 21:00:00,245.0,265.0144
2025-03-17 22:00:00,176.0,208.74194
2025-03-17 23:00:00,93.0,158.28973
2025-03-18 00:00:00,47.0,105.17917
2025-03-18 01:00:00,28.0,81.82208
2025-03-18 02:00:00,19.0,67.7558
2025-03-18 03:00:00,27.0,67.29068
2025-03-18 04:00:00,68.0,108.79874
2025-03-18 05:00:00,331.0,391.62122
2025-03-18 06:00:00,1020.0,939.16077
2025-03-18 07:00:00,1037.0,843.0602
2025-03-18 08:00:00,654.0,677.03217
2025-03-18 09:00:00,501.0,528.4212
2025-03-18 10:00:00,516.0,520.66034
2025-03-18 11:00:00,583.0,550.74414
2025-03-18 12:00:00,613.0,582.75165
2025-03-18 13:00:00,703.0,621.8866
2025-03-18 14:00:00,646.0,664.37396
2025-03-18 15:00:00,717.0,732.7195
2025-03-18 16:00:00,954.0,829.5023
2025-03-18 17:00:00,947.0,846.2997
2025-03-18 18:00:00,691.0,576.504
2025-03-18 19:00:00,446.0,376.31927
2025-03-18 20:00:00,281.0,299.0323
2025-03-18 21:00:00,177.0,237.15489
2025-03-18 22:00:00,179.0,177.72147
2025-03-18 23:00:00,87.0,131.49423
2025-03-19 00:00:00,40.0,202.27985
2025-03-19 01:00:00,16.0,189.57272
2025-03-19 02:00:00,22.0,192.17648
2025-03-19 03:00:00,20.0,201.35666
2025-03-19 04:00:00,57.0,224.82053
2025-03-19 05:00:00,280.0,338.0512
2025-03-19 06:00:00,630.0,501.42715
2025-03-19 07:00:00,609.0,615.47345
2025-03-19 08:00:00,571.0,649.4695
2025-03-19 09:00:00,659.0,622.50446
2025-03-19 10:00:00,613.0,588.0653
2025-03-19 11:00:00,570.0,578.8642
2025-03-19 12:00:00,540.0,588.2141
2025-03-19 13:00:00,532.0,608.23553
2025-03-19 14:00:00,578.0,634.9785
2025-03-19 15:00:00,631.0,667.5084
2025-03-19 16:00:00,681.0,683.6234
2025-03-19 17:00:00,683.0,676.04803
2025-03-19 18:00:00,479.0,618.4186
2025-03-19 19:00:00,331.0,512.42505
2025-03-19 20:00:00,240.0,415.38412
2025-03-19 21:00:00,225.0,339.29865
2025-03-19 22:00:00,150.0,270.05054
2025-03-19 23:00:00,74.0,229.44324
2025-03-20 00:00:00,12.0,100.17227
2025-03-20 01:00:00,53.0,78.13016
2025-03-20 02:00:00,16.0,61.510162
2025-03-20 03:00:00,19.0,57.08496
2025-03-20 04:00:00,65.0,85.66177
2025-03-20 05:00:00,364.0,408.0418
2025-03-20 06:00:00,972.0,896.4148
2025-03-20 07:00:00,944.0,747.86694
2025-03-20 08:00:00,616.0,605.0895
2025-03-20 09:00:00,586.0,531.611
2025-03-20 10:00:00,576.0,561.1055
2025-03-20 11:00:00,600.0,591.5761
2025-03-20 12:00:00,626.0,624.7111
2025-03-20 13:00:00,681.0,671.3888
2025-03-20 14:00:00,708.0,730.6439
2025-03-20 15:00:00,797.0,825.28735
2025-03-20 16:00:00,1019.0,911.119
2025-03-20 17:00:00,950.0,897.8024
2025-03-20 18:00:00,711.0,735.1383
2025-03-20 19:00:00,480.0,502.16815
2025-03-20 20:00:00,272.0,374.0731
2025-03-20 21:00:00,233.0,295.86908
2025-03-20 22:00:00,185.0,209.37204
2025-03-20 23:00:00,85.0,140.71225
2025-03-21 00:00:00,35.0,134.21655
2025-03-21 01:00:00,52.0,91.7684
2025-03-21 02:00:00,55.0,72.434265
2025-03-21 03:00:00,39.0,66.56418
2025-03-21 04:00:00,71.0,99.19934
2025-03-21 05:00:00,321.0,409.56415
2025-03-21 06:00:00,851.0,835.6299
2025-03-21 07:00:00,834.0,759.64465
2025-03-21 08:00:00,579.0,613.74255
2025-03-21 09:00:00,519.0,553.8184
2025-03-21 10:00:00,571.0,575.2656
2025-03-21 11:00:00,669.0,621.90436
2025-03-21 12:00:00,690.0,670.33167
2025-03-21 13:00:00,782.0,702.8873
2025-03-21 14:00:00,777.0,772.9094
2025-03-21 15:00:00,888.0,864.8596
2025-03-21 16:00:00,991.0,912.948
2025-03-21 17:00:00,902.0,907.2898
2025-03-21 18:00:00,728.0,782.4486
2025-03-21 19:00:00,562.0,575.16296
2025-03-21 20:00:00,349.0,443.08557
2025-03-21 21:00:00,308.0,371.21014
2025-03-21 22:00:00,222.0,286.31567
2025-03-21 23:00:00,163.0,209.54381
2025-03-22 00:00:00,88.0,194.80542
2025-03-22 01:00:00,49.0,141.92676
2025-03-22 02:00:00,41.0,116.09784
2025-03-22 03:00:00,25.0,102.41617
2025-03-22 04:00:00,41.0,98.50833
2025-03-22 05:00:00,88.0,114.451965
2025-03-22 06:00:00,167.0,180.8052
2025-03-22 07:00:00,319.0,347.7974
2025-03-22 08:00:00,518.0,518.9887
2025-03-22 09:00:00,671.0,601.9956
2025-03-22 10:00:00,738.0,657.6459
2025-03-22 11:00:00,803.0,694.0459
2025-03-22 12:00:00,702.0,720.78735
2025-03-22 13:00:00,874.0,760.2382
2025-03-22 14:00:00,862.0,823.7308
2025-03-22 15:00:00,923.0,906.38245
2025-03-22 16:00:00,916.0,953.9341
2025-03-22 17:00:00,880.0,927.1686
2025-03-22 18:00:00,620.0,731.21423
2025-03-22 19:00:00,476.0,599.52924
2025-03-22 20:00:00,393.0,501.4527
2025-03-22 21:00:00,278.0,455.91162
2025-03-22 22:00:00,291.0,399.77637
2025-03-22 23:00:00,176.0,292.41302
2025-03-23 00:00:00,111.0,165.46106
2025-03-23 01:00:00,66.0,124.14807
2025-03-23 02:00:00,46.0,100.63934
2025-03-23 03:00:00,39.0,86.64099
2025-03-23 04:00:00,21.0,81.030396
2025-03-23 05:00:00,31.0,86.5611
2025-03-23 06:00:00,63.0,111.262085
2025-03-23 07:00:00,150.0,167.33548
2025-03-23 08:00:00,251.0,287.93134
2025-03-23 09:00:00,430.0,434.54703
2025-03-23 10:00:00,559.0,552.9147
2025-03-23 11:00:00,692.0,622.9452
2025-03-23 12:00:00,735.0,689.1465
2025-03-23 13:00:00,736.0,765.92053
2025-03-23 14:00:00,866.0,853.896
2025-03-23 15:00:00,1014.0,951.9792
2025-03-23 16:00:00,1090.0,974.8694
2025-03-23 17:00:00,1067.0,931.94714
2025-03-23 18:00:00,787.0,835.99567
2025-03-23 19:00:00,629.0,712.0202
2025-03-23 20:00:00,519.0,595.48694
2025-03-23 21:00:00,351.0,485.76996
2025-03-23 22:00:00,275.0,365.22308
2025-03-23 23:00:00,148.0,244.83397
2025-03-24 00:00:00,54.0,115.31729
2025-03-24 01:00:00,30.0,92.76294
2025-03-24 02:00:00,30.0,79.83273
2025-03-24 03:00:00,30.0,122.48297
2025-03-24 04:00:00,82.0,261.23706
2025-03-24 05:00:00,375.0,432.07452
2025-03-24 06:00:00,974.0,932.3502
2025-03-24 07:00:00,1014.0,869.91486
2025-03-24 08:00:00,663.0,678.47406
2025-03-24 09:00:00,480.0,542.4248
2025-03-24 10:00:00,503.0,560.2465
2025-03-24 11:00:00,588.0,581.546
2025-03-24 12:00:00,593.0,612.44727
2025-03-24 13:00:00,686.0,638.08606
2025-03-24 14:00:00,601.0,682.4365
2025-03-24 15:00:00,703.0,762.12524
2025-03-24 16:00:00,857.0,856.9663
2025-03-24 17:00:00,912.0,799.7028
2025-03-24 18:00:00,593.0,627.7158
2025-03-24 19:00:00,377.0,439.9737
2025-03-24 20:00:00,280.0,333.1435
2025-03-24 21:00:00,218.0,274.61383
2025-03-24 22:00:00,169.0,216.99576
2025-03-24 23:00:00,70.0,157.35706
2025-03-25 00:00:00,30.0,103.08151
2025-03-25 01:00:00,15.0,80.73157
2025-03-25 02:00:00,30.0,69.05359
2025-03-25 03:00:00,20.0,66.95877
2025-03-25 04:00:00,68.0,107.688385
2025-03-25 05:00:00,359.0,424.08038
2025-03-25 06:00:00,1067.0,942.3883
2025-03-25 07:00:00,1004.0,887.63245
2025-03-25 08:00:00,587.0,661.09106
2025-03-25 09:00:00,183.0,585.41565
2025-03-25 10:00:00,866.0,529.28485
2025-03-25 11:00:00,531.0,564.8799
2025-03-25 12:00:00,583.0,599.5762
2025-03-25 13:00:00,578.0,630.42755
2025-03-25 14:00:00,565.0,674.0128
2025-03-25 15:00:00,607.0,738.61053
2025-03-25 16:00:00,907.0,822.8179
2025-03-25 17:00:00,892.0,795.54895
2025-03-25 18:00:00,608.0,604.6289
2025-03-25 19:00:00,455.0,390.73044
2025-03-25 20:00:00,284.0,305.88293
2025-03-25 21:00:00,233.0,245.42126
2025-03-25 22:00:00,176.0,181.92447
2025-03-25 23:00:00,110.0,137.34396
2025-03-26 00:00:00,41.0,93.66849
2025-03-26 01:00:00,20.0,74.34839
2025-03-26 02:00:00,30.0,63.476074
2025-03-26 03:00:00,24.0,61.688477
2025-03-26 04:00:00,55.0,104.58688
2025-03-26 05:00:00,377.0,448.78168
2025-03-26 06:00:00,956.0,914.7156
2025-03-26 07:00:00,918.0,817.07635
2025-03-26 08:00:00,579.0,641.1862
2025-03-26 09:00:00,503.0,525.27655
2025-03-26 10:00:00,559.0,546.8822
2025-03-26 11:00:00,614.0,576.7524
2025-03-26 12:00:00,653.0,615.6867
2025-03-26 13:00:00,626.0,635.3734
2025-03-26 14:00:00,666.0,662.7395
2025-03-26 15:00:00,691.0,707.10767
2025-03-26 16:00:00,845.0,783.8822
2025-03-26 17:00:00,883.0,862.33124
2025-03-26 18:00:00,616.0,625.3667
2025-03-26 19:00:00,398.0,421.43433
2025-03-26 20:00:00,302.0,305.9549
2025-03-26 21:00:00,204.0,229.48424
2025-03-26 22:00:00,182.0,161.97552
2025-03-26 23:00:00,78.0,117.41293
2025-03-27 00:00:00,18.0,100.10779
2025-03-27 01:00:00,29.0,78.5921
2025-03-27 02:00:00,16.0,63.549713
2025-03-27 03:00:00,22.0,60.473145
2025-03-27 04:00:00,88.0,96.6702
2025-03-27 05:00:00,390.0,430.01324
2025-03-27 06:00:00,1014.0,889.6979
2025-03-27 07:00:00,971.0,811.1636
2025-03-27 08:00:00,572.0,620.8424
2025-03-27 09:00:00,506.0,530.9733
2025-03-27 10:00:00,579.0,551.687
2025-03-27 11:00:00,617.0,594.41956
2025-03-27 12:00:00,558.0,629.85223
2025-03-27 13:00:00,710.0,660.76465
2025-03-27 14:00:00,637.0,694.3013
2025-03-27 15:00:00,784.0,775.3878
2025-03-27 16:00:00,892.0,863.75806
2025-03-27 17:00:00,940.0,880.1185
2025-03-27 18:00:00,670.0,698.7259
2025-03-27 19:00:00,379.0,475.0006
2025-03-27 20:00:00,300.0,366.88904
2025-03-27 21:00:00,244.0,294.40417
2025-03-27 22:00:00,171.0,208.03113
2025-03-27 23:00:00,110.0,142.48685
2025-03-28 00:00:00,37.0,133.37198
2025-03-28 01:00:00,19.0,93.12872
2025-03-28 02:00:00,17.0,72.99933
2025-03-28 03:00:00,23.0,66.58475
2025-03-28 04:00:00,67.0,95.71933
2025-03-28 05:00:00,333.0,406.9591
2025-03-28 06:00:00,874.0,832.23737
2025-03-28 07:00:00,926.0,756.0163
2025-03-28 08:00:00,610.0,603.1466
2025-03-28 09:00:00,577.0,541.53735
2025-03-28 10:00:00,547.0,561.10956
2025-03-28 11:00:00,664.0,605.4065
2025-03-28 12:00:00,733.0,657.7881
2025-03-28 13:00:00,782.0,691.29663
2025-03-28 14:00:00,873.0,745.45996
2025-03-28 15:00:00,863.0,823.7982
2025-03-28 16:00:00,1050.0,923.34015
2025-03-28 17:00:00,952.0,932.7644
2025-03-28 18:00:00,737.0,716.4479
2025-03-28 19:00:00,585.0,548.7208
2025-03-28 20:00:00,395.0,432.06763
2025-03-28 21:00:00,330.0,364.90015
2025-03-28 22:00:00,265.0,291.17816
2025-03-28 23:00:00,167.0,211.08447
2025-03-29 00:00:00,98.0,194.99084
2025-03-29 01:00:00,69.0,137.93112
2025-03-29 02:00:00,32.0,112.17239
2025-03-29 03:00:00,29.0,101.55493
2025-03-29 04:00:00,41.0,97.04343
2025-03-29 05:00:00,74.0,106.71225
2025-03-29 06:00:00,173.0,143.75
2025-03-29 07:00:00,309.0,237.15428
2025-03-29 08:00:00,530.0,390.59116
2025-03-29 09:00:00,619.0,564.0804
2025-03-29 10:00:00,712.0,631.0503
2025-03-29 11:00:00,736.0,668.3595
2025-03-29 12:00:00,746.0,690.2567
2025-03-29 13:00:00,783.0,710.77234
2025-03-29 14:00:00,769.0,743.6919
2025-03-29 15:00:00,721.0,805.9111
2025-03-29 16:00:00,728.0,826.6889
2025-03-29 17:00:00,815.0,755.77026
2025-03-29 18:00:00,635.0,645.1264
2025-03-29 19:00:00,489.0,526.76324
2025-03-29 20:00:00,404.0,476.3883
2025-03-29 21:00:00,377.0,432.84042
2025-03-29 22:00:00,280.0,383.58575
2025-03-29 23:00:00,204.0,279.94507
2025-03-30 00:00:00,147.0,166.37088
2025-03-30 01:00:00,90.0,138.15213
2025-03-30 02:00:00,0.0,102.30701
2025-03-30 03:00:00,46.0,87.68063
2025-03-30 04:00:00,47.0,81.78665
2025-03-30 05:00:00,49.0,83.38568
2025-03-30 06:00:00,105.0,103.06195
2025-03-30 07:00:00,121.0,169.91556
2025-03-30 08:00:00,213.0,328.99744
2025-03-30 09:00:00,354.0,447.5869
2025-03-30 10:00:00,556.0,554.8004
2025-03-30 11:00:00,669.0,632.0291
2025-03-30 12:00:00,713.0,686.43994
2025-03-30 13:00:00,859.0,743.35547
2025-03-30 14:00:00,970.0,862.3572
2025-03-30 15:00:00,1070.0,935.1858
2025-03-30 16:00:00,1215.0,965.33704
2025-03-30 17:00:00,1139.0,933.82666
2025-03-30 18:00:00,798.0,838.19543
2025-03-30 19:00:00,631.0,714.3556
2025-03-30 20:00:00,637.0,591.7971
2025-03-30 21:00:00,579.0,490.69455
2025-03-30 22:00:00,537.0,370.1772
2025-03-30 23:00:00,423.0,250.67206
2025-03-31 00:00:00,167.0,116.650024
2025-03-31 01:00:00,72.0,93.48578
2025-03-31 02:00:00,41.0,76.56613
2025-03-31 03:00:00,45.0,71.5625
2025-03-31 04:00:00,94.0,108.86539
2025-03-31 05:00:00,403.0,443.26215
2025-03-31 06:00:00,944.0,925.4719
2025-03-31 07:00:00,1048.0,868.4032
2025-03-31 08:00:00,628.0,676.34564
2025-03-31 09:00:00,515.0,541.0654
2025-03-31 10:00:00,568.0,537.48035
2025-03-31 11:00:00,608.0,586.76996
2025-03-31 12:00:00,648.0,602.3329
2025-03-31 13:00:00,752.0,634.0049
2025-03-31 14:00:00,718.0,674.1906
2025-03-31 15:00:00,732.0,751.25037
2025-03-31 16:00:00,864.0,807.2383
2025-03-31 17:00:00,1029.0,834.72864
2025-03-31 18:00:00,716.0,620.9143
2025-03-31 19:00:00,526.0,434.08585
2025-03-31 20:00:00,384.0,330.32138
2025-03-31 21:00:00,326.0,271.1468
2025-03-31 22:00:00,200.0,214.3716
2025-03-31 23:00:00,66.0,158.44183
2025-04-01 00:00:00,31.0,100.08972
2025-04-01 01:00:00,23.0,77.55322
2025-04-01 02:00:00,15.0,65.836426
2025-04-01 03:00:00,23.0,63.794678
2025-04-01 04:00:00,56.0,102.6044
2025-04-01 05:00:00,349.0,405.32495
2025-04-01 06:00:00,991.0,935.265
2025-04-01 07:00:00,1086.0,812.4654
2025-04-01 08:00:00,593.0,640.4055
2025-04-01 09:00:00,502.0,535.8461
2025-04-01 10:00:00,529.0,530.50134
2025-04-01 11:00:00,600.0,577.56177
2025-04-01 12:00:00,581.0,591.3911
2025-04-01 13:00:00,664.0,627.0975
2025-04-01 14:00:00,603.0,667.17633
2025-04-01 15:00:00,677.0,733.3352
2025-04-01 16:00:00,899.0,779.9883
2025-04-01 17:00:00,914.0,855.63727
2025-04-01 18:00:00,610.0,581.4631
2025-04-01 19:00:00,447.0,398.93298
2025-04-01 20:00:00,303.0,306.15427
2025-04-01 21:00:00,236.0,242.31607
2025-04-01 22:00:00,160.0,174.57315
2025-04-01 23:00:00,63.0,148.18887
2025-04-02 00:00:00,26.0,109.73953
2025-04-02 01:00:00,17.0,71.90332
2025-04-02 02:00:00,17.0,61.009216
2025-04-02 03:00:00,24.0,59.064728
2025-04-02 04:00:00,47.0,141.76471
2025-04-02 05:00:00,362.0,424.04846
2025-04-02 06:00:00,957.0,931.2622
2025-04-02 07:00:00,972.0,798.9486
2025-04-02 08:00:00,595.0,660.3635
2025-04-02 09:00:00,496.0,553.18726
2025-04-02 10:00:00,547.0,538.2497
2025-04-02 11:00:00,579.0,562.65186
2025-04-02 12:00:00,649.0,594.7835
2025-04-02 13:00:00,721.0,631.2966
2025-04-02 14:00:00,673.0,682.82574
2025-04-02 15:00:00,648.0,771.8449
2025-04-02 16:00:00,885.0,868.046
2025-04-02 17:00:00,979.0,905.25574
2025-04-02 18:00:00,637.0,702.243
2025-04-02 19:00:00,458.0,443.4913
2025-04-02 20:00:00,285.0,322.12292
2025-04-02 21:00:00,255.0,233.93616
2025-04-02 22:00:00,210.0,157.74243
2025-04-02 23:00:00,85.0,113.738464
2025-04-03 00:00:00,31.0,115.95993
2025-04-03 01:00:00,11.0,95.61026
2025-04-03 02:00:00,18.0,91.441986
2025-04-03 03:00:00,28.0,102.10809
2025-04-03 04:00:00,60.0,232.275
2025-04-03 05:00:00,369.0,578.3084
2025-04-03 06:00:00,964.0,736.40045
2025-04-03 07:00:00,1012.0,709.97705
2025-04-03 08:00:00,605.0,578.64685
2025-04-03 09:00:00,509.0,560.4488
2025-04-03 10:00:00,548.0,571.9806
2025-04-03 11:00:00,621.0,589.7589
2025-04-03 12:00:00,594.0,605.5697
2025-04-03 13:00:00,713.0,627.29816
2025-04-03 14:00:00,668.0,669.3257
2025-04-03 15:00:00,751.0,735.5803
2025-04-03 16:00:00,928.0,806.8279
2025-04-03 17:00:00,902.0,872.4208
2025-04-03 18:00:00,660.0,821.8484
2025-04-03 19:00:00,459.0,551.12976
2025-04-03 20:00:00,316.0,330.49292
2025-04-03 21:00:00,263.0,260.2619
2025-04-03 22:00:00,233.0,188.0773
2025-04-03 23:00:00,113.0,144.0747
2025-04-04 00:00:00,43.0,134.09253
2025-04-04 01:00:00,30.0,88.10425
2025-04-04 02:00:00,32.0,70.06027
2025-04-04 03:00:00,24.0,63.101776
2025-04-04 04:00:00,58.0,94.19476
2025-04-04 05:00:00,323.0,369.44727
2025-04-04 06:00:00,782.0,808.42395
2025-04-04 07:00:00,902.0,754.26086
2025-04-04 08:00:00,636.0,594.8175
2025-04-04 09:00:00,530.0,566.7032
2025-04-04 10:00:00,596.0,591.2215
2025-04-04 11:00:00,637.0,619.874
2025-04-04 12:00:00,708.0,657.69135
2025-04-04 13:00:00,751.0,700.98694
2025-04-04 14:00:00,793.0,769.9761
2025-04-04 15:00:00,867.0,869.4463
2025-04-04 16:00:00,996.0,931.8225
2025-04-04 17:00:00,1016.0,946.3981
2025-04-04 18:00:00,760.0,758.5952
2025-04-04 19:00:00,603.0,603.0326
2025-04-04 20:00:00,406.0,447.2248
2025-04-04 21:00:00,333.0,370.51938
2025-04-04 22:00:00,291.0,286.04852
2025-04-04 23:00:00,174.0,206.03897
2025-04-05 00:00:00,112.0,194.09485
2025-04-05 01:00:00,75.0,137.02942
2025-04-05 02:00:00,35.0,110.537476
2025-04-05 03:00:00,24.0,94.23114
2025-04-05 04:00:00,29.0,88.96271
2025-04-05 05:00:00,65.0,100.28195
2025-04-05 06:00:00,197.0,198.07489
2025-04-05 07:00:00,350.0,344.62146
2025-04-05 08:00:00,489.0,493.04556
2025-04-05 09:00:00,649.0,601.9186
2025-04-05 10:00:00,755.0,653.38544
2025-04-05 11:00:00,696.0,692.60596
2025-04-05 12:00:00,745.0,722.976
2025-04-05 13:00:00,812.0,763.50433
2025-04-05 14:00:00,781.0,828.2861
2025-04-05 15:00:00,857.0,906.8185
2025-04-05 16:00:00,942.0,952.9118
2025-04-05 17:00:00,974.0,948.7866
2025-04-05 18:00:00,791.0,724.00684
2025-04-05 19:00:00,654.0,588.7798
2025-04-05 20:00:00,500.0,495.88925
2025-04-05 21:00:00,389.0,449.03467
2025-04-05 22:00:00,332.0,397.45386
2025-04-05 23:00:00,270.0,285.76
2025-04-06 00:00:00,162.0,165.21463
2025-04-06 01:00:00,82.0,122.388275
2025-04-06 02:00:00,70.0,95.84161
2025-04-06 03:00:00,59.0,92.12451
2025-04-06 04:00:00,39.0,76.64517
2025-04-06 05:00:00,41.0,80.41528
2025-04-06 06:00:00,76.0,123.52188
2025-04-06 07:00:00,133.0,213.83438
2025-04-06 08:00:00,259.0,317.78278
2025-04-06 09:00:00,415.0,441.5508
2025-04-06 10:00:00,627.0,552.17694
2025-04-06 11:00:00,681.0,629.1318
2025-04-06 12:00:00,700.0,682.87427
2025-04-06 13:00:00,856.0,734.7596
2025-04-06 14:00:00,979.0,834.87036
2025-04-06 15:00:00,1080.0,950.45056
2025-04-06 16:00:00,1142.0,1018.573
2025-04-06 17:00:00,1058.0,1010.8209
2025-04-06 18:00:00,896.0,746.7981
2025-04-06 19:00:00,742.0,658.0266
2025-04-06 20:00:00,630.0,546.44727
2025-04-06 21:00:00,618.0,452.5578
2025-04-06 22:00:00,383.0,346.88657
2025-04-06 23:00:00,154.0,236.93282
2025-04-07 00:00:00,91.0,111.95093
2025-04-07 01:00:00,29.0,87.74689
2025-04-07 02:00:00,36.0,72.0199
2025-04-07 03:00:00,45.0,64.88794
2025-04-07 04:00:00,92.0,90.11755
2025-04-07 05:00:00,388.0,366.39587
2025-04-07 06:00:00,939.0,894.6199
2025-04-07 07:00:00,1061.0,786.4377
2025-04-07 08:00:00,673.0,690.2816
2025-04-07 09:00:00,544.0,540.1533
2025-04-07 10:00:00,575.0,542.3188
2025-04-07 11:00:00,666.0,572.1918
2025-04-07 12:00:00,624.0,604.1105
2025-04-07 13:00:00,751.0,638.8365
2025-04-07 14:00:00,634.0,682.6609
2025-04-07 15:00:00,777.0,756.12573
2025-04-07 16:00:00,894.0,859.3479
2025-04-07 17:00:00,923.0,883.28894
2025-04-07 18:00:00,679.0,636.52167
2025-04-07 19:00:00,518.0,448.98557
2025-04-07 20:00:00,379.0,333.64874
2025-04-07 21:00:00,283.0,270.58002
2025-04-07 22:00:00,118.0,206.00302
2025-04-07 23:00:00,51.0,165.26813
2025-04-08 00:00:00,26.0,101.01233
2025-04-08 01:00:00,15.0,79.07782
2025-04-08 02:00:00,18.0,66.188965
2025-04-08 03:00:00,14.0,64.46896
2025-04-08 04:00:00,50.0,101.51367
2025-04-08 05:00:00,361.0,405.8693
2025-04-08 06:00:00,1002.0,928.60693
2025-04-08 07:00:00,993.0,828.4033
2025-04-08 08:00:00,684.0,640.8943
2025-04-08 09:00:00,536.0,541.1405
2025-04-08 10:00:00,563.0,533.3658
2025-04-08 11:00:00,628.0,557.4333
2025-04-08 12:00:00,620.0,594.0897
2025-04-08 13:00:00,709.0,629.1975
2025-04-08 14:00:00,674.0,674.5577
2025-04-08 15:00:00,742.0,743.8688
2025-04-08 16:00:00,864.0,847.9586
2025-04-08 17:00:00,904.0,886.6029
2025-04-08 18:00:00,643.0,627.2239
2025-04-08 19:00:00,491.0,416.90588
2025-04-08 20:00:00,309.0,312.5824
2025-04-08 21:00:00,277.0,250.1727
2025-04-08 22:00:00,115.0,176.09299
2025-04-08 23:00:00,47.0,127.25482
2025-04-09 00:00:00,20.0,91.43863
2025-04-09 01:00:00,13.0,72.16522
2025-04-09 02:00:00,14.0,61.43448
2025-04-09 03:00:00,25.0,58.958557
2025-04-09 04:00:00,40.0,101.036835
2025-04-09 05:00:00,387.0,426.22113
2025-04-09 06:00:00,1000.0,919.7031
2025-04-09 07:00:00,955.0,812.38403
2025-04-09 08:00:00,625.0,620.8478
2025-04-09 09:00:00,556.0,540.06354
2025-04-09 10:00:00,530.0,543.21155
2025-04-09 11:00:00,589.0,567.46985
2025-04-09 12:00:00,650.0,601.55286
2025-04-09 13:00:00,743.0,634.5292
2025-04-09 14:00:00,674.0,685.6601
2025-04-09 15:00:00,732.0,774.0044
2025-04-09 16:00:00,900.0,869.3696
2025-04-09 17:00:00,916.0,907.0759
2025-04-09 18:00:00,733.0,702.0598
2025-04-09 19:00:00,477.0,443.343
2025-04-09 20:00:00,327.0,321.53152
2025-04-09 21:00:00,270.0,236.13353
2025-04-09 22:00:00,142.0,159.35294
2025-04-09 23:00:00,43.0,114.174835
2025-04-10 00:00:00,24.0,96.60324
2025-04-10 01:00:00,11.0,75.44971
2025-04-10 02:00:00,13.0,61.820374
2025-04-10 03:00:00,25.0,57.929565
2025-04-10 04:00:00,63.0,86.82507
2025-04-10 05:00:00,363.0,412.19852
2025-04-10 06:00:00,1004.0,900.5654
2025-04-10 07:00:00,1019.0,759.1759
2025-04-10 08:00:00,577.0,599.30884
2025-04-10 09:00:00,576.0,549.4602
2025-04-10 10:00:00,564.0,566.67834
2025-04-10 11:00:00,630.0,594.7604
2025-04-10 12:00:00,656.0,628.8627
2025-04-10 13:00:00,730.0,673.0419
2025-04-10 14:00:00,677.0,730.23413
2025-04-10 15:00:00,812.0,826.7263
2025-04-10 16:00:00,943.0,914.53815
2025-04-10 17:00:00,964.0,944.5891
2025-04-10 18:00:00,665.0,823.889
2025-04-10 19:00:00,512.0,514.0673
2025-04-10 20:00:00,370.0,380.33868
2025-04-10 21:00:00,304.0,297.9251
2025-04-10 22:00:00,121.0,209.27571
2025-04-10 23:00:00,68.0,137.31812
2025-04-11 00:00:00,28.0,133.62619
2025-04-11 01:00:00,10.0,88.561646
2025-04-11 02:00:00,14.0,70.16272
2025-04-11 03:00:00,14.0,63.23355
2025-04-11 04:00:00,36.0,91.99347
2025-04-11 05:00:00,322.0,362.41852
2025-04-11 06:00:00,853.0,825.7652
2025-04-11 07:00:00,905.0,731.7003
2025-04-11 08:00:00,555.0,596.80817
2025-04-11 09:00:00,580.0,569.0544
2025-04-11 10:00:00,617.0,592.6236
2025-04-11 11:00:00,686.0,622.3677
2025-04-11 12:00:00,680.0,661.43335
2025-04-11 13:00:00,784.0,703.2015
2025-04-11 14:00:00,812.0,770.6709
2025-04-11 15:00:00,826.0,870.72156
2025-04-11 16:00:00,1018.0,932.95935
2025-04-11 17:00:00,883.0,947.81226
2025-04-11 18:00:00,777.0,859.90955
2025-04-11 19:00:00,460.0,607.63477
2025-04-11 20:00:00,420.0,453.46182
2025-04-11 21:00:00,426.0,371.59933
2025-04-11 22:00:00,303.0,290.6482
2025-04-11 23:00:00,209.0,208.00586
2025-04-12 00:00:00,113.0,195.02832
2025-04-12 01:00:00,72.0,138.2254
2025-04-12 02:00:00,40.0,111.62314
2025-04-12 03:00:00,36.0,94.708374
2025-04-12 04:00:00,47.0,88.957214
2025-04-12 05:00:00,106.0,100.66083
2025-04-12 06:00:00,186.0,191.11566
2025-04-12 07:00:00,350.0,347.94482
2025-04-12 08:00:00,509.0,495.4219
2025-04-12 09:00:00,647.0,607.4105
2025-04-12 10:00:00,711.0,657.37836
2025-04-12 11:00:00,743.0,695.4405
2025-04-12 12:00:00,739.0,725.6952
2025-04-12 13:00:00,759.0,764.0871
2025-04-12 14:00:00,934.0,807.9872
2025-04-12 15:00:00,867.0,862.81116
2025-04-12 16:00:00,987.0,885.83105
2025-04-12 17:00:00,1023.0,935.54047
2025-04-12 18:00:00,759.0,845.34546
2025-04-12 19:00:00,613.0,589.6981
2025-04-12 20:00:00,509.0,498.1301
2025-04-12 21:00:00,446.0,449.6069
2025-04-12 22:00:00,339.0,399.73422
2025-04-12 23:00:00,302.0,290.75214
2025-04-13 00:00:00,202.0,165.96045
2025-04-13 01:00:00,101.0,122.85193
2025-04-13 02:00:00,105.0,95.89261
2025-04-13 03:00:00,50.0,82.10718
2025-04-13 04:00:00,56.0,77.69006
2025-04-13 05:00:00,54.0,85.50058
2025-04-13 06:00:00,82.0,122.54538
2025-04-13 07:00:00,121.0,201.80392
2025-04-13 08:00:00,259.0,323.68622
2025-04-13 09:00:00,460.0,459.7099
2025-04-13 10:00:00,665.0,592.1874
2025-04-13 11:00:00,747.0,661.088
2025-04-13 12:00:00,790.0,710.9697
2025-04-13 13:00:00,833.0,779.214
2025-04-13 14:00:00,744.0,865.46747
2025-04-13 15:00:00,846.0,939.60095
2025-04-13 16:00:00,860.0,975.8917
2025-04-13 17:00:00,881.0,1001.06055
2025-04-13 18:00:00,724.0,857.78973
2025-04-13 19:00:00,607.0,729.4379
2025-04-13 20:00:00,593.0,603.40424
2025-04-13 21:00:00,462.0,509.88104
2025-04-13 22:00:00,291.0,388.40692
2025-04-13 23:00:00,161.0,249.11398
2025-04-14 00:00:00,84.0,110.61017
2025-04-14 01:00:00,28.0,88.885376
2025-04-14 02:00:00,24.0,79.434235
2025-04-14 03:00:00,37.0,73.679565
2025-04-14 04:00:00,91.0,117.98532
2025-04-14 05:00:00,382.0,464.91907
2025-04-14 06:00:00,986.0,930.93866
2025-04-14 07:00:00,993.0,877.239
2025-04-14 08:00:00,720.0,657.4076
2025-04-14 09:00:00,532.0,557.2058
2025-04-14 10:00:00,582.0,563.30426
2025-04-14 11:00:00,618.0,586.14343
2025-04-14 12:00:00,615.0,618.07324
2025-04-14 13:00:00,762.0,652.0443
2025-04-14 14:00:00,731.0,694.826
2025-04-14 15:00:00,713.0,762.94543
2025-04-14 16:00:00,830.0,870.39856
2025-04-14 17:00:00,986.0,863.41205
2025-04-14 18:00:00,672.0,668.2174
2025-04-14 19:00:00,474.0,470.3796
2025-04-14 20:00:00,353.0,355.9945
2025-04-14 21:00:00,285.0,289.77475
2025-04-14 22:00:00,149.0,221.70529
2025-04-14 23:00:00,97.0,152.86932
2025-04-15 00:00:00,37.0,99.28943
2025-04-15 01:00:00,21.0,79.143555
2025-04-15 02:00:00,23.0,67.40921
2025-04-15 03:00:00,26.0,67.63693
2025-04-15 04:00:00,66.0,111.79233
2025-04-15 05:00:00,396.0,466.68015
2025-04-15 06:00:00,1001.0,927.303
2025-04-15 07:00:00,968.0,873.5161
2025-04-15 08:00:00,570.0,671.28906
2025-04-15 09:00:00,488.0,538.27783
2025-04-15 10:00:00,566.0,540.87646
2025-04-15 11:00:00,619.0,572.38275
2025-04-15 12:00:00,646.0,606.93463
2025-04-15 13:00:00,744.0,637.4352
2025-04-15 14:00:00,655.0,682.646
2025-04-15 15:00:00,698.0,752.176
2025-04-15 16:00:00,816.0,859.236
2025-04-15 17:00:00,931.0,908.59863
2025-04-15 18:00:00,586.0,658.1762
2025-04-15 19:00:00,387.0,433.4178
2025-04-15 20:00:00,318.0,327.6093
2025-04-15 21:00:00,260.0,255.04015
2025-04-15 22:00:00,194.0,182.26248
2025-04-15 23:00:00,104.0,124.79346
2025-04-16 00:00:00,37.0,91.52963
2025-04-16 01:00:00,18.0,74.02426
2025-04-16 02:00:00,13.0,62.98221
2025-04-16 03:00:00,34.0,61.460022
2025-04-16 04:00:00,78.0,104.7612
2025-04-16 05:00:00,360.0,457.4351
2025-04-16 06:00:00,906.0,893.5079
2025-04-16 07:00:00,986.0,783.8679
2025-04-16 08:00:00,613.0,625.5596
2025-04-16 09:00:00,543.0,549.3041
2025-04-16 10:00:00,567.0,546.73364
2025-04-16 11:00:00,683.0,574.41736
2025-04-16 12:00:00,680.0,623.91595
2025-04-16 13:00:00,767.0,648.525
2025-04-16 14:00:00,780.0,672.22766
2025-04-16 15:00:00,740.0,726.69867
2025-04-16 16:00:00,702.0,824.7779
2025-04-16 17:00:00,860.0,872.71375
2025-04-16 18:00:00,595.0,677.64136
2025-04-16 19:00:00,446.0,432.18793
2025-04-16 20:00:00,257.0,308.77692
2025-04-16 21:00:00,224.0,242.67476
2025-04-16 22:00:00,148.0,157.84143
2025-04-16 23:00:00,131.0,122.79263
2025-04-17 00:00:00,23.0,100.09015
2025-04-17 01:00:00,54.0,78.39429
2025-04-17 02:00:00,66.0,73.34372
2025-04-17 03:00:00,46.0,64.873535
2025-04-17 04:00:00,75.0,113.52701
2025-04-17 05:00:00,360.0,477.54712
2025-04-17 06:00:00,893.0,894.0906
2025-04-17 07:00:00,886.0,756.12805
2025-04-17 08:00:00,597.0,595.0311
2025-04-17 09:00:00,541.0,529.31287
2025-04-17 10:00:00,514.0,551.39636
2025-04-17 11:00:00,655.0,595.3141
2025-04-17 12:00:00,634.0,626.5821
2025-04-17 13:00:00,744.0,658.8803
2025-04-17 14:00:00,711.0,690.49097
2025-04-17 15:00:00,772.0,765.6826
2025-04-17 16:00:00,879.0,864.0501
2025-04-17 17:00:00,784.0,882.9127
2025-04-17 18:00:00,740.0,694.0623
2025-04-17 19:00:00,569.0,466.32446
2025-04-17 20:00:00,363.0,354.83456
2025-04-17 21:00:00,279.0,292.65338
2025-04-17 22:00:00,219.0,203.52899
2025-04-17 23:00:00,150.0,138.1687
2025-04-18 00:00:00,80.0,114.95953
2025-04-18 01:00:00,40.0,99.35394
2025-04-18 02:00:00,41.0,89.938995
2025-04-18 03:00:00,32.0,82.22217
2025-04-18 04:00:00,49.0,76.36066
2025-04-18 05:00:00,59.0,73.10626
2025-04-18 06:00:00,115.0,88.17502
2025-04-18 07:00:00,161.0,114.22623
2025-04-18 08:00:00,255.0,183.63907
2025-04-18 09:00:00,432.0,251.99963
2025-04-18 10:00:00,493.0,307.9854
2025-04-18 11:00:00,560.0,356.37866
2025-04-18 12:00:00,517.0,395.00778
2025-04-18 13:00:00,583.0,419.47083
2025-04-18 14:00:00,659.0,434.82556
2025-04-18 15:00:00,595.0,437.5553
2025-04-18 16:00:00,726.0,460.30243
2025-04-18 17:00:00,669.0,451.39877
2025-04-18 18:00:00,654.0,368.84583
2025-04-18 19:00:00,470.0,303.20255
2025-04-18 20:00:00,379.0,257.34534
2025-04-18 21:00:00,311.0,204.87234
2025-04-18 22:00:00,241.0,160.64429
2025-04-18 23:00:00,137.0,137.08011
2025-04-19 00:00:00,105.0,191.28503
2025-04-19 01:00:00,68.0,135.22723
2025-04-19 02:00:00,42.0,108.65317
2025-04-19 03:00:00,57.0,92.79999
2025-04-19 04:00:00,53.0,89.144684
2025-04-19 05:00:00,100.0,99.37164
2025-04-19 06:00:00,161.0,139.22882
2025-04-19 07:00:00,295.0,256.12158
2025-04-19 08:00:00,469.0,481.08078
2025-04-19 09:00:00,622.0,602.1693
2025-04-19 10:00:00,697.0,654.2556
2025-04-19 11:00:00,675.0,692.6362
2025-04-19 12:00:00,643.0,721.8479
2025-04-19 13:00:00,596.0,763.2305
2025-04-19 14:00:00,649.0,830.29834
2025-04-19 15:00:00,658.0,907.9326
2025-04-19 16:00:00,766.0,954.3086
2025-04-19 17:00:00,806.0,955.0041
2025-04-19 18:00:00,723.0,781.5683
2025-04-19 19:00:00,580.0,615.1571
2025-04-19 20:00:00,492.0,503.89935
2025-04-19 21:00:00,373.0,450.75848
2025-04-19 22:00:00,353.0,399.6958
2025-04-19 23:00:00,210.0,289.27466
2025-04-20 00:00:00,127.0,166.65402
2025-04-20 01:00:00,65.0,123.723694
2025-04-20 02:00:00,57.0,96.14636
2025-04-20 03:00:00,43.0,82.109406
2025-04-20 04:00:00,42.0,77.1525
2025-04-20 05:00:00,52.0,82.24716
2025-04-20 06:00:00,81.0,114.22586
2025-04-20 07:00:00,121.0,169.44113
2025-04-20 08:00:00,264.0,285.49686
2025-04-20 09:00:00,485.0,418.63214
2025-04-20 10:00:00,674.0,591.16473
2025-04-20 11:00:00,702.0,656.87024
2025-04-20 12:00:00,588.0,678.61194
2025-04-20 13:00:00,661.0,708.46405
2025-04-20 14:00:00,621.0,834.34106
2025-04-20 15:00:00,654.0,942.1311
2025-04-20 16:00:00,653.0,1007.105
2025-04-20 17:00:00,628.0,938.7398
2025-04-20 18:00:00,507.0,821.0374
2025-04-20 19:00:00,514.0,681.7806
2025-04-20 20:00:00,524.0,560.234
2025-04-20 21:00:00,540.0,469.10123
2025-04-20 22:00:00,471.0,357.02118
2025-04-20 23:00:00,282.0,243.11597
2025-04-21 00:00:00,183.0,218.89645
2025-04-21 01:00:00,165.0,162.95013
2025-04-21 02:00:00,127.0,132.7024
2025-04-21 03:00:00,80.0,114.54419
2025-04-21 04:00:00,71.0,108.101685
2025-04-21 05:00:00,101.0,114.36362
2025-04-21 06:00:00,148.0,151.92987
2025-04-21 07:00:00,188.0,243.50932
2025-04-21 08:00:00,357.0,361.68494
2025-04-21 09:00:00,574.0,537.6008
2025-04-21 10:00:00,707.0,621.3212
2025-04-21 11:00:00,676.0,686.66876
2025-04-21 12:00:00,632.0,741.0436
2025-04-21 13:00:00,724.0,776.3336
2025-04-21 14:00:00,743.0,810.4461
2025-04-21 15:00:00,807.0,865.34186
2025-04-21 16:00:00,774.0,878.17957
2025-04-21 17:00:00,780.0,909.82544
2025-04-21 18:00:00,586.0,781.4176
2025-04-21 19:00:00,514.0,686.8149
2025-04-21 20:00:00,470.0,609.79095
2025-04-21 21:00:00,374.0,513.0071
2025-04-21 22:00:00,348.0,403.92117
2025-04-21 23:00:00,411.0,317.3944
2025-04-22 00:00:00,294.0,100.52066
2025-04-22 01:00:00,105.0,78.06836
2025-04-22 02:00:00,59.0,67.052124
2025-04-22 03:00:00,61.0,64.44385
2025-04-22 04:00:00,110.0,103.23056
2025-04-22 05:00:00,394.0,432.93213
2025-04-22 06:00:00,984.0,938.2624
2025-04-22 07:00:00,1036.0,880.5032
2025-04-22 08:00:00,677.0,642.1554
2025-04-22 09:00:00,651.0,546.3052
2025-04-22 10:00:00,664.0,548.81757
2025-04-22 11:00:00,628.0,571.5989
2025-04-22 12:00:00,713.0,604.8989
2025-04-22 13:00:00,756.0,637.8404
2025-04-22 14:00:00,671.0,682.3981
2025-04-22 15:00:00,685.0,750.8987
2025-04-22 16:00:00,961.0,862.40186
2025-04-22 17:00:00,901.0,866.1355
2025-04-22 18:00:00,717.0,656.60547
2025-04-22 19:00:00,536.0,432.62088
2025-04-22 20:00:00,442.0,323.4569
2025-04-22 21:00:00,449.0,255.54
2025-04-22 22:00:00,297.0,181.30261
2025-04-22 23:00:00,191.0,125.64206
2025-04-23 00:00:00,73.0,91.33057
2025-04-23 01:00:00,44.0,73.74982
2025-04-23 02:00:00,39.0,62.8584
2025-04-23 03:00:00,44.0,59.10092
2025-04-23 04:00:00,75.0,100.89618
2025-04-23 05:00:00,381.0,496.4028
2025-04-23 06:00:00,950.0,892.97235
2025-04-23 07:00:00,936.0,784.8355
2025-04-23 08:00:00,613.0,616.0338
2025-04-23 09:00:00,592.0,548.8367
2025-04-23 10:00:00,551.0,556.2104
2025-04-23 11:00:00,686.0,578.90173
2025-04-23 12:00:00,670.0,609.23065
2025-04-23 13:00:00,729.0,644.1914
2025-04-23 14:00:00,726.0,695.87225
2025-04-23 15:00:00,726.0,751.8178
2025-04-23 16:00:00,953.0,840.30927
2025-04-23 17:00:00,919.0,845.85046
2025-04-23 18:00:00,685.0,682.5859
2025-04-23 19:00:00,510.0,471.8062
2025-04-23 20:00:00,351.0,361.7558
2025-04-23 21:00:00,240.0,194.92722
2025-04-23 22:00:00,213.0,162.7214
2025-04-23 23:00:00,107.0,114.99744
2025-04-24 00:00:00,25.0,100.15912
2025-04-24 01:00:00,61.0,75.381195
2025-04-24 02:00:00,50.0,63.07135
2025-04-24 03:00:00,52.0,60.227203
2025-04-24 04:00:00,72.0,94.558075
2025-04-24 05:00:00,367.0,428.5892
2025-04-24 06:00:00,928.0,893.3866
2025-04-24 07:00:00,981.0,803.28723
2025-04-24 08:00:00,614.0,610.8754
2025-04-24 09:00:00,573.0,537.0853
2025-04-24 10:00:00,586.0,560.2849
2025-04-24 11:00:00,678.0,604.21985
2025-04-24 12:00:00,732.0,640.6186
2025-04-24 13:00:00,787.0,668.76855
2025-04-24 14:00:00,714.0,696.9946
2025-04-24 15:00:00,734.0,777.58575
2025-04-24 16:00:00,905.0,872.0413
2025-04-24 17:00:00,885.0,894.3026
2025-04-24 18:00:00,707.0,724.12115
2025-04-24 19:00:00,447.0,500.60928
2025-04-24 20:00:00,350.0,369.4809
2025-04-24 21:00:00,411.0,299.56433
2025-04-24 22:00:00,315.0,213.51149
2025-04-24 23:00:00,162.0,139.34753
2025-04-25 00:00:00,83.0,134.7782
2025-04-25 01:00:00,41.0,91.83981
2025-04-25 02:00:00,27.0,72.872284
2025-04-25 03:00:00,45.0,76.15579
2025-04-25 04:00:00,70.0,165.4159
2025-04-25 05:00:00,348.0,428.05826
2025-04-25 06:00:00,833.0,836.07196
2025-04-25 07:00:00,834.0,764.76025
2025-04-25 08:00:00,617.0,589.49384
2025-04-25 09:00:00,601.0,548.6753
2025-04-25 10:00:00,669.0,580.307
2025-04-25 11:00:00,751.0,617.6638
2025-04-25 12:00:00,650.0,650.9004
2025-04-25 13:00:00,780.0,688.5824
2025-04-25 14:00:00,794.0,747.4598
2025-04-25 15:00:00,802.0,835.6351
2025-04-25 16:00:00,931.0,929.1791
2025-04-25 17:00:00,828.0,945.97144
2025-04-25 18:00:00,783.0,768.6006
2025-04-25 19:00:00,659.0,565.02026
2025-04-25 20:00:00,544.0,433.6982
2025-04-25 21:00:00,484.0,367.88937
2025-04-25 22:00:00,415.0,296.9812
2025-04-25 23:00:00,332.0,212.08412
2025-04-26 00:00:00,176.0,196.01813
2025-04-26 01:00:00,83.0,138.4562
2025-04-26 02:00:00,72.0,112.09189
2025-04-26 03:00:00,76.0,95.34274
2025-04-26 04:00:00,91.0,90.084625
2025-04-26 05:00:00,128.0,102.0939
2025-04-26 06:00:00,217.0,154.24066
2025-04-26 07:00:00,392.0,278.59106
2025-04-26 08:00:00,541.0,428.48203
2025-04-26 09:00:00,727.0,576.14966
2025-04-26 10:00:00,746.0,655.97644
2025-04-26 11:00:00,736.0,690.1655
2025-04-26 12:00:00,695.0,715.30615
2025-04-26 13:00:00,763.0,757.0792
2025-04-26 14:00:00,777.0,816.429
2025-04-26 15:00:00,752.0,863.44403
2025-04-26 16:00:00,766.0,884.89325
2025-04-26 17:00:00,838.0,817.0956
2025-04-26 18:00:00,730.0,702.84717
2025-04-26 19:00:00,577.0,570.5824
2025-04-26 20:00:00,554.0,489.07657
2025-04-26 21:00:00,615.0,445.06287
2025-04-26 22:00:00,542.0,392.33383
2025-04-26 23:00:00,338.0,285.5256
2025-04-27 00:00:00,244.0,167.33704
2025-04-27 01:00:00,207.0,124.42822
2025-04-27 02:00:00,107.0,97.00168
2025-04-27 03:00:00,108.0,82.01953
2025-04-27 04:00:00,71.0,76.90079
2025-04-27 05:00:00,87.0,81.8869
2025-04-27 06:00:00,128.0,110.390656
2025-04-27 07:00:00,176.0,166.64139
2025-04-27 08:00:00,391.0,286.2328
2025-04-27 09:00:00,525.0,452.4433
2025-04-27 10:00:00,663.0,559.72174
2025-04-27 11:00:00,686.0,647.0173
2025-04-27 12:00:00,618.0,693.7239
2025-04-27 13:00:00,742.0,749.9508
2025-04-27 14:00:00,735.0,858.0967
2025-04-27 15:00:00,795.0,965.268
2025-04-27 16:00:00,943.0,1025.8628
2025-04-27 17:00:00,959.0,1006.30676
2025-04-27 18:00:00,843.0,866.1663
2025-04-27 19:00:00,694.0,734.42236
2025-04-27 20:00:00,654.0,604.5806
2025-04-27 21:00:00,567.0,508.42914
2025-04-27 22:00:00,344.0,385.32318
2025-04-27 23:00:00,235.0,248.34163
2025-04-28 00:00:00,141.0,112.07312
2025-04-28 01:00:00,76.0,90.45126
2025-04-28 02:00:00,57.0,74.421814
2025-04-28 03:00:00,69.0,70.75079
2025-04-28 04:00:00,104.0,104.123474
2025-04-28 05:00:00,376.0,489.0787
2025-04-28 06:00:00,918.0,888.5482
2025-04-28 07:00:00,936.0,765.1605
2025-04-28 08:00:00,648.0,615.0511
2025-04-28 09:00:00,550.0,558.6002
2025-04-28 10:00:00,643.0,566.0893
2025-04-28 11:00:00,623.0,589.4053
2025-04-28 12:00:00,611.0,623.64453
2025-04-28 13:00:00,765.0,657.1218
2025-04-28 14:00:00,775.0,698.4164
2025-04-28 15:00:00,779.0,766.59656
2025-04-28 16:00:00,984.0,869.57776
2025-04-28 17:00:00,956.0,911.7572
2025-04-28 18:00:00,731.0,790.1251
2025-04-28 19:00:00,458.0,483.75687
2025-04-28 20:00:00,366.0,371.33667
2025-04-28 21:00:00,311.0,293.1975
2025-04-28 22:00:00,233.0,223.07124
2025-04-28 23:00:00,119.0,154.03387
2025-04-29 00:00:00,71.0,99.7655
2025-04-29 01:00:00,32.0,79.279816
2025-04-29 02:00:00,28.0,67.53546
2025-04-29 03:00:00,42.0,64.964325
2025-04-29 04:00:00,66.0,103.111694
2025-04-29 05:00:00,331.0,539.32605
2025-04-29 06:00:00,924.0,899.77795
2025-04-29 07:00:00,967.0,793.5504
2025-04-29 08:00:00,620.0,625.04224
2025-04-29 09:00:00,595.0,549.7943
2025-04-29 10:00:00,567.0,556.67224
2025-04-29 11:00:00,599.0,582.8115
2025-04-29 12:00:00,592.0,614.41534
2025-04-29 13:00:00,687.0,647.46814
2025-04-29 14:00:00,652.0,692.0242
2025-04-29 15:00:00,724.0,761.93494
2025-04-29 16:00:00,951.0,870.9392
2025-04-29 17:00:00,968.0,925.3279
2025-04-29 18:00:00,754.0,809.9105
2025-04-29 19:00:00,511.0,469.175
2025-04-29 20:00:00,333.0,349.21964
2025-04-29 21:00:00,247.0,265.0196
2025-04-29 22:00:00,185.0,190.19073
2025-04-29 23:00:00,111.0,125.15735
2025-04-30 00:00:00,60.0,91.86655
2025-04-30 01:00:00,38.0,74.40335
2025-04-30 02:00:00,24.0,63.303345
2025-04-30 03:00:00,49.0,60.73239
2025-04-30 04:00:00,78.0,104.37579
2025-04-30 05:00:00,345.0,532.9067
2025-04-30 06:00:00,902.0,887.4829
2025-04-30 07:00:00,899.0,783.6886
2025-04-30 08:00:00,640.0,621.2345
2025-04-30 09:00:00,573.0,554.0679
2025-04-30 10:00:00,578.0,562.0644
2025-04-30 11:00:00,636.0,587.62195
2025-04-30 12:00:00,647.0,616.4088
2025-04-30 13:00:00,751.0,654.82916
2025-04-30 14:00:00,703.0,706.7377
2025-04-30 15:00:00,751.0,790.4414
2025-04-30 16:00:00,913.0,891.91724
2025-04-30 17:00:00,949.0,937.3469
2025-04-30 18:00:00,710.0,875.183
2025-04-30 19:00:00,641.0,490.00314
2025-04-30 20:00:00,389.0,345.5084
2025-04-30 21:00:00,335.0,264.6984
2025-04-30 22:00:00,294.0,174.05353
2025-04-30 23:00:00,112.0,114.99194
2025-05-01 00:00:00,33.0,155.736
2025-05-01 01:00:00,52.0,124.144226
2025-05-01 02:00:00,65.0,112.79785
2025-05-01 03:00:00,35.0,119.72473
2025-05-01 04:00:00,74.0,143.03055
2025-05-01 05:00:00,287.0,235.33066
2025-05-01 06:00:00,861.0,438.99454
2025-05-01 07:00:00,758.0,487.71277
2025-05-01 08:00:00,561.0,563.3657
2025-05-01 09:00:00,721.0,620.39886
2025-05-01 10:00:00,711.0,678.26385
2025-05-01 11:00:00,682.0,726.4099
2025-05-01 12:00:00,687.0,764.96594
2025-05-01 13:00:00,727.0,798.7742
2025-05-01 14:00:00,799.0,830.2405
2025-05-01 15:00:00,969.0,863.1033
2025-05-01 16:00:00,1253.0,884.7949
2025-05-01 17:00:00,1356.0,876.0469
2025-05-01 18:00:00,1038.0,819.2869
2025-05-01 19:00:00,708.0,664.9018
2025-05-01 20:00:00,541.0,523.8397
2025-05-01 21:00:00,439.0,393.05984
2025-05-01 22:00:00,243.0,287.7593
2025-05-01 23:00:00,171.0,219.69897
2025-05-02 00:00:00,101.0,141.81506
2025-05-02 01:00:00,49.0,93.927734
2025-05-02 02:00:00,39.0,74.17209
2025-05-02 03:00:00,50.0,69.0231
2025-05-02 04:00:00,84.0,107.35693
2025-05-02 05:00:00,314.0,488.50308
2025-05-02 06:00:00,785.0,814.7947
2025-05-02 07:00:00,732.0,742.78876
2025-05-02 08:00:00,579.0,628.9451
2025-05-02 09:00:00,600.0,597.8352
2025-05-02 10:00:00,711.0,611.5568
2025-05-02 11:00:00,732.0,645.20416
2025-05-02 12:00:00,670.0,688.34375
2025-05-02 13:00:00,787.0,729.0952
2025-05-02 14:00:00,811.0,795.2262
2025-05-02 15:00:00,922.0,879.86035
2025-05-02 16:00:00,844.0,940.0736
2025-05-02 17:00:00,1137.0,931.99506
2025-05-02 18:00:00,878.0,853.7986
2025-05-02 19:00:00,722.0,661.1155
2025-05-02 20:00:00,614.0,488.53882
2025-05-02 21:00:00,527.0,382.34473
2025-05-02 22:00:00,416.0,288.66772
2025-05-02 23:00:00,277.0,209.08693
2025-05-03 00:00:00,179.0,203.93628
2025-05-03 01:00:00,113.0,150.76364
2025-05-03 02:00:00,69.0,120.31183
2025-05-03 03:00:00,68.0,102.831696
2025-05-03 04:00:00,71.0,101.63376
2025-05-03 05:00:00,111.0,117.683624
2025-05-03 06:00:00,204.0,197.92957
2025-05-03 07:00:00,374.0,333.3061
2025-05-03 08:00:00,531.0,480.0388
2025-05-03 09:00:00,707.0,609.97516
2025-05-03 10:00:00,785.0,673.78625
2025-05-03 11:00:00,738.0,700.7624
2025-05-03 12:00:00,561.0,720.2869
2025-05-03 13:00:00,600.0,759.7854
2025-05-03 14:00:00,621.0,811.8251
2025-05-03 15:00:00,691.0,872.4144
2025-05-03 16:00:00,670.0,902.084
2025-05-03 17:00:00,722.0,931.6472
2025-05-03 18:00:00,593.0,761.88116
2025-05-03 19:00:00,492.0,615.02203
2025-05-03 20:00:00,554.0,500.5031
2025-05-03 21:00:00,555.0,447.62253
2025-05-03 22:00:00,563.0,401.97968
2025-05-03 23:00:00,555.0,302.5958
2025-05-04 00:00:00,378.0,172.89075
2025-05-04 01:00:00,213.0,122.44858
2025-05-04 02:00:00,148.0,95.85867
2025-05-04 03:00:00,109.0,79.608215
2025-05-04 04:00:00,103.0,79.0376
2025-05-04 05:00:00,94.0,84.704254
2025-05-04 06:00:00,137.0,126.624725
2025-05-04 07:00:00,247.0,185.68271
2025-05-04 08:00:00,448.0,300.76764
2025-05-04 09:00:00,551.0,441.80383
2025-05-04 10:00:00,683.0,595.8673
2025-05-04 11:00:00,714.0,603.1018
2025-05-04 12:00:00,654.0,686.9276
2025-05-04 13:00:00,622.0,768.13556
2025-05-04 14:00:00,636.0,774.5734
2025-05-04 15:00:00,747.0,815.22156
2025-05-04 16:00:00,853.0,904.55835
2025-05-04 17:00:00,819.0,874.19604
2025-05-04 18:00:00,713.0,773.0403
2025-05-04 19:00:00,532.0,646.4381
2025-05-04 20:00:00,510.0,546.0771
2025-05-04 21:00:00,469.0,437.72516
2025-05-04 22:00:00,439.0,353.42047
2025-05-04 23:00:00,404.0,252.36087
2025-05-05 00:00:00,356.0,109.000916
2025-05-05 01:00:00,363.0,91.260956
2025-05-05 02:00:00,300.0,75.6611
2025-05-05 03:00:00,95.0,90.051636
2025-05-05 04:00:00,142.0,182.73648
2025-05-05 05:00:00,435.0,509.85965
2025-05-05 06:00:00,976.0,961.1002
2025-05-05 07:00:00,932.0,887.1924
2025-05-05 08:00:00,579.0,705.31555
2025-05-05 09:00:00,539.0,558.78925
2025-05-05 10:00:00,463.0,530.4362
2025-05-05 11:00:00,577.0,571.68933
2025-05-05 12:00:00,438.0,604.678
2025-05-05 13:00:00,693.0,629.10974
2025-05-05 14:00:00,709.0,665.5586
2025-05-05 15:00:00,556.0,707.8067
2025-05-05 16:00:00,830.0,781.65155
2025-05-05 17:00:00,824.0,822.371
2025-05-05 18:00:00,599.0,626.69305
2025-05-05 19:00:00,441.0,461.10193
2025-05-05 20:00:00,416.0,344.8525
2025-05-05 21:00:00,385.0,281.51346
2025-05-05 22:00:00,355.0,206.7923
2025-05-05 23:00:00,172.0,144.7485
2025-05-06 00:00:00,114.0,98.23642
2025-05-06 01:00:00,62.0,75.72345
2025-05-06 02:00:00,68.0,64.73151
2025-05-06 03:00:00,76.0,70.49176
2025-05-06 04:00:00,113.0,123.82544
2025-05-06 05:00:00,353.0,546.91296
2025-05-06 06:00:00,902.0,955.0852
2025-05-06 07:00:00,925.0,884.70374
2025-05-06 08:00:00,540.0,618.75555
2025-05-06 09:00:00,534.0,521.74506
2025-05-06 10:00:00,525.0,529.2676
2025-05-06 11:00:00,594.0,563.5157
2025-05-06 12:00:00,597.0,598.2798
2025-05-06 13:00:00,652.0,627.9296
2025-05-06 14:00:00,624.0,658.95404
2025-05-06 15:00:00,639.0,711.2631
2025-05-06 16:00:00,764.0,814.8097
2025-05-06 17:00:00,841.0,857.7427
2025-05-06 18:00:00,574.0,624.57697
2025-05-06 19:00:00,386.0,426.0288
2025-05-06 20:00:00,304.0,326.66547
2025-05-06 21:00:00,290.0,258.3175
2025-05-06 22:00:00,295.0,179.56311
2025-05-06 23:00:00,183.0,125.35898
2025-05-07 00:00:00,112.0,87.74707
2025-05-07 01:00:00,71.0,70.982025
2025-05-07 02:00:00,132.0,60.329468
2025-05-07 03:00:00,194.0,57.28952
2025-05-07 04:00:00,120.0,99.71823
2025-05-07 05:00:00,340.0,440.04694
2025-05-07 06:00:00,890.0,936.3683
2025-05-07 07:00:00,915.0,850.3545
2025-05-07 08:00:00,613.0,626.4835
2025-05-07 09:00:00,509.0,522.6974
2025-05-07 10:00:00,546.0,542.1642
2025-05-07 11:00:00,567.0,582.76715
2025-05-07 12:00:00,581.0,619.881
2025-05-07 13:00:00,681.0,646.551
2025-05-07 14:00:00,656.0,660.6123
2025-05-07 15:00:00,688.0,717.57794
2025-05-07 16:00:00,867.0,822.4796
2025-05-07 17:00:00,863.0,820.07
2025-05-07 18:00:00,629.0,679.5342
2025-05-07 19:00:00,405.0,445.9744
2025-05-07 20:00:00,283.0,327.17813
2025-05-07 21:00:00,302.0,249.22902
2025-05-07 22:00:00,218.0,166.68967
2025-05-07 23:00:00,234.0,114.223145
2025-05-08 00:00:00,36.0,95.405334
2025-05-08 01:00:00,105.0,74.384094
2025-05-08 02:00:00,48.0,63.198425
2025-05-08 03:00:00,76.0,60.379974
2025-05-08 04:00:00,99.0,87.15799
2025-05-08 05:00:00,336.0,416.3791
2025-05-08 06:00:00,915.0,901.4612
2025-05-08 07:00:00,911.0,798.81396
2025-05-08 08:00:00,611.0,603.82336
2025-05-08 09:00:00,571.0,535.828
2025-05-08 10:00:00,601.0,556.5998
2025-05-08 11:00:00,591.0,600.9863
2025-05-08 12:00:00,616.0,639.53723
2025-05-08 13:00:00,706.0,667.5657
2025-05-08 14:00:00,736.0,701.6017
2025-05-08 15:00:00,657.0,784.41284
2025-05-08 16:00:00,832.0,878.09717
2025-05-08 17:00:00,858.0,905.641
2025-05-08 18:00:00,618.0,749.91235
2025-05-08 19:00:00,388.0,522.827
2025-05-08 20:00:00,282.0,385.35037
2025-05-08 21:00:00,350.0,308.48425
2025-05-08 22:00:00,329.0,221.05385
2025-05-08 23:00:00,182.0,143.15909
2025-05-09 00:00:00,103.0,140.10464
2025-05-09 01:00:00,52.0,90.394226
2025-05-09 02:00:00,60.0,70.553986
2025-05-09 03:00:00,54.0,64.173645
2025-05-09 04:00:00,97.0,95.14575
2025-05-09 05:00:00,316.0,356.63757
2025-05-09 06:00:00,823.0,851.5718
2025-05-09 07:00:00,798.0,729.6391
2025-05-09 08:00:00,577.0,582.00116
2025-05-09 09:00:00,549.0,545.9081
2025-05-09 10:00:00,627.0,569.09735
2025-05-09 11:00:00,668.0,613.37476
2025-05-09 12:00:00,691.0,661.84314
2025-05-09 13:00:00,699.0,692.82477
2025-05-09 14:00:00,785.0,753.3267
2025-05-09 15:00:00,796.0,830.1555
2025-05-09 16:00:00,874.0,895.8533
2025-05-09 17:00:00,889.0,893.9429
2025-05-09 18:00:00,622.0,764.64246
2025-05-09 19:00:00,443.0,569.29877
2025-05-09 20:00:00,327.0,438.70514
2025-05-09 21:00:00,316.0,368.21988
2025-05-09 22:00:00,269.0,298.44043
2025-05-09 23:00:00,229.0,213.94955
2025-05-10 00:00:00,100.0,195.3959
2025-05-10 01:00:00,70.0,137.30676
2025-05-10 02:00:00,42.0,109.93353
2025-05-10 03:00:00,31.0,93.68158
2025-05-10 04:00:00,48.0,88.87106
2025-05-10 05:00:00,92.0,107.21625
2025-05-10 06:00:00,208.0,214.66734
2025-05-10 07:00:00,354.0,345.68512
2025-05-10 08:00:00,534.0,493.77798
2025-05-10 09:00:00,678.0,615.13513
2025-05-10 10:00:00,680.0,665.8849
2025-05-10 11:00:00,679.0,698.4425
2025-05-10 12:00:00,735.0,724.3855
2025-05-10 13:00:00,770.0,762.9834
2025-05-10 14:00:00,822.0,834.4608
2025-05-10 15:00:00,852.0,910.344
2025-05-10 16:00:00,882.0,952.702
2025-05-10 17:00:00,886.0,960.2512
2025-05-10 18:00:00,756.0,898.3321
2025-05-10 19:00:00,557.0,647.03107
2025-05-10 20:00:00,516.0,486.58838
2025-05-10 21:00:00,411.0,443.07623
2025-05-10 22:00:00,348.0,399.23175
2025-05-10 23:00:00,251.0,295.7256
2025-05-11 00:00:00,185.0,169.42114
2025-05-11 01:00:00,136.0,124.62448
2025-05-11 02:00:00,86.0,95.315765
2025-05-11 03:00:00,57.0,79.03525
2025-05-11 04:00:00,62.0,73.70621
2025-05-11 05:00:00,86.0,85.92401
2025-05-11 06:00:00,142.0,152.95505
2025-05-11 07:00:00,157.0,222.99467
2025-05-11 08:00:00,280.0,325.42004
2025-05-11 09:00:00,519.0,471.54315
2025-05-11 10:00:00,614.0,599.527
2025-05-11 11:00:00,721.0,664.3008
2025-05-11 12:00:00,627.0,709.8225
2025-05-11 13:00:00,799.0,776.7788
2025-05-11 14:00:00,850.0,878.313
2025-05-11 15:00:00,1056.0,976.3375
2025-05-11 16:00:00,1255.0,1034.8129
2025-05-11 17:00:00,1186.0,1043.3755
2025-05-11 18:00:00,704.0,986.32935
2025-05-11 19:00:00,535.0,777.93604
2025-05-11 20:00:00,360.0,608.76416
2025-05-11 21:00:00,382.0,503.04324
2025-05-11 22:00:00,408.0,386.4967
2025-05-11 23:00:00,352.0,257.74548
2025-05-12 00:00:00,111.0,110.18741
2025-05-12 01:00:00,58.0,86.65607
2025-05-12 02:00:00,41.0,72.70651
2025-05-12 03:00:00,37.0,73.56311
2025-05-12 04:00:00,94.0,115.70215
2025-05-12 05:00:00,431.0,399.2376
2025-05-12 06:00:00,981.0,918.9568
2025-05-12 07:00:00,1068.0,833.42346
2025-05-12 08:00:00,680.0,677.6572
2025-05-12 09:00:00,546.0,550.2936
2025-05-12 10:00:00,570.0,548.14484
2025-05-12 11:00:00,621.0,581.3426
2025-05-12 12:00:00,635.0,617.7356
2025-05-12 13:00:00,732.0,652.3279
2025-05-12 14:00:00,693.0,696.24927
2025-05-12 15:00:00,706.0,776.18384
2025-05-12 16:00:00,824.0,814.5488
2025-05-12 17:00:00,903.0,819.62537
2025-05-12 18:00:00,592.0,637.67505
2025-05-12 19:00:00,447.0,443.04666
2025-05-12 20:00:00,314.0,342.0634
2025-05-12 21:00:00,219.0,282.5333
2025-05-12 22:00:00,194.0,211.74132
2025-05-12 23:00:00,115.0,151.94269
2025-05-13 00:00:00,38.0,96.896576
2025-05-13 01:00:00,28.0,76.25598
2025-05-13 02:00:00,24.0,65.12503
2025-05-13 03:00:00,33.0,60.966827
2025-05-13 04:00:00,73.0,98.53354
2025-05-13 05:00:00,393.0,422.6557
2025-05-13 06:00:00,1025.0,932.41626
2025-05-13 07:00:00,1020.0,867.6376
2025-05-13 08:00:00,638.0,656.6588
2025-05-13 09:00:00,528.0,545.7726
2025-05-13 10:00:00,522.0,548.1224
2025-05-13 11:00:00,604.0,574.4809
2025-05-13 12:00:00,567.0,615.2591
2025-05-13 13:00:00,559.0,642.3718
2025-05-13 14:00:00,657.0,674.9403
2025-05-13 15:00:00,701.0,738.49725
2025-05-13 16:00:00,849.0,879.4371
2025-05-13 17:00:00,818.0,871.19763
2025-05-13 18:00:00,586.0,662.102
2025-05-13 19:00:00,395.0,458.28525
2025-05-13 20:00:00,274.0,348.15936
2025-05-13 21:00:00,259.0,262.75488
2025-05-13 22:00:00,163.0,183.92618
2025-05-13 23:00:00,98.0,124.8302
2025-05-14 00:00:00,44.0,88.41879
2025-05-14 01:00:00,24.0,71.59415
2025-05-14 02:00:00,17.0,61.04471
2025-05-14 03:00:00,27.0,58.15335
2025-05-14 04:00:00,80.0,99.197266
2025-05-14 05:00:00,406.0,599.273
2025-05-14 06:00:00,961.0,892.084
2025-05-14 07:00:00,998.0,786.3176
2025-05-14 08:00:00,653.0,612.74255
2025-05-14 09:00:00,504.0,549.44403
2025-05-14 10:00:00,484.0,559.4629
2025-05-14 11:00:00,522.0,583.028
2025-05-14 12:00:00,520.0,612.38184
2025-05-14 13:00:00,589.0,648.7593
2025-05-14 14:00:00,518.0,700.798
2025-05-14 15:00:00,597.0,788.04443
2025-05-14 16:00:00,811.0,897.9645
2025-05-14 17:00:00,983.0,939.241
2025-05-14 18:00:00,638.0,866.6487
2025-05-14 19:00:00,489.0,517.0195
2025-05-14 20:00:00,335.0,347.00513
2025-05-14 21:00:00,300.0,268.4911
2025-05-14 22:00:00,188.0,170.95547
2025-05-14 23:00:00,113.0,113.80032
2025-05-15 00:00:00,22.0,94.50748
2025-05-15 01:00:00,32.0,74.71799
2025-05-15 02:00:00,27.0,64.42685
2025-05-15 03:00:00,35.0,61.328766
2025-05-15 04:00:00,85.0,89.5278
2025-05-15 05:00:00,399.0,537.4255
2025-05-15 06:00:00,968.0,848.62537
2025-05-15 07:00:00,985.0,768.95123
2025-05-15 08:00:00,630.0,624.04895
2025-05-15 09:00:00,527.0,566.5545
2025-05-15 10:00:00,613.0,588.4032
2025-05-15 11:00:00,593.0,614.2476
2025-05-15 12:00:00,618.0,649.841
2025-05-15 13:00:00,670.0,691.7186
2025-05-15 14:00:00,679.0,748.3194
2025-05-15 15:00:00,872.0,817.56555
2025-05-15 16:00:00,1000.0,892.5687
2025-05-15 17:00:00,951.0,918.989
2025-05-15 18:00:00,612.0,782.1516
2025-05-15 19:00:00,486.0,550.60254
2025-05-15 20:00:00,327.0,405.24835
2025-05-15 21:00:00,264.0,317.65973
2025-05-15 22:00:00,199.0,228.84035
2025-05-15 23:00:00,90.0,145.44711
2025-05-16 00:00:00,51.0,140.89517
2025-05-16 01:00:00,30.0,90.94394
2025-05-16 02:00:00,20.0,71.04773
2025-05-16 03:00:00,30.0,64.371
2025-05-16 04:00:00,83.0,90.53137
2025-05-16 05:00:00,355.0,522.89056
2025-05-16 06:00:00,849.0,816.583
2025-05-16 07:00:00,888.0,743.8878
2025-05-16 08:00:00,632.0,611.6467
2025-05-16 09:00:00,515.0,577.86066
2025-05-16 10:00:00,623.0,597.43604
2025-05-16 11:00:00,654.0,625.7642
2025-05-16 12:00:00,700.0,664.0164
2025-05-16 13:00:00,822.0,702.58765
2025-05-16 14:00:00,825.0,768.4138
2025-05-16 15:00:00,925.0,874.88293
2025-05-16 16:00:00,1084.0,937.1894
2025-05-16 17:00:00,1055.0,932.87085
2025-05-16 18:00:00,778.0,788.1682
2025-05-16 19:00:00,615.0,597.73816
2025-05-16 20:00:00,458.0,458.43265
2025-05-16 21:00:00,335.0,371.78912
2025-05-16 22:00:00,297.0,292.1399
2025-05-16 23:00:00,185.0,211.95197
2025-05-17 00:00:00,102.0,197.80734
2025-05-17 01:00:00,62.0,141.62631
2025-05-17 02:00:00,45.0,114.16647
2025-05-17 03:00:00,37.0,96.72415
2025-05-17 04:00:00,31.0,91.03244
2025-05-17 05:00:00,85.0,105.21463
2025-05-17 06:00:00,214.0,163.9722
2025-05-17 07:00:00,369.0,339.7736
2025-05-17 08:00:00,490.0,506.4402
2025-05-17 09:00:00,664.0,623.111
2025-05-17 10:00:00,698.0,673.2179
2025-05-17 11:00:00,713.0,703.22144
2025-05-17 12:00:00,730.0,715.1356
2025-05-17 13:00:00,853.0,754.4322
2025-05-17 14:00:00,904.0,812.76917
2025-05-17 15:00:00,875.0,853.7571
2025-05-17 16:00:00,976.0,895.75574
2025-05-17 17:00:00,1015.0,833.131
2025-05-17 18:00:00,753.0,716.7184
2025-05-17 19:00:00,552.0,577.45465
2025-05-17 20:00:00,530.0,482.721
2025-05-17 21:00:00,409.0,442.40836
2025-05-17 22:00:00,324.0,397.55557
2025-05-17 23:00:00,246.0,297.26733
2025-05-18 00:00:00,169.0,169.86081
2025-05-18 01:00:00,107.0,124.36975
2025-05-18 02:00:00,81.0,94.81351
2025-05-18 03:00:00,69.0,79.18936
2025-05-18 04:00:00,62.0,74.262726
2025-05-18 05:00:00,59.0,82.759125
2025-05-18 06:00:00,87.0,183.94891
2025-05-18 07:00:00,137.0,224.63571
2025-05-18 08:00:00,339.0,289.9894
2025-05-18 09:00:00,453.0,462.95306
2025-05-18 10:00:00,653.0,597.3415
2025-05-18 11:00:00,660.0,665.1436
2025-05-18 12:00:00,702.0,708.4624
2025-05-18 13:00:00,842.0,775.5879
2025-05-18 14:00:00,940.0,879.89453
2025-05-18 15:00:00,1151.0,976.6519
2025-05-18 16:00:00,1342.0,1032.1597
2025-05-18 17:00:00,1287.0,1017.25134
2025-05-18 18:00:00,1144.0,963.3388
2025-05-18 19:00:00,954.0,772.62634
2025-05-18 20:00:00,819.0,605.5464
2025-05-18 21:00:00,637.0,498.3267
2025-05-18 22:00:00,376.0,382.73953
2025-05-18 23:00:00,226.0,255.83833
2025-05-19 00:00:00,147.0,110.0878
2025-05-19 01:00:00,78.0,88.16205
2025-05-19 02:00:00,95.0,72.12067
2025-05-19 03:00:00,50.0,67.41199
2025-05-19 04:00:00,103.0,96.33157
2025-05-19 05:00:00,410.0,591.30365
2025-05-19 06:00:00,987.0,883.70264
2025-05-19 07:00:00,1026.0,802.01385
2025-05-19 08:00:00,710.0,619.2198
2025-05-19 09:00:00,566.0,560.4872
2025-05-19 10:00:00,632.0,567.34344
2025-05-19 11:00:00,641.0,593.5502
2025-05-19 12:00:00,684.0,624.1624
2025-05-19 13:00:00,682.0,658.97217
2025-05-19 14:00:00,692.0,698.8719
2025-05-19 15:00:00,848.0,772.9369
2025-05-19 16:00:00,994.0,881.6572
2025-05-19 17:00:00,875.0,882.36365
2025-05-19 18:00:00,758.0,698.1722
2025-05-19 19:00:00,603.0,501.92368
2025-05-19 20:00:00,424.0,388.99377
2025-05-19 21:00:00,136.0,305.42715
2025-05-19 22:00:00,146.0,226.36333
2025-05-19 23:00:00,105.0,158.18906
2025-05-20 00:00:00,48.0,98.16977
2025-05-20 01:00:00,30.0,79.0195
2025-05-20 02:00:00,35.0,67.007965
2025-05-20 03:00:00,30.0,63.85965
2025-05-20 04:00:00,64.0,111.99567
2025-05-20 05:00:00,370.0,560.7655
2025-05-20 06:00:00,1029.0,915.68555
2025-05-20 07:00:00,1025.0,843.46265
2025-05-20 08:00:00,663.0,638.6399
2025-05-20 09:00:00,528.0,545.89594
2025-05-20 10:00:00,587.0,556.02545
2025-05-20 11:00:00,633.0,585.1694
2025-05-20 12:00:00,629.0,620.92334
2025-05-20 13:00:00,717.0,649.4855
2025-05-20 14:00:00,650.0,680.4247
2025-05-20 15:00:00,648.0,715.7582
2025-05-20 16:00:00,893.0,794.75037
2025-05-20 17:00:00,825.0,877.375
2025-05-20 18:00:00,656.0,675.53955
2025-05-20 19:00:00,443.0,498.7603
2025-05-20 20:00:00,252.0,409.94
2025-05-20 21:00:00,225.0,219.91692
2025-05-20 22:00:00,155.0,166.30988
2025-05-20 23:00:00,94.0,137.59372
2025-05-21 00:00:00,39.0,89.34921
2025-05-21 01:00:00,25.0,72.36624
2025-05-21 02:00:00,18.0,62.846436
2025-05-21 03:00:00,40.0,66.574646
2025-05-21 04:00:00,69.0,233.56891
2025-05-21 05:00:00,405.0,476.67532
2025-05-21 06:00:00,917.0,904.6052
2025-05-21 07:00:00,920.0,850.8944
2025-05-21 08:00:00,605.0,627.61395
2025-05-21 09:00:00,531.0,530.86383
2025-05-21 10:00:00,595.0,550.4305
2025-05-21 11:00:00,680.0,593.4974
2025-05-21 12:00:00,630.0,629.2167
2025-05-21 13:00:00,717.0,642.0219
2025-05-21 14:00:00,687.0,678.729
2025-05-21 15:00:00,693.0,734.4343
2025-05-21 16:00:00,798.0,789.60376
2025-05-21 17:00:00,922.0,898.83136
2025-05-21 18:00:00,629.0,725.85754
2025-05-21 19:00:00,451.0,483.30518
2025-05-21 20:00:00,299.0,293.9845
2025-05-21 21:00:00,255.0,224.2906
2025-05-21 22:00:00,193.0,156.91037
2025-05-21 23:00:00,88.0,119.388916
2025-05-22 00:00:00,12.0,102.13162
2025-05-22 01:00:00,74.0,74.51486
2025-05-22 02:00:00,20.0,64.512665
2025-05-22 03:00:00,34.0,61.58484
2025-05-22 04:00:00,52.0,89.3237
2025-05-22 05:00:00,396.0,418.62225
2025-05-22 06:00:00,947.0,899.3101
2025-05-22 07:00:00,994.0,769.5017
2025-05-22 08:00:00,610.0,618.4668
2025-05-22 09:00:00,530.0,532.2963
2025-05-22 10:00:00,530.0,563.0155
2025-05-22 11:00:00,666.0,598.05505
2025-05-22 12:00:00,653.0,631.421
2025-05-22 13:00:00,721.0,668.0416
2025-05-22 14:00:00,711.0,685.915
2025-05-22 15:00:00,766.0,743.1709
2025-05-22 16:00:00,872.0,825.96765
2025-05-22 17:00:00,868.0,844.7201
2025-05-22 18:00:00,613.0,731.7001
2025-05-22 19:00:00,402.0,518.1719
2025-05-22 20:00:00,262.0,383.02814
2025-05-22 21:00:00,224.0,310.2706
2025-05-22 22:00:00,168.0,222.98941
2025-05-22 23:00:00,86.0,144.25006
2025-05-23 00:00:00,33.0,140.07812
2025-05-23 01:00:00,16.0,90.74936
2025-05-23 02:00:00,23.0,71.15964
2025-05-23 03:00:00,27.0,64.89151
2025-05-23 04:00:00,65.0,97.910736
2025-05-23 05:00:00,344.0,365.21002
2025-05-23 06:00:00,885.0,844.793
2025-05-23 07:00:00,812.0,774.78143
2025-05-23 08:00:00,606.0,607.03296
2025-05-23 09:00:00,513.0,571.0653
2025-05-23 10:00:00,593.0,581.2742
2025-05-23 11:00:00,611.0,620.5775
2025-05-23 12:00:00,697.0,664.6165
2025-05-23 13:00:00,797.0,696.62006
2025-05-23 14:00:00,787.0,753.016
2025-05-23 15:00:00,824.0,842.7702
2025-05-23 16:00:00,938.0,936.1033
2025-05-23 17:00:00,912.0,934.553
2025-05-23 18:00:00,670.0,792.67957
2025-05-23 19:00:00,550.0,585.5332
2025-05-23 20:00:00,372.0,450.66232
2025-05-23 21:00:00,351.0,370.52606
2025-05-23 22:00:00,334.0,295.88425
2025-05-23 23:00:00,229.0,212.19022
2025-05-24 00:00:00,136.0,196.29614
2025-05-24 01:00:00,58.0,139.95364
2025-05-24 02:00:00,39.0,111.89505
2025-05-24 03:00:00,38.0,94.89746
2025-05-24 04:00:00,49.0,89.71042
2025-05-24 05:00:00,100.0,103.40079
2025-05-24 06:00:00,200.0,197.22632
2025-05-24 07:00:00,372.0,341.9574
2025-05-24 08:00:00,528.0,438.33496
2025-05-24 09:00:00,640.0,617.2587
2025-05-24 10:00:00,757.0,668.6389
2025-05-24 11:00:00,734.0,699.7672
2025-05-24 12:00:00,722.0,723.406
2025-05-24 13:00:00,681.0,760.4414
2025-05-24 14:00:00,736.0,828.1576
2025-05-24 15:00:00,941.0,903.849
2025-05-24 16:00:00,972.0,886.9867
2025-05-24 17:00:00,860.0,838.3078
2025-05-24 18:00:00,754.0,715.88916
2025-05-24 19:00:00,614.0,579.4778
2025-05-24 20:00:00,469.0,481.66962
2025-05-24 21:00:00,421.0,442.68927
2025-05-24 22:00:00,328.0,366.281
2025-05-24 23:00:00,252.0,266.94052
2025-05-25 00:00:00,126.0,167.71606
2025-05-25 01:00:00,118.0,124.29654
2025-05-25 02:00:00,69.0,94.00775
2025-05-25 03:00:00,43.0,78.012054
2025-05-25 04:00:00,49.0,79.14841
2025-05-25 05:00:00,47.0,77.5795
2025-05-25 06:00:00,91.0,124.651794
2025-05-25 07:00:00,145.0,169.91925
2025-05-25 08:00:00,293.0,297.1609
2025-05-25 09:00:00,434.0,460.66995
2025-05-25 10:00:00,506.0,589.03906
2025-05-25 11:00:00,715.0,662.5647
2025-05-25 12:00:00,687.0,709.4953
2025-05-25 13:00:00,850.0,775.33057
2025-05-25 14:00:00,843.0,862.9855
2025-05-25 15:00:00,952.0,938.98
2025-05-25 16:00:00,1195.0,902.8108
2025-05-25 17:00:00,1172.0,948.0128
2025-05-25 18:00:00,988.0,864.5724
2025-05-25 19:00:00,824.0,736.30444
2025-05-25 20:00:00,736.0,600.0263
2025-05-25 21:00:00,512.0,496.29602
2025-05-25 22:00:00,342.0,384.2599
2025-05-25 23:00:00,213.0,242.20041
2025-05-26 00:00:00,136.0,115.50067
2025-05-26 01:00:00,71.0,93.59793
2025-05-26 02:00:00,55.0,72.963806
2025-05-26 03:00:00,49.0,72.92432
2025-05-26 04:00:00,94.0,125.49359
2025-05-26 05:00:00,410.0,424.09402
2025-05-26 06:00:00,979.0,920.50916
2025-05-26 07:00:00,1001.0,880.1819
2025-05-26 08:00:00,663.0,676.4187
2025-05-26 09:00:00,559.0,550.0585
2025-05-26 10:00:00,575.0,559.42566
2025-05-26 11:00:00,608.0,582.4695
2025-05-26 12:00:00,625.0,612.7342
2025-05-26 13:00:00,731.0,643.8139
2025-05-26 14:00:00,723.0,682.6471
2025-05-26 15:00:00,743.0,760.4983
2025-05-26 16:00:00,862.0,861.9204
2025-05-26 17:00:00,916.0,859.89453
2025-05-26 18:00:00,678.0,653.1931
2025-05-26 19:00:00,466.0,479.94467
2025-05-26 20:00:00,339.0,368.25937
2025-05-26 21:00:00,291.0,293.3766
2025-05-26 22:00:00,204.0,216.59113
2025-05-26 23:00:00,111.0,148.48029
2025-05-27 00:00:00,58.0,97.188416
2025-05-27 01:00:00,31.0,77.69089
2025-05-27 02:00:00,35.0,65.91495
2025-05-27 03:00:00,40.0,60.92517
2025-05-27 04:00:00,64.0,100.94632
2025-05-27 05:00:00,386.0,443.52014
2025-05-27 06:00:00,996.0,930.9533
2025-05-27 07:00:00,951.0,873.4094
2025-05-27 08:00:00,626.0,654.0232
2025-05-27 09:00:00,440.0,532.16693
2025-05-27 10:00:00,525.0,541.5534
2025-05-27 11:00:00,463.0,573.14233
2025-05-27 12:00:00,469.0,609.462
2025-05-27 13:00:00,776.0,640.9044
2025-05-27 14:00:00,673.0,673.73206
2025-05-27 15:00:00,695.0,740.0344
2025-05-27 16:00:00,816.0,846.0801
2025-05-27 17:00:00,869.0,878.8158
2025-05-27 18:00:00,717.0,665.9301
2025-05-27 19:00:00,494.0,457.94315
2025-05-27 20:00:00,328.0,347.18088
2025-05-27 21:00:00,229.0,263.3675
2025-05-27 22:00:00,170.0,185.81848
2025-05-27 23:00:00,90.0,124.6077
2025-05-28 00:00:00,78.0,89.35083
2025-05-28 01:00:00,160.0,72.17966
2025-05-28 02:00:00,31.0,62.776184
2025-05-28 03:00:00,38.0,59.61197
2025-05-28 04:00:00,72.0,97.5618
2025-05-28 05:00:00,395.0,448.66156
2025-05-28 06:00:00,941.0,908.0839
2025-05-28 07:00:00,925.0,839.7041
2025-05-28 08:00:00,598.0,631.4416
2025-05-28 09:00:00,533.0,539.33527
2025-05-28 10:00:00,579.0,556.69305
2025-05-28 11:00:00,610.0,588.397
2025-05-28 12:00:00,681.0,616.5008
2025-05-28 13:00:00,759.0,643.06104
2025-05-28 14:00:00,780.0,675.407
2025-05-28 15:00:00,712.0,709.8198
2025-05-28 16:00:00,909.0,814.6127
2025-05-28 17:00:00,925.0,862.6189
2025-05-28 18:00:00,703.0,684.4417
2025-05-28 19:00:00,496.0,469.92673
2025-05-28 20:00:00,314.0,345.27072
2025-05-28 21:00:00,263.0,251.59177
2025-05-28 22:00:00,219.0,188.22968
2025-05-28 23:00:00,146.0,162.49744
2025-05-29 00:00:00,110.0,228.53802
2025-05-29 01:00:00,63.0,201.84845
2025-05-29 02:00:00,63.0,172.11282
2025-05-29 03:00:00,56.0,152.52502
2025-05-29 04:00:00,36.0,140.12097
2025-05-29 05:00:00,62.0,141.20212
2025-05-29 06:00:00,137.0,151.84222
2025-05-29 07:00:00,160.0,203.12488
2025-05-29 08:00:00,289.0,286.31985
2025-05-29 09:00:00,443.0,358.5517
2025-05-29 10:00:00,541.0,442.02167
2025-05-29 11:00:00,558.0,497.2446
2025-05-29 12:00:00,493.0,544.6398
2025-05-29 13:00:00,608.0,590.9075
2025-05-29 14:00:00,662.0,632.1117
2025-05-29 15:00:00,744.0,663.60504
2025-05-29 16:00:00,839.0,679.97546
2025-05-29 17:00:00,807.0,648.7624
2025-05-29 18:00:00,643.0,626.47644
2025-05-29 19:00:00,558.0,523.7085
2025-05-29 20:00:00,462.0,412.12494
2025-05-29 21:00:00,390.0,366.88892
2025-05-29 22:00:00,312.0,322.62967
2025-05-29 23:00:00,193.0,277.68436
2025-05-30 00:00:00,119.0,141.38766
2025-05-30 01:00:00,65.0,93.02188
2025-05-30 02:00:00,43.0,73.605804
2025-05-30 03:00:00,49.0,66.848175
2025-05-30 04:00:00,60.0,101.92618
2025-05-30 05:00:00,186.0,594.29504
2025-05-30 06:00:00,386.0,812.8111
2025-05-30 07:00:00,494.0,746.6885
2025-05-30 08:00:00,514.0,631.017
2025-05-30 09:00:00,564.0,594.22363
2025-05-30 10:00:00,659.0,608.40234
2025-05-30 11:00:00,638.0,645.25745
2025-05-30 12:00:00,666.0,686.40027
2025-05-30 13:00:00,720.0,728.6647
2025-05-30 14:00:00,886.0,797.82007
2025-05-30 15:00:00,948.0,882.4343
2025-05-30 16:00:00,1108.0,941.5475
2025-05-30 17:00:00,1153.0,960.12885
2025-05-30 18:00:00,990.0,919.7798
2025-05-30 19:00:00,811.0,755.9621
2025-05-30 20:00:00,584.0,483.85147
2025-05-30 21:00:00,492.0,380.61755
2025-05-30 22:00:00,446.0,285.69904
2025-05-30 23:00:00,280.0,208.80478
2025-05-31 00:00:00,160.0,196.54984
2025-05-31 01:00:00,85.0,143.73978
2025-05-31 02:00:00,73.0,116.74017
2025-05-31 03:00:00,69.0,98.23221
2025-05-31 04:00:00,46.0,94.41266
2025-05-31 05:00:00,91.0,172.89255
2025-05-31 06:00:00,188.0,269.22406
2025-05-31 07:00:00,301.0,383.60382
2025-05-31 08:00:00,495.0,540.1246
2025-05-31 09:00:00,641.0,635.72546
2025-05-31 10:00:00,774.0,685.6936
2025-05-31 11:00:00,795.0,717.91187
2025-05-31 12:00:00,764.0,748.1996
2025-05-31 13:00:00,843.0,790.0829
2025-05-31 14:00:00,1041.0,851.4856
2025-05-31 15:00:00,1112.0,918.7031
2025-05-31 16:00:00,1177.0,964.1244
2025-05-31 17:00:00,1286.0,975.2145
2025-05-31 18:00:00,1134.0,935.75433
2025-05-31 19:00:00,1047.0,734.45337
2025-05-31 20:00:00,829.0,534.294
2025-05-31 21:00:00,737.0,454.7919
2025-05-31 22:00:00,649.0,350.489
2025-05-31 23:00:00,509.0,281.5565
2025-06-01 00:00:00,433.0,177.87567
2025-06-01 01:00:00,252.0,127.77835
2025-06-01 02:00:00,136.0,100.465485
2025-06-01 03:00:00,91.0,83.87897
2025-06-01 04:00:00,111.0,78.84567
2025-06-01 05:00:00,98.0,92.36682
2025-06-01 06:00:00,130.0,144.51935
2025-06-01 07:00:00,294.0,222.57303
2025-06-01 08:00:00,491.0,332.32562
2025-06-01 09:00:00,578.0,513.98224
2025-06-01 10:00:00,817.0,634.62775
2025-06-01 11:00:00,1007.0,686.7849
2025-06-01 12:00:00,906.0,733.61584
2025-06-01 13:00:00,930.0,804.5083
2025-06-01 14:00:00,1131.0,905.2918
2025-06-01 15:00:00,1215.0,966.1704
2025-06-01 16:00:00,1225.0,1034.4658
2025-06-01 17:00:00,1193.0,1025.9906
2025-06-01 18:00:00,1146.0,910.5709
2025-06-01 19:00:00,1107.0,773.90515
2025-06-01 20:00:00,972.0,624.8597
2025-06-01 21:00:00,949.0,514.8267
2025-06-01 22:00:00,850.0,413.2415
2025-06-01 23:00:00,517.0,277.25446
2025-06-02 00:00:00,429.0,111.167755
2025-06-02 01:00:00,159.0,94.20206
2025-06-02 02:00:00,85.0,74.83484
2025-06-02 03:00:00,80.0,75.00137
2025-06-02 04:00:00,140.0,135.08447
2025-06-02 05:00:00,458.0,463.90067
2025-06-02 06:00:00,964.0,917.75397
2025-06-02 07:00:00,1036.0,840.7799
2025-06-02 08:00:00,716.0,671.10236
2025-06-02 09:00:00,627.0,557.8705
2025-06-02 10:00:00,635.0,558.1552
2025-06-02 11:00:00,725.0,593.8895
2025-06-02 12:00:00,783.0,632.02795
2025-06-02 13:00:00,777.0,659.2548
2025-06-02 14:00:00,787.0,683.14624
2025-06-02 15:00:00,806.0,774.0751
2025-06-02 16:00:00,741.0,727.1831
2025-06-02 17:00:00,1037.0,875.66125
2025-06-02 18:00:00,720.0,687.26044
2025-06-02 19:00:00,497.0,497.73557
2025-06-02 20:00:00,326.0,382.81577
2025-06-02 21:00:00,219.0,302.0155
2025-06-02 22:00:00,188.0,219.55237
2025-06-02 23:00:00,116.0,158.19531
2025-06-03 00:00:00,65.0,102.86542
2025-06-03 01:00:00,37.0,78.83325
2025-06-03 02:00:00,36.0,67.07938
2025-06-03 03:00:00,52.0,61.681854
2025-06-03 04:00:00,61.0,108.411316
2025-06-03 05:00:00,402.0,450.87396
2025-06-03 06:00:00,1027.0,916.651
2025-06-03 07:00:00,1075.0,808.7217
2025-06-03 08:00:00,593.0,621.1975
2025-06-03 09:00:00,551.0,551.419
2025-06-03 10:00:00,534.0,561.1559
2025-06-03 11:00:00,609.0,587.51807
2025-06-03 12:00:00,604.0,619.4191
2025-06-03 13:00:00,724.0,650.1121
2025-06-03 14:00:00,732.0,667.5464
2025-06-03 15:00:00,658.0,732.7613
2025-06-03 16:00:00,859.0,860.9612
2025-06-03 17:00:00,856.0,868.8957
2025-06-03 18:00:00,626.0,684.709
2025-06-03 19:00:00,489.0,486.92822
2025-06-03 20:00:00,347.0,359.98053
2025-06-03 21:00:00,248.0,278.95148
2025-06-03 22:00:00,146.0,249.94772
2025-06-03 23:00:00,90.0,140.88824
2025-06-04 00:00:00,43.0,92.388245
2025-06-04 01:00:00,20.0,74.35068
2025-06-04 02:00:00,14.0,64.05057
2025-06-04 03:00:00,33.0,60.5903
2025-06-04 04:00:00,89.0,97.06064
2025-06-04 05:00:00,386.0,453.94168
2025-06-04 06:00:00,929.0,889.4
2025-06-04 07:00:00,968.0,831.2115
2025-06-04 08:00:00,641.0,609.66895
2025-06-04 09:00:00,536.0,541.4962
2025-06-04 10:00:00,586.0,564.3269
2025-06-04 11:00:00,642.0,602.7258
2025-06-04 12:00:00,602.0,631.8643
2025-06-04 13:00:00,707.0,653.86066
2025-06-04 14:00:00,613.0,707.13995
2025-06-04 15:00:00,696.0,761.5351
2025-06-04 16:00:00,795.0,871.8364
2025-06-04 17:00:00,921.0,914.04834
2025-06-04 18:00:00,691.0,741.4512
2025-06-04 19:00:00,444.0,508.2653
2025-06-04 20:00:00,286.0,365.80988
2025-06-04 21:00:00,255.0,280.83124
2025-06-04 22:00:00,172.0,191.01904
2025-06-04 23:00:00,104.0,126.91104
2025-06-05 00:00:00,43.0,102.00427
2025-06-05 01:00:00,19.0,78.737
2025-06-05 02:00:00,18.0,68.22812
2025-06-05 03:00:00,42.0,67.66754
2025-06-05 04:00:00,72.0,99.20834
2025-06-05 05:00:00,403.0,404.6324
2025-06-05 06:00:00,932.0,869.6244
2025-06-05 07:00:00,994.0,801.5477
2025-06-05 08:00:00,621.0,614.596
2025-06-05 09:00:00,520.0,560.19867
2025-06-05 10:00:00,566.0,587.3876
2025-06-05 11:00:00,547.0,618.1539
2025-06-05 12:00:00,637.0,654.38
2025-06-05 13:00:00,767.0,680.8655
2025-06-05 14:00:00,733.0,717.13495
2025-06-05 15:00:00,693.0,803.1509
2025-06-05 16:00:00,883.0,890.71326
2025-06-05 17:00:00,883.0,921.5386
2025-06-05 18:00:00,686.0,785.81915
2025-06-05 19:00:00,454.0,567.5502
2025-06-05 20:00:00,283.0,415.59656
2025-06-05 21:00:00,210.0,329.19818
2025-06-05 22:00:00,36.0,245.1052
2025-06-05 23:00:00,3.0,166.59155
2025-06-06 00:00:00,3.0,149.54413
2025-06-06 01:00:00,5.0,102.82156
2025-06-06 02:00:00,11.0,80.63321
2025-06-06 03:00:00,6.0,76.639496
2025-06-06 04:00:00,56.0,114.92212
2025-06-06 05:00:00,374.0,366.95587
2025-06-06 06:00:00,850.0,818.10187
2025-06-06 07:00:00,849.0,782.43695
2025-06-06 08:00:00,657.0,654.17926
2025-06-06 09:00:00,527.0,598.65063
2025-06-06 10:00:00,577.0,627.70825
2025-06-06 11:00:00,664.0,659.17017
2025-06-06 12:00:00,706.0,683.7701
2025-06-06 13:00:00,767.0,716.80493
2025-06-06 14:00:00,663.0,797.68835
2025-06-06 15:00:00,764.0,887.86865
2025-06-06 16:00:00,877.0,939.40497
2025-06-06 17:00:00,1019.0,957.4013
2025-06-06 18:00:00,742.0,827.16797
2025-06-06 19:00:00,532.0,612.55865
2025-06-06 20:00:00,417.0,513.3188
2025-06-06 21:00:00,297.0,376.0351
2025-06-06 22:00:00,303.0,288.8361
2025-06-06 23:00:00,200.0,192.49683
2025-06-07 00:00:00,119.0,205.15503
2025-06-07 01:00:00,80.0,151.5221
2025-06-07 02:00:00,45.0,120.8147
2025-06-07 03:00:00,41.0,129.16519
2025-06-07 04:00:00,59.0,116.41345
2025-06-07 05:00:00,95.0,120.76962
2025-06-07 06:00:00,209.0,189.6258
2025-06-07 07:00:00,315.0,321.72617
2025-06-07 08:00:00,407.0,495.32474
2025-06-07 09:00:00,609.0,624.81525
2025-06-07 10:00:00,654.0,679.2676
2025-06-07 11:00:00,742.0,701.028
2025-06-07 12:00:00,653.0,722.4936
2025-06-07 13:00:00,727.0,765.0269
2025-06-07 14:00:00,759.0,786.3621
2025-06-07 15:00:00,833.0,848.397
2025-06-07 16:00:00,756.0,877.6431
2025-06-07 17:00:00,727.0,789.6937
2025-06-07 18:00:00,510.0,781.5073
2025-06-07 19:00:00,501.0,567.86035
2025-06-07 20:00:00,405.0,488.3249
2025-06-07 21:00:00,328.0,438.2256
2025-06-07 22:00:00,270.0,396.11285
2025-06-07 23:00:00,250.0,308.29285
2025-06-08 00:00:00,165.0,176.95087
2025-06-08 01:00:00,101.0,126.66034
2025-06-08 02:00:00,61.0,96.67258
2025-06-08 03:00:00,36.0,81.58432
2025-06-08 04:00:00,27.0,76.630554
2025-06-08 05:00:00,40.0,88.70148
2025-06-08 06:00:00,84.0,134.1012
2025-06-08 07:00:00,139.0,202.69809
2025-06-08 08:00:00,231.0,328.69623
2025-06-08 09:00:00,378.0,501.73196
2025-06-08 10:00:00,559.0,621.42896
2025-06-08 11:00:00,605.0,676.35913
2025-06-08 12:00:00,587.0,726.9863
2025-06-08 13:00:00,647.0,784.14575
2025-06-08 14:00:00,763.0,861.4076
2025-06-08 15:00:00,773.0,986.74365
2025-06-08 16:00:00,1095.0,1041.2432
2025-06-08 17:00:00,1074.0,1042.642
2025-06-08 18:00:00,919.0,983.8363
2025-06-08 19:00:00,797.0,752.0145
2025-06-08 20:00:00,724.0,603.4628
2025-06-08 21:00:00,566.0,490.86417
2025-06-08 22:00:00,487.0,400.99387
2025-06-08 23:00:00,381.0,269.11963
2025-06-09 00:00:00,250.0,273.1665
2025-06-09 01:00:00,144.0,207.00647
2025-06-09 02:00:00,82.0,155.82452
2025-06-09 03:00:00,58.0,139.79327
2025-06-09 04:00:00,78.0,139.00012
2025-06-09 05:00:00,85.0,157.80249
2025-06-09 06:00:00,127.0,202.02438
2025-06-09 07:00:00,197.0,290.04962
2025-06-09 08:00:00,385.0,424.45227
2025-06-09 09:00:00,505.0,572.077
2025-06-09 10:00:00,693.0,675.693
2025-06-09 11:00:00,760.0,730.1399
2025-06-09 12:00:00,879.0,772.4242
2025-06-09 13:00:00,1037.0,827.78986
2025-06-09 14:00:00,1122.0,895.68286
2025-06-09 15:00:00,1289.0,953.5264
2025-06-09 16:00:00,1383.0,987.15173
2025-06-09 17:00:00,1448.0,984.79065
2025-06-09 18:00:00,1330.0,955.8358
2025-06-09 19:00:00,1161.0,829.43994
2025-06-09 20:00:00,1115.0,684.9734
2025-06-09 21:00:00,865.0,566.5042
2025-06-09 22:00:00,597.0,448.52734
2025-06-09 23:00:00,482.0,345.3142
2025-06-10 00:00:00,251.0,95.27298
2025-06-10 01:00:00,118.0,77.319244
2025-06-10 02:00:00,73.0,65.55905
2025-06-10 03:00:00,56.0,59.49402
2025-06-10 04:00:00,110.0,98.93695
2025-06-10 05:00:00,461.0,580.3529
2025-06-10 06:00:00,1024.0,903.86365
2025-06-10 07:00:00,999.0,798.6228
2025-06-10 08:00:00,774.0,623.2853
2025-06-10 09:00:00,694.0,550.9322
2025-06-10 10:00:00,677.0,561.0095
2025-06-10 11:00:00,677.0,588.95667
2025-06-10 12:00:00,710.0,619.48724
2025-06-10 13:00:00,718.0,651.64606
2025-06-10 14:00:00,801.0,698.82404
2025-06-10 15:00:00,810.0,762.3646
2025-06-10 16:00:00,1009.0,895.35925
2025-06-10 17:00:00,1040.0,898.53687
2025-06-10 18:00:00,816.0,727.91675
2025-06-10 19:00:00,618.0,520.5199
2025-06-10 20:00:00,457.0,366.9947
2025-06-10 21:00:00,318.0,280.54083
2025-06-10 22:00:00,317.0,198.39615
2025-06-10 23:00:00,141.0,128.04022
2025-06-11 00:00:00,60.0,91.445984
2025-06-11 01:00:00,37.0,72.57269
2025-06-11 02:00:00,29.0,63.000977
2025-06-11 03:00:00,37.0,60.14859
2025-06-11 04:00:00,78.0,93.71387
2025-06-11 05:00:00,393.0,446.00714
2025-06-11 06:00:00,964.0,895.54175
2025-06-11 07:00:00,955.0,792.0043
2025-06-11 08:00:00,676.0,627.0348
2025-06-11 09:00:00,577.0,556.04193
2025-06-11 10:00:00,598.0,572.19214
2025-06-11 11:00:00,657.0,594.55774
2025-06-11 12:00:00,662.0,624.5106
2025-06-11 13:00:00,791.0,665.36694
2025-06-11 14:00:00,775.0,717.75635
2025-06-11 15:00:00,871.0,810.8602
2025-06-11 16:00:00,925.0,919.406
2025-06-11 17:00:00,1070.0,962.7705
2025-06-11 18:00:00,845.0,900.03186
2025-06-11 19:00:00,588.0,573.079
2025-06-11 20:00:00,401.0,384.8286
2025-06-11 21:00:00,303.0,290.24402
2025-06-11 22:00:00,276.0,200.05286
2025-06-11 23:00:00,138.0,128.28732
2025-06-12 00:00:00,52.0,108.4223
2025-06-12 01:00:00,39.0,80.67581
2025-06-12 02:00:00,21.0,69.4335
2025-06-12 03:00:00,33.0,68.37573
2025-06-12 04:00:00,77.0,99.88974
2025-06-12 05:00:00,400.0,585.6732
2025-06-12 06:00:00,976.0,847.70056
2025-06-12 07:00:00,979.0,791.1832
2025-06-12 08:00:00,607.0,652.26013
2025-06-12 09:00:00,569.0,582.348
2025-06-12 10:00:00,646.0,597.5631
2025-06-12 11:00:00,666.0,624.0606
2025-06-12 12:00:00,668.0,660.66284
2025-06-12 13:00:00,779.0,704.9604
2025-06-12 14:00:00,717.0,770.57214
2025-06-12 15:00:00,831.0,865.8469
2025-06-12 16:00:00,1013.0,944.87024
2025-06-12 17:00:00,997.0,965.5309
2025-06-12 18:00:00,868.0,902.81885
2025-06-12 19:00:00,581.0,634.36444
2025-06-12 20:00:00,446.0,450.92896
2025-06-12 21:00:00,342.0,339.12207
2025-06-12 22:00:00,278.0,253.85806
2025-06-12 23:00:00,179.0,179.83194
2025-06-13 00:00:00,60.0,154.18573
2025-06-13 01:00:00,59.0,106.54251
2025-06-13 02:00:00,39.0,82.61911
2025-06-13 03:00:00,32.0,79.76904
2025-06-13 04:00:00,61.0,119.38547
2025-06-13 05:00:00,397.0,505.04886
2025-06-13 06:00:00,866.0,796.1771
2025-06-13 07:00:00,1024.0,766.6814
2025-06-13 08:00:00,725.0,670.18994
2025-06-13 09:00:00,655.0,617.76416
2025-06-13 10:00:00,702.0,627.0967
2025-06-13 11:00:00,771.0,663.66
2025-06-13 12:00:00,777.0,703.37604
2025-06-13 13:00:00,882.0,744.69324
2025-06-13 14:00:00,869.0,815.3423
2025-06-13 15:00:00,948.0,888.5012
2025-06-13 16:00:00,1140.0,944.3878
2025-06-13 17:00:00,1055.0,961.626
2025-06-13 18:00:00,894.0,912.845
2025-06-13 19:00:00,629.0,699.8847
2025-06-13 20:00:00,545.0,507.9357
2025-06-13 21:00:00,487.0,392.92773
2025-06-13 22:00:00,504.0,301.49713
2025-06-13 23:00:00,307.0,222.8994
2025-06-14 00:00:00,173.0,221.75795
2025-06-14 01:00:00,120.0,159.60913
2025-06-14 02:00:00,88.0,127.86038
2025-06-14 03:00:00,90.0,111.824554
2025-06-14 04:00:00,87.0,111.50879
2025-06-14 05:00:00,137.0,140.75778
2025-06-14 06:00:00,236.0,244.0121
2025-06-14 07:00:00,497.0,404.75665
2025-06-14 08:00:00,594.0,561.497
2025-06-14 09:00:00,751.0,647.209
2025-06-14 10:00:00,817.0,698.30255
2025-06-14 11:00:00,800.0,732.4926
2025-06-14 12:00:00,794.0,757.505
2025-06-14 13:00:00,867.0,794.5023
2025-06-14 14:00:00,1070.0,858.34534
2025-06-14 15:00:00,1196.0,924.0045
2025-06-14 16:00:00,1358.0,923.2106
2025-06-14 17:00:00,1220.0,895.7957
2025-06-14 18:00:00,1060.0,837.1033
2025-06-14 19:00:00,692.0,698.39124
2025-06-14 20:00:00,684.0,553.46545
2025-06-14 21:00:00,626.0,454.07846
2025-06-14 22:00:00,496.0,391.89633
2025-06-14 23:00:00,306.0,306.99658
2025-06-15 00:00:00,217.0,180.63904
2025-06-15 01:00:00,160.0,131.21902
2025-06-15 02:00:00,98.0,101.5123
2025-06-15 03:00:00,64.0,86.98135
2025-06-15 04:00:00,83.0,83.27469
2025-06-15 05:00:00,86.0,130.25433
2025-06-15 06:00:00,133.0,199.20938
2025-06-15 07:00:00,199.0,260.80206
2025-06-15 08:00:00,412.0,385.16547
2025-06-15 09:00:00,565.0,610.26697
2025-06-15 10:00:00,854.0,632.5323
2025-06-15 11:00:00,777.0,685.4979
2025-06-15 12:00:00,797.0,729.0071
2025-06-15 13:00:00,843.0,794.22754
2025-06-15 14:00:00,965.0,906.3309
2025-06-15 15:00:00,1086.0,785.4301
2025-06-15 16:00:00,1186.0,900.40454
2025-06-15 17:00:00,1108.0,1036.3555
2025-06-15 18:00:00,1048.0,903.1933
2025-06-15 19:00:00,887.0,768.4321
2025-06-15 20:00:00,752.0,563.6189
2025-06-15 21:00:00,523.0,501.3504
2025-06-15 22:00:00,383.0,408.58594
2025-06-15 23:00:00,247.0,271.06805
2025-06-16 00:00:00,148.0,110.32895
2025-06-16 01:00:00,91.0,88.08029
2025-06-16 02:00:00,63.0,74.87314
2025-06-16 03:00:00,66.0,74.680145
2025-06-16 04:00:00,101.0,128.63898
2025-06-16 05:00:00,442.0,437.17313
2025-06-16 06:00:00,939.0,904.49835
2025-06-16 07:00:00,1019.0,815.2743
2025-06-16 08:00:00,628.0,655.5547
2025-06-16 09:00:00,591.0,557.8633
2025-06-16 10:00:00,656.0,560.86847
2025-06-16 11:00:00,743.0,600.30914
2025-06-16 12:00:00,682.0,629.97833
2025-06-16 13:00:00,734.0,659.78375
2025-06-16 14:00:00,709.0,703.5119
2025-06-16 15:00:00,823.0,781.5599
2025-06-16 16:00:00,981.0,888.51434
2025-06-16 17:00:00,927.0,923.64276
2025-06-16 18:00:00,767.0,819.2416
2025-06-16 19:00:00,587.0,623.36346
2025-06-16 20:00:00,467.0,394.88464
2025-06-16 21:00:00,258.0,306.28128
2025-06-16 22:00:00,291.0,224.51685
2025-06-16 23:00:00,151.0,153.60211
2025-06-17 00:00:00,72.0,96.662506
2025-06-17 01:00:00,48.0,78.27283
2025-06-17 02:00:00,31.0,66.61966
2025-06-17 03:00:00,38.0,60.826935
2025-06-17 04:00:00,68.0,104.14914
2025-06-17 05:00:00,409.0,524.76215
2025-06-17 06:00:00,974.0,897.56934
2025-06-17 07:00:00,1052.0,796.1758
2025-06-17 08:00:00,627.0,621.8569
2025-06-17 09:00:00,575.0,552.4967
2025-06-17 10:00:00,553.0,564.0923
2025-06-17 11:00:00,563.0,590.9609
2025-06-17 12:00:00,663.0,620.0534
2025-06-17 13:00:00,765.0,651.8345
2025-06-17 14:00:00,744.0,698.2122
2025-06-17 15:00:00,904.0,779.3025
2025-06-17 16:00:00,1111.0,895.5285
2025-06-17 17:00:00,1091.0,946.6012
2025-06-17 18:00:00,912.0,853.6233
2025-06-17 19:00:00,623.0,645.07996
2025-06-17 20:00:00,371.0,374.0443
2025-06-17 21:00:00,242.0,284.56552
2025-06-17 22:00:00,233.0,199.33789
2025-06-17 23:00:00,135.0,129.19116
2025-06-18 00:00:00,64.0,94.069214
2025-06-18 01:00:00,35.0,74.70413
2025-06-18 02:00:00,25.0,64.40616
2025-06-18 03:00:00,35.0,61.261017
2025-06-18 04:00:00,67.0,96.67172
2025-06-18 05:00:00,378.0,486.2215
2025-06-18 06:00:00,945.0,880.6073
2025-06-18 07:00:00,962.0,794.41754
2025-06-18 08:00:00,713.0,629.27814
2025-06-18 09:00:00,568.0,558.4567
2025-06-18 10:00:00,643.0,572.86536
2025-06-18 11:00:00,710.0,596.87775
2025-06-18 12:00:00,722.0,626.0201
2025-06-18 13:00:00,865.0,666.756
2025-06-18 14:00:00,909.0,719.89435
2025-06-18 15:00:00,951.0,813.3673
2025-06-18 16:00:00,1128.0,921.38293
2025-06-18 17:00:00,1153.0,966.0515
2025-06-18 18:00:00,979.0,907.7645
2025-06-18 19:00:00,623.0,715.064
2025-06-18 20:00:00,459.0,399.99353
2025-06-18 21:00:00,362.0,296.1231
2025-06-18 22:00:00,330.0,205.05515
2025-06-18 23:00:00,225.0,129.14359
2025-06-19 00:00:00,77.0,210.92392
2025-06-19 01:00:00,59.0,191.02982
2025-06-19 02:00:00,80.0,176.54315
2025-06-19 03:00:00,49.0,176.65045
2025-06-19 04:00:00,75.0,192.02988
2025-06-19 05:00:00,154.0,356.26205
2025-06-19 06:00:00,238.0,420.216
2025-06-19 07:00:00,383.0,481.42642
2025-06-19 08:00:00,445.0,503.28586
2025-06-19 09:00:00,606.0,527.3673
2025-06-19 10:00:00,607.0,549.89606
2025-06-19 11:00:00,605.0,569.71436
2025-06-19 12:00:00,605.0,585.17944
2025-06-19 13:00:00,648.0,601.5311
2025-06-19 14:00:00,801.0,624.9202
2025-06-19 15:00:00,830.0,649.5525
2025-06-19 16:00:00,914.0,664.1267
2025-06-19 17:00:00,914.0,660.91235
2025-06-19 18:00:00,813.0,633.6437
2025-06-19 19:00:00,682.0,565.3767
2025-06-19 20:00:00,604.0,427.63834
2025-06-19 21:00:00,454.0,329.1111
2025-06-19 22:00:00,333.0,267.7633
2025-06-19 23:00:00,237.0,237.84502
2025-06-20 00:00:00,86.0,153.88275
2025-06-20 01:00:00,96.0,106.40344
2025-06-20 02:00:00,79.0,83.89606
2025-06-20 03:00:00,71.0,80.57568
2025-06-20 04:00:00,87.0,125.204895
2025-06-20 05:00:00,253.0,559.0686
2025-06-20 06:00:00,503.0,795.6239
2025-06-20 07:00:00,606.0,768.0785
2025-06-20 08:00:00,635.0,665.661
2025-06-20 09:00:00,688.0,612.0022
2025-06-20 10:00:00,712.0,621.4375
2025-06-20 11:00:00,736.0,658.30365
2025-06-20 12:00:00,741.0,700.2289
2025-06-20 13:00:00,943.0,742.086
2025-06-20 14:00:00,934.0,811.25183
2025-06-20 15:00:00,974.0,887.38025
2025-06-20 16:00:00,1121.0,944.7396
2025-06-20 17:00:00,1088.0,959.40515
2025-06-20 18:00:00,968.0,902.6558
2025-06-20 19:00:00,850.0,717.28577
2025-06-20 20:00:00,682.0,487.56726
2025-06-20 21:00:00,734.0,380.5064
2025-06-20 22:00:00,576.0,296.3924
2025-06-20 23:00:00,181.0,216.90503
2025-06-21 00:00:00,309.0,209.2639
2025-06-21 01:00:00,343.0,153.16272
2025-06-21 02:00:00,314.0,124.53021
2025-06-21 03:00:00,166.0,104.7337
2025-06-21 04:00:00,136.0,104.18939
2025-06-21 05:00:00,195.0,163.80112
2025-06-21 06:00:00,292.0,275.25003
2025-06-21 07:00:00,454.0,385.08148
2025-06-21 08:00:00,552.0,547.8605
2025-06-21 09:00:00,751.0,641.23846
2025-06-21 10:00:00,816.0,688.51025
2025-06-21 11:00:00,863.0,722.91113
2025-06-21 12:00:00,859.0,748.8815
2025-06-21 13:00:00,951.0,787.79486
2025-06-21 14:00:00,1085.0,856.3575
2025-06-21 15:00:00,1134.0,924.87274
2025-06-21 16:00:00,1202.0,965.6645
2025-06-21 17:00:00,1233.0,952.94275
2025-06-21 18:00:00,1197.0,837.20544
2025-06-21 19:00:00,912.0,719.2395
2025-06-21 20:00:00,737.0,543.7009
2025-06-21 21:00:00,797.0,447.304
2025-06-21 22:00:00,662.0,391.64777
2025-06-21 23:00:00,544.0,305.63464
2025-06-22 00:00:00,412.0,176.004
2025-06-22 01:00:00,220.0,129.60056
2025-06-22 02:00:00,158.0,99.64935
2025-06-22 03:00:00,146.0,83.17062
2025-06-22 04:00:00,99.0,79.8804
2025-06-22 05:00:00,102.0,147.0882
2025-06-22 06:00:00,174.0,226.79901
2025-06-22 07:00:00,283.0,251.56587
2025-06-22 08:00:00,491.0,376.13123
2025-06-22 09:00:00,626.0,533.4707
2025-06-22 10:00:00,764.0,646.04205
2025-06-22 11:00:00,849.0,692.6585
2025-06-22 12:00:00,933.0,733.21704
2025-06-22 13:00:00,1048.0,800.6358
2025-06-22 14:00:00,1082.0,902.739
2025-06-22 15:00:00,1225.0,986.58386
2025-06-22 16:00:00,1261.0,1037.3289
2025-06-22 17:00:00,1302.0,1053.9391
2025-06-22 18:00:00,1249.0,1021.32874
2025-06-22 19:00:00,1222.0,925.8424
2025-06-22 20:00:00,1089.0,651.82794
2025-06-22 21:00:00,1014.0,537.49725
2025-06-22 22:00:00,783.0,420.77005
2025-06-22 23:00:00,486.0,280.8394
2025-06-23 00:00:00,307.0,172.54486
2025-06-23 01:00:00,138.0,159.83417
2025-06-23 02:00:00,86.0,180.47427
2025-06-23 03:00:00,72.0,257.31097
2025-06-23 04:00:00,89.0,370.91583
2025-06-23 05:00:00,475.0,550.0543
2025-06-23 06:00:00,978.0,752.2083
2025-06-23 07:00:00,1051.0,666.916
2025-06-23 08:00:00,728.0,630.7921
2025-06-23 09:00:00,628.0,613.26227
2025-06-23 10:00:00,691.0,631.51556
2025-06-23 11:00:00,735.0,657.7148
2025-06-23 12:00:00,735.0,629.46124
2025-06-23 13:00:00,811.0,679.94653
2025-06-23 14:00:00,783.0,707.5929
2025-06-23 15:00:00,780.0,725.39966
2025-06-23 16:00:00,976.0,792.4476
2025-06-23 17:00:00,922.0,884.0923
2025-06-23 18:00:00,690.0,915.4209
2025-06-23 19:00:00,575.0,832.86115
2025-06-23 20:00:00,523.0,643.21454
2025-06-23 21:00:00,276.0,448.5332
2025-06-23 22:00:00,220.0,303.8573
2025-06-23 23:00:00,127.0,215.03006
2025-06-24 00:00:00,76.0,101.46533
2025-06-24 01:00:00,22.0,82.41095
2025-06-24 02:00:00,16.0,69.96863
2025-06-24 03:00:00,28.0,65.60736
2025-06-24 04:00:00,90.0,115.47345
2025-06-24 05:00:00,416.0,706.1741
2025-06-24 06:00:00,1032.0,881.55164
2025-06-24 07:00:00,997.0,788.2483
2025-06-24 08:00:00,655.0,618.37085
2025-06-24 09:00:00,549.0,557.50275
2025-06-24 10:00:00,572.0,571.68744
2025-06-24 11:00:00,636.0,596.65814
2025-06-24 12:00:00,582.0,626.0354
2025-06-24 13:00:00,705.0,659.3121
2025-06-24 14:00:00,705.0,704.53906
2025-06-24 15:00:00,777.0,790.75073
2025-06-24 16:00:00,992.0,904.18
2025-06-24 17:00:00,998.0,952.22375
2025-06-24 18:00:00,796.0,871.6768
2025-06-24 19:00:00,504.0,664.9003
2025-06-24 20:00:00,324.0,391.8354
2025-06-24 21:00:00,256.0,289.92285
2025-06-24 22:00:00,204.0,204.59201
2025-06-24 23:00:00,146.0,134.79297
2025-06-25 00:00:00,44.0,96.63394
2025-06-25 01:00:00,31.0,78.03848
2025-06-25 02:00:00,12.0,67.315
2025-06-25 03:00:00,28.0,62.968964
2025-06-25 04:00:00,59.0,107.09091
2025-06-25 05:00:00,442.0,717.88574
2025-06-25 06:00:00,952.0,867.58875
2025-06-25 07:00:00,905.0,797.2557
2025-06-25 08:00:00,690.0,633.201
2025-06-25 09:00:00,582.0,567.121
2025-06-25 10:00:00,563.0,584.2063
2025-06-25 11:00:00,729.0,605.97046
2025-06-25 12:00:00,683.0,633.99634
2025-06-25 13:00:00,807.0,675.0237
2025-06-25 14:00:00,756.0,728.77454
2025-06-25 15:00:00,905.0,824.3486
2025-06-25 16:00:00,1017.0,929.67395
2025-06-25 17:00:00,1207.0,972.6915
2025-06-25 18:00:00,806.0,921.5973
2025-06-25 19:00:00,594.0,685.9359
2025-06-25 20:00:00,461.0,419.8249
2025-06-25 21:00:00,345.0,304.9384
2025-06-25 22:00:00,278.0,217.33684
2025-06-25 23:00:00,119.0,144.69522
2025-06-26 00:00:00,87.0,118.41199
2025-06-26 01:00:00,38.0,89.03305
2025-06-26 02:00:00,31.0,78.42099
2025-06-26 03:00:00,30.0,92.454926
2025-06-26 04:00:00,80.0,121.74249
2025-06-26 05:00:00,410.0,409.95728
2025-06-26 06:00:00,946.0,840.5291
2025-06-26 07:00:00,935.0,753.21704
2025-06-26 08:00:00,671.0,644.3646
2025-06-26 09:00:00,611.0,596.9878
2025-06-26 10:00:00,687.0,604.72363
2025-06-26 11:00:00,703.0,631.1438
2025-06-26 12:00:00,665.0,669.00354
2025-06-26 13:00:00,753.0,675.35925
2025-06-26 14:00:00,726.0,702.645
2025-06-26 15:00:00,714.0,759.991
2025-06-26 16:00:00,830.0,860.3622
2025-06-26 17:00:00,909.0,946.22986
2025-06-26 18:00:00,722.0,832.1096
2025-06-26 19:00:00,480.0,596.7905
2025-06-26 20:00:00,341.0,422.65515
2025-06-26 21:00:00,254.0,330.1627
2025-06-26 22:00:00,222.0,244.35287
2025-06-26 23:00:00,138.0,170.78537
2025-06-27 00:00:00,54.0,147.51578
2025-06-27 01:00:00,29.0,103.1109
2025-06-27 02:00:00,24.0,81.60867
2025-06-27 03:00:00,43.0,77.54996
2025-06-27 04:00:00,78.0,115.456604
2025-06-27 05:00:00,357.0,510.08932
2025-06-27 06:00:00,833.0,808.9022
2025-06-27 07:00:00,868.0,784.46216
2025-06-27 08:00:00,619.0,665.97003
2025-06-27 09:00:00,583.0,611.8927
2025-06-27 10:00:00,617.0,631.73645
2025-06-27 11:00:00,746.0,666.42377
2025-06-27 12:00:00,705.0,700.85455
2025-06-27 13:00:00,765.0,735.84717
2025-06-27 14:00:00,878.0,808.4795
2025-06-27 15:00:00,1024.0,887.3767
2025-06-27 16:00:00,1134.0,943.85034
2025-06-27 17:00:00,1102.0,929.39575
2025-06-27 18:00:00,970.0,855.08704
2025-06-27 19:00:00,658.0,745.12964
2025-06-27 20:00:00,477.0,490.7211
2025-06-27 21:00:00,460.0,379.70264
2025-06-27 22:00:00,408.0,297.6657
2025-06-27 23:00:00,273.0,217.69202
2025-06-28 00:00:00,184.0,215.42018
2025-06-28 01:00:00,96.0,154.37595
2025-06-28 02:00:00,65.0,123.96097
2025-06-28 03:00:00,48.0,106.5665
2025-06-28 04:00:00,64.0,106.614655
2025-06-28 05:00:00,132.0,173.79868
2025-06-28 06:00:00,252.0,279.4414
2025-06-28 07:00:00,405.0,395.97076
2025-06-28 08:00:00,572.0,555.6257
2025-06-28 09:00:00,746.0,643.038
2025-06-28 10:00:00,732.0,691.72504
2025-06-28 11:00:00,765.0,725.0793
2025-06-28 12:00:00,759.0,750.11395
2025-06-28 13:00:00,824.0,790.5
2025-06-28 14:00:00,917.0,858.10284
2025-06-28 15:00:00,1003.0,925.192
2025-06-28 16:00:00,1112.0,965.7502
2025-06-28 17:00:00,1201.0,979.6963
2025-06-28 18:00:00,1013.0,940.16077
2025-06-28 19:00:00,752.0,815.11975
2025-06-28 20:00:00,644.0,542.20905
2025-06-28 21:00:00,491.0,451.6184
2025-06-28 22:00:00,444.0,385.7906
2025-06-28 23:00:00,334.0,300.96112
2025-06-29 00:00:00,186.0,181.7398
2025-06-29 01:00:00,144.0,137.77649
2025-06-29 02:00:00,91.0,115.72955
2025-06-29 03:00:00,76.0,104.00043
2025-06-29 04:00:00,67.0,110.449005
2025-06-29 05:00:00,67.0,233.38104
2025-06-29 06:00:00,128.0,359.8517
2025-06-29 07:00:00,191.0,484.1064
2025-06-29 08:00:00,409.0,554.6373
2025-06-29 09:00:00,568.0,621.4127
2025-06-29 10:00:00,734.0,650.45996
2025-06-29 11:00:00,759.0,671.04065
2025-06-29 12:00:00,814.0,693.48303
2025-06-29 13:00:00,1015.0,721.7284
2025-06-29 14:00:00,1101.0,764.45886
2025-06-29 15:00:00,1125.0,830.5127
2025-06-29 16:00:00,1245.0,911.4574
2025-06-29 17:00:00,1271.0,963.9182
2025-06-29 18:00:00,1211.0,981.29285
2025-06-29 19:00:00,1230.0,917.1825
2025-06-29 20:00:00,1113.0,692.2554
2025-06-29 21:00:00,761.0,524.71594
2025-06-29 22:00:00,467.0,382.86594
2025-06-29 23:00:00,288.0,267.48682
2025-06-30 00:00:00,125.0,118.227905
2025-06-30 01:00:00,81.0,93.578
2025-06-30 02:00:00,54.0,79.65796
2025-06-30 03:00:00,50.0,87.360016
2025-06-30 04:00:00,97.0,175.56305
2025-06-30 05:00:00,498.0,512.9668
2025-06-30 06:00:00,936.0,880.3843
2025-06-30 07:00:00,979.0,851.3284
2025-06-30 08:00:00,167.0,640.4397
2025-06-30 09:00:00,574.0,576.3949
2025-06-30 10:00:00,643.0,586.9797
2025-06-30 11:00:00,740.0,610.6576
2025-06-30 12:00:00,734.0,638.9777
2025-06-30 13:00:00,808.0,677.1269
2025-06-30 14:00:00,793.0,730.6007
2025-06-30 15:00:00,904.0,836.0454
2025-06-30 16:00:00,1011.0,906.20154
2025-06-30 17:00:00,1112.0,908.8364
2025-06-30 18:00:00,756.0,760.8832
2025-06-30 19:00:00,529.0,562.44214
2025-06-30 20:00:00,388.0,416.84442
2025-06-30 21:00:00,322.0,318.4868
2025-06-30 22:00:00,263.0,234.53552
2025-06-30 23:00:00,134.0,163.71463
2025-07-01 00:00:00,82.0,107.401
2025-07-01 01:00:00,52.0,87.308136
2025-07-01 02:00:00,39.0,75.77945
2025-07-01 03:00:00,44.0,72.0726
2025-07-01 04:00:00,83.0,129.38248
2025-07-01 05:00:00,434.0,603.9885
2025-07-01 06:00:00,979.0,881.2721
2025-07-01 07:00:00,975.0,823.66846
2025-07-01 08:00:00,688.0,624.477
2025-07-01 09:00:00,566.0,562.87885
2025-07-01 10:00:00,593.0,579.6273
2025-07-01 11:00:00,661.0,605.3943
2025-07-01 12:00:00,667.0,637.31165
2025-07-01 13:00:00,745.0,672.171
2025-07-01 14:00:00,753.0,715.4345
2025-07-01 15:00:00,760.0,806.2807
2025-07-01 16:00:00,978.0,903.2514
2025-07-01 17:00:00,949.0,956.6181
2025-07-01 18:00:00,750.0,879.41675
2025-07-01 19:00:00,498.0,671.81494
2025-07-01 20:00:00,398.0,426.12338
2025-07-01 21:00:00,303.0,314.34955
2025-07-01 22:00:00,210.0,228.29764
2025-07-01 23:00:00,117.0,153.0773
2025-07-02 00:00:00,61.0,111.61362
2025-07-02 01:00:00,43.0,84.29791
2025-07-02 02:00:00,38.0,71.515076
2025-07-02 03:00:00,37.0,70.43732
2025-07-02 04:00:00,70.0,113.71579
2025-07-02 05:00:00,464.0,705.8237
2025-07-02 06:00:00,911.0,869.6137
2025-07-02 07:00:00,942.0,810.73254
2025-07-02 08:00:00,550.0,650.41064
2025-07-02 09:00:00,621.0,573.84094
2025-07-02 10:00:00,594.0,591.0273
2025-07-02 11:00:00,605.0,614.8126
2025-07-02 12:00:00,690.0,643.94226
2025-07-02 13:00:00,748.0,685.776
2025-07-02 14:00:00,618.0,743.3805
2025-07-02 15:00:00,979.0,840.8985
2025-07-02 16:00:00,951.0,938.8554
2025-07-02 17:00:00,1098.0,976.7051
2025-07-02 18:00:00,737.0,918.0206
2025-07-02 19:00:00,448.0,620.5725
2025-07-02 20:00:00,344.0,439.99417
2025-07-02 21:00:00,296.0,326.16443
2025-07-02 22:00:00,170.0,235.42683
2025-07-02 23:00:00,112.0,156.78006
2025-07-03 00:00:00,75.0,139.67725
2025-07-03 01:00:00,28.0,96.620026
2025-07-03 02:00:00,38.0,79.278595
2025-07-03 03:00:00,61.0,79.36453
2025-07-03 04:00:00,75.0,131.41827
2025-07-03 05:00:00,435.0,459.19357
2025-07-03 06:00:00,901.0,831.5936
2025-07-03 07:00:00,998.0,821.26294
2025-07-03 08:00:00,626.0,670.6711
2025-07-03 09:00:00,622.0,612.21844
2025-07-03 10:00:00,637.0,613.5455
2025-07-03 11:00:00,697.0,639.94666
2025-07-03 12:00:00,685.0,678.18634
2025-07-03 13:00:00,786.0,703.34686
2025-07-03 14:00:00,804.0,783.90466
2025-07-03 15:00:00,880.0,876.33044
2025-07-03 16:00:00,960.0,931.4125
2025-07-03 17:00:00,1028.0,969.3544
2025-07-03 18:00:00,724.0,890.97766
2025-07-03 19:00:00,485.0,647.591
2025-07-03 20:00:00,362.0,456.2596
2025-07-03 21:00:00,361.0,349.47305
2025-07-03 22:00:00,294.0,267.05444
2025-07-03 23:00:00,160.0,200.28424
2025-07-04 00:00:00,91.0,168.52567
2025-07-04 01:00:00,52.0,118.42819
2025-07-04 02:00:00,37.0,92.99072
2025-07-04 03:00:00,40.0,285.56787
2025-07-04 04:00:00,76.0,404.45123
2025-07-04 05:00:00,368.0,371.5481
2025-07-04 06:00:00,808.0,790.2704
2025-07-04 07:00:00,871.0,790.7402
2025-07-04 08:00:00,662.0,645.434
2025-07-04 09:00:00,585.0,607.85767
2025-07-04 10:00:00,664.0,632.5637
2025-07-04 11:00:00,698.0,663.5314
2025-07-04 12:00:00,757.0,695.2343
2025-07-04 13:00:00,794.0,741.5325
2025-07-04 14:00:00,871.0,813.4391
2025-07-04 15:00:00,887.0,888.5307
2025-07-04 16:00:00,961.0,946.4638
2025-07-04 17:00:00,1052.0,958.58264
2025-07-04 18:00:00,691.0,881.36334
2025-07-04 19:00:00,451.0,669.92346
2025-07-04 20:00:00,462.0,478.62317
2025-07-04 21:00:00,401.0,380.39087
2025-07-04 22:00:00,292.0,301.435
2025-07-04 23:00:00,206.0,227.9261
2025-07-05 00:00:00,157.0,222.9236
2025-07-05 01:00:00,96.0,159.49994
2025-07-05 02:00:00,64.0,129.45673
2025-07-05 03:00:00,57.0,116.16321
2025-07-05 04:00:00,66.0,114.45871
2025-07-05 05:00:00,99.0,143.9545
2025-07-05 06:00:00,216.0,226.39922
2025-07-05 07:00:00,346.0,352.55945
2025-07-05 08:00:00,588.0,551.40796
2025-07-05 09:00:00,697.0,670.12915
2025-07-05 10:00:00,711.0,694.53314
2025-07-05 11:00:00,739.0,726.13916
2025-07-05 12:00:00,766.0,749.84094
2025-07-05 13:00:00,862.0,791.3895
2025-07-05 14:00:00,973.0,866.76306
2025-07-05 15:00:00,1047.0,932.1389
2025-07-05 16:00:00,1062.0,963.0288
2025-07-05 17:00:00,1155.0,936.93506
2025-07-05 18:00:00,889.0,901.7552
2025-07-05 19:00:00,753.0,724.61
2025-07-05 20:00:00,552.0,546.19464
2025-07-05 21:00:00,536.0,453.19055
2025-07-05 22:00:00,416.0,394.48907
2025-07-05 23:00:00,293.0,315.9357
2025-07-06 00:00:00,207.0,185.98813
2025-07-06 01:00:00,105.0,136.09344
2025-07-06 02:00:00,90.0,106.32327
2025-07-06 03:00:00,62.0,91.54349
2025-07-06 04:00:00,64.0,85.78082
2025-07-06 05:00:00,46.0,128.508
2025-07-06 06:00:00,100.0,183.82709
2025-07-06 07:00:00,179.0,241.18492
2025-07-06 08:00:00,289.0,362.50336
2025-07-06 09:00:00,496.0,551.7961
2025-07-06 10:00:00,643.0,640.5114
2025-07-06 11:00:00,729.0,705.1943
2025-07-06 12:00:00,721.0,745.3379
2025-07-06 13:00:00,953.0,812.18677
2025-07-06 14:00:00,1129.0,892.8197
2025-07-06 15:00:00,1202.0,955.66034
2025-07-06 16:00:00,1236.0,987.5862
2025-07-06 17:00:00,1163.0,971.78815
2025-07-06 18:00:00,1174.0,904.0681
2025-07-06 19:00:00,978.0,721.17773
2025-07-06 20:00:00,759.0,606.25116
2025-07-06 21:00:00,547.0,496.3976
2025-07-06 22:00:00,338.0,384.0256
2025-07-06 23:00:00,194.0,273.0205
2025-07-07 00:00:00,117.0,110.866425
2025-07-07 01:00:00,71.0,94.0531
2025-07-07 02:00:00,34.0,76.06241
2025-07-07 03:00:00,56.0,72.069824
2025-07-07 04:00:00,109.0,122.25009
2025-07-07 05:00:00,414.0,417.7207
2025-07-07 06:00:00,892.0,898.22
2025-07-07 07:00:00,881.0,847.7997
2025-07-07 08:00:00,652.0,640.6488
2025-07-07 09:00:00,594.0,551.1234
2025-07-07 10:00:00,595.0,559.2229
2025-07-07 11:00:00,631.0,593.84155
2025-07-07 12:00:00,753.0,624.32166
2025-07-07 13:00:00,736.0,646.7395
2025-07-07 14:00:00,766.0,680.15283
2025-07-07 15:00:00,810.0,745.38806
2025-07-07 16:00:00,914.0,836.2575
2025-07-07 17:00:00,938.0,808.84375
2025-07-07 18:00:00,661.0,661.00616
2025-07-07 19:00:00,436.0,508.42087
2025-07-07 20:00:00,338.0,370.4447
2025-07-07 21:00:00,274.0,296.08752
2025-07-07 22:00:00,231.0,217.44168
2025-07-07 23:00:00,133.0,152.74533
2025-07-08 00:00:00,69.0,97.87607
2025-07-08 01:00:00,39.0,84.4324
2025-07-08 02:00:00,33.0,68.30414
2025-07-08 03:00:00,51.0,87.12863
2025-07-08 04:00:00,83.0,128.40323
2025-07-08 05:00:00,372.0,548.95874
2025-07-08 06:00:00,886.0,900.8932
2025-07-08 07:00:00,881.0,784.17926
2025-07-08 08:00:00,582.0,593.7112
2025-07-08 09:00:00,526.0,528.31696
2025-07-08 10:00:00,563.0,554.2138
2025-07-08 11:00:00,618.0,587.4888
2025-07-08 12:00:00,623.0,612.9313
2025-07-08 13:00:00,708.0,640.56836
2025-07-08 14:00:00,698.0,675.0781
2025-07-08 15:00:00,761.0,732.4458
2025-07-08 16:00:00,915.0,859.88965
2025-07-08 17:00:00,936.0,843.3036
2025-07-08 18:00:00,631.0,676.85724
2025-07-08 19:00:00,402.0,475.06335
2025-07-08 20:00:00,339.0,348.24548
2025-07-08 21:00:00,283.0,271.1925
2025-07-08 22:00:00,230.0,190.32654
2025-07-08 23:00:00,124.0,126.345764
2025-07-09 00:00:00,55.0,90.808014
2025-07-09 01:00:00,36.0,73.7439
2025-07-09 02:00:00,27.0,63.729218
2025-07-09 03:00:00,28.0,60.653625
2025-07-09 04:00:00,65.0,96.44864
2025-07-09 05:00:00,425.0,392.27496
2025-07-09 06:00:00,863.0,919.2415
2025-07-09 07:00:00,818.0,812.989
2025-07-09 08:00:00,670.0,637.04004
2025-07-09 09:00:00,571.0,551.70325
2025-07-09 10:00:00,631.0,560.6016
2025-07-09 11:00:00,639.0,601.3229
2025-07-09 12:00:00,664.0,625.2925
2025-07-09 13:00:00,734.0,652.3123
2025-07-09 14:00:00,799.0,706.8834
2025-07-09 15:00:00,848.0,809.95654
2025-07-09 16:00:00,1017.0,922.92664
2025-07-09 17:00:00,1052.0,957.53735
2025-07-09 18:00:00,782.0,862.9828
2025-07-09 19:00:00,503.0,663.4685
2025-07-09 20:00:00,383.0,376.05878
2025-07-09 21:00:00,286.0,283.3449
2025-07-09 22:00:00,256.0,196.58981
2025-07-09 23:00:00,139.0,122.62326
2025-07-10 00:00:00,24.0,106.16028
2025-07-10 01:00:00,53.0,80.681305
2025-07-10 02:00:00,47.0,69.27356
2025-07-10 03:00:00,43.0,66.75781
2025-07-10 04:00:00,84.0,96.519165
2025-07-10 05:00:00,379.0,577.7995
2025-07-10 06:00:00,864.0,861.598
2025-07-10 07:00:00,786.0,801.58496
2025-07-10 08:00:00,661.0,658.3755
2025-07-10 09:00:00,603.0,577.1084
2025-07-10 10:00:00,652.0,590.65704
2025-07-10 11:00:00,674.0,619.7853
2025-07-10 12:00:00,698.0,656.696
2025-07-10 13:00:00,766.0,699.9724
2025-07-10 14:00:00,769.0,760.23645
2025-07-10 15:00:00,953.0,866.7276
2025-07-10 16:00:00,975.0,947.67255
2025-07-10 17:00:00,1223.0,966.6306
2025-07-10 18:00:00,920.0,884.10913
2025-07-10 19:00:00,552.0,693.955
2025-07-10 20:00:00,444.0,422.17618
2025-07-10 21:00:00,367.0,335.36258
2025-07-10 22:00:00,270.0,247.16039
2025-07-10 23:00:00,134.0,175.14325
2025-07-11 00:00:00,56.0,155.21432
2025-07-11 01:00:00,62.0,108.6232
2025-07-11 02:00:00,37.0,84.037994
2025-07-11 03:00:00,30.0,75.09448
2025-07-11 04:00:00,71.0,110.47208
2025-07-11 05:00:00,355.0,495.13077
2025-07-11 06:00:00,756.0,799.5416
2025-07-11 07:00:00,721.0,773.1222
2025-07-11 08:00:00,647.0,664.82666
2025-07-11 09:00:00,647.0,610.52936
2025-07-11 10:00:00,646.0,618.3233
2025-07-11 11:00:00,669.0,651.4083
2025-07-11 12:00:00,686.0,697.28986
2025-07-11 13:00:00,831.0,739.9016
2025-07-11 14:00:00,900.0,811.2245
2025-07-11 15:00:00,1019.0,889.8734
2025-07-11 16:00:00,1135.0,944.9358
2025-07-11 17:00:00,1146.0,945.87555
2025-07-11 18:00:00,903.0,821.1062
2025-07-11 19:00:00,621.0,655.12573
2025-07-11 20:00:00,493.0,467.82574
2025-07-11 21:00:00,408.0,376.5665
2025-07-11 22:00:00,368.0,296.53503
2025-07-11 23:00:00,227.0,226.1214
2025-07-12 00:00:00,157.0,211.47545
2025-07-12 01:00:00,93.0,152.20715
2025-07-12 02:00:00,57.0,124.42914
2025-07-12 03:00:00,65.0,107.63379
2025-07-12 04:00:00,64.0,105.00064
2025-07-12 05:00:00,110.0,133.57007
2025-07-12 06:00:00,199.0,265.9278
2025-07-12 07:00:00,305.0,385.07147
2025-07-12 08:00:00,489.0,541.3404
2025-07-12 09:00:00,682.0,642.712
2025-07-12 10:00:00,712.0,682.0663
2025-07-12 11:00:00,660.0,716.20856
2025-07-12 12:00:00,757.0,741.56165
2025-07-12 13:00:00,794.0,784.3501
2025-07-12 14:00:00,874.0,862.24884
2025-07-12 15:00:00,812.0,931.16394
2025-07-12 16:00:00,909.0,966.83984
2025-07-12 17:00:00,926.0,976.61755
2025-07-12 18:00:00,800.0,931.44214
2025-07-12 19:00:00,838.0,782.6323
2025-07-12 20:00:00,647.0,522.81055
2025-07-12 21:00:00,569.0,444.14407
2025-07-12 22:00:00,452.0,396.31552
2025-07-12 23:00:00,289.0,312.05188
2025-07-13 00:00:00,184.0,178.87918
2025-07-13 01:00:00,131.0,134.44693
2025-07-13 02:00:00,74.0,104.8956
2025-07-13 03:00:00,61.0,89.15912
2025-07-13 04:00:00,57.0,84.364105
2025-07-13 05:00:00,74.0,108.11807
2025-07-13 06:00:00,125.0,167.49924
2025-07-13 07:00:00,180.0,244.22984
2025-07-13 08:00:00,332.0,365.8782
2025-07-13 09:00:00,473.0,533.3554
2025-07-13 10:00:00,751.0,649.0236
2025-07-13 11:00:00,767.0,702.6963
2025-07-13 12:00:00,727.0,738.76575
2025-07-13 13:00:00,919.0,805.1898
2025-07-13 14:00:00,1039.0,907.74
2025-07-13 15:00:00,1095.0,993.5088
2025-07-13 16:00:00,1178.0,1044.3514
2025-07-13 17:00:00,1140.0,1059.2705
2025-07-13 18:00:00,1008.0,1004.2594
2025-07-13 19:00:00,925.0,833.8711
2025-07-13 20:00:00,832.0,656.36743
2025-07-13 21:00:00,563.0,530.213
2025-07-13 22:00:00,397.0,415.08084
2025-07-13 23:00:00,242.0,289.40625
2025-07-14 00:00:00,154.0,115.57205
2025-07-14 01:00:00,95.0,93.51337
2025-07-14 02:00:00,53.0,80.49405
2025-07-14 03:00:00,57.0,84.68454
2025-07-14 04:00:00,83.0,156.99625
2025-07-14 05:00:00,391.0,478.6668
2025-07-14 06:00:00,894.0,908.2553
2025-07-14 07:00:00,796.0,857.96796
2025-07-14 08:00:00,627.0,660.7575
2025-07-14 09:00:00,576.0,557.92615
2025-07-14 10:00:00,427.0,566.84045
2025-07-14 11:00:00,715.0,603.68823
2025-07-14 12:00:00,679.0,630.08795
2025-07-14 13:00:00,764.0,665.96295
2025-07-14 14:00:00,723.0,711.5684
2025-07-14 15:00:00,720.0,794.26373
2025-07-14 16:00:00,920.0,895.5093
2025-07-14 17:00:00,892.0,885.2471
2025-07-14 18:00:00,741.0,736.7113
2025-07-14 19:00:00,524.0,561.16016
2025-07-14 20:00:00,427.0,403.33136
2025-07-14 21:00:00,340.0,310.99994
2025-07-14 22:00:00,231.0,232.59685
2025-07-14 23:00:00,146.0,161.51523
2025-07-15 00:00:00,75.0,102.90915
2025-07-15 01:00:00,43.0,83.81006
2025-07-15 02:00:00,33.0,71.965485
2025-07-15 03:00:00,36.0,75.516846
2025-07-15 04:00:00,71.0,119.25787
2025-07-15 05:00:00,387.0,468.97662
2025-07-15 06:00:00,862.0,903.2997
2025-07-15 07:00:00,834.0,841.3544
2025-07-15 08:00:00,586.0,628.65
2025-07-15 09:00:00,567.0,548.2076
2025-07-15 10:00:00,581.0,569.3814
2025-07-15 11:00:00,531.0,599.551
2025-07-15 12:00:00,595.0,629.81964
2025-07-15 13:00:00,716.0,653.989
2025-07-15 14:00:00,688.0,674.557
2025-07-15 15:00:00,657.0,743.7247
2025-07-15 16:00:00,855.0,867.46545
2025-07-15 17:00:00,986.0,900.7665
2025-07-15 18:00:00,664.0,735.56104
2025-07-15 19:00:00,449.0,537.8965
2025-07-15 20:00:00,345.0,369.6331
2025-07-15 21:00:00,323.0,287.27176
2025-07-15 22:00:00,248.0,208.5362
2025-07-15 23:00:00,133.0,139.1611
2025-07-16 00:00:00,67.0,100.71042
2025-07-16 01:00:00,56.0,81.59244
2025-07-16 02:00:00,36.0,69.31137
2025-07-16 03:00:00,32.0,66.16788
2025-07-16 04:00:00,71.0,109.37009
2025-07-16 05:00:00,379.0,428.08273
2025-07-16 06:00:00,836.0,892.9641
2025-07-16 07:00:00,748.0,828.7687
2025-07-16 08:00:00,580.0,624.45374
2025-07-16 09:00:00,566.0,552.2691
2025-07-16 10:00:00,656.0,576.6837
2025-07-16 11:00:00,621.0,615.5304
2025-07-16 12:00:00,667.0,644.6853
2025-07-16 13:00:00,743.0,663.18976
2025-07-16 14:00:00,780.0,698.1214
2025-07-16 15:00:00,778.0,773.8176
2025-07-16 16:00:00,998.0,886.3507
2025-07-16 17:00:00,996.0,922.537
2025-07-16 18:00:00,780.0,761.4267
2025-07-16 19:00:00,508.0,509.99823
2025-07-16 20:00:00,395.0,378.94855
2025-07-16 21:00:00,297.0,291.74658
2025-07-16 22:00:00,281.0,209.4644
2025-07-16 23:00:00,120.0,138.54535
2025-07-17 00:00:00,55.0,116.957886
2025-07-17 01:00:00,71.0,104.22424
2025-07-17 02:00:00,31.0,162.46753
2025-07-17 03:00:00,33.0,70.93628
2025-07-17 04:00:00,81.0,105.566925
2025-07-17 05:00:00,364.0,453.40778
2025-07-17 06:00:00,824.0,860.7178
2025-07-17 07:00:00,764.0,807.91327
2025-07-17 08:00:00,435.0,643.8948
2025-07-17 09:00:00,551.0,569.671
2025-07-17 10:00:00,591.0,595.9673
2025-07-17 11:00:00,691.0,626.35455
2025-07-17 12:00:00,622.0,659.433
2025-07-17 13:00:00,773.0,679.7543
2025-07-17 14:00:00,721.0,750.572
2025-07-17 15:00:00,789.0,865.32117
2025-07-17 16:00:00,965.0,946.7374
2025-07-17 17:00:00,1025.0,965.61035
2025-07-17 18:00:00,845.0,876.3489
2025-07-17 19:00:00,569.0,688.7715
2025-07-17 20:00:00,435.0,420.85498
2025-07-17 21:00:00,350.0,332.45407
2025-07-17 22:00:00,327.0,245.6999
2025-07-17 23:00:00,168.0,174.12015
2025-07-18 00:00:00,71.0,153.443
2025-07-18 01:00:00,70.0,107.524475
2025-07-18 02:00:00,46.0,85.263916
2025-07-18 03:00:00,53.0,77.39447
2025-07-18 04:00:00,82.0,113.5621
2025-07-18 05:00:00,313.0,482.2543
2025-07-18 06:00:00,768.0,798.5054
2025-07-18 07:00:00,624.0,775.78564
2025-07-18 08:00:00,551.0,667.0686
2025-07-18 09:00:00,549.0,607.8367
2025-07-18 10:00:00,741.0,618.24884
2025-07-18 11:00:00,669.0,650.18274
2025-07-18 12:00:00,688.0,695.41345
2025-07-18 13:00:00,803.0,741.63367
2025-07-18 14:00:00,852.0,813.33093
2025-07-18 15:00:00,972.0,889.35767
2025-07-18 16:00:00,1111.0,945.09155
2025-07-18 17:00:00,1213.0,957.4173
2025-07-18 18:00:00,1007.0,882.23334
2025-07-18 19:00:00,756.0,706.4234
2025-07-18 20:00:00,622.0,470.2193
2025-07-18 21:00:00,524.0,375.93356
2025-07-18 22:00:00,442.0,294.1209
2025-07-18 23:00:00,292.0,223.19882
2025-07-19 00:00:00,199.0,211.8303
2025-07-19 01:00:00,131.0,153.5763
2025-07-19 02:00:00,73.0,125.78815
2025-07-19 03:00:00,72.0,110.14307
2025-07-19 04:00:00,77.0,108.83057
2025-07-19 05:00:00,125.0,137.73703
2025-07-19 06:00:00,191.0,206.3595
2025-07-19 07:00:00,314.0,387.32727
2025-07-19 08:00:00,433.0,544.1863
2025-07-19 09:00:00,617.0,643.1342
2025-07-19 10:00:00,666.0,687.38965
2025-07-19 11:00:00,674.0,724.72894
2025-07-19 12:00:00,688.0,755.49786
2025-07-19 13:00:00,788.0,787.1255
2025-07-19 14:00:00,1018.0,781.14655
2025-07-19 15:00:00,947.0,827.8375
2025-07-19 16:00:00,882.0,864.7941
2025-07-19 17:00:00,792.0,912.55005
2025-07-19 18:00:00,678.0,758.60474
2025-07-19 19:00:00,626.0,619.2416
2025-07-19 20:00:00,549.0,505.97714
2025-07-19 21:00:00,504.0,439.61786
2025-07-19 22:00:00,429.0,395.61578
2025-07-19 23:00:00,279.0,308.41125
2025-07-20 00:00:00,205.0,177.52017
2025-07-20 01:00:00,157.0,133.35233
2025-07-20 02:00:00,110.0,103.95859
2025-07-20 03:00:00,56.0,87.72684
2025-07-20 04:00:00,82.0,81.833984
2025-07-20 05:00:00,81.0,96.776825
2025-07-20 06:00:00,109.0,182.73419
2025-07-20 07:00:00,176.0,251.09416
2025-07-20 08:00:00,286.0,367.88495
2025-07-20 09:00:00,473.0,528.6394
2025-07-20 10:00:00,575.0,637.12134
2025-07-20 11:00:00,637.0,698.8245
2025-07-20 12:00:00,683.0,737.76807
2025-07-20 13:00:00,881.0,805.85425
2025-07-20 14:00:00,961.0,906.8004
2025-07-20 15:00:00,1167.0,973.3642
2025-07-20 16:00:00,1338.0,949.9208
2025-07-20 17:00:00,1273.0,1036.7144
2025-07-20 18:00:00,1085.0,929.1178
2025-07-20 19:00:00,928.0,644.6796
2025-07-20 20:00:00,692.0,580.914
2025-07-20 21:00:00,645.0,426.09427
2025-07-20 22:00:00,353.0,317.7458
2025-07-20 23:00:00,266.0,270.35806
2025-07-21 00:00:00,165.0,113.592896
2025-07-21 01:00:00,117.0,156.07599
2025-07-21 02:00:00,62.0,76.17316
2025-07-21 03:00:00,77.0,110.59067
2025-07-21 04:00:00,100.0,133.78464
2025-07-21 05:00:00,379.0,530.3289
2025-07-21 06:00:00,767.0,931.14075
2025-07-21 07:00:00,748.0,866.2471
2025-07-21 08:00:00,595.0,658.08594
2025-07-21 09:00:00,542.0,550.97833
2025-07-21 10:00:00,578.0,558.6145
2025-07-21 11:00:00,700.0,597.16284
2025-07-21 12:00:00,686.0,624.0027
2025-07-21 13:00:00,723.0,660.8028
2025-07-21 14:00:00,726.0,705.8468
2025-07-21 15:00:00,750.0,736.0894
2025-07-21 16:00:00,805.0,881.2691
2025-07-21 17:00:00,879.0,905.9945
2025-07-21 18:00:00,689.0,799.5124
2025-07-21 19:00:00,502.0,536.4717
2025-07-21 20:00:00,400.0,394.1554
2025-07-21 21:00:00,309.0,305.64316
2025-07-21 22:00:00,224.0,241.4389
2025-07-21 23:00:00,143.0,152.7573
2025-07-22 00:00:00,70.0,102.51462
2025-07-22 01:00:00,20.0,83.89627
2025-07-22 02:00:00,37.0,70.73102
2025-07-22 03:00:00,52.0,67.912506
2025-07-22 04:00:00,85.0,112.9541
2025-07-22 05:00:00,358.0,437.20483
2025-07-22 06:00:00,785.0,919.7405
2025-07-22 07:00:00,780.0,787.36633
2025-07-22 08:00:00,581.0,621.5337
2025-07-22 09:00:00,570.0,540.72144
2025-07-22 10:00:00,608.0,563.6724
2025-07-22 11:00:00,576.0,595.5744
2025-07-22 12:00:00,582.0,628.7964
2025-07-22 13:00:00,677.0,652.0845
2025-07-22 14:00:00,610.0,690.7066
2025-07-22 15:00:00,707.0,769.5261
2025-07-22 16:00:00,965.0,869.9652
2025-07-22 17:00:00,1044.0,903.5638
2025-07-22 18:00:00,842.0,739.95245
2025-07-22 19:00:00,609.0,546.6789
2025-07-22 20:00:00,460.0,363.6453
2025-07-22 21:00:00,356.0,281.39078
2025-07-22 22:00:00,270.0,201.2041
2025-07-22 23:00:00,147.0,132.74011
2025-07-23 00:00:00,65.0,96.667175
2025-07-23 01:00:00,14.0,78.9267
2025-07-23 02:00:00,24.0,67.73752
2025-07-23 03:00:00,49.0,63.553284
2025-07-23 04:00:00,88.0,99.62775
2025-07-23 05:00:00,355.0,519.28156
2025-07-23 06:00:00,766.0,895.03076
2025-07-23 07:00:00,776.0,809.20197
2025-07-23 08:00:00,594.0,645.5133
2025-07-23 09:00:00,574.0,557.02386
2025-07-23 10:00:00,621.0,570.45465
2025-07-23 11:00:00,612.0,608.36365
2025-07-23 12:00:00,666.0,643.27686
2025-07-23 13:00:00,815.0,668.1151
2025-07-23 14:00:00,776.0,696.5654
2025-07-23 15:00:00,928.0,779.8148
2025-07-23 16:00:00,985.0,891.5253
2025-07-23 17:00:00,1071.0,925.2734
2025-07-23 18:00:00,840.0,777.80676
2025-07-23 19:00:00,584.0,573.3113
2025-07-23 20:00:00,449.0,392.0375
2025-07-23 21:00:00,321.0,298.96957
2025-07-23 22:00:00,251.0,197.30615
2025-07-23 23:00:00,121.0,131.26508
2025-07-24 00:00:00,27.0,113.90677
2025-07-24 01:00:00,69.0,89.06485
2025-07-24 02:00:00,41.0,71.934845
2025-07-24 03:00:00,38.0,72.37369
2025-07-24 04:00:00,90.0,109.77048
2025-07-24 05:00:00,349.0,377.1069
2025-07-24 06:00:00,754.0,875.8557
2025-07-24 07:00:00,736.0,819.13025
2025-07-24 08:00:00,588.0,585.8341
2025-07-24 09:00:00,577.0,567.67926
2025-07-24 10:00:00,674.0,591.0392
2025-07-24 11:00:00,674.0,625.1712
2025-07-24 12:00:00,667.0,648.5088
2025-07-24 13:00:00,777.0,681.11786
2025-07-24 14:00:00,779.0,721.7238
2025-07-24 15:00:00,755.0,815.3618
2025-07-24 16:00:00,891.0,911.72455
2025-07-24 17:00:00,845.0,926.1654
2025-07-24 18:00:00,696.0,794.60535
2025-07-24 19:00:00,468.0,598.20325
2025-07-24 20:00:00,462.0,411.5922
2025-07-24 21:00:00,395.0,300.66937
2025-07-24 22:00:00,282.0,235.70691
2025-07-24 23:00:00,168.0,165.20395
2025-07-25 00:00:00,53.0,156.48828
2025-07-25 01:00:00,72.0,106.336975
2025-07-25 02:00:00,50.0,84.51904
2025-07-25 03:00:00,57.0,78.151245
2025-07-25 04:00:00,75.0,150.70407
2025-07-25 05:00:00,319.0,493.76312
2025-07-25 06:00:00,683.0,820.71234
2025-07-25 07:00:00,610.0,795.52405
2025-07-25 08:00:00,498.0,628.9396
2025-07-25 09:00:00,591.0,581.2977
2025-07-25 10:00:00,661.0,609.3187
2025-07-25 11:00:00,617.0,646.30804
2025-07-25 12:00:00,682.0,674.15314
2025-07-25 13:00:00,773.0,726.4641
2025-07-25 14:00:00,837.0,797.41846
2025-07-25 15:00:00,845.0,885.97485
2025-07-25 16:00:00,890.0,941.4798
2025-07-25 17:00:00,895.0,918.28705
2025-07-25 18:00:00,724.0,802.8396
2025-07-25 19:00:00,606.0,623.3088
2025-07-25 20:00:00,463.0,450.90756
2025-07-25 21:00:00,471.0,371.9635
2025-07-25 22:00:00,454.0,289.63785
2025-07-25 23:00:00,332.0,219.67227
2025-07-26 00:00:00,195.0,202.79773
2025-07-26 01:00:00,142.0,148.71597
2025-07-26 02:00:00,99.0,123.01163
2025-07-26 03:00:00,104.0,107.911804
2025-07-26 04:00:00,90.0,106.87726
2025-07-26 05:00:00,129.0,121.42093
2025-07-26 06:00:00,191.0,192.56812
2025-07-26 07:00:00,286.0,342.1633
2025-07-26 08:00:00,436.0,520.64276
2025-07-26 09:00:00,565.0,636.26587
2025-07-26 10:00:00,624.0,679.8408
2025-07-26 11:00:00,696.0,697.25543
2025-07-26 12:00:00,546.0,719.23694
2025-07-26 13:00:00,846.0,755.76025
2025-07-26 14:00:00,508.0,810.2224
2025-07-26 15:00:00,418.0,834.8851
2025-07-26 16:00:00,488.0,849.58203
2025-07-26 17:00:00,491.0,864.5492
2025-07-26 18:00:00,340.0,730.0404
2025-07-26 19:00:00,246.0,615.2697
2025-07-26 20:00:00,189.0,485.7072
2025-07-26 21:00:00,160.0,435.9012
2025-07-26 22:00:00,140.0,393.4253
2025-07-26 23:00:00,114.0,302.9003
2025-07-27 00:00:00,58.0,175.70184
2025-07-27 01:00:00,31.0,131.50583
2025-07-27 02:00:00,22.0,102.578094
2025-07-27 03:00:00,28.0,82.46213
2025-07-27 04:00:00,41.0,79.753815
2025-07-27 05:00:00,67.0,90.00195
2025-07-27 06:00:00,78.0,133.17499
2025-07-27 07:00:00,94.0,220.82288
2025-07-27 08:00:00,166.0,364.73657
2025-07-27 09:00:00,214.0,498.77078
2025-07-27 10:00:00,254.0,610.73755
2025-07-27 11:00:00,309.0,682.8368
2025-07-27 12:00:00,296.0,730.8502
2025-07-27 13:00:00,340.0,804.167
2025-07-27 14:00:00,348.0,890.67944
2025-07-27 15:00:00,431.0,992.85657
2025-07-27 16:00:00,352.0,1002.4459
2025-07-27 17:00:00,315.0,973.1044
2025-07-27 18:00:00,275.0,834.75995
2025-07-27 19:00:00,214.0,756.2538
2025-07-27 20:00:00,130.0,592.47723
2025-07-27 21:00:00,121.0,496.2349
2025-07-27 22:00:00,87.0,403.84048
2025-07-27 23:00:00,39.0,265.01892
2025-07-28 00:00:00,22.0,109.54636
2025-07-28 01:00:00,28.0,90.602936
2025-07-28 02:00:00,16.0,74.81845
2025-07-28 03:00:00,22.0,74.70328
2025-07-28 04:00:00,57.0,259.80304
2025-07-28 05:00:00,242.0,529.13293
2025-07-28 06:00:00,430.0,600.8901
2025-07-28 07:00:00,475.0,846.7787
2025-07-28 08:00:00,333.0,649.5757
2025-07-28 09:00:00,353.0,545.4076
2025-07-28 10:00:00,386.0,554.1468
2025-07-28 11:00:00,460.0,589.735
2025-07-28 12:00:00,388.0,627.34766
2025-07-28 13:00:00,421.0,652.36646
2025-07-28 14:00:00,408.0,671.20844
2025-07-28 15:00:00,411.0,742.8182
2025-07-28 16:00:00,466.0,826.24316
2025-07-28 17:00:00,483.0,862.942
2025-07-28 18:00:00,298.0,662.26654
2025-07-28 19:00:00,189.0,503.21802
2025-07-28 20:00:00,158.0,374.37726
2025-07-28 21:00:00,117.0,294.14908
2025-07-28 22:00:00,72.0,210.39761
2025-07-28 23:00:00,39.0,148.78278
2025-07-29 00:00:00,18.0,97.812164
2025-07-29 01:00:00,17.0,79.088806
2025-07-29 02:00:00,17.0,67.53836
2025-07-29 03:00:00,31.0,62.571777
2025-07-29 04:00:00,60.0,107.09555
2025-07-29 05:00:00,225.0,481.76712
2025-07-29 06:00:00,510.0,930.3268
2025-07-29 07:00:00,519.0,853.93604
2025-07-29 08:00:00,442.0,620.0585
2025-07-29 09:00:00,388.0,542.117
2025-07-29 10:00:00,480.0,559.4035
2025-07-29 11:00:00,468.0,593.9156
2025-07-29 12:00:00,354.0,621.0649
2025-07-29 13:00:00,578.0,645.18713
2025-07-29 14:00:00,613.0,690.7827
2025-07-29 15:00:00,683.0,745.71625
2025-07-29 16:00:00,808.0,858.7909
2025-07-29 17:00:00,845.0,931.0376
2025-07-29 18:00:00,715.0,710.6516
2025-07-29 19:00:00,537.0,497.15796
2025-07-29 20:00:00,490.0,349.9087
2025-07-29 21:00:00,424.0,268.03162
2025-07-29 22:00:00,293.0,187.30847
2025-07-29 23:00:00,170.0,125.03662
2025-07-30 00:00:00,85.0,90.49399
2025-07-30 01:00:00,66.0,73.50986
2025-07-30 02:00:00,41.0,64.1528
2025-07-30 03:00:00,50.0,60.910217
2025-07-30 04:00:00,80.0,98.77573
2025-07-30 05:00:00,317.0,479.87866
2025-07-30 06:00:00,662.0,901.77075
2025-07-30 07:00:00,636.0,832.10474
2025-07-30 08:00:00,571.0,612.7048
2025-07-30 09:00:00,548.0,539.9233
2025-07-30 10:00:00,584.0,564.3351
2025-07-30 11:00:00,613.0,608.57825
2025-07-30 12:00:00,547.0,639.2184
2025-07-30 13:00:00,653.0,663.42084
2025-07-30 14:00:00,777.0,689.014
2025-07-30 15:00:00,837.0,765.2694
2025-07-30 16:00:00,928.0,884.59015
2025-07-30 17:00:00,937.0,923.08923
2025-07-30 18:00:00,853.0,673.8547
2025-07-30 19:00:00,580.0,529.6436
2025-07-30 20:00:00,474.0,331.20898
2025-07-30 21:00:00,432.0,278.72455
2025-07-30 22:00:00,324.0,189.18796
2025-07-30 23:00:00,150.0,124.54886
2025-07-31 00:00:00,41.0,106.338806
2025-07-31 01:00:00,128.0,85.078186
2025-07-31 02:00:00,60.0,73.059235
2025-07-31 03:00:00,57.0,71.230194
2025-07-31 04:00:00,90.0,130.9851
2025-07-31 05:00:00,308.0,483.37744
2025-07-31 06:00:00,661.0,868.6668
2025-07-31 07:00:00,648.0,819.7985
2025-07-31 08:00:00,546.0,617.0246
2025-07-31 09:00:00,574.0,576.4334
2025-07-31 10:00:00,624.0,582.7632
2025-07-31 11:00:00,689.0,624.31805
2025-07-31 12:00:00,639.0,658.59735
2025-07-31 13:00:00,765.0,678.81006
2025-07-31 14:00:00,824.0,730.31934
2025-07-31 15:00:00,869.0,820.10974
2025-07-31 16:00:00,1013.0,918.8484
2025-07-31 17:00:00,1163.0,960.77875
2025-07-31 18:00:00,1042.0,863.9364
2025-07-31 19:00:00,967.0,593.3584
2025-07-31 20:00:00,449.0,415.78284
2025-07-31 21:00:00,530.0,326.69858
2025-07-31 22:00:00,534.0,240.54446
2025-07-31 23:00:00,456.0,171.0268
2025-08-01 00:00:00,231.0,241.05283
2025-08-01 01:00:00,147.0,206.26917
2025-08-01 02:00:00,125.0,177.44638
2025-08-01 03:00:00,106.0,154.37662
2025-08-01 04:00:00,90.0,141.11578
2025-08-01 05:00:00,83.0,143.74033
2025-08-01 06:00:00,108.0,146.10147
2025-08-01 07:00:00,197.0,190.25198
2025-08-01 08:00:00,309.0,288.68713
2025-08-01 09:00:00,406.0,366.8439
2025-08-01 10:00:00,450.0,453.73456
2025-08-01 11:00:00,532.0,512.38574
2025-08-01 12:00:00,580.0,570.3816
2025-08-01 13:00:00,673.0,610.5079
2025-08-01 14:00:00,642.0,645.8535
2025-08-01 15:00:00,853.0,681.1847
2025-08-01 16:00:00,914.0,687.9416
2025-08-01 17:00:00,826.0,640.95844
2025-08-01 18:00:00,655.0,574.51666
2025-08-01 19:00:00,614.0,466.8337
2025-08-01 20:00:00,576.0,398.8439
2025-08-01 21:00:00,575.0,361.03683
2025-08-01 22:00:00,1070.0,317.77573
2025-08-01 23:00:00,843.0,277.70343
2025-08-02 00:00:00,390.0,191.92151
2025-08-02 01:00:00,276.0,155.732
2025-08-02 02:00:00,208.0,123.13806
2025-08-02 03:00:00,163.0,107.29364
2025-08-02 04:00:00,146.0,177.40262
2025-08-02 05:00:00,132.0,228.59363
2025-08-02 06:00:00,226.0,290.8032
2025-08-02 07:00:00,277.0,312.41547
2025-08-02 08:00:00,369.0,498.7502
2025-08-02 09:00:00,577.0,632.85486
2025-08-02 10:00:00,696.0,667.416
2025-08-02 11:00:00,735.0,700.073
2025-08-02 12:00:00,716.0,703.3159
2025-08-02 13:00:00,824.0,724.58466
2025-08-02 14:00:00,799.0,784.9988
2025-08-02 15:00:00,813.0,838.6124
2025-08-02 16:00:00,810.0,842.1739
2025-08-02 17:00:00,842.0,840.2169
2025-08-02 18:00:00,688.0,725.1387
2025-08-02 19:00:00,667.0,585.1698
2025-08-02 20:00:00,678.0,492.84592
2025-08-02 21:00:00,585.0,440.26248
2025-08-02 22:00:00,515.0,395.15967
2025-08-02 23:00:00,396.0,310.41736
2025-08-03 00:00:00,323.0,185.9964
2025-08-03 01:00:00,251.0,136.62161
2025-08-03 02:00:00,241.0,102.427765
2025-08-03 03:00:00,197.0,91.72571
2025-08-03 04:00:00,108.0,84.532074
2025-08-03 05:00:00,118.0,96.93051
2025-08-03 06:00:00,183.0,132.35559
2025-08-03 07:00:00,272.0,223.19235
2025-08-03 08:00:00,376.0,328.9163
2025-08-03 09:00:00,487.0,511.70697
2025-08-03 10:00:00,578.0,601.42957
2025-08-03 11:00:00,704.0,676.9904
2025-08-03 12:00:00,721.0,723.31396
2025-08-03 13:00:00,832.0,807.21985
2025-08-03 14:00:00,942.0,820.1484
2025-08-03 15:00:00,1097.0,948.42523
2025-08-03 16:00:00,1096.0,1010.73157
2025-08-03 17:00:00,1122.0,974.28467
2025-08-03 18:00:00,1093.0,940.2828
2025-08-03 19:00:00,1010.0,780.9689
2025-08-03 20:00:00,890.0,637.9496
2025-08-03 21:00:00,867.0,514.41437
2025-08-03 22:00:00,618.0,418.7097
2025-08-03 23:00:00,504.0,276.72147
2025-08-04 00:00:00,350.0,114.488525
2025-08-04 01:00:00,226.0,91.725525
2025-08-04 02:00:00,101.0,78.84332
2025-08-04 03:00:00,104.0,75.940796
2025-08-04 04:00:00,91.0,123.02988
2025-08-04 05:00:00,362.0,420.76007
2025-08-04 06:00:00,767.0,892.7533
2025-08-04 07:00:00,808.0,847.49634
2025-08-04 08:00:00,573.0,652.3213
2025-08-04 09:00:00,535.0,553.01434
2025-08-04 10:00:00,614.0,565.58826
2025-08-04 11:00:00,642.0,602.9755
2025-08-04 12:00:00,642.0,633.8369
2025-08-04 13:00:00,702.0,665.69464
2025-08-04 14:00:00,671.0,712.4652
2025-08-04 15:00:00,810.0,794.69855
2025-08-04 16:00:00,897.0,902.84863
2025-08-04 17:00:00,944.0,920.80853
2025-08-04 18:00:00,731.0,809.1817
2025-08-04 19:00:00,589.0,556.7448
2025-08-04 20:00:00,502.0,395.97632
2025-08-04 21:00:00,533.0,307.2741
2025-08-04 22:00:00,431.0,234.45416
2025-08-04 23:00:00,250.0,159.823
2025-08-05 00:00:00,147.0,106.01114
2025-08-05 01:00:00,78.0,85.44299
2025-08-05 02:00:00,62.0,74.30704
2025-08-05 03:00:00,62.0,69.05563
2025-08-05 04:00:00,78.0,119.50198
2025-08-05 05:00:00,328.0,542.2403
2025-08-05 06:00:00,751.0,906.6959
2025-08-05 07:00:00,744.0,827.0026
2025-08-05 08:00:00,563.0,616.17865
2025-08-05 09:00:00,522.0,552.6223
2025-08-05 10:00:00,556.0,578.4785
2025-08-05 11:00:00,644.0,607.4421
2025-08-05 12:00:00,595.0,635.2418
2025-08-05 13:00:00,705.0,665.613
2025-08-05 14:00:00,723.0,710.06445
2025-08-05 15:00:00,813.0,804.38525
2025-08-05 16:00:00,901.0,888.1743
2025-08-05 17:00:00,1039.0,909.3988
2025-08-05 18:00:00,777.0,768.81836
2025-08-05 19:00:00,576.0,598.3695
2025-08-05 20:00:00,485.0,399.23163
2025-08-05 21:00:00,440.0,298.61993
2025-08-05 22:00:00,289.0,218.0151
2025-08-05 23:00:00,178.0,148.95215
2025-08-06 00:00:00,86.0,105.39325
2025-08-06 01:00:00,67.0,84.84827
2025-08-06 02:00:00,43.0,72.3089
2025-08-06 03:00:00,44.0,70.34415
2025-08-06 04:00:00,83.0,112.68454
2025-08-06 05:00:00,305.0,419.44543
2025-08-06 06:00:00,726.0,899.6879
2025-08-06 07:00:00,725.0,825.2062
2025-08-06 08:00:00,563.0,613.19855
2025-08-06 09:00:00,574.0,550.7734
2025-08-06 10:00:00,618.0,569.60925
2025-08-06 11:00:00,578.0,600.89343
2025-08-06 12:00:00,641.0,632.6265
2025-08-06 13:00:00,706.0,669.7992
2025-08-06 14:00:00,765.0,718.17773
2025-08-06 15:00:00,876.0,824.308
2025-08-06 16:00:00,1024.0,906.41125
2025-08-06 17:00:00,1089.0,925.7065
2025-08-06 18:00:00,871.0,793.7323
2025-08-06 19:00:00,589.0,599.7551
2025-08-06 20:00:00,519.0,403.05667
2025-08-06 21:00:00,430.0,302.36377
2025-08-06 22:00:00,218.0,215.3055
2025-08-06 23:00:00,302.0,142.43353
2025-08-07 00:00:00,52.0,121.0766
2025-08-07 01:00:00,138.0,88.09439
2025-08-07 02:00:00,79.0,74.88379
2025-08-07 03:00:00,68.0,72.62988
2025-08-07 04:00:00,104.0,114.78519
2025-08-07 05:00:00,303.0,367.8575
2025-08-07 06:00:00,738.0,853.3042
2025-08-07 07:00:00,723.0,823.0151
2025-08-07 08:00:00,579.0,675.65125
2025-08-07 09:00:00,581.0,589.9985
2025-08-07 10:00:00,660.0,606.9825
2025-08-07 11:00:00,671.0,629.3019
2025-08-07 12:00:00,645.0,669.85236
2025-08-07 13:00:00,789.0,710.2217
2025-08-07 14:00:00,810.0,780.12787
2025-08-07 15:00:00,919.0,880.90656
2025-08-07 16:00:00,1096.0,956.45624
2025-08-07 17:00:00,1197.0,974.68994
2025-08-07 18:00:00,1117.0,892.11755
2025-08-07 19:00:00,684.0,635.2243
2025-08-07 20:00:00,604.0,446.95422
2025-08-07 21:00:00,579.0,342.32248
2025-08-07 22:00:00,437.0,258.46948
2025-08-07 23:00:00,307.0,193.49878
2025-08-08 00:00:00,158.0,165.94342
2025-08-08 01:00:00,109.0,119.93976
2025-08-08 02:00:00,104.0,94.04602
2025-08-08 03:00:00,85.0,86.35019
2025-08-08 04:00:00,120.0,121.377045
2025-08-08 05:00:00,322.0,413.6761
2025-08-08 06:00:00,663.0,783.0752
2025-08-08 07:00:00,722.0,785.0082
2025-08-08 08:00:00,632.0,683.7212
2025-08-08 09:00:00,581.0,627.277
2025-08-08 10:00:00,614.0,637.0565
2025-08-08 11:00:00,763.0,671.0761
2025-08-08 12:00:00,737.0,710.4974
2025-08-08 13:00:00,785.0,754.77045
2025-08-08 14:00:00,891.0,821.0393
2025-08-08 15:00:00,947.0,890.7661
2025-08-08 16:00:00,1222.0,949.9286
2025-08-08 17:00:00,1212.0,961.17505
2025-08-08 18:00:00,1092.0,891.38885
2025-08-08 19:00:00,989.0,672.5579
2025-08-08 20:00:00,875.0,483.2079
2025-08-08 21:00:00,721.0,375.89185
2025-08-08 22:00:00,600.0,302.45636
2025-08-08 23:00:00,543.0,234.13426
2025-08-09 00:00:00,329.0,220.10901
2025-08-09 01:00:00,315.0,162.30563
2025-08-09 02:00:00,264.0,132.34616
2025-08-09 03:00:00,194.0,119.63101
2025-08-09 04:00:00,187.0,116.15787
2025-08-09 05:00:00,219.0,144.93704
2025-08-09 06:00:00,320.0,291.26547
2025-08-09 07:00:00,371.0,407.05695
2025-08-09 08:00:00,535.0,548.4936
2025-08-09 09:00:00,309.0,641.6738
2025-08-09 10:00:00,759.0,692.03064
2025-08-09 11:00:00,637.0,729.26697
2025-08-09 12:00:00,711.0,757.8249
2025-08-09 13:00:00,794.0,804.2519
2025-08-09 14:00:00,1035.0,873.9358
2025-08-09 15:00:00,1021.0,934.48987
2025-08-09 16:00:00,1144.0,975.0975
2025-08-09 17:00:00,1240.0,984.7787
2025-08-09 18:00:00,1223.0,946.6228
2025-08-09 19:00:00,1007.0,732.0522
2025-08-09 20:00:00,828.0,576.83167
2025-08-09 21:00:00,792.0,468.63135
2025-08-09 22:00:00,712.0,392.18704
2025-08-09 23:00:00,525.0,314.15115
2025-08-10 00:00:00,342.0,186.60788
2025-08-10 01:00:00,297.0,137.88257
2025-08-10 02:00:00,231.0,110.16501
2025-08-10 03:00:00,247.0,97.27765
2025-08-10 04:00:00,148.0,93.62521
2025-08-10 05:00:00,178.0,115.95059
2025-08-10 06:00:00,230.0,243.87563
2025-08-10 07:00:00,299.0,285.93793
2025-08-10 08:00:00,439.0,406.96338
2025-08-10 09:00:00,538.0,559.74866
2025-08-10 10:00:00,746.0,660.92896
2025-08-10 11:00:00,723.0,707.3954
2025-08-10 12:00:00,792.0,748.25964
2025-08-10 13:00:00,810.0,819.6532
2025-08-10 14:00:00,934.0,918.65015
2025-08-10 15:00:00,1194.0,1002.6438
2025-08-10 16:00:00,1288.0,1046.4814
2025-08-10 17:00:00,1385.0,1061.6215
2025-08-10 18:00:00,1261.0,1031.6255
2025-08-10 19:00:00,1109.0,858.8943
2025-08-10 20:00:00,1058.0,681.2714
2025-08-10 21:00:00,1062.0,544.7956
2025-08-10 22:00:00,784.0,416.46606
2025-08-10 23:00:00,387.0,287.03802
2025-08-11 00:00:00,310.0,121.29321
2025-08-11 01:00:00,94.0,94.158264
2025-08-11 02:00:00,98.0,81.97592
2025-08-11 03:00:00,86.0,85.8598
2025-08-11 04:00:00,138.0,144.73438
2025-08-11 05:00:00,362.0,475.6556
2025-08-11 06:00:00,926.0,861.7318
2025-08-11 07:00:00,872.0,779.52826
2025-08-11 08:00:00,653.0,641.9573
2025-08-11 09:00:00,540.0,574.0912
2025-08-11 10:00:00,639.0,584.3879
2025-08-11 11:00:00,666.0,609.99695
2025-08-11 12:00:00,682.0,640.81464
2025-08-11 13:00:00,792.0,677.5721
2025-08-11 14:00:00,803.0,722.52045
2025-08-11 15:00:00,971.0,811.6898
2025-08-11 16:00:00,1105.0,915.5577
2025-08-11 17:00:00,1128.0,943.25476
2025-08-11 18:00:00,1059.0,838.8605
2025-08-11 19:00:00,776.0,626.83374
2025-08-11 20:00:00,579.0,433.23215
2025-08-11 21:00:00,532.0,326.25623
2025-08-11 22:00:00,312.0,252.65428
2025-08-11 23:00:00,199.0,176.39484
2025-08-12 00:00:00,66.0,113.38077
2025-08-12 01:00:00,66.0,93.04825
2025-08-12 02:00:00,55.0,80.363434
2025-08-12 03:00:00,46.0,78.612976
2025-08-12 04:00:00,67.0,143.60294
2025-08-12 05:00:00,374.0,491.58694
2025-08-12 06:00:00,855.0,886.53296
2025-08-12 07:00:00,844.0,802.3583
2025-08-12 08:00:00,656.0,634.8102
2025-08-12 09:00:00,601.0,562.54553
2025-08-12 10:00:00,708.0,584.1261
2025-08-12 11:00:00,648.0,615.0141
2025-08-12 12:00:00,648.0,644.3971
2025-08-12 13:00:00,727.0,674.8103
2025-08-12 14:00:00,785.0,718.205
2025-08-12 15:00:00,840.0,816.23975
2025-08-12 16:00:00,1079.0,922.81946
2025-08-12 17:00:00,1169.0,958.95557
2025-08-12 18:00:00,962.0,844.40515
2025-08-12 19:00:00,682.0,644.7577
2025-08-12 20:00:00,523.0,431.37198
2025-08-12 21:00:00,465.0,316.93872
2025-08-12 22:00:00,292.0,232.81377
2025-08-12 23:00:00,200.0,159.12155
2025-08-13 00:00:00,98.0,112.24811
2025-08-13 01:00:00,58.0,88.07333
2025-08-13 02:00:00,64.0,76.45422
2025-08-13 03:00:00,61.0,76.40564
2025-08-13 04:00:00,83.0,134.0758
2025-08-13 05:00:00,369.0,458.7853
2025-08-13 06:00:00,877.0,883.641
2025-08-13 07:00:00,848.0,822.3258
2025-08-13 08:00:00,644.0,666.7842
2025-08-13 09:00:00,616.0,579.03973
2025-08-13 10:00:00,666.0,594.4778
2025-08-13 11:00:00,678.0,619.45447
2025-08-13 12:00:00,693.0,649.8063
2025-08-13 13:00:00,781.0,687.78357
2025-08-13 14:00:00,855.0,744.5665
2025-08-13 15:00:00,912.0,849.34875
2025-08-13 16:00:00,1152.0,944.8396
2025-08-13 17:00:00,1128.0,977.43115
2025-08-13 18:00:00,1066.0,816.1881
2025-08-13 19:00:00,823.0,649.8416
2025-08-13 20:00:00,552.0,456.1346
2025-08-13 21:00:00,410.0,329.0644
2025-08-13 22:00:00,264.0,236.98257
2025-08-13 23:00:00,238.0,165.81546
2025-08-14 00:00:00,68.0,136.25128
2025-08-14 01:00:00,99.0,97.14444
2025-08-14 02:00:00,86.0,85.280426
2025-08-14 03:00:00,76.0,92.85092
2025-08-14 04:00:00,99.0,147.67657
2025-08-14 05:00:00,338.0,404.03687
2025-08-14 06:00:00,802.0,840.6168
2025-08-14 07:00:00,885.0,830.7286
2025-08-14 08:00:00,649.0,692.8186
2025-08-14 09:00:00,616.0,611.33966
2025-08-14 10:00:00,698.0,613.8885
2025-08-14 11:00:00,625.0,643.1156
2025-08-14 12:00:00,702.0,681.56335
2025-08-14 13:00:00,840.0,720.84216
2025-08-14 14:00:00,919.0,791.8012
2025-08-14 15:00:00,985.0,884.8834
2025-08-14 16:00:00,1170.0,957.48535
2025-08-14 17:00:00,1181.0,975.14746
2025-08-14 18:00:00,1058.0,872.5282
2025-08-14 19:00:00,976.0,658.19965
2025-08-14 20:00:00,755.0,483.44913
2025-08-14 21:00:00,478.0,355.2463
2025-08-14 22:00:00,489.0,268.8975
2025-08-14 23:00:00,255.0,201.159
2025-08-15 00:00:00,86.0,254.64664
2025-08-15 01:00:00,199.0,230.79054
2025-08-15 02:00:00,95.0,217.98824
2025-08-15 03:00:00,94.0,223.34142
2025-08-15 04:00:00,90.0,263.2729
2025-08-15 05:00:00,174.0,329.8673
2025-08-15 06:00:00,287.0,431.46658
2025-08-15 07:00:00,331.0,511.21808
2025-08-15 08:00:00,499.0,543.23346
2025-08-15 09:00:00,624.0,541.7981
2025-08-15 10:00:00,690.0,529.17676
2025-08-15 11:00:00,700.0,539.78687
2025-08-15 12:00:00,746.0,565.91797
2025-08-15 13:00:00,782.0,593.42236
2025-08-15 14:00:00,907.0,626.64954
2025-08-15 15:00:00,962.0,654.0989
2025-08-15 16:00:00,1160.0,675.54236
2025-08-15 17:00:00,1203.0,677.8939
2025-08-15 18:00:00,1124.0,653.28064
2025-08-15 19:00:00,779.0,595.2912
2025-08-15 20:00:00,712.0,494.84888
2025-08-15 21:00:00,611.0,417.49173
2025-08-15 22:00:00,549.0,333.05084
2025-08-15 23:00:00,348.0,283.45532
2025-08-16 00:00:00,263.0,219.92302
2025-08-16 01:00:00,150.0,162.61502
2025-08-16 02:00:00,172.0,132.1192
2025-08-16 03:00:00,121.0,120.70419
2025-08-16 04:00:00,132.0,120.03204
2025-08-16 05:00:00,161.0,140.0881
2025-08-16 06:00:00,278.0,270.1835
2025-08-16 07:00:00,417.0,412.65805
2025-08-16 08:00:00,593.0,537.567
2025-08-16 09:00:00,647.0,661.041
2025-08-16 10:00:00,782.0,688.3886
2025-08-16 11:00:00,808.0,725.95404
2025-08-16 12:00:00,861.0,743.6763
2025-08-16 13:00:00,848.0,796.818
2025-08-16 14:00:00,910.0,874.72485
2025-08-16 15:00:00,1037.0,936.44336
2025-08-16 16:00:00,1168.0,952.81696
2025-08-16 17:00:00,1167.0,891.4137
2025-08-16 18:00:00,1037.0,818.21576
2025-08-16 19:00:00,828.0,696.5593
2025-08-16 20:00:00,683.0,556.19434
2025-08-16 21:00:00,788.0,459.0806
2025-08-16 22:00:00,632.0,393.68274
2025-08-16 23:00:00,535.0,310.7965
2025-08-17 00:00:00,407.0,182.54141
2025-08-17 01:00:00,316.0,136.66498
2025-08-17 02:00:00,174.0,109.33948
2025-08-17 03:00:00,146.0,95.82367
2025-08-17 04:00:00,163.0,92.718475
2025-08-17 05:00:00,167.0,107.09604
2025-08-17 06:00:00,205.0,163.31375
2025-08-17 07:00:00,297.0,265.38223
2025-08-17 08:00:00,411.0,417.5066
2025-08-17 09:00:00,553.0,529.48193
2025-08-17 10:00:00,674.0,639.6602
2025-08-17 11:00:00,835.0,704.1919
2025-08-17 12:00:00,823.0,747.15894
2025-08-17 13:00:00,975.0,813.6914
2025-08-17 14:00:00,1067.0,917.9955
2025-08-17 15:00:00,1152.0,1004.11206
2025-08-17 16:00:00,1248.0,1047.627
2025-08-17 17:00:00,1240.0,1065.2552
2025-08-17 18:00:00,1170.0,1017.0564
2025-08-17 19:00:00,1140.0,830.3501
2025-08-17 20:00:00,1026.0,666.6457
2025-08-17 21:00:00,750.0,528.12164
2025-08-17 22:00:00,510.0,419.41577
2025-08-17 23:00:00,433.0,274.60593
2025-08-18 00:00:00,222.0,115.81424
2025-08-18 01:00:00,146.0,92.64972
2025-08-18 02:00:00,92.0,79.856964
2025-08-18 03:00:00,102.0,79.61929
2025-08-18 04:00:00,123.0,134.5231
2025-08-18 05:00:00,408.0,442.94617
2025-08-18 06:00:00,975.0,869.40564
2025-08-18 07:00:00,980.0,789.81445
2025-08-18 08:00:00,703.0,640.99927
2025-08-18 09:00:00,591.0,570.7621
2025-08-18 10:00:00,650.0,578.7023
2025-08-18 11:00:00,672.0,605.9811
2025-08-18 12:00:00,732.0,637.4474
2025-08-18 13:00:00,798.0,674.34705
2025-08-18 14:00:00,754.0,716.04626
2025-08-18 15:00:00,981.0,802.4558
2025-08-18 16:00:00,1158.0,908.91565
2025-08-18 17:00:00,1210.0,933.88257
2025-08-18 18:00:00,1055.0,829.4236
2025-08-18 19:00:00,718.0,602.5781
2025-08-18 20:00:00,560.0,412.31064
2025-08-18 21:00:00,490.0,313.6565
2025-08-18 22:00:00,301.0,243.99666
2025-08-18 23:00:00,190.0,168.60257
2025-08-19 00:00:00,83.0,109.96652
2025-08-19 01:00:00,50.0,89.49127
2025-08-19 02:00:00,50.0,77.81027
2025-08-19 03:00:00,42.0,74.591736
2025-08-19 04:00:00,98.0,134.59753
2025-08-19 05:00:00,395.0,448.46072
2025-08-19 06:00:00,969.0,905.5498
2025-08-19 07:00:00,975.0,810.4455
2025-08-19 08:00:00,691.0,635.8066
2025-08-19 09:00:00,613.0,556.6102
2025-08-19 10:00:00,645.0,575.103
2025-08-19 11:00:00,667.0,607.6578
2025-08-19 12:00:00,617.0,639.0345
2025-08-19 13:00:00,787.0,667.72656
2025-08-19 14:00:00,877.0,712.1979
2025-08-19 15:00:00,919.0,808.03687
2025-08-19 16:00:00,1154.0,918.9386
2025-08-19 17:00:00,1252.0,953.3269
2025-08-19 18:00:00,591.0,792.3253
2025-08-19 19:00:00,599.0,538.32965
2025-08-19 20:00:00,561.0,383.9662
2025-08-19 21:00:00,343.0,295.56693
2025-08-19 22:00:00,254.0,221.40399
2025-08-19 23:00:00,173.0,150.94699
2025-08-20 00:00:00,71.0,108.29053
2025-08-20 01:00:00,35.0,86.49048
2025-08-20 02:00:00,41.0,74.805176
2025-08-20 03:00:00,45.0,75.41058
2025-08-20 04:00:00,89.0,133.2197
2025-08-20 05:00:00,365.0,462.2941
2025-08-20 06:00:00,988.0,888.092
2025-08-20 07:00:00,932.0,825.56714
2025-08-20 08:00:00,603.0,622.9907
2025-08-20 09:00:00,611.0,555.37445
2025-08-20 10:00:00,688.0,585.03503
2025-08-20 11:00:00,691.0,613.91003
2025-08-20 12:00:00,700.0,635.78345
2025-08-20 13:00:00,800.0,658.98816
2025-08-20 14:00:00,765.0,704.15955
2025-08-20 15:00:00,787.0,793.12787
2025-08-20 16:00:00,933.0,897.04767
2025-08-20 17:00:00,1047.0,924.24304
2025-08-20 18:00:00,839.0,762.89886
2025-08-20 19:00:00,554.0,558.4594
2025-08-20 20:00:00,342.0,496.75143
2025-08-20 21:00:00,266.0,344.0759
2025-08-20 22:00:00,195.0,254.48747
2025-08-20 23:00:00,154.0,133.16315
2025-08-21 00:00:00,24.0,116.34906
2025-08-21 01:00:00,83.0,94.42862
2025-08-21 02:00:00,68.0,84.0903
2025-08-21 03:00:00,44.0,84.605804
2025-08-21 04:00:00,86.0,131.28021
2025-08-21 05:00:00,382.0,380.1231
2025-08-21 06:00:00,968.0,844.2418
2025-08-21 07:00:00,931.0,821.3699
2025-08-21 08:00:00,616.0,620.7963
2025-08-21 09:00:00,590.0,574.6354
2025-08-21 10:00:00,680.0,583.55
2025-08-21 11:00:00,682.0,616.2478
2025-08-21 12:00:00,706.0,654.963
2025-08-21 13:00:00,759.0,688.247
2025-08-21 14:00:00,760.0,711.12476
2025-08-21 15:00:00,838.0,773.4163
2025-08-21 16:00:00,961.0,860.02
2025-08-21 17:00:00,1025.0,880.22894
2025-08-21 18:00:00,831.0,788.96204
2025-08-21 19:00:00,527.0,531.2389
2025-08-21 20:00:00,379.0,389.94083
2025-08-21 21:00:00,329.0,282.43085
2025-08-21 22:00:00,276.0,203.68683
2025-08-21 23:00:00,170.0,176.96191
2025-08-22 00:00:00,100.0,157.37854
2025-08-22 01:00:00,62.0,114.81116
2025-08-22 02:00:00,62.0,89.82004
2025-08-22 03:00:00,57.0,82.45334
2025-08-22 04:00:00,77.0,119.85217
2025-08-22 05:00:00,340.0,351.72885
2025-08-22 06:00:00,882.0,800.9789
2025-08-22 07:00:00,836.0,791.5067
2025-08-22 08:00:00,617.0,646.04504
2025-08-22 09:00:00,586.0,601.374
2025-08-22 10:00:00,694.0,622.1304
2025-08-22 11:00:00,672.0,650.1936
2025-08-22 12:00:00,741.0,691.6824
2025-08-22 13:00:00,815.0,736.87
2025-08-22 14:00:00,902.0,809.0669
2025-08-22 15:00:00,988.0,875.82886
2025-08-22 16:00:00,1065.0,923.0403
2025-08-22 17:00:00,1079.0,918.6333
2025-08-22 18:00:00,930.0,816.8949
2025-08-22 19:00:00,674.0,633.521
2025-08-22 20:00:00,529.0,454.81094
2025-08-22 21:00:00,470.0,369.21082
2025-08-22 22:00:00,403.0,295.12778
2025-08-22 23:00:00,306.0,224.05817
2025-08-23 00:00:00,177.0,208.21436
2025-08-23 01:00:00,152.0,152.33072
2025-08-23 02:00:00,136.0,125.12344
2025-08-23 03:00:00,98.0,109.74307
2025-08-23 04:00:00,105.0,107.19986
2025-08-23 05:00:00,136.0,124.22705
2025-08-23 06:00:00,269.0,187.73907
2025-08-23 07:00:00,390.0,337.33365
2025-08-23 08:00:00,592.0,519.2693
2025-08-23 09:00:00,740.0,632.8199
2025-08-23 10:00:00,791.0,675.7721
2025-08-23 11:00:00,815.0,694.72034
2025-08-23 12:00:00,796.0,715.88904
2025-08-23 13:00:00,861.0,759.6909
2025-08-23 14:00:00,890.0,845.093
2025-08-23 15:00:00,936.0,868.64105
2025-08-23 16:00:00,1053.0,886.9638
2025-08-23 17:00:00,1120.0,865.13245
2025-08-23 18:00:00,996.0,799.8879
2025-08-23 19:00:00,835.0,616.4442
2025-08-23 20:00:00,643.0,512.07654
2025-08-23 21:00:00,517.0,448.576
2025-08-23 22:00:00,425.0,395.9291
2025-08-23 23:00:00,306.0,303.3453
2025-08-24 00:00:00,212.0,180.37152
2025-08-24 01:00:00,175.0,135.24799
2025-08-24 02:00:00,148.0,107.507965
2025-08-24 03:00:00,127.0,91.82367
2025-08-24 04:00:00,67.0,84.26944
2025-08-24 05:00:00,87.0,92.198395
2025-08-24 06:00:00,141.0,186.905
2025-08-24 07:00:00,236.0,246.78214
2025-08-24 08:00:00,382.0,366.2419
2025-08-24 09:00:00,622.0,508.89877
2025-08-24 10:00:00,807.0,621.35254
2025-08-24 11:00:00,752.0,683.1636
2025-08-24 12:00:00,907.0,729.87305
2025-08-24 13:00:00,1019.0,810.2536
2025-08-24 14:00:00,1108.0,911.4501
2025-08-24 15:00:00,1373.0,978.8246
2025-08-24 16:00:00,1380.0,1059.1561
2025-08-24 17:00:00,1373.0,1068.1105
2025-08-24 18:00:00,1320.0,1005.2235
2025-08-24 19:00:00,1205.0,784.2698
2025-08-24 20:00:00,1059.0,637.171
2025-08-24 21:00:00,906.0,518.22516
2025-08-24 22:00:00,473.0,409.90088
2025-08-24 23:00:00,217.0,271.23282
2025-08-25 00:00:00,129.0,113.53223
2025-08-25 01:00:00,68.0,89.924774
2025-08-25 02:00:00,76.0,76.027435
2025-08-25 03:00:00,60.0,71.417206
2025-08-25 04:00:00,115.0,120.642426
2025-08-25 05:00:00,408.0,413.5019
2025-08-25 06:00:00,986.0,889.459
2025-08-25 07:00:00,1034.0,801.1157
2025-08-25 08:00:00,724.0,643.6309
2025-08-25 09:00:00,600.0,565.9517
2025-08-25 10:00:00,644.0,573.1792
2025-08-25 11:00:00,691.0,598.9145
2025-08-25 12:00:00,717.0,631.10266
2025-08-25 13:00:00,828.0,666.74945
2025-08-25 14:00:00,883.0,710.4553
2025-08-25 15:00:00,957.0,794.06934
2025-08-25 16:00:00,1093.0,900.15533
2025-08-25 17:00:00,1220.0,923.46313
2025-08-25 18:00:00,992.0,751.14685
2025-08-25 19:00:00,655.0,573.1751
2025-08-25 20:00:00,455.0,396.05743
2025-08-25 21:00:00,401.0,303.51892
2025-08-25 22:00:00,282.0,231.24095
2025-08-25 23:00:00,153.0,157.1243
2025-08-26 00:00:00,75.0,106.38284
2025-08-26 01:00:00,43.0,85.615906
2025-08-26 02:00:00,52.0,74.54718
2025-08-26 03:00:00,44.0,71.42456
2025-08-26 04:00:00,86.0,125.76993
2025-08-26 05:00:00,374.0,432.97833
2025-08-26 06:00:00,963.0,904.82776
2025-08-26 07:00:00,954.0,811.6238
2025-08-26 08:00:00,647.0,636.3803
2025-08-26 09:00:00,587.0,554.3043
2025-08-26 10:00:00,600.0,570.4083
2025-08-26 11:00:00,651.0,605.2365
2025-08-26 12:00:00,607.0,635.56287
2025-08-26 13:00:00,796.0,662.9683
2025-08-26 14:00:00,832.0,708.23334
2025-08-26 15:00:00,995.0,798.9547
2025-08-26 16:00:00,1139.0,914.91785
2025-08-26 17:00:00,1243.0,907.1479
2025-08-26 18:00:00,914.0,779.5864
2025-08-26 19:00:00,687.0,593.5072
2025-08-26 20:00:00,454.0,390.13022
2025-08-26 21:00:00,396.0,305.38733
2025-08-26 22:00:00,272.0,224.41928
2025-08-26 23:00:00,140.0,156.60898
2025-08-27 00:00:00,76.0,106.204254
2025-08-27 01:00:00,50.0,84.584045
2025-08-27 02:00:00,43.0,73.269714
2025-08-27 03:00:00,48.0,73.76724
2025-08-27 04:00:00,86.0,122.02344
2025-08-27 05:00:00,354.0,457.68533
2025-08-27 06:00:00,934.0,889.82825
2025-08-27 07:00:00,981.0,828.3578
2025-08-27 08:00:00,613.0,664.21094
2025-08-27 09:00:00,543.0,562.30054
2025-08-27 10:00:00,690.0,581.1028
2025-08-27 11:00:00,778.0,607.9396
2025-08-27 12:00:00,746.0,640.4877
2025-08-27 13:00:00,836.0,665.64526
2025-08-27 14:00:00,782.0,714.04443
2025-08-27 15:00:00,934.0,795.07983
2025-08-27 16:00:00,1159.0,737.5453
2025-08-27 17:00:00,1084.0,924.6097
2025-08-27 18:00:00,936.0,797.9487
2025-08-27 19:00:00,629.0,589.73224
2025-08-27 20:00:00,462.0,394.3094
2025-08-27 21:00:00,326.0,302.03424
2025-08-27 22:00:00,272.0,218.83658
2025-08-27 23:00:00,126.0,147.33951
2025-08-28 00:00:00,46.0,121.94049
2025-08-28 01:00:00,56.0,89.90582
2025-08-28 02:00:00,40.0,77.179565
2025-08-28 03:00:00,53.0,77.52167
2025-08-28 04:00:00,77.0,127.911224
2025-08-28 05:00:00,374.0,389.58325
2025-08-28 06:00:00,887.0,900.1829
2025-08-28 07:00:00,925.0,678.5443
2025-08-28 08:00:00,640.0,640.45605
2025-08-28 09:00:00,630.0,560.56476
2025-08-28 10:00:00,657.0,582.6371
2025-08-28 11:00:00,694.0,620.40173
2025-08-28 12:00:00,667.0,657.12854
2025-08-28 13:00:00,786.0,681.80225
2025-08-28 14:00:00,821.0,725.9814
2025-08-28 15:00:00,790.0,817.4636
2025-08-28 16:00:00,939.0,905.73694
2025-08-28 17:00:00,998.0,927.5764
2025-08-28 18:00:00,779.0,810.82513
2025-08-28 19:00:00,583.0,601.77124
2025-08-28 20:00:00,385.0,413.47293
2025-08-28 21:00:00,357.0,325.39526
2025-08-28 22:00:00,201.0,240.95927
2025-08-28 23:00:00,137.0,158.05002
2025-08-29 00:00:00,26.0,210.19643
2025-08-29 01:00:00,131.0,110.395294
2025-08-29 02:00:00,51.0,86.828735
2025-08-29 03:00:00,51.0,79.75174
2025-08-29 04:00:00,96.0,113.5119
2025-08-29 05:00:00,285.0,334.8652
2025-08-29 06:00:00,866.0,800.2986
2025-08-29 07:00:00,839.0,781.948
2025-08-29 08:00:00,574.0,661.7113
2025-08-29 09:00:00,630.0,602.5925
2025-08-29 10:00:00,683.0,619.23254
2025-08-29 11:00:00,774.0,649.33307
2025-08-29 12:00:00,736.0,684.77
2025-08-29 13:00:00,822.0,732.6512
2025-08-29 14:00:00,891.0,803.46246
2025-08-29 15:00:00,941.0,860.177
2025-08-29 16:00:00,1019.0,873.64014
2025-08-29 17:00:00,1025.0,900.5792
2025-08-29 18:00:00,823.0,763.76025
2025-08-29 19:00:00,659.0,614.18134
2025-08-29 20:00:00,465.0,442.53336
2025-08-29 21:00:00,354.0,365.22546
2025-08-29 22:00:00,303.0,293.5824
2025-08-29 23:00:00,271.0,221.49773
2025-08-30 00:00:00,169.0,203.2149
2025-08-30 01:00:00,136.0,147.62677
2025-08-30 02:00:00,107.0,121.96246
2025-08-30 03:00:00,100.0,106.109436
2025-08-30 04:00:00,111.0,104.22952
2025-08-30 05:00:00,123.0,122.71744
2025-08-30 06:00:00,215.0,187.84409
2025-08-30 07:00:00,334.0,338.84134
2025-08-30 08:00:00,543.0,516.11755
2025-08-30 09:00:00,657.0,630.7852
2025-08-30 10:00:00,715.0,673.9048
2025-08-30 11:00:00,751.0,696.3209
2025-08-30 12:00:00,750.0,725.1867
2025-08-30 13:00:00,827.0,753.63293
2025-08-30 14:00:00,892.0,810.8121
2025-08-30 15:00:00,860.0,899.3839
2025-08-30 16:00:00,985.0,950.51245
2025-08-30 17:00:00,959.0,900.72974
2025-08-30 18:00:00,811.0,795.88763
2025-08-30 19:00:00,751.0,617.811
2025-08-30 20:00:00,594.0,513.3605
2025-08-30 21:00:00,485.0,446.5446
2025-08-30 22:00:00,515.0,395.4284
2025-08-30 23:00:00,321.0,298.7368
2025-08-31 00:00:00,233.0,178.55734
2025-08-31 01:00:00,180.0,133.01248
2025-08-31 02:00:00,95.0,105.75424
2025-08-31 03:00:00,100.0,90.46835
2025-08-31 04:00:00,84.0,83.492035
2025-08-31 05:00:00,109.0,91.64267
2025-08-31 06:00:00,144.0,180.33453
2025-08-31 07:00:00,199.0,250.13095
2025-08-31 08:00:00,347.0,366.73654
2025-08-31 09:00:00,487.0,513.1488
2025-08-31 10:00:00,622.0,625.6258
2025-08-31 11:00:00,640.0,686.51404
2025-08-31 12:00:00,871.0,733.0929
2025-08-31 13:00:00,993.0,808.351
2025-08-31 14:00:00,1134.0,911.19434
2025-08-31 15:00:00,1240.0,999.0188
2025-08-31 16:00:00,1301.0,1056.5839
2025-08-31 17:00:00,1280.0,1067.2272
2025-08-31 18:00:00,1197.0,962.8234
2025-08-31 19:00:00,1184.0,799.359
2025-08-31 20:00:00,1066.0,654.5298
2025-08-31 21:00:00,732.0,526.5335
2025-08-31 22:00:00,604.0,414.6978
2025-08-31 23:00:00,329.0,268.62985
2025-09-01 00:00:00,138.0,122.82007
2025-09-01 01:00:00,89.0,99.879
2025-09-01 02:00:00,85.0,85.9494
2025-09-01 03:00:00,63.0,91.72629
2025-09-01 04:00:00,118.0,157.5708
2025-09-01 05:00:00,417.0,475.68774
2025-09-01 06:00:00,939.0,869.93567
2025-09-01 07:00:00,1008.0,823.5513
2025-09-01 08:00:00,652.0,646.98157
2025-09-01 09:00:00,571.0,561.3124
2025-09-01 10:00:00,657.0,576.51025
2025-09-01 11:00:00,632.0,602.50464
2025-09-01 12:00:00,698.0,640.7724
2025-09-01 13:00:00,782.0,671.4858
2025-09-01 14:00:00,729.0,715.91437
2025-09-01 15:00:00,717.0,800.2837
2025-09-01 16:00:00,939.0,883.5099
2025-09-01 17:00:00,964.0,913.50195
2025-09-01 18:00:00,784.0,774.1791
2025-09-01 19:00:00,480.0,510.38718
2025-09-01 20:00:00,324.0,382.03726
2025-09-01 21:00:00,309.0,304.72723
2025-09-01 22:00:00,207.0,238.37354
2025-09-01 23:00:00,54.0,164.60422
2025-09-02 00:00:00,9.0,112.322876
2025-09-02 01:00:00,22.0,90.47467
2025-09-02 02:00:00,23.0,78.41177
2025-09-02 03:00:00,53.0,74.86795
2025-09-02 04:00:00,63.0,135.56006
2025-09-02 05:00:00,377.0,455.90674
2025-09-02 06:00:00,1039.0,901.2551
2025-09-02 07:00:00,948.0,837.4723
2025-09-02 08:00:00,614.0,614.8066
2025-09-02 09:00:00,511.0,548.4462
2025-09-02 10:00:00,588.0,577.23535
2025-09-02 11:00:00,601.0,605.00494
2025-09-02 12:00:00,679.0,621.36127
2025-09-02 13:00:00,753.0,656.3093
2025-09-02 14:00:00,661.0,689.92365
2025-09-02 15:00:00,738.0,779.2506
2025-09-02 16:00:00,876.0,868.087
2025-09-02 17:00:00,933.0,901.95056
2025-09-02 18:00:00,690.0,762.4581
2025-09-02 19:00:00,508.0,535.48846
2025-09-02 20:00:00,335.0,358.83917
2025-09-02 21:00:00,258.0,277.2845
2025-09-02 22:00:00,141.0,209.8694
2025-09-02 23:00:00,99.0,148.242
2025-09-03 00:00:00,111.0,105.67203
2025-09-03 01:00:00,33.0,84.441925
2025-09-03 02:00:00,22.0,73.74625
2025-09-03 03:00:00,40.0,71.67764
2025-09-03 04:00:00,84.0,120.47009
2025-09-03 05:00:00,358.0,429.53555
2025-09-03 06:00:00,961.0,898.79736
2025-09-03 07:00:00,938.0,822.8093
2025-09-03 08:00:00,600.0,620.3805
2025-09-03 09:00:00,583.0,556.19946
2025-09-03 10:00:00,598.0,588.07324
2025-09-03 11:00:00,636.0,616.8447
2025-09-03 12:00:00,684.0,636.63165
2025-09-03 13:00:00,772.0,672.33765
2025-09-03 14:00:00,749.0,723.5534
2025-09-03 15:00:00,904.0,832.3206
2025-09-03 16:00:00,1089.0,935.59265
2025-09-03 17:00:00,1253.0,965.0407
2025-09-03 18:00:00,1005.0,801.5266
2025-09-03 19:00:00,790.0,602.30853
2025-09-03 20:00:00,493.0,392.50797
2025-09-03 21:00:00,322.0,300.8368
2025-09-03 22:00:00,256.0,221.35127
2025-09-03 23:00:00,100.0,162.12402
2025-09-04 00:00:00,68.0,131.08694
2025-09-04 01:00:00,49.0,93.33234
2025-09-04 02:00:00,37.0,80.716644
2025-09-04 03:00:00,43.0,81.05185
2025-09-04 04:00:00,70.0,129.01782
2025-09-04 05:00:00,375.0,406.65155
2025-09-04 06:00:00,939.0,833.0055
2025-09-04 07:00:00,1022.0,819.67944
2025-09-04 08:00:00,607.0,686.16296
2025-09-04 09:00:00,567.0,599.7881
2025-09-04 10:00:00,620.0,606.45197
2025-09-04 11:00:00,717.0,638.56006
2025-09-04 12:00:00,660.0,667.6233
2025-09-04 13:00:00,815.0,685.54193
2025-09-04 14:00:00,796.0,717.3561
2025-09-04 15:00:00,918.0,844.93097
2025-09-04 16:00:00,1026.0,936.6188
2025-09-04 17:00:00,1014.0,745.84235
2025-09-04 18:00:00,701.0,757.9292
2025-09-04 19:00:00,491.0,597.2983
2025-09-04 20:00:00,325.0,382.95795
2025-09-04 21:00:00,330.0,287.9845
2025-09-04 22:00:00,200.0,248.82555
2025-09-04 23:00:00,108.0,178.23425
2025-09-05 00:00:00,60.0,165.96426
2025-09-05 01:00:00,51.0,120.51584
2025-09-05 02:00:00,27.0,90.96332
2025-09-05 03:00:00,41.0,85.3302
2025-09-05 04:00:00,103.0,138.85587
2025-09-05 05:00:00,341.0,540.8471
2025-09-05 06:00:00,861.0,624.89636
2025-09-05 07:00:00,896.0,780.37756
2025-09-05 08:00:00,577.0,604.8865
2025-09-05 09:00:00,553.0,579.30695
2025-09-05 10:00:00,645.0,604.9619
2025-09-05 11:00:00,697.0,626.9098
2025-09-05 12:00:00,748.0,675.731
2025-09-05 13:00:00,809.0,691.339
2025-09-05 14:00:00,883.0,801.36426
2025-09-05 15:00:00,936.0,893.44226
2025-09-05 16:00:00,1098.0,954.0377
2025-09-05 17:00:00,1028.0,917.1367
2025-09-05 18:00:00,874.0,798.7567
2025-09-05 19:00:00,681.0,618.03125
2025-09-05 20:00:00,464.0,441.81866
2025-09-05 21:00:00,463.0,368.13098
2025-09-05 22:00:00,401.0,307.69568
2025-09-05 23:00:00,289.0,233.39464
2025-09-06 00:00:00,150.0,200.96094
2025-09-06 01:00:00,135.0,144.75748
2025-09-06 02:00:00,152.0,117.03644
2025-09-06 03:00:00,72.0,101.54355
2025-09-06 04:00:00,83.0,100.616425
2025-09-06 05:00:00,156.0,118.95914
2025-09-06 06:00:00,260.0,224.33278
2025-09-06 07:00:00,389.0,366.77536
2025-09-06 08:00:00,570.0,513.42896
2025-09-06 09:00:00,715.0,624.67
2025-09-06 10:00:00,782.0,676.31555
2025-09-06 11:00:00,781.0,709.1233
2025-09-06 12:00:00,830.0,736.91406
2025-09-06 13:00:00,905.0,783.7792
2025-09-06 14:00:00,980.0,873.788
2025-09-06 15:00:00,1101.0,943.2255
2025-09-06 16:00:00,1165.0,982.50146
2025-09-06 17:00:00,1167.0,938.952
2025-09-06 18:00:00,1171.0,798.679
2025-09-06 19:00:00,1017.0,629.495
2025-09-06 20:00:00,928.0,522.5983
2025-09-06 21:00:00,727.0,457.1991
2025-09-06 22:00:00,537.0,400.83917
2025-09-06 23:00:00,411.0,303.5728
2025-09-07 00:00:00,283.0,185.28961
2025-09-07 01:00:00,231.0,139.26746
2025-09-07 02:00:00,131.0,114.18567
2025-09-07 03:00:00,79.0,97.45245
2025-09-07 04:00:00,66.0,90.9881
2025-09-07 05:00:00,79.0,99.44153
2025-09-07 06:00:00,122.0,140.02127
2025-09-07 07:00:00,254.0,242.79237
2025-09-07 08:00:00,396.0,372.39374
2025-09-07 09:00:00,590.0,521.7742
2025-09-07 10:00:00,808.0,631.98395
2025-09-07 11:00:00,836.0,687.60657
2025-09-07 12:00:00,923.0,735.1935
2025-09-07 13:00:00,1034.0,820.846
2025-09-07 14:00:00,1203.0,923.6527
2025-09-07 15:00:00,1266.0,1012.1333
2025-09-07 16:00:00,1363.0,1063.0337
2025-09-07 17:00:00,1409.0,1074.6274
2025-09-07 18:00:00,1317.0,946.3816
2025-09-07 19:00:00,1168.0,821.3026
2025-09-07 20:00:00,1077.0,665.5327
2025-09-07 21:00:00,950.0,540.5765
2025-09-07 22:00:00,479.0,416.38214
2025-09-07 23:00:00,414.0,280.77527
2025-09-08 00:00:00,428.0,121.72894
2025-09-08 01:00:00,214.0,96.9361
2025-09-08 02:00:00,76.0,83.00107
2025-09-08 03:00:00,65.0,81.01865
2025-09-08 04:00:00,129.0,139.22067
2025-09-08 05:00:00,429.0,445.47775
2025-09-08 06:00:00,988.0,883.2179
2025-09-08 07:00:00,1027.0,833.46893
2025-09-08 08:00:00,676.0,647.3211
2025-09-08 09:00:00,587.0,563.2798
2025-09-08 10:00:00,631.0,580.0969
2025-09-08 11:00:00,724.0,614.94183
2025-09-08 12:00:00,756.0,644.827
2025-09-08 13:00:00,875.0,674.1918
2025-09-08 14:00:00,779.0,719.5143
2025-09-08 15:00:00,918.0,806.14
2025-09-08 16:00:00,1054.0,888.42
2025-09-08 17:00:00,1070.0,914.4837
2025-09-08 18:00:00,877.0,781.0189
2025-09-08 19:00:00,601.0,589.8495
2025-09-08 20:00:00,461.0,399.56525
2025-09-08 21:00:00,266.0,318.41266
2025-09-08 22:00:00,130.0,251.37814
2025-09-08 23:00:00,147.0,172.8858
2025-09-09 00:00:00,55.0,115.509766
2025-09-09 01:00:00,35.0,95.30185
2025-09-09 02:00:00,46.0,82.81964
2025-09-09 03:00:00,38.0,81.22696
2025-09-09 04:00:00,67.0,156.89377
2025-09-09 05:00:00,369.0,566.2169
2025-09-09 06:00:00,965.0,906.6399
2025-09-09 07:00:00,970.0,766.5663
2025-09-09 08:00:00,417.0,616.70715
2025-09-09 09:00:00,500.0,549.27893
2025-09-09 10:00:00,604.0,577.8022
2025-09-09 11:00:00,583.0,607.5072
2025-09-09 12:00:00,689.0,629.2691
2025-09-09 13:00:00,736.0,655.6454
2025-09-09 14:00:00,751.0,692.7828
2025-09-09 15:00:00,815.0,770.777
2025-09-09 16:00:00,904.0,882.964
2025-09-09 17:00:00,980.0,900.2936
2025-09-09 18:00:00,827.0,758.7716
2025-09-09 19:00:00,588.0,544.6874
2025-09-09 20:00:00,384.0,363.59204
2025-09-09 21:00:00,237.0,280.55142
2025-09-09 22:00:00,194.0,214.18248
2025-09-09 23:00:00,211.0,151.33093
2025-09-10 00:00:00,89.0,106.87518
2025-09-10 01:00:00,38.0,85.74631
2025-09-10 02:00:00,29.0,74.91705
2025-09-10 03:00:00,45.0,75.28439
2025-09-10 04:00:00,71.0,174.65158
2025-09-10 05:00:00,371.0,530.55896
2025-09-10 06:00:00,958.0,877.6388
2025-09-10 07:00:00,980.0,817.4478
2025-09-10 08:00:00,644.0,614.42487
2025-09-10 09:00:00,568.0,551.67993
2025-09-10 10:00:00,583.0,582.73193
2025-09-10 11:00:00,686.0,611.8928
2025-09-10 12:00:00,679.0,633.1963
2025-09-10 13:00:00,770.0,657.46265
2025-09-10 14:00:00,775.0,696.8886
2025-09-10 15:00:00,776.0,793.5312
2025-09-10 16:00:00,970.0,933.3567
2025-09-10 17:00:00,1068.0,955.0615
2025-09-10 18:00:00,823.0,793.0382
2025-09-10 19:00:00,594.0,578.03906
2025-09-10 20:00:00,427.0,376.78345
2025-09-10 21:00:00,292.0,287.05692
2025-09-10 22:00:00,222.0,214.47287
2025-09-10 23:00:00,132.0,137.55884
2025-09-11 00:00:00,55.0,144.09326
2025-09-11 01:00:00,38.0,136.41647
2025-09-11 02:00:00,28.0,137.54584
2025-09-11 03:00:00,36.0,166.07782
2025-09-11 04:00:00,89.0,237.31061
2025-09-11 05:00:00,364.0,393.85693
2025-09-11 06:00:00,933.0,558.7381
2025-09-11 07:00:00,984.0,618.9094
2025-09-11 08:00:00,647.0,587.1891
2025-09-11 09:00:00,632.0,574.15924
2025-09-11 10:00:00,599.0,588.81824
2025-09-11 11:00:00,632.0,617.6371
2025-09-11 12:00:00,725.0,650.2224
2025-09-11 13:00:00,802.0,681.0681
2025-09-11 14:00:00,882.0,729.9426
2025-09-11 15:00:00,860.0,777.5421
2025-09-11 16:00:00,1082.0,803.72943
2025-09-11 17:00:00,1073.0,783.2922
2025-09-11 18:00:00,872.0,722.36926
2025-09-11 19:00:00,570.0,619.2937
2025-09-11 20:00:00,371.0,431.29984
2025-09-11 21:00:00,284.0,277.23962
2025-09-11 22:00:00,214.0,194.78711
2025-09-11 23:00:00,137.0,162.42297
2025-09-12 00:00:00,58.0,161.45532
2025-09-12 01:00:00,51.0,114.504456
2025-09-12 02:00:00,40.0,91.85431
2025-09-12 03:00:00,30.0,84.58081
2025-09-12 04:00:00,84.0,116.311066
2025-09-12 05:00:00,335.0,340.54114
2025-09-12 06:00:00,838.0,797.6356
2025-09-12 07:00:00,842.0,758.92926
2025-09-12 08:00:00,544.0,604.7321
2025-09-12 09:00:00,618.0,585.1679
2025-09-12 10:00:00,669.0,616.6798
2025-09-12 11:00:00,721.0,651.09216
2025-09-12 12:00:00,708.0,676.1327
2025-09-12 13:00:00,868.0,705.2784
2025-09-12 14:00:00,894.0,773.4288
2025-09-12 15:00:00,912.0,846.0387
2025-09-12 16:00:00,1120.0,903.8
2025-09-12 17:00:00,1130.0,905.8642
2025-09-12 18:00:00,882.0,797.6184
2025-09-12 19:00:00,737.0,625.53796
2025-09-12 20:00:00,530.0,443.57025
2025-09-12 21:00:00,455.0,367.8252
2025-09-12 22:00:00,409.0,304.4469
2025-09-12 23:00:00,279.0,232.16977
2025-09-13 00:00:00,201.0,240.51161
2025-09-13 01:00:00,137.0,190.43634
2025-09-13 02:00:00,120.0,163.28506
2025-09-13 03:00:00,96.0,151.95047
2025-09-13 04:00:00,98.0,155.3576
2025-09-13 05:00:00,110.0,171.67163
2025-09-13 06:00:00,251.0,219.75768
2025-09-13 07:00:00,379.0,322.26868
2025-09-13 08:00:00,591.0,487.3556
2025-09-13 09:00:00,712.0,602.96466
2025-09-13 10:00:00,789.0,685.52264
2025-09-13 11:00:00,801.0,729.6317
2025-09-13 12:00:00,815.0,767.2009
2025-09-13 13:00:00,811.0,812.1284
2025-09-13 14:00:00,1000.0,841.4363
2025-09-13 15:00:00,974.0,879.58154
2025-09-13 16:00:00,1057.0,899.944
2025-09-13 17:00:00,1033.0,909.1355
2025-09-13 18:00:00,901.0,866.09106
2025-09-13 19:00:00,763.0,792.2832
2025-09-13 20:00:00,655.0,652.88684
2025-09-13 21:00:00,610.0,534.89453
2025-09-13 22:00:00,469.0,428.46167
2025-09-13 23:00:00,387.0,327.33295
2025-09-14 00:00:00,253.0,218.6697
2025-09-14 01:00:00,194.0,173.25272
2025-09-14 02:00:00,102.0,170.00266
2025-09-14 03:00:00,78.0,155.99799
2025-09-14 04:00:00,61.0,141.41785
2025-09-14 05:00:00,81.0,152.92499
2025-09-14 06:00:00,87.0,195.36566
2025-09-14 07:00:00,161.0,264.93588
2025-09-14 08:00:00,311.0,432.61047
2025-09-14 09:00:00,475.0,609.92114
2025-09-14 10:00:00,686.0,686.58594
2025-09-14 11:00:00,769.0,733.37695
2025-09-14 12:00:00,845.0,788.3046
2025-09-14 13:00:00,946.0,852.10034
2025-09-14 14:00:00,1026.0,903.8894
2025-09-14 15:00:00,1126.0,920.6967
2025-09-14 16:00:00,1326.0,957.70123
2025-09-14 17:00:00,1255.0,946.9453
2025-09-14 18:00:00,1108.0,931.15186
2025-09-14 19:00:00,1098.0,878.3784
2025-09-14 20:00:00,440.0,758.01764
2025-09-14 21:00:00,173.0,618.266
2025-09-14 22:00:00,108.0,491.19855
2025-09-14 23:00:00,51.0,354.0312
2025-09-15 00:00:00,27.0,122.119415
2025-09-15 01:00:00,12.0,98.01251
2025-09-15 02:00:00,21.0,83.539185
2025-09-15 03:00:00,27.0,82.812805
2025-09-15 04:00:00,64.0,144.96173
2025-09-15 05:00:00,343.0,452.04175
2025-09-15 06:00:00,1011.0,879.9498
2025-09-15 07:00:00,941.0,799.3573
2025-09-15 08:00:00,676.0,647.5541
2025-09-15 09:00:00,598.0,572.3245
2025-09-15 10:00:00,652.0,586.58594
2025-09-15 11:00:00,686.0,613.31836
2025-09-15 12:00:00,701.0,650.60876
2025-09-15 13:00:00,817.0,680.48047
2025-09-15 14:00:00,916.0,721.8679
2025-09-15 15:00:00,1070.0,816.09607
2025-09-15 16:00:00,1243.0,909.8607
2025-09-15 17:00:00,1295.0,929.88153
2025-09-15 18:00:00,1104.0,784.8938
2025-09-15 19:00:00,766.0,606.9671
2025-09-15 20:00:00,418.0,381.21246
2025-09-15 21:00:00,218.0,305.5598
2025-09-15 22:00:00,138.0,249.19984
2025-09-15 23:00:00,63.0,181.41086
2025-09-16 00:00:00,28.0,118.29596
2025-09-16 01:00:00,15.0,92.9285
2025-09-16 02:00:00,24.0,80.36258
2025-09-16 03:00:00,21.0,79.52884
2025-09-16 04:00:00,82.0,147.06668
2025-09-16 05:00:00,366.0,474.8007
2025-09-16 06:00:00,1014.0,897.5641
2025-09-16 07:00:00,973.0,838.3916
2025-09-16 08:00:00,662.0,615.45526
2025-09-16 09:00:00,602.0,544.78314
2025-09-16 10:00:00,589.0,573.0386
2025-09-16 11:00:00,594.0,604.1832
2025-09-16 12:00:00,677.0,627.82385
2025-09-16 13:00:00,722.0,649.9825
2025-09-16 14:00:00,714.0,688.92444
2025-09-16 15:00:00,785.0,776.5228
2025-09-16 16:00:00,916.0,860.35254
2025-09-16 17:00:00,965.0,895.1847
2025-09-16 18:00:00,763.0,760.12305
2025-09-16 19:00:00,529.0,534.7381
2025-09-16 20:00:00,307.0,358.14294
2025-09-16 21:00:00,207.0,277.99872
2025-09-16 22:00:00,134.0,210.68602
2025-09-16 23:00:00,91.0,148.94604
2025-09-17 00:00:00,46.0,104.91696
2025-09-17 01:00:00,22.0,83.013885
2025-09-17 02:00:00,22.0,72.6525
2025-09-17 03:00:00,41.0,71.88815
2025-09-17 04:00:00,69.0,124.68558
2025-09-17 05:00:00,397.0,436.23685
2025-09-17 06:00:00,938.0,899.8252
2025-09-17 07:00:00,1003.0,822.5735
2025-09-17 08:00:00,724.0,660.35876
2025-09-17 09:00:00,562.0,560.2012
2025-09-17 10:00:00,584.0,573.1701
2025-09-17 11:00:00,690.0,609.534
2025-09-17 12:00:00,649.0,633.22217
2025-09-17 13:00:00,796.0,665.68726
2025-09-17 14:00:00,744.0,701.37085
2025-09-17 15:00:00,813.0,798.45953
2025-09-17 16:00:00,1054.0,927.10986
2025-09-17 17:00:00,1079.0,957.4717
2025-09-17 18:00:00,843.0,802.31165
2025-09-17 19:00:00,573.0,575.9001
2025-09-17 20:00:00,347.0,377.16238
2025-09-17 21:00:00,238.0,287.87143
2025-09-17 22:00:00,174.0,213.74077
2025-09-17 23:00:00,103.0,149.65515
2025-09-18 00:00:00,56.0,122.63852
2025-09-18 01:00:00,18.0,89.20294
2025-09-18 02:00:00,20.0,76.04233
2025-09-18 03:00:00,36.0,73.98401
2025-09-18 04:00:00,63.0,115.507996
2025-09-18 05:00:00,387.0,375.0564
2025-09-18 06:00:00,981.0,862.9217
2025-09-18 07:00:00,985.0,819.74646
2025-09-18 08:00:00,643.0,674.8325
2025-09-18 09:00:00,585.0,585.6292
2025-09-18 10:00:00,572.0,597.15717
2025-09-18 11:00:00,659.0,626.9281
2025-09-18 12:00:00,639.0,663.38586
2025-09-18 13:00:00,802.0,704.6328
2025-09-18 14:00:00,776.0,774.8325
2025-09-18 15:00:00,1028.0,881.9681
2025-09-18 16:00:00,1244.0,957.0655
2025-09-18 17:00:00,1277.0,962.465
2025-09-18 18:00:00,1072.0,830.3611
2025-09-18 19:00:00,601.0,626.8009
2025-09-18 20:00:00,415.0,430.1729
2025-09-18 21:00:00,294.0,330.8022
2025-09-18 22:00:00,234.0,245.21074
2025-09-18 23:00:00,97.0,176.70132
2025-09-19 00:00:00,59.0,162.36523
2025-09-19 01:00:00,25.0,117.025696
2025-09-19 02:00:00,34.0,91.221924
2025-09-19 03:00:00,30.0,83.715485
2025-09-19 04:00:00,84.0,116.61838
2025-09-19 05:00:00,353.0,337.76367
2025-09-19 06:00:00,873.0,786.2329
2025-09-19 07:00:00,899.0,782.01
2025-09-19 08:00:00,592.0,659.4242
2025-09-19 09:00:00,503.0,605.0386
2025-09-19 10:00:00,561.0,620.9135
2025-09-19 11:00:00,600.0,653.6438
2025-09-19 12:00:00,691.0,699.18134
2025-09-19 13:00:00,544.0,743.85986
2025-09-19 14:00:00,850.0,818.4359
2025-09-19 15:00:00,1044.0,894.58984
2025-09-19 16:00:00,1247.0,955.0813
2025-09-19 17:00:00,1291.0,954.67694
2025-09-19 18:00:00,1104.0,831.4541
2025-09-19 19:00:00,879.0,650.8877
2025-09-19 20:00:00,458.0,462.48526
2025-09-19 21:00:00,434.0,374.58353
2025-09-19 22:00:00,333.0,297.71564
2025-09-19 23:00:00,294.0,230.05363
2025-09-20 00:00:00,168.0,210.14291
2025-09-20 01:00:00,102.0,152.89694
2025-09-20 02:00:00,64.0,124.789
2025-09-20 03:00:00,46.0,113.0784
2025-09-20 04:00:00,61.0,114.31018
2025-09-20 05:00:00,114.0,130.60959
2025-09-20 06:00:00,229.0,224.28864
2025-09-20 07:00:00,432.0,387.4906
2025-09-20 08:00:00,545.0,522.1752
2025-09-20 09:00:00,682.0,630.9923
2025-09-20 10:00:00,839.0,679.0556
2025-09-20 11:00:00,761.0,715.4883
2025-09-20 12:00:00,797.0,748.37634
2025-09-20 13:00:00,988.0,804.10394
2025-09-20 14:00:00,964.0,881.2771
2025-09-20 15:00:00,1087.0,945.34515
2025-09-20 16:00:00,1301.0,983.96216
2025-09-20 17:00:00,1338.0,968.74426
2025-09-20 18:00:00,1171.0,812.01105
2025-09-20 19:00:00,1110.0,688.9055
2025-09-20 20:00:00,943.0,551.8954
2025-09-20 21:00:00,595.0,467.3941
2025-09-20 22:00:00,466.0,401.00827
2025-09-20 23:00:00,281.0,306.08923
2025-09-21 00:00:00,222.0,183.04019
2025-09-21 01:00:00,145.0,138.97632
2025-09-21 02:00:00,80.0,116.00577
2025-09-21 03:00:00,52.0,100.95062
2025-09-21 04:00:00,51.0,97.14673
2025-09-21 05:00:00,53.0,112.56668
2025-09-21 06:00:00,108.0,166.23401
2025-09-21 07:00:00,184.0,244.58885
2025-09-21 08:00:00,367.0,383.46896
2025-09-21 09:00:00,600.0,536.502
2025-09-21 10:00:00,748.0,639.92126
2025-09-21 11:00:00,892.0,700.40186
2025-09-21 12:00:00,927.0,750.8098
2025-09-21 13:00:00,1148.0,821.697
2025-09-21 14:00:00,1169.0,899.8972
2025-09-21 15:00:00,1229.0,979.9669
2025-09-21 16:00:00,1299.0,991.9877
2025-09-21 17:00:00,1219.0,979.4043
2025-09-21 18:00:00,1086.0,870.7422
2025-09-21 19:00:00,1031.0,643.31366
2025-09-21 20:00:00,343.0,556.02686
2025-09-21 21:00:00,105.0,420.65784
2025-09-21 22:00:00,76.0,384.37286
2025-09-21 23:00:00,40.0,280.32114
2025-09-22 00:00:00,17.0,120.5238
2025-09-22 01:00:00,5.0,124.71054
2025-09-22 02:00:00,13.0,134.62134
2025-09-22 03:00:00,15.0,153.81024
2025-09-22 04:00:00,60.0,329.8081
2025-09-22 05:00:00,301.0,608.6944
2025-09-22 06:00:00,955.0,685.8541
2025-09-22 07:00:00,1015.0,736.0702
2025-09-22 08:00:00,651.0,683.0456
2025-09-22 09:00:00,558.0,624.99927
2025-09-22 10:00:00,648.0,546.0951
2025-09-22 11:00:00,695.0,551.1231
2025-09-22 12:00:00,693.0,573.75354
2025-09-22 13:00:00,732.0,598.86816
2025-09-22 14:00:00,791.0,626.81287
2025-09-22 15:00:00,773.0,666.2603
2025-09-22 16:00:00,989.0,701.1217
2025-09-22 17:00:00,1002.0,736.5221
2025-09-22 18:00:00,707.0,738.7619
2025-09-22 19:00:00,529.0,515.55774
2025-09-22 20:00:00,272.0,326.20532
2025-09-22 21:00:00,247.0,190.87808
2025-09-22 22:00:00,184.0,321.94095
2025-09-22 23:00:00,116.0,130.25891
2025-09-23 00:00:00,46.0,111.138336
2025-09-23 01:00:00,26.0,89.98105
2025-09-23 02:00:00,18.0,76.78586
2025-09-23 03:00:00,32.0,302.2069
2025-09-23 04:00:00,91.0,138.07507
2025-09-23 05:00:00,380.0,456.05682
2025-09-23 06:00:00,1033.0,912.94543
2025-09-23 07:00:00,978.0,623.42926
2025-09-23 08:00:00,603.0,612.3744
2025-09-23 09:00:00,533.0,534.80475
2025-09-23 10:00:00,572.0,561.41833
2025-09-23 11:00:00,587.0,595.7611
2025-09-23 12:00:00,629.0,621.31757
2025-09-23 13:00:00,690.0,648.5544
2025-09-23 14:00:00,731.0,600.17615
2025-09-23 15:00:00,721.0,746.0706
2025-09-23 16:00:00,895.0,820.29016
2025-09-23 17:00:00,943.0,868.396
2025-09-23 18:00:00,715.0,682.32446
2025-09-23 19:00:00,446.0,444.5353
2025-09-23 20:00:00,311.0,308.06842
2025-09-23 21:00:00,205.0,261.54932
2025-09-23 22:00:00,153.0,199.54025
2025-09-23 23:00:00,79.0,143.47055
2025-09-24 00:00:00,40.0,103.65689
2025-09-24 01:00:00,27.0,80.606445
2025-09-24 02:00:00,21.0,70.56445
2025-09-24 03:00:00,39.0,68.78226
2025-09-24 04:00:00,64.0,507.75797
2025-09-24 05:00:00,362.0,426.60056
2025-09-24 06:00:00,991.0,908.12537
2025-09-24 07:00:00,931.0,670.37213
2025-09-24 08:00:00,610.0,622.0783
2025-09-24 09:00:00,539.0,540.4885
2025-09-24 10:00:00,536.0,568.8714
2025-09-24 11:00:00,664.0,601.751
2025-09-24 12:00:00,649.0,620.0725
2025-09-24 13:00:00,727.0,651.4389
2025-09-24 14:00:00,710.0,687.9191
2025-09-24 15:00:00,806.0,763.46655
2025-09-24 16:00:00,905.0,867.05774
2025-09-24 17:00:00,1006.0,906.19543
2025-09-24 18:00:00,745.0,737.53204
2025-09-24 19:00:00,467.0,496.18506
2025-09-24 20:00:00,273.0,355.51718
2025-09-24 21:00:00,259.0,285.1579
2025-09-24 22:00:00,135.0,194.00714
2025-09-24 23:00:00,85.0,136.48776
2025-09-25 00:00:00,29.0,179.0971
2025-09-25 01:00:00,17.0,141.12259
2025-09-25 02:00:00,23.0,146.35925
2025-09-25 03:00:00,31.0,167.72137
2025-09-25 04:00:00,65.0,299.1753
2025-09-25 05:00:00,400.0,521.91266
2025-09-25 06:00:00,963.0,608.8478
2025-09-25 07:00:00,939.0,661.2395
2025-09-25 08:00:00,629.0,620.06165
2025-09-25 09:00:00,549.0,569.5123
2025-09-25 10:00:00,607.0,551.55176
2025-09-25 11:00:00,604.0,592.5572
2025-09-25 12:00:00,647.0,635.0508
2025-09-25 13:00:00,762.0,652.29834
2025-09-25 14:00:00,707.0,728.7865
2025-09-25 15:00:00,733.0,704.4538
2025-09-25 16:00:00,893.0,796.23975
2025-09-25 17:00:00,982.0,799.12933
2025-09-25 18:00:00,759.0,772.23315
2025-09-25 19:00:00,519.0,666.17834
2025-09-25 20:00:00,346.0,476.26938
2025-09-25 21:00:00,228.0,249.29282
2025-09-25 22:00:00,160.0,242.8428
2025-09-25 23:00:00,98.0,209.97885
2025-09-26 00:00:00,55.0,159.00967
2025-09-26 01:00:00,33.0,111.46799
2025-09-26 02:00:00,23.0,87.97156
2025-09-26 03:00:00,34.0,80.62329
2025-09-26 04:00:00,64.0,114.59842
2025-09-26 05:00:00,319.0,316.6955
2025-09-26 06:00:00,850.0,727.8922
2025-09-26 07:00:00,878.0,784.8736
2025-09-26 08:00:00,581.0,595.2851
2025-09-26 09:00:00,599.0,573.62695
2025-09-26 10:00:00,641.0,607.0456
2025-09-26 11:00:00,755.0,644.50793
2025-09-26 12:00:00,708.0,674.6937
2025-09-26 13:00:00,815.0,701.93774
2025-09-26 14:00:00,928.0,760.66675
2025-09-26 15:00:00,857.0,835.3358
2025-09-26 16:00:00,1032.0,878.6814
2025-09-26 17:00:00,971.0,880.3551
2025-09-26 18:00:00,715.0,736.7539
2025-09-26 19:00:00,598.0,606.8108
2025-09-26 20:00:00,423.0,383.29834
2025-09-26 21:00:00,371.0,330.17346
2025-09-26 22:00:00,325.0,289.76508
2025-09-26 23:00:00,303.0,228.6066
2025-09-27 00:00:00,124.0,195.28113
2025-09-27 01:00:00,68.0,138.39493
2025-09-27 02:00:00,45.0,113.107086
2025-09-27 03:00:00,47.0,101.392365
2025-09-27 04:00:00,69.0,99.47708
2025-09-27 05:00:00,91.0,109.00165
2025-09-27 06:00:00,202.0,164.9469
2025-09-27 07:00:00,309.0,288.89392
2025-09-27 08:00:00,468.0,451.47845
2025-09-27 09:00:00,638.0,593.1246
2025-09-27 10:00:00,736.0,647.80725
2025-09-27 11:00:00,741.0,696.0128
2025-09-27 12:00:00,726.0,703.64154
2025-09-27 13:00:00,694.0,730.9845
2025-09-27 14:00:00,655.0,786.5127
2025-09-27 15:00:00,643.0,830.89923
2025-09-27 16:00:00,716.0,857.18677
2025-09-27 17:00:00,724.0,830.7751
2025-09-27 18:00:00,631.0,717.4783
2025-09-27 19:00:00,561.0,601.53955
2025-09-27 20:00:00,500.0,502.07382
2025-09-27 21:00:00,397.0,453.212
2025-09-27 22:00:00,365.0,396.8969
2025-09-27 23:00:00,297.0,292.1656
2025-09-28 00:00:00,221.0,183.01843
2025-09-28 01:00:00,141.0,135.9313
2025-09-28 02:00:00,85.0,111.30847
2025-09-28 03:00:00,43.0,94.18283
2025-09-28 04:00:00,46.0,88.41391
2025-09-28 05:00:00,47.0,96.18854
2025-09-28 06:00:00,121.0,134.37762
2025-09-28 07:00:00,155.0,195.4383
2025-09-28 08:00:00,295.0,338.12122
2025-09-28 09:00:00,453.0,492.36646
2025-09-28 10:00:00,621.0,611.6795
2025-09-28 11:00:00,651.0,671.56824
2025-09-28 12:00:00,681.0,718.2186
2025-09-28 13:00:00,790.0,794.89124
2025-09-28 14:00:00,900.0,713.8704
2025-09-28 15:00:00,1091.0,934.4297
2025-09-28 16:00:00,1181.0,972.19086
2025-09-28 17:00:00,1264.0,969.08093
2025-09-28 18:00:00,1022.0,899.0886
2025-09-28 19:00:00,759.0,773.126
2025-09-28 20:00:00,674.0,567.2206
2025-09-28 21:00:00,508.0,530.31696
2025-09-28 22:00:00,292.0,407.05792
2025-09-28 23:00:00,167.0,277.51978
2025-09-29 00:00:00,25.0,119.59131
2025-09-29 01:00:00,7.0,95.353424
2025-09-29 02:00:00,15.0,79.96231
2025-09-29 03:00:00,22.0,76.52176
2025-09-29 04:00:00,67.0,132.27957
2025-09-29 05:00:00,348.0,424.69537
2025-09-29 06:00:00,910.0,891.2189
2025-09-29 07:00:00,854.0,842.00726
2025-09-29 08:00:00,634.0,640.0248
2025-09-29 09:00:00,573.0,589.84955
2025-09-29 10:00:00,566.0,561.86316
2025-09-29 11:00:00,591.0,594.38293
2025-09-29 12:00:00,640.0,627.25446
2025-09-29 13:00:00,735.0,652.66406
2025-09-29 14:00:00,768.0,701.1991
2025-09-29 15:00:00,764.0,782.96796
2025-09-29 16:00:00,933.0,878.15717
2025-09-29 17:00:00,1012.0,910.8429
2025-09-29 18:00:00,746.0,730.7102
2025-09-29 19:00:00,581.0,519.28815
2025-09-29 20:00:00,388.0,363.8776
2025-09-29 21:00:00,239.0,529.69885
2025-09-29 22:00:00,184.0,212.84314
2025-09-29 23:00:00,96.0,157.24268
2025-09-30 00:00:00,46.0,108.75598
2025-09-30 01:00:00,33.0,87.98059
2025-09-30 02:00:00,19.0,74.31558
2025-09-30 03:00:00,37.0,72.866516
2025-09-30 04:00:00,84.0,137.02444
2025-09-30 05:00:00,351.0,449.4895
2025-09-30 06:00:00,930.0,915.1377
2025-09-30 07:00:00,837.0,842.3341
2025-09-30 08:00:00,611.0,614.7173
2025-09-30 09:00:00,518.0,535.13293
2025-09-30 10:00:00,554.0,561.3927
2025-09-30 11:00:00,591.0,596.4661
2025-09-30 12:00:00,664.0,620.35266
2025-09-30 13:00:00,736.0,646.887
2025-09-30 14:00:00,717.0,677.7228
2025-09-30 15:00:00,768.0,751.39343
2025-09-30 16:00:00,891.0,893.44604
2025-09-30 17:00:00,758.0,886.0968
2025-09-30 18:00:00,632.0,702.5849
2025-09-30 19:00:00,532.0,507.56787
2025-09-30 20:00:00,322.0,344.2855
2025-09-30 21:00:00,185.0,267.5795
2025-09-30 22:00:00,13.0,202.98999
2025-09-30 23:00:00,2.0,144.50491
2025-10-01 00:00:00,6.0,104.73285
2025-10-01 01:00:00,6.0,84.02582
2025-10-01 02:00:00,4.0,72.6051
2025-10-01 03:00:00,1.0,70.52899
2025-10-01 04:00:00,45.0,296.63165
2025-10-01 05:00:00,369.0,421.17236
2025-10-01 06:00:00,834.0,839.2555
2025-10-01 07:00:00,839.0,822.20447
2025-10-01 08:00:00,598.0,606.464
2025-10-01 09:00:00,530.0,542.9512
2025-10-01 10:00:00,539.0,566.9884
2025-10-01 11:00:00,619.0,599.4885
2025-10-01 12:00:00,667.0,633.56085
2025-10-01 13:00:00,724.0,657.5116
2025-10-01 14:00:00,751.0,713.06525
2025-10-01 15:00:00,778.0,789.74384
2025-10-01 16:00:00,891.0,923.4342
2025-10-01 17:00:00,919.0,914.67126
2025-10-01 18:00:00,742.0,761.7118
2025-10-01 19:00:00,500.0,529.3579
2025-10-01 20:00:00,291.0,356.48444
2025-10-01 21:00:00,223.0,273.88477
2025-10-01 22:00:00,139.0,202.461
2025-10-01 23:00:00,103.0,140.37448
2025-10-02 00:00:00,37.0,118.99399
2025-10-02 01:00:00,20.0,89.52072
2025-10-02 02:00:00,22.0,73.33069
2025-10-02 03:00:00,37.0,68.65814
2025-10-02 04:00:00,91.0,99.35193
2025-10-02 05:00:00,350.0,348.81647
2025-10-02 06:00:00,855.0,862.79065
2025-10-02 07:00:00,903.0,802.5703
2025-10-02 08:00:00,619.0,597.07904
2025-10-02 09:00:00,575.0,553.38196
2025-10-02 10:00:00,519.0,583.24255
2025-10-02 11:00:00,675.0,616.4343
2025-10-02 12:00:00,653.0,649.87317
2025-10-02 13:00:00,724.0,689.2816
2025-10-02 14:00:00,710.0,754.02405
2025-10-02 15:00:00,820.0,862.9264
2025-10-02 16:00:00,999.0,942.577
2025-10-02 17:00:00,1041.0,926.1417
2025-10-02 18:00:00,803.0,782.7451
2025-10-02 19:00:00,544.0,576.54004
2025-10-02 20:00:00,313.0,393.67612
2025-10-02 21:00:00,198.0,315.72552
2025-10-02 22:00:00,189.0,237.07465
2025-10-02 23:00:00,91.0,168.01505
2025-10-03 00:00:00,33.0,161.75397
2025-10-03 01:00:00,16.0,111.53653
2025-10-03 02:00:00,28.0,85.3219
2025-10-03 03:00:00,28.0,79.84033
2025-10-03 04:00:00,77.0,107.31055
2025-10-03 05:00:00,305.0,279.464
2025-10-03 06:00:00,789.0,778.944
2025-10-03 07:00:00,757.0,790.24756
2025-10-03 08:00:00,552.0,632.1564
2025-10-03 09:00:00,569.0,574.5068
2025-10-03 10:00:00,655.0,606.0542
2025-10-03 11:00:00,701.0,644.1847
2025-10-03 12:00:00,721.0,675.61206
2025-10-03 13:00:00,814.0,702.98157
2025-10-03 14:00:00,838.0,763.808
2025-10-03 15:00:00,878.0,831.4856
2025-10-03 16:00:00,1060.0,892.3617
2025-10-03 17:00:00,1033.0,893.56396
2025-10-03 18:00:00,805.0,777.97015
2025-10-03 19:00:00,634.0,611.2801
2025-10-03 20:00:00,399.0,435.98615
2025-10-03 21:00:00,360.0,365.51544
2025-10-03 22:00:00,302.0,305.26077
2025-10-03 23:00:00,161.0,235.54832
2025-10-04 00:00:00,119.0,199.27502
2025-10-04 01:00:00,72.0,141.95645
2025-10-04 02:00:00,62.0,119.41495
2025-10-04 03:00:00,42.0,107.89929
2025-10-04 04:00:00,73.0,108.31845
2025-10-04 05:00:00,88.0,126.36441
2025-10-04 06:00:00,188.0,190.80103
2025-10-04 07:00:00,314.0,325.03555
2025-10-04 08:00:00,456.0,515.7249
2025-10-04 09:00:00,623.0,637.12024
2025-10-04 10:00:00,695.0,683.5809
2025-10-04 11:00:00,692.0,707.81433
2025-10-04 12:00:00,577.0,735.3784
2025-10-04 13:00:00,867.0,780.6022
2025-10-04 14:00:00,843.0,815.5601
2025-10-04 15:00:00,818.0,834.3779
2025-10-04 16:00:00,931.0,854.17596
2025-10-04 17:00:00,851.0,819.34875
2025-10-04 18:00:00,641.0,727.3022
2025-10-04 19:00:00,522.0,619.9585
2025-10-04 20:00:00,479.0,500.47632
2025-10-04 21:00:00,485.0,446.22577
2025-10-04 22:00:00,307.0,300.56757
2025-10-04 23:00:00,274.0,294.54926
2025-10-05 00:00:00,176.0,187.19333
2025-10-05 01:00:00,139.0,141.6282
2025-10-05 02:00:00,79.0,116.59512
2025-10-05 03:00:00,53.0,100.70438
2025-10-05 04:00:00,62.0,92.7092
2025-10-05 05:00:00,43.0,102.97009
2025-10-05 06:00:00,74.0,137.34302
2025-10-05 07:00:00,149.0,204.77661
2025-10-05 08:00:00,260.0,354.50958
2025-10-05 09:00:00,437.0,496.81744
2025-10-05 10:00:00,632.0,594.9359
2025-10-05 11:00:00,662.0,670.5667
2025-10-05 12:00:00,623.0,719.4088
2025-10-05 13:00:00,808.0,789.0758
2025-10-05 14:00:00,904.0,894.78625
2025-10-05 15:00:00,954.0,900.6128
2025-10-05 16:00:00,1034.0,959.5648
2025-10-05 17:00:00,908.0,974.6999
2025-10-05 18:00:00,670.0,878.1852
2025-10-05 19:00:00,715.0,760.0156
2025-10-05 20:00:00,925.0,643.18274
2025-10-05 21:00:00,616.0,366.33026
2025-10-05 22:00:00,472.0,387.79095
2025-10-05 23:00:00,417.0,272.36853
2025-10-06 00:00:00,154.0,126.920685
2025-10-06 01:00:00,76.0,97.40381
2025-10-06 02:00:00,66.0,81.40341
2025-10-06 03:00:00,65.0,77.293335
2025-10-06 04:00:00,111.0,168.81271
2025-10-06 05:00:00,325.0,386.3731
2025-10-06 06:00:00,884.0,881.6425
2025-10-06 07:00:00,830.0,828.7809
2025-10-06 08:00:00,564.0,624.79926
2025-10-06 09:00:00,557.0,543.6787
2025-10-06 10:00:00,633.0,565.537
2025-10-06 11:00:00,665.0,596.40125
2025-10-06 12:00:00,673.0,624.11597
2025-10-06 13:00:00,778.0,654.4744
2025-10-06 14:00:00,753.0,698.9032
2025-10-06 15:00:00,753.0,782.3446
2025-10-06 16:00:00,889.0,863.5122
2025-10-06 17:00:00,944.0,883.6826
2025-10-06 18:00:00,715.0,722.6885
2025-10-06 19:00:00,532.0,517.9197
2025-10-06 20:00:00,462.0,368.74313
2025-10-06 21:00:00,253.0,296.6184
2025-10-06 22:00:00,172.0,223.0872
2025-10-06 23:00:00,87.0,164.72986
2025-10-07 00:00:00,48.0,114.67316
2025-10-07 01:00:00,22.0,93.86389
2025-10-07 02:00:00,30.0,79.92847
2025-10-07 03:00:00,36.0,76.409515
2025-10-07 04:00:00,65.0,144.53922
2025-10-07 05:00:00,323.0,460.82007
2025-10-07 06:00:00,916.0,903.15826
2025-10-07 07:00:00,848.0,837.9833
2025-10-07 08:00:00,587.0,622.86676
2025-10-07 09:00:00,505.0,549.4106
2025-10-07 10:00:00,551.0,564.1306
2025-10-07 11:00:00,606.0,596.8779
2025-10-07 12:00:00,605.0,630.5507
2025-10-07 13:00:00,707.0,658.3669
2025-10-07 14:00:00,750.0,702.004
2025-10-07 15:00:00,823.0,792.0568
2025-10-07 16:00:00,913.0,905.43243
2025-10-07 17:00:00,972.0,889.8783
2025-10-07 18:00:00,783.0,738.0935
2025-10-07 19:00:00,524.0,501.66913
2025-10-07 20:00:00,343.0,345.28345
2025-10-07 21:00:00,227.0,274.65335
2025-10-07 22:00:00,134.0,206.2052
2025-10-07 23:00:00,78.0,153.4809
2025-10-08 00:00:00,41.0,104.177155
2025-10-08 01:00:00,33.0,82.98044
2025-10-08 02:00:00,19.0,70.63495
2025-10-08 03:00:00,39.0,69.41388
2025-10-08 04:00:00,67.0,124.041534
2025-10-08 05:00:00,332.0,429.28134
2025-10-08 06:00:00,872.0,897.9363
2025-10-08 07:00:00,783.0,823.36194
2025-10-08 08:00:00,515.0,609.4631
2025-10-08 09:00:00,510.0,541.34546
2025-10-08 10:00:00,589.0,571.23065
2025-10-08 11:00:00,602.0,605.75525
2025-10-08 12:00:00,657.0,633.76514
2025-10-08 13:00:00,675.0,661.68115
2025-10-08 14:00:00,727.0,691.9706
2025-10-08 15:00:00,776.0,783.82104
2025-10-08 16:00:00,1071.0,919.8255
2025-10-08 17:00:00,1094.0,910.10803
2025-10-08 18:00:00,889.0,761.9913
2025-10-08 19:00:00,655.0,532.40204
2025-10-08 20:00:00,371.0,358.61295
2025-10-08 21:00:00,208.0,277.74634
2025-10-08 22:00:00,179.0,211.15758
2025-10-08 23:00:00,103.0,146.58124
2025-10-09 00:00:00,22.0,123.089935
2025-10-09 01:00:00,52.0,90.94266
2025-10-09 02:00:00,23.0,77.18552
2025-10-09 03:00:00,37.0,74.17508
2025-10-09 04:00:00,75.0,120.93512
2025-10-09 05:00:00,323.0,382.05063
2025-10-09 06:00:00,809.0,849.65906
2025-10-09 07:00:00,821.0,805.69354
2025-10-09 08:00:00,601.0,607.2545
2025-10-09 09:00:00,569.0,569.2765
2025-10-09 10:00:00,593.0,597.537
2025-10-09 11:00:00,653.0,631.23474
2025-10-09 12:00:00,606.0,656.8886
2025-10-09 13:00:00,815.0,683.41406
2025-10-09 14:00:00,847.0,734.1295
2025-10-09 15:00:00,862.0,828.93506
2025-10-09 16:00:00,969.0,902.48303
2025-10-09 17:00:00,1018.0,918.80786
2025-10-09 18:00:00,758.0,815.36475
2025-10-09 19:00:00,598.0,617.07526
2025-10-09 20:00:00,457.0,418.93488
2025-10-09 21:00:00,306.0,336.127
2025-10-09 22:00:00,246.0,250.76004
2025-10-09 23:00:00,121.0,181.53549
2025-10-10 00:00:00,67.0,167.24341
2025-10-10 01:00:00,41.0,119.58447
2025-10-10 02:00:00,33.0,92.88901
2025-10-10 03:00:00,37.0,84.02994
2025-10-10 04:00:00,65.0,117.64813
2025-10-10 05:00:00,298.0,324.6495
2025-10-10 06:00:00,733.0,797.0408
2025-10-10 07:00:00,747.0,773.31104
2025-10-10 08:00:00,514.0,607.38074
2025-10-10 09:00:00,607.0,587.0266
2025-10-10 10:00:00,611.0,615.3275
2025-10-10 11:00:00,735.0,649.1677
2025-10-10 12:00:00,743.0,679.7888
2025-10-10 13:00:00,895.0,723.3337
2025-10-10 14:00:00,937.0,784.55493
2025-10-10 15:00:00,972.0,892.55505
2025-10-10 16:00:00,1168.0,921.8562
2025-10-10 17:00:00,1128.0,901.672
2025-10-10 18:00:00,965.0,804.78125
2025-10-10 19:00:00,729.0,637.0314
2025-10-10 20:00:00,572.0,453.90686
2025-10-10 21:00:00,481.0,368.5724
2025-10-10 22:00:00,368.0,304.32007
2025-10-10 23:00:00,356.0,234.89546
2025-10-11 00:00:00,140.0,199.89127
2025-10-11 01:00:00,114.0,143.5347
2025-10-11 02:00:00,122.0,119.89868
2025-10-11 03:00:00,113.0,108.46637
2025-10-11 04:00:00,92.0,109.88104
2025-10-11 05:00:00,115.0,127.54468
2025-10-11 06:00:00,224.0,192.94519
2025-10-11 07:00:00,332.0,330.4655
2025-10-11 08:00:00,492.0,521.0845
2025-10-11 09:00:00,731.0,633.0846
2025-10-11 10:00:00,791.0,670.5326
2025-10-11 11:00:00,746.0,693.4133
2025-10-11 12:00:00,755.0,710.0213
2025-10-11 13:00:00,828.0,741.67773
2025-10-11 14:00:00,858.0,793.312
2025-10-11 15:00:00,1037.0,842.2268
2025-10-11 16:00:00,1204.0,942.95483
2025-10-11 17:00:00,1180.0,841.81805
2025-10-11 18:00:00,1011.0,737.1221
2025-10-11 19:00:00,854.0,621.5559
2025-10-11 20:00:00,698.0,522.78546
2025-10-11 21:00:00,623.0,467.5389
2025-10-11 22:00:00,587.0,405.94388
2025-10-11 23:00:00,419.0,302.80966
2025-10-12 00:00:00,247.0,187.18805
2025-10-12 01:00:00,150.0,143.89606
2025-10-12 02:00:00,111.0,117.669464
2025-10-12 03:00:00,88.0,102.8512
2025-10-12 04:00:00,71.0,96.46243
2025-10-12 05:00:00,79.0,106.43933
2025-10-12 06:00:00,111.0,147.64651
2025-10-12 07:00:00,155.0,218.01419
2025-10-12 08:00:00,280.0,367.88058
2025-10-12 09:00:00,475.0,502.26736
2025-10-12 10:00:00,678.0,601.0589
2025-10-12 11:00:00,729.0,669.2929
2025-10-12 12:00:00,751.0,717.06537
2025-10-12 13:00:00,891.0,788.2035
2025-10-12 14:00:00,1163.0,868.1533
2025-10-12 15:00:00,1121.0,931.10925
2025-10-12 16:00:00,1240.0,991.59314
2025-10-12 17:00:00,1169.0,959.51385
2025-10-12 18:00:00,1076.0,891.8489
2025-10-12 19:00:00,1022.0,774.3617
2025-10-12 20:00:00,865.0,655.0771
2025-10-12 21:00:00,699.0,541.25323
2025-10-12 22:00:00,545.0,409.58978
2025-10-12 23:00:00,283.0,277.71466
2025-10-13 00:00:00,136.0,128.51654
2025-10-13 01:00:00,70.0,102.31445
2025-10-13 02:00:00,62.0,85.621216
2025-10-13 03:00:00,55.0,80.01053
2025-10-13 04:00:00,108.0,133.26361
2025-10-13 05:00:00,376.0,421.66046
2025-10-13 06:00:00,969.0,885.9196
2025-10-13 07:00:00,915.0,829.5834
2025-10-13 08:00:00,618.0,626.4851
2025-10-13 09:00:00,581.0,545.2321
2025-10-13 10:00:00,661.0,565.99316
2025-10-13 11:00:00,686.0,595.5012
2025-10-13 12:00:00,730.0,627.2972
2025-10-13 13:00:00,879.0,656.5058
2025-10-13 14:00:00,830.0,695.83563
2025-10-13 15:00:00,892.0,777.63654
2025-10-13 16:00:00,1084.0,860.7937
2025-10-13 17:00:00,1224.0,881.59454
2025-10-13 18:00:00,850.0,721.78503
2025-10-13 19:00:00,585.0,519.45874
2025-10-13 20:00:00,490.0,368.85208
2025-10-13 21:00:00,317.0,297.12115
2025-10-13 22:00:00,287.0,225.2275
2025-10-13 23:00:00,118.0,164.85532
2025-10-14 00:00:00,54.0,115.09689
2025-10-14 01:00:00,44.0,94.153625
2025-10-14 02:00:00,36.0,80.83209
2025-10-14 03:00:00,47.0,78.32718
2025-10-14 04:00:00,87.0,150.64313
2025-10-14 05:00:00,344.0,476.9583
2025-10-14 06:00:00,983.0,899.32135
2025-10-14 07:00:00,964.0,838.3313
2025-10-14 08:00:00,598.0,619.3033
2025-10-14 09:00:00,567.0,538.4717
2025-10-14 10:00:00,584.0,564.96643
2025-10-14 11:00:00,646.0,598.2808
2025-10-14 12:00:00,683.0,622.7139
2025-10-14 13:00:00,877.0,649.52124
2025-10-14 14:00:00,811.0,680.2596
2025-10-14 15:00:00,877.0,754.9182
2025-10-14 16:00:00,1077.0,846.9745
2025-10-14 17:00:00,1096.0,882.641
2025-10-14 18:00:00,796.0,718.9794
2025-10-14 19:00:00,487.0,473.22205
2025-10-14 20:00:00,432.0,334.56702
2025-10-14 21:00:00,262.0,265.4666
2025-10-14 22:00:00,189.0,196.90445
2025-10-14 23:00:00,78.0,147.9945
2025-10-15 00:00:00,69.0,102.05328
2025-10-15 01:00:00,42.0,81.30896
2025-10-15 02:00:00,45.0,68.77121
2025-10-15 03:00:00,40.0,68.17157
2025-10-15 04:00:00,75.0,122.7901
2025-10-15 05:00:00,361.0,418.42285
2025-10-15 06:00:00,944.0,903.6964
2025-10-15 07:00:00,932.0,830.9076
2025-10-15 08:00:00,584.0,610.53406
2025-10-15 09:00:00,559.0,536.52295
2025-10-15 10:00:00,617.0,566.2226
2025-10-15 11:00:00,649.0,602.7843
2025-10-15 12:00:00,738.0,632.0679
2025-10-15 13:00:00,822.0,660.37396
2025-10-15 14:00:00,826.0,689.45435
2025-10-15 15:00:00,953.0,776.8937
2025-10-15 16:00:00,1114.0,870.5801
2025-10-15 17:00:00,1133.0,904.02637
2025-10-15 18:00:00,749.0,757.8729
2025-10-15 19:00:00,581.0,533.2796
2025-10-15 20:00:00,387.0,360.5016
2025-10-15 21:00:00,291.0,281.0219
2025-10-15 22:00:00,261.0,215.08424
2025-10-15 23:00:00,114.0,148.87137
2025-10-16 00:00:00,27.0,121.85214
2025-10-16 01:00:00,63.0,90.337494
2025-10-16 02:00:00,37.0,75.80118
2025-10-16 03:00:00,47.0,72.02939
2025-10-16 04:00:00,97.0,117.43555
2025-10-16 05:00:00,348.0,366.35208
2025-10-16 06:00:00,1009.0,857.2981
2025-10-16 07:00:00,909.0,808.0331
2025-10-16 08:00:00,627.0,605.4782
2025-10-16 09:00:00,536.0,559.8169
2025-10-16 10:00:00,618.0,591.13116
2025-10-16 11:00:00,675.0,626.30743
2025-10-16 12:00:00,697.0,651.64905
2025-10-16 13:00:00,814.0,680.3349
2025-10-16 14:00:00,903.0,719.16345
2025-10-16 15:00:00,992.0,819.3323
2025-10-16 16:00:00,1094.0,891.6306
2025-10-16 17:00:00,1129.0,907.36115
2025-10-16 18:00:00,1002.0,787.9441
2025-10-16 19:00:00,612.0,589.7359
2025-10-16 20:00:00,402.0,401.48935
2025-10-16 21:00:00,343.0,325.8997
2025-10-16 22:00:00,276.0,239.72348
2025-10-16 23:00:00,172.0,170.37729
2025-10-17 00:00:00,104.0,163.8193
2025-10-17 01:00:00,52.0,112.76831
2025-10-17 02:00:00,40.0,87.75598
2025-10-17 03:00:00,44.0,81.157135
2025-10-17 04:00:00,85.0,114.92294
2025-10-17 05:00:00,324.0,304.6352
2025-10-17 06:00:00,838.0,789.5882
2025-10-17 07:00:00,871.0,778.07605
2025-10-17 08:00:00,586.0,600.5505
2025-10-17 09:00:00,583.0,576.5518
2025-10-17 10:00:00,619.0,606.1166
2025-10-17 11:00:00,776.0,642.87585
2025-10-17 12:00:00,738.0,673.9652
2025-10-17 13:00:00,880.0,703.55084
2025-10-17 14:00:00,903.0,764.4629
2025-10-17 15:00:00,1107.0,832.1045
2025-10-17 16:00:00,1223.0,899.83716
2025-10-17 17:00:00,1216.0,890.1521
2025-10-17 18:00:00,1013.0,775.6293
2025-10-17 19:00:00,715.0,616.9591
2025-10-17 20:00:00,537.0,440.7624
2025-10-17 21:00:00,468.0,366.05542
2025-10-17 22:00:00,447.0,302.51932
2025-10-17 23:00:00,382.0,233.22331
2025-10-18 00:00:00,144.0,194.13956
2025-10-18 01:00:00,99.0,135.90738
2025-10-18 02:00:00,73.0,114.69043
2025-10-18 03:00:00,72.0,102.144806
2025-10-18 04:00:00,80.0,101.86615
2025-10-18 05:00:00,114.0,115.77374
2025-10-18 06:00:00,215.0,170.78568
2025-10-18 07:00:00,360.0,306.04272
2025-10-18 08:00:00,481.0,496.9479
2025-10-18 09:00:00,654.0,618.7593
2025-10-18 10:00:00,784.0,667.4768
2025-10-18 11:00:00,907.0,700.86475
2025-10-18 12:00:00,794.0,728.1837
2025-10-18 13:00:00,974.0,767.19116
2025-10-18 14:00:00,977.0,846.1472
2025-10-18 15:00:00,1057.0,938.46246
2025-10-18 16:00:00,1296.0,969.2185
2025-10-18 17:00:00,1275.0,830.6998
2025-10-18 18:00:00,1194.0,716.83136
2025-10-18 19:00:00,874.0,606.7533
2025-10-18 20:00:00,684.0,512.168
2025-10-18 21:00:00,602.0,458.9568
2025-10-18 22:00:00,492.0,398.91327
2025-10-18 23:00:00,395.0,287.21582
2025-10-19 00:00:00,302.0,183.56705
2025-10-19 01:00:00,157.0,138.14874
2025-10-19 02:00:00,97.0,112.24109
2025-10-19 03:00:00,65.0,97.7543
2025-10-19 04:00:00,57.0,92.74878
2025-10-19 05:00:00,73.0,100.69232
2025-10-19 06:00:00,111.0,134.67767
2025-10-19 07:00:00,166.0,199.64304
2025-10-19 08:00:00,301.0,352.7836
2025-10-19 09:00:00,501.0,487.27106
2025-10-19 10:00:00,626.0,589.5435
2025-10-19 11:00:00,805.0,657.3591
2025-10-19 12:00:00,873.0,712.4309
2025-10-19 13:00:00,966.0,789.5504
2025-10-19 14:00:00,1129.0,878.7344
2025-10-19 15:00:00,1157.0,934.114
2025-10-19 16:00:00,1281.0,969.7947
2025-10-19 17:00:00,1300.0,957.67896
2025-10-19 18:00:00,1071.0,887.6387
2025-10-19 19:00:00,927.0,760.62634
2025-10-19 20:00:00,689.0,646.33594
2025-10-19 21:00:00,468.0,531.84204
2025-10-19 22:00:00,378.0,399.4442
2025-10-19 23:00:00,204.0,273.03943
2025-10-20 00:00:00,103.0,126.37808
2025-10-20 01:00:00,71.0,100.3533
2025-10-20 02:00:00,67.0,82.68509
2025-10-20 03:00:00,47.0,77.0361
2025-10-20 04:00:00,97.0,128.92758
2025-10-20 05:00:00,389.0,426.3177
2025-10-20 06:00:00,940.0,883.3756
2025-10-20 07:00:00,970.0,829.18823
2025-10-20 08:00:00,627.0,628.1052
2025-10-20 09:00:00,545.0,549.04175
2025-10-20 10:00:00,633.0,567.3823
2025-10-20 11:00:00,654.0,596.8446
2025-10-20 12:00:00,721.0,626.9847
2025-10-20 13:00:00,820.0,656.5033
2025-10-20 14:00:00,732.0,695.88385
2025-10-20 15:00:00,775.0,780.6469
2025-10-20 16:00:00,909.0,862.3197
2025-10-20 17:00:00,1051.0,880.06525
2025-10-20 18:00:00,759.0,719.00366
2025-10-20 19:00:00,517.0,511.0737
2025-10-20 20:00:00,299.0,364.4452
2025-10-20 21:00:00,271.0,293.118
2025-10-20 22:00:00,182.0,220.01683
2025-10-20 23:00:00,107.0,163.55527
2025-10-21 00:00:00,52.0,114.013306
2025-10-21 01:00:00,29.0,93.47742
2025-10-21 02:00:00,30.0,79.83426
2025-10-21 03:00:00,38.0,76.93515
2025-10-21 04:00:00,69.0,148.18225
2025-10-21 05:00:00,339.0,473.38763
2025-10-21 06:00:00,1045.0,906.06213
2025-10-21 07:00:00,986.0,840.67535
2025-10-21 08:00:00,633.0,621.681
2025-10-21 09:00:00,511.0,538.28723
2025-10-21 10:00:00,607.0,561.94025
2025-10-21 11:00:00,609.0,594.63983
2025-10-21 12:00:00,632.0,627.7257
2025-10-21 13:00:00,688.0,660.01324
2025-10-21 14:00:00,691.0,686.26697
2025-10-21 15:00:00,773.0,765.7123
2025-10-21 16:00:00,923.0,853.42017
2025-10-21 17:00:00,939.0,882.735
2025-10-21 18:00:00,643.0,702.9912
2025-10-21 19:00:00,427.0,511.657
2025-10-21 20:00:00,271.0,347.633
2025-10-21 21:00:00,204.0,277.3782
2025-10-21 22:00:00,174.0,211.59221
2025-10-21 23:00:00,136.0,156.35806
2025-10-22 00:00:00,39.0,106.680145
2025-10-22 01:00:00,19.0,84.82376
2025-10-22 02:00:00,17.0,73.792175
2025-10-22 03:00:00,24.0,72.98422
2025-10-22 04:00:00,74.0,136.5889
2025-10-22 05:00:00,359.0,421.39178
2025-10-22 06:00:00,1005.0,885.1732
2025-10-22 07:00:00,953.0,854.95465
2025-10-22 08:00:00,631.0,601.7669
2025-10-22 09:00:00,480.0,550.4589
2025-10-22 10:00:00,548.0,568.035
2025-10-22 11:00:00,636.0,606.201
2025-10-22 12:00:00,607.0,635.2446
2025-10-22 13:00:00,638.0,661.7362
2025-10-22 14:00:00,714.0,694.1691
2025-10-22 15:00:00,743.0,783.056
2025-10-22 16:00:00,920.0,875.3991
2025-10-22 17:00:00,1007.0,905.48474
2025-10-22 18:00:00,632.0,764.6684
2025-10-22 19:00:00,468.0,540.06464
2025-10-22 20:00:00,304.0,366.90622
2025-10-22 21:00:00,234.0,286.4737
2025-10-22 22:00:00,159.0,221.76213
2025-10-22 23:00:00,143.0,157.79636
2025-10-23 00:00:00,22.0,122.65799
2025-10-23 01:00:00,70.0,96.179016
2025-10-23 02:00:00,20.0,77.606384
2025-10-23 03:00:00,37.0,76.65985
2025-10-23 04:00:00,81.0,125.85477
2025-10-23 05:00:00,355.0,398.69656
2025-10-23 06:00:00,1030.0,842.3445
2025-10-23 07:00:00,1019.0,808.7767
2025-10-23 08:00:00,636.0,613.14874
2025-10-23 09:00:00,563.0,566.77856
2025-10-23 10:00:00,499.0,573.3853
2025-10-23 11:00:00,556.0,615.84106
2025-10-23 12:00:00,623.0,644.42303
2025-10-23 13:00:00,671.0,679.73474
2025-10-23 14:00:00,616.0,729.96716
2025-10-23 15:00:00,686.0,854.8977
2025-10-23 16:00:00,877.0,936.40405
2025-10-23 17:00:00,909.0,902.75073
2025-10-23 18:00:00,647.0,780.54425
2025-10-23 19:00:00,440.0,476.72482
2025-10-23 20:00:00,295.0,368.16974
2025-10-23 21:00:00,253.0,312.7004
2025-10-23 22:00:00,213.0,254.41145
2025-10-23 23:00:00,115.0,169.90714
2025-10-24 00:00:00,41.0,163.4556
2025-10-24 01:00:00,33.0,112.71472
2025-10-24 02:00:00,23.0,87.7269
2025-10-24 03:00:00,34.0,80.968475
2025-10-24 04:00:00,67.0,115.51102
2025-10-24 05:00:00,318.0,302.08618
2025-10-24 06:00:00,837.0,863.82306
2025-10-24 07:00:00,912.0,732.2716
2025-10-24 08:00:00,568.0,601.3186
2025-10-24 09:00:00,543.0,554.8749
2025-10-24 10:00:00,612.0,572.66156
2025-10-24 11:00:00,701.0,633.172
2025-10-24 12:00:00,699.0,671.3769
2025-10-24 13:00:00,744.0,708.79474
2025-10-24 14:00:00,766.0,779.5383
2025-10-24 15:00:00,850.0,878.0799
2025-10-24 16:00:00,996.0,916.68744
2025-10-24 17:00:00,969.0,882.5786
2025-10-24 18:00:00,767.0,755.37964
2025-10-24 19:00:00,515.0,595.3331
2025-10-24 20:00:00,411.0,429.58185
2025-10-24 21:00:00,294.0,359.33954
2025-10-24 22:00:00,215.0,299.62665
2025-10-24 23:00:00,287.0,231.76704
2025-10-25 00:00:00,201.0,176.80658
2025-10-25 01:00:00,79.0,141.55948
2025-10-25 02:00:00,45.0,116.30954
2025-10-25 03:00:00,26.0,107.461395
2025-10-25 04:00:00,51.0,109.34375
2025-10-25 05:00:00,91.0,122.48724
2025-10-25 06:00:00,193.0,182.11407
2025-10-25 07:00:00,350.0,317.24927
2025-10-25 08:00:00,487.0,500.9122
2025-10-25 09:00:00,619.0,622.58044
2025-10-25 10:00:00,720.0,656.99817
2025-10-25 11:00:00,742.0,672.3133
2025-10-25 12:00:00,711.0,712.6482
2025-10-25 13:00:00,769.0,731.4657
2025-10-25 14:00:00,753.0,786.0344
2025-10-25 15:00:00,721.0,828.84045
2025-10-25 16:00:00,751.0,840.7761
2025-10-25 17:00:00,742.0,793.5675
2025-10-25 18:00:00,629.0,696.6614
2025-10-25 19:00:00,536.0,588.23535
2025-10-25 20:00:00,433.0,500.00327
2025-10-25 21:00:00,341.0,435.31262
2025-10-25 22:00:00,309.0,354.16245
2025-10-25 23:00:00,277.0,233.4866
2025-10-26 00:00:00,156.0,184.85117
2025-10-26 01:00:00,104.0,140.52505
2025-10-26 02:00:00,84.0,114.51474
2025-10-26 03:00:00,28.0,98.93149
2025-10-26 04:00:00,39.0,91.69708
2025-10-26 05:00:00,42.0,124.47278
2025-10-26 06:00:00,92.0,118.27182
2025-10-26 07:00:00,188.0,211.0942
2025-10-26 08:00:00,345.0,312.82495
2025-10-26 09:00:00,472.0,532.33136
2025-10-26 10:00:00,623.0,606.89545
2025-10-26 11:00:00,612.0,659.0238
2025-10-26 12:00:00,647.0,703.2831
2025-10-26 13:00:00,773.0,771.39734
2025-10-26 14:00:00,742.0,845.5176
2025-10-26 15:00:00,861.0,912.7449
2025-10-26 16:00:00,924.0,948.8604
2025-10-26 17:00:00,783.0,940.79175
2025-10-26 18:00:00,648.0,865.00195
2025-10-26 19:00:00,565.0,736.61145
2025-10-26 20:00:00,531.0,623.09595
2025-10-26 21:00:00,459.0,494.6727
2025-10-26 22:00:00,509.0,328.5659
2025-10-26 23:00:00,176.0,267.3689
2025-10-27 00:00:00,65.0,124.5036
2025-10-27 01:00:00,39.0,98.26465
2025-10-27 02:00:00,29.0,81.06839
2025-10-27 03:00:00,52.0,74.986176
2025-10-27 04:00:00,108.0,123.312744
2025-10-27 05:00:00,397.0,374.64172
2025-10-27 06:00:00,1048.0,861.85
2025-10-27 07:00:00,1028.0,869.6603
2025-10-27 08:00:00,603.0,666.1573
2025-10-27 09:00:00,493.0,550.30524
2025-10-27 10:00:00,555.0,550.06006
2025-10-27 11:00:00,621.0,583.1311
2025-10-27 12:00:00,624.0,612.9033
2025-10-27 13:00:00,797.0,637.2189
2025-10-27 14:00:00,639.0,674.70996
2025-10-27 15:00:00,667.0,751.21985
2025-10-27 16:00:00,885.0,836.56384
2025-10-27 17:00:00,881.0,857.144
2025-10-27 18:00:00,665.0,647.4737
2025-10-27 19:00:00,443.0,494.97052
2025-10-27 20:00:00,333.0,355.88483
2025-10-27 21:00:00,265.0,288.8111
2025-10-27 22:00:00,164.0,234.38364
2025-10-27 23:00:00,94.0,162.33267
2025-10-28 00:00:00,33.0,110.71353
2025-10-28 01:00:00,21.0,92.06076
2025-10-28 02:00:00,16.0,77.47638
2025-10-28 03:00:00,33.0,76.01953
2025-10-28 04:00:00,65.0,144.03226
2025-10-28 05:00:00,368.0,469.48035
2025-10-28 06:00:00,1040.0,910.21423
2025-10-28 07:00:00,1032.0,843.62695
2025-10-28 08:00:00,656.0,640.9431
2025-10-28 09:00:00,403.0,538.5897
2025-10-28 10:00:00,588.0,558.73615
2025-10-28 11:00:00,604.0,591.8296
2025-10-28 12:00:00,602.0,623.99194
2025-10-28 13:00:00,555.0,653.79553
2025-10-28 14:00:00,725.0,697.64996
2025-10-28 15:00:00,779.0,779.5624
2025-10-28 16:00:00,933.0,881.5049
2025-10-28 17:00:00,953.0,878.17834
2025-10-28 18:00:00,634.0,711.2363
2025-10-28 19:00:00,442.0,469.55853
2025-10-28 20:00:00,333.0,333.81445
2025-10-28 21:00:00,229.0,266.64133
2025-10-28 22:00:00,214.0,197.78622
2025-10-28 23:00:00,188.0,146.58917
2025-10-29 00:00:00,46.0,100.98193
2025-10-29 01:00:00,27.0,80.16736
2025-10-29 02:00:00,15.0,67.94803
2025-10-29 03:00:00,33.0,67.93744
2025-10-29 04:00:00,71.0,123.55609
2025-10-29 05:00:00,377.0,424.55896
2025-10-29 06:00:00,1049.0,911.40686
2025-10-29 07:00:00,1048.0,847.4839
2025-10-29 08:00:00,650.0,647.06213
2025-10-29 09:00:00,555.0,549.5622
2025-10-29 10:00:00,586.0,557.6612
2025-10-29 11:00:00,698.0,591.1915
2025-10-29 12:00:00,701.0,626.33203
2025-10-29 13:00:00,785.0,660.9541
2025-10-29 14:00:00,771.0,707.8562
2025-10-29 15:00:00,893.0,777.64923
2025-10-29 16:00:00,973.0,864.6295
2025-10-29 17:00:00,1026.0,898.5886
2025-10-29 18:00:00,657.0,746.5144
2025-10-29 19:00:00,463.0,517.0162
2025-10-29 20:00:00,299.0,359.326
2025-10-29 21:00:00,249.0,278.12177
2025-10-29 22:00:00,206.0,218.98172
2025-10-29 23:00:00,96.0,127.502655
2025-10-30 00:00:00,26.0,113.842316
2025-10-30 01:00:00,31.0,88.641754
2025-10-30 02:00:00,31.0,75.33084
2025-10-30 03:00:00,25.0,72.65051
2025-10-30 04:00:00,81.0,124.24057
2025-10-30 05:00:00,353.0,341.36996
2025-10-30 06:00:00,1056.0,863.8374
2025-10-30 07:00:00,1007.0,815.50366
2025-10-30 08:00:00,655.0,582.83936
2025-10-30 09:00:00,557.0,556.9375
2025-10-30 10:00:00,664.0,590.1538
2025-10-30 11:00:00,714.0,625.7092
2025-10-30 12:00:00,648.0,652.44495
2025-10-30 13:00:00,810.0,679.5866
2025-10-30 14:00:00,719.0,718.57776
2025-10-30 15:00:00,801.0,816.41046
2025-10-30 16:00:00,946.0,886.76025
2025-10-30 17:00:00,945.0,902.22144
2025-10-30 18:00:00,733.0,783.93744
2025-10-30 19:00:00,473.0,589.47595
2025-10-30 20:00:00,307.0,403.63226
2025-10-30 21:00:00,292.0,326.88556
2025-10-30 22:00:00,197.0,240.77565
2025-10-30 23:00:00,91.0,171.8634
2025-10-31 00:00:00,73.0,163.53668
2025-10-31 01:00:00,33.0,113.27521
2025-10-31 02:00:00,25.0,87.6575
2025-10-31 03:00:00,33.0,80.646515
2025-10-31 04:00:00,70.0,116.22809
2025-10-31 05:00:00,342.0,302.75323
2025-10-31 06:00:00,945.0,784.86694
2025-10-31 07:00:00,959.0,798.60974
2025-10-31 08:00:00,578.0,638.7543
2025-10-31 09:00:00,544.0,581.6335
2025-10-31 10:00:00,652.0,600.15906
2025-10-31 11:00:00,686.0,639.18933
2025-10-31 12:00:00,725.0,675.17456
2025-10-31 13:00:00,837.0,706.128
2025-10-31 14:00:00,894.0,793.73
2025-10-31 15:00:00,890.0,846.6093
2025-10-31 16:00:00,1043.0,893.8777
2025-10-31 17:00:00,952.0,890.06335
2025-10-31 18:00:00,766.0,782.32227
2025-10-31 19:00:00,532.0,617.33026
2025-10-31 20:00:00,377.0,443.70572
2025-10-31 21:00:00,305.0,366.16953
2025-10-31 22:00:00,286.0,300.20587
2025-10-31 23:00:00,169.0,231.78857
2025-11-01 00:00:00,106.0,173.68799
2025-11-01 01:00:00,88.0,142.79019
2025-11-01 02:00:00,96.0,123.899536
2025-11-01 03:00:00,106.0,118.338715
2025-11-01 04:00:00,69.0,128.86063
2025-11-01 05:00:00,65.0,157.21512
2025-11-01 06:00:00,157.0,199.02954
2025-11-01 07:00:00,219.0,269.05927
2025-11-01 08:00:00,383.0,335.6006
2025-11-01 09:00:00,619.0,404.8807
2025-11-01 10:00:00,646.0,456.47556
2025-11-01 11:00:00,703.0,510.13144
2025-11-01 12:00:00,677.0,554.0211
2025-11-01 13:00:00,809.0,578.8752
2025-11-01 14:00:00,801.0,595.08154
2025-11-01 15:00:00,820.0,596.8495
2025-11-01 16:00:00,917.0,579.8618
2025-11-01 17:00:00,785.0,540.60657
2025-11-01 18:00:00,581.0,483.86664
2025-11-01 19:00:00,452.0,370.8593
2025-11-01 20:00:00,329.0,334.8167
2025-11-01 21:00:00,326.0,288.46545
2025-11-01 22:00:00,286.0,251.50926
2025-11-01 23:00:00,298.0,216.0015
2025-11-02 00:00:00,136.0,194.46744
2025-11-02 01:00:00,85.0,144.74094
2025-11-02 02:00:00,49.0,117.685425
2025-11-02 03:00:00,43.0,99.481445
2025-11-02 04:00:00,43.0,89.717316
2025-11-02 05:00:00,47.0,94.96228
2025-11-02 06:00:00,67.0,168.24057
2025-11-02 07:00:00,138.0,221.09875
2025-11-02 08:00:00,301.0,324.17474
2025-11-02 09:00:00,429.0,500.22308
2025-11-02 10:00:00,631.0,616.0792
2025-11-02 11:00:00,750.0,657.74664
2025-11-02 12:00:00,788.0,702.5593
2025-11-02 13:00:00,859.0,741.2373
2025-11-02 14:00:00,968.0,809.97577
2025-11-02 15:00:00,910.0,885.8444
2025-11-02 16:00:00,861.0,910.6937
2025-11-02 17:00:00,801.0,948.1314
2025-11-02 18:00:00,709.0,879.8981
2025-11-02 19:00:00,662.0,718.27356
2025-11-02 20:00:00,513.0,598.3578
2025-11-02 21:00:00,358.0,491.87784
2025-11-02 22:00:00,220.0,401.67963
2025-11-02 23:00:00,104.0,272.71753
2025-11-03 00:00:00,78.0,129.2536
2025-11-03 01:00:00,67.0,88.2789
2025-11-03 02:00:00,50.0,84.87042
2025-11-03 03:00:00,49.0,77.092255
2025-11-03 04:00:00,83.0,121.68741
2025-11-03 05:00:00,365.0,387.2996
2025-11-03 06:00:00,1033.0,881.0629
2025-11-03 07:00:00,1076.0,841.99207
2025-11-03 08:00:00,723.0,651.0297
2025-11-03 09:00:00,523.0,543.27246
2025-11-03 10:00:00,526.0,566.22894
2025-11-03 11:00:00,606.0,592.6052
2025-11-03 12:00:00,650.0,629.5941
2025-11-03 13:00:00,706.0,660.2676
2025-11-03 14:00:00,692.0,702.8007
2025-11-03 15:00:00,689.0,778.3467
2025-11-03 16:00:00,938.0,859.9083
2025-11-03 17:00:00,879.0,865.86865
2025-11-03 18:00:00,660.0,685.4098
2025-11-03 19:00:00,421.0,476.4127
2025-11-03 20:00:00,343.0,351.281
2025-11-03 21:00:00,245.0,283.01315
2025-11-03 22:00:00,80.0,215.0996
2025-11-03 23:00:00,52.0,163.68805
2025-11-04 00:00:00,15.0,112.835815
2025-11-04 01:00:00,13.0,93.05438
2025-11-04 02:00:00,13.0,78.793884
2025-11-04 03:00:00,25.0,73.70987
2025-11-04 04:00:00,48.0,131.05139
2025-11-04 05:00:00,376.0,424.59396
2025-11-04 06:00:00,1019.0,917.0039
2025-11-04 07:00:00,1031.0,859.109
2025-11-04 08:00:00,679.0,655.122
2025-11-04 09:00:00,516.0,542.20905
2025-11-04 10:00:00,515.0,554.2814
2025-11-04 11:00:00,589.0,588.9193
2025-11-04 12:00:00,619.0,621.3226
2025-11-04 13:00:00,672.0,650.56555
2025-11-04 14:00:00,651.0,694.18
2025-11-04 15:00:00,675.0,770.91644
2025-11-04 16:00:00,896.0,846.7575
2025-11-04 17:00:00,888.0,867.5126
2025-11-04 18:00:00,561.0,671.7576
2025-11-04 19:00:00,441.0,447.11624
2025-11-04 20:00:00,313.0,326.0333
2025-11-04 21:00:00,246.0,259.48615
2025-11-04 22:00:00,102.0,197.13712
2025-11-04 23:00:00,47.0,146.97229
2025-11-05 00:00:00,16.0,101.38846
2025-11-05 01:00:00,19.0,81.38553
2025-11-05 02:00:00,8.0,68.756805
2025-11-05 03:00:00,15.0,67.15433
2025-11-05 04:00:00,42.0,114.06735
2025-11-05 05:00:00,356.0,412.59808
2025-11-05 06:00:00,1025.0,905.3331
2025-11-05 07:00:00,960.0,857.11914
2025-11-05 08:00:00,621.0,643.533
2025-11-05 09:00:00,546.0,549.39764
2025-11-05 10:00:00,527.0,557.83777
2025-11-05 11:00:00,613.0,591.7345
2025-11-05 12:00:00,666.0,626.89453
2025-11-05 13:00:00,703.0,662.409
2025-11-05 14:00:00,693.0,708.0097
2025-11-05 15:00:00,715.0,803.389
2025-11-05 16:00:00,948.0,870.69836
2025-11-05 17:00:00,976.0,889.57983
2025-11-05 18:00:00,676.0,709.9642
2025-11-05 19:00:00,436.0,496.88327
2025-11-05 20:00:00,284.0,345.29132
2025-11-05 21:00:00,211.0,267.67725
2025-11-05 22:00:00,111.0,197.70944
2025-11-05 23:00:00,55.0,135.9585
2025-11-06 00:00:00,20.0,118.129456
2025-11-06 01:00:00,26.0,87.79065
2025-11-06 02:00:00,11.0,71.272644
2025-11-06 03:00:00,17.0,67.40103
2025-11-06 04:00:00,50.0,98.799225
2025-11-06 05:00:00,351.0,337.17975
2025-11-06 06:00:00,1028.0,859.55206
2025-11-06 07:00:00,1045.0,813.7776
2025-11-06 08:00:00,602.0,609.8997
2025-11-06 09:00:00,586.0,543.12585
2025-11-06 10:00:00,604.0,578.75964
2025-11-06 11:00:00,654.0,615.39154
2025-11-06 12:00:00,549.0,647.12195
2025-11-06 13:00:00,710.0,677.15076
2025-11-06 14:00:00,689.0,708.88574
2025-11-06 15:00:00,673.0,808.1432
2025-11-06 16:00:00,935.0,871.147
2025-11-06 17:00:00,911.0,885.8644
2025-11-06 18:00:00,621.0,734.6441
2025-11-06 19:00:00,431.0,543.7038
2025-11-06 20:00:00,293.0,381.79694
2025-11-06 21:00:00,273.0,307.36047
2025-11-06 22:00:00,131.0,231.22023
2025-11-06 23:00:00,69.0,168.01651
2025-11-07 00:00:00,31.0,156.91064
2025-11-07 01:00:00,19.0,108.65869
2025-11-07 02:00:00,20.0,83.635925
2025-11-07 03:00:00,23.0,78.79413
2025-11-07 04:00:00,51.0,104.57538
2025-11-07 05:00:00,343.0,279.41974
2025-11-07 06:00:00,896.0,762.5996
2025-11-07 07:00:00,917.0,774.22473
2025-11-07 08:00:00,584.0,594.6085
2025-11-07 09:00:00,579.0,563.27203
2025-11-07 10:00:00,598.0,595.37646
2025-11-07 11:00:00,667.0,635.94104
2025-11-07 12:00:00,703.0,667.1223
2025-11-07 13:00:00,800.0,694.8753
2025-11-07 14:00:00,775.0,740.74316
2025-11-07 15:00:00,824.0,813.7908
2025-11-07 16:00:00,991.0,868.11163
2025-11-07 17:00:00,869.0,862.7026
2025-11-07 18:00:00,693.0,724.6326
2025-11-07 19:00:00,538.0,574.09814
2025-11-07 20:00:00,311.0,428.4791
2025-11-07 21:00:00,302.0,364.25436
2025-11-07 22:00:00,239.0,297.37558
2025-11-07 23:00:00,243.0,229.4271
2025-11-08 00:00:00,88.0,184.3399
2025-11-08 01:00:00,67.0,134.6951
2025-11-08 02:00:00,31.0,113.266815
2025-11-08 03:00:00,51.0,102.48724
2025-11-08 04:00:00,38.0,100.92236
2025-11-08 05:00:00,93.0,113.91989
2025-11-08 06:00:00,177.0,162.98712
2025-11-08 07:00:00,343.0,285.8553
2025-11-08 08:00:00,446.0,456.44882
2025-11-08 09:00:00,601.0,590.5259
2025-11-08 10:00:00,672.0,652.7937
2025-11-08 11:00:00,715.0,679.39294
2025-11-08 12:00:00,662.0,698.5389
2025-11-08 13:00:00,651.0,720.4678
2025-11-08 14:00:00,749.0,767.435
2025-11-08 15:00:00,848.0,807.1602
2025-11-08 16:00:00,909.0,832.2752
2025-11-08 17:00:00,890.0,800.18774
2025-11-08 18:00:00,680.0,694.1869
2025-11-08 19:00:00,456.0,586.69727
2025-11-08 20:00:00,366.0,505.28946
2025-11-08 21:00:00,352.0,451.436
2025-11-08 22:00:00,324.0,393.8175
2025-11-08 23:00:00,254.0,278.4344
2025-11-09 00:00:00,170.0,181.74945
2025-11-09 01:00:00,99.0,137.10104
2025-11-09 02:00:00,70.0,112.63516
2025-11-09 03:00:00,37.0,97.56442
2025-11-09 04:00:00,23.0,94.22797
2025-11-09 05:00:00,39.0,102.754364
2025-11-09 06:00:00,64.0,132.49097
2025-11-09 07:00:00,138.0,193.08447
2025-11-09 08:00:00,254.0,342.58203
2025-11-09 09:00:00,400.0,481.73615
2025-11-09 10:00:00,574.0,585.72186
2025-11-09 11:00:00,687.0,659.29443
2025-11-09 12:00:00,706.0,710.9786
2025-11-09 13:00:00,788.0,780.1508
2025-11-09 14:00:00,880.0,861.32153
2025-11-09 15:00:00,1070.0,923.56836
2025-11-09 16:00:00,1092.0,956.99725
2025-11-09 17:00:00,1025.0,946.89264
2025-11-09 18:00:00,725.0,871.88275
2025-11-09 19:00:00,732.0,749.02686
2025-11-09 20:00:00,678.0,637.57654
2025-11-09 21:00:00,507.0,522.813
2025-11-09 22:00:00,264.0,402.21155
2025-11-09 23:00:00,153.0,272.7921
2025-11-10 00:00:00,76.0,127.60281
2025-11-10 01:00:00,53.0,101.512665
2025-11-10 02:00:00,52.0,85.174805
2025-11-10 03:00:00,36.0,76.80917
2025-11-10 04:00:00,101.0,121.255005
2025-11-10 05:00:00,370.0,387.7953
2025-11-10 06:00:00,1043.0,881.6899
2025-11-10 07:00:00,1061.0,836.8998
2025-11-10 08:00:00,608.0,628.33905
2025-11-10 09:00:00,527.0,538.2678
2025-11-10 10:00:00,589.0,557.31445
2025-11-10 11:00:00,531.0,589.323
2025-11-10 12:00:00,661.0,619.7384
2025-11-10 13:00:00,712.0,650.55383
2025-11-10 14:00:00,655.0,687.11505
2025-11-10 15:00:00,743.0,761.9239
2025-11-10 16:00:00,906.0,850.53577
2025-11-10 17:00:00,988.0,860.51746
2025-11-10 18:00:00,656.0,681.8603
2025-11-10 19:00:00,431.0,464.79202
2025-11-10 20:00:00,327.0,348.70236
2025-11-10 21:00:00,270.0,279.3165
2025-11-10 22:00:00,165.0,214.49281
2025-11-10 23:00:00,113.0,162.95398
2025-11-11 00:00:00,42.0,112.48718
2025-11-11 01:00:00,37.0,93.15726
2025-11-11 02:00:00,41.0,79.46863
2025-11-11 03:00:00,38.0,74.802124
2025-11-11 04:00:00,85.0,134.60672
2025-11-11 05:00:00,345.0,444.34106
2025-11-11 06:00:00,1035.0,912.72107
2025-11-11 07:00:00,1027.0,854.0398
2025-11-11 08:00:00,640.0,645.4677
2025-11-11 09:00:00,544.0,543.3826
2025-11-11 10:00:00,598.0,556.43634
2025-11-11 11:00:00,610.0,589.38
2025-11-11 12:00:00,607.0,621.8963
2025-11-11 13:00:00,679.0,650.996
2025-11-11 14:00:00,627.0,694.5649
2025-11-11 15:00:00,752.0,763.53296
2025-11-11 16:00:00,841.0,841.761
2025-11-11 17:00:00,873.0,868.033
2025-11-11 18:00:00,585.0,672.5698
2025-11-11 19:00:00,405.0,447.11902
2025-11-11 20:00:00,295.0,325.97922
2025-11-11 21:00:00,191.0,260.29962
2025-11-11 22:00:00,136.0,198.81503
2025-11-11 23:00:00,83.0,146.82626
2025-11-12 00:00:00,35.0,101.14606
2025-11-12 01:00:00,18.0,81.05136
2025-11-12 02:00:00,17.0,68.783295
2025-11-12 03:00:00,29.0,67.3967
2025-11-12 04:00:00,71.0,116.0553
2025-11-12 05:00:00,355.0,421.48697
2025-11-12 06:00:00,1030.0,904.4026
2025-11-12 07:00:00,1003.0,854.58936
2025-11-12 08:00:00,609.0,637.1555
2025-11-12 09:00:00,525.0,549.1929
2025-11-12 10:00:00,567.0,558.6205
2025-11-12 11:00:00,608.0,591.04425
2025-11-12 12:00:00,621.0,626.52356
2025-11-12 13:00:00,767.0,662.0978
2025-11-12 14:00:00,641.0,706.9181
2025-11-12 15:00:00,708.0,771.6438
2025-11-12 16:00:00,953.0,861.1616
2025-11-12 17:00:00,929.0,888.5631
2025-11-12 18:00:00,646.0,711.6228
2025-11-12 19:00:00,394.0,497.95593
2025-11-12 20:00:00,287.0,347.44653
2025-11-12 21:00:00,268.0,272.78366
2025-11-12 22:00:00,145.0,203.48553
2025-11-12 23:00:00,76.0,139.20547
2025-11-13 00:00:00,39.0,118.00098
2025-11-13 01:00:00,32.0,88.904175
2025-11-13 02:00:00,22.0,73.84601
2025-11-13 03:00:00,23.0,70.942474
2025-11-13 04:00:00,72.0,107.66998
2025-11-13 05:00:00,355.0,351.15353
2025-11-13 06:00:00,1061.0,856.5372
2025-11-13 07:00:00,1127.0,815.77124
2025-11-13 08:00:00,596.0,616.00635
2025-11-13 09:00:00,507.0,563.2573
2025-11-13 10:00:00,563.0,587.8872
2025-11-13 11:00:00,607.0,623.4813
2025-11-13 12:00:00,618.0,656.28577
2025-11-13 13:00:00,681.0,697.38074
2025-11-13 14:00:00,655.0,762.23895
2025-11-13 15:00:00,793.0,868.653
2025-11-13 16:00:00,918.0,897.28064
2025-11-13 17:00:00,944.0,901.36487
2025-11-13 18:00:00,650.0,779.43665
2025-11-13 19:00:00,422.0,586.76636
2025-11-13 20:00:00,309.0,406.21426
2025-11-13 21:00:00,256.0,326.18884
2025-11-13 22:00:00,187.0,242.21626
2025-11-13 23:00:00,86.0,171.42316
2025-11-14 00:00:00,50.0,160.42477
2025-11-14 01:00:00,28.0,111.012695
2025-11-14 02:00:00,19.0,85.016846
2025-11-14 03:00:00,25.0,80.52011
2025-11-14 04:00:00,69.0,115.63458
2025-11-14 05:00:00,325.0,313.5942
2025-11-14 06:00:00,921.0,790.2532
2025-11-14 07:00:00,882.0,780.1618
2025-11-14 08:00:00,614.0,600.2351
2025-11-14 09:00:00,548.0,578.28455
2025-11-14 10:00:00,594.0,613.08813
2025-11-14 11:00:00,681.0,644.32996
2025-11-14 12:00:00,728.0,680.26843
2025-11-14 13:00:00,848.0,716.93695
2025-11-14 14:00:00,740.0,787.47577
2025-11-14 15:00:00,760.0,856.485
2025-11-14 16:00:00,968.0,898.0486
2025-11-14 17:00:00,987.0,891.7279
2025-11-14 18:00:00,735.0,795.51074
2025-11-14 19:00:00,516.0,640.50323
2025-11-14 20:00:00,325.0,472.48984
2025-11-14 21:00:00,332.0,380.28647
2025-11-14 22:00:00,301.0,302.7096
2025-11-14 23:00:00,189.0,234.57281
2025-11-15 00:00:00,105.0,209.9665
2025-11-15 01:00:00,46.0,148.07727
2025-11-15 02:00:00,33.0,123.75354
2025-11-15 03:00:00,35.0,112.32651
2025-11-15 04:00:00,46.0,114.396545
2025-11-15 05:00:00,84.0,131.80826
2025-11-15 06:00:00,196.0,190.3913
2025-11-15 07:00:00,305.0,313.83624
2025-11-15 08:00:00,500.0,495.26147
2025-11-15 09:00:00,648.0,613.6263
2025-11-15 10:00:00,722.0,669.2164
2025-11-15 11:00:00,784.0,704.75073
2025-11-15 12:00:00,717.0,731.8204
2025-11-15 13:00:00,745.0,780.2197
2025-11-15 14:00:00,841.0,812.11633
2025-11-15 15:00:00,852.0,869.9689
2025-11-15 16:00:00,889.0,877.4485
2025-11-15 17:00:00,812.0,855.3233
2025-11-15 18:00:00,550.0,758.25574
2025-11-15 19:00:00,413.0,647.4486
2025-11-15 20:00:00,312.0,535.2036
2025-11-15 21:00:00,250.0,475.70163
2025-11-15 22:00:00,227.0,413.26465
2025-11-15 23:00:00,271.0,304.0561
2025-11-16 00:00:00,158.0,192.61063
2025-11-16 01:00:00,100.0,142.72324
2025-11-16 02:00:00,55.0,114.86954
2025-11-16 03:00:00,30.0,100.87198
2025-11-16 04:00:00,35.0,95.62909
2025-11-16 05:00:00,40.0,105.20093
2025-11-16 06:00:00,79.0,138.72336
2025-11-16 07:00:00,133.0,200.36343
2025-11-16 08:00:00,214.0,347.97778
2025-11-16 09:00:00,404.0,488.4228
2025-11-16 10:00:00,545.0,589.8376
2025-11-16 11:00:00,633.0,660.8794
2025-11-16 12:00:00,682.0,715.3042
2025-11-16 13:00:00,830.0,789.8839
2025-11-16 14:00:00,870.0,862.01685
2025-11-16 15:00:00,979.0,928.8761
2025-11-16 16:00:00,1074.0,959.96515
2025-11-16 17:00:00,938.0,951.5034
2025-11-16 18:00:00,684.0,882.55115
2025-11-16 19:00:00,570.0,760.0432
2025-11-16 20:00:00,473.0,647.7483
2025-11-16 21:00:00,374.0,547.68054
2025-11-16 22:00:00,247.0,411.45477
2025-11-16 23:00:00,125.0,279.23666
2025-11-17 00:00:00,52.0,129.75919
2025-11-17 01:00:00,50.0,103.879486
2025-11-17 02:00:00,35.0,86.26419
2025-11-17 03:00:00,30.0,80.62225
2025-11-17 04:00:00,98.0,133.85352
2025-11-17 05:00:00,373.0,425.52747
2025-11-17 06:00:00,1031.0,873.4868
2025-11-17 07:00:00,1048.0,847.4049
2025-11-17 08:00:00,640.0,649.588
2025-11-17 09:00:00,531.0,552.2847
2025-11-17 10:00:00,542.0,560.6463
2025-11-17 11:00:00,603.0,589.1346
2025-11-17 12:00:00,627.0,604.76135
2025-11-17 13:00:00,645.0,638.1844
2025-11-17 14:00:00,581.0,666.8736
2025-11-17 15:00:00,671.0,750.6054
2025-11-17 16:00:00,796.0,841.1913
2025-11-17 17:00:00,902.0,850.4043
2025-11-17 18:00:00,571.0,667.66296
2025-11-17 19:00:00,401.0,451.10718
2025-11-17 20:00:00,271.0,344.32312
2025-11-17 21:00:00,195.0,274.27338
2025-11-17 22:00:00,147.0,214.1852
2025-11-17 23:00:00,68.0,162.76178
2025-11-18 00:00:00,27.0,111.53998
2025-11-18 01:00:00,24.0,89.957
2025-11-18 02:00:00,30.0,76.03671
2025-11-18 03:00:00,29.0,73.41141
2025-11-18 04:00:00,81.0,132.9974
2025-11-18 05:00:00,343.0,431.65515
2025-11-18 06:00:00,1049.0,917.3951
2025-11-18 07:00:00,1058.0,856.9383
2025-11-18 08:00:00,609.0,635.8689
2025-11-18 09:00:00,517.0,525.02435
2025-11-18 10:00:00,537.0,539.697
2025-11-18 11:00:00,530.0,575.6759
2025-11-18 12:00:00,538.0,611.1702
2025-11-18 13:00:00,612.0,640.2611
2025-11-18 14:00:00,605.0,666.9316
2025-11-18 15:00:00,716.0,734.40186
2025-11-18 16:00:00,926.0,822.6843
2025-11-18 17:00:00,869.0,857.3454
2025-11-18 18:00:00,622.0,645.2124
2025-11-18 19:00:00,412.0,412.88452
2025-11-18 20:00:00,265.0,319.16956
2025-11-18 21:00:00,232.0,251.70798
2025-11-18 22:00:00,150.0,192.84439
2025-11-18 23:00:00,81.0,142.26538
2025-11-19 00:00:00,27.0,99.926605
2025-11-19 01:00:00,30.0,79.26108
2025-11-19 02:00:00,20.0,66.9845
2025-11-19 03:00:00,27.0,68.359344
2025-11-19 04:00:00,68.0,117.40848
2025-11-19 05:00:00,334.0,405.45062
2025-11-19 06:00:00,995.0,905.11255
2025-11-19 07:00:00,1006.0,867.1448
2025-11-19 08:00:00,584.0,649.72504
2025-11-19 09:00:00,559.0,541.22266
2025-11-19 10:00:00,550.0,541.481
2025-11-19 11:00:00,616.0,573.96625
2025-11-19 12:00:00,629.0,610.58765
2025-11-19 13:00:00,745.0,648.5458
2025-11-19 14:00:00,701.0,683.9794
2025-11-19 15:00:00,739.0,751.7613
2025-11-19 16:00:00,986.0,840.3127
2025-11-19 17:00:00,914.0,881.359
2025-11-19 18:00:00,631.0,689.0636
2025-11-19 19:00:00,397.0,472.8225
2025-11-19 20:00:00,253.0,337.19525
2025-11-19 21:00:00,216.0,260.28986
2025-11-19 22:00:00,162.0,192.28378
2025-11-19 23:00:00,68.0,133.13602
2025-11-20 00:00:00,25.0,118.355286
2025-11-20 01:00:00,21.0,82.36844
2025-11-20 02:00:00,21.0,70.72046
2025-11-20 03:00:00,26.0,67.748566
2025-11-20 04:00:00,71.0,100.01889
2025-11-20 05:00:00,338.0,339.60764
2025-11-20 06:00:00,1024.0,844.2727
2025-11-20 07:00:00,993.0,733.06714
2025-11-20 08:00:00,584.0,613.3187
2025-11-20 09:00:00,508.0,540.66486
2025-11-20 10:00:00,487.0,573.96814
2025-11-20 11:00:00,615.0,604.1908
2025-11-20 12:00:00,576.0,641.4432
2025-11-20 13:00:00,691.0,672.8314
2025-11-20 14:00:00,688.0,688.714
2025-11-20 15:00:00,635.0,774.43604
2025-11-20 16:00:00,853.0,851.42676
2025-11-20 17:00:00,872.0,831.5122
2025-11-20 18:00:00,594.0,634.0764
2025-11-20 19:00:00,320.0,519.11633
2025-11-20 20:00:00,257.0,373.289
2025-11-20 21:00:00,212.0,296.34692
2025-11-20 22:00:00,174.0,225.63818
2025-11-20 23:00:00,90.0,163.30493
2025-11-21 00:00:00,41.0,150.61642
2025-11-21 01:00:00,37.0,108.344666
2025-11-21 02:00:00,38.0,95.33725
2025-11-21 03:00:00,24.0,79.85855
2025-11-21 04:00:00,70.0,98.87802
2025-11-21 05:00:00,298.0,256.81238
2025-11-21 06:00:00,844.0,747.2231
2025-11-21 07:00:00,842.0,768.99207
2025-11-21 08:00:00,530.0,591.94147
2025-11-21 09:00:00,489.0,551.466
2025-11-21 10:00:00,545.0,584.41943
2025-11-21 11:00:00,606.0,625.60156
2025-11-21 12:00:00,606.0,659.56757
2025-11-21 13:00:00,703.0,687.32605
2025-11-21 14:00:00,735.0,716.31335
2025-11-21 15:00:00,709.0,779.47144
2025-11-21 16:00:00,952.0,835.4923
2025-11-21 17:00:00,844.0,828.2675
2025-11-21 18:00:00,623.0,681.4133
2025-11-21 19:00:00,404.0,533.63776
2025-11-21 20:00:00,210.0,405.19766
2025-11-21 21:00:00,238.0,355.929
2025-11-21 22:00:00,213.0,285.04224
2025-11-21 23:00:00,181.0,213.68652
2025-11-22 00:00:00,85.0,172.4714
2025-11-22 01:00:00,46.0,129.46854
2025-11-22 02:00:00,25.0,109.05023
2025-11-22 03:00:00,38.0,96.31796
2025-11-22 04:00:00,36.0,95.04544
2025-11-22 05:00:00,83.0,109.453674
2025-11-22 06:00:00,154.0,155.9827
2025-11-22 07:00:00,339.0,267.5818
2025-11-22 08:00:00,442.0,429.43756
2025-11-22 09:00:00,555.0,571.8531
2025-11-22 10:00:00,665.0,641.329
2025-11-22 11:00:00,743.0,673.44885
2025-11-22 12:00:00,754.0,688.5387
2025-11-22 13:00:00,784.0,716.6534
2025-11-22 14:00:00,778.0,756.2709
2025-11-22 15:00:00,818.0,820.081
2025-11-22 16:00:00,842.0,805.3557
2025-11-22 17:00:00,757.0,758.66376
2025-11-22 18:00:00,518.0,656.9314
2025-11-22 19:00:00,391.0,546.73157
2025-11-22 20:00:00,323.0,484.29208
2025-11-22 21:00:00,262.0,434.22025
2025-11-22 22:00:00,281.0,348.95248
2025-11-22 23:00:00,299.0,247.84184
2025-11-23 00:00:00,159.0,158.65915
2025-11-23 01:00:00,72.0,121.930725
2025-11-23 02:00:00,56.0,102.522644
2025-11-23 03:00:00,43.0,92.96094
2025-11-23 04:00:00,30.0,91.07556
2025-11-23 05:00:00,54.0,99.19983
2025-11-23 06:00:00,66.0,127.65549
2025-11-23 07:00:00,126.0,191.31439
2025-11-23 08:00:00,206.0,306.5569
2025-11-23 09:00:00,360.0,436.60324
2025-11-23 10:00:00,481.0,565.9384
2025-11-23 11:00:00,621.0,645.711
2025-11-23 12:00:00,660.0,682.3883
2025-11-23 13:00:00,777.0,726.0619
2025-11-23 14:00:00,921.0,786.8777
2025-11-23 15:00:00,1023.0,861.8865
2025-11-23 16:00:00,1074.0,903.58
2025-11-23 17:00:00,1004.0,889.78064
2025-11-23 18:00:00,793.0,805.10626
2025-11-23 19:00:00,646.0,683.6881
2025-11-23 20:00:00,519.0,562.97345
2025-11-23 21:00:00,366.0,462.91757
2025-11-23 22:00:00,247.0,319.76956
2025-11-23 23:00:00,96.0,229.27216
2025-11-24 00:00:00,46.0,108.93201
2025-11-24 01:00:00,58.0,86.58057
2025-11-24 02:00:00,75.0,83.14798
2025-11-24 03:00:00,47.0,87.16501
2025-11-24 04:00:00,106.0,138.98822
2025-11-24 05:00:00,372.0,448.6365
2025-11-24 06:00:00,1009.0,869.0266
2025-11-24 07:00:00,1047.0,883.5681
2025-11-24 08:00:00,623.0,665.45557
2025-11-24 09:00:00,486.0,540.3928
2025-11-24 10:00:00,600.0,546.365
2025-11-24 11:00:00,638.0,577.24896
2025-11-24 12:00:00,655.0,609.7235
2025-11-24 13:00:00,732.0,637.0282
2025-11-24 14:00:00,650.0,669.9121
2025-11-24 15:00:00,693.0,740.5402
2025-11-24 16:00:00,831.0,825.7201
2025-11-24 17:00:00,865.0,828.23584
2025-11-24 18:00:00,594.0,600.1226
2025-11-24 19:00:00,400.0,439.67285
2025-11-24 20:00:00,219.0,330.92383
2025-11-24 21:00:00,199.0,282.56854
2025-11-24 22:00:00,149.0,216.99997
2025-11-24 23:00:00,75.0,171.40201
2025-11-25 00:00:00,39.0,110.55975
2025-11-25 01:00:00,23.0,83.989655
2025-11-25 02:00:00,18.0,77.14081
2025-11-25 03:00:00,26.0,73.550354
2025-11-25 04:00:00,79.0,134.78372
2025-11-25 05:00:00,325.0,446.99606
2025-11-25 06:00:00,1051.0,920.23584
2025-11-25 07:00:00,1040.0,864.46967
2025-11-25 08:00:00,606.0,640.6781
2025-11-25 09:00:00,526.0,527.4035
2025-11-25 10:00:00,536.0,546.31586
2025-11-25 11:00:00,608.0,582.1605
2025-11-25 12:00:00,611.0,608.5546
2025-11-25 13:00:00,662.0,628.42865
2025-11-25 14:00:00,609.0,669.4625
2025-11-25 15:00:00,649.0,719.19385
2025-11-25 16:00:00,759.0,804.4665
2025-11-25 17:00:00,894.0,817.06226
2025-11-25 18:00:00,569.0,580.3577
2025-11-25 19:00:00,348.0,415.3188
2025-11-25 20:00:00,277.0,327.82556
2025-11-25 21:00:00,212.0,248.9447
2025-11-25 22:00:00,144.0,163.56091
2025-11-25 23:00:00,87.0,121.70953
2025-11-26 00:00:00,35.0,98.065704
2025-11-26 01:00:00,20.0,79.74771
2025-11-26 02:00:00,19.0,70.84143
2025-11-26 03:00:00,27.0,70.7561
2025-11-26 04:00:00,80.0,115.96744
2025-11-26 05:00:00,346.0,419.36523
2025-11-26 06:00:00,933.0,920.48096
2025-11-26 07:00:00,993.0,869.78326
2025-11-26 08:00:00,616.0,637.30756
2025-11-26 09:00:00,495.0,527.0361
2025-11-26 10:00:00,460.0,549.5819
2025-11-26 11:00:00,552.0,587.1682
2025-11-26 12:00:00,587.0,621.02655
2025-11-26 13:00:00,640.0,651.6992
2025-11-26 14:00:00,659.0,662.26337
2025-11-26 15:00:00,716.0,748.2211
2025-11-26 16:00:00,791.0,838.77386
2025-11-26 17:00:00,789.0,879.7186
2025-11-26 18:00:00,645.0,683.6803
2025-11-26 19:00:00,450.0,470.27795
2025-11-26 20:00:00,314.0,337.1097
2025-11-26 21:00:00,220.0,251.82797
2025-11-26 22:00:00,162.0,184.1095
2025-11-26 23:00:00,104.0,132.56973
2025-11-27 00:00:00,19.0,118.31479
2025-11-27 01:00:00,43.0,86.404205
2025-11-27 02:00:00,15.0,69.868774
2025-11-27 03:00:00,28.0,67.41
2025-11-27 04:00:00,77.0,98.86902
2025-11-27 05:00:00,347.0,332.22562
2025-11-27 06:00:00,1043.0,859.5488
2025-11-27 07:00:00,1042.0,818.1887
2025-11-27 08:00:00,633.0,614.61865
2025-11-27 09:00:00,519.0,542.1835
2025-11-27 10:00:00,558.0,567.39215
2025-11-27 11:00:00,597.0,599.39636
2025-11-27 12:00:00,589.0,633.07886
2025-11-27 13:00:00,696.0,670.28796
2025-11-27 14:00:00,667.0,722.2554
2025-11-27 15:00:00,710.0,819.324
2025-11-27 16:00:00,901.0,851.7842
2025-11-27 17:00:00,915.0,872.1704
2025-11-27 18:00:00,643.0,706.0454
2025-11-27 19:00:00,417.0,515.71216
2025-11-27 20:00:00,326.0,369.73636
2025-11-27 21:00:00,284.0,298.0166
2025-11-27 22:00:00,158.0,224.32838
2025-11-27 23:00:00,98.0,161.19534
2025-11-28 00:00:00,48.0,148.57843
2025-11-28 01:00:00,25.0,110.02399
2025-11-28 02:00:00,23.0,87.60364
2025-11-28 03:00:00,27.0,81.443665
2025-11-28 04:00:00,79.0,98.57208
2025-11-28 05:00:00,313.0,247.94292
2025-11-28 06:00:00,801.0,733.1298
2025-11-28 07:00:00,922.0,762.48914
2025-11-28 08:00:00,636.0,620.9568
2025-11-28 09:00:00,583.0,554.82367
2025-11-28 10:00:00,640.0,579.7397
2025-11-28 11:00:00,680.0,616.65594
2025-11-28 12:00:00,681.0,649.4388
2025-11-28 13:00:00,823.0,690.0602
2025-11-28 14:00:00,827.0,743.9783
2025-11-28 15:00:00,854.0,833.0217
2025-11-28 16:00:00,1002.0,850.0685
2025-11-28 17:00:00,996.0,845.78357
2025-11-28 18:00:00,746.0,693.21014
2025-11-28 19:00:00,523.0,553.6544
2025-11-28 20:00:00,366.0,415.51038
2025-11-28 21:00:00,303.0,360.64395
2025-11-28 22:00:00,344.0,292.8145
2025-11-28 23:00:00,255.0,223.22546
2025-11-29 00:00:00,132.0,183.16785
2025-11-29 01:00:00,68.0,136.43893
2025-11-29 02:00:00,43.0,112.12149
2025-11-29 03:00:00,32.0,101.835236
2025-11-29 04:00:00,40.0,101.11264
2025-11-29 05:00:00,79.0,113.5401
2025-11-29 06:00:00,190.0,161.59644
2025-11-29 07:00:00,299.0,282.5624
2025-11-29 08:00:00,429.0,453.44318
2025-11-29 09:00:00,625.0,592.1931
2025-11-29 10:00:00,687.0,655.2943
2025-11-29 11:00:00,741.0,681.6527
2025-11-29 12:00:00,716.0,713.0139
2025-11-29 13:00:00,775.0,748.1433
2025-11-29 14:00:00,761.0,812.1997
2025-11-29 15:00:00,878.0,890.07697
2025-11-29 16:00:00,919.0,832.16895
2025-11-29 17:00:00,879.0,797.86633
2025-11-29 18:00:00,647.0,687.54065
2025-11-29 19:00:00,467.0,582.2814
2025-11-29 20:00:00,370.0,504.5942
2025-11-29 21:00:00,337.0,450.4275
2025-11-29 22:00:00,302.0,391.17853
2025-11-29 23:00:00,291.0,277.64136
2025-11-30 00:00:00,168.0,178.43982
2025-11-30 01:00:00,129.0,133.01663
2025-11-30 02:00:00,96.0,109.289
2025-11-30 03:00:00,65.0,95.706726
2025-11-30 04:00:00,29.0,93.375885
2025-11-30 05:00:00,30.0,101.24304
2025-11-30 06:00:00,75.0,129.39117
2025-11-30 07:00:00,141.0,187.42664
2025-11-30 08:00:00,222.0,331.80762
2025-11-30 09:00:00,386.0,473.34335
2025-11-30 10:00:00,589.0,584.8449
2025-11-30 11:00:00,673.0,658.1812
2025-11-30 12:00:00,732.0,705.5482
2025-11-30 13:00:00,879.0,763.2245
2025-11-30 14:00:00,1004.0,839.827
2025-11-30 15:00:00,1119.0,906.84424
2025-11-30 16:00:00,1185.0,941.52673
2025-11-30 17:00:00,994.0,932.92303
2025-11-30 18:00:00,769.0,800.8611
2025-11-30 19:00:00,627.0,698.8597
2025-11-30 20:00:00,543.0,575.6444
2025-11-30 21:00:00,337.0,461.82306
2025-11-30 22:00:00,287.0,352.09363
2025-11-30 23:00:00,128.0,260.1877
2025-12-01 00:00:00,50.0,120.5495
2025-12-01 01:00:00,31.0,92.03467
2025-12-01 02:00:00,20.0,79.59369
2025-12-01 03:00:00,39.0,72.77139
2025-12-01 04:00:00,95.0,107.31119
2025-12-01 05:00:00,374.0,348.844
2025-12-01 06:00:00,961.0,882.9605
2025-12-01 07:00:00,1035.0,847.9613
2025-12-01 08:00:00,631.0,641.1936
2025-12-01 09:00:00,519.0,534.8691
2025-12-01 10:00:00,599.0,548.3116
2025-12-01 11:00:00,554.0,582.8953
2025-12-01 12:00:00,622.0,613.96466
2025-12-01 13:00:00,745.0,644.8307
2025-12-01 14:00:00,657.0,681.6543
2025-12-01 15:00:00,678.0,748.2555
2025-12-01 16:00:00,872.0,839.15125
2025-12-01 17:00:00,984.0,834.17847
2025-12-01 18:00:00,597.0,646.6828
2025-12-01 19:00:00,382.0,434.0464
2025-12-01 20:00:00,317.0,331.42828
2025-12-01 21:00:00,250.0,270.07654
2025-12-01 22:00:00,171.0,212.2823
2025-12-01 23:00:00,72.0,163.10294
2025-12-02 00:00:00,39.0,108.24808
2025-12-02 01:00:00,27.0,86.90094
2025-12-02 02:00:00,26.0,74.01544
2025-12-02 03:00:00,32.0,71.13522
2025-12-02 04:00:00,68.0,120.132385
2025-12-02 05:00:00,329.0,417.768
2025-12-02 06:00:00,1018.0,921.10144
2025-12-02 07:00:00,1042.0,872.1896
2025-12-02 08:00:00,647.0,652.64703
2025-12-02 09:00:00,498.0,536.8737
2025-12-02 10:00:00,510.0,541.261
2025-12-02 11:00:00,584.0,572.41113
2025-12-02 12:00:00,567.0,606.5101
2025-12-02 13:00:00,691.0,636.68774
2025-12-02 14:00:00,600.0,679.20337
2025-12-02 15:00:00,711.0,743.56274
2025-12-02 16:00:00,818.0,821.0388
2025-12-02 17:00:00,888.0,841.01685
2025-12-02 18:00:00,596.0,605.5577
2025-12-02 19:00:00,401.0,393.3493
2025-12-02 20:00:00,262.0,312.10178
2025-12-02 21:00:00,215.0,248.30081
2025-12-02 22:00:00,135.0,194.66104
2025-12-02 23:00:00,100.0,141.8583
2025-12-03 00:00:00,32.0,96.7952
2025-12-03 01:00:00,17.0,78.89035
2025-12-03 02:00:00,20.0,66.63571
2025-12-03 03:00:00,22.0,65.52658
2025-12-03 04:00:00,64.0,107.81287
2025-12-03 05:00:00,354.0,409.27878
2025-12-03 06:00:00,966.0,905.4166
2025-12-03 07:00:00,994.0,878.52826
2025-12-03 08:00:00,612.0,651.12305
2025-12-03 09:00:00,530.0,521.42554
2025-12-03 10:00:00,603.0,543.8181
2025-12-03 11:00:00,628.0,582.2681
2025-12-03 12:00:00,615.0,620.1001
2025-12-03 13:00:00,723.0,650.1645
2025-12-03 14:00:00,677.0,681.18353
2025-12-03 15:00:00,704.0,743.50793
2025-12-03 16:00:00,848.0,833.8463
2025-12-03 17:00:00,931.0,863.087
2025-12-03 18:00:00,578.0,644.2279
2025-12-03 19:00:00,433.0,441.03467
2025-12-03 20:00:00,281.0,323.78076
2025-12-03 21:00:00,233.0,251.9271
2025-12-03 22:00:00,135.0,187.88724
2025-12-03 23:00:00,67.0,129.09665
2025-12-04 00:00:00,48.0,114.47333
2025-12-04 01:00:00,19.0,83.47125
2025-12-04 02:00:00,28.0,66.510284
2025-12-04 03:00:00,31.0,64.1145
2025-12-04 04:00:00,68.0,87.4447
2025-12-04 05:00:00,330.0,319.00275
2025-12-04 06:00:00,1035.0,856.7986
2025-12-04 07:00:00,1059.0,827.41626
2025-12-04 08:00:00,630.0,614.96497
2025-12-04 09:00:00,587.0,531.8425
2025-12-04 10:00:00,553.0,565.1972
2025-12-04 11:00:00,660.0,605.19214
2025-12-04 12:00:00,573.0,641.7323
2025-12-04 13:00:00,798.0,670.10754
2025-12-04 14:00:00,633.0,698.9075
2025-12-04 15:00:00,736.0,777.335
2025-12-04 16:00:00,934.0,855.1085
2025-12-04 17:00:00,873.0,865.37537
2025-12-04 18:00:00,595.0,688.48755
2025-12-04 19:00:00,401.0,502.10355
2025-12-04 20:00:00,261.0,371.27432
2025-12-04 21:00:00,258.0,300.63666
2025-12-04 22:00:00,232.0,224.96819
2025-12-04 23:00:00,171.0,158.80252
2025-12-05 00:00:00,48.0,146.39462
2025-12-05 01:00:00,28.0,105.095245
2025-12-05 02:00:00,23.0,80.47946
2025-12-05 03:00:00,24.0,78.316895
2025-12-05 04:00:00,91.0,100.10034
2025-12-05 05:00:00,297.0,270.69736
2025-12-05 06:00:00,853.0,771.94135
2025-12-05 07:00:00,905.0,756.28546
2025-12-05 08:00:00,581.0,599.5968
2025-12-05 09:00:00,549.0,550.5924
2025-12-05 10:00:00,619.0,589.56165
2025-12-05 11:00:00,649.0,629.92834
2025-12-05 12:00:00,725.0,663.55054
2025-12-05 13:00:00,708.0,690.52454
2025-12-05 14:00:00,826.0,737.0662
2025-12-05 15:00:00,811.0,809.82324
2025-12-05 16:00:00,982.0,862.0205
2025-12-05 17:00:00,892.0,850.1367
2025-12-05 18:00:00,689.0,689.5316
2025-12-05 19:00:00,533.0,550.52496
2025-12-05 20:00:00,340.0,425.87314
2025-12-05 21:00:00,304.0,362.78006
2025-12-05 22:00:00,271.0,289.07874
2025-12-05 23:00:00,208.0,215.44052
2025-12-06 00:00:00,138.0,175.79767
2025-12-06 01:00:00,61.0,131.79211
2025-12-06 02:00:00,45.0,110.87808
2025-12-06 03:00:00,31.0,99.35388
2025-12-06 04:00:00,43.0,96.12634
2025-12-06 05:00:00,104.0,110.49133
2025-12-06 06:00:00,190.0,151.23672
2025-12-06 07:00:00,309.0,250.1338
2025-12-06 08:00:00,480.0,418.89664
2025-12-06 09:00:00,639.0,573.8997
2025-12-06 10:00:00,690.0,648.0103
2025-12-06 11:00:00,760.0,677.9687
2025-12-06 12:00:00,752.0,701.1627
2025-12-06 13:00:00,667.0,724.7589
2025-12-06 14:00:00,729.0,773.7614
2025-12-06 15:00:00,876.0,812.7079
2025-12-06 16:00:00,775.0,833.8588
2025-12-06 17:00:00,743.0,796.4349
2025-12-06 18:00:00,508.0,683.3522
2025-12-06 19:00:00,446.0,576.6307
2025-12-06 20:00:00,314.0,510.4894
2025-12-06 21:00:00,271.0,452.63214
2025-12-06 22:00:00,292.0,396.29718
2025-12-06 23:00:00,200.0,280.41516
2025-12-07 00:00:00,137.0,180.36688
2025-12-07 01:00:00,114.0,134.83325
2025-12-07 02:00:00,46.0,105.91266
2025-12-07 03:00:00,50.0,89.320404
2025-12-07 04:00:00,30.0,86.54877
2025-12-07 05:00:00,45.0,100.69394
2025-12-07 06:00:00,74.0,124.56122
2025-12-07 07:00:00,156.0,173.33282
2025-12-07 08:00:00,256.0,309.33786
2025-12-07 09:00:00,427.0,463.31308
2025-12-07 10:00:00,669.0,576.1352
2025-12-07 11:00:00,766.0,654.8852
2025-12-07 12:00:00,756.0,705.37305
2025-12-07 13:00:00,790.0,731.06744
2025-12-07 14:00:00,771.0,790.1594
2025-12-07 15:00:00,867.0,863.223
2025-12-07 16:00:00,922.0,888.7909
2025-12-07 17:00:00,792.0,871.0255
2025-12-07 18:00:00,634.0,802.9502
2025-12-07 19:00:00,539.0,689.36005
2025-12-07 20:00:00,487.0,542.2745
2025-12-07 21:00:00,438.0,455.78912
2025-12-07 22:00:00,255.0,387.0338
2025-12-07 23:00:00,141.0,270.5953
2025-12-08 00:00:00,67.0,236.38014
2025-12-08 01:00:00,59.0,223.23242
2025-12-08 02:00:00,27.0,219.68019
2025-12-08 03:00:00,42.0,220.95544
2025-12-08 04:00:00,77.0,241.6422
2025-12-08 05:00:00,163.0,270.73468
2025-12-08 06:00:00,272.0,348.1433
2025-12-08 07:00:00,335.0,446.35715
2025-12-08 08:00:00,407.0,518.3092
2025-12-08 09:00:00,508.0,563.3582
2025-12-08 10:00:00,649.0,574.20856
2025-12-08 11:00:00,600.0,576.996
2025-12-08 12:00:00,601.0,581.6742
2025-12-08 13:00:00,638.0,597.28107
2025-12-08 14:00:00,695.0,615.56903
2025-12-08 15:00:00,688.0,622.58716
2025-12-08 16:00:00,757.0,608.9839
2025-12-08 17:00:00,646.0,564.4529
2025-12-08 18:00:00,471.0,490.89517
2025-12-08 19:00:00,383.0,434.9298
2025-12-08 20:00:00,294.0,388.999
2025-12-08 21:00:00,216.0,328.90863
2025-12-08 22:00:00,149.0,283.9892
2025-12-08 23:00:00,92.0,255.10358
2025-12-09 00:00:00,40.0,109.425385
2025-12-09 01:00:00,28.0,90.489105
2025-12-09 02:00:00,23.0,77.259
2025-12-09 03:00:00,24.0,73.57327
2025-12-09 04:00:00,81.0,124.20935
2025-12-09 05:00:00,347.0,445.45978
2025-12-09 06:00:00,1030.0,914.6732
2025-12-09 07:00:00,967.0,873.0381
2025-12-09 08:00:00,644.0,650.91724
2025-12-09 09:00:00,549.0,528.4766
2025-12-09 10:00:00,604.0,541.1362
2025-12-09 11:00:00,585.0,574.9782
2025-12-09 12:00:00,603.0,605.9859
2025-12-09 13:00:00,676.0,631.91077
2025-12-09 14:00:00,632.0,673.4341
2025-12-09 15:00:00,715.0,739.20056
2025-12-09 16:00:00,822.0,828.1885
2025-12-09 17:00:00,882.0,844.9187
2025-12-09 18:00:00,635.0,612.7625
2025-12-09 19:00:00,392.0,400.65845
2025-12-09 20:00:00,271.0,311.82355
2025-12-09 21:00:00,201.0,250.93533
2025-12-09 22:00:00,177.0,195.7586
2025-12-09 23:00:00,97.0,141.74597
2025-12-10 00:00:00,34.0,97.13959
2025-12-10 01:00:00,56.0,78.73627
2025-12-10 02:00:00,92.0,67.22598
2025-12-10 03:00:00,38.0,65.885864
2025-12-10 04:00:00,70.0,109.20453
2025-12-10 05:00:00,337.0,419.84985
2025-12-10 06:00:00,1014.0,905.89636
2025-12-10 07:00:00,982.0,879.1175
2025-12-10 08:00:00,678.0,653.5495
2025-12-10 09:00:00,540.0,537.92365
2025-12-10 10:00:00,550.0,547.1122
2025-12-10 11:00:00,619.0,587.27185
2025-12-10 12:00:00,626.0,616.64307
2025-12-10 13:00:00,679.0,650.7728
2025-12-10 14:00:00,715.0,700.03937
2025-12-10 15:00:00,762.0,765.0658
2025-12-10 16:00:00,958.0,850.9321
2025-12-10 17:00:00,915.0,872.11096
2025-12-10 18:00:00,650.0,670.3821
2025-12-10 19:00:00,440.0,453.07498
2025-12-10 20:00:00,273.0,330.261
2025-12-10 21:00:00,218.0,260.03845
2025-12-10 22:00:00,129.0,194.3068
2025-12-10 23:00:00,129.0,133.16464
2025-12-11 00:00:00,28.0,113.82568
2025-12-11 01:00:00,24.0,87.11243
2025-12-11 02:00:00,52.0,71.33908
2025-12-11 03:00:00,30.0,68.71164
2025-12-11 04:00:00,70.0,105.88034
2025-12-11 05:00:00,342.0,342.80457
2025-12-11 06:00:00,952.0,859.2446
2025-12-11 07:00:00,1039.0,826.7984
2025-12-11 08:00:00,672.0,621.84265
2025-12-11 09:00:00,546.0,544.25604
2025-12-11 10:00:00,639.0,577.80273
2025-12-11 11:00:00,610.0,613.85724
2025-12-11 12:00:00,588.0,647.42584
2025-12-11 13:00:00,653.0,675.1638
2025-12-11 14:00:00,665.0,708.33795
2025-12-11 15:00:00,682.0,798.281
2025-12-11 16:00:00,932.0,874.8228
2025-12-11 17:00:00,954.0,879.31055
2025-12-11 18:00:00,608.0,725.52783
2025-12-11 19:00:00,400.0,526.68286
2025-12-11 20:00:00,254.0,385.7531
2025-12-11 21:00:00,258.0,305.30804
2025-12-11 22:00:00,213.0,228.03506
2025-12-11 23:00:00,110.0,160.46106
2025-12-12 00:00:00,46.0,148.27429
2025-12-12 01:00:00,25.0,104.862854
2025-12-12 02:00:00,19.0,80.83539
2025-12-12 03:00:00,27.0,77.03415
2025-12-12 04:00:00,84.0,105.019684
2025-12-12 05:00:00,312.0,289.26733
2025-12-12 06:00:00,844.0,775.704
2025-12-12 07:00:00,869.0,782.25464
2025-12-12 08:00:00,588.0,606.9074
2025-12-12 09:00:00,570.0,556.8141
2025-12-12 10:00:00,617.0,588.6911
2025-12-12 11:00:00,612.0,629.5105
2025-12-12 12:00:00,650.0,662.5313
2025-12-12 13:00:00,773.0,693.13293
2025-12-12 14:00:00,741.0,748.77405
2025-12-12 15:00:00,770.0,850.3535
2025-12-12 16:00:00,881.0,860.5475
2025-12-12 17:00:00,836.0,842.9699
2025-12-12 18:00:00,631.0,695.11176
2025-12-12 19:00:00,464.0,559.00903
2025-12-12 20:00:00,304.0,428.83185
2025-12-12 21:00:00,280.0,364.81882
2025-12-12 22:00:00,242.0,294.0229
2025-12-12 23:00:00,226.0,221.15515
2025-12-13 00:00:00,115.0,183.91138
2025-12-13 01:00:00,74.0,135.353
2025-12-13 02:00:00,43.0,113.17383
2025-12-13 03:00:00,31.0,101.803955
2025-12-13 04:00:00,41.0,99.6066
2025-12-13 05:00:00,92.0,113.44
2025-12-13 06:00:00,178.0,152.41324
2025-12-13 07:00:00,279.0,249.81711
2025-12-13 08:00:00,454.0,421.33533
2025-12-13 09:00:00,654.0,574.23254
2025-12-13 10:00:00,691.0,648.214
2025-12-13 11:00:00,703.0,676.6001
2025-12-13 12:00:00,643.0,695.12274
2025-12-13 13:00:00,684.0,716.8111
2025-12-13 14:00:00,731.0,761.0864
2025-12-13 15:00:00,796.0,799.17206
2025-12-13 16:00:00,856.0,821.057
2025-12-13 17:00:00,732.0,782.85095
2025-12-13 18:00:00,527.0,669.1139
2025-12-13 19:00:00,365.0,561.24243
2025-12-13 20:00:00,310.0,496.64066
2025-12-13 21:00:00,305.0,448.05508
2025-12-13 22:00:00,264.0,386.2949
2025-12-13 23:00:00,207.0,273.961
2025-12-14 00:00:00,110.0,174.38577
2025-12-14 01:00:00,89.0,130.0007
2025-12-14 02:00:00,81.0,106.35489
2025-12-14 03:00:00,60.0,93.75159
2025-12-14 04:00:00,53.0,91.26904
2025-12-14 05:00:00,44.0,98.400604
2025-12-14 06:00:00,76.0,121.31061
2025-12-14 07:00:00,131.0,171.74182
2025-12-14 08:00:00,233.0,297.15656
2025-12-14 09:00:00,365.0,456.5012
2025-12-14 10:00:00,536.0,571.40045
2025-12-14 11:00:00,627.0,651.23816
2025-12-14 12:00:00,626.0,693.2688
2025-12-14 13:00:00,695.0,739.59436
2025-12-14 14:00:00,934.0,810.7312
2025-12-14 15:00:00,996.0,879.50354
2025-12-14 16:00:00,1171.0,914.7638
2025-12-14 17:00:00,1120.0,898.2955
2025-12-14 18:00:00,816.0,799.3085
2025-12-14 19:00:00,632.0,678.5384
2025-12-14 20:00:00,540.0,574.01697
2025-12-14 21:00:00,402.0,478.2558
2025-12-14 22:00:00,266.0,361.09207
2025-12-14 23:00:00,115.0,250.40045
2025-12-15 00:00:00,70.0,120.77069
2025-12-15 01:00:00,38.0,94.45654
2025-12-15 02:00:00,19.0,77.522644
2025-12-15 03:00:00,45.0,72.10788
2025-12-15 04:00:00,90.0,101.589874
2025-12-15 05:00:00,360.0,327.72037
2025-12-15 06:00:00,995.0,870.6146
2025-12-15 07:00:00,1055.0,849.3753
2025-12-15 08:00:00,663.0,646.1419
2025-12-15 09:00:00,467.0,530.2964
2025-12-15 10:00:00,643.0,542.8619
2025-12-15 11:00:00,612.0,577.9124
2025-12-15 12:00:00,634.0,611.62524
2025-12-15 13:00:00,706.0,642.098
2025-12-15 14:00:00,643.0,678.00116
2025-12-15 15:00:00,740.0,737.19727
2025-12-15 16:00:00,827.0,826.00977
2025-12-15 17:00:00,975.0,818.5703
2025-12-15 18:00:00,651.0,630.7567
2025-12-15 19:00:00,399.0,427.90454
2025-12-15 20:00:00,303.0,329.22253
2025-12-15 21:00:00,259.0,270.79813
2025-12-15 22:00:00,155.0,212.04247
2025-12-15 23:00:00,105.0,163.58487
2025-12-16 00:00:00,30.0,107.69125
2025-12-16 01:00:00,20.0,86.69678
2025-12-16 02:00:00,28.0,72.694
2025-12-16 03:00:00,23.0,70.74277
2025-12-16 04:00:00,77.0,121.34357
2025-12-16 05:00:00,312.0,426.61578
2025-12-16 06:00:00,1011.0,920.57916
2025-12-16 07:00:00,1056.0,876.148
2025-12-16 08:00:00,624.0,653.7221
2025-12-16 09:00:00,546.0,525.19476
2025-12-16 10:00:00,568.0,534.1368
2025-12-16 11:00:00,590.0,569.8587
2025-12-16 12:00:00,564.0,604.3797
2025-12-16 13:00:00,721.0,636.42145
2025-12-16 14:00:00,656.0,670.7333
2025-12-16 15:00:00,755.0,725.9615
2025-12-16 16:00:00,847.0,819.48114
2025-12-16 17:00:00,891.0,840.32355
2025-12-16 18:00:00,600.0,600.6317
2025-12-16 19:00:00,388.0,392.5169
2025-12-16 20:00:00,278.0,311.55658
2025-12-16 21:00:00,237.0,249.97008
2025-12-16 22:00:00,139.0,195.54025
2025-12-16 23:00:00,81.0,141.46616
2025-12-17 00:00:00,43.0,96.80875
2025-12-17 01:00:00,26.0,78.40082
2025-12-17 02:00:00,23.0,66.82938
2025-12-17 03:00:00,25.0,65.90988
2025-12-17 04:00:00,69.0,110.63312
2025-12-17 05:00:00,321.0,427.76868
2025-12-17 06:00:00,949.0,904.90137
2025-12-17 07:00:00,971.0,880.1081
2025-12-17 08:00:00,625.0,651.53784
2025-12-17 09:00:00,515.0,523.32904
2025-12-17 10:00:00,582.0,546.57043
2025-12-17 11:00:00,624.0,583.6302
2025-12-17 12:00:00,673.0,621.725
2025-12-17 13:00:00,722.0,644.6157
2025-12-17 14:00:00,659.0,695.22955
2025-12-17 15:00:00,733.0,757.06836
2025-12-17 16:00:00,838.0,840.81476
2025-12-17 17:00:00,940.0,865.4082
2025-12-17 18:00:00,594.0,654.8081
2025-12-17 19:00:00,395.0,444.27597
2025-12-17 20:00:00,266.0,327.97784
2025-12-17 21:00:00,256.0,253.96764
2025-12-17 22:00:00,170.0,189.4725
2025-12-17 23:00:00,113.0,129.2555
2025-12-18 00:00:00,31.0,114.50217
2025-12-18 01:00:00,30.0,84.678986
2025-12-18 02:00:00,24.0,67.84143
2025-12-18 03:00:00,28.0,65.61972
2025-12-18 04:00:00,64.0,91.71719
2025-12-18 05:00:00,291.0,329.23706
2025-12-18 06:00:00,961.0,860.71985
2025-12-18 07:00:00,1058.0,828.0853
2025-12-18 08:00:00,618.0,615.75793
2025-12-18 09:00:00,569.0,533.0976
2025-12-18 10:00:00,604.0,566.1465
2025-12-18 11:00:00,626.0,599.9177
2025-12-18 12:00:00,567.0,633.5844
2025-12-18 13:00:00,697.0,663.80054
2025-12-18 14:00:00,680.0,719.2943
2025-12-18 15:00:00,768.0,819.9059
2025-12-18 16:00:00,861.0,861.94147
2025-12-18 17:00:00,947.0,868.11304
2025-12-18 18:00:00,613.0,696.65894
2025-12-18 19:00:00,421.0,505.4162
2025-12-18 20:00:00,304.0,372.3723
2025-12-18 21:00:00,229.0,299.85718
2025-12-18 22:00:00,167.0,222.11893
2025-12-18 23:00:00,104.0,157.69028
2025-12-19 00:00:00,43.0,145.13385
2025-12-19 01:00:00,26.0,106.86496
2025-12-19 02:00:00,25.0,83.471985
2025-12-19 03:00:00,26.0,78.021484
2025-12-19 04:00:00,66.0,96.17313
2025-12-19 05:00:00,280.0,271.03485
2025-12-19 06:00:00,786.0,758.30994
2025-12-19 07:00:00,847.0,777.81335
2025-12-19 08:00:00,530.0,605.10956
2025-12-19 09:00:00,609.0,553.048
2025-12-19 10:00:00,621.0,586.62787
2025-12-19 11:00:00,628.0,628.60236
2025-12-19 12:00:00,656.0,663.70667
2025-12-19 13:00:00,686.0,692.09875
2025-12-19 14:00:00,710.0,743.2578
2025-12-19 15:00:00,821.0,815.7395
2025-12-19 16:00:00,931.0,865.55853
2025-12-19 17:00:00,764.0,853.0442
2025-12-19 18:00:00,589.0,701.1928
2025-12-19 19:00:00,434.0,558.7293
2025-12-19 20:00:00,292.0,427.9959
2025-12-19 21:00:00,229.0,363.99515
2025-12-19 22:00:00,236.0,293.3684
2025-12-19 23:00:00,272.0,221.03954
2025-12-20 00:00:00,134.0,186.84592
2025-12-20 01:00:00,106.0,136.4029
2025-12-20 02:00:00,44.0,113.71399
2025-12-20 03:00:00,44.0,102.31003
2025-12-20 04:00:00,42.0,100.525085
2025-12-20 05:00:00,95.0,113.93515
2025-12-20 06:00:00,131.0,154.25562
2025-12-20 07:00:00,246.0,251.55411
2025-12-20 08:00:00,371.0,425.94882
2025-12-20 09:00:00,537.0,579.0363
2025-12-20 10:00:00,644.0,659.27545
2025-12-20 11:00:00,624.0,685.67346
2025-12-20 12:00:00,686.0,713.0762
2025-12-20 13:00:00,742.0,740.8441
2025-12-20 14:00:00,705.0,794.359
2025-12-20 15:00:00,809.0,851.8656
2025-12-20 16:00:00,838.0,826.7825
2025-12-20 17:00:00,671.0,788.1874
2025-12-20 18:00:00,493.0,677.6951
2025-12-20 19:00:00,352.0,567.8999
2025-12-20 20:00:00,305.0,498.88342
2025-12-20 21:00:00,226.0,451.83905
2025-12-20 22:00:00,217.0,394.25525
2025-12-20 23:00:00,160.0,277.70126
2025-12-21 00:00:00,93.0,175.8628
2025-12-21 01:00:00,69.0,130.68195
2025-12-21 02:00:00,47.0,106.03705
2025-12-21 03:00:00,50.0,93.996
2025-12-21 04:00:00,39.0,91.37744
2025-12-21 05:00:00,42.0,98.482574
2025-12-21 06:00:00,77.0,121.942474
2025-12-21 07:00:00,105.0,172.51816
2025-12-21 08:00:00,180.0,296.96027
2025-12-21 09:00:00,397.0,457.22577
2025-12-21 10:00:00,507.0,572.13074
2025-12-21 11:00:00,557.0,651.31146
2025-12-21 12:00:00,522.0,693.3844
2025-12-21 13:00:00,684.0,737.99915
2025-12-21 14:00:00,693.0,808.17053
2025-12-21 15:00:00,786.0,876.6417
2025-12-21 16:00:00,792.0,914.1504
2025-12-21 17:00:00,749.0,899.4531
2025-12-21 18:00:00,502.0,800.5325
2025-12-21 19:00:00,436.0,678.46356
2025-12-21 20:00:00,318.0,576.00885
2025-12-21 21:00:00,251.0,483.48306
2025-12-21 22:00:00,178.0,368.01105
2025-12-21 23:00:00,79.0,254.39044
2025-12-22 00:00:00,68.0,120.87009
2025-12-22 01:00:00,25.0,95.07312
2025-12-22 02:00:00,23.0,78.112976
2025-12-22 03:00:00,24.0,72.76355
2025-12-22 04:00:00,57.0,104.64581
2025-12-22 05:00:00,209.0,333.41168
2025-12-22 06:00:00,550.0,877.29565
2025-12-22 07:00:00,708.0,849.69653
2025-12-22 08:00:00,512.0,645.9257
2025-12-22 09:00:00,536.0,530.5913
2025-12-22 10:00:00,616.0,542.38055
2025-12-22 11:00:00,618.0,577.364
2025-12-22 12:00:00,594.0,611.48315
2025-12-22 13:00:00,746.0,642.68835
2025-12-22 14:00:00,717.0,679.7827
2025-12-22 15:00:00,739.0,743.36224
2025-12-22 16:00:00,857.0,831.47986
2025-12-22 17:00:00,834.0,822.8646
2025-12-22 18:00:00,595.0,633.43945
2025-12-22 19:00:00,358.0,428.75848
2025-12-22 20:00:00,321.0,328.61496
2025-12-22 21:00:00,286.0,271.16595
2025-12-22 22:00:00,175.0,212.28961
2025-12-22 23:00:00,87.0,164.31598
2025-12-23 00:00:00,62.0,107.470856
2025-12-23 01:00:00,26.0,85.43283
2025-12-23 02:00:00,21.0,71.98746
2025-12-23 03:00:00,41.0,70.79825
2025-12-23 04:00:00,46.0,120.8262
2025-12-23 05:00:00,188.0,426.75925
2025-12-23 06:00:00,523.0,920.5997
2025-12-23 07:00:00,616.0,877.17474
2025-12-23 08:00:00,498.0,655.65814
2025-12-23 09:00:00,559.0,524.0402
2025-12-23 10:00:00,594.0,532.4918
2025-12-23 11:00:00,619.0,568.0522
2025-12-23 12:00:00,609.0,602.71893
2025-12-23 13:00:00,735.0,635.59973
2025-12-23 14:00:00,793.0,669.02673
2025-12-23 15:00:00,778.0,720.3133
2025-12-23 16:00:00,820.0,816.0068
2025-12-23 17:00:00,738.0,838.49036
2025-12-23 18:00:00,579.0,593.5355
2025-12-23 19:00:00,397.0,390.45255
2025-12-23 20:00:00,274.0,311.7848
2025-12-23 21:00:00,221.0,249.25284
2025-12-23 22:00:00,189.0,194.31989
2025-12-23 23:00:00,207.0,140.93839
2025-12-24 00:00:00,75.0,96.74417
2025-12-24 01:00:00,32.0,78.418915
2025-12-24 02:00:00,36.0,66.38025
2025-12-24 03:00:00,27.0,65.72427
2025-12-24 04:00:00,60.0,111.97647
2025-12-24 05:00:00,121.0,427.34467
2025-12-24 06:00:00,197.0,904.9291
2025-12-24 07:00:00,291.0,880.37427
2025-12-24 08:00:00,323.0,651.638
2025-12-24 09:00:00,430.0,521.9779
2025-12-24 10:00:00,568.0,543.02527
2025-12-24 11:00:00,682.0,578.35876
2025-12-24 12:00:00,712.0,617.3207
2025-12-24 13:00:00,718.0,648.15063
2025-12-24 14:00:00,682.0,678.1482
2025-12-24 15:00:00,671.0,738.81165
2025-12-24 16:00:00,578.0,829.6266
2025-12-24 17:00:00,445.0,860.2013
2025-12-24 18:00:00,271.0,637.8143
2025-12-24 19:00:00,159.0,437.53638
2025-12-24 20:00:00,175.0,321.60663
2025-12-24 21:00:00,227.0,250.84848
2025-12-24 22:00:00,265.0,185.9414
2025-12-24 23:00:00,274.0,127.86832
2025-12-25 00:00:00,137.0,217.9702
2025-12-25 01:00:00,74.0,186.27121
2025-12-25 02:00:00,32.0,160.65
2025-12-25 03:00:00,14.0,140.11273
2025-12-25 04:00:00,30.0,127.664825
2025-12-25 05:00:00,26.0,126.423035
2025-12-25 06:00:00,60.0,134.47668
2025-12-25 07:00:00,71.0,174.02191
2025-12-25 08:00:00,129.0,239.42235
2025-12-25 09:00:00,260.0,323.37354
2025-12-25 10:00:00,479.0,393.8573
2025-12-25 11:00:00,540.0,451.39545
2025-12-25 12:00:00,503.0,502.1383
2025-12-25 13:00:00,574.0,541.13916
2025-12-25 14:00:00,522.0,572.5074
2025-12-25 15:00:00,600.0,590.9159
2025-12-25 16:00:00,641.0,589.11755
2025-12-25 17:00:00,538.0,554.1627
2025-12-25 18:00:00,414.0,490.6037
2025-12-25 19:00:00,286.0,419.4042
2025-12-25 20:00:00,278.0,379.05377
2025-12-25 21:00:00,223.0,337.81873
2025-12-25 22:00:00,209.0,294.0666
2025-12-25 23:00:00,144.0,256.5952
2025-12-26 00:00:00,71.0,210.86024
2025-12-26 01:00:00,34.0,186.2645
2025-12-26 02:00:00,24.0,167.76285
2025-12-26 03:00:00,23.0,156.81583
2025-12-26 04:00:00,20.0,155.46426
2025-12-26 05:00:00,33.0,164.12866
2025-12-26 06:00:00,72.0,181.72543
2025-12-26 07:00:00,96.0,208.95383
2025-12-26 08:00:00,162.0,249.55751
2025-12-26 09:00:00,313.0,336.81174
2025-12-26 10:00:00,523.0,437.50305
2025-12-26 11:00:00,626.0,517.7668
2025-12-26 12:00:00,565.0,579.27344
2025-12-26 13:00:00,585.0,621.91187
2025-12-26 14:00:00,707.0,644.1883
2025-12-26 15:00:00,714.0,637.2169
2025-12-26 16:00:00,906.0,599.3954
2025-12-26 17:00:00,752.0,554.6482
2025-12-26 18:00:00,532.0,494.74377
2025-12-26 19:00:00,437.0,425.77588
2025-12-26 20:00:00,372.0,349.27603
2025-12-26 21:00:00,285.0,295.4285
2025-12-26 22:00:00,196.0,257.09674
2025-12-26 23:00:00,141.0,232.5866
2025-12-27 00:00:00,80.0,177.05316
2025-12-27 01:00:00,52.0,132.5686
2025-12-27 02:00:00,34.0,111.28534
2025-12-27 03:00:00,38.0,98.147125
2025-12-27 04:00:00,34.0,96.435455
2025-12-27 05:00:00,71.0,109.97174
2025-12-27 06:00:00,109.0,148.92291
2025-12-27 07:00:00,171.0,240.70659
2025-12-27 08:00:00,297.0,406.06183
2025-12-27 09:00:00,462.0,566.88306
2025-12-27 10:00:00,692.0,644.55615
2025-12-27 11:00:00,694.0,674.2564
2025-12-27 12:00:00,670.0,690.55255
2025-12-27 13:00:00,744.0,711.6477
2025-12-27 14:00:00,798.0,741.97034
2025-12-27 15:00:00,853.0,783.4458
2025-12-27 16:00:00,854.0,804.01196
2025-12-27 17:00:00,804.0,754.58704
2025-12-27 18:00:00,580.0,647.003
2025-12-27 19:00:00,503.0,538.387
2025-12-27 20:00:00,384.0,481.73718
2025-12-27 21:00:00,318.0,437.19785
2025-12-27 22:00:00,238.0,364.56985
2025-12-27 23:00:00,163.0,263.2124
2025-12-28 00:00:00,159.0,168.12695
2025-12-28 01:00:00,83.0,125.833496
2025-12-28 02:00:00,48.0,103.02112
2025-12-28 03:00:00,37.0,92.36694
2025-12-28 04:00:00,44.0,91.11255
2025-12-28 05:00:00,39.0,97.61786
2025-12-28 06:00:00,58.0,120.81137
2025-12-28 07:00:00,106.0,171.15442
2025-12-28 08:00:00,137.0,291.38742
2025-12-28 09:00:00,321.0,455.4251
2025-12-28 10:00:00,446.0,571.44336
2025-12-28 11:00:00,603.0,647.7311
2025-12-28 12:00:00,541.0,690.7994
2025-12-28 13:00:00,729.0,729.6292
2025-12-28 14:00:00,731.0,791.5366
2025-12-28 15:00:00,914.0,860.53546
2025-12-28 16:00:00,1028.0,899.08264
2025-12-28 17:00:00,990.0,881.84045
2025-12-28 18:00:00,709.0,777.37537
2025-12-28 19:00:00,667.0,658.4088
2025-12-28 20:00:00,574.0,552.9266
2025-12-28 21:00:00,411.0,463.99316
2025-12-28 22:00:00,253.0,351.6857
2025-12-28 23:00:00,161.0,242.50925
2025-12-29 00:00:00,163.0,121.23602
2025-12-29 01:00:00,57.0,93.28458
2025-12-29 02:00:00,48.0,76.388245
2025-12-29 03:00:00,29.0,71.891754
2025-12-29 04:00:00,40.0,100.44528
2025-12-29 05:00:00,123.0,321.10165
2025-12-29 06:00:00,240.0,862.2439
2025-12-29 07:00:00,361.0,850.78784
2025-12-29 08:00:00,358.0,649.76166
2025-12-29 09:00:00,461.0,528.8951
2025-12-29 10:00:00,521.0,539.0628
2025-12-29 11:00:00,667.0,575.92
2025-12-29 12:00:00,596.0,609.86475
2025-12-29 13:00:00,807.0,641.7102
2025-12-29 14:00:00,827.0,677.0996
2025-12-29 15:00:00,871.0,734.4321
2025-12-29 16:00:00,988.0,822.30554
2025-12-29 17:00:00,1050.0,812.4264
2025-12-29 18:00:00,705.0,618.5708
2025-12-29 19:00:00,513.0,423.63275
2025-12-29 20:00:00,404.0,327.01544
2025-12-29 21:00:00,302.0,271.59067
2025-12-29 22:00:00,206.0,214.24608
2025-12-29 23:00:00,129.0,164.4299
2025-12-30 00:00:00,69.0,107.466675
2025-12-30 01:00:00,43.0,84.43283
2025-12-30 02:00:00,30.0,71.0538
2025-12-30 03:00:00,36.0,71.092316
2025-12-30 04:00:00,49.0,119.45932
2025-12-30 05:00:00,106.0,420.86987
2025-12-30 06:00:00,239.0,917.1537
2025-12-30 07:00:00,340.0,876.6007
2025-12-30 08:00:00,370.0,661.21045
2025-12-30 09:00:00,478.0,523.2707
2025-12-30 10:00:00,621.0,528.311
2025-12-30 11:00:00,645.0,562.51776
2025-12-30 12:00:00,731.0,599.93134
2025-12-30 13:00:00,778.0,635.4718
2025-12-30 14:00:00,928.0,668.96075
2025-12-30 15:00:00,890.0,721.44666
2025-12-30 16:00:00,993.0,816.03015
2025-12-30 17:00:00,1025.0,838.7665
2025-12-30 18:00:00,691.0,593.05
2025-12-30 19:00:00,657.0,389.77423
2025-12-30 20:00:00,500.0,311.36542
2025-12-30 21:00:00,332.0,249.13911
2025-12-30 22:00:00,210.0,193.98288
2025-12-30 23:00:00,146.0,140.58679
2025-12-31 00:00:00,77.0,138.4552
2025-12-31 01:00:00,70.0,126.85736
2025-12-31 02:00:00,35.0,125.8031
2025-12-31 03:00:00,38.0,174.27972
2025-12-31 04:00:00,55.0,274.70428
2025-12-31 05:00:00,90.0,455.03165
2025-12-31 06:00:00,163.0,613.6954
2025-12-31 07:00:00,230.0,613.6355
2025-12-31 08:00:00,254.0,560.78595
2025-12-31 09:00:00,402.0,558.9325
2025-12-31 10:00:00,446.0,537.7422
2025-12-31 11:00:00,609.0,553.7506
2025-12-31 12:00:00,690.0,590.4278
2025-12-31 13:00:00,769.0,633.2712
2025-12-31 14:00:00,792.0,672.5341
2025-12-31 15:00:00,744.0,713.9218
2025-12-31 16:00:00,793.0,750.31995
2025-12-31 17:00:00,679.0,730.3749
2025-12-31 18:00:00,415.0,650.10785
2025-12-31 19:00:00,299.0,515.1937
2025-12-31 20:00:00,201.0,349.33737
2025-12-31 21:00:00,205.0,230.7964
2025-12-31 22:00:00,160.0,197.20877
2025-12-31 23:00:00,97.0,166.45877
