datetime,actual_volume,predicted_volume
2024-02-21 19:00:00,1006.0,1177.7946
2024-02-21 20:00:00,711.0,768.3929
2024-02-21 21:00:00,580.0,577.7418
2024-02-21 22:00:00,411.0,461.94482
2024-02-21 23:00:00,195.0,272.44592
2024-02-22 00:00:00,95.0,130.4718
2024-02-22 01:00:00,59.0,66.52197
2024-02-22 02:00:00,45.0,68.04346
2024-02-22 03:00:00,74.0,93.385864
2024-02-22 04:00:00,196.0,302.66016
2024-02-22 05:00:00,876.0,928.72455
2024-02-22 06:00:00,2400.0,2441.2705
2024-02-22 07:00:00,2770.0,2588.306
2024-02-22 08:00:00,1978.0,1907.0028
2024-02-22 09:00:00,1390.0,1491.5256
2024-02-22 10:00:00,1386.0,1480.3425
2024-02-22 11:00:00,1482.0,1519.6722
2024-02-22 12:00:00,1533.0,1562.6427
2024-02-22 13:00:00,1673.0,1611.4054
2024-02-22 14:00:00,1721.0,1664.9594
2024-02-22 15:00:00,1785.0,1793.0605
2024-02-22 16:00:00,1997.0,1982.0587
2024-02-22 17:00:00,2168.0,2119.3364
2024-02-22 18:00:00,1659.0,1736.7319
2024-02-22 19:00:00,1064.0,1141.9635
2024-02-22 20:00:00,701.0,814.8807
2024-02-22 21:00:00,510.0,610.6948
2024-02-22 22:00:00,388.0,512.60657
2024-02-22 23:00:00,250.0,315.01953
2024-02-23 00:00:00,117.0,172.79321
2024-02-23 01:00:00,58.0,79.20642
2024-02-23 02:00:00,57.0,75.95227
2024-02-23 03:00:00,67.0,94.7937
2024-02-23 04:00:00,202.0,261.6438
2024-02-23 05:00:00,743.0,826.46204
2024-02-23 06:00:00,2057.0,2122.23
2024-02-23 07:00:00,2285.0,2348.0757
2024-02-23 08:00:00,1727.0,1749.7059
2024-02-23 09:00:00,1355.0,1522.4324
2024-02-23 10:00:00,1412.0,1542.9138
2024-02-23 11:00:00,1642.0,1602.8242
2024-02-23 12:00:00,1732.0,1663.3231
2024-02-23 13:00:00,1924.0,1740.1787
2024-02-23 14:00:00,1979.0,1860.2438
2024-02-23 15:00:00,2134.0,1983.9634
2024-02-23 16:00:00,2238.0,2124.8938
2024-02-23 17:00:00,2371.0,2215.0781
2024-02-23 18:00:00,1969.0,1877.1141
2024-02-23 19:00:00,1369.0,1307.361
2024-02-23 20:00:00,941.0,907.76514
2024-02-23 21:00:00,798.0,683.842
2024-02-23 22:00:00,711.0,589.47864
2024-02-23 23:00:00,566.0,428.8224
2024-02-24 00:00:00,270.0,311.86682
2024-02-24 01:00:00,142.0,187.20819
2024-02-24 02:00:00,114.0,143.64215
2024-02-24 03:00:00,115.0,128.17456
2024-02-24 04:00:00,177.0,147.41144
2024-02-24 05:00:00,212.0,217.8034
2024-02-24 06:00:00,470.0,412.49426
2024-02-24 07:00:00,898.0,742.9601
2024-02-24 08:00:00,1240.0,1122.2269
2024-02-24 09:00:00,1589.0,1516.614
2024-02-24 10:00:00,2175.0,1826.072
2024-02-24 11:00:00,2477.0,1937.9434
2024-02-24 12:00:00,2576.0,1973.1528
2024-02-24 13:00:00,2411.0,1994.4097
2024-02-24 14:00:00,2581.0,2044.2126
2024-02-24 15:00:00,2721.0,2107.3672
2024-02-24 16:00:00,2712.0,2223.5693
2024-02-24 17:00:00,2879.0,2261.9692
2024-02-24 18:00:00,2257.0,1875.5684
2024-02-24 19:00:00,1406.0,1268.6045
2024-02-24 20:00:00,1042.0,966.03015
2024-02-24 21:00:00,1063.0,874.5131
2024-02-24 22:00:00,896.0,769.34033
2024-02-24 23:00:00,668.0,556.9533
2024-02-25 00:00:00,347.0,278.21887
2024-02-25 01:00:00,224.0,232.34259
2024-02-25 02:00:00,122.0,190.25085
2024-02-25 03:00:00,115.0,162.90283
2024-02-25 04:00:00,129.0,144.07642
2024-02-25 05:00:00,98.0,155.22845
2024-02-25 06:00:00,170.0,203.62207
2024-02-25 07:00:00,279.0,337.90503
2024-02-25 08:00:00,520.0,584.6105
2024-02-25 09:00:00,985.0,1019.21985
2024-02-25 10:00:00,1387.0,1425.4037
2024-02-25 11:00:00,1844.0,1692.6729
2024-02-25 12:00:00,2266.0,1862.8829
2024-02-25 13:00:00,2404.0,2044.5698
2024-02-25 14:00:00,2592.0,2260.855
2024-02-25 15:00:00,2726.0,2495.7483
2024-02-25 16:00:00,2836.0,2650.3665
2024-02-25 17:00:00,2860.0,2709.2737
2024-02-25 18:00:00,2558.0,2579.0825
2024-02-25 19:00:00,2543.0,2264.1973
2024-02-25 20:00:00,1958.0,1947.8162
2024-02-25 21:00:00,1319.0,1485.2808
2024-02-25 22:00:00,530.0,734.3185
2024-02-25 23:00:00,209.0,336.8808
2024-02-26 00:00:00,91.0,91.26013
2024-02-26 01:00:00,64.0,63.452637
2024-02-26 02:00:00,57.0,61.381104
2024-02-26 03:00:00,71.0,83.3739
2024-02-26 04:00:00,226.0,221.5633
2024-02-26 05:00:00,941.0,978.80975
2024-02-26 06:00:00,2473.0,2577.6167
2024-02-26 07:00:00,2814.0,2734.557
2024-02-26 08:00:00,1975.0,1888.2478
2024-02-26 09:00:00,1521.0,1442.2605
2024-02-26 10:00:00,1401.0,1445.7958
2024-02-26 11:00:00,1418.0,1459.7775
2024-02-26 12:00:00,1533.0,1477.239
2024-02-26 13:00:00,1612.0,1502.9818
2024-02-26 14:00:00,1579.0,1531.086
2024-02-26 15:00:00,1634.0,1617.7852
2024-02-26 16:00:00,1851.0,1828.2938
2024-02-26 17:00:00,2078.0,2070.0579
2024-02-26 18:00:00,1549.0,1607.5474
2024-02-26 19:00:00,899.0,1021.1677
2024-02-26 20:00:00,641.0,704.8583
2024-02-26 21:00:00,467.0,533.885
2024-02-26 22:00:00,343.0,383.20837
2024-02-26 23:00:00,157.0,174.2414
2024-02-27 00:00:00,66.0,91.48364
2024-02-27 01:00:00,42.0,61.310547
2024-02-27 02:00:00,44.0,56.384033
2024-02-27 03:00:00,86.0,80.61609
2024-02-27 04:00:00,213.0,242.86487
2024-02-27 05:00:00,921.0,1005.3782
2024-02-27 06:00:00,2483.0,2611.7886
2024-02-27 07:00:00,2713.0,2776.37
2024-02-27 08:00:00,2204.0,1991.6687
2024-02-27 09:00:00,1527.0,1454.2942
2024-02-27 10:00:00,1433.0,1446.4144
2024-02-27 11:00:00,1479.0,1460.7815
2024-02-27 12:00:00,1412.0,1481.638
2024-02-27 13:00:00,1583.0,1510.3174
2024-02-27 14:00:00,1571.0,1541.0934
2024-02-27 15:00:00,1582.0,1628.6298
2024-02-27 16:00:00,1844.0,1830.9934
2024-02-27 17:00:00,2077.0,2086.543
2024-02-27 18:00:00,1506.0,1683.7393
2024-02-27 19:00:00,917.0,1043.0432
2024-02-27 20:00:00,549.0,701.5834
2024-02-27 21:00:00,487.0,529.28064
2024-02-27 22:00:00,345.0,399.52216
2024-02-27 23:00:00,211.0,197.89917
2024-02-28 00:00:00,118.0,93.085815
2024-02-28 01:00:00,51.0,57.606567
2024-02-28 02:00:00,54.0,57.188477
2024-02-28 03:00:00,71.0,80.56421
2024-02-28 04:00:00,198.0,251.84454
2024-02-28 05:00:00,897.0,1000.3026
2024-02-28 06:00:00,2385.0,2587.6309
2024-02-28 07:00:00,2735.0,2769.2593
2024-02-28 08:00:00,1971.0,2088.1653
2024-02-28 09:00:00,1544.0,1475.5812
2024-02-28 10:00:00,1462.0,1453.0334
2024-02-28 11:00:00,1403.0,1473.3258
2024-02-28 12:00:00,1440.0,1505.4529
2024-02-28 13:00:00,1580.0,1539.9386
2024-02-28 14:00:00,1335.0,1576.0679
2024-02-28 15:00:00,1839.0,1673.5745
2024-02-28 16:00:00,1958.0,1879.511
2024-02-28 17:00:00,2106.0,2117.624
2024-02-28 18:00:00,1755.0,1696.4294
2024-02-28 19:00:00,1054.0,1104.3875
2024-02-28 20:00:00,641.0,719.1415
2024-02-28 21:00:00,547.0,554.7418
2024-02-28 22:00:00,394.0,429.80157
2024-02-28 23:00:00,223.0,206.44653
2024-02-29 00:00:00,113.0,90.40198
2024-02-29 01:00:00,58.0,56.502075
2024-02-29 02:00:00,64.0,62.24292
2024-02-29 03:00:00,83.0,84.0918
2024-02-29 04:00:00,208.0,238.43793
2024-02-29 05:00:00,883.0,881.6802
2024-02-29 06:00:00,2348.0,2429.768
2024-02-29 07:00:00,2711.0,2670.6274
2024-02-29 08:00:00,1987.0,2015.8146
2024-02-29 09:00:00,1507.0,1482.6179
2024-02-29 10:00:00,1433.0,1469.2539
2024-02-29 11:00:00,1433.0,1502.5137
2024-02-29 12:00:00,1438.0,1546.3849
2024-02-29 13:00:00,1614.0,1598.615
2024-02-29 14:00:00,1617.0,1642.0945
2024-02-29 15:00:00,1855.0,1770.5577
2024-02-29 16:00:00,2087.0,1979.3733
2024-02-29 17:00:00,2445.0,2148.3674
2024-02-29 18:00:00,2047.0,1737.9688
2024-02-29 19:00:00,1149.0,1141.0254
2024-02-29 20:00:00,714.0,775.7015
2024-02-29 21:00:00,555.0,594.94763
2024-02-29 22:00:00,439.0,494.0511
2024-02-29 23:00:00,292.0,240.05151
2024-03-01 00:00:00,133.0,105.77991
2024-03-01 01:00:00,82.0,57.68921
2024-03-01 02:00:00,50.0,56.863525
2024-03-01 03:00:00,76.0,85.20618
2024-03-01 04:00:00,186.0,267.7005
2024-03-01 05:00:00,756.0,808.7886
2024-03-01 06:00:00,2003.0,1973.6858
2024-03-01 07:00:00,2310.0,2290.3413
2024-03-01 08:00:00,1792.0,1695.9456
2024-03-01 09:00:00,1430.0,1433.9828
2024-03-01 10:00:00,1621.0,1449.0701
2024-03-01 11:00:00,1700.0,1493.6238
2024-03-01 12:00:00,1817.0,1568.2054
2024-03-01 13:00:00,1932.0,1641.3628
2024-03-01 14:00:00,1900.0,1727.5581
2024-03-01 15:00:00,2080.0,1841.561
2024-03-01 16:00:00,2106.0,2009.4701
2024-03-01 17:00:00,2123.0,2161.0134
2024-03-01 18:00:00,1878.0,1840.7979
2024-03-01 19:00:00,1162.0,1255.0631
2024-03-01 20:00:00,855.0,826.83374
2024-03-01 21:00:00,678.0,590.5472
2024-03-01 22:00:00,589.0,489.49866
2024-03-01 23:00:00,426.0,291.88873
2024-03-02 00:00:00,231.0,296.00153
2024-03-02 01:00:00,159.0,176.48914
2024-03-02 02:00:00,104.0,136.51984
2024-03-02 03:00:00,114.0,131.74152
2024-03-02 04:00:00,181.0,159.15271
2024-03-02 05:00:00,223.0,250.40668
2024-03-02 06:00:00,473.0,446.12665
2024-03-02 07:00:00,907.0,762.1564
2024-03-02 08:00:00,1303.0,1088.7288
2024-03-02 09:00:00,1633.0,1458.1761
2024-03-02 10:00:00,1912.0,1694.2273
2024-03-02 11:00:00,2210.0,1859.0392
2024-03-02 12:00:00,2239.0,1923.4534
2024-03-02 13:00:00,2273.0,1972.0371
2024-03-02 14:00:00,2276.0,2031.407
2024-03-02 15:00:00,2433.0,2175.4116
2024-03-02 16:00:00,2544.0,2309.1714
2024-03-02 17:00:00,2586.0,2327.906
2024-03-02 18:00:00,1995.0,2041.8105
2024-03-02 19:00:00,1231.0,1390.3362
2024-03-02 20:00:00,928.0,972.8272
2024-03-02 21:00:00,788.0,844.55145
2024-03-02 22:00:00,763.0,768.63684
2024-03-02 23:00:00,641.0,568.482
2024-03-03 00:00:00,443.0,275.11224
2024-03-03 01:00:00,224.0,232.58081
2024-03-03 02:00:00,119.0,191.12335
2024-03-03 03:00:00,96.0,163.15747
2024-03-03 04:00:00,145.0,147.85748
2024-03-03 05:00:00,108.0,166.5373
2024-03-03 06:00:00,173.0,214.02118
2024-03-03 07:00:00,342.0,342.22156
2024-03-03 08:00:00,599.0,586.8535
2024-03-03 09:00:00,1001.0,977.8567
2024-03-03 10:00:00,1486.0,1338.1462
2024-03-03 11:00:00,2078.0,1647.2408
2024-03-03 12:00:00,2585.0,1878.2295
2024-03-03 13:00:00,2613.0,2042.7927
2024-03-03 14:00:00,2641.0,2234.0083
2024-03-03 15:00:00,2683.0,2501.6982
2024-03-03 16:00:00,2907.0,2679.6672
2024-03-03 17:00:00,2842.0,2722.7854
2024-03-03 18:00:00,2325.0,2557.7358
2024-03-03 19:00:00,1718.0,2255.6348
2024-03-03 20:00:00,1432.0,1832.9707
2024-03-03 21:00:00,874.0,1321.9877
2024-03-03 22:00:00,452.0,622.7267
2024-03-03 23:00:00,215.0,323.46295
2024-03-04 00:00:00,92.0,109.14368
2024-03-04 01:00:00,62.0,73.80615
2024-03-04 02:00:00,50.0,70.680176
2024-03-04 03:00:00,78.0,97.65222
2024-03-04 04:00:00,225.0,312.85345
2024-03-04 05:00:00,1004.0,973.29614
2024-03-04 06:00:00,2561.0,2498.648
2024-03-04 07:00:00,2821.0,2741.6548
2024-03-04 08:00:00,2023.0,1954.0244
2024-03-04 09:00:00,1446.0,1467.1215
2024-03-04 10:00:00,1383.0,1430.8718
2024-03-04 11:00:00,1435.0,1440.8798
2024-03-04 12:00:00,1425.0,1460.5446
2024-03-04 13:00:00,1517.0,1490.7358
2024-03-04 14:00:00,1490.0,1528.9583
2024-03-04 15:00:00,1574.0,1652.7542
2024-03-04 16:00:00,1804.0,1877.156
2024-03-04 17:00:00,2121.0,2071.7869
2024-03-04 18:00:00,1695.0,1618.16
2024-03-04 19:00:00,984.0,1077.1621
2024-03-04 20:00:00,682.0,721.505
2024-03-04 21:00:00,534.0,549.05695
2024-03-04 22:00:00,291.0,413.07666
2024-03-04 23:00:00,166.0,215.43378
2024-03-05 00:00:00,91.0,109.49963
2024-03-05 01:00:00,42.0,71.30029
2024-03-05 02:00:00,49.0,63.572998
2024-03-05 03:00:00,70.0,91.79089
2024-03-05 04:00:00,217.0,304.69244
2024-03-05 05:00:00,906.0,974.47546
2024-03-05 06:00:00,2461.0,2514.6455
2024-03-05 07:00:00,2913.0,2773.5054
2024-03-05 08:00:00,2038.0,1988.551
2024-03-05 09:00:00,1457.0,1466.0925
2024-03-05 10:00:00,1384.0,1438.6116
2024-03-05 11:00:00,1370.0,1454.6486
2024-03-05 12:00:00,1307.0,1481.9602
2024-03-05 13:00:00,1515.0,1515.965
2024-03-05 14:00:00,1442.0,1548.1973
2024-03-05 15:00:00,1465.0,1651.8989
2024-03-05 16:00:00,1827.0,1837.351
2024-03-05 17:00:00,2035.0,2073.8796
2024-03-05 18:00:00,1603.0,1637.8035
2024-03-05 19:00:00,959.0,1063.5006
2024-03-05 20:00:00,543.0,698.82983
2024-03-05 21:00:00,449.0,536.61444
2024-03-05 22:00:00,393.0,421.11188
2024-03-05 23:00:00,188.0,207.8728
2024-03-06 00:00:00,89.0,83.57556
2024-03-06 01:00:00,62.0,57.5365
2024-03-06 02:00:00,65.0,54.915894
2024-03-06 03:00:00,78.0,79.25952
2024-03-06 04:00:00,182.0,284.008
2024-03-06 05:00:00,853.0,976.1546
2024-03-06 06:00:00,2440.0,2507.0571
2024-03-06 07:00:00,2801.0,2724.4473
2024-03-06 08:00:00,1891.0,1975.8217
2024-03-06 09:00:00,1417.0,1478.1703
2024-03-06 10:00:00,1307.0,1441.7534
2024-03-06 11:00:00,1481.0,1466.6613
2024-03-06 12:00:00,1526.0,1498.6222
2024-03-06 13:00:00,1558.0,1538.2544
2024-03-06 14:00:00,1526.0,1575.2231
2024-03-06 15:00:00,1557.0,1642.4756
2024-03-06 16:00:00,1819.0,1826.9912
2024-03-06 17:00:00,2037.0,2070.7734
2024-03-06 18:00:00,1602.0,1606.0693
2024-03-06 19:00:00,1019.0,1036.3801
2024-03-06 20:00:00,651.0,685.30273
2024-03-06 21:00:00,467.0,541.6806
2024-03-06 22:00:00,402.0,432.15417
2024-03-06 23:00:00,216.0,231.29797
2024-03-07 00:00:00,102.0,100.031006
2024-03-07 01:00:00,59.0,59.05957
2024-03-07 02:00:00,45.0,63.414185
2024-03-07 03:00:00,87.0,86.78882
2024-03-07 04:00:00,210.0,303.05817
2024-03-07 05:00:00,897.0,957.1804
2024-03-07 06:00:00,2380.0,2408.5852
2024-03-07 07:00:00,2914.0,2706.9482
2024-03-07 08:00:00,1980.0,2041.0798
2024-03-07 09:00:00,1521.0,1519.428
2024-03-07 10:00:00,1359.0,1462.8792
2024-03-07 11:00:00,1429.0,1489.8086
2024-03-07 12:00:00,1426.0,1537.4849
2024-03-07 13:00:00,1570.0,1590.091
2024-03-07 14:00:00,1595.0,1651.1455
2024-03-07 15:00:00,1655.0,1784.2427
2024-03-07 16:00:00,2034.0,1965.7445
2024-03-07 17:00:00,2334.0,2161.2886
2024-03-07 18:00:00,1869.0,1711.5496
2024-03-07 19:00:00,1077.0,1115.2625
2024-03-07 20:00:00,629.0,758.7297
2024-03-07 21:00:00,574.0,591.3099
2024-03-07 22:00:00,397.0,505.15503
2024-03-07 23:00:00,254.0,284.036
2024-03-08 00:00:00,139.0,135.8205
2024-03-08 01:00:00,64.0,70.34924
2024-03-08 02:00:00,49.0,73.311646
2024-03-08 03:00:00,85.0,95.543945
2024-03-08 04:00:00,210.0,290.37097
2024-03-08 05:00:00,760.0,847.2269
2024-03-08 06:00:00,2132.0,2106.3037
2024-03-08 07:00:00,2366.0,2484.3496
2024-03-08 08:00:00,1777.0,1856.0901
2024-03-08 09:00:00,1508.0,1508.3351
2024-03-08 10:00:00,1506.0,1485.4386
2024-03-08 11:00:00,1633.0,1517.4291
2024-03-08 12:00:00,1701.0,1561.0691
2024-03-08 13:00:00,1755.0,1623.4965
2024-03-08 14:00:00,1917.0,1746.4167
2024-03-08 15:00:00,2139.0,1929.3494
2024-03-08 16:00:00,2478.0,2127.8582
2024-03-08 17:00:00,2414.0,2207.0874
2024-03-08 18:00:00,2062.0,1769.6997
2024-03-08 19:00:00,1344.0,1208.3899
2024-03-08 20:00:00,863.0,881.5962
2024-03-08 21:00:00,709.0,665.9094
2024-03-08 22:00:00,673.0,569.7155
2024-03-08 23:00:00,496.0,436.43274
2024-03-09 00:00:00,307.0,297.292
2024-03-09 01:00:00,163.0,175.38135
2024-03-09 02:00:00,116.0,136.02887
2024-03-09 03:00:00,90.0,130.10724
2024-03-09 04:00:00,184.0,157.63812
2024-03-09 05:00:00,207.0,244.56805
2024-03-09 06:00:00,503.0,439.07092
2024-03-09 07:00:00,955.0,780.5281
2024-03-09 08:00:00,1385.0,1090.3
2024-03-09 09:00:00,1635.0,1457.4662
2024-03-09 10:00:00,2067.0,1690.8601
2024-03-09 11:00:00,2332.0,1870.8411
2024-03-09 12:00:00,2274.0,1922.6506
2024-03-09 13:00:00,2300.0,1974.5615
2024-03-09 14:00:00,2396.0,2054.7246
2024-03-09 15:00:00,2410.0,2180.7166
2024-03-09 16:00:00,2686.0,2320.0762
2024-03-09 17:00:00,2672.0,2383.9844
2024-03-09 18:00:00,1995.0,2122.3904
2024-03-09 19:00:00,1233.0,1488.1101
2024-03-09 20:00:00,941.0,1055.9047
2024-03-09 21:00:00,825.0,886.20667
2024-03-09 22:00:00,786.0,789.3565
2024-03-09 23:00:00,526.0,614.0394
2024-03-10 00:00:00,385.0,274.5584
2024-03-10 01:00:00,227.0,239.47351
2024-03-10 02:00:00,130.0,198.31458
2024-03-10 03:00:00,111.0,165.35901
2024-03-10 04:00:00,146.0,149.99207
2024-03-10 05:00:00,119.0,170.9129
2024-03-10 06:00:00,200.0,218.71252
2024-03-10 07:00:00,297.0,351.6693
2024-03-10 08:00:00,605.0,595.05707
2024-03-10 09:00:00,1004.0,972.41223
2024-03-10 10:00:00,1624.0,1323.7894
2024-03-10 11:00:00,2303.0,1627.1492
2024-03-10 12:00:00,2675.0,1851.3628
2024-03-10 13:00:00,2772.0,2061.896
2024-03-10 14:00:00,2647.0,2207.728
2024-03-10 15:00:00,2600.0,2343.684
2024-03-10 16:00:00,2704.0,2508.1538
2024-03-10 17:00:00,2501.0,2561.0986
2024-03-10 18:00:00,1996.0,2351.9902
2024-03-10 19:00:00,1383.0,1957.0974
2024-03-10 20:00:00,1294.0,1596.3801
2024-03-10 21:00:00,922.0,1236.5208
2024-03-10 22:00:00,549.0,569.8804
2024-03-10 23:00:00,227.0,320.8578
2024-03-11 00:00:00,107.0,88.76282
2024-03-11 01:00:00,42.0,59.195435
2024-03-11 02:00:00,49.0,60.347656
2024-03-11 03:00:00,81.0,82.73926
2024-03-11 04:00:00,230.0,225.2815
2024-03-11 05:00:00,1016.0,963.44336
2024-03-11 06:00:00,2630.0,2607.4243
2024-03-11 07:00:00,3008.0,2795.7656
2024-03-11 08:00:00,2066.0,2104.2095
2024-03-11 09:00:00,1419.0,1480.2808
2024-03-11 10:00:00,1397.0,1433.789
2024-03-11 11:00:00,1400.0,1445.4946
2024-03-11 12:00:00,1537.0,1459.078
2024-03-11 13:00:00,1561.0,1482.5094
2024-03-11 14:00:00,1636.0,1513.78
2024-03-11 15:00:00,1749.0,1608.6246
2024-03-11 16:00:00,1926.0,1829.4305
2024-03-11 17:00:00,2152.0,2069.359
2024-03-11 18:00:00,1647.0,1624.216
2024-03-11 19:00:00,1037.0,1035.9817
2024-03-11 20:00:00,610.0,682.8448
2024-03-11 21:00:00,480.0,514.5085
2024-03-11 22:00:00,427.0,369.7251
2024-03-11 23:00:00,197.0,177.4057
2024-03-12 00:00:00,69.0,92.80176
2024-03-12 01:00:00,38.0,61.099976
2024-03-12 02:00:00,46.0,54.56604
2024-03-12 03:00:00,66.0,78.83728
2024-03-12 04:00:00,207.0,225.08746
2024-03-12 05:00:00,962.0,955.0519
2024-03-12 06:00:00,2701.0,2611.5981
2024-03-12 07:00:00,2975.0,2815.6157
2024-03-12 08:00:00,2123.0,2054.233
2024-03-12 09:00:00,1537.0,1460.0452
2024-03-12 10:00:00,1399.0,1436.5009
2024-03-12 11:00:00,1427.0,1451.1758
2024-03-12 12:00:00,1461.0,1471.3553
2024-03-12 13:00:00,1590.0,1499.5554
2024-03-12 14:00:00,1499.0,1525.5149
2024-03-12 15:00:00,1603.0,1615.8215
2024-03-12 16:00:00,1774.0,1812.8503
2024-03-12 17:00:00,2090.0,2074.17
2024-03-12 18:00:00,1577.0,1640.6173
2024-03-12 19:00:00,1009.0,1024.8003
2024-03-12 20:00:00,604.0,661.378
2024-03-12 21:00:00,489.0,504.17987
2024-03-12 22:00:00,349.0,384.40546
2024-03-12 23:00:00,180.0,188.27972
2024-03-13 00:00:00,84.0,77.5907
2024-03-13 01:00:00,46.0,51.554077
2024-03-13 02:00:00,48.0,49.98401
2024-03-13 03:00:00,78.0,74.56555
2024-03-13 04:00:00,198.0,265.2848
2024-03-13 05:00:00,869.0,1033.6982
2024-03-13 06:00:00,2517.0,2573.7952
2024-03-13 07:00:00,3004.0,2770.396
2024-03-13 08:00:00,2104.0,2092.163
2024-03-13 09:00:00,1555.0,1474.0795
2024-03-13 10:00:00,1390.0,1436.672
2024-03-13 11:00:00,1489.0,1466.4553
2024-03-13 12:00:00,1545.0,1487.9519
2024-03-13 13:00:00,1652.0,1525.0593
2024-03-13 14:00:00,1513.0,1561.4495
2024-03-13 15:00:00,1631.0,1648.4141
2024-03-13 16:00:00,1830.0,1841.3424
2024-03-13 17:00:00,2150.0,2105.473
2024-03-13 18:00:00,1690.0,1687.7744
2024-03-13 19:00:00,1017.0,1074.6765
2024-03-13 20:00:00,644.0,681.19165
2024-03-13 21:00:00,530.0,536.4833
2024-03-13 22:00:00,447.0,432.92822
2024-03-13 23:00:00,203.0,215.5647
2024-03-14 00:00:00,88.0,93.943726
2024-03-14 01:00:00,55.0,52.704224
2024-03-14 02:00:00,52.0,57.8385
2024-03-14 03:00:00,74.0,79.160034
2024-03-14 04:00:00,214.0,267.7859
2024-03-14 05:00:00,932.0,978.2075
2024-03-14 06:00:00,2576.0,2518.8977
2024-03-14 07:00:00,3023.0,2762.1042
2024-03-14 08:00:00,2060.0,2125.881
2024-03-14 09:00:00,1637.0,1524.0505
2024-03-14 10:00:00,1391.0,1448.3431
2024-03-14 11:00:00,1497.0,1476.8772
2024-03-14 12:00:00,1449.0,1511.6642
2024-03-14 13:00:00,1521.0,1551.8322
2024-03-14 14:00:00,1562.0,1603.6683
2024-03-14 15:00:00,1739.0,1739.9487
2024-03-14 16:00:00,2019.0,1979.0941
2024-03-14 17:00:00,2321.0,2180.827
2024-03-14 18:00:00,1757.0,1744.5953
2024-03-14 19:00:00,1111.0,1160.47
2024-03-14 20:00:00,702.0,758.06824
2024-03-14 21:00:00,586.0,587.73096
2024-03-14 22:00:00,518.0,499.15137
2024-03-14 23:00:00,288.0,274.13544
2024-03-15 00:00:00,115.0,138.9613
2024-03-15 01:00:00,71.0,65.68042
2024-03-15 02:00:00,62.0,69.80127
2024-03-15 03:00:00,65.0,93.864624
2024-03-15 04:00:00,211.0,316.1231
2024-03-15 05:00:00,772.0,898.2883
2024-03-15 06:00:00,2194.0,2308.6406
2024-03-15 07:00:00,2481.0,2623.0176
2024-03-15 08:00:00,1890.0,1900.5044
2024-03-15 09:00:00,1493.0,1506.8242
2024-03-15 10:00:00,1495.0,1480.5583
2024-03-15 11:00:00,1574.0,1527.3873
2024-03-15 12:00:00,1689.0,1588.6978
2024-03-15 13:00:00,1710.0,1646.0847
2024-03-15 14:00:00,1975.0,1764.383
2024-03-15 15:00:00,2090.0,1914.6672
2024-03-15 16:00:00,2203.0,2091.5889
2024-03-15 17:00:00,2230.0,2193.2344
2024-03-15 18:00:00,1824.0,1831.1194
2024-03-15 19:00:00,1244.0,1269.1812
2024-03-15 20:00:00,803.0,893.5621
2024-03-15 21:00:00,730.0,665.16626
2024-03-15 22:00:00,611.0,570.5379
2024-03-15 23:00:00,494.0,361.30133
2024-03-16 00:00:00,256.0,217.17627
2024-03-16 01:00:00,143.0,160.79315
2024-03-16 02:00:00,104.0,112.78259
2024-03-16 03:00:00,93.0,120.427124
2024-03-16 04:00:00,177.0,140.85083
2024-03-16 05:00:00,210.0,248.5282
2024-03-16 06:00:00,615.0,488.64264
2024-03-16 07:00:00,1027.0,805.7817
2024-03-16 08:00:00,1452.0,1130.5868
2024-03-16 09:00:00,1636.0,1487.7887
2024-03-16 10:00:00,1896.0,1710.8574
2024-03-16 11:00:00,2067.0,1875.9409
2024-03-16 12:00:00,2136.0,1906.4143
2024-03-16 13:00:00,2114.0,1948.996
2024-03-16 14:00:00,2076.0,1967.7244
2024-03-16 15:00:00,2084.0,2019.305
2024-03-16 16:00:00,2104.0,2136.325
2024-03-16 17:00:00,2155.0,2196.7588
2024-03-16 18:00:00,1683.0,1768.8392
2024-03-16 19:00:00,1019.0,1160.3273
2024-03-16 20:00:00,914.0,866.7329
2024-03-16 21:00:00,827.0,791.5967
2024-03-16 22:00:00,847.0,745.60016
2024-03-16 23:00:00,640.0,591.26874
2024-03-17 00:00:00,399.0,271.18964
2024-03-17 01:00:00,232.0,225.47925
2024-03-17 02:00:00,140.0,184.5459
2024-03-17 03:00:00,98.0,157.0747
2024-03-17 04:00:00,119.0,142.0055
2024-03-17 05:00:00,113.0,149.69025
2024-03-17 06:00:00,212.0,200.60736
2024-03-17 07:00:00,368.0,290.1983
2024-03-17 08:00:00,606.0,525.27466
2024-03-17 09:00:00,1097.0,952.1126
2024-03-17 10:00:00,1485.0,1242.254
2024-03-17 11:00:00,1967.0,1538.4336
2024-03-17 12:00:00,2353.0,1740.5325
2024-03-17 13:00:00,2403.0,1934.2039
2024-03-17 14:00:00,2667.0,2148.433
2024-03-17 15:00:00,2785.0,2394.5117
2024-03-17 16:00:00,2793.0,2598.314
2024-03-17 17:00:00,2868.0,2623.9167
2024-03-17 18:00:00,2394.0,2399.8318
2024-03-17 19:00:00,1839.0,2024.2439
2024-03-17 20:00:00,1371.0,1678.2587
2024-03-17 21:00:00,937.0,1238.0632
2024-03-17 22:00:00,527.0,600.01025
2024-03-17 23:00:00,207.0,318.15955
2024-03-18 00:00:00,100.0,96.908325
2024-03-18 01:00:00,61.0,67.7677
2024-03-18 02:00:00,58.0,65.88843
2024-03-18 03:00:00,86.0,91.4043
2024-03-18 04:00:00,238.0,262.33527
2024-03-18 05:00:00,1077.0,989.41846
2024-03-18 06:00:00,2613.0,2624.7588
2024-03-18 07:00:00,2925.0,2785.9695
2024-03-18 08:00:00,2059.0,2012.3186
2024-03-18 09:00:00,1538.0,1452.1881
2024-03-18 10:00:00,1406.0,1430.9728
2024-03-18 11:00:00,1525.0,1445.0732
2024-03-18 12:00:00,1502.0,1462.176
2024-03-18 13:00:00,1567.0,1488.5924
2024-03-18 14:00:00,1529.0,1521.4788
2024-03-18 15:00:00,1615.0,1611.0099
2024-03-18 16:00:00,1697.0,1798.3804
2024-03-18 17:00:00,1847.0,2042.229
2024-03-18 18:00:00,1487.0,1620.5493
2024-03-18 19:00:00,988.0,1027.5889
2024-03-18 20:00:00,611.0,674.56885
2024-03-18 21:00:00,501.0,512.1266
2024-03-18 22:00:00,334.0,370.59308
2024-03-18 23:00:00,157.0,184.38593
2024-03-19 00:00:00,94.0,122.4729
2024-03-19 01:00:00,53.0,85.62317
2024-03-19 02:00:00,78.0,90.71411
2024-03-19 03:00:00,63.0,140.48566
2024-03-19 04:00:00,225.0,611.8831
2024-03-19 05:00:00,988.0,1626.6327
2024-03-19 06:00:00,2783.0,2648.0498
2024-03-19 07:00:00,2901.0,2768.719
2024-03-19 08:00:00,2167.0,2212.5752
2024-03-19 09:00:00,1622.0,1649.1243
2024-03-19 10:00:00,1572.0,1470.2256
2024-03-19 11:00:00,1379.0,1476.6224
2024-03-19 12:00:00,1346.0,1492.2917
2024-03-19 13:00:00,1505.0,1514.4786
2024-03-19 14:00:00,1516.0,1535.1279
2024-03-19 15:00:00,1614.0,1601.3103
2024-03-19 16:00:00,1683.0,1794.0854
2024-03-19 17:00:00,1762.0,2011.3069
2024-03-19 18:00:00,1496.0,1663.4612
2024-03-19 19:00:00,965.0,1072.1964
2024-03-19 20:00:00,568.0,707.5985
2024-03-19 21:00:00,465.0,511.45264
2024-03-19 22:00:00,300.0,386.80353
2024-03-19 23:00:00,235.0,221.01678
2024-03-20 00:00:00,209.0,92.485596
2024-03-20 01:00:00,59.0,56.414062
2024-03-20 02:00:00,68.0,53.528442
2024-03-20 03:00:00,82.0,77.40906
2024-03-20 04:00:00,222.0,249.61206
2024-03-20 05:00:00,936.0,980.58136
2024-03-20 06:00:00,2599.0,2590.3965
2024-03-20 07:00:00,2702.0,2774.9167
2024-03-20 08:00:00,1871.0,1998.0259
2024-03-20 09:00:00,1812.0,1467.9271
2024-03-20 10:00:00,1373.0,1445.2137
2024-03-20 11:00:00,1422.0,1464.8688
2024-03-20 12:00:00,1497.0,1488.7515
2024-03-20 13:00:00,1598.0,1519.1272
2024-03-20 14:00:00,1681.0,1557.56
2024-03-20 15:00:00,1737.0,1665.49
2024-03-20 16:00:00,2043.0,1888.7141
2024-03-20 17:00:00,2271.0,2147.268
2024-03-20 18:00:00,1901.0,1723.4948
2024-03-20 19:00:00,1071.0,1126.6635
2024-03-20 20:00:00,684.0,715.1092
2024-03-20 21:00:00,554.0,547.9074
2024-03-20 22:00:00,469.0,444.03467
2024-03-20 23:00:00,231.0,239.65582
2024-03-21 00:00:00,115.0,106.618286
2024-03-21 01:00:00,66.0,58.78894
2024-03-21 02:00:00,59.0,62.131958
2024-03-21 03:00:00,89.0,91.349976
2024-03-21 04:00:00,235.0,328.45618
2024-03-21 05:00:00,940.0,992.73047
2024-03-21 06:00:00,2643.0,2524.092
2024-03-21 07:00:00,2939.0,2705.3945
2024-03-21 08:00:00,2202.0,2101.0195
2024-03-21 09:00:00,1512.0,1537.4412
2024-03-21 10:00:00,1392.0,1442.2837
2024-03-21 11:00:00,1499.0,1481.7705
2024-03-21 12:00:00,1526.0,1522.2388
2024-03-21 13:00:00,1602.0,1566.3931
2024-03-21 14:00:00,1541.0,1608.9479
2024-03-21 15:00:00,1673.0,1739.1198
2024-03-21 16:00:00,1836.0,1979.373
2024-03-21 17:00:00,2128.0,2170.6738
2024-03-21 18:00:00,1717.0,1749.1958
2024-03-21 19:00:00,1002.0,1168.812
2024-03-21 20:00:00,665.0,766.98553
2024-03-21 21:00:00,557.0,591.1182
2024-03-21 22:00:00,474.0,502.9555
2024-03-21 23:00:00,249.0,279.74
2024-03-22 00:00:00,134.0,139.90204
2024-03-22 01:00:00,78.0,65.163086
2024-03-22 02:00:00,98.0,69.47839
2024-03-22 03:00:00,109.0,90.585205
2024-03-22 04:00:00,230.0,301.11743
2024-03-22 05:00:00,823.0,892.9615
2024-03-22 06:00:00,2319.0,2316.6902
2024-03-22 07:00:00,2509.0,2624.799
2024-03-22 08:00:00,1917.0,1953.5173
2024-03-22 09:00:00,1565.0,1517.136
2024-03-22 10:00:00,1476.0,1482.5735
2024-03-22 11:00:00,1551.0,1520.115
2024-03-22 12:00:00,1555.0,1573.5121
2024-03-22 13:00:00,1709.0,1636.3451
2024-03-22 14:00:00,1805.0,1744.491
2024-03-22 15:00:00,2074.0,1929.2058
2024-03-22 16:00:00,2109.0,2092.5735
2024-03-22 17:00:00,2243.0,2194.6223
2024-03-22 18:00:00,1788.0,1836.1221
2024-03-22 19:00:00,1263.0,1273.0723
2024-03-22 20:00:00,909.0,891.80615
2024-03-22 21:00:00,652.0,664.4173
2024-03-22 22:00:00,649.0,571.0502
2024-03-22 23:00:00,434.0,442.0534
2024-03-23 00:00:00,256.0,297.96735
2024-03-23 01:00:00,139.0,176.03485
2024-03-23 02:00:00,119.0,134.82751
2024-03-23 03:00:00,97.0,129.63837
2024-03-23 04:00:00,190.0,153.70776
2024-03-23 05:00:00,250.0,238.10004
2024-03-23 06:00:00,599.0,431.30713
2024-03-23 07:00:00,958.0,786.5159
2024-03-23 08:00:00,1390.0,1050.717
2024-03-23 09:00:00,1602.0,1417.6827
2024-03-23 10:00:00,1875.0,1687.2247
2024-03-23 11:00:00,2013.0,1894.2849
2024-03-23 12:00:00,2046.0,1947.6238
2024-03-23 13:00:00,1936.0,1977.4397
2024-03-23 14:00:00,1934.0,2031.2656
2024-03-23 15:00:00,1973.0,2103.5784
2024-03-23 16:00:00,1940.0,2214.1594
2024-03-23 17:00:00,2061.0,2253.8755
2024-03-23 18:00:00,1586.0,1865.0922
2024-03-23 19:00:00,959.0,1108.1177
2024-03-23 20:00:00,791.0,859.6105
2024-03-23 21:00:00,733.0,792.6781
2024-03-23 22:00:00,724.0,695.4094
2024-03-23 23:00:00,610.0,535.05206
2024-03-24 00:00:00,472.0,265.8106
2024-03-24 01:00:00,282.0,223.64014
2024-03-24 02:00:00,152.0,184.97852
2024-03-24 03:00:00,102.0,161.76941
2024-03-24 04:00:00,116.0,143.08142
2024-03-24 05:00:00,107.0,154.89215
2024-03-24 06:00:00,191.0,206.2992
2024-03-24 07:00:00,279.0,325.14978
2024-03-24 08:00:00,638.0,523.53644
2024-03-24 09:00:00,1116.0,900.634
2024-03-24 10:00:00,1379.0,1255.4908
2024-03-24 11:00:00,1956.0,1527.7113
2024-03-24 12:00:00,2015.0,1729.7214
2024-03-24 13:00:00,1891.0,1917.9644
2024-03-24 14:00:00,2297.0,2017.301
2024-03-24 15:00:00,2449.0,2288.8647
2024-03-24 16:00:00,2223.0,2559.094
2024-03-24 17:00:00,2235.0,2582.7842
2024-03-24 18:00:00,1811.0,2330.8564
2024-03-24 19:00:00,1315.0,1950.2537
2024-03-24 20:00:00,1138.0,1628.6521
2024-03-24 21:00:00,856.0,1212.8855
2024-03-24 22:00:00,409.0,583.74396
2024-03-24 23:00:00,216.0,317.87177
2024-03-25 00:00:00,67.0,79.710815
2024-03-25 01:00:00,53.0,59.660645
2024-03-25 02:00:00,63.0,64.95288
2024-03-25 03:00:00,79.0,86.29541
2024-03-25 04:00:00,228.0,214.4903
2024-03-25 05:00:00,1062.0,960.47876
2024-03-25 06:00:00,2685.0,2565.2302
2024-03-25 07:00:00,2865.0,2694.7588
2024-03-25 08:00:00,2002.0,1832.0715
2024-03-25 09:00:00,1461.0,1454.38
2024-03-25 10:00:00,1408.0,1444.5393
2024-03-25 11:00:00,1462.0,1455.0579
2024-03-25 12:00:00,1413.0,1472.9939
2024-03-25 13:00:00,1534.0,1496.866
2024-03-25 14:00:00,1539.0,1529.6562
2024-03-25 15:00:00,1672.0,1641.4546
2024-03-25 16:00:00,1925.0,1857.4192
2024-03-25 17:00:00,2117.0,2056.1387
2024-03-25 18:00:00,1864.0,1714.842
2024-03-25 19:00:00,1038.0,1133.631
2024-03-25 20:00:00,651.0,717.30176
2024-03-25 21:00:00,485.0,533.6962
2024-03-25 22:00:00,360.0,390.6601
2024-03-25 23:00:00,176.0,178.77026
2024-03-26 00:00:00,70.0,83.50476
2024-03-26 01:00:00,51.0,56.552002
2024-03-26 02:00:00,66.0,59.26245
2024-03-26 03:00:00,77.0,80.93799
2024-03-26 04:00:00,222.0,220.5299
2024-03-26 05:00:00,989.0,963.21075
2024-03-26 06:00:00,2673.0,2563.2036
2024-03-26 07:00:00,2941.0,2736.9854
2024-03-26 08:00:00,2161.0,1864.4995
2024-03-26 09:00:00,1472.0,1457.3936
2024-03-26 10:00:00,1453.0,1441.7773
2024-03-26 11:00:00,1461.0,1460.9609
2024-03-26 12:00:00,1434.0,1485.9951
2024-03-26 13:00:00,1549.0,1511.0493
2024-03-26 14:00:00,1555.0,1548.0037
2024-03-26 15:00:00,1608.0,1667.2827
2024-03-26 16:00:00,1855.0,1882.0974
2024-03-26 17:00:00,2093.0,2091.8916
2024-03-26 18:00:00,1721.0,1742.7666
2024-03-26 19:00:00,1047.0,1192.9524
2024-03-26 20:00:00,666.0,754.5963
2024-03-26 21:00:00,519.0,567.07996
2024-03-26 22:00:00,429.0,436.29962
2024-03-26 23:00:00,246.0,228.00757
2024-03-27 00:00:00,103.0,93.4386
2024-03-27 01:00:00,50.0,60.322876
2024-03-27 02:00:00,55.0,62.462646
2024-03-27 03:00:00,82.0,86.96362
2024-03-27 04:00:00,211.0,296.18726
2024-03-27 05:00:00,979.0,1016.87573
2024-03-27 06:00:00,2580.0,2565.0635
2024-03-27 07:00:00,2856.0,2695.3994
2024-03-27 08:00:00,2059.0,1837.6956
2024-03-27 09:00:00,1561.0,1473.8608
2024-03-27 10:00:00,1472.0,1453.0488
2024-03-27 11:00:00,1508.0,1475.2839
2024-03-27 12:00:00,1670.0,1504.9355
2024-03-27 13:00:00,1715.0,1536.9681
2024-03-27 14:00:00,1625.0,1572.3676
2024-03-27 15:00:00,1767.0,1683.8468
2024-03-27 16:00:00,1924.0,1829.0519
2024-03-27 17:00:00,2059.0,2050.6475
2024-03-27 18:00:00,1679.0,1759.3328
2024-03-27 19:00:00,1020.0,1168.302
2024-03-27 20:00:00,747.0,708.96265
2024-03-27 21:00:00,582.0,552.7186
2024-03-27 22:00:00,461.0,421.98456
2024-03-27 23:00:00,255.0,193.39404
2024-03-28 00:00:00,204.0,89.243164
2024-03-28 01:00:00,80.0,57.162354
2024-03-28 02:00:00,65.0,63.023926
2024-03-28 03:00:00,82.0,84.61377
2024-03-28 04:00:00,246.0,275.75006
2024-03-28 05:00:00,901.0,1015.0579
2024-03-28 06:00:00,2257.0,2494.0513
2024-03-28 07:00:00,2418.0,2645.9434
2024-03-28 08:00:00,1816.0,1904.9432
2024-03-28 09:00:00,1497.0,1470.1864
2024-03-28 10:00:00,1438.0,1443.2247
2024-03-28 11:00:00,1522.0,1491.489
2024-03-28 12:00:00,1593.0,1532.3766
2024-03-28 13:00:00,1680.0,1575.594
2024-03-28 14:00:00,1773.0,1630.5034
2024-03-28 15:00:00,1796.0,1770.332
2024-03-28 16:00:00,1885.0,1986.9902
2024-03-28 17:00:00,2060.0,2156.6394
2024-03-28 18:00:00,1642.0,1814.2964
2024-03-28 19:00:00,1229.0,1228.7233
2024-03-28 20:00:00,886.0,790.71857
2024-03-28 21:00:00,636.0,596.37933
2024-03-28 22:00:00,545.0,495.79553
2024-03-28 23:00:00,360.0,277.44476
2024-03-29 00:00:00,236.0,384.65332
2024-03-29 01:00:00,130.0,297.58844
2024-03-29 02:00:00,104.0,248.93872
2024-03-29 03:00:00,119.0,222.91882
2024-03-29 04:00:00,177.0,200.00769
2024-03-29 05:00:00,174.0,188.32056
2024-03-29 06:00:00,240.0,220.50317
2024-03-29 07:00:00,387.0,364.08264
2024-03-29 08:00:00,746.0,636.4802
2024-03-29 09:00:00,1257.0,881.29626
2024-03-29 10:00:00,1573.0,1050.0203
2024-03-29 11:00:00,1534.0,1155.3595
2024-03-29 12:00:00,1416.0,1258.267
2024-03-29 13:00:00,1442.0,1339.6376
2024-03-29 14:00:00,1571.0,1394.5304
2024-03-29 15:00:00,1744.0,1419.8694
2024-03-29 16:00:00,1887.0,1433.8306
2024-03-29 17:00:00,1861.0,1449.2439
2024-03-29 18:00:00,1440.0,1385.4556
2024-03-29 19:00:00,966.0,1236.1239
2024-03-29 20:00:00,755.0,1055.6146
2024-03-29 21:00:00,674.0,882.9772
2024-03-29 22:00:00,461.0,719.20056
2024-03-29 23:00:00,337.0,553.7742
2024-03-30 00:00:00,214.0,244.58588
2024-03-30 01:00:00,141.0,127.75641
2024-03-30 02:00:00,99.0,112.67944
2024-03-30 03:00:00,101.0,119.37866
2024-03-30 04:00:00,159.0,156.20612
2024-03-30 05:00:00,169.0,274.5614
2024-03-30 06:00:00,360.0,443.90845
2024-03-30 07:00:00,563.0,735.52515
2024-03-30 08:00:00,942.0,1111.3796
2024-03-30 09:00:00,1442.0,1497.8096
2024-03-30 10:00:00,1797.0,1767.1494
2024-03-30 11:00:00,1900.0,1885.1893
2024-03-30 12:00:00,1756.0,1920.0864
2024-03-30 13:00:00,1847.0,1956.3701
2024-03-30 14:00:00,1889.0,2011.0828
2024-03-30 15:00:00,1878.0,2084.3682
2024-03-30 16:00:00,1955.0,2174.5254
2024-03-30 17:00:00,1961.0,2206.398
2024-03-30 18:00:00,1561.0,1847.6912
2024-03-30 19:00:00,1013.0,1241.701
2024-03-30 20:00:00,795.0,955.7289
2024-03-30 21:00:00,694.0,833.9417
2024-03-30 22:00:00,599.0,718.558
2024-03-30 23:00:00,440.0,476.12823
2024-03-31 00:00:00,300.0,202.93353
2024-03-31 01:00:00,172.0,163.62604
2024-03-31 02:00:00,0.0,142.65656
2024-03-31 03:00:00,159.0,130.12445
2024-03-31 04:00:00,155.0,140.76819
2024-03-31 05:00:00,132.0,163.19049
2024-03-31 06:00:00,141.0,225.9491
2024-03-31 07:00:00,165.0,339.71515
2024-03-31 08:00:00,475.0,625.02435
2024-03-31 09:00:00,1019.0,1070.4165
2024-03-31 10:00:00,1622.0,1362.1412
2024-03-31 11:00:00,1726.0,1620.6462
2024-03-31 12:00:00,1842.0,1757.8918
2024-03-31 13:00:00,2047.0,1876.9678
2024-03-31 14:00:00,2058.0,1986.4829
2024-03-31 15:00:00,2158.0,2202.8357
2024-03-31 16:00:00,2430.0,2399.6172
2024-03-31 17:00:00,2594.0,2434.685
2024-03-31 18:00:00,2156.0,2145.31
2024-03-31 19:00:00,1610.0,1678.893
2024-03-31 20:00:00,1328.0,1317.9841
2024-03-31 21:00:00,1051.0,1016.1587
2024-03-31 22:00:00,685.0,627.94855
2024-03-31 23:00:00,461.0,325.76727
2024-04-01 00:00:00,278.0,474.81067
2024-04-01 01:00:00,185.0,319.08868
2024-04-01 02:00:00,95.0,246.40771
2024-04-01 03:00:00,96.0,209.54333
2024-04-01 04:00:00,137.0,191.9762
2024-04-01 05:00:00,123.0,195.35541
2024-04-01 06:00:00,177.0,254.88489
2024-04-01 07:00:00,231.0,349.70593
2024-04-01 08:00:00,429.0,600.6748
2024-04-01 09:00:00,959.0,936.6497
2024-04-01 10:00:00,1510.0,1304.8955
2024-04-01 11:00:00,2121.0,1631.7124
2024-04-01 12:00:00,2514.0,1901.5238
2024-04-01 13:00:00,2637.0,2097.805
2024-04-01 14:00:00,2701.0,2258.8286
2024-04-01 15:00:00,2596.0,2361.833
2024-04-01 16:00:00,2597.0,2376.871
2024-04-01 17:00:00,2313.0,2274.6729
2024-04-01 18:00:00,1954.0,2064.6438
2024-04-01 19:00:00,1471.0,1863.8091
2024-04-01 20:00:00,1234.0,1659.927
2024-04-01 21:00:00,1075.0,1257.574
2024-04-01 22:00:00,689.0,898.7004
2024-04-01 23:00:00,288.0,640.67834
2024-04-02 00:00:00,155.0,88.75281
2024-04-02 01:00:00,76.0,69.78772
2024-04-02 02:00:00,70.0,75.77075
2024-04-02 03:00:00,81.0,99.046875
2024-04-02 04:00:00,255.0,304.14136
2024-04-02 05:00:00,1073.0,1018.2577
2024-04-02 06:00:00,2496.0,2382.6768
2024-04-02 07:00:00,2785.0,2580.0908
2024-04-02 08:00:00,2087.0,1865.6056
2024-04-02 09:00:00,1444.0,1475.8821
2024-04-02 10:00:00,1233.0,1452.8833
2024-04-02 11:00:00,1408.0,1480.239
2024-04-02 12:00:00,1565.0,1505.7434
2024-04-02 13:00:00,1585.0,1534.2948
2024-04-02 14:00:00,1527.0,1561.9343
2024-04-02 15:00:00,1639.0,1645.1284
2024-04-02 16:00:00,1832.0,1839.0253
2024-04-02 17:00:00,2057.0,2064.6838
2024-04-02 18:00:00,1596.0,1789.7397
2024-04-02 19:00:00,1172.0,1155.5431
2024-04-02 20:00:00,692.0,732.3387
2024-04-02 21:00:00,575.0,556.3645
2024-04-02 22:00:00,408.0,398.44623
2024-04-02 23:00:00,199.0,176.07324
2024-04-03 00:00:00,115.0,92.73877
2024-04-03 01:00:00,76.0,69.53406
2024-04-03 02:00:00,62.0,77.74841
2024-04-03 03:00:00,92.0,103.03308
2024-04-03 04:00:00,208.0,311.82062
2024-04-03 05:00:00,950.0,1010.23334
2024-04-03 06:00:00,2459.0,2351.0151
2024-04-03 07:00:00,2749.0,2514.9429
2024-04-03 08:00:00,1899.0,1841.2714
2024-04-03 09:00:00,1534.0,1471.6573
2024-04-03 10:00:00,1354.0,1460.958
2024-04-03 11:00:00,1494.0,1493.6741
2024-04-03 12:00:00,1458.0,1521.1982
2024-04-03 13:00:00,1580.0,1550.3796
2024-04-03 14:00:00,1589.0,1585.1201
2024-04-03 15:00:00,1638.0,1670.8838
2024-04-03 16:00:00,1843.0,1861.0186
2024-04-03 17:00:00,2163.0,2079.9026
2024-04-03 18:00:00,1724.0,1824.8923
2024-04-03 19:00:00,1088.0,1187.6571
2024-04-03 20:00:00,657.0,762.2051
2024-04-03 21:00:00,552.0,580.88696
2024-04-03 22:00:00,434.0,453.66754
2024-04-03 23:00:00,211.0,226.72137
2024-04-04 00:00:00,101.0,157.73004
2024-04-04 01:00:00,79.0,91.28088
2024-04-04 02:00:00,73.0,92.19275
2024-04-04 03:00:00,80.0,119.08533
2024-04-04 04:00:00,214.0,368.97986
2024-04-04 05:00:00,937.0,1133.1322
2024-04-04 06:00:00,2513.0,2445.132
2024-04-04 07:00:00,2777.0,2395.4067
2024-04-04 08:00:00,2097.0,1753.9873
2024-04-04 09:00:00,1521.0,1449.1155
2024-04-04 10:00:00,1354.0,1463.551
2024-04-04 11:00:00,1427.0,1493.9493
2024-04-04 12:00:00,1396.0,1528.3762
2024-04-04 13:00:00,1468.0,1558.8162
2024-04-04 14:00:00,1535.0,1588.1134
2024-04-04 15:00:00,1671.0,1651.0022
2024-04-04 16:00:00,1749.0,1813.5405
2024-04-04 17:00:00,2053.0,2028.6667
2024-04-04 18:00:00,1692.0,1807.3392
2024-04-04 19:00:00,1093.0,1203.9604
2024-04-04 20:00:00,700.0,767.4131
2024-04-04 21:00:00,623.0,581.10834
2024-04-04 22:00:00,469.0,477.85492
2024-04-04 23:00:00,258.0,313.82062
2024-04-05 00:00:00,131.0,171.74951
2024-04-05 01:00:00,71.0,110.50183
2024-04-05 02:00:00,76.0,108.10315
2024-04-05 03:00:00,79.0,135.44037
2024-04-05 04:00:00,208.0,367.38684
2024-04-05 05:00:00,813.0,859.6898
2024-04-05 06:00:00,2124.0,1901.513
2024-04-05 07:00:00,2252.0,2271.7317
2024-04-05 08:00:00,1811.0,1786.2838
2024-04-05 09:00:00,1460.0,1521.1116
2024-04-05 10:00:00,1535.0,1505.9637
2024-04-05 11:00:00,1615.0,1543.551
2024-04-05 12:00:00,1478.0,1593.4807
2024-04-05 13:00:00,1630.0,1645.0149
2024-04-05 14:00:00,1772.0,1736.6898
2024-04-05 15:00:00,1899.0,1918.2927
2024-04-05 16:00:00,2085.0,2084.0986
2024-04-05 17:00:00,2213.0,2184.945
2024-04-05 18:00:00,1972.0,1902.0199
2024-04-05 19:00:00,1275.0,1373.8683
2024-04-05 20:00:00,885.0,948.9646
2024-04-05 21:00:00,768.0,699.1718
2024-04-05 22:00:00,614.0,579.85455
2024-04-05 23:00:00,467.0,404.02545
2024-04-06 00:00:00,257.0,187.82385
2024-04-06 01:00:00,138.0,108.954956
2024-04-06 02:00:00,106.0,100.98938
2024-04-06 03:00:00,119.0,108.25745
2024-04-06 04:00:00,188.0,152.86853
2024-04-06 05:00:00,233.0,275.15607
2024-04-06 06:00:00,500.0,546.75055
2024-04-06 07:00:00,1040.0,883.37256
2024-04-06 08:00:00,1362.0,1171.5707
2024-04-06 09:00:00,1653.0,1508.281
2024-04-06 10:00:00,1902.0,1730.4668
2024-04-06 11:00:00,1876.0,1862.9619
2024-04-06 12:00:00,1894.0,1912.3041
2024-04-06 13:00:00,1930.0,1949.3357
2024-04-06 14:00:00,1883.0,1996.8052
2024-04-06 15:00:00,1963.0,2056.384
2024-04-06 16:00:00,2006.0,2142.4175
2024-04-06 17:00:00,2158.0,2163.5503
2024-04-06 18:00:00,1895.0,1841.7908
2024-04-06 19:00:00,1300.0,1345.9724
2024-04-06 20:00:00,990.0,968.5835
2024-04-06 21:00:00,867.0,811.0857
2024-04-06 22:00:00,765.0,708.11523
2024-04-06 23:00:00,564.0,501.8736
2024-04-07 00:00:00,418.0,198.99866
2024-04-07 01:00:00,200.0,163.91663
2024-04-07 02:00:00,125.0,142.76044
2024-04-07 03:00:00,130.0,131.86877
2024-04-07 04:00:00,163.0,141.51685
2024-04-07 05:00:00,130.0,179.71521
2024-04-07 06:00:00,206.0,230.57568
2024-04-07 07:00:00,393.0,348.88452
2024-04-07 08:00:00,627.0,659.646
2024-04-07 09:00:00,1097.0,1090.3098
2024-04-07 10:00:00,1375.0,1395.0626
2024-04-07 11:00:00,1586.0,1634.8604
2024-04-07 12:00:00,1742.0,1786.1348
2024-04-07 13:00:00,1993.0,1923.7314
2024-04-07 14:00:00,2072.0,2080.3396
2024-04-07 15:00:00,2277.0,2235.579
2024-04-07 16:00:00,2469.0,2454.5332
2024-04-07 17:00:00,2476.0,2529.2485
2024-04-07 18:00:00,2075.0,2341.2258
2024-04-07 19:00:00,1631.0,1913.6073
2024-04-07 20:00:00,1360.0,1499.3279
2024-04-07 21:00:00,904.0,1129.1965
2024-04-07 22:00:00,512.0,601.69617
2024-04-07 23:00:00,319.0,292.43567
2024-04-08 00:00:00,138.0,114.168335
2024-04-08 01:00:00,73.0,73.44104
2024-04-08 02:00:00,65.0,79.62952
2024-04-08 03:00:00,96.0,137.54053
2024-04-08 04:00:00,231.0,497.81628
2024-04-08 05:00:00,1134.0,1228.0815
2024-04-08 06:00:00,2640.0,2495.418
2024-04-08 07:00:00,2760.0,2581.7612
2024-04-08 08:00:00,2062.0,1960.6396
2024-04-08 09:00:00,1498.0,1542.58
2024-04-08 10:00:00,1376.0,1442.9163
2024-04-08 11:00:00,1462.0,1463.0337
2024-04-08 12:00:00,1418.0,1492.4515
2024-04-08 13:00:00,1487.0,1524.343
2024-04-08 14:00:00,1509.0,1568.6115
2024-04-08 15:00:00,1675.0,1686.2795
2024-04-08 16:00:00,1725.0,1875.5537
2024-04-08 17:00:00,2067.0,2090.8047
2024-04-08 18:00:00,1706.0,1795.0383
2024-04-08 19:00:00,1102.0,1184.3398
2024-04-08 20:00:00,714.0,788.71606
2024-04-08 21:00:00,533.0,574.92065
2024-04-08 22:00:00,364.0,408.7522
2024-04-08 23:00:00,228.0,221.62433
2024-04-09 00:00:00,116.0,124.85474
2024-04-09 01:00:00,117.0,83.6593
2024-04-09 02:00:00,103.0,82.75903
2024-04-09 03:00:00,95.0,137.90796
2024-04-09 04:00:00,235.0,475.3258
2024-04-09 05:00:00,1047.0,1185.2555
2024-04-09 06:00:00,2637.0,2500.4504
2024-04-09 07:00:00,2954.0,2603.8647
2024-04-09 08:00:00,2084.0,1949.1719
2024-04-09 09:00:00,1545.0,1512.2114
2024-04-09 10:00:00,1420.0,1435.7672
2024-04-09 11:00:00,1461.0,1454.2521
2024-04-09 12:00:00,1474.0,1477.0758
2024-04-09 13:00:00,1549.0,1507.4551
2024-04-09 14:00:00,1496.0,1553.0806
2024-04-09 15:00:00,1604.0,1654.6685
2024-04-09 16:00:00,1832.0,1846.1313
2024-04-09 17:00:00,2073.0,2055.5898
2024-04-09 18:00:00,1596.0,1723.4675
2024-04-09 19:00:00,1023.0,1070.9535
2024-04-09 20:00:00,640.0,685.00055
2024-04-09 21:00:00,492.0,532.1905
2024-04-09 22:00:00,367.0,401.48035
2024-04-09 23:00:00,236.0,192.69226
2024-04-10 00:00:00,123.0,104.727295
2024-04-10 01:00:00,93.0,65.26758
2024-04-10 02:00:00,75.0,65.49194
2024-04-10 03:00:00,90.0,94.028076
2024-04-10 04:00:00,223.0,312.81226
2024-04-10 05:00:00,956.0,1040.1339
2024-04-10 06:00:00,2584.0,2436.2808
2024-04-10 07:00:00,2790.0,2546.3633
2024-04-10 08:00:00,1998.0,1894.1688
2024-04-10 09:00:00,1565.0,1516.4185
2024-04-10 10:00:00,1466.0,1444.0685
2024-04-10 11:00:00,1492.0,1457.0916
2024-04-10 12:00:00,1464.0,1498.8539
2024-04-10 13:00:00,1561.0,1532.1733
2024-04-10 14:00:00,1689.0,1581.4038
2024-04-10 15:00:00,1776.0,1695.7474
2024-04-10 16:00:00,1870.0,1901.6658
2024-04-10 17:00:00,2201.0,2103.4487
2024-04-10 18:00:00,1773.0,1793.7085
2024-04-10 19:00:00,1142.0,1149.596
2024-04-10 20:00:00,741.0,725.8811
2024-04-10 21:00:00,610.0,562.18414
2024-04-10 22:00:00,476.0,436.67212
2024-04-10 23:00:00,282.0,226.79614
2024-04-11 00:00:00,117.0,119.37329
2024-04-11 01:00:00,107.0,70.26245
2024-04-11 02:00:00,95.0,72.25159
2024-04-11 03:00:00,84.0,99.503784
2024-04-11 04:00:00,196.0,308.0338
2024-04-11 05:00:00,1014.0,988.1841
2024-04-11 06:00:00,2539.0,2310.5906
2024-04-11 07:00:00,2886.0,2409.3425
2024-04-11 08:00:00,2027.0,1870.0166
2024-04-11 09:00:00,1494.0,1564.0037
2024-04-11 10:00:00,1492.0,1478.3645
2024-04-11 11:00:00,1416.0,1496.1719
2024-04-11 12:00:00,1390.0,1536.7109
2024-04-11 13:00:00,1483.0,1584.5242
2024-04-11 14:00:00,1575.0,1668.0809
2024-04-11 15:00:00,1768.0,1816.956
2024-04-11 16:00:00,1960.0,2010.6649
2024-04-11 17:00:00,2202.0,2173.434
2024-04-11 18:00:00,1755.0,1855.5402
2024-04-11 19:00:00,1151.0,1254.9998
2024-04-11 20:00:00,748.0,815.803
2024-04-11 21:00:00,640.0,605.33606
2024-04-11 22:00:00,510.0,495.45856
2024-04-11 23:00:00,279.0,303.8307
2024-04-12 00:00:00,222.0,155.75226
2024-04-12 01:00:00,189.0,91.701904
2024-04-12 02:00:00,130.0,91.1626
2024-04-12 03:00:00,151.0,118.78076
2024-04-12 04:00:00,248.0,341.93384
2024-04-12 05:00:00,838.0,1006.2841
2024-04-12 06:00:00,2265.0,2140.2659
2024-04-12 07:00:00,2410.0,2225.874
2024-04-12 08:00:00,1772.0,1799.3505
2024-04-12 09:00:00,1550.0,1559.9023
2024-04-12 10:00:00,1542.0,1514.6544
2024-04-12 11:00:00,1543.0,1546.6287
2024-04-12 12:00:00,1621.0,1599.5928
2024-04-12 13:00:00,1638.0,1669.6656
2024-04-12 14:00:00,1734.0,1772.7485
2024-04-12 15:00:00,1990.0,1934.5574
2024-04-12 16:00:00,2166.0,2095.7432
2024-04-12 17:00:00,2212.0,2211.6445
2024-04-12 18:00:00,1913.0,1906.9509
2024-04-12 19:00:00,1336.0,1391.0995
2024-04-12 20:00:00,972.0,964.7168
2024-04-12 21:00:00,729.0,680.93665
2024-04-12 22:00:00,655.0,580.08685
2024-04-12 23:00:00,392.0,411.16034
2024-04-13 00:00:00,229.0,203.1831
2024-04-13 01:00:00,165.0,142.66016
2024-04-13 02:00:00,126.0,123.513916
2024-04-13 03:00:00,89.0,122.47717
2024-04-13 04:00:00,154.0,149.40204
2024-04-13 05:00:00,248.0,242.18414
2024-04-13 06:00:00,520.0,471.51465
2024-04-13 07:00:00,976.0,871.8452
2024-04-13 08:00:00,1451.0,1114.3431
2024-04-13 09:00:00,1684.0,1446.8011
2024-04-13 10:00:00,1785.0,1722.5706
2024-04-13 11:00:00,1831.0,1845.498
2024-04-13 12:00:00,1888.0,1909.9487
2024-04-13 13:00:00,1899.0,1960.7708
2024-04-13 14:00:00,1918.0,2028.0696
2024-04-13 15:00:00,1872.0,2111.9805
2024-04-13 16:00:00,1929.0,2214.8188
2024-04-13 17:00:00,1973.0,2160.3928
2024-04-13 18:00:00,1698.0,1831.2834
2024-04-13 19:00:00,1220.0,1287.0135
2024-04-13 20:00:00,1044.0,912.5543
2024-04-13 21:00:00,866.0,788.02344
2024-04-13 22:00:00,777.0,705.35657
2024-04-13 23:00:00,621.0,443.77692
2024-04-14 00:00:00,336.0,229.92444
2024-04-14 01:00:00,191.0,195.03156
2024-04-14 02:00:00,137.0,169.82196
2024-04-14 03:00:00,124.0,153.92041
2024-04-14 04:00:00,154.0,136.38983
2024-04-14 05:00:00,110.0,158.44464
2024-04-14 06:00:00,223.0,304.01172
2024-04-14 07:00:00,311.0,454.02032
2024-04-14 08:00:00,631.0,717.59625
2024-04-14 09:00:00,1122.0,1068.9696
2024-04-14 10:00:00,1334.0,1382.8019
2024-04-14 11:00:00,1477.0,1601.4829
2024-04-14 12:00:00,1664.0,1751.9523
2024-04-14 13:00:00,1772.0,1866.32
2024-04-14 14:00:00,1885.0,2027.9741
2024-04-14 15:00:00,2110.0,2242.9038
2024-04-14 16:00:00,2337.0,2417.2988
2024-04-14 17:00:00,2446.0,2368.257
2024-04-14 18:00:00,2087.0,2133.8628
2024-04-14 19:00:00,1667.0,1686.5781
2024-04-14 20:00:00,1501.0,1271.9292
2024-04-14 21:00:00,1092.0,912.3869
2024-04-14 22:00:00,526.0,480.30798
2024-04-14 23:00:00,250.0,289.29163
2024-04-15 00:00:00,131.0,104.45569
2024-04-15 01:00:00,74.0,74.70093
2024-04-15 02:00:00,50.0,69.55298
2024-04-15 03:00:00,85.0,102.16272
2024-04-15 04:00:00,227.0,365.36627
2024-04-15 05:00:00,995.0,1121.238
2024-04-15 06:00:00,2443.0,2514.7954
2024-04-15 07:00:00,2567.0,2547.2476
2024-04-15 08:00:00,1965.0,1894.0728
2024-04-15 09:00:00,1473.0,1483.3411
2024-04-15 10:00:00,1420.0,1434.3002
2024-04-15 11:00:00,1421.0,1450.265
2024-04-15 12:00:00,1461.0,1480.4172
2024-04-15 13:00:00,1522.0,1508.6138
2024-04-15 14:00:00,1555.0,1575.9524
2024-04-15 15:00:00,1627.0,1721.0476
2024-04-15 16:00:00,1870.0,1948.3591
2024-04-15 17:00:00,2129.0,2122.5916
2024-04-15 18:00:00,1592.0,1836.856
2024-04-15 19:00:00,1026.0,1205.8105
2024-04-15 20:00:00,691.0,754.8577
2024-04-15 21:00:00,519.0,537.6675
2024-04-15 22:00:00,352.0,387.7155
2024-04-15 23:00:00,214.0,197.15918
2024-04-16 00:00:00,126.0,104.677124
2024-04-16 01:00:00,119.0,67.143555
2024-04-16 02:00:00,91.0,53.89966
2024-04-16 03:00:00,122.0,75.78906
2024-04-16 04:00:00,219.0,278.1654
2024-04-16 05:00:00,1001.0,1044.3558
2024-04-16 06:00:00,2583.0,2548.5227
2024-04-16 07:00:00,2933.0,2607.5818
2024-04-16 08:00:00,2188.0,1999.8623
2024-04-16 09:00:00,1553.0,1555.7532
2024-04-16 10:00:00,1374.0,1448.404
2024-04-16 11:00:00,1337.0,1447.087
2024-04-16 12:00:00,1408.0,1470.8857
2024-04-16 13:00:00,1486.0,1503.3408
2024-04-16 14:00:00,1470.0,1562.0674
2024-04-16 15:00:00,1528.0,1696.0005
2024-04-16 16:00:00,1825.0,1900.3944
2024-04-16 17:00:00,2077.0,2102.4546
2024-04-16 18:00:00,1677.0,1812.7053
2024-04-16 19:00:00,987.0,1071.1663
2024-04-16 20:00:00,630.0,662.4029
2024-04-16 21:00:00,524.0,505.3037
2024-04-16 22:00:00,355.0,367.41907
2024-04-16 23:00:00,200.0,178.71967
2024-04-17 00:00:00,114.0,88.72998
2024-04-17 01:00:00,105.0,52.27588
2024-04-17 02:00:00,88.0,53.38159
2024-04-17 03:00:00,85.0,78.45398
2024-04-17 04:00:00,222.0,282.39862
2024-04-17 05:00:00,993.0,1053.5481
2024-04-17 06:00:00,2547.0,2532.9688
2024-04-17 07:00:00,2823.0,2626.6772
2024-04-17 08:00:00,2033.0,1930.2177
2024-04-17 09:00:00,1464.0,1483.2212
2024-04-17 10:00:00,1371.0,1421.0928
2024-04-17 11:00:00,1429.0,1448.2852
2024-04-17 12:00:00,1402.0,1486.7283
2024-04-17 13:00:00,1566.0,1520.4468
2024-04-17 14:00:00,1527.0,1561.7776
2024-04-17 15:00:00,1629.0,1687.3315
2024-04-17 16:00:00,1805.0,1938.7542
2024-04-17 17:00:00,2098.0,2155.4287
2024-04-17 18:00:00,1668.0,1865.3855
2024-04-17 19:00:00,977.0,1206.4417
2024-04-17 20:00:00,668.0,667.63184
2024-04-17 21:00:00,559.0,527.45465
2024-04-17 22:00:00,379.0,396.71838
2024-04-17 23:00:00,229.0,184.24084
2024-04-18 00:00:00,135.0,86.04907
2024-04-18 01:00:00,117.0,51.125854
2024-04-18 02:00:00,121.0,57.900146
2024-04-18 03:00:00,102.0,82.15857
2024-04-18 04:00:00,228.0,276.90942
2024-04-18 05:00:00,959.0,985.5143
2024-04-18 06:00:00,2490.0,2420.7646
2024-04-18 07:00:00,2878.0,2535.0464
2024-04-18 08:00:00,2049.0,1935.4885
2024-04-18 09:00:00,1507.0,1515.3494
2024-04-18 10:00:00,1332.0,1431.5557
2024-04-18 11:00:00,1281.0,1464.224
2024-04-18 12:00:00,1369.0,1519.913
2024-04-18 13:00:00,1530.0,1562.8966
2024-04-18 14:00:00,1517.0,1639.5856
2024-04-18 15:00:00,1633.0,1836.1346
2024-04-18 16:00:00,1797.0,2043.832
2024-04-18 17:00:00,2028.0,2206.1895
2024-04-18 18:00:00,1584.0,1927.7701
2024-04-18 19:00:00,1002.0,1296.5153
2024-04-18 20:00:00,704.0,791.4186
2024-04-18 21:00:00,530.0,590.6067
2024-04-18 22:00:00,434.0,472.87268
2024-04-18 23:00:00,260.0,226.50177
2024-04-19 00:00:00,136.0,100.7041
2024-04-19 01:00:00,98.0,61.7782
2024-04-19 02:00:00,96.0,69.81702
2024-04-19 03:00:00,96.0,94.545166
2024-04-19 04:00:00,216.0,258.38074
2024-04-19 05:00:00,834.0,899.0292
2024-04-19 06:00:00,2209.0,2264.2158
2024-04-19 07:00:00,2450.0,2427.5073
2024-04-19 08:00:00,1792.0,1898.5999
2024-04-19 09:00:00,1444.0,1557.2173
2024-04-19 10:00:00,1392.0,1489.4417
2024-04-19 11:00:00,1528.0,1543.1404
2024-04-19 12:00:00,1464.0,1597.4642
2024-04-19 13:00:00,1672.0,1670.5131
2024-04-19 14:00:00,1765.0,1778.6731
2024-04-19 15:00:00,1799.0,1944.3076
2024-04-19 16:00:00,2000.0,2081.504
2024-04-19 17:00:00,2012.0,2197.5898
2024-04-19 18:00:00,1689.0,1900.136
2024-04-19 19:00:00,1177.0,1306.5621
2024-04-19 20:00:00,823.0,842.2065
2024-04-19 21:00:00,632.0,645.0068
2024-04-19 22:00:00,512.0,539.40027
2024-04-19 23:00:00,395.0,323.73846
2024-04-20 00:00:00,250.0,293.24042
2024-04-20 01:00:00,147.0,152.4635
2024-04-20 02:00:00,102.0,102.09375
2024-04-20 03:00:00,101.0,114.37378
2024-04-20 04:00:00,123.0,152.04468
2024-04-20 05:00:00,236.0,262.30768
2024-04-20 06:00:00,517.0,512.1635
2024-04-20 07:00:00,811.0,819.047
2024-04-20 08:00:00,1078.0,1155.7036
2024-04-20 09:00:00,1380.0,1446.0774
2024-04-20 10:00:00,1576.0,1669.5251
2024-04-20 11:00:00,1630.0,1839.693
2024-04-20 12:00:00,1639.0,1905.156
2024-04-20 13:00:00,1731.0,1941.9664
2024-04-20 14:00:00,1833.0,2001.633
2024-04-20 15:00:00,1804.0,2049.0098
2024-04-20 16:00:00,2033.0,2144.6626
2024-04-20 17:00:00,1856.0,2161.1187
2024-04-20 18:00:00,1456.0,1746.2587
2024-04-20 19:00:00,949.0,1095.5372
2024-04-20 20:00:00,742.0,828.3804
2024-04-20 21:00:00,696.0,748.3587
2024-04-20 22:00:00,665.0,708.5278
2024-04-20 23:00:00,569.0,518.4038
2024-04-21 00:00:00,441.0,244.64459
2024-04-21 01:00:00,228.0,199.30438
2024-04-21 02:00:00,154.0,164.64716
2024-04-21 03:00:00,101.0,146.8872
2024-04-21 04:00:00,127.0,135.87494
2024-04-21 05:00:00,135.0,156.21698
2024-04-21 06:00:00,183.0,225.86761
2024-04-21 07:00:00,274.0,317.40192
2024-04-21 08:00:00,532.0,612.21924
2024-04-21 09:00:00,918.0,993.91504
2024-04-21 10:00:00,1082.0,1414.5812
2024-04-21 11:00:00,1279.0,1546.7034
2024-04-21 12:00:00,1368.0,1675.0306
2024-04-21 13:00:00,1490.0,1878.6813
2024-04-21 14:00:00,1585.0,2083.498
2024-04-21 15:00:00,1738.0,2290.4229
2024-04-21 16:00:00,1704.0,2497.0615
2024-04-21 17:00:00,1835.0,2518.7595
2024-04-21 18:00:00,1614.0,2256.4512
2024-04-21 19:00:00,1388.0,1751.414
2024-04-21 20:00:00,1278.0,1314.6565
2024-04-21 21:00:00,961.0,852.75525
2024-04-21 22:00:00,577.0,473.24902
2024-04-21 23:00:00,267.0,291.6148
2024-04-22 00:00:00,115.0,101.13306
2024-04-22 01:00:00,63.0,69.52319
2024-04-22 02:00:00,50.0,59.312866
2024-04-22 03:00:00,77.0,81.48291
2024-04-22 04:00:00,243.0,221.83984
2024-04-22 05:00:00,988.0,995.8795
2024-04-22 06:00:00,2489.0,2582.6035
2024-04-22 07:00:00,2629.0,2539.243
2024-04-22 08:00:00,1980.0,1779.0201
2024-04-22 09:00:00,1351.0,1431.4587
2024-04-22 10:00:00,1272.0,1426.532
2024-04-22 11:00:00,1272.0,1439.7163
2024-04-22 12:00:00,1352.0,1455.0874
2024-04-22 13:00:00,1514.0,1475.4403
2024-04-22 14:00:00,1510.0,1504.9512
2024-04-22 15:00:00,1456.0,1587.7124
2024-04-22 16:00:00,1652.0,1790.5205
2024-04-22 17:00:00,1834.0,2023.5361
2024-04-22 18:00:00,1452.0,1730.7471
2024-04-22 19:00:00,833.0,1135.2206
2024-04-22 20:00:00,543.0,727.70496
2024-04-22 21:00:00,440.0,541.1842
2024-04-22 22:00:00,314.0,392.80365
2024-04-22 23:00:00,144.0,196.94739
2024-04-23 00:00:00,70.0,104.83679
2024-04-23 01:00:00,61.0,72.8866
2024-04-23 02:00:00,42.0,63.99341
2024-04-23 03:00:00,76.0,83.658936
2024-04-23 04:00:00,218.0,229.206
2024-04-23 05:00:00,941.0,985.8005
2024-04-23 06:00:00,2547.0,2569.5508
2024-04-23 07:00:00,2711.0,2664.4673
2024-04-23 08:00:00,2023.0,1854.8853
2024-04-23 09:00:00,1390.0,1449.5144
2024-04-23 10:00:00,1353.0,1431.5889
2024-04-23 11:00:00,1323.0,1445.9065
2024-04-23 12:00:00,1299.0,1463.3706
2024-04-23 13:00:00,1444.0,1485.6864
2024-04-23 14:00:00,1394.0,1524.3513
2024-04-23 15:00:00,1535.0,1618.4094
2024-04-23 16:00:00,1701.0,1813.3645
2024-04-23 17:00:00,1896.0,2041.2416
2024-04-23 18:00:00,1529.0,1728.9626
2024-04-23 19:00:00,888.0,1084.0562
2024-04-23 20:00:00,567.0,730.59753
2024-04-23 21:00:00,484.0,544.4347
2024-04-23 22:00:00,378.0,413.56775
2024-04-23 23:00:00,171.0,212.65082
2024-04-24 00:00:00,88.0,96.74158
2024-04-24 01:00:00,54.0,65.71167
2024-04-24 02:00:00,41.0,60.465942
2024-04-24 03:00:00,82.0,81.02844
2024-04-24 04:00:00,210.0,245.95728
2024-04-24 05:00:00,983.0,983.5428
2024-04-24 06:00:00,2492.0,2567.7368
2024-04-24 07:00:00,2702.0,2724.7432
2024-04-24 08:00:00,1964.0,1939.8591
2024-04-24 09:00:00,1490.0,1476.0913
2024-04-24 10:00:00,1354.0,1447.1449
2024-04-24 11:00:00,1332.0,1463.4915
2024-04-24 12:00:00,1459.0,1489.0209
2024-04-24 13:00:00,1490.0,1524.6615
2024-04-24 14:00:00,1537.0,1557.8248
2024-04-24 15:00:00,1565.0,1669.749
2024-04-24 16:00:00,1868.0,1860.5344
2024-04-24 17:00:00,1965.0,2110.0957
2024-04-24 18:00:00,1568.0,1687.9773
2024-04-24 19:00:00,952.0,1131.3663
2024-04-24 20:00:00,684.0,749.6725
2024-04-24 21:00:00,546.0,560.849
2024-04-24 22:00:00,452.0,451.935
2024-04-24 23:00:00,215.0,225.78754
2024-04-25 00:00:00,101.0,85.16504
2024-04-25 01:00:00,72.0,59.0531
2024-04-25 02:00:00,56.0,63.54065
2024-04-25 03:00:00,73.0,83.3009
2024-04-25 04:00:00,211.0,266.22192
2024-04-25 05:00:00,971.0,993.8935
2024-04-25 06:00:00,2495.0,2515.1294
2024-04-25 07:00:00,2884.0,2707.8135
2024-04-25 08:00:00,2020.0,2008.905
2024-04-25 09:00:00,1574.0,1502.391
2024-04-25 10:00:00,1357.0,1470.3125
2024-04-25 11:00:00,1439.0,1489.81
2024-04-25 12:00:00,1410.0,1521.9728
2024-04-25 13:00:00,1541.0,1562.0118
2024-04-25 14:00:00,1587.0,1620.4357
2024-04-25 15:00:00,1752.0,1766.0789
2024-04-25 16:00:00,1943.0,2006.3696
2024-04-25 17:00:00,2120.0,2196.8872
2024-04-25 18:00:00,1745.0,1795.7565
2024-04-25 19:00:00,1099.0,1195.0338
2024-04-25 20:00:00,699.0,814.51953
2024-04-25 21:00:00,588.0,603.63116
2024-04-25 22:00:00,447.0,503.60193
2024-04-25 23:00:00,274.0,245.06433
2024-04-26 00:00:00,132.0,114.2428
2024-04-26 01:00:00,84.0,67.934814
2024-04-26 02:00:00,56.0,72.18921
2024-04-26 03:00:00,88.0,92.83362
2024-04-26 04:00:00,219.0,284.84705
2024-04-26 05:00:00,837.0,920.52844
2024-04-26 06:00:00,2163.0,2328.35
2024-04-26 07:00:00,2316.0,2519.4146
2024-04-26 08:00:00,1884.0,1836.509
2024-04-26 09:00:00,1487.0,1526.1171
2024-04-26 10:00:00,1466.0,1511.7244
2024-04-26 11:00:00,1497.0,1549.6665
2024-04-26 12:00:00,1589.0,1608.781
2024-04-26 13:00:00,1691.0,1673.0493
2024-04-26 14:00:00,1825.0,1768.8342
2024-04-26 15:00:00,1906.0,1905.5306
2024-04-26 16:00:00,2002.0,2108.562
2024-04-26 17:00:00,2141.0,2221.4585
2024-04-26 18:00:00,1848.0,1913.9529
2024-04-26 19:00:00,1317.0,1349.521
2024-04-26 20:00:00,896.0,940.7257
2024-04-26 21:00:00,730.0,679.9962
2024-04-26 22:00:00,642.0,568.4288
2024-04-26 23:00:00,470.0,416.3495
2024-04-27 00:00:00,255.0,282.1742
2024-04-27 01:00:00,172.0,165.94476
2024-04-27 02:00:00,120.0,131.28546
2024-04-27 03:00:00,127.0,128.15527
2024-04-27 04:00:00,194.0,151.65515
2024-04-27 05:00:00,254.0,226.87329
2024-04-27 06:00:00,582.0,475.6214
2024-04-27 07:00:00,928.0,794.6366
2024-04-27 08:00:00,1274.0,1142.0579
2024-04-27 09:00:00,1602.0,1530.8632
2024-04-27 10:00:00,1704.0,1770.3511
2024-04-27 11:00:00,1763.0,1883.2002
2024-04-27 12:00:00,1792.0,1947.573
2024-04-27 13:00:00,1853.0,1988.9496
2024-04-27 14:00:00,1921.0,2048.8855
2024-04-27 15:00:00,1813.0,2141.7524
2024-04-27 16:00:00,1885.0,2229.7598
2024-04-27 17:00:00,2000.0,2270.4062
2024-04-27 18:00:00,1622.0,2063.0347
2024-04-27 19:00:00,1153.0,1543.213
2024-04-27 20:00:00,942.0,1048.4968
2024-04-27 21:00:00,768.0,855.4708
2024-04-27 22:00:00,715.0,738.76135
2024-04-27 23:00:00,563.0,603.86487
2024-04-28 00:00:00,380.0,266.9319
2024-04-28 01:00:00,215.0,233.51245
2024-04-28 02:00:00,133.0,198.4671
2024-04-28 03:00:00,106.0,173.78113
2024-04-28 04:00:00,170.0,158.01202
2024-04-28 05:00:00,130.0,180.36237
2024-04-28 06:00:00,183.0,245.94733
2024-04-28 07:00:00,299.0,390.24402
2024-04-28 08:00:00,640.0,677.348
2024-04-28 09:00:00,1051.0,1058.54
2024-04-28 10:00:00,1277.0,1412.8962
2024-04-28 11:00:00,1399.0,1640.8474
2024-04-28 12:00:00,1468.0,1826.7249
2024-04-28 13:00:00,1617.0,2002.4761
2024-04-28 14:00:00,1764.0,2196.491
2024-04-28 15:00:00,1986.0,2391.1301
2024-04-28 16:00:00,2082.0,2550.606
2024-04-28 17:00:00,2096.0,2613.1353
2024-04-28 18:00:00,1635.0,2462.296
2024-04-28 19:00:00,1318.0,2083.7817
2024-04-28 20:00:00,1062.0,1680.7776
2024-04-28 21:00:00,793.0,1256.8601
2024-04-28 22:00:00,484.0,679.0463
2024-04-28 23:00:00,234.0,328.37262
2024-04-29 00:00:00,118.0,102.1084
2024-04-29 01:00:00,62.0,68.6156
2024-04-29 02:00:00,67.0,69.04419
2024-04-29 03:00:00,87.0,94.79907
2024-04-29 04:00:00,230.0,298.25574
2024-04-29 05:00:00,1071.0,1076.9347
2024-04-29 06:00:00,2564.0,2563.0464
2024-04-29 07:00:00,2629.0,2538.2354
2024-04-29 08:00:00,1865.0,1768.5137
2024-04-29 09:00:00,1478.0,1432.7671
2024-04-29 10:00:00,1416.0,1423.456
2024-04-29 11:00:00,1384.0,1430.0073
2024-04-29 12:00:00,1394.0,1441.5741
2024-04-29 13:00:00,1382.0,1469.2563
2024-04-29 14:00:00,1448.0,1522.0629
2024-04-29 15:00:00,1475.0,1598.4596
2024-04-29 16:00:00,1718.0,1785.522
2024-04-29 17:00:00,1855.0,2011.7131
2024-04-29 18:00:00,1528.0,1735.0853
2024-04-29 19:00:00,925.0,1183.6184
2024-04-29 20:00:00,724.0,792.8988
2024-04-29 21:00:00,577.0,571.4103
2024-04-29 22:00:00,340.0,403.8874
2024-04-29 23:00:00,172.0,210.836
2024-04-30 00:00:00,83.0,110.374756
2024-04-30 01:00:00,61.0,73.789185
2024-04-30 02:00:00,44.0,69.776855
2024-04-30 03:00:00,85.0,95.46936
2024-04-30 04:00:00,229.0,331.36926
2024-04-30 05:00:00,993.0,1098.6605
2024-04-30 06:00:00,2533.0,2608.9788
2024-04-30 07:00:00,2660.0,2541.0188
2024-04-30 08:00:00,1971.0,1694.5732
2024-04-30 09:00:00,1532.0,1437.9446
2024-04-30 10:00:00,1445.0,1429.7544
2024-04-30 11:00:00,1410.0,1436.2784
2024-04-30 12:00:00,1422.0,1453.6863
2024-04-30 13:00:00,1427.0,1488.6329
2024-04-30 14:00:00,1481.0,1554.6261
2024-04-30 15:00:00,1639.0,1618.0647
2024-04-30 16:00:00,1894.0,1828.2742
2024-04-30 17:00:00,2138.0,2063.7354
2024-04-30 18:00:00,1863.0,1784.261
2024-04-30 19:00:00,1222.0,1213.2094
2024-04-30 20:00:00,648.0,795.135
2024-04-30 21:00:00,534.0,576.48566
2024-04-30 22:00:00,422.0,427.12335
2024-04-30 23:00:00,286.0,233.52478
2024-05-01 00:00:00,129.0,282.6068
2024-05-01 01:00:00,84.0,236.51978
2024-05-01 02:00:00,76.0,216.43689
2024-05-01 03:00:00,101.0,220.13458
2024-05-01 04:00:00,172.0,284.92047
2024-05-01 05:00:00,400.0,410.57465
2024-05-01 06:00:00,896.0,684.787
2024-05-01 07:00:00,1093.0,894.6058
2024-05-01 08:00:00,1086.0,1078.4259
2024-05-01 09:00:00,1113.0,1241.7737
2024-05-01 10:00:00,1232.0,1385.1813
2024-05-01 11:00:00,1353.0,1499.8096
2024-05-01 12:00:00,1376.0,1600.1832
2024-05-01 13:00:00,1488.0,1690.1587
2024-05-01 14:00:00,1692.0,1768.186
2024-05-01 15:00:00,1953.0,1901.198
2024-05-01 16:00:00,2267.0,1977.7931
2024-05-01 17:00:00,2449.0,2064.062
2024-05-01 18:00:00,2150.0,1998.5913
2024-05-01 19:00:00,1367.0,1621.8792
2024-05-01 20:00:00,912.0,1154.2246
2024-05-01 21:00:00,703.0,828.77747
2024-05-01 22:00:00,430.0,568.097
2024-05-01 23:00:00,242.0,377.0786
2024-05-02 00:00:00,107.0,121.18799
2024-05-02 01:00:00,67.0,73.01672
2024-05-02 02:00:00,49.0,72.00745
2024-05-02 03:00:00,79.0,108.77344
2024-05-02 04:00:00,221.0,406.995
2024-05-02 05:00:00,964.0,1071.956
2024-05-02 06:00:00,2508.0,2493.1528
2024-05-02 07:00:00,2652.0,2623.604
2024-05-02 08:00:00,1939.0,1915.1475
2024-05-02 09:00:00,1484.0,1507.5198
2024-05-02 10:00:00,1431.0,1451.7223
2024-05-02 11:00:00,1454.0,1479.1111
2024-05-02 12:00:00,1419.0,1519.4309
2024-05-02 13:00:00,1484.0,1562.3547
2024-05-02 14:00:00,1588.0,1647.7595
2024-05-02 15:00:00,1685.0,1808.9233
2024-05-02 16:00:00,1915.0,2002.5759
2024-05-02 17:00:00,2082.0,2170.3438
2024-05-02 18:00:00,1619.0,1799.5377
2024-05-02 19:00:00,1000.0,1218.3245
2024-05-02 20:00:00,657.0,825.0532
2024-05-02 21:00:00,525.0,607.91907
2024-05-02 22:00:00,386.0,520.61444
2024-05-02 23:00:00,212.0,329.39374
2024-05-03 00:00:00,99.0,167.58911
2024-05-03 01:00:00,65.0,82.17224
2024-05-03 02:00:00,51.0,83.09485
2024-05-03 03:00:00,85.0,126.80731
2024-05-03 04:00:00,204.0,391.79718
2024-05-03 05:00:00,785.0,974.41864
2024-05-03 06:00:00,2138.0,2223.7935
2024-05-03 07:00:00,2236.0,2410.8774
2024-05-03 08:00:00,1664.0,1800.5376
2024-05-03 09:00:00,1456.0,1519.7792
2024-05-03 10:00:00,1486.0,1482.6786
2024-05-03 11:00:00,1484.0,1515.5238
2024-05-03 12:00:00,1545.0,1592.3041
2024-05-03 13:00:00,1639.0,1684.9285
2024-05-03 14:00:00,1666.0,1811.9556
2024-05-03 15:00:00,1772.0,1946.2799
2024-05-03 16:00:00,2038.0,2094.7244
2024-05-03 17:00:00,2126.0,2206.4492
2024-05-03 18:00:00,1706.0,1872.1628
2024-05-03 19:00:00,1211.0,1328.5753
2024-05-03 20:00:00,852.0,945.5557
2024-05-03 21:00:00,680.0,682.9188
2024-05-03 22:00:00,633.0,580.52124
2024-05-03 23:00:00,416.0,432.64496
2024-05-04 00:00:00,243.0,301.18402
2024-05-04 01:00:00,125.0,169.10272
2024-05-04 02:00:00,108.0,128.23834
2024-05-04 03:00:00,130.0,121.940674
2024-05-04 04:00:00,174.0,146.24329
2024-05-04 05:00:00,231.0,259.48376
2024-05-04 06:00:00,592.0,598.5584
2024-05-04 07:00:00,1001.0,929.0694
2024-05-04 08:00:00,1313.0,1202.5271
2024-05-04 09:00:00,1587.0,1539.8181
2024-05-04 10:00:00,1639.0,1736.4116
2024-05-04 11:00:00,1561.0,1870.354
2024-05-04 12:00:00,1605.0,1928.2219
2024-05-04 13:00:00,1777.0,1955.5918
2024-05-04 14:00:00,1820.0,1991.5493
2024-05-04 15:00:00,1756.0,2050.442
2024-05-04 16:00:00,1854.0,2143.8403
2024-05-04 17:00:00,2146.0,2195.6226
2024-05-04 18:00:00,1860.0,1849.8337
2024-05-04 19:00:00,1332.0,1240.5233
2024-05-04 20:00:00,1057.0,905.6682
2024-05-04 21:00:00,895.0,781.86975
2024-05-04 22:00:00,897.0,726.8876
2024-05-04 23:00:00,611.0,592.8868
2024-05-05 00:00:00,362.0,269.69354
2024-05-05 01:00:00,227.0,226.26483
2024-05-05 02:00:00,141.0,186.50769
2024-05-05 03:00:00,111.0,158.02173
2024-05-05 04:00:00,172.0,145.18768
2024-05-05 05:00:00,135.0,154.33551
2024-05-05 06:00:00,227.0,217.39716
2024-05-05 07:00:00,367.0,355.63507
2024-05-05 08:00:00,671.0,578.5643
2024-05-05 09:00:00,1042.0,979.38806
2024-05-05 10:00:00,1279.0,1300.1154
2024-05-05 11:00:00,1327.0,1562.0413
2024-05-05 12:00:00,1467.0,1748.6951
2024-05-05 13:00:00,1614.0,1890.854
2024-05-05 14:00:00,1806.0,2111.894
2024-05-05 15:00:00,1954.0,2383.55
2024-05-05 16:00:00,2208.0,2551.2842
2024-05-05 17:00:00,2186.0,2625.9731
2024-05-05 18:00:00,1738.0,2418.9688
2024-05-05 19:00:00,1471.0,1995.8202
2024-05-05 20:00:00,1202.0,1578.9869
2024-05-05 21:00:00,809.0,1166.854
2024-05-05 22:00:00,508.0,621.7362
2024-05-05 23:00:00,228.0,337.5218
2024-05-06 00:00:00,109.0,91.052734
2024-05-06 01:00:00,76.0,66.74707
2024-05-06 02:00:00,70.0,71.8197
2024-05-06 03:00:00,68.0,108.4928
2024-05-06 04:00:00,215.0,410.9074
2024-05-06 05:00:00,1041.0,1149.081
2024-05-06 06:00:00,2662.0,2590.919
2024-05-06 07:00:00,2698.0,2758.3267
2024-05-06 08:00:00,1936.0,2026.023
2024-05-06 09:00:00,1493.0,1469.643
2024-05-06 10:00:00,1337.0,1430.019
2024-05-06 11:00:00,1376.0,1443.1276
2024-05-06 12:00:00,1367.0,1458.1527
2024-05-06 13:00:00,1348.0,1476.5348
2024-05-06 14:00:00,1403.0,1501.5759
2024-05-06 15:00:00,1542.0,1552.5978
2024-05-06 16:00:00,1671.0,1735.71
2024-05-06 17:00:00,1915.0,1977.1404
2024-05-06 18:00:00,1467.0,1589.318
2024-05-06 19:00:00,911.0,1045.5145
2024-05-06 20:00:00,560.0,722.6731
2024-05-06 21:00:00,443.0,544.2769
2024-05-06 22:00:00,318.0,365.72882
2024-05-06 23:00:00,164.0,167.50482
2024-05-07 00:00:00,106.0,86.59839
2024-05-07 01:00:00,58.0,60.20874
2024-05-07 02:00:00,51.0,58.926636
2024-05-07 03:00:00,86.0,89.06079
2024-05-07 04:00:00,193.0,300.27448
2024-05-07 05:00:00,984.0,1066.9927
2024-05-07 06:00:00,2591.0,2585.7656
2024-05-07 07:00:00,2830.0,2741.9307
2024-05-07 08:00:00,1955.0,1978.3975
2024-05-07 09:00:00,1460.0,1465.4102
2024-05-07 10:00:00,1349.0,1425.2241
2024-05-07 11:00:00,1296.0,1437.1594
2024-05-07 12:00:00,1362.0,1460.5645
2024-05-07 13:00:00,1421.0,1484.1843
2024-05-07 14:00:00,1529.0,1515.5715
2024-05-07 15:00:00,1510.0,1602.0891
2024-05-07 16:00:00,1701.0,1764.904
2024-05-07 17:00:00,2014.0,1979.7385
2024-05-07 18:00:00,1549.0,1578.739
2024-05-07 19:00:00,1022.0,1053.8102
2024-05-07 20:00:00,535.0,697.4022
2024-05-07 21:00:00,552.0,508.00256
2024-05-07 22:00:00,357.0,375.43982
2024-05-07 23:00:00,209.0,170.66956
2024-05-08 00:00:00,76.0,84.569824
2024-05-08 01:00:00,52.0,58.35388
2024-05-08 02:00:00,54.0,58.466553
2024-05-08 03:00:00,94.0,85.48706
2024-05-08 04:00:00,192.0,298.4937
2024-05-08 05:00:00,887.0,998.70374
2024-05-08 06:00:00,2404.0,2569.979
2024-05-08 07:00:00,2643.0,2762.3894
2024-05-08 08:00:00,1842.0,2055.5454
2024-05-08 09:00:00,1494.0,1507.5854
2024-05-08 10:00:00,1418.0,1436.0972
2024-05-08 11:00:00,1469.0,1452.8271
2024-05-08 12:00:00,1516.0,1475.7614
2024-05-08 13:00:00,1697.0,1512.1462
2024-05-08 14:00:00,1713.0,1551.0792
2024-05-08 15:00:00,1729.0,1628.6333
2024-05-08 16:00:00,1965.0,1826.8757
2024-05-08 17:00:00,2042.0,2088.8223
2024-05-08 18:00:00,1850.0,1688.0566
2024-05-08 19:00:00,1259.0,1098.5532
2024-05-08 20:00:00,887.0,714.5222
2024-05-08 21:00:00,659.0,539.57166
2024-05-08 22:00:00,510.0,425.56213
2024-05-08 23:00:00,395.0,189.2633
2024-05-09 00:00:00,217.0,545.49927
2024-05-09 01:00:00,121.0,469.09442
2024-05-09 02:00:00,84.0,395.71893
2024-05-09 03:00:00,95.0,326.4886
2024-05-09 04:00:00,148.0,277.7417
2024-05-09 05:00:00,182.0,261.37665
2024-05-09 06:00:00,344.0,278.95795
2024-05-09 07:00:00,553.0,386.88348
2024-05-09 08:00:00,958.0,601.1753
2024-05-09 09:00:00,1306.0,800.3352
2024-05-09 10:00:00,1400.0,1070.0547
2024-05-09 11:00:00,1346.0,1257.8936
2024-05-09 12:00:00,1287.0,1369.5297
2024-05-09 13:00:00,1295.0,1451.7133
2024-05-09 14:00:00,1379.0,1546.6578
2024-05-09 15:00:00,1444.0,1638.6027
2024-05-09 16:00:00,1579.0,1669.8464
2024-05-09 17:00:00,1715.0,1667.9501
2024-05-09 18:00:00,1388.0,1540.836
2024-05-09 19:00:00,1138.0,1353.2427
2024-05-09 20:00:00,855.0,1144.6437
2024-05-09 21:00:00,668.0,941.3209
2024-05-09 22:00:00,482.0,773.105
2024-05-09 23:00:00,261.0,634.3993
2024-05-10 00:00:00,162.0,178.67615
2024-05-10 01:00:00,76.0,115.36572
2024-05-10 02:00:00,62.0,110.90454
2024-05-10 03:00:00,87.0,166.54266
2024-05-10 04:00:00,188.0,435.01904
2024-05-10 05:00:00,481.0,983.1886
2024-05-10 06:00:00,1153.0,1963.8088
2024-05-10 07:00:00,1386.0,2104.144
2024-05-10 08:00:00,1364.0,1737.2253
2024-05-10 09:00:00,1634.0,1516.507
2024-05-10 10:00:00,1638.0,1493.955
2024-05-10 11:00:00,1598.0,1529.3907
2024-05-10 12:00:00,1529.0,1579.2393
2024-05-10 13:00:00,1570.0,1636.398
2024-05-10 14:00:00,1718.0,1723.5889
2024-05-10 15:00:00,1876.0,1856.5814
2024-05-10 16:00:00,2069.0,2002.5159
2024-05-10 17:00:00,2010.0,2076.8572
2024-05-10 18:00:00,1737.0,1847.9016
2024-05-10 19:00:00,1241.0,1359.2539
2024-05-10 20:00:00,938.0,959.0621
2024-05-10 21:00:00,770.0,678.10876
2024-05-10 22:00:00,569.0,554.80347
2024-05-10 23:00:00,400.0,386.10974
2024-05-11 00:00:00,227.0,289.1413
2024-05-11 01:00:00,141.0,159.71417
2024-05-11 02:00:00,96.0,129.12762
2024-05-11 03:00:00,115.0,134.39606
2024-05-11 04:00:00,166.0,172.60352
2024-05-11 05:00:00,208.0,301.87878
2024-05-11 06:00:00,470.0,523.37665
2024-05-11 07:00:00,772.0,814.0531
2024-05-11 08:00:00,1229.0,1103.7788
2024-05-11 09:00:00,1496.0,1446.9346
2024-05-11 10:00:00,1612.0,1671.9197
2024-05-11 11:00:00,1731.0,1837.5427
2024-05-11 12:00:00,1669.0,1894.3945
2024-05-11 13:00:00,1839.0,1932.5012
2024-05-11 14:00:00,1962.0,1976.2114
2024-05-11 15:00:00,2071.0,2043.5306
2024-05-11 16:00:00,2270.0,2145.0781
2024-05-11 17:00:00,2364.0,2198.7246
2024-05-11 18:00:00,2050.0,1934.8066
2024-05-11 19:00:00,1605.0,1278.7212
2024-05-11 20:00:00,1356.0,950.1963
2024-05-11 21:00:00,1255.0,812.124
2024-05-11 22:00:00,974.0,743.05865
2024-05-11 23:00:00,803.0,583.39075
2024-05-12 00:00:00,484.0,260.30518
2024-05-12 01:00:00,265.0,217.09344
2024-05-12 02:00:00,157.0,177.05658
2024-05-12 03:00:00,116.0,153.45898
2024-05-12 04:00:00,141.0,140.81982
2024-05-12 05:00:00,113.0,164.72223
2024-05-12 06:00:00,220.0,218.64038
2024-05-12 07:00:00,343.0,322.07184
2024-05-12 08:00:00,627.0,565.493
2024-05-12 09:00:00,1187.0,964.3712
2024-05-12 10:00:00,1773.0,1293.1254
2024-05-12 11:00:00,2100.0,1507.7849
2024-05-12 12:00:00,2059.0,1691.6556
2024-05-12 13:00:00,2843.0,1861.854
2024-05-12 14:00:00,2737.0,2088.3691
2024-05-12 15:00:00,2765.0,2364.2578
2024-05-12 16:00:00,3015.0,2539.6167
2024-05-12 17:00:00,2935.0,2575.353
2024-05-12 18:00:00,2818.0,2316.601
2024-05-12 19:00:00,2164.0,1920.4995
2024-05-12 20:00:00,1652.0,1539.0228
2024-05-12 21:00:00,1312.0,1144.4686
2024-05-12 22:00:00,680.0,657.2257
2024-05-12 23:00:00,363.0,358.85156
2024-05-13 00:00:00,212.0,98.42383
2024-05-13 01:00:00,166.0,65.783936
2024-05-13 02:00:00,96.0,62.61731
2024-05-13 03:00:00,117.0,91.31152
2024-05-13 04:00:00,240.0,340.99664
2024-05-13 05:00:00,1088.0,1057.9113
2024-05-13 06:00:00,2598.0,2604.479
2024-05-13 07:00:00,2779.0,2796.9678
2024-05-13 08:00:00,1993.0,2184.9614
2024-05-13 09:00:00,1466.0,1542.4673
2024-05-13 10:00:00,1404.0,1428.5845
2024-05-13 11:00:00,1424.0,1447.9948
2024-05-13 12:00:00,1407.0,1468.4553
2024-05-13 13:00:00,1474.0,1493.0283
2024-05-13 14:00:00,1559.0,1518.5238
2024-05-13 15:00:00,1607.0,1625.57
2024-05-13 16:00:00,1970.0,1866.6235
2024-05-13 17:00:00,2053.0,2076.9736
2024-05-13 18:00:00,1674.0,1619.8623
2024-05-13 19:00:00,1086.0,1045.6764
2024-05-13 20:00:00,660.0,695.4072
2024-05-13 21:00:00,458.0,522.46936
2024-05-13 22:00:00,352.0,403.0655
2024-05-13 23:00:00,176.0,195.35352
2024-05-14 00:00:00,86.0,87.49341
2024-05-14 01:00:00,59.0,59.011353
2024-05-14 02:00:00,35.0,53.502686
2024-05-14 03:00:00,66.0,81.01575
2024-05-14 04:00:00,161.0,313.72723
2024-05-14 05:00:00,1005.0,1045.6082
2024-05-14 06:00:00,2637.0,2524.6006
2024-05-14 07:00:00,2914.0,2760.2002
2024-05-14 08:00:00,2058.0,2244.082
2024-05-14 09:00:00,1476.0,1543.5182
2024-05-14 10:00:00,1370.0,1437.7036
2024-05-14 11:00:00,1347.0,1457.1744
2024-05-14 12:00:00,1304.0,1477.3955
2024-05-14 13:00:00,1478.0,1497.9073
2024-05-14 14:00:00,1414.0,1524.9648
2024-05-14 15:00:00,1602.0,1645.1871
2024-05-14 16:00:00,1913.0,1854.4641
2024-05-14 17:00:00,2133.0,2092.7124
2024-05-14 18:00:00,1627.0,1632.522
2024-05-14 19:00:00,1050.0,1054.3737
2024-05-14 20:00:00,662.0,681.70776
2024-05-14 21:00:00,517.0,518.21106
2024-05-14 22:00:00,416.0,406.68024
2024-05-14 23:00:00,222.0,211.71466
2024-05-15 00:00:00,101.0,86.482666
2024-05-15 01:00:00,57.0,57.195923
2024-05-15 02:00:00,59.0,55.661987
2024-05-15 03:00:00,76.0,85.0531
2024-05-15 04:00:00,204.0,317.92194
2024-05-15 05:00:00,959.0,1004.34674
2024-05-15 06:00:00,2584.0,2525.8599
2024-05-15 07:00:00,2805.0,2788.6929
2024-05-15 08:00:00,2032.0,2236.8516
2024-05-15 09:00:00,1497.0,1553.7133
2024-05-15 10:00:00,1405.0,1432.3118
2024-05-15 11:00:00,1465.0,1460.0376
2024-05-15 12:00:00,1484.0,1487.5508
2024-05-15 13:00:00,1654.0,1514.7402
2024-05-15 14:00:00,1561.0,1551.2834
2024-05-15 15:00:00,1654.0,1644.2996
2024-05-15 16:00:00,1833.0,1876.5317
2024-05-15 17:00:00,2105.0,2118.0637
2024-05-15 18:00:00,1584.0,1683.883
2024-05-15 19:00:00,1011.0,1088.7749
2024-05-15 20:00:00,679.0,679.74664
2024-05-15 21:00:00,547.0,533.1198
2024-05-15 22:00:00,443.0,407.9402
2024-05-15 23:00:00,256.0,185.6535
2024-05-16 00:00:00,114.0,77.3009
2024-05-16 01:00:00,64.0,54.468628
2024-05-16 02:00:00,63.0,60.57837
2024-05-16 03:00:00,83.0,83.12927
2024-05-16 04:00:00,190.0,305.14813
2024-05-16 05:00:00,999.0,972.45483
2024-05-16 06:00:00,2539.0,2407.6675
2024-05-16 07:00:00,2838.0,2700.747
2024-05-16 08:00:00,2050.0,2158.2556
2024-05-16 09:00:00,1500.0,1551.1655
2024-05-16 10:00:00,1432.0,1448.7598
2024-05-16 11:00:00,1408.0,1479.1226
2024-05-16 12:00:00,1429.0,1514.3538
2024-05-16 13:00:00,1540.0,1555.9607
2024-05-16 14:00:00,1555.0,1602.4225
2024-05-16 15:00:00,1597.0,1740.6804
2024-05-16 16:00:00,1858.0,1917.1438
2024-05-16 17:00:00,2027.0,2129.7756
2024-05-16 18:00:00,1553.0,1714.3263
2024-05-16 19:00:00,1138.0,1121.8008
2024-05-16 20:00:00,759.0,721.6676
2024-05-16 21:00:00,562.0,567.6678
2024-05-16 22:00:00,452.0,459.70538
2024-05-16 23:00:00,245.0,220.20929
2024-05-17 00:00:00,137.0,122.31323
2024-05-17 01:00:00,79.0,66.414185
2024-05-17 02:00:00,62.0,68.79016
2024-05-17 03:00:00,88.0,99.32947
2024-05-17 04:00:00,214.0,362.58752
2024-05-17 05:00:00,826.0,1003.584
2024-05-17 06:00:00,2160.0,2308.3381
2024-05-17 07:00:00,2314.0,2478.8281
2024-05-17 08:00:00,1728.0,1909.6135
2024-05-17 09:00:00,1423.0,1534.7249
2024-05-17 10:00:00,1427.0,1478.1438
2024-05-17 11:00:00,1534.0,1528.5612
2024-05-17 12:00:00,1504.0,1594.5974
2024-05-17 13:00:00,1751.0,1664.7598
2024-05-17 14:00:00,1765.0,1748.1368
2024-05-17 15:00:00,1831.0,1907.2566
2024-05-17 16:00:00,2088.0,2073.402
2024-05-17 17:00:00,2332.0,2148.444
2024-05-17 18:00:00,1861.0,1791.7432
2024-05-17 19:00:00,1314.0,1240.003
2024-05-17 20:00:00,875.0,871.7897
2024-05-17 21:00:00,769.0,663.19775
2024-05-17 22:00:00,596.0,570.5777
2024-05-17 23:00:00,430.0,390.3404
2024-05-18 00:00:00,251.0,291.57928
2024-05-18 01:00:00,150.0,141.8219
2024-05-18 02:00:00,129.0,111.4541
2024-05-18 03:00:00,108.0,115.4884
2024-05-18 04:00:00,182.0,156.25134
2024-05-18 05:00:00,260.0,295.73425
2024-05-18 06:00:00,537.0,568.67896
2024-05-18 07:00:00,836.0,881.59314
2024-05-18 08:00:00,1203.0,1173.6476
2024-05-18 09:00:00,1514.0,1496.9095
2024-05-18 10:00:00,1630.0,1709.9714
2024-05-18 11:00:00,1613.0,1833.0007
2024-05-18 12:00:00,1716.0,1878.8367
2024-05-18 13:00:00,1730.0,1905.5483
2024-05-18 14:00:00,1698.0,1934.0157
2024-05-18 15:00:00,1742.0,1985.2144
2024-05-18 16:00:00,1774.0,2064.2407
2024-05-18 17:00:00,1753.0,2038.0021
2024-05-18 18:00:00,1512.0,1502.1483
2024-05-18 19:00:00,997.0,987.17004
2024-05-18 20:00:00,802.0,826.1295
2024-05-18 21:00:00,748.0,758.4634
2024-05-18 22:00:00,655.0,710.80145
2024-05-18 23:00:00,555.0,586.69775
2024-05-19 00:00:00,353.0,244.00745
2024-05-19 01:00:00,213.0,199.60034
2024-05-19 02:00:00,126.0,163.01416
2024-05-19 03:00:00,121.0,143.01831
2024-05-19 04:00:00,138.0,139.54596
2024-05-19 05:00:00,113.0,163.56738
2024-05-19 06:00:00,188.0,236.13544
2024-05-19 07:00:00,277.0,322.28046
2024-05-19 08:00:00,620.0,569.61017
2024-05-19 09:00:00,947.0,1002.5443
2024-05-19 10:00:00,1336.0,1301.5055
2024-05-19 11:00:00,1354.0,1530.7764
2024-05-19 12:00:00,1366.0,1689.398
2024-05-19 13:00:00,1586.0,1830.0571
2024-05-19 14:00:00,1721.0,1973.8586
2024-05-19 15:00:00,1887.0,2172.7832
2024-05-19 16:00:00,2120.0,2394.4602
2024-05-19 17:00:00,2248.0,2400.002
2024-05-19 18:00:00,1738.0,2190.2908
2024-05-19 19:00:00,1323.0,1684.7251
2024-05-19 20:00:00,1221.0,1351.8992
2024-05-19 21:00:00,957.0,961.68085
2024-05-19 22:00:00,680.0,551.5461
2024-05-19 23:00:00,441.0,317.76062
2024-05-20 00:00:00,289.0,412.88647
2024-05-20 01:00:00,137.0,290.13544
2024-05-20 02:00:00,102.0,234.18207
2024-05-20 03:00:00,77.0,197.57495
2024-05-20 04:00:00,126.0,182.30219
2024-05-20 05:00:00,140.0,184.0669
2024-05-20 06:00:00,228.0,208.74207
2024-05-20 07:00:00,340.0,309.6535
2024-05-20 08:00:00,621.0,575.7147
2024-05-20 09:00:00,1029.0,903.3456
2024-05-20 10:00:00,1470.0,1261.4609
2024-05-20 11:00:00,1812.0,1573.8192
2024-05-20 12:00:00,2037.0,1817.7241
2024-05-20 13:00:00,2215.0,2012.414
2024-05-20 14:00:00,2209.0,2183.52
2024-05-20 15:00:00,2436.0,2297.581
2024-05-20 16:00:00,2925.0,2317.7466
2024-05-20 17:00:00,2856.0,2223.6543
2024-05-20 18:00:00,2561.0,2027.669
2024-05-20 19:00:00,1731.0,1793.4822
2024-05-20 20:00:00,1443.0,1601.8961
2024-05-20 21:00:00,1070.0,1262.4965
2024-05-20 22:00:00,576.0,903.5145
2024-05-20 23:00:00,268.0,637.2204
2024-05-21 00:00:00,113.0,93.03467
2024-05-21 01:00:00,72.0,63.927734
2024-05-21 02:00:00,75.0,58.758667
2024-05-21 03:00:00,88.0,86.299805
2024-05-21 04:00:00,234.0,272.22235
2024-05-21 05:00:00,1229.0,1036.7418
2024-05-21 06:00:00,2804.0,2629.2148
2024-05-21 07:00:00,2980.0,2796.5332
2024-05-21 08:00:00,2086.0,2118.7505
2024-05-21 09:00:00,1635.0,1479.2161
2024-05-21 10:00:00,1537.0,1429.0028
2024-05-21 11:00:00,1521.0,1443.2968
2024-05-21 12:00:00,1528.0,1461.0745
2024-05-21 13:00:00,1549.0,1487.1812
2024-05-21 14:00:00,1498.0,1515.2858
2024-05-21 15:00:00,1706.0,1579.5316
2024-05-21 16:00:00,1899.0,1774.6785
2024-05-21 17:00:00,2090.0,2060.259
2024-05-21 18:00:00,1620.0,1734.6323
2024-05-21 19:00:00,1090.0,1058.7041
2024-05-21 20:00:00,646.0,663.2748
2024-05-21 21:00:00,474.0,501.17554
2024-05-21 22:00:00,373.0,384.23145
2024-05-21 23:00:00,197.0,197.33252
2024-05-22 00:00:00,103.0,89.01306
2024-05-22 01:00:00,63.0,57.003418
2024-05-22 02:00:00,44.0,53.50537
2024-05-22 03:00:00,73.0,83.052124
2024-05-22 04:00:00,197.0,287.79456
2024-05-22 05:00:00,980.0,1061.3909
2024-05-22 06:00:00,2667.0,2612.4111
2024-05-22 07:00:00,2788.0,2804.665
2024-05-22 08:00:00,2087.0,2147.2473
2024-05-22 09:00:00,1544.0,1535.3898
2024-05-22 10:00:00,1361.0,1436.4752
2024-05-22 11:00:00,1484.0,1457.0087
2024-05-22 12:00:00,1372.0,1477.0361
2024-05-22 13:00:00,1653.0,1501.3025
2024-05-22 14:00:00,1522.0,1539.8665
2024-05-22 15:00:00,1628.0,1623.5264
2024-05-22 16:00:00,1867.0,1834.4949
2024-05-22 17:00:00,2126.0,2085.9531
2024-05-22 18:00:00,1709.0,1752.7747
2024-05-22 19:00:00,1079.0,1093.7012
2024-05-22 20:00:00,665.0,683.3981
2024-05-22 21:00:00,543.0,528.871
2024-05-22 22:00:00,435.0,421.0785
2024-05-22 23:00:00,234.0,221.97449
2024-05-23 00:00:00,120.0,91.75403
2024-05-23 01:00:00,51.0,54.756714
2024-05-23 02:00:00,52.0,59.700195
2024-05-23 03:00:00,83.0,86.12427
2024-05-23 04:00:00,180.0,301.02667
2024-05-23 05:00:00,989.0,990.24225
2024-05-23 06:00:00,2537.0,2557.724
2024-05-23 07:00:00,2808.0,2316.7432
2024-05-23 08:00:00,2131.0,1959.3818
2024-05-23 09:00:00,1554.0,1491.9009
2024-05-23 10:00:00,1350.0,1429.7513
2024-05-23 11:00:00,1469.0,1450.6326
2024-05-23 12:00:00,1360.0,1483.9712
2024-05-23 13:00:00,1502.0,1536.2864
2024-05-23 14:00:00,1603.0,1578.7598
2024-05-23 15:00:00,1642.0,1707.7917
2024-05-23 16:00:00,1831.0,1936.2468
2024-05-23 17:00:00,2088.0,2147.3857
2024-05-23 18:00:00,1656.0,1764.9834
2024-05-23 19:00:00,1005.0,1131.9147
2024-05-23 20:00:00,672.0,727.29675
2024-05-23 21:00:00,583.0,576.4895
2024-05-23 22:00:00,477.0,486.7367
2024-05-23 23:00:00,268.0,253.96765
2024-05-24 00:00:00,132.0,127.73328
2024-05-24 01:00:00,70.0,62.175293
2024-05-24 02:00:00,58.0,66.99756
2024-05-24 03:00:00,91.0,86.98059
2024-05-24 04:00:00,213.0,275.62885
2024-05-24 05:00:00,892.0,872.6094
2024-05-24 06:00:00,2290.0,2380.6902
2024-05-24 07:00:00,2415.0,2650.8896
2024-05-24 08:00:00,1868.0,1983.8652
2024-05-24 09:00:00,1516.0,1519.2297
2024-05-24 10:00:00,1507.0,1468.0228
2024-05-24 11:00:00,1476.0,1498.2477
2024-05-24 12:00:00,1592.0,1545.7444
2024-05-24 13:00:00,1665.0,1615.7156
2024-05-24 14:00:00,1808.0,1670.7747
2024-05-24 15:00:00,1855.0,1779.7708
2024-05-24 16:00:00,1974.0,2013.4777
2024-05-24 17:00:00,1985.0,2162.3032
2024-05-24 18:00:00,1833.0,1800.6355
2024-05-24 19:00:00,1270.0,1242.3134
2024-05-24 20:00:00,988.0,855.3384
2024-05-24 21:00:00,748.0,646.4431
2024-05-24 22:00:00,676.0,562.3594
2024-05-24 23:00:00,568.0,397.03986
2024-05-25 00:00:00,289.0,279.4178
2024-05-25 01:00:00,157.0,148.78809
2024-05-25 02:00:00,145.0,112.37891
2024-05-25 03:00:00,120.0,114.14783
2024-05-25 04:00:00,194.0,146.01636
2024-05-25 05:00:00,270.0,254.84967
2024-05-25 06:00:00,659.0,500.5393
2024-05-25 07:00:00,1017.0,827.41675
2024-05-25 08:00:00,1503.0,1157.5627
2024-05-25 09:00:00,1646.0,1498.5854
2024-05-25 10:00:00,1723.0,1691.5046
2024-05-25 11:00:00,1735.0,1814.8495
2024-05-25 12:00:00,1833.0,1864.0935
2024-05-25 13:00:00,1848.0,1897.5593
2024-05-25 14:00:00,1913.0,1932.532
2024-05-25 15:00:00,1934.0,1990.5593
2024-05-25 16:00:00,2027.0,2104.855
2024-05-25 17:00:00,1908.0,2113.067
2024-05-25 18:00:00,1615.0,1689.4086
2024-05-25 19:00:00,1157.0,1092.919
2024-05-25 20:00:00,927.0,826.99915
2024-05-25 21:00:00,851.0,758.37164
2024-05-25 22:00:00,849.0,723.47034
2024-05-25 23:00:00,644.0,580.43726
2024-05-26 00:00:00,440.0,254.05988
2024-05-26 01:00:00,257.0,210.80695
2024-05-26 02:00:00,143.0,174.60278
2024-05-26 03:00:00,128.0,149.59467
2024-05-26 04:00:00,167.0,136.98517
2024-05-26 05:00:00,163.0,178.39307
2024-05-26 06:00:00,231.0,261.70538
2024-05-26 07:00:00,361.0,346.60278
2024-05-26 08:00:00,767.0,575.36
2024-05-26 09:00:00,1164.0,1017.20374
2024-05-26 10:00:00,1324.0,1298.0376
2024-05-26 11:00:00,1462.0,1490.2411
2024-05-26 12:00:00,1565.0,1637.185
2024-05-26 13:00:00,1746.0,1805.7083
2024-05-26 14:00:00,1937.0,2000.55
2024-05-26 15:00:00,2270.0,2257.004
2024-05-26 16:00:00,2594.0,2480.105
2024-05-26 17:00:00,2734.0,2528.2812
2024-05-26 18:00:00,2302.0,2296.838
2024-05-26 19:00:00,1810.0,1885.4819
2024-05-26 20:00:00,1290.0,1493.7751
2024-05-26 21:00:00,1028.0,1106.6431
2024-05-26 22:00:00,597.0,606.23016
2024-05-26 23:00:00,292.0,313.0432
2024-05-27 00:00:00,126.0,92.63489
2024-05-27 01:00:00,55.0,65.51453
2024-05-27 02:00:00,58.0,62.809204
2024-05-27 03:00:00,77.0,91.49817
2024-05-27 04:00:00,197.0,298.82062
2024-05-27 05:00:00,1106.0,1124.9092
2024-05-27 06:00:00,2648.0,2650.9087
2024-05-27 07:00:00,2405.0,2810.175
2024-05-27 08:00:00,2072.0,2063.4182
2024-05-27 09:00:00,1517.0,1482.6333
2024-05-27 10:00:00,1440.0,1430.3708
2024-05-27 11:00:00,1373.0,1447.6451
2024-05-27 12:00:00,1375.0,1457.144
2024-05-27 13:00:00,1434.0,1476.1296
2024-05-27 14:00:00,1464.0,1498.5554
2024-05-27 15:00:00,1580.0,1576.991
2024-05-27 16:00:00,1782.0,1763.3455
2024-05-27 17:00:00,2071.0,2004.904
2024-05-27 18:00:00,1607.0,1625.3655
2024-05-27 19:00:00,1103.0,1026.7339
2024-05-27 20:00:00,645.0,668.7673
2024-05-27 21:00:00,498.0,502.92163
2024-05-27 22:00:00,355.0,371.03802
2024-05-27 23:00:00,184.0,171.14856
2024-05-28 00:00:00,84.0,84.832886
2024-05-28 01:00:00,58.0,55.614746
2024-05-28 02:00:00,48.0,53.042603
2024-05-28 03:00:00,83.0,77.91516
2024-05-28 04:00:00,197.0,255.41309
2024-05-28 05:00:00,1021.0,1000.05945
2024-05-28 06:00:00,2729.0,2632.6167
2024-05-28 07:00:00,2846.0,2817.873
2024-05-28 08:00:00,2135.0,2134.871
2024-05-28 09:00:00,1538.0,1510.7505
2024-05-28 10:00:00,1423.0,1430.0502
2024-05-28 11:00:00,1383.0,1446.7311
2024-05-28 12:00:00,1410.0,1462.9907
2024-05-28 13:00:00,1537.0,1482.3406
2024-05-28 14:00:00,1450.0,1506.9666
2024-05-28 15:00:00,1708.0,1587.6387
2024-05-28 16:00:00,1853.0,1810.0665
2024-05-28 17:00:00,2104.0,2099.3257
2024-05-28 18:00:00,1747.0,1748.1304
2024-05-28 19:00:00,1091.0,1128.0303
2024-05-28 20:00:00,752.0,666.71326
2024-05-28 21:00:00,557.0,514.8092
2024-05-28 22:00:00,461.0,391.6471
2024-05-28 23:00:00,254.0,190.10803
2024-05-29 00:00:00,119.0,86.48596
2024-05-29 01:00:00,58.0,54.2782
2024-05-29 02:00:00,58.0,52.16333
2024-05-29 03:00:00,77.0,79.41504
2024-05-29 04:00:00,218.0,262.66284
2024-05-29 05:00:00,1023.0,1026.1844
2024-05-29 06:00:00,2572.0,2610.3057
2024-05-29 07:00:00,2822.0,2806.3115
2024-05-29 08:00:00,2096.0,2156.1277
2024-05-29 09:00:00,1550.0,1539.7068
2024-05-29 10:00:00,1398.0,1436.4249
2024-05-29 11:00:00,1476.0,1454.0989
2024-05-29 12:00:00,1598.0,1482.1716
2024-05-29 13:00:00,1696.0,1507.5729
2024-05-29 14:00:00,1637.0,1540.0874
2024-05-29 15:00:00,1818.0,1586.85
2024-05-29 16:00:00,1951.0,1794.978
2024-05-29 17:00:00,2139.0,2061.1401
2024-05-29 18:00:00,1851.0,1726.5112
2024-05-29 19:00:00,1063.0,1076.176
2024-05-29 20:00:00,781.0,679.17834
2024-05-29 21:00:00,593.0,537.0405
2024-05-29 22:00:00,480.0,434.73956
2024-05-29 23:00:00,275.0,222.24176
2024-05-30 00:00:00,149.0,153.38702
2024-05-30 01:00:00,72.0,114.6532
2024-05-30 02:00:00,55.0,75.97754
2024-05-30 03:00:00,88.0,88.45032
2024-05-30 04:00:00,224.0,178.53156
2024-05-30 05:00:00,856.0,726.954
2024-05-30 06:00:00,2135.0,2047.6831
2024-05-30 07:00:00,2314.0,2583.476
2024-05-30 08:00:00,1801.0,1991.469
2024-05-30 09:00:00,1598.0,1546.0044
2024-05-30 10:00:00,1503.0,1487.6239
2024-05-30 11:00:00,1498.0,1508.0153
2024-05-30 12:00:00,1543.0,1534.43
2024-05-30 13:00:00,1501.0,1546.9583
2024-05-30 14:00:00,1579.0,1578.6831
2024-05-30 15:00:00,1709.0,1650.2428
2024-05-30 16:00:00,1688.0,1788.7019
2024-05-30 17:00:00,1825.0,1921.2375
2024-05-30 18:00:00,1588.0,1370.3131
2024-05-30 19:00:00,1151.0,887.4591
2024-05-30 20:00:00,719.0,650.6128
2024-05-30 21:00:00,622.0,542.2907
2024-05-30 22:00:00,491.0,315.7928
2024-05-30 23:00:00,283.0,264.0058
2024-05-31 00:00:00,132.0,141.99268
2024-05-31 01:00:00,66.0,105.946045
2024-05-31 02:00:00,61.0,67.86011
2024-05-31 03:00:00,99.0,89.84631
2024-05-31 04:00:00,196.0,281.12433
2024-05-31 05:00:00,769.0,904.1217
2024-05-31 06:00:00,2076.0,2471.2158
2024-05-31 07:00:00,2153.0,2552.6055
2024-05-31 08:00:00,1764.0,1820.3467
2024-05-31 09:00:00,1467.0,1478.4204
2024-05-31 10:00:00,1557.0,1462.1614
2024-05-31 11:00:00,1647.0,1492.6375
2024-05-31 12:00:00,1609.0,1540.4121
2024-05-31 13:00:00,1721.0,1602.9104
2024-05-31 14:00:00,1851.0,1684.8376
2024-05-31 15:00:00,1901.0,1828.1418
2024-05-31 16:00:00,2050.0,2007.0483
2024-05-31 17:00:00,2092.0,2134.0996
2024-05-31 18:00:00,1742.0,1776.5742
2024-05-31 19:00:00,1327.0,1244.5385
2024-05-31 20:00:00,911.0,860.52136
2024-05-31 21:00:00,644.0,644.10364
2024-05-31 22:00:00,565.0,555.3522
2024-05-31 23:00:00,428.0,363.78278
2024-06-01 00:00:00,238.0,213.88373
2024-06-01 01:00:00,126.0,129.21661
2024-06-01 02:00:00,117.0,107.72278
2024-06-01 03:00:00,115.0,113.95752
2024-06-01 04:00:00,183.0,144.93121
2024-06-01 05:00:00,243.0,261.078
2024-06-01 06:00:00,556.0,518.22314
2024-06-01 07:00:00,945.0,855.32776
2024-06-01 08:00:00,1252.0,1143.958
2024-06-01 09:00:00,1510.0,1455.2778
2024-06-01 10:00:00,1728.0,1649.2703
2024-06-01 11:00:00,1895.0,1804.4446
2024-06-01 12:00:00,1877.0,1871.0354
2024-06-01 13:00:00,2078.0,1903.2849
2024-06-01 14:00:00,2070.0,1931.021
2024-06-01 15:00:00,2093.0,1989.1467
2024-06-01 16:00:00,2063.0,2070.3784
2024-06-01 17:00:00,1975.0,2032.189
2024-06-01 18:00:00,1610.0,1536.7432
2024-06-01 19:00:00,1147.0,1024.901
2024-06-01 20:00:00,868.0,1915.3469
2024-06-01 21:00:00,725.0,750.7166
2024-06-01 22:00:00,580.0,716.77075
2024-06-01 23:00:00,662.0,578.078
2024-06-02 00:00:00,444.0,243.56213
2024-06-02 01:00:00,258.0,205.98438
2024-06-02 02:00:00,173.0,168.65863
2024-06-02 03:00:00,119.0,149.69446
2024-06-02 04:00:00,162.0,136.0401
2024-06-02 05:00:00,137.0,160.14777
2024-06-02 06:00:00,225.0,239.6853
2024-06-02 07:00:00,434.0,318.39612
2024-06-02 08:00:00,595.0,544.47723
2024-06-02 09:00:00,1019.0,936.96655
2024-06-02 10:00:00,1224.0,1231.3579
2024-06-02 11:00:00,1540.0,1477.8538
2024-06-02 12:00:00,1844.0,1630.1682
2024-06-02 13:00:00,1946.0,1797.4742
2024-06-02 14:00:00,2093.0,1950.4149
2024-06-02 15:00:00,2420.0,2193.9258
2024-06-02 16:00:00,2515.0,2430.2146
2024-06-02 17:00:00,2356.0,2457.5059
2024-06-02 18:00:00,1985.0,1930.8965
2024-06-02 19:00:00,1397.0,1341.0568
2024-06-02 20:00:00,1234.0,1277.0548
2024-06-02 21:00:00,783.0,6276.039
2024-06-02 22:00:00,516.0,735.8911
2024-06-02 23:00:00,298.0,301.8011
2024-06-03 00:00:00,122.0,90.17468
2024-06-03 01:00:00,76.0,63.876465
2024-06-03 02:00:00,58.0,57.844482
2024-06-03 03:00:00,88.0,88.935425
2024-06-03 04:00:00,247.0,403.88696
2024-06-03 05:00:00,1065.0,1177.0599
2024-06-03 06:00:00,2639.0,2624.4832
2024-06-03 07:00:00,2648.0,2780.0044
2024-06-03 08:00:00,1883.0,2003.074
2024-06-03 09:00:00,1462.0,1473.9596
2024-06-03 10:00:00,1313.0,1425.2723
2024-06-03 11:00:00,1263.0,1438.7212
2024-06-03 12:00:00,1269.0,1456.4084
2024-06-03 13:00:00,1399.0,1472.0803
2024-06-03 14:00:00,1439.0,1496.0768
2024-06-03 15:00:00,1415.0,1568.4222
2024-06-03 16:00:00,1598.0,1774.3325
2024-06-03 17:00:00,1909.0,2018.855
2024-06-03 18:00:00,1466.0,1692.0715
2024-06-03 19:00:00,950.0,1060.4803
2024-06-03 20:00:00,605.0,683.2269
2024-06-03 21:00:00,474.0,519.4009
2024-06-03 22:00:00,355.0,383.91315
2024-06-03 23:00:00,205.0,187.99982
2024-06-04 00:00:00,95.0,87.4624
2024-06-04 01:00:00,58.0,61.57129
2024-06-04 02:00:00,50.0,56.858154
2024-06-04 03:00:00,79.0,84.301025
2024-06-04 04:00:00,222.0,283.7376
2024-06-04 05:00:00,1042.0,1068.4843
2024-06-04 06:00:00,2690.0,2647.014
2024-06-04 07:00:00,2881.0,2807.4458
2024-06-04 08:00:00,2074.0,2085.422
2024-06-04 09:00:00,1439.0,1471.2795
2024-06-04 10:00:00,1269.0,1436.0757
2024-06-04 11:00:00,1378.0,1449.4524
2024-06-04 12:00:00,1326.0,1466.5044
2024-06-04 13:00:00,1414.0,1485.4111
2024-06-04 14:00:00,1434.0,1508.9772
2024-06-04 15:00:00,1521.0,1598.3894
2024-06-04 16:00:00,1754.0,1822.2883
2024-06-04 17:00:00,2035.0,2116.9604
2024-06-04 18:00:00,1553.0,1760.4749
2024-06-04 19:00:00,1005.0,1180.2014
2024-06-04 20:00:00,661.0,693.49084
2024-06-04 21:00:00,515.0,532.41254
2024-06-04 22:00:00,453.0,407.09985
2024-06-04 23:00:00,257.0,202.62286
2024-06-05 00:00:00,105.0,94.8772
2024-06-05 01:00:00,58.0,60.901733
2024-06-05 02:00:00,50.0,57.149292
2024-06-05 03:00:00,85.0,86.04529
2024-06-05 04:00:00,192.0,314.55707
2024-06-05 05:00:00,1053.0,1120.5681
2024-06-05 06:00:00,2565.0,2598.844
2024-06-05 07:00:00,2792.0,2781.9583
2024-06-05 08:00:00,1977.0,2122.819
2024-06-05 09:00:00,1507.0,1495.9509
2024-06-05 10:00:00,1389.0,1437.4661
2024-06-05 11:00:00,1445.0,1454.738
2024-06-05 12:00:00,1417.0,1474.2134
2024-06-05 13:00:00,1552.0,1505.4106
2024-06-05 14:00:00,1506.0,1530.7654
2024-06-05 15:00:00,1652.0,1631.19
2024-06-05 16:00:00,1170.0,1849.3083
2024-06-05 17:00:00,1363.0,2116.233
2024-06-05 18:00:00,1699.0,1801.5693
2024-06-05 19:00:00,1060.0,1162.6249
2024-06-05 20:00:00,709.0,708.4572
2024-06-05 21:00:00,577.0,546.26495
2024-06-05 22:00:00,446.0,448.35083
2024-06-05 23:00:00,246.0,234.0592
2024-06-06 00:00:00,116.0,98.91614
2024-06-06 01:00:00,64.0,59.18921
2024-06-06 02:00:00,45.0,60.52063
2024-06-06 03:00:00,68.0,90.36597
2024-06-06 04:00:00,212.0,318.9485
2024-06-06 05:00:00,1005.0,1054.0969
2024-06-06 06:00:00,2563.0,2569.2346
2024-06-06 07:00:00,2898.0,2748.6
2024-06-06 08:00:00,2012.0,2124.1802
2024-06-06 09:00:00,1540.0,1529.8223
2024-06-06 10:00:00,1376.0,1445.1904
2024-06-06 11:00:00,1379.0,1462.5935
2024-06-06 12:00:00,1369.0,1496.0156
2024-06-06 13:00:00,1547.0,1534.4894
2024-06-06 14:00:00,1625.0,1596.0962
2024-06-06 15:00:00,1684.0,1704.7856
2024-06-06 16:00:00,1784.0,1963.013
2024-06-06 17:00:00,2175.0,2148.438
2024-06-06 18:00:00,1695.0,1803.3396
2024-06-06 19:00:00,1102.0,1182.2573
2024-06-06 20:00:00,674.0,772.1
2024-06-06 21:00:00,570.0,573.62604
2024-06-06 22:00:00,454.0,489.6895
2024-06-06 23:00:00,274.0,283.99725
2024-06-07 00:00:00,144.0,145.02979
2024-06-07 01:00:00,65.0,65.13342
2024-06-07 02:00:00,67.0,69.72815
2024-06-07 03:00:00,86.0,100.87463
2024-06-07 04:00:00,211.0,342.92206
2024-06-07 05:00:00,855.0,929.5896
2024-06-07 06:00:00,2269.0,2402.2925
2024-06-07 07:00:00,2363.0,2649.378
2024-06-07 08:00:00,1807.0,2007.8887
2024-06-07 09:00:00,1542.0,1528.315
2024-06-07 10:00:00,1505.0,1468.1256
2024-06-07 11:00:00,1563.0,1502.6338
2024-06-07 12:00:00,1535.0,1548.878
2024-06-07 13:00:00,1712.0,1614.0741
2024-06-07 14:00:00,1778.0,1702.7808
2024-06-07 15:00:00,1972.0,1899.0652
2024-06-07 16:00:00,2060.0,2067.5771
2024-06-07 17:00:00,2040.0,2183.4077
2024-06-07 18:00:00,1727.0,1829.438
2024-06-07 19:00:00,1189.0,1302.6879
2024-06-07 20:00:00,906.0,909.1887
2024-06-07 21:00:00,744.0,609.56696
2024-06-07 22:00:00,680.0,559.4062
2024-06-07 23:00:00,501.0,433.37354
2024-06-08 00:00:00,291.0,300.23297
2024-06-08 01:00:00,131.0,154.33228
2024-06-08 02:00:00,146.0,114.64844
2024-06-08 03:00:00,105.0,117.27588
2024-06-08 04:00:00,182.0,155.83667
2024-06-08 05:00:00,267.0,314.08752
2024-06-08 06:00:00,593.0,600.4344
2024-06-08 07:00:00,979.0,869.80945
2024-06-08 08:00:00,1282.0,1170.452
2024-06-08 09:00:00,1560.0,1512.6653
2024-06-08 10:00:00,1675.0,1683.3596
2024-06-08 11:00:00,1700.0,1828.147
2024-06-08 12:00:00,1794.0,1872.9595
2024-06-08 13:00:00,1953.0,1895.9424
2024-06-08 14:00:00,1923.0,1930.3899
2024-06-08 15:00:00,1950.0,2000.99
2024-06-08 16:00:00,1992.0,2088.0986
2024-06-08 17:00:00,1862.0,2128.6218
2024-06-08 18:00:00,1436.0,1700.8812
2024-06-08 19:00:00,1059.0,1133.7377
2024-06-08 20:00:00,896.0,857.4072
2024-06-08 21:00:00,823.0,765.2003
2024-06-08 22:00:00,714.0,689.4894
2024-06-08 23:00:00,628.0,471.98718
2024-06-09 00:00:00,358.0,189.84918
2024-06-09 01:00:00,235.0,205.37238
2024-06-09 02:00:00,126.0,171.48682
2024-06-09 03:00:00,140.0,147.8468
2024-06-09 04:00:00,132.0,137.7774
2024-06-09 05:00:00,139.0,164.60956
2024-06-09 06:00:00,209.0,228.95538
2024-06-09 07:00:00,305.0,317.99414
2024-06-09 08:00:00,669.0,557.47363
2024-06-09 09:00:00,1043.0,956.1699
2024-06-09 10:00:00,1329.0,1261.053
2024-06-09 11:00:00,1599.0,1497.4572
2024-06-09 12:00:00,1751.0,1649.7372
2024-06-09 13:00:00,1837.0,1794.5725
2024-06-09 14:00:00,2132.0,1968.3705
2024-06-09 15:00:00,2264.0,2214.9019
2024-06-09 16:00:00,2583.0,2328.9739
2024-06-09 17:00:00,2311.0,2359.425
2024-06-09 18:00:00,1880.0,2216.0566
2024-06-09 19:00:00,1551.0,1790.9281
2024-06-09 20:00:00,1105.0,1315.4926
2024-06-09 21:00:00,835.0,715.27673
2024-06-09 22:00:00,477.0,559.21063
2024-06-09 23:00:00,257.0,273.04077
2024-06-10 00:00:00,106.0,88.92651
2024-06-10 01:00:00,68.0,62.37439
2024-06-10 02:00:00,55.0,56.152954
2024-06-10 03:00:00,104.0,81.97241
2024-06-10 04:00:00,213.0,305.9364
2024-06-10 05:00:00,1056.0,1123.065
2024-06-10 06:00:00,2627.0,2668.7812
2024-06-10 07:00:00,2778.0,2786.7095
2024-06-10 08:00:00,2004.0,2111.584
2024-06-10 09:00:00,1419.0,1519.1698
2024-06-10 10:00:00,1353.0,1431.6562
2024-06-10 11:00:00,1426.0,1444.9303
2024-06-10 12:00:00,1417.0,1457.5432
2024-06-10 13:00:00,1545.0,1474.5928
2024-06-10 14:00:00,1492.0,1498.8342
2024-06-10 15:00:00,1530.0,1582.4855
2024-06-10 16:00:00,1767.0,1820.5823
2024-06-10 17:00:00,2114.0,2085.2368
2024-06-10 18:00:00,1509.0,1743.752
2024-06-10 19:00:00,967.0,1092.9531
2024-06-10 20:00:00,588.0,692.3001
2024-06-10 21:00:00,520.0,525.12
2024-06-10 22:00:00,366.0,386.94202
2024-06-10 23:00:00,196.0,192.02234
2024-06-11 00:00:00,103.0,82.22302
2024-06-11 01:00:00,59.0,59.857178
2024-06-11 02:00:00,55.0,54.04065
2024-06-11 03:00:00,70.0,77.12756
2024-06-11 04:00:00,213.0,289.56042
2024-06-11 05:00:00,1034.0,1071.9368
2024-06-11 06:00:00,2612.0,2653.6348
2024-06-11 07:00:00,2836.0,2824.7515
2024-06-11 08:00:00,2086.0,2185.9966
2024-06-11 09:00:00,1481.0,1529.1526
2024-06-11 10:00:00,1463.0,1428.3384
2024-06-11 11:00:00,1359.0,1441.7046
2024-06-11 12:00:00,1374.0,1460.075
2024-06-11 13:00:00,1430.0,1480.1462
2024-06-11 14:00:00,1461.0,1504.478
2024-06-11 15:00:00,1622.0,1570.7482
2024-06-11 16:00:00,1862.0,1772.3032
2024-06-11 17:00:00,2026.0,2049.082
2024-06-11 18:00:00,1527.0,1692.3358
2024-06-11 19:00:00,1113.0,1033.4854
2024-06-11 20:00:00,625.0,637.82886
2024-06-11 21:00:00,562.0,502.1576
2024-06-11 22:00:00,423.0,385.54407
2024-06-11 23:00:00,206.0,173.43036
2024-06-12 00:00:00,83.0,80.9021
2024-06-12 01:00:00,67.0,52.54944
2024-06-12 02:00:00,60.0,49.78076
2024-06-12 03:00:00,86.0,76.384155
2024-06-12 04:00:00,208.0,253.8631
2024-06-12 05:00:00,1071.0,1059.0033
2024-06-12 06:00:00,2560.0,2624.4004
2024-06-12 07:00:00,2816.0,2789.336
2024-06-12 08:00:00,2060.0,2134.479
2024-06-12 09:00:00,1559.0,1488.3491
2024-06-12 10:00:00,1481.0,1432.513
2024-06-12 11:00:00,1498.0,1449.7073
2024-06-12 12:00:00,1462.0,1468.8737
2024-06-12 13:00:00,1702.0,1499.0775
2024-06-12 14:00:00,1584.0,1531.2021
2024-06-12 15:00:00,1644.0,1634.0356
2024-06-12 16:00:00,1819.0,1834.3972
2024-06-12 17:00:00,2135.0,2095.0635
2024-06-12 18:00:00,1770.0,1793.0964
2024-06-12 19:00:00,1115.0,1101.5109
2024-06-12 20:00:00,707.0,687.8984
2024-06-12 21:00:00,591.0,537.8643
2024-06-12 22:00:00,435.0,432.52527
2024-06-12 23:00:00,286.0,206.17761
2024-06-13 00:00:00,123.0,81.68982
2024-06-13 01:00:00,72.0,52.704224
2024-06-13 02:00:00,48.0,57.731934
2024-06-13 03:00:00,79.0,82.327515
2024-06-13 04:00:00,223.0,280.48383
2024-06-13 05:00:00,1009.0,1012.0464
2024-06-13 06:00:00,2525.0,2547.3699
2024-06-13 07:00:00,2784.0,2739.1543
2024-06-13 08:00:00,2046.0,2191.87
2024-06-13 09:00:00,1573.0,1529.4572
2024-06-13 10:00:00,1453.0,1439.4043
2024-06-13 11:00:00,1455.0,1457.5842
2024-06-13 12:00:00,1470.0,1490.3549
2024-06-13 13:00:00,1585.0,1527.1665
2024-06-13 14:00:00,1562.0,1576.942
2024-06-13 15:00:00,1761.0,1727.7576
2024-06-13 16:00:00,1900.0,1979.1517
2024-06-13 17:00:00,2090.0,2165.1885
2024-06-13 18:00:00,1717.0,1787.6729
2024-06-13 19:00:00,1125.0,1167.376
2024-06-13 20:00:00,769.0,745.28516
2024-06-13 21:00:00,662.0,576.77783
2024-06-13 22:00:00,502.0,487.77002
2024-06-13 23:00:00,281.0,251.03802
2024-06-14 00:00:00,141.0,123.42749
2024-06-14 01:00:00,74.0,61.473145
2024-06-14 02:00:00,56.0,66.75745
2024-06-14 03:00:00,81.0,91.429565
2024-06-14 04:00:00,232.0,301.42188
2024-06-14 05:00:00,846.0,908.0023
2024-06-14 06:00:00,2165.0,2405.9717
2024-06-14 07:00:00,2280.0,2606.7778
2024-06-14 08:00:00,1791.0,1979.6467
2024-06-14 09:00:00,1506.0,1528.283
2024-06-14 10:00:00,1490.0,1467.6815
2024-06-14 11:00:00,1585.0,1501.4058
2024-06-14 12:00:00,1657.0,1553.1183
2024-06-14 13:00:00,1732.0,1600.6378
2024-06-14 14:00:00,1853.0,1714.4464
2024-06-14 15:00:00,1957.0,1883.6118
2024-06-14 16:00:00,2150.0,2060.2122
2024-06-14 17:00:00,2061.0,2171.615
2024-06-14 18:00:00,1705.0,1814.5793
2024-06-14 19:00:00,1154.0,1264.395
2024-06-14 20:00:00,929.0,871.78754
2024-06-14 21:00:00,720.0,646.54645
2024-06-14 22:00:00,560.0,556.7946
2024-06-14 23:00:00,527.0,418.47076
2024-06-15 00:00:00,342.0,298.74542
2024-06-15 01:00:00,179.0,165.195
2024-06-15 02:00:00,93.0,123.49817
2024-06-15 03:00:00,120.0,120.98889
2024-06-15 04:00:00,165.0,141.38281
2024-06-15 05:00:00,235.0,286.87823
2024-06-15 06:00:00,527.0,560.9012
2024-06-15 07:00:00,853.0,845.6813
2024-06-15 08:00:00,1155.0,1148.3156
2024-06-15 09:00:00,1466.0,1493.7844
2024-06-15 10:00:00,1710.0,1722.0916
2024-06-15 11:00:00,1829.0,1854.6565
2024-06-15 12:00:00,1788.0,1898.5989
2024-06-15 13:00:00,1801.0,1934.8715
2024-06-15 14:00:00,1908.0,1986.8389
2024-06-15 15:00:00,1691.0,2048.1038
2024-06-15 16:00:00,1621.0,2148.562
2024-06-15 17:00:00,1703.0,2151.3547
2024-06-15 18:00:00,1389.0,1720.4097
2024-06-15 19:00:00,924.0,1125.8053
2024-06-15 20:00:00,878.0,861.7349
2024-06-15 21:00:00,715.0,768.484
2024-06-15 22:00:00,705.0,720.787
2024-06-15 23:00:00,764.0,590.2808
2024-06-16 00:00:00,374.0,253.98657
2024-06-16 01:00:00,225.0,216.50818
2024-06-16 02:00:00,122.0,182.10559
2024-06-16 03:00:00,106.0,155.91986
2024-06-16 04:00:00,158.0,140.67578
2024-06-16 05:00:00,144.0,160.82458
2024-06-16 06:00:00,257.0,218.05377
2024-06-16 07:00:00,326.0,314.90704
2024-06-16 08:00:00,642.0,592.9423
2024-06-16 09:00:00,1047.0,1052.3812
2024-06-16 10:00:00,1270.0,1328.4564
2024-06-16 11:00:00,1497.0,1509.5573
2024-06-16 12:00:00,1652.0,1645.0374
2024-06-16 13:00:00,1823.0,1808.4102
2024-06-16 14:00:00,2175.0,2036.3376
2024-06-16 15:00:00,2322.0,2306.2124
2024-06-16 16:00:00,2566.0,1743.0303
2024-06-16 17:00:00,2729.0,2513.0095
2024-06-16 18:00:00,2397.0,2280.1953
2024-06-16 19:00:00,1796.0,1813.186
2024-06-16 20:00:00,1326.0,1421.5854
2024-06-16 21:00:00,968.0,1067.061
2024-06-16 22:00:00,607.0,603.527
2024-06-16 23:00:00,306.0,314.6817
2024-06-17 00:00:00,122.0,102.04053
2024-06-17 01:00:00,70.0,74.36243
2024-06-17 02:00:00,57.0,65.98047
2024-06-17 03:00:00,79.0,89.12732
2024-06-17 04:00:00,215.0,290.2395
2024-06-17 05:00:00,1064.0,1033.7018
2024-06-17 06:00:00,2680.0,2633.6553
2024-06-17 07:00:00,2610.0,2783.7942
2024-06-17 08:00:00,1960.0,2111.3574
2024-06-17 09:00:00,1480.0,1520.1049
2024-06-17 10:00:00,1330.0,1439.1038
2024-06-17 11:00:00,1369.0,1450.9138
2024-06-17 12:00:00,1473.0,1468.5586
2024-06-17 13:00:00,1503.0,1486.4323
2024-06-17 14:00:00,1474.0,1515.4722
2024-06-17 15:00:00,1624.0,1643.9247
2024-06-17 16:00:00,1748.0,1836.4222
2024-06-17 17:00:00,2085.0,2076.657
2024-06-17 18:00:00,1524.0,1707.3958
2024-06-17 19:00:00,983.0,1089.5779
2024-06-17 20:00:00,784.0,720.92017
2024-06-17 21:00:00,576.0,539.75464
2024-06-17 22:00:00,387.0,395.16315
2024-06-17 23:00:00,203.0,201.81433
2024-06-18 00:00:00,110.0,101.43518
2024-06-18 01:00:00,63.0,69.6084
2024-06-18 02:00:00,70.0,59.342407
2024-06-18 03:00:00,72.0,81.76929
2024-06-18 04:00:00,209.0,275.5948
2024-06-18 05:00:00,1013.0,1098.4124
2024-06-18 06:00:00,2708.0,2588.3848
2024-06-18 07:00:00,2712.0,2779.1023
2024-06-18 08:00:00,2010.0,2171.133
2024-06-18 09:00:00,1516.0,1542.3356
2024-06-18 10:00:00,1385.0,1443.1909
2024-06-18 11:00:00,1430.0,1459.4749
2024-06-18 12:00:00,1414.0,1478.0886
2024-06-18 13:00:00,1469.0,1501.396
2024-06-18 14:00:00,1526.0,1544.8667
2024-06-18 15:00:00,1675.0,1684.9994
2024-06-18 16:00:00,1925.0,1923.4622
2024-06-18 17:00:00,2132.0,2098.1707
2024-06-18 18:00:00,1633.0,1726.6506
2024-06-18 19:00:00,1029.0,1197.0598
2024-06-18 20:00:00,698.0,769.1614
2024-06-18 21:00:00,564.0,565.94385
2024-06-18 22:00:00,451.0,435.21265
2024-06-18 23:00:00,251.0,234.70947
2024-06-19 00:00:00,108.0,115.63098
2024-06-19 01:00:00,67.0,69.53247
2024-06-19 02:00:00,60.0,61.06848
2024-06-19 03:00:00,83.0,88.83154
2024-06-19 04:00:00,194.0,334.58344
2024-06-19 05:00:00,945.0,1069.1646
2024-06-19 06:00:00,2563.0,2534.4697
2024-06-19 07:00:00,2788.0,2760.4722
2024-06-19 08:00:00,1903.0,2193.8403
2024-06-19 09:00:00,1492.0,1559.7538
2024-06-19 10:00:00,1401.0,1447.1707
2024-06-19 11:00:00,1459.0,1467.9259
2024-06-19 12:00:00,1454.0,1490.8602
2024-06-19 13:00:00,1536.0,1520.1526
2024-06-19 14:00:00,1584.0,1573.5508
2024-06-19 15:00:00,1607.0,1731.8167
2024-06-19 16:00:00,1881.0,1974.6997
2024-06-19 17:00:00,2177.0,2134.2778
2024-06-19 18:00:00,1603.0,1744.3748
2024-06-19 19:00:00,1014.0,1212.0122
2024-06-19 20:00:00,781.0,794.51575
2024-06-19 21:00:00,589.0,580.0704
2024-06-19 22:00:00,409.0,468.63867
2024-06-19 23:00:00,356.0,275.67175
2024-06-20 00:00:00,123.0,128.38
2024-06-20 01:00:00,75.0,69.05957
2024-06-20 02:00:00,71.0,64.39563
2024-06-20 03:00:00,101.0,99.14087
2024-06-20 04:00:00,196.0,370.3811
2024-06-20 05:00:00,958.0,1052.5261
2024-06-20 06:00:00,2502.0,2550.2534
2024-06-20 07:00:00,2778.0,2756.3804
2024-06-20 08:00:00,1924.0,2092.7568
2024-06-20 09:00:00,1537.0,1535.8267
2024-06-20 10:00:00,1411.0,1457.0703
2024-06-20 11:00:00,1512.0,1485.5214
2024-06-20 12:00:00,1433.0,1524.2307
2024-06-20 13:00:00,1601.0,1567.3485
2024-06-20 14:00:00,1677.0,1628.0233
2024-06-20 15:00:00,1794.0,1789.634
2024-06-20 16:00:00,1913.0,2021.4503
2024-06-20 17:00:00,2189.0,2160.503
2024-06-20 18:00:00,1723.0,1781.6361
2024-06-20 19:00:00,1077.0,1248.174
2024-06-20 20:00:00,794.0,835.64435
2024-06-20 21:00:00,592.0,610.32825
2024-06-20 22:00:00,491.0,517.7203
2024-06-20 23:00:00,379.0,338.97662
2024-06-21 00:00:00,169.0,174.63867
2024-06-21 01:00:00,90.0,78.25513
2024-06-21 02:00:00,74.0,70.75403
2024-06-21 03:00:00,107.0,107.8855
2024-06-21 04:00:00,216.0,360.19244
2024-06-21 05:00:00,802.0,946.7232
2024-06-21 06:00:00,2177.0,2409.3052
2024-06-21 07:00:00,2260.0,2630.9617
2024-06-21 08:00:00,1756.0,1912.1118
2024-06-21 09:00:00,1438.0,1512.6138
2024-06-21 10:00:00,1557.0,1476.6792
2024-06-21 11:00:00,1694.0,1527.781
2024-06-21 12:00:00,1757.0,1570.3801
2024-06-21 13:00:00,1782.0,1619.0471
2024-06-21 14:00:00,1932.0,1725.646
2024-06-21 15:00:00,1948.0,1837.113
2024-06-21 16:00:00,2038.0,2061.4673
2024-06-21 17:00:00,2088.0,2115.784
2024-06-21 18:00:00,1658.0,1786.9841
2024-06-21 19:00:00,1141.0,1316.8306
2024-06-21 20:00:00,880.0,907.16284
2024-06-21 21:00:00,694.0,650.68823
2024-06-21 22:00:00,602.0,563.92865
2024-06-21 23:00:00,526.0,418.8603
2024-06-22 00:00:00,276.0,294.1938
2024-06-22 01:00:00,148.0,159.61115
2024-06-22 02:00:00,138.0,121.53711
2024-06-22 03:00:00,112.0,117.5896
2024-06-22 04:00:00,161.0,144.86871
2024-06-22 05:00:00,237.0,267.7616
2024-06-22 06:00:00,595.0,545.7408
2024-06-22 07:00:00,893.0,853.9175
2024-06-22 08:00:00,1282.0,1139.8373
2024-06-22 09:00:00,1506.0,1522.2828
2024-06-22 10:00:00,1707.0,1724.4521
2024-06-22 11:00:00,1688.0,1854.7615
2024-06-22 12:00:00,1800.0,1854.9309
2024-06-22 13:00:00,1914.0,1887.7805
2024-06-22 14:00:00,2011.0,1916.2128
2024-06-22 15:00:00,1834.0,1977.1448
2024-06-22 16:00:00,1882.0,2079.0994
2024-06-22 17:00:00,1909.0,2014.1158
2024-06-22 18:00:00,1002.0,1628.4861
2024-06-22 19:00:00,493.0,1054.9738
2024-06-22 20:00:00,817.0,825.93274
2024-06-22 21:00:00,730.0,760.5257
2024-06-22 22:00:00,721.0,715.59875
2024-06-22 23:00:00,690.0,568.0924
2024-06-23 00:00:00,403.0,197.05255
2024-06-23 01:00:00,206.0,158.2331
2024-06-23 02:00:00,147.0,123.837036
2024-06-23 03:00:00,118.0,109.75232
2024-06-23 04:00:00,149.0,125.76807
2024-06-23 05:00:00,132.0,190.41797
2024-06-23 06:00:00,231.0,365.4353
2024-06-23 07:00:00,353.0,647.8564
2024-06-23 08:00:00,651.0,946.0762
2024-06-23 09:00:00,1073.0,1238.8859
2024-06-23 10:00:00,1376.0,1471.4677
2024-06-23 11:00:00,1748.0,1632.6353
2024-06-23 12:00:00,1942.0,1765.5105
2024-06-23 13:00:00,1967.0,1883.271
2024-06-23 14:00:00,2069.0,2038.9006
2024-06-23 15:00:00,2232.0,2216.7856
2024-06-23 16:00:00,2295.0,2347.8398
2024-06-23 17:00:00,2325.0,2384.9097
2024-06-23 18:00:00,1844.0,1980.4712
2024-06-23 19:00:00,1555.0,1371.6824
2024-06-23 20:00:00,1167.0,942.9625
2024-06-23 21:00:00,695.0,761.0568
2024-06-23 22:00:00,378.0,566.77563
2024-06-23 23:00:00,412.0,288.4842
2024-06-24 00:00:00,145.0,107.04224
2024-06-24 01:00:00,68.0,74.462524
2024-06-24 02:00:00,72.0,68.209595
2024-06-24 03:00:00,110.0,95.65515
2024-06-24 04:00:00,201.0,340.5022
2024-06-24 05:00:00,1072.0,1406.7432
2024-06-24 06:00:00,2652.0,2647.54
2024-06-24 07:00:00,2685.0,2772.7576
2024-06-24 08:00:00,1899.0,2157.0596
2024-06-24 09:00:00,1535.0,1542.514
2024-06-24 10:00:00,1351.0,1445.3118
2024-06-24 11:00:00,1424.0,1460.5847
2024-06-24 12:00:00,1361.0,1479.654
2024-06-24 13:00:00,1507.0,1504.196
2024-06-24 14:00:00,1506.0,1542.4182
2024-06-24 15:00:00,1614.0,1685.2151
2024-06-24 16:00:00,1791.0,1886.9058
2024-06-24 17:00:00,2058.0,2111.0566
2024-06-24 18:00:00,1576.0,1754.8997
2024-06-24 19:00:00,1058.0,1254.547
2024-06-24 20:00:00,769.0,800.05
2024-06-24 21:00:00,596.0,564.51526
2024-06-24 22:00:00,382.0,419.77716
2024-06-24 23:00:00,251.0,215.33228
2024-06-25 00:00:00,119.0,111.81348
2024-06-25 01:00:00,83.0,75.02527
2024-06-25 02:00:00,53.0,67.23157
2024-06-25 03:00:00,86.0,94.64099
2024-06-25 04:00:00,197.0,367.5772
2024-06-25 05:00:00,1059.0,1365.7848
2024-06-25 06:00:00,2631.0,2624.2944
2024-06-25 07:00:00,2779.0,2775.108
2024-06-25 08:00:00,2013.0,2214.8018
2024-06-25 09:00:00,1503.0,1571.0248
2024-06-25 10:00:00,1374.0,1447.5554
2024-06-25 11:00:00,1426.0,1465.16
2024-06-25 12:00:00,1393.0,1487.2745
2024-06-25 13:00:00,1551.0,1513.0054
2024-06-25 14:00:00,1437.0,1554.2039
2024-06-25 15:00:00,1575.0,1704.3628
2024-06-25 16:00:00,1928.0,1893.9199
2024-06-25 17:00:00,2156.0,2089.084
2024-06-25 18:00:00,1624.0,1753.6611
2024-06-25 19:00:00,1089.0,1160.4088
2024-06-25 20:00:00,670.0,761.09106
2024-06-25 21:00:00,572.0,545.30383
2024-06-25 22:00:00,376.0,421.3247
2024-06-25 23:00:00,233.0,226.2619
2024-06-26 00:00:00,112.0,106.82324
2024-06-26 01:00:00,72.0,65.09741
2024-06-26 02:00:00,57.0,60.99353
2024-06-26 03:00:00,135.0,92.54065
2024-06-26 04:00:00,214.0,354.03375
2024-06-26 05:00:00,1002.0,1101.9769
2024-06-26 06:00:00,2571.0,2631.0151
2024-06-26 07:00:00,2733.0,2766.2422
2024-06-26 08:00:00,2043.0,2154.3672
2024-06-26 09:00:00,1593.0,1550.2347
2024-06-26 10:00:00,1451.0,1450.2349
2024-06-26 11:00:00,1560.0,1475.355
2024-06-26 12:00:00,1517.0,1500.2654
2024-06-26 13:00:00,1675.0,1531.3799
2024-06-26 14:00:00,1679.0,1580.8928
2024-06-26 15:00:00,1770.0,1743.8071
2024-06-26 16:00:00,1886.0,1946.5205
2024-06-26 17:00:00,2056.0,2145.7158
2024-06-26 18:00:00,1724.0,1759.9347
2024-06-26 19:00:00,1085.0,1182.6487
2024-06-26 20:00:00,788.0,792.38306
2024-06-26 21:00:00,629.0,572.22546
2024-06-26 22:00:00,488.0,460.90082
2024-06-26 23:00:00,286.0,251.69495
2024-06-27 00:00:00,122.0,113.34473
2024-06-27 01:00:00,77.0,63.47998
2024-06-27 02:00:00,66.0,66.23816
2024-06-27 03:00:00,93.0,99.1853
2024-06-27 04:00:00,242.0,360.06024
2024-06-27 05:00:00,998.0,1030.473
2024-06-27 06:00:00,2542.0,2534.4575
2024-06-27 07:00:00,2806.0,2732.9224
2024-06-27 08:00:00,2044.0,2214.766
2024-06-27 09:00:00,1577.0,1615.4861
2024-06-27 10:00:00,1492.0,1476.749
2024-06-27 11:00:00,1507.0,1496.7495
2024-06-27 12:00:00,1570.0,1533.5085
2024-06-27 13:00:00,1660.0,1544.6505
2024-06-27 14:00:00,1665.0,1660.775
2024-06-27 15:00:00,1794.0,1855.388
2024-06-27 16:00:00,1963.0,2120.6062
2024-06-27 17:00:00,2162.0,2129.1855
2024-06-27 18:00:00,1735.0,1809.2012
2024-06-27 19:00:00,1135.0,1266.5636
2024-06-27 20:00:00,836.0,874.02795
2024-06-27 21:00:00,683.0,619.08246
2024-06-27 22:00:00,598.0,518.78143
2024-06-27 23:00:00,381.0,327.02765
2024-06-28 00:00:00,147.0,143.28204
2024-06-28 01:00:00,88.0,75.44409
2024-06-28 02:00:00,77.0,74.85315
2024-06-28 03:00:00,80.0,109.706055
2024-06-28 04:00:00,256.0,369.2541
2024-06-28 05:00:00,844.0,932.0585
2024-06-28 06:00:00,2231.0,2348.7393
2024-06-28 07:00:00,2337.0,2606.083
2024-06-28 08:00:00,1833.0,2091.0417
2024-06-28 09:00:00,1582.0,1613.7292
2024-06-28 10:00:00,1525.0,1517.989
2024-06-28 11:00:00,1673.0,1540.7583
2024-06-28 12:00:00,1701.0,1593.7034
2024-06-28 13:00:00,1868.0,1666.6809
2024-06-28 14:00:00,1907.0,1782.9305
2024-06-28 15:00:00,1949.0,1990.661
2024-06-28 16:00:00,2186.0,2134.873
2024-06-28 17:00:00,2187.0,2216.74
2024-06-28 18:00:00,1854.0,1869.7148
2024-06-28 19:00:00,1330.0,1413.6914
2024-06-28 20:00:00,1022.0,985.6336
2024-06-28 21:00:00,762.0,690.7616
2024-06-28 22:00:00,773.0,555.98
2024-06-28 23:00:00,681.0,435.63538
2024-06-29 00:00:00,331.0,236.8902
2024-06-29 01:00:00,199.0,146.21204
2024-06-29 02:00:00,145.0,130.51746
2024-06-29 03:00:00,130.0,129.93268
2024-06-29 04:00:00,203.0,166.63916
2024-06-29 05:00:00,275.0,336.17102
2024-06-29 06:00:00,622.0,669.0199
2024-06-29 07:00:00,937.0,1075.3138
2024-06-29 08:00:00,1315.0,1408.016
2024-06-29 09:00:00,1641.0,1675.5645
2024-06-29 10:00:00,1743.0,1832.3292
2024-06-29 11:00:00,1779.0,1935.075
2024-06-29 12:00:00,1879.0,2007.9333
2024-06-29 13:00:00,2154.0,2059.3394
2024-06-29 14:00:00,2222.0,2111.0332
2024-06-29 15:00:00,2411.0,2195.6138
2024-06-29 16:00:00,2545.0,2307.4778
2024-06-29 17:00:00,2120.0,2309.216
2024-06-29 18:00:00,1275.0,1906.8564
2024-06-29 19:00:00,776.0,1446.3474
2024-06-29 20:00:00,867.0,1009.0626
2024-06-29 21:00:00,764.0,790.48413
2024-06-29 22:00:00,773.0,664.6189
2024-06-29 23:00:00,800.0,505.6612
2024-06-30 00:00:00,385.0,197.172
2024-06-30 01:00:00,197.0,170.58142
2024-06-30 02:00:00,167.0,119.79175
2024-06-30 03:00:00,126.0,133.87439
2024-06-30 04:00:00,193.0,146.57196
2024-06-30 05:00:00,142.0,189.51495
2024-06-30 06:00:00,217.0,257.83356
2024-06-30 07:00:00,314.0,383.99884
2024-06-30 08:00:00,625.0,681.3237
2024-06-30 09:00:00,1026.0,1049.4025
2024-06-30 10:00:00,1388.0,1327.239
2024-06-30 11:00:00,1686.0,1550.7234
2024-06-30 12:00:00,2011.0,1718.5869
2024-06-30 13:00:00,2151.0,1888.3005
2024-06-30 14:00:00,2335.0,2062.855
2024-06-30 15:00:00,2592.0,2295.8037
2024-06-30 16:00:00,2664.0,2442.7214
2024-06-30 17:00:00,2515.0,2300.878
2024-06-30 18:00:00,2221.0,2100.006
2024-06-30 19:00:00,1464.0,1629.042
2024-06-30 20:00:00,1098.0,1187.7925
2024-06-30 21:00:00,972.0,810.7112
2024-06-30 22:00:00,809.0,477.60657
2024-06-30 23:00:00,309.0,259.63007
2024-07-01 00:00:00,155.0,100.229614
2024-07-01 01:00:00,78.0,73.12195
2024-07-01 02:00:00,76.0,74.94751
2024-07-01 03:00:00,107.0,105.45947
2024-07-01 04:00:00,254.0,426.75055
2024-07-01 05:00:00,1038.0,1393.4565
2024-07-01 06:00:00,2653.0,2613.2363
2024-07-01 07:00:00,2665.0,2702.0107
2024-07-01 08:00:00,1993.0,2048.1772
2024-07-01 09:00:00,1513.0,1551.0775
2024-07-01 10:00:00,1481.0,1435.9475
2024-07-01 11:00:00,1504.0,1456.281
2024-07-01 12:00:00,1562.0,1481.0029
2024-07-01 13:00:00,1617.0,1513.9717
2024-07-01 14:00:00,1566.0,1555.2715
2024-07-01 15:00:00,1618.0,1674.0549
2024-07-01 16:00:00,1823.0,1865.8749
2024-07-01 17:00:00,2066.0,2060.4526
2024-07-01 18:00:00,1656.0,1767.9597
2024-07-01 19:00:00,1038.0,1182.0879
2024-07-01 20:00:00,709.0,780.11646
2024-07-01 21:00:00,538.0,550.36273
2024-07-01 22:00:00,409.0,386.29266
2024-07-01 23:00:00,203.0,203.42267
2024-07-02 00:00:00,102.0,101.026855
2024-07-02 01:00:00,53.0,73.99451
2024-07-02 02:00:00,56.0,71.85083
2024-07-02 03:00:00,87.0,108.18359
2024-07-02 04:00:00,252.0,425.16998
2024-07-02 05:00:00,1012.0,1260.2839
2024-07-02 06:00:00,2598.0,2608.9937
2024-07-02 07:00:00,2837.0,2721.5825
2024-07-02 08:00:00,2038.0,2087.7979
2024-07-02 09:00:00,1601.0,1570.2988
2024-07-02 10:00:00,1398.0,1446.5715
2024-07-02 11:00:00,1431.0,1457.3704
2024-07-02 12:00:00,1379.0,1486.5281
2024-07-02 13:00:00,1505.0,1516.3373
2024-07-02 14:00:00,1517.0,1558.3367
2024-07-02 15:00:00,1614.0,1678.7144
2024-07-02 16:00:00,1854.0,1870.4965
2024-07-02 17:00:00,2129.0,2037.7415
2024-07-02 18:00:00,1639.0,1726.2163
2024-07-02 19:00:00,1002.0,1132.7407
2024-07-02 20:00:00,708.0,716.04675
2024-07-02 21:00:00,532.0,532.03656
2024-07-02 22:00:00,402.0,366.54724
2024-07-02 23:00:00,274.0,190.60736
2024-07-03 00:00:00,106.0,101.63721
2024-07-03 01:00:00,58.0,69.771484
2024-07-03 02:00:00,53.0,66.88562
2024-07-03 03:00:00,98.0,104.58276
2024-07-03 04:00:00,193.0,391.7735
2024-07-03 05:00:00,980.0,1158.1918
2024-07-03 06:00:00,2542.0,2583.8772
2024-07-03 07:00:00,2618.0,2735.2017
2024-07-03 08:00:00,1930.0,2127.9585
2024-07-03 09:00:00,1521.0,1586.3129
2024-07-03 10:00:00,1484.0,1456.0476
2024-07-03 11:00:00,1549.0,1471.5592
2024-07-03 12:00:00,1484.0,1501.5835
2024-07-03 13:00:00,1604.0,1528.875
2024-07-03 14:00:00,1604.0,1560.1284
2024-07-03 15:00:00,1701.0,1684.9941
2024-07-03 16:00:00,1762.0,1878.9377
2024-07-03 17:00:00,2173.0,2084.3271
2024-07-03 18:00:00,1674.0,1732.8613
2024-07-03 19:00:00,1065.0,1103.7
2024-07-03 20:00:00,712.0,695.69824
2024-07-03 21:00:00,659.0,551.50525
2024-07-03 22:00:00,478.0,416.71466
2024-07-03 23:00:00,261.0,206.05219
2024-07-04 00:00:00,129.0,105.41467
2024-07-04 01:00:00,70.0,67.2439
2024-07-04 02:00:00,54.0,74.01013
2024-07-04 03:00:00,88.0,109.243164
2024-07-04 04:00:00,223.0,381.37665
2024-07-04 05:00:00,1005.0,1154.7885
2024-07-04 06:00:00,2499.0,2534.1167
2024-07-04 07:00:00,2727.0,2697.9102
2024-07-04 08:00:00,2071.0,2147.43
2024-07-04 09:00:00,1576.0,1586.8302
2024-07-04 10:00:00,1507.0,1472.051
2024-07-04 11:00:00,1486.0,1496.6377
2024-07-04 12:00:00,1466.0,1528.6628
2024-07-04 13:00:00,1589.0,1572.2936
2024-07-04 14:00:00,1632.0,1663.9376
2024-07-04 15:00:00,1728.0,1822.9789
2024-07-04 16:00:00,2057.0,2022.2003
2024-07-04 17:00:00,2191.0,2170.551
2024-07-04 18:00:00,1753.0,1825.7074
2024-07-04 19:00:00,1112.0,1258.4335
2024-07-04 20:00:00,828.0,847.4701
2024-07-04 21:00:00,719.0,601.92334
2024-07-04 22:00:00,559.0,494.97455
2024-07-04 23:00:00,334.0,270.39
2024-07-05 00:00:00,153.0,143.64496
2024-07-05 01:00:00,89.0,89.27783
2024-07-05 02:00:00,55.0,89.45166
2024-07-05 03:00:00,105.0,135.4303
2024-07-05 04:00:00,236.0,447.0719
2024-07-05 05:00:00,870.0,1094.4231
2024-07-05 06:00:00,2192.0,2428.6033
2024-07-05 07:00:00,2197.0,2584.4448
2024-07-05 08:00:00,1845.0,2062.8096
2024-07-05 09:00:00,1526.0,1627.6124
2024-07-05 10:00:00,1482.0,1513.0005
2024-07-05 11:00:00,1614.0,1540.2289
2024-07-05 12:00:00,1570.0,1593.3677
2024-07-05 13:00:00,1742.0,1664.0328
2024-07-05 14:00:00,1889.0,1774.3461
2024-07-05 15:00:00,2077.0,1946.6492
2024-07-05 16:00:00,2383.0,2135.6172
2024-07-05 17:00:00,2298.0,2211.6367
2024-07-05 18:00:00,1677.0,1918.1484
2024-07-05 19:00:00,1174.0,1366.7278
2024-07-05 20:00:00,893.0,950.9863
2024-07-05 21:00:00,868.0,679.46027
2024-07-05 22:00:00,691.0,549.2596
2024-07-05 23:00:00,521.0,360.74554
2024-07-06 00:00:00,385.0,231.17749
2024-07-06 01:00:00,224.0,131.39172
2024-07-06 02:00:00,119.0,122.31555
2024-07-06 03:00:00,146.0,141.0304
2024-07-06 04:00:00,205.0,224.38373
2024-07-06 05:00:00,295.0,402.64117
2024-07-06 06:00:00,556.0,683.9024
2024-07-06 07:00:00,921.0,949.6054
2024-07-06 08:00:00,1258.0,1118.7985
2024-07-06 09:00:00,1478.0,1425.4186
2024-07-06 10:00:00,1691.0,1656.615
2024-07-06 11:00:00,1817.0,1786.2952
2024-07-06 12:00:00,1868.0,1872.4224
2024-07-06 13:00:00,2166.0,1944.6306
2024-07-06 14:00:00,2139.0,2019.8176
2024-07-06 15:00:00,2130.0,2083.1694
2024-07-06 16:00:00,2170.0,2184.9019
2024-07-06 17:00:00,1816.0,2055.3213
2024-07-06 18:00:00,994.0,1769.7206
2024-07-06 19:00:00,642.0,1267.5658
2024-07-06 20:00:00,606.0,918.2181
2024-07-06 21:00:00,873.0,774.9281
2024-07-06 22:00:00,707.0,658.0583
2024-07-06 23:00:00,752.0,507.43774
2024-07-07 00:00:00,449.0,218.96826
2024-07-07 01:00:00,238.0,188.43066
2024-07-07 02:00:00,140.0,164.84277
2024-07-07 03:00:00,147.0,146.03772
2024-07-07 04:00:00,159.0,138.89178
2024-07-07 05:00:00,144.0,168.05396
2024-07-07 06:00:00,242.0,230.79926
2024-07-07 07:00:00,328.0,361.47272
2024-07-07 08:00:00,531.0,626.0942
2024-07-07 09:00:00,982.0,968.6114
2024-07-07 10:00:00,1372.0,1249.1304
2024-07-07 11:00:00,1753.0,1435.6882
2024-07-07 12:00:00,2056.0,1627.1445
2024-07-07 13:00:00,2036.0,1838.8625
2024-07-07 14:00:00,2128.0,2113.2249
2024-07-07 15:00:00,2093.0,2341.513
2024-07-07 16:00:00,2241.0,2503.5664
2024-07-07 17:00:00,2261.0,2539.1914
2024-07-07 18:00:00,1886.0,2394.1938
2024-07-07 19:00:00,1478.0,2093.3289
2024-07-07 20:00:00,1214.0,1654.0073
2024-07-07 21:00:00,863.0,1187.441
2024-07-07 22:00:00,577.0,662.7528
2024-07-07 23:00:00,288.0,300.65277
2024-07-08 00:00:00,123.0,132.18256
2024-07-08 01:00:00,92.0,79.78906
2024-07-08 02:00:00,56.0,83.72583
2024-07-08 03:00:00,119.0,120.94714
2024-07-08 04:00:00,264.0,453.23438
2024-07-08 05:00:00,1049.0,1235.9807
2024-07-08 06:00:00,2497.0,2445.441
2024-07-08 07:00:00,2596.0,2568.594
2024-07-08 08:00:00,1853.0,1885.8911
2024-07-08 09:00:00,1548.0,1501.7697
2024-07-08 10:00:00,1442.0,1459.335
2024-07-08 11:00:00,1340.0,1476.8191
2024-07-08 12:00:00,1364.0,1504.8088
2024-07-08 13:00:00,1464.0,1540.6045
2024-07-08 14:00:00,1526.0,1581.6295
2024-07-08 15:00:00,1648.0,1696.9584
2024-07-08 16:00:00,1885.0,1902.9001
2024-07-08 17:00:00,2050.0,2084.1924
2024-07-08 18:00:00,1686.0,1735.501
2024-07-08 19:00:00,1039.0,1193.7634
2024-07-08 20:00:00,759.0,851.2636
2024-07-08 21:00:00,652.0,627.3519
2024-07-08 22:00:00,470.0,480.38782
2024-07-08 23:00:00,295.0,285.06494
2024-07-09 00:00:00,111.0,154.13861
2024-07-09 01:00:00,62.0,92.27222
2024-07-09 02:00:00,62.0,82.234985
2024-07-09 03:00:00,87.0,124.499084
2024-07-09 04:00:00,216.0,413.07947
2024-07-09 05:00:00,948.0,1007.2281
2024-07-09 06:00:00,2544.0,2255.7402
2024-07-09 07:00:00,2672.0,2617.5127
2024-07-09 08:00:00,1924.0,2042.3315
2024-07-09 09:00:00,1474.0,1559.0482
2024-07-09 10:00:00,1480.0,1471.0782
2024-07-09 11:00:00,1473.0,1492.1199
2024-07-09 12:00:00,1392.0,1525.3597
2024-07-09 13:00:00,1479.0,1557.8296
2024-07-09 14:00:00,1532.0,1622.9385
2024-07-09 15:00:00,1679.0,1771.2087
2024-07-09 16:00:00,1876.0,1981.9043
2024-07-09 17:00:00,2113.0,2125.5964
2024-07-09 18:00:00,1710.0,1760.293
2024-07-09 19:00:00,1080.0,1253.4647
2024-07-09 20:00:00,803.0,863.7488
2024-07-09 21:00:00,675.0,627.3211
2024-07-09 22:00:00,477.0,498.47467
2024-07-09 23:00:00,299.0,329.59412
2024-07-10 00:00:00,127.0,189.61853
2024-07-10 01:00:00,67.0,109.27954
2024-07-10 02:00:00,66.0,80.606445
2024-07-10 03:00:00,111.0,140.17865
2024-07-10 04:00:00,227.0,456.11035
2024-07-10 05:00:00,922.0,1112.1511
2024-07-10 06:00:00,2390.0,2329.6
2024-07-10 07:00:00,2658.0,2434.5444
2024-07-10 08:00:00,1907.0,1894.185
2024-07-10 09:00:00,1508.0,1522.959
2024-07-10 10:00:00,1531.0,1490.5715
2024-07-10 11:00:00,1505.0,1518.9294
2024-07-10 12:00:00,1527.0,1550.346
2024-07-10 13:00:00,1662.0,1585.7289
2024-07-10 14:00:00,1620.0,1669.7726
2024-07-10 15:00:00,1724.0,1824.3677
2024-07-10 16:00:00,2014.0,2017.663
2024-07-10 17:00:00,2169.0,2141.9624
2024-07-10 18:00:00,1738.0,1816.2201
2024-07-10 19:00:00,1055.0,1114.1132
2024-07-10 20:00:00,808.0,850.0144
2024-07-10 21:00:00,548.0,617.75635
2024-07-10 22:00:00,415.0,508.6787
2024-07-10 23:00:00,251.0,338.41034
2024-07-11 00:00:00,119.0,190.07727
2024-07-11 01:00:00,76.0,110.93213
2024-07-11 02:00:00,50.0,100.62781
2024-07-11 03:00:00,108.0,153.75385
2024-07-11 04:00:00,208.0,522.7675
2024-07-11 05:00:00,923.0,1038.8818
2024-07-11 06:00:00,2317.0,2156.3352
2024-07-11 07:00:00,2637.0,2274.9592
2024-07-11 08:00:00,1835.0,1810.2314
2024-07-11 09:00:00,1544.0,1544.2512
2024-07-11 10:00:00,1409.0,1525.3031
2024-07-11 11:00:00,1521.0,1539.1877
2024-07-11 12:00:00,1468.0,1578.0319
2024-07-11 13:00:00,1551.0,1642.9763
2024-07-11 14:00:00,1570.0,1764.1289
2024-07-11 15:00:00,1655.0,1927.1274
2024-07-11 16:00:00,1916.0,2120.7498
2024-07-11 17:00:00,2406.0,2183.7476
2024-07-11 18:00:00,1720.0,1746.1466
2024-07-11 19:00:00,1254.0,1155.7142
2024-07-11 20:00:00,906.0,881.72534
2024-07-11 21:00:00,628.0,658.75543
2024-07-11 22:00:00,565.0,549.4385
2024-07-11 23:00:00,335.0,403.77484
2024-07-12 00:00:00,123.0,235.1164
2024-07-12 01:00:00,100.0,127.668884
2024-07-12 02:00:00,65.0,121.88464
2024-07-12 03:00:00,107.0,187.09717
2024-07-12 04:00:00,214.0,467.44196
2024-07-12 05:00:00,826.0,989.701
2024-07-12 06:00:00,2116.0,1898.876
2024-07-12 07:00:00,2136.0,2103.34
2024-07-12 08:00:00,1624.0,1757.5403
2024-07-12 09:00:00,1563.0,1569.1455
2024-07-12 10:00:00,1621.0,1563.6716
2024-07-12 11:00:00,1687.0,1595.3569
2024-07-12 12:00:00,1727.0,1663.5215
2024-07-12 13:00:00,1837.0,1743.635
2024-07-12 14:00:00,1923.0,1870.6995
2024-07-12 15:00:00,1991.0,2003.495
2024-07-12 16:00:00,2044.0,2056.699
2024-07-12 17:00:00,1956.0,2109.1155
2024-07-12 18:00:00,1704.0,1810.2136
2024-07-12 19:00:00,1114.0,1240.5138
2024-07-12 20:00:00,896.0,900.8138
2024-07-12 21:00:00,620.0,687.4092
2024-07-12 22:00:00,557.0,584.0031
2024-07-12 23:00:00,392.0,408.22137
2024-07-13 00:00:00,220.0,292.5929
2024-07-13 01:00:00,173.0,143.8006
2024-07-13 02:00:00,114.0,110.707275
2024-07-13 03:00:00,129.0,127.02905
2024-07-13 04:00:00,205.0,181.04767
2024-07-13 05:00:00,253.0,304.32648
2024-07-13 06:00:00,522.0,494.5672
2024-07-13 07:00:00,764.0,726.6931
2024-07-13 08:00:00,1137.0,979.03906
2024-07-13 09:00:00,1461.0,1338.2986
2024-07-13 10:00:00,1790.0,1655.4236
2024-07-13 11:00:00,1824.0,1879.8812
2024-07-13 12:00:00,1911.0,1945.3767
2024-07-13 13:00:00,1997.0,1977.0359
2024-07-13 14:00:00,2020.0,2025.8237
2024-07-13 15:00:00,1871.0,2096.7534
2024-07-13 16:00:00,1873.0,2184.2178
2024-07-13 17:00:00,1864.0,2142.6216
2024-07-13 18:00:00,1484.0,1774.9512
2024-07-13 19:00:00,1115.0,1272.5723
2024-07-13 20:00:00,856.0,967.76276
2024-07-13 21:00:00,761.0,799.6806
2024-07-13 22:00:00,730.0,725.5878
2024-07-13 23:00:00,671.0,580.68256
2024-07-14 00:00:00,386.0,209.84027
2024-07-14 01:00:00,215.0,157.60297
2024-07-14 02:00:00,151.0,133.26959
2024-07-14 03:00:00,132.0,132.29779
2024-07-14 04:00:00,164.0,153.21307
2024-07-14 05:00:00,146.0,192.37787
2024-07-14 06:00:00,223.0,275.10077
2024-07-14 07:00:00,294.0,400.40918
2024-07-14 08:00:00,584.0,659.8895
2024-07-14 09:00:00,969.0,994.52954
2024-07-14 10:00:00,1226.0,1300.503
2024-07-14 11:00:00,1310.0,1561.0085
2024-07-14 12:00:00,1559.0,1756.303
2024-07-14 13:00:00,1765.0,1901.1018
2024-07-14 14:00:00,2039.0,2065.806
2024-07-14 15:00:00,2328.0,2243.083
2024-07-14 16:00:00,2662.0,2389.1475
2024-07-14 17:00:00,2662.0,2352.2686
2024-07-14 18:00:00,2735.0,2036.4343
2024-07-14 19:00:00,2307.0,1565.6694
2024-07-14 20:00:00,1539.0,1202.6619
2024-07-14 21:00:00,886.0,919.8613
2024-07-14 22:00:00,579.0,679.1998
2024-07-14 23:00:00,521.0,364.14618
2024-07-15 00:00:00,203.0,153.20972
2024-07-15 01:00:00,96.0,95.24951
2024-07-15 02:00:00,64.0,96.39734
2024-07-15 03:00:00,107.0,160.6076
2024-07-15 04:00:00,245.0,522.6644
2024-07-15 05:00:00,1001.0,1287.2964
2024-07-15 06:00:00,2293.0,2326.06
2024-07-15 07:00:00,2284.0,2398.1035
2024-07-15 08:00:00,1772.0,1850.8564
2024-07-15 09:00:00,1466.0,1510.0946
2024-07-15 10:00:00,1440.0,1462.2231
2024-07-15 11:00:00,1438.0,1483.5447
2024-07-15 12:00:00,1409.0,1515.9524
2024-07-15 13:00:00,1488.0,1547.8839
2024-07-15 14:00:00,1601.0,1610.1523
2024-07-15 15:00:00,1667.0,1759.6418
2024-07-15 16:00:00,1771.0,1953.1841
2024-07-15 17:00:00,2034.0,2114.084
2024-07-15 18:00:00,1647.0,1819.356
2024-07-15 19:00:00,1096.0,1298.3467
2024-07-15 20:00:00,814.0,834.32794
2024-07-15 21:00:00,557.0,611.84033
2024-07-15 22:00:00,371.0,460.92493
2024-07-15 23:00:00,215.0,299.34747
2024-07-16 00:00:00,95.0,135.10248
2024-07-16 01:00:00,78.0,87.54175
2024-07-16 02:00:00,53.0,93.1687
2024-07-16 03:00:00,97.0,144.87787
2024-07-16 04:00:00,195.0,503.26105
2024-07-16 05:00:00,896.0,1260.6638
2024-07-16 06:00:00,2261.0,2306.8894
2024-07-16 07:00:00,2493.0,2425.936
2024-07-16 08:00:00,1781.0,1847.0951
2024-07-16 09:00:00,1423.0,1507.8348
2024-07-16 10:00:00,1391.0,1462.8555
2024-07-16 11:00:00,1375.0,1485.693
2024-07-16 12:00:00,1390.0,1518.5288
2024-07-16 13:00:00,1539.0,1557.5889
2024-07-16 14:00:00,1522.0,1617.634
2024-07-16 15:00:00,1583.0,1743.4646
2024-07-16 16:00:00,1841.0,1949.4668
2024-07-16 17:00:00,2088.0,2114.8396
2024-07-16 18:00:00,1608.0,1772.0698
2024-07-16 19:00:00,974.0,1254.6777
2024-07-16 20:00:00,696.0,844.8715
2024-07-16 21:00:00,571.0,621.89667
2024-07-16 22:00:00,380.0,489.6029
2024-07-16 23:00:00,210.0,293.932
2024-07-17 00:00:00,114.0,166.34949
2024-07-17 01:00:00,79.0,98.4812
2024-07-17 02:00:00,81.0,94.737915
2024-07-17 03:00:00,98.0,157.17773
2024-07-17 04:00:00,220.0,497.3808
2024-07-17 05:00:00,899.0,1193.1434
2024-07-17 06:00:00,2162.0,2234.6636
2024-07-17 07:00:00,2410.0,2326.2073
2024-07-17 08:00:00,1736.0,1807.3313
2024-07-17 09:00:00,1427.0,1516.3239
2024-07-17 10:00:00,1372.0,1482.2388
2024-07-17 11:00:00,1391.0,1508.2871
2024-07-17 12:00:00,1394.0,1551.7341
2024-07-17 13:00:00,1574.0,1587.7059
2024-07-17 14:00:00,1631.0,1670.7859
2024-07-17 15:00:00,1656.0,1820.3157
2024-07-17 16:00:00,1915.0,2020.9971
2024-07-17 17:00:00,2160.0,2135.2878
2024-07-17 18:00:00,1723.0,1755.1975
2024-07-17 19:00:00,1050.0,1238.8477
2024-07-17 20:00:00,740.0,875.475
2024-07-17 21:00:00,600.0,634.4585
2024-07-17 22:00:00,484.0,508.54193
2024-07-17 23:00:00,325.0,329.75623
2024-07-18 00:00:00,143.0,171.33319
2024-07-18 01:00:00,80.0,103.42859
2024-07-18 02:00:00,71.0,100.30493
2024-07-18 03:00:00,91.0,145.35577
2024-07-18 04:00:00,209.0,437.80243
2024-07-18 05:00:00,891.0,1015.97986
2024-07-18 06:00:00,2095.0,2041.0272
2024-07-18 07:00:00,2275.0,2407.9438
2024-07-18 08:00:00,1610.0,1935.4834
2024-07-18 09:00:00,1446.0,1580.0983
2024-07-18 10:00:00,1353.0,1527.6388
2024-07-18 11:00:00,1357.0,1547.8711
2024-07-18 12:00:00,1376.0,1585.3308
2024-07-18 13:00:00,1564.0,1646.4152
2024-07-18 14:00:00,1520.0,1760.3401
2024-07-18 15:00:00,1703.0,1926.8264
2024-07-18 16:00:00,1919.0,2130.019
2024-07-18 17:00:00,2104.0,2185.684
2024-07-18 18:00:00,1648.0,1821.9283
2024-07-18 19:00:00,1179.0,1354.5973
2024-07-18 20:00:00,836.0,951.56335
2024-07-18 21:00:00,705.0,685.5156
2024-07-18 22:00:00,616.0,557.28784
2024-07-18 23:00:00,376.0,399.9839
2024-07-19 00:00:00,151.0,228.97803
2024-07-19 01:00:00,94.0,128.59094
2024-07-19 02:00:00,88.0,124.51672
2024-07-19 03:00:00,98.0,192.72229
2024-07-19 04:00:00,197.0,488.98962
2024-07-19 05:00:00,766.0,960.66614
2024-07-19 06:00:00,1828.0,1830.2544
2024-07-19 07:00:00,1895.0,2123.7454
2024-07-19 08:00:00,1475.0,1816.0854
2024-07-19 09:00:00,1409.0,1602.6133
2024-07-19 10:00:00,1425.0,1561.334
2024-07-19 11:00:00,1620.0,1597.271
2024-07-19 12:00:00,1595.0,1655.9462
2024-07-19 13:00:00,1666.0,1745.3461
2024-07-19 14:00:00,1916.0,1894.8362
2024-07-19 15:00:00,1999.0,2025.4863
2024-07-19 16:00:00,2114.0,2164.4426
2024-07-19 17:00:00,2109.0,2246.976
2024-07-19 18:00:00,1749.0,1977.7786
2024-07-19 19:00:00,1299.0,1482.3994
2024-07-19 20:00:00,925.0,1029.4341
2024-07-19 21:00:00,695.0,764.52985
2024-07-19 22:00:00,599.0,606.2143
2024-07-19 23:00:00,471.0,472.07513
2024-07-20 00:00:00,247.0,303.65552
2024-07-20 01:00:00,147.0,164.75238
2024-07-20 02:00:00,113.0,128.36426
2024-07-20 03:00:00,130.0,137.1499
2024-07-20 04:00:00,171.0,198.57715
2024-07-20 05:00:00,284.0,334.12622
2024-07-20 06:00:00,543.0,539.9577
2024-07-20 07:00:00,746.0,776.2714
2024-07-20 08:00:00,1013.0,1082.2882
2024-07-20 09:00:00,1418.0,1423.269
2024-07-20 10:00:00,1590.0,1695.8877
2024-07-20 11:00:00,1783.0,1849.2947
2024-07-20 12:00:00,1655.0,1925.1626
2024-07-20 13:00:00,1825.0,1986.3975
2024-07-20 14:00:00,1873.0,2058.7908
2024-07-20 15:00:00,1816.0,2146.1074
2024-07-20 16:00:00,2051.0,2247.7214
2024-07-20 17:00:00,2082.0,2192.4946
2024-07-20 18:00:00,1877.0,1917.7292
2024-07-20 19:00:00,1428.0,1498.1565
2024-07-20 20:00:00,1159.0,1098.1631
2024-07-20 21:00:00,1054.0,846.78784
2024-07-20 22:00:00,895.0,743.72327
2024-07-20 23:00:00,694.0,601.8276
2024-07-21 00:00:00,355.0,232.64728
2024-07-21 01:00:00,208.0,163.18335
2024-07-21 02:00:00,147.0,135.90448
2024-07-21 03:00:00,113.0,139.95764
2024-07-21 04:00:00,149.0,164.60333
2024-07-21 05:00:00,129.0,222.4898
2024-07-21 06:00:00,243.0,279.6831
2024-07-21 07:00:00,294.0,421.54376
2024-07-21 08:00:00,495.0,664.1621
2024-07-21 09:00:00,846.0,1023.7066
2024-07-21 10:00:00,1224.0,1298.681
2024-07-21 11:00:00,1491.0,1576.3474
2024-07-21 12:00:00,1792.0,1768.4495
2024-07-21 13:00:00,1999.0,1898.5342
2024-07-21 14:00:00,2248.0,2065.0754
2024-07-21 15:00:00,1999.0,2253.7458
2024-07-21 16:00:00,2033.0,2398.3013
2024-07-21 17:00:00,2334.0,2328.0127
2024-07-21 18:00:00,1830.0,1901.4791
2024-07-21 19:00:00,1513.0,1509.7039
2024-07-21 20:00:00,1123.0,1214.5009
2024-07-21 21:00:00,841.0,946.23926
2024-07-21 22:00:00,522.0,701.9204
2024-07-21 23:00:00,256.0,387.71228
2024-07-22 00:00:00,143.0,144.79626
2024-07-22 01:00:00,80.0,93.423706
2024-07-22 02:00:00,70.0,93.499146
2024-07-22 03:00:00,101.0,126.23071
2024-07-22 04:00:00,206.0,384.40875
2024-07-22 05:00:00,867.0,964.2647
2024-07-22 06:00:00,2000.0,1760.0443
2024-07-22 07:00:00,2022.0,1983.348
2024-07-22 08:00:00,1483.0,1641.0442
2024-07-22 09:00:00,1355.0,1446.1897
2024-07-22 10:00:00,1343.0,1431.4153
2024-07-22 11:00:00,1397.0,1455.0555
2024-07-22 12:00:00,1443.0,1499.6338
2024-07-22 13:00:00,1446.0,1540.6293
2024-07-22 14:00:00,1476.0,1599.0271
2024-07-22 15:00:00,1527.0,1770.2959
2024-07-22 16:00:00,1593.0,1960.9248
2024-07-22 17:00:00,1831.0,2093.5884
2024-07-22 18:00:00,1394.0,1683.3259
2024-07-22 19:00:00,956.0,1164.0287
2024-07-22 20:00:00,705.0,815.93677
2024-07-22 21:00:00,517.0,596.3027
2024-07-22 22:00:00,351.0,459.33014
2024-07-22 23:00:00,177.0,263.60028
2024-07-23 00:00:00,83.0,134.74146
2024-07-23 01:00:00,54.0,89.69104
2024-07-23 02:00:00,51.0,86.25818
2024-07-23 03:00:00,86.0,129.53253
2024-07-23 04:00:00,192.0,385.6427
2024-07-23 05:00:00,782.0,950.8461
2024-07-23 06:00:00,1860.0,1918.1191
2024-07-23 07:00:00,2095.0,2019.0505
2024-07-23 08:00:00,1609.0,1684.0907
2024-07-23 09:00:00,1329.0,1510.3611
2024-07-23 10:00:00,1346.0,1461.459
2024-07-23 11:00:00,1336.0,1474.5999
2024-07-23 12:00:00,1305.0,1506.0254
2024-07-23 13:00:00,1468.0,1547.4484
2024-07-23 14:00:00,1427.0,1619.9458
2024-07-23 15:00:00,1513.0,1772.9939
2024-07-23 16:00:00,1775.0,1962.6096
2024-07-23 17:00:00,1918.0,2097.3958
2024-07-23 18:00:00,1505.0,1669.18
2024-07-23 19:00:00,991.0,1150.544
2024-07-23 20:00:00,710.0,796.96265
2024-07-23 21:00:00,587.0,595.24646
2024-07-23 22:00:00,408.0,474.46228
2024-07-23 23:00:00,195.0,254.6416
2024-07-24 00:00:00,97.0,135.81366
2024-07-24 01:00:00,71.0,87.08203
2024-07-24 02:00:00,53.0,86.72522
2024-07-24 03:00:00,98.0,124.37756
2024-07-24 04:00:00,181.0,361.492
2024-07-24 05:00:00,741.0,883.97546
2024-07-24 06:00:00,1897.0,1784.4865
2024-07-24 07:00:00,2057.0,1980.1062
2024-07-24 08:00:00,1518.0,1675.4216
2024-07-24 09:00:00,1418.0,1496.5424
2024-07-24 10:00:00,1422.0,1473.1985
2024-07-24 11:00:00,1417.0,1496.2817
2024-07-24 12:00:00,1320.0,1534.1852
2024-07-24 13:00:00,1464.0,1572.1382
2024-07-24 14:00:00,1209.0,1662.9961
2024-07-24 15:00:00,1645.0,1834.9865
2024-07-24 16:00:00,1803.0,2039.2341
2024-07-24 17:00:00,1961.0,2143.535
2024-07-24 18:00:00,1543.0,1664.3203
2024-07-24 19:00:00,1007.0,1132.8219
2024-07-24 20:00:00,735.0,779.422
2024-07-24 21:00:00,618.0,599.1304
2024-07-24 22:00:00,505.0,488.49915
2024-07-24 23:00:00,232.0,278.1471
2024-07-25 00:00:00,110.0,146.75153
2024-07-25 01:00:00,63.0,91.24609
2024-07-25 02:00:00,58.0,92.64209
2024-07-25 03:00:00,100.0,122.895386
2024-07-25 04:00:00,187.0,317.74274
2024-07-25 05:00:00,772.0,785.95874
2024-07-25 06:00:00,1810.0,1622.6921
2024-07-25 07:00:00,2024.0,1997.6938
2024-07-25 08:00:00,1463.0,1751.4438
2024-07-25 09:00:00,1399.0,1575.2018
2024-07-25 10:00:00,1301.0,1528.6133
2024-07-25 11:00:00,1390.0,1544.3961
2024-07-25 12:00:00,1415.0,1583.8176
2024-07-25 13:00:00,1366.0,1654.854
2024-07-25 14:00:00,1598.0,1790.6067
2024-07-25 15:00:00,1643.0,1958.4576
2024-07-25 16:00:00,1949.0,2147.494
2024-07-25 17:00:00,2101.0,2146.1094
2024-07-25 18:00:00,1790.0,1740.102
2024-07-25 19:00:00,1144.0,1255.4803
2024-07-25 20:00:00,838.0,866.07764
2024-07-25 21:00:00,717.0,636.1531
2024-07-25 22:00:00,583.0,525.45294
2024-07-25 23:00:00,331.0,339.35803
2024-07-26 00:00:00,127.0,181.82355
2024-07-26 01:00:00,88.0,114.539185
2024-07-26 02:00:00,95.0,113.99597
2024-07-26 03:00:00,114.0,148.89734
2024-07-26 04:00:00,192.0,364.3413
2024-07-26 05:00:00,668.0,760.9518
2024-07-26 06:00:00,1549.0,1404.912
2024-07-26 07:00:00,1626.0,1757.8319
2024-07-26 08:00:00,1301.0,1639.0822
2024-07-26 09:00:00,1293.0,1601.594
2024-07-26 10:00:00,1387.0,1572.3705
2024-07-26 11:00:00,1468.0,1602.7107
2024-07-26 12:00:00,1519.0,1664.9824
2024-07-26 13:00:00,1637.0,1758.4911
2024-07-26 14:00:00,1783.0,1905.459
2024-07-26 15:00:00,1956.0,2074.4004
2024-07-26 16:00:00,2050.0,2220.3838
2024-07-26 17:00:00,2053.0,2155.178
2024-07-26 18:00:00,1724.0,1855.6785
2024-07-26 19:00:00,1296.0,1410.0602
2024-07-26 20:00:00,955.0,990.4929
2024-07-26 21:00:00,849.0,693.0895
2024-07-26 22:00:00,628.0,571.62
2024-07-26 23:00:00,467.0,427.79553
2024-07-27 00:00:00,240.0,228.70874
2024-07-27 01:00:00,137.0,128.72522
2024-07-27 02:00:00,100.0,115.35986
2024-07-27 03:00:00,104.0,137.99982
2024-07-27 04:00:00,212.0,213.22473
2024-07-27 05:00:00,258.0,365.90833
2024-07-27 06:00:00,436.0,556.396
2024-07-27 07:00:00,632.0,793.21216
2024-07-27 08:00:00,962.0,1072.7378
2024-07-27 09:00:00,1282.0,1435.5059
2024-07-27 10:00:00,1675.0,1719.1262
2024-07-27 11:00:00,1870.0,1847.1316
2024-07-27 12:00:00,1765.0,1918.3103
2024-07-27 13:00:00,1799.0,1980.3284
2024-07-27 14:00:00,1956.0,2057.4636
2024-07-27 15:00:00,1891.0,2143.8857
2024-07-27 16:00:00,2002.0,2224.559
2024-07-27 17:00:00,2018.0,2167.9324
2024-07-27 18:00:00,1930.0,1883.769
2024-07-27 19:00:00,1376.0,1460.1973
2024-07-27 20:00:00,1069.0,1034.2306
2024-07-27 21:00:00,907.0,818.2185
2024-07-27 22:00:00,751.0,706.74146
2024-07-27 23:00:00,574.0,541.88873
2024-07-28 00:00:00,316.0,167.76685
2024-07-28 01:00:00,188.0,132.33752
2024-07-28 02:00:00,99.0,128.1236
2024-07-28 03:00:00,113.0,138.37842
2024-07-28 04:00:00,147.0,165.14258
2024-07-28 05:00:00,145.0,224.23798
2024-07-28 06:00:00,182.0,315.94757
2024-07-28 07:00:00,247.0,452.1839
2024-07-28 08:00:00,451.0,667.2275
2024-07-28 09:00:00,773.0,1001.8929
2024-07-28 10:00:00,1198.0,1322.2958
2024-07-28 11:00:00,1513.0,1608.1685
2024-07-28 12:00:00,1757.0,1792.22
2024-07-28 13:00:00,1895.0,1907.1188
2024-07-28 14:00:00,1977.0,2033.2151
2024-07-28 15:00:00,2079.0,2164.1736
2024-07-28 16:00:00,2094.0,2282.421
2024-07-28 17:00:00,2126.0,2166.6394
2024-07-28 18:00:00,1882.0,1901.3987
2024-07-28 19:00:00,1589.0,1488.345
2024-07-28 20:00:00,1243.0,1123.2533
2024-07-28 21:00:00,1000.0,855.32385
2024-07-28 22:00:00,642.0,598.84485
2024-07-28 23:00:00,320.0,294.36188
2024-07-29 00:00:00,158.0,147.5816
2024-07-29 01:00:00,87.0,94.71399
2024-07-29 02:00:00,72.0,91.03894
2024-07-29 03:00:00,128.0,136.1416
2024-07-29 04:00:00,222.0,401.15814
2024-07-29 05:00:00,783.0,956.8444
2024-07-29 06:00:00,1800.0,1837.7153
2024-07-29 07:00:00,1974.0,2001.0588
2024-07-29 08:00:00,1469.0,1636.5051
2024-07-29 09:00:00,1325.0,1483.6052
2024-07-29 10:00:00,1385.0,1457.1737
2024-07-29 11:00:00,1412.0,1467.5627
2024-07-29 12:00:00,1344.0,1503.872
2024-07-29 13:00:00,1364.0,1546.664
2024-07-29 14:00:00,1383.0,1628.3484
2024-07-29 15:00:00,1556.0,1790.8784
2024-07-29 16:00:00,1718.0,1992.7935
2024-07-29 17:00:00,1857.0,2069.4468
2024-07-29 18:00:00,1522.0,1666.9124
2024-07-29 19:00:00,1065.0,1195.2091
2024-07-29 20:00:00,782.0,836.8646
2024-07-29 21:00:00,652.0,603.6268
2024-07-29 22:00:00,435.0,469.02032
2024-07-29 23:00:00,234.0,274.82172
2024-07-30 00:00:00,111.0,139.79193
2024-07-30 01:00:00,71.0,87.95422
2024-07-30 02:00:00,72.0,84.60925
2024-07-30 03:00:00,86.0,125.16058
2024-07-30 04:00:00,177.0,379.88373
2024-07-30 05:00:00,756.0,971.85266
2024-07-30 06:00:00,1749.0,1952.2773
2024-07-30 07:00:00,1913.0,2306.5315
2024-07-30 08:00:00,1498.0,1791.8804
2024-07-30 09:00:00,1330.0,1519.2754
2024-07-30 10:00:00,1296.0,1466.7374
2024-07-30 11:00:00,1327.0,1479.2476
2024-07-30 12:00:00,1269.0,1516.8452
2024-07-30 13:00:00,1409.0,1552.3344
2024-07-30 14:00:00,1439.0,1626.6909
2024-07-30 15:00:00,1578.0,1777.604
2024-07-30 16:00:00,1803.0,1994.9857
2024-07-30 17:00:00,1941.0,2084.6074
2024-07-30 18:00:00,1545.0,1674.6069
2024-07-30 19:00:00,1054.0,1178.7347
2024-07-30 20:00:00,812.0,816.67786
2024-07-30 21:00:00,722.0,600.6034
2024-07-30 22:00:00,639.0,475.53876
2024-07-30 23:00:00,169.0,287.99194
2024-07-31 00:00:00,96.0,140.07037
2024-07-31 01:00:00,83.0,90.302734
2024-07-31 02:00:00,61.0,88.454834
2024-07-31 03:00:00,89.0,127.75012
2024-07-31 04:00:00,176.0,365.7849
2024-07-31 05:00:00,712.0,903.91956
2024-07-31 06:00:00,1603.0,1885.4836
2024-07-31 07:00:00,1797.0,2221.0535
2024-07-31 08:00:00,1446.0,1777.6155
2024-07-31 09:00:00,1305.0,1546.9744
2024-07-31 10:00:00,1368.0,1494.3976
2024-07-31 11:00:00,1271.0,1499.7129
2024-07-31 12:00:00,1416.0,1539.9435
2024-07-31 13:00:00,1553.0,1584.399
2024-07-31 14:00:00,1695.0,1672.3958
2024-07-31 15:00:00,1844.0,1822.9695
2024-07-31 16:00:00,1972.0,2000.6929
2024-07-31 17:00:00,1885.0,2100.6567
2024-07-31 18:00:00,1245.0,1684.0837
2024-07-31 19:00:00,1330.0,1146.3846
2024-07-31 20:00:00,834.0,784.6111
2024-07-31 21:00:00,569.0,606.7282
2024-07-31 22:00:00,413.0,496.17395
2024-07-31 23:00:00,370.0,298.7063
2024-08-01 00:00:00,224.0,485.37628
2024-08-01 01:00:00,183.0,390.2235
2024-08-01 02:00:00,98.0,302.3352
2024-08-01 03:00:00,88.0,224.5487
2024-08-01 04:00:00,129.0,173.3493
2024-08-01 05:00:00,134.0,148.98389
2024-08-01 06:00:00,246.0,149.68164
2024-08-01 07:00:00,350.0,211.8645
2024-08-01 08:00:00,619.0,445.22028
2024-08-01 09:00:00,880.0,629.35254
2024-08-01 10:00:00,1102.0,868.2353
2024-08-01 11:00:00,1264.0,1097.1095
2024-08-01 12:00:00,1212.0,1265.163
2024-08-01 13:00:00,1215.0,1372.9235
2024-08-01 14:00:00,1288.0,1458.6956
2024-08-01 15:00:00,1307.0,1542.1863
2024-08-01 16:00:00,1298.0,1615.1045
2024-08-01 17:00:00,1324.0,1600.3284
2024-08-01 18:00:00,1094.0,1503.776
2024-08-01 19:00:00,821.0,1317.1256
2024-08-01 20:00:00,726.0,1094.1849
2024-08-01 21:00:00,666.0,918.6841
2024-08-01 22:00:00,720.0,765.9367
2024-08-01 23:00:00,663.0,606.9277
2024-08-02 00:00:00,269.0,222.70587
2024-08-02 01:00:00,120.0,131.90814
2024-08-02 02:00:00,88.0,127.60474
2024-08-02 03:00:00,87.0,172.57452
2024-08-02 04:00:00,183.0,423.59064
2024-08-02 05:00:00,375.0,826.1608
2024-08-02 06:00:00,865.0,1457.8108
2024-08-02 07:00:00,1074.0,1685.7378
2024-08-02 08:00:00,1038.0,1639.4646
2024-08-02 09:00:00,1223.0,1596.424
2024-08-02 10:00:00,1531.0,1578.8721
2024-08-02 11:00:00,1781.0,1613.133
2024-08-02 12:00:00,1850.0,1672.629
2024-08-02 13:00:00,1917.0,1766.9753
2024-08-02 14:00:00,1985.0,1916.7659
2024-08-02 15:00:00,2026.0,2081.2053
2024-08-02 16:00:00,1903.0,2221.9834
2024-08-02 17:00:00,1856.0,2208.448
2024-08-02 18:00:00,1604.0,1929.2302
2024-08-02 19:00:00,1230.0,1447.6647
2024-08-02 20:00:00,933.0,1018.2554
2024-08-02 21:00:00,754.0,768.20514
2024-08-02 22:00:00,537.0,568.71155
2024-08-02 23:00:00,372.0,417.14008
2024-08-03 00:00:00,329.0,216.9956
2024-08-03 01:00:00,121.0,124.27661
2024-08-03 02:00:00,92.0,113.40173
2024-08-03 03:00:00,104.0,137.24286
2024-08-03 04:00:00,156.0,215.38037
2024-08-03 05:00:00,198.0,363.54413
2024-08-03 06:00:00,368.0,544.0287
2024-08-03 07:00:00,577.0,787.2777
2024-08-03 08:00:00,861.0,1021.54596
2024-08-03 09:00:00,1214.0,1410.0819
2024-08-03 10:00:00,1653.0,1695.8096
2024-08-03 11:00:00,1996.0,1853.282
2024-08-03 12:00:00,2098.0,1921.317
2024-08-03 13:00:00,1894.0,1987.4519
2024-08-03 14:00:00,2315.0,2070.1562
2024-08-03 15:00:00,2260.0,2157.259
2024-08-03 16:00:00,2204.0,2241.641
2024-08-03 17:00:00,2218.0,2165.421
2024-08-03 18:00:00,2003.0,1891.4521
2024-08-03 19:00:00,1477.0,1460.5431
2024-08-03 20:00:00,1235.0,1041.8424
2024-08-03 21:00:00,1091.0,817.8477
2024-08-03 22:00:00,871.0,705.692
2024-08-03 23:00:00,553.0,530.7618
2024-08-04 00:00:00,307.0,169.85632
2024-08-04 01:00:00,228.0,133.32324
2024-08-04 02:00:00,103.0,126.34064
2024-08-04 03:00:00,96.0,141.32281
2024-08-04 04:00:00,135.0,167.94598
2024-08-04 05:00:00,127.0,235.67365
2024-08-04 06:00:00,194.0,324.47748
2024-08-04 07:00:00,328.0,530.0552
2024-08-04 08:00:00,521.0,774.0383
2024-08-04 09:00:00,889.0,1055.2719
2024-08-04 10:00:00,1285.0,1346.1769
2024-08-04 11:00:00,1776.0,1628.8966
2024-08-04 12:00:00,2014.0,1788.8906
2024-08-04 13:00:00,2237.0,1914.7993
2024-08-04 14:00:00,2478.0,2037.9822
2024-08-04 15:00:00,2634.0,2173.4468
2024-08-04 16:00:00,2605.0,2295.4429
2024-08-04 17:00:00,2620.0,2229.232
2024-08-04 18:00:00,2537.0,1944.0537
2024-08-04 19:00:00,2370.0,1533.3438
2024-08-04 20:00:00,1401.0,1155.7074
2024-08-04 21:00:00,1234.0,876.1531
2024-08-04 22:00:00,774.0,628.9772
2024-08-04 23:00:00,315.0,316.77045
2024-08-05 00:00:00,136.0,160.4909
2024-08-05 01:00:00,86.0,106.79663
2024-08-05 02:00:00,71.0,98.17761
2024-08-05 03:00:00,79.0,149.04572
2024-08-05 04:00:00,144.0,466.2447
2024-08-05 05:00:00,936.0,1059.1073
2024-08-05 06:00:00,2028.0,1912.9105
2024-08-05 07:00:00,2222.0,2022.7083
2024-08-05 08:00:00,1710.0,1695.2913
2024-08-05 09:00:00,1398.0,1518.4539
2024-08-05 10:00:00,1432.0,1460.3834
2024-08-05 11:00:00,1379.0,1471.9502
2024-08-05 12:00:00,1412.0,1509.7178
2024-08-05 13:00:00,1543.0,1551.8718
2024-08-05 14:00:00,1572.0,1632.5831
2024-08-05 15:00:00,1736.0,1795.3301
2024-08-05 16:00:00,1954.0,1991.3191
2024-08-05 17:00:00,2047.0,2085.5225
2024-08-05 18:00:00,1759.0,1688.3741
2024-08-05 19:00:00,1137.0,1186.5082
2024-08-05 20:00:00,670.0,849.72205
2024-08-05 21:00:00,539.0,611.56116
2024-08-05 22:00:00,379.0,471.768
2024-08-05 23:00:00,197.0,282.06964
2024-08-06 00:00:00,118.0,144.8562
2024-08-06 01:00:00,61.0,95.35852
2024-08-06 02:00:00,55.0,89.828
2024-08-06 03:00:00,83.0,129.5727
2024-08-06 04:00:00,165.0,412.19788
2024-08-06 05:00:00,816.0,1040.0917
2024-08-06 06:00:00,2092.0,2018.0935
2024-08-06 07:00:00,2275.0,2317.4863
2024-08-06 08:00:00,1607.0,1790.2512
2024-08-06 09:00:00,1371.0,1516.5873
2024-08-06 10:00:00,1289.0,1467.4646
2024-08-06 11:00:00,1376.0,1481.5563
2024-08-06 12:00:00,1287.0,1517.1023
2024-08-06 13:00:00,1393.0,1555.4587
2024-08-06 14:00:00,1527.0,1631.888
2024-08-06 15:00:00,1736.0,1786.6636
2024-08-06 16:00:00,1828.0,1998.2563
2024-08-06 17:00:00,2088.0,2091.6997
2024-08-06 18:00:00,1768.0,1685.3032
2024-08-06 19:00:00,1137.0,1181.9554
2024-08-06 20:00:00,706.0,839.2567
2024-08-06 21:00:00,583.0,612.8163
2024-08-06 22:00:00,459.0,488.10553
2024-08-06 23:00:00,239.0,299.9427
2024-08-07 00:00:00,124.0,149.03467
2024-08-07 01:00:00,66.0,96.75842
2024-08-07 02:00:00,52.0,91.75342
2024-08-07 03:00:00,80.0,137.11078
2024-08-07 04:00:00,195.0,402.94952
2024-08-07 05:00:00,779.0,959.86847
2024-08-07 06:00:00,1983.0,1882.4851
2024-08-07 07:00:00,2274.0,2196.0176
2024-08-07 08:00:00,1703.0,1602.03
2024-08-07 09:00:00,1395.0,1489.5873
2024-08-07 10:00:00,1451.0,1449.5054
2024-08-07 11:00:00,1544.0,1486.2834
2024-08-07 12:00:00,1531.0,1539.1328
2024-08-07 13:00:00,1604.0,1582.5278
2024-08-07 14:00:00,1753.0,1678.7319
2024-08-07 15:00:00,1744.0,1836.3906
2024-08-07 16:00:00,1959.0,2054.0088
2024-08-07 17:00:00,2056.0,2130.6086
2024-08-07 18:00:00,1666.0,1694.7971
2024-08-07 19:00:00,1007.0,1199.6293
2024-08-07 20:00:00,703.0,827.79016
2024-08-07 21:00:00,577.0,615.8715
2024-08-07 22:00:00,430.0,506.46234
2024-08-07 23:00:00,238.0,312.14093
2024-08-08 00:00:00,129.0,169.84186
2024-08-08 01:00:00,76.0,108.770996
2024-08-08 02:00:00,60.0,105.79602
2024-08-08 03:00:00,77.0,149.84375
2024-08-08 04:00:00,162.0,396.79083
2024-08-08 05:00:00,797.0,869.7285
2024-08-08 06:00:00,2029.0,1610.8756
2024-08-08 07:00:00,2229.0,1778.4966
2024-08-08 08:00:00,1684.0,1568.5044
2024-08-08 09:00:00,1449.0,1492.9229
2024-08-08 10:00:00,1381.0,1486.0873
2024-08-08 11:00:00,1493.0,1543.1674
2024-08-08 12:00:00,1078.0,1584.9083
2024-08-08 13:00:00,2130.0,1656.6643
2024-08-08 14:00:00,1702.0,1791.5415
2024-08-08 15:00:00,1828.0,1958.6482
2024-08-08 16:00:00,1899.0,2138.581
2024-08-08 17:00:00,2190.0,2149.6528
2024-08-08 18:00:00,1764.0,1755.9238
2024-08-08 19:00:00,1223.0,1279.3799
2024-08-08 20:00:00,767.0,884.69165
2024-08-08 21:00:00,663.0,647.72723
2024-08-08 22:00:00,515.0,537.9406
2024-08-08 23:00:00,297.0,363.50928
2024-08-09 00:00:00,163.0,201.87384
2024-08-09 01:00:00,98.0,123.69458
2024-08-09 02:00:00,74.0,121.80664
2024-08-09 03:00:00,88.0,159.17902
2024-08-09 04:00:00,171.0,393.06982
2024-08-09 05:00:00,705.0,820.7699
2024-08-09 06:00:00,1811.0,1475.7229
2024-08-09 07:00:00,1849.0,1798.0632
2024-08-09 08:00:00,1484.0,1675.2947
2024-08-09 09:00:00,1426.0,1610.5502
2024-08-09 10:00:00,1481.0,1577.6147
2024-08-09 11:00:00,1583.0,1609.3293
2024-08-09 12:00:00,1674.0,1671.7456
2024-08-09 13:00:00,1755.0,1767.405
2024-08-09 14:00:00,2047.0,1917.7522
2024-08-09 15:00:00,2051.0,2084.4055
2024-08-09 16:00:00,2248.0,2227.2805
2024-08-09 17:00:00,2155.0,2170.9153
2024-08-09 18:00:00,1915.0,1837.2683
2024-08-09 19:00:00,1502.0,1424.9124
2024-08-09 20:00:00,1210.0,1019.2958
2024-08-09 21:00:00,1028.0,715.50214
2024-08-09 22:00:00,817.0,578.3143
2024-08-09 23:00:00,658.0,434.5299
2024-08-10 00:00:00,390.0,238.26147
2024-08-10 01:00:00,259.0,132.41461
2024-08-10 02:00:00,168.0,118.6488
2024-08-10 03:00:00,107.0,144.21124
2024-08-10 04:00:00,170.0,221.48682
2024-08-10 05:00:00,216.0,363.32062
2024-08-10 06:00:00,465.0,561.30804
2024-08-10 07:00:00,707.0,791.45996
2024-08-10 08:00:00,1069.0,1087.7548
2024-08-10 09:00:00,1381.0,1422.4045
2024-08-10 10:00:00,1657.0,1667.0005
2024-08-10 11:00:00,1862.0,1791.2201
2024-08-10 12:00:00,2004.0,1871.0669
2024-08-10 13:00:00,2034.0,1940.9869
2024-08-10 14:00:00,2059.0,2014.7484
2024-08-10 15:00:00,2126.0,2105.2715
2024-08-10 16:00:00,2126.0,2204.331
2024-08-10 17:00:00,1953.0,2246.4238
2024-08-10 18:00:00,1846.0,2021.7543
2024-08-10 19:00:00,1458.0,1540.4329
2024-08-10 20:00:00,1304.0,1075.7887
2024-08-10 21:00:00,1132.0,856.2357
2024-08-10 22:00:00,1081.0,741.5455
2024-08-10 23:00:00,922.0,550.72327
2024-08-11 00:00:00,558.0,174.06177
2024-08-11 01:00:00,365.0,143.02826
2024-08-11 02:00:00,224.0,132.74774
2024-08-11 03:00:00,129.0,144.26196
2024-08-11 04:00:00,169.0,167.31909
2024-08-11 05:00:00,157.0,213.79572
2024-08-11 06:00:00,262.0,300.35437
2024-08-11 07:00:00,341.0,419.07983
2024-08-11 08:00:00,582.0,703.3191
2024-08-11 09:00:00,991.0,1072.6152
2024-08-11 10:00:00,1389.0,1346.8824
2024-08-11 11:00:00,1589.0,1566.7158
2024-08-11 12:00:00,1760.0,1708.8025
2024-08-11 13:00:00,1959.0,1861.7036
2024-08-11 14:00:00,2154.0,2026.1746
2024-08-11 15:00:00,2432.0,2234.2263
2024-08-11 16:00:00,2623.0,2402.6719
2024-08-11 17:00:00,2527.0,2439.9531
2024-08-11 18:00:00,2467.0,2276.7114
2024-08-11 19:00:00,2243.0,1977.94
2024-08-11 20:00:00,1454.0,1538.4634
2024-08-11 21:00:00,1395.0,1154.9009
2024-08-11 22:00:00,780.0,754.577
2024-08-11 23:00:00,320.0,343.94458
2024-08-12 00:00:00,138.0,169.72675
2024-08-12 01:00:00,71.0,101.75391
2024-08-12 02:00:00,49.0,96.166504
2024-08-12 03:00:00,86.0,154.83844
2024-08-12 04:00:00,211.0,488.8897
2024-08-12 05:00:00,991.0,1214.5457
2024-08-12 06:00:00,2339.0,2444.2192
2024-08-12 07:00:00,2583.0,2646.9258
2024-08-12 08:00:00,1817.0,2051.2908
2024-08-12 09:00:00,1534.0,1557.8992
2024-08-12 10:00:00,1458.0,1480.0146
2024-08-12 11:00:00,1457.0,1490.5023
2024-08-12 12:00:00,1549.0,1513.4075
2024-08-12 13:00:00,1599.0,1541.3281
2024-08-12 14:00:00,1600.0,1591.1964
2024-08-12 15:00:00,1686.0,1730.8354
2024-08-12 16:00:00,1838.0,1951.9141
2024-08-12 17:00:00,2205.0,2127.7373
2024-08-12 18:00:00,1635.0,1776.2627
2024-08-12 19:00:00,1123.0,1240.7345
2024-08-12 20:00:00,712.0,812.6498
2024-08-12 21:00:00,505.0,609.45624
2024-08-12 22:00:00,336.0,468.99347
2024-08-12 23:00:00,186.0,294.15234
2024-08-13 00:00:00,100.0,168.5155
2024-08-13 01:00:00,76.0,100.29785
2024-08-13 02:00:00,57.0,91.32544
2024-08-13 03:00:00,78.0,148.16754
2024-08-13 04:00:00,199.0,478.1754
2024-08-13 05:00:00,930.0,1276.2241
2024-08-13 06:00:00,2483.0,2557.3606
2024-08-13 07:00:00,2703.0,2684.2039
2024-08-13 08:00:00,2000.0,2015.3811
2024-08-13 09:00:00,1530.0,1570.7366
2024-08-13 10:00:00,1403.0,1480.6642
2024-08-13 11:00:00,1438.0,1488.8448
2024-08-13 12:00:00,1528.0,1513.948
2024-08-13 13:00:00,1551.0,1543.8499
2024-08-13 14:00:00,1561.0,1600.9342
2024-08-13 15:00:00,1688.0,1742.0186
2024-08-13 16:00:00,1904.0,1967.5446
2024-08-13 17:00:00,2163.0,2127.7642
2024-08-13 18:00:00,1670.0,1757.94
2024-08-13 19:00:00,1196.0,1241.2725
2024-08-13 20:00:00,689.0,871.99567
2024-08-13 21:00:00,625.0,638.1756
2024-08-13 22:00:00,448.0,484.89856
2024-08-13 23:00:00,243.0,235.07349
2024-08-14 00:00:00,121.0,144.31628
2024-08-14 01:00:00,65.0,104.7655
2024-08-14 02:00:00,59.0,96.940674
2024-08-14 03:00:00,78.0,151.81122
2024-08-14 04:00:00,219.0,462.4862
2024-08-14 05:00:00,911.0,1182.9342
2024-08-14 06:00:00,2282.0,2464.9321
2024-08-14 07:00:00,2588.0,2686.0562
2024-08-14 08:00:00,1995.0,2126.8806
2024-08-14 09:00:00,1538.0,1598.0607
2024-08-14 10:00:00,1496.0,1493.0386
2024-08-14 11:00:00,1576.0,1503.2195
2024-08-14 12:00:00,1597.0,1542.8091
2024-08-14 13:00:00,1659.0,1576.1451
2024-08-14 14:00:00,1717.0,1649.3065
2024-08-14 15:00:00,1996.0,1800.519
2024-08-14 16:00:00,2033.0,2023.8552
2024-08-14 17:00:00,2175.0,2156.5388
2024-08-14 18:00:00,1833.0,1805.5947
2024-08-14 19:00:00,1185.0,1268.1887
2024-08-14 20:00:00,707.0,877.2056
2024-08-14 21:00:00,669.0,612.9721
2024-08-14 22:00:00,495.0,490.63696
2024-08-14 23:00:00,276.0,328.08508
2024-08-15 00:00:00,147.0,293.14532
2024-08-15 01:00:00,79.0,193.2793
2024-08-15 02:00:00,78.0,151.26617
2024-08-15 03:00:00,85.0,168.37659
2024-08-15 04:00:00,212.0,333.01447
2024-08-15 05:00:00,801.0,953.5298
2024-08-15 06:00:00,2064.0,2217.437
2024-08-15 07:00:00,2369.0,2503.9326
2024-08-15 08:00:00,1764.0,1966.7166
2024-08-15 09:00:00,1584.0,1598.73
2024-08-15 10:00:00,1592.0,1531.5481
2024-08-15 11:00:00,1663.0,1553.7162
2024-08-15 12:00:00,1646.0,1584.1338
2024-08-15 13:00:00,1678.0,1625.6653
2024-08-15 14:00:00,1730.0,1700.2642
2024-08-15 15:00:00,1818.0,1798.0215
2024-08-15 16:00:00,2063.0,1941.7037
2024-08-15 17:00:00,2142.0,2064.7534
2024-08-15 18:00:00,1896.0,1709.6547
2024-08-15 19:00:00,1416.0,1168.0841
2024-08-15 20:00:00,871.0,817.00085
2024-08-15 21:00:00,710.0,630.2816
2024-08-15 22:00:00,550.0,509.61487
2024-08-15 23:00:00,308.0,414.91797
2024-08-16 00:00:00,179.0,218.59827
2024-08-16 01:00:00,101.0,119.993164
2024-08-16 02:00:00,80.0,107.46619
2024-08-16 03:00:00,90.0,173.62256
2024-08-16 04:00:00,228.0,461.98065
2024-08-16 05:00:00,721.0,986.1576
2024-08-16 06:00:00,1999.0,2076.3818
2024-08-16 07:00:00,2149.0,2439.5596
2024-08-16 08:00:00,1802.0,1986.7725
2024-08-16 09:00:00,1533.0,1637.6023
2024-08-16 10:00:00,1659.0,1555.3068
2024-08-16 11:00:00,1709.0,1571.0586
2024-08-16 12:00:00,1708.0,1620.7526
2024-08-16 13:00:00,1953.0,1699.5635
2024-08-16 14:00:00,2019.0,1828.5708
2024-08-16 15:00:00,2124.0,2002.9238
2024-08-16 16:00:00,2198.0,2174.6472
2024-08-16 17:00:00,2389.0,2222.772
2024-08-16 18:00:00,1972.0,1956.6125
2024-08-16 19:00:00,1519.0,1432.2953
2024-08-16 20:00:00,1066.0,1005.00555
2024-08-16 21:00:00,967.0,734.9933
2024-08-16 22:00:00,728.0,549.48016
2024-08-16 23:00:00,482.0,426.93597
2024-08-17 00:00:00,307.0,242.37708
2024-08-17 01:00:00,161.0,143.48969
2024-08-17 02:00:00,112.0,119.93091
2024-08-17 03:00:00,103.0,122.67615
2024-08-17 04:00:00,154.0,187.75958
2024-08-17 05:00:00,221.0,341.90448
2024-08-17 06:00:00,499.0,561.07666
2024-08-17 07:00:00,841.0,832.3926
2024-08-17 08:00:00,1217.0,1178.6556
2024-08-17 09:00:00,1588.0,1591.8113
2024-08-17 10:00:00,1776.0,1790.245
2024-08-17 11:00:00,2060.0,1886.7517
2024-08-17 12:00:00,2067.0,1944.6731
2024-08-17 13:00:00,2025.0,2008.9082
2024-08-17 14:00:00,2187.0,2083.895
2024-08-17 15:00:00,2210.0,2184.2878
2024-08-17 16:00:00,2161.0,2284.378
2024-08-17 17:00:00,2275.0,2318.6184
2024-08-17 18:00:00,1922.0,2131.6738
2024-08-17 19:00:00,1353.0,1628.5209
2024-08-17 20:00:00,1148.0,1113.0298
2024-08-17 21:00:00,1038.0,875.7959
2024-08-17 22:00:00,931.0,728.2319
2024-08-17 23:00:00,713.0,565.1745
2024-08-18 00:00:00,467.0,195.89679
2024-08-19 01:00:00,101.0,69.11755
2024-08-19 02:00:00,80.0,60.9469
2024-08-19 03:00:00,94.0,83.01929
2024-08-19 04:00:00,236.0,287.9496
2024-08-19 05:00:00,1037.0,1047.6361
2024-08-19 06:00:00,2489.0,2603.8762
2024-08-19 07:00:00,2752.0,2814.7178
2024-08-19 08:00:00,2020.0,2249.5876
2024-08-19 09:00:00,1535.0,1599.9651
2024-08-19 10:00:00,1521.0,1442.1892
2024-08-19 11:00:00,1483.0,1455.0735
2024-08-19 12:00:00,1471.0,1472.113
2024-08-19 13:00:00,1575.0,1493.1721
2024-08-19 14:00:00,1521.0,1524.2203
2024-08-19 15:00:00,1650.0,1649.7488
2024-08-19 16:00:00,1836.0,1850.3572
2024-08-19 17:00:00,2029.0,2069.211
2024-08-19 18:00:00,1652.0,1599.4613
2024-08-19 19:00:00,1047.0,1009.3133
2024-08-19 20:00:00,759.0,703.77234
2024-08-19 21:00:00,614.0,539.6442
2024-08-19 22:00:00,420.0,408.00208
2024-08-19 23:00:00,223.0,219.85712
2024-08-20 00:00:00,96.0,103.010376
2024-08-20 01:00:00,68.0,68.15784
2024-08-20 02:00:00,55.0,58.91809
2024-08-20 03:00:00,100.0,83.68042
2024-08-20 04:00:00,212.0,294.94037
2024-08-20 05:00:00,980.0,1004.068
2024-08-20 06:00:00,2484.0,2572.729
2024-08-20 07:00:00,2808.0,2813.501
2024-08-20 08:00:00,2123.0,2280.4995
2024-08-20 09:00:00,1476.0,1539.1144
2024-08-20 10:00:00,1402.0,1437.864
2024-08-20 11:00:00,1417.0,1452.9331
2024-08-20 12:00:00,1382.0,1473.1912
2024-08-20 13:00:00,1469.0,1501.3163
2024-08-20 14:00:00,1532.0,1536.2166
2024-08-20 15:00:00,1652.0,1670.0469
2024-08-20 16:00:00,1910.0,1899.4019
2024-08-20 17:00:00,2116.0,2105.852
2024-08-20 18:00:00,1797.0,1716.3002
2024-08-20 19:00:00,1118.0,1050.5011
2024-08-20 20:00:00,805.0,723.1439
2024-08-20 21:00:00,688.0,542.4899
2024-08-20 22:00:00,479.0,425.768
2024-08-20 23:00:00,227.0,239.11609
2024-08-21 00:00:00,114.0,106.33496
2024-08-21 01:00:00,62.0,67.72229
2024-08-21 02:00:00,69.0,59.38208
2024-08-21 03:00:00,74.0,86.68042
2024-08-21 04:00:00,202.0,313.76013
2024-08-21 05:00:00,976.0,985.33984
2024-08-21 06:00:00,2496.0,2545.953
2024-08-21 07:00:00,2745.0,2792.9128
2024-08-21 08:00:00,2049.0,2288.1655
2024-08-21 09:00:00,1546.0,1566.3538
2024-08-21 10:00:00,1418.0,1444.5149
2024-08-21 11:00:00,1536.0,1462.5157
2024-08-21 12:00:00,1576.0,1488.2875
2024-08-21 13:00:00,1658.0,1523.8053
2024-08-21 14:00:00,1627.0,1564.9442
2024-08-21 15:00:00,1740.0,1696.3143
2024-08-21 16:00:00,2074.0,1927.9773
2024-08-21 17:00:00,2314.0,2138.769
2024-08-21 18:00:00,1774.0,1695.0781
2024-08-21 19:00:00,1130.0,1051.1697
2024-08-21 20:00:00,805.0,724.8857
2024-08-21 21:00:00,711.0,547.8056
2024-08-21 22:00:00,497.0,447.79382
2024-08-21 23:00:00,268.0,237.67181
2024-08-22 00:00:00,108.0,123.10718
2024-08-22 01:00:00,58.0,64.63159
2024-08-22 02:00:00,54.0,59.60193
2024-08-22 03:00:00,86.0,87.3833
2024-08-22 04:00:00,233.0,320.22607
2024-08-22 05:00:00,956.0,987.92316
2024-08-22 06:00:00,2367.0,2575.6147
2024-08-22 07:00:00,2752.0,2747.9185
2024-08-22 08:00:00,2125.0,2270.2207
2024-08-22 09:00:00,1615.0,1612.5027
2024-08-22 10:00:00,1469.0,1472.5404
2024-08-22 11:00:00,1526.0,1489.3655
2024-08-22 12:00:00,1516.0,1522.8169
2024-08-22 13:00:00,1582.0,1538.846
2024-08-22 14:00:00,1600.0,1649.0381
2024-08-22 15:00:00,1899.0,1837.8849
2024-08-22 16:00:00,2105.0,2106.3425
2024-08-22 17:00:00,2250.0,2138.2046
2024-08-22 18:00:00,1863.0,1782.269
2024-08-22 19:00:00,1261.0,1200.5317
2024-08-22 20:00:00,948.0,829.74194
2024-08-22 21:00:00,781.0,607.6649
2024-08-22 22:00:00,584.0,514.02515
2024-08-22 23:00:00,317.0,334.25397
2024-08-23 00:00:00,156.0,188.15686
2024-08-23 01:00:00,68.0,82.275024
2024-08-23 02:00:00,62.0,70.93152
2024-08-23 03:00:00,78.0,103.177124
2024-08-23 04:00:00,223.0,355.2707
2024-08-23 05:00:00,879.0,946.3883
2024-08-23 06:00:00,2093.0,2395.7717
2024-08-23 07:00:00,2350.0,2642.0913
2024-08-23 08:00:00,1796.0,2116.5737
2024-08-23 09:00:00,1582.0,1617.2128
2024-08-23 10:00:00,1553.0,1510.5669
2024-08-23 11:00:00,1648.0,1533.239
2024-08-23 12:00:00,1719.0,1583.7441
2024-08-23 13:00:00,1825.0,1659.5183
2024-08-23 14:00:00,1977.0,1787.0269
2024-08-23 15:00:00,2177.0,1987.187
2024-08-23 16:00:00,2349.0,2190.3901
2024-08-23 17:00:00,2371.0,2177.5034
2024-08-23 18:00:00,2010.0,1838.8333
2024-08-23 19:00:00,1438.0,1322.8901
2024-08-23 20:00:00,1107.0,942.19165
2024-08-23 21:00:00,903.0,692.08887
2024-08-23 22:00:00,780.0,567.44305
2024-08-23 23:00:00,549.0,446.96802
2024-08-24 00:00:00,311.0,303.22064
2024-08-24 01:00:00,186.0,146.20422
2024-08-24 02:00:00,96.0,114.58362
2024-08-24 03:00:00,138.0,114.04797
2024-08-24 04:00:00,174.0,164.99353
2024-08-24 05:00:00,273.0,340.83514
2024-08-24 06:00:00,591.0,729.609
2024-08-24 07:00:00,926.0,993.0382
2024-08-24 08:00:00,1473.0,1304.4213
2024-08-24 09:00:00,1648.0,1610.3053
2024-08-24 10:00:00,1794.0,1750.5537
2024-08-24 11:00:00,1834.0,1835.3962
2024-08-24 12:00:00,1948.0,1894.5256
2024-08-24 13:00:00,1971.0,1948.0713
2024-08-24 14:00:00,2098.0,2025.4185
2024-08-24 15:00:00,2104.0,2111.706
2024-08-24 16:00:00,2354.0,2204.2258
2024-08-24 17:00:00,2436.0,2256.5781
2024-08-24 18:00:00,2131.0,2031.4083
2024-08-24 19:00:00,1737.0,1416.7489
2024-08-24 20:00:00,1597.0,1018.73895
2024-08-24 21:00:00,1389.0,843.4713
2024-08-24 22:00:00,1088.0,654.4619
2024-08-24 23:00:00,758.0,500.01953
2024-08-25 00:00:00,533.0,229.46008
2024-08-25 01:00:00,302.0,186.86853
2024-08-25 02:00:00,191.0,152.33691
2024-08-25 03:00:00,180.0,137.07965
2024-08-25 04:00:00,160.0,148.68329
2024-08-25 05:00:00,157.0,227.4331
2024-08-25 06:00:00,290.0,364.61694
2024-08-25 07:00:00,353.0,448.39972
2024-08-25 08:00:00,627.0,761.33496
2024-08-25 09:00:00,1099.0,1104.8048
2024-08-25 10:00:00,1595.0,1336.1548
2024-08-25 11:00:00,2081.0,1532.8088
2024-08-25 12:00:00,2327.0,1648.249
2024-08-25 13:00:00,2380.0,1802.012
2024-08-25 14:00:00,2560.0,1971.5305
2024-08-25 15:00:00,2539.0,2205.993
2024-08-25 16:00:00,2530.0,2452.3848
2024-08-25 17:00:00,2579.0,2486.9443
2024-08-25 18:00:00,2160.0,2224.8481
2024-08-25 19:00:00,1579.0,1704.1355
2024-08-25 20:00:00,1255.0,1320.5356
2024-08-25 21:00:00,950.0,920.7972
2024-08-25 22:00:00,524.0,587.97327
2024-08-25 23:00:00,251.0,312.26117
2024-08-26 00:00:00,133.0,101.26929
2024-08-26 01:00:00,63.0,71.221436
2024-08-26 02:00:00,70.0,63.61792
2024-08-26 03:00:00,93.0,85.94238
2024-08-26 04:00:00,230.0,301.8974
2024-08-26 05:00:00,1030.0,1124.8856
2024-08-26 06:00:00,2497.0,2662.3425
2024-08-26 07:00:00,2696.0,2818.6052
2024-08-26 08:00:00,2051.0,2209.3428
2024-08-26 09:00:00,1603.0,1546.8492
2024-08-26 10:00:00,1427.0,1435.2308
2024-08-26 11:00:00,1498.0,1447.4259
2024-08-26 12:00:00,1445.0,1464.3202
2024-08-26 13:00:00,1567.0,1488.221
2024-08-26 14:00:00,1613.0,1526.1238
2024-08-26 15:00:00,1703.0,1636.4705
2024-08-26 16:00:00,1938.0,1849.3789
2024-08-26 17:00:00,2110.0,2077.2324
2024-08-26 18:00:00,1616.0,1651.5403
2024-08-26 19:00:00,1056.0,1045.7784
2024-08-26 20:00:00,753.0,694.07214
2024-08-26 21:00:00,544.0,526.66486
2024-08-26 22:00:00,346.0,385.79108
2024-08-26 23:00:00,182.0,194.95227
2024-08-27 00:00:00,78.0,97.92737
2024-08-27 01:00:00,71.0,65.66199
2024-08-27 02:00:00,71.0,56.391724
2024-08-27 03:00:00,91.0,77.87463
2024-08-27 04:00:00,203.0,298.77704
2024-08-27 05:00:00,981.0,1078.8206
2024-08-27 06:00:00,2558.0,2642.3286
2024-08-27 07:00:00,2892.0,2819.8772
2024-08-27 08:00:00,2058.0,2350.028
2024-08-27 09:00:00,1604.0,1557.4542
2024-08-27 10:00:00,1398.0,1444.2982
2024-08-27 11:00:00,1404.0,1453.8794
2024-08-27 12:00:00,1424.0,1471.6619
2024-08-27 13:00:00,1420.0,1497.5796
2024-08-27 14:00:00,1492.0,1536.8364
2024-08-27 15:00:00,1679.0,1672.5789
2024-08-27 16:00:00,1915.0,1919.8359
2024-08-27 17:00:00,2250.0,2095.0315
2024-08-27 18:00:00,1706.0,1694.1427
2024-08-27 19:00:00,1159.0,1097.8815
2024-08-27 20:00:00,788.0,704.97534
2024-08-27 21:00:00,712.0,525.1762
2024-08-27 22:00:00,427.0,410.90558
2024-08-27 23:00:00,237.0,210.46643
2024-08-28 00:00:00,115.0,95.66943
2024-08-28 01:00:00,77.0,64.13855
2024-08-28 02:00:00,52.0,56.464355
2024-08-28 03:00:00,86.0,80.569214
2024-08-28 04:00:00,221.0,309.90308
2024-08-28 05:00:00,953.0,1063.4525
2024-08-28 06:00:00,2415.0,2577.4226
2024-08-28 07:00:00,2790.0,2765.6719
2024-08-28 08:00:00,2039.0,2350.9707
2024-08-28 09:00:00,1556.0,1599.6871
2024-08-28 10:00:00,1474.0,1448.7654
2024-08-28 11:00:00,1545.0,1466.8177
2024-08-28 12:00:00,1550.0,1489.5015
2024-08-28 13:00:00,1539.0,1517.8224
2024-08-28 14:00:00,1642.0,1579.3213
2024-08-28 15:00:00,1727.0,1749.1567
2024-08-28 16:00:00,2040.0,2010.0532
2024-08-28 17:00:00,2275.0,2096.5217
2024-08-28 18:00:00,1815.0,1718.3582
2024-08-28 19:00:00,1174.0,1143.149
2024-08-28 20:00:00,879.0,761.18225
2024-08-28 21:00:00,818.0,564.3114
2024-08-28 22:00:00,540.0,458.32135
2024-08-28 23:00:00,297.0,253.80786
2024-08-29 00:00:00,122.0,111.69763
2024-08-29 01:00:00,72.0,65.14612
2024-08-29 02:00:00,48.0,59.993652
2024-08-29 03:00:00,104.0,89.978516
2024-08-29 04:00:00,209.0,356.06268
2024-08-29 05:00:00,955.0,1035.8539
2024-08-29 06:00:00,2353.0,2495.6396
2024-08-29 07:00:00,2813.0,2724.3557
2024-08-29 08:00:00,2152.0,2263.6296
2024-08-29 09:00:00,1545.0,1594.1453
2024-08-29 10:00:00,1420.0,1465.5791
2024-08-29 11:00:00,1561.0,1483.0809
2024-08-29 12:00:00,1465.0,1518.5337
2024-08-29 13:00:00,1676.0,1563.2291
2024-08-29 14:00:00,1719.0,1657.8765
2024-08-29 15:00:00,1913.0,1851.467
2024-08-29 16:00:00,2159.0,2122.7192
2024-08-29 17:00:00,2189.0,2084.1206
2024-08-29 18:00:00,1714.0,1732.4819
2024-08-29 19:00:00,1240.0,1208.2876
2024-08-29 20:00:00,933.0,840.437
2024-08-29 21:00:00,824.0,608.60785
2024-08-29 22:00:00,601.0,508.47406
2024-08-29 23:00:00,320.0,321.74683
2024-08-30 00:00:00,147.0,164.22137
2024-08-30 01:00:00,81.0,76.18262
2024-08-30 02:00:00,62.0,65.714966
2024-08-30 03:00:00,88.0,101.44006
2024-08-30 04:00:00,209.0,351.12665
2024-08-30 05:00:00,845.0,954.0482
2024-08-30 06:00:00,2124.0,2396.4238
2024-08-30 07:00:00,2324.0,2622.563
2024-08-30 08:00:00,1813.0,2089.0527
2024-08-30 09:00:00,1464.0,1593.8062
2024-08-30 10:00:00,1584.0,1504.1334
2024-08-30 11:00:00,1688.0,1519.5927
2024-08-30 12:00:00,1742.0,1570.6862
2024-08-30 13:00:00,1760.0,1650.3667
2024-08-30 14:00:00,1935.0,1787.57
2024-08-30 15:00:00,2092.0,1997.1965
2024-08-30 16:00:00,2317.0,2191.358
2024-08-30 17:00:00,2256.0,2161.7952
2024-08-30 18:00:00,1751.0,1828.7085
2024-08-30 19:00:00,1463.0,1339.234
2024-08-30 20:00:00,1032.0,935.9881
2024-08-30 21:00:00,881.0,672.6621
2024-08-30 22:00:00,760.0,558.1746
2024-08-30 23:00:00,561.0,433.85144
2024-08-31 00:00:00,357.0,254.90692
2024-08-31 01:00:00,194.0,153.52692
2024-08-31 02:00:00,127.0,116.59534
2024-08-31 03:00:00,117.0,113.09204
2024-08-31 04:00:00,166.0,144.75763
2024-08-31 05:00:00,291.0,277.17157
2024-08-31 06:00:00,624.0,571.4793
2024-08-31 07:00:00,1004.0,906.78906
2024-08-31 08:00:00,1464.0,1227.988
2024-08-31 09:00:00,1602.0,1591.4785
2024-08-31 10:00:00,1792.0,1742.2695
2024-08-31 11:00:00,1912.0,1835.1174
2024-08-31 12:00:00,1851.0,1885.4868
2024-08-31 13:00:00,1982.0,1943.4038
2024-08-31 14:00:00,1987.0,2030.5734
2024-08-31 15:00:00,2122.0,2124.3643
2024-08-31 16:00:00,2116.0,2230.828
2024-08-31 17:00:00,2216.0,2230.9897
2024-08-31 18:00:00,1959.0,1871.6964
2024-08-31 19:00:00,1440.0,1267.3148
2024-08-31 20:00:00,1215.0,925.49036
2024-08-31 21:00:00,1143.0,792.485
2024-08-31 22:00:00,958.0,711.2517
2024-08-31 23:00:00,749.0,561.0223
2024-09-01 00:00:00,548.0,227.02124
2024-09-01 01:00:00,313.0,193.94873
2024-09-01 02:00:00,171.0,166.68195
2024-09-01 03:00:00,134.0,148.54712
2024-09-01 04:00:00,143.0,143.02924
2024-09-01 05:00:00,160.0,190.94214
2024-09-01 06:00:00,288.0,257.46887
2024-09-01 07:00:00,423.0,389.65625
2024-09-01 08:00:00,660.0,688.6682
2024-09-01 09:00:00,1106.0,1097.3186
2024-09-01 10:00:00,1482.0,1369.033
2024-09-01 11:00:00,1808.0,1541.6768
2024-09-01 12:00:00,1939.0,1675.9379
2024-09-01 13:00:00,2076.0,1855.762
2024-09-01 14:00:00,2392.0,2119.3945
2024-09-01 15:00:00,2530.0,2370.886
2024-09-01 16:00:00,2688.0,2534.393
2024-09-01 17:00:00,2744.0,2534.1167
2024-09-01 18:00:00,2732.0,1513.5979
2024-09-01 19:00:00,2293.0,1191.4607
2024-09-01 20:00:00,2149.0,994.53705
2024-09-01 21:00:00,1282.0,688.5575
2024-09-01 22:00:00,649.0,521.09595
2024-09-01 23:00:00,317.0,278.72284
2024-09-02 00:00:00,179.0,86.06482
2024-09-02 01:00:00,81.0,62.28601
2024-09-02 02:00:00,60.0,59.378418
2024-09-02 03:00:00,89.0,84.83374
2024-09-02 04:00:00,242.0,301.412
2024-09-02 05:00:00,1044.0,1076.8943
2024-09-02 06:00:00,2486.0,2670.7012
2024-09-02 07:00:00,2802.0,2823.4292
2024-09-02 08:00:00,2101.0,2304.682
2024-09-02 09:00:00,1512.0,1544.5359
2024-09-02 10:00:00,1356.0,1434.4158
2024-09-02 11:00:00,1447.0,1448.3995
2024-09-02 12:00:00,1488.0,1464.9491
2024-09-02 13:00:00,1521.0,1484.9595
2024-09-02 14:00:00,1604.0,1508.5359
2024-09-02 15:00:00,1605.0,1626.6337
2024-09-02 16:00:00,1812.0,1885.8069
2024-09-02 17:00:00,2121.0,2103.4146
2024-09-02 18:00:00,1560.0,1651.7775
2024-09-02 19:00:00,1039.0,1037.3304
2024-09-02 20:00:00,763.0,673.3424
2024-09-02 21:00:00,591.0,519.2974
2024-09-02 22:00:00,431.0,384.2279
2024-09-02 23:00:00,218.0,184.68951
2024-09-03 00:00:00,113.0,83.9386
2024-09-03 01:00:00,73.0,60.06775
2024-09-03 02:00:00,53.0,56.80493
2024-09-03 03:00:00,91.0,80.763916
2024-09-03 04:00:00,197.0,281.792
2024-09-03 05:00:00,933.0,1018.2665
2024-09-03 06:00:00,2499.0,2642.961
2024-09-03 07:00:00,2906.0,2822.3655
2024-09-03 08:00:00,2159.0,2344.0906
2024-09-03 09:00:00,1460.0,1590.4948
2024-09-03 10:00:00,1395.0,1434.7568
2024-09-03 11:00:00,1351.0,1450.8035
2024-09-03 12:00:00,1410.0,1471.1978
2024-09-03 13:00:00,1512.0,1489.1826
2024-09-03 14:00:00,1516.0,1526.1802
2024-09-03 15:00:00,1739.0,1633.369
2024-09-03 16:00:00,1870.0,1845.7927
2024-09-03 17:00:00,2195.0,2095.6113
2024-09-03 18:00:00,1720.0,1631.764
2024-09-03 19:00:00,1094.0,1069.9456
2024-09-03 20:00:00,707.0,688.8985
2024-09-03 21:00:00,563.0,507.60413
2024-09-03 22:00:00,436.0,400.54846
2024-09-03 23:00:00,186.0,168.35474
2024-09-04 00:00:00,106.0,88.3866
2024-09-04 01:00:00,59.0,59.63391
2024-09-04 02:00:00,38.0,57.840454
2024-09-04 03:00:00,100.0,79.36853
2024-09-04 04:00:00,198.0,299.05176
2024-09-04 05:00:00,958.0,1055.0243
2024-09-04 06:00:00,2434.0,2605.2793
2024-09-04 07:00:00,2723.0,2808.5144
2024-09-04 08:00:00,2073.0,2352.3223
2024-09-04 09:00:00,1493.0,1624.6967
2024-09-04 10:00:00,1477.0,1432.2101
2024-09-04 11:00:00,1485.0,1458.2803
2024-09-04 12:00:00,1528.0,1477.5677
2024-09-04 13:00:00,1621.0,1504.4192
2024-09-04 14:00:00,1638.0,1548.8604
2024-09-04 15:00:00,1689.0,1700.177
2024-09-04 16:00:00,1944.0,1951.0303
2024-09-04 17:00:00,2148.0,2143.5051
2024-09-04 18:00:00,1692.0,1709.4623
2024-09-04 19:00:00,1044.0,1049.6038
2024-09-04 20:00:00,839.0,696.4873
2024-09-04 21:00:00,646.0,543.86395
2024-09-04 22:00:00,460.0,426.8991
2024-09-04 23:00:00,240.0,201.36816
2024-09-05 00:00:00,120.0,104.94153
2024-09-05 01:00:00,63.0,70.69507
2024-09-05 02:00:00,66.0,70.27417
2024-09-05 03:00:00,97.0,100.14929
2024-09-05 04:00:00,226.0,355.7495
2024-09-05 05:00:00,982.0,1125.934
2024-09-05 06:00:00,2441.0,2525.9365
2024-09-05 07:00:00,2796.0,2777.0664
2024-09-05 08:00:00,2033.0,2316.2349
2024-09-05 09:00:00,1534.0,1732.9215
2024-09-05 10:00:00,1485.0,1476.8568
2024-09-05 11:00:00,1539.0,1448.1738
2024-09-05 12:00:00,1568.0,1474.8972
2024-09-05 13:00:00,1590.0,1509.998
2024-09-05 14:00:00,1790.0,1567.4597
2024-09-05 15:00:00,1891.0,1687.5072
2024-09-05 16:00:00,2163.0,1930.0273
2024-09-05 17:00:00,2207.0,2197.5962
2024-09-05 18:00:00,1732.0,1768.11
2024-09-05 19:00:00,1179.0,1070.5537
2024-09-05 20:00:00,725.0,674.35913
2024-09-05 21:00:00,630.0,519.6114
2024-09-05 22:00:00,485.0,399.3141
2024-09-05 23:00:00,255.0,238.8435
2024-09-06 00:00:00,120.0,118.041504
2024-09-06 01:00:00,80.0,60.83374
2024-09-06 02:00:00,49.0,61.852295
2024-09-06 03:00:00,105.0,87.11914
2024-09-06 04:00:00,218.0,298.51782
2024-09-06 05:00:00,836.0,899.15967
2024-09-06 06:00:00,2181.0,2439.9453
2024-09-06 07:00:00,2346.0,2666.1062
2024-09-06 08:00:00,1803.0,2232.564
2024-09-06 09:00:00,1500.0,1587.2046
2024-09-06 10:00:00,1502.0,1478.6195
2024-09-06 11:00:00,1606.0,1502.5287
2024-09-06 12:00:00,1721.0,1554.4503
2024-09-06 13:00:00,1738.0,1624.7404
2024-09-06 14:00:00,1817.0,1752.073
2024-09-06 15:00:00,2027.0,1956.0796
2024-09-06 16:00:00,2262.0,2152.4802
2024-09-06 17:00:00,2235.0,2120.339
2024-09-06 18:00:00,1844.0,1746.9872
2024-09-06 19:00:00,1440.0,1256.801
2024-09-06 20:00:00,944.0,884.8063
2024-09-06 21:00:00,831.0,644.54553
2024-09-06 22:00:00,673.0,543.93494
2024-09-06 23:00:00,467.0,373.20288
2024-09-07 00:00:00,274.0,244.52301
2024-09-07 01:00:00,151.0,134.58588
2024-09-07 02:00:00,119.0,113.97339
2024-09-07 03:00:00,97.0,115.41992
2024-09-07 04:00:00,171.0,165.5188
2024-09-07 05:00:00,286.0,299.5688
2024-09-07 06:00:00,577.0,596.37445
2024-09-07 07:00:00,966.0,956.7372
2024-09-07 08:00:00,1427.0,1256.0852
2024-09-07 09:00:00,1680.0,1528.1917
2024-09-07 10:00:00,1728.0,1741.9486
2024-09-07 11:00:00,1720.0,1838.9634
2024-09-07 12:00:00,2034.0,1892.8113
2024-09-07 13:00:00,2078.0,1923.1282
2024-09-07 14:00:00,2081.0,1957.7349
2024-09-07 15:00:00,2143.0,2033.9478
2024-09-07 16:00:00,2296.0,2127.5728
2024-09-07 17:00:00,2579.0,2134.7173
2024-09-07 18:00:00,2236.0,1918.9563
2024-09-07 19:00:00,1559.0,1450.7091
2024-09-07 20:00:00,1417.0,1042.4207
2024-09-07 21:00:00,1217.0,804.98865
2024-09-07 22:00:00,840.0,716.5211
2024-09-07 23:00:00,609.0,540.3286
2024-09-08 00:00:00,440.0,201.49469
2024-09-08 01:00:00,271.0,162.44672
2024-09-08 02:00:00,189.0,132.57977
2024-09-08 03:00:00,133.0,120.69922
2024-09-08 04:00:00,125.0,139.75287
2024-09-08 05:00:00,150.0,221.24902
2024-09-08 06:00:00,240.0,343.59064
2024-09-08 07:00:00,338.0,474.9931
2024-09-08 08:00:00,656.0,779.4256
2024-09-08 09:00:00,1156.0,1163.5281
2024-09-08 10:00:00,1609.0,1422.2684
2024-09-08 11:00:00,1997.0,1618.7004
2024-09-08 12:00:00,2403.0,1719.4255
2024-09-08 13:00:00,2697.0,1847.8511
2024-09-08 14:00:00,2546.0,1980.4067
2024-09-08 15:00:00,2586.0,2192.7651
2024-09-08 16:00:00,2702.0,2341.5515
2024-09-08 17:00:00,2621.0,2000.4121
2024-09-08 18:00:00,2087.0,2007.5193
2024-09-08 19:00:00,1806.0,1975.6631
2024-09-08 20:00:00,1305.0,1512.8906
2024-09-08 21:00:00,821.0,1027.2288
2024-09-08 22:00:00,459.0,590.8634
2024-09-08 23:00:00,239.0,273.9312
2024-09-09 00:00:00,106.0,81.04956
2024-09-09 01:00:00,71.0,54.88452
2024-09-09 02:00:00,65.0,49.763428
2024-09-09 03:00:00,87.0,72.74487
2024-09-09 04:00:00,222.0,285.20007
2024-09-09 05:00:00,991.0,1152.6377
2024-09-09 06:00:00,2357.0,2681.284
2024-09-09 07:00:00,2540.0,2831.1685
2024-09-09 08:00:00,1938.0,2356.3467
2024-09-09 09:00:00,1451.0,1611.9469
2024-09-09 10:00:00,1458.0,1428.2227
2024-09-09 11:00:00,1533.0,1433.105
2024-09-09 12:00:00,1535.0,1451.854
2024-09-09 13:00:00,1564.0,1475.088
2024-09-09 14:00:00,1674.0,1500.4432
2024-09-09 15:00:00,1825.0,1584.3049
2024-09-09 16:00:00,1916.0,1824.503
2024-09-09 17:00:00,2115.0,2045.5393
2024-09-09 18:00:00,1697.0,1628.1528
2024-09-09 19:00:00,1105.0,1001.8041
2024-09-09 20:00:00,769.0,648.9824
2024-09-09 21:00:00,534.0,488.9499
2024-09-09 22:00:00,364.0,350.60406
2024-09-09 23:00:00,192.0,167.2088
2024-09-10 00:00:00,100.0,79.6416
2024-09-10 01:00:00,49.0,56.31128
2024-09-10 02:00:00,49.0,49.83618
2024-09-10 03:00:00,81.0,73.818726
2024-09-10 04:00:00,204.0,249.13745
2024-09-10 05:00:00,968.0,1001.7361
2024-09-10 06:00:00,2516.0,2648.5251
2024-09-10 07:00:00,2893.0,2829.7075
2024-09-10 08:00:00,2131.0,2364.9966
2024-09-10 09:00:00,1523.0,1616.7059
2024-09-10 10:00:00,1414.0,1432.7428
2024-09-10 11:00:00,1371.0,1446.942
2024-09-10 12:00:00,1424.0,1463.813
2024-09-10 13:00:00,1512.0,1484.0452
2024-09-10 14:00:00,1558.0,1506.4958
2024-09-10 15:00:00,1644.0,1604.5043
2024-09-10 16:00:00,1828.0,1832.2751
2024-09-10 17:00:00,2183.0,2087.0227
2024-09-10 18:00:00,1697.0,1665.5935
2024-09-10 19:00:00,966.0,1025.1594
2024-09-10 20:00:00,671.0,646.14514
2024-09-10 21:00:00,535.0,508.17188
2024-09-10 22:00:00,410.0,375.19604
2024-09-10 23:00:00,184.0,154.46484
2024-09-11 00:00:00,83.0,75.16455
2024-09-11 01:00:00,57.0,51.411865
2024-09-11 02:00:00,50.0,48.92163
2024-09-11 03:00:00,96.0,72.237305
2024-09-11 04:00:00,220.0,238.38916
2024-09-11 05:00:00,961.0,1005.60297
2024-09-11 06:00:00,2422.0,2610.8862
2024-09-11 07:00:00,2824.0,2806.1814
2024-09-11 08:00:00,1929.0,2338.7014
2024-09-11 09:00:00,1414.0,1616.921
2024-09-11 10:00:00,1382.0,1435.7007
2024-09-11 11:00:00,1485.0,1454.5394
2024-09-11 12:00:00,1578.0,1478.093
2024-09-11 13:00:00,1624.0,1507.1232
2024-09-11 14:00:00,1742.0,1522.2949
2024-09-11 15:00:00,1742.0,1599.826
2024-09-11 16:00:00,2063.0,1848.0703
2024-09-11 17:00:00,2161.0,2084.4648
2024-09-11 18:00:00,1763.0,1661.1709
2024-09-11 19:00:00,1068.0,1055.0398
2024-09-11 20:00:00,644.0,631.279
2024-09-11 21:00:00,518.0,508.86554
2024-09-11 22:00:00,413.0,337.3418
2024-09-11 23:00:00,216.0,113.04358
2024-09-12 00:00:00,114.0,56.84424
2024-09-12 01:00:00,80.0,41.4657
2024-09-12 02:00:00,60.0,47.55432
2024-09-12 03:00:00,102.0,69.224365
2024-09-12 04:00:00,210.0,207.89294
2024-09-12 05:00:00,950.0,951.76166
2024-09-12 06:00:00,2439.0,2572.77
2024-09-12 07:00:00,2824.0,2786.2617
2024-09-12 08:00:00,2034.0,2317.3354
2024-09-12 09:00:00,1599.0,1622.6975
2024-09-12 10:00:00,1422.0,1440.0989
2024-09-12 11:00:00,1513.0,1463.8181
2024-09-12 12:00:00,1493.0,1498.3441
2024-09-12 13:00:00,1674.0,1535.4917
2024-09-12 14:00:00,1686.0,1590.644
2024-09-12 15:00:00,1827.0,1769.8112
2024-09-12 16:00:00,2033.0,1992.1594
2024-09-12 17:00:00,2272.0,2146.2837
2024-09-12 18:00:00,1741.0,1690.6609
2024-09-12 19:00:00,1090.0,1103.6218
2024-09-12 20:00:00,700.0,706.43713
2024-09-12 21:00:00,580.0,562.07806
2024-09-12 22:00:00,435.0,455.26764
2024-09-12 23:00:00,268.0,179.68
2024-09-13 00:00:00,147.0,90.92859
2024-09-13 01:00:00,67.0,51.544556
2024-09-13 02:00:00,60.0,57.131348
2024-09-13 03:00:00,94.0,77.44983
2024-09-13 04:00:00,217.0,212.22772
2024-09-13 05:00:00,775.0,847.6063
2024-09-13 06:00:00,2139.0,2442.3345
2024-09-13 07:00:00,2322.0,2684.6216
2024-09-13 08:00:00,1786.0,2235.2192
2024-09-13 09:00:00,1474.0,1589.6943
2024-09-13 10:00:00,1567.0,1464.5674
2024-09-13 11:00:00,1613.0,1498.2627
2024-09-13 12:00:00,1642.0,1530.6975
2024-09-13 13:00:00,1843.0,1630.4004
2024-09-13 14:00:00,1847.0,1741.9379
2024-09-13 15:00:00,1982.0,1919.5784
2024-09-13 16:00:00,2172.0,2046.9622
2024-09-13 17:00:00,2233.0,2127.7734
2024-09-13 18:00:00,1784.0,1763.8489
2024-09-13 19:00:00,1269.0,1190.7065
2024-09-13 20:00:00,916.0,817.9175
2024-09-13 21:00:00,676.0,621.71643
2024-09-13 22:00:00,653.0,535.34454
2024-09-13 23:00:00,517.0,304.17255
2024-09-14 00:00:00,293.0,171.84937
2024-09-14 01:00:00,202.0,107.85535
2024-09-14 02:00:00,106.0,90.675415
2024-09-14 03:00:00,118.0,100.06116
2024-09-14 04:00:00,150.0,135.28802
2024-09-14 05:00:00,202.0,258.44482
2024-09-14 06:00:00,514.0,531.63525
2024-09-14 07:00:00,966.0,856.9258
2024-09-14 08:00:00,1292.0,1136.7778
2024-09-14 09:00:00,1525.0,1421.54
2024-09-14 10:00:00,1787.0,1633.1235
2024-09-14 11:00:00,1817.0,1806.5222
2024-09-14 12:00:00,1885.0,1875.1455
2024-09-14 13:00:00,1951.0,1911.626
2024-09-14 14:00:00,2020.0,1948.6179
2024-09-14 15:00:00,1977.0,2004.0979
2024-09-14 16:00:00,2085.0,2100.8113
2024-09-14 17:00:00,2032.0,2059.854
2024-09-14 18:00:00,1654.0,1518.775
2024-09-14 19:00:00,1191.0,982.502
2024-09-14 20:00:00,852.0,790.1937
2024-09-14 21:00:00,823.0,734.6898
2024-09-14 22:00:00,756.0,695.0492
2024-09-14 23:00:00,633.0,466.3841
2024-09-15 00:00:00,397.0,203.0998
2024-09-15 01:00:00,260.0,164.52783
2024-09-15 02:00:00,171.0,137.95667
2024-09-15 03:00:00,117.0,124.97302
2024-09-15 04:00:00,141.0,130.41327
2024-09-15 05:00:00,126.0,159.90173
2024-09-15 06:00:00,216.0,240.68115
2024-09-15 07:00:00,352.0,393.30438
2024-09-15 08:00:00,672.0,602.6179
2024-09-15 09:00:00,979.0,948.84265
2024-09-15 10:00:00,1395.0,1283.8693
2024-09-15 11:00:00,1560.0,1452.6775
2024-09-15 12:00:00,1878.0,1608.2007
2024-09-15 13:00:00,2103.0,1768.273
2024-09-15 14:00:00,2247.0,1956.4387
2024-09-15 15:00:00,2413.0,2205.0266
2024-09-15 16:00:00,2694.0,2436.2173
2024-09-15 17:00:00,2670.0,2414.309
2024-09-15 18:00:00,2398.0,2097.523
2024-09-15 19:00:00,1845.0,1583.303
2024-09-15 20:00:00,1397.0,1241.8649
2024-09-15 21:00:00,813.0,841.7263
2024-09-15 22:00:00,471.0,426.5608
2024-09-15 23:00:00,215.0,244.98462
2024-09-16 00:00:00,97.0,73.54663
2024-09-16 01:00:00,59.0,59.76648
2024-09-16 02:00:00,48.0,59.729492
2024-09-16 03:00:00,93.0,82.813354
2024-09-16 04:00:00,205.0,327.26172
2024-09-16 05:00:00,986.0,1236.2064
2024-09-16 06:00:00,2561.0,2618.9014
2024-09-16 07:00:00,2727.0,2815.7917
2024-09-16 08:00:00,2047.0,2346.3066
2024-09-16 09:00:00,1399.0,1710.3762
2024-09-16 10:00:00,1332.0,1434.761
2024-09-16 11:00:00,1477.0,1430.0123
2024-09-16 12:00:00,1494.0,1442.7255
2024-09-16 13:00:00,1474.0,1464.7205
2024-09-16 14:00:00,1574.0,1483.2239
2024-09-16 15:00:00,1599.0,1530.8301
2024-09-16 16:00:00,1789.0,1760.6836
2024-09-16 17:00:00,2070.0,2122.7012
2024-09-16 18:00:00,1596.0,1724.6965
2024-09-16 19:00:00,965.0,996.0503
2024-09-16 20:00:00,612.0,603.1689
2024-09-16 21:00:00,521.0,463.66388
2024-09-16 22:00:00,327.0,292.03778
2024-09-16 23:00:00,194.0,120.75549
2024-09-17 00:00:00,85.0,70.431274
2024-09-17 01:00:00,62.0,48.57129
2024-09-17 02:00:00,51.0,44.07373
2024-09-17 03:00:00,71.0,64.36157
2024-09-17 04:00:00,191.0,236.32458
2024-09-17 05:00:00,937.0,1071.2433
2024-09-17 06:00:00,2578.0,2656.8853
2024-09-17 07:00:00,2808.0,2838.284
2024-09-17 08:00:00,2106.0,2325.727
2024-09-17 09:00:00,1551.0,1616.1553
2024-09-17 10:00:00,1403.0,1430.3301
2024-09-17 11:00:00,1328.0,1442.7661
2024-09-17 12:00:00,1355.0,1461.8461
2024-09-17 13:00:00,1448.0,1482.2341
2024-09-17 14:00:00,1524.0,1508.5107
2024-09-17 15:00:00,1642.0,1600.9681
2024-09-17 16:00:00,1863.0,1831.2086
2024-09-17 17:00:00,2155.0,2085.8542
2024-09-17 18:00:00,1726.0,1658.1089
2024-09-17 19:00:00,971.0,1019.1809
2024-09-17 20:00:00,598.0,638.36365
2024-09-17 21:00:00,564.0,506.6228
2024-09-17 22:00:00,402.0,367.26086
2024-09-17 23:00:00,251.0,150.0603
2024-09-18 00:00:00,136.0,70.202515
2024-09-18 01:00:00,67.0,47.560425
2024-09-18 02:00:00,79.0,45.711548
2024-09-18 03:00:00,86.0,67.81665
2024-09-18 04:00:00,185.0,220.15857
2024-09-18 05:00:00,939.0,995.45294
2024-09-18 06:00:00,2458.0,2607.4966
2024-09-18 07:00:00,2819.0,2816.7866
2024-09-18 08:00:00,2092.0,2344.5662
2024-09-18 09:00:00,1510.0,1610.4901
2024-09-18 10:00:00,1330.0,1435.2009
2024-09-18 11:00:00,1438.0,1453.3816
2024-09-18 12:00:00,1501.0,1475.0326
2024-09-18 13:00:00,1660.0,1500.0652
2024-09-18 14:00:00,1628.0,1538.0103
2024-09-18 15:00:00,1722.0,1678.933
2024-09-18 16:00:00,1953.0,1924.9746
2024-09-18 17:00:00,2275.0,2140.9587
2024-09-18 18:00:00,1882.0,1686.2582
2024-09-18 19:00:00,1192.0,1062.5027
2024-09-18 20:00:00,796.0,659.42346
2024-09-18 21:00:00,575.0,525.473
2024-09-18 22:00:00,440.0,394.66748
2024-09-18 23:00:00,259.0,159.43976
2024-09-19 00:00:00,112.0,69.9082
2024-09-19 01:00:00,67.0,47.434326
2024-09-19 02:00:00,72.0,50.40088
2024-09-19 03:00:00,90.0,73.49341
2024-09-19 04:00:00,221.0,259.07043
2024-09-19 05:00:00,900.0,960.97485
2024-09-19 06:00:00,2399.0,2563.9028
2024-09-19 07:00:00,2813.0,2780.6553
2024-09-19 08:00:00,2169.0,2371.2434
2024-09-19 09:00:00,1500.0,1636.4443
2024-09-19 10:00:00,1411.0,1441.3455
2024-09-19 11:00:00,1481.0,1465.4816
2024-09-19 12:00:00,1427.0,1499.2485
2024-09-19 13:00:00,1583.0,1540.6438
2024-09-19 14:00:00,1627.0,1605.0583
2024-09-19 15:00:00,1782.0,1777.112
2024-09-19 16:00:00,2038.0,2033.2639
2024-09-19 17:00:00,2296.0,2128.9387
2024-09-19 18:00:00,1758.0,1703.4138
2024-09-19 19:00:00,1148.0,1127.2428
2024-09-19 20:00:00,719.0,723.4966
2024-09-19 21:00:00,624.0,565.34937
2024-09-19 22:00:00,449.0,457.67285
2024-09-19 23:00:00,273.0,195.90308
2024-09-20 00:00:00,107.0,101.76318
2024-09-20 01:00:00,69.0,53.39734
2024-09-20 02:00:00,81.0,58.042114
2024-09-20 03:00:00,105.0,79.472534
2024-09-20 04:00:00,184.0,246.6427
2024-09-20 05:00:00,815.0,861.05896
2024-09-20 06:00:00,2139.0,2439.1309
2024-09-20 07:00:00,2428.0,2688.829
2024-09-20 08:00:00,1894.0,2206.2642
2024-09-20 09:00:00,1405.0,1577.83
2024-09-20 10:00:00,1491.0,1477.4773
2024-09-20 11:00:00,1605.0,1503.7958
2024-09-20 12:00:00,1614.0,1556.3904
2024-09-20 13:00:00,1857.0,1625.9519
2024-09-20 14:00:00,1899.0,1749.0376
2024-09-20 15:00:00,2151.0,1957.1143
2024-09-20 16:00:00,2221.0,2153.5662
2024-09-20 17:00:00,2525.0,2131.4526
2024-09-20 18:00:00,1886.0,1779.9968
2024-09-20 19:00:00,1390.0,1239.2858
2024-09-20 20:00:00,940.0,863.5759
2024-09-20 21:00:00,744.0,634.8287
2024-09-20 22:00:00,697.0,540.5859
2024-09-20 23:00:00,571.0,350.98315
2024-09-21 00:00:00,284.0,177.2276
2024-09-21 01:00:00,183.0,104.65393
2024-09-21 02:00:00,90.0,96.083984
2024-09-21 03:00:00,109.0,104.50964
2024-09-21 04:00:00,128.0,153.13647
2024-09-21 05:00:00,250.0,310.2436
2024-09-21 06:00:00,600.0,600.45593
2024-09-21 07:00:00,1005.0,910.128
2024-09-21 08:00:00,1289.0,1238.5284
2024-09-21 09:00:00,1599.0,1505.9053
2024-09-21 10:00:00,1713.0,1705.4739
2024-09-21 11:00:00,1847.0,1784.6632
2024-09-21 12:00:00,1888.0,1846.383
2024-09-21 13:00:00,2045.0,1893.461
2024-09-21 14:00:00,1961.0,1945.336
2024-09-21 15:00:00,1699.0,2033.9033
2024-09-21 16:00:00,2419.0,2140.4216
2024-09-21 17:00:00,2853.0,2128.09
2024-09-21 18:00:00,2204.0,1736.6537
2024-09-21 19:00:00,1399.0,1177.6793
2024-09-21 20:00:00,1123.0,844.0509
2024-09-21 21:00:00,875.0,750.417
2024-09-21 22:00:00,780.0,677.9593
2024-09-21 23:00:00,682.0,482.05463
2024-09-22 00:00:00,403.0,175.34326
2024-09-22 01:00:00,262.0,140.9743
2024-09-22 02:00:00,143.0,118.28967
2024-09-22 03:00:00,114.0,112.22424
2024-09-22 04:00:00,123.0,130.33453
2024-09-22 05:00:00,124.0,190.87189
2024-09-22 06:00:00,207.0,303.29675
2024-09-22 07:00:00,359.0,498.21063
2024-09-22 08:00:00,708.0,681.5398
2024-09-22 09:00:00,1073.0,1005.74146
2024-09-22 10:00:00,1364.0,1288.3049
2024-09-22 11:00:00,1718.0,1465.2524
2024-09-22 12:00:00,1868.0,1617.3406
2024-09-22 13:00:00,2210.0,1793.9148
2024-09-22 14:00:00,2520.0,1909.5903
2024-09-22 15:00:00,2713.0,2170.1155
2024-09-22 16:00:00,2964.0,2381.2305
2024-09-22 17:00:00,3086.0,2396.7368
2024-09-22 18:00:00,2959.0,2122.1443
2024-09-22 19:00:00,2249.0,1582.9237
2024-09-22 20:00:00,1600.0,1127.6339
2024-09-22 21:00:00,946.0,796.46875
2024-09-22 22:00:00,559.0,475.29938
2024-09-22 23:00:00,268.0,234.23602
2024-09-23 00:00:00,115.0,87.88696
2024-09-23 01:00:00,71.0,61.44275
2024-09-23 02:00:00,55.0,59.89026
2024-09-23 03:00:00,75.0,89.997314
2024-09-23 04:00:00,226.0,353.70117
2024-09-23 05:00:00,1024.0,1164.9542
2024-09-23 06:00:00,2563.0,2651.813
2024-09-23 07:00:00,2761.0,2825.856
2024-09-23 08:00:00,2045.0,2377.8257
2024-09-23 09:00:00,1383.0,1679.2163
2024-09-23 10:00:00,1446.0,1436.9042
2024-09-23 11:00:00,1435.0,1441.387
2024-09-23 12:00:00,1454.0,1450.1901
2024-09-23 13:00:00,1541.0,1476.615
2024-09-23 14:00:00,1706.0,1507.3829
2024-09-23 15:00:00,1746.0,1631.2979
2024-09-23 16:00:00,1909.0,1860.9244
2024-09-23 17:00:00,2134.0,2095.1362
2024-09-23 18:00:00,1631.0,1669.5876
2024-09-23 19:00:00,1037.0,1000.85864
2024-09-23 20:00:00,651.0,639.059
2024-09-23 21:00:00,533.0,494.99152
2024-09-23 22:00:00,362.0,346.3045
2024-09-23 23:00:00,191.0,164.48688
2024-09-24 00:00:00,96.0,79.648315
2024-09-24 01:00:00,78.0,53.265015
2024-09-24 02:00:00,69.0,51.604004
2024-09-24 03:00:00,73.0,76.24072
2024-09-24 04:00:00,185.0,320.91602
2024-09-24 05:00:00,1001.0,1094.6954
2024-09-24 06:00:00,2432.0,2640.2134
2024-09-24 07:00:00,2887.0,2827.7266
2024-09-24 08:00:00,2037.0,2313.0273
2024-09-24 09:00:00,1451.0,1640.9424
2024-09-24 10:00:00,1318.0,1436.2566
2024-09-24 11:00:00,1395.0,1445.1581
2024-09-24 12:00:00,1352.0,1462.4175
2024-09-24 13:00:00,1474.0,1484.3351
2024-09-24 14:00:00,1623.0,1516.1886
2024-09-24 15:00:00,1630.0,1646.9065
2024-09-24 16:00:00,1985.0,1883.5625
2024-09-24 17:00:00,2192.0,2126.7178
2024-09-24 18:00:00,1713.0,1745.277
2024-09-24 19:00:00,1094.0,1088.3668
2024-09-24 20:00:00,550.0,662.67065
2024-09-24 21:00:00,565.0,502.80603
2024-09-24 22:00:00,475.0,367.1095
2024-09-24 23:00:00,318.0,180.9378
2024-09-25 00:00:00,107.0,71.84119
2024-09-25 01:00:00,66.0,55.171265
2024-09-25 02:00:00,56.0,53.75061
2024-09-25 03:00:00,85.0,73.11511
2024-09-25 04:00:00,207.0,286.76984
2024-09-25 05:00:00,973.0,1022.57733
2024-09-25 06:00:00,2533.0,2486.356
2024-09-25 07:00:00,2827.0,2797.2776
2024-09-25 08:00:00,2033.0,2440.3223
2024-09-25 09:00:00,1527.0,1750.9358
2024-09-25 10:00:00,1436.0,1446.0094
2024-09-25 11:00:00,1462.0,1434.4976
2024-09-25 12:00:00,1609.0,1460.4829
2024-09-25 13:00:00,1730.0,1493.6395
2024-09-25 14:00:00,1812.0,1527.6465
2024-09-25 15:00:00,1877.0,1630.8959
2024-09-25 16:00:00,2113.0,1836.7638
2024-09-25 17:00:00,2481.0,2088.7083
2024-09-25 18:00:00,1928.0,1777.8047
2024-09-25 19:00:00,1186.0,1072.0154
2024-09-25 20:00:00,781.0,652.37274
2024-09-25 21:00:00,643.0,472.68036
2024-09-25 22:00:00,466.0,310.75238
2024-09-25 23:00:00,230.0,132.99359
2024-09-26 00:00:00,135.0,89.83545
2024-09-26 01:00:00,78.0,54.627563
2024-09-26 02:00:00,62.0,54.102173
2024-09-26 03:00:00,114.0,77.58557
2024-09-26 04:00:00,212.0,289.49847
2024-09-26 05:00:00,943.0,976.27856
2024-09-26 06:00:00,2481.0,2514.8125
2024-09-26 07:00:00,2803.0,2763.0796
2024-09-26 08:00:00,2133.0,2345.033
2024-09-26 09:00:00,1539.0,1729.3054
2024-09-26 10:00:00,1561.0,1451.1792
2024-09-26 11:00:00,1555.0,1445.796
2024-09-26 12:00:00,1419.0,1483.4138
2024-09-26 13:00:00,1693.0,1528.0444
2024-09-26 14:00:00,1648.0,1619.2162
2024-09-26 15:00:00,1858.0,1758.6926
2024-09-26 16:00:00,1959.0,1994.6567
2024-09-26 17:00:00,2201.0,2133.6448
2024-09-26 18:00:00,1706.0,1664.4503
2024-09-26 19:00:00,1238.0,1086.5646
2024-09-26 20:00:00,705.0,740.7489
2024-09-26 21:00:00,547.0,570.6326
2024-09-26 22:00:00,470.0,449.27057
2024-09-26 23:00:00,265.0,211.58759
2024-09-27 00:00:00,138.0,108.13977
2024-09-27 01:00:00,91.0,57.657593
2024-09-27 02:00:00,78.0,62.805664
2024-09-27 03:00:00,93.0,86.42456
2024-09-27 04:00:00,211.0,289.5152
2024-09-27 05:00:00,844.0,889.826
2024-09-27 06:00:00,2193.0,2389.8018
2024-09-27 07:00:00,2363.0,2621.9077
2024-09-27 08:00:00,1808.0,2225.9941
2024-09-27 09:00:00,1486.0,1644.0565
2024-09-27 10:00:00,1513.0,1489.8401
2024-09-27 11:00:00,1663.0,1513.3411
2024-09-27 12:00:00,1679.0,1570.595
2024-09-27 13:00:00,1796.0,1648.8472
2024-09-27 14:00:00,1895.0,1727.8276
2024-09-27 15:00:00,2200.0,1907.3625
2024-09-27 16:00:00,2235.0,2097.713
2024-09-27 17:00:00,2198.0,2121.5752
2024-09-27 18:00:00,1782.0,1764.3186
2024-09-27 19:00:00,1169.0,1255.3986
2024-09-27 20:00:00,878.0,855.62335
2024-09-27 21:00:00,688.0,631.07104
2024-09-27 22:00:00,661.0,525.13574
2024-09-27 23:00:00,454.0,320.5108
2024-09-28 00:00:00,279.0,169.4065
2024-09-28 01:00:00,150.0,103.3822
2024-09-28 02:00:00,122.0,96.414185
2024-09-28 03:00:00,141.0,105.80664
2024-09-28 04:00:00,159.0,141.50433
2024-09-28 05:00:00,265.0,309.2857
2024-09-28 06:00:00,545.0,645.3058
2024-09-28 07:00:00,923.0,1067.5885
2024-09-28 08:00:00,1193.0,1320.5712
2024-09-28 09:00:00,1570.0,1451.1309
2024-09-28 10:00:00,1661.0,1626.8983
2024-09-28 11:00:00,1891.0,1719.9092
2024-09-28 12:00:00,2051.0,1809.4102
2024-09-28 13:00:00,2064.0,1878.0322
2024-09-28 14:00:00,2134.0,1928.2646
2024-09-28 15:00:00,2023.0,1998.3662
2024-09-28 16:00:00,1222.0,2075.3455
2024-09-28 17:00:00,1760.0,1915.552
2024-09-28 18:00:00,2011.0,1456.7058
2024-09-28 19:00:00,1008.0,1061.643
2024-09-28 20:00:00,851.0,803.58246
2024-09-28 21:00:00,740.0,710.8109
2024-09-28 22:00:00,843.0,641.3447
2024-09-28 23:00:00,598.0,412.0656
2024-09-29 00:00:00,410.0,188.6062
2024-09-29 01:00:00,289.0,154.41296
2024-09-29 02:00:00,151.0,130.58167
2024-09-29 03:00:00,155.0,119.730835
2024-09-29 04:00:00,166.0,127.27295
2024-09-29 05:00:00,175.0,167.33643
2024-09-29 06:00:00,247.0,306.37183
2024-09-29 07:00:00,371.0,527.25037
2024-09-29 08:00:00,705.0,808.91626
2024-09-29 09:00:00,1108.0,1091.6049
2024-09-29 10:00:00,1407.0,1297.9236
2024-09-29 11:00:00,1609.0,1442.6892
2024-09-29 12:00:00,1908.0,1571.1807
2024-09-29 13:00:00,1991.0,1715.9823
2024-09-29 14:00:00,2295.0,1905.615
2024-09-29 15:00:00,2567.0,2129.5483
2024-09-29 16:00:00,2904.0,2373.0957
2024-09-29 17:00:00,2614.0,2344.7876
2024-09-29 18:00:00,2641.0,2015.2195
2024-09-29 19:00:00,1743.0,1445.4943
2024-09-29 20:00:00,1452.0,1015.13293
2024-09-29 21:00:00,892.0,684.1637
2024-09-29 22:00:00,537.0,395.57568
2024-09-29 23:00:00,268.0,234.81335
2024-09-30 00:00:00,132.0,87.25195
2024-09-30 01:00:00,63.0,67.92078
2024-09-30 02:00:00,86.0,64.49109
2024-09-30 03:00:00,103.0,83.39136
2024-09-30 04:00:00,241.0,325.57922
2024-09-30 05:00:00,981.0,1189.1041
2024-09-30 06:00:00,2545.0,2580.4912
2024-09-30 07:00:00,2590.0,2603.6047
2024-09-30 08:00:00,1911.0,2045.3676
2024-09-30 09:00:00,1528.0,1530.7887
2024-09-30 10:00:00,1431.0,1431.7214
2024-09-30 11:00:00,1428.0,1445.7842
2024-09-30 12:00:00,1416.0,1461.0177
2024-09-30 13:00:00,1549.0,1480.0898
2024-09-30 14:00:00,1577.0,1514.953
2024-09-30 15:00:00,1822.0,1644.4072
2024-09-30 16:00:00,1864.0,1849.8798
2024-09-30 17:00:00,2237.0,2075.9265
2024-09-30 18:00:00,1730.0,1772.5547
2024-09-30 19:00:00,1092.0,1186.7386
2024-09-30 20:00:00,705.0,678.2889
2024-09-30 21:00:00,526.0,500.0974
2024-09-30 22:00:00,369.0,367.47577
2024-09-30 23:00:00,202.0,172.3172
2024-10-01 00:00:00,92.0,91.37012
2024-10-01 01:00:00,59.0,70.09534
2024-10-01 02:00:00,53.0,66.1604
2024-10-01 03:00:00,98.0,87.1897
2024-10-01 04:00:00,230.0,358.7879
2024-10-01 05:00:00,938.0,1136.9723
2024-10-01 06:00:00,2432.0,2565.853
2024-10-01 07:00:00,2703.0,2675.3408
2024-10-01 08:00:00,2009.0,2014.0476
2024-10-01 09:00:00,1264.0,1510.5504
2024-10-01 10:00:00,1502.0,1429.3594
2024-10-01 11:00:00,1435.0,1446.6443
2024-10-01 12:00:00,1379.0,1459.8743
2024-10-01 13:00:00,1495.0,1478.9456
2024-10-01 14:00:00,1468.0,1504.8649
2024-10-01 15:00:00,1674.0,1597.2683
2024-10-01 16:00:00,1841.0,1829.9014
2024-10-01 17:00:00,2074.0,2042.167
2024-10-01 18:00:00,1750.0,1741.4568
2024-10-01 19:00:00,1021.0,1139.9966
2024-10-01 20:00:00,626.0,639.98956
2024-10-01 21:00:00,485.0,481.23438
2024-10-01 22:00:00,377.0,336.43713
2024-10-01 23:00:00,205.0,155.93689
2024-10-02 00:00:00,111.0,74.37256
2024-10-02 01:00:00,67.0,76.433716
2024-10-02 02:00:00,70.0,61.583374
2024-10-02 03:00:00,100.0,93.16345
2024-10-02 04:00:00,229.0,395.3689
2024-10-02 05:00:00,869.0,1185.8187
2024-10-02 06:00:00,2368.0,2547.834
2024-10-02 07:00:00,2685.0,2695.8125
2024-10-02 08:00:00,1821.0,2081.75
2024-10-02 09:00:00,1458.0,1558.031
2024-10-02 10:00:00,1371.0,1435.034
2024-10-02 11:00:00,1543.0,1455.6812
2024-10-02 12:00:00,1497.0,1481.1074
2024-10-02 13:00:00,1578.0,1506.7719
2024-10-02 14:00:00,1624.0,1573.9631
2024-10-02 15:00:00,1697.0,1733.3647
2024-10-02 16:00:00,1921.0,1910.7617
2024-10-02 17:00:00,2217.0,2120.9312
2024-10-02 18:00:00,1775.0,1818.4678
2024-10-02 19:00:00,1052.0,1223.1902
2024-10-02 20:00:00,764.0,667.80426
2024-10-02 21:00:00,529.0,509.5421
2024-10-02 22:00:00,446.0,377.69617
2024-10-02 23:00:00,245.0,148.70801
2024-10-03 00:00:00,133.0,85.66443
2024-10-03 01:00:00,70.0,59.562256
2024-10-03 02:00:00,63.0,60.204834
2024-10-03 03:00:00,87.0,88.23328
2024-10-03 04:00:00,199.0,343.5512
2024-10-03 05:00:00,842.0,1082.0812
2024-10-03 06:00:00,2321.0,2457.4023
2024-10-03 07:00:00,2646.0,2642.9229
2024-10-03 08:00:00,1940.0,2083.5515
2024-10-03 09:00:00,1456.0,1592.542
2024-10-03 10:00:00,1534.0,1446.1943
2024-10-03 11:00:00,1526.0,1452.4751
2024-10-03 12:00:00,1514.0,1490.2885
2024-10-03 13:00:00,1585.0,1526.6058
2024-10-03 14:00:00,1818.0,1609.2483
2024-10-03 15:00:00,1935.0,1802.1897
2024-10-03 16:00:00,2110.0,2013.1272
2024-10-03 17:00:00,2231.0,2147.5115
2024-10-03 18:00:00,1732.0,1815.2947
2024-10-03 19:00:00,1110.0,1248.4558
2024-10-03 20:00:00,682.0,737.4171
2024-10-03 21:00:00,531.0,555.39575
2024-10-03 22:00:00,449.0,441.445
2024-10-03 23:00:00,263.0,202.03851
2024-10-04 00:00:00,119.0,117.38013
2024-10-04 01:00:00,61.0,71.37097
2024-10-04 02:00:00,70.0,69.34888
2024-10-04 03:00:00,108.0,99.750854
2024-10-04 04:00:00,223.0,370.2422
2024-10-04 05:00:00,763.0,1130.6744
2024-10-04 06:00:00,1989.0,2362.2708
2024-10-04 07:00:00,2228.0,2514.4429
2024-10-04 08:00:00,1686.0,1942.5153
2024-10-04 09:00:00,1444.0,1552.144
2024-10-04 10:00:00,1479.0,1450.5964
2024-10-04 11:00:00,1642.0,1462.357
2024-10-04 12:00:00,1655.0,1509.6089
2024-10-04 13:00:00,1874.0,1614.1829
2024-10-04 14:00:00,2008.0,1694.0808
2024-10-04 15:00:00,1967.0,1867.5669
2024-10-04 16:00:00,2155.0,2066.9463
2024-10-04 17:00:00,2237.0,2153.305
2024-10-04 18:00:00,1701.0,1838.7661
2024-10-04 19:00:00,1260.0,1331.501
2024-10-04 20:00:00,881.0,798.1572
2024-10-04 21:00:00,651.0,609.1278
2024-10-04 22:00:00,639.0,502.8584
2024-10-04 23:00:00,410.0,294.6068
2024-10-05 00:00:00,252.0,147.6853
2024-10-05 01:00:00,157.0,104.85254
2024-10-05 02:00:00,126.0,91.85315
2024-10-05 03:00:00,138.0,100.5863
2024-10-05 04:00:00,155.0,124.37305
2024-10-05 05:00:00,270.0,220.93298
2024-10-05 06:00:00,543.0,492.45782
2024-10-05 07:00:00,798.0,805.8596
2024-10-05 08:00:00,1112.0,1039.6632
2024-10-05 09:00:00,1425.0,1324.9305
2024-10-05 10:00:00,1639.0,1590.9607
2024-10-05 11:00:00,1877.0,1745.6833
2024-10-05 12:00:00,1974.0,1855.5579
2024-10-05 13:00:00,2193.0,1952.739
2024-10-05 14:00:00,2098.0,2055.5837
2024-10-05 15:00:00,2106.0,2138.8276
2024-10-05 16:00:00,2193.0,2235.0354
2024-10-05 17:00:00,2166.0,2159.0288
2024-10-05 18:00:00,1717.0,1738.5764
2024-10-05 19:00:00,1219.0,1127.0199
2024-10-05 20:00:00,967.0,815.45013
2024-10-05 21:00:00,786.0,704.7407
2024-10-05 22:00:00,701.0,602.9655
2024-10-05 23:00:00,560.0,330.6916
2024-10-06 00:00:00,386.0,172.1325
2024-10-06 01:00:00,228.0,140.12793
2024-10-06 02:00:00,157.0,118.95386
2024-10-06 03:00:00,144.0,111.956665
2024-10-06 04:00:00,171.0,125.52246
2024-10-06 05:00:00,151.0,165.61975
2024-10-06 06:00:00,265.0,287.38446
2024-10-06 07:00:00,322.0,458.7915
2024-10-06 08:00:00,595.0,711.26245
2024-10-06 09:00:00,1011.0,1036.3254
2024-10-06 10:00:00,1280.0,1280.1772
2024-10-06 11:00:00,1487.0,1479.7142
2024-10-06 12:00:00,1813.0,1667.9805
2024-10-06 13:00:00,2092.0,1825.1716
2024-10-06 14:00:00,2182.0,2008.1445
2024-10-06 15:00:00,2471.0,2245.3394
2024-10-06 16:00:00,2757.0,2439.2964
2024-10-06 17:00:00,2691.0,2408.4468
2024-10-06 18:00:00,2207.0,2002.4456
2024-10-06 19:00:00,1809.0,1577.902
2024-10-06 20:00:00,1639.0,1061.4445
2024-10-06 21:00:00,984.0,704.24524
2024-10-06 22:00:00,521.0,402.47125
2024-10-06 23:00:00,238.0,220.85864
2024-10-07 00:00:00,112.0,129.56866
2024-10-07 01:00:00,59.0,85.25171
2024-10-07 02:00:00,69.0,83.96472
2024-10-07 03:00:00,114.0,135.16174
2024-10-07 04:00:00,207.0,483.69794
2024-10-07 05:00:00,991.0,1247.1727
2024-10-07 06:00:00,2322.0,2399.981
2024-10-07 07:00:00,2457.0,2397.4517
2024-10-07 08:00:00,1847.0,1726.2744
2024-10-07 09:00:00,1476.0,1484.0214
2024-10-07 10:00:00,1390.0,1440.6112
2024-10-07 11:00:00,1399.0,1448.5754
2024-10-07 12:00:00,1367.0,1468.376
2024-10-07 13:00:00,1594.0,1495.5381
2024-10-07 14:00:00,1590.0,1545.9353
2024-10-07 15:00:00,1833.0,1657.7526
2024-10-07 16:00:00,2191.0,1841.8275
2024-10-07 17:00:00,2352.0,2042.5795
2024-10-07 18:00:00,1905.0,1725.7405
2024-10-07 19:00:00,1170.0,1200.1876
2024-10-07 20:00:00,746.0,811.8086
2024-10-07 21:00:00,515.0,553.2466
2024-10-07 22:00:00,314.0,411.63702
2024-10-07 23:00:00,154.0,259.1225
2024-10-08 00:00:00,103.0,146.81592
2024-10-08 01:00:00,58.0,97.742676
2024-10-08 02:00:00,49.0,95.29761
2024-10-08 03:00:00,99.0,152.34747
2024-10-08 04:00:00,206.0,493.28003
2024-10-08 05:00:00,884.0,1216.1594
2024-10-08 06:00:00,2262.0,2386.109
2024-10-08 07:00:00,2477.0,2361.8325
2024-10-08 08:00:00,1780.0,1730.6523
2024-10-08 09:00:00,1499.0,1466.0464
2024-10-08 10:00:00,1450.0,1438.1664
2024-10-08 11:00:00,1429.0,1453.4479
2024-10-08 12:00:00,1415.0,1473.5569
2024-10-08 13:00:00,1654.0,1503.5105
2024-10-08 14:00:00,1676.0,1547.2184
2024-10-08 15:00:00,1695.0,1646.9708
2024-10-08 16:00:00,1792.0,1825.1311
2024-10-08 17:00:00,1983.0,2021.1085
2024-10-08 18:00:00,1498.0,1683.1228
2024-10-08 19:00:00,964.0,1180.183
2024-10-08 20:00:00,619.0,786.2289
2024-10-08 21:00:00,475.0,545.87463
2024-10-08 22:00:00,377.0,407.38342
2024-10-08 23:00:00,172.0,236.70776
2024-10-09 00:00:00,101.0,135.5083
2024-10-09 01:00:00,72.0,87.91174
2024-10-09 02:00:00,53.0,85.73865
2024-10-09 03:00:00,90.0,136.44208
2024-10-09 04:00:00,200.0,438.2926
2024-10-09 05:00:00,845.0,1116.1298
2024-10-09 06:00:00,2279.0,2254.406
2024-10-09 07:00:00,2404.0,2319.564
2024-10-09 08:00:00,1810.0,1738.8645
2024-10-09 09:00:00,1544.0,1487.8129
2024-10-09 10:00:00,1409.0,1447.5317
2024-10-09 11:00:00,1458.0,1464.5457
2024-10-09 12:00:00,1434.0,1492.8813
2024-10-09 13:00:00,1583.0,1535.8555
2024-10-09 14:00:00,1776.0,1590.879
2024-10-09 15:00:00,1895.0,1709.9028
2024-10-09 16:00:00,2102.0,1918.136
2024-10-09 17:00:00,2253.0,2096.895
2024-10-09 18:00:00,1842.0,1809.4337
2024-10-09 19:00:00,1130.0,1296.8438
2024-10-09 20:00:00,735.0,912.4383
2024-10-09 21:00:00,548.0,590.2222
2024-10-09 22:00:00,419.0,454.977
2024-10-09 23:00:00,229.0,285.6529
2024-10-10 00:00:00,112.0,181.4754
2024-10-10 01:00:00,68.0,118.716064
2024-10-10 02:00:00,55.0,127.013794
2024-10-10 03:00:00,91.0,165.40735
2024-10-10 04:00:00,209.0,429.9082
2024-10-10 05:00:00,862.0,1127.9908
2024-10-10 06:00:00,2179.0,2169.282
2024-10-10 07:00:00,2349.0,2209.3682
2024-10-10 08:00:00,1797.0,1694.3494
2024-10-10 09:00:00,1469.0,1494.4668
2024-10-10 10:00:00,1361.0,1457.5366
2024-10-10 11:00:00,1534.0,1484.4783
2024-10-10 12:00:00,1591.0,1530.4409
2024-10-10 13:00:00,1654.0,1591.3754
2024-10-10 14:00:00,1800.0,1676.8911
2024-10-10 15:00:00,1836.0,1853.2831
2024-10-10 16:00:00,1954.0,2028.867
2024-10-10 17:00:00,2182.0,2148.7778
2024-10-10 18:00:00,1655.0,1834.8917
2024-10-10 19:00:00,1062.0,1324.8014
2024-10-10 20:00:00,693.0,904.73395
2024-10-10 21:00:00,551.0,600.07526
2024-10-10 22:00:00,415.0,498.07843
2024-10-10 23:00:00,272.0,324.40625
2024-10-11 00:00:00,249.0,202.43494
2024-10-11 01:00:00,72.0,118.35364
2024-10-11 02:00:00,63.0,106.67981
2024-10-11 03:00:00,114.0,164.45172
2024-10-11 04:00:00,210.0,418.84296
2024-10-11 05:00:00,738.0,1009.177
2024-10-11 06:00:00,1879.0,1967.3003
2024-10-11 07:00:00,2077.0,2075.8042
2024-10-11 08:00:00,1556.0,1656.6041
2024-10-11 09:00:00,1471.0,1509.2019
2024-10-11 10:00:00,1490.0,1464.2601
2024-10-11 11:00:00,1490.0,1501.7174
2024-10-11 12:00:00,1732.0,1575.6415
2024-10-11 13:00:00,1813.0,1665.9689
2024-10-11 14:00:00,2024.0,1803.5
2024-10-11 15:00:00,2153.0,1967.8599
2024-10-11 16:00:00,2156.0,2138.3586
2024-10-11 17:00:00,2267.0,2181.6975
2024-10-11 18:00:00,1855.0,1873.4518
2024-10-11 19:00:00,1251.0,1398.7452
2024-10-11 20:00:00,985.0,953.86676
2024-10-11 21:00:00,749.0,652.71716
2024-10-11 22:00:00,566.0,547.64557
2024-10-11 23:00:00,421.0,390.22443
2024-10-12 00:00:00,251.0,274.54974
2024-10-12 01:00:00,126.0,144.64496
2024-10-12 02:00:00,107.0,115.34253
2024-10-12 03:00:00,105.0,117.19043
2024-10-12 04:00:00,159.0,147.41168
2024-10-12 05:00:00,223.0,271.76825
2024-10-12 06:00:00,482.0,489.51636
2024-10-12 07:00:00,672.0,729.86926
2024-10-12 08:00:00,1058.0,1015.31384
2024-10-12 09:00:00,1340.0,1407.5485
2024-10-12 10:00:00,1595.0,1766.9954
2024-10-12 11:00:00,1812.0,1920.3849
2024-10-12 12:00:00,1913.0,1985.0137
2024-10-12 13:00:00,2098.0,2039.7299
2024-10-12 14:00:00,2275.0,2096.9917
2024-10-12 15:00:00,2280.0,2186.7734
2024-10-12 16:00:00,2376.0,2256.0337
2024-10-12 17:00:00,2315.0,2134.6536
2024-10-12 18:00:00,1749.0,1714.066
2024-10-12 19:00:00,1211.0,1208.4675
2024-10-12 20:00:00,872.0,892.40576
2024-10-12 21:00:00,691.0,768.78174
2024-10-12 22:00:00,759.0,689.98535
2024-10-12 23:00:00,555.0,562.5626
2024-10-13 00:00:00,336.0,206.63788
2024-10-13 01:00:00,207.0,170.22095
2024-10-13 02:00:00,132.0,149.33624
2024-10-13 03:00:00,91.0,138.83636
2024-10-13 04:00:00,114.0,146.35095
2024-10-13 05:00:00,119.0,178.4928
2024-10-13 06:00:00,194.0,262.86285
2024-10-13 07:00:00,293.0,374.41205
2024-10-13 08:00:00,490.0,644.2621
2024-10-13 09:00:00,839.0,1038.4205
2024-10-13 10:00:00,1186.0,1461.3673
2024-10-13 11:00:00,1586.0,1734.2341
2024-10-13 12:00:00,1936.0,1899.79
2024-10-13 13:00:00,2101.0,2046.468
2024-10-13 14:00:00,2280.0,2204.2769
2024-10-13 15:00:00,2247.0,2379.1638
2024-10-13 16:00:00,2561.0,2514.1958
2024-10-13 17:00:00,2435.0,2453.2417
2024-10-13 18:00:00,1924.0,2215.2358
2024-10-13 19:00:00,1528.0,1764.7191
2024-10-13 20:00:00,1172.0,1363.6791
2024-10-13 21:00:00,888.0,976.96796
2024-10-13 22:00:00,427.0,672.4896
2024-10-13 23:00:00,265.0,334.36914
2024-10-14 00:00:00,112.0,144.51843
2024-10-14 01:00:00,53.0,91.39636
2024-10-14 02:00:00,54.0,88.14673
2024-10-14 03:00:00,78.0,129.60016
2024-10-14 04:00:00,206.0,466.24042
2024-10-14 05:00:00,1005.0,1119.6439
2024-10-14 06:00:00,2394.0,2345.0356
2024-10-14 07:00:00,2508.0,2588.441
2024-10-14 08:00:00,1891.0,1851.0542
2024-10-14 09:00:00,1386.0,1478.0612
2024-10-14 10:00:00,1372.0,1450.3613
2024-10-14 11:00:00,1328.0,1469.2007
2024-10-14 12:00:00,1386.0,1496.422
2024-10-14 13:00:00,1571.0,1544.8782
2024-10-14 14:00:00,1515.0,1611.4696
2024-10-14 15:00:00,1638.0,1734.5371
2024-10-14 16:00:00,1787.0,1918.5906
2024-10-14 17:00:00,2008.0,2095.9487
2024-10-14 18:00:00,1585.0,1695.6833
2024-10-14 19:00:00,969.0,1155.867
2024-10-14 20:00:00,631.0,770.86017
2024-10-14 21:00:00,445.0,567.50507
2024-10-14 22:00:00,298.0,431.97974
2024-10-14 23:00:00,162.0,262.5656
2024-10-15 00:00:00,74.0,144.44739
2024-10-15 01:00:00,49.0,84.95654
2024-10-15 02:00:00,48.0,82.33545
2024-10-15 03:00:00,73.0,125.38519
2024-10-15 04:00:00,193.0,498.88885
2024-10-15 05:00:00,899.0,1172.8208
2024-10-15 06:00:00,2427.0,2456.9395
2024-10-15 07:00:00,2775.0,2626.4348
2024-10-15 08:00:00,2041.0,1897.0098
2024-10-15 09:00:00,1485.0,1494.0424
2024-10-15 10:00:00,1347.0,1444.895
2024-10-15 11:00:00,1337.0,1464.4796
2024-10-15 12:00:00,1392.0,1513.2549
2024-10-15 13:00:00,1475.0,1553.6355
2024-10-15 14:00:00,1596.0,1603.3795
2024-10-15 15:00:00,1749.0,1720.895
2024-10-15 16:00:00,1977.0,1907.0647
2024-10-15 17:00:00,2148.0,2097.1333
2024-10-15 18:00:00,1653.0,1681.6841
2024-10-15 19:00:00,1034.0,1149.1799
2024-10-15 20:00:00,682.0,773.35126
2024-10-15 21:00:00,520.0,570.72
2024-10-15 22:00:00,336.0,442.74902
2024-10-15 23:00:00,206.0,263.87146
2024-10-16 00:00:00,138.0,153.02765
2024-10-16 01:00:00,62.0,82.897705
2024-10-16 02:00:00,53.0,73.10437
2024-10-16 03:00:00,82.0,121.31506
2024-10-16 04:00:00,196.0,477.2644
2024-10-16 05:00:00,907.0,1156.6294
2024-10-16 06:00:00,2357.0,2398.2864
2024-10-16 07:00:00,2636.0,2573.2485
2024-10-16 08:00:00,1919.0,1892.287
2024-10-16 09:00:00,1461.0,1501.1052
2024-10-16 10:00:00,1335.0,1463.9849
2024-10-16 11:00:00,1497.0,1497.557
2024-10-16 12:00:00,1585.0,1542.745
2024-10-16 13:00:00,1684.0,1585.0835
2024-10-16 14:00:00,1826.0,1640.6272
2024-10-16 15:00:00,1766.0,1770.0061
2024-10-16 16:00:00,2062.0,1968.5552
2024-10-16 17:00:00,2279.0,2137.0605
2024-10-16 18:00:00,1834.0,1723.1157
2024-10-16 19:00:00,1099.0,1204.8126
2024-10-16 20:00:00,654.0,810.5801
2024-10-16 21:00:00,513.0,595.1782
2024-10-16 22:00:00,389.0,483.00977
2024-10-16 23:00:00,226.0,322.9065
2024-10-17 00:00:00,100.0,167.44128
2024-10-17 01:00:00,65.0,91.51758
2024-10-17 02:00:00,78.0,79.80505
2024-10-17 03:00:00,74.0,132.16241
2024-10-17 04:00:00,185.0,491.0091
2024-10-17 05:00:00,893.0,1180.9105
2024-10-17 06:00:00,2375.0,2373.1716
2024-10-17 07:00:00,2585.0,2484.2559
2024-10-17 08:00:00,1964.0,1876.4434
2024-10-17 09:00:00,1559.0,1526.1599
2024-10-17 10:00:00,1475.0,1493.2094
2024-10-17 11:00:00,1445.0,1541.591
2024-10-17 12:00:00,1533.0,1595.0604
2024-10-17 13:00:00,1656.0,1659.0493
2024-10-17 14:00:00,1785.0,1762.9424
2024-10-17 15:00:00,1904.0,1901.8724
2024-10-17 16:00:00,2266.0,2077.8403
2024-10-17 17:00:00,2405.0,2210.7114
2024-10-17 18:00:00,1963.0,1880.8616
2024-10-17 19:00:00,1126.0,1389.1892
2024-10-17 20:00:00,660.0,947.4496
2024-10-17 21:00:00,584.0,647.1604
2024-10-17 22:00:00,417.0,545.5969
2024-10-17 23:00:00,275.0,391.40863
2024-10-18 00:00:00,100.0,210.27435
2024-10-18 01:00:00,66.0,111.56238
2024-10-18 02:00:00,64.0,98.90454
2024-10-18 03:00:00,81.0,146.5075
2024-10-18 04:00:00,193.0,473.04474
2024-10-18 05:00:00,765.0,1076.7197
2024-10-18 06:00:00,1936.0,2161.8384
2024-10-18 07:00:00,2255.0,2312.1157
2024-10-18 08:00:00,1729.0,1827.6125
2024-10-18 09:00:00,1461.0,1552.1206
2024-10-18 10:00:00,1458.0,1549.8804
2024-10-18 11:00:00,1623.0,1609.9248
2024-10-18 12:00:00,1697.0,1680.8694
2024-10-18 13:00:00,1935.0,1766.1443
2024-10-18 14:00:00,1951.0,1872.0769
2024-10-18 15:00:00,2153.0,2002.7642
2024-10-18 16:00:00,2211.0,2143.3845
2024-10-18 17:00:00,2336.0,2236.227
2024-10-18 18:00:00,1831.0,1944.4463
2024-10-18 19:00:00,1274.0,1479.6112
2024-10-18 20:00:00,805.0,1010.4671
2024-10-18 21:00:00,669.0,709.60657
2024-10-18 22:00:00,584.0,588.0114
2024-10-18 23:00:00,433.0,469.28265
2024-10-19 00:00:00,282.0,206.72205
2024-10-19 01:00:00,168.0,142.70038
2024-10-19 02:00:00,103.0,116.27124
2024-10-19 03:00:00,99.0,113.55188
2024-10-19 04:00:00,151.0,140.77777
2024-10-19 05:00:00,212.0,234.76062
2024-10-19 06:00:00,510.0,454.48248
2024-10-19 07:00:00,741.0,714.30664
2024-10-19 08:00:00,1124.0,1057.1106
2024-10-19 09:00:00,1418.0,1438.8622
2024-10-19 10:00:00,1648.0,1757.0676
2024-10-19 11:00:00,1798.0,1949.8978
2024-10-19 12:00:00,1881.0,2000.3656
2024-10-19 13:00:00,2047.0,2036.8501
2024-10-19 14:00:00,2114.0,2084.3423
2024-10-19 15:00:00,1972.0,2188.8853
2024-10-19 16:00:00,2122.0,2281.5547
2024-10-19 17:00:00,2123.0,2306.92
2024-10-19 18:00:00,1687.0,1986.2438
2024-10-19 19:00:00,1150.0,1362.1876
2024-10-19 20:00:00,857.0,953.65674
2024-10-19 21:00:00,738.0,784.21063
2024-10-19 22:00:00,773.0,690.839
2024-10-19 23:00:00,673.0,433.58356
2024-10-20 00:00:00,435.0,229.70563
2024-10-20 01:00:00,260.0,191.93842
2024-10-20 02:00:00,164.0,163.54681
2024-10-20 03:00:00,117.0,152.23175
2024-10-20 04:00:00,137.0,144.72119
2024-10-20 05:00:00,120.0,156.24115
2024-10-20 06:00:00,171.0,206.24408
2024-10-20 07:00:00,284.0,289.49268
2024-10-20 08:00:00,554.0,554.55225
2024-10-20 09:00:00,946.0,940.6266
2024-10-20 10:00:00,1239.0,1338.0835
2024-10-20 11:00:00,1573.0,1680.7146
2024-10-20 12:00:00,1822.0,1907.6543
2024-10-20 13:00:00,2006.0,2094.229
2024-10-20 14:00:00,2182.0,2290.519
2024-10-20 15:00:00,2723.0,2476.5242
2024-10-20 16:00:00,2796.0,2578.3374
2024-10-20 17:00:00,2839.0,2610.27
2024-10-20 18:00:00,2656.0,2367.873
2024-10-20 19:00:00,1753.0,1915.5315
2024-10-20 20:00:00,1342.0,1457.5718
2024-10-20 21:00:00,850.0,990.32654
2024-10-20 22:00:00,448.0,475.68854
2024-10-20 23:00:00,215.0,275.45862
2024-10-21 00:00:00,134.0,72.3219
2024-10-21 01:00:00,63.0,47.97339
2024-10-21 02:00:00,66.0,51.581177
2024-10-21 03:00:00,77.0,76.418335
2024-10-21 04:00:00,223.0,239.45587
2024-10-21 05:00:00,1025.0,961.7009
2024-10-21 06:00:00,2563.0,2535.149
2024-10-21 07:00:00,2782.0,2790.1086
2024-10-21 08:00:00,1990.0,2338.8757
2024-10-21 09:00:00,1484.0,1615.6189
2024-10-21 10:00:00,1338.0,1422.661
2024-10-21 11:00:00,1369.0,1443.4939
2024-10-21 12:00:00,1360.0,1473.428
2024-10-21 13:00:00,1474.0,1505.0913
2024-10-21 14:00:00,1513.0,1550.6348
2024-10-21 15:00:00,1681.0,1694.2594
2024-10-21 16:00:00,1898.0,1937.4172
2024-10-21 17:00:00,2279.0,2081.7495
2024-10-21 18:00:00,1868.0,1650.1711
2024-10-21 19:00:00,1147.0,1023.7997
2024-10-21 20:00:00,703.0,668.97253
2024-10-21 21:00:00,533.0,490.90863
2024-10-21 22:00:00,373.0,324.2403
2024-10-21 23:00:00,215.0,141.31079
2024-10-22 00:00:00,77.0,79.428955
2024-10-22 01:00:00,53.0,52.954468
2024-10-22 02:00:00,51.0,50.055664
2024-10-22 03:00:00,87.0,75.572876
2024-10-22 04:00:00,221.0,222.36517
2024-10-22 05:00:00,948.0,959.49335
2024-10-22 06:00:00,2457.0,2519.9985
2024-10-22 07:00:00,2911.0,2790.8071
2024-10-22 08:00:00,2179.0,2256.903
2024-10-22 09:00:00,1539.0,1596.3245
2024-10-22 10:00:00,1409.0,1430.7046
2024-10-22 11:00:00,1407.0,1451.1565
2024-10-22 12:00:00,1361.0,1481.6829
2024-10-22 13:00:00,1503.0,1518.3257
2024-10-22 14:00:00,1501.0,1568.7688
2024-10-22 15:00:00,1729.0,1713.0228
2024-10-22 16:00:00,1942.0,1942.2921
2024-10-22 17:00:00,2153.0,2101.7974
2024-10-22 18:00:00,1729.0,1692.9551
2024-10-22 19:00:00,1029.0,1062.4271
2024-10-22 20:00:00,658.0,668.0316
2024-10-22 21:00:00,551.0,489.41302
2024-10-22 22:00:00,433.0,343.55786
2024-10-22 23:00:00,257.0,149.39056
2024-10-23 00:00:00,98.0,69.11316
2024-10-23 01:00:00,60.0,49.08264
2024-10-23 02:00:00,53.0,50.49829
2024-10-23 03:00:00,84.0,78.16516
2024-10-23 04:00:00,201.0,242.32953
2024-10-23 05:00:00,966.0,946.67206
2024-10-23 06:00:00,2455.0,2517.7122
2024-10-23 07:00:00,2941.0,2784.2192
2024-10-23 08:00:00,2185.0,2339.3706
2024-10-23 09:00:00,1437.0,1605.0226
2024-10-23 10:00:00,1393.0,1433.3291
2024-10-23 11:00:00,1543.0,1465.775
2024-10-23 12:00:00,1572.0,1506.249
2024-10-23 13:00:00,1670.0,1547.0516
2024-10-23 14:00:00,1747.0,1591.116
2024-10-23 15:00:00,1810.0,1732.531
2024-10-23 16:00:00,2018.0,1953.1395
2024-10-23 17:00:00,2159.0,2138.3801
2024-10-23 18:00:00,1714.0,1706.1285
2024-10-23 19:00:00,1060.0,1074.1061
2024-10-23 20:00:00,663.0,677.35095
2024-10-23 21:00:00,531.0,529.9881
2024-10-23 22:00:00,453.0,409.19824
2024-10-23 23:00:00,256.0,173.6253
2024-10-24 00:00:00,114.0,87.06128
2024-10-24 01:00:00,66.0,54.02063
2024-10-24 02:00:00,58.0,53.924316
2024-10-24 03:00:00,82.0,77.93298
2024-10-24 04:00:00,216.0,235.52765
2024-10-24 05:00:00,947.0,940.04
2024-10-24 06:00:00,2392.0,2507.1763
2024-10-24 07:00:00,2139.0,2756.896
2024-10-24 08:00:00,2438.0,2268.4292
2024-10-24 09:00:00,1630.0,1616.8712
2024-10-24 10:00:00,1474.0,1456.8552
2024-10-24 11:00:00,1511.0,1502.6727
2024-10-24 12:00:00,1455.0,1546.0328
2024-10-24 13:00:00,1578.0,1589.8717
2024-10-24 14:00:00,1662.0,1668.7854
2024-10-24 15:00:00,1799.0,1833.0828
2024-10-24 16:00:00,2097.0,1964.3109
2024-10-24 17:00:00,2276.0,2182.1587
2024-10-24 18:00:00,1889.0,1754.6079
2024-10-24 19:00:00,1194.0,1132.4379
2024-10-24 20:00:00,784.0,723.08795
2024-10-24 21:00:00,551.0,566.9425
2024-10-24 22:00:00,481.0,456.7895
2024-10-24 23:00:00,319.0,197.48975
2024-10-25 00:00:00,123.0,108.13208
2024-10-25 01:00:00,76.0,57.206177
2024-10-25 02:00:00,63.0,60.587524
2024-10-25 03:00:00,86.0,83.5697
2024-10-25 04:00:00,200.0,247.99396
2024-10-25 05:00:00,855.0,854.6953
2024-10-25 06:00:00,2099.0,2336.249
2024-10-25 07:00:00,2468.0,2633.4155
2024-10-25 08:00:00,1766.0,2122.4155
2024-10-25 09:00:00,1539.0,1566.4265
2024-10-25 10:00:00,1515.0,1506.2131
2024-10-25 11:00:00,1627.0,1570.3257
2024-10-25 12:00:00,1691.0,1642.81
2024-10-25 13:00:00,1693.0,1723.8691
2024-10-25 14:00:00,1898.0,1818.7168
2024-10-25 15:00:00,2173.0,1947.257
2024-10-25 16:00:00,2333.0,2111.7837
2024-10-25 17:00:00,2393.0,2209.4148
2024-10-25 18:00:00,2113.0,1834.3832
2024-10-25 19:00:00,1381.0,1212.3103
2024-10-25 20:00:00,892.0,823.2236
2024-10-25 21:00:00,747.0,629.48584
2024-10-25 22:00:00,643.0,527.7585
2024-10-25 23:00:00,502.0,307.8629
2024-10-26 00:00:00,311.0,247.2627
2024-10-26 01:00:00,187.0,147.21466
2024-10-26 02:00:00,133.0,118.298584
2024-10-26 03:00:00,123.0,118.93103
2024-10-26 04:00:00,208.0,164.61761
2024-10-26 05:00:00,256.0,302.79803
2024-10-26 06:00:00,590.0,543.24
2024-10-26 07:00:00,994.0,845.81714
2024-10-26 08:00:00,1470.0,1155.0161
2024-10-26 09:00:00,1622.0,1500.4419
2024-10-26 10:00:00,1812.0,1769.574
2024-10-26 11:00:00,1855.0,1911.3512
2024-10-26 12:00:00,1939.0,1961.7261
2024-10-26 13:00:00,2126.0,1992.4581
2024-10-26 14:00:00,2143.0,2040.8054
2024-10-26 15:00:00,2269.0,2137.3188
2024-10-26 16:00:00,2218.0,2257.1042
2024-10-26 17:00:00,2277.0,2298.0557
2024-10-26 18:00:00,1938.0,2013.395
2024-10-26 19:00:00,1223.0,1423.798
2024-10-26 20:00:00,888.0,1003.0885
2024-10-26 21:00:00,718.0,811.1008
2024-10-26 22:00:00,815.0,704.4366
2024-10-26 23:00:00,706.0,540.54156
2024-10-27 00:00:00,486.0,229.55737
2024-10-27 01:00:00,248.0,188.50879
2024-10-27 02:00:00,253.0,148.29926
2024-10-27 03:00:00,95.0,132.89246
2024-10-27 04:00:00,109.0,146.3263
2024-10-27 05:00:00,107.0,189.10608
2024-10-27 06:00:00,237.0,239.7677
2024-10-27 07:00:00,453.0,353.36597
2024-10-27 08:00:00,876.0,644.8804
2024-10-27 09:00:00,1314.0,1041.8871
2024-10-27 10:00:00,1526.0,1375.6406
2024-10-27 11:00:00,1640.0,1625.6296
2024-10-27 12:00:00,1935.0,1789.9995
2024-10-27 13:00:00,2124.0,1958.1626
2024-10-27 14:00:00,2364.0,2157.7378
2024-10-27 15:00:00,2596.0,2382.6304
2024-10-27 16:00:00,2944.0,2614.3435
2024-10-27 17:00:00,2902.0,2636.88
2024-10-27 18:00:00,2225.0,2441.0266
2024-10-27 19:00:00,1483.0,1981.6794
2024-10-27 20:00:00,1105.0,1507.6614
2024-10-27 21:00:00,714.0,1012.7244
2024-10-27 22:00:00,401.0,574.74133
2024-10-27 23:00:00,197.0,299.9933
2024-10-28 00:00:00,108.0,107.95825
2024-10-28 01:00:00,49.0,72.42432
2024-10-28 02:00:00,51.0,64.75757
2024-10-28 03:00:00,64.0,84.647095
2024-10-28 04:00:00,232.0,308.88892
2024-10-28 05:00:00,1102.0,1186.8446
2024-10-28 06:00:00,2660.0,2655.6807
2024-10-28 07:00:00,2916.0,2817.526
2024-10-28 08:00:00,2017.0,2269.1953
2024-10-28 09:00:00,1488.0,1527.3995
2024-10-28 10:00:00,1428.0,1436.0764
2024-10-28 11:00:00,1480.0,1453.9327
2024-10-28 12:00:00,1379.0,1476.2523
2024-10-28 13:00:00,1531.0,1500.0398
2024-10-28 14:00:00,1384.0,1542.0892
2024-10-28 15:00:00,1676.0,1691.2024
2024-10-28 16:00:00,1848.0,1916.9751
2024-10-28 17:00:00,2165.0,2093.4343
2024-10-28 18:00:00,1611.0,1658.6105
2024-10-28 19:00:00,914.0,1037.0581
2024-10-28 20:00:00,546.0,704.99164
2024-10-28 21:00:00,544.0,538.5461
2024-10-28 22:00:00,364.0,410.3734
2024-10-28 23:00:00,170.0,219.9317
2024-10-29 00:00:00,89.0,106.954834
2024-10-29 01:00:00,42.0,67.4375
2024-10-29 02:00:00,49.0,58.256958
2024-10-29 03:00:00,82.0,79.35339
2024-10-29 04:00:00,137.0,298.81293
2024-10-29 05:00:00,1076.0,1107.9714
2024-10-29 06:00:00,2663.0,2642.784
2024-10-29 07:00:00,3016.0,2818.5173
2024-10-29 08:00:00,2091.0,2245.371
2024-10-29 09:00:00,1536.0,1522.7268
2024-10-29 10:00:00,1380.0,1441.8402
2024-10-29 11:00:00,1412.0,1460.1997
2024-10-29 12:00:00,1359.0,1486.7512
2024-10-29 13:00:00,1530.0,1510.5433
2024-10-29 14:00:00,1523.0,1550.8467
2024-10-29 15:00:00,1734.0,1696.3813
2024-10-29 16:00:00,2057.0,1899.8499
2024-10-29 17:00:00,2267.0,2109.0337
2024-10-29 18:00:00,1739.0,1650.4283
2024-10-29 19:00:00,1038.0,1057.6289
2024-10-29 20:00:00,605.0,711.40137
2024-10-29 21:00:00,532.0,539.0951
2024-10-29 22:00:00,354.0,435.92133
2024-10-29 23:00:00,247.0,243.4939
2024-10-30 00:00:00,92.0,116.87366
2024-10-30 01:00:00,72.0,66.68713
2024-10-30 02:00:00,52.0,59.84143
2024-10-30 03:00:00,70.0,82.13953
2024-10-30 04:00:00,207.0,317.64117
2024-10-30 05:00:00,965.0,1026.4873
2024-10-30 06:00:00,2517.0,2591.2695
2024-10-30 07:00:00,2942.0,2803.7092
2024-10-30 08:00:00,2074.0,2241.642
2024-10-30 09:00:00,1537.0,1535.704
2024-10-30 10:00:00,1377.0,1453.2214
2024-10-30 11:00:00,1501.0,1478.3625
2024-10-30 12:00:00,1474.0,1511.3525
2024-10-30 13:00:00,1645.0,1543.1934
2024-10-30 14:00:00,1751.0,1585.7141
2024-10-30 15:00:00,1920.0,1734.8622
2024-10-30 16:00:00,2109.0,1953.2542
2024-10-30 17:00:00,2353.0,2151.5156
2024-10-30 18:00:00,1789.0,1682.5764
2024-10-30 19:00:00,1021.0,1087.5945
2024-10-30 20:00:00,643.0,735.0625
2024-10-30 21:00:00,526.0,555.63855
2024-10-30 22:00:00,438.0,453.43085
2024-10-30 23:00:00,237.0,268.5561
2024-10-31 00:00:00,110.0,121.72681
2024-10-31 01:00:00,51.0,63.208862
2024-10-31 02:00:00,61.0,59.02649
2024-10-31 03:00:00,105.0,87.02539
2024-10-31 04:00:00,215.0,329.25647
2024-10-31 05:00:00,970.0,991.8117
2024-10-31 06:00:00,2403.0,2545.0752
2024-10-31 07:00:00,2921.0,2771.674
2024-10-31 08:00:00,2110.0,2213.1877
2024-10-31 09:00:00,1485.0,1543.386
2024-10-31 10:00:00,1471.0,1471.2894
2024-10-31 11:00:00,1452.0,1507.0986
2024-10-31 12:00:00,1486.0,1546.4995
2024-10-31 13:00:00,1552.0,1587.2673
2024-10-31 14:00:00,1397.0,1670.2402
2024-10-31 15:00:00,1842.0,1836.1084
2024-10-31 16:00:00,2267.0,2066.9167
2024-10-31 17:00:00,2330.0,2195.4463
2024-10-31 18:00:00,1889.0,1728.4851
2024-10-31 19:00:00,1171.0,1137.4369
2024-10-31 20:00:00,782.0,798.0979
2024-10-31 21:00:00,648.0,593.567
2024-10-31 22:00:00,581.0,499.0263
2024-10-31 23:00:00,329.0,304.1424
2024-11-01 00:00:00,163.0,178.48389
2024-11-01 01:00:00,99.0,126.645874
2024-11-01 02:00:00,83.0,103.47095
2024-11-01 03:00:00,126.0,113.7052
2024-11-01 04:00:00,223.0,227.25543
2024-11-01 05:00:00,635.0,739.62744
2024-11-01 06:00:00,1758.0,1795.6471
2024-11-01 07:00:00,1997.0,2463.2334
2024-11-01 08:00:00,1688.0,2126.2205
2024-11-01 09:00:00,1743.0,1692.8989
2024-11-01 10:00:00,1791.0,1560.548
2024-11-01 11:00:00,1731.0,1566.7279
2024-11-01 12:00:00,1649.0,1589.3721
2024-11-01 13:00:00,1884.0,1624.8213
2024-11-01 14:00:00,1934.0,1691.6931
2024-11-01 15:00:00,1981.0,1818.386
2024-11-01 16:00:00,2259.0,1961.6366
2024-11-01 17:00:00,2190.0,1891.9504
2024-11-01 18:00:00,1728.0,1342.9668
2024-11-01 19:00:00,1099.0,960.1315
2024-11-01 20:00:00,785.0,709.8987
2024-11-01 21:00:00,633.0,570.7853
2024-11-01 22:00:00,645.0,472.06543
2024-11-01 23:00:00,443.0,298.00293
2024-11-02 00:00:00,253.0,257.01917
2024-11-02 01:00:00,150.0,139.37439
2024-11-02 02:00:00,115.0,107.07361
2024-11-02 03:00:00,124.0,108.98877
2024-11-02 04:00:00,167.0,150.55566
2024-11-02 05:00:00,231.0,310.20972
2024-11-02 06:00:00,497.0,582.37164
2024-11-02 07:00:00,842.0,858.7344
2024-11-02 08:00:00,1208.0,1166.0973
2024-11-02 09:00:00,1503.0,1480.4626
2024-11-02 10:00:00,1691.0,1718.7518
2024-11-02 11:00:00,1821.0,1867.1426
2024-11-02 12:00:00,1737.0,1930.489
2024-11-02 13:00:00,1842.0,1975.3988
2024-11-02 14:00:00,1941.0,2026.9458
2024-11-02 15:00:00,2193.0,2105.3745
2024-11-02 16:00:00,2509.0,2201.4976
2024-11-02 17:00:00,2489.0,2233.107
2024-11-02 18:00:00,1857.0,1816.8367
2024-11-02 19:00:00,1193.0,1175.7014
2024-11-02 20:00:00,929.0,902.59106
2024-11-02 21:00:00,742.0,774.3202
2024-11-02 22:00:00,690.0,698.1466
2024-11-02 23:00:00,622.0,568.3963
2024-11-03 00:00:00,442.0,225.5896
2024-11-03 01:00:00,232.0,185.20917
2024-11-03 02:00:00,149.0,147.48761
2024-11-03 03:00:00,101.0,131.44763
2024-11-03 04:00:00,135.0,144.42438
2024-11-03 05:00:00,139.0,196.34058
2024-11-03 06:00:00,190.0,235.5307
2024-11-03 07:00:00,291.0,329.63318
2024-11-03 08:00:00,619.0,610.08093
2024-11-03 09:00:00,1048.0,1016.64075
2024-11-03 10:00:00,1268.0,1292.5007
2024-11-03 11:00:00,1519.0,1558.7549
2024-11-03 12:00:00,1857.0,1745.0442
2024-11-03 13:00:00,2100.0,1913.7498
2024-11-03 14:00:00,2461.0,2106.4065
2024-11-03 15:00:00,2843.0,2349.8584
2024-11-03 16:00:00,3038.0,2539.5117
2024-11-03 17:00:00,2909.0,2560.6116
2024-11-03 18:00:00,2786.0,2274.8499
2024-11-03 19:00:00,2187.0,1777.6555
2024-11-03 20:00:00,1514.0,1391.493
2024-11-03 21:00:00,896.0,963.1613
2024-11-03 22:00:00,461.0,562.1983
2024-11-03 23:00:00,239.0,295.50378
2024-11-04 00:00:00,109.0,81.0448
2024-11-04 01:00:00,65.0,56.59497
2024-11-04 02:00:00,59.0,51.547974
2024-11-04 03:00:00,79.0,74.16687
2024-11-04 04:00:00,244.0,244.40497
2024-11-04 05:00:00,1083.0,1025.07
2024-11-04 06:00:00,2653.0,2639.4397
2024-11-04 07:00:00,2923.0,2821.2192
2024-11-04 08:00:00,2056.0,2414.7395
2024-11-04 09:00:00,1462.0,1582.3593
2024-11-04 10:00:00,1318.0,1423.4487
2024-11-04 11:00:00,1387.0,1441.6893
2024-11-04 12:00:00,1360.0,1455.9714
2024-11-04 13:00:00,1555.0,1479.2906
2024-11-04 14:00:00,1537.0,1510.4827
2024-11-04 15:00:00,1619.0,1624.1815
2024-11-04 16:00:00,2044.0,1836.1252
2024-11-04 17:00:00,2201.0,2054.501
2024-11-04 18:00:00,1679.0,1545.4836
2024-11-04 19:00:00,925.0,954.2366
2024-11-04 20:00:00,652.0,635.4727
2024-11-04 21:00:00,488.0,493.0622
2024-11-04 22:00:00,360.0,349.68073
2024-11-04 23:00:00,164.0,152.89447
2024-11-05 00:00:00,70.0,76.85156
2024-11-05 01:00:00,58.0,53.03943
2024-11-05 02:00:00,52.0,46.911987
2024-11-05 03:00:00,63.0,65.43262
2024-11-05 04:00:00,207.0,204.70966
2024-11-05 05:00:00,1021.0,956.3562
2024-11-05 06:00:00,2640.0,2624.0396
2024-11-05 07:00:00,2917.0,2819.8457
2024-11-05 08:00:00,2186.0,2380.9197
2024-11-05 09:00:00,1398.0,1568.6655
2024-11-05 10:00:00,1281.0,1430.0157
2024-11-05 11:00:00,1326.0,1448.3706
2024-11-05 12:00:00,1394.0,1468.8674
2024-11-05 13:00:00,1404.0,1493.5981
2024-11-05 14:00:00,1505.0,1524.1768
2024-11-05 15:00:00,1748.0,1643.7751
2024-11-05 16:00:00,1909.0,1849.6514
2024-11-05 17:00:00,2132.0,2083.0535
2024-11-05 18:00:00,1637.0,1586.0737
2024-11-05 19:00:00,970.0,969.61
2024-11-05 20:00:00,588.0,639.2473
2024-11-05 21:00:00,475.0,505.97784
2024-11-05 22:00:00,387.0,373.346
2024-11-05 23:00:00,167.0,156.5332
2024-11-06 00:00:00,104.0,74.16443
2024-11-06 01:00:00,55.0,48.71631
2024-11-06 02:00:00,60.0,46.715454
2024-11-06 03:00:00,80.0,67.22803
2024-11-06 04:00:00,206.0,218.40631
2024-11-06 05:00:00,992.0,951.2003
2024-11-06 06:00:00,2490.0,2555.4197
2024-11-06 07:00:00,2858.0,2797.63
2024-11-06 08:00:00,2073.0,2338.942
2024-11-06 09:00:00,1483.0,1564.1516
2024-11-06 10:00:00,1400.0,1439.474
2024-11-06 11:00:00,1380.0,1465.5077
2024-11-06 12:00:00,1383.0,1484.3184
2024-11-06 13:00:00,1550.0,1512.7544
2024-11-06 14:00:00,1544.0,1558.3948
2024-11-06 15:00:00,1800.0,1687.8724
2024-11-06 16:00:00,1990.0,1885.2347
2024-11-06 17:00:00,2180.0,2119.6
2024-11-06 18:00:00,1697.0,1630.1184
2024-11-06 19:00:00,1008.0,1038.5981
2024-11-06 20:00:00,634.0,660.3863
2024-11-06 21:00:00,550.0,525.971
2024-11-06 22:00:00,444.0,406.21307
2024-11-06 23:00:00,239.0,174.22076
2024-11-07 00:00:00,118.0,77.223755
2024-11-07 01:00:00,58.0,51.636597
2024-11-07 02:00:00,74.0,51.478638
2024-11-07 03:00:00,84.0,75.02991
2024-11-07 04:00:00,213.0,244.4267
2024-11-07 05:00:00,1006.0,912.74774
2024-11-07 06:00:00,2500.0,2507.3608
2024-11-07 07:00:00,2963.0,2759.6768
2024-11-07 08:00:00,2132.0,2332.9248
2024-11-07 09:00:00,1520.0,1579.0192
2024-11-07 10:00:00,1332.0,1448.1885
2024-11-07 11:00:00,1377.0,1476.21
2024-11-07 12:00:00,1348.0,1515.3336
2024-11-07 13:00:00,1476.0,1558.8127
2024-11-07 14:00:00,1600.0,1620.137
2024-11-07 15:00:00,1725.0,1756.5535
2024-11-07 16:00:00,2035.0,1998.4677
2024-11-07 17:00:00,2098.0,2159.0566
2024-11-07 18:00:00,1692.0,1661.6941
2024-11-07 19:00:00,1054.0,1109.0287
2024-11-07 20:00:00,713.0,716.51385
2024-11-07 21:00:00,514.0,569.1631
2024-11-07 22:00:00,457.0,467.66058
2024-11-07 23:00:00,273.0,227.7221
2024-11-08 00:00:00,140.0,116.15222
2024-11-08 01:00:00,73.0,57.49536
2024-11-08 02:00:00,73.0,59.813843
2024-11-08 03:00:00,79.0,81.19995
2024-11-08 04:00:00,226.0,245.83972
2024-11-08 05:00:00,830.0,832.683
2024-11-08 06:00:00,2180.0,2334.8403
2024-11-08 07:00:00,2556.0,2666.2898
2024-11-08 08:00:00,1867.0,2189.6162
2024-11-08 09:00:00,1428.0,1557.9025
2024-11-08 10:00:00,1402.0,1475.5809
2024-11-08 11:00:00,1443.0,1513.3665
2024-11-08 12:00:00,1544.0,1572.8783
2024-11-08 13:00:00,1668.0,1649.0747
2024-11-08 14:00:00,1733.0,1772.375
2024-11-08 15:00:00,1923.0,1967.8545
2024-11-08 16:00:00,2243.0,2119.7502
2024-11-08 17:00:00,2338.0,2183.954
2024-11-08 18:00:00,1848.0,1756.5038
2024-11-08 19:00:00,1104.0,1215.9052
2024-11-08 20:00:00,735.0,838.9774
2024-11-08 21:00:00,666.0,631.54944
2024-11-08 22:00:00,594.0,544.82025
2024-11-08 23:00:00,507.0,350.00214
2024-11-09 00:00:00,277.0,202.03693
2024-11-09 01:00:00,186.0,124.57587
2024-11-09 02:00:00,133.0,93.96826
2024-11-09 03:00:00,87.0,101.737305
2024-11-09 04:00:00,165.0,136.16461
2024-11-09 05:00:00,220.0,260.96887
2024-11-09 06:00:00,494.0,516.58075
2024-11-09 07:00:00,902.0,813.8569
2024-11-09 08:00:00,1370.0,1124.8616
2024-11-09 09:00:00,1578.0,1425.951
2024-11-09 10:00:00,1683.0,1659.253
2024-11-09 11:00:00,1663.0,1849.1304
2024-11-09 12:00:00,1677.0,1911.612
2024-11-09 13:00:00,1783.0,1945.0818
2024-11-09 14:00:00,1966.0,1979.9016
2024-11-09 15:00:00,2175.0,2032.2478
2024-11-09 16:00:00,2653.0,2140.4407
2024-11-09 17:00:00,2582.0,2144.8684
2024-11-09 18:00:00,1906.0,1689.8369
2024-11-09 19:00:00,1207.0,1081.3474
2024-11-09 20:00:00,1044.0,831.10474
2024-11-09 21:00:00,762.0,751.5657
2024-11-09 22:00:00,727.0,697.7229
2024-11-09 23:00:00,628.0,490.00464
2024-11-10 00:00:00,469.0,219.71533
2024-11-10 01:00:00,277.0,179.46167
2024-11-10 02:00:00,198.0,152.10254
2024-11-10 03:00:00,138.0,136.633
2024-11-10 04:00:00,145.0,135.66693
2024-11-10 05:00:00,114.0,160.05682
2024-11-10 06:00:00,165.0,220.95483
2024-11-10 07:00:00,316.0,278.35925
2024-11-10 08:00:00,602.0,474.0473
2024-11-10 09:00:00,1064.0,890.90796
2024-11-10 10:00:00,1314.0,1174.6656
2024-11-10 11:00:00,1400.0,1459.5797
2024-11-10 12:00:00,1615.0,1675.7327
2024-11-10 13:00:00,1831.0,1873.3363
2024-11-10 14:00:00,2368.0,2088.9788
2024-11-10 15:00:00,2916.0,2354.815
2024-11-10 16:00:00,3114.0,2561.4023
2024-11-10 17:00:00,2958.0,2550.749
2024-11-10 18:00:00,2538.0,2297.5442
2024-11-10 19:00:00,1489.0,1829.658
2024-11-10 20:00:00,1252.0,1493.6644
2024-11-10 21:00:00,872.0,990.3231
2024-11-10 22:00:00,448.0,469.6936
2024-11-10 23:00:00,220.0,259.17047
2024-11-11 00:00:00,98.0,80.6637
2024-11-11 01:00:00,58.0,56.099976
2024-11-11 02:00:00,56.0,51.035767
2024-11-11 03:00:00,67.0,73.775635
2024-11-11 04:00:00,235.0,243.23853
2024-11-11 05:00:00,1061.0,1024.4072
2024-11-11 06:00:00,2729.0,2639.717
2024-11-11 07:00:00,2818.0,2822.5845
2024-11-11 08:00:00,2016.0,2402.872
2024-11-11 09:00:00,1441.0,1576.4731
2024-11-11 10:00:00,1375.0,1422.3496
2024-11-11 11:00:00,1381.0,1441.0808
2024-11-11 12:00:00,1343.0,1455.2056
2024-11-11 13:00:00,1405.0,1480.49
2024-11-11 14:00:00,1495.0,1506.3456
2024-11-11 15:00:00,1635.0,1610.5629
2024-11-11 16:00:00,1998.0,1837.0237
2024-11-11 17:00:00,2109.0,2055.4556
2024-11-11 18:00:00,1403.0,1542.9906
2024-11-11 19:00:00,941.0,951.3681
2024-11-11 20:00:00,822.0,633.20984
2024-11-11 21:00:00,488.0,477.24072
2024-11-11 22:00:00,308.0,328.49744
2024-11-11 23:00:00,169.0,129.2904
2024-11-12 00:00:00,85.0,68.12317
2024-11-12 01:00:00,48.0,44.1593
2024-11-12 02:00:00,57.0,44.34143
2024-11-12 03:00:00,74.0,63.186523
2024-11-12 04:00:00,189.0,192.70215
2024-11-12 05:00:00,993.0,961.2687
2024-11-12 06:00:00,2525.0,2621.8872
2024-11-12 07:00:00,3040.0,2821.0698
2024-11-12 08:00:00,2078.0,2373.8833
2024-11-12 09:00:00,1527.0,1559.508
2024-11-12 10:00:00,1366.0,1429.2084
2024-11-12 11:00:00,1390.0,1447.7687
2024-11-12 12:00:00,1353.0,1469.8235
2024-11-12 13:00:00,1412.0,1495.512
2024-11-12 14:00:00,1480.0,1527.2455
2024-11-12 15:00:00,1522.0,1631.1925
2024-11-12 16:00:00,1845.0,1843.1819
2024-11-12 17:00:00,1985.0,2080.253
2024-11-12 18:00:00,1540.0,1576.5625
2024-11-12 19:00:00,933.0,959.48755
2024-11-12 20:00:00,566.0,634.26904
2024-11-12 21:00:00,472.0,505.49432
2024-11-12 22:00:00,341.0,368.6822
2024-11-12 23:00:00,201.0,150.72516
2024-11-13 00:00:00,81.0,71.33545
2024-11-13 01:00:00,47.0,46.80188
2024-11-13 02:00:00,61.0,44.284058
2024-11-13 03:00:00,74.0,64.28223
2024-11-13 04:00:00,205.0,199.57874
2024-11-13 05:00:00,948.0,964.686
2024-11-13 06:00:00,2471.0,2556.4346
2024-11-13 07:00:00,2863.0,2797.7695
2024-11-13 08:00:00,2017.0,2334.3433
2024-11-13 09:00:00,1494.0,1550.4158
2024-11-13 10:00:00,1486.0,1437.2462
2024-11-13 11:00:00,1526.0,1464.4677
2024-11-13 12:00:00,1543.0,1490.2235
2024-11-13 13:00:00,1604.0,1520.4471
2024-11-13 14:00:00,1576.0,1555.8535
2024-11-13 15:00:00,1679.0,1656.2512
2024-11-13 16:00:00,1978.0,1878.2511
2024-11-13 17:00:00,2116.0,2113.956
2024-11-13 18:00:00,1586.0,1639.6736
2024-11-13 19:00:00,981.0,1010.35895
2024-11-13 20:00:00,694.0,647.5912
2024-11-13 21:00:00,585.0,521.5753
2024-11-13 22:00:00,503.0,393.89215
2024-11-13 23:00:00,263.0,153.84753
2024-11-14 00:00:00,112.0,70.12964
2024-11-14 01:00:00,60.0,44.213257
2024-11-14 02:00:00,61.0,47.309082
2024-11-14 03:00:00,91.0,68.595215
2024-11-14 04:00:00,209.0,203.5697
2024-11-14 05:00:00,938.0,925.2075
2024-11-14 06:00:00,2497.0,2516.3892
2024-11-14 07:00:00,2981.0,2758.3325
2024-11-14 08:00:00,2183.0,2314.9048
2024-11-14 09:00:00,1514.0,1571.707
2024-11-14 10:00:00,1444.0,1444.632
2024-11-14 11:00:00,1479.0,1475.6945
2024-11-14 12:00:00,1393.0,1507.1764
2024-11-14 13:00:00,1478.0,1558.2501
2024-11-14 14:00:00,1566.0,1606.6326
2024-11-14 15:00:00,1841.0,1750.453
2024-11-14 16:00:00,2040.0,1994.9004
2024-11-14 17:00:00,2141.0,2155.048
2024-11-14 18:00:00,1680.0,1664.3379
2024-11-14 19:00:00,967.0,1084.9884
2024-11-14 20:00:00,691.0,692.89417
2024-11-14 21:00:00,537.0,565.60376
2024-11-14 22:00:00,441.0,462.53418
2024-11-14 23:00:00,262.0,190.37982
2024-11-15 00:00:00,114.0,96.732666
2024-11-15 01:00:00,53.0,52.071167
2024-11-15 02:00:00,63.0,56.61487
2024-11-15 03:00:00,98.0,76.90881
2024-11-15 04:00:00,209.0,204.89246
2024-11-15 05:00:00,822.0,820.1547
2024-11-15 06:00:00,2095.0,2329.3113
2024-11-15 07:00:00,2472.0,2649.5645
2024-11-15 08:00:00,1757.0,2129.857
2024-11-15 09:00:00,1520.0,1549.2915
2024-11-15 10:00:00,1493.0,1478.1804
2024-11-15 11:00:00,1512.0,1516.0614
2024-11-15 12:00:00,1470.0,1576.0642
2024-11-15 13:00:00,1703.0,1652.3904
2024-11-15 14:00:00,1727.0,1773.9503
2024-11-15 15:00:00,2016.0,1963.4453
2024-11-15 16:00:00,2222.0,2118.207
2024-11-15 17:00:00,2327.0,2172.8076
2024-11-15 18:00:00,1997.0,1750.0076
2024-11-15 19:00:00,1236.0,1210.3877
2024-11-15 20:00:00,795.0,821.4709
2024-11-15 21:00:00,613.0,630.6346
2024-11-15 22:00:00,701.0,538.9395
2024-11-15 23:00:00,508.0,307.94562
2024-11-16 00:00:00,238.0,187.33014
2024-11-16 01:00:00,177.0,118.82446
2024-11-16 02:00:00,102.0,91.52429
2024-11-16 03:00:00,85.0,98.956055
2024-11-16 04:00:00,152.0,132.19232
2024-11-16 05:00:00,233.0,253.88824
2024-11-16 06:00:00,465.0,510.91675
2024-11-16 07:00:00,910.0,802.9099
2024-11-16 08:00:00,1289.0,1118.709
2024-11-16 09:00:00,1541.0,1439.1489
2024-11-16 10:00:00,1671.0,1676.5642
2024-11-16 11:00:00,1641.0,1826.9188
2024-11-16 12:00:00,1800.0,1893.7305
2024-11-16 13:00:00,1816.0,1930.5249
2024-11-16 14:00:00,1896.0,1963.5781
2024-11-16 15:00:00,2072.0,2029.4299
2024-11-16 16:00:00,2386.0,2129.5298
2024-11-16 17:00:00,2424.0,2106.359
2024-11-16 18:00:00,1725.0,1624.6333
2024-11-16 19:00:00,1060.0,1021.9963
2024-11-16 20:00:00,805.0,799.41626
2024-11-16 21:00:00,738.0,739.4064
2024-11-16 22:00:00,785.0,698.5328
2024-11-16 23:00:00,707.0,465.5417
2024-11-17 00:00:00,438.0,215.62238
2024-11-17 01:00:00,232.0,173.7248
2024-11-17 02:00:00,164.0,145.54889
2024-11-17 03:00:00,105.0,132.41919
2024-11-17 04:00:00,127.0,134.46771
2024-11-17 05:00:00,111.0,156.63043
2024-11-17 06:00:00,167.0,221.38776
2024-11-17 07:00:00,271.0,275.98608
2024-11-17 08:00:00,575.0,466.74115
2024-11-17 09:00:00,982.0,952.3516
2024-11-17 10:00:00,1242.0,1252.1427
2024-11-17 11:00:00,1534.0,1479.051
2024-11-17 12:00:00,1722.0,1652.352
2024-11-17 13:00:00,1892.0,1860.0393
2024-11-17 14:00:00,2095.0,2106.162
2024-11-17 15:00:00,2606.0,2372.479
2024-11-17 16:00:00,2760.0,2571.9155
2024-11-17 17:00:00,2438.0,2567.002
2024-11-17 18:00:00,1875.0,2328.546
2024-11-17 19:00:00,1289.0,1877.8933
2024-11-17 20:00:00,1161.0,1540.6954
2024-11-17 21:00:00,760.0,1034.9366
2024-11-17 22:00:00,406.0,463.50507
2024-11-17 23:00:00,192.0,261.05865
2024-11-18 00:00:00,108.0,81.66174
2024-11-18 01:00:00,54.0,53.013794
2024-11-18 02:00:00,62.0,51.32068
2024-11-18 03:00:00,66.0,74.27991
2024-11-18 04:00:00,235.0,245.98468
2024-11-18 05:00:00,1033.0,1023.4545
2024-11-18 06:00:00,2576.0,2638.2236
2024-11-18 07:00:00,2880.0,2820.5454
2024-11-18 08:00:00,2077.0,2388.3267
2024-11-18 09:00:00,1388.0,1566.6782
2024-11-18 10:00:00,1440.0,1423.5377
2024-11-18 11:00:00,1404.0,1442.6932
2024-11-18 12:00:00,1443.0,1458.7377
2024-11-18 13:00:00,1381.0,1480.9453
2024-11-18 14:00:00,1384.0,1515.0638
2024-11-18 15:00:00,1656.0,1632.8866
2024-11-18 16:00:00,1839.0,1845.4592
2024-11-18 17:00:00,2022.0,2057.9304
2024-11-18 18:00:00,1542.0,1548.9934
2024-11-18 19:00:00,861.0,955.5762
2024-11-18 20:00:00,643.0,639.31665
2024-11-18 21:00:00,464.0,495.5056
2024-11-18 22:00:00,295.0,360.10754
2024-11-18 23:00:00,174.0,159.57135
2024-11-19 00:00:00,96.0,78.43005
2024-11-19 01:00:00,68.0,54.993164
2024-11-19 02:00:00,59.0,48.438232
2024-11-19 03:00:00,98.0,67.253174
2024-11-19 04:00:00,193.0,209.19702
2024-11-19 05:00:00,1016.0,1036.1823
2024-11-19 06:00:00,2530.0,2628.3264
2024-11-19 07:00:00,2776.0,2812.619
2024-11-19 08:00:00,2193.0,2291.7253
2024-11-19 09:00:00,1538.0,1547.574
2024-11-19 10:00:00,1372.0,1428.2831
2024-11-19 11:00:00,1383.0,1449.4523
2024-11-19 12:00:00,1325.0,1472.2168
2024-11-19 13:00:00,1405.0,1500.1787
2024-11-19 14:00:00,1413.0,1535.0864
2024-11-19 15:00:00,1601.0,1645.8444
2024-11-19 16:00:00,1897.0,1857.3
2024-11-19 17:00:00,2074.0,2057.3613
2024-11-19 18:00:00,1535.0,1594.8284
2024-11-19 19:00:00,949.0,1004.3538
2024-11-19 20:00:00,561.0,667.25903
2024-11-19 21:00:00,431.0,516.3602
2024-11-19 22:00:00,403.0,402.8111
2024-11-19 23:00:00,216.0,186.08563
2024-11-20 00:00:00,89.0,66.80322
2024-11-20 01:00:00,53.0,47.033936
2024-11-20 02:00:00,55.0,47.336548
2024-11-20 03:00:00,83.0,68.2937
2024-11-20 04:00:00,187.0,236.34515
2024-11-20 05:00:00,975.0,1043.9921
2024-11-20 06:00:00,2398.0,2568.0127
2024-11-20 07:00:00,2784.0,2801.474
2024-11-20 08:00:00,2025.0,2238.0742
2024-11-20 09:00:00,1518.0,1534.9423
2024-11-20 10:00:00,1366.0,1438.0247
2024-11-20 11:00:00,1369.0,1463.5472
2024-11-20 12:00:00,1409.0,1485.6196
2024-11-20 13:00:00,1568.0,1519.8551
2024-11-20 14:00:00,1444.0,1557.6523
2024-11-20 15:00:00,1612.0,1657.4766
2024-11-20 16:00:00,1896.0,1878.3418
2024-11-20 17:00:00,2111.0,2113.7485
2024-11-20 18:00:00,1569.0,1623.7739
2024-11-20 19:00:00,971.0,1021.57306
2024-11-20 20:00:00,582.0,649.5746
2024-11-20 21:00:00,504.0,522.35693
2024-11-20 22:00:00,427.0,396.0857
2024-11-20 23:00:00,237.0,154.62097
2024-11-21 00:00:00,106.0,69.3103
2024-11-21 01:00:00,73.0,42.771606
2024-11-21 02:00:00,72.0,46.398438
2024-11-21 03:00:00,93.0,68.335205
2024-11-21 04:00:00,198.0,201.83624
2024-11-21 05:00:00,937.0,926.1139
2024-11-21 06:00:00,2358.0,2505.6177
2024-11-21 07:00:00,2885.0,2753.897
2024-11-21 08:00:00,1902.0,2286.2437
2024-11-21 09:00:00,1462.0,1566.1416
2024-11-21 10:00:00,1399.0,1445.8972
2024-11-21 11:00:00,1451.0,1477.1232
2024-11-21 12:00:00,1359.0,1514.2465
2024-11-21 13:00:00,1457.0,1559.6179
2024-11-21 14:00:00,1565.0,1579.6201
2024-11-21 15:00:00,1463.0,1673.139
2024-11-21 16:00:00,1373.0,1933.1008
2024-11-21 17:00:00,950.0,1874.1571
2024-11-21 18:00:00,949.0,1362.2844
2024-11-21 19:00:00,810.0,1016.7491
2024-11-21 20:00:00,428.0,657.6837
2024-11-21 21:00:00,345.0,555.67224
2024-11-21 22:00:00,240.0,445.60504
2024-11-21 23:00:00,201.0,153.00238
2024-11-22 00:00:00,95.0,101.2229
2024-11-22 01:00:00,53.0,40.316772
2024-11-22 02:00:00,51.0,38.270996
2024-11-22 03:00:00,86.0,68.55005
2024-11-22 04:00:00,159.0,221.87433
2024-11-22 05:00:00,605.0,814.7936
2024-11-22 06:00:00,1135.0,2303.7808
2024-11-22 07:00:00,1815.0,2622.1624
2024-11-22 08:00:00,1289.0,2117.692
2024-11-22 09:00:00,1215.0,1543.0513
2024-11-22 10:00:00,1223.0,1465.3042
2024-11-22 11:00:00,1228.0,1516.6328
2024-11-22 12:00:00,1292.0,1593.8253
2024-11-22 13:00:00,1385.0,1661.9675
2024-11-22 14:00:00,1541.0,1725.1335
2024-11-22 15:00:00,1512.0,1850.0095
2024-11-22 16:00:00,1574.0,2118.8096
2024-11-22 17:00:00,1569.0,2170.2866
2024-11-22 18:00:00,1223.0,1747.1154
2024-11-22 19:00:00,815.0,1208.6389
2024-11-22 20:00:00,565.0,817.57764
2024-11-22 21:00:00,435.0,632.1319
2024-11-22 22:00:00,542.0,538.42566
2024-11-22 23:00:00,437.0,309.81494
2024-11-23 00:00:00,228.0,188.75745
2024-11-23 01:00:00,155.0,119.236694
2024-11-23 02:00:00,95.0,92.27014
2024-11-23 03:00:00,95.0,99.77026
2024-11-23 04:00:00,129.0,133.93921
2024-11-23 05:00:00,189.0,253.73633
2024-11-23 06:00:00,429.0,503.59888
2024-11-23 07:00:00,768.0,794.136
2024-11-23 08:00:00,1124.0,1124.8136
2024-11-23 09:00:00,1344.0,1460.9287
2024-11-23 10:00:00,1438.0,1672.4539
2024-11-23 11:00:00,1590.0,1828.9768
2024-11-23 12:00:00,1630.0,1912.3352
2024-11-23 13:00:00,1643.0,1943.9065
2024-11-23 14:00:00,1646.0,1975.8342
2024-11-23 15:00:00,1771.0,2021.574
2024-11-23 16:00:00,1853.0,2121.102
2024-11-23 17:00:00,1807.0,2094.6704
2024-11-23 18:00:00,1402.0,1618.0039
2024-11-23 19:00:00,873.0,1015.52106
2024-11-23 20:00:00,669.0,798.03894
2024-11-23 21:00:00,656.0,738.71515
2024-11-23 22:00:00,676.0,699.89215
2024-11-23 23:00:00,637.0,470.86584
2024-11-24 00:00:00,426.0,216.80463
2024-11-24 01:00:00,221.0,175.84894
2024-11-24 02:00:00,129.0,148.28632
2024-11-24 03:00:00,127.0,134.8468
2024-11-24 04:00:00,99.0,134.81512
2024-11-24 05:00:00,120.0,157.54346
2024-11-24 06:00:00,136.0,222.13422
2024-11-24 07:00:00,255.0,273.51044
2024-11-24 08:00:00,532.0,467.25928
2024-11-24 09:00:00,858.0,949.7139
2024-11-24 10:00:00,1158.0,1212.5272
2024-11-24 11:00:00,1355.0,1468.5669
2024-11-24 12:00:00,1565.0,1690.7725
2024-11-24 13:00:00,1811.0,1877.9268
2024-11-24 14:00:00,1960.0,2105.7678
2024-11-24 15:00:00,2168.0,2365.7393
2024-11-24 16:00:00,2415.0,2565.2456
2024-11-24 17:00:00,2171.0,2561.6802
2024-11-24 18:00:00,1561.0,2310.21
2024-11-24 19:00:00,1225.0,1844.3474
2024-11-24 20:00:00,1081.0,1474.1147
2024-11-24 21:00:00,720.0,978.4067
2024-11-24 22:00:00,359.0,469.26178
2024-11-24 23:00:00,191.0,261.1778
2024-11-25 00:00:00,90.0,79.9823
2024-11-25 01:00:00,72.0,54.13037
2024-11-25 02:00:00,74.0,50.08142
2024-11-25 03:00:00,90.0,75.12561
2024-11-25 04:00:00,221.0,248.5987
2024-11-25 05:00:00,1075.0,1026.2341
2024-11-25 06:00:00,2534.0,2638.9036
2024-11-25 07:00:00,2811.0,2820.5552
2024-11-25 08:00:00,2137.0,2361.7485
2024-11-25 09:00:00,1513.0,1514.2926
2024-11-25 10:00:00,1309.0,1434.2137
2024-11-25 11:00:00,1416.0,1446.6246
2024-11-25 12:00:00,1358.0,1464.6898
2024-11-25 13:00:00,1427.0,1487.5469
2024-11-25 14:00:00,1438.0,1518.861
2024-11-25 15:00:00,1631.0,1638.5933
2024-11-25 16:00:00,1839.0,1852.2673
2024-11-25 17:00:00,2045.0,2061.9197
2024-11-25 18:00:00,1513.0,1564.4574
2024-11-25 19:00:00,934.0,968.9004
2024-11-25 20:00:00,678.0,658.43225
2024-11-25 21:00:00,436.0,507.16302
2024-11-25 22:00:00,442.0,378.5487
2024-11-25 23:00:00,270.0,170.87848
2024-11-26 00:00:00,120.0,84.32861
2024-11-26 01:00:00,68.0,48.43689
2024-11-26 02:00:00,60.0,45.622803
2024-11-26 03:00:00,87.0,66.693726
2024-11-26 04:00:00,204.0,244.29425
2024-11-26 05:00:00,884.0,969.55023
2024-11-26 06:00:00,2282.0,2618.4453
2024-11-26 07:00:00,2575.0,2815.8901
2024-11-26 08:00:00,1945.0,2339.9834
2024-11-26 09:00:00,1489.0,1536.2646
2024-11-26 10:00:00,1430.0,1437.112
2024-11-26 11:00:00,1483.0,1451.666
2024-11-26 12:00:00,1507.0,1473.1315
2024-11-26 13:00:00,1601.0,1499.218
2024-11-26 14:00:00,1651.0,1533.0187
2024-11-26 15:00:00,1764.0,1634.0405
2024-11-26 16:00:00,1981.0,1851.2915
2024-11-26 17:00:00,2150.0,2088.2734
2024-11-26 18:00:00,1729.0,1584.0522
2024-11-26 19:00:00,1116.0,975.0851
2024-11-26 20:00:00,745.0,645.61365
2024-11-26 21:00:00,599.0,509.76123
2024-11-26 22:00:00,467.0,379.66852
2024-11-26 23:00:00,219.0,161.97424
2024-11-27 00:00:00,84.0,76.59534
2024-11-27 01:00:00,71.0,50.24292
2024-11-27 02:00:00,71.0,47.39966
2024-11-27 03:00:00,101.0,67.882324
2024-11-27 04:00:00,232.0,222.10425
2024-11-27 05:00:00,971.0,971.0869
2024-11-27 06:00:00,2488.0,2555.3218
2024-11-27 07:00:00,2876.0,2795.9277
2024-11-27 08:00:00,2141.0,2308.8745
2024-11-27 09:00:00,1520.0,1530.0667
2024-11-27 10:00:00,1484.0,1440.5767
2024-11-27 11:00:00,1450.0,1461.275
2024-11-27 12:00:00,1525.0,1486.1924
2024-11-27 13:00:00,1645.0,1517.4937
2024-11-27 14:00:00,1627.0,1560.8092
2024-11-27 15:00:00,1719.0,1683.3447
2024-11-27 16:00:00,1955.0,1881.9918
2024-11-27 17:00:00,2164.0,2120.9697
2024-11-27 18:00:00,1673.0,1628.3882
2024-11-27 19:00:00,1014.0,1049.0533
2024-11-27 20:00:00,622.0,667.60034
2024-11-27 21:00:00,546.0,529.50616
2024-11-27 22:00:00,448.0,416.82257
2024-11-27 23:00:00,298.0,180.05688
2024-11-28 00:00:00,99.0,81.58093
2024-11-28 01:00:00,86.0,51.8739
2024-11-28 02:00:00,56.0,51.64453
2024-11-28 03:00:00,79.0,68.54785
2024-11-28 04:00:00,234.0,250.80408
2024-11-28 05:00:00,960.0,1005.59155
2024-11-28 06:00:00,2402.0,2521.445
2024-11-28 07:00:00,2864.0,2755.9592
2024-11-28 08:00:00,2227.0,2220.811
2024-11-28 09:00:00,1556.0,1547.7224
2024-11-28 10:00:00,1382.0,1437.1724
2024-11-28 11:00:00,1459.0,1453.2606
2024-11-28 12:00:00,1421.0,1493.553
2024-11-28 13:00:00,1546.0,1537.3425
2024-11-28 14:00:00,1555.0,1580.952
2024-11-28 15:00:00,1698.0,1695.9341
2024-11-28 16:00:00,1932.0,1996.9072
2024-11-28 17:00:00,1997.0,2159.2095
2024-11-28 18:00:00,1612.0,1674.0553
2024-11-28 19:00:00,993.0,1096.5795
2024-11-28 20:00:00,679.0,701.03845
2024-11-28 21:00:00,582.0,569.1599
2024-11-28 22:00:00,492.0,467.8814
2024-11-28 23:00:00,290.0,195.60547
2024-11-29 00:00:00,125.0,98.05298
2024-11-29 01:00:00,89.0,52.321167
2024-11-29 02:00:00,80.0,57.156616
2024-11-29 03:00:00,87.0,77.33545
2024-11-29 04:00:00,211.0,213.46399
2024-11-29 05:00:00,807.0,826.9364
2024-11-29 06:00:00,2072.0,2319.0864
2024-11-29 07:00:00,2521.0,2631.0854
2024-11-29 08:00:00,1930.0,2111.401
2024-11-29 09:00:00,1569.0,1539.5239
2024-11-29 10:00:00,1571.0,1470.364
2024-11-29 11:00:00,1636.0,1522.2198
2024-11-29 12:00:00,1605.0,1591.7588
2024-11-29 13:00:00,1744.0,1660.6039
2024-11-29 14:00:00,1860.0,1780.1459
2024-11-29 15:00:00,2071.0,1968.207
2024-11-29 16:00:00,2183.0,2121.0576
2024-11-29 17:00:00,2258.0,2177.1929
2024-11-29 18:00:00,1818.0,1754.5693
2024-11-29 19:00:00,1228.0,1219.1401
2024-11-29 20:00:00,772.0,830.9541
2024-11-29 21:00:00,673.0,634.93524
2024-11-29 22:00:00,701.0,545.8284
2024-11-29 23:00:00,648.0,328.48065
2024-11-30 00:00:00,408.0,195.10284
2024-11-30 01:00:00,201.0,120.643555
2024-11-30 02:00:00,154.0,92.92383
2024-11-30 03:00:00,122.0,101.36511
2024-11-30 04:00:00,175.0,136.94763
2024-11-30 05:00:00,248.0,262.04785
2024-11-30 06:00:00,557.0,516.8873
2024-11-30 07:00:00,870.0,801.4376
2024-11-30 08:00:00,1310.0,1121.2863
2024-11-30 09:00:00,1595.0,1422.0627
2024-11-30 10:00:00,1759.0,1650.415
2024-11-30 11:00:00,1728.0,1850.0991
2024-11-30 12:00:00,1811.0,1915.0281
2024-11-30 13:00:00,1883.0,1947.8611
2024-11-30 14:00:00,1956.0,1976.3916
2024-11-30 15:00:00,2115.0,2023.5322
2024-11-30 16:00:00,2147.0,2123.034
2024-11-30 17:00:00,2166.0,2109.4043
2024-11-30 18:00:00,1668.0,1643.5297
2024-11-30 19:00:00,1067.0,1025.8423
2024-11-30 20:00:00,815.0,804.22815
2024-11-30 21:00:00,711.0,740.1201
2024-11-30 22:00:00,787.0,701.2217
2024-11-30 23:00:00,655.0,478.16248
2024-12-01 00:00:00,440.0,226.71393
2024-12-01 01:00:00,226.0,183.6745
2024-12-01 02:00:00,154.0,153.07764
2024-12-01 03:00:00,112.0,137.68262
2024-12-01 04:00:00,165.0,133.33807
2024-12-01 05:00:00,138.0,151.03284
2024-12-01 06:00:00,198.0,209.62537
2024-12-01 07:00:00,331.0,258.36688
2024-12-01 08:00:00,559.0,443.49945
2024-12-01 09:00:00,900.0,847.8323
2024-12-01 10:00:00,1335.0,1159.354
2024-12-01 11:00:00,1469.0,1450.179
2024-12-01 12:00:00,1706.0,1664.4443
2024-12-01 13:00:00,2041.0,1832.7463
2024-12-01 14:00:00,2220.0,2064.9697
2024-12-01 15:00:00,2475.0,2366.1475
2024-12-01 16:00:00,2675.0,2566.151
2024-12-01 17:00:00,2622.0,2559.1597
2024-12-01 18:00:00,1809.0,2253.597
2024-12-01 19:00:00,1428.0,1790.4882
2024-12-01 20:00:00,1047.0,1432.364
2024-12-01 21:00:00,1034.0,914.39526
2024-12-01 22:00:00,409.0,427.91364
2024-12-01 23:00:00,190.0,267.49603
2024-12-02 00:00:00,92.0,74.968994
2024-12-02 01:00:00,55.0,50.641357
2024-12-02 02:00:00,70.0,48.881714
2024-12-02 03:00:00,85.0,72.33008
2024-12-02 04:00:00,232.0,252.78815
2024-12-02 05:00:00,1028.0,986.7143
2024-12-02 06:00:00,2570.0,2614.0698
2024-12-02 07:00:00,2915.0,2817.1982
2024-12-02 08:00:00,2042.0,2359.686
2024-12-02 09:00:00,1484.0,1551.5535
2024-12-02 10:00:00,1443.0,1425.1201
2024-12-02 11:00:00,1467.0,1441.361
2024-12-02 12:00:00,1393.0,1459.0093
2024-12-02 13:00:00,1469.0,1483.9462
2024-12-02 14:00:00,1488.0,1519.2954
2024-12-02 15:00:00,1655.0,1638.3998
2024-12-02 16:00:00,1873.0,1851.206
2024-12-02 17:00:00,2156.0,2056.6824
2024-12-02 18:00:00,1538.0,1562.7092
2024-12-02 19:00:00,971.0,944.58496
2024-12-02 20:00:00,521.0,635.9498
2024-12-02 21:00:00,534.0,487.49445
2024-12-02 22:00:00,318.0,344.2116
2024-12-02 23:00:00,154.0,137.73907
2024-12-03 00:00:00,70.0,69.23767
2024-12-03 01:00:00,69.0,47.99768
2024-12-03 02:00:00,59.0,48.42932
2024-12-03 03:00:00,74.0,67.46741
2024-12-03 04:00:00,196.0,200.39172
2024-12-03 05:00:00,952.0,981.4247
2024-12-03 06:00:00,2598.0,2603.5557
2024-12-03 07:00:00,2796.0,2807.6265
2024-12-03 08:00:00,2211.0,2261.9507
2024-12-03 09:00:00,1527.0,1529.4601
2024-12-03 10:00:00,1426.0,1432.8639
2024-12-03 11:00:00,1467.0,1449.4899
2024-12-03 12:00:00,1394.0,1472.1974
2024-12-03 13:00:00,1498.0,1499.7495
2024-12-03 14:00:00,1488.0,1534.0477
2024-12-03 15:00:00,1627.0,1635.7421
2024-12-03 16:00:00,1880.0,1838.0734
2024-12-03 17:00:00,2115.0,2081.6062
2024-12-03 18:00:00,1562.0,1573.9019
2024-12-03 19:00:00,915.0,951.0503
2024-12-03 20:00:00,604.0,635.612
2024-12-03 21:00:00,447.0,506.1772
2024-12-03 22:00:00,385.0,370.5761
2024-12-03 23:00:00,206.0,153.84021
2024-12-04 00:00:00,114.0,72.418945
2024-12-04 01:00:00,72.0,47.190674
2024-12-04 02:00:00,66.0,44.89502
2024-12-04 03:00:00,80.0,66.10474
2024-12-04 04:00:00,197.0,207.61407
2024-12-04 05:00:00,973.0,922.9152
2024-12-04 06:00:00,2408.0,2539.709
2024-12-04 07:00:00,2861.0,2795.2861
2024-12-04 08:00:00,2046.0,2287.9014
2024-12-04 09:00:00,1481.0,1522.6667
2024-12-04 10:00:00,1452.0,1441.3861
2024-12-04 11:00:00,1572.0,1467.214
2024-12-04 12:00:00,1549.0,1493.6431
2024-12-04 13:00:00,1573.0,1525.3623
2024-12-04 14:00:00,1658.0,1560.5546
2024-12-04 15:00:00,1779.0,1657.6467
2024-12-04 16:00:00,1894.0,1871.5256
2024-12-04 17:00:00,2119.0,2071.159
2024-12-04 18:00:00,1532.0,1616.1958
2024-12-04 19:00:00,967.0,1019.8915
2024-12-04 20:00:00,610.0,650.9846
2024-12-04 21:00:00,486.0,522.9184
2024-12-04 22:00:00,447.0,402.7047
2024-12-04 23:00:00,270.0,162.90283
2024-12-05 00:00:00,114.0,72.94922
2024-12-05 01:00:00,97.0,43.40515
2024-12-05 02:00:00,75.0,47.16687
2024-12-05 03:00:00,82.0,69.399414
2024-12-05 04:00:00,193.0,208.13922
2024-12-05 05:00:00,908.0,902.89465
2024-12-05 06:00:00,2357.0,2489.5085
2024-12-05 07:00:00,2812.0,2751.2832
2024-12-05 08:00:00,2192.0,2234.2053
2024-12-05 09:00:00,1588.0,1531.7238
2024-12-05 10:00:00,1466.0,1446.9481
2024-12-05 11:00:00,1451.0,1473.8878
2024-12-05 12:00:00,1441.0,1512.7429
2024-12-05 13:00:00,1516.0,1563.8413
2024-12-05 14:00:00,1663.0,1611.9619
2024-12-05 15:00:00,1809.0,1751.1758
2024-12-05 16:00:00,1998.0,1988.9824
2024-12-05 17:00:00,2061.0,2161.9773
2024-12-05 18:00:00,1613.0,1668.8524
2024-12-05 19:00:00,995.0,1093.2421
2024-12-05 20:00:00,670.0,689.8987
2024-12-05 21:00:00,518.0,568.3895
2024-12-05 22:00:00,512.0,469.68713
2024-12-05 23:00:00,287.0,187.70221
2024-12-06 00:00:00,144.0,103.56555
2024-12-06 01:00:00,106.0,54.302002
2024-12-06 02:00:00,89.0,49.18042
2024-12-06 03:00:00,81.0,72.65845
2024-12-06 04:00:00,218.0,217.00775
2024-12-06 05:00:00,816.0,908.6018
2024-12-06 06:00:00,1969.0,2361.0776
2024-12-06 07:00:00,2400.0,2650.9243
2024-12-06 08:00:00,1803.0,2123.19
2024-12-06 09:00:00,1464.0,1543.3384
2024-12-06 10:00:00,1502.0,1481.9666
2024-12-06 11:00:00,1596.0,1523.5729
2024-12-06 12:00:00,1575.0,1596.9661
2024-12-06 13:00:00,1608.0,1656.9625
2024-12-06 14:00:00,1798.0,1778.9246
2024-12-06 15:00:00,1991.0,1947.1685
2024-12-06 16:00:00,2230.0,2124.836
2024-12-06 17:00:00,2100.0,2200.417
2024-12-06 18:00:00,1593.0,1773.5367
2024-12-06 19:00:00,1099.0,1227.9948
2024-12-06 20:00:00,721.0,855.4704
2024-12-06 21:00:00,631.0,637.52844
2024-12-06 22:00:00,652.0,549.0137
2024-12-06 23:00:00,513.0,347.03455
2024-12-07 00:00:00,341.0,208.31122
2024-12-07 01:00:00,199.0,128.61188
2024-12-07 02:00:00,148.0,98.79126
2024-12-07 03:00:00,100.0,103.65515
2024-12-07 04:00:00,145.0,137.59198
2024-12-07 05:00:00,228.0,251.89612
2024-12-07 06:00:00,456.0,490.68622
2024-12-07 07:00:00,811.0,784.12646
2024-12-07 08:00:00,1156.0,1118.2645
2024-12-07 09:00:00,1497.0,1441.1893
2024-12-07 10:00:00,1785.0,1671.0691
2024-12-07 11:00:00,1792.0,1870.6956
2024-12-07 12:00:00,1719.0,1929.7366
2024-12-07 13:00:00,1681.0,1919.1089
2024-12-07 14:00:00,1879.0,1939.3225
2024-12-07 15:00:00,1973.0,2010.4547
2024-12-07 16:00:00,1893.0,2157.5903
2024-12-07 17:00:00,1916.0,2175.6633
2024-12-07 18:00:00,1429.0,1735.6348
2024-12-07 19:00:00,928.0,1056.8154
2024-12-07 20:00:00,808.0,844.69446
2024-12-07 21:00:00,735.0,759.5178
2024-12-07 22:00:00,762.0,711.46594
2024-12-07 23:00:00,605.0,492.5598
2024-12-08 00:00:00,400.0,229.35626
2024-12-08 01:00:00,266.0,201.72687
2024-12-08 02:00:00,155.0,175.65576
2024-12-08 03:00:00,104.0,154.06982
2024-12-08 04:00:00,134.0,144.81116
2024-12-08 05:00:00,113.0,140.83984
2024-12-08 06:00:00,146.0,198.77826
2024-12-08 07:00:00,317.0,492.59766
2024-12-08 08:00:00,481.0,1047.3458
2024-12-08 09:00:00,943.0,1345.0521
2024-12-08 10:00:00,1297.0,1526.8109
2024-12-08 11:00:00,1607.0,1615.7817
2024-12-08 12:00:00,1918.0,1707.1881
2024-12-08 13:00:00,2078.0,1800.5067
2024-12-08 14:00:00,2303.0,1934.7399
2024-12-08 15:00:00,2291.0,2142.6592
2024-12-08 16:00:00,2462.0,2314.3413
2024-12-08 17:00:00,2222.0,2052.025
2024-12-08 18:00:00,1653.0,1587.8687
2024-12-08 19:00:00,1421.0,1124.9778
2024-12-08 20:00:00,1238.0,840.9766
2024-12-08 21:00:00,784.0,628.9796
2024-12-08 22:00:00,431.0,455.40076
2024-12-08 23:00:00,226.0,278.23364
2024-12-09 00:00:00,94.0,74.70032
2024-12-09 01:00:00,53.0,48.847656
2024-12-09 02:00:00,63.0,50.02124
2024-12-09 03:00:00,78.0,72.95337
2024-12-09 04:00:00,217.0,260.83728
2024-12-09 05:00:00,1004.0,996.6069
2024-12-09 06:00:00,2510.0,2616.4758
2024-12-09 07:00:00,2819.0,2816.6992
2024-12-09 08:00:00,2132.0,2343.3315
2024-12-09 09:00:00,1500.0,1546.2272
2024-12-09 10:00:00,1359.0,1423.6575
2024-12-09 11:00:00,1468.0,1439.2422
2024-12-09 12:00:00,1366.0,1457.3129
2024-12-09 13:00:00,1507.0,1480.952
2024-12-09 14:00:00,1478.0,1515.4832
2024-12-09 15:00:00,1657.0,1623.5706
2024-12-09 16:00:00,1798.0,1840.1753
2024-12-09 17:00:00,2041.0,2061.024
2024-12-09 18:00:00,1534.0,1554.3668
2024-12-09 19:00:00,908.0,951.40784
2024-12-09 20:00:00,587.0,637.0956
2024-12-09 21:00:00,450.0,490.00262
2024-12-09 22:00:00,317.0,340.74963
2024-12-09 23:00:00,195.0,147.95032
2024-12-10 00:00:00,99.0,76.586914
2024-12-10 01:00:00,88.0,50.90393
2024-12-10 02:00:00,66.0,44.44983
2024-12-10 03:00:00,78.0,65.44385
2024-12-10 04:00:00,184.0,191.52863
2024-12-10 05:00:00,981.0,933.85376
2024-12-10 06:00:00,2531.0,2606.8618
2024-12-10 07:00:00,3024.0,2814.1328
2024-12-10 08:00:00,2146.0,2321.2002
2024-12-10 09:00:00,1519.0,1523.2455
2024-12-10 10:00:00,1339.0,1430.8666
2024-12-10 11:00:00,1445.0,1446.8043
2024-12-10 12:00:00,1443.0,1470.9083
2024-12-10 13:00:00,1519.0,1499.1208
2024-12-10 14:00:00,1492.0,1532.3506
2024-12-10 15:00:00,1629.0,1631.3679
2024-12-10 16:00:00,1985.0,1837.2188
2024-12-10 17:00:00,2059.0,2082.6982
2024-12-10 18:00:00,1652.0,1579.8701
2024-12-10 19:00:00,913.0,957.60077
2024-12-10 20:00:00,619.0,637.6621
2024-12-10 21:00:00,523.0,506.85016
2024-12-10 22:00:00,424.0,373.17517
2024-12-10 23:00:00,217.0,157.12976
2024-12-11 00:00:00,110.0,74.4397
2024-12-11 01:00:00,65.0,48.16919
2024-12-11 02:00:00,61.0,45.091797
2024-12-11 03:00:00,73.0,65.91174
2024-12-11 04:00:00,183.0,208.3266
2024-12-11 05:00:00,926.0,933.8952
2024-12-11 06:00:00,2358.0,2540.1926
2024-12-11 07:00:00,2844.0,2795.2275
2024-12-11 08:00:00,2100.0,2275.2876
2024-12-11 09:00:00,1531.0,1521.72
2024-12-11 10:00:00,1473.0,1441.3698
2024-12-11 11:00:00,1539.0,1467.2019
2024-12-11 12:00:00,1520.0,1494.7781
2024-12-11 13:00:00,1594.0,1526.7263
2024-12-11 14:00:00,1716.0,1561.2377
2024-12-11 15:00:00,1764.0,1656.6155
2024-12-11 16:00:00,1945.0,1871.5455
2024-12-11 17:00:00,2207.0,2121.0876
2024-12-11 18:00:00,1675.0,1625.7965
2024-12-11 19:00:00,983.0,1031.5734
2024-12-11 20:00:00,623.0,657.27405
2024-12-11 21:00:00,511.0,525.9677
2024-12-11 22:00:00,451.0,410.08264
2024-12-11 23:00:00,253.0,171.0354
2024-12-12 00:00:00,113.0,75.6449
2024-12-12 01:00:00,71.0,45.767944
2024-12-12 02:00:00,77.0,48.940063
2024-12-12 03:00:00,74.0,70.63074
2024-12-12 04:00:00,207.0,217.5003
2024-12-12 05:00:00,920.0,909.3191
2024-12-12 06:00:00,2417.0,2493.8848
2024-12-12 07:00:00,2823.0,2752.6704
2024-12-12 08:00:00,2175.0,2254.3025
2024-12-12 09:00:00,1635.0,1538.8707
2024-12-12 10:00:00,1509.0,1450.5741
2024-12-12 11:00:00,1513.0,1481.5997
2024-12-12 12:00:00,1442.0,1519.4639
2024-12-12 13:00:00,1525.0,1564.4795
2024-12-12 14:00:00,1610.0,1612.1492
2024-12-12 15:00:00,1802.0,1752.0884
2024-12-12 16:00:00,2172.0,1989.9626
2024-12-12 17:00:00,2353.0,2162.7642
2024-12-12 18:00:00,1696.0,1671.7153
2024-12-12 19:00:00,1025.0,1095.1624
2024-12-12 20:00:00,727.0,703.1086
2024-12-12 21:00:00,594.0,569.5701
2024-12-12 22:00:00,489.0,470.84503
2024-12-12 23:00:00,359.0,200.75787
2024-12-13 00:00:00,184.0,99.01343
2024-12-13 01:00:00,91.0,53.425415
2024-12-13 02:00:00,87.0,57.838135
2024-12-13 03:00:00,100.0,78.68994
2024-12-13 04:00:00,213.0,212.21448
2024-12-13 05:00:00,789.0,815.97174
2024-12-13 06:00:00,2012.0,2286.0486
2024-12-13 07:00:00,2399.0,2624.246
2024-12-13 08:00:00,1847.0,2085.9868
2024-12-13 09:00:00,1617.0,1527.9877
2024-12-13 10:00:00,1515.0,1471.6266
2024-12-13 11:00:00,1627.0,1526.5615
2024-12-13 12:00:00,1652.0,1601.5007
2024-12-13 13:00:00,1674.0,1669.9215
2024-12-13 14:00:00,1844.0,1784.0066
2024-12-13 15:00:00,2022.0,1936.868
2024-12-13 16:00:00,2285.0,2119.8647
2024-12-13 17:00:00,2317.0,2182.1497
2024-12-13 18:00:00,1722.0,1760.5884
2024-12-13 19:00:00,1118.0,1220.1571
2024-12-13 20:00:00,720.0,831.47266
2024-12-13 21:00:00,635.0,636.85254
2024-12-13 22:00:00,713.0,546.8457
2024-12-13 23:00:00,610.0,324.7168
2024-12-14 00:00:00,417.0,202.8692
2024-12-14 01:00:00,240.0,127.179565
2024-12-14 02:00:00,195.0,97.868164
2024-12-14 03:00:00,111.0,103.423584
2024-12-14 04:00:00,164.0,137.79102
2024-12-14 05:00:00,240.0,250.4206
2024-12-14 06:00:00,430.0,489.59827
2024-12-14 07:00:00,773.0,781.5864
2024-12-14 08:00:00,1219.0,1111.8019
2024-12-14 09:00:00,1441.0,1429.0238
2024-12-14 10:00:00,1769.0,1666.3053
2024-12-14 11:00:00,1805.0,1866.4524
2024-12-14 12:00:00,1837.0,1929.5408
2024-12-14 13:00:00,1945.0,1924.5441
2024-12-14 14:00:00,1936.0,1951.7382
2024-12-14 15:00:00,1961.0,1993.1384
2024-12-14 16:00:00,2044.0,2069.884
2024-12-14 17:00:00,2033.0,2062.148
2024-12-14 18:00:00,1515.0,1685.4623
2024-12-14 19:00:00,883.0,1073.93
2024-12-14 20:00:00,764.0,815.6639
2024-12-14 21:00:00,804.0,758.47095
2024-12-14 22:00:00,773.0,707.86255
2024-12-14 23:00:00,740.0,494.43555
2024-12-15 00:00:00,360.0,233.81732
2024-12-15 01:00:00,236.0,191.47131
2024-12-15 02:00:00,143.0,161.50433
2024-12-15 03:00:00,121.0,144.07007
2024-12-15 04:00:00,150.0,133.93091
2024-12-15 05:00:00,93.0,151.42065
2024-12-15 06:00:00,168.0,208.48871
2024-12-15 07:00:00,268.0,259.3012
2024-12-15 08:00:00,487.0,451.524
2024-12-15 09:00:00,977.0,873.4697
2024-12-15 10:00:00,1302.0,1189.4651
2024-12-15 11:00:00,1673.0,1498.8628
2024-12-15 12:00:00,2028.0,1724.2386
2024-12-15 13:00:00,2263.0,1912.8525
2024-12-15 14:00:00,2351.0,2128.5293
2024-12-15 15:00:00,2542.0,2396.7722
2024-12-15 16:00:00,2699.0,2585.4585
2024-12-15 17:00:00,2621.0,2586.8174
2024-12-15 18:00:00,1949.0,2323.8188
2024-12-15 19:00:00,1581.0,1875.7471
2024-12-15 20:00:00,1253.0,1545.816
2024-12-15 21:00:00,977.0,1035.83
2024-12-15 22:00:00,548.0,469.95813
2024-12-15 23:00:00,292.0,275.26477
2024-12-16 00:00:00,109.0,81.87341
2024-12-16 01:00:00,62.0,54.59021
2024-12-16 02:00:00,54.0,51.671753
2024-12-16 03:00:00,79.0,74.52576
2024-12-16 04:00:00,185.0,225.94623
2024-12-16 05:00:00,802.0,995.8072
2024-12-16 06:00:00,2071.0,2616.771
2024-12-16 07:00:00,2722.0,2815.1162
2024-12-16 08:00:00,2087.0,2308.645
2024-12-16 09:00:00,1537.0,1486.6494
2024-12-16 10:00:00,1500.0,1433.3784
2024-12-16 11:00:00,1519.0,1443.7384
2024-12-16 12:00:00,1455.0,1462.0737
2024-12-16 13:00:00,1670.0,1486.0537
2024-12-16 14:00:00,1626.0,1519.3429
2024-12-16 15:00:00,1824.0,1642.5714
2024-12-16 16:00:00,2051.0,1850.498
2024-12-16 17:00:00,2213.0,2064.0464
2024-12-16 18:00:00,1666.0,1566.0215
2024-12-16 19:00:00,1076.0,959.7414
2024-12-16 20:00:00,641.0,645.1211
2024-12-16 21:00:00,460.0,492.03204
2024-12-16 22:00:00,342.0,348.4002
2024-12-16 23:00:00,181.0,153.5373
2024-12-17 00:00:00,73.0,78.39465
2024-12-17 01:00:00,49.0,53.60608
2024-12-17 02:00:00,68.0,46.163574
2024-12-17 03:00:00,81.0,67.0957
2024-12-17 04:00:00,197.0,200.89874
2024-12-17 05:00:00,896.0,942.9051
2024-12-17 06:00:00,2423.0,2608.3735
2024-12-17 07:00:00,2896.0,2813.5352
2024-12-17 08:00:00,2092.0,2263.893
2024-12-17 09:00:00,1602.0,1493.6606
2024-12-17 10:00:00,1498.0,1436.5636
2024-12-17 11:00:00,1495.0,1449.5283
2024-12-17 12:00:00,1437.0,1470.2324
2024-12-17 13:00:00,1554.0,1501.07
2024-12-17 14:00:00,1681.0,1535.3665
2024-12-17 15:00:00,1868.0,1637.145
2024-12-17 16:00:00,2063.0,1848.825
2024-12-17 17:00:00,2064.0,2089.0337
2024-12-17 18:00:00,1606.0,1590.0176
2024-12-17 19:00:00,996.0,976.9087
2024-12-17 20:00:00,661.0,647.71606
2024-12-17 21:00:00,509.0,511.67987
2024-12-17 22:00:00,418.0,382.39087
2024-12-17 23:00:00,229.0,166.7044
2024-12-18 00:00:00,136.0,79.609985
2024-12-18 01:00:00,69.0,50.86133
2024-12-18 02:00:00,68.0,48.094604
2024-12-18 03:00:00,76.0,68.64026
2024-12-18 04:00:00,206.0,225.43
2024-12-18 05:00:00,900.0,939.6056
2024-12-18 06:00:00,2288.0,2541.7124
2024-12-18 07:00:00,2664.0,2794.3662
2024-12-18 08:00:00,2066.0,2255.752
2024-12-18 09:00:00,1610.0,1521.6761
2024-12-18 10:00:00,1543.0,1444.6309
2024-12-18 11:00:00,1656.0,1468.5193
2024-12-18 12:00:00,1566.0,1496.3622
2024-12-18 13:00:00,1692.0,1531.0251
2024-12-18 14:00:00,1785.0,1569.4595
2024-12-18 15:00:00,1855.0,1670.2559
2024-12-18 16:00:00,2006.0,1876.9651
2024-12-18 17:00:00,2214.0,2130.5002
2024-12-18 18:00:00,1797.0,1637.4128
2024-12-18 19:00:00,1160.0,1064.1797
2024-12-18 20:00:00,774.0,679.6862
2024-12-18 21:00:00,623.0,533.0958
2024-12-18 22:00:00,514.0,427.7962
2024-12-18 23:00:00,316.0,202.73065
2024-12-19 00:00:00,174.0,86.23474
2024-12-19 01:00:00,65.0,52.057373
2024-12-19 02:00:00,58.0,52.657715
2024-12-19 03:00:00,87.0,75.7406
2024-12-19 04:00:00,225.0,244.0199
2024-12-19 05:00:00,893.0,912.79175
2024-12-19 06:00:00,2108.0,2490.3206
2024-12-19 07:00:00,2614.0,2750.6042
2024-12-19 08:00:00,2071.0,2243.8013
2024-12-19 09:00:00,1600.0,1549.081
2024-12-19 10:00:00,1565.0,1441.0657
2024-12-19 11:00:00,1561.0,1484.4348
2024-12-19 12:00:00,1555.0,1528.8906
2024-12-19 13:00:00,1613.0,1572.3624
2024-12-19 14:00:00,1516.0,1628.0847
2024-12-19 15:00:00,1864.0,1769.3396
2024-12-19 16:00:00,1916.0,2002.2786
2024-12-19 17:00:00,1965.0,2099.1855
2024-12-19 18:00:00,1576.0,1665.4246
2024-12-19 19:00:00,1031.0,1124.8809
2024-12-19 20:00:00,660.0,694.9143
2024-12-19 21:00:00,577.0,564.8919
2024-12-19 22:00:00,531.0,465.38177
2024-12-19 23:00:00,340.0,225.24976
2024-12-20 00:00:00,176.0,111.1676
2024-12-20 01:00:00,86.0,56.056152
2024-12-20 02:00:00,87.0,59.11194
2024-12-20 03:00:00,99.0,80.77869
2024-12-20 04:00:00,202.0,228.97156
2024-12-20 05:00:00,707.0,830.9338
2024-12-20 06:00:00,1715.0,2289.9639
2024-12-20 07:00:00,2001.0,2628.5461
2024-12-20 08:00:00,1648.0,2072.9373
2024-12-20 09:00:00,1509.0,1529.1367
2024-12-20 10:00:00,1588.0,1475.9666
2024-12-20 11:00:00,1586.0,1533.0107
2024-12-20 12:00:00,1552.0,1607.802
2024-12-20 13:00:00,1635.0,1677.7366
2024-12-20 14:00:00,1827.0,1777.2572
2024-12-20 15:00:00,1857.0,1941.3289
2024-12-20 16:00:00,1879.0,2121.7588
2024-12-20 17:00:00,1873.0,2193.0596
2024-12-20 18:00:00,1500.0,1772.1207
2024-12-20 19:00:00,1054.0,1232.491
2024-12-20 20:00:00,682.0,844.02075
2024-12-20 21:00:00,673.0,639.8694
2024-12-20 22:00:00,646.0,551.7389
2024-12-20 23:00:00,472.0,348.70984
2024-12-21 00:00:00,353.0,226.2951
2024-12-21 01:00:00,218.0,133.67468
2024-12-21 02:00:00,150.0,116.28552
2024-12-21 03:00:00,121.0,124.984375
2024-12-21 04:00:00,210.0,162.4237
2024-12-21 05:00:00,249.0,262.8678
2024-12-21 06:00:00,339.0,419.80145
2024-12-21 07:00:00,595.0,678.7875
2024-12-21 08:00:00,1012.0,930.0496
2024-12-21 09:00:00,1350.0,1343.7906
2024-12-21 10:00:00,1540.0,1683.4719
2024-12-21 11:00:00,1665.0,1856.4568
2024-12-21 12:00:00,1691.0,1945.321
2024-12-21 13:00:00,1832.0,2042.2137
2024-12-21 14:00:00,1940.0,2127.9832
2024-12-21 15:00:00,1937.0,2216.3237
2024-12-21 16:00:00,1929.0,2279.8723
2024-12-21 17:00:00,2014.0,2163.9126
2024-12-21 18:00:00,1501.0,1828.7917
2024-12-21 19:00:00,952.0,1315.58
2024-12-21 20:00:00,793.0,953.4831
2024-12-21 21:00:00,637.0,779.91724
2024-12-21 22:00:00,732.0,674.20557
2024-12-21 23:00:00,523.0,418.49396
2024-12-22 00:00:00,317.0,236.5813
2024-12-22 01:00:00,178.0,209.9602
2024-12-22 02:00:00,134.0,178.24268
2024-12-22 03:00:00,122.0,142.53668
2024-12-22 04:00:00,171.0,145.49158
2024-12-22 05:00:00,112.0,145.67047
2024-12-22 06:00:00,176.0,185.11365
2024-12-22 07:00:00,229.0,305.08423
2024-12-22 08:00:00,486.0,511.5155
2024-12-22 09:00:00,895.0,853.9155
2024-12-22 10:00:00,1154.0,1146.7954
2024-12-22 11:00:00,1497.0,1443.2972
2024-12-22 12:00:00,1676.0,1857.7567
2024-12-22 13:00:00,1810.0,1990.6619
2024-12-22 14:00:00,1776.0,2314.4668
2024-12-22 15:00:00,1818.0,2496.4448
2024-12-22 16:00:00,1752.0,2591.3926
2024-12-22 17:00:00,1704.0,2573.6555
2024-12-22 18:00:00,1235.0,2395.643
2024-12-22 19:00:00,916.0,1732.4249
2024-12-22 20:00:00,709.0,1406.3116
2024-12-22 21:00:00,576.0,920.9898
2024-12-22 22:00:00,390.0,484.67035
2024-12-22 23:00:00,240.0,300.83087
2024-12-23 00:00:00,159.0,114.112915
2024-12-23 01:00:00,90.0,89.15161
2024-12-23 02:00:00,55.0,95.315186
2024-12-23 03:00:00,81.0,119.1991
2024-12-23 04:00:00,179.0,315.3258
2024-12-23 05:00:00,455.0,791.9457
2024-12-23 06:00:00,878.0,1631.4117
2024-12-23 07:00:00,1089.0,1838.3584
2024-12-23 08:00:00,997.0,1467.5969
2024-12-23 09:00:00,1067.0,1412.8701
2024-12-23 10:00:00,1260.0,1448.0576
2024-12-23 11:00:00,1502.0,1469.5398
2024-12-23 12:00:00,1584.0,1513.9207
2024-12-23 13:00:00,1614.0,1550.8818
2024-12-23 14:00:00,1744.0,1632.1655
2024-12-23 15:00:00,1643.0,1821.2009
2024-12-23 16:00:00,1670.0,1954.165
2024-12-23 17:00:00,1619.0,2059.0974
2024-12-23 18:00:00,1255.0,1721.1001
2024-12-23 19:00:00,776.0,1134.4485
2024-12-23 20:00:00,558.0,793.1044
2024-12-23 21:00:00,484.0,582.3941
2024-12-23 22:00:00,355.0,411.68982
2024-12-23 23:00:00,244.0,202.04431
2024-12-24 00:00:00,139.0,109.24048
2024-12-24 01:00:00,100.0,84.75537
2024-12-24 02:00:00,86.0,89.73047
2024-12-24 03:00:00,93.0,110.87219
2024-12-24 04:00:00,161.0,266.528
2024-12-24 05:00:00,289.0,705.0828
2024-12-24 06:00:00,566.0,1368.7573
2024-12-24 07:00:00,698.0,1596.199
2024-12-24 08:00:00,716.0,1438.5035
2024-12-24 09:00:00,941.0,1400.15
2024-12-24 10:00:00,1160.0,1450.8168
2024-12-24 11:00:00,1417.0,1502.4952
2024-12-24 12:00:00,1630.0,1548.876
2024-12-24 13:00:00,1594.0,1596.6998
2024-12-24 14:00:00,1715.0,1690.3992
2024-12-24 15:00:00,1788.0,1843.3132
2024-12-24 16:00:00,1726.0,2011.6825
2024-12-24 17:00:00,1255.0,2114.194
2024-12-24 18:00:00,601.0,1668.6803
2024-12-24 19:00:00,404.0,1090.7483
2024-12-24 20:00:00,418.0,743.82666
2024-12-24 21:00:00,554.0,578.3534
2024-12-24 22:00:00,812.0,438.79382
2024-12-24 23:00:00,817.0,220.88977
2024-12-25 00:00:00,520.0,422.29095
2024-12-25 01:00:00,231.0,336.8498
2024-12-25 02:00:00,97.0,262.88324
2024-12-25 03:00:00,72.0,203.40417
2024-12-25 04:00:00,82.0,158.49335
2024-12-25 05:00:00,97.0,135.00568
2024-12-25 06:00:00,148.0,113.25867
2024-12-25 07:00:00,153.0,119.83215
2024-12-25 08:00:00,249.0,232.28131
2024-12-25 09:00:00,655.0,450.2987
2024-12-25 10:00:00,1353.0,693.2505
2024-12-25 11:00:00,1582.0,941.35144
2024-12-25 12:00:00,1518.0,1129.629
2024-12-25 13:00:00,1592.0,1257.6456
2024-12-25 14:00:00,1747.0,1366.3687
2024-12-25 15:00:00,1913.0,1457.0853
2024-12-25 16:00:00,2104.0,1506.6033
2024-12-25 17:00:00,1843.0,1496.3171
2024-12-25 18:00:00,1167.0,1354.3247
2024-12-25 19:00:00,747.0,1140.5409
2024-12-25 20:00:00,789.0,959.5191
2024-12-25 21:00:00,876.0,784.8887
2024-12-25 22:00:00,835.0,630.8683
2024-12-25 23:00:00,598.0,513.01227
2024-12-26 00:00:00,360.0,314.3261
2024-12-26 01:00:00,155.0,260.7846
2024-12-26 02:00:00,89.0,229.89581
2024-12-26 03:00:00,77.0,205.17627
2024-12-26 04:00:00,142.0,193.54291
2024-12-26 05:00:00,111.0,185.59589
2024-12-26 06:00:00,158.0,207.66486
2024-12-26 07:00:00,212.0,273.5017
2024-12-26 08:00:00,331.0,430.22687
2024-12-26 09:00:00,727.0,720.4363
2024-12-26 10:00:00,1311.0,984.8776
2024-12-26 11:00:00,1483.0,1218.4618
2024-12-26 12:00:00,1604.0,1404.365
2024-12-26 13:00:00,1642.0,1544.1417
2024-12-26 14:00:00,1799.0,1635.1526
2024-12-26 15:00:00,2096.0,1696.4224
2024-12-26 16:00:00,2518.0,1728.9941
2024-12-26 17:00:00,2544.0,1671.0908
2024-12-26 18:00:00,1851.0,1526.5055
2024-12-26 19:00:00,1254.0,1336.8451
2024-12-26 20:00:00,1110.0,1162.6932
2024-12-26 21:00:00,831.0,952.8556
2024-12-26 22:00:00,678.0,672.02026
2024-12-26 23:00:00,451.0,437.17523
2024-12-27 00:00:00,271.0,160.45117
2024-12-27 01:00:00,106.0,105.95154
2024-12-27 02:00:00,87.0,103.35974
2024-12-27 03:00:00,98.0,125.79724
2024-12-27 04:00:00,153.0,261.9897
2024-12-27 05:00:00,318.0,607.47296
2024-12-27 06:00:00,568.0,1052.5297
2024-12-27 07:00:00,801.0,1269.972
2024-12-27 08:00:00,899.0,1382.2676
2024-12-27 09:00:00,1185.0,1479.4073
2024-12-27 10:00:00,1424.0,1545.7666
2024-12-27 11:00:00,1600.0,1628.3346
2024-12-27 12:00:00,1684.0,1715.2649
2024-12-27 13:00:00,1835.0,1803.5244
2024-12-27 14:00:00,1937.0,1913.4254
2024-12-27 15:00:00,2127.0,2036.3401
2024-12-27 16:00:00,2515.0,2142.4575
2024-12-27 17:00:00,2493.0,2201.8013
2024-12-27 18:00:00,1694.0,1819.8379
2024-12-27 19:00:00,1057.0,1277.0872
2024-12-27 20:00:00,850.0,915.9928
2024-12-27 21:00:00,650.0,672.6593
2024-12-27 22:00:00,559.0,559.7667
2024-12-27 23:00:00,362.0,366.0302
2024-12-28 00:00:00,269.0,219.05695
2024-12-28 01:00:00,139.0,126.49225
2024-12-28 02:00:00,127.0,117.37634
2024-12-28 03:00:00,100.0,135.89929
2024-12-28 04:00:00,152.0,195.10468
2024-12-28 05:00:00,189.0,318.45123
2024-12-28 06:00:00,245.0,481.32208
2024-12-28 07:00:00,422.0,677.3635
2024-12-28 08:00:00,719.0,915.6493
2024-12-28 09:00:00,1051.0,1246.909
2024-12-28 10:00:00,1466.0,1610.7958
2024-12-28 11:00:00,1729.0,1890.9554
2024-12-28 12:00:00,1720.0,1979.9204
2024-12-28 13:00:00,1611.0,2011.1238
2024-12-28 14:00:00,2171.0,2053.5996
2024-12-28 15:00:00,2185.0,2106.6558
2024-12-28 16:00:00,2454.0,2147.9287
2024-12-28 17:00:00,2582.0,2019.5845
2024-12-28 18:00:00,1825.0,1661.3635
2024-12-28 19:00:00,1165.0,1226.321
2024-12-28 20:00:00,970.0,943.96136
2024-12-28 21:00:00,754.0,808.1588
2024-12-28 22:00:00,598.0,704.28284
2024-12-28 23:00:00,466.0,502.6156
2024-12-29 00:00:00,310.0,184.63013
2024-12-29 01:00:00,178.0,148.18079
2024-12-29 02:00:00,127.0,127.98724
2024-12-29 03:00:00,87.0,135.93292
2024-12-29 04:00:00,134.0,162.53607
2024-12-29 05:00:00,117.0,204.62439
2024-12-29 06:00:00,155.0,259.77277
2024-12-29 07:00:00,226.0,370.82764
2024-12-29 08:00:00,388.0,530.5311
2024-12-29 09:00:00,649.0,845.3552
2024-12-29 10:00:00,963.0,1204.2937
2024-12-29 11:00:00,1355.0,1583.6384
2024-12-29 12:00:00,1486.0,1859.6952
2024-12-29 13:00:00,1581.0,1977.0895
2024-12-29 14:00:00,1863.0,2101.1387
2024-12-29 15:00:00,2277.0,2217.9517
2024-12-29 16:00:00,2496.0,2298.5056
2024-12-29 17:00:00,2504.0,2154.6316
2024-12-29 18:00:00,2270.0,1795.0376
2024-12-29 19:00:00,1377.0,1374.1455
2024-12-29 20:00:00,1134.0,1090.6383
2024-12-29 21:00:00,792.0,840.54126
2024-12-29 22:00:00,485.0,548.65344
2024-12-29 23:00:00,280.0,306.19446
2024-12-30 00:00:00,213.0,111.40881
2024-12-30 01:00:00,92.0,84.63318
2024-12-30 02:00:00,70.0,89.60364
2024-12-30 03:00:00,82.0,112.14905
2024-12-30 04:00:00,163.0,264.30792
2024-12-30 05:00:00,342.0,729.04175
2024-12-30 06:00:00,630.0,1401.4194
2024-12-30 07:00:00,858.0,1619.7427
2024-12-30 08:00:00,876.0,1425.7408
2024-12-30 09:00:00,1121.0,1387.5826
2024-12-30 10:00:00,1443.0,1424.8259
2024-12-30 11:00:00,1600.0,1468.7106
2024-12-30 12:00:00,1687.0,1507.3221
2024-12-30 13:00:00,1849.0,1558.3954
2024-12-30 14:00:00,1918.0,1622.0841
2024-12-30 15:00:00,2311.0,1762.6643
2024-12-30 16:00:00,2587.0,1934.7781
2024-12-30 17:00:00,2708.0,2024.3315
2024-12-30 18:00:00,2193.0,1524.4879
2024-12-30 19:00:00,1403.0,1057.9694
2024-12-30 20:00:00,920.0,733.5109
2024-12-30 21:00:00,626.0,577.2267
2024-12-30 22:00:00,427.0,431.82574
2024-12-30 23:00:00,270.0,211.86938
2024-12-31 00:00:00,252.0,128.64258
2024-12-31 01:00:00,120.0,93.729004
2024-12-31 02:00:00,83.0,100.03284
2024-12-31 03:00:00,86.0,129.21277
2024-12-31 04:00:00,143.0,229.45154
2024-12-31 05:00:00,244.0,474.08002
2024-12-31 06:00:00,471.0,778.1885
2024-12-31 07:00:00,561.0,1073.9708
2024-12-31 08:00:00,634.0,1200.2242
2024-12-31 09:00:00,824.0,1286.6986
2024-12-31 10:00:00,1096.0,1342.2462
2024-12-31 11:00:00,1338.0,1378.031
2024-12-31 12:00:00,1496.0,1440.8007
2024-12-31 13:00:00,1565.0,1504.9196
2024-12-31 14:00:00,1643.0,1577.0022
2024-12-31 15:00:00,1798.0,1727.7139
2024-12-31 16:00:00,1919.0,1903.9124
2024-12-31 17:00:00,1812.0,1829.1748
2024-12-31 18:00:00,1325.0,1270.3932
2024-12-31 19:00:00,731.0,919.15735
2024-12-31 20:00:00,448.0,664.5132
2024-12-31 21:00:00,391.0,505.8463
2024-12-31 22:00:00,429.0,378.4289
2024-12-31 23:00:00,315.0,224.22418
2025-01-01 00:00:00,268.0,418.9853
2025-01-01 01:00:00,547.0,336.2359
2025-01-01 02:00:00,393.0,263.63922
2025-01-01 03:00:00,227.0,204.78827
2025-01-01 04:00:00,139.0,159.59851
2025-01-01 05:00:00,105.0,137.05005
2025-01-01 06:00:00,136.0,112.84216
2025-01-01 07:00:00,144.0,118.127686
2025-01-01 08:00:00,174.0,227.58582
2025-01-01 09:00:00,322.0,441.2375
2025-01-01 10:00:00,563.0,675.05273
2025-01-01 11:00:00,1004.0,929.36194
2025-01-01 12:00:00,1303.0,1127.8104
2025-01-01 13:00:00,1616.0,1266.959
2025-01-01 14:00:00,1703.0,1374.8619
2025-01-01 15:00:00,2076.0,1473.1534
2025-01-01 16:00:00,2326.0,1523.2208
2025-01-01 17:00:00,2266.0,1520.8827
2025-01-01 18:00:00,1690.0,1390.6158
2025-01-01 19:00:00,944.0,1167.3812
2025-01-01 20:00:00,811.0,986.1753
2025-01-01 21:00:00,592.0,797.8417
2025-01-01 22:00:00,360.0,648.197
2025-01-01 23:00:00,227.0,536.37933
2025-01-02 00:00:00,125.0,210.28796
2025-01-02 01:00:00,78.0,155.15747
2025-01-02 02:00:00,65.0,146.07751
2025-01-02 03:00:00,75.0,150.41821
2025-01-02 04:00:00,114.0,162.14148
2025-01-02 05:00:00,161.0,172.95428
2025-01-02 06:00:00,282.0,215.01721
2025-01-02 07:00:00,385.0,342.24945
2025-01-02 08:00:00,534.0,677.4335
2025-01-02 09:00:00,930.0,1059.9963
2025-01-02 10:00:00,1374.0,1479.8219
2025-01-02 11:00:00,1787.0,1758.6377
2025-01-02 12:00:00,2358.0,2058.3225
2025-01-02 13:00:00,2472.0,2257.609
2025-01-02 14:00:00,2546.0,2415.4604
2025-01-02 15:00:00,2545.0,2538.082
2025-01-02 16:00:00,2583.0,2596.0874
2025-01-02 17:00:00,2479.0,2524.0098
2025-01-02 18:00:00,2157.0,2270.876
2025-01-02 19:00:00,1679.0,1803.7563
2025-01-02 20:00:00,1105.0,1071.1313
2025-01-02 21:00:00,810.0,738.8645
2025-01-02 22:00:00,686.0,470.84485
2025-01-02 23:00:00,342.0,275.44568
2025-01-03 00:00:00,159.0,135.11255
2025-01-03 01:00:00,109.0,110.260376
2025-01-03 02:00:00,85.0,101.04944
2025-01-03 03:00:00,103.0,125.48889
2025-01-03 04:00:00,165.0,265.62518
2025-01-03 05:00:00,325.0,598.17847
2025-01-03 06:00:00,619.0,1014.3386
2025-01-03 07:00:00,834.0,1250.0386
2025-01-03 08:00:00,892.0,1378.7019
2025-01-03 09:00:00,1115.0,1482.1877
2025-01-03 10:00:00,1375.0,1556.4681
2025-01-03 11:00:00,1647.0,1644.4252
2025-01-03 12:00:00,1991.0,1723.2284
2025-01-03 13:00:00,2032.0,1808.4724
2025-01-03 14:00:00,2362.0,1914.0483
2025-01-03 15:00:00,2325.0,2036.0515
2025-01-03 16:00:00,2444.0,2146.538
2025-01-03 17:00:00,2438.0,2207.165
2025-01-03 18:00:00,2093.0,1832.8413
2025-01-03 19:00:00,1570.0,1286.3556
2025-01-03 20:00:00,1195.0,919.3734
2025-01-03 21:00:00,870.0,669.21625
2025-01-03 22:00:00,669.0,557.9485
2025-01-03 23:00:00,443.0,352.63367
2025-01-04 00:00:00,265.0,256.7425
2025-01-04 01:00:00,123.0,163.25806
2025-01-04 02:00:00,111.0,136.67041
2025-01-04 03:00:00,95.0,138.7887
2025-01-04 04:00:00,123.0,167.71594
2025-01-04 05:00:00,178.0,241.47864
2025-01-04 06:00:00,294.0,359.92053
2025-01-04 07:00:00,505.0,565.60913
2025-01-04 08:00:00,780.0,818.5287
2025-01-04 09:00:00,1104.0,1252.6232
2025-01-04 10:00:00,1725.0,1663.1077
2025-01-04 11:00:00,2294.0,1938.1287
2025-01-04 12:00:00,2421.0,2065.401
2025-01-04 13:00:00,2370.0,2162.793
2025-01-04 14:00:00,2656.0,2245.63
2025-01-04 15:00:00,2750.0,2323.2349
2025-01-04 16:00:00,2648.0,2365.5947
2025-01-04 17:00:00,2748.0,2272.5146
2025-01-04 18:00:00,2426.0,1965.3381
2025-01-04 19:00:00,2035.0,1524.6819
2025-01-04 20:00:00,1628.0,1140.8649
2025-01-04 21:00:00,1119.0,874.4408
2025-01-04 22:00:00,745.0,729.0067
2025-01-04 23:00:00,529.0,434.125
2025-01-05 00:00:00,296.0,249.17493
2025-01-05 01:00:00,176.0,205.95996
2025-01-05 02:00:00,102.0,176.9668
2025-01-05 03:00:00,87.0,164.52466
2025-01-05 04:00:00,135.0,142.99878
2025-01-05 05:00:00,100.0,147.66235
2025-01-05 06:00:00,162.0,198.67407
2025-01-05 07:00:00,242.0,330.6538
2025-01-05 08:00:00,417.0,559.8951
2025-01-05 09:00:00,825.0,861.1035
2025-01-05 10:00:00,1265.0,1238.7522
2025-01-05 11:00:00,1916.0,1621.1833
2025-01-05 12:00:00,2174.0,1970.3792
2025-01-05 13:00:00,2408.0,2247.936
2025-01-05 14:00:00,2379.0,2449.8125
2025-01-05 15:00:00,2110.0,2594.278
2025-01-05 16:00:00,2223.0,2670.981
2025-01-05 17:00:00,2475.0,2646.6492
2025-01-05 18:00:00,1673.0,2504.548
2025-01-05 19:00:00,1238.0,2226.2751
2025-01-05 20:00:00,1044.0,1818.1968
2025-01-05 21:00:00,752.0,1225.8995
2025-01-05 22:00:00,435.0,590.15784
2025-01-05 23:00:00,223.0,318.90393
2025-01-06 00:00:00,97.0,162.31012
2025-01-06 01:00:00,65.0,117.140625
2025-01-06 02:00:00,61.0,112.16492
2025-01-06 03:00:00,85.0,152.32605
2025-01-06 04:00:00,177.0,457.30048
2025-01-06 05:00:00,854.0,944.96094
2025-01-06 06:00:00,2086.0,1826.0586
2025-01-06 07:00:00,2308.0,2317.9812
2025-01-06 08:00:00,1533.0,1902.3171
2025-01-06 09:00:00,1280.0,1504.6992
2025-01-06 10:00:00,1317.0,1463.2952
2025-01-06 11:00:00,1354.0,1486.0396
2025-01-06 12:00:00,1480.0,1519.7268
2025-01-06 13:00:00,1643.0,1539.0356
2025-01-06 14:00:00,1521.0,1581.9302
2025-01-06 15:00:00,1483.0,1731.5339
2025-01-06 16:00:00,1473.0,1942.0916
2025-01-06 17:00:00,1541.0,1899.6858
2025-01-06 18:00:00,1120.0,1482.3535
2025-01-06 19:00:00,718.0,1116.4384
2025-01-06 20:00:00,536.0,835.24976
2025-01-06 21:00:00,407.0,608.8375
2025-01-06 22:00:00,296.0,470.84528
2025-01-06 23:00:00,143.0,363.23016
2025-01-07 00:00:00,82.0,71.06543
2025-01-07 01:00:00,41.0,56.33191
2025-01-07 02:00:00,53.0,49.58142
2025-01-07 03:00:00,69.0,70.01355
2025-01-07 04:00:00,187.0,209.27283
2025-01-07 05:00:00,803.0,915.2419
2025-01-07 06:00:00,2068.0,2586.6152
2025-01-07 07:00:00,2491.0,2811.4465
2025-01-07 08:00:00,1854.0,2174.9043
2025-01-07 09:00:00,1213.0,1471.685
2025-01-07 10:00:00,1231.0,1438.8838
2025-01-07 11:00:00,1240.0,1452.0529
2025-01-07 12:00:00,1291.0,1474.2482
2025-01-07 13:00:00,1286.0,1502.882
2025-01-07 14:00:00,1290.0,1539.8198
2025-01-07 15:00:00,1346.0,1642.0917
2025-01-07 16:00:00,1656.0,1810.5856
2025-01-07 17:00:00,1951.0,2089.359
2025-01-07 18:00:00,1429.0,1617.8721
2025-01-07 19:00:00,869.0,984.25934
2025-01-07 20:00:00,480.0,648.2627
2025-01-07 21:00:00,443.0,505.68
2025-01-07 22:00:00,311.0,372.88428
2025-01-07 23:00:00,229.0,167.23383
2025-01-08 00:00:00,98.0,77.809814
2025-01-08 01:00:00,52.0,50.348633
2025-01-08 02:00:00,46.0,47.671753
2025-01-08 03:00:00,53.0,70.279785
2025-01-08 04:00:00,155.0,230.39514
2025-01-08 05:00:00,787.0,965.5277
2025-01-08 06:00:00,2028.0,2541.9731
2025-01-08 07:00:00,2434.0,2789.323
2025-01-08 08:00:00,1772.0,2168.3362
2025-01-08 09:00:00,1278.0,1487.119
2025-01-08 10:00:00,1191.0,1436.7437
2025-01-08 11:00:00,1302.0,1463.0906
2025-01-08 12:00:00,1390.0,1492.8951
2025-01-08 13:00:00,1437.0,1530.8336
2025-01-08 14:00:00,1259.0,1571.8771
2025-01-08 15:00:00,1061.0,1668.7815
2025-01-08 16:00:00,1583.0,1867.4055
2025-01-08 17:00:00,1875.0,2131.9014
2025-01-08 18:00:00,1535.0,1663.925
2025-01-08 19:00:00,925.0,1073.1064
2025-01-08 20:00:00,578.0,685.72723
2025-01-08 21:00:00,459.0,533.3254
2025-01-08 22:00:00,325.0,430.27356
2025-01-08 23:00:00,181.0,217.53613
2025-01-09 00:00:00,120.0,77.109375
2025-01-09 01:00:00,68.0,57.614136
2025-01-09 02:00:00,60.0,57.147583
2025-01-09 03:00:00,87.0,82.87219
2025-01-09 04:00:00,204.0,279.76495
2025-01-09 05:00:00,884.0,920.91956
2025-01-09 06:00:00,2282.0,2486.2854
2025-01-09 07:00:00,2575.0,2756.9941
2025-01-09 08:00:00,1945.0,2191.2158
2025-01-09 09:00:00,1489.0,1524.14
2025-01-09 10:00:00,1430.0,1455.415
2025-01-09 11:00:00,1483.0,1481.9998
2025-01-09 12:00:00,1507.0,1533.6796
2025-01-09 13:00:00,1601.0,1577.8577
2025-01-09 14:00:00,1651.0,1626.2903
2025-01-09 15:00:00,1764.0,1726.487
2025-01-09 16:00:00,1981.0,2000.2872
2025-01-09 17:00:00,2150.0,2183.338
2025-01-09 18:00:00,1729.0,1675.1937
2025-01-09 19:00:00,1116.0,1131.1871
2025-01-09 20:00:00,745.0,728.9723
2025-01-09 21:00:00,599.0,573.3284
2025-01-09 22:00:00,467.0,474.5033
2025-01-09 23:00:00,285.0,222.48059
2025-01-10 00:00:00,90.0,109.35913
2025-01-10 01:00:00,62.0,56.719116
2025-01-10 02:00:00,52.0,60.858276
2025-01-10 03:00:00,61.0,81.70398
2025-01-10 04:00:00,185.0,229.62305
2025-01-10 05:00:00,645.0,830.85876
2025-01-10 06:00:00,1828.0,2283.884
2025-01-10 07:00:00,2132.0,2619.5518
2025-01-10 08:00:00,1784.0,2029.3625
2025-01-10 09:00:00,1383.0,1515.0588
2025-01-10 10:00:00,1257.0,1478.3262
2025-01-10 11:00:00,1456.0,1538.3408
2025-01-10 12:00:00,1444.0,1608.9354
2025-01-10 13:00:00,1539.0,1676.5704
2025-01-10 14:00:00,1677.0,1784.382
2025-01-10 15:00:00,2021.0,1935.5541
2025-01-10 16:00:00,2312.0,2114.7332
2025-01-10 17:00:00,2473.0,2207.7888
2025-01-10 18:00:00,1952.0,1796.1576
2025-01-10 19:00:00,1218.0,1236.3263
2025-01-10 20:00:00,799.0,849.30225
2025-01-10 21:00:00,607.0,642.7252
2025-01-10 22:00:00,505.0,554.0919
2025-01-10 23:00:00,389.0,358.16467
2025-01-11 00:00:00,257.0,230.56927
2025-01-11 01:00:00,150.0,141.84442
2025-01-11 02:00:00,107.0,108.47424
2025-01-11 03:00:00,119.0,109.74609
2025-01-11 04:00:00,150.0,142.43
2025-01-11 05:00:00,213.0,243.73749
2025-01-11 06:00:00,376.0,468.54712
2025-01-11 07:00:00,763.0,761.0311
2025-01-11 08:00:00,1036.0,1099.9484
2025-01-11 09:00:00,1222.0,1435.19
2025-01-11 10:00:00,1431.0,1677.0974
2025-01-11 11:00:00,1682.0,1863.3416
2025-01-11 12:00:00,1674.0,1916.4823
2025-01-11 13:00:00,1724.0,1950.1338
2025-01-11 14:00:00,1996.0,1972.5471
2025-01-11 15:00:00,2361.0,2027.6195
2025-01-11 16:00:00,2788.0,2140.5532
2025-01-11 17:00:00,3026.0,2175.7778
2025-01-11 18:00:00,2724.0,1728.1677
2025-01-11 19:00:00,1355.0,1088.375
2025-01-11 20:00:00,852.0,820.4076
2025-01-11 21:00:00,810.0,756.5647
2025-01-11 22:00:00,843.0,713.5631
2025-01-11 23:00:00,626.0,482.0736
2025-01-12 00:00:00,408.0,247.39148
2025-01-12 01:00:00,217.0,200.62628
2025-01-12 02:00:00,148.0,165.6399
2025-01-12 03:00:00,88.0,147.56476
2025-01-12 04:00:00,107.0,135.81427
2025-01-12 05:00:00,97.0,143.70007
2025-01-12 06:00:00,165.0,195.57062
2025-01-12 07:00:00,239.0,252.35553
2025-01-12 08:00:00,459.0,436.35834
2025-01-12 09:00:00,764.0,837.9292
2025-01-12 10:00:00,1100.0,1202.432
2025-01-12 11:00:00,1476.0,1498.2689
2025-01-12 12:00:00,1806.0,1683.0198
2025-01-12 13:00:00,2067.0,1869.9482
2025-01-12 14:00:00,2526.0,2120.029
2025-01-12 15:00:00,2852.0,2380.4233
2025-01-12 16:00:00,3092.0,2602.108
2025-01-12 17:00:00,2823.0,2617.2988
2025-01-12 18:00:00,2590.0,2351.644
2025-01-12 19:00:00,2494.0,1898.5524
2025-01-12 20:00:00,2268.0,1535.3556
2025-01-12 21:00:00,1616.0,986.6936
2025-01-12 22:00:00,530.0,453.03192
2025-01-12 23:00:00,251.0,286.10382
2025-01-13 00:00:00,124.0,77.69873
2025-01-13 01:00:00,88.0,49.92395
2025-01-13 02:00:00,61.0,51.17041
2025-01-13 03:00:00,88.0,74.10693
2025-01-13 04:00:00,236.0,197.5733
2025-01-13 05:00:00,939.0,999.5897
2025-01-13 06:00:00,2449.0,2599.7065
2025-01-13 07:00:00,2846.0,2816.064
2025-01-13 08:00:00,2152.0,2236.8123
2025-01-13 09:00:00,1494.0,1464.0105
2025-01-13 10:00:00,1410.0,1427.1781
2025-01-13 11:00:00,1438.0,1441.6912
2025-01-13 12:00:00,1477.0,1456.7808
2025-01-13 13:00:00,1528.0,1479.6198
2025-01-13 14:00:00,1510.0,1516.6058
2025-01-13 15:00:00,1503.0,1604.3682
2025-01-13 16:00:00,1722.0,1826.8994
2025-01-13 17:00:00,2071.0,2061.4019
2025-01-13 18:00:00,1562.0,1592.5444
2025-01-13 19:00:00,980.0,951.75055
2025-01-13 20:00:00,615.0,624.27985
2025-01-13 21:00:00,483.0,470.21954
2025-01-13 22:00:00,370.0,309.03107
2025-01-13 23:00:00,200.0,138.66132
2025-01-14 00:00:00,111.0,74.24414
2025-01-14 01:00:00,86.0,46.101562
2025-01-14 02:00:00,55.0,42.29248
2025-01-14 03:00:00,78.0,65.33362
2025-01-14 04:00:00,200.0,178.67645
2025-01-14 05:00:00,893.0,950.1447
2025-01-14 06:00:00,2471.0,2590.2747
2025-01-14 07:00:00,2835.0,2816.7632
2025-01-14 08:00:00,2104.0,2233.6248
2025-01-14 09:00:00,1482.0,1487.4641
2025-01-14 10:00:00,1358.0,1429.4883
2025-01-14 11:00:00,1349.0,1443.6721
2025-01-14 12:00:00,1239.0,1467.9694
2025-01-14 13:00:00,1329.0,1495.648
2025-01-14 14:00:00,1604.0,1527.3857
2025-01-14 15:00:00,1597.0,1624.3041
2025-01-14 16:00:00,1950.0,1821.8792
2025-01-14 17:00:00,2187.0,2076.802
2025-01-14 18:00:00,1672.0,1609.6058
2025-01-14 19:00:00,1002.0,947.53894
2025-01-14 20:00:00,623.0,625.78925
2025-01-14 21:00:00,539.0,490.46643
2025-01-14 22:00:00,420.0,355.29132
2025-01-14 23:00:00,241.0,150.22546
2025-01-15 00:00:00,144.0,70.31128
2025-01-15 01:00:00,74.0,43.102783
2025-01-15 02:00:00,54.0,42.636353
2025-01-15 03:00:00,77.0,64.732666
2025-01-15 04:00:00,192.0,191.58069
2025-01-15 05:00:00,817.0,946.94934
2025-01-15 06:00:00,2244.0,2540.4268
2025-01-15 07:00:00,2588.0,2801.6648
2025-01-15 08:00:00,2028.0,2208.2068
2025-01-15 09:00:00,1421.0,1494.196
2025-01-15 10:00:00,1321.0,1443.9271
2025-01-15 11:00:00,1412.0,1468.1002
2025-01-15 12:00:00,1434.0,1494.3231
2025-01-15 13:00:00,1493.0,1520.7285
2025-01-15 14:00:00,1453.0,1561.6841
2025-01-15 15:00:00,1596.0,1660.7461
2025-01-15 16:00:00,1756.0,1852.7151
2025-01-15 17:00:00,2106.0,2122.4475
2025-01-15 18:00:00,1477.0,1652.8723
2025-01-15 19:00:00,892.0,1047.5535
2025-01-15 20:00:00,638.0,664.25977
2025-01-15 21:00:00,521.0,525.3002
2025-01-15 22:00:00,450.0,411.64624
2025-01-15 23:00:00,294.0,182.51422
2025-01-16 00:00:00,144.0,79.72217
2025-01-16 01:00:00,78.0,46.677856
2025-01-16 02:00:00,66.0,51.21045
2025-01-16 03:00:00,97.0,73.40051
2025-01-16 04:00:00,217.0,239.57025
2025-01-16 05:00:00,854.0,929.1157
2025-01-16 06:00:00,2356.0,2495.9097
2025-01-16 07:00:00,2782.0,2757.815
2025-01-16 08:00:00,2067.0,2188.795
2025-01-16 09:00:00,1559.0,1511.5021
2025-01-16 10:00:00,1399.0,1452.0842
2025-01-16 11:00:00,1384.0,1479.1973
2025-01-16 12:00:00,1444.0,1519.6371
2025-01-16 13:00:00,1504.0,1562.7953
2025-01-16 14:00:00,1555.0,1602.7432
2025-01-16 15:00:00,1630.0,1757.8046
2025-01-16 16:00:00,1810.0,1971.8743
2025-01-16 17:00:00,2110.0,2176.4731
2025-01-16 18:00:00,1588.0,1701.8213
2025-01-16 19:00:00,1008.0,1120.2289
2025-01-16 20:00:00,670.0,721.28284
2025-01-16 21:00:00,518.0,573.6104
2025-01-16 22:00:00,404.0,475.13013
2025-01-16 23:00:00,234.0,218.23676
2025-01-17 00:00:00,136.0,107.61194
2025-01-17 01:00:00,87.0,57.1875
2025-01-17 02:00:00,75.0,61.724976
2025-01-17 03:00:00,97.0,82.71118
2025-01-17 04:00:00,168.0,234.55286
2025-01-17 05:00:00,782.0,839.3015
2025-01-17 06:00:00,1889.0,2291.1147
2025-01-17 07:00:00,2115.0,2615.329
2025-01-17 08:00:00,1889.0,2015.1505
2025-01-17 09:00:00,1019.0,1512.0619
2025-01-17 10:00:00,1472.0,1477.1414
2025-01-17 11:00:00,1538.0,1539.1034
2025-01-17 12:00:00,1607.0,1610.5422
2025-01-17 13:00:00,1722.0,1678.2693
2025-01-17 14:00:00,1745.0,1785.5597
2025-01-17 15:00:00,1645.0,1935.0272
2025-01-17 16:00:00,2060.0,2114.1614
2025-01-17 17:00:00,2252.0,2207.833
2025-01-17 18:00:00,1735.0,1797.2634
2025-01-17 19:00:00,1209.0,1237.971
2025-01-17 20:00:00,840.0,852.02527
2025-01-17 21:00:00,606.0,644.993
2025-01-17 22:00:00,543.0,556.83795
2025-01-17 23:00:00,417.0,358.5976
2025-01-18 00:00:00,265.0,230.98969
2025-01-18 01:00:00,148.0,142.0669
2025-01-18 02:00:00,117.0,108.63318
2025-01-18 03:00:00,104.0,110.18494
2025-01-18 04:00:00,143.0,143.24982
2025-01-18 05:00:00,200.0,245.01971
2025-01-18 06:00:00,388.0,471.45312
2025-01-18 07:00:00,822.0,763.23987
2025-01-18 08:00:00,1133.0,1100.8331
2025-01-18 09:00:00,1394.0,1435.5137
2025-01-18 10:00:00,1675.0,1680.0405
2025-01-18 11:00:00,1824.0,1876.6909
2025-01-18 12:00:00,1935.0,1937.2684
2025-01-18 13:00:00,1936.0,1963.1074
2025-01-18 14:00:00,2069.0,1974.1755
2025-01-18 15:00:00,2197.0,2023.1484
2025-01-18 16:00:00,2758.0,2124.3289
2025-01-18 17:00:00,2941.0,2155.8079
2025-01-18 18:00:00,2494.0,1693.7893
2025-01-18 19:00:00,1099.0,1075.3309
2025-01-18 20:00:00,878.0,819.6053
2025-01-18 21:00:00,743.0,759.1759
2025-01-18 22:00:00,700.0,715.56384
2025-01-18 23:00:00,622.0,498.92505
2025-01-19 00:00:00,404.0,252.8363
2025-01-19 01:00:00,220.0,206.06836
2025-01-19 02:00:00,141.0,170.37708
2025-01-19 03:00:00,72.0,149.41327
2025-01-19 04:00:00,107.0,136.893
2025-01-19 05:00:00,105.0,144.52051
2025-01-19 06:00:00,151.0,196.54431
2025-01-19 07:00:00,254.0,259.12616
2025-01-19 08:00:00,450.0,443.52075
2025-01-19 09:00:00,734.0,855.5657
2025-01-19 10:00:00,1149.0,1191.7463
2025-01-19 11:00:00,1599.0,1505.3197
2025-01-19 12:00:00,1901.0,1735.7869
2025-01-19 13:00:00,2331.0,1942.4646
2025-01-19 14:00:00,2774.0,2152.2534
2025-01-19 15:00:00,2787.0,2387.1396
2025-01-19 16:00:00,2820.0,2608.2
2025-01-19 17:00:00,2777.0,2629.0022
2025-01-19 18:00:00,2641.0,2383.7334
2025-01-19 19:00:00,2432.0,1938.1646
2025-01-19 20:00:00,1951.0,1595.7771
2025-01-19 21:00:00,1359.0,1043.3116
2025-01-19 22:00:00,541.0,472.28998
2025-01-19 23:00:00,214.0,289.4171
2025-01-20 00:00:00,97.0,80.48584
2025-01-20 01:00:00,61.0,52.015503
2025-01-20 02:00:00,59.0,53.13745
2025-01-20 03:00:00,74.0,75.91443
2025-01-20 04:00:00,188.0,216.43457
2025-01-20 05:00:00,998.0,1005.9911
2025-01-20 06:00:00,2436.0,2607.9875
2025-01-20 07:00:00,2744.0,2814.825
2025-01-20 08:00:00,2088.0,2241.4482
2025-01-20 09:00:00,1492.0,1497.4185
2025-01-20 10:00:00,1398.0,1423.0419
2025-01-20 11:00:00,1486.0,1437.2157
2025-01-20 12:00:00,1484.0,1457.337
2025-01-20 13:00:00,1577.0,1484.4839
2025-01-20 14:00:00,1585.0,1519.4401
2025-01-20 15:00:00,1600.0,1620.8433
2025-01-20 16:00:00,1957.0,1839.8987
2025-01-20 17:00:00,2040.0,2064.9854
2025-01-20 18:00:00,1639.0,1602.9421
2025-01-20 19:00:00,985.0,972.59595
2025-01-20 20:00:00,593.0,638.1957
2025-01-20 21:00:00,495.0,486.05548
2025-01-20 22:00:00,317.0,342.6598
2025-01-20 23:00:00,140.0,151.70398
2025-01-21 00:00:00,79.0,80.4187
2025-01-21 01:00:00,44.0,51.904907
2025-01-21 02:00:00,61.0,45.42383
2025-01-21 03:00:00,69.0,68.16528
2025-01-21 04:00:00,192.0,194.74725
2025-01-21 05:00:00,892.0,958.87286
2025-01-21 06:00:00,2386.0,2599.5835
2025-01-21 07:00:00,3018.0,2815.6152
2025-01-21 08:00:00,2194.0,2215.1924
2025-01-21 09:00:00,1428.0,1484.6976
2025-01-21 10:00:00,1397.0,1431.5046
2025-01-21 11:00:00,1402.0,1445.8289
2025-01-21 12:00:00,1388.0,1471.6884
2025-01-21 13:00:00,1460.0,1503.7985
2025-01-21 14:00:00,1487.0,1536.4492
2025-01-21 15:00:00,1626.0,1631.6984
2025-01-21 16:00:00,1808.0,1833.8354
2025-01-21 17:00:00,2044.0,2081.8198
2025-01-21 18:00:00,1701.0,1624.3632
2025-01-21 19:00:00,914.0,969.7606
2025-01-21 20:00:00,560.0,640.50085
2025-01-21 21:00:00,468.0,500.73163
2025-01-21 22:00:00,319.0,369.91296
2025-01-21 23:00:00,162.0,163.17902
2025-01-22 00:00:00,81.0,76.08618
2025-01-22 01:00:00,42.0,47.248657
2025-01-22 02:00:00,62.0,44.90735
2025-01-22 03:00:00,63.0,65.84277
2025-01-22 04:00:00,188.0,201.55005
2025-01-22 05:00:00,879.0,955.0551
2025-01-22 06:00:00,2362.0,2546.6084
2025-01-22 07:00:00,2832.0,2801.8064
2025-01-22 08:00:00,2021.0,2195.6023
2025-01-22 09:00:00,1373.0,1493.3157
2025-01-22 10:00:00,1388.0,1445.1593
2025-01-22 11:00:00,1437.0,1469.4456
2025-01-22 12:00:00,1475.0,1499.96
2025-01-22 13:00:00,1582.0,1533.0176
2025-01-22 14:00:00,1624.0,1566.6421
2025-01-22 15:00:00,1672.0,1656.8008
2025-01-22 16:00:00,1864.0,1855.4147
2025-01-22 17:00:00,2093.0,2124.2927
2025-01-22 18:00:00,1616.0,1657.8086
2025-01-22 19:00:00,888.0,1054.4025
2025-01-22 20:00:00,627.0,670.6604
2025-01-22 21:00:00,482.0,528.5854
2025-01-22 22:00:00,426.0,415.47705
2025-01-22 23:00:00,234.0,185.19598
2025-01-23 00:00:00,110.0,83.02173
2025-01-23 01:00:00,64.0,48.299072
2025-01-23 02:00:00,63.0,52.84497
2025-01-23 03:00:00,78.0,75.41638
2025-01-23 04:00:00,194.0,252.19727
2025-01-23 05:00:00,862.0,939.6406
2025-01-23 06:00:00,2382.0,2502.5586
2025-01-23 07:00:00,2858.0,2722.0474
2025-01-23 08:00:00,2146.0,2058.8518
2025-01-23 09:00:00,1602.0,1501.2388
2025-01-23 10:00:00,1305.0,1457.6996
2025-01-23 11:00:00,1482.0,1490.5286
2025-01-23 12:00:00,1546.0,1533.844
2025-01-23 13:00:00,1642.0,1577.3584
2025-01-23 14:00:00,1561.0,1626.6906
2025-01-23 15:00:00,1601.0,1761.7153
2025-01-23 16:00:00,1822.0,1985.7104
2025-01-23 17:00:00,2034.0,2182.0496
2025-01-23 18:00:00,1614.0,1715.2218
2025-01-23 19:00:00,992.0,1136.0159
2025-01-23 20:00:00,644.0,738.3247
2025-01-23 21:00:00,594.0,578.07605
2025-01-23 22:00:00,448.0,480.88202
2025-01-23 23:00:00,240.0,235.3498
2025-01-24 00:00:00,118.0,114.8114
2025-01-24 01:00:00,81.0,58.99048
2025-01-24 02:00:00,60.0,63.3114
2025-01-24 03:00:00,69.0,84.25403
2025-01-24 04:00:00,192.0,248.63794
2025-01-24 05:00:00,753.0,856.8203
2025-01-24 06:00:00,1996.0,2298.9126
2025-01-24 07:00:00,2330.0,2620.3894
2025-01-24 08:00:00,1871.0,2004.5435
2025-01-24 09:00:00,1522.0,1515.78
2025-01-24 10:00:00,1368.0,1483.9287
2025-01-24 11:00:00,1524.0,1539.0432
2025-01-24 12:00:00,1628.0,1608.089
2025-01-24 13:00:00,1670.0,1667.6119
2025-01-24 14:00:00,1838.0,1788.7944
2025-01-24 15:00:00,2106.0,1944.617
2025-01-24 16:00:00,2126.0,2121.8188
2025-01-24 17:00:00,2051.0,2221.3967
2025-01-24 18:00:00,1724.0,1826.3417
2025-01-24 19:00:00,1211.0,1261.5642
2025-01-24 20:00:00,800.0,885.73413
2025-01-24 21:00:00,613.0,658.5591
2025-01-24 22:00:00,514.0,564.4063
2025-01-24 23:00:00,444.0,415.24506
2025-01-25 00:00:00,287.0,243.0263
2025-01-25 01:00:00,161.0,138.71655
2025-01-25 02:00:00,126.0,105.29443
2025-01-25 03:00:00,98.0,108.30713
2025-01-25 04:00:00,148.0,135.41351
2025-01-25 05:00:00,222.0,239.69647
2025-01-25 06:00:00,381.0,479.23932
2025-01-25 07:00:00,728.0,747.66833
2025-01-25 08:00:00,1122.0,1100.8901
2025-01-25 09:00:00,1441.0,1472.8154
2025-01-25 10:00:00,1799.0,1722.6819
2025-01-25 11:00:00,1898.0,1859.2263
2025-01-25 12:00:00,2034.0,1914.3206
2025-01-25 13:00:00,2010.0,1984.8411
2025-01-25 14:00:00,2049.0,2033.9277
2025-01-25 15:00:00,2220.0,2146.2432
2025-01-25 16:00:00,2697.0,2248.2617
2025-01-25 17:00:00,2657.0,2294.1143
2025-01-25 18:00:00,2143.0,1874.1123
2025-01-25 19:00:00,1247.0,1247.889
2025-01-25 20:00:00,1001.0,880.36847
2025-01-25 21:00:00,822.0,769.5077
2025-01-25 22:00:00,819.0,717.29236
2025-01-25 23:00:00,801.0,541.56915
2025-01-26 00:00:00,418.0,258.88666
2025-01-26 01:00:00,255.0,224.2268
2025-01-26 02:00:00,160.0,176.06573
2025-01-26 03:00:00,107.0,159.82037
2025-01-26 04:00:00,144.0,142.09546
2025-01-26 05:00:00,108.0,142.86194
2025-01-26 06:00:00,138.0,204.14294
2025-01-26 07:00:00,255.0,269.38092
2025-01-26 08:00:00,482.0,496.50958
2025-01-26 09:00:00,845.0,969.7041
2025-01-26 10:00:00,1237.0,1290.5065
2025-01-26 11:00:00,1679.0,1528.7217
2025-01-26 12:00:00,1947.0,1718.5869
2025-01-26 13:00:00,2320.0,1933.627
2025-01-26 14:00:00,2743.0,2178.3354
2025-01-26 15:00:00,2795.0,2454.0117
2025-01-26 16:00:00,2991.0,2656.04
2025-01-26 17:00:00,2775.0,2677.707
2025-01-26 18:00:00,2712.0,2467.9712
2025-01-26 19:00:00,2469.0,2041.4127
2025-01-26 20:00:00,2220.0,1627.0817
2025-01-26 21:00:00,1827.0,1121.2377
2025-01-26 22:00:00,600.0,561.3683
2025-01-26 23:00:00,241.0,303.57935
2025-01-27 00:00:00,109.0,80.21619
2025-01-27 01:00:00,61.0,55.086914
2025-01-27 02:00:00,54.0,56.410156
2025-01-27 03:00:00,77.0,79.82617
2025-01-27 04:00:00,227.0,290.02148
2025-01-27 05:00:00,961.0,1047.3339
2025-01-27 06:00:00,2400.0,2528.4355
2025-01-27 07:00:00,2822.0,2763.9536
2025-01-27 08:00:00,2051.0,2138.569
2025-01-27 09:00:00,1523.0,1467.5127
2025-01-27 10:00:00,1345.0,1432.8754
2025-01-27 11:00:00,1356.0,1447.9867
2025-01-27 12:00:00,1451.0,1465.5854
2025-01-27 13:00:00,1549.0,1508.4702
2025-01-27 14:00:00,1461.0,1549.5173
2025-01-27 15:00:00,1694.0,1653.672
2025-01-27 16:00:00,2071.0,1827.9973
2025-01-27 17:00:00,2254.0,2024.008
2025-01-27 18:00:00,1828.0,1588.9141
2025-01-27 19:00:00,1089.0,1036.1863
2025-01-27 20:00:00,763.0,752.8783
2025-01-27 21:00:00,531.0,510.66357
2025-01-27 22:00:00,338.0,383.03174
2025-01-27 23:00:00,149.0,143.68872
2025-01-28 00:00:00,86.0,72.30664
2025-01-28 01:00:00,62.0,47.668823
2025-01-28 02:00:00,27.0,46.263184
2025-01-28 03:00:00,71.0,74.722534
2025-01-28 04:00:00,180.0,291.0713
2025-01-28 05:00:00,880.0,1039.9567
2025-01-28 06:00:00,2413.0,2490.2363
2025-01-28 07:00:00,2844.0,2755.4612
2025-01-28 08:00:00,2193.0,2146.137
2025-01-28 09:00:00,1412.0,1472.8245
2025-01-28 10:00:00,1346.0,1432.762
2025-01-28 11:00:00,1313.0,1455.6143
2025-01-28 12:00:00,1447.0,1481.8899
2025-01-28 13:00:00,1491.0,1515.496
2025-01-28 14:00:00,1482.0,1557.6833
2025-01-28 15:00:00,1614.0,1663.262
2025-01-28 16:00:00,1991.0,1839.9285
2025-01-28 17:00:00,2166.0,2069.5105
2025-01-28 18:00:00,1763.0,1628.9987
2025-01-28 19:00:00,1036.0,1039.6923
2025-01-28 20:00:00,604.0,668.9917
2025-01-28 21:00:00,503.0,522.4269
2025-01-28 22:00:00,446.0,394.56927
2025-01-28 23:00:00,168.0,159.16278
2025-01-29 00:00:00,87.0,75.3833
2025-01-29 01:00:00,56.0,51.036865
2025-01-29 02:00:00,42.0,53.482544
2025-01-29 03:00:00,64.0,75.55237
2025-01-29 04:00:00,160.0,288.10583
2025-01-29 05:00:00,840.0,959.57556
2025-01-29 06:00:00,2337.0,2503.538
2025-01-29 07:00:00,2742.0,2764.2637
2025-01-29 08:00:00,1901.0,2159.9756
2025-01-29 09:00:00,1481.0,1488.0747
2025-01-29 10:00:00,1394.0,1443.0571
2025-01-29 11:00:00,1521.0,1463.8872
2025-01-29 12:00:00,1480.0,1490.3877
2025-01-29 13:00:00,1643.0,1528.2402
2025-01-29 14:00:00,1515.0,1565.9911
2025-01-29 15:00:00,1749.0,1680.9512
2025-01-29 16:00:00,2054.0,1875.5321
2025-01-29 17:00:00,2250.0,2086.1018
2025-01-29 18:00:00,1753.0,1616.0145
2025-01-29 19:00:00,1000.0,1088.9454
2025-01-29 20:00:00,625.0,684.2515
2025-01-29 21:00:00,536.0,552.1452
2025-01-29 22:00:00,451.0,428.18213
2025-01-29 23:00:00,196.0,183.5744
2025-01-30 00:00:00,98.0,73.26343
2025-01-30 01:00:00,85.0,54.42151
2025-01-30 02:00:00,49.0,60.00757
2025-01-30 03:00:00,72.0,81.643555
2025-01-30 04:00:00,182.0,234.36731
2025-01-30 05:00:00,837.0,866.6604
2025-01-30 06:00:00,2312.0,2343.5935
2025-01-30 07:00:00,2848.0,2693.6533
2025-01-30 08:00:00,2015.0,2159.3203
2025-01-30 09:00:00,1439.0,1526.7565
2025-01-30 10:00:00,1334.0,1438.4509
2025-01-30 11:00:00,1478.0,1474.133
2025-01-30 12:00:00,1442.0,1521.1698
2025-01-30 13:00:00,1593.0,1574.8259
2025-01-30 14:00:00,1536.0,1637.2297
2025-01-30 15:00:00,1655.0,1776.8248
2025-01-30 16:00:00,1838.0,1985.8
2025-01-30 17:00:00,2069.0,2102.7568
2025-01-30 18:00:00,1615.0,1619.905
2025-01-30 19:00:00,908.0,1113.5123
2025-01-30 20:00:00,594.0,747.9568
2025-01-30 21:00:00,516.0,593.04987
2025-01-30 22:00:00,398.0,495.95697
2025-01-30 23:00:00,242.0,245.14111
2025-01-31 00:00:00,101.0,118.30908
2025-01-31 01:00:00,58.0,67.693115
2025-01-31 02:00:00,59.0,71.70117
2025-01-31 03:00:00,66.0,90.989624
2025-01-31 04:00:00,182.0,256.24
2025-01-31 05:00:00,753.0,826.631
2025-01-31 06:00:00,2015.0,2141.4902
2025-01-31 07:00:00,2317.0,2508.2476
2025-01-31 08:00:00,1783.0,1950.376
2025-01-31 09:00:00,1347.0,1479.5974
2025-01-31 10:00:00,1442.0,1442.083
2025-01-31 11:00:00,1534.0,1501.6057
2025-01-31 12:00:00,1540.0,1606.204
2025-01-31 13:00:00,1682.0,1681.4844
2025-01-31 14:00:00,1810.0,1788.7513
2025-01-31 15:00:00,1900.0,1915.1108
2025-01-31 16:00:00,2091.0,2078.321
2025-01-31 17:00:00,2194.0,2130.1597
2025-01-31 18:00:00,1797.0,1728.2579
2025-01-31 19:00:00,1265.0,1196.048
2025-01-31 20:00:00,870.0,846.53296
2025-01-31 21:00:00,629.0,647.3279
2025-01-31 22:00:00,542.0,560.92224
2025-01-31 23:00:00,403.0,355.6275
2025-02-01 00:00:00,302.0,195.22284
2025-02-01 01:00:00,173.0,121.18347
2025-02-01 02:00:00,121.0,97.06775
2025-02-01 03:00:00,114.0,105.621216
2025-02-01 04:00:00,177.0,139.04413
2025-02-01 05:00:00,248.0,215.87488
2025-02-01 06:00:00,499.0,400.3247
2025-02-01 07:00:00,844.0,679.20245
2025-02-01 08:00:00,1242.0,974.9655
2025-02-01 09:00:00,1553.0,1359.2942
2025-02-01 10:00:00,1812.0,1670.3938
2025-02-01 11:00:00,1962.0,1865.721
2025-02-01 12:00:00,2035.0,1917.1497
2025-02-01 13:00:00,2096.0,1940.2168
2025-02-01 14:00:00,2124.0,1963.0667
2025-02-01 15:00:00,2170.0,2018.8657
2025-02-01 16:00:00,2275.0,2100.7542
2025-02-01 17:00:00,2270.0,2020.9282
2025-02-01 18:00:00,1861.0,1519.9186
2025-02-01 19:00:00,1238.0,1022.4182
2025-02-01 20:00:00,956.0,821.44464
2025-02-01 21:00:00,851.0,752.937
2025-02-01 22:00:00,809.0,707.12317
2025-02-01 23:00:00,653.0,448.62042
2025-02-02 00:00:00,392.0,240.40723
2025-02-02 01:00:00,226.0,193.59167
2025-02-02 02:00:00,146.0,160.13629
2025-02-02 03:00:00,114.0,146.62738
2025-02-02 04:00:00,142.0,138.43713
2025-02-02 05:00:00,127.0,149.56982
2025-02-02 06:00:00,194.0,200.16425
2025-02-02 07:00:00,300.0,265.98578
2025-02-02 08:00:00,558.0,440.62347
2025-02-02 09:00:00,961.0,833.244
2025-02-02 10:00:00,1317.0,1201.8591
2025-02-02 11:00:00,1601.0,1543.0774
2025-02-02 12:00:00,1802.0,1774.5549
2025-02-02 13:00:00,1982.0,1969.2694
2025-02-02 14:00:00,2159.0,2155.879
2025-02-02 15:00:00,2334.0,2372.79
2025-02-02 16:00:00,2474.0,2548.0542
2025-02-02 17:00:00,2425.0,2509.1
2025-02-02 18:00:00,2126.0,2213.8547
2025-02-02 19:00:00,1726.0,1766.8728
2025-02-02 20:00:00,1401.0,1389.2402
2025-02-02 21:00:00,1032.0,926.4502
2025-02-02 22:00:00,579.0,504.211
2025-02-02 23:00:00,308.0,295.13287
2025-02-03 00:00:00,112.0,83.41516
2025-02-03 01:00:00,64.0,52.977417
2025-02-03 02:00:00,56.0,49.523438
2025-02-03 03:00:00,82.0,71.18628
2025-02-03 04:00:00,191.0,189.94775
2025-02-03 05:00:00,828.0,898.4362
2025-02-03 06:00:00,2138.0,2498.4663
2025-02-03 07:00:00,2413.0,2753.6204
2025-02-03 08:00:00,1822.0,2034.7379
2025-02-03 09:00:00,1395.0,1479.0897
2025-02-03 10:00:00,1340.0,1429.0405
2025-02-03 11:00:00,1389.0,1441.1833
2025-02-03 12:00:00,1412.0,1456.0569
2025-02-03 13:00:00,1484.0,1483.8943
2025-02-03 14:00:00,1567.0,1525.8494
2025-02-03 15:00:00,1708.0,1673.6022
2025-02-03 16:00:00,2085.0,1889.4501
2025-02-03 17:00:00,2427.0,2083.48
2025-02-03 18:00:00,1948.0,1615.2899
2025-02-03 19:00:00,1108.0,1063.1354
2025-02-03 20:00:00,681.0,680.09326
2025-02-03 21:00:00,532.0,500.93048
2025-02-03 22:00:00,326.0,370.9195
2025-02-03 23:00:00,162.0,166.42505
2025-02-04 00:00:00,80.0,79.54614
2025-02-04 01:00:00,56.0,50.161865
2025-02-04 02:00:00,50.0,44.5979
2025-02-04 03:00:00,74.0,67.44214
2025-02-04 04:00:00,185.0,172.42175
2025-02-04 05:00:00,934.0,842.6538
2025-02-04 06:00:00,2530.0,2501.5776
2025-02-04 07:00:00,2916.0,2779.7725
2025-02-04 08:00:00,2114.0,2063.6292
2025-02-04 09:00:00,1432.0,1482.3213
2025-02-04 10:00:00,1373.0,1431.1442
2025-02-04 11:00:00,1404.0,1444.3152
2025-02-04 12:00:00,1313.0,1464.8064
2025-02-04 13:00:00,1463.0,1493.5306
2025-02-04 14:00:00,1501.0,1531.0651
2025-02-04 15:00:00,1742.0,1684.6323
2025-02-04 16:00:00,2043.0,1921.4832
2025-02-04 17:00:00,2462.0,2092.5935
2025-02-04 18:00:00,1905.0,1664.03
2025-02-04 19:00:00,1100.0,1078.4336
2025-02-04 20:00:00,689.0,665.11914
2025-02-04 21:00:00,525.0,500.80304
2025-02-04 22:00:00,376.0,366.01477
2025-02-04 23:00:00,155.0,161.85242
2025-02-05 00:00:00,81.0,63.92456
2025-02-05 01:00:00,54.0,40.348022
2025-02-05 02:00:00,42.0,42.502808
2025-02-05 03:00:00,87.0,63.534546
2025-02-05 04:00:00,175.0,154.72778
2025-02-05 05:00:00,864.0,835.5984
2025-02-05 06:00:00,2387.0,2473.06
2025-02-05 07:00:00,2821.0,2767.607
2025-02-05 08:00:00,1942.0,2065.3325
2025-02-05 09:00:00,1370.0,1488.8699
2025-02-05 10:00:00,1355.0,1435.3983
2025-02-05 11:00:00,1480.0,1461.3933
2025-02-05 12:00:00,1516.0,1490.5005
2025-02-05 13:00:00,1566.0,1527.0435
2025-02-05 14:00:00,1623.0,1571.4769
2025-02-05 15:00:00,1798.0,1695.7019
2025-02-05 16:00:00,2239.0,1899.455
2025-02-05 17:00:00,2536.0,2121.6797
2025-02-05 18:00:00,1954.0,1682.4395
2025-02-05 19:00:00,1188.0,1117.8651
2025-02-05 20:00:00,676.0,674.5603
2025-02-05 21:00:00,569.0,522.01526
2025-02-05 22:00:00,366.0,399.3241
2025-02-05 23:00:00,215.0,166.14783
2025-02-06 00:00:00,95.0,58.52942
2025-02-06 01:00:00,37.0,43.594727
2025-02-06 02:00:00,46.0,48.348267
2025-02-06 03:00:00,68.0,69.85339
2025-02-06 04:00:00,180.0,182.77722
2025-02-06 05:00:00,898.0,836.9235
2025-02-06 06:00:00,2373.0,2368.9207
2025-02-06 07:00:00,2839.0,2697.9119
2025-02-06 08:00:00,2081.0,2062.0513
2025-02-06 09:00:00,1470.0,1508.7357
2025-02-06 10:00:00,1393.0,1442.1655
2025-02-06 11:00:00,1411.0,1477.3192
2025-02-06 12:00:00,1400.0,1523.8461
2025-02-06 13:00:00,1541.0,1575.475
2025-02-06 14:00:00,1694.0,1652.383
2025-02-06 15:00:00,1853.0,1799.813
2025-02-06 16:00:00,2179.0,2003.0503
2025-02-06 17:00:00,2410.0,2165.2676
2025-02-06 18:00:00,1888.0,1742.6694
2025-02-06 19:00:00,1160.0,1173.0431
2025-02-06 20:00:00,704.0,741.2723
2025-02-06 21:00:00,535.0,578.3855
2025-02-06 22:00:00,408.0,459.74774
2025-02-06 23:00:00,220.0,191.11456
2025-02-07 00:00:00,80.0,82.216675
2025-02-07 01:00:00,53.0,55.08484
2025-02-07 02:00:00,54.0,60.394653
2025-02-07 03:00:00,89.0,80.28967
2025-02-07 04:00:00,169.0,194.59912
2025-02-07 05:00:00,740.0,775.45264
2025-02-07 06:00:00,1996.0,2138.8638
2025-02-07 07:00:00,2385.0,2547.9844
2025-02-07 08:00:00,1729.0,1919.5864
2025-02-07 09:00:00,1411.0,1544.4547
2025-02-07 10:00:00,1512.0,1480.9147
2025-02-07 11:00:00,1764.0,1528.4669
2025-02-07 12:00:00,1711.0,1605.1003
2025-02-07 13:00:00,1912.0,1687.6754
2025-02-07 14:00:00,2056.0,1814.083
2025-02-07 15:00:00,2197.0,1949.2753
2025-02-07 16:00:00,2333.0,2104.8645
2025-02-07 17:00:00,2403.0,2194.0386
2025-02-07 18:00:00,2082.0,1836.3312
2025-02-07 19:00:00,1452.0,1259.7823
2025-02-07 20:00:00,939.0,865.45166
2025-02-07 21:00:00,782.0,641.0706
2025-02-07 22:00:00,587.0,546.47955
2025-02-07 23:00:00,452.0,292.60034
2025-02-08 00:00:00,254.0,195.76349
2025-02-08 01:00:00,149.0,124.48352
2025-02-08 02:00:00,96.0,101.06897
2025-02-08 03:00:00,77.0,105.46887
2025-02-08 04:00:00,97.0,136.67743
2025-02-08 05:00:00,177.0,219.57996
2025-02-08 06:00:00,406.0,441.9944
2025-02-08 07:00:00,725.0,696.41235
2025-02-08 08:00:00,1187.0,1016.8006
2025-02-08 09:00:00,1613.0,1431.9438
2025-02-08 10:00:00,2246.0,1731.5166
2025-02-08 11:00:00,2682.0,1900.008
2025-02-08 12:00:00,2457.0,1938.8965
2025-02-08 13:00:00,2376.0,1968.0143
2025-02-08 14:00:00,2532.0,2017.9194
2025-02-08 15:00:00,2747.0,2118.0469
2025-02-08 16:00:00,2829.0,2199.4275
2025-02-08 17:00:00,2740.0,2272.0815
2025-02-08 18:00:00,1871.0,1943.6619
2025-02-08 19:00:00,1177.0,1311.6516
2025-02-08 20:00:00,976.0,892.19495
2025-02-08 21:00:00,884.0,764.0413
2025-02-08 22:00:00,772.0,699.02893
2025-02-08 23:00:00,578.0,493.79944
2025-02-09 00:00:00,323.0,255.03186
2025-02-09 01:00:00,174.0,216.48907
2025-02-09 02:00:00,125.0,181.25677
2025-02-09 03:00:00,93.0,159.78082
2025-02-09 04:00:00,77.0,146.75641
2025-02-09 05:00:00,112.0,153.04272
2025-02-09 06:00:00,159.0,215.48676
2025-02-09 07:00:00,275.0,347.7652
2025-02-09 08:00:00,497.0,608.2708
2025-02-09 09:00:00,909.0,1027.6758
2025-02-09 10:00:00,1369.0,1357.7162
2025-02-09 11:00:00,1803.0,1640.1344
2025-02-09 12:00:00,2066.0,1842.7958
2025-02-09 13:00:00,2293.0,2015.8552
2025-02-09 14:00:00,2772.0,2230.9377
2025-02-09 15:00:00,2629.0,2440.5337
2025-02-09 16:00:00,2749.0,2617.153
2025-02-09 17:00:00,2590.0,2637.4297
2025-02-09 18:00:00,2382.0,2453.9463
2025-02-09 19:00:00,1566.0,2018.614
2025-02-09 20:00:00,1461.0,1625.6931
2025-02-09 21:00:00,1001.0,1178.925
2025-02-09 22:00:00,462.0,595.1925
2025-02-09 23:00:00,202.0,312.0492
2025-02-10 00:00:00,102.0,94.61914
2025-02-10 01:00:00,52.0,64.86487
2025-02-10 02:00:00,44.0,62.14319
2025-02-10 03:00:00,78.0,89.27173
2025-02-10 04:00:00,210.0,317.0338
2025-02-10 05:00:00,989.0,1054.5244
2025-02-10 06:00:00,2398.0,2527.866
2025-02-10 07:00:00,2822.0,2671.719
2025-02-10 08:00:00,1973.0,1865.2153
2025-02-10 09:00:00,1485.0,1453.1154
2025-02-10 10:00:00,1332.0,1429.4965
2025-02-10 11:00:00,1301.0,1439.3691
2025-02-10 12:00:00,1332.0,1457.7245
2025-02-10 13:00:00,1497.0,1482.9573
2025-02-10 14:00:00,1552.0,1528.3501
2025-02-10 15:00:00,1724.0,1687.9229
2025-02-10 16:00:00,1868.0,1893.6992
2025-02-10 17:00:00,2161.0,2091.938
2025-02-10 18:00:00,1688.0,1676.6205
2025-02-10 19:00:00,1033.0,1190.8282
2025-02-10 20:00:00,604.0,779.6166
2025-02-10 21:00:00,496.0,563.5834
2025-02-10 22:00:00,333.0,408.24725
2025-02-10 23:00:00,143.0,198.54749
2025-02-11 00:00:00,63.0,99.6626
2025-02-11 01:00:00,43.0,69.96301
2025-02-11 02:00:00,50.0,61.88501
2025-02-11 03:00:00,60.0,89.76965
2025-02-11 04:00:00,183.0,330.11127
2025-02-11 05:00:00,936.0,1055.8167
2025-02-11 06:00:00,2447.0,2536.5083
2025-02-11 07:00:00,2851.0,2690.0571
2025-02-11 08:00:00,2096.0,1880.256
2025-02-11 09:00:00,1424.0,1453.2961
2025-02-11 10:00:00,1292.0,1434.637
2025-02-11 11:00:00,1356.0,1448.1348
2025-02-11 12:00:00,1369.0,1473.9656
2025-02-11 13:00:00,1480.0,1503.2678
2025-02-11 14:00:00,1542.0,1548.9462
2025-02-11 15:00:00,1621.0,1660.3596
2025-02-11 16:00:00,1921.0,1887.616
2025-02-11 17:00:00,2076.0,2106.6855
2025-02-11 18:00:00,1708.0,1706.7705
2025-02-11 19:00:00,968.0,1177.9785
2025-02-11 20:00:00,610.0,784.6714
2025-02-11 21:00:00,502.0,566.568
2025-02-11 22:00:00,335.0,428.16412
2025-02-11 23:00:00,183.0,219.52661
2025-02-12 00:00:00,115.0,105.26965
2025-02-12 01:00:00,53.0,66.93994
2025-02-12 02:00:00,51.0,62.06897
2025-02-12 03:00:00,75.0,91.20276
2025-02-12 04:00:00,187.0,335.7359
2025-02-12 05:00:00,877.0,1028.0077
2025-02-12 06:00:00,2310.0,2529.6255
2025-02-12 07:00:00,2709.0,2692.6514
2025-02-12 08:00:00,1923.0,1919.3152
2025-02-12 09:00:00,1438.0,1485.9254
2025-02-12 10:00:00,1353.0,1444.8278
2025-02-12 11:00:00,1396.0,1466.2437
2025-02-12 12:00:00,1504.0,1498.749
2025-02-12 13:00:00,1632.0,1539.9514
2025-02-12 14:00:00,1650.0,1594.1731
2025-02-12 15:00:00,1783.0,1751.1906
2025-02-12 16:00:00,1968.0,1975.6451
2025-02-12 17:00:00,2275.0,2133.7175
2025-02-12 18:00:00,1868.0,1747.4711
2025-02-12 19:00:00,1010.0,1247.4896
2025-02-12 20:00:00,684.0,851.20776
2025-02-12 21:00:00,514.0,607.47046
2025-02-12 22:00:00,390.0,463.82513
2025-02-12 23:00:00,205.0,255.46997
2025-02-13 00:00:00,98.0,109.68933
2025-02-13 01:00:00,50.0,62.82263
2025-02-13 02:00:00,53.0,67.28467
2025-02-13 03:00:00,75.0,92.67175
2025-02-13 04:00:00,197.0,340.0406
2025-02-13 05:00:00,864.0,974.9242
2025-02-13 06:00:00,2288.0,2410.1135
2025-02-13 07:00:00,2758.0,2643.9058
2025-02-13 08:00:00,2008.0,1916.8418
2025-02-13 09:00:00,1492.0,1506.8097
2025-02-13 10:00:00,1399.0,1444.3542
2025-02-13 11:00:00,1421.0,1469.1188
2025-02-13 12:00:00,1421.0,1519.2546
2025-02-13 13:00:00,1540.0,1574.026
2025-02-13 14:00:00,1634.0,1637.3123
2025-02-13 15:00:00,1704.0,1766.9829
2025-02-13 16:00:00,1909.0,1999.9409
2025-02-13 17:00:00,2181.0,2178.0376
2025-02-13 18:00:00,1643.0,1812.4424
2025-02-13 19:00:00,1005.0,1226.0659
2025-02-13 20:00:00,664.0,861.4713
2025-02-13 21:00:00,519.0,615.7772
2025-02-13 22:00:00,415.0,503.8316
2025-02-13 23:00:00,212.0,260.41278
2025-02-14 00:00:00,104.0,125.89868
2025-02-14 01:00:00,57.0,71.88049
2025-02-14 02:00:00,54.0,75.93359
2025-02-14 03:00:00,79.0,91.76074
2025-02-14 04:00:00,202.0,338.65167
2025-02-14 05:00:00,666.0,869.79144
2025-02-14 06:00:00,1870.0,2192.7495
2025-02-14 07:00:00,2135.0,2454.1406
2025-02-14 08:00:00,1620.0,1861.7432
2025-02-14 09:00:00,1322.0,1515.043
2025-02-14 10:00:00,1425.0,1477.7542
2025-02-14 11:00:00,1581.0,1541.7305
2025-02-14 12:00:00,1716.0,1616.002
2025-02-14 13:00:00,1869.0,1708.3877
2025-02-14 14:00:00,2021.0,1831.8855
2025-02-14 15:00:00,2050.0,1982.3376
2025-02-14 16:00:00,2268.0,2135.0552
2025-02-14 17:00:00,2397.0,2200.0366
2025-02-14 18:00:00,1956.0,1892.6566
2025-02-14 19:00:00,1354.0,1387.6132
2025-02-14 20:00:00,911.0,994.8192
2025-02-14 21:00:00,652.0,689.12573
2025-02-14 22:00:00,605.0,574.57587
2025-02-14 23:00:00,462.0,356.53528
2025-02-15 00:00:00,239.0,196.51038
2025-02-15 01:00:00,132.0,132.38629
2025-02-15 02:00:00,100.0,104.107666
2025-02-15 03:00:00,77.0,110.72107
2025-02-15 04:00:00,106.0,139.89844
2025-02-15 05:00:00,158.0,233.5877
2025-02-15 06:00:00,417.0,446.9795
2025-02-15 07:00:00,783.0,725.2368
2025-02-15 08:00:00,1053.0,1128.8872
2025-02-15 09:00:00,1311.0,1459.3845
2025-02-15 10:00:00,1893.0,1714.1317
2025-02-15 11:00:00,2170.0,1866.2952
2025-02-15 12:00:00,1985.0,1931.4486
2025-02-15 13:00:00,2035.0,1975.2168
2025-02-15 14:00:00,2427.0,2013.3636
2025-02-15 15:00:00,2735.0,2081.5332
2025-02-15 16:00:00,2791.0,2188.8423
2025-02-15 17:00:00,2793.0,2212.7666
2025-02-15 18:00:00,2652.0,1845.3328
2025-02-15 19:00:00,1978.0,1242.1794
2025-02-15 20:00:00,1102.0,899.88257
2025-02-15 21:00:00,661.0,788.29517
2025-02-15 22:00:00,1119.0,693.23517
2025-02-15 23:00:00,604.0,427.89935
2025-02-16 00:00:00,387.0,235.47443
2025-02-16 01:00:00,186.0,189.96198
2025-02-16 02:00:00,102.0,161.14508
2025-02-16 03:00:00,89.0,144.04218
2025-02-16 04:00:00,75.0,132.5495
2025-02-16 05:00:00,95.0,151.84485
2025-02-16 06:00:00,132.0,219.9942
2025-02-16 07:00:00,240.0,283.4002
2025-02-16 08:00:00,489.0,488.15735
2025-02-16 09:00:00,838.0,863.25696
2025-02-16 10:00:00,1251.0,1184.725
2025-02-16 11:00:00,1799.0,1507.0992
2025-02-16 12:00:00,2049.0,1757.1072
2025-02-16 13:00:00,2221.0,1980.0237
2025-02-16 14:00:00,2528.0,2204.062
2025-02-16 15:00:00,2716.0,2430.4143
2025-02-16 16:00:00,2789.0,2583.356
2025-02-16 17:00:00,2635.0,2588.7422
2025-02-16 18:00:00,2287.0,2363.0073
2025-02-16 19:00:00,2074.0,1943.4109
2025-02-16 20:00:00,1790.0,1530.6617
2025-02-16 21:00:00,1324.0,1025.2637
2025-02-16 22:00:00,550.0,485.12122
2025-02-16 23:00:00,247.0,284.25226
2025-02-17 00:00:00,95.0,79.15027
2025-02-17 01:00:00,57.0,56.662354
2025-02-17 02:00:00,44.0,58.159912
2025-02-17 03:00:00,69.0,84.463135
2025-02-17 04:00:00,193.0,326.69452
2025-02-17 05:00:00,984.0,1080.7377
2025-02-17 06:00:00,2450.0,2542.4106
2025-02-17 07:00:00,2755.0,2770.0144
2025-02-17 08:00:00,1966.0,2096.7068
2025-02-17 09:00:00,1427.0,1469.1947
2025-02-17 10:00:00,1372.0,1419.8949
2025-02-17 11:00:00,1334.0,1437.3285
2025-02-17 12:00:00,1410.0,1458.9683
2025-02-17 13:00:00,1528.0,1494.2705
2025-02-17 14:00:00,1601.0,1534.8455
2025-02-17 15:00:00,1692.0,1650.5363
2025-02-17 16:00:00,2025.0,1852.3547
2025-02-17 17:00:00,2445.0,2078.549
2025-02-17 18:00:00,1750.0,1717.3916
2025-02-17 19:00:00,1156.0,1098.7028
2025-02-17 20:00:00,711.0,686.5602
2025-02-17 21:00:00,485.0,497.09473
2025-02-17 22:00:00,320.0,319.2354
2025-02-17 23:00:00,176.0,140.92139
2025-02-18 00:00:00,72.0,80.85571
2025-02-18 01:00:00,49.0,57.223022
2025-02-18 02:00:00,42.0,53.7052
2025-02-18 03:00:00,62.0,81.0354
2025-02-18 04:00:00,193.0,320.19244
2025-02-18 05:00:00,913.0,1086.7103
2025-02-18 06:00:00,2426.0,2555.874
2025-02-18 07:00:00,2810.0,2783.9927
2025-02-18 08:00:00,2060.0,2144.1875
2025-02-18 09:00:00,1499.0,1477.7422
2025-02-18 10:00:00,1319.0,1425.4177
2025-02-18 11:00:00,1326.0,1442.6351
2025-02-18 12:00:00,1339.0,1469.006
2025-02-18 13:00:00,1406.0,1500.0001
2025-02-18 14:00:00,1454.0,1537.1907
2025-02-18 15:00:00,1705.0,1645.8652
2025-02-18 16:00:00,1994.0,1843.4531
2025-02-18 17:00:00,2449.0,2085.4392
2025-02-18 18:00:00,1877.0,1729.112
2025-02-18 19:00:00,1042.0,1101.381
2025-02-18 20:00:00,594.0,687.0096
2025-02-18 21:00:00,486.0,502.30145
2025-02-18 22:00:00,357.0,347.67657
2025-02-18 23:00:00,179.0,157.04065
2025-02-19 00:00:00,82.0,82.0813
2025-02-19 01:00:00,45.0,57.147705
2025-02-19 02:00:00,73.0,52.750854
2025-02-19 03:00:00,62.0,81.61975
2025-02-19 04:00:00,198.0,334.45526
2025-02-19 05:00:00,889.0,1084.5275
2025-02-19 06:00:00,2333.0,2549.2153
2025-02-19 07:00:00,2638.0,2780.1465
2025-02-19 08:00:00,2003.0,2130.678
2025-02-19 09:00:00,1496.0,1499.2405
2025-02-19 10:00:00,1364.0,1434.2432
2025-02-19 11:00:00,1411.0,1462.4055
2025-02-19 12:00:00,1396.0,1488.9111
2025-02-19 13:00:00,1614.0,1518.6255
2025-02-19 14:00:00,1636.0,1558.7621
2025-02-19 15:00:00,1652.0,1655.7233
2025-02-19 16:00:00,2071.0,1909.1254
2025-02-19 17:00:00,2402.0,2130.0469
2025-02-19 18:00:00,1846.0,1738.4071
2025-02-19 19:00:00,1090.0,1140.6691
2025-02-19 20:00:00,720.0,738.1915
2025-02-19 21:00:00,588.0,540.7377
2025-02-19 22:00:00,399.0,408.11334
2025-02-19 23:00:00,247.0,181.68146
2025-02-20 00:00:00,121.0,90.43359
2025-02-20 01:00:00,44.0,57.475586
2025-02-20 02:00:00,51.0,57.05371
2025-02-20 03:00:00,71.0,86.032715
2025-02-20 04:00:00,190.0,332.74072
2025-02-20 05:00:00,868.0,1064.033
2025-02-20 06:00:00,2262.0,2521.5098
2025-02-20 07:00:00,2747.0,2729.4497
2025-02-20 08:00:00,2030.0,2123.4734
2025-02-20 09:00:00,1470.0,1529.1796
2025-02-20 10:00:00,1325.0,1456.604
2025-02-20 11:00:00,1421.0,1495.9712
2025-02-20 12:00:00,1491.0,1542.76
2025-02-20 13:00:00,1516.0,1602.2306
2025-02-20 14:00:00,1574.0,1696.1909
2025-02-20 15:00:00,1750.0,1853.1276
2025-02-20 16:00:00,2080.0,2046.5281
2025-02-20 17:00:00,2302.0,2190.8025
2025-02-20 18:00:00,1919.0,1804.3988
2025-02-20 19:00:00,1103.0,1210.1956
2025-02-20 20:00:00,730.0,820.8965
2025-02-20 21:00:00,596.0,603.6871
2025-02-20 22:00:00,433.0,493.5412
2025-02-20 23:00:00,260.0,272.153
2025-02-21 00:00:00,85.0,143.38159
2025-02-21 01:00:00,67.0,69.01428
2025-02-21 02:00:00,49.0,69.7937
2025-02-21 03:00:00,76.0,94.7478
2025-02-21 04:00:00,189.0,349.1123
2025-02-21 05:00:00,740.0,1002.63654
2025-02-21 06:00:00,1978.0,2412.6782
2025-02-21 07:00:00,2317.0,2570.2266
2025-02-21 08:00:00,1704.0,1992.722
2025-02-21 09:00:00,1391.0,1536.6829
2025-02-21 10:00:00,1476.0,1499.0344
2025-02-21 11:00:00,1627.0,1550.0203
2025-02-21 12:00:00,1708.0,1618.3877
2025-02-21 13:00:00,1802.0,1699.2456
2025-02-21 14:00:00,1930.0,1806.1754
2025-02-21 15:00:00,2192.0,1948.7363
2025-02-21 16:00:00,2511.0,2135.301
2025-02-21 17:00:00,2693.0,2238.733
2025-02-21 18:00:00,2376.0,1905.0149
2025-02-21 19:00:00,1459.0,1336.6117
2025-02-21 20:00:00,1062.0,936.9312
2025-02-21 21:00:00,879.0,676.5457
2025-02-21 22:00:00,668.0,563.2547
2025-02-21 23:00:00,419.0,408.43018
2025-02-22 00:00:00,326.0,260.83344
2025-02-22 01:00:00,149.0,152.01892
2025-02-22 02:00:00,97.0,128.4602
2025-02-22 03:00:00,67.0,123.37195
2025-02-22 04:00:00,128.0,148.5982
2025-02-22 05:00:00,216.0,246.36395
2025-02-22 06:00:00,482.0,409.7116
2025-02-22 07:00:00,859.0,609.05023
2025-02-22 08:00:00,1360.0,893.0294
2025-02-22 09:00:00,1651.0,1347.4443
2025-02-22 10:00:00,2116.0,1768.2004
2025-02-22 11:00:00,2438.0,1945.4125
2025-02-22 12:00:00,2657.0,2031.3191
2025-02-22 13:00:00,2426.0,2106.5083
2025-02-22 14:00:00,2425.0,2241.5923
2025-02-22 15:00:00,2514.0,2373.2253
2025-02-22 16:00:00,2741.0,2463.1958
2025-02-22 17:00:00,2649.0,2420.7798
2025-02-22 18:00:00,2562.0,2081.7979
2025-02-22 19:00:00,1594.0,1488.5815
2025-02-22 20:00:00,1248.0,1019.9549
2025-02-22 21:00:00,1037.0,812.62976
2025-02-22 22:00:00,916.0,701.63916
2025-02-22 23:00:00,642.0,547.2564
2025-02-23 00:00:00,364.0,229.59772
2025-02-23 01:00:00,205.0,194.77838
2025-02-23 02:00:00,103.0,165.86224
2025-02-23 03:00:00,87.0,153.2757
2025-02-23 04:00:00,104.0,145.30334
2025-02-23 05:00:00,104.0,155.16827
2025-02-23 06:00:00,143.0,197.49066
2025-02-23 07:00:00,264.0,307.5999
2025-02-23 08:00:00,523.0,495.41284
2025-02-23 09:00:00,976.0,871.95306
2025-02-23 10:00:00,1521.0,1306.5483
2025-02-23 11:00:00,2070.0,1665.1992
2025-02-23 12:00:00,2244.0,2001.7834
2025-02-23 13:00:00,2458.0,2254.6763
2025-02-23 14:00:00,2511.0,2453.6
2025-02-23 15:00:00,2576.0,2603.228
2025-02-23 16:00:00,2563.0,2635.06
2025-02-23 17:00:00,2621.0,2635.301
2025-02-23 18:00:00,2621.0,2417.0037
2025-02-23 19:00:00,2025.0,2008.5938
2025-02-23 20:00:00,1708.0,1527.791
2025-02-23 21:00:00,1107.0,1017.6439
2025-02-23 22:00:00,521.0,611.9767
2025-02-23 23:00:00,234.0,305.85815
2025-02-24 00:00:00,87.0,109.93054
2025-02-24 01:00:00,55.0,77.768555
2025-02-24 02:00:00,49.0,78.19519
2025-02-24 03:00:00,76.0,100.15283
2025-02-24 04:00:00,199.0,238.13599
2025-02-24 05:00:00,992.0,895.26624
2025-02-24 06:00:00,2386.0,2305.4917
2025-02-24 07:00:00,2887.0,2533.1118
2025-02-24 08:00:00,1995.0,1814.0088
2025-02-24 09:00:00,1502.0,1440.667
2025-02-24 10:00:00,1457.0,1442.6517
2025-02-24 11:00:00,1605.0,1466.9364
2025-02-24 12:00:00,1603.0,1504.0244
2025-02-24 13:00:00,1648.0,1544.3593
2025-02-24 14:00:00,1646.0,1589.0961
2025-02-24 15:00:00,1669.0,1708.7375
2025-02-24 16:00:00,1490.0,1905.5425
2025-02-24 17:00:00,2092.0,2128.355
2025-02-24 18:00:00,1599.0,1820.0122
2025-02-24 19:00:00,996.0,1249.1147
2025-02-24 20:00:00,666.0,814.64136
2025-02-24 21:00:00,550.0,587.61163
2025-02-24 22:00:00,329.0,412.59467
2025-02-24 23:00:00,160.0,194.98462
2025-02-25 00:00:00,58.0,117.069336
2025-02-25 01:00:00,40.0,78.41748
2025-02-25 02:00:00,50.0,75.680786
2025-02-25 03:00:00,62.0,103.14258
2025-02-25 04:00:00,180.0,304.3532
2025-02-25 05:00:00,908.0,985.98883
2025-02-25 06:00:00,2139.0,2457.4756
2025-02-25 07:00:00,3172.0,2602.4976
2025-02-25 08:00:00,1980.0,1852.8989
2025-02-25 09:00:00,1649.0,1448.4644
2025-02-25 10:00:00,1446.0,1449.726
2025-02-25 11:00:00,1390.0,1479.2966
2025-02-25 12:00:00,1522.0,1513.6462
2025-02-25 13:00:00,1460.0,1548.1936
2025-02-25 14:00:00,1631.0,1586.6599
2025-02-25 15:00:00,1681.0,1688.5361
2025-02-25 16:00:00,1931.0,1885.6965
2025-02-25 17:00:00,2239.0,2121.7856
2025-02-25 18:00:00,1736.0,1837.2915
2025-02-25 19:00:00,993.0,1250.3257
2025-02-25 20:00:00,571.0,804.15906
2025-02-25 21:00:00,467.0,573.61456
2025-02-25 22:00:00,344.0,420.0711
2025-02-25 23:00:00,192.0,206.15228
2025-02-26 00:00:00,84.0,112.26062
2025-02-26 01:00:00,55.0,74.72888
2025-02-26 02:00:00,44.0,71.84619
2025-02-26 03:00:00,72.0,98.17859
2025-02-26 04:00:00,189.0,281.6562
2025-02-26 05:00:00,881.0,945.0435
2025-02-26 06:00:00,2317.0,2439.6042
2025-02-26 07:00:00,2700.0,2635.0857
2025-02-26 08:00:00,1989.0,1889.8817
2025-02-26 09:00:00,1540.0,1433.3318
2025-02-26 10:00:00,1423.0,1447.3867
2025-02-26 11:00:00,1609.0,1482.4866
2025-02-26 12:00:00,1554.0,1520.989
2025-02-26 13:00:00,1679.0,1562.0997
2025-02-26 14:00:00,1666.0,1597.1045
2025-02-26 15:00:00,1696.0,1719.4009
2025-02-26 16:00:00,1874.0,1881.8003
2025-02-26 17:00:00,2201.0,2153.3804
2025-02-26 18:00:00,1711.0,1802.4597
2025-02-26 19:00:00,1030.0,1198.3152
2025-02-26 20:00:00,658.0,781.9983
2025-02-26 21:00:00,563.0,562.8423
2025-02-26 22:00:00,391.0,421.66052
2025-02-26 23:00:00,245.0,191.67517
2025-02-27 00:00:00,110.0,101.59802
2025-02-27 01:00:00,52.0,70.5813
2025-02-27 02:00:00,78.0,71.89099
2025-02-27 03:00:00,160.0,93.26221
2025-02-27 04:00:00,168.0,239.68872
2025-02-27 05:00:00,824.0,809.6402
2025-02-27 06:00:00,2220.0,2192.1836
2025-02-27 07:00:00,2625.0,2564.291
2025-02-27 08:00:00,1938.0,1861.0596
2025-02-27 09:00:00,1574.0,1447.0815
2025-02-27 10:00:00,1416.0,1456.8376
2025-02-27 11:00:00,1499.0,1517.9836
2025-02-27 12:00:00,1439.0,1557.6984
2025-02-27 13:00:00,1503.0,1628.5479
2025-02-27 14:00:00,1463.0,1702.4844
2025-02-27 15:00:00,1620.0,1827.9045
2025-02-27 16:00:00,1905.0,1992.0933
2025-02-27 17:00:00,2115.0,2173.9614
2025-02-27 18:00:00,1689.0,1790.6587
2025-02-27 19:00:00,1010.0,1201.5681
2025-02-27 20:00:00,609.0,816.2471
2025-02-27 21:00:00,524.0,609.85547
2025-02-27 22:00:00,388.0,483.36615
2025-02-27 23:00:00,321.0,219.10443
2025-02-28 00:00:00,134.0,125.01239
2025-02-28 01:00:00,70.0,80.36792
2025-02-28 02:00:00,79.0,77.43494
2025-02-28 03:00:00,95.0,96.02991
2025-02-28 04:00:00,192.0,204.19226
2025-02-28 05:00:00,709.0,683.421
2025-02-28 06:00:00,1920.0,1803.9548
2025-02-28 07:00:00,2184.0,2264.2104
2025-02-28 08:00:00,1652.0,1795.681
2025-02-28 09:00:00,1497.0,1513.271
2025-02-28 10:00:00,1521.0,1532.5779
2025-02-28 11:00:00,1612.0,1604.7986
2025-02-28 12:00:00,1571.0,1682.1987
2025-02-28 13:00:00,1870.0,1763.7891
2025-02-28 14:00:00,1914.0,1859.5942
2025-02-28 15:00:00,2142.0,1967.9087
2025-02-28 16:00:00,2274.0,2093.5464
2025-02-28 17:00:00,2463.0,2206.185
2025-02-28 18:00:00,2171.0,1878.9772
2025-02-28 19:00:00,1427.0,1283.8838
2025-02-28 20:00:00,1072.0,903.708
2025-02-28 21:00:00,797.0,693.773
2025-02-28 22:00:00,666.0,581.30084
2025-02-28 23:00:00,450.0,372.36676
2025-03-01 00:00:00,257.0,189.04785
2025-03-01 01:00:00,131.0,145.53467
2025-03-01 02:00:00,86.0,119.21692
2025-03-01 03:00:00,90.0,120.23401
2025-03-01 04:00:00,104.0,141.15717
2025-03-01 05:00:00,196.0,221.99835
2025-03-01 06:00:00,482.0,411.02997
2025-03-01 07:00:00,863.0,664.9475
2025-03-01 08:00:00,1259.0,992.1756
2025-03-01 09:00:00,1473.0,1369.5917
2025-03-01 10:00:00,2114.0,1692.6819
2025-03-01 11:00:00,2466.0,1851.5283
2025-03-01 12:00:00,2419.0,1950.6953
2025-03-01 13:00:00,2302.0,2015.7158
2025-03-01 14:00:00,2276.0,2083.93
2025-03-01 15:00:00,2196.0,2200.434
2025-03-01 16:00:00,2347.0,2325.5913
2025-03-01 17:00:00,2437.0,2311.394
2025-03-01 18:00:00,1826.0,1884.3297
2025-03-01 19:00:00,1189.0,1299.6183
2025-03-01 20:00:00,919.0,935.1476
2025-03-01 21:00:00,713.0,745.1992
2025-03-01 22:00:00,800.0,625.11755
2025-03-01 23:00:00,502.0,368.6466
2025-03-02 00:00:00,309.0,219.83734
2025-03-02 01:00:00,137.0,177.57819
2025-03-02 02:00:00,117.0,151.36456
2025-03-02 03:00:00,77.0,140.28326
2025-03-02 04:00:00,76.0,143.25745
2025-03-02 05:00:00,109.0,166.22583
2025-03-02 06:00:00,196.0,217.99481
2025-03-02 07:00:00,330.0,295.98987
2025-03-02 08:00:00,569.0,510.90607
2025-03-02 09:00:00,988.0,876.95715
2025-03-02 10:00:00,1349.0,1247.2335
2025-03-02 11:00:00,1725.0,1615.0391
2025-03-02 12:00:00,1922.0,1886.0808
2025-03-02 13:00:00,2057.0,2068.635
2025-03-02 14:00:00,2412.0,2250.3054
2025-03-02 15:00:00,2599.0,2408.6724
2025-03-02 16:00:00,2675.0,2482.8887
2025-03-02 17:00:00,2722.0,2424.5564
2025-03-02 18:00:00,2309.0,2137.4949
2025-03-02 19:00:00,2384.0,1540.2734
2025-03-02 20:00:00,1758.0,1147.6986
2025-03-02 21:00:00,1130.0,827.13074
2025-03-02 22:00:00,496.0,505.17712
2025-03-02 23:00:00,210.0,284.10413
2025-03-03 00:00:00,95.0,83.66858
2025-03-03 01:00:00,62.0,59.754517
2025-03-03 02:00:00,42.0,65.29883
2025-03-03 03:00:00,72.0,88.55005
2025-03-03 04:00:00,184.0,251.63013
2025-03-03 05:00:00,992.0,899.8834
2025-03-03 06:00:00,2439.0,2369.5466
2025-03-03 07:00:00,2831.0,2703.2017
2025-03-03 08:00:00,1994.0,2209.464
2025-03-03 09:00:00,1505.0,1627.0171
2025-03-03 10:00:00,1339.0,1460.4504
2025-03-03 11:00:00,1477.0,1454.4891
2025-03-03 12:00:00,1505.0,1476.3413
2025-03-03 13:00:00,1503.0,1512.1528
2025-03-03 14:00:00,1586.0,1585.0259
2025-03-03 15:00:00,1765.0,1744.3235
2025-03-03 16:00:00,2027.0,1974.6156
2025-03-03 17:00:00,2301.0,2050.8555
2025-03-03 18:00:00,1707.0,1622.6517
2025-03-03 19:00:00,1037.0,1087.8977
2025-03-03 20:00:00,660.0,753.2554
2025-03-03 21:00:00,525.0,543.3956
2025-03-03 22:00:00,343.0,367.815
2025-03-03 23:00:00,151.0,175.08588
2025-03-04 00:00:00,77.0,85.204956
2025-03-04 01:00:00,47.0,59.194824
2025-03-04 02:00:00,42.0,60.952026
2025-03-04 03:00:00,58.0,84.18005
2025-03-04 04:00:00,183.0,264.98523
2025-03-04 05:00:00,942.0,947.8144
2025-03-04 06:00:00,2469.0,2477.769
2025-03-04 07:00:00,2905.0,2739.412
2025-03-04 08:00:00,1974.0,2222.274
2025-03-04 09:00:00,1500.0,1618.8992
2025-03-04 10:00:00,1361.0,1459.366
2025-03-04 11:00:00,1444.0,1459.7332
2025-03-04 12:00:00,1435.0,1486.8267
2025-03-04 13:00:00,1522.0,1524.0796
2025-03-04 14:00:00,1546.0,1594.954
2025-03-04 15:00:00,1659.0,1744.8818
2025-03-04 16:00:00,1934.0,1970.6804
2025-03-04 17:00:00,2328.0,2100.7527
2025-03-04 18:00:00,1727.0,1693.9515
2025-03-04 19:00:00,1005.0,1132.905
2025-03-04 20:00:00,606.0,752.4718
2025-03-04 21:00:00,480.0,547.5647
2025-03-04 22:00:00,347.0,389.75208
2025-03-04 23:00:00,170.0,182.469
2025-03-05 00:00:00,77.0,96.967285
2025-03-05 01:00:00,49.0,60.83423
2025-03-05 02:00:00,42.0,62.771973
2025-03-05 03:00:00,75.0,90.26941
2025-03-05 04:00:00,181.0,309.93536
2025-03-05 05:00:00,880.0,993.2252
2025-03-05 06:00:00,2398.0,2496.7449
2025-03-05 07:00:00,2824.0,2726.2043
2025-03-05 08:00:00,1991.0,2204.463
2025-03-05 09:00:00,1486.0,1642.9209
2025-03-05 10:00:00,1470.0,1478.0901
2025-03-05 11:00:00,1449.0,1479.386
2025-03-05 12:00:00,1480.0,1515.0293
2025-03-05 13:00:00,1625.0,1564.0074
2025-03-05 14:00:00,1617.0,1658.2605
2025-03-05 15:00:00,1685.0,1807.8384
2025-03-05 16:00:00,2073.0,2029.5618
2025-03-05 17:00:00,2425.0,2139.8403
2025-03-05 18:00:00,1902.0,1745.1621
2025-03-05 19:00:00,1162.0,1194.1262
2025-03-05 20:00:00,705.0,794.3756
2025-03-05 21:00:00,538.0,577.5163
2025-03-05 22:00:00,352.0,446.79736
2025-03-05 23:00:00,210.0,230.73956
2025-03-06 00:00:00,80.0,121.77002
2025-03-06 01:00:00,50.0,68.27954
2025-03-06 02:00:00,65.0,72.875
2025-03-06 03:00:00,66.0,103.81738
2025-03-06 04:00:00,155.0,327.73486
2025-03-06 05:00:00,946.0,965.3413
2025-03-06 06:00:00,2391.0,2401.308
2025-03-06 07:00:00,2851.0,2648.7268
2025-03-06 08:00:00,2020.0,2154.6267
2025-03-06 09:00:00,1457.0,1659.3881
2025-03-06 10:00:00,1400.0,1518.7073
2025-03-06 11:00:00,1510.0,1519.0045
2025-03-06 12:00:00,1528.0,1564.8503
2025-03-06 13:00:00,1603.0,1636.6298
2025-03-06 14:00:00,1662.0,1758.9985
2025-03-06 15:00:00,1886.0,1931.981
2025-03-06 16:00:00,2179.0,2140.1946
2025-03-06 17:00:00,2492.0,2190.6545
2025-03-06 18:00:00,1768.0,1790.3682
2025-03-06 19:00:00,1155.0,1261.0222
2025-03-06 20:00:00,697.0,871.5654
2025-03-06 21:00:00,514.0,631.3506
2025-03-06 22:00:00,421.0,519.87775
2025-03-06 23:00:00,357.0,320.20306
2025-03-07 00:00:00,141.0,164.02069
2025-03-07 01:00:00,50.0,92.25171
2025-03-07 02:00:00,52.0,90.17749
2025-03-07 03:00:00,74.0,118.608154
2025-03-07 04:00:00,178.0,335.62268
2025-03-07 05:00:00,732.0,881.2351
2025-03-07 06:00:00,2161.0,2138.314
2025-03-07 07:00:00,2367.0,2455.9219
2025-03-07 08:00:00,1787.0,2028.8264
2025-03-07 09:00:00,1459.0,1649.8542
2025-03-07 10:00:00,1521.0,1555.8209
2025-03-07 11:00:00,1718.0,1582.1641
2025-03-07 12:00:00,1721.0,1644.6404
2025-03-07 13:00:00,1803.0,1744.7145
2025-03-07 14:00:00,1935.0,1888.3473
2025-03-07 15:00:00,2144.0,2064.668
2025-03-07 16:00:00,2352.0,2219.5854
2025-03-07 17:00:00,2549.0,2202.346
2025-03-07 18:00:00,2093.0,1867.5476
2025-03-07 19:00:00,1428.0,1324.8835
2025-03-07 20:00:00,961.0,952.3345
2025-03-07 21:00:00,786.0,687.1242
2025-03-07 22:00:00,694.0,570.14044
2025-03-07 23:00:00,446.0,398.8996
2025-03-08 00:00:00,234.0,218.55933
2025-03-08 01:00:00,134.0,142.14001
2025-03-08 02:00:00,95.0,116.03491
2025-03-08 03:00:00,80.0,119.02173
2025-03-08 04:00:00,122.0,143.01831
2025-03-08 05:00:00,177.0,217.65527
2025-03-08 06:00:00,513.0,389.01636
2025-03-08 07:00:00,1011.0,698.6974
2025-03-08 08:00:00,1441.0,1073.2827
2025-03-08 09:00:00,1839.0,1522.6348
2025-03-08 10:00:00,2271.0,1909.7993
2025-03-08 11:00:00,2557.0,2010.1934
2025-03-08 12:00:00,2490.0,2068.9539
2025-03-08 13:00:00,2397.0,2123.55
2025-03-08 14:00:00,2295.0,2193.1099
2025-03-08 15:00:00,2417.0,2277.0776
2025-03-08 16:00:00,2703.0,2337.1282
2025-03-08 17:00:00,2821.0,2279.462
2025-03-08 18:00:00,2353.0,2005.9156
2025-03-08 19:00:00,1361.0,1301.1855
2025-03-08 20:00:00,1045.0,897.97327
2025-03-08 21:00:00,887.0,763.058
2025-03-08 22:00:00,753.0,705.2024
2025-03-08 23:00:00,588.0,505.2141
2025-03-09 00:00:00,344.0,221.86755
2025-03-09 01:00:00,218.0,179.44043
2025-03-09 02:00:00,130.0,154.00403
2025-03-09 03:00:00,83.0,140.65436
2025-03-09 04:00:00,81.0,141.03284
2025-03-09 05:00:00,91.0,160.54114
2025-03-09 06:00:00,190.0,216.64868
2025-03-09 07:00:00,378.0,296.90594
2025-03-09 08:00:00,606.0,522.6932
2025-03-09 09:00:00,1108.0,927.7888
2025-03-09 10:00:00,1631.0,1350.6239
2025-03-09 11:00:00,2203.0,1717.228
2025-03-09 12:00:00,2506.0,1945.0691
2025-03-09 13:00:00,2710.0,2142.916
2025-03-09 14:00:00,2713.0,2345.5625
2025-03-09 15:00:00,2761.0,2467.5305
2025-03-09 16:00:00,2813.0,2555.0388
2025-03-09 17:00:00,2829.0,2525.9058
2025-03-09 18:00:00,2397.0,2285.9678
2025-03-09 19:00:00,2070.0,1741.4363
2025-03-09 20:00:00,1695.0,1288.4956
2025-03-09 21:00:00,1153.0,979.64276
2025-03-09 22:00:00,522.0,616.4497
2025-03-09 23:00:00,221.0,307.94153
2025-03-10 00:00:00,119.0,95.10095
2025-03-10 01:00:00,56.0,66.263306
2025-03-10 02:00:00,42.0,68.650635
2025-03-10 03:00:00,55.0,91.2616
2025-03-10 04:00:00,199.0,264.62415
2025-03-10 05:00:00,1043.0,984.5488
2025-03-10 06:00:00,2496.0,2573.2666
2025-03-10 07:00:00,2823.0,2681.4758
2025-03-10 08:00:00,2078.0,1849.2017
2025-03-10 09:00:00,1495.0,1454.606
2025-03-10 10:00:00,1471.0,1438.743
2025-03-10 11:00:00,1683.0,1451.929
2025-03-10 12:00:00,1719.0,1471.7073
2025-03-10 13:00:00,1766.0,1497.2762
2025-03-10 14:00:00,1695.0,1530.9333
2025-03-10 15:00:00,1625.0,1648.8684
2025-03-10 16:00:00,1911.0,1869.4415
2025-03-10 17:00:00,2108.0,2075.7417
2025-03-10 18:00:00,1637.0,1732.7744
2025-03-10 19:00:00,991.0,1142.5999
2025-03-10 20:00:00,612.0,723.30774
2025-03-10 21:00:00,489.0,530.16003
2025-03-10 22:00:00,333.0,389.49915
2025-03-10 23:00:00,162.0,174.94983
2025-03-11 00:00:00,67.0,81.30994
2025-03-11 01:00:00,53.0,54.51355
2025-03-11 02:00:00,50.0,57.8916
2025-03-11 03:00:00,55.0,79.987915
2025-03-11 04:00:00,181.0,212.05988
2025-03-11 05:00:00,1030.0,956.2858
2025-03-11 06:00:00,2647.0,2559.2358
2025-03-11 07:00:00,3110.0,2741.0476
2025-03-11 08:00:00,2080.0,1890.0278
2025-03-11 09:00:00,1480.0,1452.4695
2025-03-11 10:00:00,1389.0,1445.8639
2025-03-11 11:00:00,1407.0,1462.8433
2025-03-11 12:00:00,1409.0,1486.298
2025-03-11 13:00:00,1536.0,1511.5739
2025-03-11 14:00:00,1569.0,1548.0518
2025-03-11 15:00:00,1492.0,1673.3032
2025-03-11 16:00:00,1921.0,1882.9338
2025-03-11 17:00:00,2196.0,2094.1897
2025-03-11 18:00:00,1655.0,1749.2683
2025-03-11 19:00:00,989.0,1182.1897
2025-03-11 20:00:00,584.0,735.14685
2025-03-11 21:00:00,489.0,537.5716
2025-03-11 22:00:00,362.0,406.48193
2025-03-11 23:00:00,175.0,193.59558
2025-03-12 00:00:00,103.0,84.64563
2025-03-12 01:00:00,51.0,53.955566
2025-03-12 02:00:00,44.0,58.606445
2025-03-12 03:00:00,76.0,82.21875
2025-03-12 04:00:00,179.0,266.65533
2025-03-12 05:00:00,979.0,1010.99664
2025-03-12 06:00:00,2434.0,2551.1084
2025-03-12 07:00:00,2926.0,2713.0098
2025-03-12 08:00:00,1993.0,1869.2229
2025-03-12 09:00:00,1490.0,1459.4729
2025-03-12 10:00:00,1395.0,1445.8551
2025-03-12 11:00:00,1512.0,1464.9763
2025-03-12 12:00:00,1562.0,1507.1796
2025-03-12 13:00:00,1727.0,1540.261
2025-03-12 14:00:00,1560.0,1566.4858
2025-03-12 15:00:00,1679.0,1687.4016
2025-03-12 16:00:00,1886.0,1831.6416
2025-03-12 17:00:00,2239.0,2058.3372
2025-03-12 18:00:00,1637.0,1699.6953
2025-03-12 19:00:00,1054.0,1116.9889
2025-03-12 20:00:00,608.0,720.04895
2025-03-12 21:00:00,472.0,555.0001
2025-03-12 22:00:00,365.0,429.95764
2025-03-12 23:00:00,214.0,204.52814
2025-03-13 00:00:00,90.0,93.34253
2025-03-13 01:00:00,55.0,57.48169
2025-03-13 02:00:00,55.0,63.835083
2025-03-13 03:00:00,72.0,86.09204
2025-03-13 04:00:00,195.0,296.7818
2025-03-13 05:00:00,919.0,1029.5067
2025-03-13 06:00:00,2488.0,2505.8804
2025-03-13 07:00:00,2583.0,2619.3018
2025-03-13 08:00:00,2295.0,1884.2213
2025-03-13 09:00:00,1518.0,1473.2092
2025-03-13 10:00:00,1444.0,1449.0975
2025-03-13 11:00:00,1534.0,1495.9512
2025-03-13 12:00:00,1638.0,1535.73
2025-03-13 13:00:00,1568.0,1577.4963
2025-03-13 14:00:00,1586.0,1636.3129
2025-03-13 15:00:00,1782.0,1772.6687
2025-03-13 16:00:00,1995.0,1990.5394
2025-03-13 17:00:00,2155.0,2106.7166
2025-03-13 18:00:00,1723.0,1801.2314
2025-03-13 19:00:00,1041.0,1215.2903
2025-03-13 20:00:00,640.0,753.5766
2025-03-13 21:00:00,489.0,582.44006
2025-03-13 22:00:00,365.0,470.38763
2025-03-13 23:00:00,245.0,238.7002
2025-03-14 00:00:00,111.0,115.97266
2025-03-14 01:00:00,69.0,65.58276
2025-03-14 02:00:00,57.0,71.15503
2025-03-14 03:00:00,74.0,91.70337
2025-03-14 04:00:00,182.0,277.52667
2025-03-14 05:00:00,825.0,968.8675
2025-03-14 06:00:00,2143.0,2315.5376
2025-03-14 07:00:00,2422.0,2470.8213
2025-03-14 08:00:00,1794.0,1787.4169
2025-03-14 09:00:00,1547.0,1485.1455
2025-03-14 10:00:00,1530.0,1486.5784
2025-03-14 11:00:00,1736.0,1542.4766
2025-03-14 12:00:00,1790.0,1611.7175
2025-03-14 13:00:00,1906.0,1680.5325
2025-03-14 14:00:00,1924.0,1790.5273
2025-03-14 15:00:00,2028.0,1949.5247
2025-03-14 16:00:00,2185.0,2110.1284
2025-03-14 17:00:00,2257.0,2209.5923
2025-03-14 18:00:00,1936.0,1870.7463
2025-03-14 19:00:00,1233.0,1251.3131
2025-03-14 20:00:00,835.0,907.91656
2025-03-14 21:00:00,651.0,674.56885
2025-03-14 22:00:00,589.0,581.1024
2025-03-14 23:00:00,429.0,413.18115
2025-03-15 00:00:00,244.0,274.33508
2025-03-15 01:00:00,148.0,170.35211
2025-03-15 02:00:00,103.0,133.23822
2025-03-15 03:00:00,91.0,124.505615
2025-03-15 04:00:00,119.0,149.14685
2025-03-15 05:00:00,222.0,223.68933
2025-03-15 06:00:00,467.0,422.7442
2025-03-15 07:00:00,933.0,731.7051
2025-03-15 08:00:00,1368.0,1080.514
2025-03-15 09:00:00,1569.0,1464.9314
2025-03-15 10:00:00,1936.0,1740.4612
2025-03-15 11:00:00,2155.0,1896.7969
2025-03-15 12:00:00,2231.0,1951.2212
2025-03-15 13:00:00,2271.0,1987.4009
2025-03-15 14:00:00,2159.0,2031.6345
2025-03-15 15:00:00,2005.0,2106.1865
2025-03-15 16:00:00,2141.0,2209.4648
2025-03-15 17:00:00,2144.0,2239.8315
2025-03-15 18:00:00,1688.0,1821.9879
2025-03-15 19:00:00,997.0,1195.8252
2025-03-15 20:00:00,837.0,885.20667
2025-03-15 21:00:00,792.0,798.5509
2025-03-15 22:00:00,803.0,738.7182
2025-03-15 23:00:00,618.0,538.00446
2025-03-16 00:00:00,399.0,258.15094
2025-03-16 01:00:00,199.0,213.22162
2025-03-16 02:00:00,114.0,180.96692
2025-03-16 03:00:00,71.0,156.10394
2025-03-16 04:00:00,82.0,139.92993
2025-03-16 05:00:00,93.0,157.60992
2025-03-16 06:00:00,191.0,203.19598
2025-03-16 07:00:00,295.0,317.09644
2025-03-16 08:00:00,595.0,525.2229
2025-03-16 09:00:00,1041.0,941.0735
2025-03-16 10:00:00,1469.0,1266.229
2025-03-16 11:00:00,2085.0,1560.2229
2025-03-16 12:00:00,2419.0,1714.4459
2025-03-16 13:00:00,2626.0,1870.8896
2025-03-16 14:00:00,2427.0,2123.8682
2025-03-16 15:00:00,2577.0,2368.2227
2025-03-16 16:00:00,2590.0,2561.7637
2025-03-16 17:00:00,2491.0,2670.5186
2025-03-16 18:00:00,1760.0,2406.707
2025-03-16 19:00:00,1264.0,2122.1277
2025-03-16 20:00:00,1159.0,1825.2976
2025-03-16 21:00:00,845.0,1331.6133
2025-03-16 22:00:00,438.0,536.7752
2025-03-16 23:00:00,276.0,305.97516
2025-03-17 00:00:00,275.0,89.75134
2025-03-17 01:00:00,62.0,62.895874
2025-03-17 02:00:00,53.0,66.8584
2025-03-17 03:00:00,60.0,92.6062
2025-03-17 04:00:00,208.0,301.0205
2025-03-17 05:00:00,1074.0,998.96594
2025-03-17 06:00:00,2585.0,2543.8784
2025-03-17 07:00:00,2895.0,2707.5564
2025-03-17 08:00:00,2034.0,1877.4512
2025-03-17 09:00:00,1496.0,1452.9586
2025-03-17 10:00:00,1304.0,1442.0571
2025-03-17 11:00:00,1510.0,1456.425
2025-03-17 12:00:00,1457.0,1473.9507
2025-03-17 13:00:00,1473.0,1501.9657
2025-03-17 14:00:00,1540.0,1542.0477
2025-03-17 15:00:00,1704.0,1650.0107
2025-03-17 16:00:00,1835.0,1847.635
2025-03-17 17:00:00,2156.0,2064.0947
2025-03-17 18:00:00,1691.0,1768.0977
2025-03-17 19:00:00,960.0,1205.9165
2025-03-17 20:00:00,602.0,737.5958
2025-03-17 21:00:00,493.0,541.21484
2025-03-17 22:00:00,340.0,384.1872
2025-03-17 23:00:00,131.0,171.77222
2025-03-18 00:00:00,77.0,85.347534
2025-03-18 01:00:00,53.0,54.6344
2025-03-18 02:00:00,47.0,50.27527
2025-03-18 03:00:00,83.0,71.72229
2025-03-18 04:00:00,180.0,172.57745
2025-03-18 05:00:00,980.0,946.5449
2025-03-18 06:00:00,2585.0,2612.7168
2025-03-18 07:00:00,2994.0,2802.6025
2025-03-18 08:00:00,2190.0,2131.4456
2025-03-18 09:00:00,1489.0,1465.8922
2025-03-18 10:00:00,1408.0,1433.3696
2025-03-18 11:00:00,1390.0,1445.957
2025-03-18 12:00:00,1391.0,1466.5533
2025-03-18 13:00:00,1477.0,1491.1426
2025-03-18 14:00:00,1518.0,1523.0155
2025-03-18 15:00:00,1689.0,1603.8033
2025-03-18 16:00:00,2001.0,1813.3838
2025-03-18 17:00:00,2278.0,2083.5293
2025-03-18 18:00:00,1875.0,1653.1345
2025-03-18 19:00:00,1114.0,1024.3152
2025-03-18 20:00:00,638.0,658.2792
2025-03-18 21:00:00,489.0,508.07672
2025-03-18 22:00:00,361.0,383.7188
2025-03-18 23:00:00,205.0,181.98615
2025-03-19 00:00:00,95.0,127.86194
2025-03-19 01:00:00,50.0,88.27112
2025-03-19 02:00:00,60.0,91.47815
2025-03-19 03:00:00,70.0,153.54565
2025-03-19 04:00:00,179.0,623.0644
2025-03-19 05:00:00,907.0,1621.9087
2025-03-19 06:00:00,2493.0,2630.7542
2025-03-19 07:00:00,2856.0,2716.9924
2025-03-19 08:00:00,2007.0,2208.4275
2025-03-19 09:00:00,1624.0,1678.9835
2025-03-19 10:00:00,1546.0,1471.3857
2025-03-19 11:00:00,1663.0,1482.9963
2025-03-19 12:00:00,1480.0,1504.2432
2025-03-19 13:00:00,1579.0,1528.5046
2025-03-19 14:00:00,1627.0,1553.6216
2025-03-19 15:00:00,1678.0,1636.736
2025-03-19 16:00:00,1840.0,1829.751
2025-03-19 17:00:00,2010.0,2044.2239
2025-03-19 18:00:00,1673.0,1686.7433
2025-03-19 19:00:00,1022.0,1138.16
2025-03-19 20:00:00,641.0,756.54944
2025-03-19 21:00:00,551.0,527.00665
2025-03-19 22:00:00,434.0,409.12225
2025-03-19 23:00:00,215.0,264.20032
2025-03-20 00:00:00,114.0,91.94055
2025-03-20 01:00:00,58.0,52.253296
2025-03-20 02:00:00,48.0,57.204468
2025-03-20 03:00:00,69.0,78.48218
2025-03-20 04:00:00,131.0,258.82898
2025-03-20 05:00:00,971.0,984.97485
2025-03-20 06:00:00,2583.0,2526.48
2025-03-20 07:00:00,2861.0,2724.5098
2025-03-20 08:00:00,2167.0,2091.779
2025-03-20 09:00:00,1512.0,1525.8325
2025-03-20 10:00:00,1380.0,1450.9545
2025-03-20 11:00:00,1492.0,1478.4092
2025-03-20 12:00:00,1530.0,1512.8953
2025-03-20 13:00:00,1587.0,1553.5305
2025-03-20 14:00:00,1599.0,1604.1151
2025-03-20 15:00:00,1788.0,1738.3674
2025-03-20 16:00:00,2058.0,1975.1649
2025-03-20 17:00:00,2324.0,2174.8901
2025-03-20 18:00:00,1912.0,1760.0376
2025-03-20 19:00:00,1236.0,1175.9648
2025-03-20 20:00:00,795.0,763.4352
2025-03-20 21:00:00,524.0,586.7458
2025-03-20 22:00:00,427.0,497.33563
2025-03-20 23:00:00,253.0,270.3105
2025-03-21 00:00:00,253.0,135.3645
2025-03-21 01:00:00,78.0,64.12598
2025-03-21 02:00:00,63.0,68.399536
2025-03-21 03:00:00,88.0,90.07471
2025-03-21 04:00:00,174.0,296.57465
2025-03-21 05:00:00,772.0,894.8302
2025-03-21 06:00:00,2187.0,2330.6765
2025-03-21 07:00:00,2372.0,2628.6558
2025-03-21 08:00:00,1833.0,1946.9113
2025-03-21 09:00:00,1477.0,1516.2103
2025-03-21 10:00:00,1570.0,1485.8794
2025-03-21 11:00:00,1629.0,1533.1438
2025-03-21 12:00:00,1715.0,1597.2871
2025-03-21 13:00:00,1774.0,1663.1494
2025-03-21 14:00:00,1918.0,1759.929
2025-03-21 15:00:00,2011.0,1907.2518
2025-03-21 16:00:00,2232.0,2093.5298
2025-03-21 17:00:00,2291.0,2209.7368
2025-03-21 18:00:00,1914.0,1845.6677
2025-03-21 19:00:00,1308.0,1280.2699
2025-03-21 20:00:00,833.0,900.69257
2025-03-21 21:00:00,611.0,667.5159
2025-03-21 22:00:00,575.0,569.2971
2025-03-21 23:00:00,445.0,452.05896
2025-03-22 00:00:00,226.0,311.9975
2025-03-22 01:00:00,112.0,181.77783
2025-03-22 02:00:00,69.0,129.39331
2025-03-22 03:00:00,97.0,126.84442
2025-03-22 04:00:00,110.0,156.54205
2025-03-22 05:00:00,218.0,268.34296
2025-03-22 06:00:00,561.0,486.31842
2025-03-22 07:00:00,999.0,823.828
2025-03-22 08:00:00,1428.0,1182.148
2025-03-22 09:00:00,1669.0,1534.9955
2025-03-22 10:00:00,1896.0,1739.2832
2025-03-22 11:00:00,2066.0,1868.449
2025-03-22 12:00:00,2102.0,1902.1459
2025-03-22 13:00:00,2212.0,1937.758
2025-03-22 14:00:00,2211.0,1977.2009
2025-03-22 15:00:00,2200.0,2055.4543
2025-03-22 16:00:00,2311.0,2169.523
2025-03-22 17:00:00,2585.0,2251.481
2025-03-22 18:00:00,2316.0,1943.6918
2025-03-22 19:00:00,1318.0,1323.4808
2025-03-22 20:00:00,903.0,946.7469
2025-03-22 21:00:00,747.0,835.0494
2025-03-22 22:00:00,739.0,768.99084
2025-03-22 23:00:00,584.0,614.1929
2025-03-23 00:00:00,367.0,272.41254
2025-03-23 01:00:00,188.0,230.74982
2025-03-23 02:00:00,115.0,187.84052
2025-03-23 03:00:00,86.0,159.5777
2025-03-23 04:00:00,102.0,144.66968
2025-03-23 05:00:00,92.0,152.20398
2025-03-23 06:00:00,179.0,202.6225
2025-03-23 07:00:00,309.0,302.8742
2025-03-23 08:00:00,598.0,502.1596
2025-03-23 09:00:00,1127.0,918.6072
2025-03-23 10:00:00,1497.0,1242.6394
2025-03-23 11:00:00,2026.0,1520.7476
2025-03-23 12:00:00,2312.0,1700.8418
2025-03-23 13:00:00,2514.0,1939.4363
2025-03-23 14:00:00,2467.0,2124.079
2025-03-23 15:00:00,2685.0,2377.8872
2025-03-23 16:00:00,2783.0,2607.2507
2025-03-23 17:00:00,2859.0,2651.451
2025-03-23 18:00:00,2127.0,2449.2197
2025-03-23 19:00:00,1490.0,2080.133
2025-03-23 20:00:00,1267.0,1739.4556
2025-03-23 21:00:00,825.0,1281.3984
2025-03-23 22:00:00,485.0,597.79474
2025-03-23 23:00:00,198.0,319.94385
2025-03-24 00:00:00,89.0,94.89258
2025-03-24 01:00:00,48.0,66.20264
2025-03-24 02:00:00,45.0,55.36853
2025-03-24 03:00:00,60.0,79.95935
2025-03-24 04:00:00,215.0,327.27686
2025-03-24 05:00:00,1124.0,999.5292
2025-03-24 06:00:00,2602.0,2613.053
2025-03-24 07:00:00,2960.0,2808.983
2025-03-24 08:00:00,2128.0,2117.4697
2025-03-24 09:00:00,1513.0,1472.4625
2025-03-24 10:00:00,1314.0,1438.2576
2025-03-24 11:00:00,1442.0,1447.7238
2025-03-24 12:00:00,1417.0,1463.3558
2025-03-24 13:00:00,1523.0,1486.9384
2025-03-24 14:00:00,1476.0,1523.417
2025-03-24 15:00:00,1589.0,1624.5026
2025-03-24 16:00:00,1810.0,1816.3657
2025-03-24 17:00:00,2141.0,2030.2152
2025-03-24 18:00:00,1603.0,1641.8351
2025-03-24 19:00:00,1014.0,1063.4972
2025-03-24 20:00:00,663.0,692.0587
2025-03-24 21:00:00,491.0,519.29645
2025-03-24 22:00:00,298.0,376.4261
2025-03-24 23:00:00,157.0,188.44244
2025-03-25 00:00:00,63.0,93.26135
2025-03-25 01:00:00,48.0,60.98291
2025-03-25 02:00:00,53.0,54.568115
2025-03-25 03:00:00,75.0,77.56421
2025-03-25 04:00:00,194.0,222.73181
2025-03-25 05:00:00,988.0,960.6825
2025-03-25 06:00:00,2568.0,2618.995
2025-03-25 07:00:00,3010.0,2816.6667
2025-03-25 08:00:00,2128.0,2057.9146
2025-03-25 09:00:00,1550.0,1459.708
2025-03-25 10:00:00,1429.0,1436.3235
2025-03-25 11:00:00,1431.0,1451.3687
2025-03-25 12:00:00,1377.0,1472.2103
2025-03-25 13:00:00,1507.0,1495.5527
2025-03-25 14:00:00,1444.0,1528.0436
2025-03-25 15:00:00,1572.0,1626.2976
2025-03-25 16:00:00,1892.0,1813.1665
2025-03-25 17:00:00,2160.0,2035.593
2025-03-25 18:00:00,1685.0,1665.8026
2025-03-25 19:00:00,1016.0,1050.5901
2025-03-25 20:00:00,601.0,673.8561
2025-03-25 21:00:00,505.0,520.31635
2025-03-25 22:00:00,356.0,403.14276
2025-03-25 23:00:00,197.0,203.51477
2025-03-26 00:00:00,98.0,92.635254
2025-03-26 01:00:00,55.0,57.1261
2025-03-26 02:00:00,52.0,54.09253
2025-03-26 03:00:00,86.0,79.98657
2025-03-26 04:00:00,177.0,267.1385
2025-03-26 05:00:00,1002.0,995.12976
2025-03-26 06:00:00,2530.0,2580.7642
2025-03-26 07:00:00,2899.0,2777.8667
2025-03-26 08:00:00,2032.0,2102.1494
2025-03-26 09:00:00,1474.0,1486.2448
2025-03-26 10:00:00,1368.0,1438.4062
2025-03-26 11:00:00,1452.0,1459.0432
2025-03-26 12:00:00,1557.0,1495.603
2025-03-26 13:00:00,1573.0,1517.6409
2025-03-26 14:00:00,1539.0,1548.9597
2025-03-26 15:00:00,1614.0,1614.8927
2025-03-26 16:00:00,1911.0,1801.2179
2025-03-26 17:00:00,2115.0,2097.4756
2025-03-26 18:00:00,1682.0,1698.029
2025-03-26 19:00:00,993.0,1046.4984
2025-03-26 20:00:00,656.0,682.97784
2025-03-26 21:00:00,523.0,538.4176
2025-03-26 22:00:00,428.0,435.20947
2025-03-26 23:00:00,205.0,223.69196
2025-03-27 00:00:00,89.0,97.992676
2025-03-27 01:00:00,63.0,54.63965
2025-03-27 02:00:00,58.0,59.309326
2025-03-27 03:00:00,80.0,84.24048
2025-03-27 04:00:00,188.0,297.49463
2025-03-27 05:00:00,1033.0,992.36304
2025-03-27 06:00:00,2591.0,2531.8582
2025-03-27 07:00:00,2925.0,2766.7007
2025-03-27 08:00:00,2045.0,2143.8218
2025-03-27 09:00:00,1481.0,1526.9432
2025-03-27 10:00:00,1397.0,1451.3213
2025-03-27 11:00:00,1512.0,1480.996
2025-03-27 12:00:00,1470.0,1515.6923
2025-03-27 13:00:00,1579.0,1552.6746
2025-03-27 14:00:00,1569.0,1600.3102
2025-03-27 15:00:00,1730.0,1728.1134
2025-03-27 16:00:00,1925.0,1945.8123
2025-03-27 17:00:00,2154.0,2156.266
2025-03-27 18:00:00,1738.0,1739.1975
2025-03-27 19:00:00,1070.0,1147.948
2025-03-27 20:00:00,705.0,744.322
2025-03-27 21:00:00,565.0,581.1272
2025-03-27 22:00:00,412.0,489.21936
2025-03-27 23:00:00,223.0,254.99915
2025-03-28 00:00:00,115.0,122.63562
2025-03-28 01:00:00,58.0,62.066772
2025-03-28 02:00:00,66.0,67.55676
2025-03-28 03:00:00,90.0,88.00513
2025-03-28 04:00:00,163.0,279.96545
2025-03-28 05:00:00,842.0,890.1587
2025-03-28 06:00:00,2164.0,2334.2285
2025-03-28 07:00:00,2397.0,2626.1206
2025-03-28 08:00:00,1795.0,1959.741
2025-03-28 09:00:00,1459.0,1512.2058
2025-03-28 10:00:00,1542.0,1477.0354
2025-03-28 11:00:00,1592.0,1526.96
2025-03-28 12:00:00,1594.0,1588.8142
2025-03-28 13:00:00,1720.0,1651.1312
2025-03-28 14:00:00,1765.0,1754.4059
2025-03-28 15:00:00,1968.0,1902.1562
2025-03-28 16:00:00,2249.0,2100.8535
2025-03-28 17:00:00,2305.0,2194.4849
2025-03-28 18:00:00,1851.0,1830.031
2025-03-28 19:00:00,1292.0,1261.4238
2025-03-28 20:00:00,895.0,878.93695
2025-03-28 21:00:00,642.0,657.9415
2025-03-28 22:00:00,589.0,569.3306
2025-03-28 23:00:00,418.0,433.43518
2025-03-29 00:00:00,277.0,290.73822
2025-03-29 01:00:00,161.0,166.86554
2025-03-29 02:00:00,117.0,122.64758
2025-03-29 03:00:00,108.0,121.426636
2025-03-29 04:00:00,165.0,149.57825
2025-03-29 05:00:00,230.0,253.82275
2025-03-29 06:00:00,488.0,482.40173
2025-03-29 07:00:00,820.0,802.9968
2025-03-29 08:00:00,1185.0,1139.7888
2025-03-29 09:00:00,1471.0,1458.37
2025-03-29 10:00:00,1712.0,1679.0886
2025-03-29 11:00:00,1846.0,1843.4607
2025-03-29 12:00:00,1899.0,1893.0264
2025-03-29 13:00:00,1957.0,1917.7512
2025-03-29 14:00:00,2025.0,1941.9294
2025-03-29 15:00:00,2044.0,2014.279
2025-03-29 16:00:00,2147.0,2044.3118
2025-03-29 17:00:00,2176.0,2142.8474
2025-03-29 18:00:00,1758.0,1610.4626
2025-03-29 19:00:00,1147.0,1094.8937
2025-03-29 20:00:00,936.0,845.64404
2025-03-29 21:00:00,826.0,777.1267
2025-03-29 22:00:00,770.0,742.37036
2025-03-29 23:00:00,630.0,577.0745
2025-03-30 00:00:00,378.0,272.5216
2025-03-30 01:00:00,250.0,238.74011
2025-03-30 02:00:00,0.0,186.12097
2025-03-30 03:00:00,177.0,158.38379
2025-03-30 04:00:00,167.0,142.26965
2025-03-30 05:00:00,123.0,149.0346
2025-03-30 06:00:00,227.0,199.82208
2025-03-30 07:00:00,344.0,298.34485
2025-03-30 08:00:00,539.0,561.9447
2025-03-30 09:00:00,954.0,998.1419
2025-03-30 10:00:00,1365.0,1283.1124
2025-03-30 11:00:00,1797.0,1519.9636
2025-03-30 12:00:00,2068.0,1681.8574
2025-03-30 13:00:00,2217.0,1860.3573
2025-03-30 14:00:00,2492.0,2141.4146
2025-03-30 15:00:00,2605.0,2399.1099
2025-03-30 16:00:00,2853.0,2610.275
2025-03-30 17:00:00,2860.0,2646.812
2025-03-30 18:00:00,2492.0,2439.4163
2025-03-30 19:00:00,1997.0,2070.0842
2025-03-30 20:00:00,1670.0,1715.1604
2025-03-30 21:00:00,1260.0,1282.2349
2025-03-30 22:00:00,708.0,604.6456
2025-03-30 23:00:00,303.0,317.79663
2025-03-31 00:00:00,122.0,95.45581
2025-03-31 01:00:00,72.0,66.27515
2025-03-31 02:00:00,53.0,64.74341
2025-03-31 03:00:00,89.0,88.747314
2025-03-31 04:00:00,210.0,263.63422
2025-03-31 05:00:00,1015.0,967.468
2025-03-31 06:00:00,2507.0,2618.477
2025-03-31 07:00:00,2872.0,2811.623
2025-03-31 08:00:00,2072.0,2122.4575
2025-03-31 09:00:00,1485.0,1477.1416
2025-03-31 10:00:00,1426.0,1432.8855
2025-03-31 11:00:00,1478.0,1434.3829
2025-03-31 12:00:00,1418.0,1460.3323
2025-03-31 13:00:00,1539.0,1482.4065
2025-03-31 14:00:00,1631.0,1517.3528
2025-03-31 15:00:00,1614.0,1601.9087
2025-03-31 16:00:00,1852.0,1782.672
2025-03-31 17:00:00,2012.0,2041.4363
2025-03-31 18:00:00,1525.0,1631.3522
2025-03-31 19:00:00,1039.0,1039.6609
2025-03-31 20:00:00,697.0,674.8231
2025-03-31 21:00:00,508.0,508.42792
2025-03-31 22:00:00,382.0,364.13867
2025-03-31 23:00:00,158.0,174.37573
2025-04-01 00:00:00,110.0,88.01306
2025-04-01 01:00:00,86.0,57.863403
2025-04-01 02:00:00,83.0,52.409058
2025-04-01 03:00:00,103.0,74.19336
2025-04-01 04:00:00,205.0,201.07239
2025-04-01 05:00:00,993.0,962.363
2025-04-01 06:00:00,2651.0,2628.0881
2025-04-01 07:00:00,2978.0,2791.8591
2025-04-01 08:00:00,2168.0,1998.8481
2025-04-01 09:00:00,1556.0,1512.2622
2025-04-01 10:00:00,1410.0,1436.7147
2025-04-01 11:00:00,1328.0,1440.7588
2025-04-01 12:00:00,1452.0,1466.5267
2025-04-01 13:00:00,1447.0,1482.9868
2025-04-01 14:00:00,1512.0,1518.3862
2025-04-01 15:00:00,1586.0,1591.4806
2025-04-01 16:00:00,1869.0,1770.9246
2025-04-01 17:00:00,2089.0,2075.2937
2025-04-01 18:00:00,1697.0,1675.1753
2025-04-01 19:00:00,1078.0,1022.90924
2025-04-01 20:00:00,671.0,658.3708
2025-04-01 21:00:00,537.0,509.7834
2025-04-01 22:00:00,356.0,393.2423
2025-04-01 23:00:00,243.0,150.87585
2025-04-02 00:00:00,284.0,72.23364
2025-04-02 01:00:00,91.0,51.34778
2025-04-02 02:00:00,74.0,50.259277
2025-04-02 03:00:00,98.0,71.44885
2025-04-02 04:00:00,209.0,169.33453
2025-04-02 05:00:00,976.0,982.77936
2025-04-02 06:00:00,2542.0,2609.8213
2025-04-02 07:00:00,2989.0,2781.5596
2025-04-02 08:00:00,2150.0,2055.539
2025-04-02 09:00:00,1603.0,1469.3015
2025-04-02 10:00:00,1311.0,1440.9243
2025-04-02 11:00:00,1497.0,1459.9694
2025-04-02 12:00:00,1498.0,1482.8335
2025-04-02 13:00:00,1593.0,1512.4514
2025-04-02 14:00:00,1578.0,1549.3251
2025-04-02 15:00:00,1707.0,1647.0142
2025-04-02 16:00:00,1960.0,1871.7104
2025-04-02 17:00:00,2252.0,2146.3625
2025-04-02 18:00:00,1748.0,1763.7771
2025-04-02 19:00:00,1158.0,1116.1212
2025-04-02 20:00:00,764.0,696.83105
2025-04-02 21:00:00,584.0,541.1181
2025-04-02 22:00:00,428.0,433.87872
2025-04-02 23:00:00,208.0,224.03058
2025-04-03 00:00:00,129.0,114.04614
2025-04-03 01:00:00,104.0,79.70459
2025-04-03 02:00:00,121.0,76.36316
2025-04-03 03:00:00,132.0,126.92572
2025-04-03 04:00:00,208.0,471.24194
2025-04-03 05:00:00,1029.0,1140.9294
2025-04-03 06:00:00,2602.0,2504.3967
2025-04-03 07:00:00,2980.0,2709.938
2025-04-03 08:00:00,2143.0,2174.5078
2025-04-03 09:00:00,1703.0,1628.3558
2025-04-03 10:00:00,1556.0,1458.0284
2025-04-03 11:00:00,1494.0,1474.8512
2025-04-03 12:00:00,1444.0,1506.827
2025-04-03 13:00:00,1557.0,1540.7589
2025-04-03 14:00:00,1638.0,1582.7048
2025-04-03 15:00:00,1748.0,1699.197
2025-04-03 16:00:00,1965.0,1926.0106
2025-04-03 17:00:00,2201.0,2101.6304
2025-04-03 18:00:00,1803.0,1687.5651
2025-04-03 19:00:00,1220.0,1145.4628
2025-04-03 20:00:00,709.0,788.7246
2025-04-03 21:00:00,589.0,591.3179
2025-04-03 22:00:00,434.0,467.21124
2025-04-03 23:00:00,250.0,247.59668
2025-04-04 00:00:00,136.0,139.24335
2025-04-04 01:00:00,72.0,79.24451
2025-04-04 02:00:00,82.0,80.71521
2025-04-04 03:00:00,109.0,111.51819
2025-04-04 04:00:00,208.0,386.41974
2025-04-04 05:00:00,801.0,1117.1721
2025-04-04 06:00:00,2133.0,2423.5771
2025-04-04 07:00:00,2470.0,2507.6309
2025-04-04 08:00:00,1897.0,1949.4038
2025-04-04 09:00:00,1581.0,1545.4778
2025-04-04 10:00:00,1434.0,1469.8654
2025-04-04 11:00:00,1491.0,1500.036
2025-04-04 12:00:00,1620.0,1543.5339
2025-04-04 13:00:00,1685.0,1599.6802
2025-04-04 14:00:00,1757.0,1690.5043
2025-04-04 15:00:00,1985.0,1866.0879
2025-04-04 16:00:00,2036.0,2054.8994
2025-04-04 17:00:00,2273.0,2197.44
2025-04-04 18:00:00,1792.0,1892.1594
2025-04-04 19:00:00,1363.0,1417.7632
2025-04-04 20:00:00,911.0,972.59204
2025-04-04 21:00:00,695.0,665.49023
2025-04-04 22:00:00,615.0,556.2218
2025-04-04 23:00:00,462.0,402.54028
2025-04-05 00:00:00,253.0,228.08148
2025-04-05 01:00:00,144.0,131.65204
2025-04-05 02:00:00,104.0,108.346924
2025-04-05 03:00:00,99.0,119.83203
2025-04-05 04:00:00,117.0,186.23706
2025-04-05 05:00:00,227.0,337.5666
2025-04-05 06:00:00,547.0,610.95905
2025-04-05 07:00:00,968.0,1014.54834
2025-04-05 08:00:00,1313.0,1272.6202
2025-04-05 09:00:00,1667.0,1555.6146
2025-04-05 10:00:00,1834.0,1715.3514
2025-04-05 11:00:00,1827.0,1778.7161
2025-04-05 12:00:00,1898.0,1841.2561
2025-04-05 13:00:00,1862.0,1888.3728
2025-04-05 14:00:00,1867.0,1939.0955
2025-04-05 15:00:00,1871.0,2009.3877
2025-04-05 16:00:00,2064.0,2099.7422
2025-04-05 17:00:00,2154.0,2125.6067
2025-04-05 18:00:00,1788.0,1770.7109
2025-04-05 19:00:00,1217.0,1260.4528
2025-04-05 20:00:00,1047.0,871.7861
2025-04-05 21:00:00,879.0,758.10205
2025-04-05 22:00:00,813.0,687.21484
2025-04-05 23:00:00,677.0,509.625
2025-04-06 00:00:00,560.0,228.77875
2025-04-06 01:00:00,258.0,195.54388
2025-04-06 02:00:00,129.0,164.55463
2025-04-06 03:00:00,85.0,153.75433
2025-04-06 04:00:00,96.0,140.52441
2025-04-06 05:00:00,124.0,179.3003
2025-04-06 06:00:00,203.0,339.13727
2025-04-06 07:00:00,299.0,546.2949
2025-04-06 08:00:00,638.0,794.21936
2025-04-06 09:00:00,1065.0,1091.0392
2025-04-06 10:00:00,1395.0,1306.352
2025-04-06 11:00:00,1768.0,1458.1223
2025-04-06 12:00:00,2036.0,1581.6462
2025-04-06 13:00:00,2215.0,1729.4131
2025-04-06 14:00:00,2331.0,1890.7307
2025-04-06 15:00:00,2492.0,2120.574
2025-04-06 16:00:00,2723.0,2351.8696
2025-04-06 17:00:00,2802.0,2367.7651
2025-04-06 18:00:00,2303.0,2142.2468
2025-04-06 19:00:00,1713.0,1678.2684
2025-04-06 20:00:00,1427.0,1198.0964
2025-04-06 21:00:00,907.0,788.0631
2025-04-06 22:00:00,496.0,413.75275
2025-04-06 23:00:00,216.0,257.6104
2025-04-07 00:00:00,93.0,77.59607
2025-04-07 01:00:00,61.0,71.042725
2025-04-07 02:00:00,43.0,79.00049
2025-04-07 03:00:00,89.0,109.460815
2025-04-07 04:00:00,197.0,363.47607
2025-04-07 05:00:00,1053.0,1106.1638
2025-04-07 06:00:00,2543.0,2469.9482
2025-04-07 07:00:00,2843.0,2567.739
2025-04-07 08:00:00,2042.0,1913.3082
2025-04-07 09:00:00,1629.0,1551.9147
2025-04-07 10:00:00,1491.0,1432.5244
2025-04-07 11:00:00,1393.0,1435.3281
2025-04-07 12:00:00,1304.0,1449.8728
2025-04-07 13:00:00,1522.0,1471.0225
2025-04-07 14:00:00,1506.0,1506.3137
2025-04-07 15:00:00,1631.0,1652.4886
2025-04-07 16:00:00,1798.0,1905.4961
2025-04-07 17:00:00,2074.0,2135.0764
2025-04-07 18:00:00,1655.0,1892.5908
2025-04-07 19:00:00,1124.0,1282.4265
2025-04-07 20:00:00,705.0,765.5663
2025-04-07 21:00:00,583.0,515.41327
2025-04-07 22:00:00,346.0,300.4602
2025-04-07 23:00:00,173.0,139.02386
2025-04-08 00:00:00,112.0,75.911255
2025-04-08 01:00:00,71.0,65.17175
2025-04-08 02:00:00,90.0,72.62378
2025-04-08 03:00:00,112.0,101.269165
2025-04-08 04:00:00,208.0,329.68567
2025-04-08 05:00:00,1001.0,1078.7523
2025-04-08 06:00:00,2644.0,2463.8362
2025-04-08 07:00:00,3101.0,2538.9233
2025-04-08 08:00:00,2159.0,1957.4612
2025-04-08 09:00:00,1523.0,1534.3601
2025-04-08 10:00:00,1472.0,1431.9055
2025-04-08 11:00:00,1326.0,1437.485
2025-04-08 12:00:00,1455.0,1456.4847
2025-04-08 13:00:00,1544.0,1477.3801
2025-04-08 14:00:00,1582.0,1507.0493
2025-04-08 15:00:00,1640.0,1644.6053
2025-04-08 16:00:00,1803.0,1891.9961
2025-04-08 17:00:00,2215.0,2134.9724
2025-04-08 18:00:00,1762.0,1843.6499
2025-04-08 19:00:00,1074.0,1256.158
2025-04-08 20:00:00,691.0,745.1578
2025-04-08 21:00:00,545.0,521.01337
2025-04-08 22:00:00,338.0,335.10925
2025-04-08 23:00:00,206.0,153.67175
2025-04-09 00:00:00,114.0,78.993164
2025-04-09 01:00:00,74.0,63.70691
2025-04-09 02:00:00,72.0,71.1145
2025-04-09 03:00:00,102.0,96.0553
2025-04-09 04:00:00,210.0,303.68884
2025-04-09 05:00:00,980.0,1055.0995
2025-04-09 06:00:00,2572.0,2393.7656
2025-04-09 07:00:00,2942.0,2558.946
2025-04-09 08:00:00,2115.0,1950.0823
2025-04-09 09:00:00,1543.0,1559.218
2025-04-09 10:00:00,1374.0,1435.2588
2025-04-09 11:00:00,1540.0,1445.154
2025-04-09 12:00:00,1531.0,1470.2815
2025-04-09 13:00:00,1579.0,1498.8663
2025-04-09 14:00:00,1633.0,1551.5686
2025-04-09 15:00:00,1732.0,1726.5042
2025-04-09 16:00:00,1963.0,1959.127
2025-04-09 17:00:00,2235.0,2163.586
2025-04-09 18:00:00,1723.0,1851.9995
2025-04-09 19:00:00,1155.0,1319.3779
2025-04-09 20:00:00,694.0,779.4193
2025-04-09 21:00:00,577.0,559.5823
2025-04-09 22:00:00,418.0,393.5835
2025-04-09 23:00:00,241.0,166.34784
2025-04-10 00:00:00,112.0,90.01587
2025-04-10 01:00:00,56.0,70.72681
2025-04-10 02:00:00,56.0,77.96448
2025-04-10 03:00:00,95.0,101.40369
2025-04-10 04:00:00,218.0,274.74548
2025-04-10 05:00:00,954.0,963.5361
2025-04-10 06:00:00,2538.0,2243.8193
2025-04-10 07:00:00,2931.0,2394.854
2025-04-10 08:00:00,2098.0,1930.2471
2025-04-10 09:00:00,1590.0,1584.8213
2025-04-10 10:00:00,1583.0,1460.791
2025-04-10 11:00:00,1436.0,1459.0264
2025-04-10 12:00:00,1396.0,1503.7344
2025-04-10 13:00:00,1520.0,1551.3518
2025-04-10 14:00:00,1662.0,1666.3528
2025-04-10 15:00:00,1723.0,1846.7332
2025-04-10 16:00:00,2011.0,2078.8198
2025-04-10 17:00:00,2217.0,2185.5864
2025-04-10 18:00:00,1766.0,1865.9424
2025-04-10 19:00:00,1059.0,1412.0189
2025-04-10 20:00:00,790.0,906.59644
2025-04-10 21:00:00,692.0,609.3951
2025-04-10 22:00:00,478.0,492.9961
2025-04-10 23:00:00,335.0,211.48157
2025-04-11 00:00:00,339.0,130.31488
2025-04-11 01:00:00,110.0,87.58899
2025-04-11 02:00:00,73.0,92.40039
2025-04-11 03:00:00,103.0,118.068115
2025-04-11 04:00:00,203.0,289.72943
2025-04-11 05:00:00,832.0,877.0393
2025-04-11 06:00:00,2190.0,2032.2346
2025-04-11 07:00:00,2512.0,2180.7017
2025-04-11 08:00:00,1801.0,1860.3309
2025-04-11 09:00:00,1564.0,1593.1753
2025-04-11 10:00:00,1598.0,1504.9004
2025-04-11 11:00:00,1622.0,1521.4801
2025-04-11 12:00:00,1531.0,1572.4434
2025-04-11 13:00:00,1686.0,1660.943
2025-04-11 14:00:00,1881.0,1808.8599
2025-04-11 15:00:00,2032.0,1979.6399
2025-04-11 16:00:00,2088.0,2148.6824
2025-04-11 17:00:00,2198.0,2191.8887
2025-04-11 18:00:00,1927.0,1916.9951
2025-04-11 19:00:00,1330.0,1536.2302
2025-04-11 20:00:00,1012.0,1056.1227
2025-04-11 21:00:00,835.0,690.0361
2025-04-11 22:00:00,728.0,561.26294
2025-04-11 23:00:00,517.0,348.38226
2025-04-12 00:00:00,256.0,225.36511
2025-04-12 01:00:00,153.0,134.78528
2025-04-12 02:00:00,101.0,113.79419
2025-04-12 03:00:00,110.0,117.328735
2025-04-12 04:00:00,136.0,156.33557
2025-04-12 05:00:00,259.0,278.69055
2025-04-12 06:00:00,598.0,552.84283
2025-04-12 07:00:00,1137.0,904.7408
2025-04-12 08:00:00,1538.0,1199.8121
2025-04-12 09:00:00,1820.0,1530.435
2025-04-12 10:00:00,1835.0,1791.2424
2025-04-12 11:00:00,1866.0,1884.3992
2025-04-12 12:00:00,1836.0,1939.3849
2025-04-12 13:00:00,1948.0,1992.5397
2025-04-12 14:00:00,2060.0,2050.3428
2025-04-12 15:00:00,2034.0,2129.9478
2025-04-12 16:00:00,2199.0,2233.1055
2025-04-12 17:00:00,2260.0,2141.9175
2025-04-12 18:00:00,1724.0,1873.0889
2025-04-12 19:00:00,1290.0,1323.08
2025-04-12 20:00:00,975.0,937.5373
2025-04-12 21:00:00,867.0,755.3761
2025-04-12 22:00:00,787.0,661.95325
2025-04-12 23:00:00,622.0,468.0976
2025-04-13 00:00:00,361.0,193.29358
2025-04-13 01:00:00,213.0,159.41223
2025-04-13 02:00:00,94.0,132.53363
2025-04-13 03:00:00,91.0,126.12866
2025-04-13 04:00:00,71.0,142.18414
2025-04-13 05:00:00,118.0,210.38019
2025-04-13 06:00:00,205.0,343.1422
2025-04-13 07:00:00,326.0,513.7854
2025-04-13 08:00:00,660.0,813.75714
2025-04-13 09:00:00,1033.0,1185.4093
2025-04-13 10:00:00,1340.0,1522.8406
2025-04-13 11:00:00,1701.0,1730.5021
2025-04-13 12:00:00,1837.0,1844.6887
2025-04-13 13:00:00,1975.0,1945.0977
2025-04-13 14:00:00,1958.0,2060.0674
2025-04-13 15:00:00,2118.0,2183.3015
2025-04-13 16:00:00,2286.0,2321.918
2025-04-13 17:00:00,2157.0,2203.7344
2025-04-13 18:00:00,1825.0,1957.4192
2025-04-13 19:00:00,1389.0,1414.9008
2025-04-13 20:00:00,1198.0,1005.90717
2025-04-13 21:00:00,828.0,750.91364
2025-04-13 22:00:00,398.0,494.16345
2025-04-13 23:00:00,199.0,281.82782
2025-04-14 00:00:00,96.0,124.96796
2025-04-14 01:00:00,42.0,82.14734
2025-04-14 02:00:00,44.0,86.18567
2025-04-14 03:00:00,81.0,111.89343
2025-04-14 04:00:00,213.0,285.4547
2025-04-14 05:00:00,1033.0,882.354
2025-04-14 06:00:00,2555.0,1892.7671
2025-04-14 07:00:00,2798.0,2336.0835
2025-04-14 08:00:00,2025.0,1879.2473
2025-04-14 09:00:00,1475.0,1546.6766
2025-04-14 10:00:00,1400.0,1450.0375
2025-04-14 11:00:00,1438.0,1471.8054
2025-04-14 12:00:00,1345.0,1496.8667
2025-04-14 13:00:00,1471.0,1521.5828
2025-04-14 14:00:00,1549.0,1593.3645
2025-04-14 15:00:00,1629.0,1775.2113
2025-04-14 16:00:00,1908.0,2029.4517
2025-04-14 17:00:00,2145.0,2082.9214
2025-04-14 18:00:00,1631.0,1782.0579
2025-04-14 19:00:00,1041.0,1259.7976
2025-04-14 20:00:00,694.0,857.2088
2025-04-14 21:00:00,496.0,593.89905
2025-04-14 22:00:00,342.0,438.8922
2025-04-14 23:00:00,127.0,231.28253
2025-04-15 00:00:00,82.0,118.91443
2025-04-15 01:00:00,40.0,76.10681
2025-04-15 02:00:00,58.0,79.822876
2025-04-15 03:00:00,73.0,101.345825
2025-04-15 04:00:00,209.0,237.6319
2025-04-15 05:00:00,1006.0,838.86414
2025-04-15 06:00:00,2615.0,1904.0824
2025-04-15 07:00:00,2899.0,2392.0684
2025-04-15 08:00:00,2033.0,1905.1536
2025-04-15 09:00:00,1610.0,1514.011
2025-04-15 10:00:00,1530.0,1444.6377
2025-04-15 11:00:00,1427.0,1475.0217
2025-04-15 12:00:00,1455.0,1505.2092
2025-04-15 13:00:00,1486.0,1531.9869
2025-04-15 14:00:00,1508.0,1601.9514
2025-04-15 15:00:00,1688.0,1781.3433
2025-04-15 16:00:00,1889.0,2016.6208
2025-04-15 17:00:00,2152.0,2087.1484
2025-04-15 18:00:00,1733.0,1788.1692
2025-04-15 19:00:00,1152.0,1226.2966
2025-04-15 20:00:00,730.0,822.3247
2025-04-15 21:00:00,589.0,580.37463
2025-04-15 22:00:00,403.0,438.01495
2025-04-15 23:00:00,293.0,241.25024
2025-04-16 00:00:00,109.0,121.24878
2025-04-16 01:00:00,50.0,73.82764
2025-04-16 02:00:00,75.0,78.760376
2025-04-16 03:00:00,84.0,100.01709
2025-04-16 04:00:00,202.0,201.2779
2025-04-16 05:00:00,975.0,721.67896
2025-04-16 06:00:00,2527.0,1804.8584
2025-04-16 07:00:00,2679.0,2351.3015
2025-04-16 08:00:00,1980.0,1935.9946
2025-04-16 09:00:00,1537.0,1568.3192
2025-04-16 10:00:00,1563.0,1469.848
2025-04-16 11:00:00,1597.0,1492.3077
2025-04-16 12:00:00,1429.0,1532.1494
2025-04-16 13:00:00,1657.0,1577.8926
2025-04-16 14:00:00,1664.0,1670.996
2025-04-16 15:00:00,1793.0,1835.1768
2025-04-16 16:00:00,2008.0,2049.9595
2025-04-16 17:00:00,2281.0,2120.019
2025-04-16 18:00:00,1764.0,1788.6655
2025-04-16 19:00:00,1144.0,1213.6705
2025-04-16 20:00:00,807.0,746.6743
2025-04-16 21:00:00,609.0,564.4686
2025-04-16 22:00:00,482.0,435.94177
2025-04-16 23:00:00,267.0,220.76508
2025-04-17 00:00:00,130.0,117.38806
2025-04-17 01:00:00,78.0,78.3811
2025-04-17 02:00:00,71.0,77.19214
2025-04-17 03:00:00,91.0,103.805664
2025-04-17 04:00:00,205.0,189.37683
2025-04-17 05:00:00,870.0,630.56915
2025-04-17 06:00:00,2156.0,1558.5061
2025-04-17 07:00:00,2393.0,2116.9175
2025-04-17 08:00:00,1839.0,1836.6619
2025-04-17 09:00:00,1361.0,1529.624
2025-04-17 10:00:00,1469.0,1496.453
2025-04-17 11:00:00,1437.0,1520.8035
2025-04-17 12:00:00,1605.0,1562.2097
2025-04-17 13:00:00,1711.0,1623.7561
2025-04-17 14:00:00,1767.0,1767.1096
2025-04-17 15:00:00,1903.0,1938.0991
2025-04-17 16:00:00,1977.0,2122.6025
2025-04-17 17:00:00,1873.0,2132.461
2025-04-17 18:00:00,1658.0,1797.1887
2025-04-17 19:00:00,1230.0,1224.868
2025-04-17 20:00:00,819.0,789.89
2025-04-17 21:00:00,683.0,598.82074
2025-04-17 22:00:00,524.0,494.336
2025-04-17 23:00:00,446.0,274.727
2025-04-18 00:00:00,216.0,303.35114
2025-04-18 01:00:00,131.0,238.79547
2025-04-18 02:00:00,68.0,194.48096
2025-04-18 03:00:00,80.0,172.45819
2025-04-18 04:00:00,118.0,152.64374
2025-04-18 05:00:00,168.0,122.64575
2025-04-18 06:00:00,287.0,146.30408
2025-04-18 07:00:00,382.0,275.58136
2025-04-18 08:00:00,676.0,546.9756
2025-04-18 09:00:00,1120.0,780.67706
2025-04-18 10:00:00,1434.0,927.20325
2025-04-18 11:00:00,1431.0,1061.1888
2025-04-18 12:00:00,1396.0,1175.5652
2025-04-18 13:00:00,1310.0,1262.957
2025-04-18 14:00:00,1428.0,1307.0583
2025-04-18 15:00:00,1502.0,1331.8857
2025-04-18 16:00:00,1593.0,1325.3834
2025-04-18 17:00:00,1572.0,1326.0616
2025-04-18 18:00:00,1301.0,1283.0665
2025-04-18 19:00:00,969.0,1082.1299
2025-04-18 20:00:00,819.0,849.55334
2025-04-18 21:00:00,776.0,692.1902
2025-04-18 22:00:00,524.0,549.0532
2025-04-18 23:00:00,341.0,393.44208
2025-04-19 00:00:00,203.0,220.83887
2025-04-19 01:00:00,115.0,135.65063
2025-04-19 02:00:00,96.0,123.662964
2025-04-19 03:00:00,75.0,133.63562
2025-04-19 04:00:00,96.0,172.80133
2025-04-19 05:00:00,196.0,266.51123
2025-04-19 06:00:00,359.0,424.93134
2025-04-19 07:00:00,612.0,690.0062
2025-04-19 08:00:00,1027.0,1040.3387
2025-04-19 09:00:00,1447.0,1405.4587
2025-04-19 10:00:00,1741.0,1672.7495
2025-04-19 11:00:00,1778.0,1844.9675
2025-04-19 12:00:00,1628.0,1918.4805
2025-04-19 13:00:00,1780.0,1959.9749
2025-04-19 14:00:00,1931.0,2011.4895
2025-04-19 15:00:00,1770.0,2091.8657
2025-04-19 16:00:00,2067.0,2176.145
2025-04-19 17:00:00,2042.0,2238.0562
2025-04-19 18:00:00,1731.0,2022.3472
2025-04-19 19:00:00,1302.0,1544.5488
2025-04-19 20:00:00,958.0,1089.9556
2025-04-19 21:00:00,836.0,892.6646
2025-04-19 22:00:00,594.0,771.39795
2025-04-19 23:00:00,389.0,565.1418
2025-04-20 00:00:00,256.0,232.13837
2025-04-20 01:00:00,157.0,192.52435
2025-04-20 02:00:00,100.0,165.82697
2025-04-20 03:00:00,72.0,149.5805
2025-04-20 04:00:00,65.0,142.74231
2025-04-20 05:00:00,108.0,170.08575
2025-04-20 06:00:00,141.0,219.24915
2025-04-20 07:00:00,262.0,351.52368
2025-04-20 08:00:00,555.0,602.7641
2025-04-20 09:00:00,1168.0,997.73004
2025-04-20 10:00:00,1658.0,1333.6252
2025-04-20 11:00:00,1605.0,1601.6025
2025-04-20 12:00:00,1645.0,1754.9429
2025-04-20 13:00:00,1873.0,1895.149
2025-04-20 14:00:00,1919.0,2027.8198
2025-04-20 15:00:00,2163.0,2169.2593
2025-04-20 16:00:00,2180.0,2369.4463
2025-04-20 17:00:00,2138.0,2442.2952
2025-04-20 18:00:00,1977.0,2236.5852
2025-04-20 19:00:00,1508.0,1832.0911
2025-04-20 20:00:00,1293.0,1410.3662
2025-04-20 21:00:00,945.0,1062.3246
2025-04-20 22:00:00,608.0,611.5398
2025-04-20 23:00:00,379.0,310.49304
2025-04-21 00:00:00,196.0,421.52563
2025-04-21 01:00:00,105.0,293.0951
2025-04-21 02:00:00,71.0,230.91418
2025-04-21 03:00:00,68.0,194.47888
2025-04-21 04:00:00,73.0,178.79248
2025-04-21 05:00:00,127.0,170.10492
2025-04-21 06:00:00,226.0,211.1723
2025-04-21 07:00:00,275.0,309.61554
2025-04-21 08:00:00,531.0,572.96027
2025-04-21 09:00:00,1109.0,960.9577
2025-04-21 10:00:00,1560.0,1347.0355
2025-04-21 11:00:00,1942.0,1700.0217
2025-04-21 12:00:00,2177.0,1912.4011
2025-04-21 13:00:00,2241.0,2119.8164
2025-04-21 14:00:00,2526.0,2267.98
2025-04-21 15:00:00,2665.0,2368.086
2025-04-21 16:00:00,2816.0,2374.9487
2025-04-21 17:00:00,2676.0,2324.537
2025-04-21 18:00:00,2045.0,2168.8372
2025-04-21 19:00:00,1697.0,1937.0984
2025-04-21 20:00:00,1549.0,1734.9678
2025-04-21 21:00:00,1249.0,1389.0303
2025-04-21 22:00:00,741.0,976.78375
2025-04-21 23:00:00,311.0,676.22003
2025-04-22 00:00:00,116.0,110.72839
2025-04-22 01:00:00,66.0,76.24609
2025-04-22 02:00:00,47.0,77.1499
2025-04-22 03:00:00,87.0,99.37866
2025-04-22 04:00:00,239.0,299.7458
2025-04-22 05:00:00,1057.0,1156.0385
2025-04-22 06:00:00,2433.0,2618.8472
2025-04-22 07:00:00,2744.0,2478.3865
2025-04-22 08:00:00,2015.0,1809.9402
2025-04-22 09:00:00,1540.0,1459.1299
2025-04-22 10:00:00,1386.0,1461.8137
2025-04-22 11:00:00,1481.0,1485.8467
2025-04-22 12:00:00,1523.0,1518.5889
2025-04-22 13:00:00,1702.0,1546.6755
2025-04-22 14:00:00,1665.0,1575.3767
2025-04-22 15:00:00,1778.0,1679.1531
2025-04-22 16:00:00,1868.0,1895.9513
2025-04-22 17:00:00,2134.0,2097.1638
2025-04-22 18:00:00,1730.0,1919.1648
2025-04-22 19:00:00,1107.0,1277.6965
2025-04-22 20:00:00,787.0,786.94226
2025-04-22 21:00:00,569.0,569.6692
2025-04-22 22:00:00,409.0,424.9406
2025-04-22 23:00:00,215.0,226.11023
2025-04-23 00:00:00,91.0,113.24585
2025-04-23 01:00:00,65.0,69.20557
2025-04-23 02:00:00,50.0,70.832886
2025-04-23 03:00:00,73.0,92.64722
2025-04-23 04:00:00,178.0,289.37622
2025-04-23 05:00:00,1006.0,1150.6392
2025-04-23 06:00:00,2415.0,2627.939
2025-04-23 07:00:00,2554.0,2641.6812
2025-04-23 08:00:00,1875.0,1886.3662
2025-04-23 09:00:00,1510.0,1472.0817
2025-04-23 10:00:00,1389.0,1470.4841
2025-04-23 11:00:00,1404.0,1503.4824
2025-04-23 12:00:00,1451.0,1537.0751
2025-04-23 13:00:00,1577.0,1568.45
2025-04-23 14:00:00,1605.0,1601.8165
2025-04-23 15:00:00,1701.0,1730.2686
2025-04-23 16:00:00,1890.0,1916.3168
2025-04-23 17:00:00,2141.0,2043.0022
2025-04-23 18:00:00,1590.0,1871.7556
2025-04-23 19:00:00,1055.0,1200.9608
2025-04-23 20:00:00,653.0,836.97394
2025-04-23 21:00:00,537.0,577.4311
2025-04-23 22:00:00,392.0,452.93762
2025-04-23 23:00:00,210.0,240.97357
2025-04-24 00:00:00,82.0,116.33679
2025-04-24 01:00:00,53.0,66.709595
2025-04-24 02:00:00,64.0,73.48181
2025-04-24 03:00:00,83.0,96.65491
2025-04-24 04:00:00,208.0,278.9552
2025-04-24 05:00:00,959.0,993.48535
2025-04-24 06:00:00,2459.0,2504.523
2025-04-24 07:00:00,2552.0,2478.5437
2025-04-24 08:00:00,1949.0,1772.5676
2025-04-24 09:00:00,1573.0,1481.4042
2025-04-24 10:00:00,1418.0,1495.0247
2025-04-24 11:00:00,1468.0,1533.5624
2025-04-24 12:00:00,1477.0,1574.1941
2025-04-24 13:00:00,1586.0,1613.572
2025-04-24 14:00:00,1652.0,1669.2079
2025-04-24 15:00:00,1707.0,1815.9795
2025-04-24 16:00:00,1897.0,1997.9711
2025-04-24 17:00:00,2153.0,2176.2883
2025-04-24 18:00:00,1743.0,1933.2429
2025-04-24 19:00:00,1112.0,1271.9854
2025-04-24 20:00:00,793.0,889.7003
2025-04-24 21:00:00,605.0,615.1087
2025-04-24 22:00:00,405.0,516.5831
2025-04-24 23:00:00,264.0,286.5204
2025-04-25 00:00:00,110.0,149.48895
2025-04-25 01:00:00,57.0,85.440674
2025-04-25 02:00:00,56.0,86.47009
2025-04-25 03:00:00,79.0,105.84265
2025-04-25 04:00:00,180.0,299.6673
2025-04-25 05:00:00,807.0,909.45215
2025-04-25 06:00:00,2108.0,2192.8547
2025-04-25 07:00:00,2160.0,2230.289
2025-04-25 08:00:00,1673.0,1671.5862
2025-04-25 09:00:00,1504.0,1499.5393
2025-04-25 10:00:00,1486.0,1521.4215
2025-04-25 11:00:00,1511.0,1587.8516
2025-04-25 12:00:00,1526.0,1642.0665
2025-04-25 13:00:00,1675.0,1686.6938
2025-04-25 14:00:00,1700.0,1799.3938
2025-04-25 15:00:00,1964.0,1927.4957
2025-04-25 16:00:00,2033.0,2082.175
2025-04-25 17:00:00,2200.0,2211.164
2025-04-25 18:00:00,1831.0,1990.3267
2025-04-25 19:00:00,1294.0,1393.7351
2025-04-25 20:00:00,909.0,928.41724
2025-04-25 21:00:00,764.0,691.07
2025-04-25 22:00:00,615.0,580.5842
2025-04-25 23:00:00,414.0,426.151
2025-04-26 00:00:00,231.0,318.6814
2025-04-26 01:00:00,156.0,168.76996
2025-04-26 02:00:00,109.0,138.03357
2025-04-26 03:00:00,117.0,136.86493
2025-04-26 04:00:00,150.0,164.20337
2025-04-26 05:00:00,254.0,229.50708
2025-04-26 06:00:00,545.0,412.74512
2025-04-26 07:00:00,963.0,732.3738
2025-04-26 08:00:00,1364.0,1123.1678
2025-04-26 09:00:00,1653.0,1504.9335
2025-04-26 10:00:00,1655.0,1758.1033
2025-04-26 11:00:00,1704.0,1882.9379
2025-04-26 12:00:00,1661.0,1937.8494
2025-04-26 13:00:00,1850.0,2006.0192
2025-04-26 14:00:00,1900.0,2069.673
2025-04-26 15:00:00,1869.0,2168.056
2025-04-26 16:00:00,2111.0,2317.3467
2025-04-26 17:00:00,1998.0,2377.813
2025-04-26 18:00:00,1772.0,2098.63
2025-04-26 19:00:00,1278.0,1519.0273
2025-04-26 20:00:00,971.0,1094.5333
2025-04-26 21:00:00,848.0,905.9225
2025-04-26 22:00:00,747.0,787.5016
2025-04-26 23:00:00,571.0,629.9858
2025-04-27 00:00:00,458.0,266.57996
2025-04-27 01:00:00,264.0,229.54309
2025-04-27 02:00:00,150.0,195.29706
2025-04-27 03:00:00,134.0,170.37347
2025-04-27 04:00:00,142.0,149.42609
2025-04-27 05:00:00,147.0,166.6156
2025-04-27 06:00:00,219.0,224.00262
2025-04-27 07:00:00,344.0,353.5938
2025-04-27 08:00:00,740.0,646.8655
2025-04-27 09:00:00,1047.0,1043.9021
2025-04-27 10:00:00,1228.0,1364.4445
2025-04-27 11:00:00,1390.0,1605.54
2025-04-27 12:00:00,1539.0,1789.2173
2025-04-27 13:00:00,1666.0,1980.1891
2025-04-27 14:00:00,1797.0,2210.9814
2025-04-27 15:00:00,2140.0,2448.4263
2025-04-27 16:00:00,2195.0,2598.1467
2025-04-27 17:00:00,2236.0,2678.1255
2025-04-27 18:00:00,1836.0,2581.0361
2025-04-27 19:00:00,1377.0,2234.483
2025-04-27 20:00:00,1131.0,1807.6053
2025-04-27 21:00:00,786.0,1356.1859
2025-04-27 22:00:00,470.0,803.81055
2025-04-27 23:00:00,241.0,355.2362
2025-04-28 00:00:00,126.0,134.34991
2025-04-28 01:00:00,65.0,87.1853
2025-04-28 02:00:00,61.0,81.12866
2025-04-28 03:00:00,69.0,111.82617
2025-04-28 04:00:00,190.0,308.77332
2025-04-28 05:00:00,949.0,1001.886
2025-04-28 06:00:00,2478.0,2439.9092
2025-04-28 07:00:00,2371.0,2307.2595
2025-04-28 08:00:00,1922.0,1613.1531
2025-04-28 09:00:00,1530.0,1431.724
2025-04-28 10:00:00,1403.0,1433.4492
2025-04-28 11:00:00,1393.0,1452.5991
2025-04-28 12:00:00,1370.0,1482.9421
2025-04-28 13:00:00,1487.0,1524.7488
2025-04-28 14:00:00,1508.0,1570.5741
2025-04-28 15:00:00,1646.0,1656.5051
2025-04-28 16:00:00,1818.0,1836.7026
2025-04-28 17:00:00,2004.0,2090.1538
2025-04-28 18:00:00,1503.0,1994.8247
2025-04-28 19:00:00,950.0,1553.8743
2025-04-28 20:00:00,484.0,1051.4126
2025-04-28 21:00:00,476.0,682.2849
2025-04-28 22:00:00,342.0,492.15344
2025-04-28 23:00:00,171.0,272.7099
2025-04-29 00:00:00,97.0,120.35364
2025-04-29 01:00:00,80.0,77.37109
2025-04-29 02:00:00,60.0,67.21423
2025-04-29 03:00:00,114.0,94.51318
2025-04-29 04:00:00,190.0,268.67346
2025-04-29 05:00:00,1030.0,1156.9464
2025-04-29 06:00:00,2520.0,2630.6597
2025-04-29 07:00:00,2804.0,2477.914
2025-04-29 08:00:00,1984.0,1687.4501
2025-04-29 09:00:00,1490.0,1434.0679
2025-04-29 10:00:00,1430.0,1433.349
2025-04-29 11:00:00,1362.0,1445.7928
2025-04-29 12:00:00,1333.0,1475.9144
2025-04-29 13:00:00,1449.0,1512.176
2025-04-29 14:00:00,1348.0,1557.1804
2025-04-29 15:00:00,1629.0,1622.0176
2025-04-29 16:00:00,1913.0,1809.2153
2025-04-29 17:00:00,2038.0,2073.8022
2025-04-29 18:00:00,1595.0,1933.5488
2025-04-29 19:00:00,955.0,1410.9935
2025-04-29 20:00:00,650.0,930.02216
2025-04-29 21:00:00,611.0,629.2413
2025-04-29 22:00:00,391.0,471.6349
2025-04-29 23:00:00,181.0,249.00116
2025-04-30 00:00:00,92.0,130.27063
2025-04-30 01:00:00,57.0,80.29993
2025-04-30 02:00:00,62.0,69.036255
2025-04-30 03:00:00,116.0,95.8313
2025-04-30 04:00:00,182.0,292.6847
2025-04-30 05:00:00,940.0,1098.6597
2025-04-30 06:00:00,2460.0,2612.3647
2025-04-30 07:00:00,2611.0,2529.2456
2025-04-30 08:00:00,1971.0,1753.0571
2025-04-30 09:00:00,1589.0,1451.3804
2025-04-30 10:00:00,1504.0,1446.3589
2025-04-30 11:00:00,1512.0,1469.9987
2025-04-30 12:00:00,1400.0,1504.9272
2025-04-30 13:00:00,1497.0,1544.9717
2025-04-30 14:00:00,1545.0,1585.5496
2025-04-30 15:00:00,1758.0,1670.2257
2025-04-30 16:00:00,2024.0,1862.9941
2025-04-30 17:00:00,2102.0,2112.8225
2025-04-30 18:00:00,1642.0,1962.0769
2025-04-30 19:00:00,1135.0,1378.4696
2025-04-30 20:00:00,844.0,906.06
2025-04-30 21:00:00,674.0,635.75665
2025-04-30 22:00:00,515.0,502.23535
2025-04-30 23:00:00,322.0,316.8366
2025-05-01 00:00:00,159.0,348.55066
2025-05-01 01:00:00,92.0,260.2964
2025-05-01 02:00:00,62.0,240.63367
2025-05-01 03:00:00,70.0,244.70709
2025-05-01 04:00:00,136.0,297.96112
2025-05-01 05:00:00,465.0,462.1537
2025-05-01 06:00:00,873.0,873.18713
2025-05-01 07:00:00,1023.0,1123.0962
2025-05-01 08:00:00,1165.0,1328.2927
2025-05-01 09:00:00,1220.0,1459.6948
2025-05-01 10:00:00,1262.0,1568.9314
2025-05-01 11:00:00,1406.0,1656.9783
2025-05-01 12:00:00,1429.0,1716.3263
2025-05-01 13:00:00,1553.0,1775.7522
2025-05-01 14:00:00,1739.0,1874.6735
2025-05-01 15:00:00,2016.0,1961.1893
2025-05-01 16:00:00,2357.0,2017.4641
2025-05-01 17:00:00,2654.0,2087.8289
2025-05-01 18:00:00,2181.0,2071.3188
2025-05-01 19:00:00,1496.0,1706.7583
2025-05-01 20:00:00,1013.0,1235.5161
2025-05-01 21:00:00,859.0,935.4004
2025-05-01 22:00:00,534.0,709.78235
2025-05-01 23:00:00,290.0,495.49664
2025-05-02 00:00:00,111.0,271.2307
2025-05-02 01:00:00,70.0,108.998535
2025-05-02 02:00:00,52.0,84.56714
2025-05-02 03:00:00,94.0,117.888306
2025-05-02 04:00:00,168.0,340.72736
2025-05-02 05:00:00,609.0,995.0605
2025-05-02 06:00:00,1641.0,2269.055
2025-05-02 07:00:00,1803.0,2228.2087
2025-05-02 08:00:00,1593.0,1668.2825
2025-05-02 09:00:00,1520.0,1528.5048
2025-05-02 10:00:00,1502.0,1534.0947
2025-05-02 11:00:00,1557.0,1571.5018
2025-05-02 12:00:00,1590.0,1622.8187
2025-05-02 13:00:00,1739.0,1694.1089
2025-05-02 14:00:00,1846.0,1799.3069
2025-05-02 15:00:00,1952.0,1930.5786
2025-05-02 16:00:00,2196.0,2083.244
2025-05-02 17:00:00,2213.0,2225.8994
2025-05-02 18:00:00,1782.0,2046.723
2025-05-02 19:00:00,1312.0,1424.5969
2025-05-02 20:00:00,1051.0,979.06274
2025-05-02 21:00:00,857.0,753.25806
2025-05-02 22:00:00,655.0,622.00244
2025-05-02 23:00:00,433.0,533.2438
2025-05-03 00:00:00,238.0,416.4364
2025-05-03 01:00:00,117.0,203.46002
2025-05-03 02:00:00,78.0,133.8653
2025-05-03 03:00:00,114.0,131.56421
2025-05-03 04:00:00,143.0,179.66638
2025-05-03 05:00:00,215.0,342.69177
2025-05-03 06:00:00,529.0,592.10156
2025-05-03 07:00:00,891.0,889.8128
2025-05-03 08:00:00,1198.0,1196.2146
2025-05-03 09:00:00,1501.0,1539.1484
2025-05-03 10:00:00,1658.0,1749.9111
2025-05-03 11:00:00,1699.0,1864.718
2025-05-03 12:00:00,1769.0,1921.7908
2025-05-03 13:00:00,2014.0,1976.1525
2025-05-03 14:00:00,2068.0,2041.0729
2025-05-03 15:00:00,2246.0,2119.1233
2025-05-03 16:00:00,2248.0,2217.2441
2025-05-03 17:00:00,2225.0,2277.8018
2025-05-03 18:00:00,1878.0,2023.0037
2025-05-03 19:00:00,1368.0,1448.3722
2025-05-03 20:00:00,1193.0,993.7894
2025-05-03 21:00:00,928.0,825.59143
2025-05-03 22:00:00,826.0,741.02655
2025-05-03 23:00:00,634.0,643.97
2025-05-04 00:00:00,359.0,259.3335
2025-05-04 01:00:00,209.0,211.63892
2025-05-04 02:00:00,119.0,175.70056
2025-05-04 03:00:00,111.0,153.83698
2025-05-04 04:00:00,92.0,149.8468
2025-05-04 05:00:00,147.0,190.76282
2025-05-04 06:00:00,202.0,253.82288
2025-05-04 07:00:00,316.0,417.6706
2025-05-04 08:00:00,657.0,773.54755
2025-05-04 09:00:00,1028.0,1117.982
2025-05-04 10:00:00,1359.0,1392.7195
2025-05-04 11:00:00,1620.0,1738.5481
2025-05-04 12:00:00,1819.0,1693.6257
2025-05-04 13:00:00,2158.0,1900.321
2025-05-04 14:00:00,2183.0,2046.9551
2025-05-04 15:00:00,2278.0,2136.6519
2025-05-04 16:00:00,2314.0,2422.0996
2025-05-04 17:00:00,2183.0,2372.6057
2025-05-04 18:00:00,1681.0,2146.685
2025-05-04 19:00:00,1344.0,1749.5632
2025-05-04 20:00:00,1103.0,1331.0328
2025-05-04 21:00:00,808.0,995.849
2025-05-04 22:00:00,662.0,684.7905
2025-05-04 23:00:00,343.0,397.78998
2025-05-05 00:00:00,292.0,102.57959
2025-05-05 01:00:00,132.0,77.533325
2025-05-05 02:00:00,79.0,72.49451
2025-05-05 03:00:00,84.0,104.02539
2025-05-05 04:00:00,192.0,380.1593
2025-05-05 05:00:00,1016.0,1121.4827
2025-05-05 06:00:00,2635.0,2498.2405
2025-05-05 07:00:00,2746.0,2684.1372
2025-05-05 08:00:00,1963.0,1963.5492
2025-05-05 09:00:00,1516.0,1440.4565
2025-05-05 10:00:00,1308.0,1424.5995
2025-05-05 11:00:00,1341.0,1442.0662
2025-05-05 12:00:00,1385.0,1459.0227
2025-05-05 13:00:00,1384.0,1482.2783
2025-05-05 14:00:00,1632.0,1513.8787
2025-05-05 15:00:00,1693.0,1588.6853
2025-05-05 16:00:00,1872.0,1788.7906
2025-05-05 17:00:00,2067.0,1987.4924
2025-05-05 18:00:00,1585.0,1536.7084
2025-05-05 19:00:00,934.0,1010.6926
2025-05-05 20:00:00,601.0,698.712
2025-05-05 21:00:00,459.0,520.9601
2025-05-05 22:00:00,342.0,353.75018
2025-05-05 23:00:00,199.0,174.76123
2025-05-06 00:00:00,99.0,98.61926
2025-05-06 01:00:00,47.0,68.877075
2025-05-06 02:00:00,52.0,62.16223
2025-05-06 03:00:00,76.0,84.92944
2025-05-06 04:00:00,189.0,263.3037
2025-05-06 05:00:00,1005.0,999.6666
2025-05-06 06:00:00,2585.0,2559.3535
2025-05-06 07:00:00,2870.0,2707.0557
2025-05-06 08:00:00,2021.0,1787.6736
2025-05-06 09:00:00,1497.0,1443.7983
2025-05-06 10:00:00,1366.0,1430.1445
2025-05-06 11:00:00,1462.0,1445.5168
2025-05-06 12:00:00,1346.0,1465.7345
2025-05-06 13:00:00,1473.0,1494.6838
2025-05-06 14:00:00,1468.0,1531.3173
2025-05-06 15:00:00,1612.0,1620.2799
2025-05-06 16:00:00,1810.0,1812.2136
2025-05-06 17:00:00,2135.0,2038.4081
2025-05-06 18:00:00,1600.0,1642.4209
2025-05-06 19:00:00,960.0,1094.0295
2025-05-06 20:00:00,616.0,724.10034
2025-05-06 21:00:00,484.0,522.7302
2025-05-06 22:00:00,382.0,380.90466
2025-05-06 23:00:00,207.0,188.42737
2025-05-07 00:00:00,102.0,105.630615
2025-05-07 01:00:00,65.0,70.64221
2025-05-07 02:00:00,52.0,62.107666
2025-05-07 03:00:00,81.0,82.3468
2025-05-07 04:00:00,181.0,274.02863
2025-05-07 05:00:00,988.0,962.5626
2025-05-07 06:00:00,2550.0,2541.0164
2025-05-07 07:00:00,2683.0,2753.762
2025-05-07 08:00:00,2044.0,1987.8064
2025-05-07 09:00:00,1423.0,1464.0938
2025-05-07 10:00:00,1434.0,1442.5186
2025-05-07 11:00:00,1445.0,1459.5173
2025-05-07 12:00:00,1415.0,1491.9397
2025-05-07 13:00:00,1445.0,1532.612
2025-05-07 14:00:00,1526.0,1560.0002
2025-05-07 15:00:00,1698.0,1667.1143
2025-05-07 16:00:00,1803.0,1861.0544
2025-05-07 17:00:00,2032.0,2074.9087
2025-05-07 18:00:00,1576.0,1669.5156
2025-05-07 19:00:00,995.0,1101.407
2025-05-07 20:00:00,637.0,731.9668
2025-05-07 21:00:00,543.0,546.0378
2025-05-07 22:00:00,338.0,431.62408
2025-05-07 23:00:00,218.0,222.40228
2025-05-08 00:00:00,99.0,110.20166
2025-05-08 01:00:00,75.0,64.14551
2025-05-08 02:00:00,45.0,65.52991
2025-05-08 03:00:00,76.0,91.416016
2025-05-08 04:00:00,192.0,297.55133
2025-05-08 05:00:00,992.0,923.36993
2025-05-08 06:00:00,2516.0,2448.549
2025-05-08 07:00:00,2810.0,2708.7837
2025-05-08 08:00:00,1981.0,2020.8826
2025-05-08 09:00:00,1526.0,1488.022
2025-05-08 10:00:00,1442.0,1456.2334
2025-05-08 11:00:00,1406.0,1483.5476
2025-05-08 12:00:00,1475.0,1526.3743
2025-05-08 13:00:00,1584.0,1576.9354
2025-05-08 14:00:00,1528.0,1639.1257
2025-05-08 15:00:00,1683.0,1782.7382
2025-05-08 16:00:00,1937.0,1964.3196
2025-05-08 17:00:00,2210.0,2153.916
2025-05-08 18:00:00,1681.0,1741.2478
2025-05-08 19:00:00,1064.0,1145.9039
2025-05-08 20:00:00,720.0,795.7637
2025-05-08 21:00:00,597.0,597.44794
2025-05-08 22:00:00,469.0,495.28864
2025-05-08 23:00:00,238.0,286.85925
2025-05-09 00:00:00,103.0,149.281
2025-05-09 01:00:00,65.0,76.46387
2025-05-09 02:00:00,67.0,74.76941
2025-05-09 03:00:00,76.0,98.21179
2025-05-09 04:00:00,164.0,317.87018
2025-05-09 05:00:00,862.0,851.2953
2025-05-09 06:00:00,2210.0,2190.3357
2025-05-09 07:00:00,2405.0,2358.7349
2025-05-09 08:00:00,1816.0,1714.3359
2025-05-09 09:00:00,1484.0,1478.614
2025-05-09 10:00:00,1506.0,1490.6401
2025-05-09 11:00:00,1527.0,1534.8446
2025-05-09 12:00:00,1596.0,1604.2683
2025-05-09 13:00:00,1718.0,1668.3965
2025-05-09 14:00:00,1863.0,1776.3771
2025-05-09 15:00:00,1916.0,1914.1575
2025-05-09 16:00:00,2098.0,2068.3372
2025-05-09 17:00:00,2180.0,2196.0715
2025-05-09 18:00:00,1818.0,1832.052
2025-05-09 19:00:00,1254.0,1223.5481
2025-05-09 20:00:00,864.0,880.06433
2025-05-09 21:00:00,701.0,662.47754
2025-05-09 22:00:00,661.0,562.2008
2025-05-09 23:00:00,438.0,404.7105
2025-05-10 00:00:00,269.0,311.72357
2025-05-10 01:00:00,137.0,164.33887
2025-05-10 02:00:00,105.0,122.86902
2025-05-10 03:00:00,95.0,118.58008
2025-05-10 04:00:00,109.0,148.71619
2025-05-10 05:00:00,243.0,303.56036
2025-05-10 06:00:00,615.0,617.14716
2025-05-10 07:00:00,983.0,955.9066
2025-05-10 08:00:00,1472.0,1254.6237
2025-05-10 09:00:00,1687.0,1551.6853
2025-05-10 10:00:00,1737.0,1749.0183
2025-05-10 11:00:00,1699.0,1865.6064
2025-05-10 12:00:00,1760.0,1920.7559
2025-05-10 13:00:00,1802.0,1959.1768
2025-05-10 14:00:00,1864.0,1995.4272
2025-05-10 15:00:00,1968.0,2058.6553
2025-05-10 16:00:00,2020.0,2163.6045
2025-05-10 17:00:00,2064.0,2239.629
2025-05-10 18:00:00,1768.0,1969.0225
2025-05-10 19:00:00,1322.0,1373.4789
2025-05-10 20:00:00,970.0,990.468
2025-05-10 21:00:00,900.0,821.9159
2025-05-10 22:00:00,860.0,733.64166
2025-05-10 23:00:00,602.0,595.6868
2025-05-11 00:00:00,353.0,270.0041
2025-05-11 01:00:00,246.0,233.97345
2025-05-11 02:00:00,144.0,189.75989
2025-05-11 03:00:00,96.0,160.95813
2025-05-11 04:00:00,67.0,145.85864
2025-05-11 05:00:00,109.0,158.6753
2025-05-11 06:00:00,191.0,233.13464
2025-05-11 07:00:00,336.0,385.1109
2025-05-11 08:00:00,746.0,704.4372
2025-05-11 09:00:00,1207.0,1081.662
2025-05-11 10:00:00,1595.0,1362.5874
2025-05-11 11:00:00,1644.0,1571.2035
2025-05-11 12:00:00,1609.0,1736.9946
2025-05-11 13:00:00,1799.0,1893.3955
2025-05-11 14:00:00,2038.0,2086.957
2025-05-11 15:00:00,2313.0,2348.6108
2025-05-11 16:00:00,2773.0,2560.6348
2025-05-11 17:00:00,2925.0,2646.9802
2025-05-11 18:00:00,2264.0,2545.2239
2025-05-11 19:00:00,1716.0,2151.8967
2025-05-11 20:00:00,1633.0,1722.9375
2025-05-11 21:00:00,1505.0,1231.4373
2025-05-11 22:00:00,929.0,657.4594
2025-05-11 23:00:00,345.0,346.73145
2025-05-12 00:00:00,139.0,115.86267
2025-05-12 01:00:00,66.0,74.78674
2025-05-12 02:00:00,46.0,68.47681
2025-05-12 03:00:00,76.0,95.95459
2025-05-12 04:00:00,224.0,321.91187
2025-05-12 05:00:00,1087.0,1035.6178
2025-05-12 06:00:00,2788.0,2640.5884
2025-05-12 07:00:00,2871.0,2779.54
2025-05-12 08:00:00,2098.0,1997.89
2025-05-12 09:00:00,1567.0,1455.5469
2025-05-12 10:00:00,1372.0,1439.3064
2025-05-12 11:00:00,1314.0,1448.9692
2025-05-12 12:00:00,1374.0,1468.8918
2025-05-12 13:00:00,1474.0,1485.8916
2025-05-12 14:00:00,1420.0,1518.5493
2025-05-12 15:00:00,1641.0,1619.6819
2025-05-12 16:00:00,1735.0,1775.8071
2025-05-12 17:00:00,1985.0,2040.6938
2025-05-12 18:00:00,1545.0,1671.1248
2025-05-12 19:00:00,993.0,1036.178
2025-05-12 20:00:00,668.0,688.67163
2025-05-12 21:00:00,500.0,531.1305
2025-05-12 22:00:00,327.0,417.64764
2025-05-12 23:00:00,143.0,239.03845
2025-05-13 00:00:00,75.0,100.597534
2025-05-13 01:00:00,49.0,64.6438
2025-05-13 02:00:00,53.0,57.786987
2025-05-13 03:00:00,68.0,81.63623
2025-05-13 04:00:00,191.0,253.50085
2025-05-13 05:00:00,1040.0,965.781
2025-05-13 06:00:00,2679.0,2628.712
2025-05-13 07:00:00,3072.0,2811.0913
2025-05-13 08:00:00,2155.0,2100.531
2025-05-13 09:00:00,1512.0,1457.1334
2025-05-13 10:00:00,1400.0,1441.7913
2025-05-13 11:00:00,1381.0,1453.0747
2025-05-13 12:00:00,1425.0,1477.8284
2025-05-13 13:00:00,1503.0,1503.6189
2025-05-13 14:00:00,1526.0,1528.6108
2025-05-13 15:00:00,1603.0,1630.7017
2025-05-13 16:00:00,1843.0,1837.7355
2025-05-13 17:00:00,2116.0,2087.2932
2025-05-13 18:00:00,1594.0,1731.6941
2025-05-13 19:00:00,998.0,1131.5693
2025-05-13 20:00:00,605.0,742.083
2025-05-13 21:00:00,614.0,546.21466
2025-05-13 22:00:00,433.0,428.7265
2025-05-13 23:00:00,222.0,241.22253
2025-05-14 00:00:00,96.0,101.568115
2025-05-14 01:00:00,62.0,62.214844
2025-05-14 02:00:00,60.0,55.303223
2025-05-14 03:00:00,72.0,83.90588
2025-05-14 04:00:00,183.0,270.87885
2025-05-14 05:00:00,1086.0,1052.8015
2025-05-14 06:00:00,2598.0,2578.5977
2025-05-14 07:00:00,2848.0,2782.278
2025-05-14 08:00:00,2105.0,2113.5483
2025-05-14 09:00:00,1601.0,1478.8646
2025-05-14 10:00:00,1471.0,1448.6396
2025-05-14 11:00:00,1506.0,1463.654
2025-05-14 12:00:00,1677.0,1487.4717
2025-05-14 13:00:00,1771.0,1521.7078
2025-05-14 14:00:00,1836.0,1560.5137
2025-05-14 15:00:00,1964.0,1668.2771
2025-05-14 16:00:00,2339.0,1897.714
2025-05-14 17:00:00,2392.0,2153.323
2025-05-14 18:00:00,1832.0,1754.9653
2025-05-14 19:00:00,1179.0,1154.8837
2025-05-14 20:00:00,717.0,745.62244
2025-05-14 21:00:00,695.0,562.956
2025-05-14 22:00:00,524.0,450.93787
2025-05-14 23:00:00,247.0,248.44733
2025-05-15 00:00:00,117.0,105.651
2025-05-15 01:00:00,57.0,60.304688
2025-05-15 02:00:00,58.0,63.433716
2025-05-15 03:00:00,67.0,90.65552
2025-05-15 04:00:00,203.0,295.05377
2025-05-15 05:00:00,1013.0,985.41986
2025-05-15 06:00:00,2600.0,2515.3435
2025-05-15 07:00:00,2896.0,2739.1997
2025-05-15 08:00:00,2073.0,2120.2676
2025-05-15 09:00:00,1584.0,1518.4222
2025-05-15 10:00:00,1446.0,1458.5554
2025-05-15 11:00:00,1437.0,1481.6262
2025-05-15 12:00:00,1388.0,1520.1155
2025-05-15 13:00:00,1530.0,1565.4199
2025-05-15 14:00:00,1568.0,1613.3448
2025-05-15 15:00:00,1807.0,1751.4404
2025-05-15 16:00:00,1960.0,1966.8657
2025-05-15 17:00:00,2250.0,2168.7727
2025-05-15 18:00:00,1596.0,1796.8287
2025-05-15 19:00:00,1090.0,1192.5747
2025-05-15 20:00:00,723.0,810.8374
2025-05-15 21:00:00,649.0,598.896
2025-05-15 22:00:00,440.0,500.2381
2025-05-15 23:00:00,246.0,274.09668
2025-05-16 00:00:00,113.0,140.32605
2025-05-16 01:00:00,55.0,67.660645
2025-05-16 02:00:00,68.0,70.44739
2025-05-16 03:00:00,68.0,92.666626
2025-05-16 04:00:00,190.0,255.75104
2025-05-16 05:00:00,897.0,959.51746
2025-05-16 06:00:00,2295.0,2373.2097
2025-05-16 07:00:00,2469.0,2600.518
2025-05-16 08:00:00,1826.0,1954.0024
2025-05-16 09:00:00,1564.0,1517.9684
2025-05-16 10:00:00,1580.0,1488.9753
2025-05-16 11:00:00,1623.0,1524.2366
2025-05-16 12:00:00,1498.0,1571.0662
2025-05-16 13:00:00,1840.0,1625.9738
2025-05-16 14:00:00,1820.0,1716.1777
2025-05-16 15:00:00,1986.0,1897.4358
2025-05-16 16:00:00,2203.0,2096.1682
2025-05-16 17:00:00,2153.0,2203.997
2025-05-16 18:00:00,1883.0,1867.058
2025-05-16 19:00:00,1278.0,1307.9961
2025-05-16 20:00:00,882.0,910.4802
2025-05-16 21:00:00,762.0,660.2175
2025-05-16 22:00:00,640.0,559.30585
2025-05-16 23:00:00,458.0,410.41742
2025-05-17 00:00:00,252.0,310.1773
2025-05-17 01:00:00,143.0,150.3122
2025-05-17 02:00:00,116.0,114.940796
2025-05-17 03:00:00,106.0,116.32959
2025-05-17 04:00:00,124.0,154.3302
2025-05-17 05:00:00,260.0,284.8103
2025-05-17 06:00:00,604.0,560.95996
2025-05-17 07:00:00,990.0,924.977
2025-05-17 08:00:00,1439.0,1228.5485
2025-05-17 09:00:00,1626.0,1547.1292
2025-05-17 10:00:00,1755.0,1717.1865
2025-05-17 11:00:00,1776.0,1823.7649
2025-05-17 12:00:00,1766.0,1901.6603
2025-05-17 13:00:00,1910.0,1936.2266
2025-05-17 14:00:00,1963.0,1970.2932
2025-05-17 15:00:00,1985.0,2053.0408
2025-05-17 16:00:00,1991.0,2112.6626
2025-05-17 17:00:00,2106.0,2195.1694
2025-05-17 18:00:00,1627.0,1853.165
2025-05-17 19:00:00,1050.0,1244.629
2025-05-17 20:00:00,958.0,892.74255
2025-05-17 21:00:00,785.0,781.7616
2025-05-17 22:00:00,856.0,717.413
2025-05-17 23:00:00,596.0,612.5784
2025-05-18 00:00:00,372.0,255.0614
2025-05-18 01:00:00,238.0,214.62366
2025-05-18 02:00:00,150.0,174.18658
2025-05-18 03:00:00,103.0,147.76703
2025-05-18 04:00:00,99.0,139.67383
2025-05-18 05:00:00,140.0,169.78046
2025-05-18 06:00:00,292.0,278.91455
2025-05-18 07:00:00,359.0,380.5515
2025-05-18 08:00:00,671.0,652.1501
2025-05-18 09:00:00,1186.0,1078.094
2025-05-18 10:00:00,1391.0,1310.0635
2025-05-18 11:00:00,1537.0,1521.1754
2025-05-18 12:00:00,1679.0,1644.816
2025-05-18 13:00:00,1863.0,1786.9326
2025-05-18 14:00:00,2077.0,1946.3523
2025-05-18 15:00:00,2136.0,2203.9312
2025-05-18 16:00:00,2545.0,2459.269
2025-05-18 17:00:00,2402.0,2571.5532
2025-05-18 18:00:00,2090.0,2435.3384
2025-05-18 19:00:00,1579.0,1978.304
2025-05-18 20:00:00,1226.0,1564.4409
2025-05-18 21:00:00,896.0,1107.5348
2025-05-18 22:00:00,550.0,630.0387
2025-05-18 23:00:00,235.0,331.27905
2025-05-19 00:00:00,120.0,88.51306
2025-05-19 01:00:00,64.0,60.769897
2025-05-19 02:00:00,49.0,59.83142
2025-05-19 03:00:00,80.0,84.3689
2025-05-19 04:00:00,215.0,268.77032
2025-05-19 05:00:00,1108.0,1107.6273
2025-05-19 06:00:00,2764.0,2635.8467
2025-05-19 07:00:00,2813.0,2799.2075
2025-05-19 08:00:00,2197.0,1974.9893
2025-05-19 09:00:00,1400.0,1456.2584
2025-05-19 10:00:00,1293.0,1437.4471
2025-05-19 11:00:00,1424.0,1445.9199
2025-05-19 12:00:00,1385.0,1461.1649
2025-05-19 13:00:00,1472.0,1482.0522
2025-05-19 14:00:00,1490.0,1507.3333
2025-05-19 15:00:00,1650.0,1597.0261
2025-05-19 16:00:00,1789.0,1827.1964
2025-05-19 17:00:00,2075.0,2045.0839
2025-05-19 18:00:00,1601.0,1699.1477
2025-05-19 19:00:00,1067.0,1092.8027
2025-05-19 20:00:00,700.0,712.8651
2025-05-19 21:00:00,232.0,531.5592
2025-05-19 22:00:00,295.0,393.313
2025-05-19 23:00:00,189.0,201.05225
2025-05-20 00:00:00,63.0,92.33911
2025-05-20 01:00:00,55.0,63.97876
2025-05-20 02:00:00,55.0,58.49182
2025-05-20 03:00:00,69.0,88.05298
2025-05-20 04:00:00,201.0,293.3526
2025-05-20 05:00:00,1040.0,1045.624
2025-05-20 06:00:00,2707.0,2632.7231
2025-05-20 07:00:00,3060.0,2806.0994
2025-05-20 08:00:00,2134.0,2070.9
2025-05-20 09:00:00,1561.0,1473.4353
2025-05-20 10:00:00,1389.0,1438.8763
2025-05-20 11:00:00,1443.0,1451.2156
2025-05-20 12:00:00,1163.0,1468.586
2025-05-20 13:00:00,1207.0,1494.1844
2025-05-20 14:00:00,1701.0,1521.9576
2025-05-20 15:00:00,1684.0,1560.6343
2025-05-20 16:00:00,1918.0,1744.9075
2025-05-20 17:00:00,2067.0,2037.9089
2025-05-20 18:00:00,1595.0,1693.4402
2025-05-20 19:00:00,998.0,1057.761
2025-05-20 20:00:00,605.0,693.2063
2025-05-20 21:00:00,526.0,498.96075
2025-05-20 22:00:00,423.0,379.95868
2025-05-20 23:00:00,174.0,191.79938
2025-05-21 00:00:00,78.0,88.08118
2025-05-21 01:00:00,48.0,57.64978
2025-05-21 02:00:00,42.0,53.821655
2025-05-21 03:00:00,68.0,83.283325
2025-05-21 04:00:00,174.0,336.502
2025-05-21 05:00:00,1023.0,1072.2235
2025-05-21 06:00:00,2642.0,2606.4363
2025-05-21 07:00:00,2771.0,2783.1309
2025-05-21 08:00:00,2182.0,2140.7056
2025-05-21 09:00:00,1567.0,1527.4452
2025-05-21 10:00:00,1372.0,1437.6989
2025-05-21 11:00:00,1502.0,1457.96
2025-05-21 12:00:00,1448.0,1482.6245
2025-05-21 13:00:00,1584.0,1498.298
2025-05-21 14:00:00,1648.0,1540.2305
2025-05-21 15:00:00,1661.0,1621.8597
2025-05-21 16:00:00,1922.0,1791.8362
2025-05-21 17:00:00,2222.0,2076.3484
2025-05-21 18:00:00,1686.0,1725.9819
2025-05-21 19:00:00,976.0,1047.1915
2025-05-21 20:00:00,710.0,655.31775
2025-05-21 21:00:00,584.0,514.3314
2025-05-21 22:00:00,438.0,407.78168
2025-05-21 23:00:00,212.0,181.87573
2025-05-22 00:00:00,107.0,91.108154
2025-05-22 01:00:00,60.0,52.30078
2025-05-22 02:00:00,59.0,58.268555
2025-05-22 03:00:00,71.0,83.22681
2025-05-22 04:00:00,196.0,281.5357
2025-05-22 05:00:00,1091.0,988.8435
2025-05-22 06:00:00,2674.0,2568.097
2025-05-22 07:00:00,2947.0,2732.4426
2025-05-22 08:00:00,2079.0,2095.3584
2025-05-22 09:00:00,1452.0,1551.8145
2025-05-22 10:00:00,1534.0,1430.271
2025-05-22 11:00:00,1494.0,1450.3687
2025-05-22 12:00:00,1401.0,1486.6342
2025-05-22 13:00:00,1637.0,1537.2432
2025-05-22 14:00:00,1560.0,1558.8486
2025-05-22 15:00:00,1735.0,1654.7466
2025-05-22 16:00:00,1905.0,1855.0234
2025-05-22 17:00:00,2085.0,2098.2168
2025-05-22 18:00:00,1738.0,1757.9739
2025-05-22 19:00:00,1083.0,1126.3549
2025-05-22 20:00:00,713.0,723.73
2025-05-22 21:00:00,652.0,574.56995
2025-05-22 22:00:00,525.0,480.59613
2025-05-22 23:00:00,250.0,238.42487
2025-05-23 00:00:00,118.0,116.02588
2025-05-23 01:00:00,56.0,60.513306
2025-05-23 02:00:00,67.0,65.63306
2025-05-23 03:00:00,86.0,85.88733
2025-05-23 04:00:00,186.0,270.20868
2025-05-23 05:00:00,894.0,867.18335
2025-05-23 06:00:00,2308.0,2393.591
2025-05-23 07:00:00,2473.0,2654.8179
2025-05-23 08:00:00,1901.0,1977.4097
2025-05-23 09:00:00,1420.0,1520.6216
2025-05-23 10:00:00,1559.0,1462.9661
2025-05-23 11:00:00,1552.0,1496.1512
2025-05-23 12:00:00,1590.0,1552.6206
2025-05-23 13:00:00,1808.0,1616.544
2025-05-23 14:00:00,1799.0,1709.561
2025-05-23 15:00:00,1943.0,1871.1125
2025-05-23 16:00:00,2194.0,2082.5132
2025-05-23 17:00:00,2144.0,2165.3887
2025-05-23 18:00:00,1705.0,1816.6844
2025-05-23 19:00:00,1269.0,1251.6115
2025-05-23 20:00:00,901.0,862.2852
2025-05-23 21:00:00,735.0,646.64
2025-05-23 22:00:00,676.0,560.26
2025-05-23 23:00:00,497.0,409.77997
2025-05-24 00:00:00,288.0,277.4223
2025-05-24 01:00:00,171.0,150.89954
2025-05-24 02:00:00,91.0,112.88086
2025-05-24 03:00:00,118.0,113.67688
2025-05-24 04:00:00,119.0,144.89636
2025-05-24 05:00:00,268.0,260.08655
2025-05-24 06:00:00,573.0,551.5875
2025-05-24 07:00:00,1046.0,862.4923
2025-05-24 08:00:00,1446.0,1134.6006
2025-05-24 09:00:00,1686.0,1497.845
2025-05-24 10:00:00,1778.0,1691.7185
2025-05-24 11:00:00,1800.0,1814.123
2025-05-24 12:00:00,1732.0,1865.278
2025-05-24 13:00:00,1920.0,1897.5281
2025-05-24 14:00:00,1938.0,1931.6392
2025-05-24 15:00:00,1912.0,1993.3301
2025-05-24 16:00:00,2132.0,2086.7866
2025-05-24 17:00:00,2084.0,2107.0422
2025-05-24 18:00:00,1731.0,1633.4978
2025-05-24 19:00:00,1182.0,1076.6758
2025-05-24 20:00:00,915.0,827.64453
2025-05-24 21:00:00,927.0,759.9994
2025-05-24 22:00:00,874.0,720.3153
2025-05-24 23:00:00,589.0,547.427
2025-05-25 00:00:00,373.0,254.98938
2025-05-25 01:00:00,207.0,212.3847
2025-05-25 02:00:00,126.0,175.9112
2025-05-25 03:00:00,123.0,150.67896
2025-05-25 04:00:00,110.0,141.0423
2025-05-25 05:00:00,122.0,149.54669
2025-05-25 06:00:00,242.0,216.19781
2025-05-25 07:00:00,347.0,290.78088
2025-05-25 08:00:00,647.0,520.9013
2025-05-25 09:00:00,1082.0,927.1725
2025-05-25 10:00:00,1308.0,1226.6809
2025-05-25 11:00:00,1565.0,1479.1752
2025-05-25 12:00:00,1692.0,1647.0161
2025-05-25 13:00:00,1906.0,1805.8735
2025-05-25 14:00:00,1880.0,1990.0427
2025-05-25 15:00:00,2041.0,2249.9849
2025-05-25 16:00:00,2168.0,2432.7808
2025-05-25 17:00:00,2222.0,2512.5054
2025-05-25 18:00:00,1813.0,2270.876
2025-05-25 19:00:00,1430.0,1864.5029
2025-05-25 20:00:00,1050.0,1471.8905
2025-05-25 21:00:00,723.0,1069.0001
2025-05-25 22:00:00,491.0,563.32227
2025-05-25 23:00:00,281.0,308.18274
2025-05-26 00:00:00,101.0,88.00183
2025-05-26 01:00:00,48.0,61.47815
2025-05-26 02:00:00,42.0,61.43042
2025-05-26 03:00:00,88.0,89.07141
2025-05-26 04:00:00,226.0,290.40424
2025-05-26 05:00:00,1083.0,1021.82916
2025-05-26 06:00:00,2613.0,2640.3813
2025-05-26 07:00:00,2766.0,2811.9224
2025-05-26 08:00:00,1975.0,2111.5781
2025-05-26 09:00:00,1484.0,1500.855
2025-05-26 10:00:00,1447.0,1426.9635
2025-05-26 11:00:00,1336.0,1441.1283
2025-05-26 12:00:00,1312.0,1457.032
2025-05-26 13:00:00,1438.0,1473.0344
2025-05-26 14:00:00,1414.0,1496.783
2025-05-26 15:00:00,1623.0,1568.7019
2025-05-26 16:00:00,1794.0,1770.7981
2025-05-26 17:00:00,1976.0,2011.186
2025-05-26 18:00:00,1487.0,1673.185
2025-05-26 19:00:00,946.0,1043.3007
2025-05-26 20:00:00,698.0,678.345
2025-05-26 21:00:00,516.0,508.21655
2025-05-26 22:00:00,395.0,364.31262
2025-05-26 23:00:00,176.0,179.47375
2025-05-27 00:00:00,91.0,87.079346
2025-05-27 01:00:00,43.0,59.633423
2025-05-27 02:00:00,49.0,53.361084
2025-05-27 03:00:00,86.0,79.53125
2025-05-27 04:00:00,196.0,258.37085
2025-05-27 05:00:00,1082.0,1008.5016
2025-05-27 06:00:00,2620.0,2632.3132
2025-05-27 07:00:00,2837.0,2819.4849
2025-05-27 08:00:00,2088.0,2128.8562
2025-05-27 09:00:00,1569.0,1503.2604
2025-05-27 10:00:00,1436.0,1430.428
2025-05-27 11:00:00,1482.0,1446.8749
2025-05-27 12:00:00,1416.0,1463.5087
2025-05-27 13:00:00,1509.0,1487.987
2025-05-27 14:00:00,1527.0,1516.251
2025-05-27 15:00:00,1691.0,1585.209
2025-05-27 16:00:00,1875.0,1776.2158
2025-05-27 17:00:00,2119.0,2059.0935
2025-05-27 18:00:00,1703.0,1707.604
2025-05-27 19:00:00,1089.0,1060.8818
2025-05-27 20:00:00,602.0,666.72864
2025-05-27 21:00:00,543.0,514.5968
2025-05-27 22:00:00,408.0,390.97046
2025-05-27 23:00:00,208.0,189.02289
2025-05-28 00:00:00,91.0,86.52234
2025-05-28 01:00:00,69.0,55.453125
2025-05-28 02:00:00,61.0,52.479492
2025-05-28 03:00:00,102.0,81.30237
2025-05-28 04:00:00,221.0,277.13263
2025-05-28 05:00:00,980.0,1034.7141
2025-05-28 06:00:00,2403.0,2611.0781
2025-05-28 07:00:00,2601.0,2805.42
2025-05-28 08:00:00,1956.0,2148.6096
2025-05-28 09:00:00,1471.0,1530.4425
2025-05-28 10:00:00,1525.0,1438.1609
2025-05-28 11:00:00,1501.0,1441.3157
2025-05-28 12:00:00,1645.0,1464.0295
2025-05-28 13:00:00,1696.0,1495.6543
2025-05-28 14:00:00,1743.0,1538.5566
2025-05-28 15:00:00,1901.0,1595.4895
2025-05-28 16:00:00,1870.0,1789.0894
2025-05-28 17:00:00,2080.0,2053.6692
2025-05-28 18:00:00,1822.0,1712.5454
2025-05-28 19:00:00,1374.0,1075.3737
2025-05-28 20:00:00,879.0,669.19946
2025-05-28 21:00:00,726.0,527.0902
2025-05-28 22:00:00,567.0,427.70312
2025-05-28 23:00:00,338.0,159.07483
2025-05-29 00:00:00,198.0,524.29065
2025-05-29 01:00:00,115.0,447.41632
2025-05-29 02:00:00,85.0,373.2155
2025-05-29 03:00:00,89.0,302.91602
2025-05-29 04:00:00,123.0,259.375
2025-05-29 05:00:00,173.0,243.74738
2025-05-29 06:00:00,335.0,262.08905
2025-05-29 07:00:00,536.0,370.17236
2025-05-29 08:00:00,895.0,596.64374
2025-05-29 09:00:00,1250.0,802.6188
2025-05-29 10:00:00,1469.0,1054.3461
2025-05-29 11:00:00,1409.0,1234.072
2025-05-29 12:00:00,1388.0,1345.4192
2025-05-29 13:00:00,1477.0,1426.8706
2025-05-29 14:00:00,1427.0,1524.9911
2025-05-29 15:00:00,1568.0,1618.9451
2025-05-29 16:00:00,1819.0,1651.0405
2025-05-29 17:00:00,1730.0,1646.3254
2025-05-29 18:00:00,1569.0,1507.9735
2025-05-29 19:00:00,1086.0,1320.2257
2025-05-29 20:00:00,897.0,1137.3374
2025-05-29 21:00:00,729.0,946.65015
2025-05-29 22:00:00,546.0,780.4263
2025-05-29 23:00:00,291.0,621.0453
2025-05-30 00:00:00,152.0,189.44904
2025-05-30 01:00:00,72.0,96.82959
2025-05-30 02:00:00,67.0,91.16089
2025-05-30 03:00:00,65.0,116.468994
2025-05-30 04:00:00,138.0,306.66547
2025-05-30 05:00:00,469.0,938.40076
2025-05-30 06:00:00,1136.0,2107.428
2025-05-30 07:00:00,1384.0,2370.1152
2025-05-30 08:00:00,1485.0,1880.2682
2025-05-30 09:00:00,1620.0,1555.3236
2025-05-30 10:00:00,1652.0,1529.665
2025-05-30 11:00:00,1580.0,1561.6399
2025-05-30 12:00:00,1573.0,1605.2341
2025-05-30 13:00:00,1541.0,1673.6677
2025-05-30 14:00:00,1784.0,1775.975
2025-05-30 15:00:00,1939.0,1938.4497
2025-05-30 16:00:00,2124.0,2102.7783
2025-05-30 17:00:00,2291.0,2192.8843
2025-05-30 18:00:00,1900.0,1915.8456
2025-05-30 19:00:00,1376.0,1413.8625
2025-05-30 20:00:00,983.0,947.36914
2025-05-30 21:00:00,897.0,727.3037
2025-05-30 22:00:00,660.0,613.51715
2025-05-30 23:00:00,480.0,494.4624
2025-05-31 00:00:00,264.0,284.3219
2025-05-31 01:00:00,113.0,138.7669
2025-05-31 02:00:00,99.0,107.987915
2025-05-31 03:00:00,74.0,113.31152
2025-05-31 04:00:00,132.0,157.33545
2025-05-31 05:00:00,195.0,305.07227
2025-05-31 06:00:00,505.0,546.0385
2025-05-31 07:00:00,805.0,833.6644
2025-05-31 08:00:00,1270.0,1126.3018
2025-05-31 09:00:00,1483.0,1468.989
2025-05-31 10:00:00,1587.0,1727.0479
2025-05-31 11:00:00,1747.0,1845.6069
2025-05-31 12:00:00,1737.0,1889.7551
2025-05-31 13:00:00,1929.0,1915.5393
2025-05-31 14:00:00,2025.0,1950.5498
2025-05-31 15:00:00,2217.0,2015.1467
2025-05-31 16:00:00,2436.0,2125.822
2025-05-31 17:00:00,2337.0,2177.2988
2025-05-31 18:00:00,1977.0,1951.3547
2025-05-31 19:00:00,1603.0,1343.95
2025-05-31 20:00:00,1342.0,947.8318
2025-05-31 21:00:00,1120.0,807.08057
2025-05-31 22:00:00,850.0,692.2119
2025-05-31 23:00:00,722.0,552.9197
2025-06-01 00:00:00,360.0,222.76984
2025-06-01 01:00:00,183.0,179.88348
2025-06-01 02:00:00,139.0,143.57819
2025-06-01 03:00:00,109.0,128.52618
2025-06-01 04:00:00,101.0,145.87158
2025-06-01 05:00:00,134.0,191.64069
2025-06-01 06:00:00,240.0,265.93024
2025-06-01 07:00:00,369.0,357.05994
2025-06-01 08:00:00,647.0,593.6122
2025-06-01 09:00:00,1114.0,1000.2542
2025-06-01 10:00:00,1575.0,1352.5879
2025-06-01 11:00:00,2272.0,1589.7863
2025-06-01 12:00:00,2361.0,1734.1023
2025-06-01 13:00:00,2553.0,1855.7133
2025-06-01 14:00:00,2837.0,2007.2225
2025-06-01 15:00:00,2952.0,2209.268
2025-06-01 16:00:00,2962.0,2449.5886
2025-06-01 17:00:00,2927.0,2488.6897
2025-06-01 18:00:00,2662.0,2262.275
2025-06-01 19:00:00,1984.0,1791.7776
2025-06-01 20:00:00,1743.0,1396.2239
2025-06-01 21:00:00,1294.0,1007.04114
2025-06-01 22:00:00,861.0,640.0513
2025-06-01 23:00:00,522.0,326.36975
2025-06-02 00:00:00,225.0,102.43689
2025-06-02 01:00:00,82.0,66.66943
2025-06-02 02:00:00,73.0,62.663696
2025-06-02 03:00:00,82.0,93.421875
2025-06-02 04:00:00,226.0,382.98712
2025-06-02 05:00:00,1116.0,1152.5095
2025-06-02 06:00:00,2628.0,2633.4226
2025-06-02 07:00:00,2821.0,2787.1558
2025-06-02 08:00:00,1963.0,2192.6045
2025-06-02 09:00:00,1488.0,1541.9874
2025-06-02 10:00:00,1460.0,1427.4446
2025-06-02 11:00:00,1495.0,1445.8616
2025-06-02 12:00:00,1466.0,1465.1294
2025-06-02 13:00:00,1543.0,1498.1116
2025-06-02 14:00:00,1576.0,1513.8806
2025-06-02 15:00:00,1634.0,1593.6492
2025-06-02 16:00:00,1748.0,1850.1155
2025-06-02 17:00:00,1841.0,2079.3743
2025-06-02 18:00:00,1510.0,1630.0304
2025-06-02 19:00:00,1137.0,1042.6691
2025-06-02 20:00:00,645.0,684.0355
2025-06-02 21:00:00,502.0,517.02924
2025-06-02 22:00:00,329.0,397.84033
2025-06-02 23:00:00,190.0,203.63922
2025-06-03 00:00:00,111.0,88.42456
2025-06-03 01:00:00,62.0,61.21924
2025-06-03 02:00:00,60.0,56.88867
2025-06-03 03:00:00,71.0,86.75598
2025-06-03 04:00:00,161.0,358.31915
2025-06-03 05:00:00,1024.0,1080.7971
2025-06-03 06:00:00,2644.0,2593.48
2025-06-03 07:00:00,2889.0,2773.0698
2025-06-03 08:00:00,2028.0,2275.9307
2025-06-03 09:00:00,1518.0,1558.4039
2025-06-03 10:00:00,1390.0,1434.2137
2025-06-03 11:00:00,1374.0,1451.4172
2025-06-03 12:00:00,1458.0,1472.4463
2025-06-03 13:00:00,1382.0,1494.4204
2025-06-03 14:00:00,1439.0,1513.4698
2025-06-03 15:00:00,1582.0,1574.8218
2025-06-03 16:00:00,1858.0,1838.1345
2025-06-03 17:00:00,2111.0,2085.5293
2025-06-03 18:00:00,1572.0,1676.7234
2025-06-03 19:00:00,1037.0,1061.2412
2025-06-03 20:00:00,623.0,666.9893
2025-06-03 21:00:00,542.0,516.229
2025-06-03 22:00:00,445.0,397.7561
2025-06-03 23:00:00,214.0,197.2088
2025-06-04 00:00:00,103.0,86.350464
2025-06-04 01:00:00,62.0,58.17041
2025-06-04 02:00:00,54.0,56.036133
2025-06-04 03:00:00,80.0,87.047
2025-06-04 04:00:00,185.0,351.8756
2025-06-04 05:00:00,1084.0,1036.688
2025-06-04 06:00:00,2611.0,2581.3403
2025-06-04 07:00:00,2800.0,2794.3484
2025-06-04 08:00:00,1992.0,2251.9536
2025-06-04 09:00:00,1385.0,1553.9662
2025-06-04 10:00:00,1377.0,1432.1211
2025-06-04 11:00:00,1491.0,1458.6808
2025-06-04 12:00:00,1497.0,1485.3933
2025-06-04 13:00:00,1538.0,1508.773
2025-06-04 14:00:00,1518.0,1541.7814
2025-06-04 15:00:00,1603.0,1639.2052
2025-06-04 16:00:00,1805.0,1874.4878
2025-06-04 17:00:00,2064.0,2127.5728
2025-06-04 18:00:00,1597.0,1701.3503
2025-06-04 19:00:00,1037.0,1106.9427
2025-06-04 20:00:00,646.0,690.0789
2025-06-04 21:00:00,526.0,530.1425
2025-06-04 22:00:00,453.0,412.41107
2025-06-04 23:00:00,239.0,190.42194
2025-06-05 00:00:00,120.0,87.70398
2025-06-05 01:00:00,55.0,55.118896
2025-06-05 02:00:00,70.0,61.99878
2025-06-05 03:00:00,88.0,93.81079
2025-06-05 04:00:00,233.0,365.61163
2025-06-05 05:00:00,1012.0,994.2378
2025-06-05 06:00:00,2482.0,2482.2446
2025-06-05 07:00:00,2817.0,2743.9
2025-06-05 08:00:00,2083.0,2176.7134
2025-06-05 09:00:00,1500.0,1559.2998
2025-06-05 10:00:00,1455.0,1435.4329
2025-06-05 11:00:00,1511.0,1473.6849
2025-06-05 12:00:00,1338.0,1509.9081
2025-06-05 13:00:00,1516.0,1551.616
2025-06-05 14:00:00,1639.0,1597.2782
2025-06-05 15:00:00,1637.0,1735.7026
2025-06-05 16:00:00,1924.0,1978.8135
2025-06-05 17:00:00,2020.0,2146.9048
2025-06-05 18:00:00,1688.0,1734.5562
2025-06-05 19:00:00,1093.0,1163.4346
2025-06-05 20:00:00,785.0,758.5051
2025-06-05 21:00:00,627.0,580.09344
2025-06-05 22:00:00,473.0,479.01312
2025-06-05 23:00:00,282.0,246.83752
2025-06-06 00:00:00,118.0,142.71362
2025-06-06 01:00:00,76.0,71.91797
2025-06-06 02:00:00,55.0,75.084595
2025-06-06 03:00:00,91.0,114.23035
2025-06-06 04:00:00,233.0,404.48474
2025-06-06 05:00:00,876.0,971.3703
2025-06-06 06:00:00,2190.0,2259.5112
2025-06-06 07:00:00,2312.0,2520.5352
2025-06-06 08:00:00,1736.0,1940.299
2025-06-06 09:00:00,1497.0,1533.9912
2025-06-06 10:00:00,1566.0,1487.0126
2025-06-06 11:00:00,1567.0,1531.7732
2025-06-06 12:00:00,1622.0,1590.4287
2025-06-06 13:00:00,1696.0,1650.3094
2025-06-06 14:00:00,1754.0,1752.2703
2025-06-06 15:00:00,2017.0,1921.4523
2025-06-06 16:00:00,2055.0,2093.0317
2025-06-06 17:00:00,2189.0,2130.0303
2025-06-06 18:00:00,1811.0,1824.0022
2025-06-06 19:00:00,1338.0,1209.7664
2025-06-06 20:00:00,991.0,876.645
2025-06-06 21:00:00,789.0,663.4732
2025-06-06 22:00:00,652.0,564.5149
2025-06-06 23:00:00,493.0,390.05646
2025-06-07 00:00:00,249.0,299.0268
2025-06-07 01:00:00,160.0,138.59222
2025-06-07 02:00:00,99.0,112.33374
2025-06-07 03:00:00,98.0,103.99939
2025-06-07 04:00:00,127.0,162.432
2025-06-07 05:00:00,243.0,325.87408
2025-06-07 06:00:00,482.0,595.94275
2025-06-07 07:00:00,840.0,882.9423
2025-06-07 08:00:00,1139.0,1165.7938
2025-06-07 09:00:00,1429.0,1473.4375
2025-06-07 10:00:00,1616.0,1675.3264
2025-06-07 11:00:00,1807.0,1825.248
2025-06-07 12:00:00,1822.0,1877.0479
2025-06-07 13:00:00,1752.0,1884.9343
2025-06-07 14:00:00,1932.0,1903.9058
2025-06-07 15:00:00,1849.0,1977.0393
2025-06-07 16:00:00,1742.0,2040.6663
2025-06-07 17:00:00,1782.0,1940.3245
2025-06-07 18:00:00,1448.0,1512.855
2025-06-07 19:00:00,1027.0,1009.5928
2025-06-07 20:00:00,768.0,827.8037
2025-06-07 21:00:00,655.0,758.43604
2025-06-07 22:00:00,640.0,704.4585
2025-06-07 23:00:00,594.0,578.12537
2025-06-08 00:00:00,345.0,232.65698
2025-06-08 01:00:00,221.0,187.17627
2025-06-08 02:00:00,120.0,153.53918
2025-06-08 03:00:00,105.0,137.11823
2025-06-08 04:00:00,97.0,141.7107
2025-06-08 05:00:00,103.0,178.40765
2025-06-08 06:00:00,178.0,250.9823
2025-06-08 07:00:00,264.0,352.56683
2025-06-08 08:00:00,566.0,605.5957
2025-06-08 09:00:00,1032.0,1023.1668
2025-06-08 10:00:00,1214.0,1308.2672
2025-06-08 11:00:00,1358.0,1528.0317
2025-06-08 12:00:00,1581.0,1677.696
2025-06-08 13:00:00,1732.0,1807.873
2025-06-08 14:00:00,1768.0,1940.0945
2025-06-08 15:00:00,1717.0,2117.0286
2025-06-08 16:00:00,1931.0,2346.5344
2025-06-08 17:00:00,1962.0,2361.6194
2025-06-08 18:00:00,1651.0,2129.8276
2025-06-08 19:00:00,1407.0,1627.4182
2025-06-08 20:00:00,1161.0,1283.299
2025-06-08 21:00:00,900.0,923.1
2025-06-08 22:00:00,686.0,558.57697
2025-06-08 23:00:00,412.0,311.984
2025-06-09 00:00:00,263.0,444.22937
2025-06-09 01:00:00,139.0,319.76428
2025-06-09 02:00:00,65.0,240.8985
2025-06-09 03:00:00,74.0,204.44006
2025-06-09 04:00:00,102.0,189.07147
2025-06-09 05:00:00,186.0,188.75787
2025-06-09 06:00:00,274.0,218.65814
2025-06-09 07:00:00,362.0,316.88525
2025-06-09 08:00:00,649.0,578.31946
2025-06-09 09:00:00,1039.0,915.1448
2025-06-09 10:00:00,1419.0,1268.9438
2025-06-09 11:00:00,1818.0,1572.3203
2025-06-09 12:00:00,1978.0,1825.1135
2025-06-09 13:00:00,2197.0,2026.304
2025-06-09 14:00:00,2395.0,2192.5557
2025-06-09 15:00:00,2529.0,2301.1343
2025-06-09 16:00:00,2779.0,2326.9626
2025-06-09 17:00:00,2932.0,2228.044
2025-06-09 18:00:00,2735.0,2053.5166
2025-06-09 19:00:00,2589.0,1809.127
2025-06-09 20:00:00,1862.0,1616.0671
2025-06-09 21:00:00,1454.0,1256.337
2025-06-09 22:00:00,680.0,890.6407
2025-06-09 23:00:00,295.0,618.94916
2025-06-10 00:00:00,146.0,84.07056
2025-06-10 01:00:00,70.0,58.378906
2025-06-10 02:00:00,56.0,53.245483
2025-06-10 03:00:00,80.0,77.88904
2025-06-10 04:00:00,247.0,257.78186
2025-06-10 05:00:00,1190.0,1122.7913
2025-06-10 06:00:00,2778.0,2630.4185
2025-06-10 07:00:00,2955.0,2796.879
2025-06-10 08:00:00,2229.0,2090.979
2025-06-10 09:00:00,1650.0,1471.874
2025-06-10 10:00:00,1512.0,1437.6266
2025-06-10 11:00:00,1578.0,1451.3159
2025-06-10 12:00:00,1561.0,1467.8013
2025-06-10 13:00:00,1615.0,1487.8394
2025-06-10 14:00:00,1627.0,1514.219
2025-06-10 15:00:00,1771.0,1589.8253
2025-06-10 16:00:00,1938.0,1826.3168
2025-06-10 17:00:00,2234.0,2056.0242
2025-06-10 18:00:00,1888.0,1738.766
2025-06-10 19:00:00,1142.0,1104.8582
2025-06-10 20:00:00,768.0,692.8226
2025-06-10 21:00:00,611.0,527.09436
2025-06-10 22:00:00,506.0,398.74127
2025-06-10 23:00:00,250.0,199.00983
2025-06-11 00:00:00,118.0,88.387695
2025-06-11 01:00:00,65.0,57.470703
2025-06-11 02:00:00,62.0,54.12854
2025-06-11 03:00:00,79.0,82.71326
2025-06-11 04:00:00,205.0,296.0067
2025-06-11 05:00:00,1103.0,1070.1191
2025-06-11 06:00:00,2691.0,2625.274
2025-06-11 07:00:00,2809.0,2782.606
2025-06-11 08:00:00,2068.0,2117.1555
2025-06-11 09:00:00,1565.0,1487.8396
2025-06-11 10:00:00,1464.0,1438.7579
2025-06-11 11:00:00,1613.0,1455.608
2025-06-11 12:00:00,1514.0,1475.0536
2025-06-11 13:00:00,1757.0,1503.3503
2025-06-11 14:00:00,1532.0,1536.2452
2025-06-11 15:00:00,1708.0,1651.3839
2025-06-11 16:00:00,1931.0,1892.3247
2025-06-11 17:00:00,2256.0,2160.2415
2025-06-11 18:00:00,1666.0,1801.3821
2025-06-11 19:00:00,1131.0,1182.6296
2025-06-11 20:00:00,817.0,715.28345
2025-06-11 21:00:00,679.0,545.83655
2025-06-11 22:00:00,603.0,444.2165
2025-06-11 23:00:00,272.0,234.81848
2025-06-12 00:00:00,128.0,99.12378
2025-06-12 01:00:00,73.0,58.47888
2025-06-12 02:00:00,59.0,59.86853
2025-06-12 03:00:00,76.0,91.78076
2025-06-12 04:00:00,215.0,325.784
2025-06-12 05:00:00,1030.0,1035.9567
2025-06-12 06:00:00,2634.0,2512.0046
2025-06-12 07:00:00,2818.0,2734.3257
2025-06-12 08:00:00,2182.0,2110.8923
2025-06-12 09:00:00,1603.0,1523.7021
2025-06-12 10:00:00,1545.0,1444.1118
2025-06-12 11:00:00,1548.0,1462.3687
2025-06-12 12:00:00,1492.0,1495.9246
2025-06-12 13:00:00,1541.0,1534.464
2025-06-12 14:00:00,1592.0,1591.2268
2025-06-12 15:00:00,1937.0,1748.6096
2025-06-12 16:00:00,1988.0,2000.1227
2025-06-12 17:00:00,2211.0,2164.2798
2025-06-12 18:00:00,1779.0,1819.7101
2025-06-12 19:00:00,1132.0,1199.3693
2025-06-12 20:00:00,828.0,794.6241
2025-06-12 21:00:00,756.0,588.47156
2025-06-12 22:00:00,553.0,499.1905
2025-06-12 23:00:00,296.0,287.85675
2025-06-13 00:00:00,136.0,149.37854
2025-06-13 01:00:00,62.0,65.71704
2025-06-13 02:00:00,60.0,68.58838
2025-06-13 03:00:00,90.0,101.606445
2025-06-13 04:00:00,183.0,352.11127
2025-06-13 05:00:00,940.0,965.6312
2025-06-13 06:00:00,2168.0,2313.2256
2025-06-13 07:00:00,2662.0,2610.9731
2025-06-13 08:00:00,2124.0,1987.1934
2025-06-13 09:00:00,1640.0,1535.7614
2025-06-13 10:00:00,1580.0,1476.7233
2025-06-13 11:00:00,1642.0,1504.1573
2025-06-13 12:00:00,1659.0,1548.5582
2025-06-13 13:00:00,1780.0,1605.7621
2025-06-13 14:00:00,1824.0,1696.4875
2025-06-13 15:00:00,1964.0,1892.1608
2025-06-13 16:00:00,2187.0,2110.0112
2025-06-13 17:00:00,2399.0,2169.0547
2025-06-13 18:00:00,1819.0,1851.4106
2025-06-13 19:00:00,1242.0,1333.4409
2025-06-13 20:00:00,965.0,922.1832
2025-06-13 21:00:00,855.0,668.0615
2025-06-13 22:00:00,852.0,558.97003
2025-06-13 23:00:00,555.0,441.73944
2025-06-14 00:00:00,297.0,298.9947
2025-06-14 01:00:00,150.0,160.3645
2025-06-14 02:00:00,99.0,117.39624
2025-06-14 03:00:00,107.0,119.01868
2025-06-14 04:00:00,141.0,157.25165
2025-06-14 05:00:00,259.0,277.86896
2025-06-14 06:00:00,632.0,569.71326
2025-06-14 07:00:00,1135.0,861.7119
2025-06-14 08:00:00,1489.0,1159.9933
2025-06-14 09:00:00,1646.0,1526.8904
2025-06-14 10:00:00,1725.0,1712.9595
2025-06-14 11:00:00,1753.0,1818.5752
2025-06-14 12:00:00,1868.0,1862.8818
2025-06-14 13:00:00,1939.0,1904.0471
2025-06-14 14:00:00,1982.0,1956.0215
2025-06-14 15:00:00,2055.0,2028.9038
2025-06-14 16:00:00,2126.0,2132.4229
2025-06-14 17:00:00,2164.0,2219.773
2025-06-14 18:00:00,1853.0,1861.3381
2025-06-14 19:00:00,1355.0,1268.0748
2025-06-14 20:00:00,1037.0,918.5122
2025-06-14 21:00:00,970.0,780.43335
2025-06-14 22:00:00,948.0,723.5722
2025-06-14 23:00:00,704.0,581.47015
2025-06-15 00:00:00,478.0,246.3034
2025-06-15 01:00:00,294.0,209.83899
2025-06-15 02:00:00,158.0,174.10962
2025-06-15 03:00:00,159.0,149.82562
2025-06-15 04:00:00,110.0,138.61005
2025-06-15 05:00:00,146.0,177.32544
2025-06-15 06:00:00,302.0,248.4762
2025-06-15 07:00:00,442.0,358.4715
2025-06-15 08:00:00,761.0,578.34924
2025-06-15 09:00:00,1146.0,1210.3352
2025-06-15 10:00:00,1420.0,1284.3297
2025-06-15 11:00:00,1579.0,1501.2842
2025-06-15 12:00:00,1854.0,1636.01
2025-06-15 13:00:00,1977.0,1764.7292
2025-06-15 14:00:00,2078.0,1953.562
2025-06-15 15:00:00,2265.0,2001.3654
2025-06-15 16:00:00,2434.0,2264.9678
2025-06-15 17:00:00,2180.0,2478.669
2025-06-15 18:00:00,1906.0,2263.1821
2025-06-15 19:00:00,1509.0,1862.1174
2025-06-15 20:00:00,1192.0,1261.3723
2025-06-15 21:00:00,823.0,1059.473
2025-06-15 22:00:00,499.0,580.05884
2025-06-15 23:00:00,209.0,300.922
2025-06-16 00:00:00,113.0,91.38574
2025-06-16 01:00:00,58.0,65.15564
2025-06-16 02:00:00,46.0,60.717285
2025-06-16 03:00:00,89.0,90.51941
2025-06-16 04:00:00,232.0,322.97864
2025-06-16 05:00:00,1088.0,1080.4905
2025-06-16 06:00:00,2679.0,2656.8555
2025-06-16 07:00:00,2753.0,2806.5586
2025-06-16 08:00:00,2160.0,2158.733
2025-06-16 09:00:00,1543.0,1507.4816
2025-06-16 10:00:00,1500.0,1429.2263
2025-06-16 11:00:00,1510.0,1445.1823
2025-06-16 12:00:00,1504.0,1458.7653
2025-06-16 13:00:00,1543.0,1475.836
2025-06-16 14:00:00,1632.0,1500.111
2025-06-16 15:00:00,1605.0,1584.3683
2025-06-16 16:00:00,1781.0,1821.5583
2025-06-16 17:00:00,1986.0,2085.295
2025-06-16 18:00:00,1566.0,1751.6907
2025-06-16 19:00:00,1070.0,1189.7628
2025-06-16 20:00:00,718.0,695.30145
2025-06-16 21:00:00,573.0,523.2801
2025-06-16 22:00:00,373.0,381.75867
2025-06-16 23:00:00,203.0,184.8725
2025-06-17 00:00:00,120.0,84.923584
2025-06-17 01:00:00,52.0,59.352295
2025-06-17 02:00:00,57.0,55.308716
2025-06-17 03:00:00,80.0,81.07605
2025-06-17 04:00:00,203.0,266.74756
2025-06-17 05:00:00,1106.0,1079.4851
2025-06-17 06:00:00,2665.0,2624.8599
2025-06-17 07:00:00,2903.0,2794.7944
2025-06-17 08:00:00,2084.0,2107.5652
2025-06-17 09:00:00,1471.0,1476.1655
2025-06-17 10:00:00,1427.0,1437.8909
2025-06-17 11:00:00,1410.0,1451.4574
2025-06-17 12:00:00,1390.0,1467.7
2025-06-17 13:00:00,1527.0,1486.6522
2025-06-17 14:00:00,1188.0,1510.3257
2025-06-17 15:00:00,1235.0,1600.397
2025-06-17 16:00:00,1261.0,1828.6179
2025-06-17 17:00:00,2242.0,2119.1084
2025-06-17 18:00:00,1702.0,1763.4275
2025-06-17 19:00:00,1101.0,1191.4757
2025-06-17 20:00:00,745.0,695.24756
2025-06-17 21:00:00,626.0,529.54047
2025-06-17 22:00:00,504.0,397.50977
2025-06-17 23:00:00,243.0,195.1784
2025-06-18 00:00:00,96.0,90.9812
2025-06-18 01:00:00,72.0,58.26294
2025-06-18 02:00:00,46.0,55.112427
2025-06-18 03:00:00,81.0,84.22766
2025-06-18 04:00:00,205.0,304.65112
2025-06-18 05:00:00,1068.0,1081.3438
2025-06-18 06:00:00,2622.0,2598.3923
2025-06-18 07:00:00,2746.0,2781.7368
2025-06-18 08:00:00,1952.0,2134.359
2025-06-18 09:00:00,1512.0,1494.2146
2025-06-18 10:00:00,1520.0,1438.2432
2025-06-18 11:00:00,1496.0,1455.3154
2025-06-18 12:00:00,1603.0,1474.2349
2025-06-18 13:00:00,1645.0,1501.9727
2025-06-18 14:00:00,1692.0,1535.0663
2025-06-18 15:00:00,1755.0,1653.2434
2025-06-18 16:00:00,2014.0,1895.4114
2025-06-18 17:00:00,2223.0,2159.2793
2025-06-18 18:00:00,1838.0,1800.2979
2025-06-18 19:00:00,1204.0,1222.3059
2025-06-18 20:00:00,794.0,723.64496
2025-06-18 21:00:00,748.0,548.29156
2025-06-18 22:00:00,634.0,443.52606
2025-06-18 23:00:00,282.0,229.13306
2025-06-19 00:00:00,171.0,163.3487
2025-06-19 01:00:00,76.0,107.916626
2025-06-19 02:00:00,63.0,80.24194
2025-06-19 03:00:00,85.0,86.24097
2025-06-19 04:00:00,215.0,175.10175
2025-06-19 05:00:00,879.0,832.8311
2025-06-19 06:00:00,2246.0,2123.3774
2025-06-19 07:00:00,2303.0,2599.1147
2025-06-19 08:00:00,1812.0,2201.7637
2025-06-19 09:00:00,1649.0,1692.446
2025-06-19 10:00:00,1537.0,1532.8893
2025-06-19 11:00:00,1570.0,1527.27
2025-06-19 12:00:00,1635.0,1546.8938
2025-06-19 13:00:00,1564.0,1573.7471
2025-06-19 14:00:00,1833.0,1639.2273
2025-06-19 15:00:00,1828.0,1755.086
2025-06-19 16:00:00,1864.0,1925.783
2025-06-19 17:00:00,1986.0,1931.5115
2025-06-19 18:00:00,1788.0,1432.5935
2025-06-19 19:00:00,1308.0,939.08704
2025-06-19 20:00:00,834.0,691.3329
2025-06-19 21:00:00,793.0,551.97345
2025-06-19 22:00:00,633.0,449.14136
2025-06-19 23:00:00,306.0,292.44824
2025-06-20 00:00:00,163.0,196.28577
2025-06-20 01:00:00,80.0,107.58069
2025-06-20 02:00:00,80.0,100.244385
2025-06-20 03:00:00,98.0,178.8797
2025-06-20 04:00:00,193.0,504.14545
2025-06-20 05:00:00,875.0,1216.0878
2025-06-20 06:00:00,2093.0,2369.542
2025-06-20 07:00:00,2286.0,2524.8945
2025-06-20 08:00:00,1696.0,1930.3695
2025-06-20 09:00:00,1613.0,1572.678
2025-06-20 10:00:00,1657.0,1525.2631
2025-06-20 11:00:00,1807.0,1551.8264
2025-06-20 12:00:00,1713.0,1589.762
2025-06-20 13:00:00,1914.0,1642.9415
2025-06-20 14:00:00,1901.0,1758.9073
2025-06-20 15:00:00,2088.0,1946.3684
2025-06-20 16:00:00,2127.0,2135.9414
2025-06-20 17:00:00,2152.0,2184.7817
2025-06-20 18:00:00,1924.0,1901.6335
2025-06-20 19:00:00,1361.0,1525.4258
2025-06-20 20:00:00,1131.0,1045.6073
2025-06-20 21:00:00,853.0,760.8413
2025-06-20 22:00:00,809.0,584.3044
2025-06-20 23:00:00,579.0,450.93713
2025-06-21 00:00:00,336.0,273.6416
2025-06-21 01:00:00,212.0,157.89789
2025-06-21 02:00:00,130.0,120.16333
2025-06-21 03:00:00,98.0,116.897705
2025-06-21 04:00:00,135.0,143.2055
2025-06-21 05:00:00,275.0,303.35736
2025-06-21 06:00:00,648.0,615.42694
2025-06-21 07:00:00,937.0,897.23566
2025-06-21 08:00:00,1420.0,1219.8508
2025-06-21 09:00:00,1565.0,1607.8203
2025-06-21 10:00:00,1714.0,1781.1959
2025-06-21 11:00:00,1745.0,1846.9133
2025-06-21 12:00:00,1916.0,1882.6915
2025-06-21 13:00:00,1981.0,1930.7949
2025-06-21 14:00:00,2150.0,2001.6272
2025-06-21 15:00:00,2408.0,2096.4116
2025-06-21 16:00:00,2335.0,2216.3447
2025-06-21 17:00:00,2077.0,2245.6963
2025-06-21 18:00:00,1781.0,1939.593
2025-06-21 19:00:00,1224.0,1303.8031
2025-06-21 20:00:00,1099.0,909.7379
2025-06-21 21:00:00,956.0,769.2665
2025-06-21 22:00:00,960.0,700.37976
2025-06-21 23:00:00,794.0,550.6474
2025-06-22 00:00:00,541.0,247.98456
2025-06-22 01:00:00,301.0,212.38275
2025-06-22 02:00:00,156.0,178.41724
2025-06-22 03:00:00,117.0,154.5357
2025-06-22 04:00:00,103.0,139.8258
2025-06-22 05:00:00,124.0,199.17987
2025-06-22 06:00:00,262.0,282.52667
2025-06-22 07:00:00,424.0,383.02118
2025-06-22 08:00:00,700.0,685.32263
2025-06-22 09:00:00,1159.0,1118.6676
2025-06-22 10:00:00,1485.0,1413.77
2025-06-22 11:00:00,1778.0,1587.4852
2025-06-22 12:00:00,2029.0,1713.627
2025-06-22 13:00:00,2111.0,1853.3427
2025-06-22 14:00:00,2255.0,2052.1448
2025-06-22 15:00:00,2448.0,2303.664
2025-06-22 16:00:00,2617.0,2493.5203
2025-06-22 17:00:00,2793.0,2500.064
2025-06-22 18:00:00,2618.0,2300.9214
2025-06-22 19:00:00,2443.0,1784.3931
2025-06-22 20:00:00,1880.0,1380.4679
2025-06-22 21:00:00,1630.0,994.62463
2025-06-22 22:00:00,929.0,616.1139
2025-06-22 23:00:00,460.0,321.3277
2025-06-23 00:00:00,190.0,142.88934
2025-06-23 01:00:00,82.0,84.28369
2025-06-23 02:00:00,70.0,77.45654
2025-06-23 03:00:00,94.0,113.198364
2025-06-23 04:00:00,228.0,451.04254
2025-06-23 05:00:00,1115.0,1375.3541
2025-06-23 06:00:00,2565.0,2636.5708
2025-06-23 07:00:00,2736.0,2745.8076
2025-06-23 08:00:00,2084.0,1958.4141
2025-06-23 09:00:00,1632.0,1549.2366
2025-06-23 10:00:00,1499.0,1463.4218
2025-06-23 11:00:00,1592.0,1487.1426
2025-06-23 12:00:00,1505.0,1496.5029
2025-06-23 13:00:00,1620.0,1544.9968
2025-06-23 14:00:00,1728.0,1606.769
2025-06-23 15:00:00,1675.0,1715.958
2025-06-23 16:00:00,1848.0,1901.6638
2025-06-23 17:00:00,2114.0,2151.491
2025-06-23 18:00:00,1665.0,1830.2351
2025-06-23 19:00:00,1037.0,1292.4628
2025-06-23 20:00:00,763.0,875.89276
2025-06-23 21:00:00,604.0,618.0124
2025-06-23 22:00:00,437.0,483.37488
2025-06-23 23:00:00,257.0,302.0844
2025-06-24 00:00:00,124.0,116.96594
2025-06-24 01:00:00,63.0,76.847046
2025-06-24 02:00:00,62.0,69.50366
2025-06-24 03:00:00,80.0,96.70715
2025-06-24 04:00:00,202.0,377.8012
2025-06-24 05:00:00,1128.0,1384.4655
2025-06-24 06:00:00,2714.0,2623.8767
2025-06-24 07:00:00,2775.0,2770.2197
2025-06-24 08:00:00,2056.0,2197.7388
2025-06-24 09:00:00,1555.0,1564.6577
2025-06-24 10:00:00,1382.0,1449.5934
2025-06-24 11:00:00,1441.0,1467.1857
2025-06-24 12:00:00,1479.0,1489.8402
2025-06-24 13:00:00,1448.0,1515.002
2025-06-24 14:00:00,1583.0,1558.6989
2025-06-24 15:00:00,1718.0,1704.3086
2025-06-24 16:00:00,2016.0,1951.6963
2025-06-24 17:00:00,2032.0,2110.214
2025-06-24 18:00:00,1764.0,1769.0159
2025-06-24 19:00:00,1164.0,1268.6537
2025-06-24 20:00:00,755.0,818.4109
2025-06-24 21:00:00,738.0,573.0076
2025-06-24 22:00:00,501.0,435.93573
2025-06-24 23:00:00,283.0,240.81421
2025-06-25 00:00:00,133.0,116.80017
2025-06-25 01:00:00,87.0,69.27283
2025-06-25 02:00:00,63.0,63.135986
2025-06-25 03:00:00,98.0,95.69971
2025-06-25 04:00:00,217.0,377.06708
2025-06-25 05:00:00,1065.0,1279.663
2025-06-25 06:00:00,2539.0,2594.3875
2025-06-25 07:00:00,2747.0,2758.026
2025-06-25 08:00:00,2076.0,2229.088
2025-06-25 09:00:00,1567.0,1605.2115
2025-06-25 10:00:00,1564.0,1456.7775
2025-06-25 11:00:00,1424.0,1477.4966
2025-06-25 12:00:00,1548.0,1506.9966
2025-06-25 13:00:00,1621.0,1539.6052
2025-06-25 14:00:00,1593.0,1595.834
2025-06-25 15:00:00,1771.0,1761.1099
2025-06-25 16:00:00,2057.0,2020.4744
2025-06-25 17:00:00,1994.0,2127.514
2025-06-25 18:00:00,1646.0,1799.7537
2025-06-25 19:00:00,1099.0,1256.5219
2025-06-25 20:00:00,861.0,844.52295
2025-06-25 21:00:00,823.0,601.67316
2025-06-25 22:00:00,577.0,475.24524
2025-06-25 23:00:00,335.0,285.2563
2025-06-26 00:00:00,147.0,127.23822
2025-06-26 01:00:00,79.0,69.06116
2025-06-26 02:00:00,70.0,71.12781
2025-06-26 03:00:00,97.0,110.17163
2025-06-26 04:00:00,207.0,399.00122
2025-06-26 05:00:00,1062.0,1054.3585
2025-06-26 06:00:00,2517.0,2528.1907
2025-06-26 07:00:00,2571.0,2734.7988
2025-06-26 08:00:00,2202.0,2155.098
2025-06-26 09:00:00,1685.0,1594.2664
2025-06-26 10:00:00,1585.0,1474.3071
2025-06-26 11:00:00,1658.0,1497.8561
2025-06-26 12:00:00,1572.0,1546.1493
2025-06-26 13:00:00,1792.0,1545.842
2025-06-26 14:00:00,1713.0,1594.5786
2025-06-26 15:00:00,1866.0,1764.5952
2025-06-26 16:00:00,2103.0,1975.4573
2025-06-26 17:00:00,2154.0,2154.0806
2025-06-26 18:00:00,1758.0,1786.9835
2025-06-26 19:00:00,1100.0,1252.0892
2025-06-26 20:00:00,795.0,851.0095
2025-06-26 21:00:00,686.0,606.0462
2025-06-26 22:00:00,614.0,512.51276
2025-06-26 23:00:00,363.0,304.2472
2025-06-27 00:00:00,165.0,148.4076
2025-06-27 01:00:00,70.0,72.38245
2025-06-27 02:00:00,63.0,73.093506
2025-06-27 03:00:00,116.0,106.24805
2025-06-27 04:00:00,217.0,359.55457
2025-06-27 05:00:00,948.0,1086.5323
2025-06-27 06:00:00,2181.0,2369.465
2025-06-27 07:00:00,2289.0,2629.588
2025-06-27 08:00:00,1859.0,2079.758
2025-06-27 09:00:00,1569.0,1605.0903
2025-06-27 10:00:00,1637.0,1510.1407
2025-06-27 11:00:00,1741.0,1552.9277
2025-06-27 12:00:00,1691.0,1596.7561
2025-06-27 13:00:00,1799.0,1671.8743
2025-06-27 14:00:00,2131.0,1785.1702
2025-06-27 15:00:00,2255.0,1984.4089
2025-06-27 16:00:00,2277.0,2179.933
2025-06-27 17:00:00,2210.0,2206.878
2025-06-27 18:00:00,1833.0,1883.6611
2025-06-27 19:00:00,1333.0,1435.0715
2025-06-27 20:00:00,1014.0,987.57605
2025-06-27 21:00:00,800.0,694.08295
2025-06-27 22:00:00,823.0,556.24115
2025-06-27 23:00:00,633.0,439.2428
2025-06-28 00:00:00,338.0,227.98059
2025-06-28 01:00:00,188.0,141.9776
2025-06-28 02:00:00,128.0,119.16467
2025-06-28 03:00:00,126.0,121.431274
2025-06-28 04:00:00,151.0,162.8529
2025-06-28 05:00:00,301.0,409.81116
2025-06-28 06:00:00,638.0,731.7699
2025-06-28 07:00:00,1020.0,1031.6942
2025-06-28 08:00:00,1450.0,1266.6017
2025-06-28 09:00:00,1688.0,1607.0505
2025-06-28 10:00:00,1723.0,1739.6841
2025-06-28 11:00:00,1946.0,1800.5254
2025-06-28 12:00:00,1896.0,1871.9109
2025-06-28 13:00:00,1974.0,1955.1628
2025-06-28 14:00:00,2032.0,2056.5977
2025-06-28 15:00:00,2174.0,2162.7544
2025-06-28 16:00:00,2119.0,2272.4048
2025-06-28 17:00:00,2180.0,2244.5874
2025-06-28 18:00:00,1757.0,2003.0629
2025-06-28 19:00:00,1257.0,1507.219
2025-06-28 20:00:00,1108.0,1006.5021
2025-06-28 21:00:00,1032.0,806.9783
2025-06-28 22:00:00,1030.0,695.4209
2025-06-28 23:00:00,790.0,485.74707
2025-06-29 00:00:00,519.0,176.77844
2025-06-29 01:00:00,272.0,148.6706
2025-06-29 02:00:00,167.0,123.14209
2025-06-29 03:00:00,163.0,121.22156
2025-06-29 04:00:00,136.0,139.15253
2025-06-29 05:00:00,132.0,302.58148
2025-06-29 06:00:00,279.0,590.51135
2025-06-29 07:00:00,485.0,819.4303
2025-06-29 08:00:00,794.0,1060.589
2025-06-29 09:00:00,1171.0,1308.6127
2025-06-29 10:00:00,1454.0,1522.6508
2025-06-29 11:00:00,1654.0,1677.6987
2025-06-29 12:00:00,1774.0,1832.685
2025-06-29 13:00:00,1991.0,1993.2983
2025-06-29 14:00:00,2162.0,2199.4248
2025-06-29 15:00:00,2437.0,2385.464
2025-06-29 16:00:00,2579.0,2506.8188
2025-06-29 17:00:00,2725.0,2453.9795
2025-06-29 18:00:00,2537.0,2153.064
2025-06-29 19:00:00,2472.0,1584.597
2025-06-29 20:00:00,1966.0,1095.2616
2025-06-29 21:00:00,1531.0,801.649
2025-06-29 22:00:00,997.0,569.3481
2025-06-29 23:00:00,418.0,290.71216
2025-06-30 00:00:00,169.0,133.04626
2025-06-30 01:00:00,73.0,87.28381
2025-06-30 02:00:00,62.0,92.84802
2025-06-30 03:00:00,123.0,165.68652
2025-06-30 04:00:00,253.0,597.11224
2025-06-30 05:00:00,1119.0,1556.468
2025-06-30 06:00:00,2572.0,2606.3147
2025-06-30 07:00:00,2764.0,2621.8381
2025-06-30 08:00:00,2081.0,1908.2521
2025-06-30 09:00:00,1551.0,1497.8441
2025-06-30 10:00:00,1456.0,1460.3982
2025-06-30 11:00:00,1596.0,1481.6122
2025-06-30 12:00:00,1557.0,1504.0046
2025-06-30 13:00:00,1652.0,1528.6248
2025-06-30 14:00:00,1806.0,1562.7151
2025-06-30 15:00:00,1766.0,1692.8816
2025-06-30 16:00:00,1999.0,1891.1567
2025-06-30 17:00:00,2181.0,2104.4958
2025-06-30 18:00:00,1693.0,1894.4292
2025-06-30 19:00:00,998.0,1445.6256
2025-06-30 20:00:00,785.0,918.02936
2025-06-30 21:00:00,635.0,625.8203
2025-06-30 22:00:00,446.0,447.34674
2025-06-30 23:00:00,220.0,238.00085
2025-07-01 00:00:00,115.0,138.65594
2025-07-01 01:00:00,52.0,89.39331
2025-07-01 02:00:00,61.0,91.82019
2025-07-01 03:00:00,84.0,163.97125
2025-07-01 04:00:00,203.0,620.55035
2025-07-01 05:00:00,1085.0,1673.8842
2025-07-01 06:00:00,2682.0,2645.8198
2025-07-01 07:00:00,2695.0,2633.0325
2025-07-01 08:00:00,2067.0,1947.635
2025-07-01 09:00:00,1595.0,1529.7178
2025-07-01 10:00:00,1497.0,1460.5073
2025-07-01 11:00:00,1417.0,1482.6932
2025-07-01 12:00:00,1460.0,1506.5867
2025-07-01 13:00:00,1466.0,1531.178
2025-07-01 14:00:00,1593.0,1568.3267
2025-07-01 15:00:00,1567.0,1681.5522
2025-07-01 16:00:00,2011.0,1884.1146
2025-07-01 17:00:00,2146.0,2112.5728
2025-07-01 18:00:00,1620.0,1879.3816
2025-07-01 19:00:00,1079.0,1472.0343
2025-07-01 20:00:00,733.0,960.1676
2025-07-01 21:00:00,655.0,659.1426
2025-07-01 22:00:00,533.0,483.1927
2025-07-01 23:00:00,257.0,282.4309
2025-07-02 00:00:00,112.0,164.55017
2025-07-02 01:00:00,51.0,97.06543
2025-07-02 02:00:00,59.0,93.79248
2025-07-02 03:00:00,104.0,182.2143
2025-07-02 04:00:00,200.0,622.5274
2025-07-02 05:00:00,1119.0,1602.2684
2025-07-02 06:00:00,2602.0,2615.107
2025-07-02 07:00:00,2778.0,2652.3633
2025-07-02 08:00:00,1903.0,2025.9165
2025-07-02 09:00:00,1467.0,1566.9265
2025-07-02 10:00:00,1537.0,1473.9883
2025-07-02 11:00:00,1628.0,1495.7739
2025-07-02 12:00:00,1539.0,1522.1633
2025-07-02 13:00:00,1609.0,1552.3795
2025-07-02 14:00:00,1745.0,1612.0271
2025-07-02 15:00:00,1774.0,1747.2664
2025-07-02 16:00:00,2060.0,1963.6592
2025-07-02 17:00:00,2241.0,2148.4722
2025-07-02 18:00:00,1687.0,1882.1515
2025-07-02 19:00:00,1106.0,1468.4077
2025-07-02 20:00:00,806.0,953.9038
2025-07-02 21:00:00,707.0,670.90234
2025-07-02 22:00:00,534.0,521.81946
2025-07-02 23:00:00,298.0,336.08954
2025-07-03 00:00:00,143.0,197.01971
2025-07-03 01:00:00,80.0,113.792725
2025-07-03 02:00:00,54.0,109.23743
2025-07-03 03:00:00,94.0,216.48822
2025-07-03 04:00:00,234.0,628.9969
2025-07-03 05:00:00,1140.0,1535.6086
2025-07-03 06:00:00,2482.0,2563.0542
2025-07-03 07:00:00,2664.0,2594.3306
2025-07-03 08:00:00,2020.0,2026.4136
2025-07-03 09:00:00,1539.0,1599.067
2025-07-03 10:00:00,1535.0,1501.4891
2025-07-03 11:00:00,1616.0,1513.2747
2025-07-03 12:00:00,1504.0,1549.6403
2025-07-03 13:00:00,1697.0,1598.3
2025-07-03 14:00:00,1741.0,1684.7146
2025-07-03 15:00:00,1712.0,1839.5029
2025-07-03 16:00:00,2086.0,2034.4724
2025-07-03 17:00:00,2209.0,2182.1562
2025-07-03 18:00:00,1651.0,1880.1345
2025-07-03 19:00:00,1119.0,1483.2079
2025-07-03 20:00:00,873.0,988.00244
2025-07-03 21:00:00,713.0,700.7085
2025-07-03 22:00:00,637.0,551.5915
2025-07-03 23:00:00,308.0,414.14374
2025-07-04 00:00:00,135.0,232.20087
2025-07-04 01:00:00,87.0,130.23352
2025-07-04 02:00:00,59.0,128.99689
2025-07-04 03:00:00,90.0,199.57245
2025-07-04 04:00:00,204.0,475.6637
2025-07-04 05:00:00,882.0,1373.4503
2025-07-04 06:00:00,2146.0,2394.4756
2025-07-04 07:00:00,2291.0,2487.1667
2025-07-04 08:00:00,1695.0,1970.769
2025-07-04 09:00:00,1494.0,1570.3992
2025-07-04 10:00:00,1567.0,1522.2146
2025-07-04 11:00:00,1715.0,1565.4567
2025-07-04 12:00:00,1773.0,1592.8318
2025-07-04 13:00:00,1807.0,1661.6761
2025-07-04 14:00:00,1854.0,1779.7612
2025-07-04 15:00:00,2024.0,1971.0059
2025-07-04 16:00:00,2113.0,2151.3755
2025-07-04 17:00:00,2171.0,2195.686
2025-07-04 18:00:00,1730.0,1926.8674
2025-07-04 19:00:00,1368.0,1565.0244
2025-07-04 20:00:00,1089.0,1071.6158
2025-07-04 21:00:00,963.0,775.98096
2025-07-04 22:00:00,870.0,589.1148
2025-07-04 23:00:00,648.0,465.31494
2025-07-05 00:00:00,387.0,237.77826
2025-07-05 01:00:00,180.0,133.44629
2025-07-05 02:00:00,113.0,123.41797
2025-07-05 03:00:00,139.0,143.01172
2025-07-05 04:00:00,171.0,220.88501
2025-07-05 05:00:00,309.0,380.0818
2025-07-05 06:00:00,612.0,605.264
2025-07-05 07:00:00,955.0,856.7173
2025-07-05 08:00:00,1280.0,1115.085
2025-07-05 09:00:00,1526.0,1398.7452
2025-07-05 10:00:00,1764.0,1655.2555
2025-07-05 11:00:00,1847.0,1780.0471
2025-07-05 12:00:00,1899.0,1843.8894
2025-07-05 13:00:00,1963.0,1942.4517
2025-07-05 14:00:00,2103.0,2045.0378
2025-07-05 15:00:00,1987.0,2138.2153
2025-07-05 16:00:00,2175.0,2232.3203
2025-07-05 17:00:00,2067.0,2273.1226
2025-07-05 18:00:00,1684.0,2071.7612
2025-07-05 19:00:00,1404.0,1620.9398
2025-07-05 20:00:00,1164.0,1118.0258
2025-07-05 21:00:00,1082.0,848.6915
2025-07-05 22:00:00,1051.0,741.8606
2025-07-05 23:00:00,852.0,569.2875
2025-07-06 00:00:00,471.0,230.26178
2025-07-06 01:00:00,236.0,197.23816
2025-07-06 02:00:00,152.0,168.5791
2025-07-06 03:00:00,127.0,151.40198
2025-07-06 04:00:00,130.0,148.28839
2025-07-06 05:00:00,135.0,205.28369
2025-07-06 06:00:00,254.0,281.05194
2025-07-06 07:00:00,355.0,467.45227
2025-07-06 08:00:00,721.0,833.4773
2025-07-06 09:00:00,1067.0,1150.1086
2025-07-06 10:00:00,1403.0,1368.9868
2025-07-06 11:00:00,1717.0,1563.3185
2025-07-06 12:00:00,1973.0,1713.3737
2025-07-06 13:00:00,2129.0,1940.8715
2025-07-06 14:00:00,2380.0,2144.3298
2025-07-06 15:00:00,2670.0,2366.6628
2025-07-06 16:00:00,2727.0,2514.4526
2025-07-06 17:00:00,2524.0,2570.1045
2025-07-06 18:00:00,2088.0,2466.3481
2025-07-06 19:00:00,1585.0,2094.786
2025-07-06 20:00:00,1204.0,1668.812
2025-07-06 21:00:00,915.0,1229.8735
2025-07-06 22:00:00,601.0,656.2125
2025-07-06 23:00:00,257.0,298.41052
2025-07-07 00:00:00,132.0,149.71118
2025-07-07 01:00:00,65.0,103.08545
2025-07-07 02:00:00,53.0,89.49841
2025-07-07 03:00:00,90.0,123.411865
2025-07-07 04:00:00,256.0,405.8916
2025-07-07 05:00:00,1081.0,1158.1504
2025-07-07 06:00:00,2563.0,2217.33
2025-07-07 07:00:00,2662.0,2079.5994
2025-07-07 08:00:00,1907.0,1592.5791
2025-07-07 09:00:00,1501.0,1460.9929
2025-07-07 10:00:00,1472.0,1450.1449
2025-07-07 11:00:00,1510.0,1463.2917
2025-07-07 12:00:00,1500.0,1497.7976
2025-07-07 13:00:00,1579.0,1541.6934
2025-07-07 14:00:00,1491.0,1596.1267
2025-07-07 15:00:00,1597.0,1702.0833
2025-07-07 16:00:00,1911.0,1849.3737
2025-07-07 17:00:00,2152.0,1998.4036
2025-07-07 18:00:00,1621.0,1715.8131
2025-07-07 19:00:00,1067.0,1187.8323
2025-07-07 20:00:00,703.0,810.0821
2025-07-07 21:00:00,568.0,603.3938
2025-07-07 22:00:00,327.0,469.71185
2025-07-07 23:00:00,191.0,280.72058
2025-07-08 00:00:00,77.0,141.88312
2025-07-08 01:00:00,60.0,89.139404
2025-07-08 02:00:00,47.0,85.074585
2025-07-08 03:00:00,86.0,115.0824
2025-07-08 04:00:00,210.0,393.55713
2025-07-08 05:00:00,1043.0,1160.9442
2025-07-08 06:00:00,2441.0,2256.8953
2025-07-08 07:00:00,2542.0,2179.1775
2025-07-08 08:00:00,1980.0,1637.5254
2025-07-08 09:00:00,1667.0,1470.0841
2025-07-08 10:00:00,1522.0,1451.8876
2025-07-08 11:00:00,1621.0,1471.8519
2025-07-08 12:00:00,1556.0,1503.9977
2025-07-08 13:00:00,1700.0,1548.1315
2025-07-08 14:00:00,1568.0,1603.5194
2025-07-08 15:00:00,1760.0,1725.2756
2025-07-08 16:00:00,1932.0,1907.9246
2025-07-08 17:00:00,2145.0,2023.6595
2025-07-08 18:00:00,1609.0,1707.6963
2025-07-08 19:00:00,1059.0,1186.7737
2025-07-08 20:00:00,666.0,801.75366
2025-07-08 21:00:00,585.0,605.5991
2025-07-08 22:00:00,358.0,466.77222
2025-07-08 23:00:00,229.0,275.7506
2025-07-09 00:00:00,96.0,147.48792
2025-07-09 01:00:00,64.0,86.11865
2025-07-09 02:00:00,58.0,79.22278
2025-07-09 03:00:00,74.0,114.184204
2025-07-09 04:00:00,218.0,378.21112
2025-07-09 05:00:00,1017.0,1111.8754
2025-07-09 06:00:00,2438.0,2272.0054
2025-07-09 07:00:00,2592.0,2456.444
2025-07-09 08:00:00,1902.0,1760.7262
2025-07-09 09:00:00,1597.0,1485.8486
2025-07-09 10:00:00,1479.0,1457.977
2025-07-09 11:00:00,1551.0,1495.2611
2025-07-09 12:00:00,1549.0,1536.5046
2025-07-09 13:00:00,1588.0,1579.6707
2025-07-09 14:00:00,1617.0,1643.3365
2025-07-09 15:00:00,1746.0,1765.9229
2025-07-09 16:00:00,2023.0,1967.7238
2025-07-09 17:00:00,2188.0,2137.3743
2025-07-09 18:00:00,1772.0,1756.367
2025-07-09 19:00:00,1107.0,1214.3795
2025-07-09 20:00:00,770.0,893.50684
2025-07-09 21:00:00,677.0,634.85516
2025-07-09 22:00:00,520.0,504.40588
2025-07-09 23:00:00,279.0,322.05054
2025-07-10 00:00:00,108.0,160.03137
2025-07-10 01:00:00,75.0,90.103516
2025-07-10 02:00:00,53.0,85.00342
2025-07-10 03:00:00,95.0,117.01538
2025-07-10 04:00:00,220.0,362.08978
2025-07-10 05:00:00,1023.0,971.4486
2025-07-10 06:00:00,2357.0,2173.5623
2025-07-10 07:00:00,2649.0,2421.141
2025-07-10 08:00:00,1906.0,1806.864
2025-07-10 09:00:00,1595.0,1515.4534
2025-07-10 10:00:00,1438.0,1485.044
2025-07-10 11:00:00,1530.0,1527.006
2025-07-10 12:00:00,1467.0,1576.2078
2025-07-10 13:00:00,1515.0,1629.9087
2025-07-10 14:00:00,1646.0,1727.304
2025-07-10 15:00:00,1801.0,1884.1091
2025-07-10 16:00:00,2072.0,2080.103
2025-07-10 17:00:00,1490.0,2179.0732
2025-07-10 18:00:00,1783.0,1792.322
2025-07-10 19:00:00,1402.0,1274.9205
2025-07-10 20:00:00,865.0,947.43384
2025-07-10 21:00:00,808.0,680.13416
2025-07-10 22:00:00,594.0,550.85406
2025-07-10 23:00:00,323.0,391.81934
2025-07-11 00:00:00,145.0,191.28717
2025-07-11 01:00:00,76.0,107.559204
2025-07-11 02:00:00,64.0,99.58655
2025-07-11 03:00:00,90.0,133.71844
2025-07-11 04:00:00,213.0,383.99622
2025-07-11 05:00:00,954.0,976.59094
2025-07-11 06:00:00,2002.0,1992.6877
2025-07-11 07:00:00,2120.0,2195.268
2025-07-11 08:00:00,1635.0,1750.3406
2025-07-11 09:00:00,1554.0,1546.1792
2025-07-11 10:00:00,1594.0,1532.6849
2025-07-11 11:00:00,1601.0,1593.4565
2025-07-11 12:00:00,1626.0,1647.6345
2025-07-11 13:00:00,1784.0,1727.4502
2025-07-11 14:00:00,1929.0,1839.6263
2025-07-11 15:00:00,2119.0,1983.8129
2025-07-11 16:00:00,2258.0,2148.831
2025-07-11 17:00:00,2201.0,2231.3457
2025-07-11 18:00:00,1690.0,1965.4204
2025-07-11 19:00:00,1313.0,1452.8303
2025-07-11 20:00:00,981.0,1026.3824
2025-07-11 21:00:00,801.0,762.4206
2025-07-11 22:00:00,712.0,608.9278
2025-07-11 23:00:00,457.0,479.68683
2025-07-12 00:00:00,279.0,245.6242
2025-07-12 01:00:00,139.0,137.50677
2025-07-12 02:00:00,92.0,118.44714
2025-07-12 03:00:00,98.0,124.72565
2025-07-12 04:00:00,155.0,163.38855
2025-07-12 05:00:00,256.0,270.70435
2025-07-12 06:00:00,577.0,490.87518
2025-07-12 07:00:00,833.0,761.8123
2025-07-12 08:00:00,1193.0,1057.4117
2025-07-12 09:00:00,1487.0,1420.3096
2025-07-12 10:00:00,1749.0,1694.8123
2025-07-12 11:00:00,1838.0,1839.4004
2025-07-12 12:00:00,1844.0,1903.1189
2025-07-12 13:00:00,2044.0,1948.9939
2025-07-12 14:00:00,2068.0,2007.373
2025-07-12 15:00:00,2062.0,2074.0952
2025-07-12 16:00:00,2295.0,2161.9668
2025-07-12 17:00:00,2219.0,2161.872
2025-07-12 18:00:00,1872.0,1824.6259
2025-07-12 19:00:00,1384.0,1393.581
2025-07-12 20:00:00,1167.0,1019.3202
2025-07-12 21:00:00,973.0,813.31934
2025-07-12 22:00:00,958.0,731.3251
2025-07-12 23:00:00,656.0,569.3268
2025-07-13 00:00:00,424.0,220.58862
2025-07-13 01:00:00,211.0,180.65057
2025-07-13 02:00:00,148.0,150.38837
2025-07-13 03:00:00,107.0,138.01764
2025-07-13 04:00:00,100.0,151.88306
2025-07-13 05:00:00,143.0,185.07489
2025-07-13 06:00:00,225.0,233.53497
2025-07-13 07:00:00,362.0,364.80884
2025-07-13 08:00:00,544.0,646.5216
2025-07-13 09:00:00,1022.0,991.6614
2025-07-13 10:00:00,1373.0,1323.6724
2025-07-13 11:00:00,1718.0,1588.7732
2025-07-13 12:00:00,2023.0,1722.7163
2025-07-13 13:00:00,2021.0,1855.1025
2025-07-13 14:00:00,2265.0,2004.03
2025-07-13 15:00:00,2582.0,2196.6265
2025-07-13 16:00:00,2510.0,2375.2954
2025-07-13 17:00:00,2527.0,2389.2573
2025-07-13 18:00:00,2383.0,2152.1477
2025-07-13 19:00:00,1638.0,1780.0328
2025-07-13 20:00:00,1461.0,1475.6454
2025-07-13 21:00:00,1052.0,1151.7656
2025-07-13 22:00:00,659.0,781.6915
2025-07-13 23:00:00,333.0,363.49506
2025-07-14 00:00:00,138.0,175.52496
2025-07-14 01:00:00,69.0,109.79785
2025-07-14 02:00:00,50.0,95.384155
2025-07-14 03:00:00,91.0,146.28577
2025-07-14 04:00:00,212.0,481.73444
2025-07-14 05:00:00,973.0,1289.092
2025-07-14 06:00:00,2265.0,2169.666
2025-07-14 07:00:00,2446.0,2016.7974
2025-07-14 08:00:00,1749.0,1572.6527
2025-07-14 09:00:00,1541.0,1461.7834
2025-07-14 10:00:00,1532.0,1449.3798
2025-07-14 11:00:00,1521.0,1471.7278
2025-07-14 12:00:00,1605.0,1501.688
2025-07-14 13:00:00,1605.0,1533.9668
2025-07-14 14:00:00,1567.0,1584.752
2025-07-14 15:00:00,1603.0,1717.3009
2025-07-14 16:00:00,1827.0,1914.7793
2025-07-14 17:00:00,1950.0,2091.3313
2025-07-14 18:00:00,1581.0,1781.5713
2025-07-14 19:00:00,1017.0,1262.5042
2025-07-14 20:00:00,717.0,875.6892
2025-07-14 21:00:00,618.0,647.21326
2025-07-14 22:00:00,368.0,488.90265
2025-07-14 23:00:00,197.0,300.70947
2025-07-15 00:00:00,88.0,154.76843
2025-07-15 01:00:00,57.0,98.33923
2025-07-15 02:00:00,47.0,88.332275
2025-07-15 03:00:00,105.0,135.9035
2025-07-15 04:00:00,188.0,420.58728
2025-07-15 05:00:00,942.0,1217.6667
2025-07-15 06:00:00,2353.0,2313.3223
2025-07-15 07:00:00,2487.0,2184.9766
2025-07-15 08:00:00,1893.0,1610.8063
2025-07-15 09:00:00,1511.0,1465.9984
2025-07-15 10:00:00,1442.0,1455.7529
2025-07-15 11:00:00,1467.0,1477.0798
2025-07-15 12:00:00,1486.0,1514.5459
2025-07-15 13:00:00,1595.0,1554.5327
2025-07-15 14:00:00,1476.0,1580.6965
2025-07-15 15:00:00,1605.0,1679.8396
2025-07-15 16:00:00,1957.0,1920.9956
2025-07-15 17:00:00,2091.0,2101.5613
2025-07-15 18:00:00,1624.0,1827.6462
2025-07-15 19:00:00,1050.0,1274.5762
2025-07-15 20:00:00,695.0,876.9531
2025-07-15 21:00:00,583.0,644.7449
2025-07-15 22:00:00,430.0,498.73853
2025-07-15 23:00:00,221.0,316.20007
2025-07-16 00:00:00,101.0,177.94037
2025-07-16 01:00:00,67.0,101.71228
2025-07-16 02:00:00,60.0,87.88843
2025-07-16 03:00:00,84.0,144.69714
2025-07-16 04:00:00,192.0,463.58722
2025-07-16 05:00:00,916.0,1225.916
2025-07-16 06:00:00,2205.0,2275.98
2025-07-16 07:00:00,2410.0,2167.9624
2025-07-16 08:00:00,1756.0,1613.3728
2025-07-16 09:00:00,1573.0,1479.5848
2025-07-16 10:00:00,1444.0,1467.291
2025-07-16 11:00:00,1507.0,1502.2594
2025-07-16 12:00:00,1590.0,1546.2666
2025-07-16 13:00:00,1560.0,1587.1007
2025-07-16 14:00:00,1683.0,1657.1384
2025-07-16 15:00:00,1750.0,1795.2715
2025-07-16 16:00:00,2140.0,1974.0308
2025-07-16 17:00:00,2063.0,2136.9277
2025-07-16 18:00:00,1697.0,1827.3857
2025-07-16 19:00:00,1045.0,1254.6326
2025-07-16 20:00:00,743.0,901.81946
2025-07-16 21:00:00,591.0,645.3823
2025-07-16 22:00:00,413.0,512.7643
2025-07-16 23:00:00,235.0,345.16943
2025-07-17 00:00:00,102.0,191.25037
2025-07-17 01:00:00,55.0,79.59448
2025-07-17 02:00:00,60.0,81.085205
2025-07-17 03:00:00,73.0,122.12378
2025-07-17 04:00:00,199.0,393.74512
2025-07-17 05:00:00,968.0,1034.4769
2025-07-17 06:00:00,2133.0,2183.01
2025-07-17 07:00:00,2376.0,2274.4092
2025-07-17 08:00:00,1699.0,1707.8899
2025-07-17 09:00:00,1513.0,1490.6184
2025-07-17 10:00:00,1466.0,1487.2411
2025-07-17 11:00:00,1615.0,1532.4008
2025-07-17 12:00:00,1523.0,1577.3861
2025-07-17 13:00:00,1451.0,1629.0679
2025-07-17 14:00:00,1637.0,1735.2809
2025-07-17 15:00:00,1750.0,1883.899
2025-07-17 16:00:00,2137.0,2079.706
2025-07-17 17:00:00,2163.0,2175.7217
2025-07-17 18:00:00,1719.0,1787.1824
2025-07-17 19:00:00,1174.0,1277.9766
2025-07-17 20:00:00,727.0,938.9047
2025-07-17 21:00:00,688.0,674.4956
2025-07-17 22:00:00,510.0,549.16565
2025-07-17 23:00:00,268.0,385.07623
2025-07-18 00:00:00,155.0,186.28369
2025-07-18 01:00:00,85.0,104.80408
2025-07-18 02:00:00,68.0,100.752686
2025-07-18 03:00:00,114.0,139.83002
2025-07-18 04:00:00,185.0,404.35712
2025-07-18 05:00:00,836.0,998.11127
2025-07-18 06:00:00,1865.0,2003.1333
2025-07-18 07:00:00,1940.0,2203.1821
2025-07-18 08:00:00,1463.0,1743.8469
2025-07-18 09:00:00,1407.0,1547.7534
2025-07-18 10:00:00,1441.0,1530.8265
2025-07-18 11:00:00,1615.0,1591.3842
2025-07-18 12:00:00,1680.0,1645.4075
2025-07-18 13:00:00,1705.0,1725.6692
2025-07-18 14:00:00,1884.0,1838.7788
2025-07-18 15:00:00,2063.0,1984.9644
2025-07-18 16:00:00,2232.0,2150.2634
2025-07-18 17:00:00,2326.0,2221.933
2025-07-18 18:00:00,1876.0,1901.3014
2025-07-18 19:00:00,1431.0,1428.6333
2025-07-18 20:00:00,1089.0,1028.7927
2025-07-18 21:00:00,795.0,762.0059
2025-07-18 22:00:00,687.0,606.90436
2025-07-18 23:00:00,492.0,476.78717
2025-07-19 00:00:00,250.0,244.95538
2025-07-19 01:00:00,133.0,139.64038
2025-07-19 02:00:00,94.0,119.671265
2025-07-19 03:00:00,118.0,125.97632
2025-07-19 04:00:00,194.0,166.68854
2025-07-19 05:00:00,267.0,280.67865
2025-07-19 06:00:00,487.0,461.85797
2025-07-19 07:00:00,682.0,750.19574
2025-07-19 08:00:00,1012.0,1058.0813
2025-07-19 09:00:00,1423.0,1429.4459
2025-07-19 10:00:00,1596.0,1704.9282
2025-07-19 11:00:00,1728.0,1842.3132
2025-07-19 12:00:00,1927.0,1918.523
2025-07-19 13:00:00,2088.0,1981.9333
2025-07-19 14:00:00,2052.0,1945.9069
2025-07-19 15:00:00,2293.0,2064.039
2025-07-19 16:00:00,2125.0,2146.8474
2025-07-19 17:00:00,1977.0,2123.9482
2025-07-19 18:00:00,1533.0,1819.3192
2025-07-19 19:00:00,1016.0,1318.0577
2025-07-19 20:00:00,847.0,976.11816
2025-07-19 21:00:00,717.0,794.1001
2025-07-19 22:00:00,645.0,723.1848
2025-07-19 23:00:00,490.0,552.7627
2025-07-20 00:00:00,313.0,219.98047
2025-07-20 01:00:00,167.0,179.56012
2025-07-20 02:00:00,120.0,149.45197
2025-07-20 03:00:00,115.0,136.18127
2025-07-20 04:00:00,119.0,149.32684
2025-07-20 05:00:00,116.0,180.65656
2025-07-20 06:00:00,197.0,238.94257
2025-07-20 07:00:00,332.0,385.8352
2025-07-20 08:00:00,535.0,643.3833
2025-07-20 09:00:00,883.0,986.4116
2025-07-20 10:00:00,1213.0,1293.1503
2025-07-20 11:00:00,1496.0,1562.428
2025-07-20 12:00:00,1611.0,1719.6503
2025-07-20 13:00:00,1864.0,1853.0127
2025-07-20 14:00:00,2016.0,2000.3165
2025-07-20 15:00:00,2365.0,2241.9543
2025-07-20 16:00:00,2595.0,2391.2783
2025-07-20 17:00:00,2677.0,2387.5898
2025-07-20 18:00:00,2103.0,2210.6538
2025-07-20 19:00:00,1721.0,1483.3176
2025-07-20 20:00:00,1473.0,1175.5457
2025-07-20 21:00:00,1111.0,844.1242
2025-07-20 22:00:00,595.0,584.02057
2025-07-20 23:00:00,258.0,336.14996
2025-07-21 00:00:00,136.0,124.58923
2025-07-21 01:00:00,61.0,95.10181
2025-07-21 02:00:00,41.0,86.22949
2025-07-21 03:00:00,100.0,112.347046
2025-07-21 04:00:00,224.0,320.8966
2025-07-21 05:00:00,923.0,765.92346
2025-07-21 06:00:00,1944.0,1541.2565
2025-07-21 07:00:00,2129.0,1759.9744
2025-07-21 08:00:00,1576.0,1494.2307
2025-07-21 09:00:00,1374.0,1430.817
2025-07-21 10:00:00,1450.0,1436.9235
2025-07-21 11:00:00,1640.0,1459.2292
2025-07-21 12:00:00,1667.0,1489.5017
2025-07-21 13:00:00,1580.0,1528.9878
2025-07-21 14:00:00,1588.0,1600.1311
2025-07-21 15:00:00,1596.0,1653.1777
2025-07-21 16:00:00,1708.0,1944.4689
2025-07-21 17:00:00,1915.0,2039.3606
2025-07-21 18:00:00,1388.0,1581.1775
2025-07-21 19:00:00,955.0,1112.0024
2025-07-21 20:00:00,650.0,796.9114
2025-07-21 21:00:00,467.0,602.74365
2025-07-21 22:00:00,316.0,470.5545
2025-07-21 23:00:00,191.0,281.82147
2025-07-22 00:00:00,84.0,150.25104
2025-07-22 01:00:00,46.0,97.09656
2025-07-22 02:00:00,48.0,83.31006
2025-07-22 03:00:00,92.0,118.8999
2025-07-22 04:00:00,208.0,329.1195
2025-07-22 05:00:00,843.0,848.6478
2025-07-22 06:00:00,1999.0,1718.8472
2025-07-22 07:00:00,2228.0,1778.9629
2025-07-22 08:00:00,1610.0,1501.1198
2025-07-22 09:00:00,1475.0,1448.367
2025-07-22 10:00:00,1431.0,1441.7847
2025-07-22 11:00:00,1345.0,1467.7395
2025-07-22 12:00:00,1390.0,1507.1836
2025-07-22 13:00:00,1458.0,1544.8921
2025-07-22 14:00:00,1441.0,1612.0645
2025-07-22 15:00:00,1560.0,1754.4429
2025-07-22 16:00:00,1810.0,1951.104
2025-07-22 17:00:00,2058.0,2092.9902
2025-07-22 18:00:00,1589.0,1609.3938
2025-07-22 19:00:00,1050.0,1128.9702
2025-07-22 20:00:00,704.0,785.9982
2025-07-22 21:00:00,683.0,597.50964
2025-07-22 22:00:00,418.0,485.66406
2025-07-22 23:00:00,224.0,308.0155
2025-07-23 00:00:00,101.0,155.40686
2025-07-23 01:00:00,53.0,94.154785
2025-07-23 02:00:00,57.0,85.157715
2025-07-23 03:00:00,84.0,116.11499
2025-07-23 04:00:00,193.0,324.1101
2025-07-23 05:00:00,826.0,882.85474
2025-07-23 06:00:00,1898.0,1881.7324
2025-07-23 07:00:00,2151.0,2104.381
2025-07-23 08:00:00,1617.0,1659.8197
2025-07-23 09:00:00,1385.0,1482.9652
2025-07-23 10:00:00,1375.0,1453.8271
2025-07-23 11:00:00,1411.0,1497.2449
2025-07-23 12:00:00,1445.0,1544.4612
2025-07-23 13:00:00,1533.0,1586.1843
2025-07-23 14:00:00,1494.0,1668.4934
2025-07-23 15:00:00,1666.0,1812.2139
2025-07-23 16:00:00,2161.0,2006.621
2025-07-23 17:00:00,2197.0,2136.3027
2025-07-23 18:00:00,1626.0,1664.7808
2025-07-23 19:00:00,1095.0,1166.5514
2025-07-23 20:00:00,730.0,818.0519
2025-07-23 21:00:00,597.0,619.6441
2025-07-23 22:00:00,441.0,504.70465
2025-07-23 23:00:00,225.0,318.93683
2025-07-24 00:00:00,106.0,163.91132
2025-07-24 01:00:00,62.0,92.81665
2025-07-24 02:00:00,67.0,91.70593
2025-07-24 03:00:00,84.0,137.03705
2025-07-24 04:00:00,196.0,376.37756
2025-07-24 05:00:00,777.0,814.51306
2025-07-24 06:00:00,1853.0,1554.503
2025-07-24 07:00:00,2027.0,1776.3381
2025-07-24 08:00:00,1552.0,1507.1534
2025-07-24 09:00:00,1347.0,1432.7178
2025-07-24 10:00:00,1413.0,1465.4039
2025-07-24 11:00:00,1571.0,1529.1272
2025-07-24 12:00:00,1600.0,1561.5142
2025-07-24 13:00:00,1611.0,1645.5859
2025-07-24 14:00:00,1665.0,1761.7892
2025-07-24 15:00:00,1809.0,1927.0354
2025-07-24 16:00:00,1808.0,2100.402
2025-07-24 17:00:00,1939.0,2169.8816
2025-07-24 18:00:00,1512.0,1725.7937
2025-07-24 19:00:00,1055.0,1199.3463
2025-07-24 20:00:00,716.0,845.06177
2025-07-24 21:00:00,607.0,621.3881
2025-07-24 22:00:00,440.0,529.2724
2025-07-24 23:00:00,228.0,356.70154
2025-07-25 00:00:00,102.0,170.99542
2025-07-25 01:00:00,71.0,103.23279
2025-07-25 02:00:00,65.0,99.855225
2025-07-25 03:00:00,117.0,137.11676
2025-07-25 04:00:00,197.0,336.04883
2025-07-25 05:00:00,697.0,714.1129
2025-07-25 06:00:00,1564.0,1360.1117
2025-07-25 07:00:00,1657.0,1641.1205
2025-07-25 08:00:00,1349.0,1509.8938
2025-07-25 09:00:00,1301.0,1483.6835
2025-07-25 10:00:00,1442.0,1514.6954
2025-07-25 11:00:00,1644.0,1583.6504
2025-07-25 12:00:00,1755.0,1644.7888
2025-07-25 13:00:00,1817.0,1737.1417
2025-07-25 14:00:00,1901.0,1872.7844
2025-07-25 15:00:00,1854.0,2036.3114
2025-07-25 16:00:00,1974.0,2192.0513
2025-07-25 17:00:00,1998.0,2200.9531
2025-07-25 18:00:00,1619.0,1862.4187
2025-07-25 19:00:00,1248.0,1327.5692
2025-07-25 20:00:00,914.0,939.1016
2025-07-25 21:00:00,657.0,690.386
2025-07-25 22:00:00,599.0,569.63965
2025-07-25 23:00:00,411.0,423.5033
2025-07-26 00:00:00,212.0,205.91406
2025-07-26 01:00:00,128.0,118.3927
2025-07-26 02:00:00,107.0,111.02161
2025-07-26 03:00:00,119.0,127.08887
2025-07-26 04:00:00,144.0,174.9328
2025-07-26 05:00:00,232.0,285.8424
2025-07-26 06:00:00,399.0,457.77118
2025-07-26 07:00:00,581.0,731.2506
2025-07-26 08:00:00,894.0,971.57117
2025-07-26 09:00:00,1364.0,1316.2948
2025-07-26 10:00:00,1569.0,1651.0936
2025-07-26 11:00:00,1895.0,1858.0284
2025-07-26 12:00:00,2044.0,1926.835
2025-07-26 13:00:00,1961.0,1978.1676
2025-07-26 14:00:00,2092.0,2032.8394
2025-07-26 15:00:00,1846.0,2032.659
2025-07-26 16:00:00,1900.0,2025.602
2025-07-26 17:00:00,1671.0,1956.221
2025-07-26 18:00:00,1341.0,1646.2039
2025-07-26 19:00:00,966.0,1135.0837
2025-07-26 20:00:00,785.0,878.77576
2025-07-26 21:00:00,657.0,760.8275
2025-07-26 22:00:00,589.0,675.45905
2025-07-26 23:00:00,453.0,507.94812
2025-07-27 00:00:00,256.0,180.74017
2025-07-27 01:00:00,147.0,148.74646
2025-07-27 02:00:00,89.0,129.25873
2025-07-27 03:00:00,96.0,132.94568
2025-07-27 04:00:00,118.0,157.09637
2025-07-27 05:00:00,142.0,189.7727
2025-07-27 06:00:00,186.0,255.62909
2025-07-27 07:00:00,247.0,382.6819
2025-07-27 08:00:00,407.0,613.12634
2025-07-27 09:00:00,758.0,924.86896
2025-07-27 10:00:00,1240.0,1260.7258
2025-07-27 11:00:00,1531.0,1588.1038
2025-07-27 12:00:00,1783.0,1799.6486
2025-07-27 13:00:00,1890.0,1915.5745
2025-07-27 14:00:00,2001.0,2031.4741
2025-07-27 15:00:00,2013.0,2162.191
2025-07-27 16:00:00,2111.0,2280.7764
2025-07-27 17:00:00,1915.0,2171.6055
2025-07-27 18:00:00,1565.0,1683.1599
2025-07-27 19:00:00,1194.0,1321.0127
2025-07-27 20:00:00,990.0,1050.4225
2025-07-27 21:00:00,863.0,807.83734
2025-07-27 22:00:00,581.0,557.1154
2025-07-27 23:00:00,264.0,283.04083
2025-07-28 00:00:00,106.0,139.39539
2025-07-28 01:00:00,57.0,89.41345
2025-07-28 02:00:00,49.0,82.72241
2025-07-28 03:00:00,93.0,115.39526
2025-07-28 04:00:00,207.0,283.54016
2025-07-28 05:00:00,804.0,767.9835
2025-07-28 06:00:00,1791.0,1683.7344
2025-07-28 07:00:00,1870.0,1631.9056
2025-07-28 08:00:00,1453.0,1481.3859
2025-07-28 09:00:00,1246.0,1429.3964
2025-07-28 10:00:00,1373.0,1434.8939
2025-07-28 11:00:00,1448.0,1450.9495
2025-07-28 12:00:00,1454.0,1474.0774
2025-07-28 13:00:00,1464.0,1540.3541
2025-07-28 14:00:00,1476.0,1578.2891
2025-07-28 15:00:00,1481.0,1650.6189
2025-07-28 16:00:00,1657.0,1878.095
2025-07-28 17:00:00,1796.0,1980.6528
2025-07-28 18:00:00,1430.0,1510.2026
2025-07-28 19:00:00,881.0,1075.0887
2025-07-28 20:00:00,635.0,756.7396
2025-07-28 21:00:00,498.0,578.04895
2025-07-28 22:00:00,326.0,450.65607
2025-07-28 23:00:00,152.0,252.67328
2025-07-29 00:00:00,82.0,129.24335
2025-07-29 01:00:00,44.0,84.30054
2025-07-29 02:00:00,55.0,76.62927
2025-07-29 03:00:00,90.0,103.893555
2025-07-29 04:00:00,199.0,289.92767
2025-07-29 05:00:00,757.0,821.4317
2025-07-29 06:00:00,1781.0,1710.1298
2025-07-29 07:00:00,2024.0,1844.5974
2025-07-29 08:00:00,1482.0,1515.4987
2025-07-29 09:00:00,1446.0,1458.288
2025-07-29 10:00:00,1425.0,1439.4587
2025-07-29 11:00:00,1355.0,1474.0548
2025-07-29 12:00:00,1359.0,1507.3665
2025-07-29 13:00:00,1414.0,1542.2877
2025-07-29 14:00:00,1467.0,1598.8438
2025-07-29 15:00:00,1488.0,1745.4546
2025-07-29 16:00:00,1716.0,1941.4868
2025-07-29 17:00:00,1924.0,2024.6404
2025-07-29 18:00:00,1416.0,1535.9136
2025-07-29 19:00:00,947.0,1084.2145
2025-07-29 20:00:00,702.0,750.04987
2025-07-29 21:00:00,583.0,577.4462
2025-07-29 22:00:00,390.0,460.6419
2025-07-29 23:00:00,204.0,270.00854
2025-07-30 00:00:00,111.0,132.67596
2025-07-30 01:00:00,53.0,79.7074
2025-07-30 02:00:00,57.0,76.062256
2025-07-30 03:00:00,77.0,102.95984
2025-07-30 04:00:00,167.0,274.62427
2025-07-30 05:00:00,729.0,810.10675
2025-07-30 06:00:00,1715.0,1885.2751
2025-07-30 07:00:00,1927.0,1950.4478
2025-07-30 08:00:00,1391.0,1526.9534
2025-07-30 09:00:00,1318.0,1464.2059
2025-07-30 10:00:00,1448.0,1452.4489
2025-07-30 11:00:00,1429.0,1496.4891
2025-07-30 12:00:00,1407.0,1540.7188
2025-07-30 13:00:00,1467.0,1581.0803
2025-07-30 14:00:00,1635.0,1663.9436
2025-07-30 15:00:00,1757.0,1810.0828
2025-07-30 16:00:00,2006.0,2006.0151
2025-07-30 17:00:00,2085.0,2131.329
2025-07-30 18:00:00,1672.0,1716.5345
2025-07-30 19:00:00,1103.0,1096.394
2025-07-30 20:00:00,744.0,728.60046
2025-07-30 21:00:00,587.0,595.31006
2025-07-30 22:00:00,428.0,494.1585
2025-07-30 23:00:00,232.0,323.88715
2025-07-31 00:00:00,137.0,149.21442
2025-07-31 01:00:00,56.0,92.448975
2025-07-31 02:00:00,49.0,88.82068
2025-07-31 03:00:00,74.0,125.69202
2025-07-31 04:00:00,189.0,318.40924
2025-07-31 05:00:00,693.0,766.82214
2025-07-31 06:00:00,1514.0,1544.4554
2025-07-31 07:00:00,1689.0,1796.1428
2025-07-31 08:00:00,1312.0,1534.9663
2025-07-31 09:00:00,1313.0,1503.3601
2025-07-31 10:00:00,1459.0,1478.1494
2025-07-31 11:00:00,1517.0,1523.4473
2025-07-31 12:00:00,1534.0,1576.5586
2025-07-31 13:00:00,1632.0,1639.302
2025-07-31 14:00:00,1800.0,1761.8882
2025-07-31 15:00:00,1908.0,1925.228
2025-07-31 16:00:00,1915.0,2103.7656
2025-07-31 17:00:00,1923.0,2110.081
2025-07-31 18:00:00,1564.0,1651.9329
2025-07-31 19:00:00,1165.0,1173.1984
2025-07-31 20:00:00,896.0,849.449
2025-07-31 21:00:00,737.0,636.0861
2025-07-31 22:00:00,539.0,535.488
2025-07-31 23:00:00,363.0,385.1806
2025-08-01 00:00:00,240.0,488.82788
2025-08-01 01:00:00,153.0,395.6584
2025-08-01 02:00:00,96.0,305.23645
2025-08-01 03:00:00,89.0,228.09686
2025-08-01 04:00:00,91.0,174.43658
2025-08-01 05:00:00,141.0,148.0036
2025-08-01 06:00:00,255.0,139.8498
2025-08-01 07:00:00,389.0,185.86963
2025-08-01 08:00:00,570.0,364.64264
2025-08-01 09:00:00,831.0,625.2768
2025-08-01 10:00:00,1257.0,887.58417
2025-08-01 11:00:00,1260.0,1139.6185
2025-08-01 12:00:00,1334.0,1323.1544
2025-08-01 13:00:00,1433.0,1401.1448
2025-08-01 14:00:00,1513.0,1547.0829
2025-08-01 15:00:00,1513.0,1645.1818
2025-08-01 16:00:00,1579.0,1682.5928
2025-08-01 17:00:00,1369.0,1648.8208
2025-08-01 18:00:00,1181.0,1473.423
2025-08-01 19:00:00,857.0,1240.4786
2025-08-01 20:00:00,731.0,1055.8844
2025-08-01 21:00:00,706.0,894.37695
2025-08-01 22:00:00,739.0,756.6349
2025-08-01 23:00:00,533.0,602.7294
2025-08-02 00:00:00,331.0,176.49097
2025-08-02 01:00:00,190.0,119.58069
2025-08-02 02:00:00,107.0,112.19849
2025-08-02 03:00:00,100.0,129.08777
2025-08-02 04:00:00,123.0,161.80957
2025-08-02 05:00:00,187.0,271.71503
2025-08-02 06:00:00,300.0,484.45984
2025-08-02 07:00:00,437.0,675.97107
2025-08-02 08:00:00,724.0,928.8776
2025-08-02 09:00:00,1104.0,1303.9617
2025-08-02 10:00:00,1664.0,1602.6931
2025-08-02 11:00:00,2111.0,1817.0813
2025-08-02 12:00:00,2361.0,1923.1776
2025-08-02 13:00:00,2427.0,1973.1194
2025-08-02 14:00:00,2375.0,1994.0164
2025-08-02 15:00:00,2292.0,2028.7628
2025-08-02 16:00:00,2135.0,2125.6353
2025-08-02 17:00:00,1971.0,2063.2131
2025-08-02 18:00:00,1553.0,1673.6292
2025-08-02 19:00:00,1210.0,1211.3085
2025-08-02 20:00:00,982.0,902.8115
2025-08-02 21:00:00,802.0,766.4298
2025-08-02 22:00:00,722.0,676.5659
2025-08-02 23:00:00,537.0,510.0973
2025-08-03 00:00:00,415.0,176.25977
2025-08-03 01:00:00,216.0,152.7815
2025-08-03 02:00:00,93.0,129.4278
2025-08-03 03:00:00,87.0,131.815
2025-08-03 04:00:00,77.0,156.59003
2025-08-03 05:00:00,129.0,188.92242
2025-08-03 06:00:00,190.0,266.79327
2025-08-03 07:00:00,270.0,390.8764
2025-08-03 08:00:00,427.0,622.6869
2025-08-03 09:00:00,975.0,915.74255
2025-08-03 10:00:00,1392.0,1247.2738
2025-08-03 11:00:00,1890.0,1584.1931
2025-08-03 12:00:00,2184.0,1779.0242
2025-08-03 13:00:00,2433.0,1891.9841
2025-08-03 14:00:00,2586.0,2021.885
2025-08-03 15:00:00,2576.0,2166.7522
2025-08-03 16:00:00,2650.0,2275.9844
2025-08-03 17:00:00,2535.0,2184.0457
2025-08-03 18:00:00,2088.0,1854.2217
2025-08-03 19:00:00,1773.0,1426.2205
2025-08-03 20:00:00,1551.0,1098.8282
2025-08-03 21:00:00,1288.0,855.141
2025-08-03 22:00:00,710.0,596.1596
2025-08-03 23:00:00,375.0,293.74902
2025-08-04 00:00:00,165.0,148.47595
2025-08-04 01:00:00,108.0,95.984985
2025-08-04 02:00:00,53.0,84.48877
2025-08-04 03:00:00,84.0,120.62988
2025-08-04 04:00:00,190.0,331.72437
2025-08-04 05:00:00,847.0,887.8948
2025-08-04 06:00:00,2087.0,1704.8649
2025-08-04 07:00:00,2127.0,1804.7224
2025-08-04 08:00:00,1536.0,1506.2876
2025-08-04 09:00:00,1369.0,1429.4658
2025-08-04 10:00:00,1485.0,1437.2911
2025-08-04 11:00:00,1557.0,1474.3018
2025-08-04 12:00:00,1571.0,1511.4672
2025-08-04 13:00:00,1639.0,1539.7324
2025-08-04 14:00:00,1720.0,1609.1376
2025-08-04 15:00:00,1797.0,1755.5234
2025-08-04 16:00:00,1892.0,1962.5063
2025-08-04 17:00:00,2064.0,2036.5532
2025-08-04 18:00:00,1608.0,1613.5549
2025-08-04 19:00:00,1095.0,1118.6692
2025-08-04 20:00:00,734.0,811.44836
2025-08-04 21:00:00,651.0,607.9348
2025-08-04 22:00:00,358.0,480.4206
2025-08-04 23:00:00,229.0,285.5879
2025-08-05 00:00:00,98.0,147.18073
2025-08-05 01:00:00,57.0,92.00183
2025-08-05 02:00:00,69.0,81.99353
2025-08-05 03:00:00,85.0,114.60156
2025-08-05 04:00:00,191.0,333.17627
2025-08-05 05:00:00,786.0,936.2285
2025-08-05 06:00:00,2079.0,1790.5497
2025-08-05 07:00:00,2304.0,1895.261
2025-08-05 08:00:00,1701.0,1499.4569
2025-08-05 09:00:00,1390.0,1441.846
2025-08-05 10:00:00,1400.0,1450.4534
2025-08-05 11:00:00,1453.0,1477.4797
2025-08-05 12:00:00,1418.0,1521.7235
2025-08-05 13:00:00,1461.0,1545.3378
2025-08-05 14:00:00,1608.0,1614.0168
2025-08-05 15:00:00,1753.0,1755.7501
2025-08-05 16:00:00,1915.0,1963.6156
2025-08-05 17:00:00,2153.0,2107.939
2025-08-05 18:00:00,1748.0,1650.7053
2025-08-05 19:00:00,1088.0,1163.2247
2025-08-05 20:00:00,753.0,825.20135
2025-08-05 21:00:00,602.0,622.3122
2025-08-05 22:00:00,369.0,498.15308
2025-08-05 23:00:00,189.0,327.96985
2025-08-06 00:00:00,103.0,170.96527
2025-08-06 01:00:00,55.0,102.19995
2025-08-06 02:00:00,68.0,93.0896
2025-08-06 03:00:00,62.0,133.05182
2025-08-06 04:00:00,175.0,376.80273
2025-08-06 05:00:00,824.0,886.6432
2025-08-06 06:00:00,2034.0,1852.1885
2025-08-06 07:00:00,2182.0,2081.8713
2025-08-06 08:00:00,1607.0,1531.438
2025-08-06 09:00:00,1509.0,1458.4358
2025-08-06 10:00:00,1489.0,1452.0314
2025-08-06 11:00:00,1499.0,1485.2141
2025-08-06 12:00:00,1459.0,1525.9884
2025-08-06 13:00:00,1643.0,1570.9344
2025-08-06 14:00:00,1648.0,1654.0376
2025-08-06 15:00:00,1795.0,1811.1816
2025-08-06 16:00:00,2109.0,2012.853
2025-08-06 17:00:00,2247.0,2143.7964
2025-08-06 18:00:00,1773.0,1682.2668
2025-08-06 19:00:00,1211.0,1183.9657
2025-08-06 20:00:00,843.0,837.93567
2025-08-06 21:00:00,716.0,624.86237
2025-08-06 22:00:00,483.0,518.3821
2025-08-06 23:00:00,258.0,350.14392
2025-08-07 00:00:00,102.0,167.2121
2025-08-07 01:00:00,81.0,98.44629
2025-08-07 02:00:00,56.0,92.50769
2025-08-07 03:00:00,63.0,129.96906
2025-08-07 04:00:00,192.0,378.4052
2025-08-07 05:00:00,818.0,829.4061
2025-08-07 06:00:00,1995.0,1603.1342
2025-08-07 07:00:00,2193.0,2012.4163
2025-08-07 08:00:00,1592.0,1677.9412
2025-08-07 09:00:00,1517.0,1508.9941
2025-08-07 10:00:00,1471.0,1496.2528
2025-08-07 11:00:00,1471.0,1524.0292
2025-08-07 12:00:00,1517.0,1569.8885
2025-08-07 13:00:00,1620.0,1635.372
2025-08-07 14:00:00,1790.0,1759.45
2025-08-07 15:00:00,1899.0,1933.311
2025-08-07 16:00:00,2186.0,2140.9639
2025-08-07 17:00:00,2396.0,2128.9583
2025-08-07 18:00:00,2043.0,1718.3104
2025-08-07 19:00:00,1329.0,1248.4813
2025-08-07 20:00:00,957.0,903.9663
2025-08-07 21:00:00,833.0,667.8203
2025-08-07 22:00:00,572.0,554.14465
2025-08-07 23:00:00,329.0,422.34656
2025-08-08 00:00:00,177.0,212.15485
2025-08-08 01:00:00,73.0,118.245605
2025-08-08 02:00:00,60.0,111.02991
2025-08-08 03:00:00,83.0,161.9654
2025-08-08 04:00:00,165.0,416.05017
2025-08-08 05:00:00,655.0,830.25134
2025-08-08 06:00:00,1759.0,1617.3909
2025-08-08 07:00:00,1891.0,1820.9658
2025-08-08 08:00:00,1437.0,1634.7891
2025-08-08 09:00:00,1445.0,1548.937
2025-08-08 10:00:00,1641.0,1539.4482
2025-08-08 11:00:00,1811.0,1588.6311
2025-08-08 12:00:00,1803.0,1655.7362
2025-08-08 13:00:00,1882.0,1751.502
2025-08-08 14:00:00,2120.0,1889.5239
2025-08-08 15:00:00,2332.0,2046.1133
2025-08-08 16:00:00,2469.0,2206.9282
2025-08-08 17:00:00,2582.0,2184.8228
2025-08-08 18:00:00,2036.0,1844.5696
2025-08-08 19:00:00,1534.0,1416.5708
2025-08-08 20:00:00,1299.0,1013.68414
2025-08-08 21:00:00,1201.0,740.5803
2025-08-08 22:00:00,994.0,594.80194
2025-08-08 23:00:00,698.0,461.02405
2025-08-09 00:00:00,408.0,207.5896
2025-08-09 01:00:00,194.0,125.43671
2025-08-09 02:00:00,109.0,117.96692
2025-08-09 03:00:00,101.0,133.24304
2025-08-09 04:00:00,161.0,171.90076
2025-08-09 05:00:00,222.0,298.78198
2025-08-09 06:00:00,470.0,500.59418
2025-08-09 07:00:00,741.0,772.95654
2025-08-09 08:00:00,1109.0,1053.1288
2025-08-09 09:00:00,673.0,1376.3774
2025-08-09 10:00:00,1804.0,1608.8132
2025-08-09 11:00:00,1690.0,1780.949
2025-08-09 12:00:00,1997.0,1866.5425
2025-08-09 13:00:00,2236.0,1931.716
2025-08-09 14:00:00,2246.0,1989.0042
2025-08-09 15:00:00,2235.0,2076.991
2025-08-09 16:00:00,2285.0,2152.4834
2025-08-09 17:00:00,2210.0,2211.059
2025-08-09 18:00:00,1985.0,2021.2777
2025-08-09 19:00:00,1596.0,1456.886
2025-08-09 20:00:00,1395.0,1054.1058
2025-08-09 21:00:00,1359.0,852.993
2025-08-09 22:00:00,1134.0,757.5429
2025-08-09 23:00:00,798.0,532.2739
2025-08-10 00:00:00,447.0,217.53412
2025-08-10 01:00:00,270.0,184.36041
2025-08-10 02:00:00,162.0,157.48914
2025-08-10 03:00:00,112.0,144.41907
2025-08-10 04:00:00,118.0,148.42651
2025-08-10 05:00:00,138.0,168.7843
2025-08-10 06:00:00,259.0,236.70154
2025-08-10 07:00:00,366.0,356.51196
2025-08-10 08:00:00,625.0,645.69385
2025-08-10 09:00:00,1000.0,1032.617
2025-08-10 10:00:00,1400.0,1297.3209
2025-08-10 11:00:00,1752.0,1520.5157
2025-08-10 12:00:00,1987.0,1678.9343
2025-08-10 13:00:00,2122.0,1833.8655
2025-08-10 14:00:00,2273.0,2023.1979
2025-08-10 15:00:00,2470.0,2244.0195
2025-08-10 16:00:00,2520.0,2431.9268
2025-08-10 17:00:00,2597.0,2501.358
2025-08-10 18:00:00,2528.0,2366.001
2025-08-10 19:00:00,2443.0,1995.5168
2025-08-10 20:00:00,1964.0,1588.7289
2025-08-10 21:00:00,1507.0,1202.3602
2025-08-10 22:00:00,1138.0,687.2076
2025-08-10 23:00:00,380.0,312.91357
2025-08-11 00:00:00,159.0,84.234985
2025-08-11 01:00:00,95.0,64.03223
2025-08-11 02:00:00,55.0,61.93506
2025-08-11 03:00:00,79.0,95.999756
2025-08-11 04:00:00,232.0,314.66516
2025-08-11 05:00:00,983.0,1059.9279
2025-08-11 06:00:00,2167.0,2537.1724
2025-08-11 07:00:00,2539.0,2750.498
2025-08-11 08:00:00,1872.0,2272.796
2025-08-11 09:00:00,1516.0,1618.7654
2025-08-11 10:00:00,1578.0,1458.2579
2025-08-11 11:00:00,1588.0,1459.9995
2025-08-11 12:00:00,1523.0,1478.3147
2025-08-11 13:00:00,1649.0,1512.2733
2025-08-11 14:00:00,1740.0,1573.653
2025-08-11 15:00:00,1839.0,1724.5105
2025-08-11 16:00:00,2024.0,1919.4144
2025-08-11 17:00:00,2225.0,2084.1284
2025-08-11 18:00:00,1721.0,1708.8866
2025-08-11 19:00:00,1195.0,1134.2927
2025-08-11 20:00:00,874.0,757.25
2025-08-11 21:00:00,742.0,525.57544
2025-08-11 22:00:00,450.0,311.943
2025-08-11 23:00:00,200.0,147.2749
2025-08-12 00:00:00,120.0,81.83667
2025-08-12 01:00:00,67.0,59.21826
2025-08-12 02:00:00,55.0,58.053833
2025-08-12 03:00:00,83.0,85.995605
2025-08-12 04:00:00,208.0,270.79315
2025-08-12 05:00:00,976.0,1032.227
2025-08-12 06:00:00,2472.0,2603.8667
2025-08-12 07:00:00,2733.0,2785.9229
2025-08-12 08:00:00,2023.0,2254.4744
2025-08-12 09:00:00,1526.0,1628.9915
2025-08-12 10:00:00,1459.0,1454.3374
2025-08-12 11:00:00,1434.0,1452.5442
2025-08-12 12:00:00,1492.0,1467.2026
2025-08-12 13:00:00,1584.0,1498.4749
2025-08-12 14:00:00,1621.0,1555.8544
2025-08-12 15:00:00,1818.0,1708.4807
2025-08-12 16:00:00,2096.0,1904.1091
2025-08-12 17:00:00,2213.0,2146.7595
2025-08-12 18:00:00,1802.0,1763.1417
2025-08-12 19:00:00,1159.0,1135.4707
2025-08-12 20:00:00,823.0,751.6636
2025-08-12 21:00:00,787.0,533.6661
2025-08-12 22:00:00,527.0,349.05664
2025-08-12 23:00:00,238.0,161.89398
2025-08-13 00:00:00,127.0,88.6051
2025-08-13 01:00:00,72.0,60.576904
2025-08-13 02:00:00,54.0,59.48291
2025-08-13 03:00:00,71.0,89.28027
2025-08-13 04:00:00,196.0,307.43573
2025-08-13 05:00:00,964.0,1021.9208
2025-08-13 06:00:00,2337.0,2532.9004
2025-08-13 07:00:00,2574.0,2763.6494
2025-08-13 08:00:00,1894.0,2250.6191
2025-08-13 09:00:00,1614.0,1651.0881
2025-08-13 10:00:00,1418.0,1464.4167
2025-08-13 11:00:00,1585.0,1461.6307
2025-08-13 12:00:00,1562.0,1488.7756
2025-08-13 13:00:00,1696.0,1528.8159
2025-08-13 14:00:00,1772.0,1611.605
2025-08-13 15:00:00,1911.0,1770.9331
2025-08-13 16:00:00,2030.0,1963.7048
2025-08-13 17:00:00,2325.0,2171.7866
2025-08-13 18:00:00,1851.0,1773.0286
2025-08-13 19:00:00,1309.0,1127.0001
2025-08-13 20:00:00,950.0,769.9414
2025-08-13 21:00:00,848.0,555.4174
2025-08-13 22:00:00,638.0,402.5454
2025-08-13 23:00:00,277.0,189.1164
2025-08-14 00:00:00,115.0,87.43164
2025-08-14 01:00:00,63.0,58.109253
2025-08-14 02:00:00,54.0,60.839233
2025-08-14 03:00:00,83.0,95.583496
2025-08-14 04:00:00,201.0,330.2287
2025-08-14 05:00:00,974.0,924.5607
2025-08-14 06:00:00,2366.0,2363.1975
2025-08-14 07:00:00,2583.0,2700.0024
2025-08-14 08:00:00,1925.0,2208.585
2025-08-14 09:00:00,1560.0,1642.2101
2025-08-14 10:00:00,1538.0,1490.6255
2025-08-14 11:00:00,1640.0,1499.0979
2025-08-14 12:00:00,1639.0,1537.7722
2025-08-14 13:00:00,1717.0,1588.4274
2025-08-14 14:00:00,1833.0,1687.9961
2025-08-14 15:00:00,1928.0,1861.2351
2025-08-14 16:00:00,2117.0,2063.493
2025-08-14 17:00:00,2249.0,2162.9556
2025-08-14 18:00:00,1929.0,1801.3579
2025-08-14 19:00:00,1341.0,1173.226
2025-08-14 20:00:00,970.0,809.8434
2025-08-14 21:00:00,932.0,597.7042
2025-08-14 22:00:00,661.0,473.04926
2025-08-14 23:00:00,397.0,210.22266
2025-08-15 00:00:00,156.0,190.43384
2025-08-15 01:00:00,92.0,107.14075
2025-08-15 02:00:00,67.0,82.98926
2025-08-15 03:00:00,102.0,80.375854
2025-08-15 04:00:00,192.0,163.57013
2025-08-15 05:00:00,705.0,688.56177
2025-08-15 06:00:00,1852.0,2027.573
2025-08-15 07:00:00,2055.0,2558.3508
2025-08-15 08:00:00,1625.0,2130.3208
2025-08-15 09:00:00,1568.0,1678.1011
2025-08-15 10:00:00,1715.0,1562.186
2025-08-15 11:00:00,1763.0,1575.1208
2025-08-15 12:00:00,1787.0,1607.9401
2025-08-15 13:00:00,1925.0,1659.0411
2025-08-15 14:00:00,2127.0,1741.6443
2025-08-15 15:00:00,2115.0,1876.4951
2025-08-15 16:00:00,2274.0,2013.5146
2025-08-15 17:00:00,2425.0,2042.8718
2025-08-15 18:00:00,2031.0,1557.3325
2025-08-15 19:00:00,1499.0,1028.8042
2025-08-15 20:00:00,1100.0,735.98987
2025-08-15 21:00:00,1006.0,614.06146
2025-08-15 22:00:00,795.0,500.67358
2025-08-15 23:00:00,622.0,335.62097
2025-08-16 00:00:00,335.0,194.0578
2025-08-16 01:00:00,173.0,111.19714
2025-08-16 02:00:00,123.0,98.30066
2025-08-16 03:00:00,118.0,106.454956
2025-08-16 04:00:00,133.0,149.96356
2025-08-16 05:00:00,263.0,277.80414
2025-08-16 06:00:00,498.0,551.9855
2025-08-16 07:00:00,838.0,813.05383
2025-08-16 08:00:00,1197.0,1079.5704
2025-08-16 09:00:00,1532.0,1534.6516
2025-08-16 10:00:00,1907.0,1845.116
2025-08-16 11:00:00,2191.0,1926.8746
2025-08-16 12:00:00,2279.0,1978.0525
2025-08-16 13:00:00,2256.0,2038.6462
2025-08-16 14:00:00,2168.0,2109.16
2025-08-16 15:00:00,2206.0,2187.6885
2025-08-16 16:00:00,2159.0,2262.126
2025-08-16 17:00:00,2249.0,2211.4102
2025-08-16 18:00:00,1838.0,1782.9908
2025-08-16 19:00:00,1500.0,1204.3018
2025-08-16 20:00:00,1178.0,883.50085
2025-08-16 21:00:00,1175.0,744.5182
2025-08-16 22:00:00,918.0,660.5688
2025-08-16 23:00:00,731.0,474.87292
2025-08-17 00:00:00,444.0,157.17438
2025-08-17 01:00:00,232.0,126.095764
2025-08-17 02:00:00,153.0,106.32092
2025-08-17 03:00:00,96.0,108.63135
2025-08-17 04:00:00,106.0,128.70044
2025-08-17 05:00:00,127.0,188.17651
2025-08-17 06:00:00,252.0,281.59656
2025-08-17 07:00:00,378.0,376.765
2025-08-17 08:00:00,663.0,570.94916
2025-08-17 09:00:00,1191.0,921.4848
2025-08-17 10:00:00,1641.0,1334.8943
2025-08-17 11:00:00,1951.0,1644.313
2025-08-17 12:00:00,2202.0,1839.0159
2025-08-17 13:00:00,2336.0,1978.448
2025-08-17 14:00:00,2399.0,2164.2925
2025-08-17 15:00:00,2625.0,2335.857
2025-08-17 16:00:00,2712.0,2404.881
2025-08-17 17:00:00,2821.0,2243.1072
2025-08-17 18:00:00,2826.0,1856.0583
2025-08-17 19:00:00,2413.0,1349.6224
2025-08-17 20:00:00,1952.0,972.8954
2025-08-17 21:00:00,1290.0,727.72845
2025-08-17 22:00:00,689.0,459.00604
2025-08-17 23:00:00,304.0,212.86346
2025-08-18 00:00:00,143.0,90.59534
2025-08-18 01:00:00,76.0,64.59363
2025-08-18 02:00:00,51.0,56.390747
2025-08-18 03:00:00,99.0,77.35437
2025-08-18 04:00:00,230.0,214.1828
2025-08-18 05:00:00,1058.0,991.4679
2025-08-18 06:00:00,2524.0,2622.7393
2025-08-18 07:00:00,2836.0,2784.758
2025-08-18 08:00:00,2085.0,2225.018
2025-08-18 09:00:00,1630.0,1555.8745
2025-08-18 10:00:00,1449.0,1440.4683
2025-08-18 11:00:00,1670.0,1456.717
2025-08-18 12:00:00,1580.0,1478.696
2025-08-18 13:00:00,1593.0,1503.2838
2025-08-18 14:00:00,1685.0,1533.9059
2025-08-18 15:00:00,1759.0,1668.5039
2025-08-18 16:00:00,2068.0,1903.1384
2025-08-18 17:00:00,2277.0,2105.267
2025-08-18 18:00:00,1805.0,1742.2042
2025-08-18 19:00:00,1186.0,1045.9774
2025-08-18 20:00:00,907.0,680.49347
2025-08-18 21:00:00,754.0,513.4495
2025-08-18 22:00:00,488.0,379.02197
2025-08-18 23:00:00,208.0,183.11017
2025-08-19 00:00:00,103.0,87.31641
2025-08-19 01:00:00,73.0,62.440186
2025-08-19 02:00:00,53.0,55.38391
2025-08-19 03:00:00,79.0,75.667114
2025-08-19 04:00:00,201.0,234.13776
2025-08-19 05:00:00,996.0,1017.8071
2025-08-19 06:00:00,2617.0,2609.9395
2025-08-19 07:00:00,2966.0,2778.3428
2025-08-19 08:00:00,2100.0,2299.2083
2025-08-19 09:00:00,1404.0,1580.2936
2025-08-19 10:00:00,1455.0,1441.8881
2025-08-19 11:00:00,1458.0,1462.3092
2025-08-19 12:00:00,1555.0,1484.2227
2025-08-19 13:00:00,1583.0,1509.1987
2025-08-19 14:00:00,1658.0,1546.5105
2025-08-19 15:00:00,1834.0,1682.1332
2025-08-19 16:00:00,2093.0,1920.9708
2025-08-19 17:00:00,2407.0,2120.2896
2025-08-19 18:00:00,1955.0,1668.3479
2025-08-19 19:00:00,1223.0,1105.4543
2025-08-19 20:00:00,991.0,675.09937
2025-08-19 21:00:00,756.0,519.5913
2025-08-19 22:00:00,532.0,393.3636
2025-08-19 23:00:00,261.0,181.7746
2025-08-20 00:00:00,123.0,94.19141
2025-08-20 01:00:00,48.0,62.083984
2025-08-20 02:00:00,47.0,56.502563
2025-08-20 03:00:00,51.0,80.573975
2025-08-20 04:00:00,179.0,281.87073
2025-08-20 05:00:00,1008.0,1104.2473
2025-08-20 06:00:00,2432.0,2582.0688
2025-08-20 07:00:00,2892.0,2792.2239
2025-08-20 08:00:00,2055.0,2277.9224
2025-08-20 09:00:00,1578.0,1549.4329
2025-08-20 10:00:00,1599.0,1439.9056
2025-08-20 11:00:00,1508.0,1462.0005
2025-08-20 12:00:00,1523.0,1485.2156
2025-08-20 13:00:00,1634.0,1514.9392
2025-08-20 14:00:00,1753.0,1560.8572
2025-08-20 15:00:00,1941.0,1706.7603
2025-08-20 16:00:00,2035.0,1929.3226
2025-08-20 17:00:00,2328.0,2134.2666
2025-08-20 18:00:00,1849.0,1718.4165
2025-08-20 19:00:00,1105.0,1032.8492
2025-08-20 20:00:00,714.0,703.2185
2025-08-20 21:00:00,649.0,514.8054
2025-08-20 22:00:00,469.0,332.94916
2025-08-20 23:00:00,243.0,131.38605
2025-08-21 00:00:00,114.0,86.69885
2025-08-21 01:00:00,54.0,53.80945
2025-08-21 02:00:00,52.0,52.067505
2025-08-21 03:00:00,88.0,72.41284
2025-08-21 04:00:00,187.0,257.25415
2025-08-21 05:00:00,1034.0,1025.4418
2025-08-21 06:00:00,2452.0,2534.9814
2025-08-21 07:00:00,2816.0,2768.6567
2025-08-21 08:00:00,2130.0,2241.3193
2025-08-21 09:00:00,1466.0,1587.3829
2025-08-21 10:00:00,1580.0,1438.3838
2025-08-21 11:00:00,1636.0,1462.6353
2025-08-21 12:00:00,1599.0,1495.9861
2025-08-21 13:00:00,1690.0,1529.4835
2025-08-21 14:00:00,1546.0,1561.4054
2025-08-21 15:00:00,1880.0,1708.7727
2025-08-21 16:00:00,2050.0,1909.9917
2025-08-21 17:00:00,2256.0,2094.4116
2025-08-21 18:00:00,1779.0,1673.391
2025-08-21 19:00:00,1120.0,1079.8604
2025-08-21 20:00:00,746.0,730.0524
2025-08-21 21:00:00,609.0,563.0314
2025-08-21 22:00:00,486.0,440.484
2025-08-21 23:00:00,270.0,279.54346
2025-08-22 00:00:00,124.0,143.43408
2025-08-22 01:00:00,72.0,66.77844
2025-08-22 02:00:00,66.0,57.2063
2025-08-22 03:00:00,99.0,78.68323
2025-08-22 04:00:00,181.0,258.32196
2025-08-22 05:00:00,898.0,906.635
2025-08-22 06:00:00,2147.0,2473.6338
2025-08-22 07:00:00,2484.0,2679.334
2025-08-22 08:00:00,1957.0,2049.9517
2025-08-22 09:00:00,1558.0,1540.7144
2025-08-22 10:00:00,1603.0,1478.7808
2025-08-22 11:00:00,1642.0,1500.448
2025-08-22 12:00:00,1749.0,1562.2998
2025-08-22 13:00:00,1890.0,1616.3125
2025-08-22 14:00:00,2009.0,1729.3446
2025-08-22 15:00:00,2287.0,1909.004
2025-08-22 16:00:00,2245.0,2112.2751
2025-08-22 17:00:00,2382.0,2173.5986
2025-08-22 18:00:00,1939.0,1721.9393
2025-08-22 19:00:00,1416.0,1176.838
2025-08-22 20:00:00,1010.0,845.1581
2025-08-22 21:00:00,825.0,644.0646
2025-08-22 22:00:00,774.0,557.75214
2025-08-22 23:00:00,498.0,420.68927
2025-08-23 00:00:00,289.0,245.15985
2025-08-23 01:00:00,160.0,149.67291
2025-08-23 02:00:00,124.0,114.193726
2025-08-23 03:00:00,99.0,110.42749
2025-08-23 04:00:00,136.0,139.15106
2025-08-23 05:00:00,249.0,264.1084
2025-08-23 06:00:00,639.0,524.5354
2025-08-23 07:00:00,1037.0,830.23914
2025-08-23 08:00:00,1380.0,1153.7963
2025-08-23 09:00:00,1686.0,1489.0723
2025-08-23 10:00:00,1787.0,1705.3718
2025-08-23 11:00:00,1910.0,1837.6503
2025-08-23 12:00:00,2038.0,1889.3464
2025-08-23 13:00:00,2127.0,1927.4598
2025-08-23 14:00:00,2109.0,1994.6802
2025-08-23 15:00:00,2337.0,2063.5723
2025-08-23 16:00:00,2398.0,2170.1606
2025-08-23 17:00:00,2375.0,2183.7295
2025-08-23 18:00:00,1974.0,1753.9452
2025-08-23 19:00:00,1361.0,1143.5742
2025-08-23 20:00:00,1120.0,864.18555
2025-08-23 21:00:00,1060.0,762.68726
2025-08-23 22:00:00,847.0,700.056
2025-08-23 23:00:00,655.0,527.4772
2025-08-24 00:00:00,419.0,229.93903
2025-08-24 01:00:00,238.0,192.25787
2025-08-24 02:00:00,144.0,165.40863
2025-08-24 03:00:00,129.0,145.71503
2025-08-24 04:00:00,96.0,138.54883
2025-08-24 05:00:00,148.0,172.28412
2025-08-24 06:00:00,230.0,299.1214
2025-08-24 07:00:00,400.0,392.799
2025-08-24 08:00:00,820.0,664.07043
2025-08-24 09:00:00,1226.0,1081.6997
2025-08-24 10:00:00,1518.0,1346.2917
2025-08-24 11:00:00,1811.0,1514.6382
2025-08-24 12:00:00,1940.0,1644.182
2025-08-24 13:00:00,2241.0,1817.0625
2025-08-24 14:00:00,2483.0,2022.2206
2025-08-24 15:00:00,2606.0,2257.6523
2025-08-24 16:00:00,2876.0,2480.8608
2025-08-24 17:00:00,2903.0,2457.9932
2025-08-24 18:00:00,2878.0,2241.3945
2025-08-24 19:00:00,2561.0,1683.049
2025-08-24 20:00:00,2242.0,1309.9513
2025-08-24 21:00:00,1284.0,915.63806
2025-08-24 22:00:00,622.0,508.47382
2025-08-24 23:00:00,264.0,278.49237
2025-08-25 00:00:00,120.0,96.70715
2025-08-25 01:00:00,60.0,66.60889
2025-08-25 02:00:00,62.0,58.39392
2025-08-25 03:00:00,83.0,78.08472
2025-08-25 04:00:00,218.0,264.2329
2025-08-25 05:00:00,1107.0,1100.7454
2025-08-25 06:00:00,2578.0,2651.9558
2025-08-25 07:00:00,2756.0,2790.1682
2025-08-25 08:00:00,2089.0,2261.461
2025-08-25 09:00:00,1524.0,1565.8246
2025-08-25 10:00:00,1465.0,1440.1641
2025-08-25 11:00:00,1455.0,1451.6985
2025-08-25 12:00:00,1547.0,1467.5405
2025-08-25 13:00:00,1575.0,1488.6462
2025-08-25 14:00:00,1637.0,1525.9552
2025-08-25 15:00:00,1771.0,1673.0776
2025-08-25 16:00:00,2084.0,1911.0159
2025-08-25 17:00:00,2324.0,2085.6765
2025-08-25 18:00:00,1871.0,1682.3921
2025-08-25 19:00:00,1203.0,1055.8661
2025-08-25 20:00:00,905.0,695.48083
2025-08-25 21:00:00,692.0,522.6766
2025-08-25 22:00:00,422.0,379.14178
2025-08-25 23:00:00,193.0,189.0346
2025-08-26 00:00:00,104.0,95.60718
2025-08-26 01:00:00,58.0,65.517334
2025-08-26 02:00:00,46.0,56.249756
2025-08-26 03:00:00,92.0,76.18115
2025-08-26 04:00:00,216.0,277.31274
2025-08-26 05:00:00,1032.0,1069.403
2025-08-26 06:00:00,2622.0,2610.2786
2025-08-26 07:00:00,2955.0,2783.0625
2025-08-26 08:00:00,2099.0,2338.441
2025-08-26 09:00:00,1573.0,1592.8049
2025-08-26 10:00:00,1481.0,1444.7563
2025-08-26 11:00:00,1496.0,1457.8004
2025-08-26 12:00:00,1439.0,1477.3682
2025-08-26 13:00:00,1592.0,1499.0317
2025-08-26 14:00:00,1729.0,1541.062
2025-08-26 15:00:00,1946.0,1683.7256
2025-08-26 16:00:00,2082.0,1928.0273
2025-08-26 17:00:00,2310.0,2097.1018
2025-08-26 18:00:00,1945.0,1685.9893
2025-08-26 19:00:00,1267.0,1117.6981
2025-08-26 20:00:00,914.0,720.2606
2025-08-26 21:00:00,767.0,541.80835
2025-08-26 22:00:00,489.0,419.5244
2025-08-26 23:00:00,246.0,200.26111
2025-08-27 00:00:00,117.0,96.54016
2025-08-27 01:00:00,57.0,62.757202
2025-08-27 02:00:00,49.0,57.91736
2025-08-27 03:00:00,63.0,84.015015
2025-08-27 04:00:00,197.0,353.2118
2025-08-27 05:00:00,1027.0,1073.266
2025-08-27 06:00:00,2413.0,2604.4854
2025-08-27 07:00:00,2515.0,2772.2505
2025-08-27 08:00:00,1679.0,2346.5322
2025-08-27 09:00:00,1482.0,1556.5815
2025-08-27 10:00:00,1598.0,1448.2491
2025-08-27 11:00:00,1606.0,1466.99
2025-08-27 12:00:00,1719.0,1490.2942
2025-08-27 13:00:00,1791.0,1520.748
2025-08-27 14:00:00,1848.0,1568.3636
2025-08-27 15:00:00,1913.0,1696.0214
2025-08-27 16:00:00,2145.0,1831.0874
2025-08-27 17:00:00,2370.0,2127.5015
2025-08-27 18:00:00,1874.0,1696.4014
2025-08-27 19:00:00,1287.0,1123.5035
2025-08-27 20:00:00,788.0,741.0675
2025-08-27 21:00:00,729.0,558.45013
2025-08-27 22:00:00,510.0,451.6466
2025-08-27 23:00:00,264.0,240.05487
2025-08-28 00:00:00,112.0,103.418945
2025-08-28 01:00:00,59.0,63.380615
2025-08-28 02:00:00,54.0,59.465942
2025-08-28 03:00:00,77.0,89.01782
2025-08-28 04:00:00,176.0,351.06372
2025-08-28 05:00:00,1018.0,1038.6588
2025-08-28 06:00:00,2421.0,2574.2031
2025-08-28 07:00:00,2715.0,2751.8462
2025-08-28 08:00:00,2024.0,2169.6223
2025-08-28 09:00:00,1514.0,1568.7227
2025-08-28 10:00:00,1493.0,1443.1322
2025-08-28 11:00:00,1609.0,1464.0723
2025-08-28 12:00:00,1666.0,1519.7168
2025-08-28 13:00:00,1786.0,1563.2646
2025-08-28 14:00:00,1726.0,1626.3235
2025-08-28 15:00:00,1896.0,1784.5078
2025-08-28 16:00:00,2088.0,2020.9122
2025-08-28 17:00:00,2159.0,2157.3103
2025-08-28 18:00:00,1628.0,1726.124
2025-08-28 19:00:00,1127.0,1170.9838
2025-08-28 20:00:00,734.0,781.5747
2025-08-28 21:00:00,596.0,583.5331
2025-08-28 22:00:00,522.0,500.95337
2025-08-28 23:00:00,271.0,245.31378
2025-08-29 00:00:00,152.0,219.23889
2025-08-29 01:00:00,89.0,60.976562
2025-08-29 02:00:00,71.0,60.979004
2025-08-29 03:00:00,83.0,83.939575
2025-08-29 04:00:00,174.0,288.39954
2025-08-29 05:00:00,823.0,916.98883
2025-08-29 06:00:00,1992.0,2463.3027
2025-08-29 07:00:00,2310.0,2643.0137
2025-08-29 08:00:00,1775.0,2077.0872
2025-08-29 09:00:00,1509.0,1569.8042
2025-08-29 10:00:00,1512.0,1491.036
2025-08-29 11:00:00,1734.0,1517.8264
2025-08-29 12:00:00,1775.0,1568.2141
2025-08-29 13:00:00,1840.0,1648.0004
2025-08-29 14:00:00,1884.0,1781.0045
2025-08-29 15:00:00,2049.0,1950.8914
2025-08-29 16:00:00,2155.0,2082.8413
2025-08-29 17:00:00,2145.0,2152.5652
2025-08-29 18:00:00,1719.0,1803.1748
2025-08-29 19:00:00,1278.0,1298.2644
2025-08-29 20:00:00,933.0,891.7742
2025-08-29 21:00:00,682.0,647.6817
2025-08-29 22:00:00,783.0,555.09766
2025-08-29 23:00:00,497.0,406.36603
2025-08-30 00:00:00,286.0,237.44763
2025-08-30 01:00:00,205.0,146.19775
2025-08-30 02:00:00,125.0,111.83557
2025-08-30 03:00:00,128.0,108.80383
2025-08-30 04:00:00,172.0,137.45361
2025-08-30 05:00:00,318.0,261.25983
2025-08-30 06:00:00,569.0,522.99207
2025-08-30 07:00:00,872.0,827.7772
2025-08-30 08:00:00,1249.0,1162.9391
2025-08-30 09:00:00,1476.0,1492.9338
2025-08-30 10:00:00,1668.0,1705.3524
2025-08-30 11:00:00,1806.0,1836.734
2025-08-30 12:00:00,1998.0,1882.0803
2025-08-30 13:00:00,2050.0,1934.4937
2025-08-30 14:00:00,1915.0,1993.8418
2025-08-30 15:00:00,1943.0,2061.9724
2025-08-30 16:00:00,1906.0,2184.5674
2025-08-30 17:00:00,1914.0,2174.2788
2025-08-30 18:00:00,1782.0,1762.3492
2025-08-30 19:00:00,1374.0,1141.4482
2025-08-30 20:00:00,1155.0,862.0824
2025-08-30 21:00:00,959.0,756.91016
2025-08-30 22:00:00,948.0,697.2737
2025-08-30 23:00:00,660.0,514.7171
2025-08-31 00:00:00,487.0,228.30286
2025-08-31 01:00:00,312.0,189.70605
2025-08-31 02:00:00,212.0,160.75897
2025-08-31 03:00:00,181.0,142.68237
2025-08-31 04:00:00,164.0,137.95459
2025-08-31 05:00:00,167.0,171.11359
2025-08-31 06:00:00,282.0,289.87256
2025-08-31 07:00:00,432.0,390.13837
2025-08-31 08:00:00,746.0,661.2125
2025-08-31 09:00:00,1061.0,1081.0973
2025-08-31 10:00:00,1417.0,1347.5369
2025-08-31 11:00:00,1535.0,1512.9852
2025-08-31 12:00:00,1741.0,1646.383
2025-08-31 13:00:00,2199.0,1807.9413
2025-08-31 14:00:00,2276.0,2034.0925
2025-08-31 15:00:00,2547.0,2306.7212
2025-08-31 16:00:00,2853.0,2495.4932
2025-08-31 17:00:00,2922.0,2471.113
2025-08-31 18:00:00,2689.0,2240.1362
2025-08-31 19:00:00,2758.0,1714.1008
2025-08-31 20:00:00,2844.0,1348.2917
2025-08-31 21:00:00,2109.0,949.0995
2025-08-31 22:00:00,1177.0,526.849
2025-08-31 23:00:00,488.0,277.3482
2025-09-01 00:00:00,183.0,85.187256
2025-09-01 01:00:00,118.0,61.44226
2025-09-01 02:00:00,76.0,59.458496
2025-09-01 03:00:00,101.0,83.839966
2025-09-01 04:00:00,251.0,292.65985
2025-09-01 05:00:00,1109.0,1079.8765
2025-09-01 06:00:00,2623.0,2672.6946
2025-09-01 07:00:00,2906.0,2825.9514
2025-09-01 08:00:00,2390.0,2336.496
2025-09-01 09:00:00,2173.0,1611.1865
2025-09-01 10:00:00,2104.0,1427.354
2025-09-01 11:00:00,2103.0,1441.4277
2025-09-01 12:00:00,1819.0,1458.3881
2025-09-01 13:00:00,1643.0,1478.752
2025-09-01 14:00:00,1598.0,1503.8243
2025-09-01 15:00:00,1743.0,1603.2931
2025-09-01 16:00:00,1645.0,1821.5295
2025-09-01 17:00:00,2142.0,2070.8833
2025-09-01 18:00:00,1604.0,1646.976
2025-09-01 19:00:00,1066.0,1063.0005
2025-09-01 20:00:00,739.0,636.4344
2025-09-01 21:00:00,568.0,498.33765
2025-09-01 22:00:00,360.0,354.10797
2025-09-01 23:00:00,178.0,159.80707
2025-09-02 00:00:00,88.0,77.00989
2025-09-02 01:00:00,49.0,52.90576
2025-09-02 02:00:00,52.0,49.57007
2025-09-02 03:00:00,70.0,70.315674
2025-09-02 04:00:00,184.0,239.9607
2025-09-02 05:00:00,1033.0,1021.93536
2025-09-02 06:00:00,2652.0,2653.962
2025-09-02 07:00:00,2850.0,2832.1665
2025-09-02 08:00:00,2101.0,2346.7158
2025-09-02 09:00:00,1450.0,1614.4088
2025-09-02 10:00:00,1388.0,1432.0791
2025-09-02 11:00:00,1402.0,1446.3555
2025-09-02 12:00:00,1413.0,1456.7513
2025-09-02 13:00:00,1486.0,1486.5793
2025-09-02 14:00:00,1540.0,1513.4697
2025-09-02 15:00:00,1635.0,1607.0094
2025-09-02 16:00:00,1777.0,1826.2227
2025-09-02 17:00:00,2093.0,2083.4548
2025-09-02 18:00:00,1639.0,1676.0409
2025-09-02 19:00:00,1124.0,1030.5133
2025-09-02 20:00:00,879.0,645.36456
2025-09-02 21:00:00,630.0,507.5213
2025-09-02 22:00:00,449.0,374.0396
2025-09-02 23:00:00,228.0,154.38788
2025-09-03 00:00:00,99.0,77.30005
2025-09-03 01:00:00,49.0,53.090088
2025-09-03 02:00:00,72.0,51.324097
2025-09-03 03:00:00,87.0,73.8418
2025-09-03 04:00:00,179.0,251.25507
2025-09-03 05:00:00,1001.0,1014.2971
2025-09-03 06:00:00,2503.0,2613.9824
2025-09-03 07:00:00,2762.0,2807.9526
2025-09-03 08:00:00,2032.0,2329.9749
2025-09-03 09:00:00,1497.0,1602.67
2025-09-03 10:00:00,1441.0,1436.5178
2025-09-03 11:00:00,1506.0,1457.5507
2025-09-03 12:00:00,1610.0,1474.7604
2025-09-03 13:00:00,1646.0,1502.9648
2025-09-03 14:00:00,1668.0,1544.0118
2025-09-03 15:00:00,1741.0,1690.3496
2025-09-03 16:00:00,1953.0,1934.2087
2025-09-03 17:00:00,2177.0,2137.972
2025-09-03 18:00:00,1855.0,1734.8376
2025-09-03 19:00:00,1205.0,1101.2218
2025-09-03 20:00:00,879.0,679.9557
2025-09-03 21:00:00,735.0,533.34753
2025-09-03 22:00:00,597.0,408.0564
2025-09-03 23:00:00,229.0,187.83679
2025-09-04 00:00:00,119.0,82.55237
2025-09-04 01:00:00,79.0,54.943604
2025-09-04 02:00:00,60.0,56.374756
2025-09-04 03:00:00,85.0,85.00159
2025-09-04 04:00:00,202.0,311.38153
2025-09-04 05:00:00,1025.0,986.36865
2025-09-04 06:00:00,2460.0,2557.8765
2025-09-04 07:00:00,2741.0,2769.4243
2025-09-04 08:00:00,2077.0,2257.1147
2025-09-04 09:00:00,1515.0,1579.7053
2025-09-04 10:00:00,1471.0,1442.9702
2025-09-04 11:00:00,1511.0,1464.0518
2025-09-04 12:00:00,1468.0,1503.0399
2025-09-04 13:00:00,1607.0,1527.558
2025-09-04 14:00:00,1613.0,1575.0493
2025-09-04 15:00:00,1724.0,1758.294
2025-09-04 16:00:00,2045.0,2001.2684
2025-09-04 17:00:00,2296.0,2068.8682
2025-09-04 18:00:00,1660.0,1682.2129
2025-09-04 19:00:00,1149.0,1084.1401
2025-09-04 20:00:00,760.0,704.193
2025-09-04 21:00:00,666.0,552.0172
2025-09-04 22:00:00,452.0,461.745
2025-09-04 23:00:00,249.0,214.31213
2025-09-05 00:00:00,132.0,109.137695
2025-09-05 01:00:00,72.0,57.906372
2025-09-05 02:00:00,75.0,61.95215
2025-09-05 03:00:00,86.0,87.99475
2025-09-05 04:00:00,214.0,301.56024
2025-09-05 05:00:00,840.0,991.5969
2025-09-05 06:00:00,2091.0,2386.565
2025-09-05 07:00:00,2351.0,2687.076
2025-09-05 08:00:00,1792.0,1983.2795
2025-09-05 09:00:00,1506.0,1519.2388
2025-09-05 10:00:00,1494.0,1438.937
2025-09-05 11:00:00,1682.0,1476.4369
2025-09-05 12:00:00,1619.0,1557.2579
2025-09-05 13:00:00,1861.0,1591.843
2025-09-05 14:00:00,1963.0,1746.9482
2025-09-05 15:00:00,2152.0,1945.3287
2025-09-05 16:00:00,2323.0,2136.555
2025-09-05 17:00:00,2159.0,2160.7446
2025-09-05 18:00:00,1770.0,1789.075
2025-09-05 19:00:00,1250.0,1230.376
2025-09-05 20:00:00,927.0,851.9555
2025-09-05 21:00:00,774.0,627.4063
2025-09-05 22:00:00,719.0,537.5804
2025-09-05 23:00:00,420.0,332.04156
2025-09-06 00:00:00,307.0,195.49707
2025-09-06 01:00:00,175.0,121.20337
2025-09-06 02:00:00,105.0,92.75586
2025-09-06 03:00:00,100.0,100.88794
2025-09-06 04:00:00,151.0,134.77179
2025-09-06 05:00:00,268.0,255.50903
2025-09-06 06:00:00,581.0,599.92236
2025-09-06 07:00:00,949.0,899.3067
2025-09-06 08:00:00,1437.0,1187.3776
2025-09-06 09:00:00,1603.0,1485.4192
2025-09-06 10:00:00,1672.0,1692.0925
2025-09-06 11:00:00,1809.0,1804.4326
2025-09-06 12:00:00,1928.0,1867.5059
2025-09-06 13:00:00,2052.0,1905.8022
2025-09-06 14:00:00,1974.0,1953.0682
2025-09-06 15:00:00,2098.0,2036.7842
2025-09-06 16:00:00,2043.0,2149.0613
2025-09-06 17:00:00,2460.0,2143.97
2025-09-06 18:00:00,1930.0,1680.3627
2025-09-06 19:00:00,1438.0,1071.2714
2025-09-06 20:00:00,1289.0,822.88245
2025-09-06 21:00:00,1087.0,749.2157
2025-09-06 22:00:00,841.0,691.3124
2025-09-06 23:00:00,675.0,483.89404
2025-09-07 00:00:00,483.0,212.18964
2025-09-07 01:00:00,300.0,172.49127
2025-09-07 02:00:00,199.0,147.13373
2025-09-07 03:00:00,106.0,132.44403
2025-09-07 04:00:00,133.0,136.42163
2025-09-07 05:00:00,142.0,167.41943
2025-09-07 06:00:00,306.0,239.0415
2025-09-07 07:00:00,405.0,388.50928
2025-09-07 08:00:00,740.0,633.0149
2025-09-07 09:00:00,1171.0,1023.026
2025-09-07 10:00:00,1353.0,1307.7406
2025-09-07 11:00:00,1757.0,1476.3877
2025-09-07 12:00:00,1851.0,1619.4039
2025-09-07 13:00:00,2124.0,1781.5332
2025-09-07 14:00:00,2367.0,1993.5669
2025-09-07 15:00:00,2710.0,2267.4092
2025-09-07 16:00:00,2810.0,2480.814
2025-09-07 17:00:00,3029.0,2494.6675
2025-09-07 18:00:00,2760.0,2288.8743
2025-09-07 19:00:00,2618.0,1815.4287
2025-09-07 20:00:00,1910.0,1408.1301
2025-09-07 21:00:00,1700.0,953.81213
2025-09-07 22:00:00,1111.0,500.088
2025-09-07 23:00:00,409.0,254.29645
2025-09-08 00:00:00,220.0,81.73804
2025-09-08 01:00:00,88.0,57.017334
2025-09-08 02:00:00,71.0,54.319946
2025-09-08 03:00:00,85.0,77.611084
2025-09-08 04:00:00,229.0,268.61755
2025-09-08 05:00:00,1109.0,1075.4851
2025-09-08 06:00:00,2549.0,2678.3809
2025-09-08 07:00:00,2888.0,2824.0645
2025-09-08 08:00:00,1980.0,2328.7017
2025-09-08 09:00:00,1502.0,1599.5298
2025-09-08 10:00:00,1403.0,1427.656
2025-09-08 11:00:00,1423.0,1444.3264
2025-09-08 12:00:00,1505.0,1461.512
2025-09-08 13:00:00,1477.0,1480.8715
2025-09-08 14:00:00,1467.0,1507.2604
2025-09-08 15:00:00,1880.0,1611.7936
2025-09-08 16:00:00,1885.0,1830.1509
2025-09-08 17:00:00,2196.0,2071.475
2025-09-08 18:00:00,1748.0,1642.0481
2025-09-08 19:00:00,1085.0,1022.0282
2025-09-08 20:00:00,763.0,660.412
2025-09-08 21:00:00,570.0,508.99878
2025-09-08 22:00:00,216.0,365.71918
2025-09-08 23:00:00,185.0,172.82288
2025-09-09 00:00:00,84.0,81.168945
2025-09-09 01:00:00,78.0,57.75537
2025-09-09 02:00:00,57.0,53.760498
2025-09-09 03:00:00,81.0,75.86304
2025-09-09 04:00:00,184.0,265.0229
2025-09-09 05:00:00,1004.0,1084.2822
2025-09-09 06:00:00,2575.0,2647.3071
2025-09-09 07:00:00,2937.0,2821.6172
2025-09-09 08:00:00,1659.0,2349.842
2025-09-09 09:00:00,1466.0,1609.426
2025-09-09 10:00:00,1559.0,1432.2262
2025-09-09 11:00:00,1462.0,1448.1709
2025-09-09 12:00:00,1493.0,1465.7684
2025-09-09 13:00:00,1430.0,1487.0375
2025-09-09 14:00:00,1647.0,1509.4668
2025-09-09 15:00:00,1713.0,1606.4065
2025-09-09 16:00:00,1862.0,1835.0886
2025-09-09 17:00:00,2075.0,2084.0308
2025-09-09 18:00:00,1669.0,1686.2034
2025-09-09 19:00:00,1038.0,1031.2405
2025-09-09 20:00:00,728.0,648.8524
2025-09-09 21:00:00,592.0,507.91907
2025-09-09 22:00:00,521.0,380.65106
2025-09-09 23:00:00,319.0,160.02637
2025-09-10 00:00:00,136.0,78.98657
2025-09-10 01:00:00,55.0,54.29651
2025-09-10 02:00:00,62.0,52.891235
2025-09-10 03:00:00,89.0,77.739136
2025-09-10 04:00:00,213.0,294.1457
2025-09-10 05:00:00,1021.0,1080.1207
2025-09-10 06:00:00,2516.0,2612.875
2025-09-10 07:00:00,2751.0,2816.684
2025-09-10 08:00:00,1959.0,2336.5327
2025-09-10 09:00:00,1516.0,1613.2694
2025-09-10 10:00:00,1548.0,1435.9369
2025-09-10 11:00:00,1525.0,1456.3574
2025-09-10 12:00:00,1488.0,1477.1437
2025-09-10 13:00:00,1474.0,1502.0509
2025-09-10 14:00:00,1599.0,1544.4875
2025-09-10 15:00:00,1838.0,1651.3406
2025-09-10 16:00:00,1865.0,1920.5221
2025-09-10 17:00:00,2138.0,2147.59
2025-09-10 18:00:00,1634.0,1725.6417
2025-09-10 19:00:00,1096.0,1082.423
2025-09-10 20:00:00,732.0,669.05035
2025-09-10 21:00:00,613.0,526.9274
2025-09-10 22:00:00,476.0,398.70032
2025-09-10 23:00:00,242.0,139.15399
2025-09-11 00:00:00,107.0,97.88501
2025-09-11 01:00:00,65.0,65.98193
2025-09-11 02:00:00,70.0,66.76294
2025-09-11 03:00:00,87.0,109.58655
2025-09-11 04:00:00,222.0,454.27985
2025-09-11 05:00:00,1014.0,1300.6484
2025-09-11 06:00:00,2468.0,2535.4924
2025-09-11 07:00:00,2741.0,2776.729
2025-09-11 08:00:00,1896.0,2322.937
2025-09-11 09:00:00,1591.0,1758.5842
2025-09-11 10:00:00,1460.0,1464.203
2025-09-11 11:00:00,1564.0,1443.2064
2025-09-11 12:00:00,1473.0,1467.3921
2025-09-11 13:00:00,1510.0,1504.2197
2025-09-11 14:00:00,1535.0,1554.4299
2025-09-11 15:00:00,1859.0,1704.2683
2025-09-11 16:00:00,2116.0,1955.114
2025-09-11 17:00:00,2226.0,2182.4697
2025-09-11 18:00:00,1727.0,1734.8973
2025-09-11 19:00:00,1124.0,1014.9802
2025-09-11 20:00:00,741.0,656.26025
2025-09-11 21:00:00,648.0,519.00024
2025-09-11 22:00:00,484.0,396.3756
2025-09-11 23:00:00,286.0,203.99872
2025-09-12 00:00:00,140.0,103.74048
2025-09-12 01:00:00,75.0,53.59973
2025-09-12 02:00:00,77.0,59.01648
2025-09-12 03:00:00,94.0,82.65234
2025-09-12 04:00:00,229.0,261.36005
2025-09-12 05:00:00,862.0,881.56396
2025-09-12 06:00:00,2128.0,2448.5483
2025-09-12 07:00:00,2356.0,2688.4468
2025-09-12 08:00:00,1653.0,2117.2297
2025-09-12 09:00:00,1440.0,1577.3026
2025-09-12 10:00:00,1490.0,1470.4124
2025-09-12 11:00:00,1599.0,1502.9003
2025-09-12 12:00:00,1521.0,1557.8674
2025-09-12 13:00:00,1619.0,1633.187
2025-09-12 14:00:00,2095.0,1749.7413
2025-09-12 15:00:00,1998.0,1921.864
2025-09-12 16:00:00,2177.0,2099.3452
2025-09-12 17:00:00,2313.0,2170.2039
2025-09-12 18:00:00,1828.0,1792.522
2025-09-12 19:00:00,1307.0,1234.2656
2025-09-12 20:00:00,940.0,854.3051
2025-09-12 21:00:00,797.0,628.9885
2025-09-12 22:00:00,676.0,536.8725
2025-09-12 23:00:00,428.0,332.20325
2025-09-13 00:00:00,262.0,218.86859
2025-09-13 01:00:00,155.0,127.138245
2025-09-13 02:00:00,117.0,109.33801
2025-09-13 03:00:00,110.0,113.86841
2025-09-13 04:00:00,161.0,157.63538
2025-09-13 05:00:00,248.0,285.06348
2025-09-13 06:00:00,557.0,558.0996
2025-09-13 07:00:00,903.0,896.6883
2025-09-13 08:00:00,1286.0,1233.5493
2025-09-13 09:00:00,1633.0,1520.6115
2025-09-13 10:00:00,1808.0,1721.8828
2025-09-13 11:00:00,1950.0,1824.0469
2025-09-13 12:00:00,1968.0,1882.046
2025-09-13 13:00:00,2121.0,1916.4312
2025-09-13 14:00:00,2045.0,1959.7043
2025-09-13 15:00:00,2118.0,2015.0007
2025-09-13 16:00:00,2239.0,2096.346
2025-09-13 17:00:00,2245.0,2116.3032
2025-09-13 18:00:00,1940.0,1859.2468
2025-09-13 19:00:00,1223.0,1377.9861
2025-09-13 20:00:00,1048.0,973.4146
2025-09-13 21:00:00,885.0,778.4199
2025-09-13 22:00:00,829.0,695.7704
2025-09-13 23:00:00,613.0,496.42737
2025-09-14 00:00:00,402.0,193.1283
2025-09-14 01:00:00,247.0,155.14984
2025-09-14 02:00:00,103.0,105.53772
2025-09-14 03:00:00,138.0,106.96875
2025-09-14 04:00:00,119.0,126.28247
2025-09-14 05:00:00,140.0,201.31079
2025-09-14 06:00:00,206.0,329.74634
2025-09-14 07:00:00,334.0,466.30115
2025-09-14 08:00:00,635.0,762.31274
2025-09-14 09:00:00,1098.0,1141.3209
2025-09-14 10:00:00,1443.0,1393.4265
2025-09-14 11:00:00,1718.0,1609.8328
2025-09-14 12:00:00,1965.0,1741.4114
2025-09-14 13:00:00,2124.0,1865.9347
2025-09-14 14:00:00,2222.0,2015.8352
2025-09-14 15:00:00,2468.0,2239.9092
2025-09-14 16:00:00,2581.0,2443.2197
2025-09-14 17:00:00,2690.0,2508.5254
2025-09-14 18:00:00,2401.0,2382.1924
2025-09-14 19:00:00,1753.0,2071.456
2025-09-14 20:00:00,1567.0,1610.1776
2025-09-14 21:00:00,976.0,1095.2634
2025-09-14 22:00:00,489.0,624.00305
2025-09-14 23:00:00,227.0,282.80402
2025-09-15 00:00:00,108.0,84.16431
2025-09-15 01:00:00,73.0,58.826904
2025-09-15 02:00:00,52.0,55.125244
2025-09-15 03:00:00,95.0,78.30493
2025-09-15 04:00:00,224.0,268.37994
2025-09-15 05:00:00,1105.0,1061.162
2025-09-15 06:00:00,2442.0,2670.794
2025-09-15 07:00:00,2656.0,2797.3113
2025-09-15 08:00:00,1940.0,2293.898
2025-09-15 09:00:00,1450.0,1539.5348
2025-09-15 10:00:00,1384.0,1435.7362
2025-09-15 11:00:00,1388.0,1450.1261
2025-09-15 12:00:00,1393.0,1465.7607
2025-09-15 13:00:00,1435.0,1486.3737
2025-09-15 14:00:00,1727.0,1511.9644
2025-09-15 15:00:00,1818.0,1644.0867
2025-09-15 16:00:00,2157.0,1887.7849
2025-09-15 17:00:00,2518.0,2088.5945
2025-09-15 18:00:00,1887.0,1644.9141
2025-09-15 19:00:00,1281.0,1022.10583
2025-09-15 20:00:00,922.0,640.32196
2025-09-15 21:00:00,660.0,491.0619
2025-09-15 22:00:00,454.0,362.92407
2025-09-15 23:00:00,177.0,166.00732
2025-09-16 00:00:00,95.0,80.00525
2025-09-16 01:00:00,62.0,55.95276
2025-09-16 02:00:00,77.0,51.45459
2025-09-16 03:00:00,83.0,73.07739
2025-09-16 04:00:00,210.0,243.91046
2025-09-16 05:00:00,1064.0,997.8054
2025-09-16 06:00:00,2672.0,2645.6482
2025-09-16 07:00:00,2941.0,2831.1138
2025-09-16 08:00:00,2113.0,2354.6548
2025-09-16 09:00:00,1439.0,1604.6606
2025-09-16 10:00:00,1410.0,1431.5662
2025-09-16 11:00:00,1433.0,1447.3579
2025-09-16 12:00:00,1441.0,1465.5527
2025-09-16 13:00:00,1473.0,1485.9745
2025-09-16 14:00:00,1563.0,1514.6344
2025-09-16 15:00:00,1670.0,1611.4132
2025-09-16 16:00:00,1910.0,1829.2656
2025-09-16 17:00:00,2110.0,2083.1672
2025-09-16 18:00:00,1665.0,1668.9971
2025-09-16 19:00:00,1060.0,1023.66785
2025-09-16 20:00:00,705.0,644.3114
2025-09-16 21:00:00,571.0,506.8493
2025-09-16 22:00:00,335.0,373.92792
2025-09-16 23:00:00,231.0,156.46753
2025-09-17 00:00:00,103.0,75.9137
2025-09-17 01:00:00,61.0,51.69165
2025-09-17 02:00:00,55.0,49.36145
2025-09-17 03:00:00,85.0,72.32471
2025-09-17 04:00:00,212.0,245.26099
2025-09-17 05:00:00,1028.0,993.3717
2025-09-17 06:00:00,2546.0,2605.317
2025-09-17 07:00:00,2790.0,2811.405
2025-09-17 08:00:00,2011.0,2280.955
2025-09-17 09:00:00,1553.0,1546.7213
2025-09-17 10:00:00,1389.0,1435.8712
2025-09-17 11:00:00,1449.0,1456.2523
2025-09-17 12:00:00,1504.0,1474.2454
2025-09-17 13:00:00,1572.0,1503.2933
2025-09-17 14:00:00,1694.0,1538.6826
2025-09-17 15:00:00,1814.0,1655.7444
2025-09-17 16:00:00,1912.0,1926.4014
2025-09-17 17:00:00,2144.0,2138.394
2025-09-17 18:00:00,1726.0,1695.6819
2025-09-17 19:00:00,1128.0,1080.9263
2025-09-17 20:00:00,792.0,671.1953
2025-09-17 21:00:00,659.0,527.48535
2025-09-17 22:00:00,445.0,396.68524
2025-09-17 23:00:00,238.0,167.37433
2025-09-18 00:00:00,97.0,73.525635
2025-09-18 01:00:00,62.0,49.528442
2025-09-18 02:00:00,88.0,50.477905
2025-09-18 03:00:00,86.0,74.78845
2025-09-18 04:00:00,200.0,253.28589
2025-09-18 05:00:00,980.0,961.84314
2025-09-18 06:00:00,2475.0,2546.1763
2025-09-18 07:00:00,2837.0,2730.2646
2025-09-18 08:00:00,2079.0,2251.518
2025-09-18 09:00:00,1448.0,1573.523
2025-09-18 10:00:00,1468.0,1445.6173
2025-09-18 11:00:00,1450.0,1465.8352
2025-09-18 12:00:00,1394.0,1497.135
2025-09-18 13:00:00,1510.0,1540.873
2025-09-18 14:00:00,1635.0,1616.2682
2025-09-18 15:00:00,1949.0,1791.8943
2025-09-18 16:00:00,2158.0,2057.8774
2025-09-18 17:00:00,2511.0,2115.3306
2025-09-18 18:00:00,1957.0,1721.3212
2025-09-18 19:00:00,1238.0,1142.326
2025-09-18 20:00:00,860.0,738.7185
2025-09-18 21:00:00,705.0,569.1775
2025-09-18 22:00:00,492.0,460.27985
2025-09-18 23:00:00,276.0,212.922
2025-09-19 00:00:00,121.0,108.98877
2025-09-19 01:00:00,89.0,57.054443
2025-09-19 02:00:00,60.0,58.770752
2025-09-19 03:00:00,88.0,81.70813
2025-09-19 04:00:00,216.0,265.74884
2025-09-19 05:00:00,881.0,872.7042
2025-09-19 06:00:00,2126.0,2407.2031
2025-09-19 07:00:00,2436.0,2621.6177
2025-09-19 08:00:00,1788.0,2122.3071
2025-09-19 09:00:00,1389.0,1569.972
2025-09-19 10:00:00,1474.0,1479.4363
2025-09-19 11:00:00,1526.0,1504.0645
2025-09-19 12:00:00,1599.0,1557.7595
2025-09-19 13:00:00,1556.0,1624.9719
2025-09-19 14:00:00,2256.0,1746.5544
2025-09-19 15:00:00,2175.0,1955.1392
2025-09-19 16:00:00,2335.0,2161.7957
2025-09-19 17:00:00,2407.0,2135.119
2025-09-19 18:00:00,1960.0,1783.8662
2025-09-19 19:00:00,1514.0,1250.2075
2025-09-19 20:00:00,1074.0,877.4774
2025-09-19 21:00:00,901.0,640.59906
2025-09-19 22:00:00,751.0,539.59814
2025-09-19 23:00:00,487.0,356.25763
2025-09-20 00:00:00,260.0,188.21948
2025-09-20 01:00:00,158.0,109.127075
2025-09-20 02:00:00,98.0,98.58618
2025-09-20 03:00:00,106.0,107.43298
2025-09-20 04:00:00,127.0,158.03876
2025-09-20 05:00:00,268.0,313.3004
2025-09-20 06:00:00,600.0,637.33826
2025-09-20 07:00:00,1044.0,981.45514
2025-09-20 08:00:00,1325.0,1251.9894
2025-09-20 09:00:00,1568.0,1536.7571
2025-09-20 10:00:00,1722.0,1714.4138
2025-09-20 11:00:00,1915.0,1790.6035
2025-09-20 12:00:00,1873.0,1849.596
2025-09-20 13:00:00,1998.0,1897.428
2025-09-20 14:00:00,2091.0,1955.9219
2025-09-20 15:00:00,2240.0,2045.0181
2025-09-20 16:00:00,2458.0,2156.6072
2025-09-20 17:00:00,2753.0,2169.8413
2025-09-20 18:00:00,2482.0,1827.2671
2025-09-20 19:00:00,1800.0,1254.931
2025-09-20 20:00:00,1455.0,877.44763
2025-09-20 21:00:00,971.0,759.8137
2025-09-20 22:00:00,827.0,680.1804
2025-09-20 23:00:00,658.0,497.80664
2025-09-21 00:00:00,428.0,184.18018
2025-09-21 01:00:00,214.0,147.75781
2025-09-21 02:00:00,134.0,124.30664
2025-09-21 03:00:00,108.0,117.341675
2025-09-21 04:00:00,91.0,135.19836
2025-09-21 05:00:00,123.0,199.06671
2025-09-21 06:00:00,222.0,296.13763
2025-09-21 07:00:00,338.0,424.74786
2025-09-21 08:00:00,677.0,734.4481
2025-09-21 09:00:00,1196.0,1104.0985
2025-09-21 10:00:00,1494.0,1343.1809
2025-09-21 11:00:00,1856.0,1479.9535
2025-09-21 12:00:00,2032.0,1631.2689
2025-09-21 13:00:00,2332.0,1807.4968
2025-09-21 14:00:00,2552.0,1970.6902
2025-09-21 15:00:00,2759.0,2176.4714
2025-09-21 16:00:00,2968.0,2410.5073
2025-09-21 17:00:00,2877.0,2433.4438
2025-09-21 18:00:00,2709.0,2013.8618
2025-09-21 19:00:00,2332.0,1234.6692
2025-09-21 20:00:00,1909.0,940.4404
2025-09-21 21:00:00,1709.0,699.71594
2025-09-21 22:00:00,1002.0,470.98474
2025-09-21 23:00:00,274.0,237.612
2025-09-22 00:00:00,130.0,97.71863
2025-09-22 01:00:00,68.0,74.22266
2025-09-22 02:00:00,66.0,71.99695
2025-09-22 03:00:00,86.0,96.75195
2025-09-22 04:00:00,194.0,387.61755
2025-09-22 05:00:00,1163.0,1094.9452
2025-09-22 06:00:00,2560.0,2485.4062
2025-09-22 07:00:00,2545.0,2796.066
2025-09-22 08:00:00,2054.0,2499.1958
2025-09-22 09:00:00,1460.0,1716.5569
2025-09-22 10:00:00,1552.0,1441.5289
2025-09-22 11:00:00,1575.0,1432.0026
2025-09-22 12:00:00,1676.0,1445.9855
2025-09-22 13:00:00,1694.0,1468.7283
2025-09-22 14:00:00,1635.0,1490.9917
2025-09-22 15:00:00,1745.0,1569.8228
2025-09-22 16:00:00,1890.0,1885.3048
2025-09-22 17:00:00,2113.0,2125.878
2025-09-22 18:00:00,1648.0,1703.9268
2025-09-22 19:00:00,886.0,1008.7925
2025-09-22 20:00:00,685.0,599.782
2025-09-22 21:00:00,519.0,480.883
2025-09-22 22:00:00,375.0,410.04028
2025-09-22 23:00:00,181.0,168.15479
2025-09-23 00:00:00,85.0,80.68872
2025-09-23 01:00:00,51.0,55.05481
2025-09-23 02:00:00,62.0,52.586304
2025-09-23 03:00:00,80.0,188.67249
2025-09-23 04:00:00,210.0,313.96887
2025-09-23 05:00:00,1068.0,1105.9557
2025-09-23 06:00:00,2593.0,2643.4106
2025-09-23 07:00:00,2674.0,1081.5629
2025-09-23 08:00:00,2058.0,2339.7314
2025-09-23 09:00:00,1480.0,1663.3268
2025-09-23 10:00:00,1461.0,1433.4529
2025-09-23 11:00:00,1405.0,1441.3889
2025-09-23 12:00:00,1504.0,1460.3749
2025-09-23 13:00:00,1455.0,1484.7152
2025-09-23 14:00:00,1554.0,1950.0599
2025-09-23 15:00:00,1658.0,1632.3083
2025-09-23 16:00:00,1882.0,1839.4497
2025-09-23 17:00:00,2120.0,2106.8303
2025-09-23 18:00:00,1502.0,1696.078
2025-09-23 19:00:00,918.0,994.39844
2025-09-23 20:00:00,539.0,610.3409
2025-09-23 21:00:00,477.0,488.57935
2025-09-23 22:00:00,387.0,353.90015
2025-09-23 23:00:00,235.0,137.55762
2025-09-24 00:00:00,96.0,76.91455
2025-09-24 01:00:00,56.0,52.445435
2025-09-24 02:00:00,66.0,51.05298
2025-09-24 03:00:00,73.0,70.66797
2025-09-24 04:00:00,210.0,452.13788
2025-09-24 05:00:00,1016.0,1026.8071
2025-09-24 06:00:00,2453.0,2607.4521
2025-09-24 07:00:00,2799.0,1661.4629
2025-09-24 08:00:00,1895.0,2371.767
2025-09-24 09:00:00,1543.0,1628.7739
2025-09-24 10:00:00,1351.0,1436.0854
2025-09-24 11:00:00,1552.0,1448.1259
2025-09-24 12:00:00,1596.0,1453.471
2025-09-24 13:00:00,1516.0,1564.5248
2025-09-24 14:00:00,1686.0,1546.62
2025-09-24 15:00:00,1714.0,1679.5933
2025-09-24 16:00:00,1906.0,1899.9412
2025-09-24 17:00:00,2066.0,2142.0098
2025-09-24 18:00:00,1760.0,1692.78
2025-09-24 19:00:00,1022.0,1021.33075
2025-09-24 20:00:00,585.0,652.2485
2025-09-24 21:00:00,589.0,503.80322
2025-09-24 22:00:00,488.0,356.43317
2025-09-24 23:00:00,250.0,174.62323
2025-09-25 00:00:00,108.0,76.090454
2025-09-25 01:00:00,66.0,52.636475
2025-09-25 02:00:00,53.0,50.903687
2025-09-25 03:00:00,82.0,73.16968
2025-09-25 04:00:00,217.0,275.25995
2025-09-25 05:00:00,1031.0,998.8452
2025-09-25 06:00:00,2505.0,2487.0935
2025-09-25 07:00:00,2803.0,2777.5361
2025-09-25 08:00:00,2049.0,2388.2524
2025-09-25 09:00:00,1495.0,1738.3525
2025-09-25 10:00:00,1485.0,1437.6365
2025-09-25 11:00:00,1449.0,1440.1583
2025-09-25 12:00:00,1563.0,1481.6534
2025-09-25 13:00:00,1660.0,1517.2947
2025-09-25 14:00:00,1675.0,1569.8875
2025-09-25 15:00:00,1793.0,1683.0454
2025-09-25 16:00:00,2073.0,1940.6821
2025-09-25 17:00:00,2244.0,2150.3904
2025-09-25 18:00:00,1755.0,1806.0288
2025-09-25 19:00:00,1145.0,1135.0194
2025-09-25 20:00:00,740.0,681.76306
2025-09-25 21:00:00,625.0,523.79834
2025-09-25 22:00:00,496.0,368.59442
2025-09-25 23:00:00,280.0,162.06873
2025-09-26 00:00:00,137.0,101.279175
2025-09-26 01:00:00,76.0,55.694946
2025-09-26 02:00:00,83.0,60.481445
2025-09-26 03:00:00,84.0,80.68408
2025-09-26 04:00:00,212.0,264.38318
2025-09-26 05:00:00,884.0,873.472
2025-09-26 06:00:00,2162.0,2435.9307
2025-09-26 07:00:00,2421.0,2674.3003
2025-09-26 08:00:00,1745.0,2057.7036
2025-09-26 09:00:00,1482.0,1626.2979
2025-09-26 10:00:00,1519.0,1476.4998
2025-09-26 11:00:00,1637.0,1507.7643
2025-09-26 12:00:00,1683.0,1567.385
2025-09-26 13:00:00,1905.0,1644.6948
2025-09-26 14:00:00,1965.0,1774.5369
2025-09-26 15:00:00,2159.0,1960.9976
2025-09-26 16:00:00,2151.0,2090.8728
2025-09-26 17:00:00,2322.0,2100.7302
2025-09-26 18:00:00,1785.0,1710.0808
2025-09-26 19:00:00,1341.0,1258.9708
2025-09-26 20:00:00,938.0,796.1401
2025-09-26 21:00:00,726.0,591.7081
2025-09-26 22:00:00,614.0,501.71863
2025-09-26 23:00:00,498.0,309.07642
2025-09-27 00:00:00,254.0,166.15985
2025-09-27 01:00:00,139.0,103.22485
2025-09-27 02:00:00,115.0,95.65784
2025-09-27 03:00:00,125.0,98.89612
2025-09-27 04:00:00,152.0,137.78137
2025-09-27 05:00:00,227.0,301.66205
2025-09-27 06:00:00,583.0,630.48975
2025-09-27 07:00:00,898.0,1045.5143
2025-09-27 08:00:00,1337.0,1287.7585
2025-09-27 09:00:00,1530.0,1455.1216
2025-09-27 10:00:00,1736.0,1616.0964
2025-09-27 11:00:00,1967.0,1726.625
2025-09-27 12:00:00,1987.0,1838.44
2025-09-27 13:00:00,2093.0,1905.9264
2025-09-27 14:00:00,2098.0,1984.5687
2025-09-27 15:00:00,2079.0,2071.5874
2025-09-27 16:00:00,2204.0,2170.886
2025-09-27 17:00:00,2064.0,2102.2534
2025-09-27 18:00:00,1649.0,1653.8071
2025-09-27 19:00:00,1132.0,1125.0707
2025-09-27 20:00:00,917.0,814.4687
2025-09-27 21:00:00,808.0,714.14526
2025-09-27 22:00:00,828.0,639.2551
2025-09-27 23:00:00,684.0,408.06653
2025-09-28 00:00:00,413.0,190.55908
2025-09-28 01:00:00,244.0,156.72278
2025-09-28 02:00:00,165.0,133.43848
2025-09-28 03:00:00,111.0,121.18286
2025-09-28 04:00:00,108.0,128.2602
2025-09-28 05:00:00,140.0,167.23706
2025-09-28 06:00:00,235.0,301.9873
2025-09-28 07:00:00,372.0,545.2944
2025-09-28 08:00:00,647.0,784.8866
2025-09-28 09:00:00,1003.0,1095.0671
2025-09-28 10:00:00,1297.0,1298.9504
2025-09-28 11:00:00,1462.0,1443.9034
2025-09-28 12:00:00,1668.0,1577.9242
2025-09-28 13:00:00,1988.0,1714.9479
2025-09-28 14:00:00,2105.0,1782.3505
2025-09-28 15:00:00,1907.0,2142.1147
2025-09-28 16:00:00,1642.0,2388.3845
2025-09-28 17:00:00,1764.0,2424.4812
2025-09-28 18:00:00,2501.0,2134.443
2025-09-28 19:00:00,1999.0,1563.7192
2025-09-28 20:00:00,1469.0,799.6608
2025-09-28 21:00:00,1029.0,713.297
2025-09-28 22:00:00,575.0,401.10754
2025-09-28 23:00:00,267.0,236.21661
2025-09-29 00:00:00,117.0,88.99426
2025-09-29 01:00:00,66.0,69.16321
2025-09-29 02:00:00,62.0,65.54285
2025-09-29 03:00:00,94.0,83.81213
2025-09-29 04:00:00,221.0,330.34766
2025-09-29 05:00:00,967.0,1204.0643
2025-09-29 06:00:00,2478.0,2577.931
2025-09-29 07:00:00,2644.0,2657.4053
2025-09-29 08:00:00,1881.0,2026.1047
2025-09-29 09:00:00,1456.0,1622.7563
2025-09-29 10:00:00,1349.0,1423.4038
2025-09-29 11:00:00,1490.0,1443.3242
2025-09-29 12:00:00,1401.0,1455.4043
2025-09-29 13:00:00,1536.0,1475.2035
2025-09-29 14:00:00,1627.0,1506.4055
2025-09-29 15:00:00,1754.0,1634.2795
2025-09-29 16:00:00,1879.0,1842.9047
2025-09-29 17:00:00,2081.0,2086.1445
2025-09-29 18:00:00,1624.0,1769.5604
2025-09-29 19:00:00,1215.0,1154.9485
2025-09-29 20:00:00,790.0,653.3611
2025-09-29 21:00:00,607.0,2582.8193
2025-09-29 22:00:00,439.0,349.42902
2025-09-29 23:00:00,209.0,152.8706
2025-09-30 00:00:00,99.0,81.62427
2025-09-30 01:00:00,59.0,61.687378
2025-09-30 02:00:00,67.0,59.854614
2025-09-30 03:00:00,91.0,77.48901
2025-09-30 04:00:00,228.0,290.54248
2025-09-30 05:00:00,941.0,1095.182
2025-09-30 06:00:00,2440.0,2564.7393
2025-09-30 07:00:00,2718.0,2675.0261
2025-09-30 08:00:00,1900.0,2023.7573
2025-09-30 09:00:00,1453.0,1511.1107
2025-09-30 10:00:00,1374.0,1425.6681
2025-09-30 11:00:00,1472.0,1442.2206
2025-09-30 12:00:00,1502.0,1465.2223
2025-09-30 13:00:00,1402.0,1488.3448
2025-09-30 14:00:00,1618.0,1519.0482
2025-09-30 15:00:00,1763.0,1626.6655
2025-09-30 16:00:00,1952.0,1886.4263
2025-09-30 17:00:00,2117.0,2080.4753
2025-09-30 18:00:00,1619.0,1797.7074
2025-09-30 19:00:00,1107.0,1180.358
2025-09-30 20:00:00,717.0,653.75854
2025-09-30 21:00:00,595.0,482.9626
2025-09-30 22:00:00,453.0,342.77484
2025-09-30 23:00:00,297.0,146.1222
2025-10-01 00:00:00,115.0,76.61511
2025-10-01 01:00:00,61.0,60.186768
2025-10-01 02:00:00,53.0,61.380737
2025-10-01 03:00:00,112.0,79.83081
2025-10-01 04:00:00,207.0,231.30865
2025-10-01 05:00:00,923.0,1106.9501
2025-10-01 06:00:00,2381.0,2484.18
2025-10-01 07:00:00,2554.0,2697.4993
2025-10-01 08:00:00,1846.0,1982.0303
2025-10-01 09:00:00,1510.0,1554.1688
2025-10-01 10:00:00,1430.0,1434.5627
2025-10-01 11:00:00,1531.0,1453.2788
2025-10-01 12:00:00,1502.0,1479.6503
2025-10-01 13:00:00,1635.0,1507.9062
2025-10-01 14:00:00,1666.0,1572.9717
2025-10-01 15:00:00,1792.0,1701.5232
2025-10-01 16:00:00,1989.0,1960.7861
2025-10-01 17:00:00,2134.0,2129.5457
2025-10-01 18:00:00,1701.0,1819.896
2025-10-01 19:00:00,1042.0,1221.7395
2025-10-01 20:00:00,639.0,665.5322
2025-10-01 21:00:00,532.0,505.9444
2025-10-01 22:00:00,421.0,370.88763
2025-10-01 23:00:00,237.0,145.97638
2025-10-02 00:00:00,119.0,81.66138
2025-10-02 01:00:00,57.0,56.651
2025-10-02 02:00:00,67.0,58.735107
2025-10-02 03:00:00,84.0,85.81885
2025-10-02 04:00:00,214.0,319.9359
2025-10-02 05:00:00,912.0,1029.8945
2025-10-02 06:00:00,2367.0,2446.2202
2025-10-02 07:00:00,2600.0,2645.4116
2025-10-02 08:00:00,1851.0,2101.7878
2025-10-02 09:00:00,1458.0,1589.0728
2025-10-02 10:00:00,1408.0,1460.4557
2025-10-02 11:00:00,1517.0,1445.211
2025-10-02 12:00:00,1450.0,1489.7739
2025-10-02 13:00:00,1560.0,1547.3348
2025-10-02 14:00:00,1709.0,1642.5769
2025-10-02 15:00:00,1971.0,1814.1412
2025-10-02 16:00:00,2267.0,2046.917
2025-10-02 17:00:00,2448.0,2147.9263
2025-10-02 18:00:00,1955.0,1809.8232
2025-10-02 19:00:00,952.0,1225.7771
2025-10-02 20:00:00,826.0,717.3238
2025-10-02 21:00:00,645.0,550.8614
2025-10-02 22:00:00,479.0,432.98816
2025-10-02 23:00:00,290.0,186.06909
2025-10-03 00:00:00,130.0,105.51318
2025-10-03 01:00:00,55.0,64.80908
2025-10-03 02:00:00,62.0,66.39453
2025-10-03 03:00:00,100.0,95.71008
2025-10-03 04:00:00,205.0,334.87225
2025-10-03 05:00:00,769.0,1039.9954
2025-10-03 06:00:00,2042.0,2353.584
2025-10-03 07:00:00,2210.0,2475.6694
2025-10-03 08:00:00,1629.0,1905.1709
2025-10-03 09:00:00,1462.0,1545.9163
2025-10-03 10:00:00,1515.0,1446.1433
2025-10-03 11:00:00,1613.0,1460.7546
2025-10-03 12:00:00,1669.0,1525.6633
2025-10-03 13:00:00,1716.0,1615.5471
2025-10-03 14:00:00,1997.0,1740.5807
2025-10-03 15:00:00,2140.0,1918.7445
2025-10-03 16:00:00,2436.0,2099.0107
2025-10-03 17:00:00,2453.0,2180.2412
2025-10-03 18:00:00,2071.0,1852.804
2025-10-03 19:00:00,1382.0,1345.6997
2025-10-03 20:00:00,970.0,840.7533
2025-10-03 21:00:00,704.0,608.2867
2025-10-03 22:00:00,575.0,501.93433
2025-10-03 23:00:00,408.0,295.08557
2025-10-04 00:00:00,237.0,149.28961
2025-10-04 01:00:00,148.0,106.560425
2025-10-04 02:00:00,102.0,93.61511
2025-10-04 03:00:00,110.0,102.32898
2025-10-04 04:00:00,170.0,125.92865
2025-10-04 05:00:00,222.0,229.0982
2025-10-04 06:00:00,466.0,499.62653
2025-10-04 07:00:00,782.0,806.43646
2025-10-04 08:00:00,1183.0,1031.5012
2025-10-04 09:00:00,1446.0,1362.1196
2025-10-04 10:00:00,1637.0,1630.8146
2025-10-04 11:00:00,1905.0,1756.1863
2025-10-04 12:00:00,2031.0,1856.0825
2025-10-04 13:00:00,2047.0,1958.2681
2025-10-04 14:00:00,2202.0,2062.106
2025-10-04 15:00:00,1858.0,2139.971
2025-10-04 16:00:00,2376.0,2152.2544
2025-10-04 17:00:00,2072.0,1994.4827
2025-10-04 18:00:00,1626.0,1534.753
2025-10-04 19:00:00,1109.0,1173.1991
2025-10-04 20:00:00,864.0,824.6399
2025-10-04 21:00:00,702.0,702.0967
2025-10-04 22:00:00,716.0,574.86755
2025-10-04 23:00:00,507.0,332.96698
2025-10-05 00:00:00,350.0,179.11047
2025-10-05 01:00:00,170.0,146.70331
2025-10-05 02:00:00,111.0,129.54675
2025-10-05 03:00:00,112.0,122.96399
2025-10-05 04:00:00,108.0,136.23737
2025-10-05 05:00:00,143.0,175.54742
2025-10-05 06:00:00,230.0,303.32904
2025-10-05 07:00:00,268.0,445.99292
2025-10-05 08:00:00,530.0,740.944
2025-10-05 09:00:00,899.0,1065.6901
2025-10-05 10:00:00,1292.0,1295.3611
2025-10-05 11:00:00,1625.0,1492.3839
2025-10-05 12:00:00,1975.0,1694.5781
2025-10-05 13:00:00,2034.0,1857.1108
2025-10-05 14:00:00,2298.0,2041.0867
2025-10-05 15:00:00,2341.0,2183.7363
2025-10-05 16:00:00,2367.0,2360.3965
2025-10-05 17:00:00,2489.0,2286.2354
2025-10-05 18:00:00,1908.0,2039.2031
2025-10-05 19:00:00,1391.0,1523.0902
2025-10-05 20:00:00,1135.0,1046.8213
2025-10-05 21:00:00,865.0,664.11743
2025-10-05 22:00:00,453.0,427.21014
2025-10-05 23:00:00,215.0,231.89313
2025-10-06 00:00:00,97.0,117.63696
2025-10-06 01:00:00,57.0,83.7063
2025-10-06 02:00:00,53.0,81.78088
2025-10-06 03:00:00,78.0,117.55615
2025-10-06 04:00:00,213.0,339.60315
2025-10-06 05:00:00,952.0,1180.3615
2025-10-06 06:00:00,2357.0,2364.285
2025-10-06 07:00:00,2169.0,2380.3252
2025-10-06 08:00:00,1782.0,1690.2909
2025-10-06 09:00:00,1414.0,1444.5326
2025-10-06 10:00:00,1466.0,1432.9397
2025-10-06 11:00:00,1459.0,1447.0819
2025-10-06 12:00:00,1466.0,1474.935
2025-10-06 13:00:00,1539.0,1507.6077
2025-10-06 14:00:00,1578.0,1569.3921
2025-10-06 15:00:00,1698.0,1693.1475
2025-10-06 16:00:00,1892.0,1877.1621
2025-10-06 17:00:00,2059.0,2079.815
2025-10-06 18:00:00,1642.0,1740.5219
2025-10-06 19:00:00,1055.0,1200.6398
2025-10-06 20:00:00,707.0,782.06537
2025-10-06 21:00:00,568.0,553.74457
2025-10-06 22:00:00,449.0,408.81207
2025-10-06 23:00:00,278.0,235.71796
2025-10-07 00:00:00,78.0,119.67432
2025-10-07 01:00:00,60.0,84.62695
2025-10-07 02:00:00,44.0,81.73828
2025-10-07 03:00:00,98.0,122.25293
2025-10-07 04:00:00,199.0,447.36792
2025-10-07 05:00:00,894.0,1154.2031
2025-10-07 06:00:00,2409.0,2356.9653
2025-10-07 07:00:00,2500.0,2354.4854
2025-10-07 08:00:00,1786.0,1684.1644
2025-10-07 09:00:00,1471.0,1465.1709
2025-10-07 10:00:00,1390.0,1439.8795
2025-10-07 11:00:00,1378.0,1451.5872
2025-10-07 12:00:00,1352.0,1477.6909
2025-10-07 13:00:00,1466.0,1514.684
2025-10-07 14:00:00,1648.0,1566.9861
2025-10-07 15:00:00,1702.0,1698.8804
2025-10-07 16:00:00,1948.0,1902.4854
2025-10-07 17:00:00,2182.0,2082.6138
2025-10-07 18:00:00,1690.0,1778.9629
2025-10-07 19:00:00,1094.0,1221.7091
2025-10-07 20:00:00,689.0,775.0405
2025-10-07 21:00:00,504.0,553.5583
2025-10-07 22:00:00,402.0,412.84204
2025-10-07 23:00:00,220.0,231.58972
2025-10-08 00:00:00,85.0,113.38025
2025-10-08 01:00:00,72.0,79.94104
2025-10-08 02:00:00,63.0,79.21765
2025-10-08 03:00:00,89.0,130.54523
2025-10-08 04:00:00,211.0,461.22632
2025-10-08 05:00:00,861.0,1145.1521
2025-10-08 06:00:00,2327.0,2295.6
2025-10-08 07:00:00,2382.0,2342.6812
2025-10-08 08:00:00,1734.0,1679.4941
2025-10-08 09:00:00,1375.0,1465.1019
2025-10-08 10:00:00,1527.0,1443.0415
2025-10-08 11:00:00,1424.0,1475.292
2025-10-08 12:00:00,1292.0,1510.4158
2025-10-08 13:00:00,1507.0,1550.5873
2025-10-08 14:00:00,1701.0,1611.5865
2025-10-08 15:00:00,1835.0,1738.4797
2025-10-08 16:00:00,2113.0,1958.7844
2025-10-08 17:00:00,2174.0,2127.8367
2025-10-08 18:00:00,1855.0,1806.9574
2025-10-08 19:00:00,1156.0,1267.2246
2025-10-08 20:00:00,768.0,808.6849
2025-10-08 21:00:00,595.0,568.2824
2025-10-08 22:00:00,412.0,438.83173
2025-10-08 23:00:00,205.0,245.19208
2025-10-09 00:00:00,105.0,132.6701
2025-10-09 01:00:00,54.0,91.184204
2025-10-09 02:00:00,67.0,92.32837
2025-10-09 03:00:00,83.0,154.05304
2025-10-09 04:00:00,203.0,486.74823
2025-10-09 05:00:00,894.0,1134.8422
2025-10-09 06:00:00,2205.0,2194.6401
2025-10-09 07:00:00,2304.0,2246.9036
2025-10-09 08:00:00,1833.0,1672.233
2025-10-09 09:00:00,1482.0,1480.361
2025-10-09 10:00:00,1426.0,1457.9971
2025-10-09 11:00:00,1514.0,1496.5378
2025-10-09 12:00:00,1530.0,1544.8938
2025-10-09 13:00:00,1681.0,1593.4861
2025-10-09 14:00:00,1773.0,1682.352
2025-10-09 15:00:00,1944.0,1832.7358
2025-10-09 16:00:00,2075.0,2028.8461
2025-10-09 17:00:00,2190.0,2169.515
2025-10-09 18:00:00,1750.0,1848.8513
2025-10-09 19:00:00,1177.0,1361.5862
2025-10-09 20:00:00,725.0,933.8972
2025-10-09 21:00:00,629.0,637.35657
2025-10-09 22:00:00,368.0,514.8181
2025-10-09 23:00:00,291.0,310.18445
2025-10-10 00:00:00,118.0,197.66315
2025-10-10 01:00:00,69.0,113.90454
2025-10-10 02:00:00,59.0,103.970825
2025-10-10 03:00:00,96.0,149.2207
2025-10-10 04:00:00,195.0,435.76117
2025-10-10 05:00:00,755.0,1078.8887
2025-10-10 06:00:00,1875.0,2033.7952
2025-10-10 07:00:00,1966.0,2070.5183
2025-10-10 08:00:00,1587.0,1607.0369
2025-10-10 09:00:00,1467.0,1490.0713
2025-10-10 10:00:00,1517.0,1473.3994
2025-10-10 11:00:00,1611.0,1524.0891
2025-10-10 12:00:00,1692.0,1591.2913
2025-10-10 13:00:00,1839.0,1672.6543
2025-10-10 14:00:00,2013.0,1791.9774
2025-10-10 15:00:00,2180.0,1986.065
2025-10-10 16:00:00,2326.0,2120.8716
2025-10-10 17:00:00,2403.0,2206.3193
2025-10-10 18:00:00,2029.0,1893.419
2025-10-10 19:00:00,1460.0,1431.8276
2025-10-10 20:00:00,950.0,1017.2857
2025-10-10 21:00:00,699.0,683.12024
2025-10-10 22:00:00,674.0,566.29346
2025-10-10 23:00:00,439.0,421.25427
2025-10-11 00:00:00,234.0,295.47357
2025-10-11 01:00:00,150.0,157.88818
2025-10-11 02:00:00,100.0,125.94238
2025-10-11 03:00:00,114.0,127.074036
2025-10-11 04:00:00,151.0,167.58307
2025-10-11 05:00:00,210.0,288.26685
2025-10-11 06:00:00,508.0,512.147
2025-10-11 07:00:00,776.0,804.22473
2025-10-11 08:00:00,1059.0,1103.7207
2025-10-11 09:00:00,1405.0,1490.3147
2025-10-11 10:00:00,1628.0,1788.2667
2025-10-11 11:00:00,1773.0,1904.2678
2025-10-11 12:00:00,1960.0,1960.9509
2025-10-11 13:00:00,2094.0,2017.4562
2025-10-11 14:00:00,2193.0,2072.5347
2025-10-11 15:00:00,2349.0,2144.947
2025-10-11 16:00:00,2540.0,2252.2288
2025-10-11 17:00:00,2586.0,2203.1543
2025-10-11 18:00:00,2140.0,1880.6439
2025-10-11 19:00:00,1479.0,1343.3923
2025-10-11 20:00:00,1137.0,971.6399
2025-10-11 21:00:00,842.0,781.88684
2025-10-11 22:00:00,688.0,697.97266
2025-10-11 23:00:00,567.0,590.3694
2025-10-12 00:00:00,323.0,230.68219
2025-10-12 01:00:00,186.0,188.20557
2025-10-12 02:00:00,112.0,160.54175
2025-10-12 03:00:00,88.0,146.60278
2025-10-12 04:00:00,114.0,148.72815
2025-10-12 05:00:00,125.0,167.95538
2025-10-12 06:00:00,211.0,222.46082
2025-10-12 07:00:00,317.0,330.50824
2025-10-12 08:00:00,513.0,607.36414
2025-10-12 09:00:00,898.0,1002.615
2025-10-12 10:00:00,1177.0,1401.0271
2025-10-12 11:00:00,1516.0,1680.2145
2025-10-12 12:00:00,1798.0,1862.0388
2025-10-12 13:00:00,2069.0,2039.8857
2025-10-12 14:00:00,2355.0,2218.2861
2025-10-12 15:00:00,2600.0,2391.714
2025-10-12 16:00:00,2723.0,2518.9866
2025-10-12 17:00:00,2664.0,2511.9258
2025-10-12 18:00:00,2457.0,2333.8765
2025-10-12 19:00:00,2451.0,1951.7878
2025-10-12 20:00:00,2005.0,1493.9938
2025-10-12 21:00:00,1394.0,1067.2421
2025-10-12 22:00:00,548.0,683.7263
2025-10-12 23:00:00,232.0,346.8072
2025-10-13 00:00:00,111.0,111.47009
2025-10-13 01:00:00,61.0,82.695435
2025-10-13 02:00:00,55.0,79.086914
2025-10-13 03:00:00,87.0,109.651855
2025-10-13 04:00:00,253.0,287.3369
2025-10-13 05:00:00,1000.0,936.9933
2025-10-13 06:00:00,2472.0,2190.5166
2025-10-13 07:00:00,2512.0,2511.3516
2025-10-13 08:00:00,1906.0,1773.427
2025-10-13 09:00:00,1471.0,1431.8867
2025-10-13 10:00:00,1375.0,1438.0854
2025-10-13 11:00:00,1415.0,1469.8182
2025-10-13 12:00:00,1431.0,1510.2334
2025-10-13 13:00:00,1564.0,1555.0424
2025-10-13 14:00:00,1607.0,1628.06
2025-10-13 15:00:00,1755.0,1785.9904
2025-10-13 16:00:00,2050.0,1987.0985
2025-10-13 17:00:00,2161.0,2150.0
2025-10-13 18:00:00,1630.0,1832.7603
2025-10-13 19:00:00,1062.0,1231.2043
2025-10-13 20:00:00,722.0,816.6102
2025-10-13 21:00:00,521.0,573.1614
2025-10-13 22:00:00,337.0,419.85016
2025-10-13 23:00:00,167.0,211.24438
2025-10-14 00:00:00,81.0,98.381836
2025-10-14 01:00:00,57.0,70.92932
2025-10-14 02:00:00,45.0,67.19934
2025-10-14 03:00:00,91.0,97.69934
2025-10-14 04:00:00,204.0,288.25568
2025-10-14 05:00:00,978.0,1039.6041
2025-10-14 06:00:00,2401.0,2439.314
2025-10-14 07:00:00,2637.0,2643.5522
2025-10-14 08:00:00,1984.0,1853.5457
2025-10-14 09:00:00,1457.0,1447.499
2025-10-14 10:00:00,1321.0,1445.9647
2025-10-14 11:00:00,1341.0,1478.315
2025-10-14 12:00:00,1395.0,1516.1782
2025-10-14 13:00:00,1507.0,1557.6586
2025-10-14 14:00:00,1547.0,1612.2056
2025-10-14 15:00:00,1667.0,1748.2615
2025-10-14 16:00:00,2014.0,1940.1384
2025-10-14 17:00:00,2177.0,2144.9307
2025-10-14 18:00:00,1681.0,1830.8699
2025-10-14 19:00:00,1066.0,1181.2588
2025-10-14 20:00:00,677.0,743.8823
2025-10-14 21:00:00,541.0,530.0369
2025-10-14 22:00:00,368.0,368.39203
2025-10-14 23:00:00,160.0,163.68848
2025-10-15 00:00:00,91.0,88.21655
2025-10-15 01:00:00,40.0,59.658325
2025-10-15 02:00:00,47.0,58.703247
2025-10-15 03:00:00,77.0,84.43555
2025-10-15 04:00:00,187.0,245.99744
2025-10-15 05:00:00,979.0,974.69653
2025-10-15 06:00:00,2350.0,2400.601
2025-10-15 07:00:00,2562.0,2656.2078
2025-10-15 08:00:00,1955.0,1850.2407
2025-10-15 09:00:00,1471.0,1462.5757
2025-10-15 10:00:00,1420.0,1469.2239
2025-10-15 11:00:00,1426.0,1508.2478
2025-10-15 12:00:00,1478.0,1550.7556
2025-10-15 13:00:00,1545.0,1592.242
2025-10-15 14:00:00,1582.0,1659.2522
2025-10-15 15:00:00,1731.0,1803.9661
2025-10-15 16:00:00,2232.0,2000.0872
2025-10-15 17:00:00,2468.0,2188.7993
2025-10-15 18:00:00,1925.0,1849.3865
2025-10-15 19:00:00,1087.0,1263.3792
2025-10-15 20:00:00,721.0,815.412
2025-10-15 21:00:00,588.0,574.08136
2025-10-15 22:00:00,431.0,448.92035
2025-10-15 23:00:00,208.0,196.95581
2025-10-16 00:00:00,107.0,114.184204
2025-10-16 01:00:00,64.0,63.353516
2025-10-16 02:00:00,50.0,62.233032
2025-10-16 03:00:00,74.0,84.42041
2025-10-16 04:00:00,194.0,251.1897
2025-10-16 05:00:00,942.0,947.6932
2025-10-16 06:00:00,2308.0,2334.958
2025-10-16 07:00:00,2696.0,2583.776
2025-10-16 08:00:00,1945.0,1864.3726
2025-10-16 09:00:00,1583.0,1491.8269
2025-10-16 10:00:00,1475.0,1496.2317
2025-10-16 11:00:00,1464.0,1550.0394
2025-10-16 12:00:00,1506.0,1604.3044
2025-10-16 13:00:00,1584.0,1670.0361
2025-10-16 14:00:00,1697.0,1775.0305
2025-10-16 15:00:00,1887.0,1913.582
2025-10-16 16:00:00,2170.0,2096.2483
2025-10-16 17:00:00,2344.0,2237.1023
2025-10-16 18:00:00,1873.0,1904.3613
2025-10-16 19:00:00,1204.0,1300.4775
2025-10-16 20:00:00,698.0,851.0226
2025-10-16 21:00:00,589.0,622.4816
2025-10-16 22:00:00,446.0,518.86774
2025-10-16 23:00:00,232.0,312.11804
2025-10-17 00:00:00,121.0,170.04999
2025-10-17 01:00:00,80.0,76.59094
2025-10-17 02:00:00,49.0,72.94299
2025-10-17 03:00:00,102.0,93.88379
2025-10-17 04:00:00,189.0,268.44543
2025-10-17 05:00:00,795.0,901.15643
2025-10-17 06:00:00,2086.0,2158.8762
2025-10-17 07:00:00,2183.0,2342.86
2025-10-17 08:00:00,1712.0,1768.435
2025-10-17 09:00:00,1388.0,1523.3945
2025-10-17 10:00:00,1496.0,1554.785
2025-10-17 11:00:00,1586.0,1620.9075
2025-10-17 12:00:00,1740.0,1693.7975
2025-10-17 13:00:00,1818.0,1783.0054
2025-10-17 14:00:00,1945.0,1892.9739
2025-10-17 15:00:00,1959.0,2018.2782
2025-10-17 16:00:00,2421.0,2153.0413
2025-10-17 17:00:00,2465.0,2256.6287
2025-10-17 18:00:00,640.0,1979.8757
2025-10-17 19:00:00,585.0,1391.5841
2025-10-17 20:00:00,880.0,918.72906
2025-10-17 21:00:00,748.0,681.7572
2025-10-17 22:00:00,607.0,577.499
2025-10-17 23:00:00,425.0,446.23712
2025-10-18 00:00:00,217.0,184.27112
2025-10-18 01:00:00,126.0,123.14734
2025-10-18 02:00:00,125.0,99.58191
2025-10-18 03:00:00,115.0,107.11255
2025-10-18 04:00:00,176.0,142.04309
2025-10-18 05:00:00,246.0,244.42004
2025-10-18 06:00:00,558.0,440.35693
2025-10-18 07:00:00,815.0,647.3911
2025-10-18 08:00:00,1254.0,936.7652
2025-10-18 09:00:00,1442.0,1342.7476
2025-10-18 10:00:00,1638.0,1707.5981
2025-10-18 11:00:00,1717.0,1876.2874
2025-10-18 12:00:00,1910.0,1944.2681
2025-10-18 13:00:00,2074.0,1985.3752
2025-10-18 14:00:00,2081.0,2038.5879
2025-10-18 15:00:00,2305.0,2127.9106
2025-10-18 16:00:00,2501.0,2234.3872
2025-10-18 17:00:00,2680.0,2320.741
2025-10-18 18:00:00,2262.0,1956.7434
2025-10-18 19:00:00,1522.0,1320.5627
2025-10-18 20:00:00,1047.0,914.52136
2025-10-18 21:00:00,927.0,757.9439
2025-10-18 22:00:00,760.0,673.6774
2025-10-18 23:00:00,718.0,400.90698
2025-10-19 00:00:00,416.0,201.56934
2025-10-19 01:00:00,213.0,166.61743
2025-10-19 02:00:00,127.0,144.19006
2025-10-19 03:00:00,112.0,136.10626
2025-10-19 04:00:00,91.0,137.258
2025-10-19 05:00:00,111.0,160.8728
2025-10-19 06:00:00,212.0,220.14777
2025-10-19 07:00:00,303.0,273.62225
2025-10-19 08:00:00,603.0,490.9242
2025-10-19 09:00:00,955.0,886.4125
2025-10-19 10:00:00,1302.0,1285.5067
2025-10-19 11:00:00,1607.0,1606.0164
2025-10-19 12:00:00,2086.0,1786.386
2025-10-19 13:00:00,1581.0,2078.0952
2025-10-19 14:00:00,2403.0,2261.505
2025-10-19 15:00:00,2690.0,2479.8062
2025-10-19 16:00:00,2846.0,2587.8286
2025-10-19 17:00:00,2888.0,2580.5195
2025-10-19 18:00:00,2630.0,2360.6792
2025-10-19 19:00:00,2071.0,1922.375
2025-10-19 20:00:00,1389.0,1422.7472
2025-10-19 21:00:00,954.0,927.2765
2025-10-19 22:00:00,537.0,465.29852
2025-10-19 23:00:00,285.0,256.01538
2025-10-20 00:00:00,93.0,70.18201
2025-10-20 01:00:00,52.0,46.545654
2025-10-20 02:00:00,55.0,50.469727
2025-10-20 03:00:00,86.0,75.716064
2025-10-20 04:00:00,218.0,235.51501
2025-10-20 05:00:00,1051.0,951.8529
2025-10-20 06:00:00,2679.0,2534.0244
2025-10-20 07:00:00,2755.0,2791.625
2025-10-20 08:00:00,2100.0,2336.7344
2025-10-20 09:00:00,1461.0,1610.2815
2025-10-20 10:00:00,1392.0,1423.2717
2025-10-20 11:00:00,1516.0,1444.0581
2025-10-20 12:00:00,1455.0,1469.1996
2025-10-20 13:00:00,1619.0,1504.7155
2025-10-20 14:00:00,1636.0,1554.937
2025-10-20 15:00:00,1630.0,1695.4402
2025-10-20 16:00:00,1757.0,1916.753
2025-10-20 17:00:00,2090.0,2080.3105
2025-10-20 18:00:00,1600.0,1645.2599
2025-10-20 19:00:00,969.0,1015.2679
2025-10-20 20:00:00,657.0,661.2639
2025-10-20 21:00:00,245.0,488.25177
2025-10-20 22:00:00,379.0,319.29565
2025-10-20 23:00:00,157.0,137.62054
2025-10-21 00:00:00,83.0,76.37695
2025-10-21 01:00:00,43.0,50.029907
2025-10-21 02:00:00,39.0,48.11035
2025-10-21 03:00:00,66.0,73.183105
2025-10-21 04:00:00,217.0,217.24292
2025-10-21 05:00:00,1002.0,917.4872
2025-10-21 06:00:00,2658.0,2531.5686
2025-10-21 07:00:00,2874.0,2798.588
2025-10-21 08:00:00,2133.0,2319.7563
2025-10-21 09:00:00,1566.0,1585.4077
2025-10-21 10:00:00,1397.0,1433.6383
2025-10-21 11:00:00,1368.0,1456.3859
2025-10-21 12:00:00,1445.0,1485.9283
2025-10-21 13:00:00,1437.0,1518.4285
2025-10-21 14:00:00,1481.0,1565.6643
2025-10-21 15:00:00,1651.0,1704.8745
2025-10-21 16:00:00,1933.0,1932.9691
2025-10-21 17:00:00,2158.0,2096.8406
2025-10-21 18:00:00,1654.0,1697.4749
2025-10-21 19:00:00,1021.0,1051.0691
2025-10-21 20:00:00,619.0,679.28723
2025-10-21 21:00:00,500.0,502.3523
2025-10-21 22:00:00,394.0,352.31
2025-10-21 23:00:00,245.0,153.90936
2025-10-22 00:00:00,101.0,76.38074
2025-10-22 01:00:00,51.0,53.39038
2025-10-22 02:00:00,31.0,49.7157
2025-10-22 03:00:00,72.0,76.6167
2025-10-22 04:00:00,210.0,233.5249
2025-10-22 05:00:00,949.0,992.2167
2025-10-22 06:00:00,2471.0,2534.355
2025-10-22 07:00:00,2844.0,2793.5142
2025-10-22 08:00:00,2036.0,2276.753
2025-10-22 09:00:00,1586.0,1601.4263
2025-10-22 10:00:00,1370.0,1424.4491
2025-10-22 11:00:00,1489.0,1466.5653
2025-10-22 12:00:00,1490.0,1508.2057
2025-10-22 13:00:00,1657.0,1550.6819
2025-10-22 14:00:00,1575.0,1593.6428
2025-10-22 15:00:00,1691.0,1736.612
2025-10-22 16:00:00,1887.0,1957.6167
2025-10-22 17:00:00,2118.0,2145.2646
2025-10-22 18:00:00,1639.0,1725.5212
2025-10-22 19:00:00,1108.0,1085.4036
2025-10-22 20:00:00,644.0,684.5552
2025-10-22 21:00:00,485.0,532.28955
2025-10-22 22:00:00,458.0,409.9641
2025-10-22 23:00:00,242.0,174.95581
2025-10-23 00:00:00,125.0,75.57263
2025-10-23 01:00:00,54.0,44.260742
2025-10-23 02:00:00,52.0,53.98108
2025-10-23 03:00:00,65.0,78.021484
2025-10-23 04:00:00,214.0,236.02942
2025-10-23 05:00:00,900.0,940.56323
2025-10-23 06:00:00,2563.0,2504.2036
2025-10-23 07:00:00,2827.0,2757.5066
2025-10-23 08:00:00,2054.0,2301.0525
2025-10-23 09:00:00,1534.0,1590.615
2025-10-23 10:00:00,1444.0,1431.1597
2025-10-23 11:00:00,1361.0,1486.2219
2025-10-23 12:00:00,1295.0,1523.4253
2025-10-23 13:00:00,1528.0,1598.6511
2025-10-23 14:00:00,1614.0,1654.0525
2025-10-23 15:00:00,1737.0,1839.2312
2025-10-23 16:00:00,1933.0,2055.29
2025-10-23 17:00:00,2181.0,2181.2637
2025-10-23 18:00:00,1632.0,1752.2542
2025-10-23 19:00:00,1088.0,1107.7573
2025-10-23 20:00:00,680.0,698.0941
2025-10-23 21:00:00,583.0,563.74243
2025-10-23 22:00:00,456.0,450.5603
2025-10-23 23:00:00,278.0,190.5816
2025-10-24 00:00:00,113.0,104.976685
2025-10-24 01:00:00,68.0,55.524902
2025-10-24 02:00:00,59.0,59.354736
2025-10-24 03:00:00,83.0,81.59021
2025-10-24 04:00:00,209.0,235.20947
2025-10-24 05:00:00,819.0,851.5593
2025-10-24 06:00:00,2202.0,2438.3357
2025-10-24 07:00:00,2500.0,2605.46
2025-10-24 08:00:00,1813.0,2039.728
2025-10-24 09:00:00,1464.0,1526.5273
2025-10-24 10:00:00,1562.0,1466.11
2025-10-24 11:00:00,1558.0,1555.3354
2025-10-24 12:00:00,1623.0,1626.2839
2025-10-24 13:00:00,1816.0,1695.9084
2025-10-24 14:00:00,1938.0,1795.8939
2025-10-24 15:00:00,2036.0,1948.2161
2025-10-24 16:00:00,2246.0,2104.4487
2025-10-24 17:00:00,2267.0,2206.5503
2025-10-24 18:00:00,1938.0,1817.0726
2025-10-24 19:00:00,1303.0,1203.4027
2025-10-24 20:00:00,969.0,808.0056
2025-10-24 21:00:00,701.0,626.3167
2025-10-24 22:00:00,699.0,521.19135
2025-10-24 23:00:00,553.0,287.78296
2025-10-25 00:00:00,344.0,149.2818
2025-10-25 01:00:00,170.0,109.223145
2025-10-25 02:00:00,122.0,96.400024
2025-10-25 03:00:00,89.0,103.92761
2025-10-25 04:00:00,126.0,139.22223
2025-10-25 05:00:00,267.0,262.5728
2025-10-25 06:00:00,519.0,535.6704
2025-10-25 07:00:00,951.0,869.8507
2025-10-25 08:00:00,1311.0,1137.1945
2025-10-25 09:00:00,1591.0,1411.9528
2025-10-25 10:00:00,1765.0,1661.9727
2025-10-25 11:00:00,1869.0,1811.4545
2025-10-25 12:00:00,1935.0,1867.521
2025-10-25 13:00:00,1992.0,1908.7771
2025-10-25 14:00:00,2019.0,1952.7251
2025-10-25 15:00:00,1955.0,2013.7719
2025-10-25 16:00:00,2110.0,2120.2437
2025-10-25 17:00:00,2231.0,2061.5493
2025-10-25 18:00:00,1709.0,1514.5979
2025-10-25 19:00:00,1092.0,1026.0807
2025-10-25 20:00:00,789.0,812.2621
2025-10-25 21:00:00,753.0,722.78735
2025-10-25 22:00:00,741.0,638.864
2025-10-25 23:00:00,676.0,350.14618
2025-10-26 00:00:00,578.0,191.48383
2025-10-26 01:00:00,272.0,151.21185
2025-10-26 02:00:00,247.0,129.74048
2025-10-26 03:00:00,85.0,117.23706
2025-10-26 04:00:00,81.0,129.5296
2025-10-26 05:00:00,129.0,177.1623
2025-10-26 06:00:00,247.0,288.0091
2025-10-26 07:00:00,410.0,394.3036
2025-10-26 08:00:00,717.0,632.8275
2025-10-26 09:00:00,1168.0,925.1665
2025-10-26 10:00:00,1497.0,1217.251
2025-10-26 11:00:00,1902.0,1514.6825
2025-10-26 12:00:00,2030.0,1726.1521
2025-10-26 13:00:00,2195.0,1886.5999
2025-10-26 14:00:00,2158.0,2105.169
2025-10-26 15:00:00,2148.0,2337.683
2025-10-26 16:00:00,2396.0,2493.4668
2025-10-26 17:00:00,2254.0,2421.4353
2025-10-26 18:00:00,1817.0,2072.279
2025-10-26 19:00:00,1490.0,1490.5878
2025-10-26 20:00:00,1237.0,1080.0743
2025-10-26 21:00:00,781.0,717.5658
2025-10-26 22:00:00,400.0,371.66748
2025-10-26 23:00:00,188.0,227.92859
2025-10-27 00:00:00,78.0,75.78992
2025-10-27 01:00:00,49.0,52.35498
2025-10-27 02:00:00,42.0,47.533936
2025-10-27 03:00:00,72.0,70.54382
2025-10-27 04:00:00,242.0,267.4001
2025-10-27 05:00:00,1053.0,1153.9253
2025-10-27 06:00:00,2621.0,2668.8833
2025-10-27 07:00:00,2767.0,2827.1174
2025-10-27 08:00:00,2000.0,2351.5698
2025-10-27 09:00:00,1443.0,1584.4558
2025-10-27 10:00:00,1303.0,1423.7773
2025-10-27 11:00:00,1351.0,1434.4917
2025-10-27 12:00:00,1414.0,1449.1986
2025-10-27 13:00:00,1437.0,1472.7831
2025-10-27 14:00:00,1570.0,1505.0842
2025-10-27 15:00:00,1571.0,1588.8977
2025-10-27 16:00:00,1702.0,1804.8892
2025-10-27 17:00:00,2009.0,2030.3788
2025-10-27 18:00:00,1515.0,1563.4263
2025-10-27 19:00:00,920.0,961.8141
2025-10-27 20:00:00,577.0,626.01636
2025-10-27 21:00:00,425.0,492.27338
2025-10-27 22:00:00,341.0,348.1725
2025-10-27 23:00:00,156.0,155.37042
2025-10-28 00:00:00,77.0,67.087036
2025-10-28 01:00:00,52.0,51.493896
2025-10-28 02:00:00,44.0,45.409424
2025-10-28 03:00:00,81.0,65.832886
2025-10-28 04:00:00,232.0,206.67896
2025-10-28 05:00:00,1048.0,987.2756
2025-10-28 06:00:00,2672.0,2637.754
2025-10-28 07:00:00,3038.0,2829.0461
2025-10-28 08:00:00,2066.0,2378.6445
2025-10-28 09:00:00,1507.0,1565.8064
2025-10-28 10:00:00,1436.0,1433.9995
2025-10-28 11:00:00,1407.0,1449.7589
2025-10-28 12:00:00,1401.0,1471.9348
2025-10-28 13:00:00,1506.0,1493.7395
2025-10-28 14:00:00,1495.0,1523.0198
2025-10-28 15:00:00,1655.0,1644.8564
2025-10-28 16:00:00,1891.0,1875.8926
2025-10-28 17:00:00,2149.0,2084.3335
2025-10-28 18:00:00,1651.0,1612.7837
2025-10-28 19:00:00,930.0,984.1664
2025-10-28 20:00:00,616.0,635.1497
2025-10-28 21:00:00,574.0,502.99847
2025-10-28 22:00:00,392.0,368.03027
2025-10-28 23:00:00,192.0,147.48932
2025-10-29 00:00:00,95.0,67.8324
2025-10-29 01:00:00,52.0,44.96106
2025-10-29 02:00:00,57.0,42.743286
2025-10-29 03:00:00,72.0,63.313965
2025-10-29 04:00:00,217.0,200.54767
2025-10-29 05:00:00,998.0,975.8859
2025-10-29 06:00:00,2567.0,2574.801
2025-10-29 07:00:00,2965.0,2793.4087
2025-10-29 08:00:00,1993.0,2273.138
2025-10-29 09:00:00,1535.0,1534.9528
2025-10-29 10:00:00,1502.0,1436.5936
2025-10-29 11:00:00,1589.0,1458.1433
2025-10-29 12:00:00,1557.0,1480.4282
2025-10-29 13:00:00,1694.0,1515.1779
2025-10-29 14:00:00,1575.0,1553.1929
2025-10-29 15:00:00,1788.0,1660.735
2025-10-29 16:00:00,2006.0,1883.6647
2025-10-29 17:00:00,2255.0,2119.6133
2025-10-29 18:00:00,1661.0,1658.5756
2025-10-29 19:00:00,1030.0,1054.7986
2025-10-29 20:00:00,689.0,666.12195
2025-10-29 21:00:00,563.0,526.7244
2025-10-29 22:00:00,472.0,398.77686
2025-10-29 23:00:00,242.0,125.666565
2025-10-30 00:00:00,107.0,63.279297
2025-10-30 01:00:00,67.0,49.728394
2025-10-30 02:00:00,65.0,49.74231
2025-10-30 03:00:00,69.0,74.609375
2025-10-30 04:00:00,215.0,261.12482
2025-10-30 05:00:00,1012.0,1001.46594
2025-10-30 06:00:00,2600.0,2541.4136
2025-10-30 07:00:00,2863.0,2764.6416
2025-10-30 08:00:00,2085.0,2273.984
2025-10-30 09:00:00,1556.0,1589.7643
2025-10-30 10:00:00,1426.0,1445.7759
2025-10-30 11:00:00,1453.0,1475.2571
2025-10-30 12:00:00,1511.0,1512.6344
2025-10-30 13:00:00,1510.0,1559.0349
2025-10-30 14:00:00,1607.0,1608.0332
2025-10-30 15:00:00,1801.0,1754.085
2025-10-30 16:00:00,2016.0,1996.4382
2025-10-30 17:00:00,2147.0,2161.015
2025-10-30 18:00:00,1750.0,1687.6853
2025-10-30 19:00:00,1098.0,1123.3529
2025-10-30 20:00:00,683.0,720.7512
2025-10-30 21:00:00,573.0,566.66077
2025-10-30 22:00:00,477.0,462.86652
2025-10-30 23:00:00,253.0,216.95288
2025-10-31 00:00:00,106.0,109.67615
2025-10-31 01:00:00,51.0,56.401978
2025-10-31 02:00:00,64.0,58.263428
2025-10-31 03:00:00,87.0,78.45044
2025-10-31 04:00:00,188.0,227.29712
2025-10-31 05:00:00,846.0,846.68994
2025-10-31 06:00:00,2277.0,2397.0198
2025-10-31 07:00:00,2415.0,2649.7197
2025-10-31 08:00:00,1792.0,2094.2275
2025-10-31 09:00:00,1540.0,1562.79
2025-10-31 10:00:00,1549.0,1480.6633
2025-10-31 11:00:00,1616.0,1515.5677
2025-10-31 12:00:00,1649.0,1572.5459
2025-10-31 13:00:00,1850.0,1657.2441
2025-10-31 14:00:00,1983.0,1785.8152
2025-10-31 15:00:00,2029.0,1947.8723
2025-10-31 16:00:00,2194.0,2116.758
2025-10-31 17:00:00,2464.0,2183.9775
2025-10-31 18:00:00,1892.0,1780.8701
2025-10-31 19:00:00,1244.0,1229.5448
2025-10-31 20:00:00,836.0,855.55054
2025-10-31 21:00:00,705.0,633.3415
2025-10-31 22:00:00,674.0,542.8104
2025-10-31 23:00:00,578.0,345.6676
2025-11-01 00:00:00,331.0,249.48816
2025-11-01 01:00:00,205.0,191.24976
2025-11-01 02:00:00,113.0,154.28644
2025-11-01 03:00:00,123.0,139.08118
2025-11-01 04:00:00,143.0,141.59283
2025-11-01 05:00:00,216.0,176.21924
2025-11-01 06:00:00,500.0,352.0216
2025-11-01 07:00:00,849.0,761.1261
2025-11-01 08:00:00,1413.0,1295.0386
2025-11-01 09:00:00,1913.0,1555.6927
2025-11-01 10:00:00,2093.0,1667.1506
2025-11-01 11:00:00,2047.0,1729.3108
2025-11-01 12:00:00,2210.0,1810.135
2025-11-01 13:00:00,2265.0,1925.5591
2025-11-01 14:00:00,2351.0,2086.0444
2025-11-01 15:00:00,2355.0,2289.6917
2025-11-01 16:00:00,2465.0,2453.2183
2025-11-01 17:00:00,2377.0,2226.3838
2025-11-01 18:00:00,1578.0,1725.6942
2025-11-01 19:00:00,1133.0,1261.8472
2025-11-01 20:00:00,920.0,869.26044
2025-11-01 21:00:00,797.0,695.709
2025-11-01 22:00:00,782.0,553.866
2025-11-01 23:00:00,684.0,395.2752
2025-11-02 00:00:00,446.0,230.48053
2025-11-02 01:00:00,254.0,190.93335
2025-11-02 02:00:00,131.0,162.20685
2025-11-02 03:00:00,125.0,127.33746
2025-11-02 04:00:00,128.0,138.05328
2025-11-02 05:00:00,114.0,174.10999
2025-11-02 06:00:00,181.0,253.65143
2025-11-02 07:00:00,258.0,302.29962
2025-11-02 08:00:00,560.0,535.3345
2025-11-02 09:00:00,1021.0,976.414
2025-11-02 10:00:00,1358.0,1288.9232
2025-11-02 11:00:00,1618.0,1552.1827
2025-11-02 12:00:00,1689.0,1704.1943
2025-11-02 13:00:00,1974.0,1843.5721
2025-11-02 14:00:00,2128.0,2048.6829
2025-11-02 15:00:00,2112.0,2249.3203
2025-11-02 16:00:00,2160.0,2484.6997
2025-11-02 17:00:00,2060.0,2558.188
2025-11-02 18:00:00,1519.0,2290.5166
2025-11-02 19:00:00,1178.0,1787.9164
2025-11-02 20:00:00,960.0,1367.9386
2025-11-02 21:00:00,624.0,952.2884
2025-11-02 22:00:00,349.0,480.36945
2025-11-02 23:00:00,195.0,275.50385
2025-11-03 00:00:00,103.0,94.84888
2025-11-03 01:00:00,42.0,57.80542
2025-11-03 02:00:00,42.0,56.781372
2025-11-03 03:00:00,77.0,78.42847
2025-11-03 04:00:00,232.0,250.08331
2025-11-03 05:00:00,1137.0,1033.8689
2025-11-03 06:00:00,2662.0,2648.6262
2025-11-03 07:00:00,2948.0,2819.7803
2025-11-03 08:00:00,2098.0,2337.4546
2025-11-03 09:00:00,1430.0,1561.0586
2025-11-03 10:00:00,1236.0,1435.1843
2025-11-03 11:00:00,1334.0,1443.8195
2025-11-03 12:00:00,1219.0,1464.3439
2025-11-03 13:00:00,1361.0,1490.6244
2025-11-03 14:00:00,1449.0,1530.3162
2025-11-03 15:00:00,1319.0,1665.2986
2025-11-03 16:00:00,1729.0,1870.6863
2025-11-03 17:00:00,2023.0,2078.8076
2025-11-03 18:00:00,1550.0,1609.9476
2025-11-03 19:00:00,929.0,975.09717
2025-11-03 20:00:00,586.0,640.5404
2025-11-03 21:00:00,454.0,499.5841
2025-11-03 22:00:00,301.0,367.36023
2025-11-03 23:00:00,171.0,168.7945
2025-11-04 00:00:00,76.0,86.266846
2025-11-04 01:00:00,48.0,58.946533
2025-11-04 02:00:00,48.0,48.989746
2025-11-04 03:00:00,79.0,68.4541
2025-11-04 04:00:00,202.0,232.71472
2025-11-04 05:00:00,1027.0,993.87537
2025-11-04 06:00:00,2704.0,2623.0796
2025-11-04 07:00:00,3061.0,2819.019
2025-11-04 08:00:00,2125.0,2385.6958
2025-11-04 09:00:00,1395.0,1567.9591
2025-11-04 10:00:00,1375.0,1437.6887
2025-11-04 11:00:00,1386.0,1452.8864
2025-11-04 12:00:00,1307.0,1475.7007
2025-11-04 13:00:00,1387.0,1503.2056
2025-11-04 14:00:00,1533.0,1543.6396
2025-11-04 15:00:00,1634.0,1673.8933
2025-11-04 16:00:00,1896.0,1867.051
2025-11-04 17:00:00,2066.0,2099.1116
2025-11-04 18:00:00,1575.0,1620.7302
2025-11-04 19:00:00,994.0,1005.4343
2025-11-04 20:00:00,586.0,651.7745
2025-11-04 21:00:00,522.0,515.6421
2025-11-04 22:00:00,340.0,400.65906
2025-11-04 23:00:00,187.0,182.85956
2025-11-05 00:00:00,75.0,81.77466
2025-11-05 01:00:00,42.0,51.5011
2025-11-05 02:00:00,54.0,46.36133
2025-11-05 03:00:00,70.0,67.416626
2025-11-05 04:00:00,188.0,237.28705
2025-11-05 05:00:00,1038.0,1001.72437
2025-11-05 06:00:00,2594.0,2588.8804
2025-11-05 07:00:00,2941.0,2803.8486
2025-11-05 08:00:00,2034.0,2369.9448
2025-11-05 09:00:00,1500.0,1563.2787
2025-11-05 10:00:00,1410.0,1446.4368
2025-11-05 11:00:00,1464.0,1469.1631
2025-11-05 12:00:00,1478.0,1495.7589
2025-11-05 13:00:00,1502.0,1529.6046
2025-11-05 14:00:00,1544.0,1578.244
2025-11-05 15:00:00,1724.0,1710.9365
2025-11-05 16:00:00,1988.0,1914.1719
2025-11-05 17:00:00,2125.0,2136.0457
2025-11-05 18:00:00,1554.0,1655.8435
2025-11-05 19:00:00,1003.0,1056.0852
2025-11-05 20:00:00,631.0,677.41016
2025-11-05 21:00:00,510.0,541.6199
2025-11-05 22:00:00,435.0,433.97546
2025-11-05 23:00:00,227.0,197.13196
2025-11-06 00:00:00,93.0,82.44092
2025-11-06 01:00:00,47.0,49.89685
2025-11-06 02:00:00,60.0,49.641357
2025-11-06 03:00:00,68.0,70.882935
2025-11-06 04:00:00,199.0,235.92474
2025-11-06 05:00:00,1056.0,957.3642
2025-11-06 06:00:00,2606.0,2552.3047
2025-11-06 07:00:00,2894.0,2777.0095
2025-11-06 08:00:00,2063.0,2213.9956
2025-11-06 09:00:00,1551.0,1546.0455
2025-11-06 10:00:00,1374.0,1454.5723
2025-11-06 11:00:00,1423.0,1492.2
2025-11-06 12:00:00,1364.0,1538.7983
2025-11-06 13:00:00,1530.0,1579.0674
2025-11-06 14:00:00,1542.0,1639.875
2025-11-06 15:00:00,1749.0,1784.8855
2025-11-06 16:00:00,2060.0,2030.0972
2025-11-06 17:00:00,2151.0,2171.4043
2025-11-06 18:00:00,1595.0,1693.5051
2025-11-06 19:00:00,1021.0,1122.0046
2025-11-06 20:00:00,596.0,728.90076
2025-11-06 21:00:00,519.0,577.1851
2025-11-06 22:00:00,435.0,487.0976
2025-11-06 23:00:00,239.0,255.12909
2025-11-07 00:00:00,118.0,115.30347
2025-11-07 01:00:00,59.0,55.133667
2025-11-07 02:00:00,41.0,58.66443
2025-11-07 03:00:00,83.0,79.32556
2025-11-07 04:00:00,186.0,221.27203
2025-11-07 05:00:00,859.0,877.96704
2025-11-07 06:00:00,2221.0,2413.6978
2025-11-07 07:00:00,2466.0,2657.3506
2025-11-07 08:00:00,1776.0,2024.2654
2025-11-07 09:00:00,1490.0,1528.5402
2025-11-07 10:00:00,1519.0,1481.3966
2025-11-07 11:00:00,1516.0,1544.1455
2025-11-07 12:00:00,1502.0,1619.5535
2025-11-07 13:00:00,1590.0,1691.5193
2025-11-07 14:00:00,1818.0,1807.6993
2025-11-07 15:00:00,1923.0,1966.1123
2025-11-07 16:00:00,2109.0,2131.96
2025-11-07 17:00:00,2249.0,2222.2175
2025-11-07 18:00:00,1778.0,1816.9271
2025-11-07 19:00:00,1205.0,1242.3284
2025-11-07 20:00:00,822.0,854.39124
2025-11-07 21:00:00,651.0,641.8326
2025-11-07 22:00:00,723.0,550.71423
2025-11-07 23:00:00,489.0,372.9438
2025-11-08 00:00:00,291.0,213.41937
2025-11-08 01:00:00,146.0,139.96332
2025-11-08 02:00:00,105.0,105.04883
2025-11-08 03:00:00,104.0,104.429565
2025-11-08 04:00:00,137.0,132.81885
2025-11-08 05:00:00,243.0,249.5357
2025-11-08 06:00:00,556.0,504.49634
2025-11-08 07:00:00,977.0,804.4287
2025-11-08 08:00:00,1357.0,1140.1875
2025-11-08 09:00:00,1532.0,1455.6849
2025-11-08 10:00:00,1620.0,1694.7786
2025-11-08 11:00:00,1749.0,1859.6198
2025-11-08 12:00:00,1721.0,1926.114
2025-11-08 13:00:00,1805.0,1962.6882
2025-11-08 14:00:00,1881.0,2008.2236
2025-11-08 15:00:00,2221.0,2085.4355
2025-11-08 16:00:00,2397.0,2183.7524
2025-11-08 17:00:00,2475.0,2190.6182
2025-11-08 18:00:00,1822.0,1728.7766
2025-11-08 19:00:00,1114.0,1082.8724
2025-11-08 20:00:00,852.0,836.20276
2025-11-08 21:00:00,738.0,755.72656
2025-11-08 22:00:00,748.0,699.67334
2025-11-08 23:00:00,639.0,466.77716
2025-11-09 00:00:00,412.0,230.72076
2025-11-09 01:00:00,252.0,190.1643
2025-11-09 02:00:00,137.0,158.74493
2025-11-09 03:00:00,112.0,140.05011
2025-11-09 04:00:00,94.0,136.77075
2025-11-09 05:00:00,119.0,167.59204
2025-11-09 06:00:00,190.0,222.35645
2025-11-09 07:00:00,283.0,282.2337
2025-11-09 08:00:00,592.0,528.4772
2025-11-09 09:00:00,1072.0,960.45276
2025-11-09 10:00:00,1386.0,1268.8508
2025-11-09 11:00:00,1588.0,1549.0352
2025-11-09 12:00:00,1710.0,1741.7224
2025-11-09 13:00:00,1936.0,1921.9578
2025-11-09 14:00:00,2068.0,2139.8115
2025-11-09 15:00:00,1991.0,2383.6938
2025-11-09 16:00:00,2628.0,2569.1567
2025-11-09 17:00:00,2299.0,2570.289
2025-11-09 18:00:00,1756.0,2291.4453
2025-11-09 19:00:00,1364.0,1833.9872
2025-11-09 20:00:00,1110.0,1433.0465
2025-11-09 21:00:00,718.0,950.09033
2025-11-09 22:00:00,417.0,484.62848
2025-11-09 23:00:00,195.0,276.48865
2025-11-10 00:00:00,99.0,78.67029
2025-11-10 01:00:00,51.0,55.532837
2025-11-10 02:00:00,52.0,50.954468
2025-11-10 03:00:00,86.0,72.6615
2025-11-10 04:00:00,229.0,236.17596
2025-11-10 05:00:00,1051.0,1024.478
2025-11-10 06:00:00,2684.0,2640.6675
2025-11-10 07:00:00,2823.0,2823.7866
2025-11-10 08:00:00,2111.0,2398.8877
2025-11-10 09:00:00,1384.0,1571.4326
2025-11-10 10:00:00,1277.0,1422.0559
2025-11-10 11:00:00,1288.0,1441.1373
2025-11-10 12:00:00,1336.0,1455.5123
2025-11-10 13:00:00,1441.0,1479.3209
2025-11-10 14:00:00,1464.0,1511.6125
2025-11-10 15:00:00,1649.0,1615.4026
2025-11-10 16:00:00,1871.0,1831.4863
2025-11-10 17:00:00,2015.0,2058.0588
2025-11-10 18:00:00,1499.0,1549.3015
2025-11-10 19:00:00,915.0,947.2916
2025-11-10 20:00:00,616.0,628.84094
2025-11-10 21:00:00,479.0,487.4939
2025-11-10 22:00:00,300.0,334.12067
2025-11-10 23:00:00,169.0,142.3938
2025-11-11 00:00:00,89.0,73.73657
2025-11-11 01:00:00,55.0,51.63672
2025-11-11 02:00:00,50.0,45.27771
2025-11-11 03:00:00,67.0,64.31677
2025-11-11 04:00:00,210.0,195.14783
2025-11-11 05:00:00,1043.0,959.11865
2025-11-11 06:00:00,2351.0,2624.4087
2025-11-11 07:00:00,2039.0,2823.2983
2025-11-11 08:00:00,2196.0,2370.9097
2025-11-11 09:00:00,1532.0,1531.3492
2025-11-11 10:00:00,1356.0,1436.1073
2025-11-11 11:00:00,1369.0,1450.4834
2025-11-11 12:00:00,1377.0,1472.402
2025-11-11 13:00:00,1488.0,1497.0454
2025-11-11 14:00:00,1395.0,1528.7585
2025-11-11 15:00:00,1715.0,1650.3696
2025-11-11 16:00:00,1964.0,1848.4395
2025-11-11 17:00:00,2000.0,2089.823
2025-11-11 18:00:00,1704.0,1596.8495
2025-11-11 19:00:00,939.0,978.4342
2025-11-11 20:00:00,617.0,640.1946
2025-11-11 21:00:00,434.0,504.78778
2025-11-11 22:00:00,380.0,369.92615
2025-11-11 23:00:00,209.0,151.55695
2025-11-12 00:00:00,88.0,71.045044
2025-11-12 01:00:00,46.0,46.295532
2025-11-12 02:00:00,56.0,43.578003
2025-11-12 03:00:00,69.0,63.803345
2025-11-12 04:00:00,210.0,196.90479
2025-11-12 05:00:00,1028.0,960.9253
2025-11-12 06:00:00,2609.0,2557.0137
2025-11-12 07:00:00,2880.0,2800.0618
2025-11-12 08:00:00,2041.0,2306.087
2025-11-12 09:00:00,1527.0,1528.3745
2025-11-12 10:00:00,1396.0,1440.1855
2025-11-12 11:00:00,1466.0,1460.2273
2025-11-12 12:00:00,1499.0,1484.1992
2025-11-12 13:00:00,1579.0,1515.5728
2025-11-12 14:00:00,1629.0,1560.799
2025-11-12 15:00:00,1723.0,1667.7421
2025-11-12 16:00:00,2041.0,1879.3042
2025-11-12 17:00:00,2118.0,2119.4639
2025-11-12 18:00:00,1582.0,1637.9735
2025-11-12 19:00:00,965.0,1045.2053
2025-11-12 20:00:00,601.0,663.6125
2025-11-12 21:00:00,585.0,525.99274
2025-11-12 22:00:00,447.0,407.79797
2025-11-12 23:00:00,237.0,167.36102
2025-11-13 00:00:00,112.0,75.276855
2025-11-13 01:00:00,61.0,48.191284
2025-11-13 02:00:00,52.0,49.94348
2025-11-13 03:00:00,62.0,72.334595
2025-11-13 04:00:00,203.0,224.64807
2025-11-13 05:00:00,1014.0,917.74646
2025-11-13 06:00:00,2611.0,2510.1882
2025-11-13 07:00:00,3057.0,2761.0186
2025-11-13 08:00:00,2111.0,2320.9893
2025-11-13 09:00:00,1624.0,1571.5825
2025-11-13 10:00:00,1411.0,1449.2014
2025-11-13 11:00:00,1417.0,1474.7848
2025-11-13 12:00:00,1437.0,1508.509
2025-11-13 13:00:00,1507.0,1555.2578
2025-11-13 14:00:00,1547.0,1629.3914
2025-11-13 15:00:00,1810.0,1798.8372
2025-11-13 16:00:00,1988.0,2002.9292
2025-11-13 17:00:00,2247.0,2166.9524
2025-11-13 18:00:00,1701.0,1676.8596
2025-11-13 19:00:00,1069.0,1123.5056
2025-11-13 20:00:00,610.0,726.57764
2025-11-13 21:00:00,508.0,569.50116
2025-11-13 22:00:00,465.0,466.3197
2025-11-13 23:00:00,237.0,226.06024
2025-11-14 00:00:00,113.0,115.69409
2025-11-14 01:00:00,59.0,56.355957
2025-11-14 02:00:00,73.0,58.760864
2025-11-14 03:00:00,77.0,79.797
2025-11-14 04:00:00,197.0,235.03735
2025-11-14 05:00:00,853.0,837.7689
2025-11-14 06:00:00,2218.0,2340.1965
2025-11-14 07:00:00,2485.0,2667.4473
2025-11-14 08:00:00,1905.0,2177.1519
2025-11-14 09:00:00,1444.0,1553.3628
2025-11-14 10:00:00,1517.0,1480.8234
2025-11-14 11:00:00,1587.0,1518.4965
2025-11-14 12:00:00,1561.0,1597.2039
2025-11-14 13:00:00,1695.0,1676.1062
2025-11-14 14:00:00,1736.0,1795.5203
2025-11-14 15:00:00,2022.0,1952.7761
2025-11-14 16:00:00,2337.0,2123.5452
2025-11-14 17:00:00,2310.0,2200.0327
2025-11-14 18:00:00,1810.0,1782.6829
2025-11-14 19:00:00,1125.0,1236.0082
2025-11-14 20:00:00,816.0,875.80066
2025-11-14 21:00:00,652.0,642.7053
2025-11-14 22:00:00,602.0,548.8708
2025-11-14 23:00:00,463.0,384.64343
2025-11-15 00:00:00,315.0,220.05243
2025-11-15 01:00:00,146.0,131.94104
2025-11-15 02:00:00,117.0,98.875244
2025-11-15 03:00:00,90.0,104.705444
2025-11-15 04:00:00,106.0,140.58954
2025-11-15 05:00:00,234.0,265.93817
2025-11-15 06:00:00,530.0,518.31396
2025-11-15 07:00:00,953.0,804.45764
2025-11-15 08:00:00,1360.0,1166.1953
2025-11-15 09:00:00,1672.0,1496.2833
2025-11-15 10:00:00,1704.0,1715.8494
2025-11-15 11:00:00,1818.0,1847.6261
2025-11-15 12:00:00,1792.0,1899.2501
2025-11-15 13:00:00,1876.0,1942.1642
2025-11-15 14:00:00,1900.0,1993.0063
2025-11-15 15:00:00,1894.0,2063.5437
2025-11-15 16:00:00,2162.0,2177.3005
2025-11-15 17:00:00,2298.0,2229.4575
2025-11-15 18:00:00,1599.0,1878.7903
2025-11-15 19:00:00,964.0,1225.744
2025-11-15 20:00:00,783.0,889.5354
2025-11-15 21:00:00,760.0,772.7567
2025-11-15 22:00:00,778.0,700.528
2025-11-15 23:00:00,800.0,510.12653
2025-11-16 00:00:00,393.0,225.04553
2025-11-16 01:00:00,216.0,184.22833
2025-11-16 02:00:00,127.0,156.50336
2025-11-16 03:00:00,91.0,140.92407
2025-11-16 04:00:00,82.0,135.82355
2025-11-16 05:00:00,119.0,160.90436
2025-11-16 06:00:00,176.0,219.56097
2025-11-16 07:00:00,276.0,275.60828
2025-11-16 08:00:00,564.0,482.9051
2025-11-16 09:00:00,996.0,908.7846
2025-11-16 10:00:00,1331.0,1204.9385
2025-11-16 11:00:00,1508.0,1494.4989
2025-11-16 12:00:00,1756.0,1709.5728
2025-11-16 13:00:00,1920.0,1905.4098
2025-11-16 14:00:00,2016.0,2119.909
2025-11-16 15:00:00,2193.0,2392.2856
2025-11-16 16:00:00,2325.0,2588.5254
2025-11-16 17:00:00,2178.0,2596.1826
2025-11-16 18:00:00,1687.0,2378.628
2025-11-16 19:00:00,1279.0,1941.2063
2025-11-16 20:00:00,1156.0,1606.1537
2025-11-16 21:00:00,759.0,1087.8782
2025-11-16 22:00:00,412.0,511.13446
2025-11-16 23:00:00,222.0,264.60046
2025-11-17 00:00:00,81.0,84.81555
2025-11-17 01:00:00,61.0,60.052734
2025-11-17 02:00:00,41.0,54.778687
2025-11-17 03:00:00,72.0,76.99939
2025-11-17 04:00:00,216.0,255.91962
2025-11-17 05:00:00,1092.0,1014.5637
2025-11-17 06:00:00,2638.0,2643.603
2025-11-17 07:00:00,2726.0,2812.918
2025-11-17 08:00:00,2150.0,2312.0898
2025-11-17 09:00:00,1492.0,1550.7
2025-11-17 10:00:00,1357.0,1426.1616
2025-11-17 11:00:00,1393.0,1440.1619
2025-11-17 12:00:00,1340.0,1468.44
2025-11-17 13:00:00,1391.0,1492.3168
2025-11-17 14:00:00,1406.0,1510.0981
2025-11-17 15:00:00,1526.0,1606.0723
2025-11-17 16:00:00,1660.0,1825.1311
2025-11-17 17:00:00,1907.0,2058.3323
2025-11-17 18:00:00,1468.0,1536.834
2025-11-17 19:00:00,824.0,940.9956
2025-11-17 20:00:00,553.0,627.2088
2025-11-17 21:00:00,369.0,486.59344
2025-11-17 22:00:00,310.0,330.19592
2025-11-17 23:00:00,152.0,139.19531
2025-11-18 00:00:00,69.0,70.696655
2025-11-18 01:00:00,46.0,46.976074
2025-11-18 02:00:00,64.0,41.895996
2025-11-18 03:00:00,57.0,62.11328
2025-11-18 04:00:00,208.0,175.57275
2025-11-18 05:00:00,1011.0,969.927
2025-11-18 06:00:00,2651.0,2624.0518
2025-11-18 07:00:00,2962.0,2825.9858
2025-11-18 08:00:00,2198.0,2369.44
2025-11-18 09:00:00,1505.0,1550.5372
2025-11-18 10:00:00,1377.0,1427.3047
2025-11-18 11:00:00,1307.0,1443.3903
2025-11-18 12:00:00,1408.0,1464.5583
2025-11-18 13:00:00,1452.0,1490.6499
2025-11-18 14:00:00,1426.0,1521.6462
2025-11-18 15:00:00,1585.0,1614.5848
2025-11-18 16:00:00,1876.0,1830.4568
2025-11-18 17:00:00,2032.0,2074.166
2025-11-18 18:00:00,1565.0,1564.1979
2025-11-18 19:00:00,921.0,932.1235
2025-11-18 20:00:00,583.0,617.96814
2025-11-18 21:00:00,498.0,496.44733
2025-11-18 22:00:00,357.0,348.73492
2025-11-18 23:00:00,211.0,136.03217
2025-11-19 00:00:00,92.0,64.35242
2025-11-19 01:00:00,41.0,40.11963
2025-11-19 02:00:00,40.0,38.01001
2025-11-19 03:00:00,65.0,59.411377
2025-11-19 04:00:00,184.0,177.65973
2025-11-19 05:00:00,983.0,964.3542
2025-11-19 06:00:00,2538.0,2556.4321
2025-11-19 07:00:00,2883.0,2802.185
2025-11-19 08:00:00,2119.0,2303.431
2025-11-19 09:00:00,1508.0,1526.2087
2025-11-19 10:00:00,1395.0,1436.5781
2025-11-19 11:00:00,1502.0,1456.4198
2025-11-19 12:00:00,1486.0,1481.3484
2025-11-19 13:00:00,1543.0,1520.3274
2025-11-19 14:00:00,1595.0,1557.0922
2025-11-19 15:00:00,1655.0,1652.9036
2025-11-19 16:00:00,1908.0,1873.0178
2025-11-19 17:00:00,2133.0,2113.5193
2025-11-19 18:00:00,1530.0,1630.3224
2025-11-19 19:00:00,972.0,1024.9104
2025-11-19 20:00:00,612.0,647.48517
2025-11-19 21:00:00,535.0,519.7306
2025-11-19 22:00:00,451.0,388.20764
2025-11-19 23:00:00,205.0,153.27094
2025-11-20 00:00:00,84.0,69.67639
2025-11-20 01:00:00,51.0,39.533936
2025-11-20 02:00:00,50.0,47.040283
2025-11-20 03:00:00,77.0,68.75366
2025-11-20 04:00:00,204.0,209.24658
2025-11-20 05:00:00,1014.0,927.0714
2025-11-20 06:00:00,2469.0,2544.546
2025-11-20 07:00:00,2776.0,2761.7825
2025-11-20 08:00:00,2062.0,2302.4487
2025-11-20 09:00:00,1459.0,1561.2839
2025-11-20 10:00:00,1330.0,1446.3208
2025-11-20 11:00:00,1302.0,1474.9246
2025-11-20 12:00:00,1274.0,1513.6987
2025-11-20 13:00:00,1475.0,1560.3274
2025-11-20 14:00:00,1487.0,1581.2627
2025-11-20 15:00:00,1462.0,1743.8575
2025-11-20 16:00:00,1888.0,1990.2891
2025-11-20 17:00:00,2005.0,2108.522
2025-11-20 18:00:00,1434.0,1692.2659
2025-11-20 19:00:00,888.0,1084.0927
2025-11-20 20:00:00,556.0,690.16986
2025-11-20 21:00:00,518.0,563.59735
2025-11-20 22:00:00,425.0,457.62305
2025-11-20 23:00:00,252.0,180.8089
2025-11-21 00:00:00,126.0,88.37634
2025-11-21 01:00:00,61.0,49.996094
2025-11-21 02:00:00,53.0,43.010986
2025-11-21 03:00:00,78.0,74.00867
2025-11-21 04:00:00,227.0,196.229
2025-11-21 05:00:00,824.0,819.0172
2025-11-21 06:00:00,2001.0,2323.0833
2025-11-21 07:00:00,2236.0,2641.2007
2025-11-21 08:00:00,1751.0,2125.3198
2025-11-21 09:00:00,1408.0,1540.8319
2025-11-21 10:00:00,1394.0,1464.771
2025-11-21 11:00:00,1513.0,1517.7539
2025-11-21 12:00:00,1412.0,1593.5969
2025-11-21 13:00:00,1570.0,1660.725
2025-11-21 14:00:00,1760.0,1773.399
2025-11-21 15:00:00,1850.0,1927.8555
2025-11-21 16:00:00,1913.0,2115.0664
2025-11-21 17:00:00,1943.0,2176.4043
2025-11-21 18:00:00,1584.0,1752.1329
2025-11-21 19:00:00,1121.0,1201.7887
2025-11-21 20:00:00,736.0,808.4696
2025-11-21 21:00:00,620.0,630.29565
2025-11-21 22:00:00,660.0,531.5475
2025-11-21 23:00:00,524.0,288.61823
2025-11-22 00:00:00,298.0,185.14886
2025-11-22 01:00:00,159.0,117.4093
2025-11-22 02:00:00,124.0,92.00745
2025-11-22 03:00:00,88.0,98.047
2025-11-22 04:00:00,127.0,130.7857
2025-11-22 05:00:00,233.0,246.3388
2025-11-22 06:00:00,456.0,495.69904
2025-11-22 07:00:00,821.0,788.69763
2025-11-22 08:00:00,1098.0,1107.7362
2025-11-22 09:00:00,1463.0,1404.4508
2025-11-22 10:00:00,1639.0,1630.5901
2025-11-22 11:00:00,1651.0,1836.2513
2025-11-22 12:00:00,1774.0,1901.9144
2025-11-22 13:00:00,1833.0,1942.5149
2025-11-22 14:00:00,1828.0,1964.0773
2025-11-22 15:00:00,1874.0,2017.1895
2025-11-22 16:00:00,1982.0,2116.643
2025-11-22 17:00:00,2049.0,2077.729
2025-11-22 18:00:00,1505.0,1575.5526
2025-11-22 19:00:00,940.0,970.2777
2025-11-22 20:00:00,702.0,786.038
2025-11-22 21:00:00,693.0,731.5765
2025-11-22 22:00:00,751.0,696.35004
2025-11-22 23:00:00,627.0,435.5569
2025-11-23 00:00:00,455.0,209.8017
2025-11-23 01:00:00,276.0,168.05682
2025-11-23 02:00:00,124.0,138.65686
2025-11-23 03:00:00,116.0,128.20721
2025-11-23 04:00:00,90.0,130.70874
2025-11-23 05:00:00,119.0,154.01886
2025-11-23 06:00:00,154.0,222.22546
2025-11-23 07:00:00,285.0,283.05005
2025-11-23 08:00:00,496.0,499.70892
2025-11-23 09:00:00,1008.0,862.3511
2025-11-23 10:00:00,1140.0,1197.3778
2025-11-23 11:00:00,1371.0,1427.1458
2025-11-23 12:00:00,1584.0,1639.2585
2025-11-23 13:00:00,1814.0,1840.0564
2025-11-23 14:00:00,2053.0,2064.3042
2025-11-23 15:00:00,2160.0,2317.1445
2025-11-23 16:00:00,2444.0,2537.2554
2025-11-23 17:00:00,2274.0,2525.7473
2025-11-23 18:00:00,1652.0,2214.06
2025-11-23 19:00:00,1238.0,1741.3732
2025-11-23 20:00:00,1102.0,1348.1324
2025-11-23 21:00:00,710.0,904.0953
2025-11-23 22:00:00,350.0,414.33112
2025-11-23 23:00:00,205.0,256.23724
2025-11-24 00:00:00,96.0,62.444702
2025-11-24 01:00:00,46.0,42.540405
2025-11-24 02:00:00,40.0,38.671875
2025-11-24 03:00:00,71.0,62.724487
2025-11-24 04:00:00,214.0,248.45172
2025-11-24 05:00:00,1061.0,1061.9476
2025-11-24 06:00:00,2549.0,2601.7407
2025-11-24 07:00:00,2817.0,2820.5217
2025-11-24 08:00:00,2095.0,2318.0046
2025-11-24 09:00:00,1509.0,1550.3649
2025-11-24 10:00:00,1377.0,1420.2976
2025-11-24 11:00:00,1391.0,1435.526
2025-11-24 12:00:00,1286.0,1450.6168
2025-11-24 13:00:00,1456.0,1478.7594
2025-11-24 14:00:00,1362.0,1516.1589
2025-11-24 15:00:00,1594.0,1597.7424
2025-11-24 16:00:00,1720.0,1808.6282
2025-11-24 17:00:00,1906.0,2013.4265
2025-11-24 18:00:00,1460.0,1554.6265
2025-11-24 19:00:00,901.0,1009.09106
2025-11-24 20:00:00,607.0,609.8367
2025-11-24 21:00:00,466.0,482.34247
2025-11-24 22:00:00,314.0,328.74158
2025-11-24 23:00:00,158.0,142.4848
2025-11-25 00:00:00,77.0,66.83789
2025-11-25 01:00:00,48.0,45.090332
2025-11-25 02:00:00,55.0,44.35034
2025-11-25 03:00:00,57.0,63.817993
2025-11-25 04:00:00,195.0,195.51703
2025-11-25 05:00:00,1008.0,971.1111
2025-11-25 06:00:00,2635.0,2621.416
2025-11-25 07:00:00,2942.0,2821.5571
2025-11-25 08:00:00,2164.0,2361.9346
2025-11-25 09:00:00,1502.0,1538.8015
2025-11-25 10:00:00,1361.0,1430.2244
2025-11-25 11:00:00,1351.0,1448.7627
2025-11-25 12:00:00,1325.0,1462.4539
2025-11-25 13:00:00,1432.0,1490.8123
2025-11-25 14:00:00,1542.0,1523.502
2025-11-25 15:00:00,1627.0,1591.4764
2025-11-25 16:00:00,1801.0,1795.4055
2025-11-25 17:00:00,1966.0,2037.1316
2025-11-25 18:00:00,1560.0,1590.2738
2025-11-25 19:00:00,930.0,940.86414
2025-11-25 20:00:00,599.0,616.7205
2025-11-25 21:00:00,501.0,502.18823
2025-11-25 22:00:00,462.0,304.53546
2025-11-25 23:00:00,261.0,111.141235
2025-11-26 00:00:00,92.0,57.84204
2025-11-26 01:00:00,74.0,42.137085
2025-11-26 02:00:00,56.0,43.588135
2025-11-26 03:00:00,81.0,62.098877
2025-11-26 04:00:00,182.0,231.31696
2025-11-26 05:00:00,927.0,1013.42346
2025-11-26 06:00:00,2513.0,2561.5889
2025-11-26 07:00:00,3051.0,2798.9043
2025-11-26 08:00:00,2170.0,2308.7817
2025-11-26 09:00:00,1478.0,1526.4028
2025-11-26 10:00:00,1343.0,1437.3672
2025-11-26 11:00:00,1290.0,1454.448
2025-11-26 12:00:00,1496.0,1493.3767
2025-11-26 13:00:00,1435.0,1523.6803
2025-11-26 14:00:00,1514.0,1538.0907
2025-11-26 15:00:00,1609.0,1652.0771
2025-11-26 16:00:00,1863.0,1871.4265
2025-11-26 17:00:00,1999.0,2115.65
2025-11-26 18:00:00,1608.0,1633.2837
2025-11-26 19:00:00,1040.0,1033.3302
2025-11-26 20:00:00,622.0,652.76227
2025-11-26 21:00:00,525.0,507.9798
2025-11-26 22:00:00,397.0,357.46332
2025-11-26 23:00:00,227.0,158.10571
2025-11-27 00:00:00,101.0,71.26074
2025-11-27 01:00:00,71.0,44.46216
2025-11-27 02:00:00,59.0,47.045288
2025-11-27 03:00:00,75.0,68.68408
2025-11-27 04:00:00,194.0,209.3299
2025-11-27 05:00:00,999.0,933.0344
2025-11-27 06:00:00,2449.0,2513.1865
2025-11-27 07:00:00,2921.0,2756.6238
2025-11-27 08:00:00,2030.0,2288.3625
2025-11-27 09:00:00,1654.0,1553.9109
2025-11-27 10:00:00,1341.0,1441.1869
2025-11-27 11:00:00,1433.0,1473.7495
2025-11-27 12:00:00,1338.0,1512.402
2025-11-27 13:00:00,1609.0,1559.5305
2025-11-27 14:00:00,1594.0,1619.1506
2025-11-27 15:00:00,1795.0,1773.4323
2025-11-27 16:00:00,1981.0,1992.1416
2025-11-27 17:00:00,2136.0,2162.661
2025-11-27 18:00:00,1606.0,1676.8242
2025-11-27 19:00:00,1032.0,1090.5568
2025-11-27 20:00:00,676.0,691.7418
2025-11-27 21:00:00,554.0,566.4244
2025-11-27 22:00:00,485.0,457.92706
2025-11-27 23:00:00,259.0,179.73938
2025-11-28 00:00:00,125.0,86.19702
2025-11-28 01:00:00,92.0,49.17932
2025-11-28 02:00:00,78.0,54.083374
2025-11-28 03:00:00,83.0,74.49927
2025-11-28 04:00:00,183.0,195.1175
2025-11-28 05:00:00,819.0,818.55237
2025-11-28 06:00:00,2147.0,2304.3503
2025-11-28 07:00:00,2373.0,2622.1553
2025-11-28 08:00:00,1849.0,2119.0278
2025-11-28 09:00:00,1523.0,1541.4084
2025-11-28 10:00:00,1544.0,1477.192
2025-11-28 11:00:00,1573.0,1519.6848
2025-11-28 12:00:00,1667.0,1583.7703
2025-11-28 13:00:00,1749.0,1658.0215
2025-11-28 14:00:00,1923.0,1786.0752
2025-11-28 15:00:00,2066.0,1966.1511
2025-11-28 16:00:00,2276.0,2118.3904
2025-11-28 17:00:00,2252.0,2188.5244
2025-11-28 18:00:00,1644.0,1764.3955
2025-11-28 19:00:00,1234.0,1225.8662
2025-11-28 20:00:00,868.0,833.9052
2025-11-28 21:00:00,691.0,633.68854
2025-11-28 22:00:00,708.0,543.709
2025-11-28 23:00:00,657.0,325.7298
2025-11-29 00:00:00,399.0,194.83221
2025-11-29 01:00:00,185.0,121.38147
2025-11-29 02:00:00,146.0,94.08508
2025-11-29 03:00:00,119.0,101.99304
2025-11-29 04:00:00,130.0,136.08453
2025-11-29 05:00:00,209.0,251.77014
2025-11-29 06:00:00,510.0,511.76764
2025-11-29 07:00:00,847.0,796.7445
2025-11-29 08:00:00,1304.0,1122.3871
2025-11-29 09:00:00,1516.0,1434.117
2025-11-29 10:00:00,1658.0,1671.5664
2025-11-29 11:00:00,1754.0,1863.1453
2025-11-29 12:00:00,1817.0,1906.928
2025-11-29 13:00:00,1875.0,1937.859
2025-11-29 14:00:00,1982.0,1970.8853
2025-11-29 15:00:00,1965.0,2036.196
2025-11-29 16:00:00,2219.0,2141.2598
2025-11-29 17:00:00,2183.0,2160.759
2025-11-29 18:00:00,1683.0,1717.0292
2025-11-29 19:00:00,1060.0,1081.3998
2025-11-29 20:00:00,797.0,823.54456
2025-11-29 21:00:00,716.0,747.0395
2025-11-29 22:00:00,797.0,699.63153
2025-11-29 23:00:00,663.0,480.48145
2025-11-30 00:00:00,382.0,221.85529
2025-11-30 01:00:00,210.0,179.33728
2025-11-30 02:00:00,131.0,151.25519
2025-11-30 03:00:00,86.0,137.28894
2025-11-30 04:00:00,75.0,134.40973
2025-11-30 05:00:00,112.0,155.89941
2025-11-30 06:00:00,182.0,219.09729
2025-11-30 07:00:00,290.0,268.76196
2025-11-30 08:00:00,520.0,467.27588
2025-11-30 09:00:00,1019.0,888.68066
2025-11-30 10:00:00,1385.0,1185.0453
2025-11-30 11:00:00,1619.0,1488.49
2025-11-30 12:00:00,1814.0,1710.3218
2025-11-30 13:00:00,2190.0,1908.3297
2025-11-30 14:00:00,2270.0,2121.1267
2025-11-30 15:00:00,2509.0,2381.2205
2025-11-30 16:00:00,2452.0,2586.1523
2025-11-30 17:00:00,2301.0,2599.3545
2025-11-30 18:00:00,1809.0,2246.5244
2025-11-30 19:00:00,1439.0,1839.644
2025-11-30 20:00:00,1183.0,1435.2238
2025-11-30 21:00:00,742.0,960.4994
2025-11-30 22:00:00,476.0,452.27423
2025-11-30 23:00:00,205.0,261.4325
2025-12-01 00:00:00,97.0,77.45361
2025-12-01 01:00:00,41.0,47.877808
2025-12-01 02:00:00,46.0,48.70923
2025-12-01 03:00:00,72.0,71.59497
2025-12-01 04:00:00,227.0,205.55292
2025-12-01 05:00:00,1067.0,982.89935
2025-12-01 06:00:00,2464.0,2616.7031
2025-12-01 07:00:00,2429.0,2819.126
2025-12-01 08:00:00,2369.0,2357.022
2025-12-01 09:00:00,1511.0,1548.7628
2025-12-01 10:00:00,1369.0,1423.903
2025-12-01 11:00:00,1400.0,1439.6555
2025-12-01 12:00:00,1344.0,1457.3177
2025-12-01 13:00:00,1463.0,1481.2885
2025-12-01 14:00:00,1459.0,1515.0793
2025-12-01 15:00:00,1713.0,1621.2827
2025-12-01 16:00:00,1847.0,1836.0217
2025-12-01 17:00:00,2041.0,2061.3413
2025-12-01 18:00:00,1496.0,1557.8442
2025-12-01 19:00:00,894.0,942.451
2025-12-01 20:00:00,579.0,625.72156
2025-12-01 21:00:00,484.0,482.4201
2025-12-01 22:00:00,336.0,321.99548
2025-12-01 23:00:00,202.0,136.10297
2025-12-02 00:00:00,121.0,71.480225
2025-12-02 01:00:00,63.0,47.13916
2025-12-02 02:00:00,60.0,42.575684
2025-12-02 03:00:00,65.0,63.851562
2025-12-02 04:00:00,216.0,176.33148
2025-12-02 05:00:00,1036.0,924.8185
2025-12-02 06:00:00,2623.0,2606.0503
2025-12-02 07:00:00,2844.0,2818.992
2025-12-02 08:00:00,2240.0,2288.4097
2025-12-02 09:00:00,1507.0,1502.932
2025-12-02 10:00:00,1451.0,1434.488
2025-12-02 11:00:00,1446.0,1446.4237
2025-12-02 12:00:00,1324.0,1467.1222
2025-12-02 13:00:00,1385.0,1495.186
2025-12-02 14:00:00,1557.0,1526.4702
2025-12-02 15:00:00,1680.0,1632.6819
2025-12-02 16:00:00,1922.0,1831.2687
2025-12-02 17:00:00,1978.0,2079.2227
2025-12-02 18:00:00,1529.0,1581.2776
2025-12-02 19:00:00,956.0,943.4941
2025-12-02 20:00:00,620.0,626.9325
2025-12-02 21:00:00,478.0,499.3509
2025-12-02 22:00:00,376.0,356.9773
2025-12-02 23:00:00,194.0,145.76996
2025-12-03 00:00:00,95.0,69.215454
2025-12-03 01:00:00,46.0,44.15857
2025-12-03 02:00:00,42.0,41.26172
2025-12-03 03:00:00,70.0,62.7218
2025-12-03 04:00:00,186.0,186.81793
2025-12-03 05:00:00,978.0,924.3873
2025-12-03 06:00:00,2532.0,2540.7104
2025-12-03 07:00:00,2891.0,2798.7832
2025-12-03 08:00:00,2060.0,2292.1038
2025-12-03 09:00:00,1479.0,1523.8563
2025-12-03 10:00:00,1436.0,1439.3665
2025-12-03 11:00:00,1532.0,1465.5884
2025-12-03 12:00:00,1528.0,1493.1055
2025-12-03 13:00:00,1623.0,1524.8762
2025-12-03 14:00:00,1608.0,1559.3008
2025-12-03 15:00:00,1752.0,1650.5458
2025-12-03 16:00:00,1888.0,1865.844
2025-12-03 17:00:00,2146.0,2118.673
2025-12-03 18:00:00,1564.0,1627.3597
2025-12-03 19:00:00,988.0,1021.25665
2025-12-03 20:00:00,605.0,650.1974
2025-12-03 21:00:00,530.0,520.76807
2025-12-03 22:00:00,435.0,398.83905
2025-12-03 23:00:00,313.0,159.33917
2025-12-04 00:00:00,134.0,70.33423
2025-12-04 01:00:00,59.0,42.73987
2025-12-04 02:00:00,53.0,46.66223
2025-12-04 03:00:00,66.0,68.48718
2025-12-04 04:00:00,211.0,201.95929
2025-12-04 05:00:00,1004.0,902.08344
2025-12-04 06:00:00,2536.0,2490.8264
2025-12-04 07:00:00,2817.0,2756.273
2025-12-04 08:00:00,2111.0,2267.7314
2025-12-04 09:00:00,1609.0,1539.772
2025-12-04 10:00:00,1516.0,1448.2489
2025-12-04 11:00:00,1477.0,1480.1964
2025-12-04 12:00:00,1496.0,1517.8213
2025-12-04 13:00:00,1534.0,1563.0383
2025-12-04 14:00:00,1590.0,1609.587
2025-12-04 15:00:00,1685.0,1746.1035
2025-12-04 16:00:00,1931.0,1982.981
2025-12-04 17:00:00,2139.0,2166.2437
2025-12-04 18:00:00,1539.0,1674.0903
2025-12-04 19:00:00,973.0,1092.6477
2025-12-04 20:00:00,694.0,702.1235
2025-12-04 21:00:00,578.0,566.4674
2025-12-04 22:00:00,481.0,464.8714
2025-12-04 23:00:00,312.0,197.46649
2025-12-05 00:00:00,121.0,98.57959
2025-12-05 01:00:00,66.0,52.90271
2025-12-05 02:00:00,84.0,56.762573
2025-12-05 03:00:00,77.0,78.83472
2025-12-05 04:00:00,192.0,231.08514
2025-12-05 05:00:00,853.0,888.07947
2025-12-05 06:00:00,2067.0,2378.7354
2025-12-05 07:00:00,2376.0,2626.0928
2025-12-05 08:00:00,1818.0,2004.6907
2025-12-05 09:00:00,1430.0,1520.567
2025-12-05 10:00:00,1514.0,1475.6243
2025-12-05 11:00:00,1638.0,1529.3374
2025-12-05 12:00:00,1522.0,1602.514
2025-12-05 13:00:00,1650.0,1670.9877
2025-12-05 14:00:00,1819.0,1782.9409
2025-12-05 15:00:00,1972.0,1938.4382
2025-12-05 16:00:00,2223.0,2117.899
2025-12-05 17:00:00,2118.0,2201.3904
2025-12-05 18:00:00,1633.0,1772.8196
2025-12-05 19:00:00,1098.0,1224.7185
2025-12-05 20:00:00,792.0,842.1273
2025-12-05 21:00:00,711.0,632.9823
2025-12-05 22:00:00,704.0,540.54443
2025-12-05 23:00:00,641.0,319.3156
2025-12-06 00:00:00,420.0,200.27698
2025-12-06 01:00:00,235.0,127.7146
2025-12-06 02:00:00,143.0,98.50366
2025-12-06 03:00:00,117.0,102.84387
2025-12-06 04:00:00,136.0,135.45673
2025-12-06 05:00:00,237.0,244.34271
2025-12-06 06:00:00,507.0,479.9685
2025-12-06 07:00:00,842.0,775.02673
2025-12-06 08:00:00,1166.0,1109.3389
2025-12-06 09:00:00,1529.0,1437.0106
2025-12-06 10:00:00,1650.0,1667.6837
2025-12-06 11:00:00,1721.0,1850.1027
2025-12-06 12:00:00,1891.0,1931.5942
2025-12-06 13:00:00,2101.0,1959.9158
2025-12-06 14:00:00,2094.0,1989.731
2025-12-06 15:00:00,2124.0,2057.3818
2025-12-06 16:00:00,2149.0,2163.4302
2025-12-06 17:00:00,1904.0,2190.585
2025-12-06 18:00:00,1609.0,1758.0671
2025-12-06 19:00:00,1130.0,1129.3248
2025-12-06 20:00:00,886.0,867.81445
2025-12-06 21:00:00,815.0,762.43414
2025-12-06 22:00:00,717.0,703.8076
2025-12-06 23:00:00,649.0,487.09827
2025-12-07 00:00:00,425.0,237.56042
2025-12-07 01:00:00,252.0,195.44342
2025-12-07 02:00:00,148.0,164.5069
2025-12-07 03:00:00,106.0,144.05627
2025-12-07 04:00:00,98.0,133.2171
2025-12-07 05:00:00,108.0,150.25348
2025-12-07 06:00:00,189.0,206.47498
2025-12-07 07:00:00,341.0,260.7193
2025-12-07 08:00:00,540.0,459.59778
2025-12-07 09:00:00,989.0,894.44995
2025-12-07 10:00:00,1378.0,1208.3746
2025-12-07 11:00:00,1735.0,1514.7996
2025-12-07 12:00:00,1892.0,1734.3291
2025-12-07 13:00:00,2193.0,1858.419
2025-12-07 14:00:00,2223.0,1988.3755
2025-12-07 15:00:00,2290.0,2259.137
2025-12-07 16:00:00,2365.0,2469.354
2025-12-07 17:00:00,2183.0,2487.7178
2025-12-07 18:00:00,1624.0,2208.29
2025-12-07 19:00:00,1231.0,1851.153
2025-12-07 20:00:00,1132.0,1469.4685
2025-12-07 21:00:00,766.0,1019.50146
2025-12-07 22:00:00,422.0,491.28546
2025-12-07 23:00:00,238.0,277.19293
2025-12-08 00:00:00,110.0,102.70874
2025-12-08 01:00:00,68.0,64.72839
2025-12-08 02:00:00,65.0,41.313965
2025-12-08 03:00:00,74.0,57.631836
2025-12-08 04:00:00,188.0,160.92303
2025-12-08 05:00:00,904.0,812.3978
2025-12-08 06:00:00,2238.0,2128.049
2025-12-08 07:00:00,2386.0,2689.83
2025-12-08 08:00:00,1860.0,2373.8135
2025-12-08 09:00:00,1579.0,1752.8271
2025-12-08 10:00:00,1544.0,1475.8171
2025-12-08 11:00:00,1590.0,1488.9514
2025-12-08 12:00:00,1644.0,1510.0985
2025-12-08 13:00:00,1712.0,1530.0721
2025-12-08 14:00:00,1721.0,1553.7751
2025-12-08 15:00:00,1969.0,1624.2045
2025-12-08 16:00:00,2002.0,1812.2443
2025-12-08 17:00:00,2079.0,1931.6853
2025-12-08 18:00:00,1551.0,1405.8085
2025-12-08 19:00:00,1088.0,838.85596
2025-12-08 20:00:00,668.0,557.7342
2025-12-08 21:00:00,600.0,419.8139
2025-12-08 22:00:00,360.0,258.53284
2025-12-08 23:00:00,181.0,142.86407
2025-12-09 00:00:00,76.0,82.255005
2025-12-09 01:00:00,63.0,55.922607
2025-12-09 02:00:00,57.0,48.63025
2025-12-09 03:00:00,66.0,68.29724
2025-12-09 04:00:00,223.0,200.55463
2025-12-09 05:00:00,1037.0,930.69476
2025-12-09 06:00:00,2640.0,2605.2861
2025-12-09 07:00:00,2981.0,2814.9492
2025-12-09 08:00:00,2219.0,2306.9062
2025-12-09 09:00:00,1551.0,1519.6938
2025-12-09 10:00:00,1400.0,1434.7003
2025-12-09 11:00:00,1441.0,1447.6377
2025-12-09 12:00:00,1436.0,1469.8284
2025-12-09 13:00:00,1553.0,1497.8145
2025-12-09 14:00:00,1445.0,1530.1041
2025-12-09 15:00:00,1758.0,1628.0221
2025-12-09 16:00:00,1766.0,1844.5684
2025-12-09 17:00:00,2124.0,2091.237
2025-12-09 18:00:00,1589.0,1592.7458
2025-12-09 19:00:00,955.0,968.4035
2025-12-09 20:00:00,635.0,643.45856
2025-12-09 21:00:00,501.0,507.73706
2025-12-09 22:00:00,375.0,369.14844
2025-12-09 23:00:00,225.0,155.25214
2025-12-10 00:00:00,125.0,76.172
2025-12-10 01:00:00,93.0,47.150024
2025-12-10 02:00:00,49.0,44.587036
2025-12-10 03:00:00,52.0,65.19592
2025-12-10 04:00:00,195.0,201.82684
2025-12-10 05:00:00,942.0,930.6764
2025-12-10 06:00:00,2467.0,2541.2363
2025-12-10 07:00:00,2835.0,2798.1438
2025-12-10 08:00:00,2056.0,2254.3567
2025-12-10 09:00:00,1557.0,1515.6414
2025-12-10 10:00:00,1476.0,1441.9199
2025-12-10 11:00:00,1528.0,1468.6956
2025-12-10 12:00:00,1524.0,1490.0729
2025-12-10 13:00:00,1667.0,1522.1936
2025-12-10 14:00:00,1670.0,1565.7478
2025-12-10 15:00:00,1844.0,1671.7224
2025-12-10 16:00:00,2123.0,1876.7523
2025-12-10 17:00:00,2099.0,2131.4797
2025-12-10 18:00:00,1658.0,1641.0503
2025-12-10 19:00:00,968.0,1058.2817
2025-12-10 20:00:00,676.0,672.39294
2025-12-10 21:00:00,518.0,529.20825
2025-12-10 22:00:00,431.0,420.9015
2025-12-10 23:00:00,255.0,190.04706
2025-12-11 00:00:00,127.0,84.18262
2025-12-11 01:00:00,77.0,52.670654
2025-12-11 02:00:00,57.0,52.706055
2025-12-11 03:00:00,67.0,76.879395
2025-12-11 04:00:00,195.0,249.59778
2025-12-11 05:00:00,988.0,901.55615
2025-12-11 06:00:00,2502.0,2488.0603
2025-12-11 07:00:00,2818.0,2755.0176
2025-12-11 08:00:00,2150.0,2253.673
2025-12-11 09:00:00,1532.0,1540.4044
2025-12-11 10:00:00,1492.0,1454.9832
2025-12-11 11:00:00,1562.0,1484.5283
2025-12-11 12:00:00,1482.0,1526.5424
2025-12-11 13:00:00,1619.0,1570.4713
2025-12-11 14:00:00,1645.0,1621.2867
2025-12-11 15:00:00,1802.0,1762.0636
2025-12-11 16:00:00,2088.0,1995.9055
2025-12-11 17:00:00,2185.0,2175.893
2025-12-11 18:00:00,1715.0,1688.3674
2025-12-11 19:00:00,1018.0,1114.9802
2025-12-11 20:00:00,704.0,729.4158
2025-12-11 21:00:00,613.0,570.37604
2025-12-11 22:00:00,537.0,469.55316
2025-12-11 23:00:00,308.0,215.1034
2025-12-12 00:00:00,140.0,110.20471
2025-12-12 01:00:00,99.0,55.873413
2025-12-12 02:00:00,81.0,59.64441
2025-12-12 03:00:00,74.0,80.41919
2025-12-12 04:00:00,199.0,232.9212
2025-12-12 05:00:00,860.0,829.98816
2025-12-12 06:00:00,2142.0,2300.7664
2025-12-12 07:00:00,2436.0,2647.3823
2025-12-12 08:00:00,1867.0,2094.7705
2025-12-12 09:00:00,1551.0,1532.3091
2025-12-12 10:00:00,1552.0,1477.7246
2025-12-12 11:00:00,1658.0,1533.4612
2025-12-12 12:00:00,1546.0,1605.5562
2025-12-12 13:00:00,1701.0,1655.0996
2025-12-12 14:00:00,1903.0,1779.217
2025-12-12 15:00:00,2116.0,1965.8269
2025-12-12 16:00:00,2242.0,2119.4724
2025-12-12 17:00:00,2151.0,2201.4946
2025-12-12 18:00:00,1633.0,1780.1633
2025-12-12 19:00:00,1150.0,1236.9266
2025-12-12 20:00:00,819.0,855.9606
2025-12-12 21:00:00,742.0,639.055
2025-12-12 22:00:00,728.0,548.3201
2025-12-12 23:00:00,690.0,349.34534
2025-12-13 00:00:00,375.0,212.99121
2025-12-13 01:00:00,232.0,132.79926
2025-12-13 02:00:00,139.0,101.00903
2025-12-13 03:00:00,125.0,105.33655
2025-12-13 04:00:00,126.0,138.09369
2025-12-13 05:00:00,214.0,250.24884
2025-12-13 06:00:00,477.0,483.67053
2025-12-13 07:00:00,807.0,777.39856
2025-12-13 08:00:00,1192.0,1111.4486
2025-12-13 09:00:00,1499.0,1441.2518
2025-12-13 10:00:00,1620.0,1672.6172
2025-12-13 11:00:00,1753.0,1871.5981
2025-12-13 12:00:00,1744.0,1933.155
2025-12-13 13:00:00,1831.0,1960.2153
2025-12-13 14:00:00,1892.0,1987.477
2025-12-13 15:00:00,2051.0,2050.6343
2025-12-13 16:00:00,2363.0,2152.8213
2025-12-13 17:00:00,2348.0,2181.7178
2025-12-13 18:00:00,1612.0,1745.8901
2025-12-13 19:00:00,1026.0,1111.5742
2025-12-13 20:00:00,855.0,840.5226
2025-12-13 21:00:00,828.0,758.35266
2025-12-13 22:00:00,775.0,704.0626
2025-12-13 23:00:00,673.0,486.15558
2025-12-14 00:00:00,406.0,236.53711
2025-12-14 01:00:00,221.0,192.64008
2025-12-14 02:00:00,138.0,162.3454
2025-12-14 03:00:00,109.0,144.55603
2025-12-14 04:00:00,95.0,133.5163
2025-12-14 05:00:00,129.0,149.82562
2025-12-14 06:00:00,140.0,206.21912
2025-12-14 07:00:00,296.0,258.19177
2025-12-14 08:00:00,525.0,450.1208
2025-12-14 09:00:00,924.0,869.0746
2025-12-14 10:00:00,1269.0,1179.2144
2025-12-14 11:00:00,1599.0,1488.0498
2025-12-14 12:00:00,1847.0,1715.7002
2025-12-14 13:00:00,2191.0,1918.5242
2025-12-14 14:00:00,2447.0,2131.1309
2025-12-14 15:00:00,2691.0,2390.3557
2025-12-14 16:00:00,2971.0,2589.818
2025-12-14 17:00:00,2910.0,2603.7412
2025-12-14 18:00:00,2450.0,2342.974
2025-12-14 19:00:00,1849.0,1886.3281
2025-12-14 20:00:00,1450.0,1541.4326
2025-12-14 21:00:00,974.0,1002.4354
2025-12-14 22:00:00,488.0,445.58582
2025-12-14 23:00:00,233.0,273.3487
2025-12-15 00:00:00,96.0,77.37854
2025-12-15 01:00:00,52.0,50.935303
2025-12-15 02:00:00,42.0,49.048462
2025-12-15 03:00:00,78.0,72.63196
2025-12-15 04:00:00,210.0,211.69275
2025-12-15 05:00:00,1009.0,1011.15985
2025-12-15 06:00:00,2541.0,2618.024
2025-12-15 07:00:00,2795.0,2819.7908
2025-12-15 08:00:00,2100.0,2329.191
2025-12-15 09:00:00,1499.0,1539.3782
2025-12-15 10:00:00,1541.0,1422.0874
2025-12-15 11:00:00,1590.0,1437.4719
2025-12-15 12:00:00,1416.0,1456.0964
2025-12-15 13:00:00,1607.0,1480.4143
2025-12-15 14:00:00,1689.0,1514.3496
2025-12-15 15:00:00,1643.0,1614.2632
2025-12-15 16:00:00,2102.0,1831.6836
2025-12-15 17:00:00,2191.0,2065.1553
2025-12-15 18:00:00,1582.0,1567.1216
2025-12-15 19:00:00,1074.0,947.3626
2025-12-15 20:00:00,657.0,632.5323
2025-12-15 21:00:00,487.0,486.95404
2025-12-15 22:00:00,358.0,334.33966
2025-12-15 23:00:00,164.0,144.33765
2025-12-16 00:00:00,74.0,75.91724
2025-12-16 01:00:00,54.0,50.0791
2025-12-16 02:00:00,51.0,43.512695
2025-12-16 03:00:00,70.0,65.02637
2025-12-16 04:00:00,196.0,190.74207
2025-12-16 05:00:00,944.0,943.1391
2025-12-16 06:00:00,2544.0,2610.5212
2025-12-16 07:00:00,2864.0,2817.0544
2025-12-16 08:00:00,2153.0,2303.8198
2025-12-16 09:00:00,1647.0,1513.7698
2025-12-16 10:00:00,1487.0,1430.8652
2025-12-16 11:00:00,1521.0,1446.3209
2025-12-16 12:00:00,1487.0,1471.614
2025-12-16 13:00:00,1653.0,1500.7683
2025-12-16 14:00:00,1566.0,1533.4723
2025-12-16 15:00:00,1664.0,1630.0935
2025-12-16 16:00:00,1947.0,1837.0107
2025-12-16 17:00:00,2018.0,2085.5664
2025-12-16 18:00:00,1612.0,1596.9683
2025-12-16 19:00:00,1022.0,965.14746
2025-12-16 20:00:00,626.0,640.9386
2025-12-16 21:00:00,503.0,507.68292
2025-12-16 22:00:00,379.0,373.4859
2025-12-16 23:00:00,224.0,160.2497
2025-12-17 00:00:00,110.0,76.17102
2025-12-17 01:00:00,67.0,48.55591
2025-12-17 02:00:00,43.0,44.920166
2025-12-17 03:00:00,86.0,65.82361
2025-12-17 04:00:00,188.0,210.84955
2025-12-17 05:00:00,956.0,937.56366
2025-12-17 06:00:00,2401.0,2543.1855
2025-12-17 07:00:00,2739.0,2797.7395
2025-12-17 08:00:00,1952.0,2257.1958
2025-12-17 09:00:00,1611.0,1516.7253
2025-12-17 10:00:00,1564.0,1444.2966
2025-12-17 11:00:00,1693.0,1469.565
2025-12-17 12:00:00,1596.0,1498.5415
2025-12-17 13:00:00,1663.0,1522.8848
2025-12-17 14:00:00,1603.0,1566.0802
2025-12-17 15:00:00,1857.0,1666.008
2025-12-17 16:00:00,1942.0,1869.4904
2025-12-17 17:00:00,2141.0,2128.4565
2025-12-17 18:00:00,1638.0,1642.7769
2025-12-17 19:00:00,956.0,1053.5474
2025-12-17 20:00:00,687.0,667.9783
2025-12-17 21:00:00,618.0,528.5934
2025-12-17 22:00:00,459.0,416.9897
2025-12-17 23:00:00,258.0,177.22028
2025-12-18 00:00:00,142.0,78.85193
2025-12-18 01:00:00,92.0,47.232544
2025-12-18 02:00:00,56.0,49.466797
2025-12-18 03:00:00,87.0,71.77942
2025-12-18 04:00:00,193.0,225.58167
2025-12-18 05:00:00,935.0,916.4131
2025-12-18 06:00:00,2311.0,2498.5776
2025-12-18 07:00:00,2605.0,2754.839
2025-12-18 08:00:00,2034.0,2236.144
2025-12-18 09:00:00,1558.0,1530.5126
2025-12-18 10:00:00,1517.0,1451.8215
2025-12-18 11:00:00,1514.0,1480.0096
2025-12-18 12:00:00,1461.0,1518.0946
2025-12-18 13:00:00,1525.0,1562.1859
2025-12-18 14:00:00,1617.0,1620.618
2025-12-18 15:00:00,1818.0,1769.9375
2025-12-18 16:00:00,1941.0,1990.9133
2025-12-18 17:00:00,2095.0,2174.7397
2025-12-18 18:00:00,1544.0,1692.0928
2025-12-18 19:00:00,991.0,1112.6034
2025-12-18 20:00:00,720.0,717.4549
2025-12-18 21:00:00,613.0,570.81134
2025-12-18 22:00:00,542.0,470.96948
2025-12-18 23:00:00,304.0,202.10065
2025-12-19 00:00:00,150.0,98.93469
2025-12-19 01:00:00,84.0,53.27893
2025-12-19 02:00:00,86.0,57.99597
2025-12-19 03:00:00,103.0,78.990845
2025-12-19 04:00:00,213.0,214.03656
2025-12-19 05:00:00,778.0,823.3772
2025-12-19 06:00:00,1810.0,2299.2866
2025-12-19 07:00:00,1849.0,2635.5325
2025-12-19 08:00:00,1626.0,2075.1145
2025-12-19 09:00:00,1470.0,1528.1182
2025-12-19 10:00:00,1536.0,1478.6973
2025-12-19 11:00:00,1641.0,1536.6113
2025-12-19 12:00:00,1646.0,1610.978
2025-12-19 13:00:00,1808.0,1681.4225
2025-12-19 14:00:00,1860.0,1792.0826
2025-12-19 15:00:00,1968.0,1946.6665
2025-12-19 16:00:00,2047.0,2122.4146
2025-12-19 17:00:00,2043.0,2209.9983
2025-12-19 18:00:00,1629.0,1789.6875
2025-12-19 19:00:00,1059.0,1245.3765
2025-12-19 20:00:00,798.0,863.6486
2025-12-19 21:00:00,658.0,641.46594
2025-12-19 22:00:00,614.0,551.4025
2025-12-19 23:00:00,567.0,360.12085
2025-12-20 00:00:00,352.0,239.60803
2025-12-20 01:00:00,207.0,146.12915
2025-12-20 02:00:00,139.0,120.10339
2025-12-20 03:00:00,123.0,123.607666
2025-12-20 04:00:00,177.0,169.54102
2025-12-20 05:00:00,214.0,289.0542
2025-12-20 06:00:00,373.0,486.2779
2025-12-20 07:00:00,638.0,749.76196
2025-12-20 08:00:00,1090.0,1016.9674
2025-12-20 09:00:00,1312.0,1300.9133
2025-12-20 10:00:00,1662.0,1656.5559
2025-12-20 11:00:00,1760.0,1865.1935
2025-12-20 12:00:00,1817.0,1942.8894
2025-12-20 13:00:00,1885.0,2026.8551
2025-12-20 14:00:00,1885.0,2103.8792
2025-12-20 15:00:00,1950.0,2209.224
2025-12-20 16:00:00,1984.0,2275.8438
2025-12-20 17:00:00,1927.0,2103.562
2025-12-20 18:00:00,1378.0,1689.4258
2025-12-20 19:00:00,906.0,1195.435
2025-12-20 20:00:00,756.0,908.2142
2025-12-20 21:00:00,678.0,794.89453
2025-12-20 22:00:00,713.0,718.9416
2025-12-20 23:00:00,597.0,515.02844
2025-12-21 00:00:00,378.0,249.19568
2025-12-21 01:00:00,210.0,211.26617
2025-12-21 02:00:00,124.0,177.26227
2025-12-21 03:00:00,107.0,158.9419
2025-12-21 04:00:00,99.0,148.32031
2025-12-21 05:00:00,109.0,150.73633
2025-12-21 06:00:00,195.0,203.17926
2025-12-21 07:00:00,284.0,284.85254
2025-12-21 08:00:00,443.0,484.84076
2025-12-21 09:00:00,919.0,793.84265
2025-12-21 10:00:00,1272.0,1117.0693
2025-12-21 11:00:00,1483.0,1461.6694
2025-12-21 12:00:00,1604.0,1780.627
2025-12-21 13:00:00,1793.0,2050.2112
2025-12-21 14:00:00,1995.0,2272.1548
2025-12-21 15:00:00,2197.0,2461.7168
2025-12-21 16:00:00,2234.0,2553.3213
2025-12-21 17:00:00,2050.0,2462.713
2025-12-21 18:00:00,1467.0,2194.893
2025-12-21 19:00:00,1190.0,1781.7393
2025-12-21 20:00:00,926.0,1366.1614
2025-12-21 21:00:00,708.0,946.9879
2025-12-21 22:00:00,497.0,501.08197
2025-12-21 23:00:00,271.0,303.80603
2025-12-22 00:00:00,129.0,117.250244
2025-12-22 01:00:00,74.0,87.21008
2025-12-22 02:00:00,50.0,91.61658
2025-12-22 03:00:00,76.0,121.152466
2025-12-22 04:00:00,150.0,360.794
2025-12-22 05:00:00,518.0,933.0306
2025-12-22 06:00:00,1241.0,1865.3263
2025-12-22 07:00:00,1557.0,2066.142
2025-12-22 08:00:00,1609.0,1653.6357
2025-12-22 09:00:00,1451.0,1441.2694
2025-12-22 10:00:00,1567.0,1431.225
2025-12-22 11:00:00,1659.0,1466.3466
2025-12-22 12:00:00,1665.0,1506.5049
2025-12-22 13:00:00,1764.0,1554.1217
2025-12-22 14:00:00,1867.0,1624.771
2025-12-22 15:00:00,1877.0,1766.2295
2025-12-22 16:00:00,2054.0,1968.3417
2025-12-22 17:00:00,2067.0,2125.5437
2025-12-22 18:00:00,1420.0,1695.0265
2025-12-22 19:00:00,1015.0,1141.5094
2025-12-22 20:00:00,681.0,784.79517
2025-12-22 21:00:00,512.0,590.00726
2025-12-22 22:00:00,337.0,426.70575
2025-12-22 23:00:00,237.0,218.94098
2025-12-23 00:00:00,102.0,118.97351
2025-12-23 01:00:00,73.0,84.341064
2025-12-23 02:00:00,71.0,86.936646
2025-12-23 03:00:00,65.0,114.56665
2025-12-23 04:00:00,142.0,332.11597
2025-12-23 05:00:00,485.0,908.71
2025-12-23 06:00:00,1088.0,1879.5942
2025-12-23 07:00:00,1390.0,2104.7039
2025-12-23 08:00:00,1240.0,1667.6147
2025-12-23 09:00:00,1379.0,1445.896
2025-12-23 10:00:00,1518.0,1438.377
2025-12-23 11:00:00,1639.0,1476.4938
2025-12-23 12:00:00,1801.0,1524.4607
2025-12-23 13:00:00,1924.0,1570.513
2025-12-23 14:00:00,1977.0,1636.0842
2025-12-23 15:00:00,1994.0,1778.4578
2025-12-23 16:00:00,2133.0,1979.7098
2025-12-23 17:00:00,2102.0,2137.3003
2025-12-23 18:00:00,1483.0,1718.301
2025-12-23 19:00:00,985.0,1147.6836
2025-12-23 20:00:00,729.0,794.4342
2025-12-23 21:00:00,554.0,586.8912
2025-12-23 22:00:00,393.0,444.6266
2025-12-23 23:00:00,264.0,234.28937
2025-12-24 00:00:00,155.0,149.80292
2025-12-24 01:00:00,87.0,87.14038
2025-12-24 02:00:00,81.0,85.243286
2025-12-24 03:00:00,93.0,111.6488
2025-12-24 04:00:00,145.0,292.2226
2025-12-24 05:00:00,315.0,711.11975
2025-12-24 06:00:00,577.0,1262.791
2025-12-24 07:00:00,738.0,1456.3003
2025-12-24 08:00:00,790.0,1403.346
2025-12-24 09:00:00,1056.0,1421.6263
2025-12-24 10:00:00,1318.0,1469.6738
2025-12-24 11:00:00,1628.0,1528.766
2025-12-24 12:00:00,1713.0,1582.4258
2025-12-24 13:00:00,1816.0,1643.7068
2025-12-24 14:00:00,1900.0,1750.761
2025-12-24 15:00:00,1904.0,1905.5178
2025-12-24 16:00:00,1758.0,2064.1987
2025-12-24 17:00:00,1170.0,2168.213
2025-12-24 18:00:00,639.0,1687.8254
2025-12-24 19:00:00,413.0,1135.6918
2025-12-24 20:00:00,370.0,824.1958
2025-12-24 21:00:00,666.0,619.6549
2025-12-24 22:00:00,887.0,513.457
2025-12-24 23:00:00,828.0,363.02386
2025-12-25 00:00:00,519.0,469.01807
2025-12-25 01:00:00,196.0,375.23883
2025-12-25 02:00:00,98.0,286.73126
2025-12-25 03:00:00,57.0,214.87054
2025-12-25 04:00:00,53.0,154.72223
2025-12-25 05:00:00,83.0,131.51752
2025-12-25 06:00:00,148.0,112.49927
2025-12-25 07:00:00,139.0,132.51807
2025-12-25 08:00:00,298.0,264.508
2025-12-25 09:00:00,685.0,511.50763
2025-12-25 10:00:00,1280.0,740.8255
2025-12-25 11:00:00,1607.0,1015.02795
2025-12-25 12:00:00,1546.0,1228.3812
2025-12-25 13:00:00,1647.0,1367.0992
2025-12-25 14:00:00,1721.0,1484.015
2025-12-25 15:00:00,1885.0,1582.0354
2025-12-25 16:00:00,1988.0,1616.0724
2025-12-25 17:00:00,1529.0,1568.2722
2025-12-25 18:00:00,1025.0,1416.6178
2025-12-25 19:00:00,767.0,1184.0164
2025-12-25 20:00:00,778.0,1009.6064
2025-12-25 21:00:00,873.0,854.3036
2025-12-25 22:00:00,896.0,691.25415
2025-12-25 23:00:00,624.0,558.95074
2025-12-26 00:00:00,312.0,341.05585
2025-12-26 01:00:00,133.0,276.68524
2025-12-26 02:00:00,79.0,240.73535
2025-12-26 03:00:00,60.0,221.76233
2025-12-26 04:00:00,71.0,201.39996
2025-12-26 05:00:00,104.0,201.97986
2025-12-26 06:00:00,176.0,226.77405
2025-12-26 07:00:00,211.0,307.51562
2025-12-26 08:00:00,363.0,475.00116
2025-12-26 09:00:00,798.0,777.70996
2025-12-26 10:00:00,1307.0,1033.7579
2025-12-26 11:00:00,1561.0,1286.2482
2025-12-26 12:00:00,1658.0,1485.5007
2025-12-26 13:00:00,1729.0,1622.4733
2025-12-26 14:00:00,1812.0,1696.6455
2025-12-26 15:00:00,2062.0,1756.7507
2025-12-26 16:00:00,2185.0,1772.0154
2025-12-26 17:00:00,2046.0,1681.4646
2025-12-26 18:00:00,1538.0,1554.2112
2025-12-26 19:00:00,1171.0,1362.0212
2025-12-26 20:00:00,1023.0,1203.0592
2025-12-26 21:00:00,797.0,1035.007
2025-12-26 22:00:00,653.0,779.2255
2025-12-26 23:00:00,443.0,508.96698
2025-12-27 00:00:00,330.0,248.15948
2025-12-27 01:00:00,123.0,135.83704
2025-12-27 02:00:00,86.0,123.892334
2025-12-27 03:00:00,76.0,132.46729
2025-12-27 04:00:00,111.0,177.69385
2025-12-27 05:00:00,183.0,292.49872
2025-12-27 06:00:00,292.0,452.29456
2025-12-27 07:00:00,471.0,678.82886
2025-12-27 08:00:00,733.0,957.52045
2025-12-27 09:00:00,1262.0,1317.5199
2025-12-27 10:00:00,1563.0,1670.386
2025-12-27 11:00:00,1915.0,1915.1294
2025-12-27 12:00:00,1881.0,1979.5747
2025-12-27 13:00:00,1965.0,2010.1011
2025-12-27 14:00:00,2069.0,2052.0442
2025-12-27 15:00:00,2208.0,2110.3306
2025-12-27 16:00:00,2249.0,2162.9646
2025-12-27 17:00:00,2074.0,2061.927
2025-12-27 18:00:00,1564.0,1645.0569
2025-12-27 19:00:00,1048.0,1187.5107
2025-12-27 20:00:00,873.0,922.2779
2025-12-27 21:00:00,710.0,797.42395
2025-12-27 22:00:00,627.0,707.18646
2025-12-27 23:00:00,420.0,527.6668
2025-12-28 00:00:00,322.0,216.9643
2025-12-28 01:00:00,183.0,182.06781
2025-12-28 02:00:00,102.0,153.53076
2025-12-28 03:00:00,85.0,138.96173
2025-12-28 04:00:00,79.0,157.5216
2025-12-28 05:00:00,104.0,184.0805
2025-12-28 06:00:00,164.0,230.63129
2025-12-28 07:00:00,229.0,336.2508
2025-12-28 08:00:00,383.0,512.9624
2025-12-28 09:00:00,698.0,861.786
2025-12-28 10:00:00,1150.0,1256.7701
2025-12-28 11:00:00,1371.0,1639.9076
2025-12-28 12:00:00,1606.0,1872.5934
2025-12-28 13:00:00,1788.0,1996.167
2025-12-28 14:00:00,1948.0,2117.0547
2025-12-28 15:00:00,2233.0,2253.7559
2025-12-28 16:00:00,2494.0,2365.65
2025-12-28 17:00:00,2328.0,2257.2456
2025-12-28 18:00:00,1842.0,1877.6978
2025-12-28 19:00:00,1374.0,1440.0652
2025-12-28 20:00:00,1094.0,1163.2902
2025-12-28 21:00:00,810.0,908.2599
2025-12-28 22:00:00,471.0,591.36847
2025-12-28 23:00:00,283.0,325.82758
2025-12-29 00:00:00,214.0,129.4541
2025-12-29 01:00:00,85.0,85.23059
2025-12-29 02:00:00,44.0,89.6311
2025-12-29 03:00:00,63.0,113.38867
2025-12-29 04:00:00,113.0,274.4051
2025-12-29 05:00:00,329.0,702.80817
2025-12-29 06:00:00,658.0,1262.8828
2025-12-29 07:00:00,891.0,1459.833
2025-12-29 08:00:00,987.0,1371.8408
2025-12-29 09:00:00,1151.0,1382.0863
2025-12-29 10:00:00,1376.0,1424.918
2025-12-29 11:00:00,1500.0,1472.207
2025-12-29 12:00:00,1596.0,1523.3169
2025-12-29 13:00:00,1701.0,1584.8353
2025-12-29 14:00:00,1843.0,1665.3744
2025-12-29 15:00:00,2014.0,1818.9553
2025-12-29 16:00:00,2234.0,1990.05
2025-12-29 17:00:00,2345.0,2084.0396
2025-12-29 18:00:00,1584.0,1603.6375
2025-12-29 19:00:00,1107.0,1114.834
2025-12-29 20:00:00,822.0,784.99365
2025-12-29 21:00:00,622.0,596.53076
2025-12-29 22:00:00,438.0,452.8058
2025-12-29 23:00:00,243.0,254.17706
2025-12-30 00:00:00,246.0,134.88165
2025-12-30 01:00:00,94.0,83.15869
2025-12-30 02:00:00,69.0,84.86536
2025-12-30 03:00:00,54.0,107.656494
2025-12-30 04:00:00,128.0,264.82697
2025-12-30 05:00:00,325.0,708.9435
2025-12-30 06:00:00,603.0,1256.2649
2025-12-30 07:00:00,837.0,1466.5363
2025-12-30 08:00:00,904.0,1380.9591
2025-12-30 09:00:00,1156.0,1397.002
2025-12-30 10:00:00,1308.0,1436.7761
2025-12-30 11:00:00,1694.0,1489.719
2025-12-30 12:00:00,1808.0,1534.7031
2025-12-30 13:00:00,1979.0,1598.9657
2025-12-30 14:00:00,1994.0,1681.4275
2025-12-30 15:00:00,2134.0,1836.4727
2025-12-30 16:00:00,2170.0,2009.5063
2025-12-30 17:00:00,2172.0,2124.277
2025-12-30 18:00:00,1786.0,1664.0939
2025-12-30 19:00:00,1268.0,1125.9529
2025-12-30 20:00:00,869.0,805.14136
2025-12-30 21:00:00,636.0,610.5631
2025-12-30 22:00:00,446.0,478.404
2025-12-30 23:00:00,294.0,297.9721
2025-12-31 00:00:00,286.0,158.74396
2025-12-31 01:00:00,110.0,105.002075
2025-12-31 02:00:00,73.0,104.275024
2025-12-31 03:00:00,69.0,131.99683
2025-12-31 04:00:00,114.0,271.3744
2025-12-31 05:00:00,262.0,531.5058
2025-12-31 06:00:00,405.0,818.3379
2025-12-31 07:00:00,571.0,1097.921
2025-12-31 08:00:00,649.0,1246.0076
2025-12-31 09:00:00,889.0,1368.3477
2025-12-31 10:00:00,1172.0,1393.2606
2025-12-31 11:00:00,1446.0,1425.4514
2025-12-31 12:00:00,1522.0,1468.1948
2025-12-31 13:00:00,1552.0,1524.938
2025-12-31 14:00:00,1701.0,1615.9607
2025-12-31 15:00:00,1761.0,1801.219
2025-12-31 16:00:00,1852.0,2007.8383
2025-12-31 17:00:00,1724.0,1979.46
2025-12-31 18:00:00,1241.0,1411.532
2025-12-31 19:00:00,698.0,990.92114
2025-12-31 20:00:00,444.0,694.9325
2025-12-31 21:00:00,407.0,544.8618
2025-12-31 22:00:00,473.0,423.347
2025-12-31 23:00:00,336.0,275.13202
