datetime,actual_volume,predicted_volume
2018-06-23 15:00:00,479.0,443.38275
2018-06-23 16:00:00,566.0,428.18243
2018-06-23 17:00:00,575.0,402.20288
2018-06-23 18:00:00,397.0,366.40137
2018-06-23 19:00:00,305.0,318.0054
2018-06-23 20:00:00,217.0,235.44731
2018-06-23 21:00:00,150.0,187.45587
2018-06-23 22:00:00,158.0,143.05568
2018-06-23 23:00:00,131.0,104.13782
2018-06-24 00:00:00,77.0,63.845566
2018-06-24 01:00:00,32.0,43.405502
2018-06-24 02:00:00,35.0,34.899292
2018-06-24 03:00:00,23.0,37.90213
2018-06-24 04:00:00,16.0,52.5477
2018-06-24 05:00:00,30.0,88.43651
2018-06-24 06:00:00,78.0,133.90286
2018-06-24 07:00:00,137.0,193.81572
2018-06-24 08:00:00,181.0,216.3414
2018-06-24 09:00:00,309.0,263.4082
2018-06-24 10:00:00,379.0,311.98212
2018-06-24 11:00:00,437.0,347.9283
2018-06-24 12:00:00,400.0,379.19922
2018-06-24 13:00:00,498.0,399.82416
2018-06-24 14:00:00,542.0,408.60773
2018-06-24 15:00:00,601.0,405.51245
2018-06-24 16:00:00,613.0,393.23434
2018-06-24 17:00:00,596.0,364.62646
2018-06-24 18:00:00,544.0,328.62354
2018-06-24 19:00:00,357.0,285.87064
2018-06-24 20:00:00,229.0,228.09032
2018-06-24 21:00:00,176.0,180.56119
2018-06-24 22:00:00,93.0,136.34595
2018-06-24 23:00:00,71.0,97.05821
2018-06-25 00:00:00,24.0,76.29164
2018-06-25 01:00:00,10.0,55.94406
2018-06-25 02:00:00,8.0,47.25293
2018-06-25 03:00:00,10.0,50.62561
2018-06-25 04:00:00,26.0,65.82597
2018-06-25 05:00:00,136.0,91.897964
2018-06-25 06:00:00,360.0,127.422104
2018-06-25 07:00:00,442.0,181.20667
2018-06-25 08:00:00,292.0,227.12314
2018-06-25 09:00:00,263.0,274.77768
2018-06-25 10:00:00,260.0,339.30313
2018-06-25 11:00:00,313.0,358.4656
2018-06-25 12:00:00,257.0,397.76352
2018-06-25 13:00:00,318.0,433.11508
2018-06-25 14:00:00,324.0,444.69547
2018-06-25 15:00:00,403.0,444.64783
2018-06-25 16:00:00,516.0,429.7249
2018-06-25 17:00:00,686.0,404.05573
2018-06-25 18:00:00,450.0,367.48154
2018-06-25 19:00:00,301.0,323.97247
2018-06-25 20:00:00,198.0,237.2077
2018-06-25 21:00:00,127.0,189.95596
2018-06-25 22:00:00,87.0,144.81607
2018-06-25 23:00:00,51.0,105.99066
2018-06-26 00:00:00,16.0,75.73398
2018-06-26 01:00:00,10.0,54.83159
2018-06-26 02:00:00,5.0,45.678146
2018-06-26 03:00:00,8.0,48.773438
2018-06-26 04:00:00,25.0,64.17522
2018-06-26 05:00:00,118.0,108.51033
2018-06-26 06:00:00,356.0,145.32895
2018-06-26 07:00:00,414.0,209.96027
2018-06-26 08:00:00,304.0,256.8014
2018-06-26 09:00:00,265.0,304.88528
2018-06-26 10:00:00,279.0,350.67242
2018-06-26 11:00:00,282.0,390.23755
2018-06-26 12:00:00,262.0,421.50845
2018-06-26 13:00:00,319.0,443.15054
2018-06-26 14:00:00,386.0,452.2115
2018-06-26 15:00:00,379.0,449.0237
2018-06-26 16:00:00,579.0,433.6385
2018-06-26 17:00:00,738.0,407.10416
2018-06-26 18:00:00,533.0,367.4063
2018-06-26 19:00:00,288.0,300.33798
2018-06-26 20:00:00,210.0,240.99583
2018-06-26 21:00:00,143.0,193.55917
2018-06-26 22:00:00,99.0,149.25145
2018-06-26 23:00:00,56.0,109.96374
2018-06-27 00:00:00,14.0,85.60251
2018-06-27 01:00:00,12.0,64.700134
2018-06-27 02:00:00,7.0,55.63913
2018-06-27 03:00:00,8.0,57.994736
2018-06-27 04:00:00,27.0,73.01018
2018-06-27 05:00:00,120.0,104.70878
2018-06-27 06:00:00,363.0,139.30185
2018-06-27 07:00:00,437.0,197.98976
2018-06-27 08:00:00,274.0,265.74527
2018-06-27 09:00:00,259.0,313.08948
2018-06-27 10:00:00,287.0,357.62512
2018-06-27 11:00:00,338.0,397.5766
2018-06-27 12:00:00,315.0,427.43762
2018-06-27 13:00:00,367.0,449.90182
2018-06-27 14:00:00,370.0,460.2307
2018-06-27 15:00:00,455.0,450.9046
2018-06-27 16:00:00,556.0,414.76337
2018-06-27 17:00:00,737.0,408.55566
2018-06-27 18:00:00,518.0,377.84247
2018-06-27 19:00:00,331.0,329.53897
2018-06-27 20:00:00,175.0,246.98088
2018-06-27 21:00:00,118.0,199.82161
2018-06-27 22:00:00,125.0,154.77417
2018-06-27 23:00:00,59.0,114.93169
2018-06-28 00:00:00,27.0,91.18466
2018-06-28 01:00:00,14.0,70.8371
2018-06-28 02:00:00,10.0,62.145996
2018-06-28 03:00:00,7.0,64.871445
2018-06-28 04:00:00,24.0,79.88684
2018-06-28 05:00:00,107.0,124.60827
2018-06-28 06:00:00,364.0,161.05704
2018-06-28 07:00:00,390.0,225.96574
2018-06-28 08:00:00,328.0,272.80685
2018-06-28 09:00:00,287.0,321.07568
2018-06-28 10:00:00,321.0,365.68732
2018-06-28 11:00:00,323.0,402.62408
2018-06-28 12:00:00,327.0,431.37555
2018-06-28 13:00:00,341.0,426.0537
2018-06-28 14:00:00,384.0,443.604
2018-06-28 15:00:00,451.0,436.44397
2018-06-28 16:00:00,582.0,417.53223
2018-06-28 17:00:00,713.0,388.8053
2018-06-28 18:00:00,503.0,353.09625
2018-06-28 19:00:00,276.0,310.8057
2018-06-28 20:00:00,196.0,253.2103
2018-06-28 21:00:00,141.0,205.95856
2018-06-28 22:00:00,108.0,161.46591
2018-06-28 23:00:00,60.0,122.54804
2018-06-29 00:00:00,36.0,94.45285
2018-06-29 01:00:00,12.0,73.73543
2018-06-29 02:00:00,10.0,64.76692
2018-06-29 03:00:00,14.0,68.6944
2018-06-29 04:00:00,20.0,84.17212
2018-06-29 05:00:00,105.0,110.72291
2018-06-29 06:00:00,367.0,153.65335
2018-06-29 07:00:00,405.0,223.92775
2018-06-29 08:00:00,254.0,272.9514
2018-06-29 09:00:00,309.0,323.41925
2018-06-29 10:00:00,321.0,368.28174
2018-06-29 11:00:00,349.0,406.8563
2018-06-29 12:00:00,311.0,416.36414
2018-06-29 13:00:00,360.0,455.42712
2018-06-29 14:00:00,416.0,466.54517
2018-06-29 15:00:00,518.0,465.08768
2018-06-29 16:00:00,567.0,450.75247
2018-06-29 17:00:00,709.0,401.06177
2018-06-29 18:00:00,531.0,388.3077
2018-06-29 19:00:00,316.0,341.54956
2018-06-29 20:00:00,243.0,258.975
2018-06-29 21:00:00,215.0,211.16849
2018-06-29 22:00:00,195.0,166.30598
2018-06-29 23:00:00,186.0,127.388115
2018-06-30 00:00:00,93.0,76.15474
2018-06-30 01:00:00,39.0,55.252365
2018-06-30 02:00:00,29.0,46.191376
2018-06-30 03:00:00,29.0,49.656555
2018-06-30 04:00:00,28.0,64.39459
2018-06-30 05:00:00,50.0,106.63962
2018-06-30 06:00:00,137.0,145.74971
2018-06-30 07:00:00,191.0,210.9358
2018-06-30 08:00:00,306.0,257.68448
2018-06-30 09:00:00,397.0,305.2136
2018-06-30 10:00:00,484.0,351.0932
2018-06-30 11:00:00,453.0,390.7508
2018-06-30 12:00:00,391.0,422.29907
2018-06-30 13:00:00,476.0,443.20142
2018-06-30 14:00:00,439.0,453.07806
2018-06-30 15:00:00,533.0,450.18414
2018-06-30 16:00:00,547.0,435.1688
2018-06-30 17:00:00,515.0,408.542
2018-06-30 18:00:00,398.0,372.648
2018-06-30 19:00:00,282.0,325.4605
2018-06-30 20:00:00,220.0,240.76935
2018-06-30 21:00:00,210.0,192.87036
2018-06-30 22:00:00,158.0,148.37772
2018-06-30 23:00:00,129.0,109.829704
2018-07-01 00:00:00,91.0,77.886444
2018-07-01 01:00:00,47.0,56.70668
2018-07-01 02:00:00,53.0,47.460754
2018-07-01 03:00:00,34.0,50.18622
2018-07-01 04:00:00,29.0,65.20166
2018-07-01 05:00:00,31.0,107.202255
2018-07-01 06:00:00,74.0,145.63214
2018-07-01 07:00:00,101.0,210.35593
2018-07-01 08:00:00,207.0,257.10458
2018-07-01 09:00:00,259.0,304.26385
2018-07-01 10:00:00,340.0,349.4962
2018-07-01 11:00:00,379.0,389.70856
2018-07-01 12:00:00,413.0,421.81165
2018-07-01 13:00:00,469.0,443.17633
2018-07-01 14:00:00,538.0,452.42218
2018-07-01 15:00:00,554.0,449.41937
2018-07-01 16:00:00,590.0,433.84918
2018-07-01 17:00:00,573.0,406.66763
2018-07-01 18:00:00,517.0,370.4038
2018-07-01 19:00:00,426.0,323.29227
2018-07-01 20:00:00,386.0,239.5422
2018-07-01 21:00:00,222.0,191.36583
2018-07-01 22:00:00,117.0,146.04102
2018-07-01 23:00:00,92.0,107.123146
2018-07-02 00:00:00,36.0,85.57971
2018-07-02 01:00:00,14.0,64.39998
2018-07-02 02:00:00,8.0,55.0616
2018-07-02 03:00:00,13.0,58.156906
2018-07-02 04:00:00,30.0,73.44972
2018-07-02 05:00:00,123.0,111.73891
2018-07-02 06:00:00,383.0,153.69528
2018-07-02 07:00:00,411.0,216.93323
2018-07-02 08:00:00,320.0,264.7649
2018-07-02 09:00:00,255.0,313.3441
2018-07-02 10:00:00,294.0,358.39154
2018-07-02 11:00:00,301.0,397.1345
2018-07-02 12:00:00,276.0,428.86774
2018-07-02 13:00:00,297.0,448.06638
2018-07-02 14:00:00,385.0,460.78928
2018-07-02 15:00:00,388.0,457.30762
2018-07-02 16:00:00,552.0,442.98892
2018-07-02 17:00:00,728.0,415.92636
2018-07-02 18:00:00,443.0,353.92078
2018-07-02 19:00:00,280.0,309.54657
2018-07-02 20:00:00,177.0,250.84158
2018-07-02 21:00:00,134.0,203.12753
2018-07-02 22:00:00,91.0,158.17258
2018-07-02 23:00:00,43.0,119.162224
2018-07-03 00:00:00,25.0,88.68382
2018-07-03 01:00:00,12.0,68.243774
2018-07-03 02:00:00,12.0,59.090332
2018-07-03 03:00:00,11.0,61.353455
2018-07-03 04:00:00,32.0,76.46135
2018-07-03 05:00:00,114.0,105.389656
2018-07-03 06:00:00,372.0,141.56104
2018-07-03 07:00:00,399.0,192.76668
2018-07-03 08:00:00,271.0,214.21635
2018-07-03 09:00:00,235.0,282.88358
2018-07-03 10:00:00,252.0,327.56116
2018-07-03 11:00:00,287.0,369.0909
2018-07-03 12:00:00,268.0,398.4301
2018-07-03 13:00:00,287.0,417.82013
2018-07-03 14:00:00,370.0,432.70905
2018-07-03 15:00:00,440.0,430.66382
2018-07-03 16:00:00,446.0,413.0036
2018-07-03 17:00:00,477.0,408.52618
2018-07-03 18:00:00,450.0,355.4292
2018-07-03 19:00:00,276.0,311.70227
2018-07-03 20:00:00,146.0,246.82597
2018-07-03 21:00:00,138.0,199.38931
2018-07-03 22:00:00,95.0,154.71173
2018-07-03 23:00:00,63.0,115.88632
2018-07-04 00:00:00,17.0,92.04347
2018-07-04 01:00:00,12.0,71.69589
2018-07-04 02:00:00,9.0,62.634903
2018-07-04 03:00:00,14.0,66.37744
2018-07-04 04:00:00,24.0,81.39288
2018-07-04 05:00:00,126.0,115.05613
2018-07-04 06:00:00,356.0,162.84048
2018-07-04 07:00:00,400.0,228.2115
2018-07-04 08:00:00,281.0,275.33002
2018-07-04 09:00:00,260.0,316.37747
2018-07-04 10:00:00,289.0,343.928
2018-07-04 11:00:00,306.0,400.99
2018-07-04 12:00:00,302.0,434.1166
2018-07-04 13:00:00,334.0,454.02838
2018-07-04 14:00:00,356.0,462.2242
2018-07-04 15:00:00,404.0,460.04352
2018-07-04 16:00:00,575.0,449.73007
2018-07-04 17:00:00,727.0,424.0609
2018-07-04 18:00:00,473.0,381.51678
2018-07-04 19:00:00,282.0,315.36307
2018-07-04 20:00:00,187.0,256.84302
2018-07-04 21:00:00,163.0,209.12895
2018-07-04 22:00:00,119.0,164.08153
2018-07-04 23:00:00,76.0,124.23902
2018-07-05 00:00:00,25.0,101.56556
2018-07-05 01:00:00,22.0,81.03305
2018-07-05 02:00:00,12.0,73.72891
2018-07-05 03:00:00,7.0,63.759583
2018-07-05 04:00:00,28.0,79.45657
2018-07-05 05:00:00,110.0,115.56939
2018-07-05 06:00:00,389.0,152.57703
2018-07-05 07:00:00,392.0,205.09363
2018-07-05 08:00:00,320.0,251.2875
2018-07-05 09:00:00,268.0,297.76892
2018-07-05 10:00:00,253.0,319.64526
2018-07-05 11:00:00,330.0,358.3322
2018-07-05 12:00:00,274.0,417.7276
2018-07-05 13:00:00,321.0,431.8114
2018-07-05 14:00:00,331.0,440.65683
2018-07-05 15:00:00,374.0,414.91406
2018-07-05 16:00:00,473.0,420.7893
2018-07-05 17:00:00,627.0,401.56647
2018-07-05 18:00:00,507.0,359.40875
2018-07-05 19:00:00,298.0,294.4388
2018-07-05 20:00:00,218.0,258.75247
2018-07-05 21:00:00,128.0,212.24043
2018-07-05 22:00:00,107.0,168.24072
2018-07-05 23:00:00,67.0,129.32285
2018-07-06 00:00:00,25.0,101.007095
2018-07-06 01:00:00,22.0,80.56706
2018-07-06 02:00:00,13.0,71.968414
2018-07-06 03:00:00,14.0,75.803406
2018-07-06 04:00:00,25.0,91.46608
2018-07-06 05:00:00,118.0,119.11637
2018-07-06 06:00:00,353.0,154.9774
2018-07-06 07:00:00,385.0,206.53876
2018-07-06 08:00:00,242.0,230.5818
2018-07-06 09:00:00,264.0,276.28915
2018-07-06 10:00:00,289.0,342.93573
2018-07-06 11:00:00,341.0,382.22345
2018-07-06 12:00:00,304.0,415.53497
2018-07-06 13:00:00,331.0,434.59814
2018-07-06 14:00:00,400.0,420.9045
2018-07-06 15:00:00,468.0,416.6659
2018-07-06 16:00:00,561.0,423.96002
2018-07-06 17:00:00,607.0,398.1819
2018-07-06 18:00:00,413.0,384.62222
2018-07-06 19:00:00,313.0,322.81067
2018-07-06 20:00:00,230.0,262.20056
2018-07-06 21:00:00,149.0,215.59607
2018-07-06 22:00:00,147.0,171.10342
2018-07-06 23:00:00,102.0,131.5383
2018-07-07 00:00:00,64.0,80.454636
2018-07-07 01:00:00,35.0,60.56938
2018-07-07 02:00:00,26.0,51.60083
2018-07-07 03:00:00,17.0,54.881073
2018-07-07 04:00:00,31.0,70.081436
2018-07-07 05:00:00,55.0,97.49736
2018-07-07 06:00:00,119.0,137.27121
2018-07-07 07:00:00,201.0,215.32816
2018-07-07 08:00:00,272.0,262.26175
2018-07-07 09:00:00,411.0,309.42102
2018-07-07 10:00:00,416.0,354.65338
2018-07-07 11:00:00,397.0,394.49588
2018-07-07 12:00:00,374.0,425.95172
2018-07-07 13:00:00,419.0,447.59375
2018-07-07 14:00:00,438.0,456.65472
2018-07-07 15:00:00,498.0,453.65192
2018-07-07 16:00:00,468.0,438.08173
2018-07-07 17:00:00,478.0,411.8248
2018-07-07 18:00:00,379.0,375.7459
2018-07-07 19:00:00,258.0,309.92905
2018-07-07 20:00:00,182.0,245.71649
2018-07-07 21:00:00,154.0,198.0949
2018-07-07 22:00:00,143.0,153.60225
2018-07-07 23:00:00,139.0,113.66728
2018-07-08 00:00:00,68.0,73.58011
2018-07-08 01:00:00,65.0,52.12294
2018-07-08 02:00:00,44.0,42.969498
2018-07-08 03:00:00,31.0,46.157257
2018-07-08 04:00:00,37.0,61.1727
2018-07-08 05:00:00,32.0,100.88182
2018-07-08 06:00:00,62.0,142.6203
2018-07-08 07:00:00,101.0,207.43654
2018-07-08 08:00:00,184.0,254.37012
2018-07-08 09:00:00,295.0,302.2691
2018-07-08 10:00:00,324.0,347.409
2018-07-08 11:00:00,410.0,387.25153
2018-07-08 12:00:00,383.0,418.70734
2018-07-08 13:00:00,443.0,438.41772
2018-07-08 14:00:00,554.0,442.0965
2018-07-08 15:00:00,622.0,441.5536
2018-07-08 16:00:00,649.0,430.83734
2018-07-08 17:00:00,635.0,397.4515
2018-07-08 18:00:00,554.0,344.88275
2018-07-08 19:00:00,470.0,300.82898
2018-07-08 20:00:00,368.0,238.28717
2018-07-08 21:00:00,248.0,190.85051
2018-07-08 22:00:00,134.0,146.63525
2018-07-08 23:00:00,57.0,106.885216
2018-07-09 00:00:00,30.0,84.475235
2018-07-09 01:00:00,20.0,63.203033
2018-07-09 02:00:00,10.0,53.772186
2018-07-09 03:00:00,12.0,56.405167
2018-07-09 04:00:00,34.0,71.88292
2018-07-09 05:00:00,131.0,111.71746
2018-07-09 06:00:00,371.0,152.96065
2018-07-09 07:00:00,363.0,217.86937
2018-07-09 08:00:00,320.0,264.52554
2018-07-09 09:00:00,315.0,312.0547
2018-07-09 10:00:00,297.0,357.84183
2018-07-09 11:00:00,318.0,397.7768
2018-07-09 12:00:00,278.0,429.14014
2018-07-09 13:00:00,329.0,450.13498
2018-07-09 14:00:00,363.0,459.2884
2018-07-09 15:00:00,413.0,455.54584
2018-07-09 16:00:00,581.0,440.53046
2018-07-09 17:00:00,689.0,413.99612
2018-07-09 18:00:00,459.0,369.52036
2018-07-09 19:00:00,259.0,308.0521
2018-07-09 20:00:00,185.0,246.4084
2018-07-09 21:00:00,139.0,198.87927
2018-07-09 22:00:00,86.0,154.57156
2018-07-09 23:00:00,45.0,115.74615
2018-07-10 00:00:00,19.0,85.233795
2018-07-10 01:00:00,11.0,63.869125
2018-07-10 02:00:00,13.0,55.362915
2018-07-10 03:00:00,15.0,58.55069
2018-07-10 04:00:00,37.0,73.75105
2018-07-10 05:00:00,117.0,99.82302
2018-07-10 06:00:00,390.0,135.62454
2018-07-10 07:00:00,425.0,211.57498
2018-07-10 08:00:00,315.0,264.4025
2018-07-10 09:00:00,270.0,286.05435
2018-07-10 10:00:00,293.0,329.66537
2018-07-10 11:00:00,295.0,366.82
2018-07-10 12:00:00,256.0,397.44366
2018-07-10 13:00:00,309.0,417.60632
2018-07-10 14:00:00,331.0,426.20496
2018-07-10 15:00:00,440.0,427.6862
2018-07-10 16:00:00,574.0,416.58362
2018-07-10 17:00:00,679.0,382.42508
2018-07-10 18:00:00,476.0,347.02637
2018-07-10 19:00:00,255.0,308.16983
2018-07-10 20:00:00,154.0,245.50262
2018-07-10 21:00:00,108.0,198.4358
2018-07-10 22:00:00,95.0,154.03561
2018-07-10 23:00:00,43.0,115.02529
2018-07-11 00:00:00,17.0,90.96402
2018-07-11 01:00:00,12.0,69.96919
2018-07-11 02:00:00,10.0,60.07602
2018-07-11 03:00:00,13.0,63.17131
2018-07-11 04:00:00,25.0,78.46416
2018-07-11 05:00:00,122.0,104.906006
2018-07-11 06:00:00,353.0,140.06027
2018-07-11 07:00:00,343.0,193.47498
2018-07-11 08:00:00,288.0,240.05519
2018-07-11 09:00:00,284.0,286.6432
2018-07-11 10:00:00,326.0,331.13583
2018-07-11 11:00:00,332.0,375.4194
2018-07-11 12:00:00,279.0,422.315
2018-07-11 13:00:00,345.0,449.74203
2018-07-11 14:00:00,367.0,459.08038
2018-07-11 15:00:00,455.0,452.4751
2018-07-11 16:00:00,589.0,437.4762
2018-07-11 17:00:00,736.0,409.5485
2018-07-11 18:00:00,488.0,356.54398
2018-07-11 19:00:00,281.0,309.56793
2018-07-11 20:00:00,158.0,251.60269
2018-07-11 21:00:00,97.0,204.35095
2018-07-11 22:00:00,82.0,158.65628
2018-07-11 23:00:00,60.0,119.64594
2018-07-12 00:00:00,19.0,95.82987
2018-07-12 01:00:00,17.0,74.83505
2018-07-12 02:00:00,12.0,66.0515
2018-07-12 03:00:00,13.0,69.23926
2018-07-12 04:00:00,24.0,84.34711
2018-07-12 05:00:00,121.0,124.78587
2018-07-12 06:00:00,347.0,165.51732
2018-07-12 07:00:00,370.0,230.7034
2018-07-12 08:00:00,313.0,277.17468
2018-07-12 09:00:00,296.0,325.4435
2018-07-12 10:00:00,288.0,370.21353
2018-07-12 11:00:00,336.0,410.51837
2018-07-12 12:00:00,254.0,441.6968
2018-07-12 13:00:00,313.0,462.96906
2018-07-12 14:00:00,430.0,472.2149
2018-07-12 15:00:00,479.0,469.397
2018-07-12 16:00:00,575.0,454.28912
2018-07-12 17:00:00,709.0,420.71838
2018-07-12 18:00:00,502.0,389.87973
2018-07-12 19:00:00,290.0,328.56342
2018-07-12 20:00:00,228.0,262.01636
2018-07-12 21:00:00,163.0,214.30232
2018-07-12 22:00:00,99.0,168.7001
2018-07-12 23:00:00,40.0,128.95004
2018-07-13 00:00:00,28.0,100.50927
2018-07-13 01:00:00,16.0,79.88431
2018-07-13 02:00:00,12.0,70.1761
2018-07-13 03:00:00,11.0,73.08646
2018-07-13 04:00:00,28.0,88.194336
2018-07-13 05:00:00,119.0,129.75916
2018-07-13 06:00:00,328.0,170.19672
2018-07-13 07:00:00,313.0,235.38281
2018-07-13 08:00:00,257.0,282.5013
2018-07-13 09:00:00,290.0,330.58524
2018-07-13 10:00:00,319.0,375.63263
2018-07-13 11:00:00,323.0,415.47516
2018-07-13 12:00:00,312.0,447.3933
2018-07-13 13:00:00,374.0,468.57306
2018-07-13 14:00:00,456.0,477.54156
2018-07-13 15:00:00,500.0,473.85852
2018-07-13 16:00:00,610.0,454.3755
2018-07-13 17:00:00,704.0,426.55676
2018-07-13 18:00:00,523.0,391.4355
2018-07-13 19:00:00,335.0,330.446
2018-07-13 20:00:00,213.0,265.95605
2018-07-13 21:00:00,156.0,218.5194
2018-07-13 22:00:00,113.0,173.56444
2018-07-13 23:00:00,78.0,134.5541
2018-07-14 00:00:00,83.0,82.2363
2018-07-14 01:00:00,43.0,61.426422
2018-07-14 02:00:00,46.0,52.827744
2018-07-14 03:00:00,29.0,55.36827
2018-07-14 04:00:00,21.0,70.291214
2018-07-14 05:00:00,57.0,109.33661
2018-07-14 06:00:00,92.0,137.48099
2018-07-14 07:00:00,188.0,195.54819
2018-07-14 08:00:00,265.0,258.10648
2018-07-14 09:00:00,353.0,290.59863
2018-07-14 10:00:00,378.0,353.034
2018-07-14 11:00:00,395.0,396.55493
2018-07-14 12:00:00,405.0,428.01077
2018-07-14 13:00:00,400.0,444.3366
2018-07-14 14:00:00,436.0,456.00946
2018-07-14 15:00:00,468.0,450.37823
2018-07-14 16:00:00,498.0,432.75098
2018-07-14 17:00:00,479.0,383.463
2018-07-14 18:00:00,418.0,349.62616
2018-07-14 19:00:00,296.0,305.6218
2018-07-14 20:00:00,217.0,245.83382
2018-07-14 21:00:00,169.0,198.58208
2018-07-14 22:00:00,124.0,154.08943
2018-07-14 23:00:00,115.0,115.171555
2018-07-15 00:00:00,72.0,74.775375
2018-07-15 01:00:00,54.0,53.780563
2018-07-15 02:00:00,38.0,44.442184
2018-07-15 03:00:00,26.0,47.167618
2018-07-15 04:00:00,22.0,62.36798
2018-07-15 05:00:00,27.0,88.3475
2018-07-15 06:00:00,51.0,124.51888
2018-07-15 07:00:00,84.0,207.78316
2018-07-15 08:00:00,248.0,250.4176
2018-07-15 09:00:00,303.0,297.09808
2018-07-15 10:00:00,332.0,347.86456
2018-07-15 11:00:00,389.0,386.68997
2018-07-15 12:00:00,371.0,419.07043
2018-07-15 13:00:00,436.0,440.1577
2018-07-15 14:00:00,475.0,445.81763
2018-07-15 15:00:00,622.0,417.26437
2018-07-15 16:00:00,632.0,383.64722
2018-07-15 17:00:00,413.0,392.82153
2018-07-15 18:00:00,309.0,334.46783
2018-07-15 19:00:00,280.0,292.3622
2018-07-15 20:00:00,244.0,221.70154
2018-07-15 21:00:00,175.0,185.8201
2018-07-15 22:00:00,100.0,129.61792
2018-07-15 23:00:00,51.0,102.1628
2018-07-16 00:00:00,36.0,80.64635
2018-07-16 01:00:00,28.0,59.743988
2018-07-16 02:00:00,11.0,50.40561
2018-07-16 03:00:00,17.0,53.315964
2018-07-16 04:00:00,32.0,68.70128
2018-07-16 05:00:00,128.0,97.93993
2018-07-16 06:00:00,339.0,141.07178
2018-07-16 07:00:00,348.0,215.05759
2018-07-16 08:00:00,288.0,262.26855
2018-07-16 09:00:00,270.0,309.89014
2018-07-16 10:00:00,310.0,355.30743
2018-07-16 11:00:00,289.0,394.87253
2018-07-16 12:00:00,264.0,427.253
2018-07-16 13:00:00,345.0,448.3403
2018-07-16 14:00:00,350.0,457.95602
2018-07-16 15:00:00,372.0,454.86072
2018-07-16 16:00:00,474.0,439.29053
2018-07-16 17:00:00,660.0,412.66376
2018-07-16 18:00:00,435.0,376.58487
2018-07-16 19:00:00,277.0,307.98767
2018-07-16 20:00:00,165.0,245.35342
2018-07-16 21:00:00,132.0,197.73184
2018-07-16 22:00:00,104.0,140.94426
2018-07-16 23:00:00,51.0,112.56451
2018-07-17 00:00:00,15.0,82.576324
2018-07-17 01:00:00,15.0,61.951355
2018-07-17 02:00:00,19.0,51.780807
2018-07-17 03:00:00,12.0,55.708298
2018-07-17 04:00:00,23.0,69.98401
2018-07-17 05:00:00,117.0,108.90397
2018-07-17 06:00:00,316.0,142.78387
2018-07-17 07:00:00,320.0,192.25282
2018-07-17 08:00:00,302.0,259.6385
2018-07-17 09:00:00,252.0,309.5781
2018-07-17 10:00:00,292.0,356.86755
2018-07-17 11:00:00,278.0,396.43265
2018-07-17 12:00:00,278.0,426.20123
2018-07-17 13:00:00,308.0,421.3353
2018-07-17 14:00:00,341.0,450.505
2018-07-17 15:00:00,425.0,426.98053
2018-07-17 16:00:00,525.0,428.23343
2018-07-17 17:00:00,664.0,406.19324
2018-07-17 18:00:00,389.0,372.66672
2018-07-17 19:00:00,233.0,322.50754
2018-07-17 20:00:00,176.0,243.86224
2018-07-17 21:00:00,112.0,196.61052
2018-07-17 22:00:00,74.0,152.3028
2018-07-17 23:00:00,46.0,113.47739
2018-07-18 00:00:00,23.0,90.033264
2018-07-18 01:00:00,15.0,68.576126
2018-07-18 02:00:00,10.0,58.867874
2018-07-18 03:00:00,14.0,62.1481
2018-07-18 04:00:00,22.0,77.348465
2018-07-18 05:00:00,123.0,115.528725
2018-07-18 06:00:00,332.0,158.98099
2018-07-18 07:00:00,324.0,223.98216
2018-07-18 08:00:00,286.0,271.0082
2018-07-18 09:00:00,275.0,318.81473
2018-07-18 10:00:00,317.0,364.13953
2018-07-18 11:00:00,287.0,404.167
2018-07-18 12:00:00,297.0,435.90018
2018-07-18 13:00:00,355.0,457.3573
2018-07-18 14:00:00,398.0,466.78815
2018-07-18 15:00:00,494.0,463.13806
2018-07-18 16:00:00,599.0,448.12268
2018-07-18 17:00:00,671.0,421.58835
2018-07-18 18:00:00,564.0,385.78683
2018-07-18 19:00:00,312.0,337.00455
2018-07-18 20:00:00,217.0,254.00063
2018-07-18 21:00:00,210.0,205.73178
2018-07-18 22:00:00,106.0,162.07132
2018-07-18 23:00:00,55.0,122.228806
2018-07-19 00:00:00,26.0,98.47562
2018-07-19 01:00:00,29.0,78.31299
2018-07-19 02:00:00,14.0,69.06711
2018-07-19 03:00:00,17.0,71.88501
2018-07-19 04:00:00,24.0,86.90039
2018-07-19 05:00:00,121.0,126.25614
2018-07-19 06:00:00,323.0,167.79321
2018-07-19 07:00:00,336.0,233.16423
2018-07-19 08:00:00,272.0,279.6355
2018-07-19 09:00:00,258.0,327.1646
2018-07-19 10:00:00,286.0,372.48944
2018-07-19 11:00:00,303.0,412.70178
2018-07-19 12:00:00,283.0,444.9898
2018-07-19 13:00:00,332.0,466.16956
2018-07-19 14:00:00,368.0,475.323
2018-07-19 15:00:00,455.0,471.76538
2018-07-19 16:00:00,550.0,456.28763
2018-07-19 17:00:00,707.0,429.93823
2018-07-19 18:00:00,457.0,393.6744
2018-07-19 19:00:00,352.0,327.5207
2018-07-19 20:00:00,218.0,262.53546
2018-07-19 21:00:00,168.0,215.46866
2018-07-19 22:00:00,108.0,169.49658
2018-07-19 23:00:00,71.0,130.20886
2018-07-20 00:00:00,30.0,101.46163
2018-07-20 01:00:00,26.0,80.83667
2018-07-20 02:00:00,9.0,71.68324
2018-07-20 03:00:00,15.0,74.40866
2018-07-20 04:00:00,18.0,89.42409
2018-07-20 05:00:00,108.0,125.23688
2018-07-20 06:00:00,305.0,170.87169
2018-07-20 07:00:00,321.0,236.2427
2018-07-20 08:00:00,235.0,282.99136
2018-07-20 09:00:00,295.0,330.89035
2018-07-20 10:00:00,314.0,376.03024
2018-07-20 11:00:00,341.0,416.42752
2018-07-20 12:00:00,341.0,447.7744
2018-07-20 13:00:00,327.0,445.8142
2018-07-20 14:00:00,399.0,449.34106
2018-07-20 15:00:00,475.0,443.49838
2018-07-20 16:00:00,616.0,426.72614
2018-07-20 17:00:00,525.0,399.45212
2018-07-20 18:00:00,456.0,362.0481
2018-07-20 19:00:00,282.0,318.46307
2018-07-20 20:00:00,191.0,260.62088
2018-07-20 21:00:00,140.0,214.20132
2018-07-20 22:00:00,96.0,158.46208
2018-07-20 23:00:00,109.0,130.39032
2018-07-21 00:00:00,47.0,79.46161
2018-07-21 01:00:00,60.0,58.83664
2018-07-21 02:00:00,28.0,49.77565
2018-07-21 03:00:00,24.0,53.610672
2018-07-21 04:00:00,19.0,68.811035
2018-07-21 05:00:00,49.0,95.34532
2018-07-21 06:00:00,93.0,130.59207
2018-07-21 07:00:00,137.0,184.56155
2018-07-21 08:00:00,206.0,231.15825
2018-07-21 09:00:00,326.0,278.90527
2018-07-21 10:00:00,360.0,322.12994
2018-07-21 11:00:00,352.0,361.1403
2018-07-21 12:00:00,305.0,391.94885
2018-07-21 13:00:00,343.0,412.20398
2018-07-21 14:00:00,354.0,420.8026
2018-07-21 15:00:00,363.0,416.9676
2018-07-21 16:00:00,390.0,378.22577
2018-07-21 17:00:00,354.0,373.75354
2018-07-21 18:00:00,265.0,338.5993
2018-07-21 19:00:00,204.0,296.30872
2018-07-21 20:00:00,223.0,238.89824
2018-07-21 21:00:00,222.0,192.01636
2018-07-21 22:00:00,153.0,148.17096
2018-07-21 23:00:00,102.0,108.97571
2018-07-22 00:00:00,78.0,69.4762
2018-07-22 01:00:00,68.0,48.94368
2018-07-22 02:00:00,53.0,40.34503
2018-07-22 03:00:00,31.0,43.162918
2018-07-22 04:00:00,16.0,58.918076
2018-07-22 05:00:00,33.0,85.544846
2018-07-22 06:00:00,65.0,129.34042
2018-07-22 07:00:00,80.0,201.17665
2018-07-22 08:00:00,168.0,244.61673
2018-07-22 09:00:00,231.0,293.92557
2018-07-22 10:00:00,339.0,334.9842
2018-07-22 11:00:00,347.0,331.58002
2018-07-22 12:00:00,298.0,359.19727
2018-07-22 13:00:00,379.0,401.29395
2018-07-22 14:00:00,434.0,411.83432
2018-07-22 15:00:00,436.0,409.1089
2018-07-22 16:00:00,458.0,393.5387
2018-07-22 17:00:00,466.0,367.18933
2018-07-22 18:00:00,347.0,331.3878
2018-07-22 19:00:00,227.0,288.63492
2018-07-22 20:00:00,190.0,231.22444
2018-07-22 21:00:00,152.0,184.43503
2018-07-22 22:00:00,124.0,140.1273
2018-07-22 23:00:00,41.0,101.209435
2018-07-23 00:00:00,43.0,79.850494
2018-07-23 01:00:00,25.0,59.50293
2018-07-23 02:00:00,8.0,50.71933
2018-07-23 03:00:00,13.0,54.09201
2018-07-23 04:00:00,20.0,69.19992
2018-07-23 05:00:00,108.0,95.82668
2018-07-23 06:00:00,277.0,131.44328
2018-07-23 07:00:00,340.0,185.13539
2018-07-23 08:00:00,287.0,231.42172
2018-07-23 09:00:00,300.0,278.581
2018-07-23 10:00:00,311.0,345.0216
2018-07-23 11:00:00,303.0,363.9232
2018-07-23 12:00:00,275.0,397.94788
2018-07-23 13:00:00,320.0,442.28406
2018-07-23 14:00:00,328.0,453.36917
2018-07-23 15:00:00,354.0,450.36633
2018-07-23 16:00:00,450.0,435.16602
2018-07-23 17:00:00,615.0,408.90906
2018-07-23 18:00:00,408.0,372.70474
2018-07-23 19:00:00,263.0,309.8431
2018-07-23 20:00:00,198.0,242.61584
2018-07-23 21:00:00,139.0,195.17918
2018-07-23 22:00:00,84.0,150.77899
2018-07-23 23:00:00,48.0,111.213875
2018-07-24 00:00:00,21.0,80.82901
2018-07-24 01:00:00,19.0,60.111557
2018-07-24 02:00:00,12.0,51.143036
2018-07-24 03:00:00,15.0,54.238358
2018-07-24 04:00:00,27.0,68.976395
2018-07-24 05:00:00,86.0,107.156654
2018-07-24 06:00:00,284.0,150.33151
2018-07-24 07:00:00,307.0,215.0553
2018-07-24 08:00:00,272.0,261.80396
2018-07-24 09:00:00,308.0,309.98035
2018-07-24 10:00:00,314.0,355.76746
2018-07-24 11:00:00,300.0,395.70245
2018-07-24 12:00:00,229.0,426.97333
2018-07-24 13:00:00,323.0,448.52295
2018-07-24 14:00:00,383.0,458.41608
2018-07-24 15:00:00,427.0,452.78488
2018-07-24 16:00:00,516.0,436.90433
2018-07-24 17:00:00,686.0,413.18332
2018-07-24 18:00:00,471.0,374.25815
2018-07-24 19:00:00,296.0,309.0785
2018-07-24 20:00:00,195.0,246.64566
2018-07-24 21:00:00,140.0,198.83914
2018-07-24 22:00:00,94.0,153.69925
2018-07-24 23:00:00,44.0,114.31905
2018-07-25 00:00:00,24.0,89.92403
2018-07-25 01:00:00,12.0,69.39151
2018-07-25 02:00:00,16.0,60.238052
2018-07-25 03:00:00,11.0,63.888138
2018-07-25 04:00:00,25.0,77.70155
2018-07-25 05:00:00,86.0,111.473724
2018-07-25 06:00:00,261.0,159.05667
2018-07-25 07:00:00,324.0,224.4277
2018-07-25 08:00:00,244.0,271.5462
2018-07-25 09:00:00,272.0,319.26025
2018-07-25 10:00:00,301.0,364.40015
2018-07-25 11:00:00,304.0,405.07483
2018-07-25 12:00:00,270.0,435.79095
2018-07-25 13:00:00,350.0,456.87823
2018-07-25 14:00:00,405.0,466.1241
2018-07-25 15:00:00,446.0,463.12128
2018-07-25 16:00:00,532.0,447.92096
2018-07-25 17:00:00,644.0,421.2942
2018-07-25 18:00:00,467.0,384.84546
2018-07-25 19:00:00,312.0,332.35175
2018-07-25 20:00:00,234.0,253.05922
2018-07-25 21:00:00,174.0,205.43762
2018-07-25 22:00:00,111.0,161.03745
2018-07-25 23:00:00,68.0,122.3045
2018-07-26 00:00:00,26.0,98.987946
2018-07-26 01:00:00,22.0,77.623276
2018-07-26 02:00:00,19.0,68.28493
2018-07-26 03:00:00,11.0,70.73299
2018-07-26 04:00:00,19.0,85.933304
2018-07-26 05:00:00,85.0,122.938065
2018-07-26 06:00:00,262.0,167.10352
2018-07-26 07:00:00,298.0,232.19714
2018-07-26 08:00:00,284.0,279.03827
2018-07-26 09:00:00,264.0,327.39957
2018-07-26 10:00:00,295.0,372.53943
2018-07-26 11:00:00,291.0,413.30658
2018-07-26 12:00:00,282.0,442.9992
2018-07-26 13:00:00,329.0,465.3709
2018-07-26 14:00:00,407.0,474.72577
2018-07-26 15:00:00,451.0,471.35303
2018-07-26 16:00:00,587.0,455.7829
2018-07-26 17:00:00,619.0,428.97116
2018-07-26 18:00:00,436.0,392.7073
2018-07-26 19:00:00,278.0,341.60703
2018-07-26 20:00:00,194.0,260.7362
2018-07-26 21:00:00,150.0,213.20706
2018-07-26 22:00:00,133.0,168.34457
2018-07-26 23:00:00,73.0,129.98148
2018-07-27 00:00:00,51.0,101.024216
2018-07-27 01:00:00,22.0,79.28969
2018-07-27 02:00:00,16.0,69.67395
2018-07-27 03:00:00,17.0,72.67676
2018-07-27 04:00:00,30.0,87.414795
2018-07-27 05:00:00,83.0,125.2847
2018-07-27 06:00:00,243.0,169.50963
2018-07-27 07:00:00,299.0,234.41833
2018-07-27 08:00:00,254.0,281.35193
2018-07-27 09:00:00,265.0,328.69614
2018-07-27 10:00:00,345.0,374.20587
2018-07-27 11:00:00,311.0,413.9559
2018-07-27 12:00:00,313.0,445.87405
2018-07-27 13:00:00,328.0,467.23874
2018-07-27 14:00:00,400.0,476.76202
2018-07-27 15:00:00,427.0,473.75916
2018-07-27 16:00:00,603.0,458.6513
2018-07-27 17:00:00,628.0,432.117
2018-07-27 18:00:00,455.0,395.94562
2018-07-27 19:00:00,332.0,344.64392
2018-07-27 20:00:00,246.0,263.88202
2018-07-27 21:00:00,221.0,215.98305
2018-07-27 22:00:00,166.0,170.65823
2018-07-27 23:00:00,141.0,130.8157
2018-07-28 00:00:00,95.0,79.09216
2018-07-28 01:00:00,49.0,58.744583
2018-07-28 02:00:00,32.0,49.498657
2018-07-28 03:00:00,36.0,52.778915
2018-07-28 04:00:00,22.0,67.886795
2018-07-28 05:00:00,42.0,96.83159
2018-07-28 06:00:00,99.0,140.28384
2018-07-28 07:00:00,193.0,186.75456
2018-07-28 08:00:00,278.0,210.15254
2018-07-28 09:00:00,353.0,280.73483
2018-07-28 10:00:00,399.0,329.19977
2018-07-28 11:00:00,418.0,360.49347
2018-07-28 12:00:00,399.0,369.085
2018-07-28 13:00:00,431.0,389.15515
2018-07-28 14:00:00,451.0,420.89548
2018-07-28 15:00:00,461.0,416.96802
2018-07-28 16:00:00,493.0,403.25354
2018-07-28 17:00:00,461.0,375.04846
2018-07-28 18:00:00,380.0,342.46304
2018-07-28 19:00:00,273.0,298.73608
2018-07-28 20:00:00,194.0,238.43634
2018-07-28 21:00:00,147.0,191.09213
2018-07-28 22:00:00,139.0,146.59949
2018-07-28 23:00:00,118.0,107.49669
2018-07-29 00:00:00,96.0,67.97331
2018-07-29 01:00:00,64.0,47.625687
2018-07-29 02:00:00,48.0,38.472275
2018-07-29 03:00:00,41.0,42.02986
2018-07-29 04:00:00,23.0,56.860382
2018-07-29 05:00:00,35.0,91.018906
2018-07-29 06:00:00,60.0,138.12306
2018-07-29 07:00:00,98.0,202.9393
2018-07-29 08:00:00,198.0,249.8729
2018-07-29 09:00:00,253.0,298.5116
2018-07-29 10:00:00,338.0,343.559
2018-07-29 11:00:00,316.0,383.2166
2018-07-29 12:00:00,316.0,415.2272
2018-07-29 13:00:00,364.0,436.7768
2018-07-29 14:00:00,466.0,446.39252
2018-07-29 15:00:00,518.0,443.29724
2018-07-29 16:00:00,564.0,428.09692
2018-07-29 17:00:00,541.0,401.56262
2018-07-29 18:00:00,413.0,365.7611
2018-07-29 19:00:00,343.0,301.1692
2018-07-29 20:00:00,317.0,234.80704
2018-07-29 21:00:00,203.0,187.00052
2018-07-29 22:00:00,111.0,142.32295
2018-07-29 23:00:00,81.0,102.387985
2018-07-30 00:00:00,62.0,80.72836
2018-07-30 01:00:00,27.0,60.288345
2018-07-30 02:00:00,24.0,50.857483
2018-07-30 03:00:00,17.0,53.952805
2018-07-30 04:00:00,33.0,69.0607
2018-07-30 05:00:00,107.0,105.18382
2018-07-30 06:00:00,245.0,150.1384
2018-07-30 07:00:00,280.0,215.04713
2018-07-30 08:00:00,248.0,262.35056
2018-07-30 09:00:00,276.0,310.6194
2018-07-30 10:00:00,315.0,356.03668
2018-07-30 11:00:00,272.0,395.50934
2018-07-30 12:00:00,287.0,427.33502
2018-07-30 13:00:00,292.0,448.6997
2018-07-30 14:00:00,353.0,458.22296
2018-07-30 15:00:00,450.0,454.66534
2018-07-30 16:00:00,497.0,439.5575
2018-07-30 17:00:00,622.0,413.0232
2018-07-30 18:00:00,439.0,373.92957
2018-07-30 19:00:00,244.0,305.9366
2018-07-30 20:00:00,193.0,244.78821
2018-07-30 21:00:00,166.0,196.61183
2018-07-30 22:00:00,93.0,151.93427
2018-07-30 23:00:00,49.0,112.184204
2018-07-31 00:00:00,50.0,81.77667
2018-07-31 01:00:00,22.0,60.504456
2018-07-31 02:00:00,14.0,51.905777
2018-07-31 03:00:00,8.0,54.538773
2018-07-31 04:00:00,23.0,69.739136
2018-07-31 05:00:00,95.0,105.38348
2018-07-31 06:00:00,245.0,150.90933
2018-07-31 07:00:00,299.0,215.91049
2018-07-31 08:00:00,242.0,263.3064
2018-07-31 09:00:00,295.0,311.66772
2018-07-31 10:00:00,286.0,356.9925
2018-07-31 11:00:00,332.0,397.11243
2018-07-31 12:00:00,276.0,429.4929
2018-07-31 13:00:00,329.0,450.76514
2018-07-31 14:00:00,446.0,460.011
2018-07-31 15:00:00,448.0,456.73077
2018-07-31 16:00:00,561.0,441.438
2018-07-31 17:00:00,574.0,415.45844
2018-07-31 18:00:00,473.0,379.00967
2018-07-31 19:00:00,328.0,311.20166
2018-07-31 20:00:00,221.0,248.33302
2018-07-31 21:00:00,158.0,201.35867
2018-07-31 22:00:00,110.0,155.664
2018-07-31 23:00:00,125.0,115.82149
2019-10-01 00:00:00,24.0,75.97121
2019-10-01 01:00:00,14.0,55.623642
2019-10-01 02:00:00,10.0,46.932495
2019-10-01 03:00:00,12.0,50.212738
2019-10-01 04:00:00,20.0,65.78294
2019-10-01 05:00:00,91.0,91.76245
2019-10-01 06:00:00,289.0,130.7206
2019-10-01 07:00:00,357.0,210.9372
2019-10-01 08:00:00,255.0,258.05573
2019-10-01 09:00:00,232.0,305.58484
2019-10-01 10:00:00,257.0,350.43085
2019-10-01 11:00:00,272.0,390.65973
2019-10-01 12:00:00,264.0,422.57785
2019-10-01 13:00:00,301.0,443.38776
2019-10-01 14:00:00,316.0,452.6336
2019-10-01 15:00:00,364.0,445.4406
2019-10-01 16:00:00,469.0,404.00964
2019-10-01 17:00:00,592.0,377.2904
2019-10-01 18:00:00,422.0,341.2115
2019-10-01 19:00:00,261.0,277.23367
2019-10-01 20:00:00,174.0,231.0723
2019-10-01 21:00:00,120.0,182.30426
2019-10-01 22:00:00,91.0,137.50237
2019-10-01 23:00:00,61.0,99.35671
2019-10-02 00:00:00,25.0,85.70915
2019-10-02 01:00:00,14.0,65.454056
2019-10-02 02:00:00,10.0,56.639816
2019-10-02 03:00:00,12.0,49.81552
2019-10-02 04:00:00,21.0,64.42798
2019-10-02 05:00:00,92.0,100.85316
2019-10-02 06:00:00,292.0,136.43913
2019-10-02 07:00:00,361.0,191.52225
2019-10-02 08:00:00,258.0,240.05063
2019-10-02 09:00:00,234.0,260.99243
2019-10-02 10:00:00,259.0,334.9251
2019-10-02 11:00:00,275.0,344.85226
2019-10-02 12:00:00,266.0,377.74902
2019-10-02 13:00:00,304.0,396.77917
2019-10-02 14:00:00,319.0,404.99274
2019-10-02 15:00:00,368.0,400.19904
2019-10-02 16:00:00,474.0,383.91852
2019-10-02 17:00:00,598.0,355.90417
2019-10-02 18:00:00,427.0,341.70306
2019-10-02 19:00:00,263.0,298.95016
2019-10-02 20:00:00,176.0,241.53969
2019-10-02 21:00:00,121.0,194.75027
2019-10-02 22:00:00,92.0,143.27812
2019-10-02 23:00:00,62.0,98.151436
2019-10-03 00:00:00,26.0,86.45383
2019-10-03 01:00:00,15.0,65.82887
2019-10-03 02:00:00,11.0,57.5076
2019-10-03 03:00:00,13.0,61.342636
2019-10-03 04:00:00,22.0,76.63542
2019-10-03 05:00:00,99.0,102.337555
2019-10-03 06:00:00,313.0,138.07956
2019-10-03 07:00:00,387.0,220.40271
2019-10-03 08:00:00,276.0,267.70615
2019-10-03 09:00:00,251.0,314.86542
2019-10-03 10:00:00,278.0,359.82043
2019-10-03 11:00:00,295.0,399.0157
2019-10-03 12:00:00,286.0,430.10162
2019-10-03 13:00:00,326.0,450.9115
2019-10-03 14:00:00,343.0,459.9725
2019-10-03 15:00:00,394.0,456.78473
2019-10-03 16:00:00,508.0,441.12207
2019-10-03 17:00:00,641.0,388.651
2019-10-03 18:00:00,457.0,347.71817
2019-10-03 19:00:00,282.0,305.24268
2019-10-03 20:00:00,189.0,248.387
2019-10-03 21:00:00,130.0,201.87495
2019-10-03 22:00:00,99.0,157.6597
2019-10-03 23:00:00,66.0,119.20416
2019-10-04 00:00:00,27.0,90.71854
2019-10-04 01:00:00,15.0,70.74083
2019-10-04 02:00:00,11.0,61.402435
2019-10-04 03:00:00,13.0,64.96008
2019-10-04 04:00:00,22.0,80.160416
2019-10-04 05:00:00,101.0,105.77008
2019-10-04 06:00:00,318.0,141.38666
2019-10-04 07:00:00,393.0,196.0034
2019-10-04 08:00:00,280.0,242.56714
2019-10-04 09:00:00,255.0,288.9867
2019-10-04 10:00:00,283.0,311.32477
2019-10-04 11:00:00,300.0,349.99713
2019-10-04 12:00:00,290.0,380.03412
2019-10-04 13:00:00,331.0,400.5666
2019-10-04 14:00:00,348.0,431.4123
2019-10-04 15:00:00,400.0,428.96423
2019-10-04 16:00:00,516.0,415.0584
2019-10-04 17:00:00,651.0,366.67755
2019-10-04 18:00:00,464.0,332.01996
2019-10-04 19:00:00,287.0,289.2652
2019-10-04 20:00:00,192.0,242.60712
2019-10-04 21:00:00,132.0,206.69444
2019-10-04 22:00:00,101.0,162.75658
2019-10-04 23:00:00,67.0,124.39351
2019-10-05 00:00:00,70.0,73.703156
2019-10-05 01:00:00,38.0,53.63298
2019-10-05 02:00:00,26.0,44.941833
2019-10-05 03:00:00,22.0,37.131058
2019-10-05 04:00:00,20.0,52.147705
2019-10-05 05:00:00,38.0,77.909195
2019-10-05 06:00:00,89.0,113.526405
2019-10-05 07:00:00,173.0,155.47708
2019-10-05 08:00:00,250.0,201.67285
2019-10-05 09:00:00,318.0,270.49188
2019-10-05 10:00:00,359.0,315.72427
2019-10-05 11:00:00,376.0,354.8271
2019-10-05 12:00:00,359.0,385.63562
2019-10-05 13:00:00,388.0,405.33594
2019-10-05 14:00:00,406.0,391.96494
2019-10-05 15:00:00,415.0,411.503
2019-10-05 16:00:00,444.0,395.82388
2019-10-05 17:00:00,415.0,346.30347
2019-10-05 18:00:00,342.0,332.28604
2019-10-05 19:00:00,246.0,268.05643
2019-10-05 20:00:00,174.0,222.10999
2019-10-05 21:00:00,132.0,185.9805
2019-10-05 22:00:00,125.0,131.13593
2019-10-05 23:00:00,106.0,92.063126
2019-10-06 00:00:00,78.0,63.59369
2019-10-06 01:00:00,52.0,43.276733
2019-10-06 02:00:00,39.0,34.400665
2019-10-06 03:00:00,33.0,37.68091
2019-10-06 04:00:00,20.0,53.066177
2019-10-06 05:00:00,27.0,79.32309
2019-10-06 06:00:00,69.0,114.93968
2019-10-06 07:00:00,82.0,168.44684
2019-10-06 08:00:00,155.0,214.82565
2019-10-06 09:00:00,244.0,261.8
2019-10-06 10:00:00,316.0,306.10773
2019-10-06 11:00:00,345.0,345.21054
2019-10-06 12:00:00,320.0,376.0191
2019-10-06 13:00:00,368.0,397.10638
2019-10-06 14:00:00,420.0,406.0749
2019-10-06 15:00:00,451.0,380.2696
2019-10-06 16:00:00,470.0,386.20737
2019-10-06 17:00:00,446.0,359.85797
2019-10-06 18:00:00,339.0,302.95273
2019-10-06 19:00:00,256.0,261.46497
2019-10-06 20:00:00,196.0,214.9
2019-10-06 21:00:00,138.0,170.67645
2019-10-06 22:00:00,89.0,123.95905
2019-10-06 23:00:00,58.0,93.477646
2019-10-07 00:00:00,24.0,72.61804
2019-10-07 01:00:00,14.0,52.547867
2019-10-07 02:00:00,10.0,43.024536
2019-10-07 03:00:00,12.0,46.027405
2019-10-07 04:00:00,20.0,61.227753
2019-10-07 05:00:00,91.0,87.669586
2019-10-07 06:00:00,289.0,122.7314
2019-10-07 07:00:00,357.0,199.28604
2019-10-07 08:00:00,255.0,253.22313
2019-10-07 09:00:00,231.0,296.00726
2019-10-07 10:00:00,257.0,323.97714
2019-10-07 11:00:00,272.0,362.87854
2019-10-07 12:00:00,263.0,393.2843
2019-10-07 13:00:00,300.0,410.80206
2019-10-07 14:00:00,316.0,444.1025
2019-10-07 15:00:00,363.0,439.94067
2019-10-07 16:00:00,468.0,424.69733
2019-10-07 17:00:00,591.0,372.62906
2019-10-07 18:00:00,422.0,331.2934
2019-10-07 19:00:00,260.0,288.72543
2019-10-07 20:00:00,174.0,232.23961
2019-10-07 21:00:00,120.0,185.82004
2019-10-07 22:00:00,91.0,141.6048
2019-10-07 23:00:00,61.0,102.22461
2019-10-08 00:00:00,24.0,71.85356
2019-10-08 01:00:00,14.0,51.505966
2019-10-08 02:00:00,10.0,42.53743
2019-10-08 03:00:00,12.0,46.372467
2019-10-08 04:00:00,20.0,61.202972
2019-10-08 05:00:00,92.0,87.82973
2019-10-08 06:00:00,290.0,123.44632
2019-10-08 07:00:00,358.0,177.32333
2019-10-08 08:00:00,256.0,223.51723
2019-10-08 09:00:00,232.0,270.67648
2019-10-08 10:00:00,258.0,315.64795
2019-10-08 11:00:00,273.0,354.6418
2019-10-08 12:00:00,264.0,385.6353
2019-10-08 13:00:00,301.0,407.12543
2019-10-08 14:00:00,317.0,421.82944
2019-10-08 15:00:00,365.0,412.87317
2019-10-08 16:00:00,470.0,426.7827
2019-10-08 17:00:00,593.0,374.01776
2019-10-08 18:00:00,423.0,334.31992
2019-10-08 19:00:00,261.0,292.12183
2019-10-08 20:00:00,175.0,235.8209
2019-10-08 21:00:00,120.0,189.58627
2019-10-08 22:00:00,92.0,145.6484
2019-10-08 23:00:00,61.0,107.47027
2019-10-09 00:00:00,24.0,73.76036
2019-10-09 01:00:00,14.0,54.34366
2019-10-09 02:00:00,10.0,45.341385
2019-10-09 03:00:00,12.0,53.598434
2019-10-09 04:00:00,20.0,65.70688
2019-10-09 05:00:00,92.0,89.21611
2019-10-09 06:00:00,290.0,124.49596
2019-10-09 07:00:00,358.0,165.6132
2019-10-09 08:00:00,256.0,212.79921
2019-10-09 09:00:00,232.0,258.94012
2019-10-09 10:00:00,257.0,303.18726
2019-10-09 11:00:00,273.0,341.0849
2019-10-09 12:00:00,264.0,371.3387
2019-10-09 13:00:00,301.0,390.6048
2019-10-09 14:00:00,317.0,398.24634
2019-10-09 15:00:00,365.0,394.16327
2019-10-09 16:00:00,470.0,378.77805
2019-10-09 17:00:00,593.0,352.2756
2019-10-09 18:00:00,423.0,338.50494
2019-10-09 19:00:00,261.0,295.9676
2019-10-09 20:00:00,175.0,239.66669
2019-10-09 21:00:00,189.0,193.52452
2019-10-09 22:00:00,121.0,139.35779
2019-10-09 23:00:00,86.0,111.74776
2019-10-10 00:00:00,78.0,78.81946
2019-10-10 01:00:00,44.0,67.772995
2019-10-10 02:00:00,11.0,59.143723
2019-10-10 03:00:00,18.0,63.564148
2019-10-10 04:00:00,22.0,79.31926
2019-10-10 05:00:00,88.0,105.391235
2019-10-10 06:00:00,297.0,140.73042
2019-10-10 07:00:00,308.0,193.90071
2019-10-10 08:00:00,252.0,240.24655
2019-10-10 09:00:00,264.0,287.03595
2019-10-10 10:00:00,275.0,333.77066
2019-10-10 11:00:00,260.0,372.7975
2019-10-10 12:00:00,234.0,430.0381
2019-10-10 13:00:00,261.0,450.94043
2019-10-10 14:00:00,298.0,458.36362
2019-10-10 15:00:00,314.0,450.90967
2019-10-10 16:00:00,446.0,439.873
2019-10-10 17:00:00,573.0,386.96613
2019-10-10 18:00:00,395.0,347.9055
2019-10-10 19:00:00,207.0,304.50534
2019-10-10 20:00:00,129.0,246.90994
2019-10-10 21:00:00,69.0,199.75067
2019-10-10 22:00:00,80.0,155.72034
2019-10-10 23:00:00,50.0,116.71002
2019-10-11 00:00:00,13.0,88.34354
2019-10-11 01:00:00,9.0,67.9035
2019-10-11 02:00:00,10.0,59.027435
2019-10-11 03:00:00,12.0,62.030304
2019-10-11 04:00:00,24.0,77.323105
2019-10-11 05:00:00,80.0,103.76494
2019-10-11 06:00:00,285.0,139.38152
2019-10-11 07:00:00,307.0,219.4956
2019-10-11 08:00:00,248.0,269.50342
2019-10-11 09:00:00,269.0,317.30994
2019-10-11 10:00:00,310.0,362.2649
2019-10-11 11:00:00,282.0,402.29233
2019-10-11 12:00:00,266.0,433.47076
2019-10-11 13:00:00,291.0,454.558
2019-10-11 14:00:00,374.0,463.98883
2019-10-11 15:00:00,496.0,460.52368
2019-10-11 16:00:00,562.0,444.49118
2019-10-11 17:00:00,627.0,389.48422
2019-10-11 18:00:00,437.0,350.99484
2019-10-11 19:00:00,279.0,307.68716
2019-10-11 20:00:00,160.0,250.5541
2019-10-11 21:00:00,128.0,203.57974
2019-10-11 22:00:00,113.0,159.17955
2019-10-11 23:00:00,77.0,119.89184
2019-10-12 00:00:00,41.0,68.85889
2019-10-12 01:00:00,28.0,48.14145
2019-10-12 02:00:00,10.0,39.35785
2019-10-12 03:00:00,20.0,42.823013
2019-10-12 04:00:00,12.0,58.670624
2019-10-12 05:00:00,36.0,84.65015
2019-10-12 06:00:00,88.0,119.434555
2019-10-12 07:00:00,138.0,202.85078
2019-10-12 08:00:00,204.0,250.85092
2019-10-12 09:00:00,334.0,298.47253
2019-10-12 10:00:00,422.0,344.07474
2019-10-12 11:00:00,388.0,384.2871
2019-10-12 12:00:00,348.0,415.2641
2019-10-12 13:00:00,400.0,412.93405
2019-10-12 14:00:00,485.0,419.92145
2019-10-12 15:00:00,499.0,438.3118
2019-10-12 16:00:00,590.0,423.56372
2019-10-12 17:00:00,554.0,369.53082
2019-10-12 18:00:00,423.0,333.08206
2019-10-12 19:00:00,289.0,290.7915
2019-10-12 20:00:00,223.0,233.84335
2019-10-12 21:00:00,146.0,186.96146
2019-10-12 22:00:00,150.0,142.83867
2019-10-12 23:00:00,151.0,102.81125
2019-10-13 00:00:00,125.0,62.968704
2019-10-13 01:00:00,66.0,42.62114
2019-10-13 02:00:00,35.0,34.11493
2019-10-13 03:00:00,21.0,36.378067
2019-10-13 04:00:00,25.0,51.855804
2019-10-13 05:00:00,32.0,78.02026
2019-10-13 06:00:00,35.0,113.35944
2019-10-13 07:00:00,114.0,192.15613
2019-10-13 08:00:00,164.0,243.57379
2019-10-13 09:00:00,298.0,287.4675
2019-10-13 10:00:00,380.0,313.39673
2019-10-13 11:00:00,467.0,370.92108
2019-10-13 12:00:00,348.0,405.3751
2019-10-13 13:00:00,453.0,422.33167
2019-10-13 14:00:00,535.0,438.59753
2019-10-13 15:00:00,699.0,434.94745
2019-10-13 16:00:00,752.0,418.839
2019-10-13 17:00:00,693.0,362.11823
2019-10-13 18:00:00,516.0,324.51044
2019-10-13 19:00:00,330.0,281.75754
2019-10-13 20:00:00,227.0,223.97722
2019-10-13 21:00:00,166.0,177.00287
2019-10-13 22:00:00,119.0,132.14038
2019-10-13 23:00:00,59.0,93.86977
2019-10-14 00:00:00,30.0,72.73053
2019-10-14 01:00:00,20.0,51.735718
2019-10-14 02:00:00,12.0,43.691803
2019-10-14 03:00:00,14.0,46.417282
2019-10-14 04:00:00,25.0,61.432693
2019-10-14 05:00:00,154.0,87.41222
2019-10-14 06:00:00,414.0,122.75141
2019-10-14 07:00:00,417.0,202.925
2019-10-14 08:00:00,343.0,252.68837
2019-10-14 09:00:00,282.0,300.2175
2019-10-14 10:00:00,323.0,345.72723
2019-10-14 11:00:00,311.0,385.66223
2019-10-14 12:00:00,254.0,417.11804
2019-10-14 13:00:00,310.0,438.20532
2019-10-14 14:00:00,405.0,447.7286
2019-10-14 15:00:00,532.0,444.07855
2019-10-14 16:00:00,710.0,427.67618
2019-10-14 17:00:00,796.0,370.84647
2019-10-14 18:00:00,564.0,333.625
2019-10-14 19:00:00,364.0,290.87213
2019-10-14 20:00:00,170.0,232.99933
2019-10-14 21:00:00,130.0,187.41194
2019-10-14 22:00:00,68.0,142.9193
2019-10-14 23:00:00,38.0,104.18636
2019-10-15 00:00:00,22.0,74.39899
2019-10-15 01:00:00,14.0,52.84938
2019-10-15 02:00:00,11.0,44.06578
2019-10-15 03:00:00,12.0,47.161102
2019-10-15 04:00:00,29.0,61.991592
2019-10-15 05:00:00,105.0,88.61836
2019-10-15 06:00:00,367.0,123.5877
2019-10-15 07:00:00,444.0,177.09486
2019-10-15 08:00:00,269.0,224.21338
2019-10-15 09:00:00,274.0,271.09528
2019-10-15 10:00:00,297.0,316.32764
2019-10-15 11:00:00,297.0,355.61536
2019-10-15 12:00:00,289.0,386.239
2019-10-15 13:00:00,288.0,406.49414
2019-10-15 14:00:00,343.0,392.63144
2019-10-15 15:00:00,361.0,390.12903
2019-10-15 16:00:00,484.0,372.95197
2019-10-15 17:00:00,633.0,346.04657
2019-10-15 18:00:00,451.0,311.32648
2019-10-15 19:00:00,223.0,267.15228
2019-10-15 20:00:00,161.0,221.51382
2019-10-15 21:00:00,98.0,173.92096
2019-10-15 22:00:00,77.0,129.52078
2019-10-15 23:00:00,44.0,101.293495
2019-10-16 00:00:00,26.0,78.366684
2019-10-16 01:00:00,11.0,58.111572
2019-10-16 02:00:00,9.0,48.12593
2019-10-16 03:00:00,19.0,51.036316
2019-10-16 04:00:00,20.0,65.95929
2019-10-16 05:00:00,91.0,92.2162
2019-10-16 06:00:00,370.0,127.09306
2019-10-16 07:00:00,444.0,206.88031
2019-10-16 08:00:00,275.0,257.49234
2019-10-16 09:00:00,272.0,305.02145
2019-10-16 10:00:00,299.0,349.97644
2019-10-16 11:00:00,293.0,389.63403
2019-10-16 12:00:00,317.0,420.9049
2019-10-16 13:00:00,332.0,441.89972
2019-10-16 14:00:00,377.0,450.9607
2019-10-16 15:00:00,443.0,447.3106
2019-10-16 16:00:00,610.0,430.32053
2019-10-16 17:00:00,728.0,374.13806
2019-10-16 18:00:00,509.0,337.68927
2019-10-16 19:00:00,266.0,295.1213
2019-10-16 20:00:00,164.0,236.87866
2019-10-16 21:00:00,122.0,189.99678
2019-10-16 22:00:00,120.0,145.78152
2019-10-16 23:00:00,81.0,107.04861
2019-10-17 00:00:00,21.0,84.53032
2019-10-17 01:00:00,24.0,64.36769
2019-10-17 02:00:00,6.0,56.13887
2019-10-17 03:00:00,9.0,59.88144
2019-10-17 04:00:00,37.0,75.45163
2019-10-17 05:00:00,97.0,101.43114
2019-10-17 06:00:00,367.0,136.5854
2019-10-17 07:00:00,493.0,192.612
2019-10-17 08:00:00,298.0,266.2285
2019-10-17 09:00:00,231.0,314.05148
2019-10-17 10:00:00,256.0,359.56125
2019-10-17 11:00:00,232.0,399.77362
2019-10-17 12:00:00,325.0,430.85956
2019-10-17 13:00:00,374.0,451.48453
2019-10-17 14:00:00,409.0,457.23694
2019-10-17 15:00:00,471.0,431.1866
2019-10-17 16:00:00,665.0,412.19885
2019-10-17 17:00:00,781.0,384.83243
2019-10-17 18:00:00,538.0,349.12335
2019-10-17 19:00:00,302.0,306.37048
2019-10-17 20:00:00,154.0,249.32986
2019-10-17 21:00:00,145.0,202.3555
2019-10-17 22:00:00,121.0,158.14026
2019-10-17 23:00:00,58.0,119.03747
2019-10-18 00:00:00,21.0,91.25624
2019-10-18 01:00:00,14.0,70.90866
2019-10-18 02:00:00,12.0,61.47783
2019-10-18 03:00:00,14.0,64.94299
2019-10-18 04:00:00,25.0,80.698105
2019-10-18 05:00:00,91.0,107.047485
2019-10-18 06:00:00,364.0,141.83191
2019-10-18 07:00:00,480.0,195.06168
2019-10-18 08:00:00,263.0,241.71788
2019-10-18 09:00:00,276.0,289.35596
2019-10-18 10:00:00,419.0,333.0924
2019-10-18 11:00:00,337.0,372.28766
2019-10-18 12:00:00,324.0,403.4826
2019-10-18 13:00:00,358.0,428.6676
2019-10-18 14:00:00,411.0,441.56537
2019-10-18 15:00:00,500.0,431.83643
2019-10-18 16:00:00,581.0,413.74683
2019-10-18 17:00:00,568.0,385.82556
2019-10-18 18:00:00,522.0,350.30145
2019-10-18 19:00:00,265.0,307.82596
2019-10-18 20:00:00,176.0,250.8778
2019-10-18 21:00:00,164.0,204.64316
2019-10-18 22:00:00,157.0,160.70529
2019-10-18 23:00:00,102.0,121.69497
2019-10-19 00:00:00,72.0,70.41562
2019-10-19 01:00:00,47.0,50.06804
2019-10-19 02:00:00,32.0,41.19197
2019-10-19 03:00:00,20.0,44.65715
2019-10-19 04:00:00,18.0,60.31981
2019-10-19 05:00:00,36.0,86.48427
2019-10-19 06:00:00,87.0,121.73099
2019-10-19 07:00:00,164.0,174.68336
2019-10-19 08:00:00,230.0,198.47527
2019-10-19 09:00:00,309.0,245.17285
2019-10-19 10:00:00,345.0,311.57394
2019-10-19 11:00:00,380.0,351.2951
2019-10-19 12:00:00,351.0,388.5359
2019-10-19 13:00:00,360.0,431.97394
2019-10-19 14:00:00,388.0,433.9225
2019-10-19 15:00:00,375.0,409.54294
2019-10-19 16:00:00,465.0,393.47748
2019-10-19 17:00:00,481.0,366.00208
2019-10-19 18:00:00,371.0,329.64575
2019-10-19 19:00:00,308.0,287.8175
2019-10-19 20:00:00,144.0,230.31456
2019-10-19 21:00:00,130.0,183.06282
2019-10-19 22:00:00,129.0,138.57018
2019-10-19 23:00:00,97.0,99.09754
2019-10-20 00:00:00,90.0,60.0262
2019-10-20 01:00:00,59.0,39.95601
2019-10-20 02:00:00,52.0,31.264847
2019-10-20 03:00:00,49.0,35.284836
2019-10-20 04:00:00,31.0,50.762558
2019-10-20 05:00:00,28.0,76.92702
2019-10-20 06:00:00,31.0,111.89636
2019-10-20 07:00:00,79.0,164.84872
2019-10-20 08:00:00,163.0,210.76521
2019-10-20 09:00:00,261.0,257.73956
2019-10-20 10:00:00,324.0,301.67743
2019-10-20 11:00:00,355.0,340.22546
2019-10-20 12:00:00,333.0,379.2295
2019-10-20 13:00:00,410.0,418.41785
2019-10-20 14:00:00,437.0,410.61273
2019-10-20 15:00:00,501.0,401.31314
2019-10-20 16:00:00,547.0,383.90375
2019-10-20 17:00:00,548.0,356.90714
2019-10-20 18:00:00,379.0,320.6433
2019-10-20 19:00:00,251.0,278.26025
2019-10-20 20:00:00,180.0,220.75731
2019-10-20 21:00:00,122.0,174.89253
2019-10-20 22:00:00,86.0,131.04712
2019-10-20 23:00:00,55.0,92.499146
2019-10-21 00:00:00,27.0,72.03911
2019-10-21 01:00:00,22.0,51.783997
2019-10-21 02:00:00,9.0,43.27777
2019-10-21 03:00:00,13.0,46.373123
2019-10-21 04:00:00,24.0,61.29605
2019-10-21 05:00:00,116.0,87.36804
2019-10-21 06:00:00,387.0,122.707245
2019-10-21 07:00:00,413.0,175.93701
2019-10-21 08:00:00,296.0,222.77814
2019-10-21 09:00:00,232.0,269.9374
2019-10-21 10:00:00,239.0,315.26227
2019-10-21 11:00:00,253.0,353.9027
2019-10-21 12:00:00,232.0,383.6942
2019-10-21 13:00:00,249.0,404.22668
2019-10-21 14:00:00,278.0,412.9178
2019-10-21 15:00:00,363.0,409.0828
2019-10-21 16:00:00,479.0,393.60507
2019-10-21 17:00:00,621.0,367.16324
2019-10-21 18:00:00,426.0,309.29895
2019-10-21 19:00:00,216.0,267.35016
2019-10-21 20:00:00,137.0,220.50653
2019-10-21 21:00:00,108.0,184.77878
2019-10-21 22:00:00,75.0,140.84091
2019-10-21 23:00:00,32.0,102.292915
2019-10-22 00:00:00,16.0,72.537994
2019-10-22 01:00:00,11.0,52.375336
2019-10-22 02:00:00,7.0,43.406815
2019-10-22 03:00:00,15.0,46.96443
2019-10-22 04:00:00,26.0,62.4422
2019-10-22 05:00:00,110.0,88.6991
2019-10-22 06:00:00,384.0,124.03831
2019-10-22 07:00:00,440.0,177.1756
2019-10-22 08:00:00,255.0,223.18456
2019-10-22 09:00:00,251.0,269.78906
2019-10-22 10:00:00,287.0,313.8194
2019-10-22 11:00:00,294.0,352.45987
2019-10-22 12:00:00,304.0,383.45337
2019-10-22 13:00:00,314.0,404.0783
2019-10-22 14:00:00,319.0,412.86188
2019-10-22 15:00:00,365.0,409.39673
2019-10-22 16:00:00,510.0,393.73407
2019-10-22 17:00:00,684.0,367.29227
2019-10-22 18:00:00,471.0,331.76813
2019-10-22 19:00:00,295.0,289.57
2019-10-22 20:00:00,170.0,232.5294
2019-10-22 21:00:00,106.0,186.10983
2019-10-22 22:00:00,82.0,141.52472
2019-10-22 23:00:00,60.0,102.7918
2019-10-23 00:00:00,23.0,78.295395
2019-10-23 01:00:00,8.0,58.0403
2019-10-23 02:00:00,9.0,49.71901
2019-10-23 03:00:00,17.0,53.36908
2019-10-23 04:00:00,22.0,68.66193
2019-10-23 05:00:00,104.0,94.82637
2019-10-23 06:00:00,346.0,130.07309
2019-10-23 07:00:00,465.0,183.2104
2019-10-23 08:00:00,303.0,228.8495
2019-10-23 09:00:00,236.0,275.63892
2019-10-23 10:00:00,317.0,321.80234
2019-10-23 11:00:00,310.0,388.0833
2019-10-23 12:00:00,332.0,419.44672
2019-10-23 13:00:00,295.0,438.86316
2019-10-23 14:00:00,345.0,421.53516
2019-10-23 15:00:00,438.0,417.18835
2019-10-23 16:00:00,620.0,401.24832
2019-10-23 17:00:00,660.0,374.15924
2019-10-23 18:00:00,486.0,338.4502
2019-10-23 19:00:00,265.0,296.52945
2019-10-23 20:00:00,158.0,246.88594
2019-10-23 21:00:00,146.0,202.03827
2019-10-23 22:00:00,96.0,157.45316
2019-10-23 23:00:00,65.0,118.35037
2019-10-24 00:00:00,25.0,89.76286
2019-10-24 01:00:00,12.0,67.93587
2019-10-24 02:00:00,16.0,58.227646
2019-10-24 03:00:00,10.0,62.062683
2019-10-24 04:00:00,19.0,76.98561
2019-10-24 05:00:00,110.0,102.96512
2019-10-24 06:00:00,383.0,138.02693
2019-10-24 07:00:00,451.0,191.5341
2019-10-24 08:00:00,307.0,238.68558
2019-10-24 09:00:00,282.0,285.62695
2019-10-24 10:00:00,281.0,329.1025
2019-10-24 11:00:00,309.0,368.2978
2019-10-24 12:00:00,262.0,404.9508
2019-10-24 13:00:00,349.0,422.63705
2019-10-24 14:00:00,319.0,430.43008
2019-10-24 15:00:00,400.0,425.8819
2019-10-24 16:00:00,559.0,409.47952
2019-10-24 17:00:00,640.0,382.39047
2019-10-24 18:00:00,476.0,347.05127
2019-10-24 19:00:00,278.0,305.22302
2019-10-24 20:00:00,161.0,248.36732
2019-10-24 21:00:00,127.0,201.94775
2019-10-24 22:00:00,122.0,157.64005
2019-10-24 23:00:00,58.0,118.53725
2019-10-25 00:00:00,30.0,90.51247
2019-10-25 01:00:00,14.0,70.257355
2019-10-25 02:00:00,14.0,61.288834
2019-10-25 03:00:00,10.0,64.384155
2019-10-25 04:00:00,21.0,80.0468
2019-10-25 05:00:00,95.0,106.39617
2019-10-25 06:00:00,361.0,141.36551
2019-10-25 07:00:00,431.0,194.59529
2019-10-25 08:00:00,264.0,241.15903
2019-10-25 09:00:00,284.0,287.94843
2019-10-25 10:00:00,282.0,332.25616
2019-10-25 11:00:00,289.0,371.17404
2019-10-25 12:00:00,287.0,408.15393
2019-10-25 13:00:00,325.0,451.64142
2019-10-25 14:00:00,398.0,460.42502
2019-10-25 15:00:00,462.0,454.40747
2019-10-25 16:00:00,613.0,420.41577
2019-10-25 17:00:00,679.0,384.0647
2019-10-25 18:00:00,489.0,347.8933
2019-10-25 19:00:00,331.0,305.04797
2019-10-25 20:00:00,181.0,247.72995
2019-10-25 21:00:00,140.0,200.94054
2019-10-25 22:00:00,53.0,157.00267
2019-10-25 23:00:00,171.0,118.08482
2019-10-26 00:00:00,85.0,66.377396
2019-10-26 01:00:00,43.0,45.75244
2019-10-26 02:00:00,16.0,36.968826
2019-10-26 03:00:00,18.0,40.341537
2019-10-26 04:00:00,14.0,55.356964
2019-10-26 05:00:00,38.0,81.428955
2019-10-26 06:00:00,95.0,116.8606
2019-10-26 07:00:00,163.0,177.80704
2019-10-26 08:00:00,218.0,246.61263
2019-10-26 09:00:00,320.0,293.7719
2019-10-26 10:00:00,392.0,338.72687
2019-10-26 11:00:00,444.0,378.10706
2019-10-26 12:00:00,422.0,409.93274
2019-10-26 13:00:00,460.0,431.57477
2019-10-26 14:00:00,541.0,440.63574
2019-10-26 15:00:00,584.0,437.81784
2019-10-26 16:00:00,680.0,414.84134
2019-10-26 17:00:00,605.0,364.36792
2019-10-26 18:00:00,464.0,327.73422
2019-10-26 19:00:00,276.0,285.44363
2019-10-26 20:00:00,173.0,227.75577
2019-10-26 21:00:00,119.0,180.87389
2019-10-26 22:00:00,135.0,136.4737
2019-10-26 23:00:00,148.0,97.555855
2019-10-27 00:00:00,108.0,58.334274
2019-10-27 01:00:00,60.0,37.98668
2019-10-27 02:00:00,15.0,28.92569
2019-10-27 03:00:00,14.0,32.205933
2019-10-27 04:00:00,14.0,47.591217
2019-10-27 05:00:00,24.0,73.3858
2019-10-27 06:00:00,37.0,108.63254
2019-10-27 07:00:00,93.0,168.8063
2019-10-27 08:00:00,258.0,239.03181
2019-10-27 09:00:00,361.0,286.83832
2019-10-27 10:00:00,443.0,332.2556
2019-10-27 11:00:00,497.0,371.7118
2019-10-27 12:00:00,447.0,403.1676
2019-10-27 13:00:00,631.0,424.54877
2019-10-27 14:00:00,778.0,433.02197
2019-10-27 15:00:00,895.0,429.8672
2019-10-27 16:00:00,904.0,391.97916
2019-10-27 17:00:00,713.0,356.87955
2019-10-27 18:00:00,464.0,321.1705
2019-10-27 19:00:00,308.0,279.34222
2019-10-27 20:00:00,166.0,221.93176
2019-10-27 21:00:00,138.0,175.2348
2019-10-27 22:00:00,84.0,130.83463
2019-10-27 23:00:00,51.0,92.1017
2019-10-28 00:00:00,15.0,70.75215
2019-10-28 01:00:00,11.0,50.31212
2019-10-28 02:00:00,9.0,41.7753
2019-10-28 03:00:00,13.0,45.33293
2019-10-28 04:00:00,24.0,49.31729
2019-10-28 05:00:00,127.0,86.51279
2019-10-28 06:00:00,411.0,121.66706
2019-10-28 07:00:00,458.0,174.71191
2019-10-28 08:00:00,285.0,198.41135
2019-10-28 09:00:00,265.0,267.23288
2019-10-28 10:00:00,267.0,311.01645
2019-10-28 11:00:00,277.0,349.7494
2019-10-28 12:00:00,286.0,380.37305
2019-10-28 13:00:00,322.0,400.6281
2019-10-28 14:00:00,286.0,408.76447
2019-10-28 15:00:00,326.0,404.8064
2019-10-28 16:00:00,470.0,367.08163
2019-10-28 17:00:00,675.0,340.67163
2019-10-28 18:00:00,445.0,304.80765
2019-10-28 19:00:00,246.0,262.14597
2019-10-28 20:00:00,136.0,216.16827
2019-10-28 21:00:00,99.0,169.28638
2019-10-28 22:00:00,86.0,125.009285
2019-10-28 23:00:00,24.0,86.4619
2019-10-29 00:00:00,21.0,56.74312
2019-10-29 01:00:00,9.0,36.457397
2019-10-29 02:00:00,8.0,28.045517
2019-10-29 03:00:00,7.0,31.573181
2019-10-29 04:00:00,24.0,47.020294
2019-10-29 05:00:00,111.0,72.19513
2019-10-29 06:00:00,382.0,107.65866
2019-10-29 07:00:00,410.0,149.60997
2019-10-29 08:00:00,291.0,195.43399
2019-10-29 09:00:00,240.0,241.75984
2019-10-29 10:00:00,249.0,285.91324
2019-10-29 11:00:00,270.0,346.6471
2019-10-29 12:00:00,251.0,355.1774
2019-10-29 13:00:00,295.0,397.7108
2019-10-29 14:00:00,301.0,406.4325
2019-10-29 15:00:00,326.0,402.96735
2019-10-29 16:00:00,497.0,365.21133
2019-10-29 17:00:00,646.0,360.92468
2019-10-29 18:00:00,415.0,303.61584
2019-10-29 19:00:00,273.0,261.20096
2019-10-29 20:00:00,204.0,215.06894
2019-10-29 21:00:00,99.0,168.34137
2019-10-29 22:00:00,75.0,124.249825
2019-10-29 23:00:00,59.0,96.45486
2019-10-30 00:00:00,26.0,73.10394
2019-10-30 01:00:00,12.0,52.84883
2019-10-30 02:00:00,7.0,44.03459
2019-10-30 03:00:00,10.0,47.407303
2019-10-30 04:00:00,26.0,51.7303
2019-10-30 05:00:00,112.0,78.08031
2019-10-30 06:00:00,371.0,114.09986
2019-10-30 07:00:00,447.0,156.14363
2019-10-30 08:00:00,289.0,202.02951
2019-10-30 09:00:00,248.0,247.98488
2019-10-30 10:00:00,279.0,292.81866
2019-10-30 11:00:00,287.0,352.74844
2019-10-30 12:00:00,290.0,383.64948
2019-10-30 13:00:00,344.0,404.08948
2019-10-30 14:00:00,319.0,390.74847
2019-10-30 15:00:00,403.0,387.28333
2019-10-30 16:00:00,503.0,371.71313
2019-10-30 17:00:00,666.0,347.46735
2019-10-30 18:00:00,457.0,310.76804
2019-10-30 19:00:00,273.0,268.16757
2019-10-30 20:00:00,159.0,221.63258
2019-10-30 21:00:00,113.0,186.02853
2019-10-30 22:00:00,83.0,141.90575
2019-10-30 23:00:00,65.0,103.35776
2019-10-31 00:00:00,24.0,80.816696
2019-10-31 01:00:00,21.0,60.561584
2019-10-31 02:00:00,6.0,51.870453
2019-10-31 03:00:00,11.0,55.243164
2019-10-31 04:00:00,25.0,70.4435
2019-10-31 05:00:00,113.0,96.60794
2019-10-31 06:00:00,345.0,131.94714
2019-10-31 07:00:00,459.0,185.08446
2019-10-31 08:00:00,320.0,231.00095
2019-10-31 09:00:00,254.0,277.79034
2019-10-31 10:00:00,276.0,322.19055
2019-10-31 11:00:00,311.0,361.01596
2019-10-31 12:00:00,290.0,391.54712
2019-10-31 13:00:00,368.0,412.07965
2019-10-31 14:00:00,371.0,420.9557
2019-10-31 15:00:00,434.0,417.49054
2019-10-31 16:00:00,562.0,402.0128
2019-10-31 17:00:00,641.0,375.7559
2019-10-31 18:00:00,459.0,340.4167
2019-10-31 19:00:00,287.0,298.4035
2019-10-31 20:00:00,185.0,241.45535
2019-10-31 21:00:00,111.0,194.85086
2019-10-31 22:00:00,98.0,150.82054
2019-10-31 23:00:00,80.0,112.18006
2019-11-01 00:00:00,58.0,60.543915
2019-11-01 01:00:00,44.0,40.47371
2019-11-01 02:00:00,60.0,31.690125
2019-11-01 03:00:00,65.0,35.340225
2019-11-01 04:00:00,52.0,51.095352
2019-11-01 05:00:00,63.0,77.44473
2019-11-01 06:00:00,144.0,112.96887
2019-11-01 07:00:00,154.0,166.19864
2019-11-01 08:00:00,220.0,212.39253
2019-11-01 09:00:00,302.0,259.36688
2019-11-01 10:00:00,337.0,303.58212
2019-11-01 11:00:00,343.0,342.59247
2019-11-01 12:00:00,308.0,373.86337
2019-11-01 13:00:00,395.0,394.21094
2019-11-01 14:00:00,313.0,402.80957
2019-11-01 15:00:00,345.0,377.0349
2019-11-01 16:00:00,356.0,383.68176
2019-11-01 17:00:00,368.0,357.14746
2019-11-01 18:00:00,244.0,299.7149
2019-11-01 19:00:00,196.0,279.61017
2019-11-01 20:00:00,125.0,222.66202
2019-11-01 21:00:00,99.0,176.05753
2019-11-01 22:00:00,91.0,131.37996
2019-11-01 23:00:00,72.0,93.10933
2019-11-02 00:00:00,55.0,66.56021
2019-11-02 01:00:00,28.0,35.48958
2019-11-02 02:00:00,18.0,27.44693
2019-11-02 03:00:00,13.0,30.6035
2019-11-02 04:00:00,13.0,56.89612
2019-11-02 05:00:00,25.0,83.15303
2019-11-02 06:00:00,69.0,118.06054
2019-11-02 07:00:00,147.0,171.66016
2019-11-02 08:00:00,210.0,196.00748
2019-11-02 09:00:00,312.0,267.9685
2019-11-02 10:00:00,406.0,314.99707
2019-11-02 11:00:00,349.0,349.86023
2019-11-02 12:00:00,345.0,382.91086
2019-11-02 13:00:00,357.0,404.10706
2019-11-02 14:00:00,336.0,411.12738
2019-11-02 15:00:00,405.0,406.48676
2019-11-02 16:00:00,400.0,390.25287
2019-11-02 17:00:00,375.0,362.70145
2019-11-02 18:00:00,305.0,326.53006
2019-11-02 19:00:00,209.0,284.60938
2019-11-02 20:00:00,125.0,227.19888
2019-11-02 21:00:00,112.0,179.76222
2019-11-02 22:00:00,101.0,136.10176
2019-11-02 23:00:00,119.0,97.92359
2019-11-03 00:00:00,104.0,59.386673
2019-11-03 01:00:00,67.0,38.854156
2019-11-03 02:00:00,50.0,18.177338
2019-11-03 03:00:00,40.0,21.148956
2019-11-03 04:00:00,27.0,47.44159
2019-11-03 05:00:00,14.0,73.513565
2019-11-03 06:00:00,24.0,108.760315
2019-11-03 07:00:00,57.0,162.08255
2019-11-03 08:00:00,151.0,207.99904
2019-11-03 09:00:00,228.0,254.88092
2019-11-03 10:00:00,289.0,299.09616
2019-11-03 11:00:00,343.0,337.73666
2019-11-03 12:00:00,289.0,368.45276
2019-11-03 13:00:00,329.0,389.07773
2019-11-03 14:00:00,348.0,397.9538
2019-11-03 15:00:00,394.0,371.81238
2019-11-03 16:00:00,378.0,354.9458
2019-11-03 17:00:00,308.0,328.47272
2019-11-03 18:00:00,195.0,315.0107
2019-11-03 19:00:00,183.0,272.99756
2019-11-03 20:00:00,154.0,216.32678
2019-11-03 21:00:00,110.0,170.64693
2019-11-03 22:00:00,66.0,126.24676
2019-11-03 23:00:00,34.0,87.14395
2019-11-04 00:00:00,28.0,66.294464
2019-11-04 01:00:00,11.0,46.224274
2019-11-04 02:00:00,8.0,37.533157
2019-11-04 03:00:00,9.0,40.443542
2019-11-04 04:00:00,19.0,54.62677
2019-11-04 05:00:00,127.0,80.14397
2019-11-04 06:00:00,388.0,115.298256
2019-11-04 07:00:00,410.0,168.34311
2019-11-04 08:00:00,304.0,236.85483
2019-11-04 09:00:00,245.0,269.74982
2019-11-04 10:00:00,236.0,334.05737
2019-11-04 11:00:00,265.0,347.04852
2019-11-04 12:00:00,242.0,378.41187
2019-11-04 13:00:00,296.0,399.34723
2019-11-04 14:00:00,294.0,416.2338
2019-11-04 15:00:00,321.0,427.7296
2019-11-04 16:00:00,440.0,388.5077
2019-11-04 17:00:00,645.0,361.78845
2019-11-04 18:00:00,380.0,325.98694
2019-11-04 19:00:00,242.0,284.34363
2019-11-04 20:00:00,146.0,227.36485
2019-11-04 21:00:00,113.0,180.85281
2019-11-04 22:00:00,86.0,126.40746
2019-11-04 23:00:00,41.0,86.53433
2019-11-05 00:00:00,14.0,66.95943
2019-11-05 01:00:00,13.0,46.426926
2019-11-05 02:00:00,6.0,37.64331
2019-11-05 03:00:00,12.0,40.923553
2019-11-05 04:00:00,23.0,56.123917
2019-11-05 05:00:00,96.0,82.56575
2019-11-05 06:00:00,373.0,117.90496
2019-11-05 07:00:00,441.0,149.01076
2019-11-05 08:00:00,226.0,195.01909
2019-11-05 09:00:00,244.0,271.9766
2019-11-05 10:00:00,214.0,335.4785
2019-11-05 11:00:00,273.0,350.35834
2019-11-05 12:00:00,254.0,385.9613
2019-11-05 13:00:00,271.0,403.46265
2019-11-05 14:00:00,293.0,411.36462
2019-11-05 15:00:00,310.0,405.1951
2019-11-05 16:00:00,506.0,387.87817
2019-11-05 17:00:00,620.0,340.6137
2019-11-05 18:00:00,493.0,303.732
2019-11-05 19:00:00,280.0,259.987
2019-11-05 20:00:00,169.0,213.76251
2019-11-05 21:00:00,114.0,166.91124
2019-11-05 22:00:00,69.0,133.26472
2019-11-05 23:00:00,64.0,95.24089
2019-11-06 00:00:00,15.0,72.14392
2019-11-06 01:00:00,5.0,52.13556
2019-11-06 02:00:00,9.0,43.475037
2019-11-06 03:00:00,11.0,35.755478
2019-11-06 04:00:00,18.0,51.110764
2019-11-06 05:00:00,106.0,77.1815
2019-11-06 06:00:00,374.0,123.70607
2019-11-06 07:00:00,447.0,176.5966
2019-11-06 08:00:00,253.0,222.88295
2019-11-06 09:00:00,277.0,270.19653
2019-11-06 10:00:00,280.0,314.53485
2019-11-06 11:00:00,252.0,331.4371
2019-11-06 12:00:00,286.0,384.65002
2019-11-06 13:00:00,302.0,404.22488
2019-11-06 14:00:00,324.0,390.15833
2019-11-06 15:00:00,371.0,408.81775
2019-11-06 16:00:00,517.0,393.24756
2019-11-06 17:00:00,653.0,366.43585
2019-11-06 18:00:00,436.0,331.0042
2019-11-06 19:00:00,249.0,288.15884
2019-11-06 20:00:00,131.0,230.56345
2019-11-06 21:00:00,112.0,183.3117
2019-11-06 22:00:00,87.0,139.09647
2019-11-06 23:00:00,52.0,101.103226
2019-11-07 00:00:00,22.0,78.878265
2019-11-07 01:00:00,15.0,57.143753
2019-11-07 02:00:00,6.0,47.805374
2019-11-07 03:00:00,10.0,51.73285
2019-11-07 04:00:00,25.0,66.00856
2019-11-07 05:00:00,102.0,92.82024
2019-11-07 06:00:00,349.0,128.34439
2019-11-07 07:00:00,471.0,181.66663
2019-11-07 08:00:00,330.0,248.44806
2019-11-07 09:00:00,250.0,277.22885
2019-11-07 10:00:00,309.0,320.89938
2019-11-07 11:00:00,266.0,359.81726
2019-11-07 12:00:00,266.0,390.25598
2019-11-07 13:00:00,300.0,410.9734
2019-11-07 14:00:00,301.0,419.6645
2019-11-07 15:00:00,376.0,416.10687
2019-11-07 16:00:00,464.0,400.53668
2019-11-07 17:00:00,631.0,374.46472
2019-11-07 18:00:00,419.0,338.8481
2019-11-07 19:00:00,274.0,297.0199
2019-11-07 20:00:00,135.0,228.64145
2019-11-07 21:00:00,100.0,181.79144
2019-11-07 22:00:00,133.0,136.86584
2019-11-07 23:00:00,67.0,97.88548
2019-11-08 00:00:00,31.0,70.05946
2019-11-08 01:00:00,9.0,50.48532
2019-11-08 02:00:00,9.0,40.774597
2019-11-08 03:00:00,9.0,43.961746
2019-11-08 04:00:00,19.0,59.53195
2019-11-08 05:00:00,95.0,96.881775
2019-11-08 06:00:00,352.0,121.313
2019-11-08 07:00:00,401.0,163.88283
2019-11-08 08:00:00,270.0,209.58377
2019-11-08 09:00:00,226.0,255.57164
2019-11-08 10:00:00,276.0,298.9547
2019-11-08 11:00:00,290.0,337.4415
2019-11-08 12:00:00,241.0,367.97522
2019-11-08 13:00:00,280.0,387.4881
2019-11-08 14:00:00,310.0,396.0536
2019-11-08 15:00:00,423.0,414.99042
2019-11-08 16:00:00,513.0,377.9123
2019-11-08 17:00:00,634.0,351.56293
2019-11-08 18:00:00,445.0,338.6257
2019-11-08 19:00:00,271.0,296.2733
2019-11-08 20:00:00,126.0,239.69499
2019-11-08 21:00:00,135.0,193.36789
2019-11-08 22:00:00,134.0,149.43004
2019-11-08 23:00:00,127.0,110.97449
2019-11-09 00:00:00,78.0,59.343414
2019-11-09 01:00:00,30.0,39.18077
2019-11-09 02:00:00,18.0,30.767029
2019-11-09 03:00:00,19.0,34.13974
2019-11-09 04:00:00,16.0,49.802383
2019-11-09 05:00:00,28.0,76.05931
2019-11-09 06:00:00,75.0,111.121124
2019-11-09 07:00:00,151.0,164.35089
2019-11-09 08:00:00,273.0,210.45232
2019-11-09 09:00:00,317.0,257.70404
2019-11-09 10:00:00,390.0,302.1967
2019-11-09 11:00:00,387.0,341.2995
2019-11-09 12:00:00,375.0,372.01562
2019-11-09 13:00:00,384.0,392.45563
2019-11-09 14:00:00,382.0,404.17792
2019-11-09 15:00:00,364.0,404.62558
2019-11-09 16:00:00,440.0,381.92648
2019-11-09 17:00:00,409.0,355.1148
2019-11-09 18:00:00,294.0,297.21722
2019-11-09 19:00:00,248.0,276.09805
2019-11-09 20:00:00,150.0,218.04034
2019-11-09 21:00:00,108.0,171.71323
2019-11-09 22:00:00,124.0,127.03568
2019-11-09 23:00:00,100.0,88.210266
2019-11-10 00:00:00,105.0,49.06566
2019-11-10 01:00:00,62.0,28.533173
2019-11-10 02:00:00,39.0,19.287247
2019-11-10 03:00:00,42.0,23.0298
2019-11-10 04:00:00,16.0,38.784927
2019-11-10 05:00:00,8.0,65.13431
2019-11-10 06:00:00,32.0,100.2886
2019-11-10 07:00:00,55.0,153.4259
2019-11-10 08:00:00,157.0,199.8047
2019-11-10 09:00:00,254.0,246.31673
2019-11-10 10:00:00,354.0,291.08676
2019-11-10 11:00:00,407.0,332.64948
2019-11-10 12:00:00,316.0,365.28082
2019-11-10 13:00:00,431.0,384.6543
2019-11-10 14:00:00,447.0,391.17938
2019-11-10 15:00:00,469.0,413.22162
2019-11-10 16:00:00,509.0,370.90906
2019-11-10 17:00:00,393.0,343.72748
2019-11-10 18:00:00,287.0,308.8506
2019-11-10 19:00:00,199.0,267.02234
2019-11-10 20:00:00,167.0,209.51941
2019-11-10 21:00:00,111.0,163.4697
2019-11-10 22:00:00,66.0,119.25445
2019-11-10 23:00:00,40.0,80.5215
2019-11-11 00:00:00,20.0,59.80432
2019-11-11 01:00:00,12.0,39.549225
2019-11-11 02:00:00,10.0,30.673157
2019-11-11 03:00:00,17.0,34.045868
2019-11-11 04:00:00,24.0,49.33867
2019-11-11 05:00:00,129.0,75.50311
2019-11-11 06:00:00,412.0,110.93478
2019-11-11 07:00:00,475.0,164.16455
2019-11-11 08:00:00,325.0,210.76126
2019-11-11 09:00:00,246.0,283.0416
2019-11-11 10:00:00,256.0,326.0054
2019-11-11 11:00:00,282.0,341.95175
2019-11-11 12:00:00,239.0,400.29187
2019-11-11 13:00:00,295.0,412.3186
2019-11-11 14:00:00,284.0,401.9345
2019-11-11 15:00:00,298.0,397.6802
2019-11-11 16:00:00,428.0,382.01758
2019-11-11 17:00:00,498.0,355.39078
2019-11-11 18:00:00,323.0,320.23648
2019-11-11 19:00:00,194.0,256.19183
2019-11-11 20:00:00,138.0,210.33783
2019-11-11 21:00:00,97.0,174.5476
2019-11-11 22:00:00,61.0,130.45544
2019-11-11 23:00:00,28.0,81.000046
2019-11-12 00:00:00,15.0,51.946716
2019-11-12 01:00:00,10.0,41.91861
2019-11-12 02:00:00,11.0,33.227448
2019-11-12 03:00:00,16.0,36.507706
2019-11-12 04:00:00,22.0,51.892975
2019-11-12 05:00:00,88.0,78.14989
2019-11-12 06:00:00,381.0,113.39663
2019-11-12 07:00:00,450.0,166.53395
2019-11-12 08:00:00,293.0,212.08058
2019-11-12 09:00:00,263.0,266.86404
2019-11-12 10:00:00,259.0,305.16888
2019-11-12 11:00:00,277.0,344.0868
2019-11-12 12:00:00,282.0,394.5418
2019-11-12 13:00:00,284.0,421.13666
2019-11-12 14:00:00,303.0,431.79242
2019-11-12 15:00:00,336.0,424.63235
2019-11-12 16:00:00,478.0,384.19196
2019-11-12 17:00:00,627.0,355.54102
2019-11-12 18:00:00,417.0,320.7566
2019-11-12 19:00:00,269.0,278.92838
2019-11-12 20:00:00,150.0,221.98021
2019-11-12 21:00:00,92.0,175.46819
2019-11-12 22:00:00,71.0,131.06801
2019-11-12 23:00:00,59.0,92.05768
2019-11-13 00:00:00,19.0,68.138245
2019-11-13 01:00:00,6.0,47.605743
2019-11-13 02:00:00,9.0,39.00705
2019-11-13 03:00:00,14.0,42.65715
2019-11-13 04:00:00,23.0,58.319824
2019-11-13 05:00:00,107.0,84.48427
2019-11-13 06:00:00,397.0,119.91594
2019-11-13 07:00:00,429.0,172.93018
2019-11-13 08:00:00,275.0,218.96974
2019-11-13 09:00:00,213.0,265.6667
2019-11-13 10:00:00,250.0,314.4585
2019-11-13 11:00:00,274.0,354.33398
2019-11-13 12:00:00,293.0,386.6119
2019-11-13 13:00:00,294.0,403.9118
2019-11-13 14:00:00,327.0,409.9416
2019-11-13 15:00:00,345.0,406.0141
2019-11-13 16:00:00,493.0,390.0741
2019-11-13 17:00:00,632.0,363.2624
2019-11-13 18:00:00,440.0,327.73825
2019-11-13 19:00:00,238.0,285.26276
2019-11-13 20:00:00,135.0,227.38995
2019-11-13 21:00:00,109.0,180.13821
2019-11-13 22:00:00,80.0,136.01543
2019-11-13 23:00:00,44.0,97.374954
2019-11-14 00:00:00,24.0,74.265915
2019-11-14 01:00:00,6.0,53.918335
2019-11-14 02:00:00,8.0,45.412155
2019-11-14 03:00:00,11.0,48.137604
2019-11-14 04:00:00,19.0,63.337936
2019-11-14 05:00:00,94.0,89.50238
2019-11-14 06:00:00,352.0,124.74913
2019-11-14 07:00:00,453.0,178.44122
2019-11-14 08:00:00,318.0,230.49608
2019-11-14 09:00:00,255.0,278.61295
2019-11-14 10:00:00,259.0,338.62134
2019-11-14 11:00:00,294.0,356.4994
2019-11-14 12:00:00,265.0,386.6607
2019-11-14 13:00:00,313.0,407.748
2019-11-14 14:00:00,341.0,416.62405
2019-11-14 15:00:00,355.0,412.97397
2019-11-14 16:00:00,502.0,396.94147
2019-11-14 17:00:00,693.0,370.40714
2019-11-14 18:00:00,441.0,334.60562
2019-11-14 19:00:00,241.0,292.6849
2019-11-14 20:00:00,136.0,235.45938
2019-11-14 21:00:00,115.0,189.03981
2019-11-14 22:00:00,88.0,144.91702
2019-11-14 23:00:00,61.0,106.27654
2019-11-15 00:00:00,20.0,78.09082
2019-11-15 01:00:00,6.0,58.020645
2019-11-15 02:00:00,8.0,49.237045
2019-11-15 03:00:00,13.0,52.42482
2019-11-15 04:00:00,28.0,67.90256
2019-11-15 05:00:00,90.0,94.15947
2019-11-15 06:00:00,250.0,129.77606
2019-11-15 07:00:00,309.0,162.36505
2019-11-15 08:00:00,221.0,207.22946
2019-11-15 09:00:00,264.0,275.71176
2019-11-15 10:00:00,401.0,320.11194
2019-11-15 11:00:00,309.0,361.31488
2019-11-15 12:00:00,344.0,390.6706
2019-11-15 13:00:00,304.0,413.8479
2019-11-15 14:00:00,363.0,420.0791
2019-11-15 15:00:00,440.0,416.24408
2019-11-15 16:00:00,562.0,400.39648
2019-11-15 17:00:00,605.0,373.95465
2019-11-15 18:00:00,418.0,338.33807
2019-11-15 19:00:00,261.0,296.41736
2019-11-15 20:00:00,160.0,239.37674
2019-11-15 21:00:00,145.0,192.95718
2019-11-15 22:00:00,116.0,148.92685
2019-11-15 23:00:00,134.0,110.28637
2019-11-16 00:00:00,96.0,58.69629
2019-11-16 01:00:00,44.0,38.07132
2019-11-16 02:00:00,23.0,29.102783
2019-11-16 03:00:00,16.0,32.19812
2019-11-16 04:00:00,16.0,47.398453
2019-11-16 05:00:00,31.0,73.5629
2019-11-16 06:00:00,70.0,108.717186
2019-11-16 07:00:00,148.0,161.57709
2019-11-16 08:00:00,208.0,212.45645
2019-11-16 09:00:00,332.0,256.03983
2019-11-16 10:00:00,360.0,323.0087
2019-11-16 11:00:00,374.0,360.34827
2019-11-16 12:00:00,380.0,394.37292
2019-11-16 13:00:00,371.0,391.85794
2019-11-16 14:00:00,400.0,400.62503
2019-11-16 15:00:00,355.0,418.56955
2019-11-16 16:00:00,455.0,379.98486
2019-11-16 17:00:00,358.0,352.71085
2019-11-16 18:00:00,257.0,316.63196
2019-11-16 19:00:00,194.0,274.98862
2019-11-16 20:00:00,142.0,217.76308
2019-11-16 21:00:00,103.0,170.97365
2019-11-16 22:00:00,95.0,127.0358
2019-11-16 23:00:00,127.0,88.48778
2019-11-17 00:00:00,98.0,49.75421
2019-11-17 01:00:00,63.0,29.591553
2019-11-17 02:00:00,57.0,20.992874
2019-11-17 03:00:00,37.0,24.458054
2019-11-17 04:00:00,25.0,39.75087
2019-11-17 05:00:00,22.0,66.1927
2019-11-17 06:00:00,43.0,90.748245
2019-11-17 07:00:00,51.0,132.69957
2019-11-17 08:00:00,102.0,178.771
2019-11-17 09:00:00,182.0,225.3455
2019-11-17 10:00:00,214.0,268.51053
2019-11-17 11:00:00,275.0,307.2741
2019-11-17 12:00:00,248.0,338.237
2019-11-17 13:00:00,295.0,380.8941
2019-11-17 14:00:00,308.0,389.33844
2019-11-17 15:00:00,304.0,385.41095
2019-11-17 16:00:00,347.0,369.84076
2019-11-17 17:00:00,299.0,343.18338
2019-11-17 18:00:00,226.0,307.59738
2019-11-17 19:00:00,189.0,265.95407
2019-11-17 20:00:00,168.0,209.19084
2019-11-17 21:00:00,114.0,162.67882
2019-11-17 22:00:00,48.0,118.55603
2019-11-17 23:00:00,66.0,79.45323
2019-11-18 00:00:00,25.0,57.94522
2019-11-18 01:00:00,14.0,38.522278
2019-11-18 02:00:00,18.0,30.016083
2019-11-18 03:00:00,29.0,33.296326
2019-11-18 04:00:00,24.0,48.21927
2019-11-18 05:00:00,123.0,74.6611
2019-11-18 06:00:00,406.0,110.37018
2019-11-18 07:00:00,477.0,163.78488
2019-11-18 08:00:00,284.0,210.34862
2019-11-18 09:00:00,214.0,257.60037
2019-11-18 10:00:00,232.0,322.41968
2019-11-18 11:00:00,294.0,346.6704
2019-11-18 12:00:00,238.0,377.09265
2019-11-18 13:00:00,259.0,394.68646
2019-11-18 14:00:00,315.0,426.82788
2019-11-18 15:00:00,290.0,397.57794
2019-11-18 16:00:00,437.0,381.0831
2019-11-18 17:00:00,586.0,353.90152
2019-11-18 18:00:00,418.0,318.37738
2019-11-18 19:00:00,182.0,276.54916
2019-11-18 20:00:00,112.0,219.04622
2019-11-18 21:00:00,96.0,172.25679
2019-11-18 22:00:00,71.0,128.22649
2019-11-18 23:00:00,41.0,89.86337
2019-11-19 00:00:00,13.0,59.523956
2019-11-19 01:00:00,9.0,39.17639
2019-11-19 02:00:00,6.0,30.762634
2019-11-19 03:00:00,16.0,34.41272
2019-11-19 04:00:00,16.0,49.520615
2019-11-19 05:00:00,97.0,76.05492
2019-11-19 06:00:00,374.0,111.763985
2019-11-19 07:00:00,516.0,165.08623
2019-11-19 08:00:00,282.0,211.00272
2019-11-19 09:00:00,261.0,257.7921
2019-11-19 10:00:00,239.0,301.91492
2019-11-19 11:00:00,279.0,340.37048
2019-11-19 12:00:00,276.0,370.99414
2019-11-19 13:00:00,310.0,391.6191
2019-11-19 14:00:00,309.0,400.49512
2019-11-19 15:00:00,351.0,397.12244
2019-11-19 16:00:00,449.0,381.6447
2019-11-19 17:00:00,668.0,355.38782
2019-11-19 18:00:00,404.0,319.86365
2019-11-19 19:00:00,261.0,277.8505
2019-11-19 20:00:00,151.0,220.99481
2019-11-19 21:00:00,115.0,174.3903
2019-11-19 22:00:00,92.0,130.35999
2019-11-19 23:00:00,45.0,91.71951
2019-11-20 00:00:00,17.0,68.489
2019-11-20 01:00:00,11.0,48.141434
2019-11-20 02:00:00,3.0,39.63521
2019-11-20 03:00:00,9.0,43.007904
2019-11-20 04:00:00,19.0,58.393204
2019-11-20 05:00:00,100.0,84.650116
2019-11-20 06:00:00,387.0,119.98931
2019-11-20 07:00:00,517.0,173.12662
2019-11-20 08:00:00,299.0,219.13557
2019-11-20 09:00:00,263.0,265.74005
2019-11-20 10:00:00,253.0,309.95532
2019-11-20 11:00:00,287.0,348.59583
2019-11-20 12:00:00,271.0,379.127
2019-11-20 13:00:00,347.0,399.47455
2019-11-20 14:00:00,276.0,408.16565
2019-11-20 15:00:00,372.0,404.60803
2019-11-20 16:00:00,543.0,389.13037
2019-11-20 17:00:00,605.0,362.78094
2019-11-20 18:00:00,417.0,327.44177
2019-11-20 19:00:00,251.0,285.05872
2019-11-20 20:00:00,141.0,227.92564
2019-11-20 21:00:00,97.0,181.32114
2019-11-20 22:00:00,93.0,137.47577
2019-11-20 23:00:00,64.0,98.83527
2019-11-21 00:00:00,28.0,76.4153
2019-11-21 01:00:00,9.0,56.252655
2019-11-21 02:00:00,6.0,47.376617
2019-11-21 03:00:00,13.0,50.7493
2019-11-21 04:00:00,21.0,65.57979
2019-11-21 05:00:00,107.0,91.55931
2019-11-21 06:00:00,405.0,127.1759
2019-11-21 07:00:00,495.0,180.40569
2019-11-21 08:00:00,305.0,226.69203
2019-11-21 09:00:00,262.0,273.38898
2019-11-21 10:00:00,276.0,317.6967
2019-11-21 11:00:00,296.0,356.05978
2019-11-21 12:00:00,267.0,386.4985
2019-11-21 13:00:00,327.0,406.8461
2019-11-21 14:00:00,300.0,415.7221
2019-11-21 15:00:00,358.0,412.1645
2019-11-21 16:00:00,481.0,396.8717
2019-11-21 17:00:00,604.0,370.6148
2019-11-21 18:00:00,418.0,335.09067
2019-11-21 19:00:00,228.0,292.89255
2019-11-21 20:00:00,121.0,235.85194
2019-11-21 21:00:00,113.0,189.06253
2019-11-21 22:00:00,133.0,144.93973
2019-11-21 23:00:00,72.0,106.391716
2019-11-22 00:00:00,29.0,78.525345
2019-11-22 01:00:00,13.0,58.3627
2019-11-22 02:00:00,9.0,49.764023
2019-11-22 03:00:00,12.0,53.229187
2019-11-22 04:00:00,19.0,68.522
2019-11-22 05:00:00,94.0,94.68645
2019-11-22 06:00:00,346.0,129.6558
2019-11-22 07:00:00,468.0,182.3308
2019-11-22 08:00:00,273.0,228.33975
2019-11-22 09:00:00,242.0,276.56558
2019-11-22 10:00:00,280.0,348.32886
2019-11-22 11:00:00,280.0,388.40576
2019-11-22 12:00:00,297.0,419.58417
2019-11-22 13:00:00,320.0,440.4865
2019-11-22 14:00:00,381.0,448.18707
2019-11-22 15:00:00,443.0,424.5207
2019-11-22 16:00:00,560.0,399.629
2019-11-22 17:00:00,662.0,372.35498
2019-11-22 18:00:00,408.0,336.73837
2019-11-22 19:00:00,268.0,294.07797
2019-11-22 20:00:00,143.0,237.77705
2019-11-22 21:00:00,110.0,191.54242
2019-11-22 22:00:00,115.0,147.23471
2019-11-22 23:00:00,150.0,108.59424
2019-11-23 00:00:00,108.0,57.878372
2019-11-23 01:00:00,37.0,37.71573
2019-11-23 02:00:00,15.0,28.747192
2019-11-23 03:00:00,14.0,32.11992
2019-11-23 04:00:00,7.0,47.782578
2019-11-23 05:00:00,39.0,73.94702
2019-11-23 06:00:00,63.0,109.28623
2019-11-23 07:00:00,136.0,162.51599
2019-11-23 08:00:00,165.0,208.70988
2019-11-23 09:00:00,261.0,256.05408
2019-11-23 10:00:00,342.0,300.8241
2019-11-23 11:00:00,419.0,339.742
2019-11-23 12:00:00,363.0,371.01288
2019-11-23 13:00:00,349.0,392.19263
2019-11-23 14:00:00,424.0,400.51385
2019-11-23 15:00:00,430.0,402.59656
2019-11-23 16:00:00,429.0,388.41333
2019-11-23 17:00:00,415.0,361.9715
2019-11-23 18:00:00,299.0,326.6323
2019-11-23 19:00:00,187.0,284.34174
2019-11-23 20:00:00,143.0,227.20865
2019-11-23 21:00:00,141.0,179.6795
2019-11-23 22:00:00,99.0,135.18689
2019-11-23 23:00:00,131.0,97.193634
2019-11-24 00:00:00,105.0,56.005707
2019-11-24 01:00:00,65.0,34.73349
2019-11-24 02:00:00,26.0,25.672485
2019-11-24 03:00:00,21.0,28.58287
2019-11-24 04:00:00,15.0,43.320908
2019-11-24 05:00:00,20.0,68.560715
2019-11-24 06:00:00,49.0,103.43762
2019-11-24 07:00:00,66.0,156.38998
2019-11-24 08:00:00,142.0,202.67635
2019-11-24 09:00:00,184.0,250.20547
2019-11-24 10:00:00,253.0,294.23578
2019-11-24 11:00:00,320.0,333.1537
2019-11-24 12:00:00,301.0,364.05475
2019-11-24 13:00:00,347.0,384.95706
2019-11-24 14:00:00,336.0,393.74066
2019-11-24 15:00:00,439.0,390.46045
2019-11-24 16:00:00,456.0,373.9656
2019-11-24 17:00:00,411.0,346.59912
2019-11-24 18:00:00,294.0,311.35236
2019-11-24 19:00:00,182.0,269.24673
2019-11-24 20:00:00,138.0,211.65134
2019-11-24 21:00:00,101.0,165.23177
2019-11-24 22:00:00,85.0,121.108986
2019-11-24 23:00:00,38.0,82.83835
2019-11-25 00:00:00,16.0,61.742462
2019-11-25 01:00:00,6.0,40.377808
2019-11-25 02:00:00,4.0,32.42636
2019-11-25 03:00:00,8.0,35.983994
2019-11-25 04:00:00,29.0,51.276794
2019-11-25 05:00:00,122.0,77.81111
2019-11-25 06:00:00,393.0,112.687996
2019-11-25 07:00:00,481.0,165.91779
2019-11-25 08:00:00,307.0,212.29659
2019-11-25 09:00:00,261.0,258.99353
2019-11-25 10:00:00,246.0,303.30127
2019-11-25 11:00:00,252.0,341.7568
2019-11-25 12:00:00,221.0,372.47293
2019-11-25 13:00:00,300.0,392.91296
2019-11-25 14:00:00,277.0,401.69653
2019-11-25 15:00:00,316.0,398.13892
2019-11-25 16:00:00,441.0,382.4763
2019-11-25 17:00:00,552.0,356.21936
2019-11-25 18:00:00,405.0,320.7877
2019-11-25 19:00:00,256.0,278.5896
2019-11-25 20:00:00,126.0,221.45651
2019-11-25 21:00:00,107.0,174.852
2019-11-25 22:00:00,68.0,130.91415
2019-11-25 23:00:00,37.0,81.64433
2019-11-26 00:00:00,12.0,51.808304
2019-11-26 01:00:00,7.0,42.46118
2019-11-26 02:00:00,6.0,33.862503
2019-11-26 03:00:00,12.0,37.327667
2019-11-26 04:00:00,21.0,52.52803
2019-11-26 05:00:00,100.0,78.87741
2019-11-26 06:00:00,380.0,114.309074
2019-11-26 07:00:00,439.0,167.35391
2019-11-26 08:00:00,266.0,213.64026
2019-11-26 09:00:00,233.0,261.29483
2019-11-26 10:00:00,249.0,308.52478
2019-11-26 11:00:00,296.0,345.58698
2019-11-26 12:00:00,270.0,374.92618
2019-11-26 13:00:00,308.0,398.85974
2019-11-26 14:00:00,317.0,405.25934
2019-11-26 15:00:00,341.0,421.54956
2019-11-26 16:00:00,474.0,384.92953
2019-11-26 17:00:00,639.0,357.84042
2019-11-26 18:00:00,419.0,322.22382
2019-11-26 19:00:00,354.0,279.65588
2019-11-26 20:00:00,157.0,222.5228
2019-11-26 21:00:00,132.0,175.54845
2019-11-26 22:00:00,96.0,131.42566
2019-11-26 23:00:00,45.0,92.60025
2019-11-27 00:00:00,15.0,69.50461
2019-11-27 01:00:00,10.0,49.064575
2019-11-27 02:00:00,12.0,40.280945
2019-11-27 03:00:00,16.0,43.838593
2019-11-27 04:00:00,18.0,59.50128
2019-11-27 05:00:00,99.0,86.12804
2019-11-27 06:00:00,367.0,122.268814
2019-11-27 07:00:00,434.0,175.06688
2019-11-27 08:00:00,308.0,201.94882
2019-11-27 09:00:00,235.0,248.67639
2019-11-27 10:00:00,272.0,291.59027
2019-11-27 11:00:00,285.0,356.42358
2019-11-27 12:00:00,265.0,406.58472
2019-11-27 13:00:00,342.0,405.9849
2019-11-27 14:00:00,331.0,436.67346
2019-11-27 15:00:00,345.0,432.43564
2019-11-27 16:00:00,500.0,392.18015
2019-11-27 17:00:00,600.0,365.4609
2019-11-27 18:00:00,423.0,329.93677
2019-11-27 19:00:00,257.0,287.1839
2019-11-27 20:00:00,153.0,230.6056
2019-11-27 21:00:00,91.0,183.35387
2019-11-27 22:00:00,76.0,139.13861
2019-11-27 23:00:00,64.0,101.51523
2019-11-28 00:00:00,18.0,78.952805
2019-11-28 01:00:00,7.0,58.697693
2019-11-28 02:00:00,7.0,49.914093
2019-11-28 03:00:00,14.0,52.547104
2019-11-28 04:00:00,18.0,68.826385
2019-11-28 05:00:00,104.0,85.68846
2019-11-28 06:00:00,363.0,120.53163
2019-11-28 07:00:00,467.0,183.77536
2019-11-28 08:00:00,282.0,229.69185
2019-11-28 09:00:00,249.0,254.72778
2019-11-28 10:00:00,295.0,299.40723
2019-11-28 11:00:00,302.0,337.30548
2019-11-28 12:00:00,240.0,393.7645
2019-11-28 13:00:00,326.0,389.0202
2019-11-28 14:00:00,297.0,395.98132
2019-11-28 15:00:00,363.0,414.79446
2019-11-28 16:00:00,451.0,399.68658
2019-11-28 17:00:00,637.0,373.67645
2019-11-28 18:00:00,448.0,315.59665
2019-11-28 19:00:00,297.0,295.615
2019-11-28 20:00:00,167.0,239.00607
2019-11-28 21:00:00,89.0,181.09377
2019-11-28 22:00:00,87.0,137.21838
2019-11-28 23:00:00,55.0,109.57647
2019-11-29 00:00:00,20.0,70.65968
2019-11-29 01:00:00,15.0,50.343338
2019-11-29 02:00:00,8.0,52.25157
2019-11-29 03:00:00,15.0,55.624283
2019-11-29 04:00:00,19.0,70.73216
2019-11-29 05:00:00,104.0,98.191086
2019-11-29 06:00:00,353.0,122.159996
2019-11-29 07:00:00,424.0,165.37958
2019-11-29 08:00:00,261.0,210.74191
2019-11-29 09:00:00,256.0,257.16147
2019-11-29 10:00:00,304.0,300.75885
2019-11-29 11:00:00,300.0,340.8219
2019-11-29 12:00:00,281.0,369.99176
2019-11-29 13:00:00,334.0,390.02942
2019-11-29 14:00:00,368.0,399.1841
2019-11-29 15:00:00,403.0,395.99695
2019-11-29 16:00:00,561.0,380.95282
2019-11-29 17:00:00,577.0,355.09763
2019-11-29 18:00:00,441.0,317.68735
2019-11-29 19:00:00,292.0,275.95157
2019-11-29 20:00:00,153.0,229.63464
2019-11-29 21:00:00,143.0,182.87646
2019-11-29 22:00:00,98.0,139.34158
2019-11-29 23:00:00,159.0,99.46657
2019-11-30 00:00:00,99.0,48.330933
2019-11-30 01:00:00,63.0,27.243652
2019-11-30 02:00:00,33.0,18.058945
2019-11-30 03:00:00,26.0,32.122864
2019-11-30 04:00:00,16.0,36.507675
2019-11-30 05:00:00,36.0,73.67258
2019-11-30 06:00:00,78.0,109.10425
2019-11-30 07:00:00,134.0,162.1797
2019-11-30 08:00:00,191.0,208.09619
2019-11-30 09:00:00,285.0,255.27194
2019-11-30 10:00:00,361.0,305.7345
2019-11-30 11:00:00,398.0,342.11646
2019-11-30 12:00:00,368.0,393.94836
2019-11-30 13:00:00,383.0,417.29416
2019-11-30 14:00:00,419.0,427.1443
2019-11-30 15:00:00,446.0,397.58398
2019-11-30 16:00:00,571.0,378.64575
2019-11-30 17:00:00,439.0,351.74158
2019-11-30 18:00:00,381.0,316.21744
2019-11-30 19:00:00,199.0,274.1118
2019-11-30 20:00:00,160.0,216.60887
2019-11-30 21:00:00,126.0,169.44958
2019-11-30 22:00:00,105.0,125.604195
2019-11-30 23:00:00,132.0,87.05617
2019-12-01 00:00:00,102.0,43.764862
2019-12-01 01:00:00,58.0,23.32483
2019-12-01 02:00:00,47.0,14.818619
2019-12-01 03:00:00,37.0,18.283798
2019-12-01 04:00:00,19.0,33.576614
2019-12-01 05:00:00,15.0,59.83351
2019-12-01 06:00:00,47.0,95.26518
2019-12-01 07:00:00,57.0,148.49495
2019-12-01 08:00:00,154.0,194.13406
2019-12-01 09:00:00,202.0,240.92348
2019-12-01 10:00:00,356.0,285.2312
2019-12-01 11:00:00,404.0,323.96414
2019-12-01 12:00:00,366.0,355.14258
2019-12-01 13:00:00,408.0,375.21277
2019-12-01 14:00:00,447.0,384.18127
2019-12-01 15:00:00,455.0,380.90106
2019-12-01 16:00:00,492.0,365.42334
2019-12-01 17:00:00,397.0,339.0739
2019-12-01 18:00:00,229.0,303.91965
2019-12-01 19:00:00,227.0,262.18387
2019-12-01 20:00:00,174.0,205.23572
2019-12-01 21:00:00,105.0,158.78554
2019-12-01 22:00:00,76.0,114.66274
2019-12-01 23:00:00,43.0,76.145355
2019-12-02 00:00:00,28.0,44.987473
2019-12-02 01:00:00,9.0,24.638657
2019-12-02 02:00:00,7.0,15.916901
2019-12-02 03:00:00,16.0,19.505783
2019-12-02 04:00:00,23.0,34.519928
2019-12-02 05:00:00,114.0,71.59238
2019-12-02 06:00:00,389.0,95.50006
2019-12-02 07:00:00,456.0,137.38953
2019-12-02 08:00:00,248.0,205.18382
2019-12-02 09:00:00,239.0,251.60338
2019-12-02 10:00:00,293.0,295.4488
2019-12-02 11:00:00,260.0,333.9968
2019-12-02 12:00:00,289.0,364.34308
2019-12-02 13:00:00,290.0,384.4132
2019-12-02 14:00:00,300.0,393.0119
2019-12-02 15:00:00,356.0,389.54675
2019-12-02 16:00:00,468.0,374.069
2019-12-02 17:00:00,602.0,347.5347
2019-12-02 18:00:00,429.0,311.9181
2019-12-02 19:00:00,234.0,269.72
2019-12-02 20:00:00,128.0,212.67938
2019-12-02 21:00:00,87.0,166.07489
2019-12-02 22:00:00,51.0,121.95211
2019-12-02 23:00:00,30.0,83.40408
2019-12-03 00:00:00,11.0,53.889267
2019-12-03 01:00:00,9.0,33.356766
2019-12-03 02:00:00,7.0,24.943039
2019-12-03 03:00:00,12.0,28.038345
2019-12-03 04:00:00,18.0,43.423615
2019-12-03 05:00:00,109.0,69.58806
2019-12-03 06:00:00,392.0,104.8348
2019-12-03 07:00:00,442.0,157.6947
2019-12-03 08:00:00,276.0,203.05643
2019-12-03 09:00:00,254.0,249.75339
2019-12-03 10:00:00,305.0,294.33847
2019-12-03 11:00:00,277.0,334.91064
2019-12-03 12:00:00,295.0,393.56113
2019-12-03 13:00:00,346.0,412.99417
2019-12-03 14:00:00,333.0,414.9427
2019-12-03 15:00:00,419.0,393.70325
2019-12-03 16:00:00,542.0,374.3457
2019-12-03 17:00:00,671.0,347.34906
2019-12-03 18:00:00,436.0,311.45508
2019-12-03 19:00:00,232.0,269.25696
2019-12-03 20:00:00,146.0,212.12389
2019-12-03 21:00:00,123.0,165.33446
2019-12-03 22:00:00,70.0,121.30414
2019-12-03 23:00:00,37.0,82.5712
2019-12-04 00:00:00,15.0,59.610565
2019-12-04 01:00:00,11.0,38.98558
2019-12-04 02:00:00,5.0,30.109512
2019-12-04 03:00:00,14.0,34.037018
2019-12-04 04:00:00,14.0,49.422287
2019-12-04 05:00:00,117.0,75.95659
2019-12-04 06:00:00,369.0,111.38826
2019-12-04 07:00:00,458.0,164.98788
2019-12-04 08:00:00,322.0,211.0893
2019-12-04 09:00:00,264.0,257.78625
2019-12-04 10:00:00,317.0,301.90906
2019-12-04 11:00:00,326.0,340.27216
2019-12-04 12:00:00,316.0,370.8958
2019-12-04 13:00:00,458.0,391.24335
2019-12-04 14:00:00,397.0,400.02692
2019-12-04 15:00:00,427.0,396.65424
2019-12-04 16:00:00,521.0,381.26898
2019-12-04 17:00:00,680.0,355.0121
2019-12-04 18:00:00,437.0,319.39548
2019-12-04 19:00:00,193.0,277.1974
2019-12-04 20:00:00,125.0,220.24922
2019-12-04 21:00:00,95.0,174.10706
2019-12-04 22:00:00,71.0,129.98427
2019-12-04 23:00:00,33.0,91.43625
2019-12-05 00:00:00,26.0,68.82385
2019-12-05 01:00:00,10.0,48.106415
2019-12-05 02:00:00,6.0,39.415283
2019-12-05 03:00:00,9.0,42.695526
2019-12-05 04:00:00,20.0,58.358185
2019-12-05 05:00:00,99.0,84.245255
2019-12-05 06:00:00,382.0,119.49199
2019-12-05 07:00:00,442.0,172.53683
2019-12-05 08:00:00,315.0,217.99101
2019-12-05 09:00:00,256.0,264.78043
2019-12-05 10:00:00,345.0,309.36554
2019-12-05 11:00:00,344.0,348.09848
2019-12-05 12:00:00,335.0,378.90704
2019-12-05 13:00:00,454.0,399.3471
2019-12-05 14:00:00,405.0,408.22314
2019-12-05 15:00:00,450.0,405.0354
2019-12-05 16:00:00,519.0,388.72546
2019-12-05 17:00:00,696.0,362.0987
2019-12-05 18:00:00,412.0,326.94443
2019-12-05 19:00:00,218.0,284.93124
2019-12-05 20:00:00,138.0,227.7057
2019-12-05 21:00:00,105.0,180.73135
2019-12-05 22:00:00,104.0,136.51611
2019-12-05 23:00:00,57.0,98.15302
2019-12-06 00:00:00,21.0,70.649
2019-12-06 01:00:00,20.0,50.486343
2019-12-06 02:00:00,13.0,41.42537
2019-12-06 03:00:00,15.0,44.613144
2019-12-06 04:00:00,19.0,59.536102
2019-12-06 05:00:00,96.0,86.34778
2019-12-06 06:00:00,354.0,121.40959
2019-12-06 07:00:00,453.0,174.45445
2019-12-06 08:00:00,272.0,227.90266
2019-12-06 09:00:00,302.0,296.65656
2019-12-06 10:00:00,352.0,341.79645
2019-12-06 11:00:00,398.0,359.63147
2019-12-06 12:00:00,357.0,381.65686
2019-12-06 13:00:00,423.0,428.7633
2019-12-06 14:00:00,456.0,441.02393
2019-12-06 15:00:00,511.0,431.38742
2019-12-06 16:00:00,611.0,393.04712
2019-12-06 17:00:00,628.0,366.8827
2019-12-06 18:00:00,506.0,331.45102
2019-12-06 19:00:00,300.0,288.88306
2019-12-06 20:00:00,149.0,232.30478
2019-12-06 21:00:00,109.0,186.80984
2019-12-06 22:00:00,126.0,143.24184
2019-12-06 23:00:00,113.0,104.878746
2019-12-07 00:00:00,67.0,54.895065
2019-12-07 01:00:00,45.0,34.5475
2019-12-07 02:00:00,18.0,26.226212
2019-12-07 03:00:00,21.0,30.246185
2019-12-07 04:00:00,10.0,45.53897
2019-12-07 05:00:00,44.0,72.35068
2019-12-07 06:00:00,81.0,107.78234
2019-12-07 07:00:00,153.0,160.64226
2019-12-07 08:00:00,180.0,208.13063
2019-12-07 09:00:00,310.0,254.73512
2019-12-07 10:00:00,374.0,299.4127
2019-12-07 11:00:00,425.0,339.71753
2019-12-07 12:00:00,392.0,370.15625
2019-12-07 13:00:00,399.0,390.13397
2019-12-07 14:00:00,435.0,398.36276
2019-12-07 15:00:00,420.0,394.99008
2019-12-07 16:00:00,522.0,378.8651
2019-12-07 17:00:00,523.0,352.14587
2019-12-07 18:00:00,340.0,316.62173
2019-12-07 19:00:00,186.0,274.51608
2019-12-07 20:00:00,106.0,217.47548
2019-12-07 21:00:00,98.0,170.77852
2019-12-07 22:00:00,97.0,126.7482
2019-12-07 23:00:00,94.0,87.36801
2019-12-08 00:00:00,79.0,23.825134
2019-12-08 01:00:00,48.0,3.5700226
2019-12-08 02:00:00,23.0,-5.58342
2019-12-08 03:00:00,21.0,-3.0428925
2019-12-08 04:00:00,12.0,11.41774
2019-12-08 05:00:00,15.0,37.674652
2019-12-08 06:00:00,42.0,73.01387
2019-12-08 07:00:00,49.0,125.96625
2019-12-08 08:00:00,144.0,172.5959
2019-12-08 09:00:00,218.0,247.7985
2019-12-08 10:00:00,381.0,292.56854
2019-12-08 11:00:00,408.0,332.3186
2019-12-08 12:00:00,413.0,363.86688
2019-12-08 13:00:00,474.0,378.52194
2019-12-08 14:00:00,512.0,387.1801
2019-12-08 15:00:00,471.0,365.52136
2019-12-08 16:00:00,529.0,345.48358
2019-12-08 17:00:00,425.0,317.74725
2019-12-08 18:00:00,263.0,282.31558
2019-12-08 19:00:00,210.0,240.20993
2019-12-08 20:00:00,160.0,183.90903
2019-12-08 21:00:00,115.0,138.96889
2019-12-08 22:00:00,59.0,95.49335
2019-12-08 23:00:00,34.0,56.667953
2019-12-09 00:00:00,23.0,59.945953
2019-12-09 01:00:00,13.0,40.338074
2019-12-09 02:00:00,9.0,31.646957
2019-12-09 03:00:00,7.0,33.694534
2019-12-09 04:00:00,22.0,48.370697
2019-12-09 05:00:00,131.0,74.81256
2019-12-09 06:00:00,423.0,110.491005
2019-12-09 07:00:00,468.0,163.19661
2019-12-09 08:00:00,284.0,210.78387
2019-12-09 09:00:00,227.0,256.98553
2019-12-09 10:00:00,231.0,308.01935
2019-12-09 11:00:00,285.0,342.60513
2019-12-09 12:00:00,255.0,369.6593
2019-12-09 13:00:00,269.0,366.2498
2019-12-09 14:00:00,265.0,397.03363
2019-12-09 15:00:00,320.0,372.12302
2019-12-09 16:00:00,464.0,356.55658
2019-12-09 17:00:00,600.0,330.70135
2019-12-09 18:00:00,394.0,294.96106
2019-12-09 19:00:00,192.0,251.27855
2019-12-09 20:00:00,111.0,205.3627
2019-12-09 21:00:00,102.0,158.5108
2019-12-09 22:00:00,66.0,114.852844
2019-12-09 23:00:00,32.0,75.53262
2019-12-10 00:00:00,16.0,56.72052
2019-12-10 01:00:00,7.0,36.372955
2019-12-10 02:00:00,8.0,16.744476
2019-12-10 03:00:00,11.0,19.86914
2019-12-10 04:00:00,33.0,35.007645
2019-12-10 05:00:00,112.0,71.80267
2019-12-10 06:00:00,372.0,106.587105
2019-12-10 07:00:00,459.0,159.7244
2019-12-10 08:00:00,308.0,205.6409
2019-12-10 09:00:00,267.0,258.0139
2019-12-10 10:00:00,281.0,326.3267
2019-12-10 11:00:00,271.0,365.24457
2019-12-10 12:00:00,284.0,394.0125
2019-12-10 13:00:00,325.0,416.3083
2019-12-10 14:00:00,330.0,424.04178
2019-12-10 15:00:00,344.0,414.25333
2019-12-10 16:00:00,497.0,375.17334
2019-12-10 17:00:00,606.0,348.08426
2019-12-10 18:00:00,418.0,312.0978
2019-12-10 19:00:00,266.0,269.3449
2019-12-10 20:00:00,160.0,212.11937
2019-12-10 21:00:00,95.0,165.32994
2019-12-10 22:00:00,85.0,121.1147
2019-12-10 23:00:00,45.0,82.56668
2019-12-11 00:00:00,16.0,59.27823
2019-12-11 01:00:00,13.0,39.023117
2019-12-11 02:00:00,14.0,30.239487
2019-12-11 03:00:00,17.0,33.704666
2019-12-11 04:00:00,32.0,48.81256
2019-12-11 05:00:00,104.0,75.16194
2019-12-11 06:00:00,380.0,111.24086
2019-12-11 07:00:00,453.0,164.65555
2019-12-11 08:00:00,260.0,210.6645
2019-12-11 09:00:00,245.0,257.73132
2019-12-11 10:00:00,252.0,302.40887
2019-12-11 11:00:00,302.0,341.41922
2019-12-11 12:00:00,274.0,372.32028
2019-12-11 13:00:00,327.0,393.03772
2019-12-11 14:00:00,345.0,401.91376
2019-12-11 15:00:00,373.0,398.4486
2019-12-11 16:00:00,474.0,383.1558
2019-12-11 17:00:00,610.0,357.73105
2019-12-11 18:00:00,425.0,300.3597
2019-12-11 19:00:00,264.0,257.3944
2019-12-11 20:00:00,153.0,211.66162
2019-12-11 21:00:00,112.0,164.6854
2019-12-11 22:00:00,72.0,131.74799
2019-12-11 23:00:00,46.0,82.138306
2019-12-12 00:00:00,23.0,59.81398
2019-12-12 01:00:00,17.0,50.49745
2019-12-12 02:00:00,12.0,41.806335
2019-12-12 03:00:00,9.0,44.90164
2019-12-12 04:00:00,17.0,60.194443
2019-12-12 05:00:00,104.0,76.00693
2019-12-12 06:00:00,368.0,111.19245
2019-12-12 07:00:00,437.0,152.86638
2019-12-12 08:00:00,286.0,198.81223
2019-12-12 09:00:00,236.0,267.72623
2019-12-12 10:00:00,276.0,312.60522
2019-12-12 11:00:00,276.0,352.40472
2019-12-12 12:00:00,257.0,403.33853
2019-12-12 13:00:00,301.0,410.79874
2019-12-12 14:00:00,304.0,417.72662
2019-12-12 15:00:00,396.0,427.97095
2019-12-12 16:00:00,520.0,390.5617
2019-12-12 17:00:00,614.0,363.47263
2019-12-12 18:00:00,453.0,327.6711
2019-12-12 19:00:00,274.0,285.01068
2019-12-12 20:00:00,133.0,228.06253
2019-12-12 21:00:00,117.0,181.36557
2019-12-12 22:00:00,77.0,137.15033
2019-12-12 23:00:00,77.0,98.23245
2019-12-13 00:00:00,33.0,71.694855
2019-12-13 01:00:00,9.0,51.809586
2019-12-13 02:00:00,14.0,43.39586
2019-12-13 03:00:00,18.0,46.583633
2019-12-13 04:00:00,21.0,61.87645
2019-12-13 05:00:00,93.0,88.68814
2019-12-13 06:00:00,343.0,124.674576
2019-12-13 07:00:00,416.0,177.71944
2019-12-13 08:00:00,253.0,202.15858
2019-12-13 09:00:00,247.0,251.20775
2019-12-13 10:00:00,245.0,294.11975
2019-12-13 11:00:00,306.0,333.1601
2019-12-13 12:00:00,243.0,364.67944
2019-12-13 13:00:00,293.0,407.13513
2019-12-13 14:00:00,355.0,415.07007
2019-12-13 15:00:00,388.0,389.48096
2019-12-13 16:00:00,522.0,372.5232
2019-12-13 17:00:00,573.0,369.22302
2019-12-13 18:00:00,384.0,334.4386
2019-12-13 19:00:00,237.0,292.42545
2019-12-13 20:00:00,159.0,235.56976
2019-12-13 21:00:00,120.0,189.33511
2019-12-13 22:00:00,91.0,144.65755
2019-12-13 23:00:00,141.0,105.9246
2019-12-14 00:00:00,83.0,55.427795
2019-12-14 01:00:00,50.0,34.89528
2019-12-14 02:00:00,24.0,26.2966
2019-12-14 03:00:00,20.0,29.299469
2019-12-14 04:00:00,18.0,44.962128
2019-12-14 05:00:00,30.0,60.03366
2019-12-14 06:00:00,77.0,106.74317
2019-12-14 07:00:00,114.0,141.14642
2019-12-14 08:00:00,185.0,187.8951
2019-12-14 09:00:00,296.0,233.88358
2019-12-14 10:00:00,315.0,277.7307
2019-12-14 11:00:00,331.0,345.4704
2019-12-14 12:00:00,345.0,369.53638
2019-12-14 13:00:00,328.0,397.41568
2019-12-14 14:00:00,381.0,399.6416
2019-12-14 15:00:00,392.0,393.85846
2019-12-14 16:00:00,380.0,378.10333
2019-12-14 17:00:00,325.0,353.14093
2019-12-14 18:00:00,273.0,317.3394
2019-12-14 19:00:00,195.0,274.49402
2019-12-14 20:00:00,128.0,217.08356
2019-12-14 21:00:00,120.0,170.8489
2019-12-14 22:00:00,103.0,127.18845
2019-12-14 23:00:00,90.0,87.90073
2019-12-15 00:00:00,80.0,48.04117
2019-12-15 01:00:00,48.0,27.786072
2019-12-15 02:00:00,28.0,18.632614
2019-12-15 03:00:00,20.0,21.820389
2019-12-15 04:00:00,24.0,38.777557
2019-12-15 05:00:00,18.0,63.647507
2019-12-15 06:00:00,42.0,98.33947
2019-12-15 07:00:00,58.0,151.75417
2019-12-15 08:00:00,122.0,197.39326
2019-12-15 09:00:00,158.0,268.07883
2019-12-15 10:00:00,240.0,317.59384
2019-12-15 11:00:00,318.0,334.48132
2019-12-15 12:00:00,280.0,369.57257
2019-12-15 13:00:00,350.0,381.80066
2019-12-15 14:00:00,375.0,394.87695
2019-12-15 15:00:00,393.0,389.06085
2019-12-15 16:00:00,471.0,372.1037
2019-12-15 17:00:00,426.0,345.10706
2019-12-15 18:00:00,260.0,308.93567
2019-12-15 19:00:00,203.0,266.1828
2019-12-15 20:00:00,181.0,208.49492
2019-12-15 21:00:00,117.0,161.33563
2019-12-15 22:00:00,69.0,116.93547
2019-12-15 23:00:00,39.0,78.295
2019-12-16 00:00:00,16.0,57.787537
2019-12-16 01:00:00,10.0,37.347504
2019-12-16 02:00:00,4.0,28.47142
2019-12-16 03:00:00,10.0,32.121536
2019-12-16 04:00:00,31.0,46.95201
2019-12-16 05:00:00,133.0,72.19183
2019-12-16 06:00:00,361.0,107.43857
2019-12-16 07:00:00,450.0,160.7608
2019-12-16 08:00:00,255.0,207.23209
2019-12-16 09:00:00,212.0,253.74411
2019-12-16 10:00:00,237.0,303.10715
2019-12-16 11:00:00,273.0,367.11316
2019-12-16 12:00:00,258.0,377.05035
2019-12-16 13:00:00,320.0,389.7902
2019-12-16 14:00:00,329.0,398.5738
2019-12-16 15:00:00,371.0,394.9237
2019-12-16 16:00:00,498.0,378.6138
2019-12-16 17:00:00,602.0,351.89456
2019-12-16 18:00:00,410.0,316.18552
2019-12-16 19:00:00,235.0,274.2648
2019-12-16 20:00:00,140.0,217.22417
2019-12-16 21:00:00,82.0,170.52722
2019-12-16 22:00:00,50.0,126.68182
2019-12-16 23:00:00,5.0,88.31874
2019-12-17 00:00:00,24.0,58.887177
2019-12-17 01:00:00,13.0,38.63205
2019-12-17 02:00:00,3.0,29.756012
2019-12-17 03:00:00,12.0,33.22116
2019-12-17 04:00:00,22.0,49.06877
2019-12-17 05:00:00,109.0,76.527695
2019-12-17 06:00:00,346.0,112.1443
2019-12-17 07:00:00,454.0,165.65146
2019-12-17 08:00:00,275.0,213.40718
2019-12-17 09:00:00,227.0,285.3442
2019-12-17 10:00:00,259.0,306.08624
2019-12-17 11:00:00,301.0,344.26443
2019-12-17 12:00:00,267.0,374.6107
2019-12-17 13:00:00,289.0,394.4035
2019-12-17 14:00:00,303.0,403.18707
2019-12-17 15:00:00,359.0,399.72192
2019-12-17 16:00:00,501.0,383.87433
2019-12-17 17:00:00,606.0,354.84348
2019-12-17 18:00:00,427.0,319.50427
2019-12-17 19:00:00,228.0,277.12125
2019-12-17 20:00:00,139.0,220.45049
2019-12-17 21:00:00,111.0,172.73642
2019-12-17 22:00:00,84.0,129.44582
2019-12-17 23:00:00,55.0,90.712875
2019-12-18 00:00:00,25.0,66.63318
2019-12-18 01:00:00,13.0,46.840378
2019-12-18 02:00:00,5.0,38.426636
2019-12-18 03:00:00,13.0,41.244553
2019-12-18 04:00:00,31.0,56.537384
2019-12-18 05:00:00,103.0,83.25659
2019-12-18 06:00:00,378.0,118.68828
2019-12-18 07:00:00,418.0,171.36325
2019-12-18 08:00:00,268.0,217.83453
2019-12-18 09:00:00,246.0,264.16162
2019-12-18 10:00:00,264.0,308.5618
2019-12-18 11:00:00,310.0,348.0345
2019-12-18 12:00:00,274.0,399.24567
2019-12-18 13:00:00,350.0,425.0349
2019-12-18 14:00:00,326.0,438.67242
2019-12-18 15:00:00,355.0,428.7915
2019-12-18 16:00:00,524.0,389.0313
2019-12-18 17:00:00,638.0,362.31207
2019-12-18 18:00:00,397.0,326.32562
2019-12-18 19:00:00,269.0,283.9426
2019-12-18 20:00:00,165.0,226.62459
2019-12-18 21:00:00,130.0,179.92763
2019-12-18 22:00:00,86.0,135.06516
2019-12-18 23:00:00,72.0,96.14728
2019-12-19 00:00:00,26.0,73.70998
2019-12-19 01:00:00,14.0,53.732254
2019-12-19 02:00:00,10.0,45.410995
2019-12-19 03:00:00,13.0,48.5063
2019-12-19 04:00:00,21.0,63.521713
2019-12-19 05:00:00,104.0,89.40877
2019-12-19 06:00:00,343.0,124.9329
2019-12-19 07:00:00,432.0,178.0702
2019-12-19 08:00:00,323.0,223.89424
2019-12-19 09:00:00,251.0,270.49872
2019-12-19 10:00:00,270.0,336.49353
2019-12-19 11:00:00,303.0,383.5904
2019-12-19 12:00:00,254.0,414.7688
2019-12-19 13:00:00,330.0,433.0263
2019-12-19 14:00:00,364.0,415.42087
2019-12-19 15:00:00,375.0,411.95572
2019-12-19 16:00:00,506.0,396.20056
2019-12-19 17:00:00,580.0,369.94366
2019-12-19 18:00:00,443.0,334.60446
2019-12-19 19:00:00,254.0,291.5742
2019-12-19 20:00:00,158.0,233.7014
2019-12-19 21:00:00,102.0,186.63458
2019-12-19 22:00:00,98.0,142.78918
2019-12-19 23:00:00,61.0,104.79596
2019-12-20 00:00:00,26.0,77.28177
2019-12-20 01:00:00,17.0,56.749268
2019-12-20 02:00:00,13.0,47.595795
2019-12-20 03:00:00,9.0,51.338364
2019-12-20 04:00:00,33.0,68.203064
2019-12-20 05:00:00,93.0,94.27504
2019-12-20 06:00:00,309.0,129.24438
2019-12-20 07:00:00,369.0,183.49127
2019-12-20 08:00:00,282.0,233.01385
2019-12-20 09:00:00,262.0,283.22443
2019-12-20 10:00:00,302.0,329.75128
2019-12-20 11:00:00,297.0,368.29932
2019-12-20 12:00:00,300.0,399.2168
2019-12-20 13:00:00,328.0,419.2705
2019-12-20 14:00:00,329.0,425.4651
2019-12-20 15:00:00,419.0,418.3014
2019-12-20 16:00:00,493.0,402.26886
2019-12-20 17:00:00,494.0,375.54968
2019-12-20 18:00:00,381.0,339.65567
2019-12-20 19:00:00,232.0,274.62512
2019-12-20 20:00:00,160.0,230.28993
2019-12-20 21:00:00,130.0,181.70683
2019-12-20 22:00:00,107.0,146.91576
2019-12-20 23:00:00,112.0,108.275276
2019-12-21 00:00:00,93.0,57.263947
2019-12-21 01:00:00,39.0,36.823914
2019-12-21 02:00:00,30.0,28.040314
2019-12-21 03:00:00,23.0,31.597946
2019-12-21 04:00:00,25.0,46.983215
2019-12-21 05:00:00,33.0,62.054764
2019-12-21 06:00:00,113.0,97.51767
2019-12-21 07:00:00,120.0,140.08687
2019-12-21 08:00:00,178.0,207.54068
2019-12-21 09:00:00,286.0,254.14516
2019-12-21 10:00:00,350.0,298.54535
2019-12-21 11:00:00,416.0,337.61755
2019-12-21 12:00:00,312.0,369.43082
2019-12-21 13:00:00,357.0,389.34497
2019-12-21 14:00:00,349.0,402.49124
2019-12-21 15:00:00,382.0,398.56378
2019-12-21 16:00:00,386.0,377.35052
2019-12-21 17:00:00,423.0,349.89157
2019-12-21 18:00:00,292.0,314.27496
2019-12-21 19:00:00,225.0,271.79947
2019-12-21 20:00:00,172.0,214.20407
2019-12-21 21:00:00,144.0,168.61667
2019-12-21 22:00:00,137.0,125.048676
2019-12-21 23:00:00,95.0,76.79596
2019-12-22 00:00:00,67.0,37.25258
2019-12-22 01:00:00,39.0,16.874405
2019-12-22 02:00:00,37.0,8.67807
2019-12-22 03:00:00,36.0,22.402115
2019-12-22 04:00:00,21.0,37.78737
2019-12-22 05:00:00,14.0,63.951828
2019-12-22 06:00:00,45.0,98.92118
2019-12-22 07:00:00,58.0,152.42833
2019-12-22 08:00:00,90.0,198.52975
2019-12-22 09:00:00,157.0,245.5041
2019-12-22 10:00:00,203.0,290.0586
2019-12-22 11:00:00,228.0,306.69818
2019-12-22 12:00:00,262.0,338.09406
2019-12-22 13:00:00,272.0,358.8096
2019-12-22 14:00:00,296.0,367.77936
2019-12-22 15:00:00,310.0,386.22137
2019-12-22 16:00:00,346.0,370.46625
2019-12-22 17:00:00,327.0,343.83948
2019-12-22 18:00:00,184.0,308.59274
2019-12-22 19:00:00,148.0,266.20972
2019-12-22 20:00:00,134.0,198.2305
2019-12-22 21:00:00,105.0,161.73242
2019-12-22 22:00:00,58.0,117.97949
2019-12-22 23:00:00,44.0,79.33902
2019-12-23 00:00:00,34.0,58.6864
2019-12-23 01:00:00,19.0,38.24637
2019-12-23 02:00:00,8.0,29.185394
2019-12-23 03:00:00,10.0,33.0204
2019-12-23 04:00:00,17.0,37.497696
2019-12-23 05:00:00,67.0,74.8475
2019-12-23 06:00:00,153.0,99.126305
2019-12-23 07:00:00,205.0,140.89206
2019-12-23 08:00:00,188.0,209.14806
2019-12-23 09:00:00,243.0,233.99782
2019-12-23 10:00:00,339.0,278.2749
2019-12-23 11:00:00,331.0,339.03998
2019-12-23 12:00:00,265.0,347.84955
2019-12-23 13:00:00,302.0,368.01346
2019-12-23 14:00:00,390.0,376.1167
2019-12-23 15:00:00,360.0,372.3423
2019-12-23 16:00:00,378.0,357.0807
2019-12-23 17:00:00,385.0,330.48392
2019-12-23 18:00:00,329.0,295.14532
2019-12-23 19:00:00,220.0,275.25613
2019-12-23 20:00:00,156.0,218.30798
2019-12-23 21:00:00,93.0,172.07333
2019-12-23 22:00:00,84.0,116.64273
2019-12-23 23:00:00,55.0,88.940216
2019-12-24 00:00:00,66.0,59.64064
2019-12-24 01:00:00,26.0,39.57045
2019-12-24 02:00:00,12.0,29.677292
2019-12-24 03:00:00,7.0,32.7726
2019-12-24 04:00:00,18.0,47.3257
2019-12-24 05:00:00,43.0,74.137405
2019-12-24 06:00:00,84.0,108.92182
2019-12-24 07:00:00,113.0,162.33652
2019-12-24 08:00:00,124.0,208.62286
2019-12-24 09:00:00,186.0,233.8756
2019-12-24 10:00:00,276.0,277.6279
2019-12-24 11:00:00,291.0,317.10306
2019-12-24 12:00:00,278.0,368.42935
2019-12-24 13:00:00,322.0,367.1772
2019-12-24 14:00:00,316.0,377.31897
2019-12-24 15:00:00,369.0,376.16913
2019-12-24 16:00:00,329.0,382.10065
2019-12-24 17:00:00,231.0,356.15173
2019-12-24 18:00:00,130.0,320.72006
2019-12-24 19:00:00,62.0,278.79935
2019-12-24 20:00:00,51.0,222.3135
2019-12-24 21:00:00,78.0,175.89395
2019-12-24 22:00:00,148.0,131.4013
2019-12-24 23:00:00,128.0,81.51549
2019-12-25 00:00:00,63.0,33.615753
2019-12-25 01:00:00,38.0,24.453568
2019-12-25 02:00:00,14.0,16.132263
2019-12-25 03:00:00,5.0,19.135101
2019-12-25 04:00:00,12.0,34.79779
2019-12-25 05:00:00,8.0,61.054703
2019-12-25 06:00:00,25.0,96.393906
2019-12-25 07:00:00,36.0,149.43875
2019-12-25 08:00:00,67.0,195.17032
2019-12-25 09:00:00,158.0,241.95973
2019-12-25 10:00:00,242.0,286.26746
2019-12-25 11:00:00,394.0,324.8155
2019-12-25 12:00:00,253.0,355.4085
2019-12-25 13:00:00,269.0,375.60175
2019-12-25 14:00:00,283.0,384.10794
2019-12-25 15:00:00,320.0,379.96497
2019-12-25 16:00:00,357.0,363.83997
2019-12-25 17:00:00,270.0,337.2132
2019-12-25 18:00:00,183.0,301.0418
2019-12-25 19:00:00,138.0,259.15173
2019-12-25 20:00:00,120.0,202.01865
2019-12-25 21:00:00,101.0,154.76689
2019-12-25 22:00:00,105.0,110.64411
2019-12-25 23:00:00,67.0,71.81871
2019-12-26 00:00:00,38.0,49.235428
2019-12-26 01:00:00,28.0,28.79538
2019-12-26 02:00:00,14.0,19.549484
2019-12-26 03:00:00,7.0,23.107101
2019-12-26 04:00:00,7.0,38.214966
2019-12-26 05:00:00,16.0,64.47189
2019-12-26 06:00:00,49.0,99.53371
2019-12-26 07:00:00,68.0,152.48608
2019-12-26 08:00:00,120.0,198.40259
2019-12-26 09:00:00,266.0,245.192
2019-12-26 10:00:00,368.0,289.3148
2019-12-26 11:00:00,469.0,328.23267
2019-12-26 12:00:00,331.0,358.9488
2019-12-26 13:00:00,347.0,382.09317
2019-12-26 14:00:00,339.0,389.31494
2019-12-26 15:00:00,359.0,384.70728
2019-12-26 16:00:00,422.0,368.95212
2019-12-26 17:00:00,344.0,321.1254
2019-12-26 18:00:00,200.0,308.00323
2019-12-26 19:00:00,145.0,265.80515
2019-12-26 20:00:00,155.0,198.38135
2019-12-26 21:00:00,106.0,152.05362
2019-12-26 22:00:00,79.0,118.74636
2019-12-26 23:00:00,49.0,69.10542
2019-12-27 00:00:00,38.0,66.44438
2019-12-27 01:00:00,23.0,46.25174
2019-12-27 02:00:00,12.0,47.72638
2019-12-27 03:00:00,9.0,51.345856
2019-12-27 04:00:00,24.0,66.82359
2019-12-27 05:00:00,36.0,82.574875
2019-12-27 06:00:00,104.0,118.28518
2019-12-27 07:00:00,128.0,160.54575
2019-12-27 08:00:00,171.0,206.33855
2019-12-27 09:00:00,252.0,252.72624
2019-12-27 10:00:00,295.0,296.75592
2019-12-27 11:00:00,311.0,335.0247
2019-12-27 12:00:00,288.0,365.55588
2019-12-27 13:00:00,309.0,407.99744
2019-12-27 14:00:00,365.0,394.68704
2019-12-27 15:00:00,367.0,413.5314
2019-12-27 16:00:00,356.0,398.208
2019-12-27 17:00:00,376.0,349.98077
2019-12-27 18:00:00,268.0,314.70282
2019-12-27 19:00:00,197.0,294.96854
2019-12-27 20:00:00,119.0,226.86563
2019-12-27 21:00:00,100.0,180.60039
2019-12-27 22:00:00,84.0,136.57007
2019-12-27 23:00:00,63.0,98.42376
2019-12-28 00:00:00,38.0,58.419342
2019-12-28 01:00:00,41.0,38.102386
2019-12-28 02:00:00,27.0,29.411255
2019-12-28 03:00:00,19.0,32.59903
2019-12-28 04:00:00,15.0,47.61444
2019-12-28 05:00:00,25.0,73.31659
2019-12-28 06:00:00,61.0,108.470856
2019-12-28 07:00:00,129.0,161.42323
2019-12-28 08:00:00,158.0,207.1548
2019-12-28 09:00:00,289.0,253.75928
2019-12-28 10:00:00,412.0,297.7896
2019-12-28 11:00:00,381.0,336.4301
2019-12-28 12:00:00,318.0,367.2387
2019-12-28 13:00:00,374.0,387.6787
2019-12-28 14:00:00,418.0,395.81503
2019-12-28 15:00:00,433.0,391.98004
2019-12-28 16:00:00,408.0,376.31738
2019-12-28 17:00:00,349.0,349.78308
2019-12-28 18:00:00,276.0,314.25894
2019-12-28 19:00:00,190.0,272.06085
2019-12-28 20:00:00,134.0,214.46544
2019-12-28 21:00:00,103.0,166.6589
2019-12-28 22:00:00,81.0,122.72106
2019-12-28 23:00:00,66.0,83.710724
2019-12-29 00:00:00,47.0,44.853836
2019-12-29 01:00:00,47.0,24.783676
2019-12-29 02:00:00,25.0,15.537735
2019-12-29 03:00:00,20.0,19.280304
2019-12-29 04:00:00,15.0,34.66559
2019-12-29 05:00:00,16.0,60.830048
2019-12-29 06:00:00,38.0,96.16924
2019-12-29 07:00:00,98.0,149.30655
2019-12-29 08:00:00,132.0,194.94565
2019-12-29 09:00:00,178.0,241.55014
2019-12-29 10:00:00,304.0,285.67294
2019-12-29 11:00:00,462.0,324.49835
2019-12-29 12:00:00,416.0,359.2362
2019-12-29 13:00:00,447.0,404.78082
2019-12-29 14:00:00,428.0,412.1875
2019-12-29 15:00:00,462.0,406.2789
2019-12-29 16:00:00,466.0,365.2178
2019-12-29 17:00:00,352.0,338.6835
2019-12-29 18:00:00,251.0,302.88196
2019-12-29 19:00:00,196.0,260.86877
2019-12-29 20:00:00,126.0,204.10556
2019-12-29 21:00:00,100.0,157.50107
2019-12-29 22:00:00,81.0,113.74814
2019-12-29 23:00:00,49.0,75.385056
2019-12-30 00:00:00,48.0,54.677658
2019-12-30 01:00:00,20.0,34.330093
2019-12-30 02:00:00,7.0,25.546494
2019-12-30 03:00:00,6.0,28.826736
2019-12-30 04:00:00,15.0,43.9346
2019-12-30 05:00:00,57.0,69.821655
2019-12-30 06:00:00,134.0,105.16086
2019-12-30 07:00:00,179.0,158.39066
2019-12-30 08:00:00,167.0,204.21466
2019-12-30 09:00:00,255.0,251.00409
2019-12-30 10:00:00,302.0,295.12686
2019-12-30 11:00:00,411.0,333.76736
2019-12-30 12:00:00,393.0,364.391
2019-12-30 13:00:00,574.0,384.92352
2019-12-30 14:00:00,583.0,393.42972
2019-12-30 15:00:00,460.0,390.24194
2019-12-30 16:00:00,405.0,375.13406
2019-12-30 17:00:00,422.0,348.87714
2019-12-30 18:00:00,293.0,313.44547
2019-12-30 19:00:00,204.0,271.33984
2019-12-30 20:00:00,128.0,214.1143
2019-12-30 21:00:00,103.0,167.69473
2019-12-30 22:00:00,62.0,123.47949
2019-12-30 23:00:00,39.0,85.023926
2019-12-31 00:00:00,31.0,55.4843
2019-12-31 01:00:00,15.0,35.50656
2019-12-31 02:00:00,10.0,27.09282
2019-12-31 03:00:00,17.0,30.46553
2019-12-31 04:00:00,12.0,45.573395
2019-12-31 05:00:00,28.0,71.460464
2019-12-31 06:00:00,98.0,106.522285
2019-12-31 07:00:00,130.0,159.3822
2019-12-31 08:00:00,137.0,205.57608
2019-12-31 09:00:00,203.0,254.73296
2019-12-31 10:00:00,309.0,296.3958
2019-12-31 11:00:00,372.0,335.22125
2019-12-31 12:00:00,416.0,366.12228
2019-12-31 13:00:00,487.0,386.65482
2019-12-31 14:00:00,487.0,395.53082
2019-12-31 15:00:00,420.0,392.06567
2019-12-31 16:00:00,372.0,376.68042
2019-12-31 17:00:00,262.0,350.51596
2019-12-31 18:00:00,210.0,314.89935
2019-12-31 19:00:00,142.0,272.6088
2019-12-31 20:00:00,102.0,215.38324
2019-12-31 21:00:00,90.0,168.96368
2019-12-31 22:00:00,73.0,124.47104
2019-12-31 23:00:00,45.0,85.92302
2020-01-01 00:00:00,52.0,32.624176
2020-01-01 01:00:00,113.0,12.36908
2020-01-01 02:00:00,98.0,3.770401
2020-01-01 03:00:00,56.0,7.1430817
2020-01-01 04:00:00,34.0,22.528366
2020-01-01 05:00:00,33.0,48.78528
2020-01-01 06:00:00,42.0,84.03203
2020-01-01 07:00:00,66.0,136.98442
2020-01-01 08:00:00,76.0,182.80844
2020-01-01 09:00:00,151.0,229.50539
2020-01-01 10:00:00,289.0,273.44324
2020-01-01 11:00:00,560.0,311.99127
2020-01-01 12:00:00,737.0,342.43
2020-01-01 13:00:00,724.0,362.68512
2020-01-01 14:00:00,695.0,371.56116
2020-01-01 15:00:00,507.0,368.18848
2020-01-01 16:00:00,385.0,352.80322
2020-01-01 17:00:00,288.0,326.7312
2020-01-01 18:00:00,183.0,291.57693
2020-01-01 19:00:00,135.0,249.28638
2020-01-01 20:00:00,116.0,192.15329
2020-01-01 21:00:00,86.0,145.5488
2020-01-01 22:00:00,57.0,101.33354
2020-01-01 23:00:00,23.0,62.97046
2020-01-02 00:00:00,18.0,64.9897
2020-01-02 01:00:00,18.0,44.457184
2020-01-02 02:00:00,3.0,35.766083
2020-01-02 03:00:00,10.0,38.76892
2020-01-02 04:00:00,18.0,54.154175
2020-01-02 05:00:00,82.0,80.4111
2020-01-02 06:00:00,99.0,115.65784
2020-01-02 07:00:00,177.0,168.51776
2020-01-02 08:00:00,197.0,214.43423
2020-01-02 09:00:00,272.0,261.31613
2020-01-02 10:00:00,463.0,305.62384
2020-01-02 11:00:00,681.0,344.35678
2020-01-02 12:00:00,666.0,375.1654
2020-01-02 13:00:00,784.0,395.79034
2020-01-02 14:00:00,672.0,404.38898
2020-01-02 15:00:00,571.0,401.0163
2020-01-02 16:00:00,593.0,385.1687
2020-01-02 17:00:00,439.0,358.81934
2020-01-02 18:00:00,322.0,323.38766
2020-01-02 19:00:00,227.0,281.28204
2020-01-02 20:00:00,137.0,224.42635
2020-01-02 21:00:00,96.0,178.09924
2020-01-02 22:00:00,77.0,134.06892
2020-01-02 23:00:00,65.0,95.798294
2020-01-03 00:00:00,30.0,68.35837
2020-01-03 01:00:00,24.0,48.010773
2020-01-03 02:00:00,22.0,39.319656
2020-01-03 03:00:00,15.0,42.599884
2020-01-03 04:00:00,22.0,57.892715
2020-01-03 05:00:00,37.0,84.05716
2020-01-03 06:00:00,129.0,119.48882
2020-01-03 07:00:00,223.0,172.53366
2020-01-03 08:00:00,166.0,218.45016
2020-01-03 09:00:00,246.0,268.1618
2020-01-03 10:00:00,344.0,311.35355
2020-01-03 11:00:00,341.0,352.86682
2020-01-03 12:00:00,295.0,409.93896
2020-01-03 13:00:00,366.0,425.7036
2020-01-03 14:00:00,382.0,433.74747
2020-01-03 15:00:00,446.0,411.19067
2020-01-03 16:00:00,452.0,393.43793
2020-01-03 17:00:00,437.0,367.45844
2020-01-03 18:00:00,347.0,310.64252
2020-01-03 19:00:00,222.0,269.4034
2020-01-03 20:00:00,172.0,233.4353
2020-01-03 21:00:00,166.0,185.99863
2020-01-03 22:00:00,122.0,141.69092
2020-01-03 23:00:00,87.0,103.32783
2020-01-04 00:00:00,63.0,42.346085
2020-01-04 01:00:00,43.0,21.874191
2020-01-04 02:00:00,29.0,24.368454
2020-01-04 03:00:00,19.0,28.573303
2020-01-04 04:00:00,16.0,43.218872
2020-01-04 05:00:00,35.0,69.29085
2020-01-04 06:00:00,51.0,94.09195
2020-01-04 07:00:00,101.0,136.56741
2020-01-04 08:00:00,128.0,182.11404
2020-01-04 09:00:00,253.0,251.39792
2020-01-04 10:00:00,322.0,274.04462
2020-01-04 11:00:00,303.0,311.9135
2020-01-04 12:00:00,300.0,342.3223
2020-01-04 13:00:00,338.0,384.3927
2020-01-04 14:00:00,342.0,392.6215
2020-01-04 15:00:00,342.0,388.87897
2020-01-04 16:00:00,381.0,373.2163
2020-01-04 17:00:00,343.0,346.58954
2020-01-04 18:00:00,269.0,310.78802
2020-01-04 19:00:00,216.0,268.8673
2020-01-04 20:00:00,141.0,211.64175
2020-01-04 21:00:00,109.0,164.85233
2020-01-04 22:00:00,108.0,120.82201
2020-01-04 23:00:00,93.0,82.089066
2020-01-05 00:00:00,78.0,43.17453
2020-01-05 01:00:00,63.0,22.642029
2020-01-05 02:00:00,51.0,13.118713
2020-01-05 03:00:00,40.0,16.583862
2020-01-05 04:00:00,17.0,31.969147
2020-01-05 05:00:00,26.0,57.48636
2020-01-05 06:00:00,45.0,92.640625
2020-01-05 07:00:00,73.0,145.40808
2020-01-05 08:00:00,115.0,190.95471
2020-01-05 09:00:00,188.0,266.1738
2020-01-05 10:00:00,328.0,310.17114
2020-01-05 11:00:00,416.0,351.02072
2020-01-05 12:00:00,399.0,382.3841
2020-01-05 13:00:00,508.0,403.47137
2020-01-05 14:00:00,482.0,412.3474
2020-01-05 15:00:00,506.0,405.88403
2020-01-05 16:00:00,419.0,362.9837
2020-01-05 17:00:00,352.0,336.07953
2020-01-05 18:00:00,217.0,300.278
2020-01-05 19:00:00,203.0,258.0799
2020-01-05 20:00:00,143.0,201.13174
2020-01-05 21:00:00,106.0,153.78754
2020-01-05 22:00:00,65.0,109.47983
2020-01-05 23:00:00,55.0,70.65442
2020-01-06 00:00:00,36.0,25.69226
2020-01-06 01:00:00,17.0,5.159775
2020-01-06 02:00:00,14.0,-3.5313416
2020-01-06 03:00:00,15.0,-0.06619263
2020-01-06 04:00:00,19.0,14.579361
2020-01-06 05:00:00,71.0,41.113647
2020-01-06 06:00:00,172.0,76.3604
2020-01-06 07:00:00,176.0,129.49773
2020-01-06 08:00:00,187.0,175.87653
2020-01-06 09:00:00,182.0,221.92624
2020-01-06 10:00:00,258.0,265.95657
2020-01-06 11:00:00,273.0,325.18463
2020-01-06 12:00:00,252.0,365.36414
2020-01-06 13:00:00,291.0,386.63638
2020-01-06 14:00:00,276.0,395.88226
2020-01-06 15:00:00,307.0,390.67035
2020-01-06 16:00:00,307.0,347.53564
2020-01-06 17:00:00,319.0,320.8164
2020-01-06 18:00:00,219.0,284.92242
2020-01-06 19:00:00,139.0,243.00171
2020-01-06 20:00:00,111.0,186.33096
2020-01-06 21:00:00,84.0,139.81892
2020-01-06 22:00:00,56.0,95.32628
2020-01-06 23:00:00,27.0,56.22348
2020-01-07 00:00:00,18.0,51.5616
2020-01-07 01:00:00,19.0,31.121552
2020-01-07 02:00:00,9.0,22.615372
2020-01-07 03:00:00,14.0,26.35791
2020-01-07 04:00:00,23.0,42.113052
2020-01-07 05:00:00,88.0,68.46243
2020-01-07 06:00:00,304.0,103.894104
2020-01-07 07:00:00,399.0,157.58618
2020-01-07 08:00:00,251.0,203.87254
2020-01-07 09:00:00,199.0,250.38457
2020-01-07 10:00:00,228.0,295.6334
2020-01-07 11:00:00,249.0,334.62726
2020-01-07 12:00:00,224.0,365.25092
2020-01-07 13:00:00,289.0,407.6554
2020-01-07 14:00:00,256.0,424.34058
2020-01-07 15:00:00,296.0,393.20197
2020-01-07 16:00:00,432.0,376.27136
2020-01-07 17:00:00,569.0,349.8295
2020-01-07 18:00:00,391.0,314.4903
2020-01-07 19:00:00,215.0,272.2922
2020-01-07 20:00:00,124.0,215.15913
2020-01-07 21:00:00,97.0,167.63
2020-01-07 22:00:00,65.0,122.12025
2020-01-07 23:00:00,38.0,83.20239
2020-01-08 00:00:00,16.0,59.879578
2020-01-08 01:00:00,9.0,39.16214
2020-01-08 02:00:00,12.0,30.563461
2020-01-08 03:00:00,10.0,34.02861
2020-01-08 04:00:00,18.0,49.598846
2020-01-08 05:00:00,70.0,75.39345
2020-01-08 06:00:00,324.0,110.64018
2020-01-08 07:00:00,398.0,163.40762
2020-01-08 08:00:00,260.0,209.78644
2020-01-08 09:00:00,238.0,279.237
2020-01-08 10:00:00,228.0,331.39685
2020-01-08 11:00:00,265.0,364.66525
2020-01-08 12:00:00,278.0,402.40134
2020-01-08 13:00:00,334.0,416.8385
2020-01-08 14:00:00,309.0,423.6574
2020-01-08 15:00:00,297.0,428.3612
2020-01-08 16:00:00,501.0,384.05103
2020-01-08 17:00:00,556.0,356.7605
2020-01-08 18:00:00,406.0,321.42133
2020-01-08 19:00:00,236.0,278.20612
2020-01-08 20:00:00,138.0,222.27505
2020-01-08 21:00:00,95.0,175.02332
2020-01-08 22:00:00,66.0,130.90053
2020-01-08 23:00:00,35.0,92.72237
2020-01-09 00:00:00,15.0,70.67099
2020-01-09 01:00:00,7.0,49.676163
2020-01-09 02:00:00,3.0,40.152878
2020-01-09 03:00:00,14.0,43.710495
2020-01-09 04:00:00,18.0,59.465622
2020-01-09 05:00:00,73.0,85.167755
2020-01-09 06:00:00,342.0,120.41449
2020-01-09 07:00:00,400.0,173.27441
2020-01-09 08:00:00,273.0,221.34047
2020-01-09 09:00:00,245.0,295.2916
2020-01-09 10:00:00,259.0,340.70886
2020-01-09 11:00:00,259.0,380.82877
2020-01-09 12:00:00,238.0,412.0072
2020-01-09 13:00:00,307.0,432.8171
2020-01-09 14:00:00,319.0,419.66272
2020-01-09 15:00:00,365.0,435.84406
2020-01-09 16:00:00,489.0,393.64038
2020-01-09 17:00:00,617.0,366.16498
2020-01-09 18:00:00,485.0,330.17853
2020-01-09 19:00:00,221.0,286.87085
2020-01-09 20:00:00,137.0,230.4775
2020-01-09 21:00:00,89.0,183.59561
2020-01-09 22:00:00,68.0,140.39746
2020-01-09 23:00:00,52.0,101.294655
2020-01-10 00:00:00,20.0,73.24057
2020-01-10 01:00:00,12.0,52.523132
2020-01-10 02:00:00,11.0,45.218994
2020-01-10 03:00:00,12.0,48.961517
2020-01-10 04:00:00,21.0,64.80911
2020-01-10 05:00:00,79.0,90.97357
2020-01-10 06:00:00,315.0,125.94292
2020-01-10 07:00:00,373.0,179.1727
2020-01-10 08:00:00,237.0,224.53441
2020-01-10 09:00:00,249.0,270.67657
2020-01-10 10:00:00,263.0,325.63324
2020-01-10 11:00:00,272.0,379.62103
2020-01-10 12:00:00,267.0,392.29553
2020-01-10 13:00:00,316.0,408.47946
2020-01-10 14:00:00,335.0,417.9002
2020-01-10 15:00:00,405.0,413.33557
2020-01-10 16:00:00,573.0,398.13522
2020-01-10 17:00:00,611.0,371.04614
2020-01-10 18:00:00,467.0,335.15216
2020-01-10 19:00:00,302.0,292.02942
2020-01-10 20:00:00,176.0,235.63606
2020-01-10 21:00:00,139.0,189.4939
2020-01-10 22:00:00,93.0,145.83342
2020-01-10 23:00:00,81.0,107.10048
2020-01-11 00:00:00,53.0,44.64009
2020-01-11 01:00:00,39.0,24.13884
2020-01-11 02:00:00,24.0,15.046631
2020-01-11 03:00:00,16.0,28.495117
2020-01-11 04:00:00,24.0,44.250244
2020-01-11 05:00:00,33.0,70.322235
2020-01-11 06:00:00,89.0,105.47652
2020-01-11 07:00:00,181.0,158.8912
2020-01-11 08:00:00,233.0,204.8077
2020-01-11 09:00:00,251.0,251.59712
2020-01-11 10:00:00,288.0,295.90485
2020-01-11 11:00:00,338.0,334.6378
2020-01-11 12:00:00,310.0,372.20544
2020-01-11 13:00:00,393.0,406.8603
2020-01-11 14:00:00,362.0,402.4626
2020-01-11 15:00:00,400.0,392.037
2020-01-11 16:00:00,451.0,376.28186
2020-01-11 17:00:00,419.0,349.74756
2020-01-11 18:00:00,329.0,313.1139
2020-01-11 19:00:00,194.0,269.89868
2020-01-11 20:00:00,129.0,212.02588
2020-01-11 21:00:00,110.0,165.05153
2020-01-11 22:00:00,119.0,120.373955
2020-01-11 23:00:00,143.0,82.1958
2020-01-12 00:00:00,99.0,42.851105
2020-01-12 01:00:00,50.0,22.318619
2020-01-12 02:00:00,45.0,13.257614
2020-01-12 03:00:00,35.0,16.260468
2020-01-12 04:00:00,15.0,31.553268
2020-01-12 05:00:00,17.0,57.532806
2020-01-12 06:00:00,54.0,92.77956
2020-01-12 07:00:00,92.0,146.00931
2020-01-12 08:00:00,109.0,195.06593
2020-01-12 09:00:00,187.0,267.74908
2020-01-12 10:00:00,279.0,312.98145
2020-01-12 11:00:00,380.0,353.47122
2020-01-12 12:00:00,367.0,384.46472
2020-01-12 13:00:00,428.0,404.99722
2020-01-12 14:00:00,494.0,414.61298
2020-01-12 15:00:00,501.0,407.94818
2020-01-12 16:00:00,496.0,365.989
2020-01-12 17:00:00,429.0,338.43756
2020-01-12 18:00:00,290.0,302.35864
2020-01-12 19:00:00,199.0,260.62286
2020-01-12 20:00:00,150.0,203.02747
2020-01-12 21:00:00,112.0,156.42297
2020-01-12 22:00:00,75.0,111.83787
2020-01-12 23:00:00,43.0,72.82753
2020-01-13 00:00:00,20.0,52.09372
2020-01-13 01:00:00,11.0,31.561203
2020-01-13 02:00:00,7.0,22.870087
2020-01-13 03:00:00,7.0,25.965378
2020-01-13 04:00:00,26.0,41.258194
2020-01-13 05:00:00,119.0,67.70004
2020-01-13 06:00:00,352.0,102.76185
2020-01-13 07:00:00,435.0,155.71423
2020-01-13 08:00:00,316.0,201.90811
2020-01-13 09:00:00,247.0,249.43724
2020-01-13 10:00:00,277.0,294.1148
2020-01-13 11:00:00,267.0,333.03268
2020-01-13 12:00:00,214.0,383.87405
2020-01-13 13:00:00,268.0,390.882
2020-01-13 14:00:00,260.0,396.03015
2020-01-13 15:00:00,297.0,418.5677
2020-01-13 16:00:00,471.0,376.7174
2020-01-13 17:00:00,610.0,347.95755
2020-01-13 18:00:00,393.0,312.61835
2020-01-13 19:00:00,194.0,269.86548
2020-01-13 20:00:00,120.0,212.54745
2020-01-13 21:00:00,99.0,165.8505
2020-01-13 22:00:00,54.0,121.35787
2020-01-13 23:00:00,31.0,82.99477
2020-01-14 00:00:00,16.0,53.242844
2020-01-14 01:00:00,11.0,32.895264
2020-01-14 02:00:00,9.0,23.741806
2020-01-14 03:00:00,8.0,27.20697
2020-01-14 04:00:00,23.0,42.869644
2020-01-14 05:00:00,98.0,68.84917
2020-01-14 06:00:00,351.0,104.46577
2020-01-14 07:00:00,440.0,158.15787
2020-01-14 08:00:00,278.0,206.55075
2020-01-14 09:00:00,263.0,279.80518
2020-01-14 10:00:00,251.0,325.13
2020-01-14 11:00:00,260.0,365.2499
2020-01-14 12:00:00,263.0,397.0756
2020-01-14 13:00:00,294.0,418.25534
2020-01-14 14:00:00,269.0,427.5937
2020-01-14 15:00:00,307.0,417.94073
2020-01-14 16:00:00,464.0,379.54095
2020-01-14 17:00:00,574.0,351.3258
2020-01-14 18:00:00,398.0,315.43182
2020-01-14 19:00:00,250.0,273.41864
2020-01-14 20:00:00,131.0,215.4534
2020-01-14 21:00:00,107.0,169.40369
2020-01-14 22:00:00,82.0,125.46583
2020-01-14 23:00:00,48.0,85.80826
2020-01-15 00:00:00,19.0,62.608627
2020-01-15 01:00:00,9.0,42.44597
2020-01-15 02:00:00,9.0,32.922653
2020-01-15 03:00:00,7.0,37.127518
2020-01-15 04:00:00,18.0,52.05049
2020-01-15 05:00:00,84.0,78.30742
2020-01-15 06:00:00,327.0,113.461685
2020-01-15 07:00:00,415.0,166.13667
2020-01-15 08:00:00,301.0,216.1509
2020-01-15 09:00:00,241.0,288.8011
2020-01-15 10:00:00,260.0,334.40332
2020-01-15 11:00:00,292.0,375.078
2020-01-15 12:00:00,282.0,407.73584
2020-01-15 13:00:00,334.0,428.9156
2020-01-15 14:00:00,323.0,437.23685
2020-01-15 15:00:00,363.0,428.74933
2020-01-15 16:00:00,533.0,388.16705
2020-01-15 17:00:00,644.0,360.59912
2020-01-15 18:00:00,418.0,324.0579
2020-01-15 19:00:00,226.0,281.5824
2020-01-15 20:00:00,129.0,224.17192
2020-01-15 21:00:00,92.0,177.19757
2020-01-15 22:00:00,84.0,132.98233
2020-01-15 23:00:00,40.0,94.7117
2020-01-16 00:00:00,18.0,72.505615
2020-01-16 01:00:00,12.0,52.620346
2020-01-16 02:00:00,13.0,43.929245
2020-01-16 03:00:00,6.0,47.209457
2020-01-16 04:00:00,14.0,62.964584
2020-01-16 05:00:00,101.0,89.40642
2020-01-16 06:00:00,330.0,123.82099
2020-01-16 07:00:00,435.0,176.12613
2020-01-16 08:00:00,291.0,225.16626
2020-01-16 09:00:00,221.0,293.14746
2020-01-16 10:00:00,256.0,343.19073
2020-01-16 11:00:00,316.0,382.84833
2020-01-16 12:00:00,259.0,414.11923
2020-01-16 13:00:00,325.0,434.9291
2020-01-16 14:00:00,329.0,444.4524
2020-01-16 15:00:00,392.0,440.98724
2020-01-16 16:00:00,509.0,399.63226
2020-01-16 17:00:00,698.0,368.1845
2020-01-16 18:00:00,426.0,331.73575
2020-01-16 19:00:00,263.0,288.98285
2020-01-16 20:00:00,140.0,231.57239
2020-01-16 21:00:00,100.0,185.33775
2020-01-16 22:00:00,86.0,141.03003
2020-01-16 23:00:00,58.0,101.74231
2020-01-17 00:00:00,21.0,73.62546
2020-01-17 01:00:00,12.0,53.740204
2020-01-17 02:00:00,8.0,44.771698
2020-01-17 03:00:00,10.0,47.959442
2020-01-17 04:00:00,18.0,62.697495
2020-01-17 05:00:00,79.0,88.76947
2020-01-17 06:00:00,251.0,124.38606
2020-01-17 07:00:00,309.0,177.24599
2020-01-17 08:00:00,237.0,226.84091
2020-01-17 09:00:00,213.0,300.55765
2020-01-17 10:00:00,248.0,345.46317
2020-01-17 11:00:00,258.0,378.16028
2020-01-17 12:00:00,257.0,414.62842
2020-01-17 13:00:00,288.0,414.1211
2020-01-17 14:00:00,320.0,418.57257
2020-01-17 15:00:00,417.0,414.83002
2020-01-17 16:00:00,550.0,399.44476
2020-01-17 17:00:00,588.0,372.17075
2020-01-17 18:00:00,447.0,336.33862
2020-01-17 19:00:00,230.0,272.0478
2020-01-17 20:00:00,150.0,225.73022
2020-01-17 21:00:00,113.0,178.84772
2020-01-17 22:00:00,119.0,135.21912
2020-01-17 23:00:00,92.0,96.393074
2020-01-18 00:00:00,66.0,46.104385
2020-01-18 01:00:00,28.0,25.172028
2020-01-18 02:00:00,20.0,15.924866
2020-01-18 03:00:00,16.0,18.58722
2020-01-18 04:00:00,14.0,35.05394
2020-01-18 05:00:00,30.0,60.78607
2020-01-18 06:00:00,78.0,95.41554
2020-01-18 07:00:00,142.0,159.12033
2020-01-18 08:00:00,181.0,183.0978
2020-01-18 09:00:00,227.0,257.72018
2020-01-18 10:00:00,271.0,318.3328
2020-01-18 11:00:00,318.0,337.2179
2020-01-18 12:00:00,288.0,374.0724
2020-01-18 13:00:00,301.0,413.79904
2020-01-18 14:00:00,306.0,425.135
2020-01-18 15:00:00,339.0,398.85672
2020-01-18 16:00:00,375.0,375.30896
2020-01-18 17:00:00,357.0,348.2199
2020-01-18 18:00:00,270.0,312.6033
2020-01-18 19:00:00,207.0,271.05243
2020-01-18 20:00:00,130.0,214.19675
2020-01-18 21:00:00,106.0,167.31487
2020-01-18 22:00:00,94.0,122.82223
2020-01-18 23:00:00,104.0,83.81189
2020-01-19 00:00:00,82.0,44.68077
2020-01-19 01:00:00,51.0,24.703064
2020-01-19 02:00:00,24.0,16.104385
2020-01-19 03:00:00,25.0,19.846909
2020-01-19 04:00:00,13.0,35.047287
2020-01-19 05:00:00,13.0,61.02681
2020-01-19 06:00:00,44.0,95.441376
2020-01-19 07:00:00,68.0,148.57867
2020-01-19 08:00:00,113.0,194.58763
2020-01-19 09:00:00,191.0,241.09966
2020-01-19 10:00:00,235.0,310.2016
2020-01-19 11:00:00,289.0,353.60358
2020-01-19 12:00:00,241.0,361.34818
2020-01-19 13:00:00,303.0,376.40607
2020-01-19 14:00:00,369.0,385.2821
2020-01-19 15:00:00,403.0,381.63202
2020-01-19 16:00:00,458.0,366.06183
2020-01-19 17:00:00,434.0,339.0652
2020-01-19 18:00:00,275.0,303.44858
2020-01-19 19:00:00,211.0,261.2505
2020-01-19 20:00:00,149.0,204.1174
2020-01-19 21:00:00,114.0,157.42044
2020-01-19 22:00:00,57.0,113.29766
2020-01-19 23:00:00,36.0,74.47226
2020-01-20 00:00:00,8.0,53.489136
2020-01-20 01:00:00,4.0,32.679245
2020-01-20 02:00:00,4.0,24.357986
2020-01-20 03:00:00,12.0,27.730682
2020-01-20 04:00:00,22.0,42.931015
2020-01-20 05:00:00,118.0,68.91054
2020-01-20 06:00:00,378.0,104.24975
2020-01-20 07:00:00,445.0,157.20215
2020-01-20 08:00:00,290.0,206.05734
2020-01-20 09:00:00,215.0,279.0344
2020-01-20 10:00:00,218.0,324.26672
2020-01-20 11:00:00,255.0,363.36957
2020-01-20 12:00:00,254.0,394.08563
2020-01-20 13:00:00,279.0,414.71063
2020-01-20 14:00:00,289.0,423.67914
2020-01-20 15:00:00,132.0,420.30646
2020-01-20 16:00:00,378.0,380.52975
2020-01-20 17:00:00,604.0,348.5208
2020-01-20 18:00:00,366.0,312.53436
2020-01-20 19:00:00,230.0,269.7815
2020-01-20 20:00:00,125.0,212.74088
2020-01-20 21:00:00,107.0,165.58159
2020-01-20 22:00:00,62.0,120.99649
2020-01-20 23:00:00,27.0,82.356
2020-01-21 00:00:00,13.0,52.909027
2020-01-21 01:00:00,13.0,32.284042
2020-01-21 02:00:00,10.0,23.500458
2020-01-21 03:00:00,9.0,26.873154
2020-01-21 04:00:00,14.0,42.16597
2020-01-21 05:00:00,89.0,68.51535
2020-01-21 06:00:00,322.0,103.76209
2020-01-21 07:00:00,423.0,156.99185
2020-01-21 08:00:00,235.0,203.00082
2020-01-21 09:00:00,236.0,252.60353
2020-01-21 10:00:00,259.0,299.15326
2020-01-21 11:00:00,270.0,334.7461
2020-01-21 12:00:00,260.0,368.30847
2020-01-21 13:00:00,315.0,413.45026
2020-01-21 14:00:00,300.0,421.7221
2020-01-21 15:00:00,377.0,419.70984
2020-01-21 16:00:00,519.0,375.39966
2020-01-21 17:00:00,628.0,348.403
2020-01-21 18:00:00,388.0,312.78644
2020-01-21 19:00:00,252.0,270.49585
2020-01-21 20:00:00,113.0,213.17784
2020-01-21 21:00:00,109.0,166.48088
2020-01-21 22:00:00,99.0,122.173164
2020-01-21 23:00:00,32.0,83.44023
2020-01-22 00:00:00,25.0,60.36006
2020-01-22 01:00:00,8.0,40.104965
2020-01-22 02:00:00,5.0,31.691193
2020-01-22 03:00:00,8.0,35.063873
2020-01-22 04:00:00,22.0,50.63411
2020-01-22 05:00:00,103.0,77.16843
2020-01-22 06:00:00,341.0,112.69254
2020-01-22 07:00:00,446.0,165.82986
2020-01-22 08:00:00,302.0,211.56142
2020-01-22 09:00:00,246.0,257.88852
2020-01-22 10:00:00,272.0,301.8264
2020-01-22 11:00:00,274.0,340.6518
2020-01-22 12:00:00,302.0,371.27545
2020-01-22 13:00:00,380.0,391.34564
2020-01-22 14:00:00,375.0,400.12915
2020-01-22 15:00:00,365.0,396.75647
2020-01-22 16:00:00,530.0,381.37125
2020-01-22 17:00:00,620.0,354.74448
2020-01-22 18:00:00,409.0,319.49774
2020-01-22 19:00:00,235.0,277.48456
2020-01-22 20:00:00,169.0,220.35149
2020-01-22 21:00:00,105.0,173.74698
2020-01-22 22:00:00,86.0,129.71667
2020-01-22 23:00:00,56.0,91.168655
2020-01-23 00:00:00,15.0,68.98898
2020-01-23 01:00:00,18.0,48.73387
2020-01-23 02:00:00,7.0,39.950302
2020-01-23 03:00:00,6.0,43.322983
2020-01-23 04:00:00,26.0,58.708252
2020-01-23 05:00:00,90.0,84.965164
2020-01-23 06:00:00,352.0,120.304375
2020-01-23 07:00:00,451.0,173.44168
2020-01-23 08:00:00,301.0,219.26572
2020-01-23 09:00:00,273.0,265.77774
2020-01-23 10:00:00,249.0,309.80804
2020-01-23 11:00:00,309.0,348.44855
2020-01-23 12:00:00,302.0,379.16467
2020-01-23 13:00:00,417.0,399.51224
2020-01-23 14:00:00,374.0,408.38824
2020-01-23 15:00:00,367.0,404.83063
2020-01-23 16:00:00,481.0,389.6303
2020-01-23 17:00:00,628.0,363.46585
2020-01-23 18:00:00,395.0,328.12665
2020-01-23 19:00:00,205.0,286.02103
2020-01-23 20:00:00,155.0,228.79549
2020-01-23 21:00:00,103.0,182.191
2020-01-23 22:00:00,77.0,138.0682
2020-01-23 23:00:00,51.0,99.42772
2020-01-24 00:00:00,17.0,72.07645
2020-01-24 01:00:00,16.0,51.72888
2020-01-24 02:00:00,7.0,42.945297
2020-01-24 03:00:00,10.0,45.94812
2020-01-24 04:00:00,19.0,61.610794
2020-01-24 05:00:00,100.0,87.59032
2020-01-24 06:00:00,327.0,123.20692
2020-01-24 07:00:00,420.0,176.1593
2020-01-24 08:00:00,265.0,222.26071
2020-01-24 09:00:00,256.0,270.31808
2020-01-24 10:00:00,297.0,313.63522
2020-01-24 11:00:00,298.0,352.3682
2020-01-24 12:00:00,321.0,382.89935
2020-01-24 13:00:00,394.0,403.70923
2020-01-24 14:00:00,408.0,412.95514
2020-01-24 15:00:00,405.0,418.45813
2020-01-24 16:00:00,538.0,394.6595
2020-01-24 17:00:00,644.0,368.03275
2020-01-24 18:00:00,460.0,333.06342
2020-01-24 19:00:00,253.0,290.8653
2020-01-24 20:00:00,180.0,233.73224
2020-01-24 21:00:00,119.0,187.40514
2020-01-24 22:00:00,133.0,143.74466
2020-01-24 23:00:00,128.0,105.19665
2020-01-25 00:00:00,72.0,54.623337
2020-01-25 01:00:00,45.0,34.275757
2020-01-25 02:00:00,18.0,25.307266
2020-01-25 03:00:00,15.0,28.587479
2020-01-25 04:00:00,10.0,43.972748
2020-01-25 05:00:00,29.0,70.22966
2020-01-25 06:00:00,107.0,105.66135
2020-01-25 07:00:00,171.0,158.79865
2020-01-25 08:00:00,219.0,204.53021
2020-01-25 09:00:00,312.0,251.41208
2020-01-25 10:00:00,333.0,295.7198
2020-01-25 11:00:00,368.0,334.3603
2020-01-25 12:00:00,381.0,364.89148
2020-01-25 13:00:00,529.0,385.3315
2020-01-25 14:00:00,473.0,393.93015
2020-01-25 15:00:00,435.0,390.64993
2020-01-25 16:00:00,443.0,375.26465
2020-01-25 17:00:00,402.0,348.54544
2020-01-25 18:00:00,331.0,312.92883
2020-01-25 19:00:00,177.0,270.8232
2020-01-25 20:00:00,119.0,213.87506
2020-01-25 21:00:00,87.0,167.27057
2020-01-25 22:00:00,117.0,123.24024
2020-01-25 23:00:00,181.0,84.69223
2020-01-26 00:00:00,69.0,45.86319
2020-01-26 01:00:00,55.0,25.700562
2020-01-26 02:00:00,24.0,16.732025
2020-01-26 03:00:00,22.0,20.382095
2020-01-26 04:00:00,12.0,35.859863
2020-01-26 05:00:00,12.0,62.11676
2020-01-26 06:00:00,46.0,97.3635
2020-01-26 07:00:00,77.0,150.68575
2020-01-26 08:00:00,112.0,196.60223
2020-01-26 09:00:00,212.0,243.48412
2020-01-26 10:00:00,299.0,287.97675
2020-01-26 11:00:00,387.0,326.33984
2020-01-26 12:00:00,419.0,357.05597
2020-01-26 13:00:00,414.0,379.81403
2020-01-26 14:00:00,466.0,391.05753
2020-01-26 15:00:00,420.0,390.37274
2020-01-26 16:00:00,481.0,372.51105
2020-01-26 17:00:00,415.0,343.48386
2020-01-26 18:00:00,320.0,307.86725
2020-01-26 19:00:00,239.0,265.48422
2020-01-26 20:00:00,192.0,208.07375
2020-01-26 21:00:00,127.0,162.20897
2020-01-26 22:00:00,53.0,118.82589
2020-01-26 23:00:00,42.0,79.7231
2020-01-27 00:00:00,18.0,59.47319
2020-01-27 01:00:00,8.0,38.508972
2020-01-27 02:00:00,2.0,29.632904
2020-01-27 03:00:00,10.0,33.560394
2020-01-27 04:00:00,24.0,49.500458
2020-01-27 05:00:00,111.0,75.47998
2020-01-27 06:00:00,374.0,110.44932
2020-01-27 07:00:00,442.0,162.56953
2020-01-27 08:00:00,267.0,208.48602
2020-01-27 09:00:00,219.0,282.6056
2020-01-27 10:00:00,251.0,330.09647
2020-01-27 11:00:00,272.0,369.8465
2020-01-27 12:00:00,234.0,401.20987
2020-01-27 13:00:00,289.0,395.2279
2020-01-27 14:00:00,304.0,401.76947
2020-01-27 15:00:00,372.0,398.21185
2020-01-27 16:00:00,496.0,382.2718
2020-01-27 17:00:00,597.0,355.64502
2020-01-27 18:00:00,414.0,319.75104
2020-01-27 19:00:00,190.0,277.368
2020-01-27 20:00:00,114.0,220.3274
2020-01-27 21:00:00,88.0,174.74
2020-01-27 22:00:00,68.0,119.37062
2020-01-27 23:00:00,35.0,90.86717
2020-01-28 00:00:00,18.0,61.258774
2020-01-28 01:00:00,10.0,30.219376
2020-01-28 02:00:00,12.0,21.744415
2020-01-28 03:00:00,8.0,25.79683
2020-01-28 04:00:00,24.0,40.34807
2020-01-28 05:00:00,100.0,77.20433
2020-01-28 06:00:00,347.0,104.04462
2020-01-28 07:00:00,431.0,145.93471
2020-01-28 08:00:00,258.0,212.15211
2020-01-28 09:00:00,239.0,259.43448
2020-01-28 10:00:00,231.0,281.6888
2020-01-28 11:00:00,245.0,318.0733
2020-01-28 12:00:00,251.0,371.6194
2020-01-28 13:00:00,260.0,391.93634
2020-01-28 14:00:00,246.0,399.82587
2020-01-28 15:00:00,289.0,397.47028
2020-01-28 16:00:00,395.0,382.26996
2020-01-28 17:00:00,610.0,355.82812
2020-01-28 18:00:00,403.0,319.7492
2020-01-28 19:00:00,229.0,253.516
2020-01-28 20:00:00,115.0,207.90817
2020-01-28 21:00:00,80.0,172.39597
2020-01-28 22:00:00,77.0,128.48871
2020-01-28 23:00:00,42.0,80.111664
2020-01-29 00:00:00,20.0,57.0244
2020-01-29 01:00:00,10.0,36.52188
2020-01-29 02:00:00,11.0,29.37703
2020-01-29 03:00:00,13.0,31.300278
2020-01-29 04:00:00,19.0,45.233017
2020-01-29 05:00:00,92.0,82.5822
2020-01-29 06:00:00,357.0,107.47575
2020-01-29 07:00:00,459.0,171.58289
2020-01-29 08:00:00,260.0,217.71492
2020-01-29 09:00:00,203.0,264.41187
2020-01-29 10:00:00,209.0,286.1333
2020-01-29 11:00:00,236.0,325.14365
2020-01-29 12:00:00,246.0,356.5064
2020-01-29 13:00:00,262.0,377.68866
2020-01-29 14:00:00,267.0,385.76312
2020-01-29 15:00:00,315.0,382.26547
2020-01-29 16:00:00,463.0,367.4975
2020-01-29 17:00:00,575.0,341.08624
2020-01-29 18:00:00,394.0,327.593
2020-01-29 19:00:00,215.0,285.8572
2020-01-29 20:00:00,137.0,228.5392
2020-01-29 21:00:00,85.0,181.74977
2020-01-29 22:00:00,86.0,137.90439
2020-01-29 23:00:00,41.0,99.44883
2020-01-30 00:00:00,6.0,77.38391
2020-01-30 01:00:00,11.0,56.85141
2020-01-30 02:00:00,6.0,48.16031
2020-01-30 03:00:00,10.0,51.255585
2020-01-30 04:00:00,13.0,65.90115
2020-01-30 05:00:00,74.0,91.32588
2020-01-30 06:00:00,316.0,126.66509
2020-01-30 07:00:00,415.0,179.43256
2020-01-30 08:00:00,245.0,232.29303
2020-01-30 09:00:00,236.0,301.63464
2020-01-30 10:00:00,237.0,346.77454
2020-01-30 11:00:00,238.0,386.33966
2020-01-30 12:00:00,245.0,396.21735
2020-01-30 13:00:00,257.0,434.21378
2020-01-30 14:00:00,298.0,422.6542
2020-01-30 15:00:00,308.0,416.63666
2020-01-30 16:00:00,521.0,399.5971
2020-01-30 17:00:00,630.0,373.21713
2020-01-30 18:00:00,456.0,314.95303
2020-01-30 19:00:00,283.0,272.63123
2020-01-30 20:00:00,130.0,226.40675
2020-01-30 21:00:00,104.0,180.17274
2020-01-30 22:00:00,79.0,136.42105
2020-01-30 23:00:00,51.0,97.22392
2020-01-31 00:00:00,14.0,80.832275
2020-01-31 01:00:00,18.0,50.039032
2020-01-31 02:00:00,8.0,52.255905
2020-01-31 03:00:00,11.0,55.751663
2020-01-31 04:00:00,19.0,70.85954
2020-01-31 05:00:00,88.0,97.67124
2020-01-31 06:00:00,345.0,133.56523
2020-01-31 07:00:00,426.0,186.14777
2020-01-31 08:00:00,259.0,231.87932
2020-01-31 09:00:00,235.0,278.85367
2020-01-31 10:00:00,278.0,323.3463
2020-01-31 11:00:00,245.0,363.9615
2020-01-31 12:00:00,290.0,397.19702
2020-01-31 13:00:00,312.0,441.54968
2020-01-31 14:00:00,369.0,454.56647
2020-01-31 15:00:00,433.0,451.1938
2020-01-31 16:00:00,584.0,425.97528
2020-01-31 17:00:00,656.0,379.778
2020-01-31 18:00:00,477.0,343.69913
2020-01-31 19:00:00,289.0,301.13116
2020-01-31 20:00:00,187.0,243.62823
2020-01-31 21:00:00,161.0,197.30113
2020-01-31 22:00:00,130.0,152.99341
2020-01-31 23:00:00,110.0,114.16801
2020-02-01 00:00:00,77.0,54.003128
2020-02-01 01:00:00,41.0,33.193222
2020-02-01 02:00:00,31.0,23.762405
2020-02-01 03:00:00,23.0,26.672775
2020-02-01 04:00:00,21.0,42.150497
2020-02-01 05:00:00,43.0,67.76019
2020-02-01 06:00:00,68.0,103.00693
2020-02-01 07:00:00,174.0,156.05176
2020-02-01 08:00:00,200.0,205.12486
2020-02-01 09:00:00,310.0,278.53125
2020-02-01 10:00:00,416.0,323.94855
2020-02-01 11:00:00,386.0,356.52023
2020-02-01 12:00:00,347.0,367.1111
2020-02-01 13:00:00,393.0,386.65305
2020-02-01 14:00:00,418.0,394.9743
2020-02-01 15:00:00,413.0,392.6187
2020-02-01 16:00:00,407.0,377.41837
2020-02-01 17:00:00,397.0,351.71625
2020-02-01 18:00:00,312.0,316.09967
2020-02-01 19:00:00,235.0,274.0865
2020-02-01 20:00:00,138.0,205.8936
2020-02-01 21:00:00,93.0,170.34889
2020-02-01 22:00:00,93.0,126.22611
2020-02-01 23:00:00,104.0,87.58563
2020-02-02 00:00:00,75.0,48.869476
2020-02-02 01:00:00,44.0,27.782166
2020-02-02 02:00:00,29.0,18.906097
2020-02-02 03:00:00,22.0,21.724014
2020-02-02 04:00:00,13.0,37.10933
2020-02-02 05:00:00,17.0,63.366226
2020-02-02 06:00:00,38.0,98.15066
2020-02-02 07:00:00,55.0,150.73315
2020-02-02 08:00:00,101.0,197.20444
2020-02-02 09:00:00,168.0,242.3295
2020-02-02 10:00:00,226.0,265.31482
2020-02-02 11:00:00,265.0,303.86285
2020-02-02 12:00:00,282.0,333.5619
2020-02-02 13:00:00,303.0,355.45007
2020-02-02 14:00:00,344.0,365.1895
2020-02-02 15:00:00,320.0,382.2146
2020-02-02 16:00:00,320.0,366.4595
2020-02-02 17:00:00,328.0,321.31424
2020-02-02 18:00:00,249.0,284.37314
2020-02-02 19:00:00,205.0,242.60986
2020-02-02 20:00:00,147.0,198.14534
2020-02-02 21:00:00,97.0,152.3399
2020-02-02 22:00:00,60.0,109.04429
2020-02-02 23:00:00,26.0,70.033966
2020-02-03 00:00:00,28.0,50.049957
2020-02-03 01:00:00,5.0,41.411926
2020-02-03 02:00:00,9.0,33.02881
2020-02-03 03:00:00,11.0,36.309036
2020-02-03 04:00:00,21.0,51.23198
2020-02-03 05:00:00,106.0,77.396454
2020-02-03 06:00:00,385.0,112.7975
2020-02-03 07:00:00,487.0,143.07051
2020-02-03 08:00:00,289.0,189.44994
2020-02-03 09:00:00,210.0,257.1613
2020-02-03 10:00:00,244.0,279.10013
2020-02-03 11:00:00,243.0,338.99994
2020-02-03 12:00:00,261.0,347.99194
2020-02-03 13:00:00,250.0,390.74152
2020-02-03 14:00:00,276.0,400.1723
2020-02-03 15:00:00,320.0,397.1695
2020-02-03 16:00:00,484.0,381.69177
2020-02-03 17:00:00,627.0,355.52728
2020-02-03 18:00:00,390.0,319.81824
2020-02-03 19:00:00,206.0,278.08246
2020-02-03 20:00:00,121.0,220.8569
2020-02-03 21:00:00,114.0,174.71472
2020-02-03 22:00:00,60.0,129.66731
2020-02-03 23:00:00,31.0,92.32132
2020-02-04 00:00:00,12.0,65.04364
2020-02-04 01:00:00,11.0,45.343292
2020-02-04 02:00:00,9.0,36.37477
2020-02-04 03:00:00,13.0,39.192673
2020-02-04 04:00:00,23.0,39.452896
2020-02-04 05:00:00,97.0,61.76448
2020-02-04 06:00:00,349.0,95.40497
2020-02-04 07:00:00,461.0,136.6778
2020-02-04 08:00:00,238.0,181.91641
2020-02-04 09:00:00,194.0,227.96675
2020-02-04 10:00:00,211.0,270.88812
2020-02-04 11:00:00,227.0,336.46164
2020-02-04 12:00:00,256.0,343.7381
2020-02-04 13:00:00,243.0,385.53006
2020-02-04 14:00:00,219.0,391.8537
2020-02-04 15:00:00,264.0,365.94324
2020-02-04 16:00:00,442.0,349.32095
2020-02-04 17:00:00,581.0,345.466
2020-02-04 18:00:00,368.0,310.21927
2020-02-04 19:00:00,212.0,267.9287
2020-02-04 20:00:00,109.0,210.98055
2020-02-04 21:00:00,87.0,164.74591
2020-02-04 22:00:00,71.0,120.71558
2020-02-04 23:00:00,34.0,82.07512
2020-02-05 00:00:00,14.0,59.406174
2020-02-05 01:00:00,13.0,39.335968
2020-02-05 02:00:00,11.0,30.73729
2020-02-05 03:00:00,13.0,33.92505
2020-02-05 04:00:00,20.0,49.31035
2020-02-05 05:00:00,109.0,75.844666
2020-02-05 06:00:00,345.0,111.09141
2020-02-05 07:00:00,428.0,164.2287
2020-02-05 08:00:00,273.0,210.42258
2020-02-05 09:00:00,233.0,257.02707
2020-02-05 10:00:00,253.0,301.33478
2020-02-05 11:00:00,259.0,342.89752
2020-02-05 12:00:00,268.0,399.30597
2020-02-05 13:00:00,349.0,420.13232
2020-02-05 14:00:00,314.0,425.11206
2020-02-05 15:00:00,319.0,417.33127
2020-02-05 16:00:00,501.0,385.87552
2020-02-05 17:00:00,614.0,353.69812
2020-02-05 18:00:00,462.0,317.52673
2020-02-05 19:00:00,245.0,275.1437
2020-02-05 20:00:00,131.0,217.45584
2020-02-05 21:00:00,107.0,170.29657
2020-02-05 22:00:00,93.0,125.80393
2020-02-05 23:00:00,43.0,86.97853
2020-02-06 00:00:00,19.0,64.65402
2020-02-06 01:00:00,13.0,44.029053
2020-02-06 02:00:00,9.0,35.153
2020-02-06 03:00:00,10.0,38.52568
2020-02-06 04:00:00,20.0,53.818497
2020-02-06 05:00:00,89.0,79.89049
2020-02-06 06:00:00,353.0,115.2297
2020-02-06 07:00:00,449.0,167.99715
2020-02-06 08:00:00,329.0,221.31995
2020-02-06 09:00:00,278.0,291.49374
2020-02-06 10:00:00,270.0,336.17133
2020-02-06 11:00:00,314.0,375.82892
2020-02-06 12:00:00,282.0,407.0998
2020-02-06 13:00:00,356.0,427.90967
2020-02-06 14:00:00,311.0,437.43298
2020-02-06 15:00:00,373.0,433.69043
2020-02-06 16:00:00,542.0,414.0985
2020-02-06 17:00:00,713.0,362.08975
2020-02-06 18:00:00,456.0,326.01083
2020-02-06 19:00:00,255.0,283.073
2020-02-06 20:00:00,153.0,225.755
2020-02-06 21:00:00,93.0,178.87312
2020-02-06 22:00:00,89.0,134.01062
2020-02-06 23:00:00,55.0,95.55507
2020-02-07 00:00:00,24.0,67.965225
2020-02-07 01:00:00,12.0,47.802567
2020-02-07 02:00:00,12.0,38.83403
2020-02-07 03:00:00,15.0,41.744415
2020-02-07 04:00:00,19.0,56.94478
2020-02-07 05:00:00,90.0,83.10922
2020-02-07 06:00:00,336.0,118.2635
2020-02-07 07:00:00,443.0,171.40082
2020-02-07 08:00:00,272.0,225.80664
2020-02-07 09:00:00,284.0,294.25015
2020-02-07 10:00:00,277.0,339.29758
2020-02-07 11:00:00,316.0,378.6778
2020-02-07 12:00:00,301.0,409.94867
2020-02-07 13:00:00,313.0,431.68323
2020-02-07 14:00:00,388.0,440.8366
2020-02-07 15:00:00,466.0,438.20364
2020-02-07 16:00:00,637.0,418.14938
2020-02-07 17:00:00,682.0,365.86325
2020-02-07 18:00:00,510.0,329.22955
2020-02-07 19:00:00,286.0,286.56915
2020-02-07 20:00:00,172.0,229.15868
2020-02-07 21:00:00,144.0,182.18433
2020-02-07 22:00:00,130.0,137.78415
2020-02-07 23:00:00,97.0,98.7738
2020-02-08 00:00:00,51.0,48.33049
2020-02-08 01:00:00,30.0,27.797974
2020-02-08 02:00:00,15.0,18.921951
2020-02-08 03:00:00,18.0,22.202164
2020-02-08 04:00:00,16.0,37.40251
2020-02-08 05:00:00,32.0,63.659424
2020-02-08 06:00:00,97.0,98.99863
2020-02-08 07:00:00,199.0,152.04346
2020-02-08 08:00:00,218.0,206.83563
2020-02-08 09:00:00,276.0,271.7362
2020-02-08 10:00:00,364.0,296.45697
2020-02-08 11:00:00,391.0,336.7948
2020-02-08 12:00:00,329.0,391.516
2020-02-08 13:00:00,376.0,413.2505
2020-02-08 14:00:00,392.0,422.58884
2020-02-08 15:00:00,444.0,419.67847
2020-02-08 16:00:00,424.0,400.69073
2020-02-08 17:00:00,405.0,347.24564
2020-02-08 18:00:00,317.0,311.2592
2020-02-08 19:00:00,167.0,268.87616
2020-02-08 20:00:00,134.0,211.37321
2020-02-08 21:00:00,130.0,164.029
2020-02-08 22:00:00,106.0,119.7213
2020-02-08 23:00:00,107.0,80.618515
2020-02-09 00:00:00,53.0,41.91815
2020-02-09 01:00:00,51.0,21.293167
2020-02-09 02:00:00,32.0,12.879425
2020-02-09 03:00:00,18.0,16.067184
2020-02-09 04:00:00,19.0,31.544952
2020-02-09 05:00:00,19.0,57.524475
2020-02-09 06:00:00,48.0,92.67876
2020-02-09 07:00:00,88.0,145.26126
2020-02-09 08:00:00,167.0,201.64178
2020-02-09 09:00:00,242.0,269.95987
2020-02-09 10:00:00,322.0,314.63745
2020-02-09 11:00:00,398.0,354.66492
2020-02-09 12:00:00,364.0,386.2132
2020-02-09 13:00:00,433.0,408.04016
2020-02-09 14:00:00,406.0,417.7484
2020-02-09 15:00:00,514.0,393.2599
2020-02-09 16:00:00,539.0,368.9395
2020-02-09 17:00:00,475.0,341.1107
2020-02-09 18:00:00,326.0,305.9564
2020-02-09 19:00:00,225.0,264.31308
2020-02-09 20:00:00,164.0,208.1971
2020-02-09 21:00:00,116.0,161.59259
2020-02-09 22:00:00,65.0,117.74721
2020-02-09 23:00:00,38.0,79.10675
2020-02-10 00:00:00,12.0,59.7545
2020-02-10 01:00:00,13.0,39.77678
2020-02-10 02:00:00,15.0,31.178116
2020-02-10 03:00:00,4.0,35.19806
2020-02-10 04:00:00,17.0,39.028107
2020-02-10 05:00:00,117.0,77.672424
2020-02-10 06:00:00,358.0,116.155396
2020-02-10 07:00:00,449.0,169.47763
2020-02-10 08:00:00,231.0,214.83934
2020-02-10 09:00:00,212.0,241.57004
2020-02-10 10:00:00,201.0,283.07858
2020-02-10 11:00:00,200.0,345.29892
2020-02-10 12:00:00,227.0,372.01385
2020-02-10 13:00:00,259.0,389.26068
2020-02-10 14:00:00,200.0,398.89288
2020-02-10 15:00:00,239.0,396.5208
2020-02-10 16:00:00,391.0,380.95062
2020-02-10 17:00:00,549.0,331.0897
2020-02-10 18:00:00,378.0,316.95044
2020-02-10 19:00:00,195.0,275.67697
2020-02-10 20:00:00,95.0,220.94795
2020-02-10 21:00:00,99.0,174.62085
2020-02-10 22:00:00,59.0,130.49808
2020-02-10 23:00:00,24.0,91.21034
2020-02-11 00:00:00,21.0,61.635513
2020-02-11 01:00:00,10.0,41.565292
2020-02-11 02:00:00,7.0,21.628204
2020-02-11 03:00:00,9.0,26.092361
2020-02-11 04:00:00,28.0,37.955917
2020-02-11 05:00:00,100.0,62.976425
2020-02-11 06:00:00,367.0,97.39036
2020-02-11 07:00:00,445.0,162.63643
2020-02-11 08:00:00,250.0,208.5529
2020-02-11 09:00:00,214.0,255.28049
2020-02-11 10:00:00,224.0,299.0334
2020-02-11 11:00:00,239.0,337.67392
2020-02-11 12:00:00,238.0,345.37268
2020-02-11 13:00:00,272.0,365.16672
2020-02-11 14:00:00,292.0,373.9203
2020-02-11 15:00:00,321.0,392.5766
2020-02-11 16:00:00,475.0,376.88336
2020-02-11 17:00:00,628.0,326.89932
2020-02-11 18:00:00,351.0,291.15903
2020-02-11 19:00:00,232.0,249.42325
2020-02-11 20:00:00,137.0,215.03139
2020-02-11 21:00:00,90.0,157.48892
2020-02-11 22:00:00,75.0,124.704575
2020-02-11 23:00:00,28.0,85.416855
2020-02-12 00:00:00,20.0,51.48819
2020-02-12 01:00:00,11.0,29.811142
2020-02-12 02:00:00,7.0,32.243515
2020-02-12 03:00:00,17.0,25.016861
2020-02-12 04:00:00,31.0,40.743896
2020-02-12 05:00:00,100.0,77.25842
2020-02-12 06:00:00,329.0,102.15196
2020-02-12 07:00:00,438.0,166.01231
2020-02-12 08:00:00,249.0,212.20619
2020-02-12 09:00:00,234.0,236.6861
2020-02-12 10:00:00,276.0,280.78015
2020-02-12 11:00:00,260.0,342.12875
2020-02-12 12:00:00,297.0,401.19214
2020-02-12 13:00:00,300.0,400.206
2020-02-12 14:00:00,270.0,405.46307
2020-02-12 15:00:00,327.0,400.91492
2020-02-12 16:00:00,461.0,385.34476
2020-02-12 17:00:00,587.0,358.9029
2020-02-12 18:00:00,433.0,323.28632
2020-02-12 19:00:00,250.0,281.45804
2020-02-12 20:00:00,140.0,224.60236
2020-02-12 21:00:00,101.0,177.35062
2020-02-12 22:00:00,77.0,132.21072
2020-02-12 23:00:00,54.0,92.55316
2020-02-13 00:00:00,21.0,69.7794
2020-02-13 01:00:00,9.0,49.70923
2020-02-13 02:00:00,7.0,41.018112
2020-02-13 03:00:00,10.0,44.113403
2020-02-13 04:00:00,19.0,58.666504
2020-02-13 05:00:00,86.0,84.55356
2020-02-13 06:00:00,338.0,119.89276
2020-02-13 07:00:00,444.0,172.9376
2020-02-13 08:00:00,285.0,219.8712
2020-02-13 09:00:00,225.0,270.54047
2020-02-13 10:00:00,270.0,313.20395
2020-02-13 11:00:00,271.0,352.8185
2020-02-13 12:00:00,296.0,403.81183
2020-02-13 13:00:00,280.0,412.39807
2020-02-13 14:00:00,267.0,413.06216
2020-02-13 15:00:00,379.0,409.8744
2020-02-13 16:00:00,546.0,371.7798
2020-02-13 17:00:00,617.0,367.0302
2020-02-13 18:00:00,384.0,310.24866
2020-02-13 19:00:00,233.0,270.15848
2020-02-13 20:00:00,144.0,233.00706
2020-02-13 21:00:00,105.0,188.06693
2020-02-13 22:00:00,70.0,133.90082
2020-02-13 23:00:00,38.0,94.500015
2020-02-14 00:00:00,25.0,75.4146
2020-02-14 01:00:00,14.0,56.17659
2020-02-14 02:00:00,10.0,47.57791
2020-02-14 03:00:00,19.0,51.13553
2020-02-14 04:00:00,24.0,66.79822
2020-02-14 05:00:00,83.0,92.59279
2020-02-14 06:00:00,299.0,127.74707
2020-02-14 07:00:00,446.0,180.69945
2020-02-14 08:00:00,252.0,226.80087
2020-02-14 09:00:00,286.0,273.7752
2020-02-14 10:00:00,277.0,320.7113
2020-02-14 11:00:00,274.0,357.75702
2020-02-14 12:00:00,273.0,391.5803
2020-02-14 13:00:00,321.0,416.5639
2020-02-14 14:00:00,345.0,419.7968
2020-02-14 15:00:00,417.0,416.1632
2020-02-14 16:00:00,538.0,398.82977
2020-02-14 17:00:00,643.0,371.74075
2020-02-14 18:00:00,485.0,335.9392
2020-02-14 19:00:00,343.0,294.11096
2020-02-14 20:00:00,204.0,236.23817
2020-02-14 21:00:00,130.0,188.80151
2020-02-14 22:00:00,123.0,143.75409
2020-02-14 23:00:00,86.0,104.65129
2020-02-15 00:00:00,48.0,54.404587
2020-02-15 01:00:00,33.0,33.594696
2020-02-15 02:00:00,13.0,24.718658
2020-02-15 03:00:00,19.0,28.09134
2020-02-15 04:00:00,9.0,43.29167
2020-02-15 05:00:00,31.0,69.27121
2020-02-15 06:00:00,86.0,104.240555
2020-02-15 07:00:00,192.0,156.91553
2020-02-15 08:00:00,219.0,226.34183
2020-02-15 09:00:00,308.0,258.46414
2020-02-15 10:00:00,331.0,323.9307
2020-02-15 11:00:00,394.0,364.4699
2020-02-15 12:00:00,409.0,396.573
2020-02-15 13:00:00,377.0,417.5678
2020-02-15 14:00:00,421.0,427.7383
2020-02-15 15:00:00,461.0,424.9204
2020-02-15 16:00:00,492.0,408.98035
2020-02-15 17:00:00,462.0,354.35974
2020-02-15 18:00:00,366.0,315.85388
2020-02-15 19:00:00,234.0,272.82358
2020-02-15 20:00:00,153.0,215.4131
2020-02-15 21:00:00,323.0,169.27094
2020-02-15 22:00:00,133.0,125.24061
2020-02-15 23:00:00,154.0,86.41521
2020-02-16 00:00:00,81.0,47.910736
2020-02-16 01:00:00,56.0,28.210419
2020-02-16 02:00:00,43.0,18.687103
2020-02-16 03:00:00,32.0,21.412552
2020-02-16 04:00:00,13.0,36.335526
2020-02-16 05:00:00,21.0,63.609543
2020-02-16 06:00:00,56.0,98.856285
2020-02-16 07:00:00,64.0,151.34634
2020-02-16 08:00:00,145.0,198.27994
2020-02-16 09:00:00,177.0,246.30434
2020-02-16 10:00:00,267.0,290.76404
2020-02-16 11:00:00,366.0,330.42163
2020-02-16 12:00:00,310.0,365.63187
2020-02-16 13:00:00,360.0,383.24213
2020-02-16 14:00:00,449.0,392.87433
2020-02-16 15:00:00,440.0,397.64767
2020-02-16 16:00:00,406.0,375.22598
2020-02-16 17:00:00,380.0,347.38068
2020-02-16 18:00:00,328.0,311.39423
2020-02-16 19:00:00,219.0,268.17902
2020-02-16 20:00:00,163.0,211.23087
2020-02-16 21:00:00,95.0,164.99623
2020-02-16 22:00:00,63.0,120.596054
2020-02-16 23:00:00,35.0,82.32544
2020-02-17 00:00:00,19.0,62.24379
2020-02-17 01:00:00,8.0,41.156494
2020-02-17 02:00:00,5.0,32.187973
2020-02-17 03:00:00,12.0,37.132538
2020-02-17 04:00:00,18.0,50.761
2020-02-17 05:00:00,117.0,76.46315
2020-02-17 06:00:00,380.0,110.32294
2020-02-17 07:00:00,465.0,164.10748
2020-02-17 08:00:00,278.0,217.96858
2020-02-17 09:00:00,234.0,288.15887
2020-02-17 10:00:00,261.0,327.42133
2020-02-17 11:00:00,285.0,370.57242
2020-02-17 12:00:00,249.0,376.5968
2020-02-17 13:00:00,363.0,395.23297
2020-02-17 14:00:00,290.0,381.12787
2020-02-17 15:00:00,324.0,376.30762
2020-02-17 16:00:00,469.0,359.65472
2020-02-17 17:00:00,637.0,332.50253
2020-02-17 18:00:00,380.0,296.7622
2020-02-17 19:00:00,229.0,254.56412
2020-02-17 20:00:00,143.0,219.09143
2020-02-17 21:00:00,87.0,160.99419
2020-02-17 22:00:00,79.0,116.9039
2020-02-17 23:00:00,35.0,88.33673
2020-02-18 00:00:00,11.0,48.203964
2020-02-18 01:00:00,8.0,27.423431
2020-02-18 02:00:00,10.0,30.287506
2020-02-18 03:00:00,14.0,33.567734
2020-02-18 04:00:00,18.0,48.39827
2020-02-18 05:00:00,97.0,74.747635
2020-02-18 06:00:00,347.0,109.34714
2020-02-18 07:00:00,447.0,162.8543
2020-02-18 08:00:00,310.0,209.04817
2020-02-18 09:00:00,236.0,263.33636
2020-02-18 10:00:00,254.0,329.11325
2020-02-18 11:00:00,282.0,369.1572
2020-02-18 12:00:00,273.0,400.84738
2020-02-18 13:00:00,293.0,420.57428
2020-02-18 14:00:00,275.0,421.54868
2020-02-18 15:00:00,377.0,400.89703
2020-02-18 16:00:00,490.0,381.8169
2020-02-18 17:00:00,659.0,355.1901
2020-02-18 18:00:00,438.0,319.29608
2020-02-18 19:00:00,303.0,277.00552
2020-02-18 20:00:00,144.0,219.68752
2020-02-18 21:00:00,111.0,172.6207
2020-02-18 22:00:00,90.0,128.31299
2020-02-18 23:00:00,39.0,90.31976
2020-02-19 00:00:00,23.0,66.28648
2020-02-19 01:00:00,8.0,46.30876
2020-02-19 02:00:00,3.0,37.155304
2020-02-19 03:00:00,14.0,40.620453
2020-02-19 04:00:00,16.0,55.72838
2020-02-19 05:00:00,84.0,82.35513
2020-02-19 06:00:00,348.0,118.341576
2020-02-19 07:00:00,405.0,171.75627
2020-02-19 08:00:00,262.0,217.76523
2020-02-19 09:00:00,247.0,263.53754
2020-02-19 10:00:00,255.0,307.66034
2020-02-19 11:00:00,280.0,352.7761
2020-02-19 12:00:00,281.0,355.20474
2020-02-19 13:00:00,335.0,401.58765
2020-02-19 14:00:00,294.0,410.4472
2020-02-19 15:00:00,349.0,403.5645
2020-02-19 16:00:00,421.0,387.39014
2020-02-19 17:00:00,629.0,360.57843
2020-02-19 18:00:00,412.0,324.40707
2020-02-19 19:00:00,269.0,282.67126
2020-02-19 20:00:00,134.0,225.72311
2020-02-19 21:00:00,99.0,179.02615
2020-02-19 22:00:00,108.0,134.71844
2020-02-19 23:00:00,39.0,96.26292
2020-02-20 00:00:00,33.0,73.31238
2020-02-20 01:00:00,22.0,53.149734
2020-02-20 02:00:00,8.0,43.533966
2020-02-20 03:00:00,25.0,46.721725
2020-02-20 04:00:00,20.0,61.92209
2020-02-20 05:00:00,82.0,88.73378
2020-02-20 06:00:00,285.0,124.16544
2020-02-20 07:00:00,370.0,177.58014
2020-02-20 08:00:00,257.0,223.77402
2020-02-20 09:00:00,224.0,270.84082
2020-02-20 10:00:00,252.0,321.9671
2020-02-20 11:00:00,309.0,384.11743
2020-02-20 12:00:00,268.0,416.03552
2020-02-20 13:00:00,282.0,437.30777
2020-02-20 14:00:00,277.0,446.55365
2020-02-20 15:00:00,281.0,443.5508
2020-02-20 16:00:00,412.0,428.1656
2020-02-20 17:00:00,543.0,376.26575
2020-02-20 18:00:00,393.0,335.5938
2020-02-20 19:00:00,196.0,292.10123
2020-02-20 20:00:00,128.0,234.5983
2020-02-20 21:00:00,76.0,188.64105
2020-02-20 22:00:00,71.0,145.81274
2020-02-20 23:00:00,36.0,108.74416
2020-02-21 00:00:00,33.0,81.54399
2020-02-21 01:00:00,30.0,61.28888
2020-02-21 02:00:00,10.0,41.04251
2020-02-21 03:00:00,21.0,43.799194
2020-02-21 04:00:00,22.0,57.861877
2020-02-21 05:00:00,86.0,94.16084
2020-02-21 06:00:00,275.0,129.06836
2020-02-21 07:00:00,336.0,181.92828
2020-02-21 08:00:00,230.0,228.12215
2020-02-21 09:00:00,245.0,274.72662
2020-02-21 10:00:00,268.0,319.23575
2020-02-21 11:00:00,251.0,361.58765
2020-02-21 12:00:00,291.0,415.6451
2020-02-21 13:00:00,331.0,413.09717
2020-02-21 14:00:00,373.0,440.70508
2020-02-21 15:00:00,417.0,444.66272
2020-02-21 16:00:00,556.0,429.09253
2020-02-21 17:00:00,605.0,377.08377
2020-02-21 18:00:00,461.0,336.15094
2020-02-21 19:00:00,255.0,294.0453
2020-02-21 20:00:00,184.0,236.63483
2020-02-21 21:00:00,106.0,189.19815
2020-02-21 22:00:00,92.0,144.98291
2020-02-21 23:00:00,58.0,106.61982
2020-02-22 00:00:00,50.0,56.287384
2020-02-22 01:00:00,37.0,35.477493
2020-02-22 02:00:00,15.0,26.41652
2020-02-22 03:00:00,19.0,29.604279
2020-02-22 04:00:00,22.0,44.619705
2020-02-22 05:00:00,38.0,71.15401
2020-02-22 06:00:00,91.0,106.67812
2020-02-22 07:00:00,196.0,163.63577
2020-02-22 08:00:00,220.0,234.64037
2020-02-22 09:00:00,317.0,283.21954
2020-02-22 10:00:00,360.0,328.267
2020-02-22 11:00:00,390.0,369.58893
2020-02-22 12:00:00,342.0,400.6749
2020-02-22 13:00:00,362.0,422.31696
2020-02-22 14:00:00,404.0,431.37793
2020-02-22 15:00:00,438.0,429.0223
2020-02-22 16:00:00,482.0,411.79785
2020-02-22 17:00:00,449.0,357.05182
2020-02-22 18:00:00,314.0,321.15784
2020-02-22 19:00:00,232.0,278.77478
2020-02-22 20:00:00,155.0,221.6417
2020-02-22 21:00:00,122.0,174.0201
2020-02-22 22:00:00,98.0,129.98978
2020-02-22 23:00:00,88.0,91.071915
2020-02-23 00:00:00,54.0,53.96042
2020-02-23 01:00:00,44.0,33.612854
2020-02-23 02:00:00,27.0,24.921692
2020-02-23 03:00:00,18.0,27.924545
2020-02-23 04:00:00,24.0,43.309845
2020-02-23 05:00:00,19.0,70.12154
2020-02-23 06:00:00,52.0,104.35118
2020-02-23 07:00:00,69.0,135.2102
2020-02-23 08:00:00,133.0,203.09695
2020-02-23 09:00:00,191.0,249.08482
2020-02-23 10:00:00,224.0,293.94733
2020-02-23 11:00:00,279.0,333.6974
2020-02-23 12:00:00,289.0,364.59845
2020-02-23 13:00:00,342.0,387.62744
2020-02-23 14:00:00,356.0,400.0995
2020-02-23 15:00:00,402.0,395.90466
2020-02-23 16:00:00,422.0,380.05713
2020-02-23 17:00:00,385.0,353.89267
2020-02-23 18:00:00,276.0,318.55347
2020-02-23 19:00:00,232.0,276.54028
2020-02-23 20:00:00,158.0,219.6846
2020-02-23 21:00:00,124.0,173.17256
2020-02-23 22:00:00,9.0,128.40253
2020-02-23 23:00:00,43.0,89.66962
2020-02-24 00:00:00,19.0,68.945984
2020-02-24 01:00:00,10.0,48.228546
2020-02-24 02:00:00,5.0,39.352493
2020-02-24 03:00:00,13.0,42.170395
2020-02-24 04:00:00,24.0,56.81598
2020-02-24 05:00:00,100.0,82.7955
2020-02-24 06:00:00,241.0,117.76484
2020-02-24 07:00:00,308.0,170.71722
2020-02-24 08:00:00,258.0,216.63371
2020-02-24 09:00:00,209.0,264.2553
2020-02-24 10:00:00,223.0,333.63464
2020-02-24 11:00:00,256.0,377.06958
2020-02-24 12:00:00,267.0,408.89526
2020-02-24 13:00:00,330.0,429.24283
2020-02-24 14:00:00,290.0,439.13593
2020-02-24 15:00:00,274.0,436.13312
2020-02-24 16:00:00,393.0,420.6554
2020-02-24 17:00:00,425.0,370.64423
2020-02-24 18:00:00,336.0,326.51178
2020-02-24 19:00:00,182.0,283.57397
2020-02-24 20:00:00,129.0,226.07103
2020-02-24 21:00:00,84.0,179.18913
2020-02-24 22:00:00,49.0,134.60403
2020-02-24 23:00:00,40.0,95.501236
2020-02-25 00:00:00,24.0,65.478226
2020-02-25 01:00:00,19.0,44.021057
2020-02-25 02:00:00,17.0,34.86763
2020-02-25 03:00:00,20.0,39.62729
2020-02-25 04:00:00,30.0,55.567352
2020-02-25 05:00:00,82.0,80.34485
2020-02-25 06:00:00,228.0,115.22172
2020-02-25 07:00:00,318.0,167.43439
2020-02-25 08:00:00,204.0,219.41325
2020-02-25 09:00:00,211.0,282.45813
2020-02-25 10:00:00,276.0,310.8308
2020-02-25 11:00:00,273.0,346.65158
2020-02-25 12:00:00,275.0,377.9655
2020-02-25 13:00:00,306.0,397.29596
2020-02-25 14:00:00,299.0,404.78503
2020-02-25 15:00:00,297.0,401.04248
2020-02-25 16:00:00,423.0,385.2874
2020-02-25 17:00:00,469.0,358.75305
2020-02-25 18:00:00,314.0,323.3214
2020-02-25 19:00:00,199.0,258.90625
2020-02-25 20:00:00,131.0,212.6218
2020-02-25 21:00:00,74.0,167.90657
2020-02-25 22:00:00,30.0,121.86953
2020-02-25 23:00:00,33.0,82.826096
2020-02-26 00:00:00,18.0,58.483017
2020-02-26 01:00:00,10.0,49.783142
2020-02-26 02:00:00,10.0,29.293716
2020-02-26 03:00:00,10.0,32.111023
2020-02-26 04:00:00,17.0,45.429626
2020-02-26 05:00:00,107.0,71.902084
2020-02-26 06:00:00,289.0,117.93247
2020-02-26 07:00:00,365.0,171.43962
2020-02-26 08:00:00,227.0,194.95413
2020-02-26 09:00:00,230.0,241.06569
2020-02-26 10:00:00,241.0,284.75803
2020-02-26 11:00:00,245.0,345.9842
2020-02-26 12:00:00,230.0,381.86456
2020-02-26 13:00:00,258.0,401.2051
2020-02-26 14:00:00,286.0,383.84705
2020-02-26 15:00:00,310.0,406.69836
2020-02-26 16:00:00,424.0,363.8406
2020-02-26 17:00:00,531.0,359.7995
2020-02-26 18:00:00,370.0,323.81305
2020-02-26 19:00:00,220.0,281.70737
2020-02-26 20:00:00,126.0,225.31401
2020-02-26 21:00:00,78.0,178.61705
2020-02-26 22:00:00,66.0,134.37119
2020-02-26 23:00:00,32.0,95.66888
2020-02-27 00:00:00,10.0,74.01596
2020-02-27 01:00:00,7.0,53.94577
2020-02-27 02:00:00,7.0,33.884354
2020-02-27 03:00:00,11.0,48.627335
2020-02-27 04:00:00,18.0,64.474945
2020-02-27 05:00:00,85.0,90.26953
2020-02-27 06:00:00,294.0,124.77656
2020-02-27 07:00:00,393.0,184.0092
2020-02-27 08:00:00,284.0,253.51147
2020-02-27 09:00:00,228.0,293.52536
2020-02-27 10:00:00,261.0,316.03705
2020-02-27 11:00:00,281.0,355.5097
2020-02-27 12:00:00,264.0,385.94843
2020-02-27 13:00:00,286.0,382.41522
2020-02-27 14:00:00,303.0,390.73898
2020-02-27 15:00:00,319.0,387.2101
2020-02-27 16:00:00,393.0,371.88544
2020-02-27 17:00:00,559.0,346.36826
2020-02-27 18:00:00,388.0,313.49808
2020-02-27 19:00:00,264.0,294.74655
2020-02-27 20:00:00,137.0,237.2436
2020-02-27 21:00:00,86.0,190.54666
2020-02-27 22:00:00,24.0,134.31387
2020-02-27 23:00:00,35.0,106.67383
2020-02-28 00:00:00,20.0,78.73634
2020-02-28 01:00:00,10.0,58.203842
2020-02-28 02:00:00,5.0,38.51288
2020-02-28 03:00:00,13.0,52.70047
2020-02-28 04:00:00,18.0,67.90082
2020-02-28 05:00:00,93.0,93.695404
2020-02-28 06:00:00,290.0,128.84967
2020-02-28 07:00:00,353.0,182.07945
2020-02-28 08:00:00,224.0,251.15237
2020-02-28 09:00:00,255.0,304.83633
2020-02-28 10:00:00,304.0,349.60638
2020-02-28 11:00:00,275.0,388.8941
2020-02-28 12:00:00,277.0,419.88763
2020-02-28 13:00:00,327.0,440.51257
2020-02-28 14:00:00,417.0,449.3886
2020-02-28 15:00:00,420.0,446.38574
2020-02-28 16:00:00,518.0,403.71338
2020-02-28 17:00:00,575.0,375.61725
2020-02-28 18:00:00,462.0,339.16852
2020-02-28 19:00:00,283.0,297.34027
2020-02-28 20:00:00,175.0,240.29964
2020-02-28 21:00:00,154.0,193.88007
2020-02-28 22:00:00,94.0,149.66483
2020-02-28 23:00:00,106.0,111.11681
2020-02-29 00:00:00,46.0,60.231247
2020-02-29 01:00:00,26.0,39.883667
2020-02-29 02:00:00,14.0,31.100082
2020-02-29 03:00:00,13.0,34.84262
2020-02-29 04:00:00,8.0,50.690216
2020-02-29 05:00:00,19.0,76.94713
2020-02-29 06:00:00,71.0,113.118515
2020-02-29 07:00:00,147.0,166.99551
2020-02-29 08:00:00,218.0,215.8013
2020-02-29 09:00:00,300.0,260.44113
2020-02-29 10:00:00,326.0,306.75653
2020-02-29 11:00:00,344.0,346.92587
2020-02-29 12:00:00,313.0,402.3108
2020-02-29 13:00:00,364.0,406.21155
2020-02-29 14:00:00,375.0,414.74426
2020-02-29 15:00:00,412.0,426.9203
2020-02-29 16:00:00,452.0,389.26022
2020-02-29 17:00:00,375.0,361.08813
2020-02-29 18:00:00,316.0,325.47153
2020-02-29 19:00:00,189.0,260.47534
2020-02-29 20:00:00,135.0,214.00972
2020-02-29 21:00:00,103.0,165.61281
2020-02-29 22:00:00,78.0,120.65472
2020-02-29 23:00:00,84.0,83.0676
2020-03-01 00:00:00,65.0,35.170166
2020-03-01 01:00:00,57.0,15.379272
2020-03-01 02:00:00,27.0,6.752487
2020-03-01 03:00:00,22.0,8.330872
2020-03-01 04:00:00,14.0,34.066223
2020-03-01 05:00:00,18.0,59.675888
2020-03-01 06:00:00,37.0,84.38512
2020-03-01 07:00:00,59.0,148.05994
2020-03-01 08:00:00,135.0,198.25908
2020-03-01 09:00:00,212.0,270.53943
2020-03-01 10:00:00,275.0,315.67932
2020-03-01 11:00:00,322.0,355.61432
2020-03-01 12:00:00,302.0,386.97766
2020-03-01 13:00:00,367.0,408.34235
2020-03-01 14:00:00,430.0,417.6807
2020-03-01 15:00:00,514.0,413.39343
2020-03-01 16:00:00,529.0,390.87927
2020-03-01 17:00:00,488.0,345.3192
2020-03-01 18:00:00,286.0,306.99823
2020-03-01 19:00:00,199.0,241.69157
2020-03-01 20:00:00,144.0,204.77008
2020-03-01 21:00:00,80.0,159.02838
2020-03-01 22:00:00,38.0,114.998055
2020-03-01 23:00:00,33.0,75.61786
2020-03-02 00:00:00,12.0,54.89444
2020-03-02 01:00:00,7.0,34.546875
2020-03-02 02:00:00,2.0,24.653732
2020-03-02 03:00:00,10.0,27.379166
2020-03-02 04:00:00,19.0,42.117218
2020-03-02 05:00:00,120.0,68.00426
2020-03-02 06:00:00,364.0,103.62085
2020-03-02 07:00:00,447.0,156.75818
2020-03-02 08:00:00,291.0,203.41437
2020-03-02 09:00:00,240.0,250.9435
2020-03-02 10:00:00,206.0,295.71353
2020-03-02 11:00:00,242.0,335.00125
2020-03-02 12:00:00,246.0,366.08722
2020-03-02 13:00:00,233.0,386.24988
2020-03-02 14:00:00,282.0,395.12592
2020-03-02 15:00:00,307.0,391.93817
2020-03-02 16:00:00,406.0,375.90564
2020-03-02 17:00:00,645.0,349.09393
2020-03-02 18:00:00,379.0,290.6749
2020-03-02 19:00:00,200.0,248.32375
2020-03-02 20:00:00,109.0,202.68404
2020-03-02 21:00:00,88.0,167.17183
2020-03-02 22:00:00,60.0,123.66567
2020-03-02 23:00:00,26.0,74.33525
2020-03-03 00:00:00,12.0,46.598938
2020-03-03 01:00:00,13.0,25.849045
2020-03-03 02:00:00,9.0,16.168945
2020-03-03 03:00:00,12.0,19.511642
2020-03-03 04:00:00,21.0,33.0114
2020-03-03 05:00:00,92.0,70.23813
2020-03-03 06:00:00,341.0,105.33057
2020-03-03 07:00:00,454.0,158.56033
2020-03-03 08:00:00,242.0,204.84668
2020-03-03 09:00:00,226.0,252.02243
2020-03-03 10:00:00,231.0,317.6144
2020-03-03 11:00:00,271.0,342.08307
2020-03-03 12:00:00,235.0,395.50336
2020-03-03 13:00:00,283.0,416.34622
2020-03-03 14:00:00,270.0,416.33008
2020-03-03 15:00:00,323.0,395.87982
2020-03-03 16:00:00,401.0,383.13943
2020-03-03 17:00:00,627.0,350.24887
2020-03-03 18:00:00,398.0,313.89258
2020-03-03 19:00:00,247.0,271.0472
2020-03-03 20:00:00,121.0,212.89703
2020-03-03 21:00:00,91.0,166.20007
2020-03-03 22:00:00,85.0,121.707436
2020-03-03 23:00:00,41.0,83.159424
2020-03-04 00:00:00,18.0,60.79309
2020-03-04 01:00:00,8.0,40.815384
2020-03-04 02:00:00,3.0,31.908707
2020-03-04 03:00:00,11.0,23.912964
2020-03-04 04:00:00,21.0,49.772644
2020-03-04 05:00:00,100.0,76.122025
2020-03-04 06:00:00,366.0,111.64616
2020-03-04 07:00:00,432.0,164.69101
2020-03-04 08:00:00,269.0,211.06981
2020-03-04 09:00:00,186.0,263.7037
2020-03-04 10:00:00,244.0,330.54718
2020-03-04 11:00:00,265.0,371.08636
2020-03-04 12:00:00,289.0,403.8861
2020-03-04 13:00:00,293.0,418.85153
2020-03-04 14:00:00,303.0,412.78308
2020-03-04 15:00:00,363.0,404.70844
2020-03-04 16:00:00,486.0,385.4104
2020-03-04 17:00:00,653.0,358.87607
2020-03-04 18:00:00,459.0,322.6122
2020-03-04 19:00:00,279.0,279.58194
2020-03-04 20:00:00,124.0,221.61668
2020-03-04 21:00:00,105.0,174.36494
2020-03-04 22:00:00,63.0,130.4271
2020-03-04 23:00:00,46.0,91.786606
2020-03-05 00:00:00,21.0,70.039276
2020-03-05 01:00:00,8.0,50.338943
2020-03-05 02:00:00,6.0,41.647842
2020-03-05 03:00:00,4.0,44.92807
2020-03-05 04:00:00,21.0,60.68318
2020-03-05 05:00:00,90.0,86.847626
2020-03-05 06:00:00,353.0,122.09436
2020-03-05 07:00:00,420.0,175.60153
2020-03-05 08:00:00,276.0,221.61049
2020-03-05 09:00:00,224.0,246.3378
2020-03-05 10:00:00,248.0,290.92603
2020-03-05 11:00:00,284.0,329.226
2020-03-05 12:00:00,227.0,359.7872
2020-03-05 13:00:00,262.0,380.22726
2020-03-05 14:00:00,263.0,389.16388
2020-03-05 15:00:00,312.0,386.2529
2020-03-05 16:00:00,466.0,371.20685
2020-03-05 17:00:00,614.0,345.22733
2020-03-05 18:00:00,386.0,310.94086
2020-03-05 19:00:00,228.0,269.976
2020-03-05 20:00:00,144.0,232.774
2020-03-05 21:00:00,79.0,186.38504
2020-03-05 22:00:00,82.0,142.07733
2020-03-05 23:00:00,43.0,103.43685
2020-03-06 00:00:00,11.0,64.743
2020-03-06 01:00:00,17.0,55.703873
2020-03-06 02:00:00,5.0,48.122345
2020-03-06 03:00:00,12.0,51.495026
2020-03-06 04:00:00,16.0,66.69534
2020-03-06 05:00:00,96.0,92.767334
2020-03-06 06:00:00,324.0,127.08944
2020-03-06 07:00:00,388.0,179.8569
2020-03-06 08:00:00,245.0,225.68092
2020-03-06 09:00:00,258.0,272.19293
2020-03-06 10:00:00,258.0,318.15494
2020-03-06 11:00:00,275.0,358.15585
2020-03-06 12:00:00,294.0,385.67233
2020-03-06 13:00:00,304.0,383.68042
2020-03-06 14:00:00,337.0,392.00104
2020-03-06 15:00:00,373.0,410.29065
2020-03-06 16:00:00,521.0,372.534
2020-03-06 17:00:00,601.0,368.67905
2020-03-06 18:00:00,418.0,332.9394
2020-03-06 19:00:00,281.0,268.46237
2020-03-06 20:00:00,127.0,222.36285
2020-03-06 21:00:00,123.0,175.07986
2020-03-06 22:00:00,95.0,130.6797
2020-03-06 23:00:00,104.0,91.88365
2020-03-07 00:00:00,51.0,52.54988
2020-03-07 01:00:00,29.0,32.818954
2020-03-07 02:00:00,17.0,23.973526
2020-03-07 03:00:00,15.0,27.346207
2020-03-07 04:00:00,14.0,42.731476
2020-03-07 05:00:00,34.0,57.71118
2020-03-07 06:00:00,58.0,104.14268
2020-03-07 07:00:00,178.0,157.24937
2020-03-07 08:00:00,222.0,203.56633
2020-03-07 09:00:00,285.0,250.44821
2020-03-07 10:00:00,288.0,295.1258
2020-03-07 11:00:00,305.0,334.1361
2020-03-07 12:00:00,308.0,343.33188
2020-03-07 13:00:00,345.0,362.6129
2020-03-07 14:00:00,323.0,400.02927
2020-03-07 15:00:00,342.0,392.24847
2020-03-07 16:00:00,392.0,381.5487
2020-03-07 17:00:00,400.0,349.06097
2020-03-07 18:00:00,283.0,312.8896
2020-03-07 19:00:00,198.0,269.76688
2020-03-07 20:00:00,111.0,211.70915
2020-03-07 21:00:00,93.0,164.91972
2020-03-07 22:00:00,96.0,120.42709
2020-03-07 23:00:00,111.0,81.50922
2020-03-08 00:00:00,75.0,42.545242
2020-03-08 01:00:00,65.0,21.82785
2020-03-08 02:00:00,29.0,12.859314
2020-03-08 03:00:00,36.0,16.509384
2020-03-08 04:00:00,11.0,31.432327
2020-03-08 05:00:00,14.0,57.96666
2020-03-08 06:00:00,47.0,92.75107
2020-03-08 07:00:00,90.0,155.52023
2020-03-08 08:00:00,124.0,221.605
2020-03-08 09:00:00,192.0,270.21713
2020-03-08 10:00:00,248.0,315.81937
2020-03-08 11:00:00,322.0,355.5694
2020-03-08 12:00:00,322.0,383.8851
2020-03-08 13:00:00,383.0,407.83514
2020-03-08 14:00:00,433.0,396.64545
2020-03-08 15:00:00,513.0,393.4412
2020-03-08 16:00:00,547.0,373.1526
2020-03-08 17:00:00,499.0,344.77905
2020-03-08 18:00:00,279.0,306.39856
2020-03-08 19:00:00,203.0,263.6457
2020-03-08 20:00:00,185.0,206.42015
2020-03-08 21:00:00,111.0,159.90811
2020-03-08 22:00:00,70.0,114.860695
2020-03-08 23:00:00,31.0,76.95993
2020-03-09 00:00:00,8.0,56.786453
2020-03-09 01:00:00,10.0,26.2706
2020-03-09 02:00:00,8.0,27.84021
2020-03-09 03:00:00,8.0,31.55214
2020-03-09 04:00:00,22.0,35.936996
2020-03-09 05:00:00,107.0,62.256363
2020-03-09 06:00:00,363.0,98.89507
2020-03-09 07:00:00,445.0,140.04294
2020-03-09 08:00:00,305.0,185.24783
2020-03-09 09:00:00,221.0,232.10036
2020-03-09 10:00:00,221.0,298.80756
2020-03-09 11:00:00,231.0,338.18774
2020-03-09 12:00:00,216.0,346.79575
2020-03-09 13:00:00,274.0,365.37006
2020-03-09 14:00:00,260.0,422.30743
2020-03-09 15:00:00,297.0,377.44345
2020-03-09 16:00:00,403.0,355.24634
2020-03-09 17:00:00,590.0,353.7256
2020-03-09 18:00:00,398.0,314.53717
2020-03-09 19:00:00,200.0,271.5069
2020-03-09 20:00:00,122.0,214.28136
2020-03-09 21:00:00,91.0,167.86179
2020-03-09 22:00:00,68.0,123.64654
2020-03-09 23:00:00,25.0,85.09851
2020-03-10 00:00:00,9.0,55.346786
2020-03-10 01:00:00,9.0,34.536896
2020-03-10 02:00:00,7.0,26.215637
2020-03-10 03:00:00,6.0,29.865723
2020-03-10 04:00:00,14.0,45.343475
2020-03-10 05:00:00,102.0,71.97023
2020-03-10 06:00:00,363.0,107.309425
2020-03-10 07:00:00,482.0,160.90906
2020-03-10 08:00:00,269.0,184.97835
2020-03-10 09:00:00,210.0,231.49162
2020-03-10 10:00:00,226.0,275.67502
2020-03-10 11:00:00,270.0,314.03812
2020-03-10 12:00:00,231.0,345.03223
2020-03-10 13:00:00,271.0,365.56537
2020-03-10 14:00:00,278.0,374.2871
2020-03-10 15:00:00,303.0,370.54395
2020-03-10 16:00:00,421.0,355.34485
2020-03-10 17:00:00,617.0,328.8099
2020-03-10 18:00:00,370.0,293.5013
2020-03-10 19:00:00,210.0,273.36533
2020-03-10 20:00:00,141.0,216.44778
2020-03-10 21:00:00,114.0,170.21315
2020-03-10 22:00:00,75.0,126.614525
2020-03-10 23:00:00,31.0,77.09668
2020-03-11 00:00:00,12.0,54.53975
2020-03-11 01:00:00,4.0,34.62451
2020-03-11 02:00:00,12.0,25.778442
2020-03-11 03:00:00,5.0,40.05847
2020-03-11 04:00:00,19.0,55.81363
2020-03-11 05:00:00,113.0,83.33441
2020-03-11 06:00:00,354.0,117.87206
2020-03-11 07:00:00,492.0,172.9205
2020-03-11 08:00:00,265.0,218.40527
2020-03-11 09:00:00,223.0,266.39673
2020-03-11 10:00:00,251.0,310.42706
2020-03-11 11:00:00,284.0,349.89972
2020-03-11 12:00:00,283.0,381.54047
2020-03-11 13:00:00,280.0,404.56946
2020-03-11 14:00:00,308.0,413.44553
2020-03-11 15:00:00,381.0,410.35022
2020-03-11 16:00:00,475.0,394.78003
2020-03-11 17:00:00,658.0,368.3382
2020-03-11 18:00:00,437.0,332.1668
2020-03-11 19:00:00,213.0,288.85913
2020-03-11 20:00:00,163.0,231.26375
2020-03-11 21:00:00,103.0,184.01201
2020-03-11 22:00:00,74.0,139.51938
2020-03-11 23:00:00,44.0,100.324104
2020-03-12 00:00:00,17.0,77.645096
2020-03-12 01:00:00,9.0,57.29753
2020-03-12 02:00:00,7.0,47.77426
2020-03-12 03:00:00,7.0,50.31476
2020-03-12 04:00:00,17.0,65.792496
2020-03-12 05:00:00,94.0,91.679535
2020-03-12 06:00:00,361.0,127.3886
2020-03-12 07:00:00,482.0,181.3581
2020-03-12 08:00:00,305.0,231.26337
2020-03-12 09:00:00,272.0,303.93005
2020-03-12 10:00:00,257.0,347.81204
2020-03-12 11:00:00,251.0,368.5959
2020-03-12 12:00:00,257.0,418.26172
2020-03-12 13:00:00,287.0,418.14078
2020-03-12 14:00:00,325.0,425.93378
2020-03-12 15:00:00,355.0,418.86618
2020-03-12 16:00:00,513.0,402.9096
2020-03-12 17:00:00,622.0,376.56024
2020-03-12 18:00:00,423.0,340.8512
2020-03-12 19:00:00,268.0,298.838
2020-03-12 20:00:00,129.0,241.98233
2020-03-12 21:00:00,105.0,194.91553
2020-03-12 22:00:00,84.0,138.80643
2020-03-12 23:00:00,52.0,98.16422
2020-03-13 00:00:00,19.0,69.66153
2020-03-13 01:00:00,7.0,48.140656
2020-03-13 02:00:00,4.0,39.66571
2020-03-13 03:00:00,13.0,42.484238
2020-03-13 04:00:00,16.0,57.715195
2020-03-13 05:00:00,100.0,83.60162
2020-03-13 06:00:00,340.0,118.81775
2020-03-13 07:00:00,400.0,160.616
2020-03-13 08:00:00,269.0,228.1629
2020-03-13 09:00:00,246.0,274.798
2020-03-13 10:00:00,262.0,319.1057
2020-03-13 11:00:00,301.0,358.301
2020-03-13 12:00:00,272.0,389.20203
2020-03-13 13:00:00,310.0,417.24982
2020-03-13 14:00:00,359.0,419.50867
2020-03-13 15:00:00,379.0,444.7011
2020-03-13 16:00:00,494.0,429.2234
2020-03-13 17:00:00,580.0,401.0183
2020-03-13 18:00:00,467.0,337.42432
2020-03-13 19:00:00,254.0,293.5619
2020-03-13 20:00:00,193.0,235.87401
2020-03-13 21:00:00,111.0,188.99213
2020-03-13 22:00:00,99.0,144.12962
2020-03-13 23:00:00,76.0,105.58161
2020-03-14 00:00:00,44.0,54.4068
2020-03-14 01:00:00,30.0,34.151672
2020-03-14 02:00:00,8.0,25.553024
2020-03-14 03:00:00,13.0,29.018188
2020-03-14 04:00:00,5.0,44.403427
2020-03-14 05:00:00,23.0,70.10559
2020-03-14 06:00:00,63.0,104.98247
2020-03-14 07:00:00,113.0,182.49472
2020-03-14 08:00:00,167.0,230.8052
2020-03-14 09:00:00,269.0,255.5972
2020-03-14 10:00:00,308.0,299.0828
2020-03-14 11:00:00,325.0,339.03427
2020-03-14 12:00:00,350.0,371.77454
2020-03-14 13:00:00,330.0,390.58685
2020-03-14 14:00:00,385.0,398.98407
2020-03-14 15:00:00,325.0,395.88876
2020-03-14 16:00:00,353.0,382.26672
2020-03-14 17:00:00,278.0,353.96918
2020-03-14 18:00:00,259.0,317.89026
2020-03-14 19:00:00,170.0,275.69217
2020-03-14 20:00:00,96.0,217.72691
2020-03-14 21:00:00,77.0,170.19778
2020-03-14 22:00:00,86.0,125.0579
2020-03-14 23:00:00,62.0,86.60234
2020-03-15 00:00:00,50.0,47.35182
2020-03-15 01:00:00,31.0,27.004257
2020-03-15 02:00:00,18.0,17.573425
2020-03-15 03:00:00,11.0,21.131042
2020-03-15 04:00:00,8.0,36.053986
2020-03-15 05:00:00,10.0,61.75612
2020-03-15 06:00:00,38.0,96.81794
2020-03-15 07:00:00,52.0,177.28539
2020-03-15 08:00:00,91.0,226.75488
2020-03-15 09:00:00,159.0,274.5614
2020-03-15 10:00:00,260.0,320.441
2020-03-15 11:00:00,284.0,360.74585
2020-03-15 12:00:00,307.0,392.3866
2020-03-15 13:00:00,417.0,413.47388
2020-03-15 14:00:00,499.0,423.27454
2020-03-15 15:00:00,436.0,420.54913
2020-03-15 16:00:00,375.0,405.53372
2020-03-15 17:00:00,427.0,377.63898
2020-03-15 18:00:00,278.0,312.31473
2020-03-15 19:00:00,178.0,268.91458
2020-03-15 20:00:00,139.0,210.7644
2020-03-15 21:00:00,72.0,163.05035
2020-03-15 22:00:00,45.0,118.74263
2020-03-15 23:00:00,18.0,79.91724
2025-02-01 00:00:00,57.0,59.284393
2025-02-01 01:00:00,32.0,38.936813
2025-02-01 02:00:00,10.0,30.060776
2025-02-01 03:00:00,9.0,33.525894
2025-02-01 04:00:00,19.0,48.818726
2025-02-01 05:00:00,33.0,74.983185
2025-02-01 06:00:00,93.0,110.13744
2025-02-01 07:00:00,147.0,163.1823
2025-02-01 08:00:00,223.0,208.8214
2025-02-01 09:00:00,293.0,255.33342
2025-02-01 10:00:00,335.0,299.27127
2025-02-01 11:00:00,384.0,337.8193
2025-02-01 12:00:00,351.0,368.44293
2025-02-01 13:00:00,381.0,388.69806
2025-02-01 14:00:00,398.0,397.48163
2025-02-01 15:00:00,387.0,394.10895
2025-02-01 16:00:00,404.0,378.63123
2025-02-01 17:00:00,373.0,352.37433
2025-02-01 18:00:00,280.0,316.8502
2025-02-01 19:00:00,179.0,274.74454
2025-02-01 20:00:00,127.0,217.70392
2025-02-01 21:00:00,120.0,171.00696
2025-02-01 22:00:00,149.0,126.79171
2025-02-01 23:00:00,137.0,88.15123
2025-02-02 00:00:00,73.0,49.436157
2025-02-02 01:00:00,45.0,29.088593
2025-02-02 02:00:00,35.0,20.489914
2025-02-02 03:00:00,18.0,24.14
2025-02-02 04:00:00,21.0,39.617752
2025-02-02 05:00:00,15.0,65.874695
2025-02-02 06:00:00,43.0,101.21388
2025-02-02 07:00:00,78.0,154.25873
2025-02-02 08:00:00,150.0,200.1752
2025-02-02 09:00:00,209.0,246.59477
2025-02-02 10:00:00,326.0,290.90247
2025-02-02 11:00:00,333.0,329.54297
2025-02-02 12:00:00,307.0,360.07416
2025-02-02 13:00:00,382.0,380.6067
2025-02-02 14:00:00,420.0,389.39023
2025-02-02 15:00:00,441.0,385.6477
2025-02-02 16:00:00,552.0,370.44736
2025-02-02 17:00:00,443.0,344.19043
2025-02-02 18:00:00,319.0,308.9437
2025-02-02 19:00:00,298.0,266.93054
2025-02-02 20:00:00,175.0,209.98238
2025-02-02 21:00:00,131.0,163.37788
2025-02-02 22:00:00,68.0,119.16263
2025-02-02 23:00:00,47.0,80.70709
2025-02-03 00:00:00,15.0,60.138794
2025-02-03 01:00:00,8.0,39.606293
2025-02-03 02:00:00,7.0,30.822708
2025-02-03 03:00:00,9.0,34.19539
2025-02-03 04:00:00,21.0,49.488205
2025-02-03 05:00:00,110.0,75.8376
2025-02-03 06:00:00,408.0,111.26927
2025-02-03 07:00:00,485.0,164.40659
2025-02-03 08:00:00,321.0,210.32306
2025-02-03 09:00:00,245.0,257.02002
2025-02-03 10:00:00,274.0,301.23526
2025-02-03 11:00:00,287.0,345.35037
2025-02-03 12:00:00,276.0,394.79834
2025-02-03 13:00:00,278.0,418.06818
2025-02-03 14:00:00,307.0,423.41772
2025-02-03 15:00:00,339.0,421.7323
2025-02-03 16:00:00,508.0,381.24246
2025-02-03 17:00:00,616.0,354.61566
2025-02-03 18:00:00,355.0,318.90662
2025-02-03 19:00:00,171.0,277.07837
2025-02-03 20:00:00,125.0,220.03775
2025-02-03 21:00:00,126.0,173.43326
2025-02-03 22:00:00,71.0,129.12555
2025-02-03 23:00:00,29.0,90.48508
2025-02-04 00:00:00,22.0,61.08185
2025-02-04 01:00:00,8.0,40.54933
2025-02-04 02:00:00,4.0,31.858185
2025-02-04 03:00:00,7.0,35.230896
2025-02-04 04:00:00,21.0,50.246323
2025-02-04 05:00:00,100.0,76.41078
2025-02-04 06:00:00,377.0,111.56505
2025-02-04 07:00:00,469.0,164.6099
2025-02-04 08:00:00,337.0,210.34145
2025-02-04 09:00:00,274.0,257.22333
2025-02-04 10:00:00,291.0,301.53107
2025-02-04 11:00:00,296.0,363.82324
2025-02-04 12:00:00,294.0,400.66125
2025-02-04 13:00:00,348.0,421.65607
2025-02-04 14:00:00,324.0,430.717
2025-02-04 15:00:00,371.0,427.80664
2025-02-04 16:00:00,540.0,405.78775
2025-02-04 17:00:00,691.0,355.83612
2025-02-04 18:00:00,445.0,319.66473
2025-02-04 19:00:00,207.0,277.09677
2025-02-04 20:00:00,144.0,219.6863
2025-02-04 21:00:00,96.0,172.71194
2025-02-04 22:00:00,70.0,128.21931
2025-02-04 23:00:00,33.0,89.76376
2025-02-05 00:00:00,24.0,66.448685
2025-02-05 01:00:00,12.0,46.008636
2025-02-05 02:00:00,5.0,37.1326
2025-02-05 03:00:00,12.0,40.597733
2025-02-05 04:00:00,20.0,56.0755
2025-02-05 05:00:00,93.0,82.42488
2025-02-05 06:00:00,382.0,117.94899
2025-02-05 07:00:00,430.0,171.17877
2025-02-05 08:00:00,333.0,216.63293
2025-02-05 09:00:00,289.0,263.42236
2025-02-05 10:00:00,312.0,307.82254
2025-02-05 11:00:00,327.0,346.55548
2025-02-05 12:00:00,324.0,376.9942
2025-02-05 13:00:00,422.0,397.34177
2025-02-05 14:00:00,413.0,406.31024
2025-02-05 15:00:00,389.0,402.8451
2025-02-05 16:00:00,553.0,387.18246
2025-02-05 17:00:00,620.0,360.83313
2025-02-05 18:00:00,431.0,325.40143
2025-02-05 19:00:00,205.0,283.38824
2025-02-05 20:00:00,130.0,226.34763
2025-02-05 21:00:00,97.0,179.8356
2025-02-05 22:00:00,59.0,135.5279
2025-02-05 23:00:00,29.0,97.07236
2025-02-06 00:00:00,20.0,74.93388
2025-02-06 01:00:00,8.0,54.58632
2025-02-06 02:00:00,7.0,46.080124
2025-02-06 03:00:00,11.0,49.63771
2025-02-06 04:00:00,22.0,65.20795
2025-02-06 05:00:00,103.0,91.55733
2025-02-06 06:00:00,378.0,126.89652
2025-02-06 07:00:00,478.0,180.1263
2025-02-06 08:00:00,295.0,225.95032
2025-02-06 09:00:00,242.0,272.73975
2025-02-06 10:00:00,244.0,317.1399
2025-02-06 11:00:00,258.0,355.87286
2025-02-06 12:00:00,304.0,386.40405
2025-02-06 13:00:00,298.0,406.75165
2025-02-06 14:00:00,320.0,415.8126
2025-02-06 15:00:00,345.0,412.3474
2025-02-06 16:00:00,581.0,397.05463
2025-02-06 17:00:00,623.0,370.70526
2025-02-06 18:00:00,406.0,335.55096
2025-02-06 19:00:00,223.0,293.44534
2025-02-06 20:00:00,141.0,236.31226
2025-02-06 21:00:00,121.0,189.8927
2025-02-06 22:00:00,70.0,145.86237
2025-02-06 23:00:00,42.0,107.314354
2025-02-07 00:00:00,29.0,79.91055
2025-02-07 01:00:00,17.0,59.47052
2025-02-07 02:00:00,10.0,50.77939
2025-02-07 03:00:00,6.0,54.059616
2025-02-07 04:00:00,12.0,69.07504
2025-02-07 05:00:00,85.0,94.96211
2025-02-07 06:00:00,329.0,130.3013
2025-02-07 07:00:00,435.0,182.9763
2025-02-07 08:00:00,291.0,230.05179
2025-02-07 09:00:00,252.0,305.27087
2025-02-07 10:00:00,306.0,346.63983
2025-02-07 11:00:00,311.0,384.05542
2025-02-07 12:00:00,310.0,396.6704
2025-02-07 13:00:00,348.0,441.11554
2025-02-07 14:00:00,365.0,443.52637
2025-02-07 15:00:00,436.0,422.96716
2025-02-07 16:00:00,589.0,402.9724
2025-02-07 17:00:00,620.0,375.58948
2025-02-07 18:00:00,397.0,339.1407
2025-02-07 19:00:00,243.0,296.57275
2025-02-07 20:00:00,156.0,239.53212
2025-02-07 21:00:00,119.0,192.92763
2025-02-07 22:00:00,122.0,148.43498
2025-02-07 23:00:00,84.0,109.42466
2025-02-08 00:00:00,54.0,58.89
2025-02-08 01:00:00,27.0,38.17256
2025-02-08 02:00:00,11.0,29.111572
2025-02-08 03:00:00,11.0,32.206863
2025-02-08 04:00:00,23.0,48.054474
2025-02-08 05:00:00,26.0,74.3114
2025-02-08 06:00:00,79.0,109.558136
2025-02-08 07:00:00,174.0,162.60298
2025-02-08 08:00:00,229.0,211.2403
2025-02-08 09:00:00,302.0,283.6131
2025-02-08 10:00:00,349.0,329.5751
2025-02-08 11:00:00,357.0,340.41672
2025-02-08 12:00:00,371.0,371.19232
2025-02-08 13:00:00,407.0,395.20184
2025-02-08 14:00:00,413.0,428.98108
2025-02-08 15:00:00,476.0,428.29623
2025-02-08 16:00:00,429.0,390.2663
2025-02-08 17:00:00,338.0,356.1408
2025-02-08 18:00:00,226.0,320.61667
2025-02-08 19:00:00,185.0,278.14117
2025-02-08 20:00:00,139.0,221.56287
2025-02-08 21:00:00,95.0,175.51315
2025-02-08 22:00:00,125.0,131.11298
2025-02-08 23:00:00,107.0,92.102646
2025-02-09 00:00:00,54.0,53.126007
2025-02-09 01:00:00,32.0,32.778442
2025-02-09 02:00:00,31.0,24.549637
2025-02-09 03:00:00,30.0,27.367538
2025-02-09 04:00:00,17.0,43.030212
2025-02-09 05:00:00,12.0,69.28714
2025-02-09 06:00:00,35.0,104.996185
2025-02-09 07:00:00,100.0,158.22595
2025-02-09 08:00:00,156.0,204.41983
2025-02-09 09:00:00,201.0,251.30171
2025-02-09 10:00:00,289.0,295.4245
2025-02-09 11:00:00,293.0,334.43488
2025-02-09 12:00:00,266.0,365.05847
2025-02-09 13:00:00,381.0,389.11746
2025-02-09 14:00:00,397.0,394.65195
2025-02-09 15:00:00,416.0,394.49536
2025-02-09 16:00:00,434.0,399.8231
2025-02-09 17:00:00,383.0,348.98987
2025-02-09 18:00:00,250.0,312.54108
2025-02-09 19:00:00,194.0,269.88065
2025-02-09 20:00:00,157.0,212.1928
2025-02-09 21:00:00,113.0,165.40337
2025-02-09 22:00:00,54.0,121.188126
2025-02-09 23:00:00,18.0,82.54765
2025-02-10 00:00:00,11.0,61.994522
2025-02-10 01:00:00,8.0,41.277084
2025-02-10 02:00:00,4.0,32.585953
2025-02-10 03:00:00,8.0,36.0511
2025-02-10 04:00:00,28.0,51.713776
2025-02-10 05:00:00,110.0,77.878235
2025-02-10 06:00:00,392.0,113.03251
2025-02-10 07:00:00,425.0,166.16983
2025-02-10 08:00:00,296.0,212.0863
2025-02-10 09:00:00,240.0,259.33804
2025-02-10 10:00:00,250.0,306.24115
2025-02-10 11:00:00,261.0,348.63608
2025-02-10 12:00:00,275.0,379.28625
2025-02-10 13:00:00,275.0,416.26556
2025-02-10 14:00:00,261.0,412.31372
2025-02-10 15:00:00,334.0,401.99704
2025-02-10 16:00:00,499.0,386.70425
2025-02-10 17:00:00,625.0,359.61517
2025-02-10 18:00:00,334.0,323.81366
2025-02-10 19:00:00,196.0,281.708
2025-02-10 20:00:00,148.0,224.66739
2025-02-10 21:00:00,96.0,177.78549
2025-02-10 22:00:00,63.0,133.2004
2025-02-10 23:00:00,27.0,94.92978
2025-02-11 00:00:00,14.0,65.72591
2025-02-11 01:00:00,14.0,34.50157
2025-02-11 02:00:00,11.0,36.564117
2025-02-11 03:00:00,7.0,40.02928
2025-02-11 04:00:00,29.0,55.72258
2025-02-11 05:00:00,93.0,81.7021
2025-02-11 06:00:00,378.0,116.94883
2025-02-11 07:00:00,483.0,170.1786
2025-02-11 08:00:00,325.0,216.37248
2025-02-11 09:00:00,242.0,241.6869
2025-02-11 10:00:00,236.0,307.28467
2025-02-11 11:00:00,281.0,346.47998
2025-02-11 12:00:00,260.0,378.02826
2025-02-11 13:00:00,269.0,398.83813
2025-02-11 14:00:00,339.0,407.6217
2025-02-11 15:00:00,397.0,381.9395
2025-02-11 16:00:00,510.0,388.49393
2025-02-11 17:00:00,693.0,362.6993
2025-02-11 18:00:00,383.0,327.05212
2025-02-11 19:00:00,213.0,262.76126
2025-02-11 20:00:00,141.0,216.75171
2025-02-11 21:00:00,82.0,169.96167
2025-02-11 22:00:00,76.0,125.93134
2025-02-11 23:00:00,28.0,87.60013
2025-02-12 00:00:00,21.0,75.05185
2025-02-12 01:00:00,10.0,54.734894
2025-02-12 02:00:00,7.0,45.85884
2025-02-12 03:00:00,10.0,49.231537
2025-02-12 04:00:00,17.0,64.709274
2025-02-12 05:00:00,101.0,91.52098
2025-02-12 06:00:00,380.0,115.76725
2025-02-12 07:00:00,461.0,179.62762
2025-02-12 08:00:00,308.0,225.17426
2025-02-12 09:00:00,273.0,279.9866
2025-02-12 10:00:00,268.0,319.53052
2025-02-12 11:00:00,295.0,362.40424
2025-02-12 12:00:00,319.0,394.48077
2025-02-12 13:00:00,355.0,408.9344
2025-02-12 14:00:00,342.0,417.87225
2025-02-12 15:00:00,320.0,414.43774
2025-02-12 16:00:00,507.0,399.2374
2025-02-12 17:00:00,610.0,349.8388
2025-02-12 18:00:00,390.0,313.5756
2025-02-12 19:00:00,241.0,271.5312
2025-02-12 20:00:00,132.0,236.15283
2025-02-12 21:00:00,120.0,189.39403
2025-02-12 22:00:00,67.0,135.0105
2025-02-12 23:00:00,48.0,106.44584
2025-02-13 00:00:00,23.0,84.59784
2025-02-13 01:00:00,13.0,64.06535
2025-02-13 02:00:00,10.0,54.91191
2025-02-13 03:00:00,10.0,58.654465
2025-02-13 04:00:00,27.0,73.57741
2025-02-13 05:00:00,94.0,99.92679
2025-02-13 06:00:00,362.0,135.26599
2025-02-13 07:00:00,454.0,188.58823
2025-02-13 08:00:00,317.0,213.2123
2025-02-13 09:00:00,251.0,259.8174
2025-02-13 10:00:00,263.0,304.95978
2025-02-13 11:00:00,260.0,344.3744
2025-02-13 12:00:00,291.0,373.88718
2025-02-13 13:00:00,304.0,393.28137
2025-02-13 14:00:00,329.0,400.70798
2025-02-13 15:00:00,323.0,396.00958
2025-02-13 16:00:00,529.0,379.3267
2025-02-13 17:00:00,655.0,374.5134
2025-02-13 18:00:00,386.0,338.83496
2025-02-13 19:00:00,230.0,274.8846
2025-02-13 20:00:00,143.0,227.73299
2025-02-13 21:00:00,104.0,192.25201
2025-02-13 22:00:00,102.0,148.31415
2025-02-13 23:00:00,53.0,110.04354
2025-02-14 00:00:00,18.0,82.74457
2025-02-14 01:00:00,16.0,51.304703
2025-02-14 02:00:00,12.0,42.335556
2025-02-14 03:00:00,7.0,56.770554
2025-02-14 04:00:00,29.0,61.15538
2025-02-14 05:00:00,86.0,97.79611
2025-02-14 06:00:00,345.0,132.73486
2025-02-14 07:00:00,357.0,185.53293
2025-02-14 08:00:00,276.0,231.07954
2025-02-14 09:00:00,270.0,277.4991
2025-02-14 10:00:00,242.0,321.34448
2025-02-14 11:00:00,274.0,359.985
2025-02-14 12:00:00,288.0,390.60864
2025-02-14 13:00:00,293.0,410.9562
2025-02-14 14:00:00,307.0,419.55487
2025-02-14 15:00:00,399.0,415.99725
2025-02-14 16:00:00,625.0,400.5195
2025-02-14 17:00:00,589.0,374.17017
2025-02-14 18:00:00,404.0,338.83093
2025-02-14 19:00:00,245.0,296.81775
2025-02-14 20:00:00,146.0,239.68468
2025-02-14 21:00:00,134.0,193.08018
2025-02-14 22:00:00,126.0,149.14233
2025-02-14 23:00:00,77.0,110.40939
2025-02-15 00:00:00,56.0,59.978867
2025-02-15 01:00:00,32.0,39.26143
2025-02-15 02:00:00,22.0,30.200455
2025-02-15 03:00:00,11.0,33.85054
2025-02-15 04:00:00,12.0,49.143356
2025-02-15 05:00:00,39.0,74.75302
2025-02-15 06:00:00,75.0,109.53744
2025-02-15 07:00:00,171.0,164.85728
2025-02-15 08:00:00,257.0,237.34772
2025-02-15 09:00:00,366.0,284.32205
2025-02-15 10:00:00,429.0,329.18457
2025-02-15 11:00:00,437.0,359.9665
2025-02-15 12:00:00,393.0,390.8675
2025-02-15 13:00:00,385.0,391.4432
2025-02-15 14:00:00,371.0,424.3573
2025-02-15 15:00:00,425.0,425.87146
2025-02-15 16:00:00,472.0,401.4851
2025-02-15 17:00:00,438.0,354.82562
2025-02-15 18:00:00,303.0,319.209
2025-02-15 19:00:00,252.0,277.38074
2025-02-15 20:00:00,180.0,220.1552
2025-02-15 21:00:00,273.0,173.36578
2025-02-15 22:00:00,149.0,128.78069
2025-02-15 23:00:00,115.0,89.95529
2025-02-16 00:00:00,91.0,51.267
2025-02-16 01:00:00,53.0,31.196838
2025-02-16 02:00:00,34.0,22.783081
2025-02-16 03:00:00,34.0,26.063309
2025-02-16 04:00:00,14.0,41.448593
2025-02-16 05:00:00,22.0,67.61305
2025-02-16 06:00:00,39.0,103.044716
2025-02-16 07:00:00,92.0,156.182
2025-02-16 08:00:00,138.0,202.28343
2025-02-16 09:00:00,232.0,249.16531
2025-02-16 10:00:00,282.0,293.47302
2025-02-16 11:00:00,326.0,332.76077
2025-02-16 12:00:00,343.0,363.77075
2025-02-16 13:00:00,378.0,385.73965
2025-02-16 14:00:00,415.0,393.6416
2025-02-16 15:00:00,417.0,390.63876
2025-02-16 16:00:00,460.0,374.77472
2025-02-16 17:00:00,436.0,348.14795
2025-02-16 18:00:00,300.0,312.4389
2025-02-16 19:00:00,238.0,270.7031
2025-02-16 20:00:00,180.0,213.57
2025-02-16 21:00:00,142.0,167.05798
2025-02-16 22:00:00,75.0,123.12013
2025-02-16 23:00:00,41.0,84.47966
2025-02-17 00:00:00,18.0,63.936783
2025-02-17 01:00:00,13.0,43.589188
2025-02-17 02:00:00,10.0,34.805603
2025-02-17 03:00:00,9.0,38.178284
2025-02-17 04:00:00,20.0,53.378647
2025-02-17 05:00:00,116.0,79.543106
2025-02-17 06:00:00,408.0,114.789856
2025-02-17 07:00:00,444.0,168.01962
2025-02-17 08:00:00,302.0,213.9361
2025-02-17 09:00:00,229.0,260.63306
2025-02-17 10:00:00,258.0,304.8483
2025-02-17 11:00:00,256.0,343.58127
2025-02-17 12:00:00,285.0,374.38983
2025-02-17 13:00:00,300.0,394.82986
2025-02-17 14:00:00,256.0,403.52097
2025-02-17 15:00:00,322.0,400.05582
2025-02-17 16:00:00,533.0,384.76303
2025-02-17 17:00:00,647.0,358.41367
2025-02-17 18:00:00,390.0,322.88953
2025-02-17 19:00:00,198.0,280.6914
2025-02-17 20:00:00,126.0,223.55833
2025-02-17 21:00:00,104.0,176.95384
2025-02-17 22:00:00,68.0,132.92352
2025-02-17 23:00:00,40.0,94.37552
2025-02-18 00:00:00,17.0,64.99628
2025-02-18 01:00:00,8.0,44.648666
2025-02-18 02:00:00,4.0,35.86508
2025-02-18 03:00:00,7.0,39.330246
2025-02-18 04:00:00,18.0,54.530594
2025-02-18 05:00:00,95.0,80.69507
2025-02-18 06:00:00,377.0,116.034256
2025-02-18 07:00:00,502.0,169.26402
2025-02-18 08:00:00,313.0,215.08804
2025-02-18 09:00:00,291.0,261.785
2025-02-18 10:00:00,256.0,306.00024
2025-02-18 11:00:00,273.0,344.64075
2025-02-18 12:00:00,258.0,375.2644
2025-02-18 13:00:00,326.0,395.88934
2025-02-18 14:00:00,353.0,404.85785
2025-02-18 15:00:00,385.0,401.3927
2025-02-18 16:00:00,545.0,386.28485
2025-02-18 17:00:00,707.0,359.9355
2025-02-18 18:00:00,405.0,324.2264
2025-02-18 19:00:00,204.0,282.12076
2025-02-18 20:00:00,164.0,224.98767
2025-02-18 21:00:00,127.0,178.47565
2025-02-18 22:00:00,84.0,134.35286
2025-02-18 23:00:00,35.0,95.712395
2025-02-19 00:00:00,22.0,72.697296
2025-02-19 01:00:00,13.0,52.3497
2025-02-19 02:00:00,11.0,42.918884
2025-02-19 03:00:00,8.0,46.01419
2025-02-19 04:00:00,18.0,61.214554
2025-02-19 05:00:00,92.0,87.37898
2025-02-19 06:00:00,365.0,122.81064
2025-02-19 07:00:00,452.0,175.94797
2025-02-19 08:00:00,313.0,221.77197
2025-02-19 09:00:00,265.0,268.65384
2025-02-19 10:00:00,266.0,313.05405
2025-02-19 11:00:00,309.0,351.97192
2025-02-19 12:00:00,298.0,404.54355
2025-02-19 13:00:00,328.0,433.5489
2025-02-19 14:00:00,366.0,443.07214
2025-02-19 15:00:00,402.0,440.4227
2025-02-19 16:00:00,535.0,396.40637
2025-02-19 17:00:00,665.0,369.3933
2025-02-19 18:00:00,396.0,333.037
2025-02-19 19:00:00,250.0,290.5615
2025-02-19 20:00:00,140.0,233.24348
2025-02-19 21:00:00,101.0,186.54654
2025-02-19 22:00:00,89.0,142.23882
2025-02-19 23:00:00,41.0,103.59836
2025-02-20 00:00:00,17.0,81.481064
2025-02-20 01:00:00,19.0,60.948578
2025-02-20 02:00:00,12.0,52.257446
2025-02-20 03:00:00,11.0,55.630142
2025-02-20 04:00:00,21.0,71.10788
2025-02-20 05:00:00,111.0,97.54973
2025-02-20 06:00:00,384.0,133.25879
2025-02-20 07:00:00,429.0,186.39609
2025-02-20 08:00:00,323.0,232.77489
2025-02-20 09:00:00,255.0,279.5643
2025-02-20 10:00:00,316.0,324.1494
2025-02-20 11:00:00,276.0,363.34467
2025-02-20 12:00:00,292.0,394.89294
2025-02-20 13:00:00,305.0,417.50912
2025-02-20 14:00:00,314.0,426.44464
2025-02-20 15:00:00,418.0,423.3329
2025-02-20 16:00:00,553.0,411.64252
2025-02-20 17:00:00,701.0,382.153
2025-02-20 18:00:00,409.0,345.057
2025-02-20 19:00:00,211.0,302.30414
2025-02-20 20:00:00,176.0,244.89365
2025-02-20 21:00:00,134.0,198.01176
2025-02-20 22:00:00,92.0,153.51913
2025-02-20 23:00:00,64.0,115.06358
2025-02-21 00:00:00,14.0,86.939835
2025-02-21 01:00:00,14.0,66.49979
2025-02-21 02:00:00,8.0,57.7162
2025-02-21 03:00:00,9.0,60.811493
2025-02-21 04:00:00,22.0,75.73445
2025-02-21 05:00:00,97.0,101.80645
2025-02-21 06:00:00,346.0,136.86826
2025-02-21 07:00:00,426.0,190.19049
2025-02-21 08:00:00,314.0,238.99625
2025-02-21 09:00:00,280.0,310.28604
2025-02-21 10:00:00,288.0,358.54956
2025-02-21 11:00:00,304.0,398.20715
2025-02-21 12:00:00,312.0,429.94037
2025-02-21 13:00:00,377.0,451.39752
2025-02-21 14:00:00,351.0,461.38312
2025-02-21 15:00:00,489.0,458.75012
2025-02-21 16:00:00,671.0,439.77887
2025-02-21 17:00:00,627.0,386.7796
2025-02-21 18:00:00,440.0,349.6836
2025-02-21 19:00:00,307.0,307.6704
2025-02-21 20:00:00,185.0,249.61269
2025-02-21 21:00:00,163.0,202.7308
2025-02-21 22:00:00,120.0,158.42308
2025-02-21 23:00:00,101.0,119.69015
2025-02-22 00:00:00,62.0,69.543686
2025-02-22 01:00:00,32.0,49.19609
2025-02-22 02:00:00,25.0,39.950195
2025-02-22 03:00:00,18.0,42.583176
2025-02-22 04:00:00,12.0,57.691055
2025-02-22 05:00:00,47.0,83.67058
2025-02-22 06:00:00,106.0,118.455
2025-02-22 07:00:00,215.0,171.68478
2025-02-22 08:00:00,277.0,218.34097
2025-02-22 09:00:00,364.0,266.51733
2025-02-22 10:00:00,371.0,311.56476
2025-02-22 11:00:00,376.0,379.23273
2025-02-22 12:00:00,404.0,412.54422
2025-02-22 13:00:00,413.0,414.04456
2025-02-22 14:00:00,443.0,435.6496
2025-02-22 15:00:00,467.0,415.38425
2025-02-22 16:00:00,477.0,395.8253
2025-02-22 17:00:00,431.0,368.4588
2025-02-22 18:00:00,317.0,331.27032
2025-02-22 19:00:00,227.0,288.7024
2025-02-22 20:00:00,164.0,231.38437
2025-02-22 21:00:00,132.0,184.2251
2025-02-22 22:00:00,130.0,139.82492
2025-02-22 23:00:00,127.0,101.36937
2025-02-23 00:00:00,64.0,62.594574
2025-02-23 01:00:00,39.0,42.154526
2025-02-23 02:00:00,24.0,33.7408
2025-02-23 03:00:00,27.0,37.39087
2025-02-23 04:00:00,22.0,52.313843
2025-02-23 05:00:00,25.0,78.015976
2025-02-23 06:00:00,54.0,112.98532
2025-02-23 07:00:00,92.0,165.9377
2025-02-23 08:00:00,148.0,212.3165
2025-02-23 09:00:00,207.0,258.921
2025-02-23 10:00:00,300.0,303.2287
2025-02-23 11:00:00,327.0,341.59183
2025-02-23 12:00:00,311.0,373.23254
2025-02-23 13:00:00,347.0,394.4123
2025-02-23 14:00:00,350.0,402.98035
2025-02-23 15:00:00,408.0,399.42273
2025-02-23 16:00:00,438.0,361.5736
2025-02-23 17:00:00,364.0,357.07147
2025-02-23 18:00:00,305.0,321.6398
2025-02-23 19:00:00,217.0,279.16428
2025-02-23 20:00:00,174.0,222.21613
2025-02-23 21:00:00,128.0,175.33424
2025-02-23 22:00:00,68.0,131.30392
2025-02-23 23:00:00,29.0,91.83128
2025-02-24 00:00:00,21.0,70.36897
2025-02-24 01:00:00,5.0,49.744003
2025-02-24 02:00:00,5.0,40.498093
2025-02-24 03:00:00,10.0,43.963257
2025-02-24 04:00:00,18.0,59.256073
2025-02-24 05:00:00,111.0,85.512985
2025-02-24 06:00:00,333.0,120.667274
2025-02-24 07:00:00,417.0,174.45181
2025-02-24 08:00:00,266.0,221.01555
2025-02-24 09:00:00,253.0,268.28375
2025-02-24 10:00:00,265.0,315.99252
2025-02-24 11:00:00,295.0,352.60245
2025-02-24 12:00:00,257.0,383.87335
2025-02-24 13:00:00,305.0,404.4983
2025-02-24 14:00:00,309.0,413.65173
2025-02-24 15:00:00,314.0,410.09412
2025-02-24 16:00:00,482.0,394.8013
2025-02-24 17:00:00,655.0,367.89716
2025-02-24 18:00:00,358.0,332.00317
2025-02-24 19:00:00,175.0,289.80505
2025-02-24 20:00:00,150.0,232.39459
2025-02-24 21:00:00,102.0,185.32779
2025-02-24 22:00:00,70.0,141.29745
2025-02-24 23:00:00,26.0,102.3796
2025-02-25 00:00:00,18.0,73.00482
2025-02-25 01:00:00,10.0,53.21202
2025-02-25 02:00:00,5.0,44.520905
2025-02-25 03:00:00,9.0,47.708664
2025-02-25 04:00:00,22.0,62.816574
2025-02-25 05:00:00,99.0,89.25842
2025-02-25 06:00:00,344.0,124.87501
2025-02-25 07:00:00,400.0,177.45752
2025-02-25 08:00:00,318.0,223.92879
2025-02-25 09:00:00,269.0,270.81067
2025-02-25 10:00:00,286.0,315.39578
2025-02-25 11:00:00,289.0,354.40613
2025-02-25 12:00:00,271.0,385.4921
2025-02-25 13:00:00,307.0,405.93213
2025-02-25 14:00:00,346.0,414.43832
2025-02-25 15:00:00,355.0,410.78824
2025-02-25 16:00:00,516.0,397.1662
2025-02-25 17:00:00,617.0,373.26025
2025-02-25 18:00:00,400.0,333.06714
2025-02-25 19:00:00,217.0,290.31427
2025-02-25 20:00:00,142.0,233.82841
2025-02-25 21:00:00,89.0,187.039
2025-02-25 22:00:00,88.0,142.63882
2025-02-25 23:00:00,38.0,103.443565
2025-02-26 00:00:00,11.0,80.06238
2025-02-26 01:00:00,16.0,60.454514
2025-02-26 02:00:00,10.0,51.485992
2025-02-26 03:00:00,8.0,54.396378
2025-02-26 04:00:00,13.0,69.59671
2025-02-26 05:00:00,86.0,95.9461
2025-02-26 06:00:00,337.0,131.16222
2025-02-26 07:00:00,366.0,184.1452
2025-02-26 08:00:00,278.0,229.96922
2025-02-26 09:00:00,257.0,254.01868
2025-02-26 10:00:00,256.0,297.89594
2025-02-26 11:00:00,252.0,336.01102
2025-02-26 12:00:00,277.0,366.72714
2025-02-26 13:00:00,310.0,387.13593
2025-02-26 14:00:00,310.0,396.04254
2025-02-26 15:00:00,344.0,414.79443
2025-02-26 16:00:00,539.0,377.00723
2025-02-26 17:00:00,550.0,372.59753
2025-02-26 18:00:00,372.0,337.35077
2025-02-26 19:00:00,221.0,294.96774
2025-02-26 20:00:00,143.0,237.74219
2025-02-26 21:00:00,96.0,190.58292
2025-02-26 22:00:00,60.0,146.09027
2025-02-26 23:00:00,44.0,106.43271
2025-02-27 00:00:00,12.0,84.59584
2025-02-27 01:00:00,11.0,63.878418
2025-02-27 02:00:00,7.0,54.72496
2025-02-27 03:00:00,23.0,58.467514
2025-02-27 04:00:00,21.0,73.57541
2025-02-27 05:00:00,84.0,99.554924
2025-02-27 06:00:00,292.0,135.35645
2025-02-27 07:00:00,309.0,189.51086
2025-02-27 08:00:00,264.0,236.07458
2025-02-27 09:00:00,223.0,259.9691
2025-02-27 10:00:00,260.0,304.0019
2025-02-27 11:00:00,294.0,364.20972
2025-02-27 12:00:00,282.0,372.52444
2025-02-27 13:00:00,263.0,415.08847
2025-02-27 14:00:00,244.0,424.365
2025-02-27 15:00:00,245.0,421.4546
2025-02-27 16:00:00,427.0,406.25427
2025-02-27 17:00:00,498.0,380.29123
2025-02-27 18:00:00,304.0,344.0109
2025-02-27 19:00:00,172.0,301.90527
2025-02-27 20:00:00,132.0,245.14204
2025-02-27 21:00:00,100.0,198.53755
2025-02-27 22:00:00,57.0,154.0449
2025-02-27 23:00:00,74.0,115.40443
2025-02-28 00:00:00,27.0,88.485
2025-02-28 01:00:00,18.0,68.04497
2025-02-28 02:00:00,17.0,58.891525
2025-02-28 03:00:00,19.0,62.541595
2025-02-28 04:00:00,20.0,77.74196
2025-02-28 05:00:00,92.0,103.62901
2025-02-28 06:00:00,275.0,139.33807
2025-02-28 07:00:00,271.0,192.56784
2025-02-28 08:00:00,279.0,239.03911
2025-02-28 09:00:00,244.0,286.10593
2025-02-28 10:00:00,282.0,330.41364
2025-02-28 11:00:00,325.0,369.51645
2025-02-28 12:00:00,289.0,400.50995
2025-02-28 13:00:00,355.0,421.9076
2025-02-28 14:00:00,412.0,430.3808
2025-02-28 15:00:00,471.0,426.7307
2025-02-28 16:00:00,534.0,411.253
2025-02-28 17:00:00,543.0,384.62622
2025-02-28 18:00:00,381.0,348.91718
2025-02-28 19:00:00,235.0,306.44168
2025-02-28 20:00:00,170.0,249.3086
2025-02-28 21:00:00,137.0,202.88902
2025-02-28 22:00:00,103.0,158.48885
2025-02-28 23:00:00,86.0,119.47852
2025-11-01 00:00:00,65.0,53.371964
2025-11-01 01:00:00,52.0,32.192245
2025-11-01 02:00:00,42.0,23.223724
2025-11-01 03:00:00,53.0,26.411484
2025-11-01 04:00:00,37.0,41.51938
2025-11-01 05:00:00,34.0,68.053696
2025-11-01 06:00:00,67.0,103.20796
2025-11-01 07:00:00,122.0,156.34528
2025-11-01 08:00:00,212.0,202.72408
2025-11-01 09:00:00,340.0,249.51349
2025-11-01 10:00:00,339.0,294.19104
2025-11-01 11:00:00,376.0,333.38632
2025-11-01 12:00:00,326.0,365.58185
2025-11-01 13:00:00,444.0,386.66916
2025-11-01 14:00:00,412.0,395.17532
2025-11-01 15:00:00,454.0,392.1725
2025-11-01 16:00:00,447.0,377.1571
2025-11-01 17:00:00,416.0,349.88306
2025-11-01 18:00:00,244.0,314.91373
2025-11-01 19:00:00,165.0,250.8072
2025-11-01 20:00:00,121.0,215.39761
2025-11-01 21:00:00,103.0,168.6082
2025-11-01 22:00:00,127.0,124.39296
2025-11-01 23:00:00,143.0,85.93741
2025-11-02 00:00:00,71.0,60.37561
2025-11-02 01:00:00,44.0,40.521606
2025-11-02 02:00:00,26.0,42.15242
2025-11-02 03:00:00,20.0,36.03972
2025-11-02 04:00:00,17.0,50.281677
2025-11-02 05:00:00,11.0,76.16875
2025-11-02 06:00:00,33.0,112.43698
2025-11-02 07:00:00,80.0,153.61609
2025-11-02 08:00:00,118.0,198.97592
2025-11-02 09:00:00,222.0,245.51855
2025-11-02 10:00:00,303.0,289.02283
2025-11-02 11:00:00,320.0,328.65167
2025-11-02 12:00:00,278.0,358.90674
2025-11-02 13:00:00,312.0,378.32904
2025-11-02 14:00:00,317.0,386.09302
2025-11-02 15:00:00,344.0,382.69098
2025-11-02 16:00:00,355.0,366.6878
2025-11-02 17:00:00,279.0,362.185
2025-11-02 18:00:00,230.0,327.03073
2025-11-02 19:00:00,176.0,262.61557
2025-11-02 20:00:00,149.0,217.3782
2025-11-02 21:00:00,104.0,170.58817
2025-11-02 22:00:00,73.0,137.1572
2025-11-02 23:00:00,37.0,98.516716
2025-11-03 00:00:00,17.0,77.19937
2025-11-03 01:00:00,15.0,46.284943
2025-11-03 02:00:00,7.0,47.328506
2025-11-03 03:00:00,17.0,50.978592
2025-11-03 04:00:00,26.0,66.36388
2025-11-03 05:00:00,130.0,92.06601
2025-11-03 06:00:00,443.0,126.85043
2025-11-03 07:00:00,475.0,184.44528
2025-11-03 08:00:00,310.0,254.02353
2025-11-03 09:00:00,254.0,277.59058
2025-11-03 10:00:00,249.0,343.275
2025-11-03 11:00:00,278.0,360.08652
2025-11-03 12:00:00,272.0,411.3307
2025-11-03 13:00:00,307.0,438.09402
2025-11-03 14:00:00,327.0,447.94415
2025-11-03 15:00:00,347.0,444.479
2025-11-03 16:00:00,543.0,403.65225
2025-11-03 17:00:00,615.0,371.67627
2025-11-03 18:00:00,390.0,334.67273
2025-11-03 19:00:00,223.0,293.21432
2025-11-03 20:00:00,172.0,235.15662
2025-11-03 21:00:00,90.0,188.8295
2025-11-03 22:00:00,31.0,144.05948
2025-11-03 23:00:00,28.0,104.771736
2025-11-04 00:00:00,6.0,75.36224
2025-11-04 01:00:00,6.0,55.66191
2025-11-04 02:00:00,10.0,46.13861
2025-11-04 03:00:00,5.0,49.141434
2025-11-04 04:00:00,24.0,64.06441
2025-11-04 05:00:00,127.0,90.1364
2025-11-04 06:00:00,365.0,125.19821
2025-11-04 07:00:00,504.0,182.54219
2025-11-04 08:00:00,341.0,254.08508
2025-11-04 09:00:00,299.0,302.3869
2025-11-04 10:00:00,282.0,347.52676
2025-11-04 11:00:00,297.0,387.27682
2025-11-04 12:00:00,257.0,418.6402
2025-11-04 13:00:00,304.0,440.00488
2025-11-04 14:00:00,320.0,449.34323
2025-11-04 15:00:00,441.0,446.063
2025-11-04 16:00:00,550.0,403.30457
2025-11-04 17:00:00,656.0,371.78085
2025-11-04 18:00:00,380.0,336.6266
2025-11-04 19:00:00,240.0,294.42847
2025-11-04 20:00:00,185.0,236.18584
2025-11-04 21:00:00,102.0,189.11902
2025-11-04 22:00:00,87.0,144.62637
2025-11-04 23:00:00,27.0,106.078354
2025-11-05 00:00:00,11.0,82.20546
2025-11-05 01:00:00,6.0,61.765427
2025-11-05 02:00:00,7.0,52.33458
2025-11-05 03:00:00,4.0,56.1696
2025-11-05 04:00:00,23.0,71.73981
2025-11-05 05:00:00,117.0,97.257
2025-11-05 06:00:00,435.0,132.41129
2025-11-05 07:00:00,479.0,189.4614
2025-11-05 08:00:00,287.0,260.7269
2025-11-05 09:00:00,264.0,309.87738
2025-11-05 10:00:00,301.0,354.6474
2025-11-05 11:00:00,345.0,394.39746
2025-11-05 12:00:00,341.0,425.85327
2025-11-05 13:00:00,331.0,447.1255
2025-11-05 14:00:00,341.0,456.46384
2025-11-05 15:00:00,410.0,452.90622
2025-11-05 16:00:00,589.0,409.57654
2025-11-05 17:00:00,741.0,379.2713
2025-11-05 18:00:00,442.0,343.00748
2025-11-05 19:00:00,266.0,300.06967
2025-11-05 20:00:00,171.0,242.84412
2025-11-05 21:00:00,139.0,195.77731
2025-11-05 22:00:00,94.0,151.09975
2025-11-05 23:00:00,44.0,112.45928
2025-11-06 00:00:00,10.0,89.581406
2025-11-06 01:00:00,6.0,69.69615
2025-11-06 02:00:00,7.0,60.727646
2025-11-06 03:00:00,3.0,63.268158
2025-11-06 04:00:00,17.0,79.11575
2025-11-06 05:00:00,127.0,105.095276
2025-11-06 06:00:00,443.0,139.78723
2025-11-06 07:00:00,451.0,193.5718
2025-11-06 08:00:00,345.0,239.58073
2025-11-06 09:00:00,276.0,286.55508
2025-11-06 10:00:00,303.0,330.95526
2025-11-06 11:00:00,332.0,370.1505
2025-11-06 12:00:00,279.0,400.9591
2025-11-06 13:00:00,340.0,421.3067
2025-11-06 14:00:00,371.0,436.0437
2025-11-06 15:00:00,422.0,434.4507
2025-11-06 16:00:00,634.0,410.68506
2025-11-06 17:00:00,667.0,383.41104
2025-11-06 18:00:00,448.0,348.25677
2025-11-06 19:00:00,239.0,306.05865
2025-11-06 20:00:00,172.0,249.48038
2025-11-06 21:00:00,120.0,203.15326
2025-11-06 22:00:00,103.0,158.66063
2025-11-06 23:00:00,47.0,120.02015
2025-11-07 00:00:00,20.0,92.62013
2025-11-07 01:00:00,8.0,72.27257
2025-11-07 02:00:00,5.0,63.30406
2025-11-07 03:00:00,6.0,66.95415
2025-11-07 04:00:00,17.0,82.33942
2025-11-07 05:00:00,112.0,108.22647
2025-11-07 06:00:00,414.0,143.28828
2025-11-07 07:00:00,497.0,196.33313
2025-11-07 08:00:00,298.0,242.43454
2025-11-07 09:00:00,297.0,289.31644
2025-11-07 10:00:00,347.0,333.4392
2025-11-07 11:00:00,350.0,372.44955
2025-11-07 12:00:00,358.0,403.5355
2025-11-07 13:00:00,373.0,423.97552
2025-11-07 14:00:00,359.0,432.7591
2025-11-07 15:00:00,473.0,429.86523
2025-11-07 16:00:00,615.0,413.9087
2025-11-07 17:00:00,631.0,387.18948
2025-11-07 18:00:00,415.0,351.7578
2025-11-07 19:00:00,308.0,309.74466
2025-11-07 20:00:00,181.0,252.42664
2025-11-07 21:00:00,141.0,206.192
2025-11-07 22:00:00,143.0,161.6069
2025-11-07 23:00:00,127.0,123.05888
2025-11-08 00:00:00,67.0,72.06932
2025-11-08 01:00:00,31.0,51.721756
2025-11-08 02:00:00,15.0,42.753235
2025-11-08 03:00:00,16.0,46.218384
2025-11-08 04:00:00,18.0,61.32628
2025-11-08 05:00:00,49.0,87.39827
2025-11-08 06:00:00,106.0,122.645004
2025-11-08 07:00:00,174.0,175.78232
2025-11-08 08:00:00,312.0,221.60634
2025-11-08 09:00:00,451.0,268.11835
2025-11-08 10:00:00,528.0,312.14868
2025-11-08 11:00:00,451.0,351.15903
2025-11-08 12:00:00,453.0,382.06006
2025-11-08 13:00:00,511.0,402.77747
2025-11-08 14:00:00,495.0,412.02338
2025-11-08 15:00:00,469.0,408.55823
2025-11-08 16:00:00,519.0,392.89557
2025-11-08 17:00:00,439.0,366.45374
2025-11-08 18:00:00,314.0,330.83716
2025-11-08 19:00:00,183.0,288.54657
2025-11-08 20:00:00,142.0,231.04364
2025-11-08 21:00:00,146.0,184.71655
2025-11-08 22:00:00,149.0,140.96361
2025-11-08 23:00:00,132.0,102.50808
2025-11-09 00:00:00,70.0,63.727554
2025-11-09 01:00:00,61.0,43.657364
2025-11-09 02:00:00,35.0,35.243637
2025-11-09 03:00:00,27.0,38.98619
2025-11-09 04:00:00,19.0,54.371445
2025-11-09 05:00:00,14.0,80.720856
2025-11-09 06:00:00,38.0,116.15252
2025-11-09 07:00:00,60.0,169.8446
2025-11-09 08:00:00,119.0,216.2234
2025-11-09 09:00:00,278.0,263.1053
2025-11-09 10:00:00,328.0,307.50546
2025-11-09 11:00:00,381.0,346.5158
2025-11-09 12:00:00,343.0,377.5093
2025-11-09 13:00:00,381.0,398.13428
2025-11-09 14:00:00,413.0,407.19525
2025-11-09 15:00:00,438.0,403.54517
2025-11-09 16:00:00,434.0,388.06744
2025-11-09 17:00:00,394.0,361.25574
2025-11-09 18:00:00,256.0,325.08435
2025-11-09 19:00:00,173.0,283.34857
2025-11-09 20:00:00,170.0,226.49289
2025-11-09 21:00:00,149.0,179.85779
2025-11-09 22:00:00,59.0,135.76561
2025-11-09 23:00:00,39.0,96.84775
2025-11-10 00:00:00,23.0,75.0152
2025-11-10 01:00:00,7.0,55.407333
2025-11-10 02:00:00,13.0,46.99359
2025-11-10 03:00:00,9.0,49.81151
2025-11-10 04:00:00,19.0,65.104324
2025-11-10 05:00:00,132.0,91.26878
2025-11-10 06:00:00,437.0,126.515526
2025-11-10 07:00:00,484.0,179.7453
2025-11-10 08:00:00,349.0,225.19946
2025-11-10 09:00:00,229.0,271.80396
2025-11-10 10:00:00,298.0,316.2041
2025-11-10 11:00:00,273.0,355.122
2025-11-10 12:00:00,263.0,385.6532
2025-11-10 13:00:00,330.0,406.09326
2025-11-10 14:00:00,279.0,414.87683
2025-11-10 15:00:00,335.0,411.3192
2025-11-10 16:00:00,512.0,395.74902
2025-11-10 17:00:00,603.0,369.2147
2025-11-10 18:00:00,377.0,333.41315
2025-11-10 19:00:00,189.0,290.8452
2025-11-10 20:00:00,154.0,233.71213
2025-11-10 21:00:00,119.0,186.92271
2025-11-10 22:00:00,74.0,142.8924
2025-11-10 23:00:00,38.0,103.88204
2025-11-11 00:00:00,9.0,74.9747
2025-11-11 01:00:00,10.0,55.366837
2025-11-11 02:00:00,8.0,46.49077
2025-11-11 03:00:00,9.0,50.048416
2025-11-11 04:00:00,28.0,65.24875
2025-11-11 05:00:00,111.0,91.41321
2025-11-11 06:00:00,441.0,126.19763
2025-11-11 07:00:00,464.0,178.78015
2025-11-11 08:00:00,349.0,248.48384
2025-11-11 09:00:00,301.0,302.6466
2025-11-11 10:00:00,319.0,347.7865
2025-11-11 11:00:00,273.0,387.35162
2025-11-11 12:00:00,263.0,418.80743
2025-11-11 13:00:00,312.0,439.61734
2025-11-11 14:00:00,307.0,448.9557
2025-11-11 15:00:00,351.0,436.89224
2025-11-11 16:00:00,459.0,399.59198
2025-11-11 17:00:00,521.0,372.31796
2025-11-11 18:00:00,347.0,336.6089
2025-11-11 19:00:00,244.0,294.04095
2025-11-11 20:00:00,145.0,236.07568
2025-11-11 21:00:00,94.0,188.91641
2025-11-11 22:00:00,66.0,144.79362
2025-11-11 23:00:00,53.0,105.505905
2025-11-12 00:00:00,17.0,81.85802
2025-11-12 01:00:00,10.0,61.14058
2025-11-12 02:00:00,3.0,52.172073
2025-11-12 03:00:00,10.0,55.72969
2025-11-12 04:00:00,19.0,70.83757
2025-11-12 05:00:00,115.0,96.72463
2025-11-12 06:00:00,422.0,131.8789
2025-11-12 07:00:00,463.0,185.20114
2025-11-12 08:00:00,313.0,256.853
2025-11-12 09:00:00,292.0,308.97516
2025-11-12 10:00:00,276.0,354.48486
2025-11-12 11:00:00,318.0,393.86505
2025-11-12 12:00:00,348.0,425.50583
2025-11-12 13:00:00,338.0,446.40814
2025-11-12 14:00:00,307.0,449.68414
2025-11-12 15:00:00,381.0,422.9701
2025-11-12 16:00:00,580.0,406.29034
2025-11-12 17:00:00,691.0,378.9239
2025-11-12 18:00:00,456.0,343.86206
2025-11-12 19:00:00,249.0,300.73932
2025-11-12 20:00:00,173.0,244.06856
2025-11-12 21:00:00,120.0,197.55653
2025-11-12 22:00:00,115.0,153.34128
2025-11-12 23:00:00,27.0,113.59124
2025-11-13 00:00:00,6.0,90.938644
2025-11-13 01:00:00,9.0,70.591064
2025-11-13 02:00:00,4.0,62.639664
2025-11-13 03:00:00,9.0,65.91989
2025-11-13 04:00:00,23.0,80.842834
2025-11-13 05:00:00,137.0,107.37715
2025-11-13 06:00:00,401.0,142.62389
2025-11-13 07:00:00,535.0,196.03859
2025-11-13 08:00:00,359.0,242.87971
2025-11-13 09:00:00,302.0,311.47522
2025-11-13 10:00:00,299.0,364.44067
2025-11-13 11:00:00,307.0,405.7196
2025-11-13 12:00:00,343.0,437.08295
2025-11-13 13:00:00,339.0,458.44766
2025-11-13 14:00:00,398.0,468.43323
2025-11-13 15:00:00,459.0,462.55762
2025-11-13 16:00:00,622.0,418.1449
2025-11-13 17:00:00,717.0,390.5935
2025-11-13 18:00:00,498.0,354.60706
2025-11-13 19:00:00,232.0,312.0391
2025-11-13 20:00:00,146.0,254.35123
2025-11-13 21:00:00,117.0,207.65427
2025-11-13 22:00:00,107.0,162.88425
2025-11-13 23:00:00,43.0,123.78144
2025-11-14 00:00:00,12.0,96.05214
2025-11-14 01:00:00,17.0,75.05733
2025-11-14 02:00:00,9.0,65.81142
2025-11-14 03:00:00,7.0,69.4615
2025-11-14 04:00:00,20.0,84.384445
2025-11-14 05:00:00,119.0,110.733826
2025-11-14 06:00:00,392.0,146.35043
2025-11-14 07:00:00,455.0,199.8576
2025-11-14 08:00:00,260.0,245.58916
2025-11-14 09:00:00,312.0,293.3032
2025-11-14 10:00:00,284.0,339.95547
2025-11-14 11:00:00,346.0,386.1872
2025-11-14 12:00:00,368.0,409.92636
2025-11-14 13:00:00,376.0,432.2157
2025-11-14 14:00:00,396.0,440.44446
2025-11-14 15:00:00,485.0,436.4245
2025-11-14 16:00:00,597.0,419.9297
2025-11-14 17:00:00,614.0,394.04266
2025-11-14 18:00:00,436.0,358.70343
2025-11-14 19:00:00,339.0,316.3204
2025-11-14 20:00:00,155.0,259.5572
2025-11-14 21:00:00,153.0,212.58284
2025-11-14 22:00:00,134.0,169.38469
2025-11-14 23:00:00,132.0,130.28189
2025-11-15 00:00:00,62.0,79.51805
2025-11-15 01:00:00,27.0,58.15338
2025-11-15 02:00:00,19.0,49.64717
2025-11-15 03:00:00,11.0,52.28015
2025-11-15 04:00:00,18.0,67.85036
2025-11-15 05:00:00,45.0,93.55249
2025-11-15 06:00:00,100.0,127.87459
2025-11-15 07:00:00,147.0,180.27219
2025-11-15 08:00:00,238.0,250.67256
2025-11-15 09:00:00,416.0,301.6192
2025-11-15 10:00:00,459.0,349.0936
2025-11-15 11:00:00,431.0,388.1964
2025-11-15 12:00:00,463.0,420.20697
2025-11-15 13:00:00,425.0,440.799
2025-11-15 14:00:00,457.0,420.95154
2025-11-15 15:00:00,482.0,420.03876
2025-11-15 16:00:00,471.0,401.08398
2025-11-15 17:00:00,421.0,374.64218
2025-11-15 18:00:00,274.0,338.4708
2025-11-15 19:00:00,195.0,295.90283
2025-11-15 20:00:00,134.0,238.30743
2025-11-15 21:00:00,88.0,191.33308
2025-11-15 22:00:00,123.0,146.74799
2025-11-15 23:00:00,128.0,108.10751
2025-11-16 00:00:00,75.0,67.70363
2025-11-16 01:00:00,58.0,46.616333
2025-11-16 02:00:00,32.0,37.370422
2025-11-16 03:00:00,42.0,40.92804
2025-11-16 04:00:00,23.0,56.035934
2025-11-16 05:00:00,19.0,82.20038
2025-11-16 06:00:00,22.0,117.35466
2025-11-16 07:00:00,68.0,170.95428
2025-11-16 08:00:00,114.0,217.14816
2025-11-16 09:00:00,229.0,263.84512
2025-11-16 10:00:00,323.0,308.2453
2025-11-16 11:00:00,312.0,347.0707
2025-11-16 12:00:00,282.0,378.15668
2025-11-16 13:00:00,344.0,398.78162
2025-11-16 14:00:00,369.0,406.91797
2025-11-16 15:00:00,416.0,404.1925
2025-11-16 16:00:00,444.0,388.25247
2025-11-16 17:00:00,375.0,361.7182
2025-11-16 18:00:00,263.0,325.91666
2025-11-16 19:00:00,201.0,283.90347
2025-11-16 20:00:00,154.0,227.32518
2025-11-16 21:00:00,102.0,181.4604
2025-11-16 22:00:00,67.0,136.59792
2025-11-16 23:00:00,35.0,97.68004
2025-11-17 00:00:00,11.0,76.90578
2025-11-17 01:00:00,10.0,57.020523
2025-11-17 02:00:00,13.0,48.051987
2025-11-17 03:00:00,4.0,51.147293
2025-11-17 04:00:00,25.0,67.179825
2025-11-17 05:00:00,146.0,93.62167
2025-11-17 06:00:00,417.0,117.65243
2025-11-17 07:00:00,454.0,159.75868
2025-11-17 08:00:00,326.0,205.70578
2025-11-17 09:00:00,258.0,252.71324
2025-11-17 10:00:00,256.0,297.70255
2025-11-17 11:00:00,263.0,335.38593
2025-11-17 12:00:00,268.0,365.82965
2025-11-17 13:00:00,303.0,383.89502
2025-11-17 14:00:00,284.0,389.83716
2025-11-17 15:00:00,331.0,408.2332
2025-11-17 16:00:00,517.0,392.27667
2025-11-17 17:00:00,578.0,365.92728
2025-11-17 18:00:00,344.0,330.46503
2025-11-17 19:00:00,212.0,287.92767
2025-11-17 20:00:00,146.0,231.44183
2025-11-17 21:00:00,80.0,184.6524
2025-11-17 22:00:00,83.0,140.71455
2025-11-17 23:00:00,37.0,101.704216
2025-11-18 00:00:00,10.0,71.72864
2025-11-18 01:00:00,9.0,50.91873
2025-11-18 02:00:00,9.0,42.41255
2025-11-18 03:00:00,10.0,45.507843
2025-11-18 04:00:00,28.0,60.15341
2025-11-18 05:00:00,138.0,86.31789
2025-11-18 06:00:00,433.0,121.65708
2025-11-18 07:00:00,477.0,174.42453
2025-11-18 08:00:00,307.0,220.98827
2025-11-18 09:00:00,275.0,268.33246
2025-11-18 10:00:00,264.0,314.0171
2025-11-18 11:00:00,252.0,358.4261
2025-11-18 12:00:00,262.0,404.5655
2025-11-18 13:00:00,267.0,430.85
2025-11-18 14:00:00,334.0,416.49362
2025-11-18 15:00:00,360.0,412.14685
2025-11-18 16:00:00,561.0,391.90765
2025-11-18 17:00:00,668.0,365.00348
2025-11-18 18:00:00,429.0,328.73965
2025-11-18 19:00:00,246.0,286.35663
2025-11-18 20:00:00,178.0,229.31601
2025-11-18 21:00:00,104.0,182.43413
2025-11-18 22:00:00,82.0,138.86612
2025-11-18 23:00:00,44.0,100.04071
2025-11-19 00:00:00,21.0,76.8042
2025-11-19 01:00:00,12.0,55.71692
2025-11-19 02:00:00,14.0,46.93332
2025-11-19 03:00:00,6.0,50.02861
2025-11-19 04:00:00,25.0,65.41391
2025-11-19 05:00:00,124.0,91.4859
2025-11-19 06:00:00,438.0,126.54771
2025-11-19 07:00:00,436.0,180.14732
2025-11-19 08:00:00,315.0,233.78047
2025-11-19 09:00:00,242.0,302.7193
2025-11-19 10:00:00,269.0,348.22903
2025-11-19 11:00:00,341.0,386.85303
2025-11-19 12:00:00,346.0,417.86304
2025-11-19 13:00:00,352.0,411.60367
2025-11-19 14:00:00,342.0,418.51508
2025-11-19 15:00:00,423.0,414.95746
2025-11-19 16:00:00,556.0,399.38727
2025-11-19 17:00:00,696.0,372.7605
2025-11-19 18:00:00,472.0,337.14392
2025-11-19 19:00:00,231.0,295.2232
2025-11-19 20:00:00,149.0,238.0901
2025-11-19 21:00:00,131.0,191.39316
2025-11-19 22:00:00,98.0,147.27037
2025-11-19 23:00:00,77.0,109.27713
2025-11-20 00:00:00,12.0,87.03606
2025-11-20 01:00:00,13.0,55.81363
2025-11-20 02:00:00,8.0,47.15123
2025-11-20 03:00:00,9.0,61.924835
2025-11-20 04:00:00,32.0,77.49504
2025-11-20 05:00:00,123.0,103.56703
2025-11-20 06:00:00,423.0,127.59779
2025-11-20 07:00:00,445.0,169.5491
2025-11-20 08:00:00,297.0,237.59018
2025-11-20 09:00:00,246.0,286.52917
2025-11-20 10:00:00,251.0,329.77032
2025-11-20 11:00:00,297.0,371.2406
2025-11-20 12:00:00,232.0,399.6057
2025-11-20 13:00:00,313.0,418.97925
2025-11-20 14:00:00,304.0,403.20184
2025-11-20 15:00:00,356.0,420.8435
2025-11-20 16:00:00,559.0,405.82812
2025-11-20 17:00:00,652.0,357.7565
2025-11-20 18:00:00,441.0,321.58386
2025-11-20 19:00:00,196.0,301.66406
2025-11-20 20:00:00,149.0,244.80835
2025-11-20 21:00:00,100.0,198.45065
2025-11-20 22:00:00,100.0,154.266
2025-11-20 23:00:00,46.0,115.902916
2025-11-21 00:00:00,24.0,88.21542
2025-11-21 01:00:00,12.0,67.86786
2025-11-21 02:00:00,7.0,71.129974
2025-11-21 03:00:00,6.0,61.871567
2025-11-21 04:00:00,19.0,77.10252
2025-11-21 05:00:00,110.0,103.451904
2025-11-21 06:00:00,356.0,138.88358
2025-11-21 07:00:00,366.0,192.11336
2025-11-21 08:00:00,252.0,237.93738
2025-11-21 09:00:00,210.0,284.54187
2025-11-21 10:00:00,241.0,328.4797
2025-11-21 11:00:00,262.0,367.1202
2025-11-21 12:00:00,267.0,397.74384
2025-11-21 13:00:00,308.0,417.9065
2025-11-21 14:00:00,296.0,426.50513
2025-11-21 15:00:00,353.0,422.76257
2025-11-21 16:00:00,565.0,407.09995
2025-11-21 17:00:00,555.0,380.75058
2025-11-21 18:00:00,368.0,345.59628
2025-11-21 19:00:00,240.0,303.49066
2025-11-21 20:00:00,143.0,246.45004
2025-11-21 21:00:00,115.0,199.75308
2025-11-21 22:00:00,145.0,155.72276
2025-11-21 23:00:00,129.0,117.08228
2025-11-22 00:00:00,62.0,66.267914
2025-11-22 01:00:00,34.0,45.827866
2025-11-22 02:00:00,13.0,36.951828
2025-11-22 03:00:00,16.0,40.509445
2025-11-22 04:00:00,16.0,55.617325
2025-11-22 05:00:00,33.0,81.59685
2025-11-22 06:00:00,78.0,116.84359
2025-11-22 07:00:00,137.0,169.9809
2025-11-22 08:00:00,199.0,215.80493
2025-11-22 09:00:00,334.0,262.40942
2025-11-22 10:00:00,362.0,308.95917
2025-11-22 11:00:00,377.0,345.635
2025-11-22 12:00:00,354.0,381.74976
2025-11-22 13:00:00,382.0,417.78152
2025-11-22 14:00:00,426.0,426.28772
2025-11-22 15:00:00,395.0,422.14233
2025-11-22 16:00:00,440.0,386.16953
2025-11-22 17:00:00,420.0,359.63522
2025-11-22 18:00:00,306.0,323.8337
2025-11-22 19:00:00,191.0,281.35822
2025-11-22 20:00:00,143.0,224.68744
2025-11-22 21:00:00,100.0,177.62064
2025-11-22 22:00:00,122.0,132.66568
2025-11-22 23:00:00,158.0,93.84027
2025-11-23 00:00:00,88.0,54.495544
2025-11-23 01:00:00,64.0,33.68564
2025-11-23 02:00:00,25.0,24.532196
2025-11-23 03:00:00,22.0,28.367218
2025-11-23 04:00:00,16.0,43.567566
2025-11-23 05:00:00,20.0,69.36218
2025-11-23 06:00:00,27.0,104.60892
2025-11-23 07:00:00,62.0,157.65376
2025-11-23 08:00:00,147.0,225.40929
2025-11-23 09:00:00,285.0,273.4172
2025-11-23 10:00:00,364.0,321.80615
2025-11-23 11:00:00,423.0,338.1224
2025-11-23 12:00:00,338.0,372.73486
2025-11-23 13:00:00,400.0,392.957
2025-11-23 14:00:00,378.0,397.22354
2025-11-23 15:00:00,435.0,393.9433
2025-11-23 16:00:00,398.0,378.46558
2025-11-23 17:00:00,387.0,352.20868
2025-11-23 18:00:00,258.0,317.14685
2025-11-23 19:00:00,183.0,275.41107
2025-11-23 20:00:00,171.0,207.52432
2025-11-23 21:00:00,100.0,161.32031
2025-11-23 22:00:00,67.0,117.537384
2025-11-23 23:00:00,28.0,79.08183
2025-11-24 00:00:00,22.0,59.09131
2025-11-24 01:00:00,11.0,39.05237
2025-11-24 02:00:00,10.0,31.009735
2025-11-24 03:00:00,16.0,34.566727
2025-11-24 04:00:00,23.0,50.414948
2025-11-24 05:00:00,119.0,77.81331
2025-11-24 06:00:00,436.0,113.42991
2025-11-24 07:00:00,459.0,154.14484
2025-11-24 08:00:00,323.0,199.72145
2025-11-24 09:00:00,213.0,246.6658
2025-11-24 10:00:00,229.0,291.25153
2025-11-24 11:00:00,269.0,329.86078
2025-11-24 12:00:00,277.0,360.57626
2025-11-24 13:00:00,298.0,381.9747
2025-11-24 14:00:00,297.0,390.60394
2025-11-24 15:00:00,361.0,387.04633
2025-11-24 16:00:00,497.0,371.56985
2025-11-24 17:00:00,619.0,344.4795
2025-11-24 18:00:00,341.0,308.33685
2025-11-24 19:00:00,183.0,267.6838
2025-11-24 20:00:00,137.0,220.56091
2025-11-24 21:00:00,115.0,173.49286
2025-11-24 22:00:00,71.0,129.98734
2025-11-24 23:00:00,31.0,91.191895
2025-11-25 00:00:00,19.0,62.739273
2025-11-25 01:00:00,6.0,42.57724
2025-11-25 02:00:00,6.0,32.43544
2025-11-25 03:00:00,5.0,46.43872
2025-11-25 04:00:00,18.0,62.101395
2025-11-25 05:00:00,130.0,88.63571
2025-11-25 06:00:00,399.0,123.85182
2025-11-25 07:00:00,477.0,177.359
2025-11-25 08:00:00,294.0,223.18301
2025-11-25 09:00:00,242.0,271.45593
2025-11-25 10:00:00,268.0,315.14294
2025-11-25 11:00:00,283.0,354.8335
2025-11-25 12:00:00,310.0,362.88498
2025-11-25 13:00:00,292.0,382.0453
2025-11-25 14:00:00,298.0,391.14185
2025-11-25 15:00:00,358.0,386.40906
2025-11-25 16:00:00,524.0,371.0238
2025-11-25 17:00:00,604.0,344.58197
2025-11-25 18:00:00,398.0,309.30588
2025-11-25 19:00:00,221.0,266.24246
2025-11-25 20:00:00,144.0,219.89368
2025-11-25 21:00:00,115.0,184.44394
2025-11-25 22:00:00,108.0,130.24847
2025-11-25 23:00:00,47.0,91.33122
2025-11-26 00:00:00,22.0,67.7041
2025-11-26 01:00:00,10.0,46.92357
2025-11-26 02:00:00,1.0,38.108124
2025-11-26 03:00:00,6.0,41.72821
2025-11-26 04:00:00,26.0,57.298416
2025-11-26 05:00:00,112.0,83.43227
2025-11-26 06:00:00,311.0,119.01887
2025-11-26 07:00:00,458.0,182.75427
2025-11-26 08:00:00,280.0,228.88629
2025-11-26 09:00:00,266.0,253.70607
2025-11-26 10:00:00,220.0,319.98343
2025-11-26 11:00:00,255.0,336.28378
2025-11-26 12:00:00,273.0,388.9702
2025-11-26 13:00:00,311.0,409.37958
2025-11-26 14:00:00,266.0,395.79367
2025-11-26 15:00:00,340.0,413.9583
2025-11-26 16:00:00,504.0,398.4806
2025-11-26 17:00:00,588.0,372.1618
2025-11-26 18:00:00,410.0,336.9151
2025-11-26 19:00:00,219.0,294.9944
2025-11-26 20:00:00,150.0,238.13867
2025-11-26 21:00:00,116.0,180.90485
2025-11-26 22:00:00,69.0,136.28914
2025-11-26 23:00:00,31.0,108.86339
2025-11-27 00:00:00,18.0,86.47978
2025-11-27 01:00:00,12.0,66.224686
2025-11-27 02:00:00,8.0,57.4411
2025-11-27 03:00:00,9.0,60.81378
2025-11-27 04:00:00,28.0,76.01413
2025-11-27 05:00:00,110.0,101.9012
2025-11-27 06:00:00,421.0,137.33289
2025-11-27 07:00:00,482.0,190.1928
2025-11-27 08:00:00,329.0,236.38666
2025-11-27 09:00:00,267.0,304.67822
2025-11-27 10:00:00,331.0,335.66278
2025-11-27 11:00:00,322.0,372.95932
2025-11-27 12:00:00,327.0,426.04266
2025-11-27 13:00:00,324.0,446.09644
2025-11-27 14:00:00,333.0,455.46774
2025-11-27 15:00:00,470.0,447.7364
2025-11-27 16:00:00,524.0,405.9191
2025-11-27 17:00:00,680.0,379.1074
2025-11-27 18:00:00,488.0,343.30588
2025-11-27 19:00:00,245.0,301.20026
2025-11-27 20:00:00,186.0,243.60484
2025-11-27 21:00:00,112.0,196.72296
2025-11-27 22:00:00,106.0,152.50772
2025-11-27 23:00:00,41.0,113.867226
2025-11-28 00:00:00,30.0,86.12973
2025-11-28 01:00:00,11.0,65.41231
2025-11-28 02:00:00,8.0,56.72119
2025-11-28 03:00:00,7.0,59.72403
2025-11-28 04:00:00,22.0,75.1093
2025-11-28 05:00:00,123.0,101.36621
2025-11-28 06:00:00,384.0,136.42804
2025-11-28 07:00:00,450.0,189.75027
2025-11-28 08:00:00,305.0,256.85855
2025-11-28 09:00:00,314.0,313.06195
2025-11-28 10:00:00,352.0,357.83197
2025-11-28 11:00:00,425.0,397.21216
2025-11-28 12:00:00,405.0,428.1132
2025-11-28 13:00:00,469.0,449.10803
2025-11-28 14:00:00,411.0,454.95288
2025-11-28 15:00:00,508.0,445.62677
2025-11-28 16:00:00,629.0,409.54498
2025-11-28 17:00:00,694.0,383.2881
2025-11-28 18:00:00,470.0,347.67145
2025-11-28 19:00:00,241.0,306.02817
2025-11-28 20:00:00,155.0,248.98755
2025-11-28 21:00:00,160.0,202.47551
2025-11-28 22:00:00,144.0,158.44519
2025-11-28 23:00:00,143.0,119.98963
2025-11-29 00:00:00,91.0,69.21777
2025-11-29 01:00:00,44.0,38.23961
2025-11-29 02:00:00,16.0,40.33339
2025-11-29 03:00:00,16.0,44.106552
2025-11-29 04:00:00,13.0,59.58429
2025-11-29 05:00:00,42.0,74.62523
2025-11-29 06:00:00,84.0,120.533165
2025-11-29 07:00:00,129.0,173.94786
2025-11-29 08:00:00,278.0,220.14174
2025-11-29 09:00:00,373.0,267.39346
2025-11-29 10:00:00,495.0,312.1635
2025-11-29 11:00:00,406.0,351.17386
2025-11-29 12:00:00,429.0,407.4898
2025-11-29 13:00:00,464.0,431.82617
2025-11-29 14:00:00,430.0,440.9796
2025-11-29 15:00:00,465.0,432.7365
2025-11-29 16:00:00,576.0,391.89328
2025-11-29 17:00:00,534.0,364.89667
2025-11-29 18:00:00,360.0,328.91022
2025-11-29 19:00:00,229.0,286.71213
2025-11-29 20:00:00,150.0,229.57906
2025-11-29 21:00:00,82.0,182.51224
2025-11-29 22:00:00,125.0,138.57439
2025-11-29 23:00:00,127.0,99.748985
2025-11-30 00:00:00,98.0,60.724197
2025-11-30 01:00:00,80.0,40.191696
2025-11-30 02:00:00,63.0,31.777954
2025-11-30 03:00:00,25.0,35.61296
2025-11-30 04:00:00,18.0,50.25853
2025-11-30 05:00:00,18.0,77.07024
2025-11-30 06:00:00,34.0,112.77929
2025-11-30 07:00:00,59.0,165.73167
2025-11-30 08:00:00,160.0,211.83308
2025-11-30 09:00:00,307.0,259.3622
2025-11-30 10:00:00,437.0,303.85486
2025-11-30 11:00:00,454.0,342.8652
2025-11-30 12:00:00,400.0,374.04364
2025-11-30 13:00:00,451.0,394.76105
2025-11-30 14:00:00,469.0,403.6371
2025-11-30 15:00:00,463.0,400.07947
2025-11-30 16:00:00,505.0,384.87915
2025-11-30 17:00:00,378.0,358.5298
2025-11-30 18:00:00,300.0,300.9123
2025-11-30 19:00:00,195.0,258.22125
2025-11-30 20:00:00,161.0,211.93555
2025-11-30 21:00:00,104.0,164.89935
2025-11-30 22:00:00,84.0,120.22117
2025-11-30 23:00:00,34.0,92.4268
2025-12-01 00:00:00,5.0,67.27974
2025-12-01 01:00:00,12.0,35.962967
2025-12-01 02:00:00,5.0,26.993805
2025-12-01 03:00:00,8.0,41.521255
2025-12-01 04:00:00,31.0,56.72162
2025-12-01 05:00:00,132.0,82.91669
2025-12-01 06:00:00,436.0,118.07095
2025-12-01 07:00:00,417.0,171.48566
2025-12-01 08:00:00,314.0,217.40215
2025-12-01 09:00:00,235.0,264.0991
2025-12-01 10:00:00,292.0,308.59174
2025-12-01 11:00:00,313.0,347.23224
2025-12-01 12:00:00,291.0,377.94833
2025-12-01 13:00:00,318.0,398.48083
2025-12-01 14:00:00,311.0,406.98703
2025-12-01 15:00:00,373.0,403.52185
2025-12-01 16:00:00,534.0,387.9517
2025-12-01 17:00:00,676.0,361.50983
2025-12-01 18:00:00,401.0,325.98572
2025-12-01 19:00:00,193.0,282.86298
2025-12-01 20:00:00,139.0,225.17511
2025-12-01 21:00:00,103.0,178.29321
2025-12-01 22:00:00,80.0,134.17044
2025-12-01 23:00:00,39.0,95.71489
2025-12-02 00:00:00,4.0,65.63922
2025-12-02 01:00:00,7.0,45.6615
2025-12-02 02:00:00,4.0,37.895004
2025-12-02 03:00:00,8.0,41.175232
2025-12-02 04:00:00,22.0,55.8208
2025-12-02 05:00:00,113.0,81.70787
2025-12-02 06:00:00,419.0,116.6772
2025-12-02 07:00:00,494.0,169.53712
2025-12-02 08:00:00,340.0,222.50655
2025-12-02 09:00:00,268.0,292.10907
2025-12-02 10:00:00,360.0,337.1565
2025-12-02 11:00:00,322.0,375.98193
2025-12-02 12:00:00,343.0,406.21924
2025-12-02 13:00:00,370.0,427.50793
2025-12-02 14:00:00,366.0,436.2915
2025-12-02 15:00:00,360.0,427.47714
2025-12-02 16:00:00,579.0,387.48257
2025-12-02 17:00:00,694.0,360.20856
2025-12-02 18:00:00,461.0,325.33167
2025-12-02 19:00:00,223.0,283.0411
2025-12-02 20:00:00,157.0,225.53816
2025-12-02 21:00:00,93.0,179.02614
2025-12-02 22:00:00,75.0,134.71843
2025-12-02 23:00:00,33.0,96.4478
2025-12-03 00:00:00,12.0,73.11125
2025-12-03 01:00:00,8.0,52.856125
2025-12-03 02:00:00,12.0,44.07254
2025-12-03 03:00:00,4.0,47.445236
2025-12-03 04:00:00,16.0,62.738068
2025-12-03 05:00:00,117.0,88.99498
2025-12-03 06:00:00,392.0,124.24171
2025-12-03 07:00:00,442.0,177.37901
2025-12-03 08:00:00,344.0,223.38797
2025-12-03 09:00:00,286.0,270.26984
2025-12-03 10:00:00,387.0,314.4851
2025-12-03 11:00:00,363.0,353.49545
2025-12-03 12:00:00,357.0,384.1191
2025-12-03 13:00:00,423.0,404.55914
2025-12-03 14:00:00,439.0,413.25024
2025-12-03 15:00:00,434.0,409.5077
2025-12-03 16:00:00,586.0,393.9375
2025-12-03 17:00:00,665.0,367.49567
2025-12-03 18:00:00,414.0,332.064
2025-12-03 19:00:00,235.0,289.77344
2025-12-03 20:00:00,155.0,233.10266
2025-12-03 21:00:00,96.0,186.6831
2025-12-03 22:00:00,83.0,142.93016
2025-12-03 23:00:00,55.0,104.197235
2025-12-04 00:00:00,12.0,81.57878
2025-12-04 01:00:00,7.0,60.953827
2025-12-04 02:00:00,10.0,52.262695
2025-12-04 03:00:00,6.0,55.542923
2025-12-04 04:00:00,24.0,70.92819
2025-12-04 05:00:00,119.0,97.09265
2025-12-04 06:00:00,420.0,132.062
2025-12-04 07:00:00,478.0,185.10684
2025-12-04 08:00:00,349.0,231.20825
2025-12-04 09:00:00,279.0,277.9052
2025-12-04 10:00:00,356.0,322.21292
2025-12-04 11:00:00,386.0,361.1308
2025-12-04 12:00:00,343.0,392.21674
2025-12-04 13:00:00,422.0,412.74927
2025-12-04 14:00:00,443.0,421.71777
2025-12-04 15:00:00,416.0,417.88275
2025-12-04 16:00:00,621.0,402.40503
2025-12-04 17:00:00,714.0,375.59332
2025-12-04 18:00:00,469.0,340.16168
2025-12-04 19:00:00,211.0,298.51834
2025-12-04 20:00:00,134.0,241.66266
2025-12-04 21:00:00,97.0,195.42802
2025-12-04 22:00:00,101.0,151.49017
2025-12-04 23:00:00,66.0,112.849686
2025-12-05 00:00:00,17.0,85.4321
2025-12-05 01:00:00,11.0,65.269455
2025-12-05 02:00:00,13.0,56.640182
2025-12-05 03:00:00,5.0,49.197327
2025-12-05 04:00:00,24.0,64.675095
2025-12-05 05:00:00,115.0,90.96324
2025-12-05 06:00:00,357.0,126.61108
2025-12-05 07:00:00,396.0,168.65486
2025-12-05 08:00:00,300.0,214.32455
2025-12-05 09:00:00,304.0,261.08273
2025-12-05 10:00:00,325.0,327.63812
2025-12-05 11:00:00,348.0,366.3711
2025-12-05 12:00:00,358.0,397.08716
2025-12-05 13:00:00,389.0,417.52722
2025-12-05 14:00:00,413.0,426.49573
2025-12-05 15:00:00,508.0,423.03058
2025-12-05 16:00:00,632.0,407.4604
2025-12-05 17:00:00,674.0,381.01852
2025-12-05 18:00:00,396.0,344.93964
2025-12-05 19:00:00,240.0,302.64905
2025-12-05 20:00:00,168.0,245.88583
2025-12-05 21:00:00,143.0,198.6341
2025-12-05 22:00:00,154.0,153.67914
2025-12-05 23:00:00,161.0,114.94619
2025-12-06 00:00:00,82.0,63.75447
2025-12-06 01:00:00,37.0,43.499344
2025-12-06 02:00:00,27.0,34.808228
2025-12-06 03:00:00,24.0,38.82817
2025-12-06 04:00:00,26.0,53.38127
2025-12-06 05:00:00,52.0,80.00804
2025-12-06 06:00:00,96.0,115.99449
2025-12-06 07:00:00,139.0,169.50165
2025-12-06 08:00:00,309.0,215.14075
2025-12-06 09:00:00,458.0,262.5774
2025-12-06 10:00:00,484.0,308.61542
2025-12-06 11:00:00,453.0,353.56268
2025-12-06 12:00:00,431.0,378.77124
2025-12-06 13:00:00,418.0,398.71597
2025-12-06 14:00:00,389.0,407.77692
2025-12-06 15:00:00,468.0,404.4967
2025-12-06 16:00:00,438.0,388.4642
2025-12-06 17:00:00,444.0,361.4676
2025-12-06 18:00:00,285.0,325.5736
2025-12-06 19:00:00,200.0,283.93027
2025-12-06 20:00:00,160.0,228.36906
2025-12-06 21:00:00,161.0,180.65501
2025-12-06 22:00:00,131.0,136.80962
2025-12-06 23:00:00,124.0,97.891754
2025-12-07 00:00:00,88.0,59.37169
2025-12-07 01:00:00,62.0,38.931625
2025-12-07 02:00:00,38.0,21.059982
2025-12-07 03:00:00,26.0,24.741928
2025-12-07 04:00:00,19.0,38.647156
2025-12-07 05:00:00,19.0,63.97757
2025-12-07 06:00:00,33.0,110.22474
2025-12-07 07:00:00,73.0,163.70131
2025-12-07 08:00:00,146.0,209.46347
2025-12-07 09:00:00,207.0,256.90015
2025-12-07 10:00:00,411.0,301.76263
2025-12-07 11:00:00,403.0,340.40314
2025-12-07 12:00:00,375.0,370.99615
2025-12-07 13:00:00,418.0,369.9301
2025-12-07 14:00:00,400.0,378.4994
2025-12-07 15:00:00,407.0,374.3545
2025-12-07 16:00:00,405.0,359.12482
2025-12-07 17:00:00,307.0,332.80603
2025-12-07 18:00:00,250.0,297.68176
2025-12-07 19:00:00,211.0,255.3287
2025-12-07 20:00:00,141.0,209.78273
2025-12-07 21:00:00,129.0,163.11575
2025-12-07 22:00:00,72.0,129.71478
2025-12-07 23:00:00,67.0,91.28984
2025-12-08 00:00:00,46.0,35.599854
2025-12-08 01:00:00,34.0,15.622772
2025-12-08 02:00:00,11.0,6.8385468
2025-12-08 03:00:00,13.0,10.398041
2025-12-08 04:00:00,27.0,25.350357
2025-12-08 05:00:00,76.0,52.440704
2025-12-08 06:00:00,160.0,87.62561
2025-12-08 07:00:00,188.0,129.08273
2025-12-08 08:00:00,162.0,196.87703
2025-12-08 09:00:00,284.0,243.69705
2025-12-08 10:00:00,397.0,293.0601
2025-12-08 11:00:00,417.0,354.84055
2025-12-08 12:00:00,342.0,388.2445
2025-12-08 13:00:00,373.0,408.17282
2025-12-08 14:00:00,382.0,392.68396
2025-12-08 15:00:00,403.0,385.43146
2025-12-08 16:00:00,361.0,369.214
2025-12-08 17:00:00,374.0,342.49475
2025-12-08 18:00:00,217.0,307.15555
2025-12-08 19:00:00,152.0,265.1424
2025-12-08 20:00:00,133.0,207.36206
2025-12-08 21:00:00,102.0,160.48016
2025-12-08 22:00:00,57.0,115.89506
2025-12-08 23:00:00,31.0,76.884735
2025-12-09 00:00:00,19.0,71.51024
2025-12-09 01:00:00,6.0,50.885254
2025-12-09 02:00:00,9.0,41.916748
2025-12-09 03:00:00,12.0,45.28943
2025-12-09 04:00:00,22.0,59.842545
2025-12-09 05:00:00,133.0,85.637146
2025-12-09 06:00:00,431.0,120.051704
2025-12-09 07:00:00,509.0,172.81917
2025-12-09 08:00:00,324.0,219.98712
2025-12-09 09:00:00,271.0,266.00385
2025-12-09 10:00:00,305.0,316.76028
2025-12-09 11:00:00,291.0,354.96503
2025-12-09 12:00:00,298.0,389.35956
2025-12-09 13:00:00,346.0,409.02692
2025-12-09 14:00:00,319.0,416.06372
2025-12-09 15:00:00,391.0,411.54852
2025-12-09 16:00:00,362.0,390.57968
2025-12-09 17:00:00,663.0,363.86044
2025-12-09 18:00:00,427.0,327.6891
2025-12-09 19:00:00,211.0,285.6759
2025-12-09 20:00:00,128.0,228.54282
2025-12-09 21:00:00,78.0,181.84586
2025-12-09 22:00:00,89.0,136.70596
2025-12-09 23:00:00,28.0,97.97303
2025-12-10 00:00:00,13.0,76.06558
2025-12-10 01:00:00,14.0,54.33104
2025-12-10 02:00:00,15.0,46.00978
2025-12-10 03:00:00,8.0,49.19754
2025-12-10 04:00:00,22.0,64.1205
2025-12-10 05:00:00,121.0,90.19249
2025-12-10 06:00:00,409.0,125.43922
2025-12-10 07:00:00,471.0,178.48407
2025-12-10 08:00:00,314.0,229.67377
2025-12-10 09:00:00,263.0,296.55548
2025-12-10 10:00:00,291.0,326.3151
2025-12-10 11:00:00,304.0,361.1618
2025-12-10 12:00:00,335.0,418.23395
2025-12-10 13:00:00,319.0,418.39038
2025-12-10 14:00:00,376.0,443.42938
2025-12-10 15:00:00,399.0,417.96683
2025-12-10 16:00:00,553.0,400.7753
2025-12-10 17:00:00,672.0,374.14856
2025-12-10 18:00:00,416.0,337.97717
2025-12-10 19:00:00,215.0,295.22427
2025-12-10 20:00:00,146.0,237.8138
2025-12-10 21:00:00,99.0,191.4867
2025-12-10 22:00:00,101.0,147.82623
2025-12-10 23:00:00,44.0,108.72345
2025-12-11 00:00:00,19.0,86.886734
2025-12-11 01:00:00,14.0,66.81656
2025-12-11 02:00:00,8.0,57.940506
2025-12-11 03:00:00,8.0,61.405655
2025-12-11 04:00:00,20.0,76.42107
2025-12-11 05:00:00,128.0,102.30814
2025-12-11 06:00:00,433.0,137.2775
2025-12-11 07:00:00,474.0,189.95248
2025-12-11 08:00:00,345.0,236.23882
2025-12-11 09:00:00,286.0,283.49057
2025-12-11 10:00:00,320.0,328.07565
2025-12-11 11:00:00,301.0,366.99353
2025-12-11 12:00:00,322.0,397.98703
2025-12-11 13:00:00,330.0,417.96478
2025-12-11 14:00:00,362.0,426.84082
2025-12-11 15:00:00,405.0,423.37567
2025-12-11 16:00:00,542.0,407.80548
2025-12-11 17:00:00,676.0,381.54852
2025-12-11 18:00:00,438.0,345.46964
2025-12-11 19:00:00,263.0,302.90167
2025-12-11 20:00:00,157.0,245.95352
2025-12-11 21:00:00,113.0,198.60931
2025-12-11 22:00:00,122.0,153.8393
2025-12-11 23:00:00,59.0,114.55156
2025-12-12 00:00:00,17.0,87.54573
2025-12-12 01:00:00,11.0,67.84541
2025-12-12 02:00:00,8.0,58.69197
2025-12-12 03:00:00,11.0,61.87973
2025-12-12 04:00:00,19.0,77.08006
2025-12-12 05:00:00,116.0,103.0596
2025-12-12 06:00:00,412.0,138.12143
2025-12-12 07:00:00,432.0,190.98134
2025-12-12 08:00:00,279.0,237.26767
2025-12-12 09:00:00,267.0,284.0571
2025-12-12 10:00:00,316.0,328.17987
2025-12-12 11:00:00,348.0,367.09778
2025-12-12 12:00:00,334.0,398.1242
2025-12-12 13:00:00,417.0,447.5652
2025-12-12 14:00:00,457.0,455.7445
2025-12-12 15:00:00,500.0,446.80475
2025-12-12 16:00:00,551.0,407.63226
2025-12-12 17:00:00,595.0,380.45074
2025-12-12 18:00:00,389.0,346.03616
2025-12-12 19:00:00,243.0,304.39285
2025-12-12 20:00:00,159.0,247.35223
2025-12-12 21:00:00,145.0,200.84021
2025-12-12 22:00:00,138.0,156.44003
2025-12-12 23:00:00,146.0,117.61462
2025-12-13 00:00:00,83.0,66.464676
2025-12-13 01:00:00,52.0,46.11708
2025-12-13 02:00:00,21.0,37.425964
2025-12-13 03:00:00,22.0,40.706207
2025-12-13 04:00:00,9.0,55.814087
2025-12-13 05:00:00,52.0,81.978546
2025-12-13 06:00:00,80.0,117.040344
2025-12-13 07:00:00,154.0,170.0852
2025-12-13 08:00:00,210.0,216.00168
2025-12-13 09:00:00,352.0,262.88354
2025-12-13 10:00:00,371.0,307.00635
2025-12-13 11:00:00,419.0,345.8318
2025-12-13 12:00:00,384.0,376.27048
2025-12-13 13:00:00,467.0,396.61804
2025-12-13 14:00:00,516.0,405.67902
2025-12-13 15:00:00,425.0,402.21384
2025-12-13 16:00:00,470.0,386.5512
2025-12-13 17:00:00,374.0,360.20184
2025-12-13 18:00:00,255.0,324.58524
2025-12-13 19:00:00,218.0,282.57205
2025-12-13 20:00:00,141.0,225.71637
2025-12-13 21:00:00,111.0,179.11188
2025-12-13 22:00:00,107.0,135.08157
2025-12-13 23:00:00,142.0,96.348625
2025-12-14 00:00:00,77.0,57.3154
2025-12-14 01:00:00,63.0,36.782898
2025-12-14 02:00:00,36.0,28.18425
2025-12-14 03:00:00,41.0,31.37201
2025-12-14 04:00:00,34.0,46.757263
2025-12-14 05:00:00,17.0,72.64435
2025-12-14 06:00:00,35.0,108.076004
2025-12-14 07:00:00,83.0,161.30579
2025-12-14 08:00:00,135.0,207.22226
2025-12-14 09:00:00,286.0,253.73428
2025-12-14 10:00:00,424.0,297.57968
2025-12-14 11:00:00,528.0,336.22018
2025-12-14 12:00:00,540.0,366.5664
2025-12-14 13:00:00,538.0,387.00647
2025-12-14 14:00:00,588.0,395.69757
2025-12-14 15:00:00,517.0,392.23242
2025-12-14 16:00:00,462.0,376.66223
2025-12-14 17:00:00,406.0,350.12793
2025-12-14 18:00:00,276.0,314.6963
2025-12-14 19:00:00,196.0,272.868
2025-12-14 20:00:00,155.0,215.91986
2025-12-14 21:00:00,114.0,169.13043
2025-12-14 22:00:00,73.0,124.73027
2025-12-14 23:00:00,35.0,86.27472
2025-12-15 00:00:00,20.0,65.57652
2025-12-15 01:00:00,6.0,45.136475
2025-12-15 02:00:00,6.0,36.260437
2025-12-15 03:00:00,7.0,39.633118
2025-12-15 04:00:00,25.0,55.018387
2025-12-15 05:00:00,128.0,81.09039
2025-12-15 06:00:00,432.0,116.24467
2025-12-15 07:00:00,460.0,169.2895
2025-12-15 08:00:00,297.0,215.29845
2025-12-15 09:00:00,237.0,261.99542
2025-12-15 10:00:00,305.0,306.1182
2025-12-15 11:00:00,342.0,344.66623
2025-12-15 12:00:00,331.0,375.38232
2025-12-15 13:00:00,376.0,395.36005
2025-12-15 14:00:00,339.0,404.14362
2025-12-15 15:00:00,399.0,400.67847
2025-12-15 16:00:00,502.0,385.38568
2025-12-15 17:00:00,637.0,359.12875
2025-12-15 18:00:00,345.0,323.9745
2025-12-15 19:00:00,207.0,282.05377
2025-12-15 20:00:00,161.0,225.19809
2025-12-15 21:00:00,113.0,178.87097
2025-12-15 22:00:00,89.0,134.84067
2025-12-15 23:00:00,46.0,96.20018
2025-12-16 00:00:00,17.0,67.04024
2025-12-16 01:00:00,8.0,46.692657
2025-12-16 02:00:00,11.0,37.816605
2025-12-16 03:00:00,7.0,41.189285
2025-12-16 04:00:00,21.0,56.574585
2025-12-16 05:00:00,132.0,82.73903
2025-12-16 06:00:00,414.0,117.708374
2025-12-16 07:00:00,444.0,170.75322
2025-12-16 08:00:00,294.0,216.76216
2025-12-16 09:00:00,276.0,263.82898
2025-12-16 10:00:00,306.0,308.04422
2025-12-16 11:00:00,311.0,346.7772
2025-12-16 12:00:00,315.0,377.7707
2025-12-16 13:00:00,330.0,398.2107
2025-12-16 14:00:00,360.0,406.99426
2025-12-16 15:00:00,411.0,403.80652
2025-12-16 16:00:00,570.0,388.14386
2025-12-16 17:00:00,665.0,361.60956
2025-12-16 18:00:00,395.0,326.2704
2025-12-16 19:00:00,212.0,284.4421
2025-12-16 20:00:00,148.0,227.58643
2025-12-16 21:00:00,113.0,181.35179
2025-12-16 22:00:00,68.0,137.04408
2025-12-16 23:00:00,40.0,98.58854
2025-12-17 00:00:00,17.0,75.612625
2025-12-17 01:00:00,14.0,54.98767
2025-12-17 02:00:00,7.0,46.01915
2025-12-17 03:00:00,8.0,49.576767
2025-12-17 04:00:00,24.0,64.68466
2025-12-17 05:00:00,102.0,91.31143
2025-12-17 06:00:00,398.0,126.558174
2025-12-17 07:00:00,459.0,179.41809
2025-12-17 08:00:00,315.0,225.70442
2025-12-17 09:00:00,277.0,272.77124
2025-12-17 10:00:00,293.0,317.07895
2025-12-17 11:00:00,319.0,355.90436
2025-12-17 12:00:00,320.0,387.26773
2025-12-17 13:00:00,347.0,416.36554
2025-12-17 14:00:00,328.0,439.5324
2025-12-17 15:00:00,375.0,414.87546
2025-12-17 16:00:00,507.0,398.47308
2025-12-17 17:00:00,671.0,371.38403
2025-12-17 18:00:00,413.0,335.95233
2025-12-17 19:00:00,214.0,293.5693
2025-12-17 20:00:00,157.0,236.52869
2025-12-17 21:00:00,107.0,190.10913
2025-12-17 22:00:00,102.0,145.80142
2025-12-17 23:00:00,58.0,106.2363
2025-12-18 00:00:00,27.0,84.07068
2025-12-18 01:00:00,9.0,63.44571
2025-12-18 02:00:00,6.0,54.292267
2025-12-18 03:00:00,8.0,58.127274
2025-12-18 04:00:00,26.0,72.865295
2025-12-18 05:00:00,117.0,99.02976
2025-12-18 06:00:00,376.0,133.72173
2025-12-18 07:00:00,482.0,186.76657
2025-12-18 08:00:00,309.0,232.31319
2025-12-18 09:00:00,293.0,280.94183
2025-12-18 10:00:00,300.0,326.00574
2025-12-18 11:00:00,315.0,368.60205
2025-12-18 12:00:00,287.0,421.87036
2025-12-18 13:00:00,357.0,421.5974
2025-12-18 14:00:00,362.0,452.71527
2025-12-18 15:00:00,414.0,444.6736
2025-12-18 16:00:00,548.0,405.35925
2025-12-18 17:00:00,610.0,378.3626
2025-12-18 18:00:00,435.0,342.74603
2025-12-18 19:00:00,214.0,300.5479
2025-12-18 20:00:00,178.0,243.32239
2025-12-18 21:00:00,118.0,196.16312
2025-12-18 22:00:00,116.0,151.20816
2025-12-18 23:00:00,56.0,112.105354
2025-12-19 00:00:00,26.0,84.308075
2025-12-19 01:00:00,14.0,64.05298
2025-12-19 02:00:00,10.0,55.639236
2025-12-19 03:00:00,10.0,58.919464
2025-12-19 04:00:00,23.0,74.02734
2025-12-19 05:00:00,110.0,100.74658
2025-12-19 06:00:00,359.0,136.36317
2025-12-19 07:00:00,386.0,190.2402
2025-12-19 08:00:00,254.0,236.619
2025-12-19 09:00:00,321.0,283.68582
2025-12-19 10:00:00,287.0,328.36337
2025-12-19 11:00:00,336.0,367.7436
2025-12-19 12:00:00,317.0,398.6446
2025-12-19 13:00:00,374.0,419.45453
2025-12-19 14:00:00,369.0,428.423
2025-12-19 15:00:00,425.0,424.8654
2025-12-19 16:00:00,589.0,409.2952
2025-12-19 17:00:00,524.0,382.76086
2025-12-19 18:00:00,367.0,347.4217
2025-12-19 19:00:00,252.0,305.2236
2025-12-19 20:00:00,158.0,248.18298
2025-12-19 21:00:00,162.0,200.65384
2025-12-19 22:00:00,138.0,156.71597
2025-12-19 23:00:00,134.0,118.3529
2025-12-20 00:00:00,115.0,67.61333
2025-12-20 01:00:00,46.0,47.26573
2025-12-20 02:00:00,24.0,38.38968
2025-12-20 03:00:00,29.0,41.577454
2025-12-20 04:00:00,30.0,56.87027
2025-12-20 05:00:00,36.0,82.66487
2025-12-20 06:00:00,74.0,118.09652
2025-12-20 07:00:00,123.0,171.51123
2025-12-20 08:00:00,196.0,217.52019
2025-12-20 09:00:00,323.0,264.58698
2025-12-20 10:00:00,356.0,330.38037
2025-12-20 11:00:00,418.0,376.44366
2025-12-20 12:00:00,367.0,407.83997
2025-12-20 13:00:00,423.0,423.4691
2025-12-20 14:00:00,379.0,432.8239
2025-12-20 15:00:00,390.0,425.05963
2025-12-20 16:00:00,484.0,388.71695
2025-12-20 17:00:00,408.0,361.90527
2025-12-20 18:00:00,288.0,326.56607
2025-12-20 19:00:00,223.0,284.27548
2025-12-20 20:00:00,202.0,226.95749
2025-12-20 21:00:00,151.0,180.90778
2025-12-20 22:00:00,103.0,136.69252
2025-12-20 23:00:00,76.0,97.40481
2025-12-21 00:00:00,57.0,58.319397
2025-12-21 01:00:00,45.0,37.786896
2025-12-21 02:00:00,24.0,28.633453
2025-12-21 03:00:00,24.0,32.283524
2025-12-21 04:00:00,24.0,47.668808
2025-12-21 05:00:00,18.0,73.83327
2025-12-21 06:00:00,40.0,109.26493
2025-12-21 07:00:00,53.0,162.40224
2025-12-21 08:00:00,112.0,208.31873
2025-12-21 09:00:00,202.0,254.73828
2025-12-21 10:00:00,310.0,298.39874
2025-12-21 11:00:00,364.0,336.48447
2025-12-21 12:00:00,388.0,367.1081
2025-12-21 13:00:00,454.0,387.36322
2025-12-21 14:00:00,405.0,396.23926
2025-12-21 15:00:00,448.0,392.7741
2025-12-21 16:00:00,388.0,377.48132
2025-12-21 17:00:00,345.0,351.13193
2025-12-21 18:00:00,202.0,315.70026
2025-12-21 19:00:00,179.0,273.77954
2025-12-21 20:00:00,145.0,216.92386
2025-12-21 21:00:00,95.0,170.41183
2025-12-21 22:00:00,73.0,126.28903
2025-12-21 23:00:00,39.0,87.648575
2025-12-22 00:00:00,19.0,66.805466
2025-12-22 01:00:00,7.0,46.4579
2025-12-22 02:00:00,7.0,37.76677
2025-12-22 03:00:00,10.0,41.324387
2025-12-22 04:00:00,25.0,56.524734
2025-12-22 05:00:00,63.0,82.78166
2025-12-22 06:00:00,252.0,117.935936
2025-12-22 07:00:00,345.0,170.98077
2025-12-22 08:00:00,274.0,216.5274
2025-12-22 09:00:00,251.0,262.94696
2025-12-22 10:00:00,328.0,307.25467
2025-12-22 11:00:00,311.0,345.98764
2025-12-22 12:00:00,294.0,376.88867
2025-12-22 13:00:00,351.0,397.4212
2025-12-22 14:00:00,399.0,406.66705
2025-12-22 15:00:00,407.0,403.29437
2025-12-22 16:00:00,493.0,387.72418
2025-12-22 17:00:00,532.0,361.18988
2025-12-22 18:00:00,310.0,325.5733
2025-12-22 19:00:00,205.0,283.2827
2025-12-22 20:00:00,140.0,225.96472
2025-12-22 21:00:00,113.0,179.1753
2025-12-22 22:00:00,89.0,135.05252
2025-12-22 23:00:00,45.0,96.412025
2025-12-23 00:00:00,33.0,66.829544
2025-12-23 01:00:00,7.0,46.389496
2025-12-23 02:00:00,8.0,37.790833
2025-12-23 03:00:00,12.0,41.533386
2025-12-23 04:00:00,19.0,56.733734
2025-12-23 05:00:00,70.0,82.99065
2025-12-23 06:00:00,226.0,118.2374
2025-12-23 07:00:00,283.0,171.3747
2025-12-23 08:00:00,238.0,217.19872
2025-12-23 09:00:00,256.0,263.80322
2025-12-23 10:00:00,352.0,307.926
2025-12-23 11:00:00,332.0,346.7514
2025-12-23 12:00:00,326.0,377.37506
2025-12-23 13:00:00,357.0,397.81512
2025-12-23 14:00:00,385.0,406.41376
2025-12-23 15:00:00,428.0,402.9486
2025-12-23 16:00:00,487.0,387.65582
2025-12-23 17:00:00,465.0,361.39886
2025-12-23 18:00:00,318.0,326.0597
2025-12-23 19:00:00,228.0,284.13898
2025-12-23 20:00:00,148.0,227.19081
2025-12-23 21:00:00,94.0,180.67879
2025-12-23 22:00:00,80.0,136.46353
2025-12-23 23:00:00,81.0,97.91553
2025-12-24 00:00:00,41.0,74.88667
2025-12-24 01:00:00,25.0,54.631577
2025-12-24 02:00:00,14.0,46.032898
2025-12-24 03:00:00,14.0,49.498062
2025-12-24 04:00:00,21.0,65.06827
2025-12-24 05:00:00,42.0,91.5101
2025-12-24 06:00:00,106.0,127.03424
2025-12-24 07:00:00,129.0,180.35648
2025-12-24 08:00:00,147.0,226.27296
2025-12-24 09:00:00,245.0,272.87744
2025-12-24 10:00:00,271.0,316.87717
2025-12-24 11:00:00,320.0,354.80856
2025-12-24 12:00:00,339.0,385.33975
2025-12-24 13:00:00,364.0,405.50238
2025-12-24 14:00:00,366.0,414.19348
2025-12-24 15:00:00,411.0,410.54343
2025-12-24 16:00:00,343.0,394.9732
2025-12-24 17:00:00,211.0,368.7163
2025-12-24 18:00:00,112.0,333.28464
2025-12-24 19:00:00,53.0,291.179
2025-12-24 20:00:00,66.0,234.32332
2025-12-24 21:00:00,102.0,187.99622
2025-12-24 22:00:00,145.0,144.05835
2025-12-24 23:00:00,153.0,105.510345
2025-12-25 00:00:00,72.0,58.817474
2025-12-25 01:00:00,34.0,38.377426
2025-12-25 02:00:00,11.0,29.223984
2025-12-25 03:00:00,7.0,32.504196
2025-12-25 04:00:00,11.0,47.519623
2025-12-25 05:00:00,14.0,73.6841
2025-12-25 06:00:00,25.0,109.11575
2025-12-25 07:00:00,48.0,162.06815
2025-12-25 08:00:00,77.0,208.07709
2025-12-25 09:00:00,187.0,255.05144
2025-12-25 10:00:00,363.0,299.54407
2025-12-25 11:00:00,396.0,338.3695
2025-12-25 12:00:00,263.0,368.9931
2025-12-25 13:00:00,311.0,389.1558
2025-12-25 14:00:00,304.0,397.84686
2025-12-25 15:00:00,334.0,394.28925
2025-12-25 16:00:00,397.0,378.81155
2025-12-25 17:00:00,282.0,352.46216
2025-12-25 18:00:00,172.0,317.21545
2025-12-25 19:00:00,135.0,275.1098
2025-12-25 20:00:00,130.0,218.16165
2025-12-25 21:00:00,116.0,171.64961
2025-12-25 22:00:00,101.0,127.6193
2025-12-25 23:00:00,54.0,88.88635
2025-12-26 00:00:00,41.0,61.128006
2025-12-26 01:00:00,23.0,40.965347
2025-12-26 02:00:00,13.0,32.27423
2025-12-26 03:00:00,6.0,35.554474
2025-12-26 04:00:00,12.0,50.847275
2025-12-26 05:00:00,15.0,77.011734
2025-12-26 06:00:00,37.0,112.350945
2025-12-26 07:00:00,85.0,165.48825
2025-12-26 08:00:00,119.0,211.03488
2025-12-26 09:00:00,228.0,257.63937
2025-12-26 10:00:00,401.0,301.8546
2025-12-26 11:00:00,461.0,340.40265
2025-12-26 12:00:00,375.0,370.7489
2025-12-26 13:00:00,381.0,391.00403
2025-12-26 14:00:00,394.0,399.9725
2025-12-26 15:00:00,420.0,396.59982
2025-12-26 16:00:00,456.0,381.1221
2025-12-26 17:00:00,308.0,354.40286
2025-12-26 18:00:00,200.0,318.9712
2025-12-26 19:00:00,181.0,277.0505
2025-12-26 20:00:00,150.0,220.10234
2025-12-26 21:00:00,90.0,173.68277
2025-12-26 22:00:00,86.0,129.65247
2025-12-26 23:00:00,64.0,91.10443
2025-12-27 00:00:00,32.0,64.96997
2025-12-27 01:00:00,27.0,44.807327
2025-12-27 02:00:00,18.0,36.023743
2025-12-27 03:00:00,17.0,39.39644
2025-12-27 04:00:00,15.0,54.504303
2025-12-27 05:00:00,36.0,80.66878
2025-12-27 06:00:00,53.0,116.192894
2025-12-27 07:00:00,97.0,169.14528
2025-12-27 08:00:00,144.0,214.9693
2025-12-27 09:00:00,326.0,261.5738
2025-12-27 10:00:00,477.0,305.78903
2025-12-27 11:00:00,412.0,344.42953
2025-12-27 12:00:00,376.0,374.96072
2025-12-27 13:00:00,434.0,395.3083
2025-12-27 14:00:00,421.0,403.9994
2025-12-27 15:00:00,423.0,400.6267
2025-12-27 16:00:00,448.0,385.05652
2025-12-27 17:00:00,350.0,358.70715
2025-12-27 18:00:00,259.0,323.36795
2025-12-27 19:00:00,192.0,281.07736
2025-12-27 20:00:00,139.0,224.12921
2025-12-27 21:00:00,100.0,177.61719
2025-12-27 22:00:00,116.0,133.40195
2025-12-27 23:00:00,108.0,94.761475
2025-12-28 00:00:00,60.0,56.084244
2025-12-28 01:00:00,54.0,35.551743
2025-12-28 02:00:00,44.0,26.860626
2025-12-28 03:00:00,23.0,30.32576
2025-12-28 04:00:00,20.0,45.618576
2025-12-28 05:00:00,21.0,71.69058
2025-12-28 06:00:00,47.0,107.02977
2025-12-28 07:00:00,61.0,160.07463
2025-12-28 08:00:00,110.0,205.89864
2025-12-28 09:00:00,202.0,252.41066
2025-12-28 10:00:00,321.0,296.62592
2025-12-28 11:00:00,471.0,335.3589
2025-12-28 12:00:00,388.0,365.9825
2025-12-28 13:00:00,473.0,386.51505
2025-12-28 14:00:00,525.0,395.29858
2025-12-28 15:00:00,400.0,391.83344
2025-12-28 16:00:00,466.0,376.44818
2025-12-28 17:00:00,357.0,350.19128
2025-12-28 18:00:00,205.0,314.66714
2025-12-28 19:00:00,164.0,272.46902
2025-12-28 20:00:00,143.0,215.52087
2025-12-28 21:00:00,98.0,168.91638
2025-12-28 22:00:00,75.0,124.7936
2025-12-28 23:00:00,44.0,86.24559
2025-12-29 00:00:00,38.0,65.62543
2025-12-29 01:00:00,14.0,45.3703
2025-12-29 02:00:00,22.0,36.679184
2025-12-29 03:00:00,7.0,40.329254
2025-12-29 04:00:00,17.0,55.622086
2025-12-29 05:00:00,45.0,81.879
2025-12-29 06:00:00,111.0,117.03328
2025-12-29 07:00:00,186.0,170.07812
2025-12-29 08:00:00,183.0,215.80968
2025-12-29 09:00:00,236.0,262.32172
2025-12-29 10:00:00,288.0,306.35202
2025-12-29 11:00:00,396.0,344.71512
2025-12-29 12:00:00,402.0,375.4312
2025-12-29 13:00:00,553.0,396.24112
2025-12-29 14:00:00,523.0,404.93222
2025-12-29 15:00:00,460.0,401.46707
2025-12-29 16:00:00,498.0,385.98938
2025-12-29 17:00:00,479.0,359.73245
2025-12-29 18:00:00,310.0,324.11584
2025-12-29 19:00:00,203.0,282.01022
2025-12-29 20:00:00,146.0,224.96959
2025-12-29 21:00:00,102.0,178.45757
2025-12-29 22:00:00,76.0,134.42725
2025-12-29 23:00:00,50.0,95.786766
2025-12-30 00:00:00,21.0,66.426865
2025-12-30 01:00:00,13.0,45.894363
2025-12-30 02:00:00,6.0,37.20323
2025-12-30 03:00:00,8.0,40.483475
2025-12-30 04:00:00,17.0,55.961212
2025-12-30 05:00:00,49.0,82.12567
2025-12-30 06:00:00,102.0,117.3724
2025-12-30 07:00:00,141.0,170.5097
2025-12-30 08:00:00,181.0,215.77895
2025-12-30 09:00:00,235.0,263.40054
2025-12-30 10:00:00,334.0,329.31934
2025-12-30 11:00:00,338.0,350.53894
2025-12-30 12:00:00,343.0,398.9039
2025-12-30 13:00:00,360.0,398.61447
2025-12-30 14:00:00,465.0,407.58295
2025-12-30 15:00:00,433.0,404.48767
2025-12-30 16:00:00,437.0,388.73254
2025-12-30 17:00:00,416.0,362.38318
2025-12-30 18:00:00,248.0,326.9515
2025-12-30 19:00:00,209.0,284.93832
2025-12-30 20:00:00,156.0,227.71278
2025-12-30 21:00:00,88.0,180.92337
2025-12-30 22:00:00,65.0,136.5232
2025-12-30 23:00:00,48.0,97.69779
2025-12-31 00:00:00,27.0,74.33641
2025-12-31 01:00:00,27.0,53.434036
2025-12-31 02:00:00,4.0,44.095688
2025-12-31 03:00:00,9.0,47.375916
2025-12-31 04:00:00,19.0,62.298874
2025-12-31 05:00:00,41.0,88.00101
2025-12-31 06:00:00,78.0,122.508026
2025-12-31 07:00:00,121.0,175.55287
2025-12-31 08:00:00,143.0,224.11421
2025-12-31 09:00:00,198.0,297.6625
2025-12-31 10:00:00,283.0,342.70993
2025-12-31 11:00:00,371.0,381.72028
2025-12-31 12:00:00,316.0,412.62134
2025-12-31 13:00:00,371.0,433.52368
2025-12-31 14:00:00,376.0,442.49216
2025-12-31 15:00:00,363.0,435.90338
2025-12-31 16:00:00,349.0,393.96063
2025-12-31 17:00:00,303.0,366.77908
2025-12-31 18:00:00,194.0,331.07
2025-12-31 19:00:00,101.0,288.59454
2025-12-31 20:00:00,76.0,231.8313
2025-12-31 21:00:00,69.0,185.13435
2025-12-31 22:00:00,55.0,140.82663
2025-12-31 23:00:00,45.0,101.81631
