datetime,actual_volume,predicted_volume
2024-03-16 20:00:00,651.0,792.0839
2024-03-16 21:00:00,526.0,620.001
2024-03-16 22:00:00,481.0,467.37476
2024-03-16 23:00:00,366.0,342.73413
2024-03-17 00:00:00,264.0,240.1048
2024-03-17 01:00:00,149.0,197.63824
2024-03-17 02:00:00,103.0,200.21375
2024-03-17 03:00:00,88.0,248.28564
2024-03-17 04:00:00,88.0,336.9956
2024-03-17 05:00:00,84.0,464.05984
2024-03-17 06:00:00,185.0,619.2616
2024-03-17 07:00:00,253.0,826.9756
2024-03-17 08:00:00,483.0,1002.2784
2024-03-17 09:00:00,885.0,1207.0017
2024-03-17 10:00:00,1378.0,1337.4294
2024-03-17 11:00:00,1892.0,1462.7993
2024-03-17 12:00:00,2192.0,1550.7201
2024-03-17 13:00:00,2294.0,1593.9161
2024-03-17 14:00:00,2426.0,1590.2468
2024-03-17 15:00:00,2566.0,1539.6226
2024-03-17 16:00:00,2678.0,1447.6316
2024-03-17 17:00:00,2530.0,1317.2863
2024-03-17 18:00:00,2126.0,1160.6265
2024-03-17 19:00:00,1618.0,987.5492
2024-03-17 20:00:00,1295.0,778.0367
2024-03-17 21:00:00,757.0,604.86017
2024-03-17 22:00:00,436.0,451.93713
2024-03-17 23:00:00,181.0,329.11932
2024-03-18 00:00:00,75.0,214.11566
2024-03-18 01:00:00,58.0,171.64911
2024-03-18 02:00:00,52.0,176.41205
2024-03-18 03:00:00,48.0,225.21295
2024-03-18 04:00:00,132.0,285.50928
2024-03-18 05:00:00,744.0,414.26065
2024-03-18 06:00:00,1814.0,569.4624
2024-03-18 07:00:00,2348.0,745.30347
2024-03-18 08:00:00,1597.0,926.9533
2024-03-18 09:00:00,1101.0,1095.5686
2024-03-18 10:00:00,796.0,1250.8652
2024-03-18 11:00:00,1180.0,1371.0803
2024-03-18 12:00:00,1246.0,1458.4331
2024-03-18 13:00:00,800.0,1494.9651
2024-03-18 14:00:00,863.0,1488.6506
2024-03-18 15:00:00,625.0,1500.0765
2024-03-18 16:00:00,1170.0,1344.5774
2024-03-18 17:00:00,641.0,1277.8081
2024-03-18 18:00:00,563.0,1120.7836
2024-03-18 19:00:00,746.0,946.6127
2024-03-18 20:00:00,443.0,737.16797
2024-03-18 21:00:00,383.0,567.2725
2024-03-18 22:00:00,124.0,415.01086
2024-03-18 23:00:00,16.0,292.19305
2024-03-19 00:00:00,59.0,220.11353
2024-03-19 01:00:00,45.0,178.44379
2024-03-19 02:00:00,42.0,181.38385
2024-03-19 03:00:00,35.0,226.90393
2024-03-19 04:00:00,149.0,317.4367
2024-03-19 05:00:00,584.0,443.77182
2024-03-19 06:00:00,1552.0,599.85596
2024-03-19 07:00:00,1569.0,830.11255
2024-03-19 08:00:00,1293.0,981.0702
2024-03-19 09:00:00,1077.0,1181.0107
2024-03-19 10:00:00,1008.0,1336.1887
2024-03-19 11:00:00,970.0,1463.7461
2024-03-19 12:00:00,945.0,1555.3127
2024-03-19 13:00:00,1159.0,1601.0604
2024-03-19 14:00:00,1229.0,1601.4016
2024-03-19 15:00:00,1402.0,1553.694
2024-03-19 16:00:00,1630.0,1460.9738
2024-03-19 17:00:00,1778.0,1332.1447
2024-03-19 18:00:00,1424.0,1149.7593
2024-03-19 19:00:00,830.0,972.3651
2024-03-19 20:00:00,489.0,759.6393
2024-03-19 21:00:00,381.0,587.1918
2024-03-19 22:00:00,263.0,431.28458
2024-03-19 23:00:00,206.0,305.1856
2024-03-20 00:00:00,197.0,173.34589
2024-03-20 01:00:00,54.0,129.78546
2024-03-20 02:00:00,48.0,132.72552
2024-03-20 03:00:00,56.0,181.16211
2024-03-20 04:00:00,149.0,273.51758
2024-03-20 05:00:00,702.0,400.9464
2024-03-20 06:00:00,2123.0,554.15173
2024-03-20 07:00:00,2348.0,782.1804
2024-03-20 08:00:00,1444.0,965.00885
2024-03-20 09:00:00,1118.0,1140.0083
2024-03-20 10:00:00,1008.0,1298.8319
2024-03-20 11:00:00,1058.0,1428.5765
2024-03-20 12:00:00,1183.0,1517.5911
2024-03-20 13:00:00,1306.0,1566.9846
2024-03-20 14:00:00,1294.0,1564.0444
2024-03-20 15:00:00,1391.0,1517.7953
2024-03-20 16:00:00,1703.0,1426.1688
2024-03-20 17:00:00,1819.0,1298.3582
2024-03-20 18:00:00,1439.0,1114.6477
2024-03-20 19:00:00,842.0,936.1019
2024-03-20 20:00:00,493.0,721.9179
2024-03-20 21:00:00,327.0,548.37665
2024-03-20 22:00:00,299.0,393.92764
2024-03-20 23:00:00,146.0,269.287
2024-03-21 00:00:00,91.0,213.445
2024-03-21 01:00:00,55.0,172.80133
2024-03-21 02:00:00,33.0,177.56427
2024-03-21 03:00:00,55.0,227.09436
2024-03-21 04:00:00,162.0,317.26257
2024-03-21 05:00:00,708.0,447.24338
2024-03-21 06:00:00,2123.0,572.6409
2024-03-21 07:00:00,2469.0,759.06287
2024-03-21 08:00:00,1618.0,923.85803
2024-03-21 09:00:00,1133.0,1094.3215
2024-03-21 10:00:00,1118.0,1248.5338
2024-03-21 11:00:00,1082.0,1432.8583
2024-03-21 12:00:00,1185.0,1522.1796
2024-03-21 13:00:00,1289.0,1565.1064
2024-03-21 14:00:00,1243.0,1591.407
2024-03-21 15:00:00,1271.0,1542.9473
2024-03-21 16:00:00,1442.0,1456.3495
2024-03-21 17:00:00,1696.0,1299.8912
2024-03-21 18:00:00,1260.0,1141.6226
2024-03-21 19:00:00,743.0,964.53503
2024-03-21 20:00:00,478.0,753.9967
2024-03-21 21:00:00,372.0,581.5492
2024-03-21 22:00:00,298.0,425.64185
2024-03-21 23:00:00,191.0,298.08466
2024-03-22 00:00:00,89.0,249.02191
2024-03-22 01:00:00,83.0,204.0033
2024-03-22 02:00:00,86.0,205.48517
2024-03-22 03:00:00,74.0,255.01538
2024-03-22 04:00:00,171.0,347.37103
2024-03-22 05:00:00,643.0,476.2581
2024-03-22 06:00:00,1926.0,635.4701
2024-03-22 07:00:00,2106.0,840.9967
2024-03-22 08:00:00,1468.0,1022.88477
2024-03-22 09:00:00,1161.0,1219.7526
2024-03-22 10:00:00,1113.0,1375.2373
2024-03-22 11:00:00,1222.0,1503.1592
2024-03-22 12:00:00,1200.0,1596.1841
2024-03-22 13:00:00,1492.0,1641.9319
2024-03-22 14:00:00,1501.0,1639.721
2024-03-22 15:00:00,1620.0,1590.9197
2024-03-22 16:00:00,1909.0,1473.6605
2024-03-22 17:00:00,1831.0,1344.2555
2024-03-22 18:00:00,1470.0,1185.1621
2024-03-22 19:00:00,1139.0,1004.4868
2024-03-22 20:00:00,730.0,791.0319
2024-03-22 21:00:00,495.0,619.3136
2024-03-22 22:00:00,419.0,463.40628
2024-03-22 23:00:00,294.0,336.94275
2024-03-23 00:00:00,172.0,307.32874
2024-03-23 01:00:00,99.0,262.31006
2024-03-23 02:00:00,72.0,263.42737
2024-03-23 03:00:00,86.0,318.06158
2024-03-23 04:00:00,129.0,408.5944
2024-03-23 05:00:00,229.0,536.3878
2024-03-23 06:00:00,527.0,664.10846
2024-03-23 07:00:00,825.0,853.2942
2024-03-23 08:00:00,1149.0,1021.7267
2024-03-23 09:00:00,1261.0,1183.3049
2024-03-23 10:00:00,1575.0,1328.9788
2024-03-23 11:00:00,1168.0,1514.7114
2024-03-23 12:00:00,1014.0,1600.0802
2024-03-23 13:00:00,1750.0,1646.4966
2024-03-23 14:00:00,1614.0,1645.2664
2024-03-23 15:00:00,1676.0,1595.9646
2024-03-23 16:00:00,1667.0,1504.0518
2024-03-23 17:00:00,1567.0,1374.3024
2024-03-23 18:00:00,1198.0,1215.8196
2024-03-23 19:00:00,817.0,976.20734
2024-03-23 20:00:00,681.0,820.10547
2024-03-23 21:00:00,561.0,651.37146
2024-03-23 22:00:00,463.0,475.32492
2024-03-23 23:00:00,394.0,368.56824
2024-03-24 00:00:00,434.0,267.81854
2024-03-24 01:00:00,222.0,226.44562
2024-03-24 02:00:00,111.0,203.95642
2024-03-24 03:00:00,72.0,252.46075
2024-03-24 04:00:00,91.0,346.69006
2024-03-24 05:00:00,89.0,474.52588
2024-03-24 06:00:00,169.0,661.92267
2024-03-24 07:00:00,238.0,809.6805
2024-03-24 08:00:00,484.0,976.502
2024-03-24 09:00:00,798.0,1235.7512
2024-03-24 10:00:00,1192.0,1393.1543
2024-03-24 11:00:00,1734.0,1491.277
2024-03-24 12:00:00,1727.0,1579.4773
2024-03-24 13:00:00,1651.0,1623.4225
2024-03-24 14:00:00,2216.0,1548.8352
2024-03-24 15:00:00,2219.0,1502.5383
2024-03-24 16:00:00,2083.0,1471.4857
2024-03-24 17:00:00,1960.0,1341.0449
2024-03-24 18:00:00,1552.0,1185.3456
2024-03-24 19:00:00,1142.0,1014.8984
2024-03-24 20:00:00,947.0,809.82855
2024-03-24 21:00:00,718.0,640.66223
2024-03-24 22:00:00,329.0,488.7651
2024-03-24 23:00:00,140.0,330.08118
2024-03-25 00:00:00,60.0,239.56287
2024-03-25 01:00:00,51.0,165.96973
2024-03-25 02:00:00,41.0,200.8335
2024-03-25 03:00:00,55.0,249.99902
2024-03-25 04:00:00,167.0,341.26093
2024-03-25 05:00:00,806.0,468.3252
2024-03-25 06:00:00,2202.0,619.20715
2024-03-25 07:00:00,2436.0,849.5592
2024-03-25 08:00:00,1508.0,1032.0231
2024-03-25 09:00:00,1153.0,1208.1162
2024-03-25 10:00:00,1045.0,1366.2107
2024-03-25 11:00:00,1117.0,1492.3097
2024-03-25 12:00:00,1056.0,1580.9597
2024-03-25 13:00:00,1271.0,1627.4365
2024-03-25 14:00:00,1193.0,1625.5903
2024-03-25 15:00:00,1356.0,1577.8827
2024-03-25 16:00:00,1554.0,1485.8917
2024-03-25 17:00:00,1807.0,1331.5455
2024-03-25 18:00:00,1437.0,1174.3706
2024-03-25 19:00:00,812.0,997.2831
2024-03-25 20:00:00,506.0,784.9219
2024-03-25 21:00:00,333.0,613.20355
2024-03-25 22:00:00,230.0,459.4836
2024-03-25 23:00:00,117.0,335.20752
2024-03-26 00:00:00,61.0,217.71747
2024-03-26 01:00:00,42.0,174.88617
2024-03-26 02:00:00,46.0,175.27429
2024-03-26 03:00:00,50.0,223.71088
2024-03-26 04:00:00,140.0,314.60815
2024-03-26 05:00:00,732.0,442.7661
2024-03-26 06:00:00,2107.0,599.0615
2024-03-26 07:00:00,2446.0,807.5047
2024-03-26 08:00:00,1618.0,1014.29626
2024-03-26 09:00:00,1178.0,1185.6472
2024-03-26 10:00:00,1087.0,1321.2397
2024-03-26 11:00:00,1088.0,1448.1055
2024-03-26 12:00:00,1069.0,1564.3615
2024-03-26 13:00:00,1229.0,1612.45
2024-03-26 14:00:00,1209.0,1613.5203
2024-03-26 15:00:00,1366.0,1565.0836
2024-03-26 16:00:00,1468.0,1473.8217
2024-03-26 17:00:00,1734.0,1343.6123
2024-03-26 18:00:00,1334.0,1162.665
2024-03-26 19:00:00,778.0,988.1296
2024-03-26 20:00:00,472.0,775.03925
2024-03-26 21:00:00,350.0,609.88306
2024-03-26 22:00:00,299.0,456.52777
2024-03-26 23:00:00,219.0,327.1477
2024-03-27 00:00:00,70.0,233.83691
2024-03-27 01:00:00,40.0,190.64117
2024-03-27 02:00:00,34.0,192.12292
2024-03-27 03:00:00,46.0,237.64294
2024-03-27 04:00:00,138.0,327.8111
2024-03-27 05:00:00,723.0,454.14627
2024-03-27 06:00:00,2097.0,612.41785
2024-03-27 07:00:00,2263.0,842.5008
2024-03-27 08:00:00,1562.0,1024.2732
2024-03-27 09:00:00,1163.0,1198.3727
2024-03-27 10:00:00,1095.0,1323.5056
2024-03-27 11:00:00,1200.0,1442.6777
2024-03-27 12:00:00,1225.0,1524.0364
2024-03-27 13:00:00,1387.0,1564.3156
2024-03-27 14:00:00,1309.0,1559.9172
2024-03-27 15:00:00,1017.0,1508.9287
2024-03-27 16:00:00,764.0,1351.8354
2024-03-27 17:00:00,1154.0,1220.761
2024-03-27 18:00:00,1331.0,1126.2867
2024-03-27 19:00:00,315.0,952.48035
2024-03-27 20:00:00,360.0,742.3065
2024-03-27 21:00:00,392.0,569.859
2024-03-27 22:00:00,296.0,415.7746
2024-03-27 23:00:00,220.0,292.22766
2024-03-28 00:00:00,196.0,237.10327
2024-03-28 01:00:00,69.0,194.63678
2024-03-28 02:00:00,40.0,195.75403
2024-03-28 03:00:00,66.0,244.91956
2024-03-28 04:00:00,164.0,337.63977
2024-03-28 05:00:00,650.0,468.34973
2024-03-28 06:00:00,1802.0,625.73883
2024-03-28 07:00:00,2025.0,831.26544
2024-03-28 08:00:00,1403.0,947.898
2024-03-28 09:00:00,1077.0,1134.529
2024-03-28 10:00:00,1144.0,1273.2257
2024-03-28 11:00:00,1189.0,1460.8915
2024-03-28 12:00:00,1278.0,1552.8226
2024-03-28 13:00:00,1402.0,1601.1223
2024-03-28 14:00:00,1399.0,1628.2477
2024-03-28 15:00:00,1422.0,1579.6375
2024-03-28 16:00:00,1590.0,1485.0916
2024-03-28 17:00:00,1733.0,1353.748
2024-03-28 18:00:00,1376.0,1167.37
2024-03-28 19:00:00,939.0,990.01624
2024-03-28 20:00:00,684.0,777.655
2024-03-28 21:00:00,440.0,605.57214
2024-03-28 22:00:00,368.0,452.94586
2024-03-28 23:00:00,274.0,329.7635
2024-03-29 00:00:00,138.0,17.115417
2024-03-29 01:00:00,97.0,-26.80951
2024-03-29 02:00:00,77.0,-19.85913
2024-03-29 03:00:00,90.0,30.035706
2024-03-29 04:00:00,135.0,119.47479
2024-03-29 05:00:00,114.0,247.9975
2024-03-29 06:00:00,213.0,408.3029
2024-03-29 07:00:00,310.0,612.46387
2024-03-29 08:00:00,574.0,793.8341
2024-03-29 09:00:00,1007.0,976.56744
2024-03-29 10:00:00,1275.0,1159.3546
2024-03-29 11:00:00,1464.0,1285.8962
2024-03-29 12:00:00,1309.0,1382.6421
2024-03-29 13:00:00,1249.0,1440.0762
2024-03-29 14:00:00,1355.0,1408.6246
2024-03-29 15:00:00,1459.0,1358.1942
2024-03-29 16:00:00,1544.0,1266.2034
2024-03-29 17:00:00,1509.0,1137.3162
2024-03-29 18:00:00,1209.0,980.29144
2024-03-29 19:00:00,741.0,807.579
2024-03-29 20:00:00,607.0,597.40515
2024-03-29 21:00:00,474.0,426.0513
2024-03-29 22:00:00,342.0,273.42517
2024-03-29 23:00:00,258.0,147.69092
2024-03-30 00:00:00,132.0,348.6709
2024-03-30 01:00:00,126.0,306.5688
2024-03-30 02:00:00,57.0,309.5089
2024-03-30 03:00:00,83.0,359.7683
2024-03-30 04:00:00,112.0,446.65546
2024-03-30 05:00:00,151.0,572.2615
2024-03-30 06:00:00,329.0,721.2655
2024-03-30 07:00:00,468.0,929.34406
2024-03-30 08:00:00,853.0,1116.1827
2024-03-30 09:00:00,1217.0,1290.8176
2024-03-30 10:00:00,1470.0,1447.0894
2024-03-30 11:00:00,1656.0,1572.4592
2024-03-30 12:00:00,1489.0,1658.2476
2024-03-30 13:00:00,1652.0,1699.6003
2024-03-30 14:00:00,1600.0,1697.3546
2024-03-30 15:00:00,1635.0,1641.3923
2024-03-30 16:00:00,1679.0,1541.9392
2024-03-30 17:00:00,1620.0,1406.8949
2024-03-30 18:00:00,1224.0,1244.7665
2024-03-30 19:00:00,849.0,1068.0436
2024-03-30 20:00:00,763.0,856.77606
2024-03-30 21:00:00,592.0,684.3286
2024-03-30 22:00:00,518.0,501.8982
2024-03-30 23:00:00,363.0,385.9136
2024-03-31 00:00:00,214.0,301.85767
2024-03-31 01:00:00,102.0,257.56824
2024-03-31 02:00:00,0.0,258.32086
2024-03-31 03:00:00,106.0,307.85114
2024-03-31 04:00:00,113.0,400.5713
2024-03-31 05:00:00,108.0,529.0939
2024-03-31 06:00:00,127.0,685.7539
2024-03-31 07:00:00,121.0,891.74054
2024-03-31 08:00:00,362.0,1066.6035
2024-03-31 09:00:00,844.0,1241.9473
2024-03-31 10:00:00,1424.0,1400.58
2024-03-31 11:00:00,1613.0,1530.2291
2024-03-31 12:00:00,1672.0,1649.445
2024-03-31 13:00:00,1978.0,1704.8251
2024-03-31 14:00:00,1934.0,1699.3301
2024-03-31 15:00:00,2095.0,1624.1091
2024-03-31 16:00:00,2255.0,1532.7169
2024-03-31 17:00:00,2159.0,1403.8298
2024-03-31 18:00:00,1900.0,1238.7849
2024-03-31 19:00:00,1417.0,1069.3534
2024-03-31 20:00:00,1117.0,860.6378
2024-03-31 21:00:00,899.0,687.4613
2024-03-31 22:00:00,563.0,533.3767
2024-03-31 23:00:00,329.0,408.00693
2024-04-01 00:00:00,188.0,509.50992
2024-04-01 01:00:00,124.0,463.76215
2024-04-01 02:00:00,91.0,469.9834
2024-04-01 03:00:00,60.0,516.59705
2024-04-01 04:00:00,105.0,604.2134
2024-04-01 05:00:00,84.0,701.60046
2024-04-01 06:00:00,161.0,859.7778
2024-04-01 07:00:00,183.0,1020.7313
2024-04-01 08:00:00,401.0,1202.4573
2024-04-01 09:00:00,824.0,1370.1146
2024-04-01 10:00:00,1447.0,1515.1868
2024-04-01 11:00:00,2207.0,1702.6743
2024-04-01 12:00:00,2425.0,1790.2307
2024-04-01 13:00:00,2509.0,1831.6036
2024-04-01 14:00:00,2510.0,1767.5039
2024-04-01 15:00:00,2451.0,1714.5568
2024-04-01 16:00:00,2384.0,1682.996
2024-04-01 17:00:00,2110.0,1551.5771
2024-04-01 18:00:00,1907.0,1395.033
2024-04-01 19:00:00,1407.0,1221.2266
2024-04-01 20:00:00,1238.0,1013.2401
2024-04-01 21:00:00,983.0,845.8289
2024-04-01 22:00:00,643.0,692.906
2024-04-01 23:00:00,285.0,570.0882
2024-04-02 00:00:00,104.0,222.39056
2024-04-02 01:00:00,86.0,149.02594
2024-04-02 02:00:00,56.0,180.67645
2024-04-02 03:00:00,55.0,230.20673
2024-04-02 04:00:00,170.0,322.19775
2024-04-02 05:00:00,768.0,449.62656
2024-04-02 06:00:00,2034.0,605.922
2024-04-02 07:00:00,2259.0,812.00415
2024-04-02 08:00:00,1568.0,1017.23914
2024-04-02 09:00:00,1145.0,1197.5942
2024-04-02 10:00:00,1180.0,1323.3579
2024-04-02 11:00:00,1169.0,1474.3604
2024-04-02 12:00:00,1276.0,1559.7495
2024-04-02 13:00:00,1389.0,1606.669
2024-04-02 14:00:00,1314.0,1601.4231
2024-04-02 15:00:00,1356.0,1552.8331
2024-04-02 16:00:00,1410.0,1459.4995
2024-04-02 17:00:00,1661.0,1303.617
2024-04-02 18:00:00,1277.0,1145.25
2024-04-02 19:00:00,868.0,968.7411
2024-04-02 20:00:00,528.0,754.1925
2024-04-02 21:00:00,427.0,579.9221
2024-04-02 22:00:00,301.0,426.2022
2024-04-02 23:00:00,150.0,301.56158
2024-04-03 00:00:00,103.0,212.97833
2024-04-03 01:00:00,71.0,169.78247
2024-04-03 02:00:00,58.0,174.18091
2024-04-03 03:00:00,51.0,225.89856
2024-04-03 04:00:00,152.0,319.34778
2024-04-03 05:00:00,690.0,448.96402
2024-04-03 06:00:00,1895.0,605.25946
2024-04-03 07:00:00,2188.0,811.87976
2024-04-03 08:00:00,1525.0,993.979
2024-04-03 09:00:00,1139.0,1166.791
2024-04-03 10:00:00,1075.0,1325.2502
2024-04-03 11:00:00,1118.0,1448.0681
2024-04-03 12:00:00,1153.0,1530.8849
2024-04-03 13:00:00,1330.0,1574.0807
2024-04-03 14:00:00,1274.0,1574.7864
2024-04-03 15:00:00,1178.0,1463.5281
2024-04-03 16:00:00,1170.0,1367.5947
2024-04-03 17:00:00,1596.0,1297.2399
2024-04-03 18:00:00,1334.0,1140.4266
2024-04-03 19:00:00,781.0,967.714
2024-04-03 20:00:00,457.0,761.91504
2024-04-03 21:00:00,384.0,590.56116
2024-04-03 22:00:00,304.0,440.12244
2024-04-03 23:00:00,164.0,314.0235
2024-04-04 00:00:00,83.0,253.7779
2024-04-04 01:00:00,75.0,211.97266
2024-04-04 02:00:00,48.0,213.0899
2024-04-04 03:00:00,50.0,258.6776
2024-04-04 04:00:00,151.0,351.03326
2024-04-04 05:00:00,638.0,478.82666
2024-04-04 06:00:00,1980.0,634.06604
2024-04-04 07:00:00,2266.0,841.3778
2024-04-04 08:00:00,1506.0,1020.98016
2024-04-04 09:00:00,1192.0,1196.2891
2024-04-04 10:00:00,1061.0,1354.537
2024-04-04 11:00:00,1100.0,1510.2412
2024-04-04 12:00:00,1106.0,1572.0492
2024-04-04 13:00:00,1199.0,1615.245
2024-04-04 14:00:00,1221.0,1612.3049
2024-04-04 15:00:00,1314.0,1560.9517
2024-04-04 16:00:00,1297.0,1463.4922
2024-04-04 17:00:00,1538.0,1333.5114
2024-04-04 18:00:00,1312.0,1175.7578
2024-04-04 19:00:00,861.0,1000.8577
2024-04-04 20:00:00,479.0,790.3194
2024-04-04 21:00:00,414.0,618.9656
2024-04-04 22:00:00,290.0,466.70392
2024-04-04 23:00:00,159.0,344.25073
2024-04-05 00:00:00,90.0,306.10687
2024-04-05 01:00:00,61.0,262.18195
2024-04-05 02:00:00,43.0,264.7575
2024-04-05 03:00:00,55.0,311.73578
2024-04-05 04:00:00,130.0,403.36227
2024-04-05 05:00:00,612.0,529.6974
2024-04-05 06:00:00,1731.0,685.93494
2024-04-05 07:00:00,1791.0,917.39813
2024-04-05 08:00:00,1323.0,1099.9575
2024-04-05 09:00:00,1148.0,1277.8734
2024-04-05 10:00:00,1196.0,1434.8743
2024-04-05 11:00:00,1125.0,1564.9836
2024-04-05 12:00:00,1220.0,1654.7273
2024-04-05 13:00:00,1422.0,1700.8396
2024-04-05 14:00:00,1400.0,1703.1771
2024-04-05 15:00:00,1520.0,1657.353
2024-04-05 16:00:00,1749.0,1538.4243
2024-04-05 17:00:00,1788.0,1407.3499
2024-04-05 18:00:00,1639.0,1243.7632
2024-04-05 19:00:00,965.0,1065.2175
2024-04-05 20:00:00,708.0,852.85626
2024-04-05 21:00:00,545.0,676.034
2024-04-05 22:00:00,413.0,520.4912
2024-04-05 23:00:00,317.0,394.3923
2024-04-06 00:00:00,188.0,277.47937
2024-04-06 01:00:00,121.0,234.64807
2024-04-06 02:00:00,77.0,238.31738
2024-04-06 03:00:00,86.0,286.75397
2024-04-06 04:00:00,139.0,375.0993
2024-04-06 05:00:00,174.0,501.0699
2024-04-06 06:00:00,467.0,651.85364
2024-04-06 07:00:00,877.0,890.3244
2024-04-06 08:00:00,1093.0,1073.1528
2024-04-06 09:00:00,1350.0,1251.4912
2024-04-06 10:00:00,1556.0,1406.9758
2024-04-06 11:00:00,1536.0,1541.425
2024-04-06 12:00:00,1461.0,1628.5765
2024-04-06 13:00:00,1551.0,1672.9412
2024-04-06 14:00:00,1618.0,1673.2822
2024-04-06 15:00:00,1678.0,1625.5747
2024-04-06 16:00:00,1722.0,1533.9482
2024-04-06 17:00:00,1735.0,1381.0604
2024-04-06 18:00:00,1449.0,1219.8751
2024-04-06 19:00:00,1087.0,1043.8813
2024-04-06 20:00:00,747.0,830.791
2024-04-06 21:00:00,657.0,655.42706
2024-04-06 22:00:00,483.0,495.5094
2024-04-06 23:00:00,355.0,369.41046
2024-04-07 00:00:00,246.0,336.90222
2024-04-07 01:00:00,131.0,295.1646
2024-04-07 02:00:00,120.0,297.74023
2024-04-07 03:00:00,94.0,346.90594
2024-04-07 04:00:00,139.0,441.81354
2024-04-07 05:00:00,100.0,571.0652
2024-04-07 06:00:00,177.0,723.715
2024-04-07 07:00:00,327.0,933.4052
2024-04-07 08:00:00,572.0,1114.2574
2024-04-07 09:00:00,898.0,1287.4341
2024-04-07 10:00:00,1152.0,1442.6119
2024-04-07 11:00:00,1457.0,1567.6172
2024-04-07 12:00:00,1572.0,1656.6318
2024-04-07 13:00:00,1771.0,1702.3796
2024-04-07 14:00:00,1924.0,1702.145
2024-04-07 15:00:00,2133.0,1678.7651
2024-04-07 16:00:00,2336.0,1561.1414
2024-04-07 17:00:00,2195.0,1429.3955
2024-04-07 18:00:00,1756.0,1268.7256
2024-04-07 19:00:00,1518.0,1089.8152
2024-04-07 20:00:00,1188.0,879.27686
2024-04-07 21:00:00,753.0,709.3814
2024-04-07 22:00:00,466.0,558.2134
2024-04-07 23:00:00,245.0,438.31207
2024-04-08 00:00:00,117.0,257.78638
2024-04-08 01:00:00,62.0,211.67426
2024-04-08 02:00:00,68.0,214.24976
2024-04-08 03:00:00,59.0,261.59247
2024-04-08 04:00:00,192.0,352.12524
2024-04-08 05:00:00,828.0,481.37692
2024-04-08 06:00:00,2092.0,631.8393
2024-04-08 07:00:00,2320.0,841.3761
2024-04-08 08:00:00,1584.0,1020.53864
2024-04-08 09:00:00,1164.0,1226.046
2024-04-08 10:00:00,1099.0,1353.3057
2024-04-08 11:00:00,1100.0,1482.3589
2024-04-08 12:00:00,1087.0,1600.4434
2024-04-08 13:00:00,1232.0,1620.1158
2024-04-08 14:00:00,1251.0,1612.856
2024-04-08 15:00:00,1342.0,1566.9365
2024-04-08 16:00:00,1340.0,1470.9526
2024-04-08 17:00:00,1700.0,1340.4365
2024-04-08 18:00:00,1296.0,1182.3184
2024-04-08 19:00:00,850.0,1005.95996
2024-04-08 20:00:00,511.0,800.161
2024-04-08 21:00:00,354.0,635.3695
2024-04-08 22:00:00,300.0,480.9204
2024-04-08 23:00:00,150.0,359.56085
2024-04-09 00:00:00,96.0,244.23425
2024-04-09 01:00:00,116.0,200.3092
2024-04-09 02:00:00,94.0,203.24939
2024-04-09 03:00:00,72.0,243.66534
2024-04-09 04:00:00,161.0,327.63586
2024-04-09 05:00:00,746.0,450.3253
2024-04-09 06:00:00,2109.0,604.0687
2024-04-09 07:00:00,2316.0,809.2308
2024-04-09 08:00:00,1485.0,978.5702
2024-04-09 09:00:00,1137.0,1141.5388
2024-04-09 10:00:00,1065.0,1289.0609
2024-04-09 11:00:00,1057.0,1408.1653
2024-04-09 12:00:00,1044.0,1430.1191
2024-04-09 13:00:00,1243.0,1471.4241
2024-04-09 14:00:00,1225.0,1465.1099
2024-04-09 15:00:00,1234.0,1412.595
2024-04-09 16:00:00,1418.0,1319.4001
2024-04-09 17:00:00,1544.0,1188.7327
2024-04-09 18:00:00,1161.0,1096.2168
2024-04-09 19:00:00,755.0,922.7751
2024-04-09 20:00:00,444.0,713.695
2024-04-09 21:00:00,328.0,544.164
2024-04-09 22:00:00,273.0,391.17325
2024-04-09 23:00:00,168.0,267.9909
2024-04-10 00:00:00,105.0,182.31189
2024-04-10 01:00:00,77.0,110.93121
2024-04-10 02:00:00,64.0,143.5144
2024-04-10 03:00:00,60.0,192.68024
2024-04-10 04:00:00,162.0,284.30658
2024-04-10 05:00:00,701.0,412.8291
2024-04-10 06:00:00,2020.0,569.48914
2024-04-10 07:00:00,2213.0,775.0157
2024-04-10 08:00:00,1469.0,955.2921
2024-04-10 09:00:00,1093.0,1127.0104
2024-04-10 10:00:00,1093.0,1280.3077
2024-04-10 11:00:00,1136.0,1342.829
2024-04-10 12:00:00,1077.0,1489.0024
2024-04-10 13:00:00,1286.0,1533.2063
2024-04-10 14:00:00,1191.0,1529.6904
2024-04-10 15:00:00,1092.0,1481.6936
2024-04-10 16:00:00,1427.0,1391.6615
2024-04-10 17:00:00,1635.0,1263.8682
2024-04-10 18:00:00,1330.0,1106.4791
2024-04-10 19:00:00,770.0,932.6727
2024-04-10 20:00:00,498.0,722.49896
2024-04-10 21:00:00,443.0,548.95776
2024-04-10 22:00:00,322.0,393.415
2024-04-10 23:00:00,187.0,267.3161
2024-04-11 00:00:00,94.0,210.70923
2024-04-11 01:00:00,92.0,166.78442
2024-04-11 02:00:00,80.0,169.72455
2024-04-11 03:00:00,59.0,218.52551
2024-04-11 04:00:00,149.0,310.15198
2024-04-11 05:00:00,736.0,439.76822
2024-04-11 06:00:00,2070.0,594.48694
2024-04-11 07:00:00,2302.0,826.1062
2024-04-11 08:00:00,1405.0,1006.3827
2024-04-11 09:00:00,1159.0,1182.1112
2024-04-11 10:00:00,1114.0,1338.7474
2024-04-11 11:00:00,1080.0,1468.8567
2024-04-11 12:00:00,1036.0,1557.1421
2024-04-11 13:00:00,1246.0,1604.3481
2024-04-11 14:00:00,1239.0,1602.8665
2024-04-11 15:00:00,1381.0,1555.1589
2024-04-11 16:00:00,1495.0,1463.897
2024-04-11 17:00:00,1734.0,1336.2974
2024-04-11 18:00:00,1316.0,1152.3759
2024-04-11 19:00:00,905.0,972.00726
2024-04-11 20:00:00,556.0,759.64606
2024-04-11 21:00:00,434.0,587.1986
2024-04-11 22:00:00,333.0,433.114
2024-04-11 23:00:00,193.0,307.74426
2024-04-12 00:00:00,203.0,259.0103
2024-04-12 01:00:00,157.0,215.81445
2024-04-12 02:00:00,97.0,219.11908
2024-04-12 03:00:00,130.0,267.19116
2024-04-12 04:00:00,177.0,356.63025
2024-04-12 05:00:00,649.0,484.78818
2024-04-12 06:00:00,1845.0,635.4359
2024-04-12 07:00:00,1933.0,873.67816
2024-04-12 08:00:00,1360.0,1056.5066
2024-04-12 09:00:00,1181.0,1233.3289
2024-04-12 10:00:00,1251.0,1390.6942
2024-04-12 11:00:00,1184.0,1519.7097
2024-04-12 12:00:00,1222.0,1608.7244
2024-04-12 13:00:00,1429.0,1658.4824
2024-04-12 14:00:00,1488.0,1658.8235
2024-04-12 15:00:00,1558.0,1609.6577
2024-04-12 16:00:00,1778.0,1517.6665
2024-04-12 17:00:00,1812.0,1391.1028
2024-04-12 18:00:00,1567.0,1206.7386
2024-04-12 19:00:00,1066.0,1027.5997
2024-04-12 20:00:00,739.0,813.0511
2024-04-12 21:00:00,559.0,638.05164
2024-04-12 22:00:00,411.0,482.50882
2024-04-12 23:00:00,279.0,355.68073
2024-04-13 00:00:00,178.0,300.8025
2024-04-13 01:00:00,113.0,257.242
2024-04-13 02:00:00,86.0,258.72388
2024-04-13 03:00:00,60.0,307.52502
2024-04-13 04:00:00,118.0,398.787
2024-04-13 05:00:00,212.0,526.5803
2024-04-13 06:00:00,480.0,682.25964
2024-04-13 07:00:00,844.0,914.3766
2024-04-13 08:00:00,1134.0,1097.9342
2024-04-13 09:00:00,1327.0,1274.3918
2024-04-13 10:00:00,1486.0,1431.7573
2024-04-13 11:00:00,1582.0,1563.3248
2024-04-13 12:00:00,1483.0,1655.6204
2024-04-13 13:00:00,1564.0,1703.5557
2024-04-13 14:00:00,1560.0,1703.1675
2024-04-13 15:00:00,1520.0,1655.8245
2024-04-13 16:00:00,1631.0,1563.8336
2024-04-13 17:00:00,1589.0,1434.9668
2024-04-13 18:00:00,1293.0,1250.1049
2024-04-13 19:00:00,972.0,1069.0273
2024-04-13 20:00:00,823.0,853.0204
2024-04-13 21:00:00,623.0,678.7501
2024-04-13 22:00:00,485.0,521.0199
2024-04-13 23:00:00,392.0,396.7438
2024-04-14 00:00:00,232.0,291.87982
2024-04-14 01:00:00,118.0,249.41315
2024-04-14 02:00:00,99.0,249.07214
2024-04-14 03:00:00,94.0,301.88354
2024-04-14 04:00:00,141.0,393.8746
2024-04-14 05:00:00,79.0,520.57434
2024-04-14 06:00:00,178.0,670.56824
2024-04-14 07:00:00,245.0,910.558
2024-04-14 08:00:00,501.0,1093.0219
2024-04-14 09:00:00,867.0,1270.9377
2024-04-14 10:00:00,1155.0,1430.8552
2024-04-14 11:00:00,1318.0,1561.6936
2024-04-14 12:00:00,1370.0,1649.979
2024-04-14 13:00:00,1547.0,1698.2787
2024-04-14 14:00:00,1705.0,1697.8906
2024-04-14 15:00:00,2015.0,1649.454
2024-04-14 16:00:00,2140.0,1557.0984
2024-04-14 17:00:00,2188.0,1424.201
2024-04-14 18:00:00,1808.0,1235.6732
2024-04-14 19:00:00,1499.0,1057.9172
2024-04-14 20:00:00,1267.0,842.27496
2024-04-14 21:00:00,826.0,667.64014
2024-04-14 22:00:00,441.0,510.639
2024-04-14 23:00:00,205.0,384.54007
2024-04-15 00:00:00,92.0,228.72626
2024-04-15 01:00:00,66.0,185.16608
2024-04-15 02:00:00,50.0,188.83527
2024-04-15 03:00:00,62.0,239.0946
2024-04-15 04:00:00,162.0,299.5265
2024-04-15 05:00:00,765.0,459.97275
2024-04-15 06:00:00,2047.0,616.63275
2024-04-15 07:00:00,2167.0,819.2428
2024-04-15 08:00:00,1477.0,1002.07117
2024-04-15 09:00:00,1158.0,1115.6986
2024-04-15 10:00:00,1100.0,1269.7913
2024-04-15 11:00:00,1140.0,1383.822
2024-04-15 12:00:00,1071.0,1472.6886
2024-04-15 13:00:00,1242.0,1607.162
2024-04-15 14:00:00,1288.0,1604.5009
2024-04-15 15:00:00,1247.0,1528.8547
2024-04-15 16:00:00,1457.0,1463.2081
2024-04-15 17:00:00,1632.0,1304.3687
2024-04-15 18:00:00,1292.0,1147.8071
2024-04-15 19:00:00,756.0,973.6187
2024-04-15 20:00:00,524.0,760.5284
2024-04-15 21:00:00,330.0,586.25806
2024-04-15 22:00:00,276.0,430.3507
2024-04-15 23:00:00,127.0,305.71008
2024-04-16 00:00:00,121.0,187.45459
2024-04-16 01:00:00,100.0,139.88379
2024-04-16 02:00:00,82.0,132.25146
2024-04-16 03:00:00,82.0,146.492
2024-04-16 04:00:00,158.0,239.8139
2024-04-16 05:00:00,698.0,362.97815
2024-04-16 06:00:00,2090.0,517.0525
2024-04-16 07:00:00,2350.0,691.9625
2024-04-16 08:00:00,1449.0,934.77893
2024-04-16 09:00:00,1072.0,1135.7958
2024-04-16 10:00:00,953.0,1286.9607
2024-04-16 11:00:00,1023.0,1416.9194
2024-04-16 12:00:00,993.0,1505.2048
2024-04-16 13:00:00,1156.0,1521.6338
2024-04-16 14:00:00,1071.0,1545.1914
2024-04-16 15:00:00,1155.0,1467.3782
2024-04-16 16:00:00,1432.0,1375.8877
2024-04-16 17:00:00,1553.0,1247.5011
2024-04-16 18:00:00,1214.0,1087.56
2024-04-16 19:00:00,731.0,848.0411
2024-04-16 20:00:00,444.0,669.5958
2024-04-16 21:00:00,304.0,491.25604
2024-04-16 22:00:00,259.0,368.6629
2024-04-16 23:00:00,137.0,215.67639
2024-04-17 00:00:00,104.0,129.55249
2024-04-17 01:00:00,93.0,119.1452
2024-04-17 02:00:00,65.0,92.05231
2024-04-17 03:00:00,52.0,141.9472
2024-04-17 04:00:00,147.0,232.84448
2024-04-17 05:00:00,720.0,392.8583
2024-04-17 06:00:00,2028.0,517.4589
2024-04-17 07:00:00,2263.0,690.197
2024-04-17 08:00:00,1449.0,868.69305
2024-04-17 09:00:00,1116.0,1043.4719
2024-04-17 10:00:00,1013.0,1192.7744
2024-04-17 11:00:00,1014.0,1310.3867
2024-04-17 12:00:00,1054.0,1397.8752
2024-04-17 13:00:00,1163.0,1440.6384
2024-04-17 14:00:00,1191.0,1436.2678
2024-04-17 15:00:00,1202.0,1387.1699
2024-04-17 16:00:00,1407.0,1356.972
2024-04-17 17:00:00,969.0,1231.1172
2024-04-17 18:00:00,1062.0,1071.4932
2024-04-17 19:00:00,657.0,835.2723
2024-04-17 20:00:00,444.0,655.869
2024-04-17 21:00:00,350.0,482.34482
2024-04-17 22:00:00,235.0,362.14258
2024-04-17 23:00:00,161.0,240.41852
2024-04-18 00:00:00,101.0,187.08038
2024-04-18 01:00:00,107.0,143.88464
2024-04-18 02:00:00,100.0,147.18933
2024-04-18 03:00:00,89.0,197.3808
2024-04-18 04:00:00,155.0,256.1255
2024-04-18 05:00:00,695.0,415.04562
2024-04-18 06:00:00,2023.0,540.7653
2024-04-18 07:00:00,2305.0,712.3165
2024-04-18 08:00:00,1454.0,890.75305
2024-04-18 09:00:00,1040.0,1059.4869
2024-04-18 10:00:00,920.0,1214.6226
2024-04-18 11:00:00,987.0,1336.6604
2024-04-18 12:00:00,1041.0,1424.0303
2024-04-18 13:00:00,1014.0,1467.1836
2024-04-18 14:00:00,1255.0,1457.4993
2024-04-18 15:00:00,1288.0,1474.718
2024-04-18 16:00:00,1359.0,1384.2054
2024-04-18 17:00:00,1602.0,1284.8484
2024-04-18 18:00:00,877.0,1099.7522
2024-04-18 19:00:00,700.0,926.8688
2024-04-18 20:00:00,467.0,716.33044
2024-04-18 21:00:00,381.0,546.7995
2024-04-18 22:00:00,274.0,394.17325
2024-04-18 23:00:00,151.0,271.72003
2024-04-19 00:00:00,102.0,222.97357
2024-04-19 01:00:00,94.0,179.04865
2024-04-19 02:00:00,75.0,181.98877
2024-04-19 03:00:00,82.0,230.06073
2024-04-19 04:00:00,131.0,323.51007
2024-04-19 05:00:00,600.0,453.85547
2024-04-19 06:00:00,1805.0,612.7028
2024-04-19 07:00:00,1970.0,819.68774
2024-04-19 08:00:00,1312.0,1001.4224
2024-04-19 09:00:00,1070.0,1173.8699
2024-04-19 10:00:00,1115.0,1328.6833
2024-04-19 11:00:00,1138.0,1454.0532
2024-04-19 12:00:00,1136.0,1541.9739
2024-04-19 13:00:00,1299.0,1581.5242
2024-04-19 14:00:00,1319.0,1573.8447
2024-04-19 15:00:00,1442.0,1525.408
2024-04-19 16:00:00,1585.0,1370.5955
2024-04-19 17:00:00,926.0,1241.6152
2024-04-19 18:00:00,689.0,1087.5834
2024-04-19 19:00:00,277.0,913.27686
2024-04-19 20:00:00,551.0,738.7486
2024-04-19 21:00:00,440.0,569.4041
2024-04-19 22:00:00,362.0,408.7661
2024-04-19 23:00:00,258.0,314.83685
2024-04-20 00:00:00,152.0,175.82507
2024-04-20 01:00:00,98.0,133.95178
2024-04-20 02:00:00,59.0,144.71686
2024-04-20 03:00:00,68.0,180.82642
2024-04-20 04:00:00,76.0,297.89087
2024-04-20 05:00:00,189.0,426.41336
2024-04-20 06:00:00,425.0,583.07336
2024-04-20 07:00:00,659.0,791.51654
2024-04-20 08:00:00,908.0,972.15753
2024-04-20 09:00:00,1075.0,1082.4194
2024-04-20 10:00:00,1270.0,1232.8833
2024-04-20 11:00:00,1332.0,1418.1855
2024-04-20 12:00:00,1333.0,1445.7114
2024-04-20 13:00:00,1370.0,1482.199
2024-04-20 14:00:00,1519.0,1479.6484
2024-04-20 15:00:00,1232.0,1427.9207
2024-04-20 16:00:00,1635.0,1400.2952
2024-04-20 17:00:00,1458.0,1272.3484
2024-04-20 18:00:00,1029.0,1114.2303
2024-04-20 19:00:00,720.0,877.8313
2024-04-20 20:00:00,573.0,727.6303
2024-04-20 21:00:00,481.0,558.1673
2024-04-20 22:00:00,399.0,405.90555
2024-04-20 23:00:00,317.0,282.35864
2024-04-21 00:00:00,243.0,181.12787
2024-04-21 01:00:00,145.0,139.39038
2024-04-21 02:00:00,107.0,142.33044
2024-04-21 03:00:00,74.0,192.95447
2024-04-21 04:00:00,99.0,285.67456
2024-04-21 05:00:00,99.0,383.89276
2024-04-21 06:00:00,151.0,539.688
2024-04-21 07:00:00,172.0,713.3334
2024-04-21 08:00:00,365.0,894.11
2024-04-21 09:00:00,676.0,1066.354
2024-04-21 10:00:00,858.0,1224.7872
2024-04-21 11:00:00,812.0,1331.4371
2024-04-21 12:00:00,1149.0,1415.2037
2024-04-21 13:00:00,1186.0,1521.7467
2024-04-21 14:00:00,1381.0,1518.8745
2024-04-21 15:00:00,1434.0,1468.5471
2024-04-21 16:00:00,1485.0,1374.7333
2024-04-21 17:00:00,1621.0,1247.3723
2024-04-21 18:00:00,1447.0,1090.5013
2024-04-21 19:00:00,1247.0,913.98956
2024-04-21 20:00:00,1095.0,703.0867
2024-04-21 21:00:00,830.0,532.8266
2024-04-21 22:00:00,436.0,381.65857
2024-04-21 23:00:00,225.0,259.20532
2024-04-22 00:00:00,98.0,195.50781
2024-04-22 01:00:00,56.0,154.06714
2024-04-22 02:00:00,39.0,128.27979
2024-04-22 03:00:00,56.0,175.66498
2024-04-22 04:00:00,165.0,268.08838
2024-04-22 05:00:00,737.0,396.08527
2024-04-22 06:00:00,2099.0,553.10986
2024-04-22 07:00:00,2279.0,726.4585
2024-04-22 08:00:00,1500.0,968.12354
2024-04-22 09:00:00,1034.0,1139.4773
2024-04-22 10:00:00,927.0,1294.6553
2024-04-22 11:00:00,964.0,1419.6606
2024-04-22 12:00:00,1077.0,1503.5712
2024-04-22 13:00:00,1209.0,1544.9441
2024-04-22 14:00:00,1216.0,1540.5457
2024-04-22 15:00:00,1177.0,1490.6509
2024-04-22 16:00:00,956.0,1399.321
2024-04-22 17:00:00,944.0,1270.8665
2024-04-22 18:00:00,870.0,1114.9358
2024-04-22 19:00:00,590.0,942.2231
2024-04-22 20:00:00,406.0,732.4138
2024-04-22 21:00:00,257.0,561.72144
2024-04-22 22:00:00,239.0,409.16296
2024-04-22 23:00:00,109.0,285.9806
2024-04-23 00:00:00,68.0,168.07715
2024-04-23 01:00:00,49.0,125.974915
2024-04-23 02:00:00,28.0,130.00879
2024-04-23 03:00:00,59.0,179.90356
2024-04-23 04:00:00,154.0,271.8946
2024-04-23 05:00:00,706.0,398.59427
2024-04-23 06:00:00,1981.0,554.52515
2024-04-23 07:00:00,2220.0,759.32263
2024-04-23 08:00:00,1443.0,938.14075
2024-04-23 09:00:00,994.0,1109.8591
2024-04-23 10:00:00,962.0,1262.8496
2024-04-23 11:00:00,971.0,1388.9486
2024-04-23 12:00:00,968.0,1475.0466
2024-04-23 13:00:00,1100.0,1519.7007
2024-04-23 14:00:00,1051.0,1514.9377
2024-04-23 15:00:00,1097.0,1465.4075
2024-04-23 16:00:00,1243.0,1372.6194
2024-04-23 17:00:00,1461.0,1241.6128
2024-04-23 18:00:00,1180.0,1085.2496
2024-04-23 19:00:00,659.0,847.20593
2024-04-23 20:00:00,419.0,699.8791
2024-04-23 21:00:00,337.0,529.2544
2024-04-23 22:00:00,291.0,376.99277
2024-04-23 23:00:00,106.0,254.17499
2024-04-24 00:00:00,69.0,168.47107
2024-04-24 01:00:00,35.0,126.00433
2024-04-24 02:00:00,35.0,129.67358
2024-04-24 03:00:00,48.0,179.20398
2024-04-24 04:00:00,140.0,271.55945
2024-04-24 05:00:00,707.0,399.35284
2024-04-24 06:00:00,2030.0,558.5648
2024-04-24 07:00:00,2187.0,766.0676
2024-04-24 08:00:00,1400.0,946.55524
2024-04-24 09:00:00,947.0,1116.6592
2024-04-24 10:00:00,1028.0,1268.8425
2024-04-24 11:00:00,938.0,1397.0361
2024-04-24 12:00:00,1028.0,1484.1224
2024-04-24 13:00:00,1083.0,1527.0215
2024-04-24 14:00:00,1158.0,1521.894
2024-04-24 15:00:00,1277.0,1468.112
2024-04-24 16:00:00,1373.0,1377.3883
2024-04-24 17:00:00,1571.0,1244.1942
2024-04-24 18:00:00,1107.0,1026.5186
2024-04-24 19:00:00,749.0,910.81146
2024-04-24 20:00:00,427.0,703.5542
2024-04-24 21:00:00,87.0,502.46408
2024-04-24 22:00:00,103.0,346.26007
2024-04-24 23:00:00,27.0,253.47528
2024-04-25 00:00:00,77.0,199.7602
2024-04-25 01:00:00,49.0,157.65814
2024-04-25 02:00:00,32.0,159.14001
2024-04-25 03:00:00,47.0,209.39929
2024-04-25 04:00:00,150.0,304.6714
2024-04-25 05:00:00,689.0,433.19394
2024-04-25 06:00:00,2094.0,590.2185
2024-04-25 07:00:00,2296.0,797.56793
2024-04-25 08:00:00,1495.0,977.3641
2024-04-25 09:00:00,1187.0,1149.389
2024-04-25 10:00:00,1038.0,1331.8894
2024-04-25 11:00:00,1037.0,1425.2903
2024-04-25 12:00:00,1071.0,1515.1699
2024-04-25 13:00:00,1266.0,1557.654
2024-04-25 14:00:00,1281.0,1581.5762
2024-04-25 15:00:00,1402.0,1534.5225
2024-04-25 16:00:00,1516.0,1441.0907
2024-04-25 17:00:00,1715.0,1312.9906
2024-04-25 18:00:00,1409.0,1152.8181
2024-04-25 19:00:00,954.0,952.2506
2024-04-25 20:00:00,547.0,737.7598
2024-04-25 21:00:00,422.0,563.12494
2024-04-25 22:00:00,304.0,409.405
2024-04-25 23:00:00,161.0,285.12897
2024-04-26 00:00:00,81.0,237.46375
2024-04-26 01:00:00,56.0,196.81995
2024-04-26 02:00:00,48.0,201.94739
2024-04-26 03:00:00,54.0,252.93597
2024-04-26 04:00:00,166.0,344.927
2024-04-26 05:00:00,641.0,474.17868
2024-04-26 06:00:00,1852.0,634.4844
2024-04-26 07:00:00,2004.0,842.8697
2024-04-26 08:00:00,1344.0,1022.6282
2024-04-26 09:00:00,1098.0,1223.6826
2024-04-26 10:00:00,1158.0,1376.439
2024-04-26 11:00:00,1163.0,1509.7568
2024-04-26 12:00:00,1124.0,1573.3877
2024-04-26 13:00:00,1481.0,1617.0437
2024-04-26 14:00:00,1513.0,1639.065
2024-04-26 15:00:00,1568.0,1561.078
2024-04-26 16:00:00,1722.0,1493.9905
2024-04-26 17:00:00,1820.0,1366.3707
2024-04-26 18:00:00,1553.0,1182.293
2024-04-26 19:00:00,1090.0,1007.14685
2024-04-26 20:00:00,694.0,792.96277
2024-04-26 21:00:00,547.0,617.9634
2024-04-26 22:00:00,490.0,464.97253
2024-04-26 23:00:00,342.0,338.8736
2024-04-27 00:00:00,184.0,221.8902
2024-04-27 01:00:00,121.0,176.50696
2024-04-27 02:00:00,74.0,177.98877
2024-04-27 03:00:00,84.0,226.06085
2024-04-27 04:00:00,143.0,316.59363
2024-04-27 05:00:00,192.0,441.77435
2024-04-27 06:00:00,522.0,599.5427
2024-04-27 07:00:00,782.0,837.65173
2024-04-27 08:00:00,1019.0,1021.57385
2024-04-27 09:00:00,1234.0,1198.7607
2024-04-27 10:00:00,1421.0,1362.3237
2024-04-27 11:00:00,1417.0,1495.7141
2024-04-27 12:00:00,1430.0,1586.9163
2024-04-27 13:00:00,1500.0,1632.0505
2024-04-27 14:00:00,1608.0,1627.1719
2024-04-27 15:00:00,1588.0,1576.9124
2024-04-27 16:00:00,1672.0,1485.2106
2024-04-27 17:00:00,1615.0,1329.5017
2024-04-27 18:00:00,1264.0,1174.6472
2024-04-27 19:00:00,862.0,995.9481
2024-04-27 20:00:00,671.0,780.67035
2024-04-27 21:00:00,538.0,612.9623
2024-04-27 22:00:00,471.0,461.42975
2024-04-27 23:00:00,358.0,338.24738
2024-04-28 00:00:00,276.0,233.35852
2024-04-28 01:00:00,152.0,191.25641
2024-04-28 02:00:00,99.0,195.65479
2024-04-28 03:00:00,86.0,243.7268
2024-04-28 04:00:00,133.0,335.71783
2024-04-28 05:00:00,82.0,461.68842
2024-04-28 06:00:00,184.0,620.5359
2024-04-28 07:00:00,242.0,828.2499
2024-04-28 08:00:00,484.0,1001.46356
2024-04-28 09:00:00,794.0,1169.2845
2024-04-28 10:00:00,1033.0,1325.3478
2024-04-28 11:00:00,1155.0,1447.0315
2024-04-28 12:00:00,1244.0,1534.6833
2024-04-28 13:00:00,1458.0,1579.2998
2024-04-28 14:00:00,1629.0,1575.48
2024-04-28 15:00:00,1843.0,1521.1523
2024-04-28 16:00:00,1930.0,1426.6672
2024-04-28 17:00:00,1949.0,1296.3219
2024-04-28 18:00:00,1403.0,1139.6621
2024-04-28 19:00:00,1101.0,965.1265
2024-04-28 20:00:00,892.0,754.95276
2024-04-28 21:00:00,596.0,582.14075
2024-04-28 22:00:00,425.0,425.86874
2024-04-28 23:00:00,187.0,298.31152
2024-04-29 00:00:00,102.0,194.46259
2024-04-29 01:00:00,58.0,150.17316
2024-04-29 02:00:00,52.0,154.5716
2024-04-29 03:00:00,62.0,203.00806
2024-04-29 04:00:00,194.0,294.99908
2024-04-29 05:00:00,804.0,424.61526
2024-04-29 06:00:00,2155.0,584.1919
2024-04-29 07:00:00,2285.0,790.42737
2024-04-29 08:00:00,1484.0,975.0989
2024-04-29 09:00:00,1060.0,1172.2762
2024-04-29 10:00:00,1051.0,1326.5111
2024-04-29 11:00:00,1088.0,1455.5266
2024-04-29 12:00:00,1058.0,1547.4578
2024-04-29 13:00:00,1143.0,1595.0283
2024-04-29 14:00:00,1121.0,1600.4385
2024-04-29 15:00:00,1172.0,1549.4094
2024-04-29 16:00:00,1310.0,1457.0337
2024-04-29 17:00:00,1481.0,1330.739
2024-04-29 18:00:00,1192.0,1145.3967
2024-04-29 19:00:00,719.0,969.6142
2024-04-29 20:00:00,540.0,755.4302
2024-04-29 21:00:00,419.0,584.0764
2024-04-29 22:00:00,256.0,428.169
2024-04-29 23:00:00,110.0,300.97638
2024-04-30 00:00:00,66.0,182.33148
2024-04-30 01:00:00,49.0,138.40643
2024-04-30 02:00:00,33.0,143.16937
2024-04-30 03:00:00,65.0,191.60596
2024-04-30 04:00:00,159.0,278.85754
2024-04-30 05:00:00,758.0,405.5949
2024-04-30 06:00:00,2071.0,554.2838
2024-04-30 07:00:00,2213.0,792.25977
2024-04-30 08:00:00,1469.0,974.72363
2024-04-30 09:00:00,1086.0,1156.2853
2024-04-30 10:00:00,1096.0,1313.6508
2024-04-30 11:00:00,1003.0,1443.3954
2024-04-30 12:00:00,1023.0,1538.2429
2024-04-30 13:00:00,1171.0,1586.045
2024-04-30 14:00:00,1170.0,1563.8262
2024-04-30 15:00:00,1255.0,1507.8639
2024-04-30 16:00:00,1480.0,1416.2026
2024-04-30 17:00:00,1691.0,1285.0327
2024-04-30 18:00:00,1382.0,1125.4562
2024-04-30 19:00:00,897.0,948.7333
2024-04-30 20:00:00,452.0,734.9138
2024-04-30 21:00:00,384.0,558.45605
2024-04-30 22:00:00,277.0,400.36133
2024-04-30 23:00:00,205.0,274.62695
2024-05-01 00:00:00,77.0,125.6781
2024-05-01 01:00:00,51.0,84.66974
2024-05-01 02:00:00,75.0,83.96411
2024-05-01 03:00:00,82.0,133.49438
2024-05-01 04:00:00,124.0,222.56891
2024-05-01 05:00:00,439.0,349.26862
2024-05-01 06:00:00,1312.0,507.5576
2024-05-01 07:00:00,1529.0,743.53424
2024-05-01 08:00:00,1166.0,927.8412
2024-05-01 09:00:00,1108.0,1079.4907
2024-05-01 10:00:00,1139.0,1235.0885
2024-05-01 11:00:00,1212.0,1361.8964
2024-05-01 12:00:00,1259.0,1454.0588
2024-05-01 13:00:00,1254.0,1526.9352
2024-05-01 14:00:00,1579.0,1497.8069
2024-05-01 15:00:00,1700.0,1473.8716
2024-05-01 16:00:00,1873.0,1350.3395
2024-05-01 17:00:00,2015.0,1218.536
2024-05-01 18:00:00,1643.0,1060.7823
2024-05-01 19:00:00,1022.0,884.78864
2024-05-01 20:00:00,659.0,672.792
2024-05-01 21:00:00,480.0,499.2508
2024-05-01 22:00:00,295.0,340.79156
2024-05-01 23:00:00,178.0,211.77612
2024-05-02 00:00:00,76.0,233.66003
2024-05-02 01:00:00,59.0,191.19348
2024-05-02 02:00:00,39.0,194.49817
2024-05-02 03:00:00,61.0,241.84088
2024-05-02 04:00:00,170.0,330.9154
2024-05-02 05:00:00,720.0,460.16705
2024-05-02 06:00:00,2043.0,617.5562
2024-05-02 07:00:00,2167.0,823.33167
2024-05-02 08:00:00,1471.0,1027.0708
2024-05-02 09:00:00,1112.0,1175.7286
2024-05-02 10:00:00,1062.0,1328.103
2024-05-02 11:00:00,1126.0,1481.7356
2024-05-02 12:00:00,1071.0,1544.3506
2024-05-02 13:00:00,1171.0,1572.3301
2024-05-02 14:00:00,1209.0,1567.9143
2024-05-02 15:00:00,1298.0,1517.5015
2024-05-02 16:00:00,1575.0,1422.6692
2024-05-02 17:00:00,1642.0,1294.9539
2024-05-02 18:00:00,1280.0,1136.6824
2024-05-02 19:00:00,773.0,961.4178
2024-05-02 20:00:00,546.0,750.15027
2024-05-02 21:00:00,374.0,576.97363
2024-05-02 22:00:00,283.0,392.12698
2024-05-02 23:00:00,128.0,268.44434
2024-05-03 00:00:00,66.0,221.2926
2024-05-03 01:00:00,45.0,178.59698
2024-05-03 02:00:00,43.0,182.13062
2024-05-03 03:00:00,68.0,230.40613
2024-05-03 04:00:00,141.0,354.68542
2024-05-03 05:00:00,626.0,484.3695
2024-05-03 06:00:00,1813.0,640.665
2024-05-03 07:00:00,1896.0,845.82697
2024-05-03 08:00:00,1251.0,1027.1971
2024-05-03 09:00:00,1069.0,1200.0092
2024-05-03 10:00:00,1107.0,1351.1769
2024-05-03 11:00:00,1150.0,1475.0884
2024-05-03 12:00:00,1187.0,1561.1865
2024-05-03 13:00:00,1410.0,1605.4761
2024-05-03 14:00:00,1405.0,1601.8069
2024-05-03 15:00:00,1464.0,1553.0054
2024-05-03 16:00:00,1751.0,1460.2854
2024-05-03 17:00:00,1785.0,1331.763
2024-05-03 18:00:00,1492.0,1173.6448
2024-05-03 19:00:00,1012.0,998.7446
2024-05-03 20:00:00,662.0,788.2063
2024-05-03 21:00:00,474.0,615.3943
2024-05-03 22:00:00,460.0,460.94516
2024-05-03 23:00:00,289.0,337.76282
2024-05-04 00:00:00,146.0,258.45435
2024-05-04 01:00:00,104.0,214.52942
2024-05-04 02:00:00,71.0,219.65692
2024-05-04 03:00:00,79.0,271.37463
2024-05-04 04:00:00,131.0,363.36566
2024-05-04 05:00:00,179.0,492.61734
2024-05-04 06:00:00,498.0,643.91907
2024-05-04 07:00:00,767.0,851.98016
2024-05-04 08:00:00,1074.0,1036.5387
2024-05-04 09:00:00,1282.0,1235.1367
2024-05-04 10:00:00,1369.0,1385.9747
2024-05-04 11:00:00,1295.0,1520.0217
2024-05-04 12:00:00,1331.0,1577.5853
2024-05-04 13:00:00,1436.0,1649.1769
2024-05-04 14:00:00,1550.0,1648.9624
2024-05-04 15:00:00,1544.0,1602.8086
2024-05-04 16:00:00,1704.0,1514.793
2024-05-04 17:00:00,1743.0,1383.6404
2024-05-04 18:00:00,1493.0,1199.7363
2024-05-04 19:00:00,1074.0,1021.9398
2024-05-04 20:00:00,791.0,808.4849
2024-05-04 21:00:00,670.0,634.21466
2024-05-04 22:00:00,534.0,483.04663
2024-05-04 23:00:00,353.0,360.22882
2024-05-05 00:00:00,205.0,258.89514
2024-05-05 01:00:00,151.0,216.06384
2024-05-05 02:00:00,104.0,225.20166
2024-05-05 03:00:00,85.0,272.18
2024-05-05 04:00:00,132.0,363.80646
2024-05-05 05:00:00,105.0,490.8707
2024-05-05 06:00:00,195.0,648.92126
2024-05-05 07:00:00,285.0,791.98315
2024-05-05 08:00:00,495.0,1032.6046
2024-05-05 09:00:00,857.0,1203.2292
2024-05-05 10:00:00,1042.0,1358.7717
2024-05-05 11:00:00,1180.0,1483.7771
2024-05-05 12:00:00,1197.0,1571.3335
2024-05-05 13:00:00,1402.0,1614.162
2024-05-05 14:00:00,1638.0,1613.8694
2024-05-05 15:00:00,1817.0,1569.6569
2024-05-05 16:00:00,1887.0,1506.3307
2024-05-05 17:00:00,1862.0,1349.6786
2024-05-05 18:00:00,1624.0,1193.635
2024-05-05 19:00:00,1256.0,1012.5373
2024-05-05 20:00:00,1052.0,797.98865
2024-05-05 21:00:00,664.0,629.5515
2024-05-05 22:00:00,424.0,472.91486
2024-05-05 23:00:00,176.0,353.0136
2024-05-06 00:00:00,87.0,224.48999
2024-05-06 01:00:00,67.0,182.75269
2024-05-06 02:00:00,53.0,184.96368
2024-05-06 03:00:00,59.0,233.03546
2024-05-06 04:00:00,171.0,323.9328
2024-05-06 05:00:00,852.0,451.82166
2024-05-06 06:00:00,2158.0,609.8445
2024-05-06 07:00:00,2216.0,815.88904
2024-05-06 08:00:00,1506.0,994.9184
2024-05-06 09:00:00,1120.0,1168.8241
2024-05-06 10:00:00,1040.0,1321.8147
2024-05-06 11:00:00,1015.0,1442.0806
2024-05-06 12:00:00,1005.0,1524.5328
2024-05-06 13:00:00,1079.0,1563.7186
2024-05-06 14:00:00,1181.0,1558.9557
2024-05-06 15:00:00,1083.0,1448.0618
2024-05-06 16:00:00,807.0,1355.9098
2024-05-06 17:00:00,947.0,1287.75
2024-05-06 18:00:00,955.0,1130.429
2024-05-06 19:00:00,710.0,956.9871
2024-05-06 20:00:00,450.0,747.90704
2024-05-06 21:00:00,313.0,576.1887
2024-05-06 22:00:00,283.0,393.82617
2024-05-06 23:00:00,101.0,299.9477
2024-05-07 00:00:00,60.0,193.268
2024-05-07 01:00:00,44.0,150.4367
2024-05-07 02:00:00,38.0,126.243286
2024-05-07 03:00:00,50.0,177.14691
2024-05-07 04:00:00,150.0,261.8806
2024-05-07 05:00:00,732.0,393.20944
2024-05-07 06:00:00,1399.0,547.2921
2024-05-07 07:00:00,1550.0,717.7241
2024-05-07 08:00:00,915.0,896.93225
2024-05-07 09:00:00,581.0,1067.7604
2024-05-07 10:00:00,798.0,1219.954
2024-05-07 11:00:00,1007.0,1344.0945
2024-05-07 12:00:00,961.0,1491.5557
2024-05-07 13:00:00,1117.0,1536.9388
2024-05-07 14:00:00,1204.0,1533.6343
2024-05-07 15:00:00,541.0,1484.4006
2024-05-07 16:00:00,634.0,1329.5881
2024-05-07 17:00:00,1511.0,1200.9978
2024-05-07 18:00:00,1211.0,1045.4824
2024-05-07 19:00:00,743.0,874.18555
2024-05-07 20:00:00,320.0,695.7998
2024-05-07 21:00:00,289.0,521.4787
2024-05-07 22:00:00,260.0,372.2522
2024-05-07 23:00:00,133.0,243.93213
2024-05-08 00:00:00,56.0,188.60162
2024-05-08 01:00:00,44.0,117.746704
2024-05-08 02:00:00,38.0,121.09381
2024-05-08 03:00:00,49.0,201.08942
2024-05-08 04:00:00,138.0,293.14825
2024-05-08 05:00:00,698.0,421.67078
2024-05-08 06:00:00,1939.0,547.5262
2024-05-08 07:00:00,2003.0,720.3321
2024-05-08 08:00:00,1387.0,897.2767
2024-05-08 09:00:00,938.0,1132.1387
2024-05-08 10:00:00,856.0,1285.197
2024-05-08 11:00:00,1039.0,1411.296
2024-05-08 12:00:00,921.0,1498.1204
2024-05-08 13:00:00,1343.0,1545.847
2024-05-08 14:00:00,1342.0,1543.5784
2024-05-08 15:00:00,1347.0,1491.013
2024-05-08 16:00:00,1590.0,1399.9448
2024-05-08 17:00:00,1698.0,1269.4287
2024-05-08 18:00:00,1497.0,1110.946
2024-05-08 19:00:00,1038.0,935.68134
2024-05-08 20:00:00,683.0,726.2367
2024-05-08 21:00:00,472.0,554.1538
2024-05-08 22:00:00,382.0,401.163
2024-05-08 23:00:00,282.0,272.87665
2024-05-09 00:00:00,181.0,90.08014
2024-05-09 01:00:00,88.0,47.248962
2024-05-09 02:00:00,83.0,51.647278
2024-05-09 03:00:00,78.0,103.00049
2024-05-09 04:00:00,138.0,196.08514
2024-05-09 05:00:00,137.0,324.9723
2024-05-09 06:00:00,305.0,482.72583
2024-05-09 07:00:00,444.0,689.3463
2024-05-09 08:00:00,771.0,870.81177
2024-05-09 09:00:00,1054.0,1068.2787
2024-05-09 10:00:00,1212.0,1198.342
2024-05-09 11:00:00,1120.0,1324.0764
2024-05-09 12:00:00,1029.0,1411.8816
2024-05-09 13:00:00,1130.0,1453.5005
2024-05-09 14:00:00,1143.0,1452.9792
2024-05-09 15:00:00,1223.0,1433.1525
2024-05-09 16:00:00,1325.0,1336.9171
2024-05-09 17:00:00,1447.0,1183.7803
2024-05-09 18:00:00,1186.0,1027.3721
2024-05-09 19:00:00,946.0,852.47174
2024-05-09 20:00:00,676.0,641.2042
2024-05-09 21:00:00,497.0,465.8403
2024-05-09 22:00:00,331.0,308.83923
2024-05-09 23:00:00,183.0,182.01129
2024-05-10 00:00:00,98.0,152.03418
2024-05-10 01:00:00,56.0,110.29663
2024-05-10 02:00:00,45.0,109.22644
2024-05-10 03:00:00,58.0,158.39215
2024-05-10 04:00:00,148.0,248.1958
2024-05-10 05:00:00,399.0,371.033
2024-05-10 06:00:00,1006.0,527.99695
2024-05-10 07:00:00,1135.0,765.60834
2024-05-10 08:00:00,1162.0,947.343
2024-05-10 09:00:00,1323.0,1123.8008
2024-05-10 10:00:00,1374.0,1281.5306
2024-05-10 11:00:00,1329.0,1411.6399
2024-05-10 12:00:00,1228.0,1502.8419
2024-05-10 13:00:00,1310.0,1548.5898
2024-05-10 14:00:00,1496.0,1547.4727
2024-05-10 15:00:00,1548.0,1499.7649
2024-05-10 16:00:00,1800.0,1407.0447
2024-05-10 17:00:00,1715.0,1276.6995
2024-05-10 18:00:00,1451.0,1116.7584
2024-05-10 19:00:00,1062.0,913.8473
2024-05-10 20:00:00,788.0,702.42926
2024-05-10 21:00:00,563.0,524.8778
2024-05-10 22:00:00,447.0,369.6996
2024-05-10 23:00:00,286.0,248.70459
2024-05-11 00:00:00,156.0,280.30212
2024-05-11 01:00:00,111.0,237.10626
2024-05-11 02:00:00,83.0,236.76526
2024-05-11 03:00:00,76.0,284.47272
2024-05-11 04:00:00,123.0,375.00552
2024-05-11 05:00:00,184.0,497.20908
2024-05-11 06:00:00,400.0,655.5358
2024-05-11 07:00:00,639.0,894.24084
2024-05-11 08:00:00,1006.0,1075.2465
2024-05-11 09:00:00,1248.0,1253.527
2024-05-11 10:00:00,1432.0,1409.7986
2024-05-11 11:00:00,1456.0,1539.1787
2024-05-11 12:00:00,1415.0,1629.2871
2024-05-11 13:00:00,1570.0,1676.4932
2024-05-11 14:00:00,1771.0,1674.6467
2024-05-11 15:00:00,1878.0,1626.9392
2024-05-11 16:00:00,2038.0,1535.3127
2024-05-11 17:00:00,2136.0,1406.061
2024-05-11 18:00:00,1751.0,1246.4847
2024-05-11 19:00:00,1486.0,1040.0233
2024-05-11 20:00:00,1298.0,827.41614
2024-05-11 21:00:00,1087.0,650.95844
2024-05-11 22:00:00,789.0,496.14474
2024-05-11 23:00:00,651.0,370.41037
2024-05-12 00:00:00,344.0,266.5915
2024-05-12 01:00:00,212.0,224.48932
2024-05-12 02:00:00,131.0,227.06482
2024-05-12 03:00:00,86.0,274.0432
2024-05-12 04:00:00,128.0,364.94055
2024-05-12 05:00:00,97.0,490.67685
2024-05-12 06:00:00,213.0,646.5471
2024-05-12 07:00:00,309.0,883.83154
2024-05-12 08:00:00,565.0,1042.2166
2024-05-12 09:00:00,1063.0,1246.7661
2024-05-12 10:00:00,1665.0,1373.5657
2024-05-12 11:00:00,2076.0,1524.0098
2024-05-12 12:00:00,2414.0,1615.5765
2024-05-12 13:00:00,2425.0,1662.418
2024-05-12 14:00:00,2504.0,1664.2173
2024-05-12 15:00:00,2592.0,1614.7448
2024-05-12 16:00:00,2792.0,1522.3312
2024-05-12 17:00:00,2785.0,1367.9677
2024-05-12 18:00:00,2469.0,1201.3313
2024-05-12 19:00:00,1866.0,1026.7958
2024-05-12 20:00:00,1668.0,814.7992
2024-05-12 21:00:00,1273.0,641.6226
2024-05-12 22:00:00,808.0,488.6317
2024-05-12 23:00:00,549.0,331.0415
2024-05-13 00:00:00,415.0,247.24756
2024-05-13 01:00:00,353.0,203.32288
2024-05-13 02:00:00,133.0,205.53375
2024-05-13 03:00:00,118.0,253.97015
2024-05-13 04:00:00,215.0,347.05493
2024-05-13 05:00:00,819.0,475.2129
2024-05-13 06:00:00,2130.0,631.8729
2024-05-13 07:00:00,2298.0,838.12866
2024-05-13 08:00:00,1560.0,1015.4885
2024-05-13 09:00:00,1153.0,1189.0297
2024-05-13 10:00:00,1095.0,1344.2076
2024-05-13 11:00:00,1105.0,1469.5775
2024-05-13 12:00:00,1154.0,1557.2871
2024-05-13 13:00:00,1207.0,1602.8818
2024-05-13 14:00:00,1268.0,1625.2272
2024-05-13 15:00:00,1332.0,1576.75
2024-05-13 16:00:00,1573.0,1486.9463
2024-05-13 17:00:00,1699.0,1333.254
2024-05-13 18:00:00,1335.0,1174.1202
2024-05-13 19:00:00,889.0,994.5185
2024-05-13 20:00:00,531.0,780.14343
2024-05-13 21:00:00,409.0,603.68567
2024-05-13 22:00:00,296.0,447.41373
2024-05-13 23:00:00,138.0,322.04395
2024-05-14 00:00:00,70.0,203.01086
2024-05-14 01:00:00,49.0,159.08594
2024-05-14 02:00:00,40.0,160.93231
2024-05-14 03:00:00,55.0,210.46252
2024-05-14 04:00:00,136.0,305.0055
2024-05-14 05:00:00,755.0,426.4221
2024-05-14 06:00:00,2149.0,583.3484
2024-05-14 07:00:00,2339.0,824.60547
2024-05-14 08:00:00,1439.0,1007.43384
2024-05-14 09:00:00,1128.0,1184.9852
2024-05-14 10:00:00,1029.0,1344.9026
2024-05-14 11:00:00,1026.0,1472.0953
2024-05-14 12:00:00,975.0,1560.3807
2024-05-14 13:00:00,1160.0,1607.5867
2024-05-14 14:00:00,1111.0,1605.7405
2024-05-14 15:00:00,1255.0,1561.7971
2024-05-14 16:00:00,1460.0,1441.8905
2024-05-14 17:00:00,1617.0,1312.6389
2024-05-14 18:00:00,1263.0,1151.6042
2024-05-14 19:00:00,805.0,968.68365
2024-05-14 20:00:00,470.0,753.0413
2024-05-14 21:00:00,385.0,577.6773
2024-05-14 22:00:00,324.0,423.59274
2024-05-14 23:00:00,148.0,298.58752
2024-05-15 00:00:00,62.0,210.66058
2024-05-15 01:00:00,51.0,167.8294
2024-05-15 02:00:00,46.0,168.94666
2024-05-15 03:00:00,60.0,217.38306
2024-05-15 04:00:00,165.0,309.7387
2024-05-15 05:00:00,700.0,438.26123
2024-05-15 06:00:00,2103.0,594.92126
2024-05-15 07:00:00,2279.0,799.7187
2024-05-15 08:00:00,1438.0,979.78394
2024-05-15 09:00:00,1066.0,1151.8668
2024-05-15 10:00:00,1039.0,1306.1624
2024-05-15 11:00:00,1084.0,1430.0739
2024-05-15 12:00:00,1107.0,1516.901
2024-05-15 13:00:00,1302.0,1561.555
2024-05-15 14:00:00,1208.0,1556.7922
2024-05-15 15:00:00,1233.0,1509.0846
2024-05-15 16:00:00,1440.0,1415.6353
2024-05-15 17:00:00,1591.0,1288.9357
2024-05-15 18:00:00,1308.0,1132.2759
2024-05-15 19:00:00,755.0,955.5529
2024-05-15 20:00:00,496.0,738.08777
2024-05-15 21:00:00,395.0,562.72375
2024-05-15 22:00:00,302.0,406.81635
2024-05-15 23:00:00,148.0,281.81116
2024-05-16 00:00:00,106.0,225.50848
2024-05-16 01:00:00,49.0,184.5003
2024-05-16 02:00:00,47.0,187.07587
2024-05-16 03:00:00,61.0,235.14764
2024-05-16 04:00:00,111.0,330.05524
2024-05-16 05:00:00,738.0,459.1912
2024-05-16 06:00:00,2039.0,615.426
2024-05-16 07:00:00,2272.0,849.54224
2024-05-16 08:00:00,1526.0,1029.4137
2024-05-16 09:00:00,1079.0,1204.5664
2024-05-16 10:00:00,1084.0,1363.8153
2024-05-16 11:00:00,1046.0,1461.692
2024-05-16 12:00:00,1082.0,1548.8838
2024-05-16 13:00:00,1232.0,1592.0796
2024-05-16 14:00:00,1181.0,1587.3169
2024-05-16 15:00:00,1278.0,1535.5989
2024-05-16 16:00:00,1484.0,1382.2612
2024-05-16 17:00:00,1584.0,1301.5963
2024-05-16 18:00:00,1170.0,1082.3184
2024-05-16 19:00:00,788.0,914.8621
2024-05-16 20:00:00,535.0,731.5929
2024-05-16 21:00:00,301.0,560.4426
2024-05-16 22:00:00,326.0,413.25082
2024-05-16 23:00:00,156.0,289.3393
2024-05-17 00:00:00,77.0,235.17853
2024-05-17 01:00:00,56.0,190.70258
2024-05-17 02:00:00,47.0,198.59393
2024-05-17 03:00:00,61.0,253.53326
2024-05-17 04:00:00,133.0,343.0572
2024-05-17 05:00:00,629.0,472.241
2024-05-17 06:00:00,903.0,628.6043
2024-05-17 07:00:00,958.0,798.3243
2024-05-17 08:00:00,1105.0,976.52356
2024-05-17 09:00:00,914.0,1211.818
2024-05-17 10:00:00,1039.0,1365.6055
2024-05-17 11:00:00,1138.0,1493.5273
2024-05-17 12:00:00,1225.0,1611.2445
2024-05-17 13:00:00,1415.0,1655.9363
2024-05-17 14:00:00,1451.0,1620.165
2024-05-17 15:00:00,1541.0,1572.9375
2024-05-17 16:00:00,1862.0,1484.2681
2024-05-17 17:00:00,2020.0,1355.2653
2024-05-17 18:00:00,1674.0,1196.2472
2024-05-17 19:00:00,1053.0,1019.1597
2024-05-17 20:00:00,699.0,804.45776
2024-05-17 21:00:00,571.0,632.0103
2024-05-17 22:00:00,459.0,477.19662
2024-05-17 23:00:00,308.0,350.3686
2024-05-18 00:00:00,200.0,272.8601
2024-05-18 01:00:00,116.0,228.57056
2024-05-18 02:00:00,87.0,232.96893
2024-05-18 03:00:00,68.0,280.6764
2024-05-18 04:00:00,139.0,374.4903
2024-05-18 05:00:00,219.0,505.6777
2024-05-18 06:00:00,439.0,662.2395
2024-05-18 07:00:00,688.0,898.10046
2024-05-18 08:00:00,1045.0,1078.0123
2024-05-18 09:00:00,1233.0,1256.2928
2024-05-18 10:00:00,1464.0,1412.5646
2024-05-18 11:00:00,1401.0,1544.5197
2024-05-18 12:00:00,1395.0,1604.5598
2024-05-18 13:00:00,1498.0,1674.3286
2024-05-18 14:00:00,1534.0,1647.3878
2024-05-18 15:00:00,1555.0,1623.9907
2024-05-18 16:00:00,1437.0,1503.5457
2024-05-18 17:00:00,1437.0,1371.4354
2024-05-18 18:00:00,1113.0,1147.1016
2024-05-18 19:00:00,816.0,965.25757
2024-05-18 20:00:00,604.0,812.9795
2024-05-18 21:00:00,524.0,642.35486
2024-05-18 22:00:00,93.0,459.78876
2024-05-18 23:00:00,73.0,365.8849
2024-05-19 00:00:00,234.0,262.4195
2024-05-19 01:00:00,152.0,218.12988
2024-05-19 02:00:00,91.0,221.43463
2024-05-19 03:00:00,81.0,271.32953
2024-05-19 04:00:00,121.0,365.14343
2024-05-19 05:00:00,78.0,494.39508
2024-05-19 06:00:00,149.0,652.87805
2024-05-19 07:00:00,225.0,857.2328
2024-05-19 08:00:00,515.0,1061.6055
2024-05-19 09:00:00,829.0,1236.3735
2024-05-19 10:00:00,1125.0,1392.8564
2024-05-19 11:00:00,1163.0,1521.163
2024-05-19 12:00:00,1261.0,1581.5505
2024-05-19 13:00:00,1411.0,1655.9861
2024-05-19 14:00:00,1560.0,1623.4685
2024-05-19 15:00:00,1564.0,1600.2317
2024-05-19 16:00:00,2013.0,1502.9833
2024-05-19 17:00:00,2101.0,1371.0437
2024-05-19 18:00:00,1540.0,1218.8195
2024-05-19 19:00:00,1083.0,1019.3428
2024-05-19 20:00:00,973.0,805.52325
2024-05-19 21:00:00,722.0,628.3364
2024-05-19 22:00:00,505.0,473.88727
2024-05-19 23:00:00,314.0,348.51752
2024-05-20 00:00:00,193.0,437.19443
2024-05-20 01:00:00,112.0,393.2696
2024-05-20 02:00:00,78.0,399.49075
2024-05-20 03:00:00,59.0,445.73987
2024-05-20 04:00:00,98.0,537.73096
2024-05-20 05:00:00,109.0,660.2412
2024-05-20 06:00:00,209.0,819.35486
2024-05-20 07:00:00,278.0,1057.3307
2024-05-20 08:00:00,538.0,1238.7008
2024-05-20 09:00:00,897.0,1413.3357
2024-05-20 10:00:00,1355.0,1571.6416
2024-05-20 11:00:00,1797.0,1680.0936
2024-05-20 12:00:00,1993.0,1766.1512
2024-05-20 13:00:00,2135.0,1837.416
2024-05-20 14:00:00,1979.0,1837.6616
2024-05-20 15:00:00,2319.0,1763.2651
2024-05-20 16:00:00,2650.0,1673.8867
2024-05-20 17:00:00,2665.0,1543.5415
2024-05-20 18:00:00,2320.0,1384.3296
2024-05-20 19:00:00,1540.0,1205.4192
2024-05-20 20:00:00,1356.0,992.3288
2024-05-20 21:00:00,870.0,821.3397
2024-05-20 22:00:00,539.0,669.4426
2024-05-20 23:00:00,243.0,544.43744
2024-05-21 00:00:00,101.0,230.92755
2024-05-21 01:00:00,75.0,184.45056
2024-05-21 02:00:00,65.0,187.02618
2024-05-21 03:00:00,59.0,234.73346
2024-05-21 04:00:00,188.0,296.4455
2024-05-21 05:00:00,922.0,424.33215
2024-05-21 06:00:00,2262.0,577.95703
2024-05-21 07:00:00,1774.0,751.69556
2024-05-21 08:00:00,991.0,931.86176
2024-05-21 09:00:00,1317.0,1106.4795
2024-05-21 10:00:00,1206.0,1253.9933
2024-05-21 11:00:00,997.0,1376.5822
2024-05-21 12:00:00,1123.0,1463.9095
2024-05-21 13:00:00,1291.0,1567.536
2024-05-21 14:00:00,1227.0,1563.5701
2024-05-21 15:00:00,1221.0,1513.9414
2024-05-21 16:00:00,1462.0,1424.3315
2024-05-21 17:00:00,1690.0,1293.8677
2024-05-21 18:00:00,1396.0,1167.6029
2024-05-21 19:00:00,851.0,965.9765
2024-05-21 20:00:00,529.0,751.0633
2024-05-21 21:00:00,391.0,556.17926
2024-05-21 22:00:00,285.0,397.23676
2024-05-21 23:00:00,135.0,303.53632
2024-05-22 00:00:00,78.0,217.78607
2024-05-22 01:00:00,64.0,175.68402
2024-05-22 02:00:00,42.0,178.62415
2024-05-22 03:00:00,58.0,228.88336
2024-05-22 04:00:00,140.0,321.60352
2024-05-22 05:00:00,720.0,450.14352
2024-05-22 06:00:00,409.0,608.2444
2024-05-22 07:00:00,502.0,814.5001
2024-05-22 08:00:00,1195.0,995.1411
2024-05-22 09:00:00,1148.0,1168.1064
2024-05-22 10:00:00,1029.0,1321.0566
2024-05-22 11:00:00,1088.0,1448.0208
2024-05-22 12:00:00,1161.0,1561.5945
2024-05-22 13:00:00,1175.0,1573.8193
2024-05-22 14:00:00,1211.0,1573.0493
2024-05-22 15:00:00,1313.0,1522.136
2024-05-22 16:00:00,1476.0,1433.7935
2024-05-22 17:00:00,1635.0,1304.7529
2024-05-22 18:00:00,1217.0,1142.3179
2024-05-22 19:00:00,745.0,966.68866
2024-05-22 20:00:00,232.0,754.2596
2024-05-22 21:00:00,379.0,552.4658
2024-05-22 22:00:00,289.0,397.21976
2024-05-22 23:00:00,152.0,302.42566
2024-05-23 00:00:00,77.0,246.84149
2024-05-23 01:00:00,45.0,204.375
2024-05-23 02:00:00,46.0,208.04425
2024-05-23 03:00:00,68.0,257.9389
2024-05-23 04:00:00,145.0,351.38824
2024-05-23 05:00:00,733.0,480.57208
2024-05-23 06:00:00,1621.0,606.1732
2024-05-23 07:00:00,782.0,816.961
2024-05-23 08:00:00,728.0,971.20105
2024-05-23 09:00:00,1120.0,1132.4233
2024-05-23 10:00:00,1058.0,1279.5302
2024-05-23 11:00:00,920.0,1403.0347
2024-05-23 12:00:00,466.0,1487.3948
2024-05-23 13:00:00,836.0,1589.6478
2024-05-23 14:00:00,1208.0,1585.3174
2024-05-23 15:00:00,610.0,1537.6097
2024-05-23 16:00:00,743.0,1447.4415
2024-05-23 17:00:00,1608.0,1316.5176
2024-05-23 18:00:00,1281.0,1164.082
2024-05-23 19:00:00,775.0,988.08826
2024-05-23 20:00:00,512.0,774.63336
2024-05-23 21:00:00,405.0,604.0087
2024-05-23 22:00:00,313.0,453.20535
2024-05-23 23:00:00,181.0,329.29382
2024-05-24 00:00:00,86.0,282.31195
2024-05-24 01:00:00,47.0,236.19952
2024-05-24 02:00:00,41.0,239.50421
2024-05-24 03:00:00,66.0,288.66992
2024-05-24 04:00:00,153.0,381.02557
2024-05-24 05:00:00,647.0,513.9229
2024-05-24 06:00:00,1900.0,673.13495
2024-05-24 07:00:00,2017.0,879.75525
2024-05-24 08:00:00,1364.0,1058.5734
2024-05-24 09:00:00,1181.0,1233.2083
2024-05-24 10:00:00,1164.0,1414.748
2024-05-24 11:00:00,1117.0,1537.0249
2024-05-24 12:00:00,1220.0,1625.8284
2024-05-24 13:00:00,1427.0,1677.2789
2024-05-24 14:00:00,1479.0,1577.4749
2024-05-24 15:00:00,1235.0,1523.8829
2024-05-24 16:00:00,1702.0,1423.397
2024-05-24 17:00:00,1798.0,1354.9451
2024-05-24 18:00:00,1591.0,1198.2072
2024-05-24 19:00:00,1033.0,1022.8268
2024-05-24 20:00:00,767.0,813.0203
2024-05-24 21:00:00,554.0,641.302
2024-05-24 22:00:00,455.0,486.4883
2024-05-24 23:00:00,280.0,361.4831
2024-05-25 00:00:00,202.0,288.7036
2024-05-25 01:00:00,103.0,245.50781
2024-05-25 02:00:00,91.0,249.90619
2024-05-25 03:00:00,99.0,296.5199
2024-05-25 04:00:00,141.0,389.2401
2024-05-25 05:00:00,214.0,521.04376
2024-05-25 06:00:00,513.0,679.10425
2024-05-25 07:00:00,826.0,886.91376
2024-05-25 08:00:00,1188.0,1090.3838
2024-05-25 09:00:00,1277.0,1266.2859
2024-05-25 10:00:00,1426.0,1419.9275
2024-05-25 11:00:00,1433.0,1549.0588
2024-05-25 12:00:00,1437.0,1633.6783
2024-05-25 13:00:00,1539.0,1681.6135
2024-05-25 14:00:00,1648.0,1679.0583
2024-05-25 15:00:00,1612.0,1601.323
2024-05-25 16:00:00,1662.0,1536.0583
2024-05-25 17:00:00,1465.0,1410.8197
2024-05-25 18:00:00,1221.0,1250.0165
2024-05-25 19:00:00,924.0,1045.4128
2024-05-25 20:00:00,708.0,834.3594
2024-05-25 21:00:00,589.0,658.6308
2024-05-25 22:00:00,575.0,504.5462
2024-05-25 23:00:00,425.0,378.4473
2024-05-26 00:00:00,280.0,274.97162
2024-05-26 01:00:00,195.0,231.4112
2024-05-26 02:00:00,125.0,233.62213
2024-05-26 03:00:00,104.0,283.51703
2024-05-26 04:00:00,130.0,372.95615
2024-05-26 05:00:00,114.0,495.81073
2024-05-26 06:00:00,188.0,654.5802
2024-05-26 07:00:00,281.0,893.6498
2024-05-26 08:00:00,625.0,1077.5719
2024-05-26 09:00:00,920.0,1255.8524
2024-05-26 10:00:00,1123.0,1412.8533
2024-05-26 11:00:00,1286.0,1540.0459
2024-05-26 12:00:00,1399.0,1629.7898
2024-05-26 13:00:00,1568.0,1653.2844
2024-05-26 14:00:00,1777.0,1651.0735
2024-05-26 15:00:00,2022.0,1601.7166
2024-05-26 16:00:00,2301.0,1508.0183
2024-05-26 17:00:00,2405.0,1377.7684
2024-05-26 18:00:00,2027.0,1219.1903
2024-05-26 19:00:00,1608.0,1040.6445
2024-05-26 20:00:00,1125.0,828.6479
2024-05-26 21:00:00,805.0,657.2941
2024-05-26 22:00:00,457.0,503.5741
2024-05-26 23:00:00,243.0,378.93347
2024-05-27 00:00:00,115.0,261.26068
2024-05-27 01:00:00,62.0,215.87769
2024-05-27 02:00:00,49.0,218.81775
2024-05-27 03:00:00,77.0,268.34784
2024-05-27 04:00:00,169.0,330.6026
2024-05-27 05:00:00,847.0,466.0432
2024-05-27 06:00:00,2159.0,619.7359
2024-05-27 07:00:00,2324.0,849.8865
2024-05-27 08:00:00,1551.0,1054.0405
2024-05-27 09:00:00,1172.0,1200.161
2024-05-27 10:00:00,1053.0,1357.645
2024-05-27 11:00:00,1018.0,1484.2618
2024-05-27 12:00:00,1083.0,1506.0701
2024-05-27 13:00:00,1204.0,1543.7043
2024-05-27 14:00:00,1208.0,1603.7844
2024-05-27 15:00:00,1261.0,1554.2163
2024-05-27 16:00:00,1442.0,1399.4716
2024-05-27 17:00:00,1693.0,1288.8971
2024-05-27 18:00:00,915.0,1117.1547
2024-05-27 19:00:00,720.0,931.27545
2024-05-27 20:00:00,247.0,754.64465
2024-05-27 21:00:00,324.0,586.6228
2024-05-27 22:00:00,265.0,441.14355
2024-05-27 23:00:00,133.0,310.068
2024-05-28 00:00:00,61.0,186.90222
2024-05-28 01:00:00,47.0,147.03827
2024-05-28 02:00:00,33.0,146.28192
2024-05-28 03:00:00,50.0,194.35382
2024-05-28 04:00:00,149.0,317.17487
2024-05-28 05:00:00,728.0,446.06198
2024-05-28 06:00:00,2205.0,604.5448
2024-05-28 07:00:00,2427.0,811.52966
2024-05-28 08:00:00,1538.0,990.34784
2024-05-28 09:00:00,1152.0,1162.0662
2024-05-28 10:00:00,1043.0,1316.515
2024-05-28 11:00:00,1011.0,1469.3982
2024-05-28 12:00:00,999.0,1525.7347
2024-05-28 13:00:00,1225.0,1596.6349
2024-05-28 14:00:00,1152.0,1593.8483
2024-05-28 15:00:00,1347.0,1547.7146
2024-05-28 16:00:00,1356.0,1458.5852
2024-05-28 17:00:00,1643.0,1327.2966
2024-05-28 18:00:00,1360.0,1170.061
2024-05-28 19:00:00,839.0,997.64044
2024-05-28 20:00:00,544.0,755.7318
2024-05-28 21:00:00,409.0,580.0033
2024-05-28 22:00:00,319.0,424.82504
2024-05-28 23:00:00,148.0,302.0072
2024-05-29 00:00:00,81.0,216.61157
2024-05-29 01:00:00,45.0,170.86377
2024-05-29 02:00:00,46.0,175.62677
2024-05-29 03:00:00,56.0,225.15686
2024-05-29 04:00:00,149.0,316.41876
2024-05-29 05:00:00,739.0,448.587
2024-05-29 06:00:00,2109.0,608.1636
2024-05-29 07:00:00,2364.0,814.4193
2024-05-29 08:00:00,1521.0,996.15405
2024-05-29 09:00:00,1160.0,1169.5795
2024-05-29 10:00:00,1058.0,1347.9712
2024-05-29 11:00:00,1050.0,1477.8894
2024-05-29 12:00:00,1144.0,1540.3513
2024-05-29 13:00:00,1309.0,1576.5524
2024-05-29 14:00:00,1243.0,1568.9408
2024-05-29 15:00:00,1443.0,1456.3599
2024-05-29 16:00:00,1427.0,1364.9453
2024-05-29 17:00:00,870.0,1235.1681
2024-05-29 18:00:00,1125.0,1074.9475
2024-05-29 19:00:00,836.0,962.96216
2024-05-29 20:00:00,524.0,753.15295
2024-05-29 21:00:00,241.0,581.7992
2024-05-29 22:00:00,182.0,429.90204
2024-05-29 23:00:00,185.0,306.71967
2024-05-30 00:00:00,114.0,207.74243
2024-05-30 01:00:00,68.0,174.24567
2024-05-30 02:00:00,43.0,169.60645
2024-05-30 03:00:00,61.0,222.26495
2024-05-30 04:00:00,145.0,308.09247
2024-05-30 05:00:00,520.0,440.74393
2024-05-30 06:00:00,937.0,625.49536
2024-05-30 07:00:00,385.0,830.5318
2024-05-30 08:00:00,1018.0,945.47424
2024-05-30 09:00:00,596.0,1122.2894
2024-05-30 10:00:00,1023.0,1336.6458
2024-05-30 11:00:00,953.0,1402.0579
2024-05-30 12:00:00,1092.0,1497.8965
2024-05-30 13:00:00,826.0,1524.4503
2024-05-30 14:00:00,1093.0,1583.721
2024-05-30 15:00:00,1460.0,1481.6797
2024-05-30 16:00:00,1086.0,1385.5922
2024-05-30 17:00:00,1245.0,1307.4792
2024-05-30 18:00:00,1306.0,1096.8997
2024-05-30 19:00:00,719.0,924.4667
2024-05-30 20:00:00,376.0,739.1458
2024-05-30 21:00:00,434.0,567.1986
2024-05-30 22:00:00,359.0,431.88193
2024-05-30 23:00:00,166.0,284.33624
2024-05-31 00:00:00,71.0,275.68103
2024-05-31 01:00:00,64.0,255.67963
2024-05-31 02:00:00,54.0,236.45117
2024-05-31 03:00:00,70.0,253.69324
2024-05-31 04:00:00,124.0,346.30316
2024-05-31 05:00:00,614.0,471.95157
2024-05-31 06:00:00,1394.0,630.91766
2024-05-31 07:00:00,1345.0,803.6982
2024-05-31 08:00:00,1301.0,981.1937
2024-05-31 09:00:00,1098.0,1153.3699
2024-05-31 10:00:00,1226.0,1304.97
2024-05-31 11:00:00,1193.0,1429.5004
2024-05-31 12:00:00,990.0,1518.1335
2024-05-31 13:00:00,712.0,1560.4391
2024-05-31 14:00:00,718.0,1554.3284
2024-05-31 15:00:00,1525.0,1504.662
2024-05-31 16:00:00,1783.0,1413.7222
2024-05-31 17:00:00,1558.0,1283.7161
2024-05-31 18:00:00,635.0,1125.3436
2024-05-31 19:00:00,350.0,952.13074
2024-05-31 20:00:00,239.0,771.00653
2024-05-31 21:00:00,396.0,601.6367
2024-05-31 22:00:00,403.0,450.56195
2024-05-31 23:00:00,302.0,328.49866
2024-06-01 00:00:00,169.0,271.73962
2024-06-01 01:00:00,101.0,226.60236
2024-06-01 02:00:00,99.0,228.62683
2024-06-01 03:00:00,73.0,277.9961
2024-06-01 04:00:00,133.0,370.055
2024-06-01 05:00:00,196.0,529.7042
2024-06-01 06:00:00,501.0,655.9667
2024-06-01 07:00:00,679.0,829.7731
2024-06-01 08:00:00,699.0,1070.3445
2024-06-01 09:00:00,1172.0,1242.724
2024-06-01 10:00:00,1285.0,1396.147
2024-06-01 11:00:00,1419.0,1520.7877
2024-06-01 12:00:00,1314.0,1607.9795
2024-06-01 13:00:00,1679.0,1652.6335
2024-06-01 14:00:00,1504.0,1649.6256
2024-06-01 15:00:00,1041.0,1600.8923
2024-06-01 16:00:00,1026.0,1508.5366
2024-06-01 17:00:00,1189.0,1380.3787
2024-06-01 18:00:00,914.0,1224.448
2024-06-01 19:00:00,913.0,1050.6416
2024-06-01 20:00:00,661.0,1428.0833
2024-06-01 21:00:00,527.0,637.25824
2024-06-01 22:00:00,431.0,516.0554
2024-06-01 23:00:00,403.0,392.87305
2024-06-02 00:00:00,247.0,290.18494
2024-06-02 01:00:00,164.0,216.59149
2024-06-02 02:00:00,110.0,251.02289
2024-06-02 03:00:00,86.0,269.79108
2024-06-02 04:00:00,158.0,364.58838
2024-06-02 05:00:00,97.0,493.6111
2024-06-02 06:00:00,206.0,651.09357
2024-06-02 07:00:00,317.0,822.2294
2024-06-02 08:00:00,446.0,1063.1653
2024-06-02 09:00:00,804.0,1234.519
2024-06-02 10:00:00,665.0,1387.8741
2024-06-02 11:00:00,890.0,1513.2439
2024-06-02 12:00:00,1767.0,1599.8196
2024-06-02 13:00:00,1854.0,1646.9127
2024-06-02 14:00:00,1918.0,1644.3372
2024-06-02 15:00:00,1985.0,1595.1714
2024-06-02 16:00:00,2048.0,1502.4512
2024-06-02 17:00:00,1977.0,1374.2932
2024-06-02 18:00:00,1559.0,1157.2366
2024-06-02 19:00:00,1093.0,992.1965
2024-06-02 20:00:00,1141.0,800.75446
2024-06-02 21:00:00,695.0,3400.3584
2024-06-02 22:00:00,446.0,698.65936
2024-06-02 23:00:00,244.0,383.14188
2024-06-03 00:00:00,100.0,267.2827
2024-06-03 01:00:00,82.0,224.8161
2024-06-03 02:00:00,45.0,203.29327
2024-06-03 03:00:00,72.0,257.5713
2024-06-03 04:00:00,170.0,366.1115
2024-06-03 05:00:00,713.0,475.25317
2024-06-03 06:00:00,1281.0,638.76337
2024-06-03 07:00:00,1515.0,797.0972
2024-06-03 08:00:00,1557.0,984.24927
2024-06-03 09:00:00,261.0,1150.1261
2024-06-03 10:00:00,62.0,1297.5043
2024-06-03 11:00:00,278.0,1421.4158
2024-06-03 12:00:00,902.0,1567.758
2024-06-03 13:00:00,1122.0,1612.0475
2024-06-03 14:00:00,1193.0,1609.8367
2024-06-03 15:00:00,1177.0,1561.3999
2024-06-03 16:00:00,1292.0,1471.1738
2024-06-03 17:00:00,1546.0,1341.251
2024-06-03 18:00:00,1134.0,1185.6848
2024-06-03 19:00:00,748.0,1011.5138
2024-06-03 20:00:00,465.0,799.51715
2024-06-03 21:00:00,312.0,628.1634
2024-06-03 22:00:00,278.0,476.63095
2024-06-03 23:00:00,142.0,351.26117
2024-06-04 00:00:00,60.0,234.75
2024-06-04 01:00:00,50.0,192.64777
2024-06-04 02:00:00,38.0,196.31696
2024-06-04 03:00:00,54.0,246.57648
2024-06-04 04:00:00,157.0,338.93213
2024-06-04 05:00:00,755.0,467.45465
2024-06-04 06:00:00,2177.0,624.84375
2024-06-04 07:00:00,2359.0,826.5106
2024-06-04 08:00:00,1563.0,1030.4233
2024-06-04 09:00:00,1111.0,1205.0581
2024-06-04 10:00:00,964.0,1360.9653
2024-06-04 11:00:00,1021.0,1488.158
2024-06-04 12:00:00,942.0,1577.1726
2024-06-04 13:00:00,1139.0,1622.1912
2024-06-04 14:00:00,1140.0,1619.6157
2024-06-04 15:00:00,1259.0,1571.1791
2024-06-04 16:00:00,1305.0,1479.9172
2024-06-04 17:00:00,1642.0,1351.3947
2024-06-04 18:00:00,1243.0,1193.8523
2024-06-04 19:00:00,810.0,1021.35364
2024-06-04 20:00:00,428.0,783.32214
2024-06-04 21:00:00,403.0,610.51013
2024-06-04 22:00:00,348.0,456.06107
2024-06-04 23:00:00,162.0,327.0456
2024-06-05 00:00:00,60.0,241.2763
2024-06-05 01:00:00,47.0,200.26794
2024-06-05 02:00:00,44.0,201.02063
2024-06-05 03:00:00,58.0,246.90515
2024-06-05 04:00:00,148.0,340.71906
2024-06-05 05:00:00,740.0,458.8141
2024-06-05 06:00:00,2093.0,618.6973
2024-06-05 07:00:00,2330.0,859.91675
2024-06-05 08:00:00,1461.0,1043.4366
2024-06-05 09:00:00,1150.0,1218.6849
2024-06-05 10:00:00,1031.0,1372.6737
2024-06-05 11:00:00,1040.0,1498.2925
2024-06-05 12:00:00,1006.0,1585.1572
2024-06-05 13:00:00,1266.0,1635.3983
2024-06-05 14:00:00,1216.0,1534.769
2024-06-05 15:00:00,1346.0,1549.5237
2024-06-05 16:00:00,1479.0,1454.1532
2024-06-05 17:00:00,1699.0,1326.4756
2024-06-05 18:00:00,1318.0,1169.3832
2024-06-05 19:00:00,814.0,993.30396
2024-06-05 20:00:00,432.0,781.828
2024-06-05 21:00:00,101.0,608.6514
2024-06-05 22:00:00,329.0,454.93146
2024-06-05 23:00:00,116.0,328.46796
2024-06-06 00:00:00,17.0,272.86523
2024-06-06 01:00:00,59.0,230.034
2024-06-06 02:00:00,41.0,229.69293
2024-06-06 03:00:00,41.0,277.03583
2024-06-06 04:00:00,159.0,368.29773
2024-06-06 05:00:00,738.0,500.5991
2024-06-06 06:00:00,2100.0,659.9644
2024-06-06 07:00:00,2301.0,892.7932
2024-06-06 08:00:00,1562.0,1075.0256
2024-06-06 09:00:00,1171.0,1253.9572
2024-06-06 10:00:00,1073.0,1407.1011
2024-06-06 11:00:00,1010.0,1535.1965
2024-06-06 12:00:00,1043.0,1623.5775
2024-06-06 13:00:00,1190.0,1668.3271
2024-06-06 14:00:00,1288.0,1670.8208
2024-06-06 15:00:00,1392.0,1528.0989
2024-06-06 16:00:00,1485.0,1494.5524
2024-06-06 17:00:00,1753.0,1361.7129
2024-06-06 18:00:00,1314.0,1201.5884
2024-06-06 19:00:00,865.0,1026.5073
2024-06-06 20:00:00,516.0,813.7815
2024-06-06 21:00:00,399.0,609.7749
2024-06-06 22:00:00,337.0,454.32535
2024-06-06 23:00:00,203.0,361.15063
2024-06-07 00:00:00,70.0,312.6922
2024-06-07 01:00:00,56.0,269.4964
2024-06-07 02:00:00,54.0,273.16565
2024-06-07 03:00:00,60.0,321.6023
2024-06-07 04:00:00,141.0,413.5933
2024-06-07 05:00:00,640.0,544.7533
2024-06-07 06:00:00,1840.0,700.7896
2024-06-07 07:00:00,1917.0,906.71844
2024-06-07 08:00:00,1334.0,1087.073
2024-06-07 09:00:00,1102.0,1256.9077
2024-06-07 10:00:00,1214.0,1412.1813
2024-06-07 11:00:00,1244.0,1539.4897
2024-06-07 12:00:00,1190.0,1656.1334
2024-06-07 13:00:00,1423.0,1674.6368
2024-06-07 14:00:00,1569.0,1698.672
2024-06-07 15:00:00,1535.0,1650.9067
2024-06-07 16:00:00,1792.0,1532.7072
2024-06-07 17:00:00,1715.0,1405.4722
2024-06-07 18:00:00,1395.0,1249.9839
2024-06-07 19:00:00,1029.0,1073.6256
2024-06-07 20:00:00,729.0,861.9936
2024-06-07 21:00:00,579.0,655.2228
2024-06-07 22:00:00,407.0,525.6183
2024-06-07 23:00:00,323.0,402.3681
2024-06-08 00:00:00,212.0,326.3573
2024-06-08 01:00:00,113.0,282.4323
2024-06-08 02:00:00,86.0,286.46613
2024-06-08 03:00:00,72.0,334.8349
2024-06-08 04:00:00,136.0,424.70636
2024-06-08 05:00:00,227.0,547.0835
2024-06-08 06:00:00,491.0,702.7425
2024-06-08 07:00:00,812.0,940.29596
2024-06-08 08:00:00,987.0,1122.3953
2024-06-08 09:00:00,1234.0,1301.5785
2024-06-08 10:00:00,1336.0,1434.8679
2024-06-08 11:00:00,1410.0,1559.9109
2024-06-08 12:00:00,1518.0,1646.0841
2024-06-08 13:00:00,1589.0,1626.7324
2024-06-08 14:00:00,1640.0,1614.5
2024-06-08 15:00:00,1543.0,1627.6777
2024-06-08 16:00:00,1147.0,1533.8263
2024-06-08 17:00:00,1271.0,1404.7859
2024-06-08 18:00:00,1132.0,1250.8892
2024-06-08 19:00:00,835.0,1075.9891
2024-06-08 20:00:00,640.0,864.7216
2024-06-08 21:00:00,661.0,691.84174
2024-06-08 22:00:00,324.0,512.99756
2024-06-08 23:00:00,403.0,398.56445
2024-06-09 00:00:00,215.0,288.7718
2024-06-09 01:00:00,145.0,264.23993
2024-06-09 02:00:00,95.0,266.51874
2024-06-09 03:00:00,102.0,315.3199
2024-06-09 04:00:00,120.0,407.31094
2024-06-09 05:00:00,116.0,536.5626
2024-06-09 06:00:00,208.0,694.3164
2024-06-09 07:00:00,239.0,899.4784
2024-06-09 08:00:00,517.0,1078.6611
2024-06-09 09:00:00,773.0,1250.7439
2024-06-09 10:00:00,1120.0,1405.1929
2024-06-09 11:00:00,1423.0,1531.2917
2024-06-09 12:00:00,1513.0,1619.0969
2024-06-09 13:00:00,1582.0,1663.5398
2024-06-09 14:00:00,1951.0,1662.5383
2024-06-09 15:00:00,2074.0,1612.1255
2024-06-09 16:00:00,2281.0,1456.4988
2024-06-09 17:00:00,2070.0,1320.2018
2024-06-09 18:00:00,1681.0,1222.9213
2024-06-09 19:00:00,1265.0,1045.8339
2024-06-09 20:00:00,491.0,807.7041
2024-06-09 21:00:00,647.0,652.8996
2024-06-09 22:00:00,397.0,529.9042
2024-06-09 23:00:00,215.0,364.12793
2024-06-10 00:00:00,93.0,242.32587
2024-06-10 01:00:00,60.0,207.57434
2024-06-10 02:00:00,47.0,204.94434
2024-06-10 03:00:00,70.0,255.18665
2024-06-10 04:00:00,172.0,347.70337
2024-06-10 05:00:00,692.0,472.0038
2024-06-10 06:00:00,1969.0,629.2826
2024-06-10 07:00:00,1742.0,799.6893
2024-06-10 08:00:00,1549.0,978.3464
2024-06-10 09:00:00,969.0,1212.0513
2024-06-10 10:00:00,1033.0,1395.3186
2024-06-10 11:00:00,1083.0,1494.2109
2024-06-10 12:00:00,1105.0,1609.3586
2024-06-10 13:00:00,1308.0,1622.773
2024-06-10 14:00:00,1231.0,1648.0955
2024-06-10 15:00:00,1248.0,1598.1223
2024-06-10 16:00:00,1368.0,1506.1313
2024-06-10 17:00:00,1651.0,1377.8201
2024-06-10 18:00:00,1192.0,1223.5037
2024-06-10 19:00:00,746.0,1020.7257
2024-06-10 20:00:00,578.0,808.078
2024-06-10 21:00:00,349.0,636.3597
2024-06-10 22:00:00,287.0,482.63977
2024-06-10 23:00:00,143.0,360.18652
2024-06-11 00:00:00,67.0,209.08136
2024-06-11 01:00:00,55.0,190.99274
2024-06-11 02:00:00,42.0,192.77136
2024-06-11 03:00:00,45.0,215.17633
2024-06-11 04:00:00,155.0,303.6828
2024-06-11 05:00:00,799.0,425.0159
2024-06-11 06:00:00,2070.0,578.5729
2024-06-11 07:00:00,1878.0,814.7938
2024-06-11 08:00:00,827.0,991.85693
2024-06-11 09:00:00,934.0,1161.7524
2024-06-11 10:00:00,1016.0,1314.3784
2024-06-11 11:00:00,549.0,1439.0192
2024-06-11 12:00:00,876.0,1525.4817
2024-06-11 13:00:00,885.0,1569.4066
2024-06-11 14:00:00,1183.0,1566.3987
2024-06-11 15:00:00,1248.0,1517.2329
2024-06-11 16:00:00,1431.0,1425.6743
2024-06-11 17:00:00,1408.0,1297.1519
2024-06-11 18:00:00,841.0,1141.5178
2024-06-11 19:00:00,758.0,967.05023
2024-06-11 20:00:00,509.0,725.7497
2024-06-11 21:00:00,226.0,553.8956
2024-06-11 22:00:00,305.0,431.37027
2024-06-11 23:00:00,136.0,307.89117
2024-06-12 00:00:00,73.0,221.74951
2024-06-12 01:00:00,59.0,178.91833
2024-06-12 02:00:00,38.0,182.58752
2024-06-12 03:00:00,48.0,233.21149
2024-06-12 04:00:00,144.0,323.74426
2024-06-12 05:00:00,743.0,450.63495
2024-06-12 06:00:00,2125.0,605.9468
2024-06-12 07:00:00,2328.0,839.6985
2024-06-12 08:00:00,1442.0,1018.8812
2024-06-12 09:00:00,1132.0,1194.2451
2024-06-12 10:00:00,1141.0,1349.0586
2024-06-12 11:00:00,1123.0,1476.616
2024-06-12 12:00:00,1110.0,1565.2659
2024-06-12 13:00:00,1358.0,1614.6245
2024-06-12 14:00:00,1304.0,1611.2996
2024-06-12 15:00:00,1293.0,1557.8142
2024-06-12 16:00:00,1533.0,1444.377
2024-06-12 17:00:00,1719.0,1314.4338
2024-06-12 18:00:00,1355.0,1154.8373
2024-06-12 19:00:00,790.0,983.04755
2024-06-12 20:00:00,527.0,771.0509
2024-06-12 21:00:00,397.0,598.2389
2024-06-12 22:00:00,313.0,442.69608
2024-06-12 23:00:00,240.0,314.7743
2024-06-13 00:00:00,102.0,255.88275
2024-06-13 01:00:00,65.0,215.60358
2024-06-13 02:00:00,45.0,218.90808
2024-06-13 03:00:00,52.0,268.0739
2024-06-13 04:00:00,145.0,359.33582
2024-06-13 05:00:00,746.0,484.94177
2024-06-13 06:00:00,2108.0,635.9743
2024-06-13 07:00:00,2275.0,871.64435
2024-06-13 08:00:00,1546.0,1057.1433
2024-06-13 09:00:00,1185.0,1227.2847
2024-06-13 10:00:00,1085.0,1383.1919
2024-06-13 11:00:00,1070.0,1510.3845
2024-06-13 12:00:00,1083.0,1598.3054
2024-06-13 13:00:00,1310.0,1644.0532
2024-06-13 14:00:00,1289.0,1641.3823
2024-06-13 15:00:00,1087.0,1592.0051
2024-06-13 16:00:00,1517.0,1500.1675
2024-06-13 17:00:00,1686.0,1372.163
2024-06-13 18:00:00,1391.0,1215.4076
2024-06-13 19:00:00,877.0,1014.5305
2024-06-13 20:00:00,561.0,801.53845
2024-06-13 21:00:00,471.0,630.1847
2024-06-13 22:00:00,377.0,474.6419
2024-06-13 23:00:00,149.0,349.63672
2024-06-14 00:00:00,79.0,298.61884
2024-06-14 01:00:00,47.0,257.24585
2024-06-14 02:00:00,40.0,263.10248
2024-06-14 03:00:00,52.0,312.2682
2024-06-14 04:00:00,144.0,404.25928
2024-06-14 05:00:00,635.0,534.96924
2024-06-14 06:00:00,1806.0,694.9103
2024-06-14 07:00:00,1921.0,836.1317
2024-06-14 08:00:00,1343.0,1013.4916
2024-06-14 09:00:00,1040.0,1246.5308
2024-06-14 10:00:00,1053.0,1399.5212
2024-06-14 11:00:00,1112.0,1525.7258
2024-06-14 12:00:00,1240.0,1614.4916
2024-06-14 13:00:00,1421.0,1656.9352
2024-06-14 14:00:00,1497.0,1657.5105
2024-06-14 15:00:00,1618.0,1606.4541
2024-06-14 16:00:00,1865.0,1515.2599
2024-06-14 17:00:00,1827.0,1386.6796
2024-06-14 18:00:00,1447.0,1227.0801
2024-06-14 19:00:00,923.0,1054.755
2024-06-14 20:00:00,695.0,842.45166
2024-06-14 21:00:00,532.0,671.0979
2024-06-14 22:00:00,437.0,519.56537
2024-06-14 23:00:00,334.0,395.28928
2024-06-15 00:00:00,212.0,311.21442
2024-06-15 01:00:00,115.0,270.93518
2024-06-15 02:00:00,66.0,274.23987
2024-06-15 03:00:00,80.0,325.59302
2024-06-15 04:00:00,103.0,411.52692
2024-06-15 05:00:00,206.0,525.06006
2024-06-15 06:00:00,474.0,670.96985
2024-06-15 07:00:00,711.0,840.9187
2024-06-15 08:00:00,948.0,1078.7263
2024-06-15 09:00:00,1182.0,1250.4446
2024-06-15 10:00:00,1005.0,1405.9872
2024-06-15 11:00:00,674.0,1530.2633
2024-06-15 12:00:00,612.0,1618.9133
2024-06-15 13:00:00,1008.0,1662.4736
2024-06-15 14:00:00,1583.0,1660.0515
2024-06-15 15:00:00,1415.0,1609.8296
2024-06-15 16:00:00,1354.0,1516.9185
2024-06-15 17:00:00,1357.0,1387.1287
2024-06-15 18:00:00,1094.0,1230.4312
2024-06-15 19:00:00,727.0,1055.7423
2024-06-15 20:00:00,655.0,845.204
2024-06-15 21:00:00,509.0,669.4076
2024-06-15 22:00:00,399.0,517.21375
2024-06-15 23:00:00,526.0,395.12506
2024-06-16 00:00:00,241.0,290.53082
2024-06-16 01:00:00,139.0,248.06409
2024-06-16 02:00:00,77.0,251.36877
2024-06-16 03:00:00,86.0,300.8991
2024-06-16 04:00:00,119.0,392.89014
2024-06-16 05:00:00,114.0,522.50635
2024-06-16 06:00:00,206.0,679.8955
2024-06-16 07:00:00,301.0,885.5755
2024-06-16 08:00:00,527.0,1061.7231
2024-06-16 09:00:00,855.0,1260.1099
2024-06-16 10:00:00,1089.0,1415.288
2024-06-16 11:00:00,1340.0,1542.116
2024-06-16 12:00:00,1583.0,1631.7064
2024-06-16 13:00:00,1667.0,1676.3605
2024-06-16 14:00:00,1992.0,1674.8787
2024-06-16 15:00:00,2150.0,1627.7094
2024-06-16 16:00:00,2279.0,1780.9414
2024-06-16 17:00:00,2492.0,1382.3877
2024-06-16 18:00:00,2122.0,1226.7637
2024-06-16 19:00:00,1516.0,1052.7113
2024-06-16 20:00:00,1166.0,837.6448
2024-06-16 21:00:00,1074.0,662.6454
2024-06-16 22:00:00,490.0,510.01907
2024-06-16 23:00:00,276.0,385.0139
2024-06-17 00:00:00,112.0,264.7647
2024-06-17 01:00:00,62.0,224.48547
2024-06-17 02:00:00,54.0,226.69647
2024-06-17 03:00:00,59.0,275.86212
2024-06-17 04:00:00,182.0,367.85315
2024-06-17 05:00:00,853.0,498.19855
2024-06-17 06:00:00,2163.0,656.02747
2024-06-17 07:00:00,2184.0,860.2666
2024-06-17 08:00:00,1559.0,1067.365
2024-06-17 09:00:00,1135.0,1243.458
2024-06-17 10:00:00,1044.0,1374.0972
2024-06-17 11:00:00,1062.0,1502.2908
2024-06-17 12:00:00,1096.0,1589.2336
2024-06-17 13:00:00,1215.0,1629.2615
2024-06-17 14:00:00,1241.0,1650.1311
2024-06-17 15:00:00,1260.0,1596.0898
2024-06-17 16:00:00,1462.0,1479.6582
2024-06-17 17:00:00,1651.0,1350.3689
2024-06-17 18:00:00,1259.0,1188.2754
2024-06-17 19:00:00,803.0,1015.62335
2024-06-17 20:00:00,566.0,804.2227
2024-06-17 21:00:00,446.0,630.6815
2024-06-17 22:00:00,324.0,475.5034
2024-06-17 23:00:00,152.0,353.77924
2024-06-18 00:00:00,87.0,236.52417
2024-06-18 01:00:00,57.0,191.50543
2024-06-18 02:00:00,51.0,192.62268
2024-06-18 03:00:00,47.0,240.33014
2024-06-18 04:00:00,150.0,330.65173
2024-06-18 05:00:00,780.0,453.56424
2024-06-18 06:00:00,2125.0,610.87524
2024-06-18 07:00:00,2243.0,850.0982
2024-06-18 08:00:00,1498.0,1035.3252
2024-06-18 09:00:00,1216.0,1213.03
2024-06-18 10:00:00,1095.0,1373.6766
2024-06-18 11:00:00,1052.0,1505.0532
2024-06-18 12:00:00,1055.0,1593.894
2024-06-18 13:00:00,1188.0,1645.8597
2024-06-18 14:00:00,1324.0,1619.8215
2024-06-18 15:00:00,1346.0,1596.5171
2024-06-18 16:00:00,1490.0,1505.0237
2024-06-18 17:00:00,1788.0,1373.5847
2024-06-18 18:00:00,1316.0,1189.3564
2024-06-18 19:00:00,834.0,1016.2994
2024-06-18 20:00:00,569.0,799.6791
2024-06-18 21:00:00,467.0,622.4922
2024-06-18 22:00:00,319.0,464.76205
2024-06-18 23:00:00,171.0,336.4757
2024-06-19 00:00:00,73.0,247.77539
2024-06-19 01:00:00,58.0,202.39227
2024-06-19 02:00:00,39.0,204.60327
2024-06-19 03:00:00,61.0,252.67517
2024-06-19 04:00:00,147.0,343.5725
2024-06-19 05:00:00,741.0,467.6568
2024-06-19 06:00:00,2046.0,623.37366
2024-06-19 07:00:00,2301.0,866.4535
2024-06-19 08:00:00,1460.0,1048.1882
2024-06-19 09:00:00,1073.0,1223.1876
2024-06-19 10:00:00,1102.0,1378.0011
2024-06-19 11:00:00,1105.0,1505.1938
2024-06-19 12:00:00,1106.0,1596.3958
2024-06-19 13:00:00,1291.0,1641.53
2024-06-19 14:00:00,1392.0,1637.7451
2024-06-19 15:00:00,1321.0,1588.944
2024-06-19 16:00:00,1556.0,1497.74
2024-06-19 17:00:00,1723.0,1371.6189
2024-06-19 18:00:00,1342.0,1186.5052
2024-06-19 19:00:00,740.0,1011.26086
2024-06-19 20:00:00,621.0,794.5248
2024-06-19 21:00:00,394.0,618.0671
2024-06-19 22:00:00,310.0,459.97235
2024-06-19 23:00:00,220.0,337.5191
2024-06-20 00:00:00,84.0,280.0794
2024-06-20 01:00:00,52.0,237.97736
2024-06-20 02:00:00,48.0,242.37567
2024-06-20 03:00:00,64.0,290.4477
2024-06-20 04:00:00,152.0,380.98047
2024-06-20 05:00:00,739.0,509.503
2024-06-20 06:00:00,2033.0,665.43384
2024-06-20 07:00:00,2231.0,869.86676
2024-06-20 08:00:00,1501.0,1049.0494
2024-06-20 09:00:00,1158.0,1219.3094
2024-06-20 10:00:00,1070.0,1373.3938
2024-06-20 11:00:00,1175.0,1499.8574
2024-06-20 12:00:00,1173.0,1587.0491
2024-06-20 13:00:00,1319.0,1633.1616
2024-06-20 14:00:00,1366.0,1628.3784
2024-06-20 15:00:00,1441.0,1581.0557
2024-06-20 16:00:00,1553.0,1489.3712
2024-06-20 17:00:00,1708.0,1360.7129
2024-06-20 18:00:00,1372.0,1206.4341
2024-06-20 19:00:00,808.0,1030.8049
2024-06-20 20:00:00,599.0,817.35
2024-06-20 21:00:00,471.0,641.98596
2024-06-20 22:00:00,399.0,486.4432
2024-06-20 23:00:00,305.0,360.70886
2024-06-21 00:00:00,121.0,312.23676
2024-06-21 01:00:00,76.0,272.68658
2024-06-21 02:00:00,51.0,275.62665
2024-06-21 03:00:00,76.0,325.8861
2024-06-21 04:00:00,149.0,415.68976
2024-06-21 05:00:00,627.0,544.2123
2024-06-21 06:00:00,1747.0,700.29645
2024-06-21 07:00:00,1852.0,904.94055
2024-06-21 08:00:00,1318.0,1083.0295
2024-06-21 09:00:00,765.0,1190.6716
2024-06-21 10:00:00,753.0,1343.2299
2024-06-21 11:00:00,695.0,1527.572
2024-06-21 12:00:00,1139.0,1553.0784
2024-06-21 13:00:00,1220.0,1596.2571
2024-06-21 14:00:00,1684.0,1590.0784
2024-06-21 15:00:00,1690.0,1544.0664
2024-06-21 16:00:00,1695.0,1442.4271
2024-06-21 17:00:00,1742.0,1325.3923
2024-06-21 18:00:00,1299.0,1156.541
2024-06-21 19:00:00,971.0,1042.1819
2024-06-21 20:00:00,722.0,832.37256
2024-06-21 21:00:00,489.0,630.4177
2024-06-21 22:00:00,417.0,479.41086
2024-06-21 23:00:00,384.0,358.00885
2024-06-22 00:00:00,207.0,278.5849
2024-06-22 01:00:00,123.0,266.58368
2024-06-22 02:00:00,95.0,270.32074
2024-06-22 03:00:00,85.0,318.0282
2024-06-22 04:00:00,144.0,409.29013
2024-06-22 05:00:00,248.0,536.67847
2024-06-22 06:00:00,542.0,692.87573
2024-06-22 07:00:00,794.0,901.0121
2024-06-22 08:00:00,1160.0,1087.6526
2024-06-22 09:00:00,1336.0,1285.6471
2024-06-22 10:00:00,1491.0,1414.5588
2024-06-22 11:00:00,1542.0,1536.552
2024-06-22 12:00:00,1556.0,1551.8164
2024-06-22 13:00:00,1698.0,1601.5232
2024-06-22 14:00:00,1780.0,1604.6111
2024-06-22 15:00:00,1656.0,1540.9985
2024-06-22 16:00:00,1662.0,1443.7343
2024-06-22 17:00:00,1163.0,1317.0853
2024-06-22 18:00:00,800.0,1216.1509
2024-06-22 19:00:00,708.0,1042.3445
2024-06-22 20:00:00,684.0,832.5352
2024-06-22 21:00:00,616.0,661.5461
2024-06-22 22:00:00,529.0,509.64893
2024-06-22 23:00:00,475.0,386.46655
2024-06-23 00:00:00,282.0,383.46472
2024-06-23 01:00:00,127.0,340.7013
2024-06-23 02:00:00,119.0,344.7351
2024-06-23 03:00:00,107.0,394.99457
2024-06-23 04:00:00,149.0,486.62103
2024-06-23 05:00:00,120.0,615.1436
2024-06-23 06:00:00,223.0,772.16815
2024-06-23 07:00:00,271.0,978.0593
2024-06-23 08:00:00,585.0,1157.2421
2024-06-23 09:00:00,953.0,1328.3643
2024-06-23 10:00:00,1323.0,1484.1384
2024-06-23 11:00:00,1649.0,1608.4146
2024-06-23 12:00:00,1807.0,1697.429
2024-06-23 13:00:00,1887.0,1741.4496
2024-06-23 14:00:00,1938.0,1738.5674
2024-06-23 15:00:00,2083.0,1692.1648
2024-06-23 16:00:00,2110.0,1597.4656
2024-06-23 17:00:00,2139.0,1472.0157
2024-06-23 18:00:00,1649.0,1314.9912
2024-06-23 19:00:00,1238.0,1139.7267
2024-06-23 20:00:00,1125.0,928.09454
2024-06-23 21:00:00,587.0,757.1054
2024-06-23 22:00:00,312.0,604.84375
2024-06-23 23:00:00,300.0,482.39044
2024-06-24 00:00:00,119.0,238.43616
2024-06-24 01:00:00,65.0,193.05298
2024-06-24 02:00:00,55.0,195.62854
2024-06-24 03:00:00,82.0,244.79419
2024-06-24 04:00:00,181.0,335.32697
2024-06-24 05:00:00,853.0,456.1273
2024-06-24 06:00:00,2219.0,616.5863
2024-06-24 07:00:00,2286.0,855.2914
2024-06-24 08:00:00,1600.0,1038.1198
2024-06-24 09:00:00,1199.0,1212.3901
2024-06-24 10:00:00,1164.0,1370.4846
2024-06-24 11:00:00,1122.0,1499.1356
2024-06-24 12:00:00,1119.0,1590.1466
2024-06-24 13:00:00,1286.0,1634.1295
2024-06-24 14:00:00,1277.0,1634.6443
2024-06-24 15:00:00,1311.0,1586.6298
2024-06-24 16:00:00,1591.0,1469.6396
2024-06-24 17:00:00,1724.0,1339.4102
2024-06-24 18:00:00,1330.0,1206.5022
2024-06-24 19:00:00,868.0,1029.8372
2024-06-24 20:00:00,621.0,790.2895
2024-06-24 21:00:00,425.0,614.9255
2024-06-24 22:00:00,299.0,461.20557
2024-06-24 23:00:00,182.0,335.4712
2024-06-25 00:00:00,89.0,213.83582
2024-06-25 01:00:00,65.0,173.92114
2024-06-25 02:00:00,43.0,175.4029
2024-06-25 03:00:00,66.0,222.3811
2024-06-25 04:00:00,161.0,313.2785
2024-06-25 05:00:00,787.0,434.19455
2024-06-25 06:00:00,2165.0,592.35046
2024-06-25 07:00:00,2324.0,830.3264
2024-06-25 08:00:00,1594.0,1010.9674
2024-06-25 09:00:00,1235.0,1185.2377
2024-06-25 10:00:00,1064.0,1341.874
2024-06-25 11:00:00,1059.0,1469.0667
2024-06-25 12:00:00,1050.0,1559.904
2024-06-25 13:00:00,1272.0,1606.3809
2024-06-25 14:00:00,1226.0,1604.1699
2024-06-25 15:00:00,1354.0,1561.3406
2024-06-25 16:00:00,1468.0,1439.2263
2024-06-25 17:00:00,1614.0,1233.9946
2024-06-25 18:00:00,1334.0,1070.5183
2024-06-25 19:00:00,831.0,953.9209
2024-06-25 20:00:00,497.0,743.4504
2024-06-25 21:00:00,393.0,570.63837
2024-06-25 22:00:00,332.0,416.9184
2024-06-25 23:00:00,163.0,293.73602
2024-06-26 00:00:00,83.0,206.85333
2024-06-26 01:00:00,68.0,165.11578
2024-06-26 02:00:00,54.0,169.51422
2024-06-26 03:00:00,117.0,219.409
2024-06-26 04:00:00,163.0,311.4001
2024-06-26 05:00:00,752.0,441.3809
2024-06-26 06:00:00,2053.0,567.87195
2024-06-26 07:00:00,2291.0,829.0816
2024-06-26 08:00:00,1609.0,988.9479
2024-06-26 09:00:00,1142.0,1159.8589
2024-06-26 10:00:00,1128.0,1312.1985
2024-06-26 11:00:00,1161.0,1435.0164
2024-06-26 12:00:00,1172.0,1546.7065
2024-06-26 13:00:00,1370.0,1591.7426
2024-06-26 14:00:00,1344.0,1593.1775
2024-06-26 15:00:00,1485.0,1547.1018
2024-06-26 16:00:00,1601.0,1429.8049
2024-06-26 17:00:00,1794.0,1300.5533
2024-06-26 18:00:00,1362.0,1138.6765
2024-06-26 19:00:00,819.0,962.7783
2024-06-26 20:00:00,561.0,749.95703
2024-06-26 21:00:00,426.0,574.22845
2024-06-26 22:00:00,340.0,420.14395
2024-06-26 23:00:00,184.0,295.13873
2024-06-27 00:00:00,110.0,239.15222
2024-06-27 01:00:00,71.0,198.87305
2024-06-27 02:00:00,38.0,205.09424
2024-06-27 03:00:00,69.0,253.89532
2024-06-27 04:00:00,179.0,345.88635
2024-06-27 05:00:00,733.0,475.50262
2024-06-27 06:00:00,2108.0,633.29395
2024-06-27 07:00:00,2281.0,864.81775
2024-06-27 08:00:00,1568.0,1044.3623
2024-06-27 09:00:00,1228.0,1220.571
2024-06-27 10:00:00,1231.0,1377.3984
2024-06-27 11:00:00,1148.0,1507.1458
2024-06-27 12:00:00,1293.0,1565.8636
2024-06-27 13:00:00,1414.0,1550.5884
2024-06-27 14:00:00,1401.0,1632.2122
2024-06-27 15:00:00,1524.0,1586.7499
2024-06-27 16:00:00,1641.0,1494.6431
2024-06-27 17:00:00,1798.0,1367.8103
2024-06-27 18:00:00,1574.0,1210.4213
2024-06-27 19:00:00,912.0,1005.4182
2024-06-27 20:00:00,672.0,792.46387
2024-06-27 21:00:00,547.0,618.1935
2024-06-27 22:00:00,435.0,464.83817
2024-06-27 23:00:00,296.0,312.74188
2024-06-28 00:00:00,108.0,275.7779
2024-06-28 01:00:00,66.0,245.17566
2024-06-28 02:00:00,63.0,245.99615
2024-06-28 03:00:00,61.0,294.4328
2024-06-28 04:00:00,186.0,386.05927
2024-06-28 05:00:00,656.0,515.82886
2024-06-28 06:00:00,1794.0,666.8411
2024-06-28 07:00:00,1953.0,905.1036
2024-06-28 08:00:00,1395.0,1086.6647
2024-06-28 09:00:00,1206.0,1264.5807
2024-06-28 10:00:00,1175.0,1422.522
2024-06-28 11:00:00,1428.0,1550.5972
2024-06-28 12:00:00,1401.0,1638.845
2024-06-28 13:00:00,1553.0,1682.6743
2024-06-28 14:00:00,1768.0,1654.2926
2024-06-28 15:00:00,1743.0,1626.3269
2024-06-28 16:00:00,1922.0,1511.5269
2024-06-28 17:00:00,2049.0,1380.5681
2024-06-28 18:00:00,1571.0,1220.0862
2024-06-28 19:00:00,1144.0,1047.9144
2024-06-28 20:00:00,872.0,837.3761
2024-06-28 21:00:00,595.0,663.10583
2024-06-28 22:00:00,600.0,508.29218
2024-06-28 23:00:00,473.0,380.37042
2024-06-29 00:00:00,237.0,491.171
2024-06-29 01:00:00,130.0,449.06885
2024-06-29 02:00:00,109.0,453.1027
2024-06-29 03:00:00,106.0,499.71643
2024-06-29 04:00:00,181.0,588.79095
2024-06-29 05:00:00,256.0,720.9591
2024-06-29 06:00:00,534.0,879.3639
2024-06-29 07:00:00,782.0,1107.0482
2024-06-29 08:00:00,1200.0,1289.2429
2024-06-29 09:00:00,1384.0,1465.125
2024-06-29 10:00:00,1576.0,1621.3967
2024-06-29 11:00:00,1679.0,1754.981
2024-06-29 12:00:00,1515.0,1816.7336
2024-06-29 13:00:00,2051.0,1863.5751
2024-06-29 14:00:00,1898.0,1854.0728
2024-06-29 15:00:00,2130.0,1803.0842
2024-06-29 16:00:00,2131.0,1713.6453
2024-06-29 17:00:00,1693.0,1523.734
2024-06-29 18:00:00,1050.0,1353.8394
2024-06-29 19:00:00,695.0,1242.261
2024-06-29 20:00:00,670.0,1036.462
2024-06-29 21:00:00,617.0,863.94684
2024-06-29 22:00:00,520.0,674.72534
2024-06-29 23:00:00,549.0,557.29114
2024-06-30 00:00:00,267.0,351.08746
2024-06-30 01:00:00,153.0,335.6186
2024-06-30 02:00:00,111.0,315.94403
2024-06-30 03:00:00,121.0,388.08902
2024-06-30 04:00:00,171.0,477.16354
2024-06-30 05:00:00,106.0,607.8735
2024-06-30 06:00:00,265.0,767.45
2024-06-30 07:00:00,280.0,970.7488
2024-06-30 08:00:00,535.0,1154.4423
2024-06-30 09:00:00,881.0,1326.4296
2024-06-30 10:00:00,1285.0,1418.1078
2024-06-30 11:00:00,1709.0,1601.2776
2024-06-30 12:00:00,1845.0,1688.3333
2024-06-30 13:00:00,2000.0,1734.4861
2024-06-30 14:00:00,2210.0,1729.645
2024-06-30 15:00:00,2443.0,1676.8741
2024-06-30 16:00:00,2522.0,1578.6854
2024-06-30 17:00:00,2446.0,1386.502
2024-06-30 18:00:00,1964.0,1287.9666
2024-06-30 19:00:00,1235.0,1115.3218
2024-06-30 20:00:00,974.0,904.7156
2024-06-30 21:00:00,929.0,730.5132
2024-06-30 22:00:00,657.0,577.52234
2024-06-30 23:00:00,257.0,422.5773
2024-07-01 00:00:00,119.0,344.30054
2024-07-01 01:00:00,67.0,302.1985
2024-07-01 02:00:00,70.0,306.59686
2024-07-01 03:00:00,84.0,333.90234
2024-07-01 04:00:00,184.0,428.79294
2024-07-01 05:00:00,842.0,546.42957
2024-07-01 06:00:00,2132.0,701.5381
2024-07-01 07:00:00,1658.0,875.0732
2024-07-01 08:00:00,805.0,1048.6008
2024-07-01 09:00:00,703.0,1286.8118
2024-07-01 10:00:00,894.0,1441.2606
2024-07-01 11:00:00,1279.0,1592.4541
2024-07-01 12:00:00,1244.0,1651.4409
2024-07-01 13:00:00,1404.0,1723.9906
2024-07-01 14:00:00,1391.0,1723.3335
2024-07-01 15:00:00,1345.0,1652.4321
2024-07-01 16:00:00,1431.0,1558.8469
2024-07-01 17:00:00,1721.0,1369.3021
2024-07-01 18:00:00,1295.0,1260.4474
2024-07-01 19:00:00,807.0,1086.9377
2024-07-01 20:00:00,538.0,876.8318
2024-07-01 21:00:00,392.0,674.58026
2024-07-01 22:00:00,302.0,552.4872
2024-07-01 23:00:00,144.0,430.03397
2024-07-02 00:00:00,77.0,312.0401
2024-07-02 01:00:00,57.0,269.5056
2024-07-02 02:00:00,41.0,273.24268
2024-07-02 03:00:00,76.0,323.1375
2024-07-02 04:00:00,156.0,414.39944
2024-07-02 05:00:00,750.0,543.6511
2024-07-02 06:00:00,1647.0,700.4645
2024-07-02 07:00:00,1283.0,904.8974
2024-07-02 08:00:00,760.0,1084.2334
2024-07-02 09:00:00,571.0,1255.5872
2024-07-02 10:00:00,1157.0,1408.7688
2024-07-02 11:00:00,1098.0,1531.5461
2024-07-02 12:00:00,1078.0,1620.5232
2024-07-02 13:00:00,1212.0,1665.4288
2024-07-02 14:00:00,1270.0,1661.4529
2024-07-02 15:00:00,1347.0,1610.8289
2024-07-02 16:00:00,1480.0,1515.5566
2024-07-02 17:00:00,1628.0,1318.1506
2024-07-02 18:00:00,589.0,1164.2375
2024-07-02 19:00:00,555.0,984.1998
2024-07-02 20:00:00,525.0,807.73016
2024-07-02 21:00:00,376.0,634.9606
2024-07-02 22:00:00,288.0,481.4441
2024-07-02 23:00:00,182.0,389.68518
2024-07-03 00:00:00,72.0,304.25684
2024-07-03 01:00:00,44.0,261.12897
2024-07-03 02:00:00,41.0,264.79816
2024-07-03 03:00:00,62.0,314.69293
2024-07-03 04:00:00,133.0,407.04855
2024-07-03 05:00:00,738.0,536.30023
2024-07-03 06:00:00,1977.0,694.7253
2024-07-03 07:00:00,2028.0,901.0388
2024-07-03 08:00:00,1396.0,1080.3749
2024-07-03 09:00:00,1186.0,1250.7102
2024-07-03 10:00:00,1094.0,1407.2712
2024-07-03 11:00:00,1193.0,1529.3599
2024-07-03 12:00:00,1166.0,1616.3983
2024-07-03 13:00:00,1294.0,1661.0522
2024-07-03 14:00:00,1346.0,1594.3582
2024-07-03 15:00:00,1378.0,1546.7351
2024-07-03 16:00:00,1258.0,1444.4941
2024-07-03 17:00:00,1370.0,1316.7515
2024-07-03 18:00:00,1021.0,1162.9062
2024-07-03 19:00:00,527.0,982.275
2024-07-03 20:00:00,531.0,815.43646
2024-07-03 21:00:00,419.0,661.78864
2024-07-03 22:00:00,290.0,510.3239
2024-07-03 23:00:00,178.0,386.04782
2024-07-04 00:00:00,29.0,331.51587
2024-07-04 01:00:00,56.0,289.77832
2024-07-04 02:00:00,39.0,294.54132
2024-07-04 03:00:00,57.0,342.61328
2024-07-04 04:00:00,173.0,436.79175
2024-07-04 05:00:00,719.0,535.28125
2024-07-04 06:00:00,2016.0,723.4326
2024-07-04 07:00:00,2265.0,931.2421
2024-07-04 08:00:00,1517.0,1108.7148
2024-07-04 09:00:00,1231.0,1287.765
2024-07-04 10:00:00,1175.0,1440.4836
2024-07-04 11:00:00,1115.0,1594.7124
2024-07-04 12:00:00,1104.0,1654.599
2024-07-04 13:00:00,1311.0,1698.9291
2024-07-04 14:00:00,1400.0,1729.2402
2024-07-04 15:00:00,1441.0,1683.471
2024-07-04 16:00:00,1707.0,1562.5286
2024-07-04 17:00:00,1874.0,1428.5172
2024-07-04 18:00:00,1435.0,1273.1825
2024-07-04 19:00:00,914.0,1100.1052
2024-07-04 20:00:00,617.0,884.8275
2024-07-04 21:00:00,516.0,709.82806
2024-07-04 22:00:00,402.0,559.02466
2024-07-04 23:00:00,284.0,432.19662
2024-07-05 00:00:00,113.0,386.9971
2024-07-05 01:00:00,69.0,345.62415
2024-07-05 02:00:00,52.0,350.02252
2024-07-05 03:00:00,61.0,397.3654
2024-07-05 04:00:00,178.0,489.721
2024-07-05 05:00:00,650.0,617.879
2024-07-05 06:00:00,1827.0,775.9973
2024-07-05 07:00:00,1851.0,1004.9489
2024-07-05 08:00:00,1424.0,1179.754
2024-07-05 09:00:00,1186.0,1355.8472
2024-07-05 10:00:00,1251.0,1508.8376
2024-07-05 11:00:00,1300.0,1635.6659
2024-07-05 12:00:00,1270.0,1725.0452
2024-07-05 13:00:00,1485.0,1769.6992
2024-07-05 14:00:00,1693.0,1768.582
2024-07-05 15:00:00,1844.0,1721.3547
2024-07-05 16:00:00,2113.0,1629.2478
2024-07-05 17:00:00,1960.0,1474.4214
2024-07-05 18:00:00,1460.0,1320.6432
2024-07-05 19:00:00,1018.0,1144.2849
2024-07-05 20:00:00,760.0,931.9237
2024-07-05 21:00:00,623.0,758.74713
2024-07-05 22:00:00,472.0,602.1106
2024-07-05 23:00:00,370.0,476.01166
2024-07-06 00:00:00,234.0,374.98502
2024-07-06 01:00:00,139.0,334.70575
2024-07-06 02:00:00,88.0,335.823
2024-07-06 03:00:00,99.0,384.98874
2024-07-06 04:00:00,149.0,478.80264
2024-07-06 05:00:00,215.0,599.3946
2024-07-06 06:00:00,478.0,758.2392
2024-07-06 07:00:00,749.0,999.1317
2024-07-06 08:00:00,1027.0,1180.7534
2024-07-06 09:00:00,1329.0,1357.8071
2024-07-06 10:00:00,1478.0,1511.3909
2024-07-06 11:00:00,1542.0,1613.5269
2024-07-06 12:00:00,1671.0,1695.1747
2024-07-06 13:00:00,1828.0,1664.5164
2024-07-06 14:00:00,1856.0,1658.2952
2024-07-06 15:00:00,1875.0,1604.3901
2024-07-06 16:00:00,1627.0,1573.6466
2024-07-06 17:00:00,1483.0,1398.1196
2024-07-06 18:00:00,747.0,1251.1755
2024-07-06 19:00:00,552.0,1046.3903
2024-07-06 20:00:00,485.0,872.22656
2024-07-06 21:00:00,660.0,699.21106
2024-07-06 22:00:00,515.0,548.9162
2024-07-06 23:00:00,409.0,417.88306
2024-07-07 00:00:00,251.0,357.151
2024-07-07 01:00:00,160.0,315.8459
2024-07-07 02:00:00,98.0,319.8797
2024-07-07 03:00:00,106.0,336.55365
2024-07-07 04:00:00,123.0,424.60226
2024-07-07 05:00:00,112.0,551.66656
2024-07-07 06:00:00,217.0,709.7001
2024-07-07 07:00:00,252.0,880.7255
2024-07-07 08:00:00,325.0,1057.6023
2024-07-07 09:00:00,569.0,1291.6418
2024-07-07 10:00:00,987.0,1445.658
2024-07-07 11:00:00,1278.0,1572.6191
2024-07-07 12:00:00,1926.0,1659.5999
2024-07-07 13:00:00,1911.0,1705.1566
2024-07-07 14:00:00,1943.0,1703.7153
2024-07-07 15:00:00,1874.0,1654.5496
2024-07-07 16:00:00,1958.0,1564.3234
2024-07-07 17:00:00,2001.0,1435.4941
2024-07-07 18:00:00,1601.0,1277.8738
2024-07-07 19:00:00,1295.0,1105.3925
2024-07-07 20:00:00,968.0,895.2187
2024-07-07 21:00:00,709.0,722.7713
2024-07-07 22:00:00,442.0,571.23865
2024-07-07 23:00:00,228.0,446.96252
2024-07-08 00:00:00,127.0,285.08813
2024-07-08 01:00:00,73.0,242.98602
2024-07-08 02:00:00,52.0,246.29071
2024-07-08 03:00:00,79.0,294.36273
2024-07-08 04:00:00,191.0,386.35376
2024-07-08 05:00:00,813.0,515.2207
2024-07-08 06:00:00,2022.0,674.7394
2024-07-08 07:00:00,2122.0,906.3963
2024-07-08 08:00:00,1432.0,1083.6781
2024-07-08 09:00:00,1215.0,1258.6775
2024-07-08 10:00:00,1159.0,1416.7721
2024-07-08 11:00:00,1139.0,1543.9648
2024-07-08 12:00:00,1108.0,1632.2502
2024-07-08 13:00:00,1241.0,1678.3627
2024-07-08 14:00:00,1226.0,1676.5164
2024-07-08 15:00:00,1402.0,1629.5378
2024-07-08 16:00:00,1574.0,1538.2759
2024-07-08 17:00:00,1690.0,1410.1179
2024-07-08 18:00:00,1383.0,1253.4581
2024-07-08 19:00:00,853.0,1078.2339
2024-07-08 20:00:00,593.0,839.85803
2024-07-08 21:00:00,509.0,665.58777
2024-07-08 22:00:00,322.0,511.50323
2024-07-08 23:00:00,264.0,383.94604
2024-07-09 00:00:00,83.0,282.86432
2024-07-09 01:00:00,48.0,240.7622
2024-07-09 02:00:00,40.0,245.16058
2024-07-09 03:00:00,63.0,290.68048
2024-07-09 04:00:00,148.0,382.67157
2024-07-09 05:00:00,711.0,505.67953
2024-07-09 06:00:00,2071.0,663.931
2024-07-09 07:00:00,2083.0,901.9069
2024-07-09 08:00:00,1482.0,1084.7354
2024-07-09 09:00:00,1168.0,1261.5576
2024-07-09 10:00:00,1147.0,1417.8293
2024-07-09 11:00:00,1144.0,1545.7511
2024-07-09 12:00:00,1090.0,1635.8594
2024-07-09 13:00:00,1146.0,1684.159
2024-07-09 14:00:00,1280.0,1683.4065
2024-07-09 15:00:00,1306.0,1635.3345
2024-07-09 16:00:00,1641.0,1543.3433
2024-07-09 17:00:00,1804.0,1415.1854
2024-07-09 18:00:00,1417.0,1255.609
2024-07-09 19:00:00,847.0,1082.6705
2024-07-09 20:00:00,590.0,843.8318
2024-07-09 21:00:00,448.0,671.38434
2024-07-09 22:00:00,320.0,516.20605
2024-07-09 23:00:00,198.0,387.91977
2024-07-10 00:00:00,86.0,303.9472
2024-07-10 01:00:00,58.0,255.64752
2024-07-10 02:00:00,58.0,223.29791
2024-07-10 03:00:00,75.0,297.9099
2024-07-10 04:00:00,142.0,391.35925
2024-07-10 05:00:00,712.0,520.1885
2024-07-10 06:00:00,1941.0,677.1829
2024-07-10 07:00:00,2077.0,884.62036
2024-07-10 08:00:00,1387.0,1063.9941
2024-07-10 09:00:00,1203.0,1238.5913
2024-07-10 10:00:00,1172.0,1391.9464
2024-07-10 11:00:00,1175.0,1512.4236
2024-07-10 12:00:00,1207.0,1596.4269
2024-07-10 13:00:00,1341.0,1669.766
2024-07-10 14:00:00,1391.0,1640.8462
2024-07-10 15:00:00,1410.0,1593.2948
2024-07-10 16:00:00,1602.0,1501.2256
2024-07-10 17:00:00,1696.0,1396.0125
2024-07-10 18:00:00,1339.0,1218.4246
2024-07-10 19:00:00,871.0,979.16504
2024-07-10 20:00:00,583.0,822.2603
2024-07-10 21:00:00,368.0,648.3546
2024-07-10 22:00:00,279.0,496.09283
2024-07-10 23:00:00,173.0,373.6396
2024-07-11 00:00:00,99.0,319.8346
2024-07-11 01:00:00,60.0,276.27423
2024-07-11 02:00:00,35.0,250.96173
2024-07-11 03:00:00,70.0,329.7705
2024-07-11 04:00:00,143.0,429.37115
2024-07-11 05:00:00,605.0,549.2582
2024-07-11 06:00:00,1110.0,706.21497
2024-07-11 07:00:00,1079.0,850.3783
2024-07-11 08:00:00,1450.0,1090.9921
2024-07-11 09:00:00,1180.0,1260.7892
2024-07-11 10:00:00,1169.0,1440.8506
2024-07-11 11:00:00,1147.0,1568.5613
2024-07-11 12:00:00,1143.0,1658.9761
2024-07-11 13:00:00,1253.0,1702.9011
2024-07-11 14:00:00,1423.0,1700.3257
2024-07-11 15:00:00,1761.0,1656.171
2024-07-11 16:00:00,1993.0,1561.5298
2024-07-11 17:00:00,2088.0,1409.5068
2024-07-11 18:00:00,1476.0,1196.687
2024-07-11 19:00:00,1005.0,1005.5949
2024-07-11 20:00:00,686.0,850.54297
2024-07-11 21:00:00,454.0,679.91833
2024-07-11 22:00:00,331.0,526.19836
2024-07-11 23:00:00,261.0,403.38058
2024-07-12 00:00:00,90.0,356.35626
2024-07-12 01:00:00,72.0,314.61865
2024-07-12 02:00:00,43.0,320.11078
2024-07-12 03:00:00,70.0,369.6411
2024-07-12 04:00:00,146.0,463.02258
2024-07-12 05:00:00,608.0,590.8838
2024-07-12 06:00:00,1732.0,747.5438
2024-07-12 07:00:00,1568.0,953.07043
2024-07-12 08:00:00,1270.0,1131.3302
2024-07-12 09:00:00,1143.0,1306.2544
2024-07-12 10:00:00,1324.0,1484.2238
2024-07-12 11:00:00,1462.0,1617.3479
2024-07-12 12:00:00,1373.0,1675.7214
2024-07-12 13:00:00,1620.0,1713.8103
2024-07-12 14:00:00,1571.0,1711.2927
2024-07-12 15:00:00,1698.0,1660.7668
2024-07-12 16:00:00,1730.0,1503.0621
2024-07-12 17:00:00,1623.0,1374.1156
2024-07-12 18:00:00,1352.0,1200.1774
2024-07-12 19:00:00,622.0,1025.2095
2024-07-12 20:00:00,192.0,846.68805
2024-07-12 21:00:00,450.0,676.0634
2024-07-12 22:00:00,410.0,553.97046
2024-07-12 23:00:00,263.0,404.90927
2024-07-13 00:00:00,170.0,325.17883
2024-07-13 01:00:00,106.0,282.57642
2024-07-13 02:00:00,92.0,288.23798
2024-07-13 03:00:00,93.0,334.23285
2024-07-13 04:00:00,150.0,453.6966
2024-07-13 05:00:00,203.0,549.3374
2024-07-13 06:00:00,450.0,706.9809
2024-07-13 07:00:00,652.0,878.2099
2024-07-13 08:00:00,890.0,1119.6461
2024-07-13 09:00:00,1235.0,1294.281
2024-07-13 10:00:00,1519.0,1449.0944
2024-07-13 11:00:00,1567.0,1575.3467
2024-07-13 12:00:00,1571.0,1660.1978
2024-07-13 13:00:00,1774.0,1700.8416
2024-07-13 14:00:00,1740.0,1699.3599
2024-07-13 15:00:00,1603.0,1652.7461
2024-07-13 16:00:00,1522.0,1560.0256
2024-07-13 17:00:00,1520.0,1431.5032
2024-07-13 18:00:00,1178.0,1274.8434
2024-07-13 19:00:00,885.0,1096.2167
2024-07-13 20:00:00,660.0,891.5923
2024-07-13 21:00:00,574.0,719.5094
2024-07-13 22:00:00,474.0,566.15405
2024-07-13 23:00:00,489.0,442.24246
2024-07-14 00:00:00,253.0,338.3623
2024-07-14 01:00:00,132.0,292.24988
2024-07-14 02:00:00,111.0,292.2735
2024-07-14 03:00:00,105.0,341.4392
2024-07-14 04:00:00,149.0,432.70114
2024-07-14 05:00:00,120.0,558.2639
2024-07-14 06:00:00,178.0,714.6521
2024-07-14 07:00:00,251.0,951.93646
2024-07-14 08:00:00,541.0,1132.942
2024-07-14 09:00:00,860.0,1308.306
2024-07-14 10:00:00,1135.0,1466.7651
2024-07-14 11:00:00,1292.0,1593.9578
2024-07-14 12:00:00,1415.0,1682.2433
2024-07-14 13:00:00,1729.0,1727.6265
2024-07-14 14:00:00,1972.0,1730.965
2024-07-14 15:00:00,2356.0,1652.4978
2024-07-14 16:00:00,2440.0,1563.7529
2024-07-14 17:00:00,2485.0,1431.2202
2024-07-14 18:00:00,2548.0,1272.373
2024-07-14 19:00:00,2068.0,1097.1084
2024-07-14 20:00:00,1367.0,885.4763
2024-07-14 21:00:00,723.0,710.4769
2024-07-14 22:00:00,548.0,554.9341
2024-07-14 23:00:00,433.0,431.02252
2024-07-15 00:00:00,164.0,312.29578
2024-07-15 01:00:00,89.0,268.0063
2024-07-15 02:00:00,58.0,271.31104
2024-07-15 03:00:00,73.0,319.7475
2024-07-15 04:00:00,171.0,411.7386
2024-07-15 05:00:00,810.0,542.4485
2024-07-15 06:00:00,1947.0,701.81384
2024-07-15 07:00:00,1917.0,907.95386
2024-07-15 08:00:00,1440.0,1085.5801
2024-07-15 09:00:00,1227.0,1258.6987
2024-07-15 10:00:00,1266.0,1415.2598
2024-07-15 11:00:00,1170.0,1544.8336
2024-07-15 12:00:00,1117.0,1660.2678
2024-07-15 13:00:00,1244.0,1702.6538
2024-07-15 14:00:00,1344.0,1704.4531
2024-07-15 15:00:00,1357.0,1656.7455
2024-07-15 16:00:00,1552.0,1564.6011
2024-07-15 17:00:00,1757.0,1438.344
2024-07-15 18:00:00,1354.0,1256.3784
2024-07-15 19:00:00,932.0,1077.1716
2024-07-15 20:00:00,647.0,831.57245
2024-07-15 21:00:00,478.0,677.51373
2024-07-15 22:00:00,320.0,499.52954
2024-07-15 23:00:00,169.0,401.97162
2024-07-16 00:00:00,73.0,261.2235
2024-07-16 01:00:00,63.0,215.78955
2024-07-16 02:00:00,40.0,244.5152
2024-07-16 03:00:00,67.0,267.75964
2024-07-16 04:00:00,140.0,356.919
2024-07-16 05:00:00,684.0,495.30157
2024-07-16 06:00:00,1886.0,648.72296
2024-07-16 07:00:00,1846.0,874.0201
2024-07-16 08:00:00,1352.0,1055.0256
2024-07-16 09:00:00,1143.0,1228.0488
2024-07-16 10:00:00,1161.0,1379.4626
2024-07-16 11:00:00,1096.0,1534.0383
2024-07-16 12:00:00,1123.0,1590.8928
2024-07-16 13:00:00,1256.0,1637.1614
2024-07-16 14:00:00,1294.0,1633.9724
2024-07-16 15:00:00,1308.0,1520.9722
2024-07-16 16:00:00,1485.0,1488.4004
2024-07-16 17:00:00,1698.0,1360.3582
2024-07-16 18:00:00,1303.0,1204.4476
2024-07-16 19:00:00,785.0,1029.6633
2024-07-16 20:00:00,492.0,817.30206
2024-07-16 21:00:00,419.0,646.31287
2024-07-16 22:00:00,282.0,493.68665
2024-07-16 23:00:00,153.0,369.04602
2024-07-17 00:00:00,68.0,282.52045
2024-07-17 01:00:00,54.0,239.32483
2024-07-17 02:00:00,48.0,242.99402
2024-07-17 03:00:00,75.0,293.61786
2024-07-17 04:00:00,158.0,384.51523
2024-07-17 05:00:00,675.0,511.94403
2024-07-17 06:00:00,1800.0,669.33325
2024-07-17 07:00:00,1891.0,875.5889
2024-07-17 08:00:00,1374.0,1053.3135
2024-07-17 09:00:00,1126.0,1226.2788
2024-07-17 10:00:00,1164.0,1380.5742
2024-07-17 11:00:00,1124.0,1502.718
2024-07-17 12:00:00,1187.0,1595.6877
2024-07-17 13:00:00,1274.0,1635.8108
2024-07-17 14:00:00,1343.0,1661.1914
2024-07-17 15:00:00,1463.0,1613.1974
2024-07-17 16:00:00,1613.0,1515.3502
2024-07-17 17:00:00,1811.0,1386.4053
2024-07-17 18:00:00,1453.0,1229.0164
2024-07-17 19:00:00,836.0,1057.1514
2024-07-17 20:00:00,602.0,818.3328
2024-07-17 21:00:00,430.0,643.698
2024-07-17 22:00:00,345.0,487.06143
2024-07-17 23:00:00,260.0,363.87903
2024-07-18 00:00:00,92.0,307.15674
2024-07-18 01:00:00,58.0,263.59637
2024-07-18 02:00:00,54.0,265.07825
2024-07-18 03:00:00,56.0,313.15015
2024-07-18 04:00:00,143.0,405.5058
2024-07-18 05:00:00,672.0,535.1221
2024-07-18 06:00:00,1810.0,693.31555
2024-07-18 07:00:00,1857.0,922.18915
2024-07-18 08:00:00,1340.0,1103.5593
2024-07-18 09:00:00,1147.0,1279.2878
2024-07-18 10:00:00,1261.0,1434.4658
2024-07-18 11:00:00,1134.0,1560.9294
2024-07-18 12:00:00,1219.0,1652.1313
2024-07-18 13:00:00,1383.0,1697.1501
2024-07-18 14:00:00,1385.0,1696.033
2024-07-18 15:00:00,1481.0,1649.7834
2024-07-18 16:00:00,1694.0,1557.7926
2024-07-18 17:00:00,1859.0,1428.9055
2024-07-18 18:00:00,1513.0,1272.6101
2024-07-18 19:00:00,1020.0,1098.6156
2024-07-18 20:00:00,713.0,860.10376
2024-07-18 21:00:00,528.0,683.2815
2024-07-18 22:00:00,435.0,526.645
2024-07-18 23:00:00,318.0,401.63977
2024-07-19 00:00:00,107.0,352.792
2024-07-19 01:00:00,63.0,309.59613
2024-07-19 02:00:00,63.0,312.17175
2024-07-19 03:00:00,70.0,360.2437
2024-07-19 04:00:00,148.0,450.41196
2024-07-19 05:00:00,612.0,574.61194
2024-07-19 06:00:00,1576.0,732.03595
2024-07-19 07:00:00,1563.0,970.37646
2024-07-19 08:00:00,1194.0,1151.0175
2024-07-19 09:00:00,1082.0,1327.4751
2024-07-19 10:00:00,1284.0,1483.3823
2024-07-19 11:00:00,1353.0,1610.9396
2024-07-19 12:00:00,1309.0,1701.048
2024-07-19 13:00:00,1569.0,1748.6184
2024-07-19 14:00:00,1871.0,1720.853
2024-07-19 15:00:00,1815.0,1672.3208
2024-07-19 16:00:00,1971.0,1579.2737
2024-07-19 17:00:00,1942.0,1443.6709
2024-07-19 18:00:00,1574.0,1287.8965
2024-07-19 19:00:00,1092.0,1112.3628
2024-07-19 20:00:00,723.0,899.906
2024-07-19 21:00:00,540.0,723.81287
2024-07-19 22:00:00,466.0,570.0929
2024-07-19 23:00:00,368.0,443.62936
2024-07-20 00:00:00,170.0,365.33984
2024-07-20 01:00:00,100.0,320.68573
2024-07-20 02:00:00,88.0,322.5321
2024-07-20 03:00:00,87.0,371.33328
2024-07-20 04:00:00,127.0,460.77234
2024-07-20 05:00:00,218.0,587.6024
2024-07-20 06:00:00,438.0,741.3027
2024-07-20 07:00:00,678.0,981.10144
2024-07-20 08:00:00,899.0,1162.4717
2024-07-20 09:00:00,1201.0,1339.5831
2024-07-20 10:00:00,1535.0,1495.2009
2024-07-20 11:00:00,1691.0,1623.4873
2024-07-20 12:00:00,1557.0,1711.7728
2024-07-20 13:00:00,1716.0,1756.7915
2024-07-20 14:00:00,1706.0,1754.5806
2024-07-20 15:00:00,1784.0,1705.4148
2024-07-20 16:00:00,1948.0,1613.7883
2024-07-20 17:00:00,1983.0,1484.5366
2024-07-20 18:00:00,1625.0,1327.1476
2024-07-20 19:00:00,1273.0,1150.8123
2024-07-20 20:00:00,999.0,912.0893
2024-07-20 21:00:00,871.0,734.5379
2024-07-20 22:00:00,634.0,578.6305
2024-07-20 23:00:00,478.0,452.53152
2024-07-21 00:00:00,238.0,348.65118
2024-07-21 01:00:00,137.0,304.7262
2024-07-21 02:00:00,96.0,310.94745
2024-07-21 03:00:00,89.0,363.02972
2024-07-21 04:00:00,133.0,453.9271
2024-07-21 05:00:00,86.0,585.36615
2024-07-21 06:00:00,185.0,743.48456
2024-07-21 07:00:00,237.0,946.899
2024-07-21 08:00:00,370.0,1118.8005
2024-07-21 09:00:00,736.0,1293.8853
2024-07-21 10:00:00,1095.0,1444.3413
2024-07-21 11:00:00,1437.0,1600.2365
2024-07-21 12:00:00,1737.0,1690.423
2024-07-21 13:00:00,1971.0,1733.6562
2024-07-21 14:00:00,2187.0,1731.1965
2024-07-21 15:00:00,1868.0,1685.0833
2024-07-21 16:00:00,1981.0,1566.0214
2024-07-21 17:00:00,2251.0,1428.0201
2024-07-21 18:00:00,1791.0,1203.189
2024-07-21 19:00:00,1445.0,1025.8494
2024-07-21 20:00:00,1033.0,877.17224
2024-07-21 21:00:00,715.0,704.3602
2024-07-21 22:00:00,433.0,551.7339
2024-07-21 23:00:00,231.0,430.00977
2024-07-22 00:00:00,136.0,299.18793
2024-07-22 01:00:00,69.0,257.74713
2024-07-22 02:00:00,53.0,261.4842
2024-07-22 03:00:00,60.0,286.18695
2024-07-22 04:00:00,157.0,372.65872
2024-07-22 05:00:00,671.0,529.3406
2024-07-22 06:00:00,1643.0,658.2737
2024-07-22 07:00:00,1655.0,890.7981
2024-07-22 08:00:00,1118.0,1070.901
2024-07-22 09:00:00,1070.0,1185.3472
2024-07-22 10:00:00,1127.0,1332.1395
2024-07-22 11:00:00,1195.0,1458.959
2024-07-22 12:00:00,1177.0,1536.0193
2024-07-22 13:00:00,1286.0,1642.9795
2024-07-22 14:00:00,1284.0,1579.5361
2024-07-22 15:00:00,1284.0,1593.6018
2024-07-22 16:00:00,1218.0,1503.7578
2024-07-22 17:00:00,1483.0,1377.0985
2024-07-22 18:00:00,1134.0,1219.7095
2024-07-22 19:00:00,785.0,1045.5386
2024-07-22 20:00:00,536.0,836.45856
2024-07-22 21:00:00,383.0,662.91736
2024-07-22 22:00:00,293.0,508.83286
2024-07-22 23:00:00,143.0,384.55676
2024-07-23 00:00:00,75.0,268.74683
2024-07-23 01:00:00,45.0,228.46747
2024-07-23 02:00:00,35.0,231.04303
2024-07-23 03:00:00,44.0,280.5733
2024-07-23 04:00:00,121.0,371.10608
2024-07-23 05:00:00,599.0,499.6286
2024-07-23 06:00:00,1514.0,655.5595
2024-07-23 07:00:00,1636.0,861.4506
2024-07-23 08:00:00,1197.0,1038.2319
2024-07-23 09:00:00,1108.0,1234.8538
2024-07-23 10:00:00,1086.0,1389.3402
2024-07-23 11:00:00,1074.0,1515.9773
2024-07-23 12:00:00,1088.0,1603.5134
2024-07-23 13:00:00,1212.0,1648.0142
2024-07-23 14:00:00,1260.0,1649.8713
2024-07-23 15:00:00,1227.0,1601.7617
2024-07-23 16:00:00,1537.0,1484.9626
2024-07-23 17:00:00,1572.0,1355.2509
2024-07-23 18:00:00,1191.0,1197.5377
2024-07-23 19:00:00,774.0,1021.65967
2024-07-23 20:00:00,569.0,810.3922
2024-07-23 21:00:00,417.0,638.6739
2024-07-23 22:00:00,277.0,486.04758
2024-07-23 23:00:00,139.0,332.45056
2024-07-24 00:00:00,72.0,268.68433
2024-07-24 01:00:00,61.0,225.85315
2024-07-24 02:00:00,43.0,228.79321
2024-07-24 03:00:00,57.0,278.3235
2024-07-24 04:00:00,119.0,370.67908
2024-07-24 05:00:00,528.0,499.2016
2024-07-24 06:00:00,1503.0,656.015
2024-07-24 07:00:00,1578.0,859.21826
2024-07-24 08:00:00,1117.0,1035.5597
2024-07-24 09:00:00,1126.0,1210.3883
2024-07-24 10:00:00,1161.0,1360.5175
2024-07-24 11:00:00,1258.0,1515.9553
2024-07-24 12:00:00,1129.0,1572.5032
2024-07-24 13:00:00,1324.0,1616.946
2024-07-24 14:00:00,1367.0,1615.2153
2024-07-24 15:00:00,1344.0,1564.4756
2024-07-24 16:00:00,1477.0,1503.8779
2024-07-24 17:00:00,1635.0,1348.5133
2024-07-24 18:00:00,1312.0,1188.4741
2024-07-24 19:00:00,845.0,1009.0256
2024-07-24 20:00:00,597.0,799.3927
2024-07-24 21:00:00,493.0,629.1327
2024-07-24 22:00:00,372.0,473.9544
2024-07-24 23:00:00,163.0,347.4909
2024-07-25 00:00:00,89.0,291.4984
2024-07-25 01:00:00,63.0,246.4798
2024-07-25 02:00:00,43.0,249.05536
2024-07-25 03:00:00,56.0,299.31476
2024-07-25 04:00:00,130.0,390.94122
2024-07-25 05:00:00,579.0,515.8153
2024-07-25 06:00:00,1441.0,667.0967
2024-07-25 07:00:00,1581.0,905.4372
2024-07-25 08:00:00,1173.0,1084.9845
2024-07-25 09:00:00,1168.0,1259.9839
2024-07-25 10:00:00,1162.0,1415.1619
2024-07-25 11:00:00,1100.0,1543.0837
2024-07-25 12:00:00,1158.0,1634.6501
2024-07-25 13:00:00,1254.0,1678.2107
2024-07-25 14:00:00,1398.0,1677.4583
2024-07-25 15:00:00,1463.0,1629.7708
2024-07-25 16:00:00,1645.0,1540.0452
2024-07-25 17:00:00,1800.0,1412.5208
2024-07-25 18:00:00,1484.0,1253.3466
2024-07-25 19:00:00,978.0,1051.1068
2024-07-25 20:00:00,708.0,837.88324
2024-07-25 21:00:00,559.0,662.88385
2024-07-25 22:00:00,408.0,506.6119
2024-07-25 23:00:00,287.0,382.33582
2024-07-26 00:00:00,84.0,333.85358
2024-07-26 01:00:00,72.0,291.02228
2024-07-26 02:00:00,61.0,293.59784
2024-07-26 03:00:00,86.0,342.03442
2024-07-26 04:00:00,147.0,432.20264
2024-07-26 05:00:00,539.0,561.49194
2024-07-26 06:00:00,1204.0,715.9011
2024-07-26 07:00:00,1314.0,954.35736
2024-07-26 08:00:00,1032.0,1134.7292
2024-07-26 09:00:00,1116.0,1306.5604
2024-07-26 10:00:00,1235.0,1463.3501
2024-07-26 11:00:00,1264.0,1589.0845
2024-07-26 12:00:00,1336.0,1677.7349
2024-07-26 13:00:00,1488.0,1724.2115
2024-07-26 14:00:00,1648.0,1723.0944
2024-07-26 15:00:00,1749.0,1674.6576
2024-07-26 16:00:00,1836.0,1583.7603
2024-07-26 17:00:00,1880.0,1454.5085
2024-07-26 18:00:00,1567.0,1269.4529
2024-07-26 19:00:00,1171.0,1094.3445
2024-07-26 20:00:00,758.0,880.9676
2024-07-26 21:00:00,716.0,708.1556
2024-07-26 22:00:00,475.0,553.7064
2024-07-26 23:00:00,369.0,429.7949
2024-07-27 00:00:00,174.0,351.14197
2024-07-27 01:00:00,113.0,307.5816
2024-07-27 02:00:00,67.0,311.61542
2024-07-27 03:00:00,76.0,361.1457
2024-07-27 04:00:00,140.0,452.04306
2024-07-27 05:00:00,187.0,580.8723
2024-07-27 06:00:00,385.0,736.9161
2024-07-27 07:00:00,545.0,948.2207
2024-07-27 08:00:00,832.0,1154.3208
2024-07-27 09:00:00,1143.0,1324.7314
2024-07-27 10:00:00,1542.0,1483.1904
2024-07-27 11:00:00,1762.0,1612.935
2024-07-27 12:00:00,1721.0,1701.9497
2024-07-27 13:00:00,1752.0,1747.1418
2024-07-27 14:00:00,1854.0,1746.5251
2024-07-27 15:00:00,1900.0,1699.9896
2024-07-27 16:00:00,1890.0,1579.429
2024-07-27 17:00:00,1908.0,1440.638
2024-07-27 18:00:00,1665.0,1284.9213
2024-07-27 19:00:00,1198.0,1108.1028
2024-07-27 20:00:00,879.0,894.2457
2024-07-27 21:00:00,710.0,723.6211
2024-07-27 22:00:00,555.0,570.2657
2024-07-27 23:00:00,477.0,447.0833
2024-07-28 00:00:00,255.0,341.7461
2024-07-28 01:00:00,151.0,299.27942
2024-07-28 02:00:00,83.0,267.74384
2024-07-28 03:00:00,80.0,346.64587
2024-07-28 04:00:00,123.0,439.36603
2024-07-28 05:00:00,116.0,547.99524
2024-07-28 06:00:00,152.0,721.2675
2024-07-28 07:00:00,211.0,862.1243
2024-07-28 08:00:00,390.0,1037.8224
2024-07-28 09:00:00,700.0,1271.1329
2024-07-28 10:00:00,1135.0,1422.6652
2024-07-28 11:00:00,1465.0,1547.9772
2024-07-28 12:00:00,1717.0,1635.6567
2024-07-28 13:00:00,1802.0,1682.4329
2024-07-28 14:00:00,1967.0,1679.5884
2024-07-28 15:00:00,1982.0,1657.1691
2024-07-28 16:00:00,2025.0,1560.3201
2024-07-28 17:00:00,2040.0,1435.0989
2024-07-28 18:00:00,1816.0,1255.3411
2024-07-28 19:00:00,1523.0,1081.5347
2024-07-28 20:00:00,1197.0,870.6317
2024-07-28 21:00:00,866.0,698.9134
2024-07-28 22:00:00,522.0,543.7351
2024-07-28 23:00:00,282.0,419.45898
2024-07-29 00:00:00,139.0,302.84296
2024-07-29 01:00:00,82.0,258.55347
2024-07-29 02:00:00,70.0,260.03534
2024-07-29 03:00:00,93.0,307.74274
2024-07-29 04:00:00,158.0,396.81717
2024-07-29 05:00:00,585.0,527.16254
2024-07-29 06:00:00,1439.0,684.18713
2024-07-29 07:00:00,1572.0,890.0783
2024-07-29 08:00:00,1205.0,1070.1436
2024-07-29 09:00:00,1129.0,1241.7056
2024-07-29 10:00:00,1200.0,1421.0378
2024-07-29 11:00:00,1213.0,1548.9597
2024-07-29 12:00:00,1156.0,1637.9741
2024-07-29 13:00:00,1180.0,1684.8158
2024-07-29 14:00:00,1318.0,1684.7925
2024-07-29 15:00:00,1368.0,1635.991
2024-07-29 16:00:00,1532.0,1545.8228
2024-07-29 17:00:00,1595.0,1416.5712
2024-07-29 18:00:00,1315.0,1258.8175
2024-07-29 19:00:00,936.0,1085.61
2024-07-29 20:00:00,656.0,846.6758
2024-07-29 21:00:00,486.0,669.8535
2024-07-29 22:00:00,319.0,516.8627
2024-07-29 23:00:00,177.0,393.31573
2024-07-30 00:00:00,96.0,274.591
2024-07-30 01:00:00,56.0,227.74951
2024-07-30 02:00:00,51.0,229.96051
2024-07-30 03:00:00,56.0,278.76154
2024-07-30 04:00:00,135.0,370.02344
2024-07-30 05:00:00,504.0,494.6863
2024-07-30 06:00:00,1308.0,647.6372
2024-07-30 07:00:00,1508.0,886.3423
2024-07-30 08:00:00,1209.0,1066.9833
2024-07-30 09:00:00,1065.0,1243.8055
2024-07-30 10:00:00,1155.0,1401.5355
2024-07-30 11:00:00,1158.0,1529.0928
2024-07-30 12:00:00,1088.0,1621.3912
2024-07-30 13:00:00,1214.0,1668.23
2024-07-30 14:00:00,1335.0,1667.1128
2024-07-30 15:00:00,1432.0,1619.7698
2024-07-30 16:00:00,1574.0,1527.4141
2024-07-30 17:00:00,1631.0,1399.2561
2024-07-30 18:00:00,1339.0,1238.2216
2024-07-30 19:00:00,905.0,1037.5006
2024-07-30 20:00:00,687.0,819.5175
2024-07-30 21:00:00,542.0,644.8827
2024-07-30 22:00:00,359.0,488.97528
2024-07-30 23:00:00,179.0,363.97003
2024-07-31 00:00:00,82.0,274.53052
2024-07-31 01:00:00,59.0,231.33484
2024-07-31 02:00:00,55.0,234.27496
2024-07-31 03:00:00,63.0,282.34686
2024-07-31 04:00:00,127.0,372.15048
2024-07-31 05:00:00,391.0,502.22678
2024-07-31 06:00:00,1211.0,653.04535
2024-07-31 07:00:00,1346.0,892.47955
2024-07-31 08:00:00,1101.0,1073.4851
2024-07-31 09:00:00,1073.0,1249.9429
2024-07-31 10:00:00,1200.0,1406.9436
2024-07-31 11:00:00,1080.0,1535.23
2024-07-31 12:00:00,1174.0,1626.4319
2024-07-31 13:00:00,1422.0,1672.0264
2024-07-31 14:00:00,1567.0,1642.9734
2024-07-31 15:00:00,1639.0,1587.9021
2024-07-31 16:00:00,1634.0,1416.616
2024-07-31 17:00:00,1560.0,1279.8441
2024-07-31 18:00:00,950.0,1186.6672
2024-07-31 19:00:00,1310.0,1012.4962
2024-07-31 20:00:00,646.0,802.68695
2024-07-31 21:00:00,431.0,636.80176
2024-07-31 22:00:00,337.0,483.0818
2024-07-31 23:00:00,242.0,360.9931
2024-08-01 00:00:00,211.0,195.51373
2024-08-01 01:00:00,177.0,151.58868
2024-08-01 02:00:00,107.0,153.43506
2024-08-01 03:00:00,76.0,198.59052
2024-08-01 04:00:00,102.0,289.85248
2024-08-01 05:00:00,104.0,418.41263
2024-08-01 06:00:00,214.0,572.74634
2024-08-01 07:00:00,260.0,809.24384
2024-08-01 08:00:00,480.0,909.996
2024-08-01 09:00:00,759.0,1069.0735
2024-08-01 10:00:00,875.0,1221.0385
2024-08-01 11:00:00,600.0,1403.2959
2024-08-01 12:00:00,917.0,1520.0928
2024-08-01 13:00:00,1100.0,1570.3513
2024-08-01 14:00:00,1189.0,1480.9181
2024-08-01 15:00:00,1177.0,1428.929
2024-08-01 16:00:00,1184.0,1399.1837
2024-08-01 17:00:00,1212.0,1292.741
2024-08-01 18:00:00,1011.0,1142.1078
2024-08-01 19:00:00,724.0,942.74677
2024-08-01 20:00:00,631.0,726.58655
2024-08-01 21:00:00,516.0,551.95166
2024-08-01 22:00:00,528.0,400.78375
2024-08-01 23:00:00,464.0,276.14307
2024-08-02 00:00:00,197.0,343.02405
2024-08-02 01:00:00,73.0,300.55737
2024-08-02 02:00:00,62.0,271.93835
2024-08-02 03:00:00,55.0,347.5592
2024-08-02 04:00:00,120.0,439.91483
2024-08-02 05:00:00,283.0,570.26025
2024-08-02 06:00:00,699.0,726.84216
2024-08-02 07:00:00,558.0,935.36334
2024-08-02 08:00:00,856.0,1140.6967
2024-08-02 09:00:00,1088.0,1315.427
2024-08-02 10:00:00,1368.0,1466.2274
2024-08-02 11:00:00,1619.0,1595.7031
2024-08-02 12:00:00,1679.0,1685.0823
2024-08-02 13:00:00,1882.0,1727.5488
2024-08-02 14:00:00,1880.0,1725.3379
2024-08-02 15:00:00,1858.0,1677.7085
2024-08-02 16:00:00,1733.0,1588.061
2024-08-02 17:00:00,1668.0,1429.4905
2024-08-02 18:00:00,1376.0,1271.9308
2024-08-02 19:00:00,1085.0,1093.4705
2024-08-02 20:00:00,786.0,880.2946
2024-08-02 21:00:00,583.0,740.56854
2024-08-02 22:00:00,449.0,542.46106
2024-08-02 23:00:00,366.0,420.00784
2024-08-03 00:00:00,351.0,340.6283
2024-08-03 01:00:00,127.0,297.06787
2024-08-03 02:00:00,74.0,300.73718
2024-08-03 03:00:00,82.0,352.4549
2024-08-03 04:00:00,119.0,444.44592
2024-08-03 05:00:00,181.0,572.9685
2024-08-03 06:00:00,341.0,733.0051
2024-08-03 07:00:00,461.0,938.99176
2024-08-03 08:00:00,723.0,1116.887
2024-08-03 09:00:00,1043.0,1319.9205
2024-08-03 10:00:00,1635.0,1444.6079
2024-08-03 11:00:00,2019.0,1570.9558
2024-08-03 12:00:00,1967.0,1688.56
2024-08-03 13:00:00,1736.0,1729.8926
2024-08-03 14:00:00,2301.0,1726.2234
2024-08-03 15:00:00,2188.0,1677.9026
2024-08-03 16:00:00,2179.0,1588.8105
2024-08-03 17:00:00,2163.0,1457.7737
2024-08-03 18:00:00,1807.0,1297.6968
2024-08-03 19:00:00,1345.0,1098.5671
2024-08-03 20:00:00,1205.0,887.37775
2024-08-03 21:00:00,920.0,715.6594
2024-08-03 22:00:00,687.0,561.2103
2024-08-03 23:00:00,466.0,438.02795
2024-08-04 00:00:00,288.0,336.7038
2024-08-04 01:00:00,199.0,293.87256
2024-08-04 02:00:00,104.0,296.81268
2024-08-04 03:00:00,89.0,345.24927
2024-08-04 04:00:00,111.0,436.5112
2024-08-04 05:00:00,114.0,563.2109
2024-08-04 06:00:00,157.0,720.38885
2024-08-04 07:00:00,293.0,945.4431
2024-08-04 08:00:00,475.0,1125.5083
2024-08-04 09:00:00,822.0,1300.4325
2024-08-04 10:00:00,1375.0,1428.2881
2024-08-04 11:00:00,1822.0,1556.3083
2024-08-04 12:00:00,2111.0,1668.3457
2024-08-04 13:00:00,2336.0,1714.594
2024-08-04 14:00:00,2611.0,1707.8318
2024-08-04 15:00:00,2598.0,1633.9738
2024-08-04 16:00:00,2670.0,1571.4373
2024-08-04 17:00:00,2551.0,1416.0728
2024-08-04 18:00:00,2420.0,1258.3192
2024-08-04 19:00:00,2408.0,1082.69
2024-08-04 20:00:00,2241.0,871.0579
2024-08-04 21:00:00,1633.0,698.9751
2024-08-04 22:00:00,813.0,545.9842
2024-08-04 23:00:00,378.0,421.34354
2024-08-05 00:00:00,162.0,304.36597
2024-08-05 01:00:00,111.0,261.17023
2024-08-05 02:00:00,75.0,262.65204
2024-08-05 03:00:00,80.0,309.26575
2024-08-05 04:00:00,179.0,403.07965
2024-08-05 05:00:00,701.0,532.3313
2024-08-05 06:00:00,1762.0,689.35583
2024-08-05 07:00:00,1803.0,894.88245
2024-08-05 08:00:00,1323.0,1070.1476
2024-08-05 09:00:00,1215.0,1267.3828
2024-08-05 10:00:00,1249.0,1423.6545
2024-08-05 11:00:00,1194.0,1550.8474
2024-08-05 12:00:00,1169.0,1639.1327
2024-08-05 13:00:00,1416.0,1683.7869
2024-08-05 14:00:00,1536.0,1682.3052
2024-08-05 15:00:00,1531.0,1634.2329
2024-08-05 16:00:00,1689.0,1541.8773
2024-08-05 17:00:00,1754.0,1412.6257
2024-08-05 18:00:00,1504.0,1255.6012
2024-08-05 19:00:00,1050.0,1049.9645
2024-08-05 20:00:00,670.0,839.0846
2024-08-05 21:00:00,595.0,665.54346
2024-08-05 22:00:00,400.0,510.0007
2024-08-05 23:00:00,178.0,384.99545
2024-08-06 00:00:00,107.0,268.46143
2024-08-06 01:00:00,60.0,226.35931
2024-08-06 02:00:00,54.0,227.84119
2024-08-06 03:00:00,55.0,274.45483
2024-08-06 04:00:00,138.0,367.9041
2024-08-06 05:00:00,605.0,492.7782
2024-08-06 06:00:00,1759.0,645.15326
2024-08-06 07:00:00,1808.0,882.03546
2024-08-06 08:00:00,1291.0,1064.8639
2024-08-06 09:00:00,1113.0,1239.1342
2024-08-06 10:00:00,1101.0,1397.2288
2024-08-06 11:00:00,1086.0,1525.5151
2024-08-06 12:00:00,1073.0,1615.2588
2024-08-06 13:00:00,1315.0,1659.9128
2024-08-06 14:00:00,1355.0,1659.5248
2024-08-06 15:00:00,1535.0,1611.0881
2024-08-06 16:00:00,1592.0,1519.4617
2024-08-06 17:00:00,1906.0,1391.3037
2024-08-06 18:00:00,1526.0,1230.269
2024-08-06 19:00:00,986.0,1026.6288
2024-08-06 20:00:00,717.0,818.12726
2024-08-06 21:00:00,572.0,643.49243
2024-08-06 22:00:00,458.0,487.94965
2024-08-06 23:00:00,185.0,361.8507
2024-08-07 00:00:00,90.0,272.0501
2024-08-07 01:00:00,59.0,228.85437
2024-08-07 02:00:00,42.0,229.97162
2024-08-07 03:00:00,64.0,279.8664
2024-08-07 04:00:00,134.0,371.1283
2024-08-07 05:00:00,606.0,501.1091
2024-08-07 06:00:00,1559.0,661.03
2024-08-07 07:00:00,1793.0,830.8866
2024-08-07 08:00:00,1316.0,976.72327
2024-08-07 09:00:00,812.0,1206.1084
2024-08-07 10:00:00,1184.0,1302.3903
2024-08-07 11:00:00,1261.0,1421.7072
2024-08-07 12:00:00,1333.0,1575.3135
2024-08-07 13:00:00,1445.0,1646.9426
2024-08-07 14:00:00,1516.0,1653.082
2024-08-07 15:00:00,1446.0,1572.9656
2024-08-07 16:00:00,1708.0,1506.3584
2024-08-07 17:00:00,1766.0,1350.878
2024-08-07 18:00:00,1403.0,1195.9281
2024-08-07 19:00:00,868.0,1021.3174
2024-08-07 20:00:00,606.0,807.1333
2024-08-07 21:00:00,495.0,633.22754
2024-08-07 22:00:00,396.0,480.9659
2024-08-07 23:00:00,224.0,356.32526
2024-08-08 00:00:00,107.0,300.7032
2024-08-08 01:00:00,66.0,258.2365
2024-08-08 02:00:00,42.0,262.99945
2024-08-08 03:00:00,65.0,311.43604
2024-08-08 04:00:00,153.0,402.3334
2024-08-08 05:00:00,593.0,532.6788
2024-08-08 06:00:00,1514.0,690.4325
2024-08-08 07:00:00,723.0,838.8433
2024-08-08 08:00:00,1209.0,1012.04895
2024-08-08 09:00:00,1128.0,1182.3768
2024-08-08 10:00:00,1201.0,1334.4347
2024-08-08 11:00:00,763.0,1519.0228
2024-08-08 12:00:00,549.0,1607.2678
2024-08-08 13:00:00,930.0,1678.689
2024-08-08 14:00:00,1550.0,1673.7323
2024-08-08 15:00:00,1539.0,1626.1981
2024-08-08 16:00:00,1617.0,1505.5017
2024-08-08 17:00:00,1735.0,1378.015
2024-08-08 18:00:00,1539.0,1220.4148
2024-08-08 19:00:00,1041.0,1048.2432
2024-08-08 20:00:00,701.0,834.6927
2024-08-08 21:00:00,559.0,661.5161
2024-08-08 22:00:00,423.0,509.61902
2024-08-08 23:00:00,217.0,385.7075
2024-08-09 00:00:00,138.0,336.50244
2024-08-09 01:00:00,71.0,293.6712
2024-08-09 02:00:00,57.0,297.34045
2024-08-09 03:00:00,64.0,341.40222
2024-08-09 04:00:00,143.0,433.0287
2024-08-09 05:00:00,513.0,559.688
2024-08-09 06:00:00,1470.0,711.3715
2024-08-09 07:00:00,1578.0,950.8057
2024-08-09 08:00:00,1205.0,1131.0822
2024-08-09 09:00:00,1226.0,1306.0815
2024-08-09 10:00:00,1262.0,1461.2595
2024-08-09 11:00:00,1357.0,1588.0878
2024-08-09 12:00:00,1502.0,1678.8298
2024-08-09 13:00:00,1649.0,1722.8501
2024-08-09 14:00:00,1930.0,1721.3684
2024-08-09 15:00:00,1993.0,1672.2025
2024-08-09 16:00:00,2192.0,1580.9407
2024-08-09 17:00:00,2367.0,1452.7827
2024-08-09 18:00:00,2240.0,1294.2999
2024-08-09 19:00:00,1773.0,1091.082
2024-08-09 20:00:00,1280.0,881.429
2024-08-09 21:00:00,1148.0,708.2524
2024-08-09 22:00:00,797.0,553.0742
2024-08-09 23:00:00,556.0,428.43353
2024-08-10 00:00:00,333.0,314.80194
2024-08-10 01:00:00,197.0,269.78326
2024-08-10 02:00:00,108.0,271.26508
2024-08-10 03:00:00,80.0,320.06628
2024-08-10 04:00:00,120.0,412.42188
2024-08-10 05:00:00,176.0,539.0232
2024-08-10 06:00:00,442.0,691.4939
2024-08-10 07:00:00,657.0,931.2926
2024-08-10 08:00:00,994.0,1111.2045
2024-08-10 09:00:00,1288.0,1286.204
2024-08-10 10:00:00,1638.0,1443.2048
2024-08-10 11:00:00,1787.0,1570.033
2024-08-10 12:00:00,1980.0,1659.4121
2024-08-10 13:00:00,2067.0,1704.0662
2024-08-10 14:00:00,2047.0,1701.8552
2024-08-10 15:00:00,2165.0,1653.4187
2024-08-10 16:00:00,2137.0,1562.1567
2024-08-10 17:00:00,2218.0,1433.634
2024-08-10 18:00:00,2136.0,1273.6931
2024-08-10 19:00:00,1704.0,1070.9932
2024-08-10 20:00:00,1460.0,859.72845
2024-08-10 21:00:00,1291.0,683.27075
2024-08-10 22:00:00,985.0,527.728
2024-08-10 23:00:00,796.0,403.08734
2024-08-11 00:00:00,515.0,356.5971
2024-08-11 01:00:00,274.0,313.7658
2024-08-11 02:00:00,159.0,316.70593
2024-08-11 03:00:00,109.0,365.14252
2024-08-11 04:00:00,143.0,457.13358
2024-08-11 05:00:00,131.0,583.3704
2024-08-11 06:00:00,227.0,735.1119
2024-08-11 07:00:00,290.0,972.35864
2024-08-11 08:00:00,537.0,1153.7288
2024-08-11 09:00:00,910.0,1328.3636
2024-08-11 10:00:00,1415.0,1484.9999
2024-08-11 11:00:00,1691.0,1613.6509
2024-08-11 12:00:00,1839.0,1704.1238
2024-08-11 13:00:00,1991.0,1750.9652
2024-08-11 14:00:00,2238.0,1750.5771
2024-08-11 15:00:00,2462.0,1702.1406
2024-08-11 16:00:00,2549.0,1610.5139
2024-08-11 17:00:00,2388.0,1480.8977
2024-08-11 18:00:00,2271.0,1295.4197
2024-08-11 19:00:00,2150.0,1123.6703
2024-08-11 20:00:00,1999.0,906.26306
2024-08-11 21:00:00,1529.0,732.7219
2024-08-11 22:00:00,722.0,578.2728
2024-08-11 23:00:00,295.0,452.17386
2024-08-12 00:00:00,140.0,315.04523
2024-08-12 01:00:00,90.0,270.0266
2024-08-12 02:00:00,49.0,276.24786
2024-08-12 03:00:00,61.0,325.4135
2024-08-12 04:00:00,161.0,417.40457
2024-08-12 05:00:00,776.0,541.5321
2024-08-12 06:00:00,2021.0,693.0421
2024-08-12 07:00:00,2151.0,936.2753
2024-08-12 08:00:00,1443.0,1113.9998
2024-08-12 09:00:00,1245.0,1287.1764
2024-08-12 10:00:00,1220.0,1444.1772
2024-08-12 11:00:00,1235.0,1569.9116
2024-08-12 12:00:00,1316.0,1660.749
2024-08-12 13:00:00,1380.0,1706.497
2024-08-12 14:00:00,1436.0,1705.0153
2024-08-12 15:00:00,1481.0,1657.3075
2024-08-12 16:00:00,1623.0,1564.9519
2024-08-12 17:00:00,1891.0,1438.3331
2024-08-12 18:00:00,1431.0,1250.8787
2024-08-12 19:00:00,1021.0,1059.9377
2024-08-12 20:00:00,688.0,825.27515
2024-08-12 21:00:00,455.0,634.5235
2024-08-12 22:00:00,330.0,514.1177
2024-08-12 23:00:00,174.0,391.2999
2024-08-13 00:00:00,80.0,273.3122
2024-08-13 01:00:00,60.0,230.1164
2024-08-13 02:00:00,44.0,235.24396
2024-08-13 03:00:00,53.0,285.5033
2024-08-13 04:00:00,139.0,374.94238
2024-08-13 05:00:00,708.0,503.4649
2024-08-13 06:00:00,1987.0,660.2002
2024-08-13 07:00:00,2198.0,893.5643
2024-08-13 08:00:00,1536.0,1046.9609
2024-08-13 09:00:00,1178.0,1245.8079
2024-08-13 10:00:00,1120.0,1402.0796
2024-08-13 11:00:00,1165.0,1530.7305
2024-08-13 12:00:00,1122.0,1620.8389
2024-08-13 13:00:00,1343.0,1665.8574
2024-08-13 14:00:00,1315.0,1665.834
2024-08-13 15:00:00,1482.0,1619.2202
2024-08-13 16:00:00,1737.0,1528.6874
2024-08-13 17:00:00,1846.0,1399.0712
2024-08-13 18:00:00,1511.0,1236.5781
2024-08-13 19:00:00,1006.0,1034.8967
2024-08-13 20:00:00,691.0,821.5199
2024-08-13 21:00:00,507.0,649.437
2024-08-13 22:00:00,377.0,467.439
2024-08-13 23:00:00,233.0,354.1504
2024-08-14 00:00:00,86.0,247.15247
2024-08-14 01:00:00,56.0,233.71014
2024-08-14 02:00:00,34.0,240.2959
2024-08-14 03:00:00,58.0,287.2741
2024-08-14 04:00:00,167.0,377.8069
2024-08-14 05:00:00,720.0,504.87112
2024-08-14 06:00:00,1898.0,655.7301
2024-08-14 07:00:00,2078.0,891.57367
2024-08-14 08:00:00,1505.0,1072.5792
2024-08-14 09:00:00,1166.0,1247.2141
2024-08-14 10:00:00,1163.0,1403.1212
2024-08-14 11:00:00,1305.0,1531.043
2024-08-14 12:00:00,1305.0,1622.5747
2024-08-14 13:00:00,1372.0,1639.0038
2024-08-14 14:00:00,1566.0,1628.3123
2024-08-14 15:00:00,1730.0,1607.9069
2024-08-14 16:00:00,1800.0,1513.3235
2024-08-14 17:00:00,1848.0,1385.1655
2024-08-14 18:00:00,1610.0,1200.7058
2024-08-14 19:00:00,1002.0,1028.7251
2024-08-14 20:00:00,731.0,816.3639
2024-08-14 21:00:00,537.0,607.55005
2024-08-14 22:00:00,342.0,481.7435
2024-08-14 23:00:00,222.0,356.44153
2024-08-15 00:00:00,99.0,304.9265
2024-08-15 01:00:00,76.0,262.45984
2024-08-15 02:00:00,68.0,264.30627
2024-08-15 03:00:00,53.0,314.56567
2024-08-15 04:00:00,145.0,406.5568
2024-08-15 05:00:00,492.0,535.3861
2024-08-15 06:00:00,1182.0,684.65076
2024-08-15 07:00:00,1297.0,923.60455
2024-08-15 08:00:00,1136.0,1104.6101
2024-08-15 09:00:00,1143.0,1278.1514
2024-08-15 10:00:00,1200.0,1434.4232
2024-08-15 11:00:00,1298.0,1561.5782
2024-08-15 12:00:00,1304.0,1650.6306
2024-08-15 13:00:00,1406.0,1696.3784
2024-08-15 14:00:00,1547.0,1695.2612
2024-08-15 15:00:00,1778.0,1648.2827
2024-08-15 16:00:00,2049.0,1555.927
2024-08-15 17:00:00,2308.0,1427.4045
2024-08-15 18:00:00,1925.0,1267.8279
2024-08-15 19:00:00,1249.0,1067.7205
2024-08-15 20:00:00,864.0,855.3216
2024-08-15 21:00:00,688.0,685.7907
2024-08-15 22:00:00,498.0,530.61255
2024-08-15 23:00:00,293.0,405.6073
2024-08-16 00:00:00,169.0,349.3891
2024-08-16 01:00:00,78.0,304.73492
2024-08-16 02:00:00,68.0,307.67505
2024-08-16 03:00:00,58.0,356.1117
2024-08-16 04:00:00,164.0,450.29013
2024-08-16 05:00:00,583.0,575.8961
2024-08-16 06:00:00,1596.0,724.68054
2024-08-16 07:00:00,1759.0,938.11755
2024-08-16 08:00:00,1302.0,1145.5051
2024-08-16 09:00:00,1247.0,1317.1454
2024-08-16 10:00:00,1420.0,1477.2942
2024-08-16 11:00:00,1470.0,1602.4326
2024-08-16 12:00:00,1494.0,1690.7183
2024-08-16 13:00:00,1732.0,1733.6072
2024-08-16 14:00:00,1870.0,1732.0879
2024-08-16 15:00:00,1907.0,1682.7107
2024-08-16 16:00:00,2079.0,1590.5461
2024-08-16 17:00:00,2171.0,1461.199
2024-08-16 18:00:00,1882.0,1281.2123
2024-08-16 19:00:00,1299.0,1103.7603
2024-08-16 20:00:00,841.0,892.4928
2024-08-16 21:00:00,698.0,716.76416
2024-08-16 22:00:00,511.0,533.2822
2024-08-16 23:00:00,327.0,397.0011
2024-08-17 00:00:00,211.0,417.2921
2024-08-17 01:00:00,131.0,374.82544
2024-08-17 02:00:00,84.0,378.4947
2024-08-17 03:00:00,69.0,429.11868
2024-08-17 04:00:00,118.0,522.2035
2024-08-17 05:00:00,165.0,651.0227
2024-08-17 06:00:00,456.0,775.75903
2024-08-17 07:00:00,747.0,1010.3606
2024-08-17 08:00:00,1017.0,1187.7205
2024-08-17 09:00:00,1267.0,1357.616
2024-08-17 10:00:00,1629.0,1508.4192
2024-08-17 11:00:00,1777.0,1633.4244
2024-08-17 12:00:00,1759.0,1659.5242
2024-08-17 13:00:00,1892.0,1765.2703
2024-08-17 14:00:00,2051.0,1763.7885
2024-08-17 15:00:00,1907.0,1716.081
2024-08-17 16:00:00,2036.0,1623.7253
2024-08-17 17:00:00,1885.0,1494.1091
2024-08-17 18:00:00,1592.0,1335.991
2024-08-17 19:00:00,1188.0,1161.0908
2024-08-17 20:00:00,938.0,950.5525
2024-08-17 21:00:00,802.0,778.8342
2024-08-17 22:00:00,676.0,624.74963
2024-08-17 23:00:00,466.0,500.47357
2024-08-18 00:00:00,345.0,400.53928
2024-08-19 01:00:00,99.0,243.1521
2024-08-19 02:00:00,82.0,246.82135
2024-08-19 03:00:00,81.0,295.987
2024-08-19 04:00:00,175.0,388.34265
2024-08-19 05:00:00,786.0,516.5006
2024-08-19 06:00:00,1657.0,674.25433
2024-08-19 07:00:00,989.0,880.87463
2024-08-19 08:00:00,761.0,1056.6953
2024-08-19 09:00:00,1203.0,1258.4817
2024-08-19 10:00:00,1169.0,1411.2207
2024-08-19 11:00:00,1227.0,1536.4749
2024-08-19 12:00:00,1160.0,1625.1248
2024-08-19 13:00:00,1347.0,1671.6019
2024-08-19 14:00:00,1274.0,1642.9917
2024-08-19 15:00:00,1371.0,1621.553
2024-08-19 16:00:00,1578.0,1499.9943
2024-08-19 17:00:00,1719.0,1370.2826
2024-08-19 18:00:00,1388.0,1213.7964
2024-08-19 19:00:00,814.0,1038.8962
2024-08-19 20:00:00,612.0,828.3579
2024-08-19 21:00:00,474.0,653.723
2024-08-19 22:00:00,333.0,498.5448
2024-08-19 23:00:00,145.0,376.09155
2024-08-20 00:00:00,73.0,258.8391
2024-08-20 01:00:00,58.0,217.83069
2024-08-20 02:00:00,47.0,221.13544
2024-08-20 03:00:00,60.0,270.6656
2024-08-20 04:00:00,137.0,362.65662
2024-08-20 05:00:00,733.0,491.54376
2024-08-20 06:00:00,2054.0,647.4746
2024-08-20 07:00:00,2398.0,852.63666
2024-08-20 08:00:00,1587.0,1033.3732
2024-08-20 09:00:00,1225.0,1206.0896
2024-08-20 10:00:00,1087.0,1358.3685
2024-08-20 11:00:00,1018.0,1482.5289
2024-08-20 12:00:00,1124.0,1570.392
2024-08-20 13:00:00,1197.0,1616.102
2024-08-20 14:00:00,1242.0,1641.2511
2024-08-20 15:00:00,1369.0,1594.8109
2024-08-20 16:00:00,1622.0,1501.8015
2024-08-20 17:00:00,1781.0,1371.1667
2024-08-20 18:00:00,1493.0,1216.1967
2024-08-20 19:00:00,878.0,1015.7622
2024-08-20 20:00:00,619.0,805.58844
2024-08-20 21:00:00,474.0,633.50555
2024-08-20 22:00:00,309.0,483.0667
2024-08-20 23:00:00,158.0,359.88434
2024-08-21 00:00:00,72.0,241.31659
2024-08-21 01:00:00,50.0,225.73755
2024-08-21 02:00:00,50.0,226.19348
2024-08-21 03:00:00,52.0,277.182
2024-08-21 04:00:00,132.0,368.80853
2024-08-21 05:00:00,718.0,494.4145
2024-08-21 06:00:00,2036.0,651.4391
2024-08-21 07:00:00,2258.0,860.2844
2024-08-21 08:00:00,1592.0,1037.2421
2024-08-21 09:00:00,1184.0,1204.5856
2024-08-21 10:00:00,1156.0,1356.7689
2024-08-21 11:00:00,1155.0,1480.2958
2024-08-21 12:00:00,1226.0,1566.2781
2024-08-21 13:00:00,1325.0,1637.0276
2024-08-21 14:00:00,1368.0,1607.7432
2024-08-21 15:00:00,1405.0,1558.155
2024-08-21 16:00:00,1748.0,1465.6257
2024-08-21 17:00:00,1946.0,1336.2584
2024-08-21 18:00:00,1492.0,1205.8098
2024-08-21 19:00:00,841.0,1005.1439
2024-08-21 20:00:00,556.0,790.2307
2024-08-21 21:00:00,473.0,615.2313
2024-08-21 22:00:00,302.0,460.78223
2024-08-21 23:00:00,167.0,337.96442
2024-08-22 00:00:00,98.0,298.299
2024-08-22 01:00:00,47.0,254.00964
2024-08-22 02:00:00,48.0,256.94965
2024-08-22 03:00:00,62.0,304.29248
2024-08-22 04:00:00,145.0,396.28354
2024-08-22 05:00:00,693.0,523.3478
2024-08-22 06:00:00,2069.0,677.39526
2024-08-22 07:00:00,2298.0,910.77954
2024-08-22 08:00:00,1637.0,1093.2434
2024-08-22 09:00:00,1206.0,1267.149
2024-08-22 10:00:00,1161.0,1424.5144
2024-08-22 11:00:00,1159.0,1551.3425
2024-08-22 12:00:00,1168.0,1639.9926
2024-08-22 13:00:00,1331.0,1574.8518
2024-08-22 14:00:00,1329.0,1686.0817
2024-08-22 15:00:00,1656.0,1637.2803
2024-08-22 16:00:00,1733.0,1547.112
2024-08-22 17:00:00,2056.0,1417.8604
2024-08-22 18:00:00,1623.0,1148.9316
2024-08-22 19:00:00,974.0,1061.0554
2024-08-22 20:00:00,733.0,848.69415
2024-08-22 21:00:00,514.0,672.23645
2024-08-22 22:00:00,402.0,517.78735
2024-08-22 23:00:00,232.0,393.1467
2024-08-23 00:00:00,113.0,344.68268
2024-08-23 01:00:00,44.0,302.21594
2024-08-23 02:00:00,44.0,306.61438
2024-08-23 03:00:00,64.0,354.32184
2024-08-23 04:00:00,149.0,445.21918
2024-08-23 05:00:00,611.0,574.1063
2024-08-23 06:00:00,1768.0,726.4988
2024-08-23 07:00:00,2030.0,965.5482
2024-08-23 08:00:00,1409.0,1146.9183
2024-08-23 09:00:00,1201.0,1322.647
2024-08-23 10:00:00,1269.0,1478.5541
2024-08-23 11:00:00,1355.0,1605.3821
2024-08-23 12:00:00,1419.0,1694.7615
2024-08-23 13:00:00,1606.0,1740.8738
2024-08-23 14:00:00,1737.0,1739.7566
2024-08-23 15:00:00,1989.0,1690.9553
2024-08-23 16:00:00,2097.0,1599.6934
2024-08-23 17:00:00,2147.0,1471.5354
2024-08-23 18:00:00,1779.0,1310.9432
2024-08-23 19:00:00,1291.0,1107.0745
2024-08-23 20:00:00,921.0,893.6195
2024-08-23 21:00:00,682.0,720.0783
2024-08-23 22:00:00,555.0,563.8064
2024-08-23 23:00:00,363.0,439.5303
2024-08-24 00:00:00,213.0,362.71912
2024-08-24 01:00:00,121.0,316.9713
2024-08-24 02:00:00,69.0,319.54688
2024-08-24 03:00:00,92.0,368.34802
2024-08-24 04:00:00,131.0,458.8808
2024-08-24 05:00:00,213.0,587.0388
2024-08-24 06:00:00,540.0,735.82324
2024-08-24 07:00:00,811.0,976.6579
2024-08-24 08:00:00,1122.0,1157.6635
2024-08-24 09:00:00,1399.0,1333.3921
2024-08-24 10:00:00,1605.0,1492.9448
2024-08-24 11:00:00,1694.0,1621.9604
2024-08-24 12:00:00,1750.0,1710.975
2024-08-24 13:00:00,1795.0,1758.181
2024-08-24 14:00:00,1921.0,1759.6157
2024-08-24 15:00:00,1910.0,1713.3667
2024-08-24 16:00:00,2254.0,1622.4692
2024-08-24 17:00:00,2088.0,1491.3947
2024-08-24 18:00:00,1814.0,1333.0681
2024-08-24 19:00:00,1404.0,1130.5793
2024-08-24 20:00:00,1203.0,918.2182
2024-08-24 21:00:00,914.0,750.51013
2024-08-24 22:00:00,722.0,570.8856
2024-08-24 23:00:00,496.0,445.04935
2024-08-25 00:00:00,344.0,319.59644
2024-08-25 01:00:00,201.0,306.50146
2024-08-25 02:00:00,129.0,309.4416
2024-08-25 03:00:00,98.0,362.9143
2024-08-25 04:00:00,139.0,447.31726
2024-08-25 05:00:00,106.0,544.5178
2024-08-25 06:00:00,219.0,697.422
2024-08-25 07:00:00,250.0,866.896
2024-08-25 08:00:00,506.0,1040.4408
2024-08-25 09:00:00,905.0,1276.0997
2024-08-25 10:00:00,867.0,1428.7936
2024-08-25 11:00:00,1653.0,1552.7051
2024-08-25 12:00:00,2096.0,1574.1589
2024-08-25 13:00:00,2281.0,1677.2596
2024-08-25 14:00:00,2322.0,1675.7778
2024-08-25 15:00:00,2318.0,1628.4349
2024-08-25 16:00:00,2287.0,1536.8083
2024-08-25 17:00:00,2295.0,1408.2859
2024-08-25 18:00:00,1896.0,1251.626
2024-08-25 19:00:00,1417.0,1078.1842
2024-08-25 20:00:00,1070.0,868.375
2024-08-25 21:00:00,772.0,694.4693
2024-08-25 22:00:00,429.0,542.93665
2024-08-25 23:00:00,204.0,421.57715
2024-08-26 00:00:00,90.0,270.02545
2024-08-26 01:00:00,59.0,227.19415
2024-08-26 02:00:00,66.0,230.86346
2024-08-26 03:00:00,65.0,281.12286
2024-08-26 04:00:00,184.0,373.47845
2024-08-26 05:00:00,798.0,501.63644
2024-08-26 06:00:00,2126.0,656.47363
2024-08-26 07:00:00,2311.0,860.54193
2024-08-26 08:00:00,1575.0,1038.631
2024-08-26 09:00:00,1323.0,1211.8075
2024-08-26 10:00:00,1137.0,1365.4492
2024-08-26 11:00:00,1172.0,1493.7557
2024-08-26 12:00:00,1191.0,1581.6766
2024-08-26 13:00:00,1315.0,1625.6595
2024-08-26 14:00:00,1321.0,1621.2614
2024-08-26 15:00:00,1370.0,1570.637
2024-08-26 16:00:00,1534.0,1477.1877
2024-08-26 17:00:00,1682.0,1347.2069
2024-08-26 18:00:00,1258.0,1190.5471
2024-08-26 19:00:00,815.0,1017.1053
2024-08-26 20:00:00,563.0,807.296
2024-08-26 21:00:00,390.0,636.3069
2024-08-26 22:00:00,281.0,483.31607
2024-08-26 23:00:00,131.0,358.67535
2024-08-27 00:00:00,70.0,239.60742
2024-08-27 01:00:00,52.0,192.40143
2024-08-27 02:00:00,60.0,195.70605
2024-08-27 03:00:00,55.0,247.42365
2024-08-27 04:00:00,168.0,340.50842
2024-08-27 05:00:00,735.0,467.9372
2024-08-27 06:00:00,2118.0,624.38605
2024-08-27 07:00:00,2390.0,830.4884
2024-08-27 08:00:00,1589.0,1036.4553
2024-08-27 09:00:00,1260.0,1184.1903
2024-08-27 10:00:00,1019.0,1360.0476
2024-08-27 11:00:00,907.0,1490.9668
2024-08-27 12:00:00,1069.0,1550.298
2024-08-27 13:00:00,1146.0,1595.4902
2024-08-27 14:00:00,1242.0,1617.4536
2024-08-27 15:00:00,1330.0,1566.5576
2024-08-27 16:00:00,1515.0,1476.0249
2024-08-27 17:00:00,1909.0,1347.5024
2024-08-27 18:00:00,1393.0,1191.0566
2024-08-27 19:00:00,915.0,989.2392
2024-08-27 20:00:00,615.0,776.5134
2024-08-27 21:00:00,464.0,604.43054
2024-08-27 22:00:00,313.0,451.43967
2024-08-27 23:00:00,127.0,329.71558
2024-08-28 00:00:00,74.0,239.93353
2024-08-28 01:00:00,53.0,198.9253
2024-08-28 02:00:00,43.0,200.4071
2024-08-28 03:00:00,60.0,248.8435
2024-08-28 04:00:00,142.0,340.4701
2024-08-28 05:00:00,722.0,468.26343
2024-08-28 06:00:00,1994.0,618.54663
2024-08-28 07:00:00,2268.0,857.51794
2024-08-28 08:00:00,1653.0,1037.7944
2024-08-28 09:00:00,1231.0,1212.7938
2024-08-28 10:00:00,1184.0,1371.6176
2024-08-28 11:00:00,1188.0,1500.9976
2024-08-28 12:00:00,1260.0,1591.835
2024-08-28 13:00:00,1325.0,1636.489
2024-08-28 14:00:00,1406.0,1636.4656
2024-08-28 15:00:00,1496.0,1588.3936
2024-08-28 16:00:00,1712.0,1497.1316
2024-08-28 17:00:00,1875.0,1366.7863
2024-08-28 18:00:00,1517.0,1208.7866
2024-08-28 19:00:00,936.0,1001.5962
2024-08-28 20:00:00,694.0,788.50586
2024-08-28 21:00:00,511.0,614.96466
2024-08-28 22:00:00,310.0,461.60925
2024-08-28 23:00:00,190.0,335.5103
2024-08-29 00:00:00,113.0,279.90747
2024-08-29 01:00:00,52.0,237.07623
2024-08-29 02:00:00,34.0,238.19354
2024-08-29 03:00:00,67.0,287.72375
2024-08-29 04:00:00,160.0,379.7148
2024-08-29 05:00:00,699.0,506.77908
2024-08-29 06:00:00,2045.0,656.582
2024-08-29 07:00:00,2322.0,896.456
2024-08-29 08:00:00,1613.0,1076.6746
2024-08-29 09:00:00,1213.0,1252.0386
2024-08-29 10:00:00,1177.0,1408.3103
2024-08-29 11:00:00,1237.0,1538.0549
2024-08-29 12:00:00,1124.0,1627.7986
2024-08-29 13:00:00,1421.0,1673.1819
2024-08-29 14:00:00,1442.0,1673.1586
2024-08-29 15:00:00,1648.0,1624.3572
2024-08-29 16:00:00,1824.0,1531.637
2024-08-29 17:00:00,1933.0,1399.4688
2024-08-29 18:00:00,1519.0,1242.4673
2024-08-29 19:00:00,986.0,1038.6534
2024-08-29 20:00:00,716.0,822.6466
2024-08-29 21:00:00,540.0,649.8346
2024-08-29 22:00:00,376.0,496.84375
2024-08-29 23:00:00,205.0,370.38028
2024-08-30 00:00:00,83.0,319.73663
2024-08-30 01:00:00,64.0,278.36365
2024-08-30 02:00:00,48.0,280.21002
2024-08-30 03:00:00,66.0,330.10498
2024-08-30 04:00:00,140.0,418.08572
2024-08-30 05:00:00,652.0,546.97284
2024-08-30 06:00:00,1818.0,699.7905
2024-08-30 07:00:00,1990.0,934.0399
2024-08-30 08:00:00,1408.0,1114.6809
2024-08-30 09:00:00,1222.0,1289.6804
2024-08-30 10:00:00,1316.0,1447.4104
2024-08-30 11:00:00,1393.0,1573.1448
2024-08-30 12:00:00,1384.0,1662.524
2024-08-30 13:00:00,1602.0,1708.6362
2024-08-30 14:00:00,1643.0,1707.8835
2024-08-30 15:00:00,1805.0,1660.176
2024-08-30 16:00:00,2189.0,1567.4559
2024-08-30 17:00:00,2126.0,1440.1832
2024-08-30 18:00:00,1526.0,1248.3715
2024-08-30 19:00:00,1298.0,1074.837
2024-08-30 20:00:00,911.0,861.0175
2024-08-30 21:00:00,679.0,688.57
2024-08-30 22:00:00,498.0,533.39185
2024-08-30 23:00:00,333.0,409.11575
2024-08-31 00:00:00,228.0,331.21887
2024-08-31 01:00:00,138.0,289.48132
2024-08-31 02:00:00,82.0,290.96313
2024-08-31 03:00:00,89.0,339.03516
2024-08-31 04:00:00,135.0,432.11996
2024-08-31 05:00:00,246.0,558.8196
2024-08-31 06:00:00,491.0,713.90283
2024-08-31 07:00:00,859.0,945.52216
2024-08-31 08:00:00,1150.0,1125.7986
2024-08-31 09:00:00,1374.0,1300.069
2024-08-31 10:00:00,1475.0,1456.3406
2024-08-31 11:00:00,1682.0,1584.6271
2024-08-31 12:00:00,1634.0,1672.9125
2024-08-31 13:00:00,1730.0,1719.7539
2024-08-31 14:00:00,1845.0,1719.3658
2024-08-31 15:00:00,1960.0,1670.9293
2024-08-31 16:00:00,1980.0,1577.1152
2024-08-31 17:00:00,1966.0,1420.3705
2024-08-31 18:00:00,1720.0,1263.4067
2024-08-31 19:00:00,1343.0,1085.9546
2024-08-31 20:00:00,1182.0,872.8643
2024-08-31 21:00:00,981.0,700.4169
2024-08-31 22:00:00,673.0,547.06146
2024-08-31 23:00:00,477.0,420.59796
2024-09-01 00:00:00,377.0,311.30682
2024-09-01 01:00:00,214.0,268.47552
2024-09-01 02:00:00,121.0,269.2282
2024-09-01 03:00:00,102.0,318.75854
2024-09-01 04:00:00,100.0,409.65588
2024-09-01 05:00:00,158.0,536.7201
2024-09-01 06:00:00,233.0,690.1339
2024-09-01 07:00:00,336.0,924.38324
2024-09-01 08:00:00,579.0,1102.97
2024-09-01 09:00:00,923.0,1278.334
2024-09-01 10:00:00,1401.0,1435.3348
2024-09-01 11:00:00,1735.0,1563.2566
2024-09-01 12:00:00,1902.0,1651.9067
2024-09-01 13:00:00,2112.0,1698.019
2024-09-01 14:00:00,2418.0,1696.1729
2024-09-01 15:00:00,2530.0,1649.5588
2024-09-01 16:00:00,2505.0,1559.2778
2024-09-01 17:00:00,2592.0,1401.0342
2024-09-01 18:00:00,2612.0,1296.7125
2024-09-01 19:00:00,2166.0,1018.8964
2024-09-01 20:00:00,2054.0,812.45667
2024-09-01 21:00:00,924.0,641.45044
2024-09-01 22:00:00,544.0,479.96463
2024-09-01 23:00:00,267.0,383.84793
2024-09-02 00:00:00,170.0,275.24957
2024-09-02 01:00:00,79.0,233.94452
2024-09-02 02:00:00,67.0,237.24915
2024-09-02 03:00:00,61.0,287.8731
2024-09-02 04:00:00,181.0,379.86414
2024-09-02 05:00:00,799.0,507.29294
2024-09-02 06:00:00,2002.0,664.3175
2024-09-02 07:00:00,2476.0,871.667
2024-09-02 08:00:00,1599.0,1048.564
2024-09-02 09:00:00,1136.0,1244.8965
2024-09-02 10:00:00,1128.0,1400.0746
2024-09-02 11:00:00,1172.0,1526.1735
2024-09-02 12:00:00,1209.0,1617.0688
2024-09-02 13:00:00,1348.0,1662.0876
2024-09-02 14:00:00,1363.0,1658.3606
2024-09-02 15:00:00,1380.0,1586.2499
2024-09-02 16:00:00,1458.0,1520.392
2024-09-02 17:00:00,1662.0,1392.4655
2024-09-02 18:00:00,1334.0,1204.5886
2024-09-02 19:00:00,818.0,1030.4177
2024-09-02 20:00:00,572.0,819.51483
2024-09-02 21:00:00,409.0,646.33826
2024-09-02 22:00:00,303.0,492.98285
2024-09-02 23:00:00,140.0,366.51935
2024-09-03 00:00:00,81.0,247.82434
2024-09-03 01:00:00,55.0,204.99316
2024-09-03 02:00:00,40.0,209.02698
2024-09-03 03:00:00,65.0,258.55713
2024-09-03 04:00:00,150.0,349.08997
2024-09-03 05:00:00,709.0,476.1542
2024-09-03 06:00:00,2081.0,635.7308
2024-09-03 07:00:00,2385.0,843.44476
2024-09-03 08:00:00,1580.0,1022.9342
2024-09-03 09:00:00,1107.0,1193.0757
2024-09-03 10:00:00,1048.0,1353.9941
2024-09-03 11:00:00,995.0,1477.3298
2024-09-03 12:00:00,1073.0,1593.5889
2024-09-03 13:00:00,1228.0,1608.5015
2024-09-03 14:00:00,1232.0,1611.6086
2024-09-03 15:00:00,1354.0,1562.654
2024-09-03 16:00:00,1538.0,1469.9338
2024-09-03 17:00:00,1709.0,1338.6482
2024-09-03 18:00:00,1328.0,1099.0208
2024-09-03 19:00:00,792.0,1002.19556
2024-09-03 20:00:00,513.0,791.2926
2024-09-03 21:00:00,385.0,570.30316
2024-09-03 22:00:00,296.0,463.6669
2024-09-03 23:00:00,141.0,289.39056
2024-09-04 00:00:00,72.0,247.79462
2024-09-04 01:00:00,46.0,203.50525
2024-09-04 02:00:00,27.0,207.90363
2024-09-04 03:00:00,64.0,206.70428
2024-09-04 04:00:00,143.0,349.06024
2024-09-04 05:00:00,727.0,429.0407
2024-09-04 06:00:00,1968.0,636.4302
2024-09-04 07:00:00,2269.0,843.7796
2024-09-04 08:00:00,1486.0,1023.3269
2024-09-04 09:00:00,1203.0,1194.834
2024-09-04 10:00:00,1165.0,1264.4695
2024-09-04 11:00:00,1196.0,1474.6527
2024-09-04 12:00:00,1221.0,1584.9802
2024-09-04 13:00:00,1349.0,1627.5798
2024-09-04 14:00:00,1364.0,1625.369
2024-09-04 15:00:00,1378.0,1579.4092
2024-09-04 16:00:00,1593.0,1488.1096
2024-09-04 17:00:00,1699.0,1330.8643
2024-09-04 18:00:00,1397.0,1175.6077
2024-09-04 19:00:00,848.0,918.6225
2024-09-04 20:00:00,543.0,783.60693
2024-09-04 21:00:00,434.0,612.61774
2024-09-04 22:00:00,317.0,411.08493
2024-09-04 23:00:00,167.0,335.64758
2024-09-05 00:00:00,104.0,216.40527
2024-09-05 01:00:00,46.0,170.6576
2024-09-05 02:00:00,41.0,173.96216
2024-09-05 03:00:00,60.0,223.49243
2024-09-05 04:00:00,161.0,316.5771
2024-09-05 05:00:00,690.0,444.37045
2024-09-05 06:00:00,1977.0,600.91473
2024-09-05 07:00:00,2421.0,807.01715
2024-09-05 08:00:00,1521.0,984.8921
2024-09-05 09:00:00,1191.0,1076.597
2024-09-05 10:00:00,1185.0,1314.3433
2024-09-05 11:00:00,1200.0,1439.0996
2024-09-05 12:00:00,1238.0,1525.9268
2024-09-05 13:00:00,1355.0,1568.9114
2024-09-05 14:00:00,1400.0,1564.3597
2024-09-05 15:00:00,1623.0,1448.8623
2024-09-05 16:00:00,1684.0,1350.9534
2024-09-05 17:00:00,1787.0,1219.5144
2024-09-05 18:00:00,1374.0,1062.422
2024-09-05 19:00:00,866.0,883.8679
2024-09-05 20:00:00,560.0,687.999
2024-09-05 21:00:00,405.0,566.2809
2024-09-05 22:00:00,313.0,412.92563
2024-09-05 23:00:00,178.0,240.4721
2024-09-06 00:00:00,104.0,306.10583
2024-09-06 01:00:00,55.0,264.00366
2024-09-06 02:00:00,49.0,267.67297
2024-09-06 03:00:00,64.0,315.38037
2024-09-06 04:00:00,162.0,407.37143
2024-09-06 05:00:00,640.0,535.894
2024-09-06 06:00:00,1830.0,694.0122
2024-09-06 07:00:00,1948.0,818.91205
2024-09-06 08:00:00,1384.0,1077.6278
2024-09-06 09:00:00,1193.0,1249.8062
2024-09-06 10:00:00,1263.0,1430.9236
2024-09-06 11:00:00,1330.0,1552.5872
2024-09-06 12:00:00,1330.0,1644.1538
2024-09-06 13:00:00,1465.0,1689.346
2024-09-06 14:00:00,1617.0,1688.4978
2024-09-06 15:00:00,1636.0,1639.7921
2024-09-06 16:00:00,1922.0,1546.5337
2024-09-06 17:00:00,1930.0,1418.0112
2024-09-06 18:00:00,1653.0,1153.3848
2024-09-06 19:00:00,1126.0,1060.477
2024-09-06 20:00:00,750.0,847.7512
2024-09-06 21:00:00,604.0,673.8455
2024-09-06 22:00:00,472.0,521.58386
2024-09-06 23:00:00,272.0,397.67233
2024-09-07 00:00:00,197.0,405.3516
2024-09-07 01:00:00,130.0,361.42664
2024-09-07 02:00:00,76.0,365.0959
2024-09-07 03:00:00,79.0,364.99048
2024-09-07 04:00:00,123.0,506.98178
2024-09-07 05:00:00,225.0,630.76495
2024-09-07 06:00:00,512.0,733.9644
2024-09-07 07:00:00,895.0,1021.767
2024-09-07 08:00:00,1147.0,1199.9314
2024-09-07 09:00:00,1380.0,1265.865
2024-09-07 10:00:00,1469.0,1534.4836
2024-09-07 11:00:00,1561.0,1663.1345
2024-09-07 12:00:00,1743.0,1752.8783
2024-09-07 13:00:00,1772.0,1798.9906
2024-09-07 14:00:00,1882.0,1797.1443
2024-09-07 15:00:00,1943.0,1641.3342
2024-09-07 16:00:00,2201.0,1658.0996
2024-09-07 17:00:00,2149.0,1414.3888
2024-09-07 18:00:00,1949.0,1337.2878
2024-09-07 19:00:00,1367.0,1161.9103
2024-09-07 20:00:00,1127.0,953.5593
2024-09-07 21:00:00,913.0,781.1119
2024-09-07 22:00:00,589.0,629.94385
2024-09-07 23:00:00,423.0,499.8347
2024-09-08 00:00:00,306.0,399.274
2024-09-08 01:00:00,217.0,356.80725
2024-09-08 02:00:00,139.0,358.6537
2024-09-08 03:00:00,114.0,407.09027
2024-09-08 04:00:00,93.0,498.35223
2024-09-08 05:00:00,125.0,626.5102
2024-09-08 06:00:00,185.0,783.89935
2024-09-08 07:00:00,263.0,988.3322
2024-09-08 08:00:00,547.0,1166.7279
2024-09-08 09:00:00,946.0,1338.8687
2024-09-08 10:00:00,1426.0,1491.4946
2024-09-08 11:00:00,2015.0,1613.5835
2024-09-08 12:00:00,2287.0,1635.9019
2024-09-08 13:00:00,2376.0,1677.2324
2024-09-08 14:00:00,2318.0,1671.9438
2024-09-08 15:00:00,2340.0,1622.0488
2024-09-08 16:00:00,2472.0,1537.8237
2024-09-08 17:00:00,2457.0,1433.3704
2024-09-08 18:00:00,1967.0,1244.5276
2024-09-08 19:00:00,1393.0,1059.3776
2024-09-08 20:00:00,1242.0,912.7798
2024-09-08 21:00:00,686.0,709.57025
2024-09-08 22:00:00,419.0,589.1644
2024-09-08 23:00:00,202.0,464.95615
2024-09-09 00:00:00,89.0,233.80402
2024-09-09 01:00:00,64.0,192.22766
2024-09-09 02:00:00,61.0,194.37073
2024-09-09 03:00:00,68.0,244.79114
2024-09-09 04:00:00,173.0,335.95984
2024-09-09 05:00:00,817.0,462.4984
2024-09-09 06:00:00,1486.0,647.0719
2024-09-09 07:00:00,1631.0,855.515
2024-09-09 08:00:00,1435.0,1036.5205
2024-09-09 09:00:00,869.0,1146.0532
2024-09-09 10:00:00,1228.0,1297.6111
2024-09-09 11:00:00,1240.0,1421.8871
2024-09-09 12:00:00,1209.0,1507.5952
2024-09-09 13:00:00,975.0,1615.5287
2024-09-09 14:00:00,754.0,1611.7916
2024-09-09 15:00:00,889.0,1499.5098
2024-09-09 16:00:00,771.0,1471.2205
2024-09-09 17:00:00,1420.0,1280.4777
2024-09-09 18:00:00,970.0,1181.1454
2024-09-09 19:00:00,771.0,1008.4327
2024-09-09 20:00:00,108.0,799.2848
2024-09-09 21:00:00,295.0,599.47485
2024-09-09 22:00:00,281.0,447.3743
2024-09-09 23:00:00,133.0,352.5548
2024-09-10 00:00:00,86.0,235.69214
2024-09-10 01:00:00,49.0,193.59003
2024-09-10 02:00:00,47.0,166.5904
2024-09-10 03:00:00,71.0,246.06036
2024-09-10 04:00:00,145.0,338.05145
2024-09-10 05:00:00,750.0,466.87073
2024-09-10 06:00:00,1865.0,622.5049
2024-09-10 07:00:00,1080.0,826.5732
2024-09-10 08:00:00,993.0,1005.68805
2024-09-10 09:00:00,1111.0,1177.0518
2024-09-10 10:00:00,834.0,1330.3867
2024-09-10 11:00:00,721.0,1481.2156
2024-09-10 12:00:00,1019.0,1564.7645
2024-09-10 13:00:00,972.0,1580.5597
2024-09-10 14:00:00,1260.0,1575.9677
2024-09-10 15:00:00,1292.0,1525.6504
2024-09-10 16:00:00,1468.0,1437.3079
2024-09-10 17:00:00,1730.0,1310.1105
2024-09-10 18:00:00,1267.0,1151.4744
2024-09-10 19:00:00,809.0,974.75146
2024-09-10 20:00:00,491.0,764.57764
2024-09-10 21:00:00,384.0,591.40106
2024-09-10 22:00:00,314.0,435.12915
2024-09-10 23:00:00,145.0,310.8531
2024-09-11 00:00:00,65.0,225.09955
2024-09-11 01:00:00,45.0,182.9975
2024-09-11 02:00:00,48.0,184.84387
2024-09-11 03:00:00,53.0,235.46783
2024-09-11 04:00:00,136.0,325.63605
2024-09-11 05:00:00,733.0,451.24203
2024-09-11 06:00:00,2025.0,609.7799
2024-09-11 07:00:00,2305.0,817.83826
2024-09-11 08:00:00,1453.0,1000.72736
2024-09-11 09:00:00,1016.0,1174.2686
2024-09-11 10:00:00,1130.0,1325.7053
2024-09-11 11:00:00,1111.0,1448.8877
2024-09-11 12:00:00,1225.0,1534.9857
2024-09-11 13:00:00,1309.0,1578.1136
2024-09-11 14:00:00,1481.0,1509.7069
2024-09-11 15:00:00,1430.0,1462.669
2024-09-11 16:00:00,1655.0,1367.9396
2024-09-11 17:00:00,1759.0,1246.4031
2024-09-11 18:00:00,1395.0,1085.2751
2024-09-11 19:00:00,676.0,920.6758
2024-09-11 20:00:00,462.0,723.9858
2024-09-11 21:00:00,377.0,544.671
2024-09-11 22:00:00,278.0,391.73102
2024-09-11 23:00:00,147.0,266.81903
2024-09-12 00:00:00,102.0,209.77649
2024-09-12 01:00:00,63.0,191.56934
2024-09-12 02:00:00,40.0,196.76465
2024-09-12 03:00:00,68.0,248.48218
2024-09-12 04:00:00,154.0,340.47327
2024-09-12 05:00:00,718.0,470.08948
2024-09-12 06:00:00,2017.0,628.57227
2024-09-12 07:00:00,2399.0,834.46344
2024-09-12 08:00:00,1559.0,1009.0371
2024-09-12 09:00:00,1137.0,1214.0294
2024-09-12 10:00:00,1131.0,1342.3075
2024-09-12 11:00:00,1178.0,1465.5479
2024-09-12 12:00:00,1197.0,1550.341
2024-09-12 13:00:00,1382.0,1591.769
2024-09-12 14:00:00,1359.0,1592.1504
2024-09-12 15:00:00,1493.0,1568.5392
2024-09-12 16:00:00,1601.0,1449.3994
2024-09-12 17:00:00,1802.0,1320.0348
2024-09-12 18:00:00,1312.0,1159.7292
2024-09-12 19:00:00,849.0,985.5583
2024-09-12 20:00:00,563.0,776.4782
2024-09-12 21:00:00,393.0,605.12445
2024-09-12 22:00:00,325.0,452.13367
2024-09-12 23:00:00,187.0,328.58667
2024-09-13 00:00:00,92.0,280.51392
2024-09-13 01:00:00,58.0,238.4118
2024-09-13 02:00:00,49.0,241.71643
2024-09-13 03:00:00,66.0,291.24677
2024-09-13 04:00:00,160.0,382.44083
2024-09-13 05:00:00,623.0,509.20834
2024-09-13 06:00:00,999.0,666.2329
2024-09-13 07:00:00,1972.0,871.03033
2024-09-13 08:00:00,1396.0,1049.4839
2024-09-13 09:00:00,1147.0,1221.2021
2024-09-13 10:00:00,1216.0,1377.1094
2024-09-13 11:00:00,1287.0,1500.9531
2024-09-13 12:00:00,1313.0,1522.947
2024-09-13 13:00:00,1537.0,1628.8567
2024-09-13 14:00:00,931.0,1623.0
2024-09-13 15:00:00,1705.0,1573.8342
2024-09-13 16:00:00,1875.0,1417.6488
2024-09-13 17:00:00,1918.0,1285.9631
2024-09-13 18:00:00,1554.0,1190.8276
2024-09-13 19:00:00,1095.0,1017.318
2024-09-13 20:00:00,705.0,808.6703
2024-09-13 21:00:00,467.0,638.7748
2024-09-13 22:00:00,463.0,487.17444
2024-09-13 23:00:00,338.0,334.4168
2024-09-14 00:00:00,189.0,259.38776
2024-09-14 01:00:00,132.0,216.58191
2024-09-14 02:00:00,78.0,251.3949
2024-09-14 03:00:00,77.0,301.2898
2024-09-14 04:00:00,120.0,392.9163
2024-09-14 05:00:00,156.0,520.7096
2024-09-14 06:00:00,303.0,677.73425
2024-09-14 07:00:00,721.0,883.9899
2024-09-14 08:00:00,999.0,1063.1726
2024-09-14 09:00:00,1152.0,1236.3494
2024-09-14 10:00:00,1496.0,1390.4336
2024-09-14 11:00:00,1520.0,1514.7097
2024-09-14 12:00:00,1597.0,1600.4432
2024-09-14 13:00:00,1669.0,1643.6389
2024-09-14 14:00:00,1729.0,1641.0635
2024-09-14 15:00:00,1707.0,1591.1685
2024-09-14 16:00:00,1802.0,1498.4484
2024-09-14 17:00:00,1694.0,1368.103
2024-09-14 18:00:00,1355.0,1209.6204
2024-09-14 19:00:00,937.0,1035.4493
2024-09-14 20:00:00,658.0,823.8173
2024-09-14 21:00:00,516.0,649.18243
2024-09-14 22:00:00,470.0,494.00424
2024-09-14 23:00:00,389.0,369.3636
2024-09-15 00:00:00,252.0,266.261
2024-09-15 01:00:00,184.0,223.42975
2024-09-15 02:00:00,127.0,225.27612
2024-09-15 03:00:00,77.0,273.7127
2024-09-15 04:00:00,120.0,365.7038
2024-09-15 05:00:00,87.0,495.32004
2024-09-15 06:00:00,189.0,652.7092
2024-09-15 07:00:00,281.0,886.8805
2024-09-15 08:00:00,471.0,1066.581
2024-09-15 09:00:00,819.0,1213.8734
2024-09-15 10:00:00,1214.0,1393.8392
2024-09-15 11:00:00,1379.0,1525.0825
2024-09-15 12:00:00,1644.0,1611.7189
2024-09-15 13:00:00,1869.0,1651.8796
2024-09-15 14:00:00,2082.0,1649.3042
2024-09-15 15:00:00,2161.0,1601.2319
2024-09-15 16:00:00,2473.0,1509.2408
2024-09-15 17:00:00,2505.0,1377.4373
2024-09-15 18:00:00,2067.0,1193.4404
2024-09-15 19:00:00,1579.0,1014.79913
2024-09-15 20:00:00,1232.0,805.719
2024-09-15 21:00:00,660.0,634.3653
2024-09-15 22:00:00,391.0,481.73904
2024-09-15 23:00:00,179.0,358.19208
2024-09-16 00:00:00,86.0,306.68274
2024-09-16 01:00:00,55.0,265.30988
2024-09-16 02:00:00,49.0,268.9792
2024-09-16 03:00:00,69.0,316.3219
2024-09-16 04:00:00,157.0,412.3232
2024-09-16 05:00:00,786.0,542.6686
2024-09-16 06:00:00,2112.0,699.6253
2024-09-16 07:00:00,2341.0,905.94885
2024-09-16 08:00:00,1570.0,1086.9545
2024-09-16 09:00:00,1149.0,1259.0374
2024-09-16 10:00:00,1060.0,1412.7571
2024-09-16 11:00:00,1141.0,1535.9395
2024-09-16 12:00:00,1118.0,1558.826
2024-09-16 13:00:00,1262.0,1661.5199
2024-09-16 14:00:00,1272.0,1596.1653
2024-09-16 15:00:00,611.0,1544.7441
2024-09-16 16:00:00,593.0,1450.6335
2024-09-16 17:00:00,1317.0,1384.8901
2024-09-16 18:00:00,640.0,1164.3574
2024-09-16 19:00:00,366.0,1053.7626
2024-09-16 20:00:00,94.0,843.5888
2024-09-16 21:00:00,242.0,673.32874
2024-09-16 22:00:00,269.0,521.7284
2024-09-16 23:00:00,131.0,398.2493
2024-09-17 00:00:00,64.0,181.93103
2024-09-17 01:00:00,51.0,170.8877
2024-09-17 02:00:00,48.0,174.92151
2024-09-17 03:00:00,60.0,195.24115
2024-09-17 04:00:00,131.0,287.52893
2024-09-17 05:00:00,727.0,415.52582
2024-09-17 06:00:00,2143.0,571.1599
2024-09-17 07:00:00,2336.0,806.78735
2024-09-17 08:00:00,1525.0,924.7425
2024-09-17 09:00:00,1125.0,1095.8673
2024-09-17 10:00:00,1066.0,1311.8406
2024-09-17 11:00:00,987.0,1437.766
2024-09-17 12:00:00,1028.0,1526.9541
2024-09-17 13:00:00,1154.0,1597.5474
2024-09-17 14:00:00,1192.0,1600.2495
2024-09-17 15:00:00,1328.0,1521.6116
2024-09-17 16:00:00,1448.0,1431.1743
2024-09-17 17:00:00,1647.0,1303.3636
2024-09-17 18:00:00,1288.0,1145.2454
2024-09-17 19:00:00,731.0,972.5328
2024-09-17 20:00:00,456.0,758.7133
2024-09-17 21:00:00,354.0,586.6304
2024-09-17 22:00:00,337.0,427.80652
2024-09-17 23:00:00,230.0,304.62415
2024-09-18 00:00:00,111.0,215.23553
2024-09-18 01:00:00,56.0,173.49799
2024-09-18 02:00:00,68.0,175.70898
2024-09-18 03:00:00,75.0,227.06201
2024-09-18 04:00:00,143.0,319.4176
2024-09-18 05:00:00,722.0,448.3047
2024-09-18 06:00:00,2001.0,605.48267
2024-09-18 07:00:00,2343.0,811.58496
2024-09-18 08:00:00,1649.0,991.4969
2024-09-18 09:00:00,1125.0,1163.9443
2024-09-18 10:00:00,1088.0,1318.0287
2024-09-18 11:00:00,1074.0,1441.7087
2024-09-18 12:00:00,1147.0,1526.9619
2024-09-18 13:00:00,1319.0,1596.6526
2024-09-18 14:00:00,1313.0,1595.7264
2024-09-18 15:00:00,1374.0,1548.3835
2024-09-18 16:00:00,1629.0,1457.4861
2024-09-18 17:00:00,1792.0,1327.4678
2024-09-18 18:00:00,1526.0,1143.7776
2024-09-18 19:00:00,924.0,967.7838
2024-09-18 20:00:00,598.0,755.7872
2024-09-18 21:00:00,370.0,583.3397
2024-09-18 22:00:00,294.0,430.34894
2024-09-18 23:00:00,174.0,304.97913
2024-09-19 00:00:00,79.0,247.94714
2024-09-19 01:00:00,51.0,206.57428
2024-09-19 02:00:00,44.0,211.33722
2024-09-19 03:00:00,50.0,261.23193
2024-09-19 04:00:00,169.0,356.8687
2024-09-19 05:00:00,682.0,485.39124
2024-09-19 06:00:00,2000.0,642.4158
2024-09-19 07:00:00,2358.0,846.8487
2024-09-19 08:00:00,1662.0,1025.3022
2024-09-19 09:00:00,1184.0,1197.0205
2024-09-19 10:00:00,1123.0,1350.0112
2024-09-19 11:00:00,1161.0,1475.381
2024-09-19 12:00:00,1121.0,1562.3037
2024-09-19 13:00:00,1378.0,1630.2671
2024-09-19 14:00:00,1333.0,1628.8027
2024-09-19 15:00:00,1555.0,1580.7306
2024-09-19 16:00:00,1637.0,1490.6028
2024-09-19 17:00:00,1955.0,1361.2556
2024-09-19 18:00:00,1462.0,1176.8538
2024-09-19 19:00:00,838.0,1001.5892
2024-09-19 20:00:00,533.0,789.9571
2024-09-19 21:00:00,425.0,616.41595
2024-09-19 22:00:00,337.0,461.6023
2024-09-19 23:00:00,159.0,335.86792
2024-09-20 00:00:00,82.0,289.62866
2024-09-20 01:00:00,48.0,246.43286
2024-09-20 02:00:00,55.0,249.00842
2024-09-20 03:00:00,71.0,299.99695
2024-09-20 04:00:00,138.0,391.62347
2024-09-20 05:00:00,626.0,520.51056
2024-09-20 06:00:00,1845.0,675.7123
2024-09-20 07:00:00,2029.0,884.8846
2024-09-20 08:00:00,1477.0,1090.6403
2024-09-20 09:00:00,1120.0,1259.2078
2024-09-20 10:00:00,1153.0,1416.2087
2024-09-20 11:00:00,1253.0,1544.4951
2024-09-20 12:00:00,1312.0,1633.1451
2024-09-20 13:00:00,1588.0,1681.0803
2024-09-20 14:00:00,1655.0,1679.9631
2024-09-20 15:00:00,1900.0,1633.3494
2024-09-20 16:00:00,2079.0,1541.3582
2024-09-20 17:00:00,2191.0,1409.5371
2024-09-20 18:00:00,1651.0,1227.285
2024-09-20 19:00:00,1116.0,1047.6456
2024-09-20 20:00:00,714.0,833.097
2024-09-20 21:00:00,532.0,661.37866
2024-09-20 22:00:00,444.0,507.29413
2024-09-20 23:00:00,323.0,382.6535
2024-09-21 00:00:00,203.0,242.14056
2024-09-21 01:00:00,86.0,198.21564
2024-09-21 02:00:00,71.0,200.79114
2024-09-21 03:00:00,65.0,249.95685
2024-09-21 04:00:00,92.0,342.67706
2024-09-21 05:00:00,196.0,471.1996
2024-09-21 06:00:00,552.0,627.49506
2024-09-21 07:00:00,874.0,836.30273
2024-09-21 08:00:00,1092.0,1039.0813
2024-09-21 09:00:00,1304.0,1212.0842
2024-09-21 10:00:00,1530.0,1369.4497
2024-09-21 11:00:00,1583.0,1497.0068
2024-09-21 12:00:00,1632.0,1586.3862
2024-09-21 13:00:00,1777.0,1633.2275
2024-09-21 14:00:00,2003.0,1632.1104
2024-09-21 15:00:00,1536.0,1584.4028
2024-09-21 16:00:00,1549.0,1491.3181
2024-09-21 17:00:00,2249.0,1360.0728
2024-09-21 18:00:00,1807.0,1173.9639
2024-09-21 19:00:00,1132.0,996.5117
2024-09-21 20:00:00,823.0,781.5986
2024-09-21 21:00:00,644.0,608.7866
2024-09-21 22:00:00,532.0,453.97287
2024-09-21 23:00:00,489.0,327.87396
2024-09-22 00:00:00,256.0,224.78241
2024-09-22 01:00:00,197.0,185.23224
2024-09-22 02:00:00,119.0,185.62042
2024-09-22 03:00:00,87.0,232.23413
2024-09-22 04:00:00,105.0,324.58972
2024-09-22 05:00:00,94.0,452.01855
2024-09-22 06:00:00,238.0,609.7145
2024-09-22 07:00:00,286.0,843.92334
2024-09-22 08:00:00,586.0,1001.4084
2024-09-22 09:00:00,951.0,1173.3756
2024-09-22 10:00:00,1261.0,1354.1862
2024-09-22 11:00:00,1675.0,1481.2834
2024-09-22 12:00:00,1724.0,1570.6249
2024-09-22 13:00:00,2080.0,1589.5681
2024-09-22 14:00:00,2262.0,1610.0908
2024-09-22 15:00:00,2570.0,1539.612
2024-09-22 16:00:00,2695.0,1475.7102
2024-09-22 17:00:00,1916.0,1315.4529
2024-09-22 18:00:00,2662.0,1154.7828
2024-09-22 19:00:00,1991.0,977.6953
2024-09-22 20:00:00,1360.0,767.8861
2024-09-22 21:00:00,746.0,598.7198
2024-09-22 22:00:00,457.0,446.09348
2024-09-22 23:00:00,181.0,320.65588
2024-09-23 00:00:00,89.0,203.43805
2024-09-23 01:00:00,63.0,160.97156
2024-09-23 02:00:00,49.0,163.91162
2024-09-23 03:00:00,67.0,213.8064
2024-09-23 04:00:00,180.0,304.3391
2024-09-23 05:00:00,790.0,432.49707
2024-09-23 06:00:00,2196.0,591.3445
2024-09-23 07:00:00,2473.0,796.39075
2024-09-23 08:00:00,1652.0,975.15106
2024-09-23 09:00:00,1136.0,1147.8647
2024-09-23 10:00:00,1109.0,1304.5039
2024-09-23 11:00:00,1165.0,1427.9553
2024-09-23 12:00:00,1136.0,1449.3835
2024-09-23 13:00:00,1316.0,1552.8745
2024-09-23 14:00:00,1436.0,1548.8407
2024-09-23 15:00:00,1395.0,1498.2166
2024-09-23 16:00:00,1529.0,1404.7672
2024-09-23 17:00:00,1474.0,1275.151
2024-09-23 18:00:00,778.0,1053.0923
2024-09-23 19:00:00,791.0,879.2264
2024-09-23 20:00:00,507.0,696.75415
2024-09-23 21:00:00,303.0,555.06885
2024-09-23 22:00:00,297.0,401.4168
2024-09-23 23:00:00,142.0,276.41162
2024-09-24 00:00:00,72.0,159.5705
2024-09-24 01:00:00,56.0,114.55188
2024-09-24 02:00:00,52.0,118.95026
2024-09-24 03:00:00,61.0,172.85529
2024-09-24 04:00:00,154.0,234.08417
2024-09-24 05:00:00,749.0,394.03012
2024-09-24 06:00:00,1282.0,549.6643
2024-09-24 07:00:00,1946.0,754.38367
2024-09-24 08:00:00,1648.0,959.9658
2024-09-24 09:00:00,1204.0,1108.3344
2024-09-24 10:00:00,1074.0,1263.1478
2024-09-24 11:00:00,1030.0,1414.2081
2024-09-24 12:00:00,1069.0,1476.1143
2024-09-24 13:00:00,1271.0,1542.5413
2024-09-24 14:00:00,1300.0,1544.899
2024-09-24 15:00:00,1332.0,1492.5651
2024-09-24 16:00:00,1624.0,1400.5364
2024-09-24 17:00:00,1739.0,1241.8907
2024-09-24 18:00:00,1392.0,1083.7378
2024-09-24 19:00:00,799.0,912.48334
2024-09-24 20:00:00,510.0,702.67413
2024-09-24 21:00:00,366.0,529.13293
2024-09-24 22:00:00,304.0,376.87128
2024-09-24 23:00:00,164.0,254.05347
2024-09-25 00:00:00,80.0,277.45026
2024-09-25 01:00:00,43.0,232.79602
2024-09-25 02:00:00,39.0,233.1842
2024-09-25 03:00:00,53.0,280.16254
2024-09-25 04:00:00,166.0,372.8826
2024-09-25 05:00:00,741.0,498.8532
2024-09-25 06:00:00,2103.0,652.0961
2024-09-25 07:00:00,2373.0,883.0037
2024-09-25 08:00:00,1555.0,1066.1968
2024-09-25 09:00:00,1228.0,1243.2705
2024-09-25 10:00:00,1132.0,1397.6992
2024-09-25 11:00:00,1066.0,1499.644
2024-09-25 12:00:00,1222.0,1586.0864
2024-09-25 13:00:00,1359.0,1630.8938
2024-09-25 14:00:00,1485.0,1627.8005
2024-09-25 15:00:00,1569.0,1579.7109
2024-09-25 16:00:00,1865.0,1487.8936
2024-09-25 17:00:00,2044.0,1356.4545
2024-09-25 18:00:00,1574.0,1196.5134
2024-09-25 19:00:00,952.0,1022.7071
2024-09-25 20:00:00,558.0,812.53326
2024-09-25 21:00:00,396.0,638.9921
2024-09-25 22:00:00,284.0,455.9683
2024-09-25 23:00:00,161.0,332.35352
2024-09-26 00:00:00,81.0,167.1626
2024-09-26 01:00:00,57.0,127.96008
2024-09-26 02:00:00,46.0,129.8742
2024-09-26 03:00:00,67.0,178.58209
2024-09-26 04:00:00,163.0,271.07336
2024-09-26 05:00:00,614.0,399.3246
2024-09-26 06:00:00,1270.0,554.50085
2024-09-26 07:00:00,1435.0,727.8495
2024-09-26 08:00:00,839.0,908.1937
2024-09-26 09:00:00,642.0,1081.0311
2024-09-26 10:00:00,1151.0,1235.5225
2024-09-26 11:00:00,1186.0,1361.9436
2024-09-26 12:00:00,1096.0,1447.8127
2024-09-26 13:00:00,1394.0,1490.4406
2024-09-26 14:00:00,1324.0,1546.0829
2024-09-26 15:00:00,931.0,1441.0559
2024-09-26 16:00:00,894.0,1344.0713
2024-09-26 17:00:00,1186.0,1211.1909
2024-09-26 18:00:00,985.0,1057.4984
2024-09-26 19:00:00,716.0,882.0049
2024-09-26 20:00:00,335.0,729.8624
2024-09-26 21:00:00,374.0,563.3159
2024-09-26 22:00:00,322.0,404.49203
2024-09-26 23:00:00,167.0,276.9348
2024-09-27 00:00:00,114.0,228.88416
2024-09-27 01:00:00,73.0,186.05292
2024-09-27 02:00:00,62.0,191.9096
2024-09-27 03:00:00,56.0,242.169
2024-09-27 04:00:00,160.0,334.88916
2024-09-27 05:00:00,624.0,463.77628
2024-09-27 06:00:00,1847.0,618.1708
2024-09-27 07:00:00,2026.0,849.4834
2024-09-27 08:00:00,1374.0,1005.6433
2024-09-27 09:00:00,1112.0,1183.3683
2024-09-27 10:00:00,1162.0,1336.8943
2024-09-27 11:00:00,1263.0,1460.6929
2024-09-27 12:00:00,1295.0,1542.7806
2024-09-27 13:00:00,1578.0,1585.2473
2024-09-27 14:00:00,1487.0,1515.0431
2024-09-27 15:00:00,1044.0,1463.5117
2024-09-27 16:00:00,1593.0,1365.2043
2024-09-27 17:00:00,259.0,1296.9514
2024-09-27 18:00:00,10.0,1140.2916
2024-09-27 19:00:00,533.0,967.5789
2024-09-27 20:00:00,502.0,758.49884
2024-09-27 21:00:00,486.0,588.6034
2024-09-27 22:00:00,401.0,431.96686
2024-09-27 23:00:00,139.0,306.96167
2024-09-28 00:00:00,179.0,344.72516
2024-09-28 01:00:00,111.0,302.62305
2024-09-28 02:00:00,98.0,306.65686
2024-09-28 03:00:00,81.0,361.58783
2024-09-28 04:00:00,116.0,424.5547
2024-09-28 05:00:00,174.0,582.1014
2024-09-28 06:00:00,154.0,705.1506
2024-09-28 07:00:00,221.0,878.0921
2024-09-28 08:00:00,339.0,1057.8937
2024-09-28 09:00:00,932.0,1231.0278
2024-09-28 10:00:00,315.0,1382.5094
2024-09-28 11:00:00,632.0,1507.9978
2024-09-28 12:00:00,1374.0,1594.6047
2024-09-28 13:00:00,1295.0,1630.9076
2024-09-28 14:00:00,245.0,1632.7661
2024-09-28 15:00:00,1156.0,1582.0317
2024-09-28 16:00:00,1277.0,1484.0635
2024-09-28 17:00:00,440.0,1356.1853
2024-09-28 18:00:00,358.0,1191.1915
2024-09-28 19:00:00,789.0,1078.9773
2024-09-28 20:00:00,659.0,869.60046
2024-09-28 21:00:00,551.0,699.3404
2024-09-28 22:00:00,492.0,546.7141
2024-09-28 23:00:00,326.0,424.99005
2024-09-29 00:00:00,265.0,332.86157
2024-09-29 01:00:00,173.0,290.03033
2024-09-29 02:00:00,116.0,290.78302
2024-09-29 03:00:00,113.0,339.94873
2024-09-29 04:00:00,115.0,434.85635
2024-09-29 05:00:00,110.0,563.74347
2024-09-29 06:00:00,202.0,718.9452
2024-09-29 07:00:00,272.0,923.3202
2024-09-29 08:00:00,540.0,1097.5293
2024-09-29 09:00:00,922.0,1297.9126
2024-09-29 10:00:00,1254.0,1454.7021
2024-09-29 11:00:00,1578.0,1581.1658
2024-09-29 12:00:00,1708.0,1669.4513
2024-09-29 13:00:00,1902.0,1718.6941
2024-09-29 14:00:00,2188.0,1693.2114
2024-09-29 15:00:00,2488.0,1644.0457
2024-09-29 16:00:00,2704.0,1549.1758
2024-09-29 17:00:00,2833.0,1414.5308
2024-09-29 18:00:00,2253.0,1254.8416
2024-09-29 19:00:00,1674.0,1080.306
2024-09-29 20:00:00,1252.0,872.3196
2024-09-29 21:00:00,736.0,700.9659
2024-09-29 22:00:00,445.0,549.43335
2024-09-29 23:00:00,221.0,426.98007
2024-09-30 00:00:00,95.0,327.0207
2024-09-30 01:00:00,73.0,285.64777
2024-09-30 02:00:00,63.0,289.31702
2024-09-30 03:00:00,79.0,339.94098
2024-09-30 04:00:00,163.0,431.56747
2024-09-30 05:00:00,753.0,561.11584
2024-09-30 06:00:00,1968.0,686.30994
2024-09-30 07:00:00,2194.0,857.7399
2024-09-30 08:00:00,1450.0,1129.395
2024-09-30 09:00:00,1196.0,1298.0581
2024-09-30 10:00:00,1033.0,1454.2922
2024-09-30 11:00:00,1086.0,1579.6997
2024-09-30 12:00:00,1089.0,1670.9016
2024-09-30 13:00:00,1268.0,1717.3787
2024-09-30 14:00:00,1371.0,1720.4829
2024-09-30 15:00:00,1477.0,1677.4421
2024-09-30 16:00:00,1516.0,1557.2463
2024-09-30 17:00:00,1794.0,1423.5244
2024-09-30 18:00:00,1316.0,1257.3856
2024-09-30 19:00:00,864.0,1083.9438
2024-09-30 20:00:00,540.0,873.40546
2024-09-30 21:00:00,416.0,700.958
2024-09-30 22:00:00,312.0,550.5193
2024-09-30 23:00:00,172.0,428.43054
2024-10-01 00:00:00,82.0,299.58832
2024-10-01 01:00:00,58.0,256.75708
2024-10-01 02:00:00,46.0,256.78064
2024-10-01 03:00:00,63.0,306.6754
2024-10-01 04:00:00,163.0,400.4893
2024-10-01 05:00:00,693.0,527.5535
2024-10-01 06:00:00,1936.0,681.297
2024-10-01 07:00:00,2238.0,887.8495
2024-10-01 08:00:00,1496.0,1066.7355
2024-10-01 09:00:00,864.0,1240.2766
2024-10-01 10:00:00,1168.0,1393.9285
2024-10-01 11:00:00,1046.0,1514.2622
2024-10-01 12:00:00,1062.0,1535.6904
2024-10-01 13:00:00,1185.0,1577.0887
2024-10-01 14:00:00,1250.0,1573.2161
2024-10-01 15:00:00,1288.0,1524.8302
2024-10-01 16:00:00,1342.0,1433.5259
2024-10-01 17:00:00,725.0,1303.9097
2024-10-01 18:00:00,1248.0,1147.3855
2024-10-01 19:00:00,737.0,972.96027
2024-10-01 20:00:00,471.0,797.6775
2024-10-01 21:00:00,196.0,620.88934
2024-10-01 22:00:00,263.0,469.28897
2024-10-01 23:00:00,135.0,376.86874
2024-10-02 00:00:00,83.0,266.16028
2024-10-02 01:00:00,50.0,247.27118
2024-10-02 02:00:00,50.0,232.2887
2024-10-02 03:00:00,81.0,278.62268
2024-10-02 04:00:00,160.0,364.5688
2024-10-02 05:00:00,556.0,491.20065
2024-10-02 06:00:00,906.0,644.35065
2024-10-02 07:00:00,175.0,879.5457
2024-10-02 08:00:00,720.0,1058.3639
2024-10-02 09:00:00,1059.0,1230.0822
2024-10-02 10:00:00,995.0,1383.1104
2024-10-02 11:00:00,869.0,1508.8071
2024-10-02 12:00:00,1202.0,1594.8474
2024-10-02 13:00:00,1280.0,1633.3586
2024-10-02 14:00:00,1327.0,1659.7375
2024-10-02 15:00:00,1349.0,1606.9435
2024-10-02 16:00:00,1538.0,1487.844
2024-10-02 17:00:00,1702.0,1358.1902
2024-10-02 18:00:00,1329.0,1198.9784
2024-10-02 19:00:00,787.0,1022.62006
2024-10-02 20:00:00,561.0,810.25885
2024-10-02 21:00:00,367.0,638.5405
2024-10-02 22:00:00,314.0,486.27884
2024-10-02 23:00:00,150.0,359.45074
2024-10-03 00:00:00,103.0,305.72308
2024-10-03 01:00:00,54.0,262.89203
2024-10-03 02:00:00,46.0,265.10297
2024-10-03 03:00:00,71.0,315.36224
2024-10-03 04:00:00,148.0,409.90527
2024-10-03 05:00:00,613.0,537.3341
2024-10-03 06:00:00,1850.0,697.2752
2024-10-03 07:00:00,2063.0,903.8377
2024-10-03 08:00:00,1443.0,1079.8146
2024-10-03 09:00:00,1103.0,1253.2804
2024-10-03 10:00:00,1177.0,1408.8809
2024-10-03 11:00:00,1164.0,1533.157
2024-10-03 12:00:00,1221.0,1619.255
2024-10-03 13:00:00,1376.0,1598.5104
2024-10-03 14:00:00,1536.0,1593.0183
2024-10-03 15:00:00,1572.0,1607.0638
2024-10-03 16:00:00,1619.0,1514.3436
2024-10-03 17:00:00,1734.0,1385.092
2024-10-03 18:00:00,355.0,1228.7966
2024-10-03 19:00:00,594.0,1054.2612
2024-10-03 20:00:00,517.0,843.72284
2024-10-03 21:00:00,383.0,672.0045
2024-10-03 22:00:00,344.0,520.1074
2024-10-03 23:00:00,157.0,396.92502
2024-10-04 00:00:00,93.0,350.34454
2024-10-04 01:00:00,51.0,308.24237
2024-10-04 02:00:00,58.0,311.91168
2024-10-04 03:00:00,83.0,361.07745
2024-10-04 04:00:00,165.0,453.0685
2024-10-04 05:00:00,486.0,550.09973
2024-10-04 06:00:00,1988.0,735.6312
2024-10-04 07:00:00,2237.0,939.33496
2024-10-04 08:00:00,1527.0,1117.8564
2024-10-04 09:00:00,1223.0,1291.033
2024-10-04 10:00:00,1058.0,1444.3882
2024-10-04 11:00:00,1285.0,1568.2998
2024-10-04 12:00:00,1065.0,1589.957
2024-10-04 13:00:00,1597.0,1695.7029
2024-10-04 14:00:00,1520.0,1630.3313
2024-10-04 15:00:00,1571.0,1581.3264
2024-10-04 16:00:00,1779.0,1485.7322
2024-10-04 17:00:00,1906.0,1354.4712
2024-10-04 18:00:00,1519.0,1261.3196
2024-10-04 19:00:00,974.0,1088.3103
2024-10-04 20:00:00,581.0,849.29034
2024-10-04 21:00:00,481.0,707.1473
2024-10-04 22:00:00,356.0,555.9793
2024-10-04 23:00:00,252.0,432.06775
2024-10-05 00:00:00,168.0,312.91724
2024-10-05 01:00:00,133.0,270.086
2024-10-05 02:00:00,67.0,274.48438
2024-10-05 03:00:00,96.0,325.1084
2024-10-05 04:00:00,113.0,416.7349
2024-10-05 05:00:00,215.0,544.8928
2024-10-05 06:00:00,363.0,701.18835
2024-10-05 07:00:00,135.0,906.35034
2024-10-05 08:00:00,706.0,1082.4603
2024-10-05 09:00:00,1138.0,1257.8069
2024-10-05 10:00:00,1337.0,1412.3715
2024-10-05 11:00:00,1601.0,1535.2444
2024-10-05 12:00:00,1679.0,1648.28
2024-10-05 13:00:00,1814.0,1694.4126
2024-10-05 14:00:00,1889.0,1693.2202
2024-10-05 15:00:00,1785.0,1644.0166
2024-10-05 16:00:00,1898.0,1523.7252
2024-10-05 17:00:00,1740.0,1391.9216
2024-10-05 18:00:00,1352.0,1231.6161
2024-10-05 19:00:00,1029.0,1052.7058
2024-10-05 20:00:00,777.0,839.6154
2024-10-05 21:00:00,572.0,670.4491
2024-10-05 22:00:00,478.0,516.36456
2024-10-05 23:00:00,363.0,392.45303
2024-10-06 00:00:00,234.0,287.56226
2024-10-06 01:00:00,157.0,245.46014
2024-10-06 02:00:00,115.0,253.50415
2024-10-06 03:00:00,105.0,303.7636
2024-10-06 04:00:00,151.0,396.84836
2024-10-06 05:00:00,99.0,520.26697
2024-10-06 06:00:00,211.0,675.46875
2024-10-06 07:00:00,259.0,885.619
2024-10-06 08:00:00,482.0,1065.6466
2024-10-06 09:00:00,807.0,1237.7295
2024-10-06 10:00:00,1129.0,1390.72
2024-10-06 11:00:00,1336.0,1516.9724
2024-10-06 12:00:00,1658.0,1606.1981
2024-10-06 13:00:00,1904.0,1648.6648
2024-10-06 14:00:00,1996.0,1643.8992
2024-10-06 15:00:00,2360.0,1598.3817
2024-10-06 16:00:00,2534.0,1506.7552
2024-10-06 17:00:00,2427.0,1377.8682
2024-10-06 18:00:00,2047.0,1156.403
2024-10-06 19:00:00,1783.0,1045.5792
2024-10-06 20:00:00,1321.0,832.8534
2024-10-06 21:00:00,395.0,661.86426
2024-10-06 22:00:00,109.0,508.5088
2024-10-06 23:00:00,92.0,387.51382
2024-10-07 00:00:00,94.0,211.68604
2024-10-07 01:00:00,61.0,168.85492
2024-10-07 02:00:00,58.0,171.43054
2024-10-07 03:00:00,97.0,225.33539
2024-10-07 04:00:00,163.0,319.81055
2024-10-07 05:00:00,781.0,448.7655
2024-10-07 06:00:00,1073.0,604.6964
2024-10-07 07:00:00,1106.0,811.10547
2024-10-07 08:00:00,1467.0,991.38196
2024-10-07 09:00:00,1263.0,1188.5015
2024-10-07 10:00:00,1151.0,1342.9099
2024-10-07 11:00:00,1109.0,1445.4883
2024-10-07 12:00:00,1181.0,1559.1171
2024-10-07 13:00:00,1418.0,1606.7083
2024-10-07 14:00:00,1376.0,1604.1327
2024-10-07 15:00:00,1526.0,1530.7546
2024-10-07 16:00:00,1985.0,1440.3578
2024-10-07 17:00:00,1964.0,1311.1062
2024-10-07 18:00:00,1543.0,1152.2589
2024-10-07 19:00:00,893.0,973.7132
2024-10-07 20:00:00,604.0,760.25824
2024-10-07 21:00:00,390.0,588.17535
2024-10-07 22:00:00,278.0,435.91364
2024-10-07 23:00:00,124.0,317.8352
2024-10-08 00:00:00,74.0,199.9245
2024-10-08 01:00:00,49.0,154.54114
2024-10-08 02:00:00,32.0,157.84589
2024-10-08 03:00:00,70.0,207.37616
2024-10-08 04:00:00,161.0,301.55457
2024-10-08 05:00:00,646.0,431.53537
2024-10-08 06:00:00,1856.0,586.00793
2024-10-08 07:00:00,2001.0,791.17
2024-10-08 08:00:00,1378.0,904.9538
2024-10-08 09:00:00,1015.0,1138.4253
2024-10-08 10:00:00,962.0,1291.7805
2024-10-08 11:00:00,1199.0,1415.3274
2024-10-08 12:00:00,1150.0,1440.6981
2024-10-08 13:00:00,1212.0,1484.6567
2024-10-08 14:00:00,658.0,1479.7836
2024-10-08 15:00:00,1070.0,1421.2156
2024-10-08 16:00:00,444.0,1327.4017
2024-10-08 17:00:00,56.0,1199.6338
2024-10-08 18:00:00,586.0,1044.6864
2024-10-08 19:00:00,691.0,930.53076
2024-10-08 20:00:00,436.0,720.357
2024-10-08 21:00:00,340.0,549.07104
2024-10-08 22:00:00,167.0,395.7157
2024-10-08 23:00:00,132.0,273.26245
2024-10-09 00:00:00,68.0,186.09656
2024-10-09 01:00:00,50.0,140.34875
2024-10-09 02:00:00,42.0,141.8305
2024-10-09 03:00:00,53.0,190.99622
2024-10-09 04:00:00,150.0,280.7998
2024-10-09 05:00:00,552.0,407.49948
2024-10-09 06:00:00,1004.0,564.35046
2024-10-09 07:00:00,1956.0,766.59314
2024-10-09 08:00:00,1366.0,950.6008
2024-10-09 09:00:00,1196.0,1124.5743
2024-10-09 10:00:00,1119.0,1305.8276
2024-10-09 11:00:00,1152.0,1437.1868
2024-10-09 12:00:00,1085.0,1523.6841
2024-10-09 13:00:00,1340.0,1567.7046
2024-10-09 14:00:00,1498.0,1543.2781
2024-10-09 15:00:00,1602.0,1497.9894
2024-10-09 16:00:00,1780.0,1398.9154
2024-10-09 17:00:00,1868.0,1270.5693
2024-10-09 18:00:00,1525.0,1116.0968
2024-10-09 19:00:00,894.0,953.22754
2024-10-09 20:00:00,549.0,755.8136
2024-10-09 21:00:00,400.0,563.67944
2024-10-09 22:00:00,275.0,415.428
2024-10-09 23:00:00,151.0,288.2354
2024-10-10 00:00:00,85.0,234.51996
2024-10-10 01:00:00,57.0,191.6211
2024-10-10 02:00:00,41.0,167.37689
2024-10-10 03:00:00,62.0,219.67914
2024-10-10 04:00:00,143.0,309.3471
2024-10-10 05:00:00,626.0,428.85736
2024-10-10 06:00:00,1428.0,611.4894
2024-10-10 07:00:00,1088.0,816.28687
2024-10-10 08:00:00,1025.0,992.9176
2024-10-10 09:00:00,1089.0,1163.5422
2024-10-10 10:00:00,1128.0,1317.2618
2024-10-10 11:00:00,1184.0,1467.0925
2024-10-10 12:00:00,1275.0,1552.6901
2024-10-10 13:00:00,1451.0,1598.5161
2024-10-10 14:00:00,1546.0,1564.8019
2024-10-10 15:00:00,1621.0,1540.7129
2024-10-10 16:00:00,1672.0,1422.5511
2024-10-10 17:00:00,1795.0,1293.1085
2024-10-10 18:00:00,1361.0,1134.1934
2024-10-10 19:00:00,776.0,959.7257
2024-10-10 20:00:00,558.0,751.01025
2024-10-10 21:00:00,372.0,547.43604
2024-10-10 22:00:00,311.0,426.66562
2024-10-10 23:00:00,202.0,303.84784
2024-10-11 00:00:00,220.0,255.82141
2024-10-11 01:00:00,55.0,211.09949
2024-10-11 02:00:00,61.0,214.83655
2024-10-11 03:00:00,82.0,233.99463
2024-10-11 04:00:00,152.0,327.56256
2024-10-11 05:00:00,534.0,481.89603
2024-10-11 06:00:00,1595.0,637.0978
2024-10-11 07:00:00,1150.0,843.05676
2024-10-11 08:00:00,476.0,964.5049
2024-10-11 09:00:00,1029.0,1192.6904
2024-10-11 10:00:00,910.0,1286.6641
2024-10-11 11:00:00,1240.0,1407.2036
2024-10-11 12:00:00,1384.0,1556.9583
2024-10-11 13:00:00,1581.0,1596.9277
2024-10-11 14:00:00,1854.0,1622.2332
2024-10-11 15:00:00,1625.0,1545.033
2024-10-11 16:00:00,1920.0,1479.9824
2024-10-11 17:00:00,1957.0,1320.6077
2024-10-11 18:00:00,1543.0,1160.302
2024-10-11 19:00:00,1072.0,984.3082
2024-10-11 20:00:00,768.0,773.0408
2024-10-11 21:00:00,551.0,601.3224
2024-10-11 22:00:00,406.0,448.3316
2024-10-11 23:00:00,258.0,324.05554
2024-10-12 00:00:00,152.0,288.19727
2024-10-12 01:00:00,94.0,246.09515
2024-10-12 02:00:00,83.0,249.39984
2024-10-12 03:00:00,69.0,298.56555
2024-10-12 04:00:00,118.0,391.6503
2024-10-12 05:00:00,178.0,518.7146
2024-10-12 06:00:00,395.0,677.562
2024-10-12 07:00:00,618.0,882.3595
2024-10-12 08:00:00,860.0,1062.2714
2024-10-12 09:00:00,1139.0,1234.7188
2024-10-12 10:00:00,1414.0,1388.8031
2024-10-12 11:00:00,1569.0,1512.541
2024-10-12 12:00:00,1675.0,1598.8677
2024-10-12 13:00:00,2007.0,1647.7837
2024-10-12 14:00:00,2044.0,1645.2661
2024-10-12 15:00:00,2083.0,1595.3712
2024-10-12 16:00:00,2186.0,1502.2864
2024-10-12 17:00:00,1919.0,1373.3314
2024-10-12 18:00:00,1452.0,1155.834
2024-10-12 19:00:00,1053.0,985.0628
2024-10-12 20:00:00,714.0,811.33154
2024-10-12 21:00:00,555.0,638.4009
2024-10-12 22:00:00,483.0,484.12988
2024-10-12 23:00:00,336.0,357.38672
2024-10-13 00:00:00,227.0,317.75763
2024-10-13 01:00:00,144.0,276.38464
2024-10-13 02:00:00,105.0,279.07043
2024-10-13 03:00:00,70.0,328.87207
2024-10-13 04:00:00,100.0,423.73727
2024-10-13 05:00:00,89.0,552.4209
2024-10-13 06:00:00,162.0,737.6049
2024-10-13 07:00:00,211.0,881.0815
2024-10-13 08:00:00,395.0,1122.8999
2024-10-13 09:00:00,681.0,1297.0168
2024-10-13 10:00:00,453.0,1447.7622
2024-10-13 11:00:00,1192.0,1572.4607
2024-10-13 12:00:00,1748.0,1605.9534
2024-10-13 13:00:00,1672.0,1705.7043
2024-10-13 14:00:00,984.0,1732.8323
2024-10-13 15:00:00,1824.0,1654.0236
2024-10-13 16:00:00,2356.0,1559.4806
2024-10-13 17:00:00,2242.0,1428.7706
2024-10-13 18:00:00,1691.0,1271.0171
2024-10-13 19:00:00,1388.0,1096.4816
2024-10-13 20:00:00,1143.0,881.2038
2024-10-13 21:00:00,703.0,706.20435
2024-10-13 22:00:00,409.0,555.0364
2024-10-13 23:00:00,195.0,430.3957
2024-10-14 00:00:00,101.0,284.69257
2024-10-14 01:00:00,57.0,241.13232
2024-10-14 02:00:00,46.0,245.5307
2024-10-14 03:00:00,65.0,296.15454
2024-10-14 04:00:00,165.0,387.78104
2024-10-14 05:00:00,746.0,516.6681
2024-10-14 06:00:00,2015.0,671.50525
2024-10-14 07:00:00,2202.0,874.61304
2024-10-14 08:00:00,1417.0,1058.7666
2024-10-14 09:00:00,1126.0,1232.6722
2024-10-14 10:00:00,1075.0,1387.1212
2024-10-14 11:00:00,1152.0,1512.4607
2024-10-14 12:00:00,1192.0,1622.2427
2024-10-14 13:00:00,1268.0,1672.0037
2024-10-14 14:00:00,1337.0,1642.1636
2024-10-14 15:00:00,1391.0,1593.3044
2024-10-14 16:00:00,1529.0,1499.1462
2024-10-14 17:00:00,1658.0,1364.426
2024-10-14 18:00:00,1262.0,1207.037
2024-10-14 19:00:00,774.0,1035.0535
2024-10-14 20:00:00,536.0,826.338
2024-10-14 21:00:00,393.0,655.7134
2024-10-14 22:00:00,245.0,503.81625
2024-10-14 23:00:00,127.0,380.99844
2024-10-15 00:00:00,66.0,160.47205
2024-10-15 01:00:00,52.0,116.91162
2024-10-15 02:00:00,41.0,118.75806
2024-10-15 03:00:00,54.0,165.37164
2024-10-15 04:00:00,136.0,255.90436
2024-10-15 05:00:00,648.0,382.2395
2024-10-15 06:00:00,1977.0,537.4413
2024-10-15 07:00:00,2236.0,741.0265
2024-10-15 08:00:00,1512.0,927.6944
2024-10-15 09:00:00,1188.0,1102.9832
2024-10-15 10:00:00,1064.0,1255.9736
2024-10-15 11:00:00,1048.0,1379.8853
2024-10-15 12:00:00,1079.0,1403.0939
2024-10-15 13:00:00,1079.0,1445.2891
2024-10-15 14:00:00,697.0,1500.4059
2024-10-15 15:00:00,1008.0,1452.3337
2024-10-15 16:00:00,1636.0,1359.9783
2024-10-15 17:00:00,1563.0,1228.1746
2024-10-15 18:00:00,916.0,1069.6919
2024-10-15 19:00:00,809.0,896.2501
2024-10-15 20:00:00,543.0,686.0763
2024-10-15 21:00:00,334.0,515.8163
2024-10-15 22:00:00,272.0,360.638
2024-10-15 23:00:00,154.0,237.45563
2024-10-16 00:00:00,72.0,150.66675
2024-10-16 01:00:00,48.0,107.83551
2024-10-16 02:00:00,32.0,111.1402
2024-10-16 03:00:00,63.0,162.49329
2024-10-16 04:00:00,134.0,255.94257
2024-10-16 05:00:00,611.0,384.10052
2024-10-16 06:00:00,1508.0,542.5833
2024-10-16 07:00:00,1966.0,747.3808
2024-10-16 08:00:00,1397.0,925.83435
2024-10-16 09:00:00,1141.0,1097.5527
2024-10-16 10:00:00,1160.0,1250.9078
2024-10-16 11:00:00,1216.0,1374.8195
2024-10-16 12:00:00,1269.0,1461.282
2024-10-16 13:00:00,1403.0,1503.7485
2024-10-16 14:00:00,1507.0,1500.444
2024-10-16 15:00:00,1551.0,1449.9531
2024-10-16 16:00:00,1679.0,1359.6517
2024-10-16 17:00:00,1935.0,1226.3899
2024-10-16 18:00:00,1522.0,1067.178
2024-10-16 19:00:00,920.0,897.3819
2024-10-16 20:00:00,490.0,689.7601
2024-10-16 21:00:00,378.0,518.7709
2024-10-16 22:00:00,278.0,366.1447
2024-10-16 23:00:00,149.0,242.96234
2024-10-17 00:00:00,83.0,162.48663
2024-10-17 01:00:00,54.0,120.02014
2024-10-17 02:00:00,55.0,123.32477
2024-10-17 03:00:00,42.0,173.58405
2024-10-17 04:00:00,133.0,264.48132
2024-10-17 05:00:00,649.0,393.00388
2024-10-17 06:00:00,1846.0,549.6638
2024-10-17 07:00:00,2155.0,753.00305
2024-10-17 08:00:00,1508.0,931.45667
2024-10-17 09:00:00,1187.0,1103.904
2024-10-17 10:00:00,1231.0,1258.2749
2024-10-17 11:00:00,1192.0,1383.3582
2024-10-17 12:00:00,1201.0,1470.1853
2024-10-17 13:00:00,1382.0,1514.8396
2024-10-17 14:00:00,1501.0,1512.2642
2024-10-17 15:00:00,1634.0,1461.6399
2024-10-17 16:00:00,1921.0,1368.9197
2024-10-17 17:00:00,2034.0,1238.5066
2024-10-17 18:00:00,1609.0,1080.4562
2024-10-17 19:00:00,877.0,903.73334
2024-10-17 20:00:00,563.0,692.4658
2024-10-17 21:00:00,431.0,521.47656
2024-10-17 22:00:00,304.0,368.12128
2024-10-17 23:00:00,182.0,245.30347
2024-10-18 00:00:00,77.0,199.84143
2024-10-18 01:00:00,41.0,155.91644
2024-10-18 02:00:00,37.0,162.50226
2024-10-18 03:00:00,68.0,213.85541
2024-10-18 04:00:00,123.0,308.03387
2024-10-18 05:00:00,548.0,438.74377
2024-10-18 06:00:00,1385.0,594.6747
2024-10-18 07:00:00,1013.0,800.9304
2024-10-18 08:00:00,1195.0,977.56116
2024-10-18 09:00:00,919.0,1149.2794
2024-10-18 10:00:00,368.0,1304.822
2024-10-18 11:00:00,614.0,1428.0044
2024-10-18 12:00:00,730.0,1512.6443
2024-10-18 13:00:00,1477.0,1554.3818
2024-10-18 14:00:00,1711.0,1550.3481
2024-10-18 15:00:00,1793.0,1497.901
2024-10-18 16:00:00,1975.0,1404.4517
2024-10-18 17:00:00,1957.0,1277.023
2024-10-18 18:00:00,1514.0,1118.1757
2024-10-18 19:00:00,1097.0,938.53625
2024-10-18 20:00:00,721.0,725.8104
2024-10-18 21:00:00,484.0,552.9984
2024-10-18 22:00:00,429.0,399.643
2024-10-18 23:00:00,350.0,280.10632
2024-10-19 00:00:00,207.0,163.09216
2024-10-19 01:00:00,114.0,169.16748
2024-10-19 02:00:00,90.0,168.82648
2024-10-19 03:00:00,62.0,219.45044
2024-10-19 04:00:00,95.0,313.26434
2024-10-19 05:00:00,176.0,441.05774
2024-10-19 06:00:00,439.0,596.2595
2024-10-19 07:00:00,673.0,802.15063
2024-10-19 08:00:00,882.0,983.52075
2024-10-19 09:00:00,1170.0,1156.6974
2024-10-19 10:00:00,1422.0,1310.0525
2024-10-19 11:00:00,1520.0,1435.0579
2024-10-19 12:00:00,1644.0,1520.4268
2024-10-19 13:00:00,1765.0,1565.0808
2024-10-19 14:00:00,1832.0,1561.0471
2024-10-19 15:00:00,1722.0,1510.7875
2024-10-19 16:00:00,1826.0,1418.0673
2024-10-19 17:00:00,1657.0,1287.7219
2024-10-19 18:00:00,1261.0,1131.7913
2024-10-19 19:00:00,909.0,957.25574
2024-10-19 20:00:00,666.0,747.44653
2024-10-19 21:00:00,585.0,574.999
2024-10-19 22:00:00,542.0,424.19562
2024-10-19 23:00:00,475.0,302.4715
2024-10-20 00:00:00,319.0,201.53741
2024-10-20 01:00:00,209.0,161.25824
2024-10-20 02:00:00,118.0,165.65656
2024-10-20 03:00:00,92.0,215.91602
2024-10-20 04:00:00,113.0,307.90698
2024-10-20 05:00:00,77.0,436.7941
2024-10-20 06:00:00,137.0,592.72504
2024-10-20 07:00:00,270.0,797.52246
2024-10-20 08:00:00,460.0,896.44293
2024-10-20 09:00:00,784.0,1148.7881
2024-10-20 10:00:00,1057.0,1301.0496
2024-10-20 11:00:00,1482.0,1424.9609
2024-10-20 12:00:00,1638.0,1511.0591
2024-10-20 13:00:00,1792.0,1554.9841
2024-10-20 14:00:00,2163.0,1551.1036
2024-10-20 15:00:00,2561.0,1501.7844
2024-10-20 16:00:00,2569.0,1432.8538
2024-10-20 17:00:00,2708.0,1276.5315
2024-10-20 18:00:00,2490.0,1117.3197
2024-10-20 19:00:00,1559.0,942.05505
2024-10-20 20:00:00,1171.0,730.78754
2024-10-20 21:00:00,719.0,558.7047
2024-10-20 22:00:00,378.0,406.07837
2024-10-20 23:00:00,190.0,281.8023
2024-10-21 00:00:00,107.0,221.05511
2024-10-21 01:00:00,60.0,177.49487
2024-10-21 02:00:00,58.0,181.16412
2024-10-21 03:00:00,61.0,231.78796
2024-10-21 04:00:00,172.0,323.4145
2024-10-21 05:00:00,776.0,451.57242
2024-10-21 06:00:00,2169.0,610.7844
2024-10-21 07:00:00,2393.0,815.5819
2024-10-21 08:00:00,1579.0,993.30634
2024-10-21 09:00:00,1208.0,1165.0247
2024-10-21 10:00:00,1076.0,1318.3798
2024-10-21 11:00:00,1086.0,1442.2913
2024-10-21 12:00:00,1056.0,1551.0449
2024-10-21 13:00:00,1191.0,1596.4658
2024-10-21 14:00:00,1300.0,1597.9006
2024-10-21 15:00:00,1433.0,1549.4639
2024-10-21 16:00:00,1657.0,1458.089
2024-10-21 17:00:00,1914.0,1301.5178
2024-10-21 18:00:00,1503.0,1142.6705
2024-10-21 19:00:00,818.0,968.86414
2024-10-21 20:00:00,571.0,757.5966
2024-10-21 21:00:00,376.0,584.42004
2024-10-21 22:00:00,281.0,432.15836
2024-10-21 23:00:00,108.0,309.70514
2024-10-22 00:00:00,62.0,196.92322
2024-10-22 01:00:00,47.0,156.64392
2024-10-22 02:00:00,41.0,160.31317
2024-10-22 03:00:00,65.0,210.20789
2024-10-22 04:00:00,142.0,303.58936
2024-10-22 05:00:00,694.0,404.31702
2024-10-22 06:00:00,1452.0,589.1365
2024-10-22 07:00:00,1577.0,793.2726
2024-10-22 08:00:00,909.0,908.8114
2024-10-22 09:00:00,833.0,1142.7153
2024-10-22 10:00:00,1028.0,1299.3516
2024-10-22 11:00:00,1024.0,1424.3569
2024-10-22 12:00:00,1060.0,1507.6311
2024-10-22 13:00:00,1210.0,1555.624
2024-10-22 14:00:00,1165.0,1555.8146
2024-10-22 15:00:00,1334.0,1506.2842
2024-10-22 16:00:00,1531.0,1411.0121
2024-10-22 17:00:00,1704.0,1279.573
2024-10-22 18:00:00,1317.0,1121.455
2024-10-22 19:00:00,632.0,947.284
2024-10-22 20:00:00,471.0,706.21234
2024-10-22 21:00:00,280.0,536.20654
2024-10-22 22:00:00,281.0,380.18057
2024-10-22 23:00:00,143.0,255.90448
2024-10-23 00:00:00,70.0,170.24725
2024-10-23 01:00:00,49.0,128.07721
2024-10-23 02:00:00,33.0,129.96613
2024-10-23 03:00:00,54.0,209.89386
2024-10-23 04:00:00,147.0,301.52032
2024-10-23 05:00:00,682.0,429.31372
2024-10-23 06:00:00,855.0,585.17676
2024-10-23 07:00:00,922.0,788.94836
2024-10-23 08:00:00,808.0,966.6728
2024-10-23 09:00:00,421.0,1137.662
2024-10-23 10:00:00,623.0,1289.9235
2024-10-23 11:00:00,1059.0,1412.7412
2024-10-23 12:00:00,1191.0,1498.4746
2024-10-23 13:00:00,1414.0,1539.8477
2024-10-23 14:00:00,1454.0,1536.1785
2024-10-23 15:00:00,1398.0,1485.919
2024-10-23 16:00:00,1581.0,1393.5634
2024-10-23 17:00:00,1819.0,1264.3118
2024-10-23 18:00:00,1308.0,1108.7456
2024-10-23 19:00:00,772.0,935.66833
2024-10-23 20:00:00,490.0,725.49457
2024-10-23 21:00:00,390.0,554.14087
2024-10-23 22:00:00,301.0,402.60828
2024-10-23 23:00:00,162.0,279.79047
2024-10-24 00:00:00,107.0,224.2771
2024-10-24 01:00:00,51.0,181.08148
2024-10-24 02:00:00,34.0,185.47986
2024-10-24 03:00:00,70.0,235.37451
2024-10-24 04:00:00,158.0,327.7301
2024-10-24 05:00:00,691.0,456.25262
2024-10-24 06:00:00,2108.0,612.5481
2024-10-24 07:00:00,2336.0,817.71014
2024-10-24 08:00:00,1520.0,994.18475
2024-10-24 09:00:00,1164.0,1165.0958
2024-10-24 10:00:00,1191.0,1320.9681
2024-10-24 11:00:00,1085.0,1444.0146
2024-10-24 12:00:00,1289.0,1527.6736
2024-10-24 13:00:00,1341.0,1571.5986
2024-10-24 14:00:00,1379.0,1594.1003
2024-10-24 15:00:00,1456.0,1543.5715
2024-10-24 16:00:00,1776.0,1340.5991
2024-10-24 17:00:00,1903.0,1294.1672
2024-10-24 18:00:00,1537.0,1135.32
2024-10-24 19:00:00,869.0,962.6073
2024-10-24 20:00:00,580.0,753.5272
2024-10-24 21:00:00,370.0,580.3506
2024-10-24 22:00:00,320.0,427.72433
2024-10-24 23:00:00,210.0,302.71912
2024-10-25 00:00:00,75.0,256.17584
2024-10-25 01:00:00,49.0,216.26117
2024-10-25 02:00:00,49.0,219.2013
2024-10-25 03:00:00,69.0,271.64813
2024-10-25 04:00:00,145.0,363.63916
2024-10-25 05:00:00,608.0,491.06802
2024-10-25 06:00:00,1822.0,645.176
2024-10-25 07:00:00,2053.0,849.2444
2024-10-25 08:00:00,1435.0,1027.3334
2024-10-25 09:00:00,1126.0,1199.0516
2024-10-25 10:00:00,1185.0,1351.3131
2024-10-25 11:00:00,1236.0,1473.7664
2024-10-25 12:00:00,1281.0,1559.5
2024-10-25 13:00:00,1427.0,1603.7896
2024-10-25 14:00:00,1714.0,1600.4849
2024-10-25 15:00:00,1721.0,1551.6835
2024-10-25 16:00:00,2191.0,1459.3279
2024-10-25 17:00:00,2113.0,1330.4408
2024-10-25 18:00:00,1815.0,1174.1455
2024-10-25 19:00:00,1046.0,1000.70374
2024-10-25 20:00:00,701.0,791.62366
2024-10-25 21:00:00,500.0,621.36365
2024-10-25 22:00:00,435.0,469.10193
2024-10-25 23:00:00,369.0,345.555
2024-10-26 00:00:00,221.0,339.62146
2024-10-26 01:00:00,111.0,297.15472
2024-10-26 02:00:00,86.0,300.09485
2024-10-26 03:00:00,87.0,350.3543
2024-10-26 04:00:00,148.0,442.7099
2024-10-26 05:00:00,189.0,571.2324
2024-10-26 06:00:00,549.0,726.7987
2024-10-26 07:00:00,827.0,930.86707
2024-10-26 08:00:00,1183.0,1108.956
2024-10-26 09:00:00,1262.0,1279.9453
2024-10-26 10:00:00,1455.0,1433.3004
2024-10-26 11:00:00,1505.0,1556.8474
2024-10-26 12:00:00,1566.0,1641.8518
2024-10-26 13:00:00,1725.0,1685.4121
2024-10-26 14:00:00,1834.0,1683.2012
2024-10-26 15:00:00,1945.0,1634.3999
2024-10-26 16:00:00,1945.0,1542.0443
2024-10-26 17:00:00,1858.0,1413.1572
2024-10-26 18:00:00,1448.0,1256.1328
2024-10-26 19:00:00,934.0,1083.7847
2024-10-26 20:00:00,648.0,873.97546
2024-10-26 21:00:00,531.0,703.3509
2024-10-26 22:00:00,492.0,550.3601
2024-10-26 23:00:00,438.0,426.44858
2024-10-27 00:00:00,330.0,324.51154
2024-10-27 01:00:00,190.0,281.68024
2024-10-27 02:00:00,197.0,285.3495
2024-10-27 03:00:00,73.0,334.15063
2024-10-27 04:00:00,83.0,426.5063
2024-10-27 05:00:00,68.0,554.6643
2024-10-27 06:00:00,181.0,711.6889
2024-10-27 07:00:00,371.0,914.9702
2024-10-27 08:00:00,660.0,1094.4017
2024-10-27 09:00:00,980.0,1268.4811
2024-10-27 10:00:00,1268.0,1449.3496
2024-10-27 11:00:00,1481.0,1570.4373
2024-10-27 12:00:00,1694.0,1659.6428
2024-10-27 13:00:00,1931.0,1705.0261
2024-10-27 14:00:00,2150.0,1705.3672
2024-10-27 15:00:00,2382.0,1654.5896
2024-10-27 16:00:00,2611.0,1538.1782
2024-10-27 17:00:00,2580.0,1404.245
2024-10-27 18:00:00,1781.0,1244.3041
2024-10-27 19:00:00,1335.0,1069.0394
2024-10-27 20:00:00,986.0,859.5948
2024-10-27 21:00:00,578.0,687.5119
2024-10-27 22:00:00,330.0,531.6045
2024-10-27 23:00:00,148.0,407.69296
2024-10-28 00:00:00,95.0,263.50104
2024-10-28 01:00:00,51.0,220.66998
2024-10-28 02:00:00,43.0,223.61017
2024-10-28 03:00:00,57.0,271.68195
2024-10-28 04:00:00,172.0,363.3084
2024-10-28 05:00:00,825.0,491.83093
2024-10-28 06:00:00,2204.0,648.1264
2024-10-28 07:00:00,2561.0,848.6041
2024-10-28 08:00:00,1644.0,1029.6473
2024-10-28 09:00:00,1143.0,1205.3584
2024-10-28 10:00:00,1134.0,1361.5548
2024-10-28 11:00:00,1106.0,1507.7197
2024-10-28 12:00:00,1108.0,1595.3513
2024-10-28 13:00:00,1271.0,1641.4639
2024-10-28 14:00:00,1191.0,1641.0757
2024-10-28 15:00:00,1367.0,1591.5452
2024-10-28 16:00:00,1590.0,1500.7866
2024-10-28 17:00:00,1746.0,1342.87
2024-10-28 18:00:00,1322.0,1185.1165
2024-10-28 19:00:00,704.0,1008.7581
2024-10-28 20:00:00,473.0,797.4906
2024-10-28 21:00:00,366.0,625.4077
2024-10-28 22:00:00,285.0,472.41684
2024-10-28 23:00:00,114.0,347.77618
2024-10-29 00:00:00,77.0,230.63184
2024-10-29 01:00:00,39.0,187.80054
2024-10-29 02:00:00,49.0,191.46979
2024-10-29 03:00:00,60.0,243.55194
2024-10-29 04:00:00,140.0,336.27216
2024-10-29 05:00:00,779.0,462.97183
2024-10-29 06:00:00,2177.0,619.63184
2024-10-29 07:00:00,2497.0,822.2419
2024-10-29 08:00:00,1675.0,1001.42456
2024-10-29 09:00:00,1172.0,1173.8721
2024-10-29 10:00:00,1088.0,1327.5918
2024-10-29 11:00:00,1079.0,1453.3262
2024-10-29 12:00:00,980.0,1540.5178
2024-10-29 13:00:00,1189.0,1606.9072
2024-10-29 14:00:00,1291.0,1602.0084
2024-10-29 15:00:00,1403.0,1552.8428
2024-10-29 16:00:00,1660.0,1436.1217
2024-10-29 17:00:00,1783.0,1305.9904
2024-10-29 18:00:00,1415.0,1148.6013
2024-10-29 19:00:00,751.0,973.7013
2024-10-29 20:00:00,451.0,765.35034
2024-10-29 21:00:00,381.0,595.45483
2024-10-29 22:00:00,264.0,443.9223
2024-10-29 23:00:00,183.0,320.73993
2024-10-30 00:00:00,75.0,234.7049
2024-10-30 01:00:00,40.0,192.23828
2024-10-30 02:00:00,39.0,195.9076
2024-10-30 03:00:00,57.0,245.07312
2024-10-30 04:00:00,136.0,337.4287
2024-10-30 05:00:00,747.0,465.5867
2024-10-30 06:00:00,2073.0,619.3302
2024-10-30 07:00:00,2470.0,822.6693
2024-10-30 08:00:00,1581.0,1000.3938
2024-10-30 09:00:00,1168.0,1171.0184
2024-10-30 10:00:00,1093.0,1324.009
2024-10-30 11:00:00,1118.0,1447.9205
2024-10-30 12:00:00,1132.0,1535.6301
2024-10-30 13:00:00,1300.0,1579.0371
2024-10-30 14:00:00,1418.0,1575.368
2024-10-30 15:00:00,1589.0,1524.7439
2024-10-30 16:00:00,1811.0,1432.3883
2024-10-30 17:00:00,1991.0,1303.5012
2024-10-30 18:00:00,1443.0,1146.8414
2024-10-30 19:00:00,782.0,973.76416
2024-10-30 20:00:00,459.0,763.95496
2024-10-30 21:00:00,365.0,592.6012
2024-10-30 22:00:00,312.0,440.33948
2024-10-30 23:00:00,166.0,317.8863
2024-10-31 00:00:00,81.0,262.74976
2024-10-31 01:00:00,51.0,220.64777
2024-10-31 02:00:00,54.0,224.31702
2024-10-31 03:00:00,77.0,273.84717
2024-10-31 04:00:00,158.0,366.20282
2024-10-31 05:00:00,699.0,495.0899
2024-10-31 06:00:00,1953.0,650.6562
2024-10-31 07:00:00,2465.0,854.72455
2024-10-31 08:00:00,1657.0,1032.449
2024-10-31 09:00:00,1137.0,1203.4381
2024-10-31 10:00:00,1136.0,1355.6996
2024-10-31 11:00:00,1087.0,1478.5175
2024-10-31 12:00:00,1211.0,1565.7092
2024-10-31 13:00:00,1421.0,1607.8114
2024-10-31 14:00:00,1447.0,1604.8713
2024-10-31 15:00:00,1652.0,1554.2472
2024-10-31 16:00:00,1947.0,1461.1624
2024-10-31 17:00:00,1939.0,1331.9108
2024-10-31 18:00:00,1569.0,1175.98
2024-10-31 19:00:00,953.0,1002.53827
2024-10-31 20:00:00,599.0,792.729
2024-10-31 21:00:00,501.0,622.1044
2024-10-31 22:00:00,366.0,470.2073
2024-10-31 23:00:00,232.0,345.2021
2024-11-01 00:00:00,121.0,161.51727
2024-11-01 01:00:00,101.0,118.685974
2024-11-01 02:00:00,55.0,121.6261
2024-11-01 03:00:00,90.0,171.15637
2024-11-01 04:00:00,152.0,262.7829
2024-11-01 05:00:00,384.0,390.57626
2024-11-01 06:00:00,929.0,545.77795
2024-11-01 07:00:00,946.0,749.4817
2024-11-01 08:00:00,979.0,927.9351
2024-11-01 09:00:00,1183.0,1100.0181
2024-11-01 10:00:00,1303.0,1252.8354
2024-11-01 11:00:00,1259.0,1400.1141
2024-11-01 12:00:00,1281.0,1487.1699
2024-11-01 13:00:00,1431.0,1534.7405
2024-11-01 14:00:00,1529.0,1532.894
2024-11-01 15:00:00,1714.0,1483.3638
2024-11-01 16:00:00,1917.0,1364.6666
2024-11-01 17:00:00,1915.0,1235.7822
2024-11-01 18:00:00,1486.0,1074.7473
2024-11-01 19:00:00,826.0,900.94104
2024-11-01 20:00:00,575.0,690.7673
2024-11-01 21:00:00,394.0,518.3198
2024-11-01 22:00:00,356.0,365.69366
2024-11-01 23:00:00,250.0,241.4176
2024-11-02 00:00:00,145.0,287.30487
2024-11-02 01:00:00,102.0,245.56726
2024-11-02 02:00:00,94.0,249.23657
2024-11-02 03:00:00,80.0,299.86053
2024-11-02 04:00:00,125.0,392.58072
2024-11-02 05:00:00,177.0,521.8324
2024-11-02 06:00:00,429.0,676.30505
2024-11-02 07:00:00,669.0,880.0088
2024-11-02 08:00:00,952.0,1058.0978
2024-11-02 09:00:00,1271.0,1230.1807
2024-11-02 10:00:00,1504.0,1383.1713
2024-11-02 11:00:00,1427.0,1508.1765
2024-11-02 12:00:00,1359.0,1595.3683
2024-11-02 13:00:00,1529.0,1638.5641
2024-11-02 14:00:00,1691.0,1635.2595
2024-11-02 15:00:00,1967.0,1584.9999
2024-11-02 16:00:00,2133.0,1492.2798
2024-11-02 17:00:00,2051.0,1364.1218
2024-11-02 18:00:00,1495.0,1207.8265
2024-11-02 19:00:00,941.0,1034.7493
2024-11-02 20:00:00,696.0,824.94006
2024-11-02 21:00:00,515.0,654.68005
2024-11-02 22:00:00,485.0,502.4183
2024-11-02 23:00:00,473.0,379.23593
2024-11-03 00:00:00,278.0,276.21735
2024-11-03 01:00:00,149.0,233.38617
2024-11-03 02:00:00,109.0,237.41998
2024-11-03 03:00:00,86.0,287.31482
2024-11-03 04:00:00,128.0,379.67044
2024-11-03 05:00:00,97.0,508.19296
2024-11-03 06:00:00,160.0,664.1239
2024-11-03 07:00:00,238.0,867.82764
2024-11-03 08:00:00,500.0,1045.9166
2024-11-03 09:00:00,836.0,1216.5413
2024-11-03 10:00:00,1079.0,1369.1672
2024-11-03 11:00:00,1426.0,1493.0787
2024-11-03 12:00:00,1687.0,1578.4478
2024-11-03 13:00:00,1959.0,1620.5498
2024-11-03 14:00:00,2483.0,1616.8809
2024-11-03 15:00:00,2663.0,1567.3501
2024-11-03 16:00:00,2663.0,1474.63
2024-11-03 17:00:00,2807.0,1345.7429
2024-11-03 18:00:00,2569.0,1189.8123
2024-11-03 19:00:00,2170.0,1017.0996
2024-11-03 20:00:00,1409.0,808.01953
2024-11-03 21:00:00,793.0,637.0304
2024-11-03 22:00:00,408.0,484.7686
2024-11-03 23:00:00,204.0,361.22168
2024-11-04 00:00:00,103.0,216.3128
2024-11-04 01:00:00,53.0,173.84619
2024-11-04 02:00:00,49.0,177.51544
2024-11-04 03:00:00,68.0,227.0456
2024-11-04 04:00:00,178.0,319.03662
2024-11-04 05:00:00,818.0,447.92374
2024-11-04 06:00:00,2217.0,603.49005
2024-11-04 07:00:00,2626.0,807.55835
2024-11-04 08:00:00,1628.0,986.0119
2024-11-04 09:00:00,1071.0,1157.0011
2024-11-04 10:00:00,1079.0,1309.6272
2024-11-04 11:00:00,1036.0,1432.8096
2024-11-04 12:00:00,1107.0,1519.2721
2024-11-04 13:00:00,1259.0,1562.1034
2024-11-04 14:00:00,1317.0,1557.0714
2024-11-04 15:00:00,1327.0,1527.8557
2024-11-04 16:00:00,1785.0,1410.5791
2024-11-04 17:00:00,1776.0,1280.7344
2024-11-04 18:00:00,1323.0,1128.4493
2024-11-04 19:00:00,681.0,956.46576
2024-11-04 20:00:00,507.0,747.3857
2024-11-04 21:00:00,373.0,576.3965
2024-11-04 22:00:00,281.0,423.40567
2024-11-04 23:00:00,142.0,299.12958
2024-11-05 00:00:00,76.0,183.09106
2024-11-05 01:00:00,48.0,140.25964
2024-11-05 02:00:00,40.0,143.92896
2024-11-05 03:00:00,60.0,192.73004
2024-11-05 04:00:00,147.0,286.17926
2024-11-05 05:00:00,703.0,414.3372
2024-11-05 06:00:00,2168.0,569.17444
2024-11-05 07:00:00,2498.0,773.24274
2024-11-05 08:00:00,1623.0,950.96716
2024-11-05 09:00:00,1090.0,1121.9563
2024-11-05 10:00:00,1009.0,1275.676
2024-11-05 11:00:00,952.0,1400.6814
2024-11-05 12:00:00,1071.0,1485.6075
2024-11-05 13:00:00,1098.0,1554.1265
2024-11-05 14:00:00,1268.0,1551.9155
2024-11-05 15:00:00,1391.0,1502.3853
2024-11-05 16:00:00,1509.0,1386.7983
2024-11-05 17:00:00,1695.0,1255.1683
2024-11-05 18:00:00,1261.0,1098.5085
2024-11-05 19:00:00,661.0,923.973
2024-11-05 20:00:00,442.0,713.43463
2024-11-05 21:00:00,318.0,540.98706
2024-11-05 22:00:00,273.0,389.09003
2024-11-05 23:00:00,117.0,266.63678
2024-11-06 00:00:00,68.0,180.61401
2024-11-06 01:00:00,49.0,135.59534
2024-11-06 02:00:00,55.0,141.0874
2024-11-06 03:00:00,46.0,190.61755
2024-11-06 04:00:00,130.0,283.70215
2024-11-06 05:00:00,706.0,411.49557
2024-11-06 06:00:00,2061.0,567.4265
2024-11-06 07:00:00,2484.0,772.5885
2024-11-06 08:00:00,1545.0,951.4067
2024-11-06 09:00:00,1138.0,1123.4895
2024-11-06 10:00:00,1043.0,1276.8447
2024-11-06 11:00:00,1000.0,1401.1207
2024-11-06 12:00:00,1087.0,1483.8568
2024-11-06 13:00:00,1252.0,1554.5659
2024-11-06 14:00:00,1283.0,1557.8062
2024-11-06 15:00:00,1437.0,1512.2686
2024-11-06 16:00:00,1649.0,1390.6925
2024-11-06 17:00:00,1753.0,1258.5244
2024-11-06 18:00:00,1288.0,1101.5
2024-11-06 19:00:00,738.0,925.50616
2024-11-06 20:00:00,468.0,714.6033
2024-11-06 21:00:00,383.0,542.15564
2024-11-06 22:00:00,274.0,389.16492
2024-11-06 23:00:00,172.0,268.16992
2024-11-07 00:00:00,76.0,211.95178
2024-11-07 01:00:00,54.0,174.22467
2024-11-07 02:00:00,60.0,178.62311
2024-11-07 03:00:00,59.0,227.78851
2024-11-07 04:00:00,161.0,319.7796
2024-11-07 05:00:00,708.0,447.93756
2024-11-07 06:00:00,2064.0,604.23303
2024-11-07 07:00:00,2564.0,808.6659
2024-11-07 08:00:00,1649.0,986.7549
2024-11-07 09:00:00,1071.0,1157.3795
2024-11-07 10:00:00,1033.0,1311.0992
2024-11-07 11:00:00,1016.0,1436.1045
2024-11-07 12:00:00,1059.0,1522.9316
2024-11-07 13:00:00,1273.0,1564.4377
2024-11-07 14:00:00,1289.0,1585.3452
2024-11-07 15:00:00,1470.0,1512.87
2024-11-07 16:00:00,1670.0,1419.4785
2024-11-07 17:00:00,1736.0,1290.2269
2024-11-07 18:00:00,1475.0,1133.9316
2024-11-07 19:00:00,853.0,961.219
2024-11-07 20:00:00,514.0,751.4098
2024-11-07 21:00:00,346.0,580.78516
2024-11-07 22:00:00,314.0,427.7943
2024-11-07 23:00:00,131.0,304.24738
2024-11-08 00:00:00,94.0,257.3637
2024-11-08 01:00:00,43.0,214.53253
2024-11-08 02:00:00,64.0,217.83716
2024-11-08 03:00:00,51.0,267.00287
2024-11-08 04:00:00,155.0,358.9939
2024-11-08 05:00:00,595.0,485.6936
2024-11-08 06:00:00,1900.0,641.989
2024-11-08 07:00:00,2141.0,844.9636
2024-11-08 08:00:00,1452.0,1021.22986
2024-11-08 09:00:00,1061.0,1193.3127
2024-11-08 10:00:00,1121.0,1347.0325
2024-11-08 11:00:00,1100.0,1466.2395
2024-11-08 12:00:00,1190.0,1579.3706
2024-11-08 13:00:00,1370.0,1624.0248
2024-11-08 14:00:00,1525.0,1621.4492
2024-11-08 15:00:00,1601.0,1571.5542
2024-11-08 16:00:00,1967.0,1454.1445
2024-11-08 17:00:00,1945.0,1322.1499
2024-11-08 18:00:00,1603.0,1163.6671
2024-11-08 19:00:00,929.0,989.13165
2024-11-08 20:00:00,546.0,778.5933
2024-11-08 21:00:00,457.0,609.42694
2024-11-08 22:00:00,387.0,460.08185
2024-11-08 23:00:00,311.0,337.6286
2024-11-09 00:00:00,164.0,262.03375
2024-11-09 01:00:00,110.0,219.20251
2024-11-09 02:00:00,72.0,222.14258
2024-11-09 03:00:00,70.0,272.03748
2024-11-09 04:00:00,114.0,363.29944
2024-11-09 05:00:00,150.0,491.45734
2024-11-09 06:00:00,448.0,646.2946
2024-11-09 07:00:00,785.0,850.3629
2024-11-09 08:00:00,1072.0,1028.4519
2024-11-09 09:00:00,1290.0,1199.4412
2024-11-09 10:00:00,1366.0,1352.4316
2024-11-09 11:00:00,1365.0,1475.2495
2024-11-09 12:00:00,1370.0,1561.7122
2024-11-09 13:00:00,1472.0,1604.908
2024-11-09 14:00:00,1623.0,1601.968
2024-11-09 15:00:00,1845.0,1551.7084
2024-11-09 16:00:00,2138.0,1459.3528
2024-11-09 17:00:00,2090.0,1330.8302
2024-11-09 18:00:00,1302.0,1174.535
2024-11-09 19:00:00,759.0,1001.45776
2024-11-09 20:00:00,567.0,792.01306
2024-11-09 21:00:00,461.0,621.3885
2024-11-09 22:00:00,411.0,469.4913
2024-11-09 23:00:00,415.0,346.67346
2024-11-10 00:00:00,302.0,244.39587
2024-11-10 01:00:00,204.0,202.29382
2024-11-10 02:00:00,170.0,205.23395
2024-11-10 03:00:00,140.0,254.03497
2024-11-10 04:00:00,127.0,346.02606
2024-11-10 05:00:00,83.0,473.81946
2024-11-10 06:00:00,129.0,629.02124
2024-11-10 07:00:00,218.0,833.08954
2024-11-10 08:00:00,467.0,1010.4494
2024-11-10 09:00:00,840.0,1180.7095
2024-11-10 10:00:00,1068.0,1332.6063
2024-11-10 11:00:00,1190.0,1455.7887
2024-11-10 12:00:00,1370.0,1542.2512
2024-11-10 13:00:00,1653.0,1586.9054
2024-11-10 14:00:00,2192.0,1584.6946
2024-11-10 15:00:00,2424.0,1534.7996
2024-11-10 16:00:00,2574.0,1441.7148
2024-11-10 17:00:00,2672.0,1312.4631
2024-11-10 18:00:00,2215.0,1155.4388
2024-11-10 19:00:00,1368.0,981.99695
2024-11-10 20:00:00,1078.0,772.5523
2024-11-10 21:00:00,641.0,601.92773
2024-11-10 22:00:00,341.0,450.7597
2024-11-10 23:00:00,161.0,328.30646
2024-11-11 00:00:00,78.0,212.5639
2024-11-11 01:00:00,56.0,170.09729
2024-11-11 02:00:00,46.0,173.7666
2024-11-11 03:00:00,64.0,222.93213
2024-11-11 04:00:00,163.0,314.92322
2024-11-11 05:00:00,807.0,443.08115
2024-11-11 06:00:00,2260.0,598.28284
2024-11-11 07:00:00,2546.0,801.6221
2024-11-11 08:00:00,1557.0,979.71106
2024-11-11 09:00:00,1165.0,1151.4294
2024-11-11 10:00:00,1118.0,1303.6908
2024-11-11 11:00:00,1076.0,1427.6024
2024-11-11 12:00:00,1027.0,1513.2201
2024-11-11 13:00:00,1189.0,1577.8821
2024-11-11 14:00:00,1246.0,1573.7529
2024-11-11 15:00:00,1411.0,1499.7212
2024-11-11 16:00:00,1730.0,1409.5182
2024-11-11 17:00:00,1705.0,1279.5374
2024-11-11 18:00:00,969.0,1124.7004
2024-11-11 19:00:00,782.0,951.2586
2024-11-11 20:00:00,715.0,741.08484
2024-11-11 21:00:00,322.0,541.2071
2024-11-11 22:00:00,198.0,388.513
2024-11-11 23:00:00,38.0,262.11737
2024-11-12 00:00:00,52.0,143.28406
2024-11-12 01:00:00,48.0,102.52985
2024-11-12 02:00:00,30.0,134.65521
2024-11-12 03:00:00,58.0,184.55005
2024-11-12 04:00:00,131.0,276.60883
2024-11-12 05:00:00,705.0,405.13138
2024-11-12 06:00:00,2060.0,561.359
2024-11-12 07:00:00,1718.0,765.42737
2024-11-12 08:00:00,205.0,944.31335
2024-11-12 09:00:00,745.0,1116.7607
2024-11-12 10:00:00,1013.0,1270.116
2024-11-12 11:00:00,1005.0,1394.7566
2024-11-12 12:00:00,973.0,1480.8545
2024-11-12 13:00:00,1147.0,1524.0503
2024-11-12 14:00:00,1148.0,1521.1104
2024-11-12 15:00:00,1196.0,1469.7571
2024-11-12 16:00:00,1463.0,1376.3079
2024-11-12 17:00:00,1557.0,1246.6917
2024-11-12 18:00:00,1206.0,1090.0319
2024-11-12 19:00:00,672.0,915.8609
2024-11-12 20:00:00,406.0,705.68713
2024-11-12 21:00:00,315.0,533.6041
2024-11-12 22:00:00,238.0,380.9779
2024-11-12 23:00:00,115.0,257.43097
2024-11-13 00:00:00,55.0,171.78412
2024-11-13 01:00:00,43.0,128.58826
2024-11-13 02:00:00,45.0,131.89294
2024-11-13 03:00:00,46.0,181.42334
2024-11-13 04:00:00,139.0,273.04968
2024-11-13 05:00:00,662.0,401.57217
2024-11-13 06:00:00,2059.0,557.1385
2024-11-13 07:00:00,2379.0,761.2068
2024-11-13 08:00:00,1494.0,939.6604
2024-11-13 09:00:00,1077.0,1110.6495
2024-11-13 10:00:00,1101.0,1262.911
2024-11-13 11:00:00,1068.0,1386.8225
2024-11-13 12:00:00,1122.0,1472.9205
2024-11-13 13:00:00,1290.0,1514.2935
2024-11-13 14:00:00,1314.0,1509.8951
2024-11-13 15:00:00,1280.0,1460.3647
2024-11-13 16:00:00,1536.0,1367.6447
2024-11-13 17:00:00,1758.0,1238.3931
2024-11-13 18:00:00,1224.0,1019.183
2024-11-13 19:00:00,714.0,845.3088
2024-11-13 20:00:00,463.0,696.6593
2024-11-13 21:00:00,357.0,525.67004
2024-11-13 22:00:00,102.0,373.40845
2024-11-13 23:00:00,143.0,250.59064
2024-11-14 00:00:00,58.0,196.57129
2024-11-14 01:00:00,41.0,154.10474
2024-11-14 02:00:00,45.0,158.50305
2024-11-14 03:00:00,53.0,207.6687
2024-11-14 04:00:00,150.0,299.65967
2024-11-14 05:00:00,646.0,428.18222
2024-11-14 06:00:00,2070.0,585.2068
2024-11-14 07:00:00,2588.0,789.27515
2024-11-14 08:00:00,1583.0,967.36414
2024-11-14 09:00:00,1093.0,1138.3533
2024-11-14 10:00:00,1043.0,1290.4412
2024-11-14 11:00:00,1007.0,1415.9268
2024-11-14 12:00:00,1039.0,1499.739
2024-11-14 13:00:00,1284.0,1546.6208
2024-11-14 14:00:00,1243.0,1543.7966
2024-11-14 15:00:00,1358.0,1494.6309
2024-11-14 16:00:00,1595.0,1401.9106
2024-11-14 17:00:00,1726.0,1272.2944
2024-11-14 18:00:00,1335.0,1112.718
2024-11-14 19:00:00,719.0,936.3597
2024-11-14 20:00:00,518.0,725.4568
2024-11-14 21:00:00,395.0,554.83215
2024-11-14 22:00:00,266.0,403.29962
2024-11-14 23:00:00,148.0,281.21094
2024-11-15 00:00:00,80.0,236.526
2024-11-15 01:00:00,43.0,194.42389
2024-11-15 02:00:00,36.0,196.99939
2024-11-15 03:00:00,74.0,247.25885
2024-11-15 04:00:00,147.0,337.06244
2024-11-15 05:00:00,569.0,466.6787
2024-11-15 06:00:00,1828.0,623.33875
2024-11-15 07:00:00,2119.0,825.21967
2024-11-15 08:00:00,1411.0,1001.8678
2024-11-15 09:00:00,1160.0,1172.4519
2024-11-15 10:00:00,1078.0,1354.4373
2024-11-15 11:00:00,1168.0,1474.6222
2024-11-15 12:00:00,1191.0,1562.9077
2024-11-15 13:00:00,1379.0,1608.6555
2024-11-15 14:00:00,1510.0,1605.7156
2024-11-15 15:00:00,1630.0,1552.1747
2024-11-15 16:00:00,1992.0,1436.0323
2024-11-15 17:00:00,1990.0,1304.2288
2024-11-15 18:00:00,1668.0,1147.2043
2024-11-15 19:00:00,959.0,974.49164
2024-11-15 20:00:00,611.0,763.95325
2024-11-15 21:00:00,368.0,592.235
2024-11-15 22:00:00,379.0,439.60867
2024-11-15 23:00:00,281.0,315.6972
2024-11-16 00:00:00,180.0,243.03021
2024-11-16 01:00:00,98.0,200.19897
2024-11-16 02:00:00,84.0,199.85791
2024-11-16 03:00:00,60.0,250.8465
2024-11-16 04:00:00,106.0,341.74384
2024-11-16 05:00:00,175.0,469.9018
2024-11-16 06:00:00,443.0,626.92645
2024-11-16 07:00:00,755.0,829.53644
2024-11-16 08:00:00,1048.0,1007.2609
2024-11-16 09:00:00,1246.0,1202.251
2024-11-16 10:00:00,1394.0,1357.0615
2024-11-16 11:00:00,1312.0,1482.9492
2024-11-16 12:00:00,1470.0,1572.3285
2024-11-16 13:00:00,1461.0,1617.3472
2024-11-16 14:00:00,1645.0,1614.7717
2024-11-16 15:00:00,1637.0,1563.6296
2024-11-16 16:00:00,1975.0,1447.2759
2024-11-16 17:00:00,1815.0,1314.7432
2024-11-16 18:00:00,1296.0,1157.3542
2024-11-16 19:00:00,783.0,984.277
2024-11-16 20:00:00,546.0,772.28033
2024-11-16 21:00:00,509.0,602.3849
2024-11-16 22:00:00,485.0,451.58142
2024-11-16 23:00:00,502.0,324.3888
2024-11-17 00:00:00,265.0,223.58057
2024-11-17 01:00:00,157.0,181.11395
2024-11-17 02:00:00,115.0,185.14777
2024-11-17 03:00:00,73.0,235.04254
2024-11-17 04:00:00,99.0,327.3982
2024-11-17 05:00:00,78.0,455.19153
2024-11-17 06:00:00,143.0,613.6745
2024-11-17 07:00:00,199.0,817.0137
2024-11-17 08:00:00,408.0,998.90173
2024-11-17 09:00:00,741.0,1196.8257
2024-11-17 10:00:00,1062.0,1351.2542
2024-11-17 11:00:00,1273.0,1478.0823
2024-11-17 12:00:00,1444.0,1567.6353
2024-11-17 13:00:00,1733.0,1615.6311
2024-11-17 14:00:00,1914.0,1588.4589
2024-11-17 15:00:00,2372.0,1539.1394
2024-11-17 16:00:00,2493.0,1444.5964
2024-11-17 17:00:00,2168.0,1314.2511
2024-11-17 18:00:00,1554.0,1157.5913
2024-11-17 19:00:00,1091.0,985.6078
2024-11-17 20:00:00,940.0,776.1631
2024-11-17 21:00:00,617.0,605.5386
2024-11-17 22:00:00,314.0,420.5561
2024-11-17 23:00:00,127.0,327.90692
2024-11-18 00:00:00,88.0,211.44635
2024-11-18 01:00:00,46.0,137.48846
2024-11-18 02:00:00,43.0,171.91992
2024-11-18 03:00:00,56.0,221.08545
2024-11-18 04:00:00,168.0,313.4411
2024-11-18 05:00:00,789.0,442.3282
2024-11-18 06:00:00,2177.0,598.62366
2024-11-18 07:00:00,2469.0,802.3274
2024-11-18 08:00:00,1555.0,980.4164
2024-11-18 09:00:00,1106.0,1155.0513
2024-11-18 10:00:00,1079.0,1308.771
2024-11-18 11:00:00,1071.0,1433.4116
2024-11-18 12:00:00,1062.0,1521.697
2024-11-18 13:00:00,1150.0,1562.8762
2024-11-18 14:00:00,1212.0,1559.5717
2024-11-18 15:00:00,1272.0,1510.9641
2024-11-18 16:00:00,1482.0,1414.9629
2024-11-18 17:00:00,1556.0,1282.0657
2024-11-18 18:00:00,1208.0,1125.7703
2024-11-18 19:00:00,708.0,951.59937
2024-11-18 20:00:00,447.0,742.88385
2024-11-18 21:00:00,303.0,573.7175
2024-11-18 22:00:00,226.0,423.6432
2024-11-18 23:00:00,127.0,299.00256
2024-11-19 00:00:00,67.0,180.43457
2024-11-19 01:00:00,48.0,139.79071
2024-11-19 02:00:00,40.0,143.09534
2024-11-19 03:00:00,69.0,191.53192
2024-11-19 04:00:00,127.0,285.64246
2024-11-19 05:00:00,720.0,381.5121
2024-11-19 06:00:00,2052.0,536.7817
2024-11-19 07:00:00,2558.0,711.4783
2024-11-19 08:00:00,1572.0,891.8904
2024-11-19 09:00:00,1002.0,1062.7439
2024-11-19 10:00:00,1012.0,1211.5632
2024-11-19 11:00:00,971.0,1398.0249
2024-11-19 12:00:00,957.0,1485.9458
2024-11-19 13:00:00,1122.0,1534.61
2024-11-19 14:00:00,1186.0,1535.6802
2024-11-19 15:00:00,1254.0,1486.879
2024-11-19 16:00:00,984.0,1392.7007
2024-11-19 17:00:00,1366.0,1200.2375
2024-11-19 18:00:00,1107.0,1044.968
2024-11-19 19:00:00,670.0,935.8993
2024-11-19 20:00:00,402.0,728.27747
2024-11-19 21:00:00,317.0,563.05347
2024-11-19 22:00:00,274.0,409.766
2024-11-19 23:00:00,123.0,282.57336
2024-11-20 00:00:00,57.0,162.4447
2024-11-20 01:00:00,37.0,118.307495
2024-11-20 02:00:00,32.0,120.730286
2024-11-20 03:00:00,65.0,156.42438
2024-11-20 04:00:00,129.0,248.73743
2024-11-20 05:00:00,677.0,376.6832
2024-11-20 06:00:00,1978.0,526.5354
2024-11-20 07:00:00,2404.0,702.0373
2024-11-20 08:00:00,1414.0,870.61383
2024-11-20 09:00:00,1076.0,1102.3378
2024-11-20 10:00:00,1008.0,1283.6865
2024-11-20 11:00:00,869.0,1382.1565
2024-11-20 12:00:00,943.0,1466.1221
2024-11-20 13:00:00,1240.0,1512.9084
2024-11-20 14:00:00,1128.0,1508.7994
2024-11-20 15:00:00,1257.0,1458.54
2024-11-20 16:00:00,1517.0,1363.6324
2024-11-20 17:00:00,1709.0,1234.3809
2024-11-20 18:00:00,1279.0,1077.721
2024-11-20 19:00:00,652.0,902.82086
2024-11-20 20:00:00,407.0,694.10535
2024-11-20 21:00:00,305.0,523.4806
2024-11-20 22:00:00,264.0,371.21906
2024-11-20 23:00:00,126.0,247.3075
2024-11-21 00:00:00,58.0,191.84064
2024-11-21 01:00:00,46.0,148.2804
2024-11-21 02:00:00,54.0,152.31421
2024-11-21 03:00:00,72.0,203.66718
2024-11-21 04:00:00,131.0,294.19995
2024-11-21 05:00:00,666.0,418.7122
2024-11-21 06:00:00,1971.0,571.36194
2024-11-21 07:00:00,2395.0,774.7012
2024-11-21 08:00:00,1470.0,956.6645
2024-11-21 09:00:00,1104.0,1131.8953
2024-11-21 10:00:00,1037.0,1285.5195
2024-11-21 11:00:00,1031.0,1408.7019
2024-11-21 12:00:00,1073.0,1494.0708
2024-11-21 13:00:00,1152.0,1536.9021
2024-11-21 14:00:00,1197.0,1465.3074
2024-11-21 15:00:00,1185.0,1412.446
2024-11-21 16:00:00,1079.0,1339.3296
2024-11-21 17:00:00,994.0,1255.6208
2024-11-21 18:00:00,851.0,1087.8015
2024-11-21 19:00:00,483.0,865.5274
2024-11-21 20:00:00,343.0,682.7585
2024-11-21 21:00:00,242.0,500.17737
2024-11-21 22:00:00,173.0,362.5672
2024-11-21 23:00:00,166.0,225.03003
2024-11-22 00:00:00,59.0,239.5252
2024-11-22 01:00:00,62.0,148.5484
2024-11-22 02:00:00,36.0,153.7013
2024-11-22 03:00:00,61.0,184.90808
2024-11-22 04:00:00,120.0,293.92438
2024-11-22 05:00:00,437.0,452.8445
2024-11-22 06:00:00,1174.0,608.4109
2024-11-22 07:00:00,1446.0,809.9272
2024-11-22 08:00:00,1070.0,988.74536
2024-11-22 09:00:00,952.0,1161.9219
2024-11-22 10:00:00,931.0,1315.6416
2024-11-22 11:00:00,951.0,1439.1887
2024-11-22 12:00:00,1012.0,1526.7449
2024-11-22 13:00:00,1177.0,1569.2117
2024-11-22 14:00:00,1102.0,1481.5668
2024-11-22 15:00:00,1221.0,1431.536
2024-11-22 16:00:00,1345.0,1421.1045
2024-11-22 17:00:00,1374.0,1294.4048
2024-11-22 18:00:00,1005.0,1139.5677
2024-11-22 19:00:00,606.0,966.49054
2024-11-22 20:00:00,452.0,757.41046
2024-11-22 21:00:00,340.0,586.42126
2024-11-22 22:00:00,311.0,433.795
2024-11-22 23:00:00,230.0,312.4355
2024-11-23 00:00:00,163.0,239.04987
2024-11-23 01:00:00,91.0,198.04144
2024-11-23 02:00:00,65.0,202.07532
2024-11-23 03:00:00,63.0,249.41815
2024-11-23 04:00:00,79.0,340.68005
2024-11-23 05:00:00,92.0,463.7341
2024-11-23 06:00:00,136.0,616.0193
2024-11-23 07:00:00,286.0,817.53564
2024-11-23 08:00:00,365.0,992.7053
2024-11-23 09:00:00,991.0,1190.0361
2024-11-23 10:00:00,1256.0,1348.4951
2024-11-23 11:00:00,1291.0,1452.6274
2024-11-23 12:00:00,1339.0,1542.7385
2024-11-23 13:00:00,1296.0,1584.8204
2024-11-23 14:00:00,1304.0,1581.9006
2024-11-23 15:00:00,858.0,1529.4536
2024-11-23 16:00:00,1304.0,1436.3688
2024-11-23 17:00:00,1399.0,1307.8463
2024-11-23 18:00:00,962.0,1151.9156
2024-11-23 19:00:00,661.0,979.9321
2024-11-23 20:00:00,508.0,768.30005
2024-11-23 21:00:00,433.0,598.40454
2024-11-23 22:00:00,408.0,447.23654
2024-11-23 23:00:00,385.0,322.5959
2024-11-24 00:00:00,316.0,222.52728
2024-11-24 01:00:00,150.0,183.34174
2024-11-24 02:00:00,97.0,189.56299
2024-11-24 03:00:00,116.0,240.55151
2024-11-24 04:00:00,73.0,333.27167
2024-11-24 05:00:00,105.0,463.61703
2024-11-24 06:00:00,102.0,618.81885
2024-11-24 07:00:00,191.0,821.7934
2024-11-24 08:00:00,394.0,1000.6116
2024-11-24 09:00:00,666.0,1194.5253
2024-11-24 10:00:00,957.0,1356.6328
2024-11-24 11:00:00,1205.0,1453.008
2024-11-24 12:00:00,1258.0,1542.0833
2024-11-24 13:00:00,1620.0,1584.3186
2024-11-24 14:00:00,1437.0,1583.2795
2024-11-24 15:00:00,1817.0,1531.8884
2024-11-24 16:00:00,1139.0,1435.8872
2024-11-24 17:00:00,1599.0,1305.9065
2024-11-24 18:00:00,1382.0,1149.9757
2024-11-24 19:00:00,1073.0,977.6276
2024-11-24 20:00:00,937.0,763.8081
2024-11-24 21:00:00,526.0,592.819
2024-11-24 22:00:00,275.0,443.47382
2024-11-24 23:00:00,142.0,322.11432
2024-11-25 00:00:00,81.0,204.57031
2024-11-25 01:00:00,64.0,159.91626
2024-11-25 02:00:00,59.0,166.50208
2024-11-25 03:00:00,67.0,220.04242
2024-11-25 04:00:00,189.0,311.30432
2024-11-25 05:00:00,789.0,439.82687
2024-11-25 06:00:00,2055.0,593.93494
2024-11-25 07:00:00,2542.0,798.00323
2024-11-25 08:00:00,1689.0,1002.3585
2024-11-25 09:00:00,1130.0,1173.4202
2024-11-25 10:00:00,1051.0,1330.0565
2024-11-25 11:00:00,1041.0,1460.1658
2024-11-25 12:00:00,1071.0,1548.4512
2024-11-25 13:00:00,1173.0,1594.8325
2024-11-25 14:00:00,1215.0,1590.0898
2024-11-25 15:00:00,1341.0,1513.8157
2024-11-25 16:00:00,1501.0,1418.6593
2024-11-25 17:00:00,1663.0,1292.6887
2024-11-25 18:00:00,1181.0,1133.1123
2024-11-25 19:00:00,704.0,962.95166
2024-11-25 20:00:00,471.0,754.6007
2024-11-25 21:00:00,322.0,583.6115
2024-11-25 22:00:00,268.0,432.07898
2024-11-25 23:00:00,158.0,305.25092
2024-11-26 00:00:00,55.0,191.06793
2024-11-26 01:00:00,41.0,121.086
2024-11-26 02:00:00,47.0,127.26477
2024-11-26 03:00:00,51.0,173.19183
2024-11-26 04:00:00,135.0,259.04456
2024-11-26 05:00:00,640.0,412.83536
2024-11-26 06:00:00,1796.0,569.7921
2024-11-26 07:00:00,2315.0,773.1991
2024-11-26 08:00:00,1450.0,952.38184
2024-11-26 09:00:00,970.0,1118.3597
2024-11-26 10:00:00,931.0,1299.9574
2024-11-26 11:00:00,872.0,1423.3308
2024-11-26 12:00:00,946.0,1513.0369
2024-11-26 13:00:00,1072.0,1531.6763
2024-11-26 14:00:00,1140.0,1528.1228
2024-11-26 15:00:00,1123.0,1473.7346
2024-11-26 16:00:00,1335.0,1382.189
2024-11-26 17:00:00,1235.0,1250.0208
2024-11-26 18:00:00,767.0,1093.361
2024-11-26 19:00:00,555.0,917.7317
2024-11-26 20:00:00,355.0,708.6516
2024-11-26 21:00:00,212.0,537.66235
2024-11-26 22:00:00,244.0,383.94247
2024-11-26 23:00:00,126.0,261.1247
2024-11-27 00:00:00,57.0,175.13422
2024-11-27 01:00:00,68.0,131.57379
2024-11-27 02:00:00,55.0,135.6076
2024-11-27 03:00:00,68.0,184.77332
2024-11-27 04:00:00,179.0,276.76422
2024-11-27 05:00:00,692.0,403.46387
2024-11-27 06:00:00,2051.0,557.57196
2024-11-27 07:00:00,2361.0,760.91113
2024-11-27 08:00:00,1636.0,941.18756
2024-11-27 09:00:00,1154.0,1110.9066
2024-11-27 10:00:00,1108.0,1289.6832
2024-11-27 11:00:00,1047.0,1417.0872
2024-11-27 12:00:00,1123.0,1505.1614
2024-11-27 13:00:00,1304.0,1549.4508
2024-11-27 14:00:00,1311.0,1546.1462
2024-11-27 15:00:00,1401.0,1498.1145
2024-11-27 16:00:00,1479.0,1381.2026
2024-11-27 17:00:00,1759.0,1247.5762
2024-11-27 18:00:00,1289.0,1090.5518
2024-11-27 19:00:00,719.0,917.4745
2024-11-27 20:00:00,444.0,709.12354
2024-11-27 21:00:00,345.0,539.5925
2024-11-27 22:00:00,290.0,385.1435
2024-11-27 23:00:00,247.0,261.232
2024-11-28 00:00:00,81.0,208.32697
2024-11-28 01:00:00,61.0,169.43835
2024-11-28 02:00:00,33.0,143.7359
2024-11-28 03:00:00,54.0,196.9624
2024-11-28 04:00:00,159.0,284.25653
2024-11-28 05:00:00,671.0,413.3725
2024-11-28 06:00:00,1935.0,572.54205
2024-11-28 07:00:00,2369.0,745.94147
2024-11-28 08:00:00,1702.0,920.7664
2024-11-28 09:00:00,1153.0,1096.5458
2024-11-28 10:00:00,1103.0,1244.8564
2024-11-28 11:00:00,1059.0,1377.9921
2024-11-28 12:00:00,1051.0,1457.706
2024-11-28 13:00:00,1239.0,1500.181
2024-11-28 14:00:00,878.0,1488.6187
2024-11-28 15:00:00,1401.0,1429.9403
2024-11-28 16:00:00,1241.0,1396.167
2024-11-28 17:00:00,1664.0,1268.0092
2024-11-28 18:00:00,1226.0,1108.0682
2024-11-28 19:00:00,715.0,933.16815
2024-11-28 20:00:00,465.0,724.088
2024-11-28 21:00:00,387.0,552.36975
2024-11-28 22:00:00,334.0,399.0143
2024-11-28 23:00:00,185.0,276.19653
2024-11-29 00:00:00,71.0,230.80292
2024-11-29 01:00:00,67.0,187.60712
2024-11-29 02:00:00,52.0,192.37006
2024-11-29 03:00:00,50.0,240.44202
2024-11-29 04:00:00,149.0,332.79767
2024-11-29 05:00:00,617.0,459.49734
2024-11-29 06:00:00,1677.0,616.15735
2024-11-29 07:00:00,2129.0,818.7674
2024-11-29 08:00:00,1497.0,996.85645
2024-11-29 09:00:00,1204.0,1167.8456
2024-11-29 10:00:00,997.0,1321.5653
2024-11-29 11:00:00,712.0,1445.2078
2024-11-29 12:00:00,1266.0,1554.3085
2024-11-29 13:00:00,1528.0,1598.193
2024-11-29 14:00:00,1533.0,1595.6177
2024-11-29 15:00:00,1693.0,1546.8567
2024-11-29 16:00:00,1527.0,1429.5801
2024-11-29 17:00:00,1989.0,1299.5994
2024-11-29 18:00:00,1630.0,1142.2103
2024-11-29 19:00:00,1017.0,968.76855
2024-11-29 20:00:00,637.0,761.1467
2024-11-29 21:00:00,467.0,591.2512
2024-11-29 22:00:00,452.0,438.26044
2024-11-29 23:00:00,365.0,316.53632
2024-11-30 00:00:00,245.0,241.70209
2024-11-30 01:00:00,114.0,198.50623
2024-11-30 02:00:00,92.0,202.17554
2024-11-30 03:00:00,79.0,251.70581
2024-11-30 04:00:00,124.0,343.33234
2024-11-30 05:00:00,193.0,471.49023
2024-11-30 06:00:00,444.0,627.4212
2024-11-30 07:00:00,749.0,831.4895
2024-11-30 08:00:00,1037.0,1009.94305
2024-11-30 09:00:00,1154.0,1180.5677
2024-11-30 10:00:00,1302.0,1332.8291
2024-11-30 11:00:00,1496.0,1455.647
2024-11-30 12:00:00,1483.0,1540.6512
2024-11-30 13:00:00,1637.0,1583.1179
2024-11-30 14:00:00,1724.0,1579.4489
2024-11-30 15:00:00,1860.0,1529.5537
2024-11-30 16:00:00,1538.0,1436.469
2024-11-30 17:00:00,1860.0,1308.6758
2024-11-30 18:00:00,1262.0,1152.745
2024-11-30 19:00:00,830.0,979.3032
2024-11-30 20:00:00,703.0,769.8585
2024-11-30 21:00:00,500.0,597.7757
2024-11-30 22:00:00,490.0,445.14935
2024-11-30 23:00:00,342.0,321.60242
2024-12-01 00:00:00,142.0,206.94006
2024-12-01 01:00:00,154.0,164.10889
2024-12-01 02:00:00,122.0,168.1427
2024-12-01 03:00:00,86.0,217.67285
2024-12-01 04:00:00,162.0,309.29932
2024-12-01 05:00:00,80.0,438.18646
2024-12-01 06:00:00,162.0,594.1174
2024-12-01 07:00:00,242.0,798.55023
2024-12-01 08:00:00,460.0,976.27466
2024-12-01 09:00:00,726.0,1146.8993
2024-12-01 10:00:00,1192.0,1297.0862
2024-12-01 11:00:00,1354.0,1421.5157
2024-12-01 12:00:00,1624.0,1535.1096
2024-12-01 13:00:00,1932.0,1576.1528
2024-12-01 14:00:00,2198.0,1572.1191
2024-12-01 15:00:00,2471.0,1524.6633
2024-12-01 16:00:00,2542.0,1407.1755
2024-12-01 17:00:00,2087.0,1277.5593
2024-12-01 18:00:00,1588.0,1120.8995
2024-12-01 19:00:00,1333.0,948.5514
2024-12-01 20:00:00,1152.0,737.64844
2024-12-01 21:00:00,695.0,567.0238
2024-12-01 22:00:00,373.0,416.22037
2024-12-01 23:00:00,165.0,295.2254
2024-12-02 00:00:00,70.0,180.60724
2024-12-02 01:00:00,49.0,139.9635
2024-12-02 02:00:00,62.0,145.82019
2024-12-02 03:00:00,81.0,195.71497
2024-12-02 04:00:00,160.0,258.03748
2024-12-02 05:00:00,832.0,419.5096
2024-12-02 06:00:00,2114.0,576.1697
2024-12-02 07:00:00,2532.0,780.60254
2024-12-02 08:00:00,1608.0,960.5144
2024-12-02 09:00:00,1203.0,1134.0555
2024-12-02 10:00:00,1121.0,1288.5044
2024-12-02 11:00:00,1133.0,1413.8743
2024-12-02 12:00:00,1109.0,1501.795
2024-12-02 13:00:00,1283.0,1546.6024
2024-12-02 14:00:00,1064.0,1543.1445
2024-12-02 15:00:00,615.0,1492.885
2024-12-02 16:00:00,701.0,1398.342
2024-12-02 17:00:00,1590.0,1271.2778
2024-12-02 18:00:00,1233.0,1114.9825
2024-12-02 19:00:00,762.0,881.70355
2024-12-02 20:00:00,461.0,707.5228
2024-12-02 21:00:00,327.0,543.7401
2024-12-02 22:00:00,252.0,394.14905
2024-12-02 23:00:00,124.0,261.70013
2024-12-03 00:00:00,55.0,140.11627
2024-12-03 01:00:00,56.0,98.37866
2024-12-03 02:00:00,44.0,130.43622
2024-12-03 03:00:00,45.0,179.60211
2024-12-03 04:00:00,156.0,271.5929
2024-12-03 05:00:00,685.0,369.31085
2024-12-03 06:00:00,2091.0,524.0548
2024-12-03 07:00:00,2546.0,696.3351
2024-12-03 08:00:00,1628.0,872.00775
2024-12-03 09:00:00,1176.0,1104.1567
2024-12-03 10:00:00,659.0,1257.5118
2024-12-03 11:00:00,934.0,1381.4235
2024-12-03 12:00:00,1041.0,1466.7922
2024-12-03 13:00:00,1178.0,1508.8943
2024-12-03 14:00:00,1189.0,1505.2251
2024-12-03 15:00:00,867.0,1454.0254
2024-12-03 16:00:00,908.0,1356.0479
2024-12-03 17:00:00,1635.0,1224.9735
2024-12-03 18:00:00,1208.0,1068.3135
2024-12-03 19:00:00,660.0,894.8717
2024-12-03 20:00:00,421.0,687.2499
2024-12-03 21:00:00,312.0,516.6251
2024-12-03 22:00:00,233.0,364.3636
2024-12-03 23:00:00,148.0,240.08752
2024-12-04 00:00:00,68.0,152.28314
2024-12-04 01:00:00,56.0,111.27472
2024-12-04 02:00:00,49.0,117.13141
2024-12-04 03:00:00,66.0,167.39093
2024-12-04 04:00:00,147.0,260.4756
2024-12-04 05:00:00,705.0,389.36267
2024-12-04 06:00:00,1967.0,517.5665
2024-12-04 07:00:00,2353.0,686.60815
2024-12-04 08:00:00,1571.0,926.3572
2024-12-04 09:00:00,1115.0,1034.7961
2024-12-04 10:00:00,1125.0,1248.8787
2024-12-04 11:00:00,1128.0,1373.1548
2024-12-04 12:00:00,1166.0,1458.8882
2024-12-04 13:00:00,1345.0,1502.084
2024-12-04 14:00:00,991.0,1497.6857
2024-12-04 15:00:00,954.0,1446.697
2024-12-04 16:00:00,1565.0,1352.154
2024-12-04 17:00:00,1665.0,1162.8619
2024-12-04 18:00:00,1189.0,1002.28485
2024-12-04 19:00:00,693.0,889.155
2024-12-04 20:00:00,433.0,679.7104
2024-12-04 21:00:00,315.0,509.45026
2024-12-04 22:00:00,280.0,357.91785
2024-12-04 23:00:00,173.0,235.10004
2024-12-05 00:00:00,96.0,181.11035
2024-12-05 01:00:00,74.0,135.72705
2024-12-05 02:00:00,51.0,138.30255
2024-12-05 03:00:00,55.0,190.02032
2024-12-05 04:00:00,139.0,282.37585
2024-12-05 05:00:00,683.0,407.2527
2024-12-05 06:00:00,1910.0,560.26697
2024-12-05 07:00:00,2443.0,762.51245
2024-12-05 08:00:00,1605.0,936.10815
2024-12-05 09:00:00,1216.0,1135.7421
2024-12-05 10:00:00,1131.0,1290.92
2024-12-05 11:00:00,1109.0,1417.0769
2024-12-05 12:00:00,1126.0,1506.2072
2024-12-05 13:00:00,1348.0,1529.8174
2024-12-05 14:00:00,1362.0,1526.5127
2024-12-05 15:00:00,1492.0,1475.8887
2024-12-05 16:00:00,1038.0,1382.4395
2024-12-05 17:00:00,1701.0,1253.5524
2024-12-05 18:00:00,1310.0,1098.3507
2024-12-05 19:00:00,692.0,925.2735
2024-12-05 20:00:00,454.0,686.0925
2024-12-05 21:00:00,375.0,545.2042
2024-12-05 22:00:00,321.0,393.30713
2024-12-05 23:00:00,160.0,241.21082
2024-12-06 00:00:00,89.0,224.73987
2024-12-06 01:00:00,64.0,182.63788
2024-12-06 02:00:00,48.0,167.59235
2024-12-06 03:00:00,50.0,216.23236
2024-12-06 04:00:00,154.0,306.28198
2024-12-06 05:00:00,589.0,438.58585
2024-12-06 06:00:00,1765.0,594.66943
2024-12-06 07:00:00,2049.0,777.1406
2024-12-06 08:00:00,1381.0,1011.2092
2024-12-06 09:00:00,1093.0,1182.563
2024-12-06 10:00:00,1130.0,1334.9778
2024-12-06 11:00:00,1176.0,1453.4556
2024-12-06 12:00:00,1152.0,1570.5823
2024-12-06 13:00:00,1459.0,1581.2913
2024-12-06 14:00:00,1567.0,1578.8893
2024-12-06 15:00:00,1682.0,1531.1846
2024-12-06 16:00:00,1900.0,1437.7352
2024-12-06 17:00:00,1885.0,1308.4836
2024-12-06 18:00:00,1411.0,1150.7301
2024-12-06 19:00:00,822.0,974.3717
2024-12-06 20:00:00,595.0,766.02075
2024-12-06 21:00:00,460.0,592.115
2024-12-06 22:00:00,390.0,439.48877
2024-12-06 23:00:00,290.0,313.38983
2024-12-07 00:00:00,223.0,234.18945
2024-12-07 01:00:00,141.0,190.26459
2024-12-07 02:00:00,85.0,196.48584
2024-12-07 03:00:00,60.0,244.19318
2024-12-07 04:00:00,105.0,337.64252
2024-12-07 05:00:00,160.0,466.52963
2024-12-07 06:00:00,382.0,622.8251
2024-12-07 07:00:00,673.0,826.8934
2024-12-07 08:00:00,936.0,1006.4407
2024-12-07 09:00:00,1258.0,1179.6172
2024-12-07 10:00:00,1495.0,1332.741
2024-12-07 11:00:00,1474.0,1459.5894
2024-12-07 12:00:00,1427.0,1545.5338
2024-12-07 13:00:00,1445.0,1527.324
2024-12-07 14:00:00,1681.0,1533.1926
2024-12-07 15:00:00,1718.0,1477.7446
2024-12-07 16:00:00,1437.0,1445.2942
2024-12-07 17:00:00,1427.0,1313.4906
2024-12-07 18:00:00,1103.0,1155.3724
2024-12-07 19:00:00,683.0,919.5161
2024-12-07 20:00:00,571.0,771.82465
2024-12-07 21:00:00,497.0,601.9292
2024-12-07 22:00:00,465.0,415.25967
2024-12-07 23:00:00,372.0,323.20398
2024-12-08 00:00:00,261.0,129.59937
2024-12-08 01:00:00,156.0,83.85156
2024-12-08 02:00:00,116.0,86.427124
2024-12-08 03:00:00,72.0,134.49915
2024-12-08 04:00:00,118.0,226.8548
2024-12-08 05:00:00,77.0,352.09625
2024-12-08 06:00:00,132.0,508.02698
2024-12-08 07:00:00,224.0,712.4599
2024-12-08 08:00:00,403.0,892.37164
2024-12-08 09:00:00,746.0,1066.2775
2024-12-08 10:00:00,1234.0,1220.3618
2024-12-08 11:00:00,1526.0,1343.9088
2024-12-08 12:00:00,1725.0,1431.1006
2024-12-08 13:00:00,2065.0,1473.9316
2024-12-08 14:00:00,2184.0,1469.5334
2024-12-08 15:00:00,1858.0,1419.2739
2024-12-08 16:00:00,1495.0,1264.436
2024-12-08 17:00:00,1979.0,1133.8871
2024-12-08 18:00:00,1419.0,977.0236
2024-12-08 19:00:00,971.0,803.9464
2024-12-08 20:00:00,444.0,625.2639
2024-12-08 21:00:00,154.0,453.45245
2024-12-08 22:00:00,71.0,301.7843
2024-12-08 23:00:00,30.0,209.06738
2024-12-09 00:00:00,6.0,154.7652
2024-12-09 01:00:00,29.0,112.16284
2024-12-09 02:00:00,45.0,115.23865
2024-12-09 03:00:00,56.0,165.06561
2024-12-09 04:00:00,168.0,256.7599
2024-12-09 05:00:00,751.0,415.68002
2024-12-09 06:00:00,2088.0,572.7046
2024-12-09 07:00:00,2431.0,778.2312
2024-12-09 08:00:00,1630.0,956.3202
2024-12-09 09:00:00,1092.0,1127.674
2024-12-09 10:00:00,1022.0,1280.2999
2024-12-09 11:00:00,1102.0,1403.4824
2024-12-09 12:00:00,1128.0,1489.5803
2024-12-09 13:00:00,1237.0,1530.5887
2024-12-09 14:00:00,1169.0,1526.5549
2024-12-09 15:00:00,1211.0,1476.66
2024-12-09 16:00:00,693.0,1385.3982
2024-12-09 17:00:00,1163.0,1256.5111
2024-12-09 18:00:00,1104.0,1100.5804
2024-12-09 19:00:00,672.0,927.1386
2024-12-09 20:00:00,420.0,718.0585
2024-12-09 21:00:00,335.0,546.34015
2024-12-09 22:00:00,161.0,394.07852
2024-12-09 23:00:00,129.0,270.89612
2024-12-10 00:00:00,58.0,153.81396
2024-12-10 01:00:00,54.0,110.61798
2024-12-10 02:00:00,50.0,113.92273
2024-12-10 03:00:00,33.0,163.45312
2024-12-10 04:00:00,138.0,255.8086
2024-12-10 05:00:00,741.0,383.96652
2024-12-10 06:00:00,2070.0,540.2619
2024-12-10 07:00:00,2531.0,744.33026
2024-12-10 08:00:00,1585.0,922.41925
2024-12-10 09:00:00,1110.0,1094.1376
2024-12-10 10:00:00,1009.0,1246.7637
2024-12-10 11:00:00,1040.0,1370.3105
2024-12-10 12:00:00,1083.0,1456.7732
2024-12-10 13:00:00,1158.0,1499.2397
2024-12-10 14:00:00,1286.0,1495.206
2024-12-10 15:00:00,1309.0,1444.582
2024-12-10 16:00:00,1552.0,1351.4973
2024-12-10 17:00:00,1630.0,1222.9749
2024-12-10 18:00:00,1194.0,1067.044
2024-12-10 19:00:00,693.0,893.9668
2024-12-10 20:00:00,448.0,684.8867
2024-12-10 21:00:00,338.0,514.26196
2024-12-10 22:00:00,279.0,362.36505
2024-12-10 23:00:00,152.0,238.81805
2024-12-11 00:00:00,71.0,152.84454
2024-12-11 01:00:00,46.0,110.74237
2024-12-11 02:00:00,36.0,114.776245
2024-12-11 03:00:00,49.0,164.30664
2024-12-11 04:00:00,133.0,255.93298
2024-12-11 05:00:00,636.0,384.09088
2024-12-11 06:00:00,1930.0,540.0218
2024-12-11 07:00:00,2399.0,744.0901
2024-12-11 08:00:00,1622.0,921.8146
2024-12-11 09:00:00,1122.0,1092.4392
2024-12-11 10:00:00,1111.0,1245.0652
2024-12-11 11:00:00,1105.0,1368.2476
2024-12-11 12:00:00,1116.0,1454.7102
2024-12-11 13:00:00,1312.0,1497.1768
2024-12-11 14:00:00,1356.0,1492.4138
2024-12-11 15:00:00,1446.0,1442.1544
2024-12-11 16:00:00,1624.0,1349.4343
2024-12-11 17:00:00,1876.0,1220.9119
2024-12-11 18:00:00,1246.0,1064.2518
2024-12-11 19:00:00,746.0,891.9038
2024-12-11 20:00:00,480.0,682.45917
2024-12-11 21:00:00,362.0,512.199
2024-12-11 22:00:00,306.0,359.93744
2024-12-11 23:00:00,185.0,237.11963
2024-12-12 00:00:00,88.0,181.6795
2024-12-12 01:00:00,52.0,139.21277
2024-12-12 02:00:00,42.0,142.51746
2024-12-12 03:00:00,53.0,191.68317
2024-12-12 04:00:00,133.0,282.945
2024-12-12 05:00:00,637.0,411.83212
2024-12-12 06:00:00,1992.0,567.39844
2024-12-12 07:00:00,2433.0,771.1022
2024-12-12 08:00:00,1598.0,949.1912
2024-12-12 09:00:00,1212.0,1120.1804
2024-12-12 10:00:00,1121.0,1272.4418
2024-12-12 11:00:00,1065.0,1395.6243
2024-12-12 12:00:00,1030.0,1481.3577
2024-12-12 13:00:00,1279.0,1523.4597
2024-12-12 14:00:00,1380.0,1519.426
2024-12-12 15:00:00,1487.0,1469.531
2024-12-12 16:00:00,1842.0,1376.8109
2024-12-12 17:00:00,2067.0,1247.9238
2024-12-12 18:00:00,1394.0,1091.264
2024-12-12 19:00:00,727.0,917.45764
2024-12-12 20:00:00,474.0,708.01294
2024-12-12 21:00:00,360.0,537.3883
2024-12-12 22:00:00,328.0,385.4912
2024-12-12 23:00:00,213.0,262.30884
2024-12-13 00:00:00,115.0,215.83795
2024-12-13 01:00:00,64.0,173.37134
2024-12-13 02:00:00,48.0,176.67596
2024-12-13 03:00:00,56.0,226.5708
2024-12-13 04:00:00,130.0,318.56183
2024-12-13 05:00:00,588.0,446.35526
2024-12-13 06:00:00,1742.0,601.9215
2024-12-13 07:00:00,2120.0,805.6253
2024-12-13 08:00:00,1414.0,982.9852
2024-12-13 09:00:00,1293.0,1153.6097
2024-12-13 10:00:00,1178.0,1305.8712
2024-12-13 11:00:00,1222.0,1429.0537
2024-12-13 12:00:00,1255.0,1515.1516
2024-12-13 13:00:00,1507.0,1557.6184
2024-12-13 14:00:00,1548.0,1553.5847
2024-12-13 15:00:00,1722.0,1503.3251
2024-12-13 16:00:00,1989.0,1410.9695
2024-12-13 17:00:00,2010.0,1282.447
2024-12-13 18:00:00,1464.0,1126.8809
2024-12-13 19:00:00,914.0,953.439
2024-12-13 20:00:00,539.0,744.7235
2024-12-13 21:00:00,453.0,574.0989
2024-12-13 22:00:00,377.0,422.93094
2024-12-13 23:00:00,360.0,298.29022
2024-12-14 00:00:00,212.0,222.37854
2024-12-14 01:00:00,140.0,181.00555
2024-12-14 02:00:00,125.0,185.40399
2024-12-14 03:00:00,71.0,234.56964
2024-12-14 04:00:00,130.0,326.19617
2024-12-14 05:00:00,172.0,455.08325
2024-12-14 06:00:00,387.0,612.1078
2024-12-14 07:00:00,708.0,816.17615
2024-12-14 08:00:00,394.0,994.99426
2024-12-14 09:00:00,504.0,1167.8063
2024-12-14 10:00:00,1546.0,1322.6198
2024-12-14 11:00:00,1548.0,1447.625
2024-12-14 12:00:00,1544.0,1534.4519
2024-12-14 13:00:00,1693.0,1515.9878
2024-12-14 14:00:00,1722.0,1511.386
2024-12-14 15:00:00,1665.0,1461.0587
2024-12-14 16:00:00,1022.0,1367.3806
2024-12-14 17:00:00,1639.0,1237.0099
2024-12-14 18:00:00,1142.0,1143.1969
2024-12-14 19:00:00,455.0,969.82294
2024-12-14 20:00:00,375.0,731.9646
2024-12-14 21:00:00,517.0,561.17896
2024-12-14 22:00:00,463.0,415.00464
2024-12-14 23:00:00,491.0,290.99994
2024-12-15 00:00:00,240.0,218.20868
2024-12-15 01:00:00,155.0,147.62512
2024-12-15 02:00:00,90.0,180.57288
2024-12-15 03:00:00,92.0,229.73846
2024-12-15 04:00:00,115.0,320.2713
2024-12-15 05:00:00,65.0,448.06464
2024-12-15 06:00:00,159.0,605.08923
2024-12-15 07:00:00,199.0,808.793
2024-12-15 08:00:00,401.0,987.2466
2024-12-15 09:00:00,620.0,1158.6003
2024-12-15 10:00:00,1147.0,1313.4138
2024-12-15 11:00:00,1541.0,1437.69
2024-12-15 12:00:00,1890.0,1523.5767
2024-12-15 13:00:00,2066.0,1564.3538
2024-12-15 14:00:00,2278.0,1559.8396
2024-12-15 15:00:00,2377.0,1510.5029
2024-12-15 16:00:00,2530.0,1413.408
2024-12-15 17:00:00,2336.0,1280.8752
2024-12-15 18:00:00,1599.0,1126.4028
2024-12-15 19:00:00,1307.0,955.51306
2024-12-15 20:00:00,1070.0,747.5266
2024-12-15 21:00:00,758.0,576.90204
2024-12-15 22:00:00,418.0,425.00488
2024-12-15 23:00:00,220.0,303.64532
2024-12-16 00:00:00,6.0,188.67816
2024-12-16 01:00:00,29.0,144.02417
2024-12-16 02:00:00,45.0,148.05798
2024-12-16 03:00:00,56.0,197.58813
2024-12-16 04:00:00,168.0,290.67285
2024-12-16 05:00:00,751.0,420.28912
2024-12-16 06:00:00,2088.0,577.3137
2024-12-16 07:00:00,2383.0,779.55914
2024-12-16 08:00:00,1662.0,953.92444
2024-12-16 09:00:00,1164.0,1148.7784
2024-12-16 10:00:00,1157.0,1303.9564
2024-12-16 11:00:00,1129.0,1429.6909
2024-12-16 12:00:00,1162.0,1519.4346
2024-12-16 13:00:00,1440.0,1563.3595
2024-12-16 14:00:00,1367.0,1559.3257
2024-12-16 15:00:00,1496.0,1512.1389
2024-12-16 16:00:00,1693.0,1391.8301
2024-12-16 17:00:00,1794.0,1261.4847
2024-12-16 18:00:00,1282.0,1104.4603
2024-12-16 19:00:00,783.0,929.9248
2024-12-16 20:00:00,444.0,720.48016
2024-12-16 21:00:00,340.0,546.57446
2024-12-16 22:00:00,277.0,395.0419
2024-12-16 23:00:00,113.0,272.22412
2024-12-17 00:00:00,63.0,154.05511
2024-12-17 01:00:00,39.0,114.50482
2024-12-17 02:00:00,46.0,116.35132
2024-12-17 03:00:00,49.0,167.34003
2024-12-17 04:00:00,138.0,258.23718
2024-12-17 05:00:00,703.0,385.30145
2024-12-17 06:00:00,1243.0,540.13855
2024-12-17 07:00:00,938.0,744.57153
2024-12-17 08:00:00,881.0,919.12775
2024-12-17 09:00:00,1048.0,1114.1554
2024-12-17 10:00:00,1153.0,1271.8854
2024-12-17 11:00:00,1080.0,1396.8906
2024-12-17 12:00:00,1094.0,1460.0613
2024-12-17 13:00:00,1333.0,1530.1946
2024-12-17 14:00:00,1355.0,1530.1914
2024-12-17 15:00:00,1561.0,1454.7795
2024-12-17 16:00:00,1652.0,1361.5819
2024-12-17 17:00:00,1736.0,1229.0493
2024-12-17 18:00:00,595.0,1073.4829
2024-12-17 19:00:00,691.0,900.04114
2024-12-17 20:00:00,507.0,689.8674
2024-12-17 21:00:00,362.0,519.24255
2024-12-17 22:00:00,285.0,366.61652
2024-12-17 23:00:00,152.0,243.43414
2024-12-18 00:00:00,79.0,157.83197
2024-12-18 01:00:00,49.0,114.63623
2024-12-18 02:00:00,40.0,120.49286
2024-12-18 03:00:00,48.0,168.20032
2024-12-18 04:00:00,145.0,260.92035
2024-12-18 05:00:00,667.0,387.98465
2024-12-18 06:00:00,1843.0,543.18634
2024-12-18 07:00:00,2085.0,747.9838
2024-12-18 08:00:00,1556.0,928.6248
2024-12-18 09:00:00,1211.0,1101.2256
2024-12-18 10:00:00,1198.0,1283.0924
2024-12-18 11:00:00,1220.0,1380.5815
2024-12-18 12:00:00,1236.0,1498.2058
2024-12-18 13:00:00,1421.0,1513.5613
2024-12-18 14:00:00,1455.0,1512.3486
2024-12-18 15:00:00,749.0,1460.7842
2024-12-18 16:00:00,829.0,1366.817
2024-12-18 17:00:00,1414.0,1238.6592
2024-12-18 18:00:00,1441.0,1083.0929
2024-12-18 19:00:00,783.0,910.01575
2024-12-18 20:00:00,503.0,698.38367
2024-12-18 21:00:00,350.0,528.1235
2024-12-18 22:00:00,283.0,374.40363
2024-12-18 23:00:00,258.0,253.40869
2024-12-19 00:00:00,106.0,194.3294
2024-12-19 01:00:00,45.0,152.22736
2024-12-19 02:00:00,40.0,154.07379
2024-12-19 03:00:00,60.0,203.96857
2024-12-19 04:00:00,152.0,293.04303
2024-12-19 05:00:00,564.0,422.2947
2024-12-19 06:00:00,1604.0,581.8712
2024-12-19 07:00:00,1920.0,791.0435
2024-12-19 08:00:00,1002.0,968.768
2024-12-19 09:00:00,1187.0,1079.123
2024-12-19 10:00:00,1249.0,1232.7495
2024-12-19 11:00:00,888.0,1418.5676
2024-12-19 12:00:00,1214.0,1506.4031
2024-12-19 13:00:00,1364.0,1550.9893
2024-12-19 14:00:00,1261.0,1545.9296
2024-12-19 15:00:00,1209.0,1493.4827
2024-12-19 16:00:00,1035.0,1398.5752
2024-12-19 17:00:00,1552.0,1219.1428
2024-12-19 18:00:00,752.0,1056.8109
2024-12-19 19:00:00,738.0,879.74884
2024-12-19 20:00:00,450.0,688.53577
2024-12-19 21:00:00,367.0,519.42017
2024-12-19 22:00:00,318.0,364.4879
2024-12-19 23:00:00,229.0,270.9486
2024-12-20 00:00:00,121.0,224.11957
2024-12-20 01:00:00,52.0,150.823
2024-12-20 02:00:00,57.0,183.43152
2024-12-20 03:00:00,63.0,231.93591
2024-12-20 04:00:00,139.0,324.29156
2024-12-20 05:00:00,502.0,452.81406
2024-12-20 06:00:00,1346.0,608.3803
2024-12-20 07:00:00,1640.0,811.7195
2024-12-20 08:00:00,1270.0,990.9022
2024-12-20 09:00:00,1065.0,1161.8914
2024-12-20 10:00:00,828.0,1314.0851
2024-12-20 11:00:00,675.0,1437.7
2024-12-20 12:00:00,869.0,1522.7041
2024-12-20 13:00:00,1353.0,1566.2645
2024-12-20 14:00:00,1510.0,1559.1002
2024-12-20 15:00:00,1277.0,1512.2201
2024-12-20 16:00:00,960.0,1420.3448
2024-12-20 17:00:00,982.0,1291.0933
2024-12-20 18:00:00,896.0,1132.6105
2024-12-20 19:00:00,103.0,956.98126
2024-12-20 20:00:00,507.0,748.9949
2024-12-20 21:00:00,424.0,576.912
2024-12-20 22:00:00,371.0,426.47314
2024-12-20 23:00:00,335.0,304.38452
2024-12-21 00:00:00,233.0,274.6405
2024-12-21 01:00:00,141.0,233.63214
2024-12-21 02:00:00,108.0,239.48883
2024-12-21 03:00:00,83.0,285.0088
2024-12-21 04:00:00,153.0,376.99988
2024-12-21 05:00:00,164.0,505.1578
2024-12-21 06:00:00,309.0,661.0887
2024-12-21 07:00:00,312.0,861.8759
2024-12-21 08:00:00,560.0,1037.873
2024-12-21 09:00:00,1066.0,1231.8243
2024-12-21 10:00:00,741.0,1389.0942
2024-12-21 11:00:00,1378.0,1521.0493
2024-12-21 12:00:00,1394.0,1578.8643
2024-12-21 13:00:00,1573.0,1622.0022
2024-12-21 14:00:00,1477.0,1617.6617
2024-12-21 15:00:00,746.0,1569.7834
2024-12-21 16:00:00,1471.0,1475.2405
2024-12-21 17:00:00,1688.0,1344.8953
2024-12-21 18:00:00,1122.0,1191.5165
2024-12-21 19:00:00,847.0,1019.1684
2024-12-21 20:00:00,630.0,810.08826
2024-12-21 21:00:00,484.0,609.3882
2024-12-21 22:00:00,430.0,464.95187
2024-12-21 23:00:00,315.0,343.75342
2024-12-22 00:00:00,214.0,246.54553
2024-12-22 01:00:00,134.0,198.7207
2024-12-22 02:00:00,91.0,203.78033
2024-12-22 03:00:00,93.0,258.42285
2024-12-22 04:00:00,132.0,346.39532
2024-12-22 05:00:00,73.0,475.05356
2024-12-22 06:00:00,122.0,634.9523
2024-12-22 07:00:00,194.0,808.8265
2024-12-22 08:00:00,369.0,997.4368
2024-12-22 09:00:00,713.0,1170.8678
2024-12-22 10:00:00,1025.0,1311.353
2024-12-22 11:00:00,1380.0,1437.613
2024-12-22 12:00:00,1030.0,1585.4813
2024-12-22 13:00:00,830.0,1563.6936
2024-12-22 14:00:00,1549.0,1614.8679
2024-12-22 15:00:00,1427.0,1565.7021
2024-12-22 16:00:00,1431.0,1474.4402
2024-12-22 17:00:00,1410.0,1345.5531
2024-12-22 18:00:00,456.0,1186.7059
2024-12-22 19:00:00,673.0,951.38354
2024-12-22 20:00:00,432.0,769.0046
2024-12-22 21:00:00,432.0,597.15063
2024-12-22 22:00:00,291.0,427.8381
2024-12-22 23:00:00,159.0,321.45215
2024-12-23 00:00:00,102.0,196.6745
2024-12-23 01:00:00,79.0,153.84332
2024-12-23 02:00:00,47.0,157.51257
2024-12-23 03:00:00,53.0,207.04291
2024-12-23 04:00:00,130.0,300.12756
2024-12-23 05:00:00,301.0,428.28552
2024-12-23 06:00:00,725.0,549.23303
2024-12-23 07:00:00,911.0,736.6406
2024-12-23 08:00:00,862.0,901.7972
2024-12-23 09:00:00,975.0,1072.8541
2024-12-23 10:00:00,1068.0,1288.166
2024-12-23 11:00:00,1147.0,1349.9852
2024-12-23 12:00:00,1300.0,1435.9221
2024-12-23 13:00:00,1461.0,1480.3981
2024-12-23 14:00:00,1487.0,1476.0422
2024-12-23 15:00:00,1317.0,1488.901
2024-12-23 16:00:00,1005.0,1336.0723
2024-12-23 17:00:00,1226.0,1207.1599
2024-12-23 18:00:00,541.0,1112.8213
2024-12-23 19:00:00,540.0,878.81323
2024-12-23 20:00:00,388.0,730.29944
2024-12-23 21:00:00,340.0,560.03937
2024-12-23 22:00:00,276.0,407.7777
2024-12-23 23:00:00,157.0,284.23077
2024-12-24 00:00:00,94.0,132.76154
2024-12-24 01:00:00,82.0,118.08954
2024-12-24 02:00:00,56.0,123.2171
2024-12-24 03:00:00,58.0,174.20581
2024-12-24 04:00:00,111.0,266.56122
2024-12-24 05:00:00,217.0,393.99008
2024-12-24 06:00:00,469.0,549.9209
2024-12-24 07:00:00,586.0,753.98926
2024-12-24 08:00:00,531.0,932.4428
2024-12-24 09:00:00,695.0,1041.772
2024-12-24 10:00:00,351.0,1255.6935
2024-12-24 11:00:00,1010.0,1379.2781
2024-12-24 12:00:00,1338.0,1466.7968
2024-12-24 13:00:00,1351.0,1505.2301
2024-12-24 14:00:00,1424.0,1505.5942
2024-12-24 15:00:00,1144.0,1455.3347
2024-12-24 16:00:00,1167.0,1361.5209
2024-12-24 17:00:00,960.0,1230.0819
2024-12-24 18:00:00,483.0,1071.2345
2024-12-24 19:00:00,310.0,896.69904
2024-12-24 20:00:00,240.0,685.4315
2024-12-24 21:00:00,379.0,514.07764
2024-12-24 22:00:00,566.0,363.27435
2024-12-24 23:00:00,534.0,239.72742
2024-12-25 00:00:00,322.0,20.396973
2024-12-25 01:00:00,148.0,-23.163513
2024-12-25 02:00:00,76.0,-19.858704
2024-12-25 03:00:00,51.0,29.67157
2024-12-25 04:00:00,89.0,121.298035
2024-12-25 05:00:00,61.0,247.99768
2024-12-25 06:00:00,135.0,403.56406
2024-12-25 07:00:00,141.0,605.0803
2024-12-25 08:00:00,230.0,783.1692
2024-12-25 09:00:00,605.0,980.40466
2024-12-25 10:00:00,1135.0,1131.6653
2024-12-25 11:00:00,1354.0,1256.6705
2024-12-25 12:00:00,1302.0,1343.8623
2024-12-25 13:00:00,1419.0,1386.6934
2024-12-25 14:00:00,1416.0,1384.4825
2024-12-25 15:00:00,1652.0,1336.4508
2024-12-25 16:00:00,1417.0,1219.539
2024-12-25 17:00:00,1395.0,1088.0999
2024-12-25 18:00:00,964.0,931.4399
2024-12-25 19:00:00,618.0,759.4562
2024-12-25 20:00:00,519.0,549.64703
2024-12-25 21:00:00,565.0,379.0224
2024-12-25 22:00:00,377.0,226.39624
2024-12-25 23:00:00,313.0,101.39099
2024-12-26 00:00:00,216.0,261.37366
2024-12-26 01:00:00,110.0,222.18805
2024-12-26 02:00:00,75.0,227.68018
2024-12-26 03:00:00,66.0,276.8459
2024-12-26 04:00:00,107.0,369.20148
2024-12-26 05:00:00,82.0,497.35947
2024-12-26 06:00:00,160.0,652.5611
2024-12-26 07:00:00,210.0,856.99396
2024-12-26 08:00:00,235.0,1035.0829
2024-12-26 09:00:00,682.0,1206.072
2024-12-26 10:00:00,1164.0,1358.3336
2024-12-26 11:00:00,1455.0,1481.5161
2024-12-26 12:00:00,1171.0,1567.6141
2024-12-26 13:00:00,1336.0,1610.081
2024-12-26 14:00:00,1062.0,1606.4116
2024-12-26 15:00:00,1953.0,1556.8812
2024-12-26 16:00:00,2402.0,1463.7964
2024-12-26 17:00:00,1558.0,1334.5448
2024-12-26 18:00:00,1076.0,1177.5203
2024-12-26 19:00:00,1195.0,1004.8076
2024-12-26 20:00:00,908.0,795.36304
2024-12-26 21:00:00,682.0,624.3739
2024-12-26 22:00:00,515.0,472.84143
2024-12-26 23:00:00,320.0,350.02362
2024-12-27 00:00:00,235.0,199.50378
2024-12-27 01:00:00,88.0,157.03717
2024-12-27 02:00:00,73.0,161.07086
2024-12-27 03:00:00,75.0,210.23657
2024-12-27 04:00:00,117.0,302.22766
2024-12-27 05:00:00,235.0,430.75018
2024-12-27 06:00:00,519.0,586.681
2024-12-27 07:00:00,720.0,791.11395
2024-12-27 08:00:00,358.0,969.203
2024-12-27 09:00:00,550.0,1139.8275
2024-12-27 10:00:00,1227.0,1292.089
2024-12-27 11:00:00,1267.0,1414.9069
2024-12-27 12:00:00,1436.0,1502.0985
2024-12-27 13:00:00,1740.0,1544.2007
2024-12-27 14:00:00,1762.0,1541.2607
2024-12-27 15:00:00,1913.0,1491.3657
2024-12-27 16:00:00,2235.0,1399.01
2024-12-27 17:00:00,2105.0,1269.7584
2024-12-27 18:00:00,1460.0,1113.4631
2024-12-27 19:00:00,335.0,940.02136
2024-12-27 20:00:00,236.0,729.84753
2024-12-27 21:00:00,190.0,559.952
2024-12-27 22:00:00,338.0,407.3258
2024-12-27 23:00:00,218.0,282.68518
2024-12-28 00:00:00,126.0,206.7846
2024-12-28 01:00:00,128.0,165.77618
2024-12-28 02:00:00,100.0,169.81
2024-12-28 03:00:00,69.0,219.34027
2024-12-28 04:00:00,105.0,311.3313
2024-12-28 05:00:00,128.0,440.58298
2024-12-28 06:00:00,232.0,596.5139
2024-12-28 07:00:00,419.0,797.66565
2024-12-28 08:00:00,582.0,976.1192
2024-12-28 09:00:00,1040.0,1148.2021
2024-12-28 10:00:00,1254.0,1302.2864
2024-12-28 11:00:00,1509.0,1425.4688
2024-12-28 12:00:00,1474.0,1512.2959
2024-12-28 13:00:00,1472.0,1555.4917
2024-12-28 14:00:00,2114.0,1553.2808
2024-12-28 15:00:00,1198.0,1503.3857
2024-12-28 16:00:00,1800.0,1409.9365
2024-12-28 17:00:00,1839.0,1280.3204
2024-12-28 18:00:00,1621.0,1124.0251
2024-12-28 19:00:00,1092.0,950.21875
2024-12-28 20:00:00,874.0,740.7741
2024-12-28 21:00:00,632.0,570.14954
2024-12-28 22:00:00,469.0,419.34607
2024-12-28 23:00:00,356.0,295.06995
2024-12-29 00:00:00,237.0,192.8501
2024-12-29 01:00:00,135.0,150.38348
2024-12-29 02:00:00,94.0,153.68811
2024-12-29 03:00:00,76.0,202.85376
2024-12-29 04:00:00,131.0,295.20935
2024-12-29 05:00:00,71.0,423.00275
2024-12-29 06:00:00,143.0,579.2982
2024-12-29 07:00:00,228.0,782.6373
2024-12-29 08:00:00,379.0,960.3618
2024-12-29 09:00:00,497.0,1130.2573
2024-12-29 10:00:00,397.0,1282.8833
2024-12-29 11:00:00,1297.0,1407.8887
2024-12-29 12:00:00,1089.0,1495.0803
2024-12-29 13:00:00,1176.0,1537.9114
2024-12-29 14:00:00,840.0,1534.2422
2024-12-29 15:00:00,1105.0,1484.3474
2024-12-29 16:00:00,2117.0,1391.2627
2024-12-29 17:00:00,2364.0,1262.3756
2024-12-29 18:00:00,1722.0,1106.0803
2024-12-29 19:00:00,744.0,931.90936
2024-12-29 20:00:00,416.0,722.8292
2024-12-29 21:00:00,639.0,552.93384
2024-12-29 22:00:00,379.0,400.30756
2024-12-29 23:00:00,242.0,278.58344
2024-12-30 00:00:00,215.0,161.07458
2024-12-30 01:00:00,100.0,118.24341
2024-12-30 02:00:00,58.0,120.08984
2024-12-30 03:00:00,62.0,172.17218
2024-12-30 04:00:00,118.0,264.1631
2024-12-30 05:00:00,235.0,391.95648
2024-12-30 06:00:00,566.0,547.1581
2024-12-30 07:00:00,852.0,750.13275
2024-12-30 08:00:00,856.0,926.76355
2024-12-30 09:00:00,642.0,1098.8464
2024-12-30 10:00:00,1225.0,1251.837
2024-12-30 11:00:00,1517.0,1374.6549
2024-12-30 12:00:00,1559.0,1460.0237
2024-12-30 13:00:00,1575.0,1504.6777
2024-12-30 14:00:00,995.0,1502.4668
2024-12-30 15:00:00,1324.0,1452.2074
2024-12-30 16:00:00,2274.0,1359.4873
2024-12-30 17:00:00,2194.0,1230.9647
2024-12-30 18:00:00,2066.0,1073.5757
2024-12-30 19:00:00,1106.0,899.0402
2024-12-30 20:00:00,363.0,689.5956
2024-12-30 21:00:00,419.0,517.1481
2024-12-30 22:00:00,215.0,363.79272
2024-12-30 23:00:00,126.0,240.24579
2024-12-31 00:00:00,207.0,60.92267
2024-12-31 01:00:00,98.0,18.455933
2024-12-31 02:00:00,60.0,20.66687
2024-12-31 03:00:00,73.0,70.92639
2024-12-31 04:00:00,112.0,162.91718
2024-12-31 05:00:00,186.0,290.71057
2024-12-31 06:00:00,336.0,447.00592
2024-12-31 07:00:00,259.0,650.70984
2024-12-31 08:00:00,126.0,829.1634
2024-12-31 09:00:00,483.0,1000.1526
2024-12-31 10:00:00,1039.0,1149.6105
2024-12-31 11:00:00,1149.0,1278.1484
2024-12-31 12:00:00,1402.0,1365.7046
2024-12-31 13:00:00,1465.0,1408.5359
2024-12-31 14:00:00,1566.0,1405.2312
2024-12-31 15:00:00,1127.0,1354.9718
2024-12-31 16:00:00,1522.0,1261.8871
2024-12-31 17:00:00,1568.0,1133.0001
2024-12-31 18:00:00,1089.0,976.7047
2024-12-31 19:00:00,541.0,806.17944
2024-12-31 20:00:00,341.0,596.7348
2024-12-31 21:00:00,304.0,425.74548
2024-12-31 22:00:00,267.0,270.56738
2024-12-31 23:00:00,193.0,145.56232
2025-01-01 00:00:00,157.0,5.2022095
2025-01-01 01:00:00,317.0,-35.80609
2025-01-01 02:00:00,219.0,-30.314026
2025-01-01 03:00:00,132.0,17.393372
2025-01-01 04:00:00,117.0,108.29065
2025-01-01 05:00:00,60.0,235.71948
2025-01-01 06:00:00,120.0,392.74402
2025-01-01 07:00:00,154.0,595.7186
2025-01-01 08:00:00,187.0,774.5367
2025-01-01 09:00:00,350.0,974.19086
2025-01-01 10:00:00,566.0,1102.2957
2025-01-01 11:00:00,991.0,1225.9556
2025-01-01 12:00:00,1033.0,1316.9115
2025-01-01 13:00:00,1159.0,1356.4385
2025-01-01 14:00:00,1179.0,1382.0476
2025-01-01 15:00:00,1304.0,1336.0876
2025-01-01 16:00:00,1216.0,1219.656
2025-01-01 17:00:00,2135.0,1090.7689
2025-01-01 18:00:00,1564.0,935.2026
2025-01-01 19:00:00,886.0,759.93787
2025-01-01 20:00:00,556.0,551.587
2025-01-01 21:00:00,370.0,379.1396
2025-01-01 22:00:00,283.0,229.06537
2025-01-01 23:00:00,179.0,109.528564
2025-01-02 00:00:00,112.0,451.84406
2025-01-02 01:00:00,58.0,405.3673
2025-01-02 02:00:00,64.0,417.7862
2025-01-02 03:00:00,47.0,465.4935
2025-01-02 04:00:00,107.0,558.9429
2025-01-02 05:00:00,60.0,690.01733
2025-01-02 06:00:00,381.0,844.4898
2025-01-02 07:00:00,213.0,1044.9125
2025-01-02 08:00:00,303.0,1225.1888
2025-01-02 09:00:00,934.0,1395.449
2025-01-02 10:00:00,1445.0,1558.0718
2025-01-02 11:00:00,1843.0,1708.6143
2025-01-02 12:00:00,2319.0,1770.8445
2025-01-02 13:00:00,2365.0,1812.2175
2025-01-02 14:00:00,2516.0,1807.8191
2025-01-02 15:00:00,2511.0,1761.9344
2025-01-02 16:00:00,2372.0,1668.0527
2025-01-02 17:00:00,2292.0,1474.4365
2025-01-02 18:00:00,1995.0,1317.2338
2025-01-02 19:00:00,1559.0,1143.5206
2025-01-02 20:00:00,1003.0,970.0944
2025-01-02 21:00:00,651.0,790.94073
2025-01-02 22:00:00,485.0,632.49854
2025-01-02 23:00:00,232.0,509.01947
2025-01-03 00:00:00,150.0,176.32758
2025-01-03 01:00:00,89.0,127.79071
2025-01-03 02:00:00,74.0,163.3158
2025-01-03 03:00:00,69.0,214.73676
2025-01-03 04:00:00,124.0,307.0923
2025-01-03 05:00:00,130.0,434.1565
2025-01-03 06:00:00,517.0,590.0874
2025-01-03 07:00:00,605.0,793.42664
2025-01-03 08:00:00,798.0,970.7865
2025-01-03 09:00:00,919.0,1140.6819
2025-01-03 10:00:00,1108.0,1294.7662
2025-01-03 11:00:00,1374.0,1417.5841
2025-01-03 12:00:00,1236.0,1503.3176
2025-01-03 13:00:00,2001.0,1544.7861
2025-01-03 14:00:00,2164.0,1537.642
2025-01-03 15:00:00,2219.0,1486.2886
2025-01-03 16:00:00,2273.0,1396.5833
2025-01-03 17:00:00,2269.0,1266.6025
2025-01-03 18:00:00,1916.0,1112.8593
2025-01-03 19:00:00,1368.0,938.68835
2025-01-03 20:00:00,1154.0,727.42084
2025-01-03 21:00:00,763.0,554.24426
2025-01-03 22:00:00,514.0,405.26367
2025-01-03 23:00:00,376.0,281.3521
2025-01-04 00:00:00,204.0,227.01501
2025-01-04 01:00:00,94.0,184.91302
2025-01-04 02:00:00,92.0,188.58234
2025-01-04 03:00:00,47.0,236.65424
2025-01-04 04:00:00,106.0,324.99963
2025-01-04 05:00:00,139.0,451.69922
2025-01-04 06:00:00,283.0,607.2656
2025-01-04 07:00:00,453.0,807.32367
2025-01-04 08:00:00,763.0,982.418
2025-01-04 09:00:00,898.0,1177.1188
2025-01-04 10:00:00,1713.0,1331.3564
2025-01-04 11:00:00,2191.0,1460.3748
2025-01-04 12:00:00,2321.0,1519.379
2025-01-04 13:00:00,2329.0,1567.7019
2025-01-04 14:00:00,2515.0,1563.3036
2025-01-04 15:00:00,2512.0,1513.044
2025-01-04 16:00:00,1713.0,1421.053
2025-01-04 17:00:00,2217.0,1292.8949
2025-01-04 18:00:00,2373.0,1138.058
2025-01-04 19:00:00,1745.0,965.70984
2025-01-04 20:00:00,1520.0,756.9944
2025-01-04 21:00:00,1038.0,556.3622
2025-01-04 22:00:00,480.0,405.7876
2025-01-04 23:00:00,399.0,288.4212
2025-01-05 00:00:00,256.0,248.22192
2025-01-05 01:00:00,149.0,209.12982
2025-01-05 02:00:00,89.0,214.55402
2025-01-05 03:00:00,72.0,262.80402
2025-01-05 04:00:00,118.0,357.21136
2025-01-05 05:00:00,72.0,488.37906
2025-01-05 06:00:00,125.0,644.58136
2025-01-05 07:00:00,183.0,818.31995
2025-01-05 08:00:00,349.0,994.5353
2025-01-05 09:00:00,694.0,1228.2103
2025-01-05 10:00:00,1243.0,1381.93
2025-01-05 11:00:00,1951.0,1506.5708
2025-01-05 12:00:00,2190.0,1594.1271
2025-01-05 13:00:00,2236.0,1637.323
2025-01-05 14:00:00,1712.0,1633.6538
2025-01-05 15:00:00,1179.0,1584.4879
2025-01-05 16:00:00,1396.0,1492.4968
2025-01-05 17:00:00,2368.0,1359.5995
2025-01-05 18:00:00,1520.0,1203.3042
2025-01-05 19:00:00,1115.0,1030.5916
2025-01-05 20:00:00,981.0,821.5115
2025-01-05 21:00:00,443.0,649.7932
2025-01-05 22:00:00,329.0,500.0834
2025-01-05 23:00:00,200.0,379.81754
2025-01-06 00:00:00,97.0,268.77222
2025-01-06 01:00:00,79.0,229.58685
2025-01-06 02:00:00,53.0,235.07886
2025-01-06 03:00:00,64.0,286.79657
2025-01-06 04:00:00,121.0,379.51663
2025-01-06 05:00:00,521.0,504.02893
2025-01-06 06:00:00,1082.0,659.23065
2025-01-06 07:00:00,1294.0,865.4863
2025-01-06 08:00:00,962.0,1045.9161
2025-01-06 09:00:00,912.0,1211.0317
2025-01-06 10:00:00,996.0,1394.4523
2025-01-06 11:00:00,1085.0,1492.98
2025-01-06 12:00:00,1167.0,1582.1885
2025-01-06 13:00:00,1172.0,1656.0833
2025-01-06 14:00:00,1368.0,1650.0906
2025-01-06 15:00:00,1331.0,1571.013
2025-01-06 16:00:00,988.0,1480.6738
2025-01-06 17:00:00,1422.0,1348.5056
2025-01-06 18:00:00,1077.0,1190.0231
2025-01-06 19:00:00,702.0,1022.7789
2025-01-06 20:00:00,459.0,813.9955
2025-01-06 21:00:00,328.0,613.0325
2025-01-06 22:00:00,232.0,460.2959
2025-01-06 23:00:00,99.0,335.49414
2025-01-07 00:00:00,78.0,133.0658
2025-01-07 01:00:00,31.0,117.36804
2025-01-07 02:00:00,40.0,122.92798
2025-01-07 03:00:00,42.0,169.54175
2025-01-07 04:00:00,126.0,262.99084
2025-01-07 05:00:00,564.0,391.87787
2025-01-07 06:00:00,891.0,544.5277
2025-01-07 07:00:00,1995.0,748.23145
2025-01-07 08:00:00,1377.0,921.54065
2025-01-07 09:00:00,976.0,1116.357
2025-01-07 10:00:00,925.0,1277.3884
2025-01-07 11:00:00,829.0,1380.3516
2025-01-07 12:00:00,949.0,1490.6616
2025-01-07 13:00:00,1101.0,1506.6306
2025-01-07 14:00:00,1050.0,1531.4177
2025-01-07 15:00:00,1137.0,1447.3894
2025-01-07 16:00:00,1314.0,1291.8224
2025-01-07 17:00:00,1479.0,1220.6783
2025-01-07 18:00:00,1050.0,1065.1122
2025-01-07 19:00:00,583.0,891.67035
2025-01-07 20:00:00,389.0,681.8611
2025-01-07 21:00:00,297.0,507.9553
2025-01-07 22:00:00,243.0,354.59998
2025-01-07 23:00:00,161.0,232.87585
2025-01-08 00:00:00,80.0,146.92175
2025-01-08 01:00:00,45.0,106.64264
2025-01-08 02:00:00,28.0,114.32202
2025-01-08 03:00:00,36.0,165.31061
2025-01-08 04:00:00,75.0,227.56519
2025-01-08 05:00:00,524.0,356.8676
2025-01-08 06:00:00,1360.0,510.22116
2025-01-08 07:00:00,2039.0,681.08563
2025-01-08 08:00:00,1309.0,860.6583
2025-01-08 09:00:00,990.0,1032.1477
2025-01-08 10:00:00,870.0,1186.1642
2025-01-08 11:00:00,988.0,1310.2793
2025-01-08 12:00:00,1020.0,1399.5906
2025-01-08 13:00:00,1131.0,1506.2766
2025-01-08 14:00:00,1180.0,1509.4589
2025-01-08 15:00:00,1121.0,1457.8367
2025-01-08 16:00:00,1319.0,1363.1981
2025-01-08 17:00:00,1492.0,1230.6655
2025-01-08 18:00:00,1072.0,1076.9221
2025-01-08 19:00:00,653.0,904.2094
2025-01-08 20:00:00,379.0,694.03564
2025-01-08 21:00:00,305.0,522.3172
2025-01-08 22:00:00,242.0,372.60764
2025-01-08 23:00:00,119.0,254.16455
2025-01-09 00:00:00,66.0,176.87445
2025-01-09 01:00:00,35.0,147.09973
2025-01-09 02:00:00,31.0,134.8811
2025-01-09 03:00:00,37.0,210.93414
2025-01-09 04:00:00,106.0,301.46686
2025-01-09 05:00:00,545.0,427.4374
2025-01-09 06:00:00,1667.0,579.35803
2025-01-09 07:00:00,2103.0,782.33264
2025-01-09 08:00:00,1396.0,962.2445
2025-01-09 09:00:00,991.0,1134.4982
2025-01-09 10:00:00,920.0,1310.8762
2025-01-09 11:00:00,964.0,1437.6841
2025-01-09 12:00:00,1057.0,1508.5713
2025-01-09 13:00:00,1150.0,1551.096
2025-01-09 14:00:00,967.0,1547.4065
2025-01-09 15:00:00,503.0,1435.7786
2025-01-09 16:00:00,715.0,1406.6344
2025-01-09 17:00:00,1553.0,1278.1118
2025-01-09 18:00:00,1192.0,1054.6116
2025-01-09 19:00:00,687.0,931.2401
2025-01-09 20:00:00,375.0,714.86865
2025-01-09 21:00:00,279.0,540.9629
2025-01-09 22:00:00,260.0,386.8784
2025-01-09 23:00:00,106.0,262.9668
2025-01-10 00:00:00,64.0,216.14917
2025-01-10 01:00:00,34.0,172.95355
2025-01-10 02:00:00,36.0,175.89355
2025-01-10 03:00:00,33.0,224.33002
2025-01-10 04:00:00,96.0,317.05023
2025-01-10 05:00:00,486.0,445.2082
2025-01-10 06:00:00,1229.0,600.04535
2025-01-10 07:00:00,1846.0,803.3845
2025-01-10 08:00:00,1272.0,982.9318
2025-01-10 09:00:00,990.0,1155.7439
2025-01-10 10:00:00,991.0,1309.4636
2025-01-10 11:00:00,1134.0,1433.0105
2025-01-10 12:00:00,1191.0,1519.4731
2025-01-10 13:00:00,1018.0,1561.94
2025-01-10 14:00:00,799.0,1557.5417
2025-01-10 15:00:00,1434.0,1507.6465
2025-01-10 16:00:00,1494.0,1413.8328
2025-01-10 17:00:00,1648.0,1285.6747
2025-01-10 18:00:00,1146.0,1129.0149
2025-01-10 19:00:00,779.0,955.9376
2025-01-10 20:00:00,513.0,745.3993
2025-01-10 21:00:00,406.0,574.4101
2025-01-10 22:00:00,352.0,422.1484
2025-01-10 23:00:00,223.0,299.33057
2025-01-11 00:00:00,163.0,223.43579
2025-01-11 01:00:00,90.0,180.96918
2025-01-11 02:00:00,70.0,185.00299
2025-01-11 03:00:00,43.0,233.07501
2025-01-11 04:00:00,66.0,325.4306
2025-01-11 05:00:00,158.0,453.22394
2025-01-11 06:00:00,330.0,608.06116
2025-01-11 07:00:00,591.0,809.9421
2025-01-11 08:00:00,818.0,986.5728
2025-01-11 09:00:00,921.0,1157.562
2025-01-11 10:00:00,1290.0,1310.4946
2025-01-11 11:00:00,1485.0,1459.4631
2025-01-11 12:00:00,1509.0,1543.5244
2025-01-11 13:00:00,1561.0,1589.1768
2025-01-11 14:00:00,968.0,1583.9336
2025-01-11 15:00:00,684.0,1533.2515
2025-01-11 16:00:00,1832.0,1419.6987
2025-01-11 17:00:00,1752.0,1291.1385
2025-01-11 18:00:00,741.0,1133.7496
2025-01-11 19:00:00,851.0,958.8495
2025-01-11 20:00:00,600.0,747.21747
2025-01-11 21:00:00,558.0,575.1345
2025-01-11 22:00:00,209.0,421.41458
2025-01-11 23:00:00,282.0,296.04474
2025-01-12 00:00:00,287.0,193.4657
2025-01-12 01:00:00,145.0,150.63458
2025-01-12 02:00:00,53.0,153.21008
2025-01-12 03:00:00,50.0,203.10486
2025-01-12 04:00:00,50.0,294.73132
2025-01-12 05:00:00,66.0,423.25378
2025-01-12 06:00:00,160.0,577.72644
2025-01-12 07:00:00,148.0,781.79474
2025-01-12 08:00:00,400.0,959.8837
2025-01-12 09:00:00,647.0,1131.2375
2025-01-12 10:00:00,822.0,1309.8984
2025-01-12 11:00:00,1320.0,1432.291
2025-01-12 12:00:00,1692.0,1521.3057
2025-01-12 13:00:00,1878.0,1565.5952
2025-01-12 14:00:00,2054.0,1564.6139
2025-01-12 15:00:00,2104.0,1487.7987
2025-01-12 16:00:00,2470.0,1401.357
2025-01-12 17:00:00,2392.0,1269.918
2025-01-12 18:00:00,2160.0,1112.529
2025-01-12 19:00:00,1869.0,938.72266
2025-01-12 20:00:00,2292.0,728.5489
2025-01-12 21:00:00,975.0,557.1952
2025-01-12 22:00:00,386.0,405.298
2025-01-12 23:00:00,139.0,282.48016
2025-01-13 00:00:00,70.0,166.07007
2025-01-13 01:00:00,51.0,124.3327
2025-01-13 02:00:00,31.0,126.17908
2025-01-13 03:00:00,44.0,175.34467
2025-01-13 04:00:00,117.0,264.05457
2025-01-13 05:00:00,761.0,391.4833
2025-01-13 06:00:00,1952.0,548.8725
2025-01-13 07:00:00,2402.0,752.57623
2025-01-13 08:00:00,1632.0,926.15454
2025-01-13 09:00:00,980.0,1120.3373
2025-01-13 10:00:00,990.0,1277.9341
2025-01-13 11:00:00,1014.0,1401.9788
2025-01-13 12:00:00,1048.0,1489.3818
2025-01-13 13:00:00,1216.0,1532.4822
2025-01-13 14:00:00,661.0,1533.0747
2025-01-13 15:00:00,1009.0,1453.8408
2025-01-13 16:00:00,1631.0,1364.0979
2025-01-13 17:00:00,1838.0,1234.8665
2025-01-13 18:00:00,1276.0,1077.1129
2025-01-13 19:00:00,682.0,901.48364
2025-01-13 20:00:00,212.0,691.67444
2025-01-13 21:00:00,316.0,518.8624
2025-01-13 22:00:00,247.0,365.14246
2025-01-13 23:00:00,88.0,244.14746
2025-01-14 00:00:00,64.0,128.1806
2025-01-14 01:00:00,30.0,85.349365
2025-01-14 02:00:00,31.0,89.74768
2025-01-14 03:00:00,49.0,141.10083
2025-01-14 04:00:00,106.0,233.4563
2025-01-14 05:00:00,693.0,361.6142
2025-01-14 06:00:00,1896.0,517.5451
2025-01-14 07:00:00,2433.0,722.70715
2025-01-14 08:00:00,1540.0,900.79614
2025-01-14 09:00:00,1032.0,1071.7853
2025-01-14 10:00:00,974.0,1224.4114
2025-01-14 11:00:00,983.0,1347.9583
2025-01-14 12:00:00,956.0,1433.6918
2025-01-14 13:00:00,1206.0,1471.9341
2025-01-14 14:00:00,1203.0,1493.2639
2025-01-14 15:00:00,1400.0,1445.9412
2025-01-14 16:00:00,1632.0,1329.854
2025-01-14 17:00:00,1203.0,1200.258
2025-01-14 18:00:00,870.0,1042.5044
2025-01-14 19:00:00,706.0,869.4271
2025-01-14 20:00:00,395.0,659.25336
2025-01-14 21:00:00,284.0,488.62863
2025-01-14 22:00:00,236.0,336.36707
2025-01-14 23:00:00,116.0,212.45557
2025-01-15 00:00:00,42.0,124.31525
2025-01-15 01:00:00,35.0,83.67151
2025-01-15 02:00:00,31.0,90.621826
2025-01-15 03:00:00,31.0,142.70398
2025-01-15 04:00:00,104.0,235.05951
2025-01-15 05:00:00,643.0,364.3111
2025-01-15 06:00:00,1894.0,521.7003
2025-01-15 07:00:00,2232.0,726.8623
2025-01-15 08:00:00,1259.0,905.6805
2025-01-15 09:00:00,1060.0,1077.0343
2025-01-15 10:00:00,1047.0,1231.1185
2025-01-15 11:00:00,1086.0,1355.3947
2025-01-15 12:00:00,1192.0,1438.5732
2025-01-15 13:00:00,1074.0,1505.5587
2025-01-15 14:00:00,1289.0,1505.4397
2025-01-15 15:00:00,1322.0,1454.182
2025-01-15 16:00:00,1557.0,1339.958
2025-01-15 17:00:00,1761.0,1212.4337
2025-01-15 18:00:00,1279.0,1056.5029
2025-01-15 19:00:00,749.0,880.50916
2025-01-15 20:00:00,431.0,670.3354
2025-01-15 21:00:00,322.0,498.98154
2025-01-15 22:00:00,238.0,349.2719
2025-01-15 23:00:00,122.0,227.54779
2025-01-16 00:00:00,64.0,172.49176
2025-01-16 01:00:00,51.0,131.11902
2025-01-16 02:00:00,44.0,134.42377
2025-01-16 03:00:00,46.0,185.04736
2025-01-16 04:00:00,116.0,277.76758
2025-01-16 05:00:00,564.0,407.38376
2025-01-16 06:00:00,1816.0,562.5855
2025-01-16 07:00:00,2244.0,766.2893
2025-01-16 08:00:00,1140.0,944.01373
2025-01-16 09:00:00,707.0,1114.6383
2025-01-16 10:00:00,947.0,1292.437
2025-01-16 11:00:00,1029.0,1413.7156
2025-01-16 12:00:00,1029.0,1501.0607
2025-01-16 13:00:00,1302.0,1544.6211
2025-01-16 14:00:00,763.0,1517.1421
2025-01-16 15:00:00,947.0,1495.2812
2025-01-16 16:00:00,1479.0,1374.2029
2025-01-16 17:00:00,1738.0,1248.5795
2025-01-16 18:00:00,1441.0,1091.555
2025-01-16 19:00:00,545.0,917.38416
2025-01-16 20:00:00,391.0,706.84576
2025-01-16 21:00:00,345.0,531.8463
2025-01-16 22:00:00,278.0,379.2201
2025-01-16 23:00:00,112.0,256.76678
2025-01-17 00:00:00,57.0,211.04364
2025-01-17 01:00:00,43.0,170.0354
2025-01-17 02:00:00,27.0,175.16278
2025-01-17 03:00:00,38.0,224.693
2025-01-17 04:00:00,92.0,316.31952
2025-01-17 05:00:00,573.0,445.20657
2025-01-17 06:00:00,1673.0,600.77295
2025-01-17 07:00:00,2044.0,803.7475
2025-01-17 08:00:00,1284.0,981.10736
2025-01-17 09:00:00,1064.0,1152.8257
2025-01-17 10:00:00,619.0,1305.4517
2025-01-17 11:00:00,1054.0,1428.9988
2025-01-17 12:00:00,1162.0,1515.0967
2025-01-17 13:00:00,1405.0,1557.9282
2025-01-17 14:00:00,1370.0,1554.6235
2025-01-17 15:00:00,1728.0,1505.1885
2025-01-17 16:00:00,2093.0,1412.7373
2025-01-17 17:00:00,2016.0,1283.1211
2025-01-17 18:00:00,1002.0,1126.4613
2025-01-17 19:00:00,677.0,953.01953
2025-01-17 20:00:00,482.0,743.5748
2025-01-17 21:00:00,405.0,572.2211
2025-01-17 22:00:00,352.0,419.2303
2025-01-17 23:00:00,203.0,295.31873
2025-01-18 00:00:00,145.0,218.69531
2025-01-18 01:00:00,89.0,176.59332
2025-01-18 02:00:00,53.0,178.80426
2025-01-18 03:00:00,65.0,227.96991
2025-01-18 04:00:00,50.0,321.0547
2025-01-18 05:00:00,157.0,449.57718
2025-01-18 06:00:00,379.0,605.87274
2025-01-18 07:00:00,694.0,809.5764
2025-01-18 08:00:00,690.0,986.5718
2025-01-18 09:00:00,798.0,1156.4673
2025-01-18 10:00:00,1143.0,1309.8224
2025-01-18 11:00:00,1435.0,1433.0048
2025-01-18 12:00:00,1571.0,1518.7383
2025-01-18 13:00:00,1555.0,1561.2051
2025-01-18 14:00:00,1691.0,1579.4246
2025-01-18 15:00:00,2012.0,1529.2402
2025-01-18 16:00:00,2327.0,1413.2107
2025-01-18 17:00:00,1837.0,1285.3043
2025-01-18 18:00:00,1521.0,1127.5509
2025-01-18 19:00:00,887.0,955.5673
2025-01-18 20:00:00,394.0,746.1227
2025-01-18 21:00:00,615.0,576.22723
2025-01-18 22:00:00,564.0,424.69458
2025-01-18 23:00:00,374.0,301.8767
2025-01-19 00:00:00,246.0,199.6626
2025-01-19 01:00:00,170.0,157.56061
2025-01-19 02:00:00,89.0,160.86523
2025-01-19 03:00:00,60.0,210.76001
2025-01-19 04:00:00,58.0,302.38647
2025-01-19 05:00:00,64.0,430.1798
2025-01-19 06:00:00,167.0,585.7462
2025-01-19 07:00:00,230.0,790.1791
2025-01-19 08:00:00,481.0,967.53894
2025-01-19 09:00:00,725.0,1139.6218
2025-01-19 10:00:00,386.0,1292.6124
2025-01-19 11:00:00,1570.0,1415.7948
2025-01-19 12:00:00,833.0,1501.8928
2025-01-19 13:00:00,1730.0,1546.5471
2025-01-19 14:00:00,1574.0,1544.3362
2025-01-19 15:00:00,521.0,1490.7723
2025-01-19 16:00:00,220.0,1404.6375
2025-01-19 17:00:00,2132.0,1273.9275
2025-01-19 18:00:00,1717.0,1117.6323
2025-01-19 19:00:00,2023.0,943.8259
2025-01-19 20:00:00,2402.0,735.11035
2025-01-19 21:00:00,1259.0,562.29834
2025-01-19 22:00:00,477.0,410.4012
2025-01-19 23:00:00,197.0,286.48962
2025-01-20 00:00:00,101.0,170.07971
2025-01-20 01:00:00,59.0,127.24872
2025-01-20 02:00:00,37.0,130.91791
2025-01-20 03:00:00,35.0,180.81262
2025-01-20 04:00:00,144.0,274.99097
2025-01-20 05:00:00,772.0,402.41974
2025-01-20 06:00:00,2040.0,557.9861
2025-01-20 07:00:00,2388.0,760.5961
2025-01-20 08:00:00,1626.0,936.8623
2025-01-20 09:00:00,1036.0,1108.2161
2025-01-20 10:00:00,455.0,1260.4775
2025-01-20 11:00:00,859.0,1385.4828
2025-01-20 12:00:00,1217.0,1471.9453
2025-01-20 13:00:00,1393.0,1515.1412
2025-01-20 14:00:00,1019.0,1511.4719
2025-01-20 15:00:00,761.0,1462.3062
2025-01-20 16:00:00,581.0,1370.3152
2025-01-20 17:00:00,1718.0,1241.428
2025-01-20 18:00:00,1297.0,1083.6746
2025-01-20 19:00:00,447.0,910.96185
2025-01-20 20:00:00,274.0,700.42346
2025-01-20 21:00:00,410.0,531.9863
2025-01-20 22:00:00,312.0,380.8183
2025-01-20 23:00:00,194.0,256.90674
2025-01-21 00:00:00,135.0,140.93976
2025-01-21 01:00:00,65.0,97.379395
2025-01-21 02:00:00,49.0,101.77771
2025-01-21 03:00:00,44.0,151.67255
2025-01-21 04:00:00,117.0,243.29889
2025-01-21 05:00:00,581.0,371.09222
2025-01-21 06:00:00,1955.0,526.65857
2025-01-21 07:00:00,2437.0,729.99774
2025-01-21 08:00:00,1209.0,906.6285
2025-01-21 09:00:00,1094.0,1077.2532
2025-01-21 10:00:00,1047.0,1230.6083
2025-01-21 11:00:00,962.0,1354.8844
2025-01-21 12:00:00,1028.0,1442.0762
2025-01-21 13:00:00,1117.0,1484.5427
2025-01-21 14:00:00,870.0,1481.6027
2025-01-21 15:00:00,1195.0,1430.9786
2025-01-21 16:00:00,1630.0,1337.1648
2025-01-21 17:00:00,1891.0,1207.5487
2025-01-21 18:00:00,1385.0,1050.1595
2025-01-21 19:00:00,761.0,877.08234
2025-01-21 20:00:00,409.0,669.09595
2025-01-21 21:00:00,289.0,497.01297
2025-01-21 22:00:00,334.0,344.7514
2025-01-21 23:00:00,207.0,221.2044
2025-01-22 00:00:00,134.0,134.88678
2025-01-22 01:00:00,54.0,92.78473
2025-01-22 02:00:00,45.0,96.45392
2025-01-22 03:00:00,42.0,144.16132
2025-01-22 04:00:00,132.0,237.61041
2025-01-22 05:00:00,654.0,367.22662
2025-01-22 06:00:00,1915.0,523.15753
2025-01-22 07:00:00,2337.0,728.3196
2025-01-22 08:00:00,821.0,907.13776
2025-01-22 09:00:00,921.0,1080.3143
2025-01-22 10:00:00,1087.0,1234.034
2025-01-22 11:00:00,1085.0,1358.3102
2025-01-22 12:00:00,1245.0,1445.1372
2025-01-22 13:00:00,1251.0,1489.4268
2025-01-22 14:00:00,1272.0,1487.5803
2025-01-22 15:00:00,895.0,1437.6855
2025-01-22 16:00:00,793.0,1346.0591
2025-01-22 17:00:00,1256.0,1215.7139
2025-01-22 18:00:00,1425.0,1057.231
2025-01-22 19:00:00,596.0,882.69556
2025-01-22 20:00:00,497.0,673.2509
2025-01-22 21:00:00,427.0,502.26157
2025-01-22 22:00:00,363.0,349.63544
2025-01-22 23:00:00,185.0,226.08844
2025-01-23 00:00:00,130.0,173.94836
2025-01-23 01:00:00,58.0,133.30481
2025-01-23 02:00:00,49.0,138.43237
2025-01-23 03:00:00,56.0,190.51428
2025-01-23 04:00:00,138.0,280.6825
2025-01-23 05:00:00,603.0,408.47586
2025-01-23 06:00:00,1966.0,567.32336
2025-01-23 07:00:00,2378.0,730.23206
2025-01-23 08:00:00,1711.0,916.0702
2025-01-23 09:00:00,1232.0,1079.8954
2025-01-23 10:00:00,1152.0,1286.5171
2025-01-23 11:00:00,1178.0,1410.4965
2025-01-23 12:00:00,1106.0,1495.1362
2025-01-23 13:00:00,623.0,1535.4155
2025-01-23 14:00:00,885.0,1531.3816
2025-01-23 15:00:00,1368.0,1480.7576
2025-01-23 16:00:00,1496.0,1386.9437
2025-01-23 17:00:00,1647.0,1258.4211
2025-01-23 18:00:00,1283.0,1101.3969
2025-01-23 19:00:00,784.0,926.49677
2025-01-23 20:00:00,521.0,714.13556
2025-01-23 21:00:00,417.0,544.6046
2025-01-23 22:00:00,371.0,388.69724
2025-01-23 23:00:00,195.0,262.2337
2025-01-24 00:00:00,124.0,215.05157
2025-01-24 01:00:00,80.0,174.77246
2025-01-24 02:00:00,65.0,180.99359
2025-01-24 03:00:00,61.0,228.33636
2025-01-24 04:00:00,123.0,320.32745
2025-01-24 05:00:00,540.0,449.57904
2025-01-24 06:00:00,1751.0,604.7808
2025-01-24 07:00:00,2204.0,809.57825
2025-01-24 08:00:00,1493.0,991.313
2025-01-24 09:00:00,1333.0,1162.282
2025-01-24 10:00:00,1298.0,1317.5178
2025-01-24 11:00:00,1304.0,1442.2916
2025-01-24 12:00:00,1459.0,1532.0354
2025-01-24 13:00:00,1572.0,1606.0259
2025-01-24 14:00:00,1009.0,1605.6753
2025-01-24 15:00:00,1601.0,1533.0844
2025-01-24 16:00:00,1034.0,1439.3485
2025-01-24 17:00:00,1658.0,1306.4512
2025-01-24 18:00:00,1080.0,1148.6976
2025-01-24 19:00:00,692.0,976.34955
2025-01-24 20:00:00,649.0,767.2695
2025-01-24 21:00:00,484.0,595.9158
2025-01-24 22:00:00,433.0,442.56033
2025-01-24 23:00:00,277.0,319.01337
2025-01-25 00:00:00,155.0,226.72345
2025-01-25 01:00:00,105.0,181.34033
2025-01-25 02:00:00,71.0,190.47809
2025-01-25 03:00:00,66.0,240.73743
2025-01-25 04:00:00,72.0,332.36395
2025-01-25 05:00:00,159.0,464.89667
2025-01-25 06:00:00,409.0,616.8174
2025-01-25 07:00:00,818.0,822.7085
2025-01-25 08:00:00,858.0,1002.2558
2025-01-25 09:00:00,975.0,1168.4073
2025-01-25 10:00:00,1703.0,1354.8802
2025-01-25 11:00:00,1889.0,1483.3953
2025-01-25 12:00:00,1733.0,1575.344
2025-01-25 13:00:00,1914.0,1597.5914
2025-01-25 14:00:00,1998.0,1620.88
2025-01-25 15:00:00,2121.0,1543.5469
2025-01-25 16:00:00,2369.0,1442.728
2025-01-25 17:00:00,2351.0,1309.0089
2025-01-25 18:00:00,1583.0,1149.4326
2025-01-25 19:00:00,928.0,974.89703
2025-01-25 20:00:00,807.0,765.0878
2025-01-25 21:00:00,604.0,591.91125
2025-01-25 22:00:00,464.0,440.74326
2025-01-25 23:00:00,369.0,325.5813
2025-01-26 00:00:00,272.0,227.74066
2025-01-26 01:00:00,154.0,150.75604
2025-01-26 02:00:00,92.0,150.1521
2025-01-26 03:00:00,65.0,191.53479
2025-01-26 04:00:00,63.0,314.05908
2025-01-26 05:00:00,80.0,442.58154
2025-01-26 06:00:00,150.0,599.2417
2025-01-26 07:00:00,210.0,801.8517
2025-01-26 08:00:00,408.0,977.38873
2025-01-26 09:00:00,833.0,1171.3226
2025-01-26 10:00:00,1219.0,1326.2489
2025-01-26 11:00:00,1806.0,1449.7959
2025-01-26 12:00:00,2201.0,1537.3523
2025-01-26 13:00:00,2366.0,1580.9128
2025-01-26 14:00:00,2414.0,1577.8772
2025-01-26 15:00:00,2455.0,1502.7719
2025-01-26 16:00:00,2010.0,1411.5706
2025-01-26 17:00:00,1731.0,1279.0378
2025-01-26 18:00:00,2070.0,1123.8364
2025-01-26 19:00:00,2342.0,953.3111
2025-01-26 20:00:00,1469.0,743.86646
2025-01-26 21:00:00,880.0,570.68994
2025-01-26 22:00:00,394.0,419.15723
2025-01-26 23:00:00,155.0,293.42285
2025-01-27 00:00:00,74.0,161.85675
2025-01-27 01:00:00,43.0,120.848694
2025-01-27 02:00:00,46.0,126.3407
2025-01-27 03:00:00,41.0,176.59991
2025-01-27 04:00:00,120.0,271.872
2025-01-27 05:00:00,753.0,367.0125
2025-01-27 06:00:00,1977.0,552.6119
2025-01-27 07:00:00,2302.0,758.2063
2025-01-27 08:00:00,1532.0,933.0895
2025-01-27 09:00:00,1056.0,1105.21
2025-01-27 10:00:00,671.0,1261.1072
2025-01-27 11:00:00,1160.0,1384.2417
2025-01-27 12:00:00,1255.0,1407.7793
2025-01-27 13:00:00,1378.0,1518.949
2025-01-27 14:00:00,1425.0,1452.1615
2025-01-27 15:00:00,1333.0,1461.6714
2025-01-27 16:00:00,1677.0,1318.4739
2025-01-27 17:00:00,1551.0,1180.0063
2025-01-27 18:00:00,1137.0,1017.8273
2025-01-27 19:00:00,710.0,859.74774
2025-01-27 20:00:00,506.0,688.2547
2025-01-27 21:00:00,314.0,494.6459
2025-01-27 22:00:00,242.0,368.22058
2025-01-27 23:00:00,81.0,217.9046
2025-01-28 00:00:00,45.0,102.868774
2025-01-28 01:00:00,47.0,61.249817
2025-01-28 02:00:00,29.0,63.867798
2025-01-28 03:00:00,44.0,142.65118
2025-01-28 04:00:00,112.0,213.87555
2025-01-28 05:00:00,608.0,344.24622
2025-01-28 06:00:00,1956.0,492.8096
2025-01-28 07:00:00,1678.0,665.1831
2025-01-28 08:00:00,1528.0,839.14325
2025-01-28 09:00:00,1087.0,1006.1392
2025-01-28 10:00:00,807.0,1219.0348
2025-01-28 11:00:00,1184.0,1341.5559
2025-01-28 12:00:00,1029.0,1428.7476
2025-01-28 13:00:00,1119.0,1473.0371
2025-01-28 14:00:00,1199.0,1469.7324
2025-01-28 15:00:00,1037.0,1419.991
2025-01-28 16:00:00,539.0,1325.2166
2025-01-28 17:00:00,1252.0,1194.9493
2025-01-28 18:00:00,1148.0,1036.1019
2025-01-28 19:00:00,584.0,861.931
2025-01-28 20:00:00,406.0,657.22577
2025-01-28 21:00:00,271.0,486.89777
2025-01-28 22:00:00,224.0,337.98517
2025-01-28 23:00:00,192.0,211.1571
2025-01-29 00:00:00,66.0,124.837524
2025-01-29 01:00:00,30.0,83.82922
2025-01-29 02:00:00,36.0,88.956665
2025-01-29 03:00:00,41.0,135.93494
2025-01-29 04:00:00,123.0,205.48096
2025-01-29 05:00:00,612.0,367.68207
2025-01-29 06:00:00,1827.0,494.97043
2025-01-29 07:00:00,1823.0,729.8687
2025-01-29 08:00:00,1243.0,906.20276
2025-01-29 09:00:00,1037.0,1073.6389
2025-01-29 10:00:00,1040.0,1253.0492
2025-01-29 11:00:00,1121.0,1376.1158
2025-01-29 12:00:00,1102.0,1461.7915
2025-01-29 13:00:00,1244.0,1507.3511
2025-01-29 14:00:00,1245.0,1501.0315
2025-01-29 15:00:00,1343.0,1449.8317
2025-01-29 16:00:00,1677.0,1329.8094
2025-01-29 17:00:00,1435.0,1201.6544
2025-01-29 18:00:00,1220.0,1042.4425
2025-01-29 19:00:00,313.0,866.44867
2025-01-29 20:00:00,480.0,654.8166
2025-01-29 21:00:00,306.0,483.0982
2025-01-29 22:00:00,221.0,327.55548
2025-01-29 23:00:00,157.0,205.83136
2025-01-30 00:00:00,78.0,150.04358
2025-01-30 01:00:00,58.0,109.03546
2025-01-30 02:00:00,40.0,114.1629
2025-01-30 03:00:00,41.0,162.23474
2025-01-30 04:00:00,99.0,253.86115
2025-01-30 05:00:00,626.0,379.46713
2025-01-30 06:00:00,1778.0,536.12714
2025-01-30 07:00:00,2015.0,742.3829
2025-01-30 08:00:00,1278.0,918.64905
2025-01-30 09:00:00,1091.0,1116.6713
2025-01-30 10:00:00,1072.0,1243.0282
2025-01-30 11:00:00,1096.0,1373.8318
2025-01-30 12:00:00,1142.0,1461.8481
2025-01-30 13:00:00,1200.0,1506.56
2025-01-30 14:00:00,1275.0,1504.0221
2025-01-30 15:00:00,1305.0,1458.311
2025-01-30 16:00:00,1655.0,1365.2263
2025-01-30 17:00:00,1748.0,1232.329
2025-01-30 18:00:00,1284.0,1074.94
2025-01-30 19:00:00,711.0,901.13367
2025-01-30 20:00:00,456.0,691.68896
2025-01-30 21:00:00,354.0,522.52264
2025-01-30 22:00:00,243.0,368.4381
2025-01-30 23:00:00,173.0,245.98486
2025-01-31 00:00:00,99.0,169.7254
2025-01-31 01:00:00,48.0,126.9621
2025-01-31 02:00:00,27.0,130.99591
2025-01-31 03:00:00,49.0,209.89783
2025-01-31 04:00:00,103.0,301.15973
2025-01-31 05:00:00,479.0,429.31763
2025-01-31 06:00:00,1571.0,584.88403
2025-01-31 07:00:00,1970.0,727.428
2025-01-31 08:00:00,1228.0,905.44916
2025-01-31 09:00:00,850.0,1076.6248
2025-01-31 10:00:00,1215.0,1225.1473
2025-01-31 11:00:00,1013.0,1346.117
2025-01-31 12:00:00,1065.0,1494.1039
2025-01-31 13:00:00,1484.0,1537.6646
2025-01-31 14:00:00,1558.0,1534.7244
2025-01-31 15:00:00,1747.0,1485.5583
2025-01-31 16:00:00,1882.0,1391.7445
2025-01-31 17:00:00,1891.0,1262.4928
2025-01-31 18:00:00,1463.0,1105.833
2025-01-31 19:00:00,985.0,932.7558
2025-01-31 20:00:00,670.0,723.6757
2025-01-31 21:00:00,464.0,553.0511
2025-01-31 22:00:00,248.0,400.7894
2025-01-31 23:00:00,170.0,277.24237
2025-02-01 00:00:00,149.0,171.38434
2025-02-01 01:00:00,106.0,128.91772
2025-02-01 02:00:00,67.0,132.22235
2025-02-01 03:00:00,44.0,182.11719
2025-02-01 04:00:00,72.0,274.10822
2025-02-01 05:00:00,137.0,402.26614
2025-02-01 06:00:00,422.0,557.4679
2025-02-01 07:00:00,676.0,761.1717
2025-02-01 08:00:00,379.0,938.167
2025-02-01 09:00:00,348.0,1108.7916
2025-02-01 10:00:00,659.0,1260.324
2025-02-01 11:00:00,801.0,1383.1417
2025-02-01 12:00:00,1156.0,1469.2397
2025-02-01 13:00:00,1786.0,1511.3419
2025-02-01 14:00:00,1712.0,1507.6726
2025-02-01 15:00:00,2025.0,1458.1423
2025-02-01 16:00:00,2241.0,1365.4221
2025-02-01 17:00:00,2247.0,1236.8995
2025-02-01 18:00:00,1582.0,1080.2399
2025-02-01 19:00:00,921.0,907.16254
2025-02-01 20:00:00,693.0,697.7179
2025-02-01 21:00:00,588.0,526.36414
2025-02-01 22:00:00,495.0,373.73785
2025-02-01 23:00:00,376.0,250.55548
2025-02-02 00:00:00,225.0,148.3374
2025-02-02 01:00:00,134.0,105.87085
2025-02-02 02:00:00,101.0,110.26929
2025-02-02 03:00:00,73.0,160.89313
2025-02-02 04:00:00,63.0,253.61334
2025-02-02 05:00:00,65.0,382.13577
2025-02-02 06:00:00,156.0,538.0667
2025-02-02 07:00:00,248.0,741.77045
2025-02-02 08:00:00,376.0,919.8595
2025-02-02 09:00:00,806.0,1090.1195
2025-02-02 10:00:00,1080.0,1243.1101
2025-02-02 11:00:00,1599.0,1366.2925
2025-02-02 12:00:00,1352.0,1452.026
2025-02-02 13:00:00,1842.0,1495.2217
2025-02-02 14:00:00,2505.0,1491.5525
2025-02-02 15:00:00,2457.0,1440.564
2025-02-02 16:00:00,2422.0,1348.9375
2025-02-02 17:00:00,2385.0,1220.4149
2025-02-02 18:00:00,2402.0,1064.8489
2025-02-02 19:00:00,2403.0,892.13617
2025-02-02 20:00:00,2364.0,683.0561
2025-02-02 21:00:00,1705.0,512.0669
2025-02-02 22:00:00,722.0,359.4406
2025-02-02 23:00:00,178.0,236.98737
2025-02-03 00:00:00,75.0,195.40955
2025-02-03 01:00:00,51.0,152.21393
2025-02-03 02:00:00,37.0,155.88318
2025-02-03 03:00:00,51.0,205.41333
2025-02-03 04:00:00,119.0,297.40436
2025-02-03 05:00:00,732.0,426.2914
2025-02-03 06:00:00,2090.0,582.5869
2025-02-03 07:00:00,2577.0,786.6552
2025-02-03 08:00:00,1681.0,964.7442
2025-02-03 09:00:00,1127.0,1136.0979
2025-02-03 10:00:00,1088.0,1288.724
2025-02-03 11:00:00,977.0,1408.8337
2025-02-03 12:00:00,1085.0,1523.7703
2025-02-03 13:00:00,1299.0,1565.4297
2025-02-03 14:00:00,1255.0,1564.6595
2025-02-03 15:00:00,1413.0,1512.1924
2025-02-03 16:00:00,1849.0,1396.3743
2025-02-03 17:00:00,1979.0,1266.3933
2025-02-03 18:00:00,1485.0,1109.0044
2025-02-03 19:00:00,866.0,937.0209
2025-02-03 20:00:00,553.0,727.5763
2025-02-03 21:00:00,393.0,556.58704
2025-02-03 22:00:00,245.0,403.59622
2025-02-03 23:00:00,108.0,280.41382
2025-02-04 00:00:00,53.0,162.61926
2025-02-04 01:00:00,37.0,119.4234
2025-02-04 02:00:00,28.0,123.457214
2025-02-04 03:00:00,49.0,172.98755
2025-02-04 04:00:00,103.0,263.8847
2025-02-04 05:00:00,623.0,392.04266
2025-02-04 06:00:00,2013.0,547.2444
2025-02-04 07:00:00,2485.0,750.9482
2025-02-04 08:00:00,1551.0,928.30804
2025-02-04 09:00:00,1089.0,1100.3909
2025-02-04 10:00:00,1051.0,1253.3816
2025-02-04 11:00:00,1020.0,1399.7778
2025-02-04 12:00:00,1015.0,1485.7196
2025-02-04 13:00:00,1157.0,1530.7383
2025-02-04 14:00:00,1296.0,1528.1627
2025-02-04 15:00:00,1455.0,1480.4553
2025-02-04 16:00:00,1841.0,1390.7123
2025-02-04 17:00:00,1978.0,1234.6968
2025-02-04 18:00:00,1440.0,1075.4847
2025-02-04 19:00:00,803.0,900.5847
2025-02-04 20:00:00,521.0,689.6818
2025-02-04 21:00:00,372.0,517.23425
2025-02-04 22:00:00,270.0,363.5144
2025-02-04 23:00:00,119.0,241.06116
2025-02-05 00:00:00,50.0,153.2799
2025-02-05 01:00:00,38.0,110.44873
2025-02-05 02:00:00,24.0,113.753296
2025-02-05 03:00:00,38.0,163.6482
2025-02-05 04:00:00,109.0,256.3683
2025-02-05 05:00:00,621.0,385.25537
2025-02-05 06:00:00,1885.0,541.9154
2025-02-05 07:00:00,2309.0,746.34827
2025-02-05 08:00:00,1483.0,922.61444
2025-02-05 09:00:00,976.0,1094.3328
2025-02-05 10:00:00,1062.0,1247.688
2025-02-05 11:00:00,1059.0,1371.2349
2025-02-05 12:00:00,1137.0,1456.6038
2025-02-05 13:00:00,1277.0,1499.0704
2025-02-05 14:00:00,1311.0,1496.1304
2025-02-05 15:00:00,1303.0,1446.2355
2025-02-05 16:00:00,1353.0,1352.7861
2025-02-05 17:00:00,2128.0,1223.8992
2025-02-05 18:00:00,1372.0,1067.6038
2025-02-05 19:00:00,732.0,894.8912
2025-02-05 20:00:00,535.0,685.44653
2025-02-05 21:00:00,382.0,514.8218
2025-02-05 22:00:00,247.0,361.83105
2025-02-05 23:00:00,114.0,239.3778
2025-02-06 00:00:00,16.0,184.31567
2025-02-06 01:00:00,29.0,141.84918
2025-02-06 02:00:00,33.0,146.61212
2025-02-06 03:00:00,37.0,196.8714
2025-02-06 04:00:00,120.0,289.95605
2025-02-06 05:00:00,635.0,418.8431
2025-02-06 06:00:00,1893.0,574.77405
2025-02-06 07:00:00,2102.0,779.2069
2025-02-06 08:00:00,1434.0,956.93134
2025-02-06 09:00:00,1122.0,1128.6497
2025-02-06 10:00:00,1050.0,1282.0049
2025-02-06 11:00:00,1062.0,1405.5518
2025-02-06 12:00:00,1114.0,1491.2853
2025-02-06 13:00:00,1295.0,1533.752
2025-02-06 14:00:00,1416.0,1531.1764
2025-02-06 15:00:00,1512.0,1481.2815
2025-02-06 16:00:00,1857.0,1389.2905
2025-02-06 17:00:00,1974.0,1260.4033
2025-02-06 18:00:00,1445.0,1105.2018
2025-02-06 19:00:00,852.0,932.1246
2025-02-06 20:00:00,511.0,722.3154
2025-02-06 21:00:00,373.0,552.0553
2025-02-06 22:00:00,258.0,400.15823
2025-02-06 23:00:00,126.0,277.3404
2025-02-07 00:00:00,51.0,230.51666
2025-02-07 01:00:00,43.0,187.68561
2025-02-07 02:00:00,27.0,191.71942
2025-02-07 03:00:00,58.0,240.88501
2025-02-07 04:00:00,92.0,331.7824
2025-02-07 05:00:00,584.0,458.84662
2025-02-07 06:00:00,1641.0,614.7775
2025-02-07 07:00:00,1818.0,817.02295
2025-02-07 08:00:00,1095.0,995.5721
2025-02-07 09:00:00,1137.0,1188.7943
2025-02-07 10:00:00,1201.0,1343.897
2025-02-07 11:00:00,1355.0,1471.839
2025-02-07 12:00:00,1463.0,1533.6846
2025-02-07 13:00:00,1684.0,1602.493
2025-02-07 14:00:00,1794.0,1603.835
2025-02-07 15:00:00,1902.0,1526.444
2025-02-07 16:00:00,2072.0,1437.8324
2025-02-07 17:00:00,2153.0,1306.24
2025-02-07 18:00:00,1024.0,1145.9344
2025-02-07 19:00:00,1164.0,971.0344
2025-02-07 20:00:00,787.0,761.5897
2025-02-07 21:00:00,576.0,590.6006
2025-02-07 22:00:00,414.0,436.88055
2025-02-07 23:00:00,292.0,312.23987
2025-02-08 00:00:00,142.0,236.33832
2025-02-08 01:00:00,101.0,192.41339
2025-02-08 02:00:00,53.0,194.98901
2025-02-08 03:00:00,50.0,243.42554
2025-02-08 04:00:00,64.0,337.60394
2025-02-08 05:00:00,143.0,466.12646
2025-02-08 06:00:00,396.0,621.6929
2025-02-08 07:00:00,463.0,825.39655
2025-02-08 08:00:00,832.0,1003.25415
2025-02-08 09:00:00,1317.0,1198.9531
2025-02-08 10:00:00,2057.0,1351.6167
2025-02-08 11:00:00,1906.0,1457.1521
2025-02-08 12:00:00,2065.0,1546.5891
2025-02-08 13:00:00,2243.0,1591.1652
2025-02-08 14:00:00,2377.0,1611.8989
2025-02-08 15:00:00,2660.0,1564.7471
2025-02-08 16:00:00,2549.0,1446.2986
2025-02-08 17:00:00,2298.0,1318.2593
2025-02-08 18:00:00,1097.0,1161.5994
2025-02-08 19:00:00,290.0,987.06384
2025-02-08 20:00:00,768.0,779.4421
2025-02-08 21:00:00,694.0,610.6403
2025-02-08 22:00:00,527.0,457.2849
2025-02-08 23:00:00,392.0,332.64423
2025-02-09 00:00:00,236.0,226.49011
2025-02-09 01:00:00,125.0,184.02356
2025-02-09 02:00:00,74.0,189.88025
2025-02-09 03:00:00,63.0,237.22302
2025-02-09 04:00:00,51.0,330.67236
2025-02-09 05:00:00,88.0,459.19482
2025-02-09 06:00:00,156.0,616.5841
2025-02-09 07:00:00,200.0,821.0169
2025-02-09 08:00:00,424.0,1000.19965
2025-02-09 09:00:00,804.0,1172.2826
2025-02-09 10:00:00,1015.0,1324.544
2025-02-09 11:00:00,1088.0,1449.1847
2025-02-09 12:00:00,1351.0,1535.2827
2025-02-09 13:00:00,2351.0,1575.944
2025-02-09 14:00:00,2609.0,1575.9028
2025-02-09 15:00:00,2482.0,1525.3542
2025-02-09 16:00:00,2506.0,1458.3245
2025-02-09 17:00:00,1959.0,1302.9425
2025-02-09 18:00:00,2263.0,1142.6371
2025-02-09 19:00:00,1456.0,967.3724
2025-02-09 20:00:00,955.0,755.37573
2025-02-09 21:00:00,799.0,583.6575
2025-02-09 22:00:00,387.0,431.03116
2025-02-09 23:00:00,145.0,307.84875
2025-02-10 00:00:00,74.0,197.30591
2025-02-10 01:00:00,42.0,153.3811
2025-02-10 02:00:00,32.0,157.4148
2025-02-10 03:00:00,45.0,207.30957
2025-02-10 04:00:00,135.0,300.75885
2025-02-10 05:00:00,725.0,428.91672
2025-02-10 06:00:00,2008.0,584.1185
2025-02-10 07:00:00,2479.0,788.1868
2025-02-10 08:00:00,1504.0,966.2759
2025-02-10 09:00:00,992.0,1139.817
2025-02-10 10:00:00,1044.0,1294.8214
2025-02-10 11:00:00,1096.0,1420.4778
2025-02-10 12:00:00,1107.0,1512.16
2025-02-10 13:00:00,1249.0,1580.2998
2025-02-10 14:00:00,1274.0,1549.8812
2025-02-10 15:00:00,1374.0,1504.4796
2025-02-10 16:00:00,1532.0,1412.4885
2025-02-10 17:00:00,1806.0,1280.6849
2025-02-10 18:00:00,1310.0,1122.9314
2025-02-10 19:00:00,813.0,949.8541
2025-02-10 20:00:00,454.0,740.40955
2025-02-10 21:00:00,348.0,568.32666
2025-02-10 22:00:00,201.0,414.2421
2025-02-10 23:00:00,68.0,292.51794
2025-02-11 00:00:00,52.0,175.44794
2025-02-11 01:00:00,27.0,102.81256
2025-02-11 02:00:00,28.0,136.58264
2025-02-11 03:00:00,36.0,186.47754
2025-02-11 04:00:00,127.0,279.99457
2025-02-11 05:00:00,649.0,407.42337
2025-02-11 06:00:00,1002.0,562.98975
2025-02-11 07:00:00,1739.0,767.4226
2025-02-11 08:00:00,1455.0,946.6053
2025-02-11 09:00:00,1038.0,1056.0801
2025-02-11 10:00:00,984.0,1270.5851
2025-02-11 11:00:00,1011.0,1395.9548
2025-02-11 12:00:00,1020.0,1485.6985
2025-02-11 13:00:00,1247.0,1529.988
2025-02-11 14:00:00,1257.0,1526.3188
2025-02-11 15:00:00,1305.0,1413.9417
2025-02-11 16:00:00,1565.0,1382.9746
2025-02-11 17:00:00,1357.0,1256.2751
2025-02-11 18:00:00,522.0,1099.1827
2025-02-11 19:00:00,196.0,864.0131
2025-02-11 20:00:00,273.0,685.3985
2025-02-11 21:00:00,192.0,513.5189
2025-02-11 22:00:00,124.0,361.62195
2025-02-11 23:00:00,109.0,239.92322
2025-02-12 00:00:00,103.0,181.71246
2025-02-12 01:00:00,44.0,139.31366
2025-02-12 02:00:00,29.0,142.61829
2025-02-12 03:00:00,42.0,192.14862
2025-02-12 04:00:00,111.0,284.86877
2025-02-12 05:00:00,676.0,415.5787
2025-02-12 06:00:00,1428.0,540.3828
2025-02-12 07:00:00,1041.0,774.1196
2025-02-12 08:00:00,1461.0,950.75037
2025-02-12 09:00:00,867.0,1122.6469
2025-02-12 10:00:00,991.0,1278.7202
2025-02-12 11:00:00,1036.0,1404.8944
2025-02-12 12:00:00,1140.0,1491.2412
2025-02-12 13:00:00,1385.0,1539.237
2025-02-12 14:00:00,1294.0,1536.2292
2025-02-12 15:00:00,1472.0,1486.4021
2025-02-12 16:00:00,1630.0,1394.7756
2025-02-12 17:00:00,1940.0,1200.1252
2025-02-12 18:00:00,1420.0,1040.7097
2025-02-12 19:00:00,785.0,867.7682
2025-02-12 20:00:00,492.0,718.6185
2025-02-12 21:00:00,354.0,546.9679
2025-02-12 22:00:00,321.0,366.86072
2025-02-12 23:00:00,128.0,270.79486
2025-02-13 00:00:00,80.0,216.82153
2025-02-13 01:00:00,36.0,173.62573
2025-02-13 02:00:00,45.0,175.83673
2025-02-13 03:00:00,51.0,226.82513
2025-02-13 04:00:00,126.0,317.3579
2025-02-13 05:00:00,611.0,446.24493
2025-02-13 06:00:00,1870.0,602.17584
2025-02-13 07:00:00,2312.0,806.9733
2025-02-13 08:00:00,1528.0,926.22565
2025-02-13 09:00:00,1135.0,1097.3759
2025-02-13 10:00:00,1083.0,1254.2919
2025-02-13 11:00:00,973.0,1381.425
2025-02-13 12:00:00,506.0,1462.826
2025-02-13 13:00:00,698.0,1502.0625
2025-02-13 14:00:00,1359.0,1492.8314
2025-02-13 15:00:00,1383.0,1437.9683
2025-02-13 16:00:00,1559.0,1339.7034
2025-02-13 17:00:00,1739.0,1269.8735
2025-02-13 18:00:00,1290.0,1112.5524
2025-02-13 19:00:00,725.0,879.0953
2025-02-13 20:00:00,526.0,695.5548
2025-02-13 21:00:00,372.0,555.76025
2025-02-13 22:00:00,298.0,404.22763
2025-02-13 23:00:00,127.0,282.50348
2025-02-14 00:00:00,78.0,236.0393
2025-02-14 01:00:00,53.0,162.60712
2025-02-14 02:00:00,24.0,165.38617
2025-02-14 03:00:00,53.0,245.97522
2025-02-14 04:00:00,107.0,307.56866
2025-02-14 05:00:00,525.0,464.36917
2025-02-14 06:00:00,1578.0,618.774
2025-02-14 07:00:00,1794.0,821.45184
2025-02-14 08:00:00,1194.0,998.08264
2025-02-14 09:00:00,1011.0,1168.3427
2025-02-14 10:00:00,1046.0,1319.5104
2025-02-14 11:00:00,1276.0,1442.6929
2025-02-14 12:00:00,1222.0,1528.7908
2025-02-14 13:00:00,1470.0,1571.2578
2025-02-14 14:00:00,1176.0,1566.8593
2025-02-14 15:00:00,811.0,1516.5996
2025-02-14 16:00:00,1043.0,1423.8795
2025-02-14 17:00:00,1934.0,1294.9924
2025-02-14 18:00:00,1585.0,1139.0618
2025-02-14 19:00:00,900.0,966.34906
2025-02-14 20:00:00,767.0,756.5398
2025-02-14 21:00:00,497.0,585.55066
2025-02-14 22:00:00,423.0,434.0181
2025-02-14 23:00:00,201.0,310.47107
2025-02-15 00:00:00,157.0,192.97424
2025-02-15 01:00:00,99.0,149.04932
2025-02-15 02:00:00,51.0,151.62482
2025-02-15 03:00:00,66.0,202.24878
2025-02-15 04:00:00,59.0,294.2398
2025-02-15 05:00:00,137.0,420.21036
2025-02-15 06:00:00,397.0,573.95386
2025-02-15 07:00:00,707.0,774.2984
2025-02-15 08:00:00,1012.0,974.794
2025-02-15 09:00:00,1080.0,1147.2415
2025-02-15 10:00:00,1760.0,1302.4194
2025-02-15 11:00:00,2061.0,1432.9741
2025-02-15 12:00:00,1503.0,1520.1658
2025-02-15 13:00:00,2191.0,1539.6473
2025-02-15 14:00:00,2166.0,1559.71
2025-02-15 15:00:00,2468.0,1507.5293
2025-02-15 16:00:00,2392.0,1420.7809
2025-02-15 17:00:00,2274.0,1265.4163
2025-02-15 18:00:00,2427.0,1108.392
2025-02-15 19:00:00,1426.0,936.4084
2025-02-15 20:00:00,340.0,726.23456
2025-02-15 21:00:00,689.0,554.51624
2025-02-15 22:00:00,629.0,400.43173
2025-02-15 23:00:00,425.0,276.52014
2025-02-16 00:00:00,303.0,174.29248
2025-02-16 01:00:00,160.0,132.91962
2025-02-16 02:00:00,79.0,138.04712
2025-02-16 03:00:00,55.0,187.21277
2025-02-16 04:00:00,56.0,279.56836
2025-02-16 05:00:00,81.0,407.72626
2025-02-16 06:00:00,128.0,564.0218
2025-02-16 07:00:00,199.0,768.0901
2025-02-16 08:00:00,420.0,946.9082
2025-02-16 09:00:00,714.0,1118.9911
2025-02-16 10:00:00,1130.0,1271.9817
2025-02-16 11:00:00,1722.0,1397.7161
2025-02-16 12:00:00,1997.0,1483.9675
2025-02-16 13:00:00,2150.0,1528.717
2025-02-16 14:00:00,2548.0,1525.6814
2025-02-16 15:00:00,2568.0,1477.6094
2025-02-16 16:00:00,2719.0,1384.7358
2025-02-16 17:00:00,2592.0,1254.7551
2025-02-16 18:00:00,2232.0,1097.3661
2025-02-16 19:00:00,2063.0,925.7472
2025-02-16 20:00:00,1880.0,715.9379
2025-02-16 21:00:00,504.0,545.3133
2025-02-16 22:00:00,305.0,393.78076
2025-02-16 23:00:00,178.0,270.59833
2025-02-17 00:00:00,72.0,166.32806
2025-02-17 01:00:00,48.0,123.86145
2025-02-17 02:00:00,32.0,127.5307
2025-02-17 03:00:00,48.0,177.06097
2025-02-17 04:00:00,121.0,268.68738
2025-02-17 05:00:00,729.0,396.8453
2025-02-17 06:00:00,2082.0,552.4116
2025-02-17 07:00:00,2487.0,756.8445
2025-02-17 08:00:00,1565.0,934.93353
2025-02-17 09:00:00,1207.0,1106.2872
2025-02-17 10:00:00,1091.0,1258.9133
2025-02-17 11:00:00,1093.0,1382.4602
2025-02-17 12:00:00,1152.0,1469.2874
2025-02-17 13:00:00,1316.0,1512.1187
2025-02-17 14:00:00,1442.0,1508.085
2025-02-17 15:00:00,1485.0,1458.19
2025-02-17 16:00:00,1803.0,1366.199
2025-02-17 17:00:00,2056.0,1237.3119
2025-02-17 18:00:00,1448.0,1080.652
2025-02-17 19:00:00,862.0,907.21014
2025-02-17 20:00:00,596.0,697.401
2025-02-17 21:00:00,337.0,526.41174
2025-02-17 22:00:00,244.0,374.5147
2025-02-17 23:00:00,122.0,251.69684
2025-02-18 00:00:00,56.0,133.89178
2025-02-18 01:00:00,32.0,91.42517
2025-02-18 02:00:00,24.0,95.09436
2025-02-18 03:00:00,51.0,144.98926
2025-02-18 04:00:00,108.0,236.6156
2025-02-18 05:00:00,683.0,364.7735
2025-02-18 06:00:00,1822.0,520.70435
2025-02-18 07:00:00,2443.0,725.13727
2025-02-18 08:00:00,1584.0,902.8617
2025-02-18 09:00:00,1070.0,1074.2155
2025-02-18 10:00:00,1039.0,1226.8416
2025-02-18 11:00:00,1000.0,1350.0239
2025-02-18 12:00:00,1034.0,1436.1218
2025-02-18 13:00:00,1227.0,1479.6823
2025-02-18 14:00:00,1337.0,1476.7422
2025-02-18 15:00:00,1433.0,1426.8473
2025-02-18 16:00:00,1752.0,1335.5854
2025-02-18 17:00:00,2010.0,1206.6985
2025-02-18 18:00:00,1465.0,1049.3093
2025-02-18 19:00:00,864.0,876.2321
2025-02-18 20:00:00,483.0,666.42285
2025-02-18 21:00:00,362.0,495.79813
2025-02-18 22:00:00,248.0,343.53656
2025-02-18 23:00:00,127.0,220.35419
2025-02-19 00:00:00,45.0,133.65588
2025-02-19 01:00:00,41.0,91.18921
2025-02-19 02:00:00,47.0,92.3064
2025-02-19 03:00:00,44.0,140.74304
2025-02-19 04:00:00,106.0,232.36938
2025-02-19 05:00:00,619.0,360.52734
2025-02-19 06:00:00,1867.0,516.8229
2025-02-19 07:00:00,2328.0,720.8911
2025-02-19 08:00:00,1493.0,898.6156
2025-02-19 09:00:00,1079.0,1070.6985
2025-02-19 10:00:00,1105.0,1224.0536
2025-02-19 11:00:00,1142.0,1348.3297
2025-02-19 12:00:00,1155.0,1461.8833
2025-02-19 13:00:00,1320.0,1502.8687
2025-02-19 14:00:00,1354.0,1502.116
2025-02-19 15:00:00,1409.0,1456.8071
2025-02-19 16:00:00,1790.0,1343.5234
2025-02-19 17:00:00,1985.0,1213.3894
2025-02-19 18:00:00,1549.0,1053.4482
2025-02-19 19:00:00,922.0,878.9128
2025-02-19 20:00:00,549.0,668.37445
2025-02-19 21:00:00,418.0,497.02057
2025-02-19 22:00:00,282.0,344.02985
2025-02-19 23:00:00,222.0,220.84741
2025-02-20 00:00:00,73.0,165.77411
2025-02-20 01:00:00,34.0,122.57837
2025-02-20 02:00:00,42.0,126.61218
2025-02-20 03:00:00,46.0,176.1424
2025-02-20 04:00:00,107.0,268.86255
2025-02-20 05:00:00,652.0,398.11417
2025-02-20 06:00:00,1092.0,555.5033
2025-02-20 07:00:00,1626.0,759.57166
2025-02-20 08:00:00,1512.0,939.4835
2025-02-20 09:00:00,1092.0,1111.2018
2025-02-20 10:00:00,1087.0,1265.2861
2025-02-20 11:00:00,1084.0,1390.656
2025-02-20 12:00:00,1127.0,1480.3997
2025-02-20 13:00:00,1321.0,1527.7012
2025-02-20 14:00:00,1394.0,1527.371
2025-02-20 15:00:00,1506.0,1480.2393
2025-02-20 16:00:00,1788.0,1387.3832
2025-02-20 17:00:00,2000.0,1261.184
2025-02-20 18:00:00,1616.0,1098.3264
2025-02-20 19:00:00,889.0,922.6972
2025-02-20 20:00:00,593.0,711.7943
2025-02-20 21:00:00,440.0,539.7114
2025-02-20 22:00:00,303.0,385.9915
2025-02-20 23:00:00,141.0,263.5382
2025-02-21 00:00:00,56.0,213.78644
2025-02-21 01:00:00,55.0,170.95532
2025-02-21 02:00:00,34.0,174.62457
2025-02-21 03:00:00,54.0,223.06104
2025-02-21 04:00:00,117.0,313.5938
2025-02-21 05:00:00,539.0,441.38718
2025-02-21 06:00:00,1717.0,596.22437
2025-02-21 07:00:00,2035.0,801.0218
2025-02-21 08:00:00,1350.0,980.91345
2025-02-21 09:00:00,946.0,1177.8218
2025-02-21 10:00:00,1214.0,1332.7104
2025-02-21 11:00:00,1360.0,1459.9032
2025-02-21 12:00:00,1441.0,1550.376
2025-02-21 13:00:00,1658.0,1597.2175
2025-02-21 14:00:00,1666.0,1598.2876
2025-02-21 15:00:00,2047.0,1551.6738
2025-02-21 16:00:00,2294.0,1458.8784
2025-02-21 17:00:00,2440.0,1305.9153
2025-02-21 18:00:00,2033.0,1143.0577
2025-02-21 19:00:00,1241.0,970.3451
2025-02-21 20:00:00,878.0,756.89014
2025-02-21 21:00:00,646.0,584.80725
2025-02-21 22:00:00,512.0,431.81647
2025-02-21 23:00:00,361.0,308.26953
2025-02-22 00:00:00,242.0,335.75635
2025-02-22 01:00:00,126.0,293.28973
2025-02-22 02:00:00,59.0,295.1361
2025-02-22 03:00:00,58.0,341.74988
2025-02-22 04:00:00,92.0,433.01175
2025-02-22 05:00:00,178.0,560.44055
2025-02-22 06:00:00,468.0,714.184
2025-02-22 07:00:00,756.0,918.6169
2025-02-22 08:00:00,1274.0,1099.6224
2025-02-22 09:00:00,1469.0,1276.8093
2025-02-22 10:00:00,1852.0,1432.7164
2025-02-22 11:00:00,2308.0,1583.8696
2025-02-22 12:00:00,2311.0,1672.346
2025-02-22 13:00:00,2140.0,1695.4731
2025-02-22 14:00:00,2212.0,1727.1118
2025-02-22 15:00:00,2344.0,1649.5098
2025-02-22 16:00:00,2373.0,1557.137
2025-02-22 17:00:00,2350.0,1424.2395
2025-02-22 18:00:00,2195.0,1261.0173
2025-02-22 19:00:00,1371.0,1086.1173
2025-02-22 20:00:00,1010.0,875.579
2025-02-22 21:00:00,857.0,702.4024
2025-02-22 22:00:00,649.0,549.047
2025-02-22 23:00:00,418.0,426.5937
2025-02-23 00:00:00,260.0,323.9945
2025-02-23 01:00:00,119.0,281.16345
2025-02-23 02:00:00,76.0,286.2909
2025-02-23 03:00:00,59.0,336.91486
2025-02-23 04:00:00,64.0,427.44763
2025-02-23 05:00:00,80.0,553.7827
2025-02-23 06:00:00,156.0,708.2554
2025-02-23 07:00:00,225.0,911.59454
2025-02-23 08:00:00,449.0,1091.5063
2025-02-23 09:00:00,884.0,1262.4956
2025-02-23 10:00:00,1354.0,1415.4861
2025-02-23 11:00:00,1967.0,1537.5748
2025-02-23 12:00:00,2150.0,1627.6832
2025-02-23 13:00:00,2439.0,1673.4309
2025-02-23 14:00:00,2446.0,1668.9646
2025-02-23 15:00:00,2454.0,1618.7053
2025-02-23 16:00:00,2391.0,1462.8414
2025-02-23 17:00:00,2518.0,1394.9784
2025-02-23 18:00:00,2565.0,1238.6831
2025-02-23 19:00:00,1796.0,1064.1477
2025-02-23 20:00:00,1590.0,855.06757
2025-02-23 21:00:00,1021.0,682.9847
2025-02-23 22:00:00,468.0,531.0875
2025-02-23 23:00:00,209.0,404.624
2025-02-24 00:00:00,74.0,237.30988
2025-02-24 01:00:00,48.0,193.74982
2025-02-24 02:00:00,38.0,195.59613
2025-02-24 03:00:00,41.0,245.49078
2025-02-24 04:00:00,115.0,337.4818
2025-02-24 05:00:00,773.0,466.00433
2025-02-24 06:00:00,1996.0,621.20605
2025-02-24 07:00:00,2379.0,827.8264
2025-02-24 08:00:00,1539.0,1008.4674
2025-02-24 09:00:00,1233.0,1180.7036
2025-02-24 10:00:00,1271.0,1333.4049
2025-02-24 11:00:00,1249.0,1463.6501
2025-02-24 12:00:00,1306.0,1552.3
2025-02-24 13:00:00,1455.0,1595.8605
2025-02-24 14:00:00,1400.0,1593.6495
2025-02-24 15:00:00,1414.0,1543.39
2025-02-24 16:00:00,1363.0,1451.3989
2025-02-24 17:00:00,1677.0,1320.3245
2025-02-24 18:00:00,1036.0,1162.2064
2025-02-24 19:00:00,315.0,988.7646
2025-02-24 20:00:00,524.0,777.8617
2025-02-24 21:00:00,383.0,605.0497
2025-02-24 22:00:00,251.0,453.1525
2025-02-24 23:00:00,103.0,328.8764
2025-02-25 00:00:00,57.0,211.06421
2025-02-25 01:00:00,40.0,170.78491
2025-02-25 02:00:00,26.0,174.81873
2025-02-25 03:00:00,49.0,223.61987
2025-02-25 04:00:00,111.0,314.88165
2025-02-25 05:00:00,697.0,444.1333
2025-02-25 06:00:00,1737.0,601.1579
2025-02-25 07:00:00,2211.0,803.03876
2025-02-25 08:00:00,1068.0,983.3152
2025-02-25 09:00:00,1098.0,1155.3981
2025-02-25 10:00:00,1130.0,1309.4824
2025-02-25 11:00:00,1141.0,1434.123
2025-02-25 12:00:00,1210.0,1522.044
2025-02-25 13:00:00,1262.0,1564.8752
2025-02-25 14:00:00,1375.0,1560.1123
2025-02-25 15:00:00,1372.0,1509.4882
2025-02-25 16:00:00,1635.0,1415.8654
2025-02-25 17:00:00,1796.0,1285.6532
2025-02-25 18:00:00,1272.0,1129.7628
2025-02-25 19:00:00,761.0,954.1336
2025-02-25 20:00:00,428.0,746.8764
2025-02-25 21:00:00,346.0,575.15796
2025-02-25 22:00:00,255.0,421.80267
2025-02-25 23:00:00,122.0,296.43286
2025-02-26 00:00:00,50.0,208.26892
2025-02-26 01:00:00,51.0,168.71881
2025-02-26 02:00:00,28.0,171.65887
2025-02-26 03:00:00,47.0,219.3664
2025-02-26 04:00:00,112.0,310.99274
2025-02-26 05:00:00,661.0,439.87976
2025-02-26 06:00:00,1748.0,595.3783
2025-02-26 07:00:00,2246.0,798.7853
2025-02-26 08:00:00,1519.0,976.50977
2025-02-26 09:00:00,1060.0,1083.9482
2025-02-26 10:00:00,1123.0,1235.506
2025-02-26 11:00:00,1213.0,1356.2467
2025-02-26 12:00:00,1203.0,1442.7092
2025-02-26 13:00:00,1421.0,1485.3115
2025-02-26 14:00:00,1343.0,1482.0747
2025-02-26 15:00:00,1102.0,1494.6622
2025-02-26 16:00:00,710.0,1339.0951
2025-02-26 17:00:00,1719.0,1271.5968
2025-02-26 18:00:00,1338.0,1116.0305
2025-02-26 19:00:00,770.0,941.8596
2025-02-26 20:00:00,448.0,731.6858
2025-02-26 21:00:00,373.0,558.50916
2025-02-26 22:00:00,274.0,404.78928
2025-02-26 23:00:00,160.0,277.59662
2025-02-27 00:00:00,82.0,223.60938
2025-02-27 01:00:00,34.0,179.68463
2025-02-27 02:00:00,52.0,181.89563
2025-02-27 03:00:00,85.0,232.88403
2025-02-27 04:00:00,83.0,324.14587
2025-02-27 05:00:00,676.0,451.57468
2025-02-27 06:00:00,1770.0,609.32837
2025-02-27 07:00:00,2086.0,817.407
2025-02-27 08:00:00,1420.0,998.048
2025-02-27 09:00:00,1132.0,1104.6641
2025-02-27 10:00:00,1095.0,1257.2053
2025-02-27 11:00:00,1069.0,1439.6738
2025-02-27 12:00:00,1145.0,1463.0859
2025-02-27 13:00:00,1217.0,1567.874
2025-02-27 14:00:00,1201.0,1566.0953
2025-02-27 15:00:00,1312.0,1518.3878
2025-02-27 16:00:00,1561.0,1426.7615
2025-02-27 17:00:00,1793.0,1298.0276
2025-02-27 18:00:00,1286.0,1139.7562
2025-02-27 19:00:00,754.0,966.67896
2025-02-27 20:00:00,470.0,758.32806
2025-02-27 21:00:00,378.0,587.33887
2025-02-27 22:00:00,282.0,433.6189
2025-02-27 23:00:00,238.0,310.43646
2025-02-28 00:00:00,81.0,262.90662
2025-02-28 01:00:00,44.0,220.07544
2025-02-28 02:00:00,53.0,222.28644
2025-02-28 03:00:00,66.0,272.9104
2025-02-28 04:00:00,102.0,364.53687
2025-02-28 05:00:00,567.0,491.60107
2025-02-28 06:00:00,1595.0,648.99023
2025-02-28 07:00:00,1445.0,853.4231
2025-02-28 08:00:00,983.0,1033.6996
2025-02-28 09:00:00,1029.0,1206.5116
2025-02-28 10:00:00,1193.0,1359.5022
2025-02-28 11:00:00,1294.0,1484.5074
2025-02-28 12:00:00,1346.0,1572.0637
2025-02-28 13:00:00,1553.0,1615.9309
2025-02-28 14:00:00,1642.0,1613.7777
2025-02-28 15:00:00,1791.0,1563.1537
2025-02-28 16:00:00,2093.0,1470.4336
2025-02-28 17:00:00,2326.0,1340.4528
2025-02-28 18:00:00,1928.0,1183.0637
2025-02-28 19:00:00,1232.0,1008.5282
2025-02-28 20:00:00,869.0,798.719
2025-02-28 21:00:00,592.0,628.4589
2025-02-28 22:00:00,487.0,475.10358
2025-02-28 23:00:00,346.0,350.4629
2025-03-01 00:00:00,164.0,317.5838
2025-03-01 01:00:00,114.0,275.11737
2025-03-01 02:00:00,45.0,277.6928
2025-03-01 03:00:00,61.0,326.85846
2025-03-01 04:00:00,72.0,419.21405
2025-03-01 05:00:00,153.0,548.4657
2025-03-01 06:00:00,470.0,704.3966
2025-03-01 07:00:00,756.0,908.82947
2025-03-01 08:00:00,1054.0,1086.9185
2025-03-01 09:00:00,1334.0,1259.366
2025-03-01 10:00:00,1973.0,1412.7211
2025-03-01 11:00:00,2368.0,1536.6327
2025-03-01 12:00:00,2136.0,1623.8245
2025-03-01 13:00:00,2028.0,1668.8433
2025-03-01 14:00:00,1938.0,1664.0803
2025-03-01 15:00:00,1998.0,1614.1852
2025-03-01 16:00:00,2138.0,1521.1005
2025-03-01 17:00:00,2147.0,1391.4841
2025-03-01 18:00:00,1509.0,1234.4598
2025-03-01 19:00:00,962.0,1061.0181
2025-03-01 20:00:00,765.0,850.4797
2025-03-01 21:00:00,565.0,677.3031
2025-03-01 22:00:00,489.0,522.854
2025-03-01 23:00:00,313.0,400.4007
2025-03-02 00:00:00,198.0,320.563
2025-03-02 01:00:00,139.0,278.09644
2025-03-02 02:00:00,119.0,281.40106
2025-03-02 03:00:00,80.0,330.93127
2025-03-02 04:00:00,66.0,422.55777
2025-03-02 05:00:00,85.0,550.3512
2025-03-02 06:00:00,105.0,705.55286
2025-03-02 07:00:00,203.0,910.35034
2025-03-02 08:00:00,440.0,1089.533
2025-03-02 09:00:00,842.0,1261.616
2025-03-02 10:00:00,1178.0,1415.3357
2025-03-02 11:00:00,1645.0,1538.4023
2025-03-02 12:00:00,1751.0,1626.7457
2025-03-02 13:00:00,1948.0,1666.542
2025-03-02 14:00:00,2318.0,1687.1049
2025-03-02 15:00:00,2450.0,1641.009
2025-03-02 16:00:00,2432.0,1549.6892
2025-03-02 17:00:00,2411.0,1425.469
2025-03-02 18:00:00,2256.0,1239.2618
2025-03-02 19:00:00,2343.0,1062.1743
2025-03-02 20:00:00,1664.0,850.54224
2025-03-02 21:00:00,1001.0,677.7302
2025-03-02 22:00:00,420.0,524.01025
2025-03-02 23:00:00,168.0,400.82788
2025-03-03 00:00:00,82.0,249.43207
2025-03-03 01:00:00,49.0,204.04913
2025-03-03 02:00:00,41.0,207.35364
2025-03-03 03:00:00,47.0,256.15472
2025-03-03 04:00:00,112.0,349.2395
2025-03-03 05:00:00,781.0,475.9391
2025-03-03 06:00:00,1983.0,630.77625
2025-03-03 07:00:00,1820.0,859.8436
2025-03-03 08:00:00,1516.0,1038.141
2025-03-03 09:00:00,1231.0,1212.0845
2025-03-03 10:00:00,1169.0,1369.4498
2025-03-03 11:00:00,1276.0,1498.83
2025-03-03 12:00:00,1327.0,1588.5737
2025-03-03 13:00:00,1298.0,1636.5089
2025-03-03 14:00:00,1309.0,1635.3916
2025-03-03 15:00:00,1513.0,1589.1423
2025-03-03 16:00:00,1644.0,1497.1514
2025-03-03 17:00:00,1861.0,1368.9585
2025-03-03 18:00:00,1416.0,1182.3491
2025-03-03 19:00:00,863.0,1005.2616
2025-03-03 20:00:00,519.0,791.0775
2025-03-03 21:00:00,337.0,619.35925
2025-03-03 22:00:00,248.0,465.63925
2025-03-03 23:00:00,108.0,340.9986
2025-03-04 00:00:00,59.0,222.08423
2025-03-04 01:00:00,46.0,177.43018
2025-03-04 02:00:00,33.0,182.55768
2025-03-04 03:00:00,47.0,228.07764
2025-03-04 04:00:00,98.0,320.06866
2025-03-04 05:00:00,735.0,447.49747
2025-03-04 06:00:00,1958.0,602.3346
2025-03-04 07:00:00,1716.0,830.9795
2025-03-04 08:00:00,1543.0,1009.737
2025-03-04 09:00:00,1082.0,1185.1011
2025-03-04 10:00:00,1048.0,1342.4666
2025-03-04 11:00:00,1132.0,1472.9402
2025-03-04 12:00:00,1142.0,1564.1423
2025-03-04 13:00:00,1259.0,1610.9838
2025-03-04 14:00:00,1204.0,1611.3247
2025-03-04 15:00:00,1325.0,1564.3464
2025-03-04 16:00:00,1695.0,1471.9908
2025-03-04 17:00:00,1779.0,1343.5868
2025-03-04 18:00:00,1332.0,1156.824
2025-03-04 19:00:00,729.0,979.73645
2025-03-04 20:00:00,489.0,766.28156
2025-03-04 21:00:00,339.0,592.37573
2025-03-04 22:00:00,271.0,437.92676
2025-03-04 23:00:00,119.0,314.0152
2025-03-05 00:00:00,56.0,224.3844
2025-03-05 01:00:00,36.0,181.55328
2025-03-05 02:00:00,28.0,183.03497
2025-03-05 03:00:00,57.0,231.10706
2025-03-05 04:00:00,98.0,323.09796
2025-03-05 05:00:00,647.0,449.43307
2025-03-05 06:00:00,1926.0,604.9994
2025-03-05 07:00:00,2349.0,835.3716
2025-03-05 08:00:00,1516.0,1013.86005
2025-03-05 09:00:00,1143.0,1188.4949
2025-03-05 10:00:00,1134.0,1345.1312
2025-03-05 11:00:00,1146.0,1476.3342
2025-03-05 12:00:00,1131.0,1568.2653
2025-03-05 13:00:00,1323.0,1616.2004
2025-03-05 14:00:00,1280.0,1615.8123
2025-03-05 15:00:00,1469.0,1568.834
2025-03-05 16:00:00,1726.0,1477.572
2025-03-05 17:00:00,1975.0,1351.451
2025-03-05 18:00:00,1536.0,1164.2281
2025-03-05 19:00:00,833.0,986.0469
2025-03-05 20:00:00,544.0,771.4983
2025-03-05 21:00:00,362.0,599.4153
2025-03-05 22:00:00,248.0,441.68518
2025-03-05 23:00:00,122.0,317.0445
2025-03-06 00:00:00,73.0,259.03833
2025-03-06 01:00:00,47.0,215.84271
2025-03-06 02:00:00,51.0,216.2309
2025-03-06 03:00:00,48.0,265.39636
2025-03-06 04:00:00,93.0,359.21027
2025-03-06 05:00:00,690.0,486.2745
2025-03-06 06:00:00,1941.0,640.3825
2025-03-06 07:00:00,2390.0,870.73456
2025-03-06 08:00:00,1579.0,1047.4204
2025-03-06 09:00:00,1119.0,1225.7009
2025-03-06 10:00:00,1078.0,1384.5247
2025-03-06 11:00:00,1146.0,1517.915
2025-03-06 12:00:00,1123.0,1609.8461
2025-03-06 13:00:00,1326.0,1655.594
2025-03-06 14:00:00,1341.0,1654.8412
2025-03-06 15:00:00,1486.0,1607.1338
2025-03-06 16:00:00,1866.0,1516.4678
2025-03-06 17:00:00,2034.0,1363.0823
2025-03-06 18:00:00,1390.0,1199.2467
2025-03-06 19:00:00,861.0,1022.8883
2025-03-06 20:00:00,502.0,809.06885
2025-03-06 21:00:00,368.0,635.1631
2025-03-06 22:00:00,297.0,478.8912
2025-03-06 23:00:00,126.0,353.88593
2025-03-07 00:00:00,72.0,307.03418
2025-03-07 01:00:00,42.0,262.7447
2025-03-07 02:00:00,34.0,265.6848
2025-03-07 03:00:00,47.0,313.02765
2025-03-07 04:00:00,112.0,402.83127
2025-03-07 05:00:00,583.0,529.8955
2025-03-07 06:00:00,1774.0,685.0972
2025-03-07 07:00:00,1992.0,912.9552
2025-03-07 08:00:00,1390.0,1093.958
2025-03-07 09:00:00,1119.0,1269.6865
2025-03-07 10:00:00,1175.0,1428.5103
2025-03-07 11:00:00,1383.0,1557.1611
2025-03-07 12:00:00,1466.0,1647.634
2025-03-07 13:00:00,1594.0,1695.2048
2025-03-07 14:00:00,1704.0,1693.3584
2025-03-07 15:00:00,1892.0,1645.2863
2025-03-07 16:00:00,2159.0,1552.9307
2025-03-07 17:00:00,2352.0,1423.375
2025-03-07 18:00:00,1842.0,1234.4827
2025-03-07 19:00:00,1215.0,1056.666
2025-03-07 20:00:00,743.0,843.94025
2025-03-07 21:00:00,573.0,668.2117
2025-03-07 22:00:00,445.0,514.8563
2025-03-07 23:00:00,304.0,389.851
2025-03-08 00:00:00,178.0,331.92902
2025-03-08 01:00:00,90.0,285.0876
2025-03-08 02:00:00,70.0,292.40247
2025-03-08 03:00:00,61.0,341.56824
2025-03-08 04:00:00,58.0,430.64273
2025-03-08 05:00:00,168.0,557.3424
2025-03-08 06:00:00,515.0,711.0859
2025-03-08 07:00:00,897.0,940.07513
2025-03-08 08:00:00,1274.0,1122.1339
2025-03-08 09:00:00,1678.0,1298.227
2025-03-08 10:00:00,2124.0,1457.0508
2025-03-08 11:00:00,2401.0,1586.0664
2025-03-08 12:00:00,2177.0,1677.9974
2025-03-08 13:00:00,2130.0,1725.5681
2025-03-08 14:00:00,2179.0,1726.6383
2025-03-08 15:00:00,2202.0,1678.2015
2025-03-08 16:00:00,2444.0,1586.5752
2025-03-08 17:00:00,2516.0,1457.8442
2025-03-08 18:00:00,1799.0,1270.6792
2025-03-08 19:00:00,1081.0,1090.3105
2025-03-08 20:00:00,870.0,876.4911
2025-03-08 21:00:00,674.0,701.1271
2025-03-08 22:00:00,501.0,548.1362
2025-03-08 23:00:00,409.0,423.49554
2025-03-09 00:00:00,244.0,322.7021
2025-03-09 01:00:00,178.0,279.5064
2025-03-09 02:00:00,90.0,282.08185
2025-03-09 03:00:00,65.0,330.88293
2025-03-09 04:00:00,56.0,420.6866
2025-03-09 05:00:00,75.0,546.29254
2025-03-09 06:00:00,163.0,701.85895
2025-03-09 07:00:00,291.0,931.5773
2025-03-09 08:00:00,510.0,1112.907
2025-03-09 09:00:00,1003.0,1290.0939
2025-03-09 10:00:00,1532.0,1450.3757
2025-03-09 11:00:00,2145.0,1577.5685
2025-03-09 12:00:00,2443.0,1670.9579
2025-03-09 13:00:00,2552.0,1715.8811
2025-03-09 14:00:00,2518.0,1718.6207
2025-03-09 15:00:00,2616.0,1645.7406
2025-03-09 16:00:00,2497.0,1555.9397
2025-03-09 17:00:00,2605.0,1422.889
2025-03-09 18:00:00,2113.0,1261.4521
2025-03-09 19:00:00,1941.0,1084.0001
2025-03-09 20:00:00,1636.0,873.46173
2025-03-09 21:00:00,994.0,703.2017
2025-03-09 22:00:00,461.0,552.3983
2025-03-09 23:00:00,184.0,427.393
2025-03-10 00:00:00,89.0,267.4071
2025-03-10 01:00:00,62.0,222.38855
2025-03-10 02:00:00,19.0,223.14117
2025-03-10 03:00:00,48.0,273.40063
2025-03-10 04:00:00,117.0,366.1208
2025-03-10 05:00:00,844.0,497.55984
2025-03-10 06:00:00,2144.0,652.76154
2025-03-10 07:00:00,2460.0,857.55896
2025-03-10 08:00:00,1615.0,1036.3772
2025-03-10 09:00:00,1210.0,1206.6372
2025-03-10 10:00:00,1215.0,1359.9924
2025-03-10 11:00:00,1384.0,1482.081
2025-03-10 12:00:00,1398.0,1566.721
2025-03-10 13:00:00,1532.0,1610.2812
2025-03-10 14:00:00,1418.0,1633.6074
2025-03-10 15:00:00,1398.0,1584.3838
2025-03-10 16:00:00,1492.0,1489.0134
2025-03-10 17:00:00,1671.0,1360.8003
2025-03-10 18:00:00,1311.0,1176.6272
2025-03-10 19:00:00,793.0,999.9042
2025-03-10 20:00:00,498.0,787.1784
2025-03-10 21:00:00,358.0,612.90814
2025-03-10 22:00:00,216.0,461.74017
2025-03-10 23:00:00,107.0,333.4538
2025-03-11 00:00:00,49.0,214.89459
2025-03-11 01:00:00,41.0,172.42786
2025-03-11 02:00:00,31.0,173.5451
2025-03-11 03:00:00,45.0,223.43994
2025-03-11 04:00:00,106.0,315.7956
2025-03-11 05:00:00,768.0,442.1307
2025-03-11 06:00:00,2120.0,599.88434
2025-03-11 07:00:00,2522.0,806.50464
2025-03-11 08:00:00,1562.0,985.3228
2025-03-11 09:00:00,1090.0,1180.3679
2025-03-11 10:00:00,1010.0,1337.4642
2025-03-11 11:00:00,1035.0,1468.6672
2025-03-11 12:00:00,1061.0,1559.8691
2025-03-11 13:00:00,1211.0,1605.9814
2025-03-11 14:00:00,1215.0,1607.7258
2025-03-11 15:00:00,1176.0,1536.8044
2025-03-11 16:00:00,1482.0,1444.2954
2025-03-11 17:00:00,1647.0,1312.8564
2025-03-11 18:00:00,1223.0,1152.1863
2025-03-11 19:00:00,737.0,975.09875
2025-03-11 20:00:00,418.0,764.19586
2025-03-11 21:00:00,321.0,589.5609
2025-03-11 22:00:00,248.0,435.11194
2025-03-11 23:00:00,115.0,309.74213
2025-03-12 00:00:00,59.0,220.46631
2025-03-12 01:00:00,46.0,176.54144
2025-03-12 02:00:00,25.0,180.57513
2025-03-12 03:00:00,55.0,231.92834
2025-03-12 04:00:00,108.0,323.5547
2025-03-12 05:00:00,712.0,453.1709
2025-03-12 06:00:00,2021.0,606.18524
2025-03-12 07:00:00,2455.0,810.98267
2025-03-12 08:00:00,1559.0,927.2507
2025-03-12 09:00:00,1105.0,1100.4272
2025-03-12 10:00:00,1112.0,1254.3759
2025-03-12 11:00:00,1118.0,1379.6355
2025-03-12 12:00:00,1235.0,1524.1548
2025-03-12 13:00:00,1341.0,1566.2568
2025-03-12 14:00:00,1235.0,1501.4956
2025-03-12 15:00:00,1255.0,1512.6926
2025-03-12 16:00:00,1524.0,1358.0836
2025-03-12 17:00:00,1719.0,1230.3411
2025-03-12 18:00:00,1278.0,1077.6066
2025-03-12 19:00:00,725.0,897.86554
2025-03-12 20:00:00,436.0,748.9194
2025-03-12 21:00:00,338.0,577.9979
2025-03-12 22:00:00,266.0,425.37177
2025-03-12 23:00:00,134.0,302.55396
2025-03-13 00:00:00,72.0,247.09003
2025-03-13 01:00:00,48.0,204.25897
2025-03-13 02:00:00,43.0,207.56366
2025-03-13 03:00:00,52.0,257.4583
2025-03-13 04:00:00,118.0,349.44934
2025-03-13 05:00:00,365.0,478.3364
2025-03-13 06:00:00,1480.0,604.16644
2025-03-13 07:00:00,2474.0,779.7108
2025-03-13 08:00:00,940.0,954.3068
2025-03-13 09:00:00,1107.0,1127.9666
2025-03-13 10:00:00,1109.0,1280.1349
2025-03-13 11:00:00,1166.0,1465.7742
2025-03-13 12:00:00,1285.0,1553.6952
2025-03-13 13:00:00,1266.0,1594.7036
2025-03-13 14:00:00,1292.0,1590.6698
2025-03-13 15:00:00,1349.0,1542.5977
2025-03-13 16:00:00,1511.0,1450.2421
2025-03-13 17:00:00,1672.0,1258.8048
2025-03-13 18:00:00,1284.0,1159.9557
2025-03-13 19:00:00,712.0,982.4358
2025-03-13 20:00:00,475.0,744.88257
2025-03-13 21:00:00,278.0,567.8738
2025-03-13 22:00:00,275.0,412.73804
2025-03-13 23:00:00,186.0,289.23352
2025-03-14 00:00:00,72.0,274.2956
2025-03-14 01:00:00,54.0,232.5581
2025-03-14 02:00:00,25.0,237.32104
2025-03-14 03:00:00,44.0,287.58044
2025-03-14 04:00:00,115.0,379.20694
2025-03-14 05:00:00,621.0,506.63574
2025-03-14 06:00:00,1789.0,662.93115
2025-03-14 07:00:00,2115.0,867.72864
2025-03-14 08:00:00,1017.0,1047.2759
2025-03-14 09:00:00,1227.0,1218.265
2025-03-14 10:00:00,1215.0,1373.0786
2025-03-14 11:00:00,1323.0,1497.3547
2025-03-14 12:00:00,1490.0,1584.5465
2025-03-14 13:00:00,1630.0,1628.4714
2025-03-14 14:00:00,1608.0,1624.073
2025-03-14 15:00:00,1723.0,1574.5427
2025-03-14 16:00:00,1928.0,1481.8225
2025-03-14 17:00:00,1967.0,1352.5708
2025-03-14 18:00:00,1521.0,1195.5464
2025-03-14 19:00:00,897.0,958.89307
2025-03-14 20:00:00,643.0,810.83704
2025-03-14 21:00:00,399.0,640.94165
2025-03-14 22:00:00,389.0,487.58624
2025-03-14 23:00:00,294.0,364.76837
2025-03-15 00:00:00,168.0,288.46338
2025-03-15 01:00:00,101.0,246.36139
2025-03-15 02:00:00,57.0,250.39514
2025-03-15 03:00:00,55.0,300.28998
2025-03-15 04:00:00,71.0,392.6456
2025-03-15 05:00:00,163.0,521.53265
2025-03-15 06:00:00,428.0,678.1927
2025-03-15 07:00:00,842.0,882.9901
2025-03-15 08:00:00,1104.0,1061.4437
2025-03-15 09:00:00,1300.0,1233.5266
2025-03-15 10:00:00,1769.0,1386.5172
2025-03-15 11:00:00,1952.0,1511.5225
2025-03-15 12:00:00,1882.0,1599.4434
2025-03-15 13:00:00,1897.0,1641.9102
2025-03-15 14:00:00,1914.0,1637.1471
2025-03-15 15:00:00,1747.0,1586.1584
2025-03-15 16:00:00,1815.0,1492.7092
2025-03-15 17:00:00,1653.0,1363.4575
2025-03-15 18:00:00,1246.0,1206.4331
2025-03-15 19:00:00,830.0,1031.8976
2025-03-15 20:00:00,677.0,821.7238
2025-03-15 21:00:00,537.0,650.37006
2025-03-15 22:00:00,507.0,498.47293
2025-03-15 23:00:00,410.0,375.29053
2025-03-16 00:00:00,261.0,330.41016
2025-03-16 01:00:00,154.0,288.30823
2025-03-16 02:00:00,84.0,261.21527
2025-03-16 03:00:00,58.0,341.8722
2025-03-16 04:00:00,48.0,434.5924
2025-03-16 05:00:00,74.0,563.4116
2025-03-16 06:00:00,135.0,718.97797
2025-03-16 07:00:00,241.0,923.4108
2025-03-16 08:00:00,421.0,1101.9323
2025-03-16 09:00:00,839.0,1273.6506
2025-03-16 10:00:00,1176.0,1426.5734
2025-03-16 11:00:00,2010.0,1550.5527
2025-03-16 12:00:00,2334.0,1574.1514
2025-03-16 13:00:00,2392.0,1617.1267
2025-03-16 14:00:00,2172.0,1607.0903
2025-03-16 15:00:00,1748.0,1558.1282
2025-03-16 16:00:00,2222.0,1465.2468
2025-03-16 17:00:00,214.0,1399.1388
2025-03-16 18:00:00,1249.0,1180.0645
2025-03-16 19:00:00,1138.0,1069.8341
2025-03-16 20:00:00,984.0,859.66034
2025-03-16 21:00:00,294.0,688.6712
2025-03-16 22:00:00,105.0,537.1387
2025-03-16 23:00:00,165.0,414.3208
2025-03-17 00:00:00,278.0,298.59076
2025-03-17 01:00:00,56.0,256.48883
2025-03-17 02:00:00,36.0,260.15802
2025-03-17 03:00:00,52.0,309.68817
2025-03-17 04:00:00,128.0,401.6793
2025-03-17 05:00:00,810.0,529.8372
2025-03-17 06:00:00,2122.0,686.1327
2025-03-17 07:00:00,2515.0,890.9301
2025-03-17 08:00:00,1607.0,1070.1128
2025-03-17 09:00:00,1145.0,1241.102
2025-03-17 10:00:00,1155.0,1395.9155
2025-03-17 11:00:00,1191.0,1522.0144
2025-03-17 12:00:00,1142.0,1636.7572
2025-03-17 13:00:00,1233.0,1654.8383
2025-03-17 14:00:00,1254.0,1652.0139
2025-03-17 15:00:00,1260.0,1603.366
2025-03-17 16:00:00,1506.0,1507.3041
2025-03-17 17:00:00,1724.0,1379.418
2025-03-17 18:00:00,1339.0,1219.8416
2025-03-17 19:00:00,689.0,1043.8478
2025-03-17 20:00:00,437.0,832.9448
2025-03-17 21:00:00,349.0,660.1329
2025-03-17 22:00:00,248.0,504.95465
2025-03-17 23:00:00,93.0,378.85565
2025-03-18 00:00:00,63.0,155.8352
2025-03-18 01:00:00,38.0,112.27484
2025-03-18 02:00:00,32.0,115.57953
2025-03-18 03:00:00,46.0,162.92236
2025-03-18 04:00:00,110.0,253.81958
2025-03-18 05:00:00,736.0,380.1547
2025-03-18 06:00:00,2064.0,535.50977
2025-03-18 07:00:00,2344.0,764.9793
2025-03-18 08:00:00,1730.0,923.7114
2025-03-18 09:00:00,1145.0,1092.6058
2025-03-18 10:00:00,1011.0,1249.3579
2025-03-18 11:00:00,1042.0,1399.3999
2025-03-18 12:00:00,1020.0,1490.2372
2025-03-18 13:00:00,1220.0,1538.9016
2025-03-18 14:00:00,1209.0,1537.7842
2025-03-18 15:00:00,1409.0,1490.0769
2025-03-18 16:00:00,1621.0,1399.1794
2025-03-18 17:00:00,1903.0,1269.5634
2025-03-18 18:00:00,1397.0,1089.4233
2025-03-18 19:00:00,813.0,910.9354
2025-03-18 20:00:00,496.0,700.0325
2025-03-18 21:00:00,333.0,526.4912
2025-03-18 22:00:00,240.0,371.6777
2025-03-18 23:00:00,137.0,247.03699
2025-03-19 00:00:00,56.0,203.21783
2025-03-19 01:00:00,32.0,157.83466
2025-03-19 02:00:00,33.0,160.41016
2025-03-19 03:00:00,51.0,209.2113
2025-03-19 04:00:00,93.0,300.83777
2025-03-19 05:00:00,594.0,429.3603
2025-03-19 06:00:00,1399.0,582.56555
2025-03-19 07:00:00,1599.0,813.51074
2025-03-19 08:00:00,1214.0,994.51636
2025-03-19 09:00:00,1073.0,1171.7031
2025-03-19 10:00:00,1022.0,1329.7977
2025-03-19 11:00:00,1099.0,1460.2717
2025-03-19 12:00:00,1091.0,1552.9319
2025-03-19 13:00:00,1161.0,1600.8671
2025-03-19 14:00:00,1318.0,1601.2081
2025-03-19 15:00:00,1522.0,1553.5005
2025-03-19 16:00:00,1846.0,1461.145
2025-03-19 17:00:00,2078.0,1331.1643
2025-03-19 18:00:00,1569.0,1146.8027
2025-03-19 19:00:00,868.0,966.3386
2025-03-19 20:00:00,516.0,753.9774
2025-03-19 21:00:00,395.0,579.70703
2025-03-19 22:00:00,274.0,423.07068
2025-03-19 23:00:00,141.0,301.71106
2025-03-20 00:00:00,78.0,198.58203
2025-03-20 01:00:00,47.0,156.84467
2025-03-20 02:00:00,34.0,158.32654
2025-03-20 03:00:00,41.0,206.76294
2025-03-20 04:00:00,99.0,297.66028
2025-03-20 05:00:00,750.0,428.00558
2025-03-20 06:00:00,2110.0,583.93646
2025-03-20 07:00:00,2518.0,811.8494
2025-03-20 08:00:00,1609.0,971.6174
2025-03-20 09:00:00,1156.0,1148.7491
2025-03-20 10:00:00,1018.0,1326.1602
2025-03-20 11:00:00,1124.0,1457.094
2025-03-20 12:00:00,1074.0,1549.0251
2025-03-20 13:00:00,1285.0,1599.1478
2025-03-20 14:00:00,1377.0,1596.5723
2025-03-20 15:00:00,1371.0,1548.8647
2025-03-20 16:00:00,1648.0,1457.4495
2025-03-20 17:00:00,1890.0,1306.5405
2025-03-20 18:00:00,1532.0,1143.5298
2025-03-20 19:00:00,919.0,966.8068
2025-03-20 20:00:00,542.0,753.3519
2025-03-20 21:00:00,369.0,577.62335
2025-03-20 22:00:00,319.0,423.17426
2025-03-20 23:00:00,218.0,297.07532
2025-03-21 00:00:00,256.0,248.74469
2025-03-21 01:00:00,55.0,205.54895
2025-03-21 02:00:00,38.0,207.03076
2025-03-21 03:00:00,46.0,257.65472
2025-03-21 04:00:00,113.0,348.55206
2025-03-21 05:00:00,630.0,474.88715
2025-03-21 06:00:00,1748.0,633.37
2025-03-21 07:00:00,2094.0,841.084
2025-03-21 08:00:00,1416.0,1022.8187
2025-03-21 09:00:00,1214.0,1198.5472
2025-03-21 10:00:00,1238.0,1356.2773
2025-03-21 11:00:00,1340.0,1482.0117
2025-03-21 12:00:00,1420.0,1571.7554
2025-03-21 13:00:00,1526.0,1616.7742
2025-03-21 14:00:00,1584.0,1641.3851
2025-03-21 15:00:00,1674.0,1568.6177
2025-03-21 16:00:00,1884.0,1481.7913
2025-03-21 17:00:00,1983.0,1349.9877
2025-03-21 18:00:00,1524.0,1186.4011
2025-03-21 19:00:00,983.0,1007.8553
2025-03-21 20:00:00,630.0,799.50433
2025-03-21 21:00:00,404.0,627.42145
2025-03-21 22:00:00,357.0,476.98264
2025-03-21 23:00:00,294.0,354.1648
2025-03-22 00:00:00,157.0,280.7655
2025-03-22 01:00:00,81.0,245.22571
2025-03-22 02:00:00,44.0,244.88464
2025-03-22 03:00:00,52.0,298.42523
2025-03-22 04:00:00,73.0,386.04144
2025-03-22 05:00:00,174.0,510.91824
2025-03-22 06:00:00,493.0,663.9326
2025-03-22 07:00:00,865.0,897.3371
2025-03-22 08:00:00,1223.0,1069.5122
2025-03-22 09:00:00,1435.0,1245.2233
2025-03-22 10:00:00,1678.0,1401.3995
2025-03-22 11:00:00,1803.0,1499.9272
2025-03-22 12:00:00,1781.0,1612.8269
2025-03-22 13:00:00,1802.0,1657.6344
2025-03-22 14:00:00,1959.0,1655.4235
2025-03-22 15:00:00,1941.0,1605.5286
2025-03-22 16:00:00,1949.0,1511.3501
2025-03-22 17:00:00,2313.0,1381.294
2025-03-22 18:00:00,1816.0,1199.4065
2025-03-22 19:00:00,1025.0,1024.9288
2025-03-22 20:00:00,641.0,810.7448
2025-03-22 21:00:00,509.0,639.7556
2025-03-22 22:00:00,498.0,487.85852
2025-03-22 23:00:00,393.0,366.13434
2025-03-23 00:00:00,248.0,262.76782
2025-03-23 01:00:00,131.0,215.56195
2025-03-23 02:00:00,67.0,213.76257
2025-03-23 03:00:00,51.0,259.6471
2025-03-23 04:00:00,58.0,353.82556
2025-03-23 05:00:00,60.0,481.61893
2025-03-23 06:00:00,157.0,634.9979
2025-03-23 07:00:00,253.0,840.5245
2025-03-23 08:00:00,492.0,1018.61346
2025-03-23 09:00:00,910.0,1188.509
2025-03-23 10:00:00,1376.0,1337.9668
2025-03-23 11:00:00,2009.0,1488.9519
2025-03-23 12:00:00,2141.0,1551.6974
2025-03-23 13:00:00,2282.0,1598.7153
2025-03-23 14:00:00,2363.0,1622.1948
2025-03-23 15:00:00,2545.0,1571.6056
2025-03-23 16:00:00,2591.0,1454.0975
2025-03-23 17:00:00,2645.0,1327.554
2025-03-23 18:00:00,1859.0,1170.5297
2025-03-23 19:00:00,1327.0,995.265
2025-03-23 20:00:00,1016.0,784.36206
2025-03-23 21:00:00,681.0,608.9981
2025-03-23 22:00:00,381.0,454.54892
2025-03-23 23:00:00,167.0,302.4272
2025-03-24 00:00:00,69.0,214.46411
2025-03-24 01:00:00,38.0,171.33624
2025-03-24 02:00:00,34.0,155.65479
2025-03-24 03:00:00,39.0,206.46521
2025-03-24 04:00:00,143.0,298.3205
2025-03-24 05:00:00,875.0,412.98975
2025-03-24 06:00:00,2151.0,599.45386
2025-03-24 07:00:00,2507.0,804.31915
2025-03-24 08:00:00,1635.0,984.5956
2025-03-24 09:00:00,1167.0,1155.5443
2025-03-24 10:00:00,1085.0,1335.6433
2025-03-24 11:00:00,1130.0,1462.7983
2025-03-24 12:00:00,1121.0,1553.7341
2025-03-24 13:00:00,1258.0,1571.3551
2025-03-24 14:00:00,1294.0,1568.5105
2025-03-24 15:00:00,1278.0,1515.8726
2025-03-24 16:00:00,1418.0,1421.5958
2025-03-24 17:00:00,1684.0,1231.3506
2025-03-24 18:00:00,1182.0,1133.5952
2025-03-24 19:00:00,773.0,961.61163
2025-03-24 20:00:00,471.0,749.2505
2025-03-24 21:00:00,331.0,576.80304
2025-03-24 22:00:00,236.0,424.54138
2025-03-24 23:00:00,90.0,299.9007
2025-03-25 00:00:00,52.0,178.768
2025-03-25 01:00:00,43.0,133.0202
2025-03-25 02:00:00,35.0,135.96033
2025-03-25 03:00:00,49.0,184.39691
2025-03-25 04:00:00,122.0,275.65863
2025-03-25 05:00:00,740.0,404.18115
2025-03-25 06:00:00,2121.0,561.5703
2025-03-25 07:00:00,2503.0,768.1906
2025-03-25 08:00:00,1644.0,884.39075
2025-03-25 09:00:00,1138.0,1064.4176
2025-03-25 10:00:00,981.0,1269.5303
2025-03-25 11:00:00,1063.0,1396.2905
2025-03-25 12:00:00,1016.0,1485.4106
2025-03-25 13:00:00,1182.0,1555.4081
2025-03-25 14:00:00,1197.0,1555.3643
2025-03-25 15:00:00,1220.0,1483.9076
2025-03-25 16:00:00,1466.0,1386.6593
2025-03-25 17:00:00,1607.0,1195.3153
2025-03-25 18:00:00,1257.0,1098.1958
2025-03-25 19:00:00,715.0,922.93115
2025-03-25 20:00:00,414.0,712.0282
2025-03-25 21:00:00,333.0,541.40344
2025-03-25 22:00:00,238.0,389.87106
2025-03-25 23:00:00,142.0,235.92651
2025-03-26 00:00:00,64.0,179.21405
2025-03-26 01:00:00,50.0,137.112
2025-03-26 02:00:00,32.0,141.14575
2025-03-26 03:00:00,49.0,189.9469
2025-03-26 04:00:00,130.0,282.667
2025-03-26 05:00:00,746.0,410.46036
2025-03-26 06:00:00,2024.0,535.99365
2025-03-26 07:00:00,2380.0,709.7322
2025-03-26 08:00:00,1551.0,889.0081
2025-03-26 09:00:00,1131.0,1059.4717
2025-03-26 10:00:00,1060.0,1212.5302
2025-03-26 11:00:00,1092.0,1336.8317
2025-03-26 12:00:00,1160.0,1485.819
2025-03-26 13:00:00,1237.0,1465.0317
2025-03-26 14:00:00,1239.0,1464.491
2025-03-26 15:00:00,1321.0,1409.3226
2025-03-26 16:00:00,1233.0,1316.8314
2025-03-26 17:00:00,796.0,1248.6716
2025-03-26 18:00:00,489.0,1030.852
2025-03-26 19:00:00,230.0,857.4781
2025-03-26 20:00:00,137.0,709.48987
2025-03-26 21:00:00,111.0,538.20386
2025-03-26 22:00:00,247.0,386.30692
2025-03-26 23:00:00,138.0,262.7599
2025-03-27 00:00:00,70.0,207.27405
2025-03-27 01:00:00,56.0,165.53668
2025-03-27 02:00:00,29.0,169.5705
2025-03-27 03:00:00,65.0,219.46521
2025-03-27 04:00:00,130.0,310.7271
2025-03-27 05:00:00,741.0,438.5205
2025-03-27 06:00:00,2091.0,594.0868
2025-03-27 07:00:00,2395.0,797.7905
2025-03-27 08:00:00,1577.0,975.51495
2025-03-27 09:00:00,1121.0,1147.2333
2025-03-27 10:00:00,1083.0,1302.0468
2025-03-27 11:00:00,1110.0,1426.6875
2025-03-27 12:00:00,1104.0,1514.3191
2025-03-27 13:00:00,1245.0,1585.0283
2025-03-27 14:00:00,1295.0,1556.3022
2025-03-27 15:00:00,1359.0,1507.1565
2025-03-27 16:00:00,1505.0,1412.978
2025-03-27 17:00:00,1735.0,1282.6328
2025-03-27 18:00:00,1375.0,1125.2437
2025-03-27 19:00:00,804.0,951.4374
2025-03-27 20:00:00,481.0,741.6281
2025-03-27 21:00:00,367.0,568.45154
2025-03-27 22:00:00,257.0,414.0025
2025-03-27 23:00:00,140.0,288.99725
2025-03-28 00:00:00,77.0,238.46777
2025-03-28 01:00:00,38.0,194.90747
2025-03-28 02:00:00,36.0,201.49323
2025-03-28 03:00:00,59.0,251.0235
2025-03-28 04:00:00,132.0,342.2854
2025-03-28 05:00:00,625.0,472.26617
2025-03-28 06:00:00,1838.0,628.9262
2025-03-28 07:00:00,2015.0,834.0882
2025-03-28 08:00:00,1355.0,1012.9064
2025-03-28 09:00:00,1111.0,1184.6246
2025-03-28 10:00:00,1113.0,1339.4382
2025-03-28 11:00:00,1205.0,1463.7142
2025-03-28 12:00:00,1222.0,1553.0935
2025-03-28 13:00:00,1393.0,1595.1956
2025-03-28 14:00:00,1433.0,1593.3494
2025-03-28 15:00:00,1608.0,1543.4541
2025-03-28 16:00:00,1855.0,1474.946
2025-03-28 17:00:00,1954.0,1345.732
2025-03-28 18:00:00,1571.0,1166.2808
2025-03-28 19:00:00,984.0,992.839
2025-03-28 20:00:00,652.0,783.0298
2025-03-28 21:00:00,490.0,610.9469
2025-03-28 22:00:00,393.0,458.68524
2025-03-28 23:00:00,319.0,337.69025
2025-03-29 00:00:00,205.0,260.63373
2025-03-29 01:00:00,89.0,217.43799
2025-03-29 02:00:00,72.0,219.28436
2025-03-29 03:00:00,65.0,238.05249
2025-03-29 04:00:00,78.0,329.9757
2025-03-29 05:00:00,169.0,459.09164
2025-03-29 06:00:00,425.0,615.845
2025-03-29 07:00:00,720.0,787.5996
2025-03-29 08:00:00,1013.0,966.8755
2025-03-29 09:00:00,1259.0,1137.1102
2025-03-29 10:00:00,1581.0,1290.194
2025-03-29 11:00:00,1201.0,1412.3931
2025-03-29 12:00:00,1506.0,1499.7457
2025-03-29 13:00:00,1686.0,1541.4834
2025-03-29 14:00:00,1668.0,1539.2977
2025-03-29 15:00:00,1556.0,1506.3962
2025-03-29 16:00:00,1582.0,1398.1917
2025-03-29 17:00:00,1541.0,1326.4458
2025-03-29 18:00:00,820.0,1088.8625
2025-03-29 19:00:00,212.0,994.9537
2025-03-29 20:00:00,225.0,786.6028
2025-03-29 21:00:00,215.0,586.33514
2025-03-29 22:00:00,133.0,464.81018
2025-03-29 23:00:00,60.0,340.89862
2025-03-30 00:00:00,53.0,237.88507
2025-03-30 01:00:00,132.0,146.14734
2025-03-30 02:00:00,0.0,199.81683
2025-03-30 03:00:00,83.0,246.79517
2025-03-30 04:00:00,80.0,334.41138
2025-03-30 05:00:00,101.0,465.1213
2025-03-30 06:00:00,185.0,622.1459
2025-03-30 07:00:00,228.0,853.72754
2025-03-30 08:00:00,427.0,1029.5483
2025-03-30 09:00:00,624.0,1204.5477
2025-03-30 10:00:00,984.0,1361.1841
2025-03-30 11:00:00,1733.0,1490.1995
2025-03-30 12:00:00,1921.0,1578.485
2025-03-30 13:00:00,2026.0,1624.3486
2025-03-30 14:00:00,2154.0,1600.0753
2025-03-30 15:00:00,2422.0,1551.8499
2025-03-30 16:00:00,2580.0,1459.879
2025-03-30 17:00:00,2559.0,1329.6494
2025-03-30 18:00:00,2255.0,1171.8959
2025-03-30 19:00:00,1850.0,996.2666
2025-03-30 20:00:00,1521.0,782.8117
2025-03-30 21:00:00,1108.0,611.0934
2025-03-30 22:00:00,544.0,457.00885
2025-03-30 23:00:00,239.0,330.54535
2025-03-31 00:00:00,81.0,215.15729
2025-03-31 01:00:00,64.0,172.69073
2025-03-31 02:00:00,42.0,175.63074
2025-03-31 03:00:00,65.0,223.7027
2025-03-31 04:00:00,138.0,315.32916
2025-03-31 05:00:00,776.0,442.758
2025-03-31 06:00:00,2062.0,597.2305
2025-03-31 07:00:00,2417.0,801.6634
2025-03-31 08:00:00,1647.0,980.8461
2025-03-31 09:00:00,1144.0,1153.0824
2025-03-31 10:00:00,1148.0,1305.8994
2025-03-31 11:00:00,1119.0,1363.9669
2025-03-31 12:00:00,1191.0,1518.4812
2025-03-31 13:00:00,1287.0,1561.1968
2025-03-31 14:00:00,1253.0,1556.5293
2025-03-31 15:00:00,1260.0,1508.0146
2025-03-31 16:00:00,1439.0,1350.1244
2025-03-31 17:00:00,1576.0,1285.3541
2025-03-31 18:00:00,1200.0,1126.5647
2025-03-31 19:00:00,764.0,951.3
2025-03-31 20:00:00,501.0,740.7616
2025-03-31 21:00:00,344.0,569.40784
2025-03-31 22:00:00,254.0,415.32343
2025-03-31 23:00:00,147.0,287.4016
2025-04-01 00:00:00,88.0,181.18665
2025-04-01 01:00:00,90.0,139.44904
2025-04-01 02:00:00,68.0,142.3891
2025-04-01 03:00:00,66.0,190.46118
2025-04-01 04:00:00,147.0,280.2647
2025-04-01 05:00:00,754.0,407.32892
2025-04-01 06:00:00,2104.0,557.17224
2025-04-01 07:00:00,2483.0,790.75037
2025-04-01 08:00:00,1661.0,975.0949
2025-04-01 09:00:00,1143.0,1057.9288
2025-04-01 10:00:00,1015.0,1308.3827
2025-04-01 11:00:00,964.0,1328.3958
2025-04-01 12:00:00,1062.0,1493.3354
2025-04-01 13:00:00,1155.0,1452.8289
2025-04-01 14:00:00,1165.0,1560.8152
2025-04-01 15:00:00,1300.0,1509.5952
2025-04-01 16:00:00,1477.0,1304.528
2025-04-01 17:00:00,1645.0,1284.3422
2025-04-01 18:00:00,1280.0,1100.4583
2025-04-01 19:00:00,744.0,929.36
2025-04-01 20:00:00,447.0,719.1863
2025-04-01 21:00:00,330.0,545.645
2025-04-01 22:00:00,305.0,391.92514
2025-04-01 23:00:00,184.0,216.91956
2025-04-02 00:00:00,299.0,128.33942
2025-04-02 01:00:00,77.0,133.32104
2025-04-02 02:00:00,50.0,136.62567
2025-04-02 03:00:00,78.0,184.6977
2025-04-02 04:00:00,157.0,241.22223
2025-04-02 05:00:00,727.0,405.2112
2025-04-02 06:00:00,2018.0,556.01514
2025-04-02 07:00:00,2502.0,792.6429
2025-04-02 08:00:00,1604.0,864.218
2025-04-02 09:00:00,1188.0,1036.6655
2025-04-02 10:00:00,1034.0,1306.0133
2025-04-02 11:00:00,1087.0,1435.3933
2025-04-02 12:00:00,1135.0,1525.8865
2025-04-02 13:00:00,1304.0,1573.8014
2025-04-02 14:00:00,1313.0,1575.2361
2025-04-02 15:00:00,1267.0,1527.8932
2025-04-02 16:00:00,1568.0,1436.9958
2025-04-02 17:00:00,1756.0,1307.7443
2025-04-02 18:00:00,1415.0,1120.886
2025-04-02 19:00:00,891.0,947.65814
2025-04-02 20:00:00,567.0,733.8386
2025-04-02 21:00:00,388.0,558.4746
2025-04-02 22:00:00,273.0,401.83817
2025-04-02 23:00:00,127.0,276.46832
2025-04-03 00:00:00,105.0,175.65295
2025-04-03 01:00:00,72.0,131.36365
2025-04-03 02:00:00,106.0,132.84546
2025-04-03 03:00:00,97.0,182.37555
2025-04-03 04:00:00,146.0,274.002
2025-04-03 05:00:00,739.0,400.70166
2025-04-03 06:00:00,2138.0,504.99765
2025-04-03 07:00:00,2417.0,785.21686
2025-04-03 08:00:00,1602.0,868.40924
2025-04-03 09:00:00,1284.0,1141.9509
2025-04-03 10:00:00,1153.0,1299.3164
2025-04-03 11:00:00,1068.0,1428.3319
2025-04-03 12:00:00,1062.0,1519.5338
2025-04-03 13:00:00,1322.0,1567.8337
2025-04-03 14:00:00,1280.0,1570.7267
2025-04-03 15:00:00,1341.0,1525.2065
2025-04-03 16:00:00,1514.0,1430.6636
2025-04-03 17:00:00,1659.0,1297.7662
2025-04-03 18:00:00,1304.0,1112.2505
2025-04-03 19:00:00,816.0,938.0447
2025-04-03 20:00:00,504.0,723.86066
2025-04-03 21:00:00,404.0,551.7778
2025-04-03 22:00:00,301.0,397.32864
2025-04-03 23:00:00,159.0,271.22968
2025-04-04 00:00:00,77.0,229.80786
2025-04-04 01:00:00,53.0,185.883
2025-04-04 02:00:00,59.0,185.54193
2025-04-04 03:00:00,90.0,233.97852
2025-04-04 04:00:00,115.0,324.5113
2025-04-04 05:00:00,624.0,450.48184
2025-04-04 06:00:00,1567.0,551.245
2025-04-04 07:00:00,2242.0,725.9311
2025-04-04 08:00:00,1431.0,1018.5545
2025-04-04 09:00:00,1161.0,1195.7413
2025-04-04 10:00:00,1136.0,1356.0233
2025-04-04 11:00:00,1139.0,1483.5806
2025-04-04 12:00:00,1289.0,1574.7825
2025-04-04 13:00:00,1399.0,1622.7178
2025-04-04 14:00:00,1503.0,1624.1525
2025-04-04 15:00:00,1565.0,1576.4451
2025-04-04 16:00:00,1671.0,1483.7249
2025-04-04 17:00:00,1863.0,1354.1085
2025-04-04 18:00:00,1489.0,1085.663
2025-04-04 19:00:00,1082.0,992.19965
2025-04-04 20:00:00,642.0,776.19275
2025-04-04 21:00:00,502.0,605.20355
2025-04-04 22:00:00,429.0,449.2962
2025-04-04 23:00:00,305.0,321.73895
2025-04-05 00:00:00,171.0,177.32727
2025-04-05 01:00:00,86.0,132.67328
2025-04-05 02:00:00,67.0,134.15509
2025-04-05 03:00:00,66.0,182.9563
2025-04-05 04:00:00,77.0,273.489
2025-04-05 05:00:00,180.0,398.73035
2025-04-05 06:00:00,485.0,515.2744
2025-04-05 07:00:00,792.0,787.9849
2025-04-05 08:00:00,1015.0,970.81335
2025-04-05 09:00:00,1265.0,1144.719
2025-04-05 10:00:00,1438.0,1303.1782
2025-04-05 11:00:00,1442.0,1431.8291
2025-04-05 12:00:00,1512.0,1524.1249
2025-04-05 13:00:00,1579.0,1571.3308
2025-04-05 14:00:00,1600.0,1570.5781
2025-04-05 15:00:00,1675.0,1521.0479
2025-04-05 16:00:00,1690.0,1428.6923
2025-04-05 17:00:00,1833.0,1300.0742
2025-04-05 18:00:00,1320.0,1036.1595
2025-04-05 19:00:00,975.0,936.07336
2025-04-05 20:00:00,751.0,722.2539
2025-04-05 21:00:00,606.0,548.34814
2025-04-05 22:00:00,546.0,395.35736
2025-04-05 23:00:00,496.0,267.07092
2025-04-06 00:00:00,426.0,176.16907
2025-04-06 01:00:00,166.0,130.42133
2025-04-06 02:00:00,78.0,130.08026
2025-04-06 03:00:00,57.0,126.693665
2025-04-06 04:00:00,66.0,263.58105
2025-04-06 05:00:00,96.0,386.9996
2025-04-06 06:00:00,155.0,534.5398
2025-04-06 07:00:00,255.0,766.4108
2025-04-06 08:00:00,449.0,947.78094
2025-04-06 09:00:00,846.0,1120.593
2025-04-06 10:00:00,1221.0,1279.0521
2025-04-06 11:00:00,1648.0,1404.0574
2025-04-06 12:00:00,1794.0,1491.9783
2025-04-06 13:00:00,2052.0,1537.3616
2025-04-06 14:00:00,2027.0,1534.4214
2025-04-06 15:00:00,2349.0,1485.2556
2025-04-06 16:00:00,2487.0,1391.4417
2025-04-06 17:00:00,2519.0,1258.5443
2025-04-06 18:00:00,1993.0,990.9812
2025-04-06 19:00:00,1575.0,899.1874
2025-04-06 20:00:00,1303.0,686.8262
2025-04-06 21:00:00,728.0,513.28503
2025-04-06 22:00:00,393.0,357.01306
2025-04-06 23:00:00,180.0,229.09125
2025-04-07 00:00:00,71.0,133.15704
2025-04-07 01:00:00,51.0,87.04498
2025-04-07 02:00:00,34.0,90.71411
2025-04-07 03:00:00,58.0,137.32776
2025-04-07 04:00:00,143.0,228.58966
2025-04-07 05:00:00,784.0,357.8413
2025-04-07 06:00:00,2189.0,458.64206
2025-04-07 07:00:00,2747.0,744.5438
2025-04-07 08:00:00,1796.0,813.9315
2025-04-07 09:00:00,1371.0,1102.0071
2025-04-07 10:00:00,1168.0,1258.6434
2025-04-07 11:00:00,1092.0,1388.0234
2025-04-07 12:00:00,1055.0,1481.0483
2025-04-07 13:00:00,1305.0,1526.7961
2025-04-07 14:00:00,1212.0,1527.8662
2025-04-07 15:00:00,1238.0,1480.5233
2025-04-07 16:00:00,1407.0,1387.4386
2025-04-07 17:00:00,1679.0,1255.6349
2025-04-07 18:00:00,1277.0,987.9184
2025-04-07 19:00:00,818.0,895.1842
2025-04-07 20:00:00,519.0,680.6356
2025-04-07 21:00:00,381.0,508.91727
2025-04-07 22:00:00,267.0,351.91626
2025-04-07 23:00:00,128.0,178.36902
2025-04-08 00:00:00,89.0,106.48346
2025-04-08 01:00:00,69.0,61.10022
2025-04-08 02:00:00,68.0,63.31122
2025-04-08 03:00:00,76.0,111.74786
2025-04-08 04:00:00,153.0,202.64508
2025-04-08 05:00:00,754.0,330.43842
2025-04-08 06:00:00,2103.0,480.60587
2025-04-08 07:00:00,2528.0,607.34595
2025-04-08 08:00:00,1548.0,899.96936
2025-04-08 09:00:00,1166.0,1075.6979
2025-04-08 10:00:00,1046.0,1232.6987
2025-04-08 11:00:00,983.0,1362.8081
2025-04-08 12:00:00,1075.0,1452.5518
2025-04-08 13:00:00,1219.0,1500.4868
2025-04-08 14:00:00,1240.0,1499.3696
2025-04-08 15:00:00,1293.0,1452.0267
2025-04-08 16:00:00,1443.0,1359.6711
2025-04-08 17:00:00,1654.0,1231.1487
2025-04-08 18:00:00,1284.0,1044.4813
2025-04-08 19:00:00,808.0,872.1562
2025-04-08 20:00:00,452.0,655.7848
2025-04-08 21:00:00,284.0,481.14987
2025-04-08 22:00:00,244.0,324.1488
2025-04-08 23:00:00,146.0,201.331
2025-04-09 00:00:00,66.0,112.738525
2025-04-09 01:00:00,51.0,67.71991
2025-04-09 02:00:00,64.0,69.20172
2025-04-09 03:00:00,77.0,117.63837
2025-04-09 04:00:00,144.0,210.35846
2025-04-09 05:00:00,726.0,337.42267
2025-04-09 06:00:00,2045.0,490.33588
2025-04-09 07:00:00,2341.0,728.23376
2025-04-09 08:00:00,1536.0,906.2245
2025-04-09 09:00:00,1086.0,1083.4114
2025-04-09 10:00:00,1114.0,1241.1414
2025-04-09 11:00:00,1148.0,1369.4277
2025-04-09 12:00:00,1131.0,1462.4525
2025-04-09 13:00:00,1296.0,1507.1066
2025-04-09 14:00:00,1258.0,1505.2603
2025-04-09 15:00:00,1303.0,1456.459
2025-04-09 16:00:00,1604.0,1364.1034
2025-04-09 17:00:00,1732.0,1232.6643
2025-04-09 18:00:00,1338.0,1045.5746
2025-04-09 19:00:00,845.0,875.1302
2025-04-09 20:00:00,492.0,659.12335
2025-04-09 21:00:00,353.0,485.5821
2025-04-09 22:00:00,269.0,331.86224
2025-04-09 23:00:00,163.0,205.39874
2025-04-10 00:00:00,75.0,146.9721
2025-04-10 01:00:00,38.0,104.87018
2025-04-10 02:00:00,38.0,105.622925
2025-04-10 03:00:00,58.0,153.3302
2025-04-10 04:00:00,145.0,244.22748
2025-04-10 05:00:00,709.0,371.2917
2025-04-10 06:00:00,2057.0,528.3163
2025-04-10 07:00:00,2310.0,760.1643
2025-04-10 08:00:00,1565.0,939.729
2025-04-10 09:00:00,1149.0,1116.9158
2025-04-10 10:00:00,1272.0,1275.375
2025-04-10 11:00:00,1026.0,1404.3904
2025-04-10 12:00:00,1037.0,1495.2278
2025-04-10 13:00:00,1274.0,1540.6111
2025-04-10 14:00:00,1314.0,1540.5874
2025-04-10 15:00:00,1367.0,1490.6926
2025-04-10 16:00:00,1622.0,1399.0662
2025-04-10 17:00:00,1772.0,1269.0854
2025-04-10 18:00:00,1350.0,1115.1162
2025-04-10 19:00:00,841.0,908.99927
2025-04-10 20:00:00,565.0,697.0026
2025-04-10 21:00:00,430.0,517.6283
2025-04-10 22:00:00,309.0,363.17926
2025-04-10 23:00:00,286.0,236.3512
2025-04-11 00:00:00,319.0,189.44318
2025-04-11 01:00:00,67.0,143.33093
2025-04-11 02:00:00,51.0,144.81262
2025-04-11 03:00:00,66.0,192.8847
2025-04-11 04:00:00,122.0,283.78198
2025-04-11 05:00:00,614.0,410.11707
2025-04-11 06:00:00,1805.0,561.7805
2025-04-11 07:00:00,1986.0,800.10077
2025-04-11 08:00:00,1390.0,983.29376
2025-04-11 09:00:00,1221.0,1160.4806
2025-04-11 10:00:00,1263.0,1319.6688
2025-04-11 11:00:00,1255.0,1449.4136
2025-04-11 12:00:00,1180.0,1540.6155
2025-04-11 13:00:00,1436.0,1587.0924
2025-04-11 14:00:00,1536.0,1586.3398
2025-04-11 15:00:00,1643.0,1539.3613
2025-04-11 16:00:00,1893.0,1448.4641
2025-04-11 17:00:00,1845.0,1318.8478
2025-04-11 18:00:00,1561.0,1163.727
2025-04-11 19:00:00,1070.0,955.84515
2025-04-11 20:00:00,713.0,743.1194
2025-04-11 21:00:00,606.0,565.9325
2025-04-11 22:00:00,439.0,410.02515
2025-04-11 23:00:00,316.0,286.11365
2025-04-12 00:00:00,158.0,226.0542
2025-04-12 01:00:00,111.0,182.4939
2025-04-12 02:00:00,59.0,183.61108
2025-04-12 03:00:00,77.0,229.49573
2025-04-12 04:00:00,83.0,319.29938
2025-04-12 05:00:00,209.0,445.63443
2025-04-12 06:00:00,552.0,597.68274
2025-04-12 07:00:00,956.0,836.71185
2025-04-12 08:00:00,1257.0,1018.08203
2025-04-12 09:00:00,1441.0,1195.2688
2025-04-12 10:00:00,1596.0,1352.6343
2025-04-12 11:00:00,1611.0,1482.0143
2025-04-12 12:00:00,1598.0,1576.4976
2025-04-12 13:00:00,1702.0,1594.214
2025-04-12 14:00:00,1843.0,1595.8829
2025-04-12 15:00:00,1699.0,1544.3184
2025-04-12 16:00:00,1791.0,1452.8453
2025-04-12 17:00:00,1775.0,1345.1757
2025-04-12 18:00:00,1321.0,1188.9209
2025-04-12 19:00:00,1022.0,983.34204
2025-04-12 20:00:00,720.0,772.0745
2025-04-12 21:00:00,596.0,599.2626
2025-04-12 22:00:00,511.0,445.90707
2025-04-12 23:00:00,378.0,320.9018
2025-04-13 00:00:00,226.0,220.41583
2025-04-13 01:00:00,133.0,174.30359
2025-04-13 02:00:00,79.0,179.7956
2025-04-13 03:00:00,55.0,228.9613
2025-04-13 04:00:00,52.0,322.04602
2025-04-13 05:00:00,84.0,449.83942
2025-04-13 06:00:00,171.0,607.59314
2025-04-13 07:00:00,245.0,817.49457
2025-04-13 08:00:00,500.0,994.48987
2025-04-13 09:00:00,848.0,1164.0208
2025-04-13 10:00:00,1127.0,1317.7405
2025-04-13 11:00:00,1433.0,1442.5345
2025-04-13 12:00:00,1552.0,1528.1146
2025-04-13 13:00:00,1757.0,1571.675
2025-04-13 14:00:00,1761.0,1569.8287
2025-04-13 15:00:00,1921.0,1517.7435
2025-04-13 16:00:00,2009.0,1428.0181
2025-04-13 17:00:00,1907.0,1326.0886
2025-04-13 18:00:00,1509.0,1140.5527
2025-04-13 19:00:00,1220.0,964.2146
2025-04-13 20:00:00,977.0,753.6763
2025-04-13 21:00:00,578.0,582.3225
2025-04-13 22:00:00,320.0,428.96707
2025-04-13 23:00:00,150.0,304.69092
2025-04-14 00:00:00,61.0,150.86572
2025-04-14 01:00:00,32.0,107.3056
2025-04-14 02:00:00,33.0,76.93146
2025-04-14 03:00:00,59.0,155.0365
2025-04-14 04:00:00,157.0,247.39203
2025-04-14 05:00:00,788.0,345.67798
2025-04-14 06:00:00,2080.0,531.413
2025-04-14 07:00:00,2424.0,736.93964
2025-04-14 08:00:00,1579.0,914.05786
2025-04-14 09:00:00,1233.0,1110.6016
2025-04-14 10:00:00,1183.0,1266.5088
2025-04-14 11:00:00,1111.0,1395.1597
2025-04-14 12:00:00,1038.0,1483.8096
2025-04-14 13:00:00,1287.0,1531.7449
2025-04-14 14:00:00,1261.0,1532.1061
2025-04-14 15:00:00,1268.0,1482.0955
2025-04-14 16:00:00,1529.0,1392.6592
2025-04-14 17:00:00,1720.0,1237.1991
2025-04-14 18:00:00,1263.0,1078.6788
2025-04-14 19:00:00,727.0,900.4976
2025-04-14 20:00:00,470.0,686.67816
2025-04-14 21:00:00,328.0,512.40784
2025-04-14 22:00:00,249.0,359.417
2025-04-14 23:00:00,107.0,235.50543
2025-04-15 00:00:00,51.0,115.06561
2025-04-15 01:00:00,33.0,72.59888
2025-04-15 02:00:00,48.0,74.44525
2025-04-15 03:00:00,50.0,124.70465
2025-04-15 04:00:00,149.0,216.33112
2025-04-15 05:00:00,756.0,348.86383
2025-04-15 06:00:00,2040.0,502.97183
2025-04-15 07:00:00,2362.0,708.86304
2025-04-15 08:00:00,1560.0,888.7749
2025-04-15 09:00:00,1268.0,1060.4932
2025-04-15 10:00:00,1242.0,1217.225
2025-04-15 11:00:00,1085.0,1340.4827
2025-04-15 12:00:00,1083.0,1426.2914
2025-04-15 13:00:00,1217.0,1496.4248
2025-04-15 14:00:00,1302.0,1494.9429
2025-04-15 15:00:00,1280.0,1445.2969
2025-04-15 16:00:00,1533.0,1354.3995
2025-04-15 17:00:00,1632.0,1224.8412
2025-04-15 18:00:00,1245.0,1044.8546
2025-04-15 19:00:00,800.0,865.0618
2025-04-15 20:00:00,477.0,652.7007
2025-04-15 21:00:00,383.0,477.70114
2025-04-15 22:00:00,277.0,323.9812
2025-04-15 23:00:00,158.0,204.07996
2025-04-16 00:00:00,77.0,114.38141
2025-04-16 01:00:00,55.0,69.36279
2025-04-16 02:00:00,59.0,71.57361
2025-04-16 03:00:00,54.0,119.64569
2025-04-16 04:00:00,141.0,210.1784
2025-04-16 05:00:00,719.0,337.03137
2025-04-16 06:00:00,1982.0,485.4339
2025-04-16 07:00:00,2234.0,722.85144
2025-04-16 08:00:00,1463.0,906.8516
2025-04-16 09:00:00,1154.0,1083.8273
2025-04-16 10:00:00,1200.0,1242.865
2025-04-16 11:00:00,1205.0,1367.8124
2025-04-16 12:00:00,1103.0,1425.092
2025-04-16 13:00:00,1367.0,1463.453
2025-04-16 14:00:00,1309.0,1454.3152
2025-04-16 15:00:00,1423.0,1400.0455
2025-04-16 16:00:00,1635.0,1302.9506
2025-04-16 17:00:00,1818.0,1174.428
2025-04-16 18:00:00,1440.0,1017.7682
2025-04-16 19:00:00,820.0,844.32635
2025-04-16 20:00:00,570.0,603.5515
2025-04-16 21:00:00,376.0,430.51053
2025-04-16 22:00:00,277.0,278.93555
2025-04-16 23:00:00,163.0,154.99866
2025-04-17 00:00:00,103.0,98.88263
2025-04-17 01:00:00,72.0,56.71289
2025-04-17 02:00:00,49.0,62.984924
2025-04-17 03:00:00,67.0,110.141174
2025-04-17 04:00:00,174.0,202.42902
2025-04-17 05:00:00,626.0,331.7738
2025-04-17 06:00:00,1727.0,485.42404
2025-04-17 07:00:00,2052.0,657.84
2025-04-17 08:00:00,1359.0,836.8871
2025-04-17 09:00:00,1128.0,1008.1476
2025-04-17 10:00:00,1202.0,1225.1466
2025-04-17 11:00:00,1158.0,1349.0582
2025-04-17 12:00:00,1238.0,1372.3093
2025-04-17 13:00:00,1416.0,1414.4368
2025-04-17 14:00:00,1440.0,1473.2244
2025-04-17 15:00:00,1475.0,1424.0587
2025-04-17 16:00:00,1701.0,1330.2449
2025-04-17 17:00:00,1602.0,1200.264
2025-04-17 18:00:00,1384.0,1042.0781
2025-04-17 19:00:00,930.0,806.9085
2025-04-17 20:00:00,265.0,626.97125
2025-04-17 21:00:00,449.0,486.7442
2025-04-17 22:00:00,370.0,304.31384
2025-04-17 23:00:00,272.0,210.93561
2025-04-18 00:00:00,152.0,-7.810486
2025-04-18 01:00:00,95.0,-50.57367
2025-04-18 02:00:00,70.0,-45.446228
2025-04-18 03:00:00,74.0,3.3547974
2025-04-18 04:00:00,71.0,94.61688
2025-04-18 05:00:00,125.0,223.86853
2025-04-18 06:00:00,210.0,380.893
2025-04-18 07:00:00,278.0,586.41956
2025-04-18 08:00:00,530.0,766.69604
2025-04-18 09:00:00,851.0,939.508
2025-04-18 10:00:00,1147.0,1094.3218
2025-04-18 11:00:00,1330.0,1217.8688
2025-04-18 12:00:00,1202.0,1303.6022
2025-04-18 13:00:00,1103.0,1346.7981
2025-04-18 14:00:00,1143.0,1343.4934
2025-04-18 15:00:00,1178.0,1292.8693
2025-04-18 16:00:00,1286.0,1196.9404
2025-04-18 17:00:00,1202.0,1098.104
2025-04-18 18:00:00,1035.0,911.7982
2025-04-18 19:00:00,765.0,734.9625
2025-04-18 20:00:00,637.0,524.0596
2025-04-18 21:00:00,487.0,351.61206
2025-04-18 22:00:00,342.0,197.89233
2025-04-18 23:00:00,250.0,73.98065
2025-04-19 00:00:00,149.0,237.38947
2025-04-19 01:00:00,111.0,194.92297
2025-04-19 02:00:00,66.0,195.67554
2025-04-19 03:00:00,53.0,244.84131
2025-04-19 04:00:00,62.0,337.92603
2025-04-19 05:00:00,151.0,465.87274
2025-04-19 06:00:00,347.0,626.42737
2025-04-19 07:00:00,587.0,832.1247
2025-04-19 08:00:00,862.0,1036.3441
2025-04-19 09:00:00,1271.0,1213.1664
2025-04-19 10:00:00,1530.0,1371.6255
2025-04-19 11:00:00,1576.0,1504.2866
2025-04-19 12:00:00,1418.0,1596.947
2025-04-19 13:00:00,1617.0,1647.4342
2025-04-19 14:00:00,1718.0,1650.3271
2025-04-19 15:00:00,1769.0,1601.1614
2025-04-19 16:00:00,1783.0,1508.8057
2025-04-19 17:00:00,1760.0,1379.4006
2025-04-19 18:00:00,1350.0,1195.4011
2025-04-19 19:00:00,1045.0,1022.7491
2025-04-19 20:00:00,829.0,808.20044
2025-04-19 21:00:00,612.0,635.75305
2025-04-19 22:00:00,382.0,476.19995
2025-04-19 23:00:00,250.0,348.27814
2025-04-20 00:00:00,150.0,243.40472
2025-04-20 01:00:00,104.0,199.47992
2025-04-20 02:00:00,56.0,205.33661
2025-04-20 03:00:00,54.0,254.86676
2025-04-20 04:00:00,47.0,345.3996
2025-04-20 05:00:00,73.0,471.73465
2025-04-20 06:00:00,131.0,628.79694
2025-04-20 07:00:00,203.0,834.5926
2025-04-20 08:00:00,459.0,1014.5797
2025-04-20 09:00:00,991.0,1216.7104
2025-04-20 10:00:00,1437.0,1345.4689
2025-04-20 11:00:00,1422.0,1466.4639
2025-04-20 12:00:00,1563.0,1475.0643
2025-04-20 13:00:00,1591.0,1518.5569
2025-04-20 14:00:00,1752.0,1578.2349
2025-04-20 15:00:00,1997.0,1554.4703
2025-04-20 16:00:00,2033.0,1462.6326
2025-04-20 17:00:00,1999.0,1305.7114
2025-04-20 18:00:00,1757.0,1153.9095
2025-04-20 19:00:00,1326.0,977.7248
2025-04-20 20:00:00,1136.0,763.5407
2025-04-20 21:00:00,717.0,591.4579
2025-04-20 22:00:00,481.0,437.37326
2025-04-20 23:00:00,289.0,312.7326
2025-04-21 00:00:00,136.0,454.8985
2025-04-21 01:00:00,79.0,414.2547
2025-04-21 02:00:00,63.0,419.74673
2025-04-21 03:00:00,55.0,467.81882
2025-04-21 04:00:00,58.0,559.0808
2025-04-21 05:00:00,98.0,685.41583
2025-04-21 06:00:00,192.0,840.8461
2025-04-21 07:00:00,229.0,1076.3223
2025-04-21 08:00:00,504.0,1260.415
2025-04-21 09:00:00,961.0,1441.8235
2025-04-21 10:00:00,1471.0,1572.503
2025-04-21 11:00:00,1922.0,1697.8353
2025-04-21 12:00:00,2113.0,1808.2032
2025-04-21 13:00:00,2258.0,1825.4193
2025-04-21 14:00:00,2476.0,1823.8823
2025-04-21 15:00:00,2514.0,1773.5245
2025-04-21 16:00:00,2427.0,1676.5353
2025-04-21 17:00:00,2358.0,1549.1917
2025-04-21 18:00:00,1889.0,1325.8687
2025-04-21 19:00:00,1701.0,1150.5515
2025-04-21 20:00:00,1463.0,998.3667
2025-04-21 21:00:00,1155.0,828.1067
2025-04-21 22:00:00,667.0,675.8451
2025-04-21 23:00:00,262.0,554.05316
2025-04-22 00:00:00,116.0,258.06427
2025-04-22 01:00:00,62.0,215.23303
2025-04-22 02:00:00,46.0,219.26685
2025-04-22 03:00:00,79.0,268.79712
2025-04-22 04:00:00,182.0,358.96527
2025-04-22 05:00:00,815.0,487.85233
2025-04-22 06:00:00,2249.0,642.516
2025-04-22 07:00:00,2291.0,851.286
2025-04-22 08:00:00,1572.0,1028.892
2025-04-22 09:00:00,1252.0,1229.4662
2025-04-22 10:00:00,1141.0,1385.7379
2025-04-22 11:00:00,1263.0,1512.6818
2025-04-22 12:00:00,1241.0,1601.543
2025-04-22 13:00:00,1407.0,1645.8701
2025-04-22 14:00:00,1478.0,1643.6592
2025-04-22 15:00:00,1453.0,1597.6038
2025-04-22 16:00:00,1603.0,1505.7081
2025-04-22 17:00:00,1830.0,1350.844
2025-04-22 18:00:00,1363.0,1193.8977
2025-04-22 19:00:00,916.0,1013.8937
2025-04-22 20:00:00,633.0,798.25146
2025-04-22 21:00:00,475.0,625.0748
2025-04-22 22:00:00,353.0,470.62567
2025-04-22 23:00:00,148.0,346.7141
2025-04-23 00:00:00,73.0,261.01318
2025-04-23 01:00:00,57.0,215.99463
2025-04-23 02:00:00,36.0,219.2992
2025-04-23 03:00:00,55.0,264.81934
2025-04-23 04:00:00,124.0,355.7166
2025-04-23 05:00:00,752.0,481.12872
2025-04-23 06:00:00,1967.0,634.7886
2025-04-23 07:00:00,2214.0,873.8582
2025-04-23 08:00:00,1529.0,1055.5929
2025-04-23 09:00:00,1176.0,1230.2278
2025-04-23 10:00:00,1112.0,1388.6869
2025-04-23 11:00:00,1137.0,1516.9733
2025-04-23 12:00:00,1162.0,1605.6233
2025-04-23 13:00:00,1270.0,1650.3931
2025-04-23 14:00:00,1269.0,1648.9893
2025-04-23 15:00:00,1393.0,1577.3013
2025-04-23 16:00:00,1578.0,1475.1023
2025-04-23 17:00:00,1804.0,1276.3395
2025-04-23 18:00:00,1195.0,1115.1863
2025-04-23 19:00:00,518.0,946.4243
2025-04-23 20:00:00,486.0,770.69214
2025-04-23 21:00:00,369.0,593.3358
2025-04-23 22:00:00,287.0,432.92673
2025-04-23 23:00:00,149.0,339.09064
2025-04-24 00:00:00,79.0,253.02222
2025-04-24 01:00:00,50.0,240.29211
2025-04-24 02:00:00,50.0,244.02917
2025-04-24 03:00:00,49.0,293.9239
2025-04-24 04:00:00,141.0,387.3732
2025-04-24 05:00:00,295.0,515.5311
2025-04-24 06:00:00,1073.0,674.01404
2025-04-24 07:00:00,1529.0,879.54065
2025-04-24 08:00:00,1260.0,1059.7493
2025-04-24 09:00:00,1169.0,1232.2644
2025-04-24 10:00:00,1167.0,1387.8071
2025-04-24 11:00:00,1139.0,1513.1769
2025-04-24 12:00:00,1172.0,1599.217
2025-04-24 13:00:00,1295.0,1642.8352
2025-04-24 14:00:00,1343.0,1635.4047
2025-04-24 15:00:00,1439.0,1585.2609
2025-04-24 16:00:00,1501.0,1492.1761
2025-04-24 17:00:00,1811.0,1361.8308
2025-04-24 18:00:00,1385.0,1204.4419
2025-04-24 19:00:00,870.0,1029.5417
2025-04-24 20:00:00,567.0,796.5581
2025-04-24 21:00:00,381.0,643.6394
2025-04-24 22:00:00,304.0,491.74228
2025-04-24 23:00:00,180.0,368.85657
2025-04-25 00:00:00,75.0,293.37415
2025-04-25 01:00:00,32.0,249.78845
2025-04-25 02:00:00,30.0,253.09308
2025-04-25 03:00:00,50.0,305.06512
2025-04-25 04:00:00,120.0,400.02344
2025-04-25 05:00:00,657.0,524.0271
2025-04-25 06:00:00,1818.0,681.1195
2025-04-25 07:00:00,1786.0,916.8148
2025-04-25 08:00:00,1417.0,1033.8798
2025-04-25 09:00:00,1132.0,1267.7837
2025-04-25 10:00:00,1161.0,1362.4717
2025-04-25 11:00:00,1169.0,1486.0269
2025-04-25 12:00:00,1047.0,1570.2683
2025-04-25 13:00:00,1336.0,1671.425
2025-04-25 14:00:00,1550.0,1671.7109
2025-04-25 15:00:00,1706.0,1617.7827
2025-04-25 16:00:00,1827.0,1555.284
2025-04-25 17:00:00,1893.0,1423.6887
2025-04-25 18:00:00,1571.0,1242.8748
2025-04-25 19:00:00,1050.0,1070.894
2025-04-25 20:00:00,706.0,855.9809
2025-04-25 21:00:00,530.0,683.89795
2025-04-25 22:00:00,455.0,530.17804
2025-04-25 23:00:00,303.0,408.81845
2025-04-26 00:00:00,177.0,371.40427
2025-04-26 01:00:00,107.0,329.30225
2025-04-26 02:00:00,77.0,332.97144
2025-04-26 03:00:00,73.0,381.0435
2025-04-26 04:00:00,77.0,475.5865
2025-04-26 05:00:00,221.0,603.0153
2025-04-26 06:00:00,537.0,762.2273
2025-04-26 07:00:00,808.0,968.11847
2025-04-26 08:00:00,1172.0,1144.8998
2025-04-26 09:00:00,1342.0,1319.3812
2025-04-26 10:00:00,1415.0,1476.4602
2025-04-26 11:00:00,1403.0,1603.0396
2025-04-26 12:00:00,1415.0,1686.2761
2025-04-26 13:00:00,1521.0,1761.6318
2025-04-26 14:00:00,1665.0,1759.0564
2025-04-26 15:00:00,1586.0,1679.8601
2025-04-26 16:00:00,1781.0,1589.7122
2025-04-26 17:00:00,1765.0,1463.8977
2025-04-26 18:00:00,1466.0,1304.6858
2025-04-26 19:00:00,1088.0,1127.2338
2025-04-26 20:00:00,772.0,916.3309
2025-04-26 21:00:00,630.0,741.3315
2025-04-26 22:00:00,483.0,585.0596
2025-04-26 23:00:00,378.0,461.5125
2025-04-27 00:00:00,290.0,416.9247
2025-04-27 01:00:00,174.0,372.6353
2025-04-27 02:00:00,96.0,375.93988
2025-04-27 03:00:00,88.0,426.92847
2025-04-27 04:00:00,94.0,521.10693
2025-04-27 05:00:00,108.0,649.2649
2025-04-27 06:00:00,182.0,805.1958
2025-04-27 07:00:00,290.0,1010.35785
2025-04-27 08:00:00,597.0,1188.8114
2025-04-27 09:00:00,876.0,1361.988
2025-04-27 10:00:00,998.0,1542.2981
2025-04-27 11:00:00,1202.0,1665.229
2025-04-27 12:00:00,1346.0,1755.7019
2025-04-27 13:00:00,1512.0,1800.356
2025-04-27 14:00:00,1757.0,1800.7173
2025-04-27 15:00:00,1857.0,1751.7046
2025-04-27 16:00:00,1905.0,1658.8109
2025-04-27 17:00:00,2009.0,1534.5706
2025-04-27 18:00:00,1493.0,1348.9941
2025-04-27 19:00:00,1191.0,1175.3063
2025-04-27 20:00:00,861.0,963.6742
2025-04-27 21:00:00,669.0,790.4977
2025-04-27 22:00:00,394.0,636.4131
2025-04-27 23:00:00,203.0,508.8558
2025-04-28 00:00:00,99.0,432.1986
2025-04-28 01:00:00,57.0,386.08643
2025-04-28 02:00:00,44.0,388.29733
2025-04-28 03:00:00,38.0,436.73386
2025-04-28 04:00:00,144.0,526.5375
2025-04-28 05:00:00,803.0,651.73846
2025-04-28 06:00:00,2198.0,803.7866
2025-04-28 07:00:00,1996.0,1042.1271
2025-04-28 08:00:00,1692.0,1223.4973
2025-04-28 09:00:00,1238.0,1400.6841
2025-04-28 10:00:00,1162.0,1558.0496
2025-04-28 11:00:00,1049.0,1685.9714
2025-04-28 12:00:00,1094.0,1777.5378
2025-04-28 13:00:00,1248.0,1825.4731
2025-04-28 14:00:00,1213.0,1824.7203
2025-04-28 15:00:00,1307.0,1775.9192
2025-04-28 16:00:00,1477.0,1684.2927
2025-04-28 17:00:00,1670.0,1554.7748
2025-04-28 18:00:00,1192.0,1396.9836
2025-04-28 19:00:00,804.0,1193.8613
2025-04-28 20:00:00,510.0,981.1355
2025-04-28 21:00:00,393.0,803.58405
2025-04-28 22:00:00,316.0,649.4996
2025-04-28 23:00:00,129.0,524.8589
2025-04-29 00:00:00,70.0,298.12018
2025-04-29 01:00:00,47.0,255.65344
2025-04-29 02:00:00,36.0,255.67706
2025-04-29 03:00:00,50.0,303.0199
2025-04-29 04:00:00,119.0,392.82352
2025-04-29 05:00:00,763.0,517.7351
2025-04-29 06:00:00,2143.0,672.98914
2025-04-29 07:00:00,2327.0,911.6942
2025-04-29 08:00:00,1602.0,1094.8872
2025-04-29 09:00:00,1066.0,1268.7928
2025-04-29 10:00:00,1137.0,1427.6167
2025-04-29 11:00:00,1021.0,1556.9968
2025-04-29 12:00:00,1001.0,1649.657
2025-04-29 13:00:00,1197.0,1696.4984
2025-04-29 14:00:00,1112.0,1695.3811
2025-04-29 15:00:00,1256.0,1645.8508
2025-04-29 16:00:00,1515.0,1554.071
2025-04-29 17:00:00,1678.0,1423.4392
2025-04-29 18:00:00,1267.0,1265.5901
2025-04-29 19:00:00,714.0,1065.2512
2025-04-29 20:00:00,503.0,850.338
2025-04-29 21:00:00,398.0,674.2449
2025-04-29 22:00:00,312.0,516.51465
2025-04-29 23:00:00,138.0,387.8637
2025-04-30 00:00:00,58.0,295.95276
2025-04-30 01:00:00,43.0,254.9444
2025-04-30 02:00:00,37.0,254.9679
2025-04-30 03:00:00,55.0,303.40448
2025-04-30 04:00:00,111.0,394.30176
2025-04-30 05:00:00,709.0,518.1197
2025-04-30 06:00:00,2033.0,674.1029
2025-04-30 07:00:00,2242.0,912.44336
2025-04-30 08:00:00,1499.0,1094.5426
2025-04-30 09:00:00,1167.0,1271.0004
2025-04-30 10:00:00,1131.0,1428.7303
2025-04-30 11:00:00,1143.0,1559.5687
2025-04-30 12:00:00,1129.0,1648.9479
2025-04-30 13:00:00,1186.0,1696.1538
2025-04-30 14:00:00,1191.0,1696.1304
2025-04-30 15:00:00,1450.0,1646.6001
2025-04-30 16:00:00,1622.0,1555.3381
2025-04-30 17:00:00,1781.0,1425.3573
2025-04-30 18:00:00,1329.0,1263.229
2025-04-30 19:00:00,845.0,1057.8439
2025-04-30 20:00:00,652.0,845.9832
2025-04-30 21:00:00,490.0,675.3586
2025-04-30 22:00:00,390.0,521.6386
2025-04-30 23:00:00,235.0,390.07114
2025-05-01 00:00:00,107.0,273.47845
2025-05-01 01:00:00,61.0,227.36621
2025-05-01 02:00:00,39.0,228.1189
2025-05-01 03:00:00,45.0,275.8263
2025-05-01 04:00:00,96.0,366.7237
2025-05-01 05:00:00,440.0,491.57745
2025-05-01 06:00:00,1352.0,647.9829
2025-05-01 07:00:00,1532.0,886.3234
2025-05-01 08:00:00,1230.0,1070.2456
2025-05-01 09:00:00,1204.0,1247.0676
2025-05-01 10:00:00,1238.0,1406.6206
2025-05-01 11:00:00,1390.0,1533.8132
2025-05-01 12:00:00,1390.0,1625.7444
2025-05-01 13:00:00,1526.0,1672.9507
2025-05-01 14:00:00,1649.0,1671.1041
2025-05-01 15:00:00,1760.0,1622.3029
2025-05-01 16:00:00,2148.0,1530.6765
2025-05-01 17:00:00,2236.0,1401.0603
2025-05-01 18:00:00,1786.0,1238.2026
2025-05-01 19:00:00,1174.0,1034.6405
2025-05-01 20:00:00,710.0,821.6861
2025-05-01 21:00:00,607.0,644.86383
2025-05-01 22:00:00,381.0,489.3211
2025-05-01 23:00:00,175.0,364.68042
2025-05-02 00:00:00,76.0,379.889
2025-05-02 01:00:00,48.0,335.59955
2025-05-02 02:00:00,33.0,337.81042
2025-05-02 03:00:00,63.0,386.24704
2025-05-02 04:00:00,92.0,477.50897
2025-05-02 05:00:00,509.0,604.1278
2025-05-02 06:00:00,1611.0,759.86206
2025-05-02 07:00:00,1653.0,998.2026
2025-05-02 08:00:00,1372.0,1181.7601
2025-05-02 09:00:00,1270.0,1361.4989
2025-05-02 10:00:00,1245.0,1518.8644
2025-05-02 11:00:00,1254.0,1646.4216
2025-05-02 12:00:00,1336.0,1736.8945
2025-05-02 13:00:00,1563.0,1783.0068
2025-05-02 14:00:00,1690.0,1782.2543
2025-05-02 15:00:00,1701.0,1734.5466
2025-05-02 16:00:00,1945.0,1641.8264
2025-05-02 17:00:00,1882.0,1487.0376
2025-05-02 18:00:00,1550.0,1328.2134
2025-05-02 19:00:00,1141.0,1147.3848
2025-05-02 20:00:00,828.0,934.2944
2025-05-02 21:00:00,617.0,759.2949
2025-05-02 22:00:00,458.0,601.9293
2025-05-02 23:00:00,288.0,478.01776
2025-05-03 00:00:00,174.0,404.79587
2025-05-03 01:00:00,98.0,366.33948
2025-05-03 02:00:00,41.0,364.1756
2025-05-03 03:00:00,74.0,415.16418
2025-05-03 04:00:00,80.0,507.5198
2025-05-03 05:00:00,166.0,632.03204
2025-05-03 06:00:00,482.0,787.89514
2025-05-03 07:00:00,767.0,990.93756
2025-05-03 08:00:00,1021.0,1108.5281
2025-05-03 09:00:00,1246.0,1340.408
2025-05-03 10:00:00,1406.0,1495.3472
2025-05-03 11:00:00,1417.0,1621.446
2025-05-03 12:00:00,1469.0,1707.851
2025-05-03 13:00:00,1812.0,1753.9053
2025-05-03 14:00:00,1833.0,1754.5154
2025-05-03 15:00:00,1967.0,1705.1384
2025-05-03 16:00:00,1988.0,1610.2961
2025-05-03 17:00:00,1835.0,1507.4365
2025-05-03 18:00:00,1526.0,1324.4727
2025-05-03 19:00:00,1170.0,1147.1364
2025-05-03 20:00:00,958.0,932.2232
2025-05-03 21:00:00,736.0,761.96313
2025-05-03 22:00:00,570.0,609.63367
2025-05-03 23:00:00,434.0,483.60248
2025-05-04 00:00:00,245.0,382.34995
2025-05-04 01:00:00,140.0,344.5548
2025-05-04 02:00:00,98.0,346.83368
2025-05-04 03:00:00,69.0,393.3796
2025-05-04 04:00:00,70.0,452.70074
2025-05-04 05:00:00,97.0,608.7892
2025-05-04 06:00:00,192.0,764.05884
2025-05-04 07:00:00,257.0,967.3576
2025-05-04 08:00:00,329.0,1177.2218
2025-05-04 09:00:00,846.0,1350.0338
2025-05-04 10:00:00,1141.0,1504.5957
2025-05-04 11:00:00,1516.0,1574.9906
2025-05-04 12:00:00,1578.0,1615.4003
2025-05-04 13:00:00,1970.0,1720.1204
2025-05-04 14:00:00,1995.0,1649.9585
2025-05-04 15:00:00,2004.0,1607.8972
2025-05-04 16:00:00,2130.0,1507.4873
2025-05-04 17:00:00,1925.0,1380.9994
2025-05-04 18:00:00,1596.0,1218.4728
2025-05-04 19:00:00,1225.0,1043.7762
2025-05-04 20:00:00,1009.0,866.28064
2025-05-04 21:00:00,674.0,695.9782
2025-05-04 22:00:00,632.0,538.7228
2025-05-04 23:00:00,347.0,413.98886
2025-05-05 00:00:00,286.0,245.38269
2025-05-05 01:00:00,119.0,172.81543
2025-05-05 02:00:00,71.0,177.83252
2025-05-05 03:00:00,64.0,230.49115
2025-05-05 04:00:00,152.0,322.71106
2025-05-05 05:00:00,797.0,451.39462
2025-05-05 06:00:00,2188.0,603.9936
2025-05-05 07:00:00,1809.0,776.7741
2025-05-05 08:00:00,773.0,954.86316
2025-05-05 09:00:00,504.0,1125.2588
2025-05-05 10:00:00,980.0,1274.6462
2025-05-05 11:00:00,1063.0,1396.1161
2025-05-05 12:00:00,1025.0,1480.9847
2025-05-05 13:00:00,1216.0,1520.9674
2025-05-05 14:00:00,705.0,1578.7545
2025-05-05 15:00:00,568.0,1466.3093
2025-05-05 16:00:00,1372.0,1371.8342
2025-05-05 17:00:00,1696.0,1305.4973
2025-05-05 18:00:00,1218.0,1149.202
2025-05-05 19:00:00,664.0,975.76025
2025-05-05 20:00:00,446.0,766.3156
2025-05-05 21:00:00,327.0,596.78467
2025-05-05 22:00:00,266.0,445.25214
2025-05-05 23:00:00,136.0,322.79883
2025-05-06 00:00:00,67.0,216.12183
2025-05-06 01:00:00,32.0,174.31665
2025-05-06 02:00:00,32.0,178.41821
2025-05-06 03:00:00,56.0,198.30536
2025-05-06 04:00:00,129.0,289.70288
2025-05-06 05:00:00,803.0,420.23465
2025-05-06 06:00:00,2087.0,575.3432
2025-05-06 07:00:00,1219.0,809.48694
2025-05-06 08:00:00,1553.0,925.4582
2025-05-06 09:00:00,1110.0,1159.7267
2025-05-06 10:00:00,825.0,1311.9882
2025-05-06 11:00:00,767.0,1435.5352
2025-05-06 12:00:00,940.0,1521.6332
2025-05-06 13:00:00,1192.0,1564.829
2025-05-06 14:00:00,1148.0,1561.5243
2025-05-06 15:00:00,1189.0,1512.3585
2025-05-06 16:00:00,1356.0,1420.7322
2025-05-06 17:00:00,1552.0,1292.2096
2025-05-06 18:00:00,1178.0,1136.2789
2025-05-06 19:00:00,664.0,963.2016
2025-05-06 20:00:00,400.0,754.1216
2025-05-06 21:00:00,381.0,582.7678
2025-05-06 22:00:00,294.0,430.8707
2025-05-06 23:00:00,127.0,306.59454
2025-05-07 00:00:00,72.0,220.86914
2025-05-07 01:00:00,45.0,177.6734
2025-05-07 02:00:00,32.0,179.88434
2025-05-07 03:00:00,57.0,226.49799
2025-05-07 04:00:00,138.0,321.77014
2025-05-07 05:00:00,760.0,451.75092
2025-05-07 06:00:00,2078.0,609.50464
2025-05-07 07:00:00,2237.0,815.7604
2025-05-07 08:00:00,1535.0,996.0368
2025-05-07 09:00:00,1079.0,1168.5797
2025-05-07 10:00:00,1032.0,1322.9331
2025-05-07 11:00:00,1039.0,1446.8447
2025-05-07 12:00:00,1053.0,1532.5781
2025-05-07 13:00:00,1157.0,1575.4094
2025-05-07 14:00:00,1238.0,1507.2993
2025-05-07 15:00:00,1282.0,1517.4026
2025-05-07 16:00:00,1368.0,1422.9275
2025-05-07 17:00:00,1597.0,1230.3964
2025-05-07 18:00:00,1264.0,1073.3721
2025-05-07 19:00:00,745.0,962.7771
2025-05-07 20:00:00,422.0,752.30664
2025-05-07 21:00:00,189.0,581.31744
2025-05-07 22:00:00,239.0,429.4203
2025-05-07 23:00:00,145.0,306.96704
2025-05-08 00:00:00,65.0,250.31378
2025-05-08 01:00:00,54.0,207.84741
2025-05-08 02:00:00,39.0,212.24573
2025-05-08 03:00:00,55.0,261.41125
2025-05-08 04:00:00,136.0,353.40234
2025-05-08 05:00:00,786.0,482.65393
2025-05-08 06:00:00,2058.0,640.7723
2025-05-08 07:00:00,2301.0,846.2989
2025-05-08 08:00:00,1480.0,1026.2107
2025-05-08 09:00:00,1155.0,1199.0227
2025-05-08 10:00:00,1023.0,1350.7634
2025-05-08 11:00:00,989.0,1480.2217
2025-05-08 12:00:00,1123.0,1569.6008
2025-05-08 13:00:00,1278.0,1613.0658
2025-05-08 14:00:00,1258.0,1608.8408
2025-05-08 15:00:00,1336.0,1558.9459
2025-05-08 16:00:00,1500.0,1466.5903
2025-05-08 17:00:00,1671.0,1336.6095
2025-05-08 18:00:00,1262.0,1178.856
2025-05-08 19:00:00,760.0,1003.5914
2025-05-08 20:00:00,513.0,790.8656
2025-05-08 21:00:00,412.0,618.0536
2025-05-08 22:00:00,311.0,465.0627
2025-05-08 23:00:00,132.0,340.05743
2025-05-09 00:00:00,73.0,291.27722
2025-05-09 01:00:00,60.0,248.08142
2025-05-09 02:00:00,41.0,248.8341
2025-05-09 03:00:00,43.0,298.72894
2025-05-09 04:00:00,132.0,391.44916
2025-05-09 05:00:00,670.0,519.60706
2025-05-09 06:00:00,1854.0,677.293
2025-05-09 07:00:00,1962.0,819.67596
2025-05-09 08:00:00,1401.0,998.5195
2025-05-09 09:00:00,1052.0,1169.3477
2025-05-09 10:00:00,1102.0,1385.6853
2025-05-09 11:00:00,1152.0,1511.9377
2025-05-09 12:00:00,1173.0,1601.3169
2025-05-09 13:00:00,1443.0,1645.8931
2025-05-09 14:00:00,1568.0,1645.2184
2025-05-09 15:00:00,1613.0,1594.0764
2025-05-09 16:00:00,1768.0,1501.7206
2025-05-09 17:00:00,1807.0,1372.8335
2025-05-09 18:00:00,1489.0,1216.9028
2025-05-09 19:00:00,970.0,1039.7576
2025-05-09 20:00:00,644.0,823.07935
2025-05-09 21:00:00,483.0,649.5382
2025-05-09 22:00:00,486.0,495.08908
2025-05-09 23:00:00,315.0,369.71924
2025-05-10 00:00:00,163.0,293.31824
2025-05-10 01:00:00,83.0,249.39337
2025-05-10 02:00:00,67.0,252.33344
2025-05-10 03:00:00,63.0,301.49915
2025-05-10 04:00:00,75.0,392.03195
2025-05-10 05:00:00,216.0,516.28973
2025-05-10 06:00:00,542.0,672.56226
2025-05-10 07:00:00,878.0,910.9027
2025-05-10 08:00:00,1084.0,1093.002
2025-05-10 09:00:00,1336.0,1270.5533
2025-05-10 10:00:00,1425.0,1427.9188
2025-05-10 11:00:00,1414.0,1555.4761
2025-05-10 12:00:00,1383.0,1646.6782
2025-05-10 13:00:00,1449.0,1693.155
2025-05-10 14:00:00,1471.0,1693.1313
2025-05-10 15:00:00,1677.0,1643.9656
2025-05-10 16:00:00,1666.0,1552.7037
2025-05-10 17:00:00,1664.0,1424.1812
2025-05-10 18:00:00,1317.0,1265.6985
2025-05-10 19:00:00,1063.0,1063.152
2025-05-10 20:00:00,779.0,849.9111
2025-05-10 21:00:00,672.0,677.0991
2025-05-10 22:00:00,534.0,524.10815
2025-05-10 23:00:00,397.0,397.2801
2025-05-11 00:00:00,250.0,290.18262
2025-05-11 01:00:00,152.0,245.16406
2025-05-11 02:00:00,92.0,248.46869
2025-05-11 03:00:00,69.0,296.90527
2025-05-11 04:00:00,47.0,389.6255
2025-05-11 05:00:00,86.0,515.80444
2025-05-11 06:00:00,213.0,669.98505
2025-05-11 07:00:00,304.0,905.21515
2025-05-11 08:00:00,563.0,1087.679
2025-05-11 09:00:00,959.0,1263.7721
2025-05-11 10:00:00,1295.0,1422.2312
2025-05-11 11:00:00,1393.0,1550.5176
2025-05-11 12:00:00,1350.0,1643.1781
2025-05-11 13:00:00,1594.0,1690.7487
2025-05-11 14:00:00,1758.0,1688.1731
2025-05-11 15:00:00,2052.0,1639.7365
2025-05-11 16:00:00,2569.0,1546.7095
2025-05-11 17:00:00,2508.0,1416.3062
2025-05-11 18:00:00,1892.0,1257.0945
2025-05-11 19:00:00,1445.0,1050.5753
2025-05-11 20:00:00,1428.0,838.0259
2025-05-11 21:00:00,1268.0,663.7556
2025-05-11 22:00:00,768.0,508.2127
2025-05-11 23:00:00,228.0,384.30118
2025-05-12 00:00:00,114.0,291.76636
2025-05-12 01:00:00,57.0,250.39368
2025-05-12 02:00:00,37.0,252.60449
2025-05-12 03:00:00,52.0,303.2284
2025-05-12 04:00:00,146.0,392.3029
2025-05-12 05:00:00,890.0,520.4608
2025-05-12 06:00:00,2217.0,676.50464
2025-05-12 07:00:00,2445.0,882.1268
2025-05-12 08:00:00,1648.0,1065.1113
2025-05-12 09:00:00,1076.0,1236.5027
2025-05-12 10:00:00,1062.0,1390.9314
2025-05-12 11:00:00,928.0,1514.898
2025-05-12 12:00:00,1016.0,1606.2561
2025-05-12 13:00:00,1167.0,1672.6458
2025-05-12 14:00:00,1188.0,1677.6912
2025-05-12 15:00:00,1292.0,1599.1891
2025-05-12 16:00:00,1374.0,1437.6416
2025-05-12 17:00:00,1575.0,1299.8354
2025-05-12 18:00:00,1202.0,1141.9292
2025-05-12 19:00:00,744.0,964.1126
2025-05-12 20:00:00,440.0,786.04895
2025-05-12 21:00:00,269.0,611.8635
2025-05-12 22:00:00,222.0,488.21902
2025-05-12 23:00:00,105.0,335.0036
2025-05-13 00:00:00,60.0,249.28711
2025-05-13 01:00:00,43.0,206.45605
2025-05-13 02:00:00,20.0,208.73492
2025-05-13 03:00:00,55.0,259.35864
2025-05-13 04:00:00,134.0,349.89142
2025-05-13 05:00:00,773.0,479.8722
2025-05-13 06:00:00,1296.0,639.4286
2025-05-13 07:00:00,1761.0,845.7045
2025-05-13 08:00:00,1560.0,1051.4603
2025-05-13 09:00:00,1170.0,1221.8506
2025-05-13 10:00:00,1030.0,1375.9349
2025-05-13 11:00:00,957.0,1507.6007
2025-05-13 12:00:00,1044.0,1571.272
2025-05-13 13:00:00,1162.0,1616.4438
2025-05-13 14:00:00,1162.0,1609.9508
2025-05-13 15:00:00,1185.0,1562.1304
2025-05-13 16:00:00,1424.0,1499.1312
2025-05-13 17:00:00,1647.0,1340.4075
2025-05-13 18:00:00,1205.0,1184.824
2025-05-13 19:00:00,762.0,1008.83014
2025-05-13 20:00:00,497.0,795.7398
2025-05-13 21:00:00,392.0,619.2821
2025-05-13 22:00:00,285.0,462.281
2025-05-13 23:00:00,123.0,337.2757
2025-05-14 00:00:00,56.0,248.62213
2025-05-14 01:00:00,46.0,205.79102
2025-05-14 02:00:00,26.0,207.63733
2025-05-14 03:00:00,49.0,256.07385
2025-05-14 04:00:00,118.0,347.33575
2025-05-14 05:00:00,847.0,470.5751
2025-05-14 06:00:00,2046.0,628.59515
2025-05-14 07:00:00,2382.0,867.66473
2025-05-14 08:00:00,1584.0,1047.9412
2025-05-14 09:00:00,1136.0,1226.2217
2025-05-14 10:00:00,1050.0,1383.9517
2025-05-14 11:00:00,1164.0,1511.509
2025-05-14 12:00:00,1337.0,1599.7944
2025-05-14 13:00:00,1416.0,1645.9067
2025-05-14 14:00:00,1462.0,1643.3312
2025-05-14 15:00:00,1585.0,1594.8945
2025-05-14 16:00:00,1889.0,1502.5391
2025-05-14 17:00:00,1938.0,1371.8291
2025-05-14 18:00:00,1460.0,1213.3464
2025-05-14 19:00:00,916.0,1008.7079
2025-05-14 20:00:00,546.0,796.4652
2025-05-14 21:00:00,452.0,620.0075
2025-05-14 22:00:00,313.0,464.10013
2025-05-14 23:00:00,168.0,338.7303
2025-05-15 00:00:00,74.0,283.5238
2025-05-15 01:00:00,47.0,239.96362
2025-05-15 02:00:00,33.0,241.81006
2025-05-15 03:00:00,52.0,291.34015
2025-05-15 04:00:00,131.0,381.14377
2025-05-15 05:00:00,804.0,503.63657
2025-05-15 06:00:00,2054.0,662.76776
2025-05-15 07:00:00,2394.0,902.5665
2025-05-15 08:00:00,1587.0,1084.3013
2025-05-15 09:00:00,1122.0,1258.9939
2025-05-15 10:00:00,1085.0,1421.4633
2025-05-15 11:00:00,1064.0,1548.9829
2025-05-15 12:00:00,1019.0,1639.227
2025-05-15 13:00:00,1222.0,1683.459
2025-05-15 14:00:00,1262.0,1680.5361
2025-05-15 15:00:00,1430.0,1606.105
2025-05-15 16:00:00,1520.0,1511.102
2025-05-15 17:00:00,1777.0,1374.8656
2025-05-15 18:00:00,1256.0,1213.8888
2025-05-15 19:00:00,784.0,1039.3533
2025-05-15 20:00:00,486.0,826.9921
2025-05-15 21:00:00,380.0,652.35724
2025-05-15 22:00:00,332.0,495.72076
2025-05-15 23:00:00,145.0,365.6115
2025-05-16 00:00:00,70.0,315.3615
2025-05-16 01:00:00,48.0,270.3429
2025-05-16 02:00:00,38.0,273.28296
2025-05-16 03:00:00,46.0,320.62592
2025-05-16 04:00:00,114.0,406.41928
2025-05-16 05:00:00,691.0,531.0012
2025-05-16 06:00:00,1867.0,690.5952
2025-05-16 07:00:00,1998.0,928.93567
2025-05-16 08:00:00,1450.0,1111.3995
2025-05-16 09:00:00,1245.0,1288.9509
2025-05-16 10:00:00,1166.0,1445.2227
2025-05-16 11:00:00,1237.0,1570.5925
2025-05-16 12:00:00,1226.0,1658.5135
2025-05-16 13:00:00,1553.0,1702.4385
2025-05-16 14:00:00,1525.0,1699.1338
2025-05-16 15:00:00,1618.0,1650.3325
2025-05-16 16:00:00,1824.0,1558.3414
2025-05-16 17:00:00,1836.0,1431.9714
2025-05-16 18:00:00,1574.0,1247.5493
2025-05-16 19:00:00,977.0,1071.9202
2025-05-16 20:00:00,723.0,862.4755
2025-05-16 21:00:00,524.0,687.47614
2025-05-16 22:00:00,420.0,535.579
2025-05-16 23:00:00,299.0,410.57373
2025-05-17 00:00:00,166.0,330.51562
2025-05-17 01:00:00,77.0,288.049
2025-05-17 02:00:00,65.0,291.3537
2025-05-17 03:00:00,65.0,340.15485
2025-05-17 04:00:00,83.0,431.7813
2025-05-17 05:00:00,188.0,561.03296
2025-05-17 06:00:00,524.0,719.8805
2025-05-17 07:00:00,875.0,948.6006
2025-05-17 08:00:00,1140.0,1127.2828
2025-05-17 09:00:00,1364.0,1302.2822
2025-05-17 10:00:00,1481.0,1460.7415
2025-05-17 11:00:00,1439.0,1585.44
2025-05-17 12:00:00,1459.0,1649.5164
2025-05-17 13:00:00,1456.0,1692.3649
2025-05-17 14:00:00,1648.0,1687.3127
2025-05-17 15:00:00,1607.0,1639.148
2025-05-17 16:00:00,1681.0,1542.9702
2025-05-17 17:00:00,1631.0,1416.8114
2025-05-17 18:00:00,1224.0,1259.4225
2025-05-17 19:00:00,855.0,1083.0641
2025-05-17 20:00:00,646.0,868.88007
2025-05-17 21:00:00,586.0,699.3492
2025-05-17 22:00:00,497.0,547.8166
2025-05-17 23:00:00,348.0,422.08218
2025-05-18 00:00:00,229.0,321.10327
2025-05-18 01:00:00,145.0,273.2359
2025-05-18 02:00:00,85.0,277.9989
2025-05-18 03:00:00,66.0,325.70636
2025-05-18 04:00:00,68.0,415.1454
2025-05-18 05:00:00,105.0,539.3684
2025-05-18 06:00:00,235.0,692.39465
2025-05-18 07:00:00,280.0,931.0997
2025-05-18 08:00:00,548.0,1115.9272
2025-05-18 09:00:00,922.0,1286.5491
2025-05-18 10:00:00,1144.0,1441.8225
2025-05-18 11:00:00,1275.0,1574.8713
2025-05-18 12:00:00,1388.0,1660.4287
2025-05-18 13:00:00,1585.0,1706.81
2025-05-18 14:00:00,1702.0,1703.2363
2025-05-18 15:00:00,1918.0,1655.1642
2025-05-18 16:00:00,2204.0,1562.8287
2025-05-18 17:00:00,2180.0,1434.6533
2025-05-18 18:00:00,1730.0,1276.2661
2025-05-18 19:00:00,1333.0,1069.1683
2025-05-18 20:00:00,988.0,857.34814
2025-05-18 21:00:00,724.0,682.71326
2025-05-18 22:00:00,418.0,527.89954
2025-05-18 23:00:00,176.0,402.16513
2025-05-19 00:00:00,86.0,245.90302
2025-05-19 01:00:00,58.0,201.24927
2025-05-19 02:00:00,37.0,203.82458
2025-05-19 03:00:00,55.0,253.35474
2025-05-19 04:00:00,146.0,341.70013
2025-05-19 05:00:00,916.0,465.1305
2025-05-19 06:00:00,2297.0,625.51154
2025-05-19 07:00:00,2454.0,866.34894
2025-05-19 08:00:00,1650.0,1047.4095
2025-05-19 09:00:00,1199.0,1223.1382
2025-05-19 10:00:00,1048.0,1380.8682
2025-05-19 11:00:00,1044.0,1513.2051
2025-05-19 12:00:00,1020.0,1576.4136
2025-05-19 13:00:00,1180.0,1646.4314
2025-05-19 14:00:00,1177.0,1643.5288
2025-05-19 15:00:00,1306.0,1596.1858
2025-05-19 16:00:00,1440.0,1504.9238
2025-05-19 17:00:00,1636.0,1354.6863
2025-05-19 18:00:00,1264.0,1193.9207
2025-05-19 19:00:00,793.0,1016.3153
2025-05-19 20:00:00,515.0,802.1312
2025-05-19 21:00:00,182.0,629.3192
2025-05-19 22:00:00,208.0,477.0575
2025-05-19 23:00:00,137.0,354.6042
2025-05-20 00:00:00,67.0,232.28143
2025-05-20 01:00:00,45.0,187.26288
2025-05-20 02:00:00,34.0,188.74475
2025-05-20 03:00:00,52.0,240.09778
2025-05-20 04:00:00,134.0,331.35962
2025-05-20 05:00:00,798.0,427.7125
2025-05-20 06:00:00,2176.0,579.9469
2025-05-20 07:00:00,2576.0,843.59564
2025-05-20 08:00:00,1606.0,1022.00885
2025-05-20 09:00:00,1168.0,1199.9451
2025-05-20 10:00:00,1053.0,1353.144
2025-05-20 11:00:00,1028.0,1484.3672
2025-05-20 12:00:00,996.0,1575.3607
2025-05-20 13:00:00,1180.0,1590.832
2025-05-20 14:00:00,1104.0,1584.2462
2025-05-20 15:00:00,1300.0,1467.3413
2025-05-20 16:00:00,1475.0,1369.492
2025-05-20 17:00:00,1594.0,1300.6454
2025-05-20 18:00:00,1241.0,1079.7482
2025-05-20 19:00:00,642.0,912.0629
2025-05-20 20:00:00,473.0,737.7212
2025-05-20 21:00:00,340.0,557.3976
2025-05-20 22:00:00,297.0,404.15253
2025-05-20 23:00:00,128.0,276.97687
2025-05-21 00:00:00,53.0,221.6264
2025-05-21 01:00:00,40.0,179.95685
2025-05-21 02:00:00,31.0,183.26147
2025-05-21 03:00:00,50.0,202.32617
2025-05-21 04:00:00,124.0,304.04156
2025-05-21 05:00:00,799.0,422.77185
2025-05-21 06:00:00,2103.0,579.49976
2025-05-21 07:00:00,2339.0,757.3926
2025-05-21 08:00:00,1625.0,993.21625
2025-05-21 09:00:00,1110.0,1165.6637
2025-05-21 10:00:00,1062.0,1320.1125
2025-05-21 11:00:00,1001.0,1444.542
2025-05-21 12:00:00,1094.0,1531.7336
2025-05-21 13:00:00,1281.0,1514.3115
2025-05-21 14:00:00,1311.0,1572.0068
2025-05-21 15:00:00,1345.0,1521.9412
2025-05-21 16:00:00,1481.0,1363.5431
2025-05-21 17:00:00,1537.0,1297.782
2025-05-21 18:00:00,511.0,1081.0898
2025-05-21 19:00:00,308.0,898.56793
2025-05-21 20:00:00,451.0,722.8357
2025-05-21 21:00:00,381.0,556.1365
2025-05-21 22:00:00,293.0,396.11722
2025-05-21 23:00:00,154.0,271.61224
2025-05-22 00:00:00,79.0,212.99518
2025-05-22 01:00:00,48.0,202.02002
2025-05-22 02:00:00,39.0,205.75708
2025-05-22 03:00:00,53.0,256.0163
2025-05-22 04:00:00,126.0,347.2782
2025-05-22 05:00:00,829.0,477.19113
2025-05-22 06:00:00,2124.0,604.2081
2025-05-22 07:00:00,1124.0,778.76904
2025-05-22 08:00:00,650.0,956.9767
2025-05-22 09:00:00,493.0,1123.1757
2025-05-22 10:00:00,693.0,1275.8695
2025-05-22 11:00:00,894.0,1398.0007
2025-05-22 12:00:00,1027.0,1484.8956
2025-05-22 13:00:00,977.0,1589.5481
2025-05-22 14:00:00,1220.0,1524.6342
2025-05-22 15:00:00,1005.0,1472.823
2025-05-22 16:00:00,886.0,1382.5022
2025-05-22 17:00:00,1016.0,1248.1807
2025-05-22 18:00:00,884.0,1156.2585
2025-05-22 19:00:00,170.0,983.61365
2025-05-22 20:00:00,461.0,773.4399
2025-05-22 21:00:00,427.0,601.72156
2025-05-22 22:00:00,269.0,448.00156
2025-05-22 23:00:00,160.0,325.18372
2025-05-23 00:00:00,65.0,275.6521
2025-05-23 01:00:00,37.0,233.18542
2025-05-23 02:00:00,44.0,237.94836
2025-05-23 03:00:00,58.0,288.20776
2025-05-23 04:00:00,119.0,381.29254
2025-05-23 05:00:00,690.0,509.81503
2025-05-23 06:00:00,1846.0,669.0271
2025-05-23 07:00:00,2027.0,874.1891
2025-05-23 08:00:00,1337.0,1052.9495
2025-05-23 09:00:00,1042.0,1252.8523
2025-05-23 10:00:00,1179.0,1379.2295
2025-05-23 11:00:00,1177.0,1504.119
2025-05-23 12:00:00,1190.0,1592.9629
2025-05-23 13:00:00,1559.0,1635.4875
2025-05-23 14:00:00,1480.0,1630.4757
2025-05-23 15:00:00,1574.0,1582.2676
2025-05-23 16:00:00,1781.0,1515.5823
2025-05-23 17:00:00,1778.0,1388.4427
2025-05-23 18:00:00,1431.0,1204.096
2025-05-23 19:00:00,1017.0,1031.4816
2025-05-23 20:00:00,658.0,820.5787
2025-05-23 21:00:00,504.0,646.3084
2025-05-23 22:00:00,389.0,494.7758
2025-05-23 23:00:00,328.0,371.59338
2025-05-24 00:00:00,189.0,291.52472
2025-05-24 01:00:00,111.0,247.5998
2025-05-24 02:00:00,72.0,249.44617
2025-05-24 03:00:00,68.0,295.69537
2025-05-24 04:00:00,76.0,389.14468
2025-05-24 05:00:00,205.0,516.3797
2025-05-24 06:00:00,518.0,668.1993
2025-05-24 07:00:00,852.0,905.42584
2025-05-24 08:00:00,1141.0,1062.853
2025-05-24 09:00:00,1356.0,1258.6097
2025-05-24 10:00:00,1401.0,1414.459
2025-05-24 11:00:00,1502.0,1543.3037
2025-05-24 12:00:00,1349.0,1629.6306
2025-05-24 13:00:00,1480.0,1674.5913
2025-05-24 14:00:00,1668.0,1671.4978
2025-05-24 15:00:00,1584.0,1622.9658
2025-05-24 16:00:00,1721.0,1507.0317
2025-05-24 17:00:00,1683.0,1380.41
2025-05-24 18:00:00,1287.0,1223.7126
2025-05-24 19:00:00,905.0,1048.448
2025-05-24 20:00:00,659.0,834.92523
2025-05-24 21:00:00,619.0,626.24713
2025-05-24 22:00:00,536.0,471.0942
2025-05-24 23:00:00,331.0,346.8181
2025-05-25 00:00:00,250.0,273.71667
2025-05-25 01:00:00,149.0,232.04706
2025-05-25 02:00:00,93.0,236.37756
2025-05-25 03:00:00,68.0,286.63702
2025-05-25 04:00:00,67.0,347.93378
2025-05-25 05:00:00,72.0,507.8797
2025-05-25 06:00:00,179.0,633.84546
2025-05-25 07:00:00,277.0,870.1342
2025-05-25 08:00:00,558.0,1050.046
2025-05-25 09:00:00,874.0,1222.4935
2025-05-25 10:00:00,796.0,1377.6715
2025-05-25 11:00:00,1319.0,1502.3123
2025-05-25 12:00:00,1409.0,1591.845
2025-05-25 13:00:00,1627.0,1635.7698
2025-05-25 14:00:00,1608.0,1633.7122
2025-05-25 15:00:00,1708.0,1585.0642
2025-05-25 16:00:00,1861.0,1429.7661
2025-05-25 17:00:00,1787.0,1363.726
2025-05-25 18:00:00,1476.0,1207.4308
2025-05-25 19:00:00,1217.0,1031.8015
2025-05-25 20:00:00,868.0,818.3466
2025-05-25 21:00:00,536.0,646.9929
2025-05-25 22:00:00,357.0,494.73117
2025-05-25 23:00:00,189.0,342.33807
2025-05-26 00:00:00,82.0,224.14172
2025-05-26 01:00:00,42.0,179.55573
2025-05-26 02:00:00,36.0,215.80994
2025-05-26 03:00:00,52.0,265.7046
2025-05-26 04:00:00,155.0,327.66266
2025-05-26 05:00:00,866.0,489.1347
2025-05-26 06:00:00,561.0,645.5835
2025-05-26 07:00:00,320.0,850.52435
2025-05-26 08:00:00,1573.0,1029.717
2025-05-26 09:00:00,1085.0,1201.4932
2025-05-26 10:00:00,917.0,1299.8528
2025-05-26 11:00:00,857.0,1409.7153
2025-05-26 12:00:00,1001.0,1557.202
2025-05-26 13:00:00,1176.0,1600.7626
2025-05-26 14:00:00,1173.0,1595.635
2025-05-26 15:00:00,887.0,1546.1045
2025-05-26 16:00:00,1254.0,1454.9961
2025-05-26 17:00:00,1607.0,1327.6627
2025-05-26 18:00:00,1129.0,1169.0845
2025-05-26 19:00:00,705.0,995.1248
2025-05-26 20:00:00,487.0,784.5864
2025-05-26 21:00:00,329.0,612.86816
2025-05-26 22:00:00,257.0,460.24185
2025-05-26 23:00:00,114.0,337.05945
2025-05-27 00:00:00,65.0,220.195
2025-05-27 01:00:00,42.0,177.36377
2025-05-27 02:00:00,30.0,178.48102
2025-05-27 03:00:00,45.0,227.6466
2025-05-27 04:00:00,138.0,320.0022
2025-05-27 05:00:00,815.0,451.44125
2025-05-27 06:00:00,2115.0,608.4658
2025-05-27 07:00:00,2384.0,813.92456
2025-05-27 08:00:00,1603.0,992.44604
2025-05-27 09:00:00,903.0,1165.6226
2025-05-27 10:00:00,1102.0,1320.0137
2025-05-27 11:00:00,1056.0,1440.7368
2025-05-27 12:00:00,1036.0,1528.9268
2025-05-27 13:00:00,1233.0,1575.4064
2025-05-27 14:00:00,1263.0,1574.2891
2025-05-27 15:00:00,1198.0,1526.4081
2025-05-27 16:00:00,1470.0,1435.0131
2025-05-27 17:00:00,1641.0,1300.3654
2025-05-27 18:00:00,1257.0,1148.5635
2025-05-27 19:00:00,800.0,969.4621
2025-05-27 20:00:00,463.0,756.7363
2025-05-27 21:00:00,382.0,583.1952
2025-05-27 22:00:00,310.0,428.7461
2025-05-27 23:00:00,144.0,304.1054
2025-05-28 00:00:00,48.0,219.4408
2025-05-28 01:00:00,66.0,176.60974
2025-05-28 02:00:00,41.0,181.37262
2025-05-28 03:00:00,64.0,230.90277
2025-05-28 04:00:00,152.0,322.8938
2025-05-28 05:00:00,749.0,452.87457
2025-05-28 06:00:00,1968.0,612.8534
2025-05-28 07:00:00,2216.0,820.1073
2025-05-28 08:00:00,1506.0,998.9834
2025-05-28 09:00:00,1140.0,1176.1702
2025-05-28 10:00:00,1117.0,1329.5254
2025-05-28 11:00:00,1098.0,1388.8179
2025-05-28 12:00:00,1240.0,1473.5084
2025-05-28 13:00:00,1334.0,1514.0166
2025-05-28 14:00:00,1313.0,1517.4435
2025-05-28 15:00:00,1497.0,1470.4056
2025-05-28 16:00:00,1662.0,1365.7484
2025-05-28 17:00:00,966.0,1235.9033
2025-05-28 18:00:00,1120.0,1090.8839
2025-05-28 19:00:00,632.0,964.9945
2025-05-28 20:00:00,38.0,725.51685
2025-05-28 21:00:00,64.0,555.2822
2025-05-28 22:00:00,344.0,401.9014
2025-05-28 23:00:00,232.0,290.7494
2025-05-29 00:00:00,152.0,102.07123
2025-05-29 01:00:00,88.0,88.493225
2025-05-29 02:00:00,57.0,91.79791
2025-05-29 03:00:00,72.0,141.03143
2025-05-29 04:00:00,79.0,234.48071
2025-05-29 05:00:00,126.0,363.73236
2025-05-29 06:00:00,215.0,521.85046
2025-05-29 07:00:00,186.0,728.10626
2025-05-29 08:00:00,714.0,907.28894
2025-05-29 09:00:00,999.0,1078.5848
2025-05-29 10:00:00,1082.0,1230.6326
2025-05-29 11:00:00,1151.0,1385.2257
2025-05-29 12:00:00,1102.0,1473.2622
2025-05-29 13:00:00,1229.0,1490.649
2025-05-29 14:00:00,1182.0,1491.913
2025-05-29 15:00:00,1270.0,1446.0109
2025-05-29 16:00:00,1482.0,1350.1602
2025-05-29 17:00:00,1458.0,1224.2878
2025-05-29 18:00:00,1217.0,1087.8472
2025-05-29 19:00:00,924.0,912.5852
2025-05-29 20:00:00,689.0,672.673
2025-05-29 21:00:00,485.0,495.85068
2025-05-29 22:00:00,369.0,342.13086
2025-05-29 23:00:00,190.0,216.03192
2025-05-30 00:00:00,85.0,140.43524
2025-05-30 01:00:00,50.0,95.78113
2025-05-30 02:00:00,46.0,98.72125
2025-05-30 03:00:00,41.0,147.15784
2025-05-30 04:00:00,114.0,239.14886
2025-05-30 05:00:00,372.0,361.98322
2025-05-30 06:00:00,969.0,522.59564
2025-05-30 07:00:00,1140.0,760.93616
2025-05-30 08:00:00,1191.0,943.03546
2025-05-30 09:00:00,1397.0,1121.6805
2025-05-30 10:00:00,1436.0,1279.4105
2025-05-30 11:00:00,1329.0,1409.8843
2025-05-30 12:00:00,1237.0,1497.8053
2025-05-30 13:00:00,1375.0,1543.9177
2025-05-30 14:00:00,1563.0,1544.2587
2025-05-30 15:00:00,1651.0,1496.551
2025-05-30 16:00:00,1850.0,1405.2891
2025-05-30 17:00:00,1902.0,1276.7666
2025-05-30 18:00:00,1578.0,1119.0132
2025-05-30 19:00:00,1107.0,941.6015
2025-05-30 20:00:00,862.0,699.9446
2025-05-30 21:00:00,685.0,523.12225
2025-05-30 22:00:00,456.0,363.2046
2025-05-30 23:00:00,302.0,237.10565
2025-05-31 00:00:00,136.0,262.7577
2025-05-31 01:00:00,76.0,219.56201
2025-05-31 02:00:00,60.0,222.86658
2025-05-31 03:00:00,50.0,269.11578
2025-05-31 04:00:00,79.0,360.7423
2025-05-31 05:00:00,157.0,483.57663
2025-05-31 06:00:00,419.0,645.28284
2025-05-31 07:00:00,670.0,885.81067
2025-05-31 08:00:00,1045.0,1069.7328
2025-05-31 09:00:00,1268.0,1245.4614
2025-05-31 10:00:00,1472.0,1404.285
2025-05-31 11:00:00,1402.0,1531.8423
2025-05-31 12:00:00,1470.0,1623.7737
2025-05-31 13:00:00,1666.0,1670.2504
2025-05-31 14:00:00,1841.0,1668.7686
2025-05-31 15:00:00,1982.0,1619.2383
2025-05-31 16:00:00,2061.0,1526.8826
2025-05-31 17:00:00,2003.0,1397.9955
2025-05-31 18:00:00,1637.0,1238.4192
2025-05-31 19:00:00,1399.0,1035.6613
2025-05-31 20:00:00,1112.0,821.1734
2025-05-31 21:00:00,879.0,648.3614
2025-05-31 22:00:00,615.0,470.9076
2025-05-31 23:00:00,457.0,329.87836
2025-06-01 00:00:00,261.0,266.4702
2025-06-01 01:00:00,147.0,193.24146
2025-06-01 02:00:00,84.0,227.01147
2025-06-01 03:00:00,88.0,275.44812
2025-06-01 04:00:00,50.0,364.8872
2025-06-01 05:00:00,108.0,496.3262
2025-06-01 06:00:00,206.0,653.7154
2025-06-01 07:00:00,294.0,860.43115
2025-06-01 08:00:00,545.0,1066.8206
2025-06-01 09:00:00,1015.0,1236.4818
2025-06-01 10:00:00,1594.0,1396.7637
2025-06-01 11:00:00,2242.0,1525.4148
2025-06-01 12:00:00,2316.0,1616.2725
2025-06-01 13:00:00,2523.0,1662.5583
2025-06-01 14:00:00,2644.0,1662.8993
2025-06-01 15:00:00,2656.0,1587.8118
2025-06-01 16:00:00,2711.0,1520.6864
2025-06-01 17:00:00,2587.0,1394.085
2025-06-01 18:00:00,2335.0,1204.9236
2025-06-01 19:00:00,1784.0,1017.99274
2025-06-01 20:00:00,1620.0,804.53784
2025-06-01 21:00:00,1275.0,635.00696
2025-06-01 22:00:00,850.0,479.8287
2025-06-01 23:00:00,503.0,355.5526
2025-06-02 00:00:00,188.0,267.0653
2025-06-02 01:00:00,88.0,193.83655
2025-06-02 02:00:00,63.0,226.08044
2025-06-02 03:00:00,53.0,274.8816
2025-06-02 04:00:00,161.0,368.26312
2025-06-02 05:00:00,901.0,464.13278
2025-06-02 06:00:00,2132.0,623.7347
2025-06-02 07:00:00,2372.0,795.85394
2025-06-02 08:00:00,1443.0,1035.9675
2025-06-02 09:00:00,1164.0,1207.2532
2025-06-02 10:00:00,1105.0,1363.6406
2025-06-02 11:00:00,1159.0,1489.0306
2025-06-02 12:00:00,1137.0,1576.2224
2025-06-02 13:00:00,1297.0,1563.769
2025-06-02 14:00:00,1277.0,1549.2063
2025-06-02 15:00:00,1353.0,1558.4949
2025-06-02 16:00:00,1305.0,1421.6981
2025-06-02 17:00:00,1235.0,1332.1482
2025-06-02 18:00:00,1386.0,1175.1915
2025-06-02 19:00:00,809.0,1001.74976
2025-06-02 20:00:00,439.0,791.576
2025-06-02 21:00:00,345.0,590.2825
2025-06-02 22:00:00,294.0,440.39465
2025-06-02 23:00:00,157.0,316.68665
2025-06-03 00:00:00,60.0,197.59985
2025-06-03 01:00:00,49.0,184.34387
2025-06-03 02:00:00,39.0,188.37769
2025-06-03 03:00:00,46.0,237.9079
2025-06-03 04:00:00,131.0,330.2635
2025-06-03 05:00:00,796.0,459.87973
2025-06-03 06:00:00,2117.0,616.5774
2025-06-03 07:00:00,2362.0,846.04694
2025-06-03 08:00:00,1549.0,1024.6713
2025-06-03 09:00:00,1068.0,1199.6707
2025-06-03 10:00:00,1047.0,1356.7295
2025-06-03 11:00:00,975.0,1483.2131
2025-06-03 12:00:00,944.0,1572.9193
2025-06-03 13:00:00,1090.0,1616.8617
2025-06-03 14:00:00,1131.0,1525.1351
2025-06-03 15:00:00,1219.0,1478.3059
2025-06-03 16:00:00,1433.0,1442.3579
2025-06-03 17:00:00,1641.0,1253.2195
2025-06-03 18:00:00,1279.0,1147.5405
2025-06-03 19:00:00,739.0,974.96375
2025-06-03 20:00:00,413.0,763.352
2025-06-03 21:00:00,231.0,592.7273
2025-06-03 22:00:00,330.0,428.07556
2025-06-03 23:00:00,144.0,286.45325
2025-06-04 00:00:00,69.0,229.98962
2025-06-04 01:00:00,55.0,186.86176
2025-06-04 02:00:00,29.0,189.43726
2025-06-04 03:00:00,63.0,235.68634
2025-06-04 04:00:00,120.0,329.8648
2025-06-04 05:00:00,799.0,458.32947
2025-06-04 06:00:00,2073.0,585.7434
2025-06-04 07:00:00,1956.0,822.03217
2025-06-04 08:00:00,1437.0,1000.6189
2025-06-04 09:00:00,998.0,1174.7937
2025-06-04 10:00:00,1042.0,1331.3923
2025-06-04 11:00:00,1028.0,1456.2617
2025-06-04 12:00:00,1103.0,1574.0771
2025-06-04 13:00:00,1288.0,1586.4932
2025-06-04 14:00:00,1247.0,1614.4862
2025-06-04 15:00:00,1331.0,1536.5022
2025-06-04 16:00:00,1467.0,1440.8655
2025-06-04 17:00:00,1722.0,1301.2802
2025-06-04 18:00:00,1096.0,1144.0168
2025-06-04 19:00:00,720.0,970.93964
2025-06-04 20:00:00,493.0,760.40125
2025-06-04 21:00:00,322.0,588.6151
2025-06-04 22:00:00,294.0,434.59845
2025-06-04 23:00:00,152.0,279.4923
2025-06-05 00:00:00,82.0,255.81494
2025-06-05 01:00:00,45.0,214.37427
2025-06-05 02:00:00,48.0,217.3822
2025-06-05 03:00:00,70.0,267.27698
2025-06-05 04:00:00,162.0,359.26807
2025-06-05 05:00:00,747.0,490.3425
2025-06-05 06:00:00,2033.0,647.36707
2025-06-05 07:00:00,2287.0,852.16455
2025-06-05 08:00:00,1564.0,1031.3473
2025-06-05 09:00:00,1119.0,1203.3145
2025-06-05 10:00:00,1138.0,1293.2092
2025-06-05 11:00:00,1119.0,1509.1882
2025-06-05 12:00:00,1014.0,1567.6196
2025-06-05 13:00:00,1322.0,1611.0845
2025-06-05 14:00:00,1330.0,1605.4768
2025-06-05 15:00:00,1318.0,1551.8782
2025-06-05 16:00:00,1203.0,1461.8835
2025-06-05 17:00:00,1448.0,1332.7072
2025-06-05 18:00:00,1377.0,1177.7949
2025-06-05 19:00:00,813.0,1002.5302
2025-06-05 20:00:00,568.0,791.26276
2025-06-05 21:00:00,411.0,621.0027
2025-06-05 22:00:00,336.0,468.01193
2025-06-05 23:00:00,167.0,343.37122
2025-06-06 00:00:00,76.0,296.73724
2025-06-06 01:00:00,57.0,254.27063
2025-06-06 02:00:00,26.0,257.2107
2025-06-06 03:00:00,62.0,307.83472
2025-06-06 04:00:00,177.0,400.91943
2025-06-06 05:00:00,682.0,529.0774
2025-06-06 06:00:00,1792.0,686.46655
2025-06-06 07:00:00,1968.0,889.99396
2025-06-06 08:00:00,1153.0,1099.0886
2025-06-06 09:00:00,1168.0,1248.7244
2025-06-06 10:00:00,1206.0,1408.0487
2025-06-06 11:00:00,1216.0,1532.9585
2025-06-06 12:00:00,1271.0,1615.3733
2025-06-06 13:00:00,1410.0,1657.2439
2025-06-06 14:00:00,1449.0,1681.6031
2025-06-06 15:00:00,1695.0,1636.1235
2025-06-06 16:00:00,1796.0,1547.2804
2025-06-06 17:00:00,1818.0,1413.0175
2025-06-06 18:00:00,1571.0,1231.8793
2025-06-06 19:00:00,1079.0,992.7296
2025-06-06 20:00:00,758.0,820.93945
2025-06-06 21:00:00,604.0,659.6698
2025-06-06 22:00:00,498.0,507.11136
2025-06-06 23:00:00,306.0,360.9497
2025-06-07 00:00:00,169.0,278.18347
2025-06-07 01:00:00,109.0,265.74988
2025-06-07 02:00:00,81.0,239.38611
2025-06-07 03:00:00,48.0,297.88623
2025-06-07 04:00:00,75.0,387.43558
2025-06-07 05:00:00,193.0,512.0581
2025-06-07 06:00:00,390.0,666.5477
2025-06-07 07:00:00,595.0,839.625
2025-06-07 08:00:00,892.0,1078.6825
2025-06-07 09:00:00,1109.0,1251.1676
2025-06-07 10:00:00,1343.0,1404.7139
2025-06-07 11:00:00,1479.0,1532.5227
2025-06-07 12:00:00,1539.0,1619.9257
2025-06-07 13:00:00,1589.0,1602.1477
2025-06-07 14:00:00,1631.0,1593.4595
2025-06-07 15:00:00,1444.0,1595.636
2025-06-07 16:00:00,617.0,1503.3481
2025-06-07 17:00:00,556.0,1311.2495
2025-06-07 18:00:00,833.0,1164.6786
2025-06-07 19:00:00,777.0,984.45435
2025-06-07 20:00:00,565.0,803.78796
2025-06-07 21:00:00,448.0,661.7381
2025-06-07 22:00:00,390.0,508.38275
2025-06-07 23:00:00,357.0,386.65857
2025-06-08 00:00:00,219.0,282.43756
2025-06-08 01:00:00,117.0,242.45514
2025-06-08 02:00:00,73.0,248.3117
2025-06-08 03:00:00,72.0,301.12317
2025-06-08 04:00:00,45.0,390.9268
2025-06-08 05:00:00,73.0,519.8817
2025-06-08 06:00:00,127.0,678.0
2025-06-08 07:00:00,195.0,881.68353
2025-06-08 08:00:00,434.0,1087.2079
2025-06-08 09:00:00,395.0,1258.579
2025-06-08 10:00:00,501.0,1413.0278
2025-06-08 11:00:00,1213.0,1538.9734
2025-06-08 12:00:00,1277.0,1629.5071
2025-06-08 13:00:00,1444.0,1664.1643
2025-06-08 14:00:00,1456.0,1630.0276
2025-06-08 15:00:00,1541.0,1606.7233
2025-06-08 16:00:00,1733.0,1515.9011
2025-06-08 17:00:00,1629.0,1389.2216
2025-06-08 18:00:00,1473.0,1230.2963
2025-06-08 19:00:00,1128.0,1032.7986
2025-06-08 20:00:00,911.0,819.3437
2025-06-08 21:00:00,682.0,647.2608
2025-06-08 22:00:00,513.0,496.45737
2025-06-08 23:00:00,272.0,371.81668
2025-06-09 00:00:00,188.0,430.9101
2025-06-09 01:00:00,98.0,386.62064
2025-06-09 02:00:00,50.0,384.45673
2025-06-09 03:00:00,72.0,434.35165
2025-06-09 04:00:00,95.0,525.97815
2025-06-09 05:00:00,130.0,655.88086
2025-06-09 06:00:00,239.0,804.6853
2025-06-09 07:00:00,294.0,1042.6613
2025-06-09 08:00:00,587.0,1222.9377
2025-06-09 09:00:00,881.0,1397.937
2025-06-09 10:00:00,1344.0,1553.1154
2025-06-09 11:00:00,1732.0,1679.5789
2025-06-09 12:00:00,1858.0,1769.3225
2025-06-09 13:00:00,2134.0,1814.3411
2025-06-09 14:00:00,2319.0,1814.6821
2025-06-09 15:00:00,2337.0,1766.6102
2025-06-09 16:00:00,2353.0,1674.9838
2025-06-09 17:00:00,2546.0,1545.0028
2025-06-09 18:00:00,2535.0,1387.6138
2025-06-09 19:00:00,2576.0,1183.9358
2025-06-09 20:00:00,1824.0,970.73254
2025-06-09 21:00:00,1309.0,796.4623
2025-06-09 22:00:00,593.0,638.7323
2025-06-09 23:00:00,250.0,513.3624
2025-06-10 00:00:00,140.0,231.57166
2025-06-10 01:00:00,66.0,189.10504
2025-06-10 02:00:00,47.0,192.04517
2025-06-10 03:00:00,58.0,240.11707
2025-06-10 04:00:00,160.0,331.74353
2025-06-10 05:00:00,928.0,457.1327
2025-06-10 06:00:00,2328.0,614.0966
2025-06-10 07:00:00,2490.0,852.43713
2025-06-10 08:00:00,1770.0,1037.8175
2025-06-10 09:00:00,1266.0,1213.9106
2025-06-10 10:00:00,1233.0,1370.5469
2025-06-10 11:00:00,1182.0,1498.4688
2025-06-10 12:00:00,1195.0,1589.4219
2025-06-10 13:00:00,1346.0,1634.3827
2025-06-10 14:00:00,1318.0,1635.8578
2025-06-10 15:00:00,1482.0,1559.8298
2025-06-10 16:00:00,1560.0,1491.4374
2025-06-10 17:00:00,1833.0,1341.1794
2025-06-10 18:00:00,1512.0,1182.8704
2025-06-10 19:00:00,892.0,1003.8067
2025-06-10 20:00:00,554.0,785.977
2025-06-10 21:00:00,480.0,610.2484
2025-06-10 22:00:00,350.0,455.07016
2025-06-10 23:00:00,178.0,332.25232
2025-06-11 00:00:00,97.0,239.54974
2025-06-11 01:00:00,41.0,195.62506
2025-06-11 02:00:00,45.0,198.20056
2025-06-11 03:00:00,56.0,247.00159
2025-06-11 04:00:00,142.0,338.62805
2025-06-11 05:00:00,872.0,474.07736
2025-06-11 06:00:00,2139.0,625.8014
2025-06-11 07:00:00,2115.0,858.2279
2025-06-11 08:00:00,1625.0,1040.3271
2025-06-11 09:00:00,1188.0,1215.3267
2025-06-11 10:00:00,1115.0,1375.2441
2025-06-11 11:00:00,1172.0,1501.343
2025-06-11 12:00:00,1205.0,1591.4513
2025-06-11 13:00:00,1394.0,1637.9282
2025-06-11 14:00:00,1185.0,1634.988
2025-06-11 15:00:00,1354.0,1587.2806
2025-06-11 16:00:00,1692.0,1495.2896
2025-06-11 17:00:00,1816.0,1365.6733
2025-06-11 18:00:00,1289.0,1205.3678
2025-06-11 19:00:00,881.0,1002.0719
2025-06-11 20:00:00,601.0,789.2158
2025-06-11 21:00:00,465.0,614.2164
2025-06-11 22:00:00,394.0,458.30902
2025-06-11 23:00:00,178.0,336.94946
2025-06-12 00:00:00,87.0,280.61127
2025-06-12 01:00:00,52.0,233.76984
2025-06-12 02:00:00,40.0,236.70996
2025-06-12 03:00:00,52.0,284.0528
2025-06-12 04:00:00,134.0,374.95013
2025-06-12 05:00:00,814.0,496.82672
2025-06-12 06:00:00,2134.0,653.29297
2025-06-12 07:00:00,2405.0,890.53973
2025-06-12 08:00:00,1683.0,1073.0035
2025-06-12 09:00:00,1223.0,1249.4612
2025-06-12 10:00:00,1145.0,1405.733
2025-06-12 11:00:00,1143.0,1534.7485
2025-06-12 12:00:00,1148.0,1626.3152
2025-06-12 13:00:00,1238.0,1673.5212
2025-06-12 14:00:00,1412.0,1674.5914
2025-06-12 15:00:00,1589.0,1627.2483
2025-06-12 16:00:00,1657.0,1535.9865
2025-06-12 17:00:00,1797.0,1407.4639
2025-06-12 18:00:00,1353.0,1249.0015
2025-06-12 19:00:00,882.0,1045.3438
2025-06-12 20:00:00,607.0,830.2772
2025-06-12 21:00:00,481.0,651.2675
2025-06-12 22:00:00,374.0,497.5476
2025-06-12 23:00:00,198.0,371.8132
2025-06-13 00:00:00,96.0,322.6195
2025-06-13 01:00:00,40.0,279.78833
2025-06-13 02:00:00,34.0,277.989
2025-06-13 03:00:00,53.0,327.8839
2025-06-13 04:00:00,138.0,419.87497
2025-06-13 05:00:00,735.0,544.5928
2025-06-13 06:00:00,1171.0,700.76965
2025-06-13 07:00:00,2247.0,940.20386
2025-06-13 08:00:00,1672.0,1123.3969
2025-06-13 09:00:00,1331.0,1300.5837
2025-06-13 10:00:00,1330.0,1457.5847
2025-06-13 11:00:00,1363.0,1586.2356
2025-06-13 12:00:00,1421.0,1677.0732
2025-06-13 13:00:00,1609.0,1721.727
2025-06-13 14:00:00,1647.0,1722.7972
2025-06-13 15:00:00,1711.0,1677.6417
2025-06-13 16:00:00,1924.0,1585.2861
2025-06-13 17:00:00,2083.0,1455.6699
2025-06-13 18:00:00,1520.0,1296.1136
2025-06-13 19:00:00,974.0,1095.468
2025-06-13 20:00:00,806.0,880.30597
2025-06-13 21:00:00,609.0,704.2128
2025-06-13 22:00:00,500.0,544.6598
2025-06-13 23:00:00,308.0,423.30023
2025-06-14 00:00:00,176.0,341.38245
2025-06-14 01:00:00,104.0,298.91583
2025-06-14 02:00:00,65.0,299.30396
2025-06-14 03:00:00,65.0,348.46967
2025-06-14 04:00:00,82.0,441.18985
2025-06-14 05:00:00,246.0,570.806
2025-06-14 06:00:00,607.0,725.2557
2025-06-14 07:00:00,981.0,958.6023
2025-06-14 08:00:00,1228.0,1143.3694
2025-06-14 09:00:00,1404.0,1318.2529
2025-06-14 10:00:00,1488.0,1474.1602
2025-06-14 11:00:00,1451.0,1603.1758
2025-06-14 12:00:00,1471.0,1690.7319
2025-06-14 13:00:00,1674.0,1735.0215
2025-06-14 14:00:00,1751.0,1732.4459
2025-06-14 15:00:00,1835.0,1685.161
2025-06-14 16:00:00,1753.0,1570.3784
2025-06-14 17:00:00,1899.0,1439.4775
2025-06-14 18:00:00,1443.0,1269.0769
2025-06-14 19:00:00,1007.0,1098.3057
2025-06-14 20:00:00,771.0,885.9445
2025-06-14 21:00:00,679.0,706.57025
2025-06-14 22:00:00,596.0,549.9337
2025-06-14 23:00:00,385.0,424.5639
2025-06-15 00:00:00,259.0,322.15833
2025-06-15 01:00:00,167.0,278.23346
2025-06-15 02:00:00,78.0,277.8924
2025-06-15 03:00:00,82.0,328.1518
2025-06-15 04:00:00,66.0,419.77832
2025-06-15 05:00:00,96.0,549.33386
2025-06-15 06:00:00,240.0,704.8974
2025-06-15 07:00:00,370.0,939.954
2025-06-15 08:00:00,563.0,1098.7642
2025-06-15 09:00:00,884.0,1210.3176
2025-06-15 10:00:00,1170.0,1419.0983
2025-06-15 11:00:00,1471.0,1567.1814
2025-06-15 12:00:00,1629.0,1656.925
2025-06-15 13:00:00,1817.0,1703.4021
2025-06-15 14:00:00,1887.0,1706.6421
2025-06-15 15:00:00,1997.0,1590.0942
2025-06-15 16:00:00,2226.0,1455.689
2025-06-15 17:00:00,2086.0,1407.3951
2025-06-15 18:00:00,1600.0,1223.6995
2025-06-15 19:00:00,1318.0,1056.4204
2025-06-15 20:00:00,1013.0,820.1544
2025-06-15 21:00:00,662.0,673.1279
2025-06-15 22:00:00,358.0,520.8662
2025-06-15 23:00:00,172.0,397.68384
2025-06-16 00:00:00,76.0,279.9878
2025-06-16 01:00:00,56.0,236.79211
2025-06-16 02:00:00,42.0,239.73212
2025-06-16 03:00:00,65.0,289.26245
2025-06-16 04:00:00,159.0,380.88892
2025-06-16 05:00:00,831.0,509.4114
2025-06-16 06:00:00,1677.0,665.3423
2025-06-16 07:00:00,2027.0,894.46747
2025-06-16 08:00:00,1608.0,967.5615
2025-06-16 09:00:00,1182.0,1222.7855
2025-06-16 10:00:00,1185.0,1372.7614
2025-06-16 11:00:00,1119.0,1528.7374
2025-06-16 12:00:00,1147.0,1617.2717
2025-06-16 13:00:00,1288.0,1632.8385
2025-06-16 14:00:00,1303.0,1659.0437
2025-06-16 15:00:00,1292.0,1609.493
2025-06-16 16:00:00,1475.0,1513.5468
2025-06-16 17:00:00,1622.0,1384.2373
2025-06-16 18:00:00,1276.0,1225.3899
2025-06-16 19:00:00,831.0,1050.3394
2025-06-16 20:00:00,508.0,814.3419
2025-06-16 21:00:00,391.0,640.43616
2025-06-16 22:00:00,300.0,486.35168
2025-06-16 23:00:00,140.0,359.52356
2025-06-17 00:00:00,68.0,238.62402
2025-06-17 01:00:00,44.0,195.4281
2025-06-17 02:00:00,37.0,199.46191
2025-06-17 03:00:00,38.0,248.99225
2025-06-17 04:00:00,142.0,339.52502
2025-06-17 05:00:00,869.0,469.19626
2025-06-17 06:00:00,2175.0,620.7843
2025-06-17 07:00:00,2499.0,858.76025
2025-06-17 08:00:00,1571.0,1041.2241
2025-06-17 09:00:00,1134.0,1217.3171
2025-06-17 10:00:00,1104.0,1373.9536
2025-06-17 11:00:00,999.0,1501.1462
2025-06-17 12:00:00,1087.0,1589.4316
2025-06-17 13:00:00,1214.0,1634.0857
2025-06-17 14:00:00,1226.0,1632.9685
2025-06-17 15:00:00,1343.0,1584.8965
2025-06-17 16:00:00,1543.0,1492.5408
2025-06-17 17:00:00,1842.0,1363.6538
2025-06-17 18:00:00,1367.0,1204.0774
2025-06-17 19:00:00,818.0,1028.2773
2025-06-17 20:00:00,517.0,791.2064
2025-06-17 21:00:00,455.0,616.57153
2025-06-17 22:00:00,370.0,458.4768
2025-06-17 23:00:00,178.0,334.20068
2025-06-18 00:00:00,81.0,246.95966
2025-06-18 01:00:00,51.0,201.2121
2025-06-18 02:00:00,40.0,203.05847
2025-06-18 03:00:00,38.0,252.22406
2025-06-18 04:00:00,133.0,343.8506
2025-06-18 05:00:00,821.0,472.0838
2025-06-18 06:00:00,2101.0,624.01624
2025-06-18 07:00:00,2246.0,861.6276
2025-06-18 08:00:00,1606.0,1043.3623
2025-06-18 09:00:00,1146.0,1219.0908
2025-06-18 10:00:00,1177.0,1375.7272
2025-06-18 11:00:00,1142.0,1504.0135
2025-06-18 12:00:00,1144.0,1593.0281
2025-06-18 13:00:00,1340.0,1639.1406
2025-06-18 14:00:00,1312.0,1637.6587
2025-06-18 15:00:00,1476.0,1589.2219
2025-06-18 16:00:00,1712.0,1497.5955
2025-06-18 17:00:00,1885.0,1370.8959
2025-06-18 18:00:00,1442.0,1210.5903
2025-06-18 19:00:00,919.0,1034.5212
2025-06-18 20:00:00,609.0,796.62573
2025-06-18 21:00:00,513.0,620.168
2025-06-18 22:00:00,359.0,462.80237
2025-06-18 23:00:00,221.0,337.068
2025-06-19 00:00:00,101.0,202.13806
2025-06-19 01:00:00,68.0,158.94226
2025-06-19 02:00:00,47.0,160.42413
2025-06-19 03:00:00,57.0,210.31897
2025-06-19 04:00:00,111.0,299.91144
2025-06-19 05:00:00,568.0,422.0166
2025-06-19 06:00:00,1301.0,582.8402
2025-06-19 07:00:00,1305.0,819.7224
2025-06-19 08:00:00,1113.0,1002.5508
2025-06-19 09:00:00,1032.0,1180.8313
2025-06-19 10:00:00,1116.0,1337.4678
2025-06-19 11:00:00,1179.0,1466.4834
2025-06-19 12:00:00,1174.0,1556.9562
2025-06-19 13:00:00,1249.0,1601.2456
2025-06-19 14:00:00,1478.0,1599.3992
2025-06-19 15:00:00,1549.0,1550.5981
2025-06-19 16:00:00,1693.0,1458.2424
2025-06-19 17:00:00,1936.0,1327.897
2025-06-19 18:00:00,1598.0,1167.9559
2025-06-19 19:00:00,1044.0,988.39465
2025-06-19 20:00:00,700.0,751.43933
2025-06-19 21:00:00,644.0,576.8045
2025-06-19 22:00:00,427.0,420.89722
2025-06-19 23:00:00,224.0,295.5274
2025-06-20 00:00:00,120.0,268.18414
2025-06-20 01:00:00,49.0,224.25922
2025-06-20 02:00:00,48.0,226.10559
2025-06-20 03:00:00,59.0,274.1776
2025-06-20 04:00:00,121.0,369.08527
2025-06-20 05:00:00,699.0,488.54297
2025-06-20 06:00:00,1631.0,647.0635
2025-06-20 07:00:00,1767.0,883.9457
2025-06-20 08:00:00,1385.0,1063.8575
2025-06-20 09:00:00,1220.0,1239.9507
2025-06-20 10:00:00,1294.0,1396.9517
2025-06-20 11:00:00,1381.0,1525.967
2025-06-20 12:00:00,1431.0,1616.4402
2025-06-20 13:00:00,1634.0,1660.7295
2025-06-20 14:00:00,1697.0,1658.154
2025-06-20 15:00:00,1813.0,1610.4465
2025-06-20 16:00:00,1905.0,1516.6326
2025-06-20 17:00:00,1880.0,1387.0164
2025-06-20 18:00:00,1766.0,1225.9817
2025-06-20 19:00:00,1211.0,1051.5647
2025-06-20 20:00:00,924.0,811.28784
2025-06-20 21:00:00,671.0,639.5695
2025-06-20 22:00:00,544.0,483.66217
2025-06-20 23:00:00,316.0,353.18842
2025-06-21 00:00:00,218.0,298.33466
2025-06-21 01:00:00,143.0,256.96173
2025-06-21 02:00:00,83.0,260.26636
2025-06-21 03:00:00,57.0,303.96356
2025-06-21 04:00:00,85.0,396.31918
2025-06-21 05:00:00,217.0,519.3473
2025-06-21 06:00:00,570.0,675.75574
2025-06-21 07:00:00,791.0,914.46075
2025-06-21 08:00:00,1129.0,1095.1018
2025-06-21 09:00:00,1279.0,1270.8303
2025-06-21 10:00:00,1528.0,1427.4666
2025-06-21 11:00:00,1557.0,1557.5759
2025-06-21 12:00:00,1650.0,1645.8613
2025-06-21 13:00:00,1765.0,1690.5153
2025-06-21 14:00:00,2005.0,1690.1272
2025-06-21 15:00:00,2080.0,1641.6907
2025-06-21 16:00:00,2042.0,1550.7932
2025-06-21 17:00:00,1668.0,1423.7695
2025-06-21 18:00:00,1397.0,1238.2711
2025-06-21 19:00:00,1037.0,1063.4491
2025-06-21 20:00:00,882.0,850.55255
2025-06-21 21:00:00,644.0,670.4492
2025-06-21 22:00:00,603.0,514.17725
2025-06-21 23:00:00,447.0,386.98462
2025-06-22 00:00:00,431.0,281.65625
2025-06-22 01:00:00,195.0,241.01239
2025-06-22 02:00:00,116.0,239.94226
2025-06-22 03:00:00,94.0,288.7434
2025-06-22 04:00:00,64.0,380.3699
2025-06-22 05:00:00,85.0,501.95718
2025-06-22 06:00:00,217.0,663.0876
2025-06-22 07:00:00,349.0,901.0635
2025-06-22 08:00:00,610.0,1083.1628
2025-06-22 09:00:00,1020.0,1258.5267
2025-06-22 10:00:00,1410.0,1417.3505
2025-06-22 11:00:00,1760.0,1547.4597
2025-06-22 12:00:00,1952.0,1636.8389
2025-06-22 13:00:00,2050.0,1682.9513
2025-06-22 14:00:00,2276.0,1681.4695
2025-06-22 15:00:00,2454.0,1634.1265
2025-06-22 16:00:00,2618.0,1542.1354
2025-06-22 17:00:00,2549.0,1414.342
2025-06-22 18:00:00,2419.0,1257.6821
2025-06-22 19:00:00,2370.0,1077.9674
2025-06-22 20:00:00,1723.0,839.3427
2025-06-22 21:00:00,1375.0,665.437
2025-06-22 22:00:00,775.0,506.61307
2025-06-22 23:00:00,444.0,380.87866
2025-06-23 00:00:00,151.0,359.7389
2025-06-23 01:00:00,62.0,318.0014
2025-06-23 02:00:00,38.0,324.58722
2025-06-23 03:00:00,63.0,376.66943
2025-06-23 04:00:00,165.0,464.65024
2025-06-23 05:00:00,907.0,591.6364
2025-06-23 06:00:00,2162.0,742.53296
2025-06-23 07:00:00,2445.0,981.3335
2025-06-23 08:00:00,1601.0,1141.4661
2025-06-23 09:00:00,1291.0,1343.7473
2025-06-23 10:00:00,1236.0,1500.4618
2025-06-23 11:00:00,1197.0,1599.3743
2025-06-23 12:00:00,1183.0,1625.9163
2025-06-23 13:00:00,1459.0,1738.4033
2025-06-23 14:00:00,1435.0,1713.793
2025-06-23 15:00:00,1413.0,1596.0151
2025-06-23 16:00:00,1498.0,1502.6134
2025-06-23 17:00:00,1663.0,1437.7827
2025-06-23 18:00:00,1294.0,1306.7351
2025-06-23 19:00:00,784.0,1108.1006
2025-06-23 20:00:00,557.0,897.00946
2025-06-23 21:00:00,435.0,720.9163
2025-06-23 22:00:00,333.0,568.29016
2025-06-23 23:00:00,149.0,444.37857
2025-06-24 00:00:00,72.0,227.27551
2025-06-24 01:00:00,61.0,181.52783
2025-06-24 02:00:00,29.0,183.3742
2025-06-24 03:00:00,48.0,229.25873
2025-06-24 04:00:00,139.0,318.48657
2025-06-24 05:00:00,839.0,438.55777
2025-06-24 06:00:00,2144.0,601.05084
2025-06-24 07:00:00,2396.0,839.0268
2025-06-24 08:00:00,1587.0,1021.12604
2025-06-24 09:00:00,1261.0,1195.3964
2025-06-24 10:00:00,1050.0,1351.6681
2025-06-24 11:00:00,1052.0,1479.5898
2025-06-24 12:00:00,1074.0,1570.0627
2025-06-24 13:00:00,1261.0,1614.3523
2025-06-24 14:00:00,1323.0,1614.3286
2025-06-24 15:00:00,1409.0,1566.2566
2025-06-24 16:00:00,1635.0,1474.9948
2025-06-24 17:00:00,1787.0,1343.5557
2025-06-24 18:00:00,1368.0,1184.3439
2025-06-24 19:00:00,865.0,1009.1196
2025-06-24 20:00:00,552.0,770.01465
2025-06-24 21:00:00,476.0,592.82776
2025-06-24 22:00:00,366.0,438.01416
2025-06-24 23:00:00,204.0,311.5506
2025-06-25 00:00:00,89.0,221.38751
2025-06-25 01:00:00,42.0,178.19183
2025-06-25 02:00:00,38.0,180.76733
2025-06-25 03:00:00,71.0,227.01642
2025-06-25 04:00:00,136.0,319.89
2025-06-25 05:00:00,779.0,443.45352
2025-06-25 06:00:00,2038.0,604.2771
2025-06-25 07:00:00,2268.0,841.8885
2025-06-25 08:00:00,1649.0,1024.3523
2025-06-25 09:00:00,1287.0,1199.7163
2025-06-25 10:00:00,1198.0,1356.7173
2025-06-25 11:00:00,1056.0,1485.3682
2025-06-25 12:00:00,1161.0,1574.3828
2025-06-25 13:00:00,1384.0,1619.4014
2025-06-25 14:00:00,1380.0,1619.0133
2025-06-25 15:00:00,1484.0,1573.1287
2025-06-25 16:00:00,1710.0,1480.773
2025-06-25 17:00:00,1716.0,1352.2505
2025-06-25 18:00:00,1354.0,1193.4032
2025-06-25 19:00:00,837.0,1015.5141
2025-06-25 20:00:00,651.0,774.6992
2025-06-25 21:00:00,538.0,597.5123
2025-06-25 22:00:00,402.0,443.06332
2025-06-25 23:00:00,214.0,318.4226
2025-06-26 00:00:00,116.0,259.1557
2025-06-26 01:00:00,73.0,218.1474
2025-06-26 02:00:00,38.0,227.28516
2025-06-26 03:00:00,67.0,247.85907
2025-06-26 04:00:00,140.0,358.96313
2025-06-26 05:00:00,810.0,488.5793
2025-06-26 06:00:00,2040.0,647.4267
2025-06-26 07:00:00,1862.0,790.4031
2025-06-26 08:00:00,1780.0,1029.2195
2025-06-26 09:00:00,1232.0,1229.9673
2025-06-26 10:00:00,1212.0,1383.8955
2025-06-26 11:00:00,1248.0,1512.4885
2025-06-26 12:00:00,1222.0,1573.7814
2025-06-26 13:00:00,1544.0,1547.2119
2025-06-26 14:00:00,1472.0,1534.7676
2025-06-26 15:00:00,1473.0,1481.9053
2025-06-26 16:00:00,1313.0,1391.8132
2025-06-26 17:00:00,1780.0,1346.5625
2025-06-26 18:00:00,1349.0,1192.4546
2025-06-26 19:00:00,768.0,994.7227
2025-06-26 20:00:00,589.0,781.84357
2025-06-26 21:00:00,481.0,607.93787
2025-06-26 22:00:00,412.0,457.49908
2025-06-26 23:00:00,221.0,330.3064
2025-06-27 00:00:00,108.0,282.19452
2025-06-27 01:00:00,54.0,240.09247
2025-06-27 02:00:00,47.0,243.03253
2025-06-27 03:00:00,73.0,292.56287
2025-06-27 04:00:00,144.0,384.5539
2025-06-27 05:00:00,691.0,510.5188
2025-06-27 06:00:00,1830.0,674.2618
2025-06-27 07:00:00,1946.0,909.58746
2025-06-27 08:00:00,1456.0,1087.9803
2025-06-27 09:00:00,1214.0,1262.7107
2025-06-27 10:00:00,1258.0,1394.6952
2025-06-27 11:00:00,1338.0,1523.3663
2025-06-27 12:00:00,1376.0,1635.7686
2025-06-27 13:00:00,1561.0,1653.8292
2025-06-27 14:00:00,1874.0,1675.2922
2025-06-27 15:00:00,1928.0,1626.8179
2025-06-27 16:00:00,2068.0,1535.9204
2025-06-27 17:00:00,2002.0,1382.3989
2025-06-27 18:00:00,1589.0,1225.2789
2025-06-27 19:00:00,1134.0,1074.1309
2025-06-27 20:00:00,782.0,838.05817
2025-06-27 21:00:00,597.0,665.2461
2025-06-27 22:00:00,549.0,512.2554
2025-06-27 23:00:00,373.0,386.52097
2025-06-28 00:00:00,227.0,352.7251
2025-06-28 01:00:00,118.0,306.2483
2025-06-28 02:00:00,84.0,306.63635
2025-06-28 03:00:00,78.0,354.3438
2025-06-28 04:00:00,95.0,446.69943
2025-06-28 05:00:00,233.0,571.66614
2025-06-28 06:00:00,557.0,728.1324
2025-06-28 07:00:00,862.0,965.20557
2025-06-28 08:00:00,1270.0,1146.5757
2025-06-28 09:00:00,1427.0,1323.0334
2025-06-28 10:00:00,1546.0,1478.2114
2025-06-28 11:00:00,1564.0,1605.4043
2025-06-28 12:00:00,1700.0,1692.596
2025-06-28 13:00:00,1698.0,1739.8019
2025-06-28 14:00:00,1863.0,1738.6846
2025-06-28 15:00:00,1894.0,1691.3418
2025-06-28 16:00:00,1846.0,1598.6216
2025-06-28 17:00:00,1798.0,1470.099
2025-06-28 18:00:00,1410.0,1312.3455
2025-06-28 19:00:00,1062.0,1134.9714
2025-06-28 20:00:00,928.0,895.09973
2025-06-28 21:00:00,778.0,720.10034
2025-06-28 22:00:00,635.0,566.0158
2025-06-28 23:00:00,456.0,441.01053
2025-06-29 00:00:00,335.0,426.2462
2025-06-29 01:00:00,181.0,381.59213
2025-06-29 02:00:00,143.0,384.16763
2025-06-29 03:00:00,106.0,433.69794
2025-06-29 04:00:00,90.0,523.13696
2025-06-29 05:00:00,108.0,644.14856
2025-06-29 06:00:00,269.0,805.1255
2025-06-29 07:00:00,404.0,1043.466
2025-06-29 08:00:00,654.0,1225.2007
2025-06-29 09:00:00,985.0,1400.5647
2025-06-29 10:00:00,1289.0,1557.9302
2025-06-29 11:00:00,1513.0,1684.7583
2025-06-29 12:00:00,1755.0,1776.6892
2025-06-29 13:00:00,1832.0,1823.5308
2025-06-29 14:00:00,2131.0,1823.5071
2025-06-29 15:00:00,2366.0,1774.3416
2025-06-29 16:00:00,2340.0,1683.8088
2025-06-29 17:00:00,2532.0,1553.4634
2025-06-29 18:00:00,2329.0,1392.0642
2025-06-29 19:00:00,2273.0,1213.3274
2025-06-29 20:00:00,1686.0,974.45386
2025-06-29 21:00:00,1295.0,799.4544
2025-06-29 22:00:00,759.0,648.651
2025-06-29 23:00:00,299.0,524.3749
2025-06-30 00:00:00,137.0,334.03558
2025-06-30 01:00:00,76.0,287.9234
2025-06-30 02:00:00,44.0,287.94678
2025-06-30 03:00:00,92.0,338.93542
2025-06-30 04:00:00,190.0,432.02014
2025-06-30 05:00:00,875.0,560.54266
2025-06-30 06:00:00,2130.0,716.8381
2025-06-30 07:00:00,2316.0,923.82294
2025-06-30 08:00:00,1613.0,1125.4702
2025-06-30 09:00:00,1220.0,1298.5107
2025-06-30 10:00:00,1296.0,1455.1471
2025-06-30 11:00:00,1240.0,1582.3398
2025-06-30 12:00:00,1275.0,1671.3542
2025-06-30 13:00:00,1416.0,1720.7682
2025-06-30 14:00:00,1458.0,1692.8088
2025-06-30 15:00:00,1536.0,1647.0425
2025-06-30 16:00:00,1622.0,1550.3121
2025-06-30 17:00:00,1648.0,1418.1439
2025-06-30 18:00:00,1406.0,1256.0155
2025-06-30 19:00:00,759.0,1074.1106
2025-06-30 20:00:00,574.0,862.192
2025-06-30 21:00:00,431.0,687.5571
2025-06-30 22:00:00,303.0,533.8372
2025-06-30 23:00:00,149.0,409.5611
2025-07-01 00:00:00,81.0,301.0584
2025-07-01 01:00:00,46.0,258.22723
2025-07-01 02:00:00,44.0,261.53192
2025-07-01 03:00:00,62.0,307.781
2025-07-01 04:00:00,128.0,398.67838
2025-07-01 05:00:00,832.0,527.17786
2025-07-01 06:00:00,2188.0,689.5204
2025-07-01 07:00:00,2338.0,895.41156
2025-07-01 08:00:00,1833.0,1073.9404
2025-07-01 09:00:00,1309.0,1273.1895
2025-07-01 10:00:00,1133.0,1429.8258
2025-07-01 11:00:00,1118.0,1559.2059
2025-07-01 12:00:00,1100.0,1650.408
2025-07-01 13:00:00,1179.0,1695.7911
2025-07-01 14:00:00,1286.0,1695.4028
2025-07-01 15:00:00,1314.0,1644.0498
2025-07-01 16:00:00,1564.0,1523.5298
2025-07-01 17:00:00,1776.0,1420.1018
2025-07-01 18:00:00,1306.0,1264.3243
2025-07-01 19:00:00,817.0,1092.1903
2025-07-01 20:00:00,536.0,853.6409
2025-07-01 21:00:00,466.0,676.8186
2025-07-01 22:00:00,329.0,519.453
2025-07-01 23:00:00,163.0,394.81232
2025-07-02 00:00:00,71.0,311.20728
2025-07-02 01:00:00,44.0,257.8036
2025-07-02 02:00:00,38.0,257.8271
2025-07-02 03:00:00,69.0,307.35742
2025-07-02 04:00:00,134.0,397.16104
2025-07-02 05:00:00,813.0,520.1111
2025-07-02 06:00:00,2087.0,679.14954
2025-07-02 07:00:00,2265.0,917.8546
2025-07-02 08:00:00,1506.0,1099.5894
2025-07-02 09:00:00,1172.0,1275.6824
2025-07-02 10:00:00,1172.0,1434.1416
2025-07-02 11:00:00,1199.0,1561.7567
2025-07-02 12:00:00,1196.0,1650.7134
2025-07-02 13:00:00,1334.0,1698.2839
2025-07-02 14:00:00,1337.0,1697.8958
2025-07-02 15:00:00,1482.0,1649.4592
2025-07-02 16:00:00,1680.0,1553.0935
2025-07-02 17:00:00,1834.0,1423.2861
2025-07-02 18:00:00,1366.0,1260.9843
2025-07-02 19:00:00,815.0,1055.2897
2025-07-02 20:00:00,565.0,847.3842
2025-07-02 21:00:00,484.0,673.47845
2025-07-02 22:00:00,328.0,516.4774
2025-07-02 23:00:00,176.0,389.6493
2025-07-03 00:00:00,102.0,337.3051
2025-07-03 01:00:00,57.0,291.922
2025-07-03 02:00:00,32.0,292.31012
2025-07-03 03:00:00,66.0,341.84033
2025-07-03 04:00:00,168.0,433.10223
2025-07-03 05:00:00,826.0,563.5027
2025-07-03 06:00:00,2020.0,718.87524
2025-07-03 07:00:00,2222.0,953.547
2025-07-03 08:00:00,1588.0,1110.5315
2025-07-03 09:00:00,1227.0,1311.8551
2025-07-03 10:00:00,1217.0,1463.5205
2025-07-03 11:00:00,1156.0,1588.8904
2025-07-03 12:00:00,1232.0,1677.1758
2025-07-03 13:00:00,1362.0,1697.0625
2025-07-03 14:00:00,1385.0,1718.2766
2025-07-03 15:00:00,1445.0,1670.7048
2025-07-03 16:00:00,1711.0,1540.8566
2025-07-03 17:00:00,1819.0,1438.9648
2025-07-03 18:00:00,1250.0,1282.5742
2025-07-03 19:00:00,852.0,1082.8285
2025-07-03 20:00:00,589.0,870.56555
2025-07-03 21:00:00,467.0,695.93066
2025-07-03 22:00:00,392.0,541.8461
2025-07-03 23:00:00,181.0,417.9346
2025-07-04 00:00:00,77.0,370.91263
2025-07-04 01:00:00,64.0,327.35236
2025-07-04 02:00:00,56.0,329.19867
2025-07-04 03:00:00,63.0,385.93997
2025-07-04 04:00:00,154.0,453.93808
2025-07-04 05:00:00,682.0,594.1386
2025-07-04 06:00:00,1820.0,751.1632
2025-07-04 07:00:00,1913.0,955.59607
2025-07-04 08:00:00,1320.0,1133.685
2025-07-04 09:00:00,1144.0,1307.5908
2025-07-04 10:00:00,1242.0,1460.7349
2025-07-04 11:00:00,1352.0,1585.1643
2025-07-04 12:00:00,1413.0,1697.199
2025-07-04 13:00:00,1613.0,1743.4067
2025-07-04 14:00:00,1628.0,1741.9249
2025-07-04 15:00:00,1686.0,1698.0974
2025-07-04 16:00:00,1851.0,1602.8601
2025-07-04 17:00:00,1880.0,1474.0684
2025-07-04 18:00:00,1445.0,1316.8906
2025-07-04 19:00:00,1162.0,1114.7463
2025-07-04 20:00:00,894.0,905.2668
2025-07-04 21:00:00,672.0,732.09015
2025-07-04 22:00:00,569.0,575.81824
2025-07-04 23:00:00,369.0,451.17752
2025-07-05 00:00:00,225.0,381.1393
2025-07-05 01:00:00,125.0,338.3081
2025-07-05 02:00:00,85.0,339.42535
2025-07-05 03:00:00,90.0,389.6848
2025-07-05 04:00:00,103.0,479.48843
2025-07-05 05:00:00,231.0,604.8225
2025-07-05 06:00:00,543.0,767.52686
2025-07-05 07:00:00,808.0,973.7826
2025-07-05 08:00:00,1074.0,1182.5908
2025-07-05 09:00:00,1331.0,1332.4003
2025-07-05 10:00:00,1659.0,1510.2915
2025-07-05 11:00:00,1759.0,1639.3677
2025-07-05 12:00:00,1674.0,1723.562
2025-07-05 13:00:00,1818.0,1770.039
2025-07-05 14:00:00,1863.0,1768.2504
2025-07-05 15:00:00,1780.0,1719.756
2025-07-05 16:00:00,1790.0,1628.303
2025-07-05 17:00:00,1770.0,1502.2397
2025-07-05 18:00:00,1426.0,1344.5037
2025-07-05 19:00:00,1111.0,1140.7651
2025-07-05 20:00:00,929.0,928.6179
2025-07-05 21:00:00,774.0,752.5248
2025-07-05 22:00:00,661.0,596.98193
2025-07-05 23:00:00,474.0,472.34125
2025-07-06 00:00:00,241.0,373.29517
2025-07-06 01:00:00,128.0,326.45374
2025-07-06 02:00:00,100.0,329.75836
2025-07-06 03:00:00,70.0,379.2887
2025-07-06 04:00:00,87.0,469.09232
2025-07-06 05:00:00,125.0,592.17834
2025-07-06 06:00:00,194.0,754.9406
2025-07-06 07:00:00,283.0,964.7117
2025-07-06 08:00:00,526.0,1144.7365
2025-07-06 09:00:00,834.0,1349.94
2025-07-06 10:00:00,1200.0,1476.0654
2025-07-06 11:00:00,1573.0,1604.2389
2025-07-06 12:00:00,1828.0,1685.9219
2025-07-06 13:00:00,1936.0,1729.6584
2025-07-06 14:00:00,2208.0,1721.979
2025-07-06 15:00:00,2335.0,1670.2614
2025-07-06 16:00:00,2389.0,1576.4473
2025-07-06 17:00:00,2375.0,1445.3728
2025-07-06 18:00:00,1816.0,1283.9058
2025-07-06 19:00:00,1403.0,1044.7683
2025-07-06 20:00:00,1038.0,864.1273
2025-07-06 21:00:00,706.0,719.89
2025-07-06 22:00:00,458.0,533.44934
2025-07-06 23:00:00,207.0,439.63864
2025-07-07 00:00:00,140.0,283.94415
2025-07-07 01:00:00,61.0,212.53827
2025-07-07 02:00:00,41.0,247.33417
2025-07-07 03:00:00,65.0,297.52576
2025-07-07 04:00:00,155.0,389.2201
2025-07-07 05:00:00,825.0,518.0393
2025-07-07 06:00:00,2075.0,643.93713
2025-07-07 07:00:00,2136.0,816.6074
2025-07-07 08:00:00,1501.0,994.8067
2025-07-07 09:00:00,1139.0,1231.6449
2025-07-07 10:00:00,1218.0,1383.753
2025-07-07 11:00:00,1258.0,1443.1559
2025-07-07 12:00:00,1205.0,1528.6781
2025-07-07 13:00:00,1335.0,1571.4917
2025-07-07 14:00:00,1240.0,1568.5616
2025-07-07 15:00:00,1190.0,1519.233
2025-07-07 16:00:00,1591.0,1423.715
2025-07-07 17:00:00,1693.0,1299.7367
2025-07-07 18:00:00,1183.0,1133.6238
2025-07-07 19:00:00,571.0,1023.3681
2025-07-07 20:00:00,489.0,787.4342
2025-07-07 21:00:00,431.0,611.2224
2025-07-07 22:00:00,249.0,488.1206
2025-07-07 23:00:00,132.0,366.39642
2025-07-08 00:00:00,63.0,248.40015
2025-07-08 01:00:00,47.0,176.84149
2025-07-08 02:00:00,24.0,177.5434
2025-07-08 03:00:00,53.0,231.29572
2025-07-08 04:00:00,115.0,321.04858
2025-07-08 05:00:00,686.0,457.12503
2025-07-08 06:00:00,1865.0,609.478
2025-07-08 07:00:00,2045.0,774.2468
2025-07-08 08:00:00,1546.0,950.8097
2025-07-08 09:00:00,1182.0,1185.0782
2025-07-08 10:00:00,1191.0,1341.4454
2025-07-08 11:00:00,1264.0,1464.897
2025-07-08 12:00:00,1234.0,1548.5734
2025-07-08 13:00:00,1390.0,1593.6122
2025-07-08 14:00:00,1308.0,1588.3341
2025-07-08 15:00:00,1300.0,1534.753
2025-07-08 16:00:00,1412.0,1441.0144
2025-07-08 17:00:00,1655.0,1260.4103
2025-07-08 18:00:00,1255.0,1089.0328
2025-07-08 19:00:00,738.0,983.4492
2025-07-08 20:00:00,446.0,772.9108
2025-07-08 21:00:00,356.0,603.3799
2025-07-08 22:00:00,251.0,451.84738
2025-07-08 23:00:00,138.0,328.3004
2025-07-09 00:00:00,63.0,242.50507
2025-07-09 01:00:00,48.0,198.94495
2025-07-09 02:00:00,31.0,201.88501
2025-07-09 03:00:00,54.0,252.14429
2025-07-09 04:00:00,123.0,345.95813
2025-07-09 05:00:00,755.0,474.8452
2025-07-09 06:00:00,1916.0,634.78644
2025-07-09 07:00:00,2076.0,863.6223
2025-07-09 08:00:00,1440.0,1043.2651
2025-07-09 09:00:00,1209.0,1216.0945
2025-07-09 10:00:00,1189.0,1371.8483
2025-07-09 11:00:00,1199.0,1475.1559
2025-07-09 12:00:00,1191.0,1559.813
2025-07-09 13:00:00,1321.0,1604.8896
2025-07-09 14:00:00,1351.0,1632.0754
2025-07-09 15:00:00,1419.0,1579.6635
2025-07-09 16:00:00,1627.0,1489.1306
2025-07-09 17:00:00,1782.0,1359.879
2025-07-09 18:00:00,1403.0,1201.0317
2025-07-09 19:00:00,839.0,1024.7515
2025-07-09 20:00:00,593.0,786.338
2025-07-09 21:00:00,437.0,610.974
2025-07-09 22:00:00,312.0,457.98315
2025-07-09 23:00:00,200.0,333.34247
2025-07-10 00:00:00,90.0,276.62097
2025-07-10 01:00:00,47.0,233.06073
2025-07-10 02:00:00,40.0,234.17798
2025-07-10 03:00:00,66.0,282.979
2025-07-10 04:00:00,131.0,374.97006
2025-07-10 05:00:00,754.0,495.7906
2025-07-10 06:00:00,1985.0,655.13574
2025-07-10 07:00:00,2193.0,892.38257
2025-07-10 08:00:00,1487.0,1075.9401
2025-07-10 09:00:00,1235.0,1250.9395
2025-07-10 10:00:00,1187.0,1407.2112
2025-07-10 11:00:00,1134.0,1536.2268
2025-07-10 12:00:00,1116.0,1626.6996
2025-07-10 13:00:00,1282.0,1670.6246
2025-07-10 14:00:00,1367.0,1667.3778
2025-07-10 15:00:00,1513.0,1619.7281
2025-07-10 16:00:00,1692.0,1528.3506
2025-07-10 17:00:00,1844.0,1398.3696
2025-07-10 18:00:00,1409.0,1240.6161
2025-07-10 19:00:00,865.0,1062.5131
2025-07-10 20:00:00,594.0,827.3807
2025-07-10 21:00:00,494.0,653.11035
2025-07-10 22:00:00,371.0,494.28647
2025-07-10 23:00:00,195.0,370.01035
2025-07-11 00:00:00,80.0,321.1631
2025-07-11 01:00:00,53.0,279.06104
2025-07-11 02:00:00,41.0,280.5429
2025-07-11 03:00:00,57.0,327.15662
2025-07-11 04:00:00,111.0,420.606
2025-07-11 05:00:00,728.0,541.33093
2025-07-11 06:00:00,1733.0,701.1362
2025-07-11 07:00:00,1822.0,938.7476
2025-07-11 08:00:00,1312.0,1121.576
2025-07-11 09:00:00,1188.0,1300.2211
2025-07-11 10:00:00,1236.0,1456.1282
2025-07-11 11:00:00,1317.0,1582.6497
2025-07-11 12:00:00,1314.0,1673.9299
2025-07-11 13:00:00,1525.0,1716.2606
2025-07-11 14:00:00,1697.0,1714.4143
2025-07-11 15:00:00,1744.0,1666.3247
2025-07-11 16:00:00,1971.0,1572.1636
2025-07-11 17:00:00,1925.0,1446.138
2025-07-11 18:00:00,1499.0,1262.5608
2025-07-11 19:00:00,1022.0,1089.0988
2025-07-11 20:00:00,762.0,873.7457
2025-07-11 21:00:00,564.0,699.4754
2025-07-11 22:00:00,465.0,546.48456
2025-07-11 23:00:00,314.0,419.29187
2025-07-12 00:00:00,156.0,339.1798
2025-07-12 01:00:00,94.0,292.33838
2025-07-12 02:00:00,56.0,293.45557
2025-07-12 03:00:00,70.0,341.52765
2025-07-12 04:00:00,90.0,432.78952
2025-07-12 05:00:00,212.0,560.13745
2025-07-12 06:00:00,495.0,714.4135
2025-07-12 07:00:00,713.0,953.48315
2025-07-12 08:00:00,980.0,1135.2179
2025-07-12 09:00:00,1279.0,1308.0299
2025-07-12 10:00:00,1604.0,1463.2079
2025-07-12 11:00:00,1653.0,1591.1298
2025-07-12 12:00:00,1653.0,1679.4153
2025-07-12 13:00:00,1847.0,1724.7983
2025-07-12 14:00:00,1852.0,1724.7749
2025-07-12 15:00:00,1848.0,1676.3384
2025-07-12 16:00:00,1958.0,1583.9827
2025-07-12 17:00:00,1940.0,1455.46
2025-07-12 18:00:00,1569.0,1298.4357
2025-07-12 19:00:00,1203.0,1123.3069
2025-07-12 20:00:00,923.0,884.10645
2025-07-12 21:00:00,753.0,709.4716
2025-07-12 22:00:00,675.0,552.47046
2025-07-12 23:00:00,394.0,426.00696
2025-07-13 00:00:00,244.0,320.6684
2025-07-13 01:00:00,138.0,279.66003
2025-07-13 02:00:00,112.0,280.77722
2025-07-13 03:00:00,84.0,333.58868
2025-07-13 04:00:00,61.0,426.67343
2025-07-13 05:00:00,129.0,549.8578
2025-07-13 06:00:00,204.0,708.8384
2025-07-13 07:00:00,281.0,947.6592
2025-07-13 08:00:00,454.0,1125.054
2025-07-13 09:00:00,874.0,1302.7991
2025-07-13 10:00:00,1227.0,1459.6263
2025-07-13 11:00:00,1618.0,1563.2957
2025-07-13 12:00:00,1855.0,1674.3931
2025-07-13 13:00:00,1920.0,1718.6824
2025-07-13 14:00:00,2269.0,1716.1068
2025-07-13 15:00:00,2434.0,1668.0348
2025-07-13 16:00:00,2379.0,1577.502
2025-07-13 17:00:00,2455.0,1448.6147
2025-07-13 18:00:00,2122.0,1293.0891
2025-07-13 19:00:00,1514.0,1086.0116
2025-07-13 20:00:00,1220.0,875.803
2025-07-13 21:00:00,825.0,704.8138
2025-07-13 22:00:00,526.0,550.7292
2025-07-13 23:00:00,246.0,426.0885
2025-07-14 00:00:00,113.0,306.91864
2025-07-14 01:00:00,59.0,264.08752
2025-07-14 02:00:00,44.0,265.93384
2025-07-14 03:00:00,55.0,316.92242
2025-07-14 04:00:00,134.0,373.70865
2025-07-14 05:00:00,772.0,499.01785
2025-07-14 06:00:00,1927.0,656.7292
2025-07-14 07:00:00,2022.0,829.92505
2025-07-14 08:00:00,1039.0,1005.04675
2025-07-14 09:00:00,771.0,1237.7637
2025-07-14 10:00:00,1235.0,1328.272
2025-07-14 11:00:00,1306.0,1517.7358
2025-07-14 12:00:00,1300.0,1630.9421
2025-07-14 13:00:00,1469.0,1675.0381
2025-07-14 14:00:00,1363.0,1676.8575
2025-07-14 15:00:00,1287.0,1603.2859
2025-07-14 16:00:00,1546.0,1505.0016
2025-07-14 17:00:00,1563.0,1375.6921
2025-07-14 18:00:00,1261.0,1220.8955
2025-07-14 19:00:00,811.0,1047.0718
2025-07-14 20:00:00,548.0,834.7106
2025-07-14 21:00:00,448.0,658.982
2025-07-14 22:00:00,300.0,505.62656
2025-07-14 23:00:00,126.0,383.53787
2025-07-15 00:00:00,60.0,264.44635
2025-07-15 01:00:00,40.0,221.25055
2025-07-15 02:00:00,34.0,224.9198
2025-07-15 03:00:00,59.0,247.72351
2025-07-15 04:00:00,117.0,366.4411
2025-07-15 05:00:00,310.0,495.4236
2025-07-15 06:00:00,1034.0,652.7173
2025-07-15 07:00:00,1606.0,858.60846
2025-07-15 08:00:00,1387.0,1039.0383
2025-07-15 09:00:00,1183.0,1212.426
2025-07-15 10:00:00,1159.0,1363.9758
2025-07-15 11:00:00,1089.0,1427.3715
2025-07-15 12:00:00,1134.0,1575.4813
2025-07-15 13:00:00,683.0,1618.7524
2025-07-15 14:00:00,1306.0,1556.185
2025-07-15 15:00:00,1326.0,1506.9692
2025-07-15 16:00:00,1549.0,1470.1677
2025-07-15 17:00:00,1659.0,1341.6453
2025-07-15 18:00:00,1315.0,1183.8743
2025-07-15 19:00:00,751.0,1010.4325
2025-07-15 20:00:00,512.0,800.6232
2025-07-15 21:00:00,396.0,629.2695
2025-07-15 22:00:00,273.0,478.46606
2025-07-15 23:00:00,135.0,356.01276
2025-07-16 00:00:00,59.0,268.39343
2025-07-16 01:00:00,46.0,224.10406
2025-07-16 02:00:00,47.0,225.95038
2025-07-16 03:00:00,49.0,274.3869
2025-07-16 04:00:00,141.0,366.01337
2025-07-16 05:00:00,685.0,494.90042
2025-07-16 06:00:00,1829.0,653.7479
2025-07-16 07:00:00,1936.0,860.7327
2025-07-16 08:00:00,1350.0,1040.28
2025-07-16 09:00:00,1196.0,1210.54
2025-07-16 10:00:00,1174.0,1363.8953
2025-07-16 11:00:00,1192.0,1489.2651
2025-07-16 12:00:00,1170.0,1578.2797
2025-07-16 13:00:00,1325.0,1621.6462
2025-07-16 14:00:00,1246.0,1619.36
2025-07-16 15:00:00,1410.0,1563.9011
2025-07-16 16:00:00,1714.0,1468.9934
2025-07-16 17:00:00,1744.0,1340.8354
2025-07-16 18:00:00,1332.0,1118.0052
2025-07-16 19:00:00,744.0,939.2305
2025-07-16 20:00:00,533.0,790.71674
2025-07-16 21:00:00,412.0,620.09216
2025-07-16 22:00:00,257.0,469.28873
2025-07-16 23:00:00,143.0,350.11658
2025-07-17 00:00:00,82.0,261.76697
2025-07-17 01:00:00,42.0,219.29169
2025-07-17 02:00:00,40.0,227.64917
2025-07-17 03:00:00,47.0,259.23975
2025-07-17 04:00:00,149.0,352.9179
2025-07-17 05:00:00,392.0,508.5387
2025-07-17 06:00:00,997.0,663.04614
2025-07-17 07:00:00,1903.0,873.2195
2025-07-17 08:00:00,1289.0,1054.2627
2025-07-17 09:00:00,1246.0,1232.6616
2025-07-17 10:00:00,1200.0,1387.3218
2025-07-17 11:00:00,1257.0,1510.8284
2025-07-17 12:00:00,1241.0,1599.4609
2025-07-17 13:00:00,1262.0,1639.6797
2025-07-17 14:00:00,1343.0,1668.5552
2025-07-17 15:00:00,1393.0,1616.8145
2025-07-17 16:00:00,1842.0,1526.5305
2025-07-17 17:00:00,1807.0,1397.2788
2025-07-17 18:00:00,1405.0,1240.1589
2025-07-17 19:00:00,911.0,1064.2432
2025-07-17 20:00:00,603.0,825.9252
2025-07-17 21:00:00,489.0,651.6549
2025-07-17 22:00:00,357.0,495.7475
2025-07-17 23:00:00,185.0,370.37766
2025-07-18 00:00:00,108.0,321.52966
2025-07-18 01:00:00,61.0,278.33386
2025-07-18 02:00:00,48.0,284.5551
2025-07-18 03:00:00,64.0,331.53345
2025-07-18 04:00:00,127.0,424.98276
2025-07-18 05:00:00,615.0,545.88135
2025-07-18 06:00:00,1612.0,704.4974
2025-07-18 07:00:00,1580.0,941.3015
2025-07-18 08:00:00,1245.0,1124.8417
2025-07-18 09:00:00,1106.0,1298.0356
2025-07-18 10:00:00,1196.0,1455.7656
2025-07-18 11:00:00,1348.0,1581.8646
2025-07-18 12:00:00,1283.0,1672.3376
2025-07-18 13:00:00,1547.0,1718.8145
2025-07-18 14:00:00,1640.0,1717.3328
2025-07-18 15:00:00,1797.0,1669.6831
2025-07-18 16:00:00,1982.0,1578.7278
2025-07-18 17:00:00,2083.0,1449.1116
2025-07-18 18:00:00,1591.0,1291.7225
2025-07-18 19:00:00,1203.0,1115.4625
2025-07-18 20:00:00,836.0,876.2996
2025-07-18 21:00:00,611.0,700.9356
2025-07-18 22:00:00,460.0,547.2157
2025-07-18 23:00:00,276.0,421.1167
2025-07-19 00:00:00,160.0,342.46222
2025-07-19 01:00:00,109.0,299.63104
2025-07-19 02:00:00,65.0,301.1128
2025-07-19 03:00:00,93.0,348.8203
2025-07-19 04:00:00,117.0,440.44675
2025-07-19 05:00:00,193.0,572.05664
2025-07-19 06:00:00,412.0,731.82697
2025-07-19 07:00:00,574.0,962.02563
2025-07-19 08:00:00,867.0,1138.5002
2025-07-19 09:00:00,1113.0,1315.6871
2025-07-19 10:00:00,1416.0,1473.417
2025-07-19 11:00:00,1562.0,1602.7971
2025-07-19 12:00:00,1671.0,1698.646
2025-07-19 13:00:00,1766.0,1714.8665
2025-07-19 14:00:00,1830.0,1657.862
2025-07-19 15:00:00,2026.0,1575.5385
2025-07-19 16:00:00,1286.0,1480.0496
2025-07-19 17:00:00,1667.0,1439.5012
2025-07-19 18:00:00,1227.0,1259.3383
2025-07-19 19:00:00,864.0,1086.261
2025-07-19 20:00:00,702.0,874.62897
2025-07-19 21:00:00,503.0,701.08777
2025-07-19 22:00:00,423.0,548.82605
2025-07-19 23:00:00,314.0,423.09167
2025-07-20 00:00:00,188.0,322.1275
2025-07-20 01:00:00,111.0,280.02545
2025-07-20 02:00:00,64.0,281.1427
2025-07-20 03:00:00,91.0,329.94385
2025-07-20 04:00:00,61.0,421.57037
2025-07-20 05:00:00,85.0,550.5327
2025-07-20 06:00:00,159.0,704.6931
2025-07-20 07:00:00,242.0,941.1703
2025-07-20 08:00:00,481.0,1120.353
2025-07-20 09:00:00,728.0,1295.717
2025-07-20 10:00:00,1033.0,1450.1658
2025-07-20 11:00:00,1410.0,1582.7518
2025-07-20 12:00:00,1472.0,1671.5352
2025-07-20 13:00:00,1766.0,1716.7649
2025-07-20 14:00:00,1940.0,1714.4585
2025-07-20 15:00:00,2326.0,1641.7144
2025-07-20 16:00:00,2575.0,1484.103
2025-07-20 17:00:00,2423.0,1445.7019
2025-07-20 18:00:00,2043.0,1259.8794
2025-07-20 19:00:00,1609.0,1035.8899
2025-07-20 20:00:00,1360.0,835.5371
2025-07-20 21:00:00,962.0,667.6085
2025-07-20 22:00:00,486.0,510.16663
2025-07-20 23:00:00,221.0,376.30182
2025-07-21 00:00:00,113.0,248.60785
2025-07-21 01:00:00,64.0,226.77692
2025-07-21 02:00:00,42.0,208.03003
2025-07-21 03:00:00,70.0,263.4018
2025-07-21 04:00:00,160.0,378.96558
2025-07-21 05:00:00,695.0,479.76108
2025-07-21 06:00:00,1596.0,635.853
2025-07-21 07:00:00,1698.0,865.36774
2025-07-21 08:00:00,603.0,1043.8213
2025-07-21 09:00:00,662.0,1214.8104
2025-07-21 10:00:00,1099.0,1367.801
2025-07-21 11:00:00,1336.0,1430.8419
2025-07-21 12:00:00,1346.0,1603.4203
2025-07-21 13:00:00,1408.0,1651.7202
2025-07-21 14:00:00,1441.0,1654.616
2025-07-21 15:00:00,1322.0,1515.9741
2025-07-21 16:00:00,1394.0,1474.0857
2025-07-21 17:00:00,1526.0,1374.6533
2025-07-21 18:00:00,1087.0,1215.2651
2025-07-21 19:00:00,741.0,1019.93463
2025-07-21 20:00:00,501.0,811.02814
2025-07-21 21:00:00,297.0,638.9453
2025-07-21 22:00:00,256.0,455.35333
2025-07-21 23:00:00,133.0,361.2459
2025-07-22 00:00:00,56.0,248.0553
2025-07-22 01:00:00,34.0,206.68243
2025-07-22 02:00:00,32.0,204.88318
2025-07-22 03:00:00,60.0,222.7185
2025-07-22 04:00:00,157.0,345.67523
2025-07-22 05:00:00,630.0,474.1977
2025-07-22 06:00:00,1562.0,630.7899
2025-07-22 07:00:00,1752.0,771.21436
2025-07-22 08:00:00,1240.0,1014.54865
2025-07-22 09:00:00,1122.0,1187.0134
2025-07-22 10:00:00,1188.0,1343.1117
2025-07-22 11:00:00,1077.0,1496.9177
2025-07-22 12:00:00,1088.0,1585.2234
2025-07-22 13:00:00,1117.0,1600.1162
2025-07-22 14:00:00,1284.0,1600.1533
2025-07-22 15:00:00,999.0,1551.5256
2025-07-22 16:00:00,1483.0,1458.8633
2025-07-22 17:00:00,1672.0,1329.2471
2025-07-22 18:00:00,1222.0,1171.1289
2025-07-22 19:00:00,887.0,997.1113
2025-07-22 20:00:00,553.0,782.40936
2025-07-22 21:00:00,480.0,608.86816
2025-07-22 22:00:00,286.0,455.87738
2025-07-22 23:00:00,127.0,331.2367
2025-07-23 00:00:00,57.0,244.71118
2025-07-23 01:00:00,47.0,200.78644
2025-07-23 02:00:00,42.0,203.72644
2025-07-23 03:00:00,54.0,248.15265
2025-07-23 04:00:00,126.0,337.59174
2025-07-23 05:00:00,625.0,465.38232
2025-07-23 06:00:00,1550.0,619.48486
2025-07-23 07:00:00,1631.0,857.40283
2025-07-23 08:00:00,1207.0,1039.6555
2025-07-23 09:00:00,1097.0,1212.832
2025-07-23 10:00:00,1110.0,1371.754
2025-07-23 11:00:00,1192.0,1471.0688
2025-07-23 12:00:00,1147.0,1560.795
2025-07-23 13:00:00,1288.0,1605.8137
2025-07-23 14:00:00,1272.0,1602.1445
2025-07-23 15:00:00,1340.0,1552.403
2025-07-23 16:00:00,1899.0,1459.1648
2025-07-23 17:00:00,1780.0,1327.3988
2025-07-23 18:00:00,1333.0,1169.8363
2025-07-23 19:00:00,865.0,996.1659
2025-07-23 20:00:00,540.0,784.89844
2025-07-23 21:00:00,417.0,612.81555
2025-07-23 22:00:00,317.0,429.47784
2025-07-23 23:00:00,136.0,300.2334
2025-07-24 00:00:00,63.0,241.7987
2025-07-24 01:00:00,51.0,201.11261
2025-07-24 02:00:00,43.0,233.39899
2025-07-24 03:00:00,53.0,252.89618
2025-07-24 04:00:00,137.0,345.41284
2025-07-24 05:00:00,582.0,503.44275
2025-07-24 06:00:00,1557.0,630.5954
2025-07-24 07:00:00,1572.0,865.6972
2025-07-24 08:00:00,1175.0,981.4649
2025-07-24 09:00:00,1046.0,1154.0393
2025-07-24 10:00:00,1103.0,1301.2734
2025-07-24 11:00:00,1170.0,1489.1255
2025-07-24 12:00:00,1237.0,1515.9976
2025-07-24 13:00:00,1230.0,1620.7603
2025-07-24 14:00:00,1072.0,1616.2086
2025-07-24 15:00:00,1437.0,1569.6902
2025-07-24 16:00:00,1498.0,1476.5273
2025-07-24 17:00:00,1515.0,1348.7166
2025-07-24 18:00:00,1193.0,1190.6938
2025-07-24 19:00:00,849.0,1016.79205
2025-07-24 20:00:00,559.0,804.43085
2025-07-24 21:00:00,401.0,599.8562
2025-07-24 22:00:00,307.0,446.1362
2025-07-24 23:00:00,160.0,324.86987
2025-07-25 00:00:00,72.0,275.33582
2025-07-25 01:00:00,56.0,263.4024
2025-07-25 02:00:00,44.0,268.5299
2025-07-25 03:00:00,59.0,318.7893
2025-07-25 04:00:00,133.0,383.7401
2025-07-25 05:00:00,519.0,511.76236
2025-07-25 06:00:00,985.0,695.16595
2025-07-25 07:00:00,1323.0,900.7604
2025-07-25 08:00:00,537.0,1078.4849
2025-07-25 09:00:00,505.0,1248.3125
2025-07-25 10:00:00,1262.0,1403.7117
2025-07-25 11:00:00,1293.0,1527.2384
2025-07-25 12:00:00,1359.0,1614.063
2025-07-25 13:00:00,1583.0,1687.4802
2025-07-25 14:00:00,1581.0,1683.7329
2025-07-25 15:00:00,1588.0,1635.7362
2025-07-25 16:00:00,1686.0,1544.1095
2025-07-25 17:00:00,1656.0,1389.5145
2025-07-25 18:00:00,1356.0,1234.5067
2025-07-25 19:00:00,1042.0,1059.8757
2025-07-25 20:00:00,754.0,847.14996
2025-07-25 21:00:00,503.0,676.5254
2025-07-25 22:00:00,363.0,523.8991
2025-07-25 23:00:00,265.0,398.1647
2025-07-26 00:00:00,135.0,319.14655
2025-07-26 01:00:00,99.0,277.0445
2025-07-26 02:00:00,55.0,281.80737
2025-07-26 03:00:00,92.0,332.06683
2025-07-26 04:00:00,103.0,424.05786
2025-07-26 05:00:00,174.0,552.94495
2025-07-26 06:00:00,352.0,709.605
2025-07-26 07:00:00,510.0,914.40247
2025-07-26 08:00:00,741.0,1093.5852
2025-07-26 09:00:00,1123.0,1265.3035
2025-07-26 10:00:00,1414.0,1419.3877
2025-07-26 11:00:00,1703.0,1544.7576
2025-07-26 12:00:00,1598.0,1632.8319
2025-07-26 13:00:00,1769.0,1675.6631
2025-07-26 14:00:00,1812.0,1672.2051
2025-07-26 15:00:00,1607.0,1556.0803
2025-07-26 16:00:00,1230.0,1466.9038
2025-07-26 17:00:00,941.0,1331.0985
2025-07-26 18:00:00,1028.0,1232.0123
2025-07-26 19:00:00,656.0,1001.5904
2025-07-26 20:00:00,627.0,847.23517
2025-07-26 21:00:00,510.0,676.6784
2025-07-26 22:00:00,377.0,525.87494
2025-07-26 23:00:00,314.0,402.69254
2025-07-27 00:00:00,164.0,299.90656
2025-07-27 01:00:00,95.0,258.89825
2025-07-27 02:00:00,72.0,262.20288
2025-07-27 03:00:00,72.0,283.77728
2025-07-27 04:00:00,75.0,405.1147
2025-07-27 05:00:00,92.0,533.70496
2025-07-27 06:00:00,161.0,690.00055
2025-07-27 07:00:00,173.0,896.1884
2025-07-27 08:00:00,335.0,1077.991
2025-07-27 09:00:00,367.0,1247.8662
2025-07-27 10:00:00,846.0,1401.5759
2025-07-27 11:00:00,1484.0,1528.5875
2025-07-27 12:00:00,1619.0,1620.3076
2025-07-27 13:00:00,1733.0,1659.6061
2025-07-27 14:00:00,1904.0,1649.988
2025-07-27 15:00:00,1834.0,1634.8806
2025-07-27 16:00:00,2011.0,1515.049
2025-07-27 17:00:00,1816.0,1381.3951
2025-07-27 18:00:00,1379.0,1156.5894
2025-07-27 19:00:00,1138.0,1041.4502
2025-07-27 20:00:00,832.0,802.33704
2025-07-27 21:00:00,703.0,659.6259
2025-07-27 22:00:00,511.0,507.7287
2025-07-27 23:00:00,227.0,383.088
2025-07-28 00:00:00,74.0,268.29407
2025-07-28 01:00:00,50.0,195.591
2025-07-28 02:00:00,43.0,229.79346
2025-07-28 03:00:00,55.0,248.35803
2025-07-28 04:00:00,156.0,348.73383
2025-07-28 05:00:00,598.0,476.68823
2025-07-28 06:00:00,1230.0,638.71484
2025-07-28 07:00:00,660.0,800.28735
2025-07-28 08:00:00,428.0,971.13617
2025-07-28 09:00:00,527.0,1207.821
2025-07-28 10:00:00,926.0,1361.9731
2025-07-28 11:00:00,1116.0,1425.3691
2025-07-28 12:00:00,1197.0,1511.9757
2025-07-28 13:00:00,1257.0,1610.736
2025-07-28 14:00:00,1261.0,1547.9163
2025-07-28 15:00:00,1276.0,1503.32
2025-07-28 16:00:00,1316.0,1405.9199
2025-07-28 17:00:00,1150.0,1278.2197
2025-07-28 18:00:00,1105.0,1116.8123
2025-07-28 19:00:00,655.0,1005.0982
2025-07-28 20:00:00,505.0,794.6277
2025-07-28 21:00:00,348.0,623.63855
2025-07-28 22:00:00,264.0,471.01224
2025-07-28 23:00:00,117.0,347.46527
2025-07-29 00:00:00,55.0,230.92725
2025-07-29 01:00:00,37.0,187.36688
2025-07-29 02:00:00,42.0,191.03613
2025-07-29 03:00:00,72.0,240.93091
2025-07-29 04:00:00,124.0,334.38025
2025-07-29 05:00:00,324.0,432.07275
2025-07-29 06:00:00,888.0,620.6565
2025-07-29 07:00:00,1229.0,828.15924
2025-07-29 08:00:00,654.0,1006.49713
2025-07-29 09:00:00,974.0,1206.6316
2025-07-29 10:00:00,1136.0,1332.9131
2025-07-29 11:00:00,1082.0,1459.4548
2025-07-29 12:00:00,1076.0,1544.572
2025-07-29 13:00:00,1138.0,1587.1139
2025-07-29 14:00:00,1197.0,1614.7599
2025-07-29 15:00:00,1257.0,1533.0347
2025-07-29 16:00:00,1312.0,1439.6028
2025-07-29 17:00:00,1447.0,1335.217
2025-07-29 18:00:00,989.0,1148.0869
2025-07-29 19:00:00,715.0,977.5846
2025-07-29 20:00:00,529.0,768.1978
2025-07-29 21:00:00,398.0,593.563
2025-07-29 22:00:00,297.0,437.29102
2025-07-29 23:00:00,146.0,312.28577
2025-07-30 00:00:00,70.0,225.39746
2025-07-30 01:00:00,43.0,180.74347
2025-07-30 02:00:00,40.0,186.23553
2025-07-30 03:00:00,59.0,233.57831
2025-07-30 04:00:00,111.0,325.20477
2025-07-30 05:00:00,548.0,451.80618
2025-07-30 06:00:00,1281.0,607.19336
2025-07-30 07:00:00,1474.0,821.8195
2025-07-30 08:00:00,1066.0,1006.3983
2025-07-30 09:00:00,1098.0,1176.5398
2025-07-30 10:00:00,1148.0,1364.3003
2025-07-30 11:00:00,1194.0,1465.3221
2025-07-30 12:00:00,1074.0,1552.783
2025-07-30 13:00:00,1267.0,1595.9788
2025-07-30 14:00:00,1348.0,1593.0387
2025-07-30 15:00:00,1391.0,1542.4146
2025-07-30 16:00:00,1624.0,1451.1527
2025-07-30 17:00:00,1743.0,1320.9607
2025-07-30 18:00:00,1355.0,1110.1344
2025-07-30 19:00:00,845.0,975.32605
2025-07-30 20:00:00,600.0,737.7898
2025-07-30 21:00:00,373.0,595.3246
2025-07-30 22:00:00,309.0,414.51352
2025-07-30 23:00:00,150.0,320.24506
2025-07-31 00:00:00,89.0,264.9831
2025-07-31 01:00:00,65.0,191.02527
2025-07-31 02:00:00,48.0,196.24603
2025-07-31 03:00:00,52.0,245.61511
2025-07-31 04:00:00,123.0,342.19287
2025-07-31 05:00:00,500.0,471.5377
2025-07-31 06:00:00,1183.0,653.61865
2025-07-31 07:00:00,1318.0,858.7807
2025-07-31 08:00:00,924.0,1039.0571
2025-07-31 09:00:00,468.0,1237.0591
2025-07-31 10:00:00,1094.0,1364.261
2025-07-31 11:00:00,1172.0,1491.8586
2025-07-31 12:00:00,1347.0,1580.3379
2025-07-31 13:00:00,1417.0,1623.9736
2025-07-31 14:00:00,1588.0,1623.5103
2025-07-31 15:00:00,1615.0,1573.4995
2025-07-31 16:00:00,1685.0,1479.7407
2025-07-31 17:00:00,1669.0,1375.8527
2025-07-31 18:00:00,1340.0,1218.886
2025-07-31 19:00:00,1003.0,1014.939
2025-07-31 20:00:00,718.0,806.9931
2025-07-31 21:00:00,576.0,634.9102
2025-07-31 22:00:00,410.0,480.82568
2025-07-31 23:00:00,242.0,356.54962
2025-08-01 00:00:00,222.0,200.40265
2025-08-01 01:00:00,137.0,157.93597
2025-08-01 02:00:00,89.0,162.33435
2025-08-01 03:00:00,78.0,211.50012
2025-08-01 04:00:00,63.0,303.05872
2025-08-01 05:00:00,100.0,400.08994
2025-08-01 06:00:00,229.0,588.30896
2025-08-01 07:00:00,321.0,792.62616
2025-08-01 08:00:00,345.0,969.8298
2025-08-01 09:00:00,657.0,1145.003
2025-08-01 10:00:00,1131.0,1236.8337
2025-08-01 11:00:00,1104.0,1453.3235
2025-08-01 12:00:00,1141.0,1546.0138
2025-08-01 13:00:00,1227.0,1489.6165
2025-08-01 14:00:00,1351.0,1579.5337
2025-08-01 15:00:00,1337.0,1501.8939
2025-08-01 16:00:00,1411.0,1438.7618
2025-08-01 17:00:00,1178.0,1283.513
2025-08-01 18:00:00,1055.0,1116.2601
2025-08-01 19:00:00,767.0,887.14557
2025-08-01 20:00:00,596.0,700.5097
2025-08-01 21:00:00,292.0,559.3926
2025-08-01 22:00:00,147.0,377.4202
2025-08-01 23:00:00,95.0,251.75354
2025-08-02 00:00:00,231.0,290.99792
2025-08-02 01:00:00,152.0,274.54572
2025-08-02 02:00:00,76.0,248.93646
2025-08-02 03:00:00,67.0,297.80542
2025-08-02 04:00:00,77.0,402.0558
2025-08-02 05:00:00,135.0,529.53534
2025-08-02 06:00:00,286.0,679.26025
2025-08-02 07:00:00,369.0,842.6131
2025-08-02 08:00:00,637.0,1020.4479
2025-08-02 09:00:00,825.0,1197.6685
2025-08-02 10:00:00,1318.0,1348.4463
2025-08-02 11:00:00,1284.0,1470.8994
2025-08-02 12:00:00,1264.0,1555.1665
2025-08-02 13:00:00,672.0,1600.2528
2025-08-02 14:00:00,2109.0,1597.3108
2025-08-02 15:00:00,1149.0,1545.0608
2025-08-02 16:00:00,1371.0,1449.0935
2025-08-02 17:00:00,1398.0,1383.6589
2025-08-02 18:00:00,1173.0,1227.6907
2025-08-02 19:00:00,1045.0,1053.1552
2025-08-02 20:00:00,808.0,843.64264
2025-08-02 21:00:00,704.0,670.1694
2025-08-02 22:00:00,574.0,517.5431
2025-08-02 23:00:00,466.0,395.45438
2025-08-03 00:00:00,412.0,293.40015
2025-08-03 01:00:00,184.0,220.17133
2025-08-03 02:00:00,73.0,225.55316
2025-08-03 03:00:00,70.0,299.75818
2025-08-03 04:00:00,55.0,394.6658
2025-08-03 05:00:00,48.0,493.15527
2025-08-03 06:00:00,41.0,681.96796
2025-08-03 07:00:00,72.0,887.92694
2025-08-03 08:00:00,364.0,1064.6504
2025-08-03 09:00:00,722.0,1239.4893
2025-08-03 10:00:00,1190.0,1392.1224
2025-08-03 11:00:00,1887.0,1519.4713
2025-08-03 12:00:00,2058.0,1606.4694
2025-08-03 13:00:00,2349.0,1678.7148
2025-08-03 14:00:00,2555.0,1586.2015
2025-08-03 15:00:00,2499.0,1602.397
2025-08-03 16:00:00,2486.0,1507.1797
2025-08-03 17:00:00,2421.0,1379.6958
2025-08-03 18:00:00,2017.0,1218.0625
2025-08-03 19:00:00,1723.0,1046.6777
2025-08-03 20:00:00,1553.0,836.5039
2025-08-03 21:00:00,1163.0,665.1502
2025-08-03 22:00:00,710.0,514.34674
2025-08-03 23:00:00,322.0,388.24777
2025-08-04 00:00:00,143.0,267.9881
2025-08-04 01:00:00,99.0,227.34436
2025-08-04 02:00:00,52.0,228.82611
2025-08-04 03:00:00,57.0,280.17926
2025-08-04 04:00:00,145.0,369.25378
2025-08-04 05:00:00,690.0,498.87
2025-08-04 06:00:00,1676.0,656.62366
2025-08-04 07:00:00,1737.0,862.8794
2025-08-04 08:00:00,1118.0,1041.6975
2025-08-04 09:00:00,986.0,1212.9834
2025-08-04 10:00:00,914.0,1365.6774
2025-08-04 11:00:00,600.0,1492.1409
2025-08-04 12:00:00,1192.0,1581.0398
2025-08-04 13:00:00,1445.0,1652.3046
2025-08-04 14:00:00,1563.0,1625.4014
2025-08-04 15:00:00,1566.0,1576.7737
2025-08-04 16:00:00,1618.0,1507.4207
2025-08-04 17:00:00,1694.0,1377.9375
2025-08-04 18:00:00,1386.0,1219.5879
2025-08-04 19:00:00,917.0,1016.34985
2025-08-04 20:00:00,633.0,807.8107
2025-08-04 21:00:00,487.0,633.90497
2025-08-04 22:00:00,296.0,482.3725
2025-08-04 23:00:00,183.0,356.63806
2025-08-05 00:00:00,80.0,239.37384
2025-08-05 01:00:00,49.0,195.44897
2025-08-05 02:00:00,56.0,198.38916
2025-08-05 03:00:00,55.0,246.09644
2025-08-05 04:00:00,132.0,338.45203
2025-08-05 05:00:00,610.0,462.7879
2025-08-05 06:00:00,1640.0,625.8568
2025-08-05 07:00:00,1803.0,833.93536
2025-08-05 08:00:00,1325.0,1019.2809
2025-08-05 09:00:00,1161.0,1194.7982
2025-08-05 10:00:00,1141.0,1347.7888
2025-08-05 11:00:00,1131.0,1501.0366
2025-08-05 12:00:00,1154.0,1563.4956
2025-08-05 13:00:00,1296.0,1635.5271
2025-08-05 14:00:00,1403.0,1637.7893
2025-08-05 15:00:00,1450.0,1590.1599
2025-08-05 16:00:00,1689.0,1469.8684
2025-08-05 17:00:00,1755.0,1338.0648
2025-08-05 18:00:00,1472.0,1178.4884
2025-08-05 19:00:00,740.0,1002.85925
2025-08-05 20:00:00,517.0,791.2272
2025-08-05 21:00:00,416.0,617.3214
2025-08-05 22:00:00,268.0,462.50778
2025-08-05 23:00:00,145.0,337.86707
2025-08-06 00:00:00,70.0,248.79462
2025-08-06 01:00:00,50.0,204.86981
2025-08-06 02:00:00,46.0,207.08069
2025-08-06 03:00:00,44.0,254.78802
2025-08-06 04:00:00,125.0,343.498
2025-08-06 05:00:00,592.0,469.1039
2025-08-06 06:00:00,1613.0,617.92883
2025-08-06 07:00:00,1748.0,855.1554
2025-08-06 08:00:00,1257.0,1012.6983
2025-08-06 09:00:00,1166.0,1184.7234
2025-08-06 10:00:00,1204.0,1361.9434
2025-08-06 11:00:00,1206.0,1488.7136
2025-08-06 12:00:00,1191.0,1578.4573
2025-08-06 13:00:00,1379.0,1627.0464
2025-08-06 14:00:00,1445.0,1624.222
2025-08-06 15:00:00,1562.0,1575.6321
2025-08-06 16:00:00,1769.0,1458.642
2025-08-06 17:00:00,1674.0,1329.7173
2025-08-06 18:00:00,1520.0,1171.5413
2025-08-06 19:00:00,976.0,995.8744
2025-08-06 20:00:00,701.0,782.4195
2025-08-06 21:00:00,519.0,606.3264
2025-08-06 22:00:00,364.0,450.419
2025-08-06 23:00:00,187.0,326.14288
2025-08-07 00:00:00,83.0,269.42603
2025-08-07 01:00:00,66.0,225.1366
2025-08-07 02:00:00,43.0,227.71216
2025-08-07 03:00:00,39.0,275.78412
2025-08-07 04:00:00,134.0,368.1397
2025-08-07 05:00:00,600.0,495.29944
2025-08-07 06:00:00,1573.0,654.0688
2025-08-07 07:00:00,1732.0,885.7836
2025-08-07 08:00:00,1312.0,1066.1931
2025-08-07 09:00:00,1289.0,1241.5571
2025-08-07 10:00:00,1229.0,1405.7769
2025-08-07 11:00:00,1212.0,1528.6672
2025-08-07 12:00:00,1297.0,1618.0464
2025-08-07 13:00:00,1425.0,1664.888
2025-08-07 14:00:00,1605.0,1663.7709
2025-08-07 15:00:00,1707.0,1615.334
2025-08-07 16:00:00,1906.0,1525.5304
2025-08-07 17:00:00,2119.0,1396.2787
2025-08-07 18:00:00,1790.0,1237.0669
2025-08-07 19:00:00,1136.0,1031.815
2025-08-07 20:00:00,834.0,820.5503
2025-08-07 21:00:00,621.0,645.9154
2025-08-07 22:00:00,447.0,491.10175
2025-08-07 23:00:00,218.0,367.9193
2025-08-08 00:00:00,110.0,318.34857
2025-08-08 01:00:00,67.0,272.23627
2025-08-08 02:00:00,39.0,276.27002
2025-08-08 03:00:00,65.0,325.07123
2025-08-08 04:00:00,129.0,415.96854
2025-08-08 05:00:00,494.0,539.691
2025-08-08 06:00:00,1475.0,694.3114
2025-08-08 07:00:00,1572.0,933.7456
2025-08-08 08:00:00,1199.0,1116.2095
2025-08-08 09:00:00,1191.0,1293.7607
2025-08-08 10:00:00,1290.0,1452.22
2025-08-08 11:00:00,1512.0,1580.8708
2025-08-08 12:00:00,1607.0,1670.2502
2025-08-08 13:00:00,1789.0,1715.998
2025-08-08 14:00:00,2008.0,1715.6099
2025-08-08 15:00:00,2140.0,1665.3505
2025-08-08 16:00:00,2219.0,1573.7239
2025-08-08 17:00:00,2346.0,1444.8367
2025-08-08 18:00:00,1836.0,1284.1666
2025-08-08 19:00:00,1320.0,1082.2161
2025-08-08 20:00:00,1164.0,872.02484
2025-08-08 21:00:00,904.0,695.2026
2025-08-08 22:00:00,837.0,539.6597
2025-08-08 23:00:00,478.0,412.46707
2025-08-09 00:00:00,311.0,300.57867
2025-08-09 01:00:00,144.0,257.7475
2025-08-09 02:00:00,97.0,259.59387
2025-08-09 03:00:00,85.0,308.03046
2025-08-09 04:00:00,107.0,397.46954
2025-08-09 05:00:00,170.0,521.2499
2025-08-09 06:00:00,414.0,676.177
2025-08-09 07:00:00,679.0,914.51746
2025-08-09 08:00:00,978.0,1096.6167
2025-08-09 09:00:00,622.0,1273.439
2025-08-09 10:00:00,1732.0,1431.8982
2025-08-09 11:00:00,1598.0,1560.5491
2025-08-09 12:00:00,1944.0,1652.1157
2025-08-09 13:00:00,2042.0,1698.5925
2025-08-09 14:00:00,1992.0,1697.8398
2025-08-09 15:00:00,2163.0,1650.8617
2025-08-09 16:00:00,2245.0,1559.2351
2025-08-09 17:00:00,2061.0,1429.9834
2025-08-09 18:00:00,1848.0,1268.2196
2025-08-09 19:00:00,1487.0,1064.5619
2025-08-09 20:00:00,1237.0,852.7967
2025-08-09 21:00:00,1120.0,679.25555
2025-08-09 22:00:00,898.0,524.8064
2025-08-09 23:00:00,534.0,396.1555
2025-08-10 00:00:00,386.0,348.5703
2025-08-10 01:00:00,218.0,304.28082
2025-08-10 02:00:00,116.0,306.1272
2025-08-10 03:00:00,100.0,354.92834
2025-08-10 04:00:00,79.0,445.82568
2025-08-10 05:00:00,78.0,574.4813
2025-08-10 06:00:00,191.0,724.53314
2025-08-10 07:00:00,236.0,963.6028
2025-08-10 08:00:00,443.0,1145.3374
2025-08-10 09:00:00,717.0,1318.8785
2025-08-10 10:00:00,1239.0,1475.1503
2025-08-10 11:00:00,1748.0,1601.2493
2025-08-10 12:00:00,1929.0,1689.1703
2025-08-10 13:00:00,2134.0,1734.918
2025-08-10 14:00:00,2271.0,1733.0717
2025-08-10 15:00:00,2410.0,1684.2705
2025-08-10 16:00:00,2418.0,1593.0085
2025-08-10 17:00:00,2455.0,1461.934
2025-08-10 18:00:00,2428.0,1300.8993
2025-08-10 19:00:00,2409.0,1100.407
2025-08-10 20:00:00,2116.0,886.5701
2025-08-10 21:00:00,1602.0,716.31006
2025-08-10 22:00:00,808.0,558.57983
2025-08-10 23:00:00,322.0,435.03287
2025-08-11 00:00:00,154.0,360.87775
2025-08-11 01:00:00,80.0,314.40094
2025-08-11 02:00:00,44.0,318.07013
2025-08-11 03:00:00,70.0,366.1421
2025-08-11 04:00:00,148.0,455.58118
2025-08-11 05:00:00,779.0,582.77856
2025-08-11 06:00:00,1811.0,731.372
2025-08-11 07:00:00,2163.0,968.9834
2025-08-11 08:00:00,1490.0,1151.1405
2025-08-11 09:00:00,1259.0,1323.1655
2025-08-11 10:00:00,1303.0,1481.6248
2025-08-11 11:00:00,1303.0,1608.0883
2025-08-11 12:00:00,1374.0,1698.1965
2025-08-11 13:00:00,1463.0,1745.0381
2025-08-11 14:00:00,1533.0,1745.7437
2025-08-11 15:00:00,1594.0,1698.0361
2025-08-11 16:00:00,1749.0,1606.0452
2025-08-11 17:00:00,1918.0,1476.4288
2025-08-11 18:00:00,1496.0,1318.0618
2025-08-11 19:00:00,960.0,1118.8947
2025-08-11 20:00:00,732.0,904.346
2025-08-11 21:00:00,534.0,728.98206
2025-08-11 22:00:00,349.0,574.53296
2025-08-11 23:00:00,135.0,449.89227
2025-08-12 00:00:00,84.0,227.45245
2025-08-12 01:00:00,55.0,183.16302
2025-08-12 02:00:00,40.0,185.00946
2025-08-12 03:00:00,55.0,233.44586
2025-08-12 04:00:00,134.0,322.88495
2025-08-12 05:00:00,740.0,450.04465
2025-08-12 06:00:00,2008.0,599.76953
2025-08-12 07:00:00,2278.0,837.7454
2025-08-12 08:00:00,1567.0,1018.751
2025-08-12 09:00:00,1201.0,1195.5732
2025-08-12 10:00:00,1192.0,1354.7615
2025-08-12 11:00:00,1194.0,1484.1416
2025-08-12 12:00:00,1169.0,1573.8853
2025-08-12 13:00:00,1343.0,1619.9976
2025-08-12 14:00:00,1392.0,1619.2449
2025-08-12 15:00:00,1609.0,1571.5375
2025-08-12 16:00:00,1809.0,1478.8174
2025-08-12 17:00:00,1964.0,1349.9302
2025-08-12 18:00:00,1535.0,1191.1437
2025-08-12 19:00:00,930.0,987.2921
2025-08-12 20:00:00,696.0,771.64984
2025-08-12 21:00:00,564.0,598.10864
2025-08-12 22:00:00,355.0,441.10757
2025-08-12 23:00:00,160.0,315.7378
2025-08-13 00:00:00,82.0,227.76361
2025-08-13 01:00:00,56.0,183.47418
2025-08-13 02:00:00,45.0,186.41418
2025-08-13 03:00:00,50.0,234.12164
2025-08-13 04:00:00,145.0,325.74817
2025-08-13 05:00:00,767.0,452.81238
2025-08-13 06:00:00,1868.0,604.13135
2025-08-13 07:00:00,2189.0,843.1605
2025-08-13 08:00:00,1538.0,1024.1661
2025-08-13 09:00:00,1201.0,1200.9884
2025-08-13 10:00:00,1204.0,1358.3539
2025-08-13 11:00:00,1220.0,1486.6403
2025-08-13 12:00:00,1323.0,1577.113
2025-08-13 13:00:00,1472.0,1623.2253
2025-08-13 14:00:00,1513.0,1622.4728
2025-08-13 15:00:00,1713.0,1574.4008
2025-08-13 16:00:00,1777.0,1483.1388
2025-08-13 17:00:00,1997.0,1351.3352
2025-08-13 18:00:00,1651.0,1159.506
2025-08-13 19:00:00,1091.0,985.05133
2025-08-13 20:00:00,773.0,771.961
2025-08-13 21:00:00,599.0,594.7742
2025-08-13 22:00:00,432.0,439.2314
2025-08-13 23:00:00,185.0,315.31982
2025-08-14 00:00:00,95.0,256.0558
2025-08-14 01:00:00,41.0,215.77667
2025-08-14 02:00:00,46.0,226.37268
2025-08-14 03:00:00,49.0,277.72577
2025-08-14 04:00:00,136.0,366.43567
2025-08-14 05:00:00,738.0,489.12506
2025-08-14 06:00:00,1935.0,639.9262
2025-08-14 07:00:00,2097.0,875.4631
2025-08-14 08:00:00,1535.0,1056.8333
2025-08-14 09:00:00,1215.0,1232.1973
2025-08-14 10:00:00,1234.0,1388.1044
2025-08-14 11:00:00,1364.0,1514.5679
2025-08-14 12:00:00,1316.0,1603.5825
2025-08-14 13:00:00,1498.0,1651.5381
2025-08-14 14:00:00,1530.0,1647.7532
2025-08-14 15:00:00,1696.0,1599.4119
2025-08-14 16:00:00,1873.0,1508.879
2025-08-14 17:00:00,1992.0,1376.7108
2025-08-14 18:00:00,1584.0,1218.9224
2025-08-14 19:00:00,1147.0,1014.8019
2025-08-14 20:00:00,803.0,802.80524
2025-08-14 21:00:00,630.0,627.4413
2025-08-14 22:00:00,424.0,471.53387
2025-08-14 23:00:00,257.0,344.70575
2025-08-15 00:00:00,103.0,303.98138
2025-08-15 01:00:00,65.0,258.96283
2025-08-15 02:00:00,37.0,263.72577
2025-08-15 03:00:00,68.0,309.2458
2025-08-15 04:00:00,114.0,401.60147
2025-08-15 05:00:00,489.0,530.4885
2025-08-15 06:00:00,1041.0,683.57245
2025-08-15 07:00:00,1178.0,919.3784
2025-08-15 08:00:00,928.0,1100.3839
2025-08-15 09:00:00,1120.0,1276.477
2025-08-15 10:00:00,1178.0,1432.0199
2025-08-15 11:00:00,1438.0,1559.2126
2025-08-15 12:00:00,1520.0,1650.7793
2025-08-15 13:00:00,1596.0,1696.8915
2025-08-15 14:00:00,1974.0,1694.6805
2025-08-15 15:00:00,1943.0,1621.8208
2025-08-15 16:00:00,2281.0,1523.1747
2025-08-15 17:00:00,2297.0,1390.6418
2025-08-15 18:00:00,1919.0,1233.5015
2025-08-15 19:00:00,1370.0,1055.0715
2025-08-15 20:00:00,965.0,841.9812
2025-08-15 21:00:00,812.0,668.44
2025-08-15 22:00:00,529.0,513.2619
2025-08-15 23:00:00,403.0,388.25665
2025-08-16 00:00:00,266.0,344.08295
2025-08-16 01:00:00,127.0,300.8872
2025-08-16 02:00:00,88.0,302.0044
2025-08-16 03:00:00,79.0,351.17017
2025-08-16 04:00:00,103.0,443.16122
2025-08-16 05:00:00,189.0,570.59
2025-08-16 06:00:00,498.0,720.81537
2025-08-16 07:00:00,788.0,958.3862
2025-08-16 08:00:00,995.0,1114.0862
2025-08-16 09:00:00,1438.0,1289.0277
2025-08-16 10:00:00,1876.0,1467.593
2025-08-16 11:00:00,2074.0,1596.8805
2025-08-16 12:00:00,2042.0,1653.9087
2025-08-16 13:00:00,2017.0,1724.9622
2025-08-16 14:00:00,1946.0,1722.7512
2025-08-16 15:00:00,1889.0,1676.4066
2025-08-16 16:00:00,1890.0,1589.389
2025-08-16 17:00:00,1870.0,1431.2612
2025-08-16 18:00:00,1519.0,1269.1328
2025-08-16 19:00:00,1261.0,1094.0793
2025-08-16 20:00:00,1008.0,882.4473
2025-08-16 21:00:00,885.0,708.9062
2025-08-16 22:00:00,628.0,555.1862
2025-08-16 23:00:00,459.0,429.4518
2025-08-17 00:00:00,278.0,323.3968
2025-08-17 01:00:00,162.0,282.753
2025-08-17 02:00:00,105.0,285.69305
2025-08-17 03:00:00,78.0,330.84857
2025-08-17 04:00:00,75.0,424.66245
2025-08-17 05:00:00,93.0,550.99756
2025-08-17 06:00:00,217.0,707.6576
2025-08-17 07:00:00,310.0,912.81964
2025-08-17 08:00:00,543.0,1090.9087
2025-08-17 09:00:00,982.0,1289.4111
2025-08-17 10:00:00,1436.0,1444.2825
2025-08-17 11:00:00,1945.0,1571.8572
2025-08-17 12:00:00,2136.0,1659.9315
2025-08-17 13:00:00,2279.0,1700.1703
2025-08-17 14:00:00,2411.0,1700.8584
2025-08-17 15:00:00,2521.0,1651.0012
2025-08-17 16:00:00,2598.0,1560.3728
2025-08-17 17:00:00,2508.0,1427.7041
2025-08-17 18:00:00,2701.0,1268.4546
2025-08-17 19:00:00,2164.0,1071.5704
2025-08-17 20:00:00,1743.0,856.29266
2025-08-17 21:00:00,1084.0,680.5641
2025-08-17 22:00:00,594.0,527.57324
2025-08-17 23:00:00,281.0,402.93256
2025-08-18 00:00:00,114.0,237.30579
2025-08-18 01:00:00,80.0,193.01648
2025-08-18 02:00:00,41.0,195.95648
2025-08-18 03:00:00,56.0,244.39307
2025-08-18 04:00:00,166.0,333.83215
2025-08-18 05:00:00,855.0,460.83847
2025-08-18 06:00:00,2098.0,609.6229
2025-08-18 07:00:00,2413.0,847.5989
2025-08-18 08:00:00,1690.0,1027.1461
2025-08-18 09:00:00,1211.0,1202.8748
2025-08-18 10:00:00,1382.0,1359.511
2025-08-18 11:00:00,1366.0,1488.5266
2025-08-18 12:00:00,1294.0,1578.6348
2025-08-18 13:00:00,1409.0,1626.5701
2025-08-18 14:00:00,1437.0,1622.9009
2025-08-18 15:00:00,1557.0,1574.4641
2025-08-18 16:00:00,1777.0,1483.5669
2025-08-18 17:00:00,1909.0,1353.2214
2025-08-18 18:00:00,1538.0,1193.645
2025-08-18 19:00:00,996.0,993.8066
2025-08-18 20:00:00,742.0,779.31586
2025-08-18 21:00:00,525.0,604.3164
2025-08-18 22:00:00,372.0,450.96106
2025-08-18 23:00:00,160.0,328.1432
2025-08-19 00:00:00,81.0,209.0664
2025-08-19 01:00:00,50.0,165.14154
2025-08-19 02:00:00,37.0,168.08167
2025-08-19 03:00:00,47.0,215.05988
2025-08-19 04:00:00,127.0,305.95715
2025-08-19 05:00:00,783.0,432.29227
2025-08-19 06:00:00,2056.0,586.24133
2025-08-19 07:00:00,2408.0,819.7818
2025-08-19 08:00:00,1613.0,1001.09406
2025-08-19 09:00:00,1120.0,1176.0935
2025-08-19 10:00:00,1158.0,1334.9172
2025-08-19 11:00:00,1187.0,1462.1099
2025-08-19 12:00:00,1218.0,1554.4055
2025-08-19 13:00:00,1317.0,1600.1533
2025-08-19 14:00:00,1358.0,1599.4006
2025-08-19 15:00:00,1611.0,1552.7869
2025-08-19 16:00:00,1837.0,1460.0667
2025-08-19 17:00:00,1956.0,1332.9098
2025-08-19 18:00:00,1624.0,1146.3582
2025-08-19 19:00:00,967.0,932.1967
2025-08-19 20:00:00,699.0,743.05585
2025-08-19 21:00:00,569.0,574.61865
2025-08-19 22:00:00,303.0,423.81525
2025-08-19 23:00:00,159.0,298.81
2025-08-20 00:00:00,74.0,212.66467
2025-08-20 01:00:00,38.0,169.10449
2025-08-20 02:00:00,31.0,172.04456
2025-08-20 03:00:00,45.0,222.30377
2025-08-20 04:00:00,112.0,313.93024
2025-08-20 05:00:00,739.0,408.40945
2025-08-20 06:00:00,1956.0,596.1284
2025-08-20 07:00:00,1976.0,801.3583
2025-08-20 08:00:00,1506.0,979.8118
2025-08-20 09:00:00,1192.0,1088.6832
2025-08-20 10:00:00,1290.0,1305.2499
2025-08-20 11:00:00,1267.0,1428.7969
2025-08-20 12:00:00,1308.0,1513.645
2025-08-20 13:00:00,1554.0,1556.8787
2025-08-20 14:00:00,1485.0,1553.2468
2025-08-20 15:00:00,1641.0,1508.9014
2025-08-20 16:00:00,1703.0,1415.0875
2025-08-20 17:00:00,1920.0,1283.2161
2025-08-20 18:00:00,1481.0,1056.8757
2025-08-20 19:00:00,842.0,886.5452
2025-08-20 20:00:00,534.0,728.863
2025-08-20 21:00:00,448.0,550.09094
2025-08-20 22:00:00,347.0,391.50455
2025-08-20 23:00:00,172.0,260.47144
2025-08-21 00:00:00,94.0,225.62952
2025-08-21 01:00:00,35.0,183.9176
2025-08-21 02:00:00,40.0,187.81567
2025-08-21 03:00:00,47.0,236.98126
2025-08-21 04:00:00,119.0,328.31104
2025-08-21 05:00:00,730.0,454.29858
2025-08-21 06:00:00,1221.0,642.5178
2025-08-21 07:00:00,1377.0,847.97656
2025-08-21 08:00:00,1209.0,1027.2272
2025-08-21 09:00:00,1232.0,1198.9454
2025-08-21 10:00:00,755.0,1296.1257
2025-08-21 11:00:00,452.0,1426.769
2025-08-21 12:00:00,635.0,1513.1891
2025-08-21 13:00:00,1266.0,1552.8073
2025-08-21 14:00:00,1059.0,1538.5913
2025-08-21 15:00:00,1580.0,1483.8127
2025-08-21 16:00:00,997.0,1395.8403
2025-08-21 17:00:00,421.0,1268.0724
2025-08-21 18:00:00,557.0,1110.9802
2025-08-21 19:00:00,825.0,932.79065
2025-08-21 20:00:00,549.0,751.57324
2025-08-21 21:00:00,450.0,585.99304
2025-08-21 22:00:00,320.0,437.5635
2025-08-21 23:00:00,157.0,307.39514
2025-08-22 00:00:00,71.0,291.14996
2025-08-22 01:00:00,57.0,249.04791
2025-08-22 02:00:00,40.0,252.7171
2025-08-22 03:00:00,68.0,302.24744
2025-08-22 04:00:00,126.0,395.33218
2025-08-22 05:00:00,581.0,524.21924
2025-08-22 06:00:00,1418.0,681.24384
2025-08-22 07:00:00,1373.0,887.4996
2025-08-22 08:00:00,871.0,1065.7795
2025-08-22 09:00:00,1153.0,1235.9413
2025-08-22 10:00:00,1262.0,1418.5776
2025-08-22 11:00:00,1319.0,1514.513
2025-08-22 12:00:00,1426.0,1631.2927
2025-08-22 13:00:00,1621.0,1673.7767
2025-08-22 14:00:00,1787.0,1670.6255
2025-08-22 15:00:00,1944.0,1594.3861
2025-08-22 16:00:00,2054.0,1504.2583
2025-08-22 17:00:00,2068.0,1377.8103
2025-08-22 18:00:00,1671.0,1219.8455
2025-08-22 19:00:00,1104.0,1043.6984
2025-08-22 20:00:00,809.0,832.7955
2025-08-22 21:00:00,612.0,662.5354
2025-08-22 22:00:00,528.0,508.4509
2025-08-22 23:00:00,333.0,381.98737
2025-08-23 00:00:00,188.0,318.93237
2025-08-23 01:00:00,109.0,277.55945
2025-08-23 02:00:00,76.0,280.49945
2025-08-23 03:00:00,65.0,328.20697
2025-08-23 04:00:00,85.0,419.8334
2025-08-23 05:00:00,198.0,546.8977
2025-08-23 06:00:00,521.0,701.3703
2025-08-23 07:00:00,920.0,905.4386
2025-08-23 08:00:00,1133.0,1084.199
2025-08-23 09:00:00,1389.0,1257.8356
2025-08-23 10:00:00,1427.0,1413.0135
2025-08-23 11:00:00,1615.0,1538.3834
2025-08-23 12:00:00,1734.0,1625.7286
2025-08-23 13:00:00,1858.0,1666.3898
2025-08-23 14:00:00,1922.0,1690.043
2025-08-23 15:00:00,1912.0,1616.1473
2025-08-23 16:00:00,1967.0,1523.5427
2025-08-23 17:00:00,1960.0,1394.1174
2025-08-23 18:00:00,1490.0,1232.5042
2025-08-23 19:00:00,1104.0,1061.2728
2025-08-23 20:00:00,828.0,850.7345
2025-08-23 21:00:00,782.0,679.0162
2025-08-23 22:00:00,568.0,525.66077
2025-08-23 23:00:00,410.0,402.84293
2025-08-24 00:00:00,251.0,301.16943
2025-08-24 01:00:00,169.0,255.42175
2025-08-24 02:00:00,125.0,257.63263
2025-08-24 03:00:00,79.0,305.3401
2025-08-24 04:00:00,78.0,394.77917
2025-08-24 05:00:00,102.0,520.38513
2025-08-24 06:00:00,189.0,668.1338
2025-08-24 07:00:00,322.0,905.994
2025-08-24 08:00:00,655.0,1087.7288
2025-08-24 09:00:00,1001.0,1261.2698
2025-08-24 10:00:00,1292.0,1417.9061
2025-08-24 11:00:00,1705.0,1545.4634
2025-08-24 12:00:00,1842.0,1635.9943
2025-08-24 13:00:00,2045.0,1684.4703
2025-08-24 14:00:00,2202.0,1679.5137
2025-08-24 15:00:00,2480.0,1601.3358
2025-08-24 16:00:00,2472.0,1535.6687
2025-08-24 17:00:00,2685.0,1406.7239
2025-08-24 18:00:00,2583.0,1247.4946
2025-08-24 19:00:00,2427.0,1044.2391
2025-08-24 20:00:00,1923.0,831.8779
2025-08-24 21:00:00,1048.0,659.0659
2025-08-24 22:00:00,523.0,504.98132
2025-08-24 23:00:00,186.0,383.2572
2025-08-25 00:00:00,102.0,265.56622
2025-08-25 01:00:00,53.0,218.36035
2025-08-25 02:00:00,43.0,220.93579
2025-08-25 03:00:00,53.0,269.73688
2025-08-25 04:00:00,144.0,362.82166
2025-08-25 05:00:00,839.0,490.25046
2025-08-25 06:00:00,2156.0,641.10944
2025-08-25 07:00:00,2372.0,877.31757
2025-08-25 08:00:00,1614.0,1057.9585
2025-08-25 09:00:00,1240.0,1233.6871
2025-08-25 10:00:00,1164.0,1391.4171
2025-08-25 11:00:00,1202.0,1520.0681
2025-08-25 12:00:00,1210.0,1609.0826
2025-08-25 13:00:00,1394.0,1655.1951
2025-08-25 14:00:00,1428.0,1654.4425
2025-08-25 15:00:00,1475.0,1606.0056
2025-08-25 16:00:00,1774.0,1513.2855
2025-08-25 17:00:00,1968.0,1383.3047
2025-08-25 18:00:00,1584.0,1198.903
2025-08-25 19:00:00,947.0,1023.94775
2025-08-25 20:00:00,736.0,809.3991
2025-08-25 21:00:00,548.0,635.4934
2025-08-25 22:00:00,357.0,482.13803
2025-08-25 23:00:00,168.0,356.7682
2025-08-26 00:00:00,68.0,238.79218
2025-08-26 01:00:00,51.0,194.86731
2025-08-26 02:00:00,31.0,198.172
2025-08-26 03:00:00,56.0,247.70221
2025-08-26 04:00:00,134.0,337.14124
2025-08-26 05:00:00,784.0,464.57004
2025-08-26 06:00:00,2042.0,615.54193
2025-08-26 07:00:00,2365.0,856.3765
2025-08-26 08:00:00,1662.0,1037.3821
2025-08-26 09:00:00,1236.0,1213.4752
2025-08-26 10:00:00,1172.0,1370.8407
2025-08-26 11:00:00,1194.0,1499.4917
2025-08-26 12:00:00,1129.0,1589.2354
2025-08-26 13:00:00,1399.0,1634.2539
2025-08-26 14:00:00,1397.0,1632.7722
2025-08-26 15:00:00,1681.0,1583.971
2025-08-26 16:00:00,1724.0,1490.9441
2025-08-26 17:00:00,2115.0,1338.1719
2025-08-26 18:00:00,1584.0,1181.188
2025-08-26 19:00:00,998.0,1000.4547
2025-08-26 20:00:00,738.0,787.729
2025-08-26 21:00:00,535.0,622.2083
2025-08-26 22:00:00,355.0,467.39465
2025-08-26 23:00:00,187.0,307.77808
2025-08-27 00:00:00,64.0,216.7395
2025-08-27 01:00:00,44.0,173.04376
2025-08-27 02:00:00,38.0,208.70447
2025-08-27 03:00:00,44.0,258.23456
2025-08-27 04:00:00,127.0,319.46344
2025-08-27 05:00:00,753.0,478.01895
2025-08-27 06:00:00,1739.0,634.3521
2025-08-27 07:00:00,1593.0,866.3736
2025-08-27 08:00:00,1441.0,1049.6447
2025-08-27 09:00:00,1132.0,1198.32
2025-08-27 10:00:00,1227.0,1378.4015
2025-08-27 11:00:00,1255.0,1500.9098
2025-08-27 12:00:00,1407.0,1594.2817
2025-08-27 13:00:00,1540.0,1613.2252
2025-08-27 14:00:00,1538.0,1610.7681
2025-08-27 15:00:00,1685.0,1553.1494
2025-08-27 16:00:00,1685.0,1404.0676
2025-08-27 17:00:00,1940.0,1318.0907
2025-08-27 18:00:00,358.0,1165.3557
2025-08-27 19:00:00,658.0,990.2067
2025-08-27 20:00:00,603.0,780.03296
2025-08-27 21:00:00,492.0,609.77295
2025-08-27 22:00:00,319.0,456.41748
2025-08-27 23:00:00,199.0,330.6831
2025-08-28 00:00:00,80.0,273.62018
2025-08-28 01:00:00,48.0,235.52838
2025-08-28 02:00:00,40.0,239.92676
2025-08-28 03:00:00,46.0,288.7279
2025-08-28 04:00:00,130.0,380.71896
2025-08-28 05:00:00,718.0,509.97055
2025-08-28 06:00:00,1926.0,638.88654
2025-08-28 07:00:00,2150.0,817.2455
2025-08-28 08:00:00,1416.0,987.8059
2025-08-28 09:00:00,835.0,1152.835
2025-08-28 10:00:00,1001.0,1304.5962
2025-08-28 11:00:00,1314.0,1424.2856
2025-08-28 12:00:00,1133.0,1573.2307
2025-08-28 13:00:00,1065.0,1615.7653
2025-08-28 14:00:00,1428.0,1612.4607
2025-08-28 15:00:00,1096.0,1563.5916
2025-08-28 16:00:00,863.0,1472.0328
2025-08-28 17:00:00,996.0,1343.5103
2025-08-28 18:00:00,754.0,1186.8505
2025-08-28 19:00:00,799.0,1010.12756
2025-08-28 20:00:00,537.0,798.86005
2025-08-28 21:00:00,393.0,628.2355
2025-08-28 22:00:00,338.0,477.06747
2025-08-28 23:00:00,177.0,329.69348
2025-08-29 00:00:00,126.0,309.15375
2025-08-29 01:00:00,64.0,235.28418
2025-08-29 02:00:00,46.0,234.20569
2025-08-29 03:00:00,49.0,312.4464
2025-08-29 04:00:00,110.0,402.31787
2025-08-29 05:00:00,524.0,528.65295
2025-08-29 06:00:00,1602.0,683.0071
2025-08-29 07:00:00,898.0,916.4492
2025-08-29 08:00:00,1151.0,1098.0305
2025-08-29 09:00:00,1134.0,1273.4928
2025-08-29 10:00:00,1188.0,1432.0879
2025-08-29 11:00:00,1321.0,1555.7681
2025-08-29 12:00:00,1344.0,1641.8259
2025-08-29 13:00:00,1469.0,1686.8069
2025-08-29 14:00:00,1510.0,1686.8613
2025-08-29 15:00:00,1633.0,1610.4136
2025-08-29 16:00:00,1733.0,1451.9298
2025-08-29 17:00:00,1721.0,1318.1252
2025-08-29 18:00:00,1379.0,1157.6333
2025-08-29 19:00:00,562.0,1048.4288
2025-08-29 20:00:00,312.0,838.68744
2025-08-29 21:00:00,383.0,665.87537
2025-08-29 22:00:00,164.0,513.9783
2025-08-29 23:00:00,59.0,390.06674
2025-08-30 00:00:00,198.0,313.26172
2025-08-30 01:00:00,124.0,271.5243
2025-08-30 02:00:00,93.0,275.9226
2025-08-30 03:00:00,114.0,323.63007
2025-08-30 04:00:00,121.0,415.98566
2025-08-30 05:00:00,246.0,544.14355
2025-08-30 06:00:00,438.0,700.80365
2025-08-30 07:00:00,231.0,905.6011
2025-08-30 08:00:00,790.0,1086.2219
2025-08-30 09:00:00,1035.0,1257.9402
2025-08-30 10:00:00,1359.0,1410.6993
2025-08-30 11:00:00,1345.0,1534.8221
2025-08-30 12:00:00,1500.0,1622.9138
2025-08-30 13:00:00,1501.0,1669.1448
2025-08-30 14:00:00,1497.0,1667.7786
2025-08-30 15:00:00,1459.0,1613.946
2025-08-30 16:00:00,1445.0,1550.0469
2025-08-30 17:00:00,1338.0,1389.6333
2025-08-30 18:00:00,1425.0,1234.2407
2025-08-30 19:00:00,1103.0,1060.3416
2025-08-30 20:00:00,894.0,849.4387
2025-08-30 21:00:00,733.0,674.0747
2025-08-30 22:00:00,638.0,518.8965
2025-08-30 23:00:00,451.0,397.90146
2025-08-31 00:00:00,335.0,294.77765
2025-08-31 01:00:00,244.0,249.02997
2025-08-31 02:00:00,208.0,248.6889
2025-08-31 03:00:00,172.0,298.9483
2025-08-31 04:00:00,125.0,390.21027
2025-08-31 05:00:00,172.0,518.36816
2025-08-31 06:00:00,227.0,668.42004
2025-08-31 07:00:00,366.0,907.9873
2025-08-31 08:00:00,585.0,1087.8992
2025-08-31 09:00:00,843.0,1264.7214
2025-08-31 10:00:00,1236.0,1423.1805
2025-08-31 11:00:00,1347.0,1550.8535
2025-08-31 12:00:00,1643.0,1639.388
2025-08-31 13:00:00,1852.0,1683.6775
2025-08-31 14:00:00,2095.0,1682.5602
2025-08-31 15:00:00,2388.0,1635.2173
2025-08-31 16:00:00,2499.0,1542.8616
2025-08-31 17:00:00,2466.0,1412.8807
2025-08-31 18:00:00,2453.0,1225.9443
2025-08-31 19:00:00,2696.0,1049.5135
2025-08-31 20:00:00,2556.0,838.6106
2025-08-31 21:00:00,1830.0,665.7986
2025-08-31 22:00:00,1150.0,510.25577
2025-08-31 23:00:00,459.0,387.8025
2025-09-01 00:00:00,202.0,273.7622
2025-09-01 01:00:00,100.0,234.57684
2025-09-01 02:00:00,60.0,240.43335
2025-09-01 03:00:00,83.0,288.86993
2025-09-01 04:00:00,182.0,379.4027
2025-09-01 05:00:00,844.0,507.56064
2025-09-01 06:00:00,2168.0,665.67883
2025-09-01 07:00:00,2542.0,871.3588
2025-09-01 08:00:00,2015.0,1047.8362
2025-09-01 09:00:00,1869.0,1214.8151
2025-09-01 10:00:00,1909.0,1368.5349
2025-09-01 11:00:00,1826.0,1491.541
2025-09-01 12:00:00,1482.0,1607.5537
2025-09-01 13:00:00,1354.0,1629.1853
2025-09-01 14:00:00,1340.0,1623.5397
2025-09-01 15:00:00,1383.0,1572.551
2025-09-01 16:00:00,1351.0,1478.3726
2025-09-01 17:00:00,1660.0,1350.2146
2025-09-01 18:00:00,1298.0,1193.5547
2025-09-01 19:00:00,852.0,982.72516
2025-09-01 20:00:00,588.0,765.32336
2025-09-01 21:00:00,370.0,625.0963
2025-09-01 22:00:00,261.0,474.29297
2025-09-01 23:00:00,114.0,350.01685
2025-09-02 00:00:00,61.0,231.68451
2025-09-02 01:00:00,35.0,186.30139
2025-09-02 02:00:00,45.0,192.15808
2025-09-02 03:00:00,45.0,242.05273
2025-09-02 04:00:00,108.0,334.773
2025-09-02 05:00:00,757.0,464.38916
2025-09-02 06:00:00,2054.0,621.0492
2025-09-02 07:00:00,2362.0,829.12775
2025-09-02 08:00:00,1574.0,1008.3105
2025-09-02 09:00:00,1111.0,1181.487
2025-09-02 10:00:00,1081.0,1333.7485
2025-09-02 11:00:00,1030.0,1455.4727
2025-09-02 12:00:00,1044.0,1476.4685
2025-09-02 13:00:00,1124.0,1584.4019
2025-09-02 14:00:00,1265.0,1585.1075
2025-09-02 15:00:00,1258.0,1537.7646
2025-09-02 16:00:00,1391.0,1445.7736
2025-09-02 17:00:00,1553.0,1315.0637
2025-09-02 18:00:00,1366.0,1153.6644
2025-09-02 19:00:00,885.0,976.21234
2025-09-02 20:00:00,638.0,764.9449
2025-09-02 21:00:00,434.0,592.86194
2025-09-02 22:00:00,277.0,437.68375
2025-09-02 23:00:00,138.0,314.50134
2025-09-03 00:00:00,75.0,231.28827
2025-09-03 01:00:00,39.0,189.91547
2025-09-03 02:00:00,52.0,193.94916
2025-09-03 03:00:00,51.0,241.29199
2025-09-03 04:00:00,123.0,332.1894
2025-09-03 05:00:00,753.0,460.34726
2025-09-03 06:00:00,2017.0,617.1028
2025-09-03 07:00:00,2298.0,824.6028
2025-09-03 08:00:00,1562.0,1009.41016
2025-09-03 09:00:00,1151.0,1180.7814
2025-09-03 10:00:00,1095.0,1339.1276
2025-09-03 11:00:00,1092.0,1465.6489
2025-09-03 12:00:00,1213.0,1549.172
2025-09-03 13:00:00,1365.0,1618.365
2025-09-03 14:00:00,1369.0,1617.6123
2025-09-03 15:00:00,1466.0,1570.2694
2025-09-03 16:00:00,1676.0,1477.9138
2025-09-03 17:00:00,1854.0,1349.7761
2025-09-03 18:00:00,1449.0,1165.1052
2025-09-03 19:00:00,925.0,989.3052
2025-09-03 20:00:00,598.0,774.0274
2025-09-03 21:00:00,474.0,602.3091
2025-09-03 22:00:00,300.0,446.76633
2025-09-03 23:00:00,171.0,327.22955
2025-09-04 00:00:00,75.0,270.17523
2025-09-04 01:00:00,47.0,228.80243
2025-09-04 02:00:00,40.0,237.57562
2025-09-04 03:00:00,53.0,286.0121
2025-09-04 04:00:00,142.0,377.63858
2025-09-04 05:00:00,710.0,503.97363
2025-09-04 06:00:00,1974.0,658.0991
2025-09-04 07:00:00,2354.0,861.76245
2025-09-04 08:00:00,1556.0,1070.4926
2025-09-04 09:00:00,1177.0,1246.4324
2025-09-04 10:00:00,1085.0,1378.5095
2025-09-04 11:00:00,1160.0,1502.9794
2025-09-04 12:00:00,1146.0,1589.1758
2025-09-04 13:00:00,1339.0,1567.3374
2025-09-04 14:00:00,1305.0,1560.3191
2025-09-04 15:00:00,1447.0,1570.0752
2025-09-04 16:00:00,1611.0,1477.1611
2025-09-04 17:00:00,1753.0,1300.2026
2025-09-04 18:00:00,1096.0,1128.3499
2025-09-04 19:00:00,627.0,958.01105
2025-09-04 20:00:00,514.0,776.0391
2025-09-04 21:00:00,348.0,600.2344
2025-09-04 22:00:00,316.0,473.62256
2025-09-04 23:00:00,183.0,348.98187
2025-09-05 00:00:00,81.0,301.99084
2025-09-05 01:00:00,49.0,260.98254
2025-09-05 02:00:00,56.0,234.91547
2025-09-05 03:00:00,51.0,284.08118
2025-09-05 04:00:00,132.0,379.47195
2025-09-05 05:00:00,680.0,518.3631
2025-09-05 06:00:00,1687.0,677.0324
2025-09-05 07:00:00,1948.0,836.8499
2025-09-05 08:00:00,820.0,1025.4856
2025-09-05 09:00:00,692.0,1187.5981
2025-09-05 10:00:00,969.0,1337.1212
2025-09-05 11:00:00,822.0,1462.376
2025-09-05 12:00:00,763.0,1599.5474
2025-09-05 13:00:00,1216.0,1580.2203
2025-09-05 14:00:00,1719.0,1669.071
2025-09-05 15:00:00,1742.0,1620.5564
2025-09-05 16:00:00,1893.0,1528.5652
2025-09-05 17:00:00,1922.0,1374.1235
2025-09-05 18:00:00,1535.0,1216.2368
2025-09-05 19:00:00,1069.0,1037.7692
2025-09-05 20:00:00,692.0,827.59534
2025-09-05 21:00:00,574.0,654.41876
2025-09-05 22:00:00,427.0,500.69882
2025-09-05 23:00:00,289.0,377.1518
2025-09-06 00:00:00,172.0,299.6266
2025-09-06 01:00:00,98.0,255.70172
2025-09-06 02:00:00,73.0,258.64178
2025-09-06 03:00:00,68.0,306.7138
2025-09-06 04:00:00,83.0,397.9757
2025-09-06 05:00:00,187.0,525.0399
2025-09-06 06:00:00,460.0,674.53613
2025-09-06 07:00:00,790.0,913.5653
2025-09-06 08:00:00,1130.0,1094.2063
2025-09-06 09:00:00,1214.0,1269.5703
2025-09-06 10:00:00,1356.0,1426.9358
2025-09-06 11:00:00,1474.0,1553.7639
2025-09-06 12:00:00,1613.0,1644.966
2025-09-06 13:00:00,1686.0,1691.4429
2025-09-06 14:00:00,1751.0,1690.6902
2025-09-06 15:00:00,1844.0,1643.3473
2025-09-06 16:00:00,1999.0,1550.9916
2025-09-06 17:00:00,2074.0,1423.8925
2025-09-06 18:00:00,1659.0,1232.752
2025-09-06 19:00:00,1285.0,1057.6436
2025-09-06 20:00:00,1125.0,847.83435
2025-09-06 21:00:00,844.0,676.4806
2025-09-06 22:00:00,573.0,517.6566
2025-09-06 23:00:00,334.0,392.6514
2025-09-07 00:00:00,238.0,289.90125
2025-09-07 01:00:00,153.0,246.34094
2025-09-07 02:00:00,99.0,249.64557
2025-09-07 03:00:00,65.0,298.44672
2025-09-07 04:00:00,83.0,389.70868
2025-09-07 05:00:00,86.0,516.4083
2025-09-07 06:00:00,249.0,673.22174
2025-09-07 07:00:00,273.0,905.6831
2025-09-07 08:00:00,598.0,1085.9393
2025-09-07 09:00:00,953.0,1259.845
2025-09-07 10:00:00,1175.0,1416.4812
2025-09-07 11:00:00,1600.0,1543.674
2025-09-07 12:00:00,1698.0,1634.147
2025-09-07 13:00:00,1999.0,1680.8351
2025-09-07 14:00:00,2239.0,1679.1421
2025-09-07 15:00:00,2530.0,1632.1636
2025-09-07 16:00:00,2535.0,1542.7245
2025-09-07 17:00:00,2553.0,1413.8374
2025-09-07 18:00:00,2565.0,1230.6653
2025-09-07 19:00:00,2285.0,1050.8347
2025-09-07 20:00:00,2004.0,835.9216
2025-09-07 21:00:00,1470.0,662.745
2025-09-07 22:00:00,720.0,508.2959
2025-09-07 23:00:00,351.0,384.38434
2025-09-08 00:00:00,174.0,265.25244
2025-09-08 01:00:00,82.0,222.42139
2025-09-08 02:00:00,46.0,226.81964
2025-09-08 03:00:00,61.0,275.25623
2025-09-08 04:00:00,165.0,367.2473
2025-09-08 05:00:00,844.0,496.13434
2025-09-08 06:00:00,2168.0,655.0773
2025-09-08 07:00:00,2472.0,861.0813
2025-09-08 08:00:00,1549.0,1043.3165
2025-09-08 09:00:00,1135.0,1216.3976
2025-09-08 10:00:00,1153.0,1373.1497
2025-09-08 11:00:00,1123.0,1501.0715
2025-09-08 12:00:00,1220.0,1590.086
2025-09-08 13:00:00,1265.0,1633.282
2025-09-08 14:00:00,1245.0,1628.8835
2025-09-08 15:00:00,1295.0,1579.3531
2025-09-08 16:00:00,1526.0,1485.1747
2025-09-08 17:00:00,1723.0,1355.1938
2025-09-08 18:00:00,1364.0,1196.3467
2025-09-08 19:00:00,821.0,1021.8111
2025-09-08 20:00:00,562.0,808.72076
2025-09-08 21:00:00,366.0,637.73157
2025-09-08 22:00:00,180.0,484.37625
2025-09-08 23:00:00,154.0,360.82922
2025-09-09 00:00:00,85.0,242.87091
2025-09-09 01:00:00,38.0,201.13336
2025-09-09 02:00:00,39.0,204.07355
2025-09-09 03:00:00,48.0,252.87457
2025-09-09 04:00:00,137.0,346.3239
2025-09-09 05:00:00,766.0,449.15408
2025-09-09 06:00:00,2019.0,597.42065
2025-09-09 07:00:00,1505.0,768.6497
2025-09-09 08:00:00,737.0,1010.7472
2025-09-09 09:00:00,720.0,1182.4655
2025-09-09 10:00:00,798.0,1335.8207
2025-09-09 11:00:00,683.0,1461.1906
2025-09-09 12:00:00,1092.0,1546.9038
2025-09-09 13:00:00,1254.0,1589.3704
2025-09-09 14:00:00,1219.0,1584.1447
2025-09-09 15:00:00,1371.0,1534.5564
2025-09-09 16:00:00,1457.0,1440.9915
2025-09-09 17:00:00,1673.0,1315.6775
2025-09-09 18:00:00,1292.0,1155.9275
2025-09-09 19:00:00,763.0,979.7428
2025-09-09 20:00:00,509.0,768.4753
2025-09-09 21:00:00,392.0,597.1215
2025-09-09 22:00:00,301.0,445.95355
2025-09-09 23:00:00,229.0,321.31287
2025-09-10 00:00:00,107.0,234.46362
2025-09-10 01:00:00,53.0,192.72626
2025-09-10 02:00:00,47.0,197.48907
2025-09-10 03:00:00,56.0,247.74847
2025-09-10 04:00:00,148.0,312.86023
2025-09-10 05:00:00,750.0,441.97623
2025-09-10 06:00:00,1962.0,592.6338
2025-09-10 07:00:00,2288.0,827.1675
2025-09-10 08:00:00,1583.0,1005.98566
2025-09-10 09:00:00,1025.0,1176.6102
2025-09-10 10:00:00,596.0,1329.9655
2025-09-10 11:00:00,1085.0,1455.6998
2025-09-10 12:00:00,1142.0,1542.1798
2025-09-10 13:00:00,1244.0,1584.415
2025-09-10 14:00:00,1096.0,1585.0078
2025-09-10 15:00:00,1203.0,1532.9429
2025-09-10 16:00:00,1405.0,1467.218
2025-09-10 17:00:00,1667.0,1340.1365
2025-09-10 18:00:00,1327.0,1153.5444
2025-09-10 19:00:00,836.0,979.3561
2025-09-10 20:00:00,486.0,765.53656
2025-09-10 21:00:00,400.0,591.9954
2025-09-10 22:00:00,318.0,439.0046
2025-09-10 23:00:00,160.0,289.78235
2025-09-11 00:00:00,70.0,195.06152
2025-09-11 01:00:00,57.0,152.95953
2025-09-11 02:00:00,44.0,159.47748
2025-09-11 03:00:00,62.0,179.27142
2025-09-11 04:00:00,141.0,272.35602
2025-09-11 05:00:00,734.0,400.2172
2025-09-11 06:00:00,1898.0,586.4978
2025-09-11 07:00:00,992.0,793.5781
2025-09-11 08:00:00,1210.0,974.60394
2025-09-11 09:00:00,1067.0,1148.5096
2025-09-11 10:00:00,1109.0,1300.7711
2025-09-11 11:00:00,1099.0,1450.9663
2025-09-11 12:00:00,1111.0,1540.6348
2025-09-11 13:00:00,1293.0,1556.2594
2025-09-11 14:00:00,1252.0,1551.7656
2025-09-11 15:00:00,1320.0,1500.0479
2025-09-11 16:00:00,1747.0,1406.9631
2025-09-11 17:00:00,1722.0,1278.0181
2025-09-11 18:00:00,1389.0,1118.4417
2025-09-11 19:00:00,755.0,941.41205
2025-09-11 20:00:00,525.0,733.7903
2025-09-11 21:00:00,450.0,562.4364
2025-09-11 22:00:00,316.0,408.35202
2025-09-11 23:00:00,161.0,279.70105
2025-09-12 00:00:00,103.0,296.43604
2025-09-12 01:00:00,50.0,251.05286
2025-09-12 02:00:00,46.0,259.82605
2025-09-12 03:00:00,65.0,310.45007
2025-09-12 04:00:00,148.0,400.915
2025-09-12 05:00:00,618.0,531.69275
2025-09-12 06:00:00,1824.0,689.4464
2025-09-12 07:00:00,1905.0,829.46387
2025-09-12 08:00:00,1298.0,1005.8657
2025-09-12 09:00:00,959.0,1240.041
2025-09-12 10:00:00,1102.0,1395.219
2025-09-12 11:00:00,1069.0,1518.0369
2025-09-12 12:00:00,1045.0,1604.3635
2025-09-12 13:00:00,1548.0,1648.5778
2025-09-12 14:00:00,1235.0,1646.578
2025-09-12 15:00:00,1649.0,1595.2249
2025-09-12 16:00:00,1861.0,1502.8693
2025-09-12 17:00:00,1826.0,1373.253
2025-09-12 18:00:00,1514.0,1215.1349
2025-09-12 19:00:00,1027.0,1041.3285
2025-09-12 20:00:00,699.0,828.9673
2025-09-12 21:00:00,526.0,657.24896
2025-09-12 22:00:00,395.0,503.1645
2025-09-12 23:00:00,284.0,377.79468
2025-09-13 00:00:00,160.0,389.12753
2025-09-13 01:00:00,98.0,347.39008
2025-09-13 02:00:00,71.0,352.88208
2025-09-13 03:00:00,76.0,402.77698
2025-09-13 04:00:00,75.0,495.4972
2025-09-13 05:00:00,190.0,623.6551
2025-09-13 06:00:00,467.0,778.4923
2025-09-13 07:00:00,743.0,1009.38245
2025-09-13 08:00:00,1026.0,1185.7413
2025-09-13 09:00:00,1214.0,1359.8004
2025-09-13 10:00:00,1412.0,1516.8013
2025-09-13 11:00:00,1543.0,1645.1282
2025-09-13 12:00:00,1593.0,1732.3374
2025-09-13 13:00:00,1588.0,1781.6758
2025-09-13 14:00:00,1600.0,1754.2169
2025-09-13 15:00:00,1834.0,1703.593
2025-09-13 16:00:00,1879.0,1609.7789
2025-09-13 17:00:00,1786.0,1477.8972
2025-09-13 18:00:00,1425.0,1319.8572
2025-09-13 19:00:00,929.0,1146.0508
2025-09-13 20:00:00,750.0,932.5959
2025-09-13 21:00:00,573.0,759.7839
2025-09-13 22:00:00,494.0,606.06396
2025-09-13 23:00:00,400.0,483.24606
2025-09-14 00:00:00,261.0,348.67548
2025-09-14 01:00:00,139.0,307.46362
2025-09-14 02:00:00,78.0,322.5019
2025-09-14 03:00:00,70.0,365.86865
2025-09-14 04:00:00,61.0,456.12173
2025-09-14 05:00:00,81.0,581.041
2025-09-14 06:00:00,163.0,765.13135
2025-09-14 07:00:00,273.0,972.2494
2025-09-14 08:00:00,482.0,1154.502
2025-09-14 09:00:00,522.0,1328.6392
2025-09-14 10:00:00,985.0,1479.4973
2025-09-14 11:00:00,1494.0,1633.6277
2025-09-14 12:00:00,1720.0,1719.6477
2025-09-14 13:00:00,1777.0,1764.9933
2025-09-14 14:00:00,1949.0,1761.2661
2025-09-14 15:00:00,2150.0,1690.2695
2025-09-14 16:00:00,2322.0,1592.3269
2025-09-14 17:00:00,2286.0,1465.8613
2025-09-14 18:00:00,2050.0,1306.1316
2025-09-14 19:00:00,1572.0,1133.419
2025-09-14 20:00:00,1340.0,922.8806
2025-09-14 21:00:00,823.0,750.7977
2025-09-14 22:00:00,393.0,598.17145
2025-09-14 23:00:00,194.0,474.62442
2025-09-15 00:00:00,98.0,271.02936
2025-09-15 01:00:00,60.0,227.10461
2025-09-15 02:00:00,53.0,228.5863
2025-09-15 03:00:00,61.0,277.38745
2025-09-15 04:00:00,160.0,369.01392
2025-09-15 05:00:00,871.0,497.5364
2025-09-15 06:00:00,2130.0,649.7986
2025-09-15 07:00:00,2355.0,883.5098
2025-09-15 08:00:00,1554.0,1064.88
2025-09-15 09:00:00,1162.0,1240.6084
2025-09-15 10:00:00,1018.0,1403.4425
2025-09-15 11:00:00,1096.0,1530.9998
2025-09-15 12:00:00,1151.0,1624.065
2025-09-15 13:00:00,1252.0,1668.6614
2025-09-15 14:00:00,1251.0,1664.2803
2025-09-15 15:00:00,1411.0,1616.211
2025-09-15 16:00:00,1756.0,1524.3936
2025-09-15 17:00:00,2034.0,1386.6383
2025-09-15 18:00:00,1511.0,1199.667
2025-09-15 19:00:00,956.0,1027.5201
2025-09-15 20:00:00,695.0,777.40216
2025-09-15 21:00:00,494.0,606.7351
2025-09-15 22:00:00,287.0,482.86176
2025-09-15 23:00:00,156.0,328.6458
2025-09-16 00:00:00,75.0,207.68805
2025-09-16 01:00:00,43.0,195.2544
2025-09-16 02:00:00,38.0,197.4654
2025-09-16 03:00:00,63.0,247.72467
2025-09-16 04:00:00,144.0,338.98663
2025-09-16 05:00:00,780.0,467.1446
2025-09-16 06:00:00,1739.0,622.3463
2025-09-16 07:00:00,1360.0,827.1438
2025-09-16 08:00:00,1450.0,1005.2328
2025-09-16 09:00:00,1068.0,1176.5865
2025-09-16 10:00:00,1036.0,1329.9418
2025-09-16 11:00:00,1081.0,1455.8295
2025-09-16 12:00:00,1090.0,1542.9634
2025-09-16 13:00:00,1284.0,1586.3298
2025-09-16 14:00:00,1243.0,1586.6536
2025-09-16 15:00:00,1317.0,1537.2389
2025-09-16 16:00:00,1474.0,1441.6022
2025-09-16 17:00:00,1573.0,1310.1631
2025-09-16 18:00:00,1267.0,1151.3159
2025-09-16 19:00:00,722.0,976.0512
2025-09-16 20:00:00,495.0,765.87744
2025-09-16 21:00:00,379.0,594.88824
2025-09-16 22:00:00,280.0,439.71002
2025-09-16 23:00:00,212.0,316.5276
2025-09-17 00:00:00,66.0,229.32422
2025-09-17 01:00:00,55.0,186.12848
2025-09-17 02:00:00,40.0,189.06854
2025-09-17 03:00:00,49.0,238.96338
2025-09-17 04:00:00,147.0,330.22528
2025-09-17 05:00:00,797.0,458.38318
2025-09-17 06:00:00,2003.0,615.0432
2025-09-17 07:00:00,2324.0,819.2244
2025-09-17 08:00:00,1562.0,1023.1748
2025-09-17 09:00:00,1091.0,1197.0804
2025-09-17 10:00:00,972.0,1326.8573
2025-09-17 11:00:00,1046.0,1455.2795
2025-09-17 12:00:00,1141.0,1564.0908
2025-09-17 13:00:00,1271.0,1612.489
2025-09-17 14:00:00,1179.0,1584.5094
2025-09-17 15:00:00,1349.0,1534.9211
2025-09-17 16:00:00,1496.0,1466.471
2025-09-17 17:00:00,1701.0,1334.9364
2025-09-17 18:00:00,1380.0,1151.6687
2025-09-17 19:00:00,817.0,978.956
2025-09-17 20:00:00,540.0,766.59485
2025-09-17 21:00:00,416.0,593.78284
2025-09-17 22:00:00,287.0,438.23996
2025-09-17 23:00:00,142.0,313.96387
2025-09-18 00:00:00,76.0,256.9297
2025-09-18 01:00:00,43.0,214.82782
2025-09-18 02:00:00,65.0,218.13245
2025-09-18 03:00:00,58.0,266.93347
2025-09-18 04:00:00,140.0,357.8308
2025-09-18 05:00:00,726.0,488.5407
2025-09-18 06:00:00,2041.0,639.5935
2025-09-18 07:00:00,2415.0,875.9724
2025-09-18 08:00:00,1578.0,1056.978
2025-09-18 09:00:00,1168.0,1232.7065
2025-09-18 10:00:00,1176.0,1390.072
2025-09-18 11:00:00,1182.0,1517.2646
2025-09-18 12:00:00,1087.0,1608.4666
2025-09-18 13:00:00,1274.0,1653.4855
2025-09-18 14:00:00,1401.0,1652.7327
2025-09-18 15:00:00,1508.0,1604.6606
2025-09-18 16:00:00,1792.0,1513.034
2025-09-18 17:00:00,1980.0,1379.0054
2025-09-18 18:00:00,1568.0,1194.5862
2025-09-18 19:00:00,936.0,1013.4884
2025-09-18 20:00:00,646.0,802.58545
2025-09-18 21:00:00,478.0,629.4089
2025-09-18 22:00:00,365.0,473.5015
2025-09-18 23:00:00,170.0,348.86078
2025-09-19 00:00:00,76.0,300.79657
2025-09-19 01:00:00,46.0,257.60083
2025-09-19 02:00:00,41.0,259.08264
2025-09-19 03:00:00,67.0,308.6129
2025-09-19 04:00:00,122.0,400.2394
2025-09-19 05:00:00,688.0,528.7619
2025-09-19 06:00:00,1843.0,679.29675
2025-09-19 07:00:00,2057.0,916.1936
2025-09-19 08:00:00,1396.0,1096.8346
2025-09-19 09:00:00,1114.0,1272.1985
2025-09-19 10:00:00,1040.0,1429.1995
2025-09-19 11:00:00,1176.0,1559.3087
2025-09-19 12:00:00,1347.0,1650.5107
2025-09-19 13:00:00,1074.0,1696.2585
2025-09-19 14:00:00,1526.0,1695.5059
2025-09-19 15:00:00,1808.0,1646.7046
2025-09-19 16:00:00,1982.0,1556.1719
2025-09-19 17:00:00,2096.0,1422.93
2025-09-19 18:00:00,1772.0,1237.3593
2025-09-19 19:00:00,1280.0,1056.9906
2025-09-19 20:00:00,834.0,843.53577
2025-09-19 21:00:00,621.0,672.182
2025-09-19 22:00:00,449.0,516.6392
2025-09-19 23:00:00,268.0,392.3631
2025-09-20 00:00:00,147.0,254.76453
2025-09-20 01:00:00,92.0,212.29791
2025-09-20 02:00:00,65.0,216.33173
2025-09-20 03:00:00,61.0,265.86194
2025-09-20 04:00:00,82.0,356.75928
2025-09-20 05:00:00,221.0,480.54245
2025-09-20 06:00:00,538.0,632.01764
2025-09-20 07:00:00,802.0,870.16156
2025-09-20 08:00:00,1136.0,1051.8962
2025-09-20 09:00:00,1372.0,1228.354
2025-09-20 10:00:00,1508.0,1385.3547
2025-09-20 11:00:00,1534.0,1511.8184
2025-09-20 12:00:00,1608.0,1604.4788
2025-09-20 13:00:00,1741.0,1652.0493
2025-09-20 14:00:00,1857.0,1653.4839
2025-09-20 15:00:00,1951.0,1604.6829
2025-09-20 16:00:00,2192.0,1511.2334
2025-09-20 17:00:00,2369.0,1377.7429
2025-09-20 18:00:00,2026.0,1189.8689
2025-09-20 19:00:00,1544.0,1013.146
2025-09-20 20:00:00,1104.0,798.962
2025-09-20 21:00:00,733.0,627.2437
2025-09-20 22:00:00,529.0,472.79456
2025-09-20 23:00:00,456.0,348.883
2025-09-21 00:00:00,265.0,245.06012
2025-09-21 01:00:00,147.0,200.77075
2025-09-21 02:00:00,78.0,204.07538
2025-09-21 03:00:00,58.0,250.32452
2025-09-21 04:00:00,57.0,343.04468
2025-09-21 05:00:00,70.0,471.20264
2025-09-21 06:00:00,174.0,630.4147
2025-09-21 07:00:00,296.0,834.5958
2025-09-21 08:00:00,544.0,1040.447
2025-09-21 09:00:00,983.0,1212.0874
2025-09-21 10:00:00,1310.0,1370.1819
2025-09-21 11:00:00,1713.0,1499.7356
2025-09-21 12:00:00,1905.0,1563.6179
2025-09-21 13:00:00,2173.0,1607.4098
2025-09-21 14:00:00,2309.0,1601.1885
2025-09-21 15:00:00,2539.0,1546.9738
2025-09-21 16:00:00,2594.0,1455.5991
2025-09-21 17:00:00,2542.0,1324.7937
2025-09-21 18:00:00,2492.0,1101.8022
2025-09-21 19:00:00,2284.0,937.80475
2025-09-21 20:00:00,1766.0,746.36273
2025-09-21 21:00:00,1685.0,574.84796
2025-09-21 22:00:00,858.0,417.24503
2025-09-21 23:00:00,237.0,323.86676
2025-09-22 00:00:00,117.0,246.3435
2025-09-22 01:00:00,72.0,234.93591
2025-09-22 02:00:00,54.0,238.67291
2025-09-22 03:00:00,62.0,254.55957
2025-09-22 04:00:00,136.0,350.45795
2025-09-22 05:00:00,900.0,482.93115
2025-09-22 06:00:00,2186.0,637.5731
2025-09-22 07:00:00,1313.0,803.76605
2025-09-22 08:00:00,1576.0,978.84534
2025-09-22 09:00:00,1132.0,1143.3064
2025-09-22 10:00:00,851.0,1357.6603
2025-09-22 11:00:00,1281.0,1481.2073
2025-09-22 12:00:00,1387.0,1566.9407
2025-09-22 13:00:00,1215.0,1610.1367
2025-09-22 14:00:00,1384.0,1606.8318
2025-09-22 15:00:00,1422.0,1558.0306
2025-09-22 16:00:00,1517.0,1411.2723
2025-09-22 17:00:00,1470.0,1275.6536
2025-09-22 18:00:00,829.0,1179.3989
2025-09-22 19:00:00,702.0,943.47473
2025-09-22 20:00:00,525.0,762.2329
2025-09-22 21:00:00,342.0,576.2521
2025-09-22 22:00:00,281.0,579.8522
2025-09-22 23:00:00,122.0,350.07928
2025-09-23 00:00:00,74.0,164.5321
2025-09-23 01:00:00,37.0,122.06543
2025-09-23 02:00:00,45.0,126.03137
2025-09-23 03:00:00,58.0,268.57623
2025-09-23 04:00:00,145.0,234.96765
2025-09-23 05:00:00,828.0,393.59094
2025-09-23 06:00:00,1349.0,548.4281
2025-09-23 07:00:00,943.0,872.0619
2025-09-23 08:00:00,1075.0,931.3146
2025-09-23 09:00:00,826.0,1102.3037
2025-09-23 10:00:00,1003.0,1254.5653
2025-09-23 11:00:00,1029.0,1379.2059
2025-09-23 12:00:00,1117.0,1467.4915
2025-09-23 13:00:00,1252.0,1512.1454
2025-09-23 14:00:00,1221.0,1881.2651
2025-09-23 15:00:00,1306.0,1455.3003
2025-09-23 16:00:00,1477.0,1298.529
2025-09-23 17:00:00,1629.0,1171.38
2025-09-23 18:00:00,1113.0,1027.4796
2025-09-23 19:00:00,695.0,837.0562
2025-09-23 20:00:00,468.0,661.7988
2025-09-23 21:00:00,307.0,515.43365
2025-09-23 22:00:00,154.0,365.06274
2025-09-23 23:00:00,130.0,214.22119
2025-09-24 00:00:00,74.0,126.84247
2025-09-24 01:00:00,46.0,115.86719
2025-09-24 02:00:00,45.0,119.901
2025-09-24 03:00:00,39.0,169.43121
2025-09-24 04:00:00,172.0,411.61417
2025-09-24 05:00:00,771.0,389.58014
2025-09-24 06:00:00,2035.0,545.8756
2025-09-24 07:00:00,2326.0,812.8324
2025-09-24 08:00:00,1289.0,906.63513
2025-09-24 09:00:00,982.0,1101.5741
2025-09-24 10:00:00,903.0,1254.2001
2025-09-24 11:00:00,338.0,1376.5856
2025-09-24 12:00:00,687.0,1398.0742
2025-09-24 13:00:00,925.0,1608.7915
2025-09-24 14:00:00,959.0,1501.1843
2025-09-24 15:00:00,1155.0,1451.2893
2025-09-24 16:00:00,1483.0,1358.9338
2025-09-24 17:00:00,1661.0,1229.6821
2025-09-24 18:00:00,1381.0,1007.0904
2025-09-24 19:00:00,508.0,835.572
2025-09-24 20:00:00,451.0,687.2193
2025-09-24 21:00:00,350.0,468.2137
2025-09-24 22:00:00,293.0,334.62207
2025-09-24 23:00:00,164.0,240.42145
2025-09-25 00:00:00,100.0,295.74023
2025-09-25 01:00:00,46.0,222.14703
2025-09-25 02:00:00,38.0,257.30762
2025-09-25 03:00:00,62.0,307.56683
2025-09-25 04:00:00,153.0,399.6257
2025-09-25 05:00:00,766.0,528.1482
2025-09-25 06:00:00,1417.0,636.2662
2025-09-25 07:00:00,2107.0,889.60565
2025-09-25 08:00:00,1513.0,1069.153
2025-09-25 09:00:00,1104.0,1241.2357
2025-09-25 10:00:00,1017.0,1343.3965
2025-09-25 11:00:00,1152.0,1520.69
2025-09-25 12:00:00,1095.0,1608.2463
2025-09-25 13:00:00,1328.0,1585.3492
2025-09-25 14:00:00,1391.0,1647.0438
2025-09-25 15:00:00,1448.0,1698.5349
2025-09-25 16:00:00,1623.0,1500.0538
2025-09-25 17:00:00,1708.0,1370.073
2025-09-25 18:00:00,1358.0,1213.0486
2025-09-25 19:00:00,838.0,1040.3359
2025-09-25 20:00:00,540.0,830.52673
2025-09-25 21:00:00,400.0,610.6309
2025-09-25 22:00:00,331.0,506.91135
2025-09-25 23:00:00,160.0,384.09348
2025-09-26 00:00:00,103.0,226.9123
2025-09-26 01:00:00,41.0,184.44568
2025-09-26 02:00:00,63.0,187.75037
2025-09-26 03:00:00,54.0,236.55145
2025-09-26 04:00:00,137.0,328.90704
2025-09-26 05:00:00,700.0,456.70044
2025-09-26 06:00:00,1869.0,564.45386
2025-09-26 07:00:00,1986.0,817.4287
2025-09-26 08:00:00,1323.0,973.7554
2025-09-26 09:00:00,1153.0,1164.9302
2025-09-26 10:00:00,1116.0,1325.1194
2025-09-26 11:00:00,1309.0,1449.6068
2025-09-26 12:00:00,1376.0,1536.0695
2025-09-26 13:00:00,1556.0,1579.9944
2025-09-26 14:00:00,1634.0,1575.9607
2025-09-26 15:00:00,1772.0,1525.6333
2025-09-26 16:00:00,1854.0,1369.2267
2025-09-26 17:00:00,1750.0,1238.059
2025-09-26 18:00:00,1173.0,1079.8475
2025-09-26 19:00:00,544.0,968.52356
2025-09-26 20:00:00,229.0,730.6482
2025-09-26 21:00:00,322.0,559.82007
2025-09-26 22:00:00,353.0,404.023
2025-09-26 23:00:00,292.0,307.8385
2025-09-27 00:00:00,155.0,345.30298
2025-09-27 01:00:00,130.0,303.20093
2025-09-27 02:00:00,75.0,308.9897
2025-09-27 03:00:00,67.0,331.54755
2025-09-27 04:00:00,102.0,423.5386
2025-09-27 05:00:00,148.0,551.1709
2025-09-27 06:00:00,482.0,705.91486
2025-09-27 07:00:00,746.0,877.8984
2025-09-27 08:00:00,626.0,1057.9967
2025-09-27 09:00:00,433.0,1227.5701
2025-09-27 10:00:00,205.0,1380.6285
2025-09-27 11:00:00,398.0,1587.6611
2025-09-27 12:00:00,1581.0,1653.3086
2025-09-27 13:00:00,1776.0,1697.656
2025-09-27 14:00:00,1834.0,1695.8472
2025-09-27 15:00:00,1851.0,1645.9147
2025-09-27 16:00:00,1837.0,1553.5591
2025-09-27 17:00:00,1607.0,1424.3074
2025-09-27 18:00:00,1261.0,1266.1892
2025-09-27 19:00:00,926.0,1092.3828
2025-09-27 20:00:00,723.0,877.46967
2025-09-27 21:00:00,550.0,705.38684
2025-09-27 22:00:00,520.0,552.03143
2025-09-27 23:00:00,449.0,428.11987
2025-09-28 00:00:00,268.0,337.812
2025-09-28 01:00:00,155.0,297.53278
2025-09-28 02:00:00,95.0,301.5666
2025-09-28 03:00:00,72.0,347.45117
2025-09-28 04:00:00,60.0,438.34854
2025-09-28 05:00:00,105.0,566.8711
2025-09-28 06:00:00,235.0,723.16656
2025-09-28 07:00:00,297.0,925.3513
2025-09-28 08:00:00,509.0,1111.0789
2025-09-28 09:00:00,893.0,1305.2037
2025-09-28 10:00:00,1249.0,1462.5692
2025-09-28 11:00:00,1480.0,1590.031
2025-09-28 12:00:00,1619.0,1684.1725
2025-09-28 13:00:00,1838.0,1698.854
2025-09-28 14:00:00,2002.0,1831.0894
2025-09-28 15:00:00,2297.0,1651.5481
2025-09-28 16:00:00,2665.0,1558.8279
2025-09-28 17:00:00,2677.0,1428.8472
2025-09-28 18:00:00,2356.0,1269.6354
2025-09-28 19:00:00,1786.0,1092.1832
2025-09-28 20:00:00,1236.0,918.4829
2025-09-28 21:00:00,787.0,710.65576
2025-09-28 22:00:00,428.0,557.6649
2025-09-28 23:00:00,219.0,434.84705
2025-09-29 00:00:00,96.0,333.79175
2025-09-29 01:00:00,60.0,291.32526
2025-09-29 02:00:00,47.0,294.99445
2025-09-29 03:00:00,67.0,344.16003
2025-09-29 04:00:00,160.0,436.15112
2025-09-29 05:00:00,824.0,565.0382
2025-09-29 06:00:00,2185.0,720.96906
2025-09-29 07:00:00,2218.0,925.3341
2025-09-29 08:00:00,1447.0,1108.6088
2025-09-29 09:00:00,1151.0,1295.59
2025-09-29 10:00:00,1112.0,1430.0603
2025-09-29 11:00:00,1180.0,1579.7957
2025-09-29 12:00:00,1140.0,1670.1555
2025-09-29 13:00:00,1333.0,1682.207
2025-09-29 14:00:00,1432.0,1710.8511
2025-09-29 15:00:00,1462.0,1661.2051
2025-09-29 16:00:00,1533.0,1539.7795
2025-09-29 17:00:00,1719.0,1437.0862
2025-09-29 18:00:00,1385.0,1249.2095
2025-09-29 19:00:00,869.0,1073.9448
2025-09-29 20:00:00,572.0,861.21906
2025-09-29 21:00:00,394.0,1618.2717
2025-09-29 22:00:00,325.0,534.6871
2025-09-29 23:00:00,145.0,411.86923
2025-09-30 00:00:00,78.0,293.5794
2025-09-30 01:00:00,49.0,251.47736
2025-09-30 02:00:00,51.0,254.41742
2025-09-30 03:00:00,59.0,305.40588
2025-09-30 04:00:00,160.0,396.30328
2025-09-30 05:00:00,766.0,527.3778
2025-09-30 06:00:00,2041.0,685.8606
2025-09-30 07:00:00,2208.0,892.4809
2025-09-30 08:00:00,1440.0,1072.7573
2025-09-30 09:00:00,1158.0,1243.0173
2025-09-30 10:00:00,1074.0,1396.008
2025-09-30 11:00:00,1033.0,1522.1069
2025-09-30 12:00:00,1157.0,1606.7467
2025-09-30 13:00:00,1211.0,1650.307
2025-09-30 14:00:00,1312.0,1648.8252
2025-09-30 15:00:00,1386.0,1599.6594
2025-09-30 16:00:00,1479.0,1532.1495
2025-09-30 17:00:00,1663.0,1376.8428
2025-09-30 18:00:00,1314.0,1156.6548
2025-09-30 19:00:00,787.0,1044.3049
2025-09-30 20:00:00,503.0,833.76654
2025-09-30 21:00:00,389.0,660.58997
2025-09-30 22:00:00,186.0,509.0574
2025-09-30 23:00:00,186.0,382.95844
2025-10-01 00:00:00,69.0,281.2132
2025-10-01 01:00:00,45.0,240.5694
2025-10-01 02:00:00,45.0,246.0614
2025-10-01 03:00:00,79.0,295.9563
2025-10-01 04:00:00,131.0,422.59787
2025-10-01 05:00:00,743.0,514.2824
2025-10-01 06:00:00,1389.0,635.1113
2025-10-01 07:00:00,1689.0,874.2816
2025-10-01 08:00:00,1366.0,1102.1836
2025-10-01 09:00:00,1139.0,1227.7346
2025-10-01 10:00:00,1103.0,1379.2642
2025-10-01 11:00:00,1115.0,1531.8608
2025-10-01 12:00:00,1144.0,1618.9746
2025-10-01 13:00:00,1314.0,1636.8241
2025-10-01 14:00:00,1374.0,1661.898
2025-10-01 15:00:00,1372.0,1585.1609
2025-10-01 16:00:00,1532.0,1514.581
2025-10-01 17:00:00,1727.0,1354.5148
2025-10-01 18:00:00,1275.0,1198.0891
2025-10-01 19:00:00,738.0,1022.82446
2025-10-01 20:00:00,483.0,810.0987
2025-10-01 21:00:00,371.0,634.3701
2025-10-01 22:00:00,273.0,482.10846
2025-10-01 23:00:00,166.0,359.2906
2025-10-02 00:00:00,92.0,301.91498
2025-10-02 01:00:00,34.0,256.8966
2025-10-02 02:00:00,33.0,259.4721
2025-10-02 03:00:00,61.0,307.54395
2025-10-02 04:00:00,143.0,402.08698
2025-10-02 05:00:00,708.0,499.15326
2025-10-02 06:00:00,1910.0,689.4569
2025-10-02 07:00:00,2127.0,893.8898
2025-10-02 08:00:00,1433.0,1072.708
2025-10-02 09:00:00,1132.0,1245.1553
2025-10-02 10:00:00,1110.0,1422.1064
2025-10-02 11:00:00,1121.0,1546.938
2025-10-02 12:00:00,1098.0,1639.0254
2025-10-02 13:00:00,1342.0,1680.9714
2025-10-02 14:00:00,1418.0,1681.677
2025-10-02 15:00:00,1645.0,1633.6047
2025-10-02 16:00:00,1812.0,1540.52
2025-10-02 17:00:00,1918.0,1384.0242
2025-10-02 18:00:00,1521.0,1223.5304
2025-10-02 19:00:00,902.0,1047.9011
2025-10-02 20:00:00,638.0,837.7274
2025-10-02 21:00:00,490.0,666.00903
2025-10-02 22:00:00,340.0,511.92453
2025-10-02 23:00:00,207.0,385.461
2025-10-03 00:00:00,100.0,339.60748
2025-10-03 01:00:00,51.0,296.41168
2025-10-03 02:00:00,42.0,298.25812
2025-10-03 03:00:00,67.0,349.61127
2025-10-03 04:00:00,141.0,440.14398
2025-10-03 05:00:00,632.0,570.4894
2025-10-03 06:00:00,1761.0,728.97217
2025-10-03 07:00:00,1846.0,929.6988
2025-10-03 08:00:00,1238.0,1136.2993
2025-10-03 09:00:00,1099.0,1287.7406
2025-10-03 10:00:00,1171.0,1442.4006
2025-10-03 11:00:00,1266.0,1568.1353
2025-10-03 12:00:00,1317.0,1655.6917
2025-10-03 13:00:00,1444.0,1699.252
2025-10-03 14:00:00,1738.0,1697.4055
2025-10-03 15:00:00,1777.0,1647.875
2025-10-03 16:00:00,2105.0,1555.884
2025-10-03 17:00:00,2034.0,1425.1741
2025-10-03 18:00:00,1685.0,1267.0559
2025-10-03 19:00:00,1091.0,1092.885
2025-10-03 20:00:00,719.0,880.88837
2025-10-03 21:00:00,476.0,709.5346
2025-10-03 22:00:00,365.0,557.6376
2025-10-03 23:00:00,262.0,436.64252
2025-10-04 00:00:00,162.0,319.31262
2025-10-04 01:00:00,83.0,277.57513
2025-10-04 02:00:00,69.0,282.70264
2025-10-04 03:00:00,62.0,332.96204
2025-10-04 04:00:00,105.0,424.224
2025-10-04 05:00:00,165.0,553.8402
2025-10-04 06:00:00,454.0,710.8648
2025-10-04 07:00:00,691.0,916.1223
2025-10-04 08:00:00,1004.0,1097.2234
2025-10-04 09:00:00,1202.0,1272.761
2025-10-04 10:00:00,1479.0,1452.669
2025-10-04 11:00:00,1657.0,1581.7423
2025-10-04 12:00:00,1762.0,1669.0094
2025-10-04 13:00:00,1766.0,1713.8369
2025-10-04 14:00:00,1820.0,1687.2507
2025-10-04 15:00:00,1864.0,1574.1443
2025-10-04 16:00:00,1892.0,1476.0654
2025-10-04 17:00:00,1649.0,1339.2256
2025-10-04 18:00:00,1302.0,1178.0725
2025-10-04 19:00:00,890.0,1062.679
2025-10-04 20:00:00,662.0,821.6074
2025-10-04 21:00:00,512.0,647.1082
2025-10-04 22:00:00,454.0,499.25504
2025-10-04 23:00:00,351.0,401.69708
2025-10-05 00:00:00,213.0,296.95032
2025-10-05 01:00:00,106.0,252.29639
2025-10-05 02:00:00,87.0,259.9757
2025-10-05 03:00:00,65.0,306.58954
2025-10-05 04:00:00,62.0,400.33557
2025-10-05 05:00:00,100.0,528.1968
2025-10-05 06:00:00,164.0,652.86536
2025-10-05 07:00:00,225.0,886.73773
2025-10-05 08:00:00,414.0,1067.8967
2025-10-05 09:00:00,402.0,1241.7445
2025-10-05 10:00:00,403.0,1394.0234
2025-10-05 11:00:00,1476.0,1546.668
2025-10-05 12:00:00,1765.0,1636.2307
2025-10-05 13:00:00,1903.0,1648.9186
2025-10-05 14:00:00,2119.0,1670.3542
2025-10-05 15:00:00,2213.0,1530.9666
2025-10-05 16:00:00,2034.0,1494.566
2025-10-05 17:00:00,2201.0,1364.3059
2025-10-05 18:00:00,1724.0,1211.6389
2025-10-05 19:00:00,1278.0,1040.3845
2025-10-05 20:00:00,969.0,830.93994
2025-10-05 21:00:00,751.0,630.8417
2025-10-05 22:00:00,425.0,502.5172
2025-10-05 23:00:00,172.0,381.59003
2025-10-06 00:00:00,82.0,246.74963
2025-10-06 01:00:00,57.0,172.58838
2025-10-06 02:00:00,30.0,175.96082
2025-10-06 03:00:00,59.0,224.53296
2025-10-06 04:00:00,155.0,322.5265
2025-10-06 05:00:00,783.0,445.7078
2025-10-06 06:00:00,1978.0,602.3
2025-10-06 07:00:00,1239.0,838.35986
2025-10-06 08:00:00,963.0,1017.54254
2025-10-06 09:00:00,954.0,1190.7191
2025-10-06 10:00:00,810.0,1346.6262
2025-10-06 11:00:00,1260.0,1471.9961
2025-10-06 12:00:00,1184.0,1556.6736
2025-10-06 13:00:00,1357.0,1599.4441
2025-10-06 14:00:00,1359.0,1600.9976
2025-10-06 15:00:00,1331.0,1551.007
2025-10-06 16:00:00,1370.0,1456.4639
2025-10-06 17:00:00,1525.0,1324.2957
2025-10-06 18:00:00,1258.0,1167.2712
2025-10-06 19:00:00,759.0,993.82947
2025-10-06 20:00:00,501.0,784.02026
2025-10-06 21:00:00,375.0,612.302
2025-10-06 22:00:00,260.0,460.40485
2025-10-06 23:00:00,161.0,337.95154
2025-10-07 00:00:00,53.0,220.40314
2025-10-07 01:00:00,46.0,177.93652
2025-10-07 02:00:00,33.0,180.87665
2025-10-07 03:00:00,75.0,231.13586
2025-10-07 04:00:00,138.0,323.1269
2025-10-07 05:00:00,677.0,451.64938
2025-10-07 06:00:00,1964.0,607.9448
2025-10-07 07:00:00,1936.0,813.10693
2025-10-07 08:00:00,1345.0,990.5797
2025-10-07 09:00:00,1083.0,1186.701
2025-10-07 10:00:00,1092.0,1341.5144
2025-10-07 11:00:00,1051.0,1469.0718
2025-10-07 12:00:00,1067.0,1559.1799
2025-10-07 13:00:00,1224.0,1602.5493
2025-10-07 14:00:00,1351.0,1601.2585
2025-10-07 15:00:00,1276.0,1553.1865
2025-10-07 16:00:00,1504.0,1459.008
2025-10-07 17:00:00,1786.0,1302.5525
2025-10-07 18:00:00,1262.0,1144.9349
2025-10-07 19:00:00,812.0,965.2954
2025-10-07 20:00:00,491.0,755.8508
2025-10-07 21:00:00,369.0,583.7679
2025-10-07 22:00:00,314.0,428.2251
2025-10-07 23:00:00,161.0,303.5844
2025-10-08 00:00:00,79.0,215.32257
2025-10-08 01:00:00,60.0,172.12689
2025-10-08 02:00:00,50.0,175.06696
2025-10-08 03:00:00,70.0,226.0553
2025-10-08 04:00:00,163.0,320.23376
2025-10-08 05:00:00,708.0,450.57913
2025-10-08 06:00:00,1875.0,606.5101
2025-10-08 07:00:00,1936.0,810.57837
2025-10-08 08:00:00,1332.0,988.6674
2025-10-08 09:00:00,1113.0,1161.4795
2025-10-08 10:00:00,1219.0,1315.1991
2025-10-08 11:00:00,1138.0,1439.4753
2025-10-08 12:00:00,977.0,1525.9377
2025-10-08 13:00:00,1292.0,1569.8628
2025-10-08 14:00:00,1415.0,1567.6519
2025-10-08 15:00:00,1486.0,1512.572
2025-10-08 16:00:00,1826.0,1447.5591
2025-10-08 17:00:00,1878.0,1292.7327
2025-10-08 18:00:00,1568.0,1136.5734
2025-10-08 19:00:00,886.0,962.40234
2025-10-08 20:00:00,619.0,752.2286
2025-10-08 21:00:00,407.0,579.7811
2025-10-08 22:00:00,257.0,427.5194
2025-10-08 23:00:00,148.0,303.60785
2025-10-09 00:00:00,101.0,249.5257
2025-10-09 01:00:00,51.0,208.88214
2025-10-09 02:00:00,46.0,213.64508
2025-10-09 03:00:00,68.0,264.99792
2025-10-09 04:00:00,142.0,357.71814
2025-10-09 05:00:00,634.0,486.24066
2025-10-09 06:00:00,1795.0,641.807
2025-10-09 07:00:00,1840.0,847.6981
2025-10-09 08:00:00,1264.0,1027.9746
2025-10-09 09:00:00,1141.0,1200.7866
2025-10-09 10:00:00,1151.0,1353.7772
2025-10-09 11:00:00,1207.0,1479.147
2025-10-09 12:00:00,1291.0,1565.6096
2025-10-09 13:00:00,1455.0,1610.2639
2025-10-09 14:00:00,1512.0,1606.9592
2025-10-09 15:00:00,1642.0,1556.335
2025-10-09 16:00:00,1726.0,1463.9794
2025-10-09 17:00:00,1838.0,1335.0923
2025-10-09 18:00:00,1364.0,1178.797
2025-10-09 19:00:00,897.0,1004.99066
2025-10-09 20:00:00,600.0,795.18146
2025-10-09 21:00:00,437.0,624.19226
2025-10-09 22:00:00,280.0,471.20145
2025-10-09 23:00:00,193.0,347.28986
2025-10-10 00:00:00,92.0,300.71948
2025-10-10 01:00:00,47.0,257.15912
2025-10-10 02:00:00,44.0,260.4638
2025-10-10 03:00:00,78.0,307.07758
2025-10-10 04:00:00,146.0,396.15204
2025-10-10 05:00:00,608.0,523.2163
2025-10-10 06:00:00,1606.0,679.1472
2025-10-10 07:00:00,1649.0,884.3092
2025-10-10 08:00:00,1153.0,1063.8566
2025-10-10 09:00:00,1123.0,1236.6685
2025-10-10 10:00:00,1214.0,1390.0237
2025-10-10 11:00:00,1300.0,1512.8589
2025-10-10 12:00:00,1410.0,1624.5493
2025-10-10 13:00:00,1662.0,1670.4128
2025-10-10 14:00:00,1804.0,1642.031
2025-10-10 15:00:00,1812.0,1620.5925
2025-10-10 16:00:00,2038.0,1502.2773
2025-10-10 17:00:00,2086.0,1373.8907
2025-10-10 18:00:00,1693.0,1215.4081
2025-10-10 19:00:00,1207.0,1040.1434
2025-10-10 20:00:00,740.0,828.51135
2025-10-10 21:00:00,507.0,653.1474
2025-10-10 22:00:00,402.0,499.4274
2025-10-10 23:00:00,248.0,375.88043
2025-10-11 00:00:00,155.0,316.52838
2025-10-11 01:00:00,86.0,275.52002
2025-10-11 02:00:00,58.0,279.55383
2025-10-11 03:00:00,80.0,329.81323
2025-10-11 04:00:00,105.0,422.16885
2025-10-11 05:00:00,177.0,551.05597
2025-10-11 06:00:00,449.0,706.9868
2025-10-11 07:00:00,624.0,911.7843
2025-10-11 08:00:00,897.0,1090.6024
2025-10-11 09:00:00,1187.0,1263.0499
2025-10-11 10:00:00,1384.0,1416.405
2025-10-11 11:00:00,1562.0,1539.5874
2025-10-11 12:00:00,1654.0,1626.7793
2025-10-11 13:00:00,1793.0,1668.8813
2025-10-11 14:00:00,1999.0,1665.5767
2025-10-11 15:00:00,2141.0,1617.1401
2025-10-11 16:00:00,2303.0,1547.4426
2025-10-11 17:00:00,2402.0,1389.4307
2025-10-11 18:00:00,1834.0,1235.2272
2025-10-11 19:00:00,1290.0,1058.1396
2025-10-11 20:00:00,983.0,851.61163
2025-10-11 21:00:00,636.0,682.08075
2025-10-11 22:00:00,511.0,529.45447
2025-10-11 23:00:00,371.0,406.63663
2025-10-12 00:00:00,206.0,362.78326
2025-10-12 01:00:00,136.0,320.31665
2025-10-12 02:00:00,77.0,323.2567
2025-10-12 03:00:00,69.0,372.787
2025-10-12 04:00:00,61.0,464.0489
2025-10-12 05:00:00,99.0,592.936
2025-10-12 06:00:00,199.0,748.13776
2025-10-12 07:00:00,243.0,951.8415
2025-10-12 08:00:00,430.0,1130.295
2025-10-12 09:00:00,733.0,1301.6488
2025-10-12 10:00:00,1100.0,1455.0039
2025-10-12 11:00:00,1395.0,1578.9155
2025-10-12 12:00:00,1594.0,1664.2844
2025-10-12 13:00:00,1955.0,1708.574
2025-10-12 14:00:00,2229.0,1706.363
2025-10-12 15:00:00,2446.0,1656.8328
2025-10-12 16:00:00,2480.0,1561.4246
2025-10-12 17:00:00,2483.0,1432.6733
2025-10-12 18:00:00,2321.0,1275.2844
2025-10-12 19:00:00,2376.0,1102.9363
2025-10-12 20:00:00,1983.0,893.85626
2025-10-12 21:00:00,1251.0,722.86707
2025-10-12 22:00:00,481.0,570.97
2025-10-12 23:00:00,199.0,447.7875
2025-10-13 00:00:00,76.0,302.81128
2025-10-13 01:00:00,59.0,260.3449
2025-10-13 02:00:00,43.0,263.64954
2025-10-13 03:00:00,61.0,312.4505
2025-10-13 04:00:00,163.0,403.34784
2025-10-13 05:00:00,804.0,528.9538
2025-10-13 06:00:00,2106.0,682.69727
2025-10-13 07:00:00,2127.0,886.7656
2025-10-13 08:00:00,1456.0,1066.6775
2025-10-13 09:00:00,1126.0,1239.854
2025-10-13 10:00:00,1160.0,1395.1854
2025-10-13 11:00:00,1176.0,1519.3458
2025-10-13 12:00:00,1162.0,1606.5
2025-10-13 13:00:00,1344.0,1649.6958
2025-10-13 14:00:00,1382.0,1645.6621
2025-10-13 15:00:00,1518.0,1594.6733
2025-10-13 16:00:00,1748.0,1500.8594
2025-10-13 17:00:00,1840.0,1371.6078
2025-10-13 18:00:00,1376.0,1214.9479
2025-10-13 19:00:00,845.0,1041.8707
2025-10-13 20:00:00,613.0,832.426
2025-10-13 21:00:00,393.0,661.80145
2025-10-13 22:00:00,271.0,509.90433
2025-10-13 23:00:00,108.0,387.0865
2025-10-14 00:00:00,73.0,165.09961
2025-10-14 01:00:00,40.0,122.63287
2025-10-14 02:00:00,38.0,126.302185
2025-10-14 03:00:00,58.0,176.19696
2025-10-14 04:00:00,152.0,267.82336
2025-10-14 05:00:00,719.0,396.34586
2025-10-14 06:00:00,1991.0,552.27673
2025-10-14 07:00:00,2227.0,756.3451
2025-10-14 08:00:00,1452.0,935.1632
2025-10-14 09:00:00,1063.0,1107.2461
2025-10-14 10:00:00,1075.0,1260.6013
2025-10-14 11:00:00,1100.0,1383.7837
2025-10-14 12:00:00,1125.0,1469.1526
2025-10-14 13:00:00,1274.0,1511.9838
2025-10-14 14:00:00,1301.0,1508.6792
2025-10-14 15:00:00,1388.0,1458.7842
2025-10-14 16:00:00,1694.0,1366.0641
2025-10-14 17:00:00,1831.0,1234.2604
2025-10-14 18:00:00,1419.0,1074.3195
2025-10-14 19:00:00,773.0,895.77374
2025-10-14 20:00:00,524.0,684.87085
2025-10-14 21:00:00,356.0,513.15247
2025-10-14 22:00:00,266.0,359.4325
2025-10-14 23:00:00,110.0,235.88556
2025-10-15 00:00:00,68.0,148.00073
2025-10-15 01:00:00,35.0,105.89874
2025-10-15 02:00:00,36.0,108.838806
2025-10-15 03:00:00,45.0,162.01471
2025-10-15 04:00:00,144.0,256.55768
2025-10-15 05:00:00,696.0,385.44476
2025-10-15 06:00:00,1947.0,541.74023
2025-10-15 07:00:00,2121.0,746.53766
2025-10-15 08:00:00,1433.0,925.35583
2025-10-15 09:00:00,1196.0,1097.4387
2025-10-15 10:00:00,1187.0,1251.1584
2025-10-15 11:00:00,1133.0,1377.622
2025-10-15 12:00:00,1141.0,1464.8137
2025-10-15 13:00:00,1353.0,1510.5615
2025-10-15 14:00:00,1261.0,1507.6589
2025-10-15 15:00:00,1465.0,1459.1847
2025-10-15 16:00:00,1930.0,1366.1
2025-10-15 17:00:00,2108.0,1236.1191
2025-10-15 18:00:00,1546.0,1078.7302
2025-10-15 19:00:00,834.0,907.4758
2025-10-15 20:00:00,604.0,697.30206
2025-10-15 21:00:00,407.0,527.40656
2025-10-15 22:00:00,258.0,373.6866
2025-10-15 23:00:00,149.0,248.31677
2025-10-16 00:00:00,82.0,189.87231
2025-10-16 01:00:00,47.0,147.77032
2025-10-16 02:00:00,34.0,149.61682
2025-10-16 03:00:00,48.0,199.8761
2025-10-16 04:00:00,141.0,293.32532
2025-10-16 05:00:00,699.0,421.84784
2025-10-16 06:00:00,1964.0,577.77875
2025-10-16 07:00:00,2273.0,782.2117
2025-10-16 08:00:00,1445.0,960.6652
2025-10-16 09:00:00,1208.0,1132.748
2025-10-16 10:00:00,1169.0,1285.0095
2025-10-16 11:00:00,1172.0,1410.7439
2025-10-16 12:00:00,1211.0,1496.7262
2025-10-16 13:00:00,1306.0,1540.0378
2025-10-16 14:00:00,1454.0,1536.004
2025-10-16 15:00:00,1597.0,1487.5674
2025-10-16 16:00:00,1865.0,1395.5763
2025-10-16 17:00:00,1991.0,1264.8663
2025-10-16 18:00:00,1560.0,1106.3837
2025-10-16 19:00:00,915.0,932.9419
2025-10-16 20:00:00,554.0,724.2264
2025-10-16 21:00:00,421.0,552.50806
2025-10-16 22:00:00,315.0,396.6007
2025-10-16 23:00:00,137.0,273.0537
2025-10-17 00:00:00,85.0,226.49585
2025-10-17 01:00:00,50.0,182.20636
2025-10-17 02:00:00,31.0,186.6048
2025-10-17 03:00:00,68.0,236.49957
2025-10-17 04:00:00,131.0,328.85522
2025-10-17 05:00:00,589.0,457.01315
2025-10-17 06:00:00,1750.0,612.94403
2025-10-17 07:00:00,1837.0,817.37695
2025-10-17 08:00:00,1298.0,996.1951
2025-10-17 09:00:00,1072.0,1168.278
2025-10-17 10:00:00,1200.0,1321.6332
2025-10-17 11:00:00,1343.0,1446.2738
2025-10-17 12:00:00,1391.0,1534.2324
2025-10-17 13:00:00,1548.0,1579.2135
2025-10-17 14:00:00,1696.0,1575.5442
2025-10-17 15:00:00,1818.0,1525.6492
2025-10-17 16:00:00,2083.0,1430.9326
2025-10-17 17:00:00,2161.0,1302.5836
2025-10-17 18:00:00,1676.0,1145.1947
2025-10-17 19:00:00,1020.0,972.48206
2025-10-17 20:00:00,717.0,761.5791
2025-10-17 21:00:00,518.0,590.95447
2025-10-17 22:00:00,396.0,435.04712
2025-10-17 23:00:00,250.0,311.13556
2025-10-18 00:00:00,147.0,188.68262
2025-10-18 01:00:00,110.0,143.664
2025-10-18 02:00:00,59.0,148.7915
2025-10-18 03:00:00,64.0,195.04071
2025-10-18 04:00:00,81.0,286.66718
2025-10-18 05:00:00,177.0,410.8148
2025-10-18 06:00:00,457.0,566.01654
2025-10-18 07:00:00,685.0,773.0014
2025-10-18 08:00:00,987.0,956.55896
2025-10-18 09:00:00,1149.0,1128.9486
2025-10-18 10:00:00,1397.0,1303.9609
2025-10-18 11:00:00,1447.0,1431.8828
2025-10-18 12:00:00,1472.0,1521.9912
2025-10-18 13:00:00,1762.0,1567.3745
2025-10-18 14:00:00,1813.0,1566.6217
2025-10-18 15:00:00,2082.0,1517.8206
2025-10-18 16:00:00,2151.0,1424.6025
2025-10-18 17:00:00,2290.0,1267.6869
2025-10-18 18:00:00,1878.0,1107.0168
2025-10-18 19:00:00,1237.0,929.2002
2025-10-18 20:00:00,864.0,717.93274
2025-10-18 21:00:00,686.0,546.579
2025-10-18 22:00:00,548.0,393.9527
2025-10-18 23:00:00,558.0,267.85376
2025-10-19 00:00:00,251.0,165.53772
2025-10-19 01:00:00,141.0,123.43573
2025-10-19 02:00:00,74.0,126.37567
2025-10-19 03:00:00,78.0,178.82257
2025-10-19 04:00:00,54.0,270.0844
2025-10-19 05:00:00,68.0,396.05496
2025-10-19 06:00:00,175.0,553.8087
2025-10-19 07:00:00,268.0,759.3353
2025-10-19 08:00:00,478.0,942.1637
2025-10-19 09:00:00,833.0,1114.6112
2025-10-19 10:00:00,1129.0,1268.2528
2025-10-19 11:00:00,1550.0,1392.6621
2025-10-19 12:00:00,1888.0,1503.9501
2025-10-19 13:00:00,2197.0,1529.172
2025-10-19 14:00:00,2246.0,1525.0022
2025-10-19 15:00:00,2352.0,1481.0388
2025-10-19 16:00:00,2474.0,1386.9182
2025-10-19 17:00:00,2537.0,1254.75
2025-10-19 18:00:00,2211.0,1095.5382
2025-10-19 19:00:00,2027.0,919.90894
2025-10-19 20:00:00,1245.0,710.09973
2025-10-19 21:00:00,790.0,539.8396
2025-10-19 22:00:00,446.0,385.02597
2025-10-19 23:00:00,178.0,260.74982
2025-10-20 00:00:00,73.0,217.5722
2025-10-20 01:00:00,54.0,176.56409
2025-10-20 02:00:00,40.0,179.50409
2025-10-20 03:00:00,58.0,231.22168
2025-10-20 04:00:00,144.0,323.57727
2025-10-20 05:00:00,826.0,454.28717
2025-10-20 06:00:00,2074.0,612.40546
2025-10-20 07:00:00,2157.0,816.8383
2025-10-20 08:00:00,1571.0,996.7502
2025-10-20 09:00:00,1139.0,1169.9268
2025-10-20 10:00:00,1128.0,1322.9175
2025-10-20 11:00:00,1149.0,1447.1257
2025-10-20 12:00:00,1185.0,1532.1978
2025-10-20 13:00:00,1328.0,1573.5032
2025-10-20 14:00:00,970.0,1570.6309
2025-10-20 15:00:00,1104.0,1524.3815
2025-10-20 16:00:00,987.0,1429.0415
2025-10-20 17:00:00,1453.0,1297.6703
2025-10-20 18:00:00,1264.0,1138.4585
2025-10-20 19:00:00,697.0,963.9229
2025-10-20 20:00:00,483.0,753.74915
2025-10-20 21:00:00,355.0,583.1245
2025-10-20 22:00:00,256.0,430.13373
2025-10-20 23:00:00,103.0,308.77417
2025-10-21 00:00:00,61.0,193.7348
2025-10-21 01:00:00,40.0,149.14862
2025-10-21 02:00:00,31.0,151.72418
2025-10-21 03:00:00,44.0,201.61884
2025-10-21 04:00:00,139.0,292.88074
2025-10-21 05:00:00,795.0,421.0387
2025-10-21 06:00:00,2143.0,576.2405
2025-10-21 07:00:00,2342.0,781.7671
2025-10-21 08:00:00,1677.0,963.1372
2025-10-21 09:00:00,1129.0,1134.2017
2025-10-21 10:00:00,1041.0,1310.7504
2025-10-21 11:00:00,1023.0,1439.5547
2025-10-21 12:00:00,1047.0,1533.2535
2025-10-21 13:00:00,1159.0,1579.7305
2025-10-21 14:00:00,1196.0,1551.2358
2025-10-21 15:00:00,1269.0,1499.8826
2025-10-21 16:00:00,1492.0,1405.3396
2025-10-21 17:00:00,1721.0,1272.0778
2025-10-21 18:00:00,1223.0,1052.9355
2025-10-21 19:00:00,762.0,941.6115
2025-10-21 20:00:00,410.0,731.8023
2025-10-21 21:00:00,336.0,559.35486
2025-10-21 22:00:00,263.0,406.364
2025-10-21 23:00:00,181.0,283.18164
2025-10-22 00:00:00,76.0,197.42896
2025-10-22 01:00:00,43.0,154.30103
2025-10-22 02:00:00,20.0,159.42847
2025-10-22 03:00:00,51.0,207.50049
2025-10-22 04:00:00,140.0,300.15277
2025-10-22 05:00:00,708.0,396.88727
2025-10-22 06:00:00,2071.0,554.802
2025-10-22 07:00:00,1890.0,733.4494
2025-10-22 08:00:00,1083.0,906.8585
2025-10-22 09:00:00,856.0,1079.8569
2025-10-22 10:00:00,632.0,1230.7705
2025-10-22 11:00:00,734.0,1415.7585
2025-10-22 12:00:00,1086.0,1504.4663
2025-10-22 13:00:00,1261.0,1548.3914
2025-10-22 14:00:00,1294.0,1546.1602
2025-10-22 15:00:00,1365.0,1496.9568
2025-10-22 16:00:00,1458.0,1405.0236
2025-10-22 17:00:00,1690.0,1274.6782
2025-10-22 18:00:00,1312.0,1117.2892
2025-10-22 19:00:00,786.0,942.02454
2025-10-22 20:00:00,482.0,732.21533
2025-10-22 21:00:00,333.0,563.4136
2025-10-22 22:00:00,262.0,410.78732
2025-10-22 23:00:00,173.0,286.51123
2025-10-23 00:00:00,78.0,199.7334
2025-10-23 01:00:00,47.0,162.28595
2025-10-23 02:00:00,33.0,161.7331
2025-10-23 03:00:00,51.0,240.63495
2025-10-23 04:00:00,140.0,331.89685
2025-10-23 05:00:00,411.0,461.51303
2025-10-23 06:00:00,2051.0,618.53766
2025-10-23 07:00:00,1288.0,826.98083
2025-10-23 08:00:00,1469.0,1004.70526
2025-10-23 09:00:00,749.0,1116.7982
2025-10-23 10:00:00,1012.0,1272.3322
2025-10-23 11:00:00,754.0,1380.0674
2025-10-23 12:00:00,756.0,1465.258
2025-10-23 13:00:00,1218.0,1570.7422
2025-10-23 14:00:00,1218.0,1562.9819
2025-10-23 15:00:00,649.0,1545.0559
2025-10-23 16:00:00,1128.0,1445.4465
2025-10-23 17:00:00,1700.0,1291.4071
2025-10-23 18:00:00,1284.0,1135.0441
2025-10-23 19:00:00,789.0,899.14526
2025-10-23 20:00:00,449.0,719.4369
2025-10-23 21:00:00,336.0,548.2866
2025-10-23 22:00:00,305.0,394.5667
2025-10-23 23:00:00,149.0,302.511
2025-10-24 00:00:00,78.0,257.0594
2025-10-24 01:00:00,34.0,213.49915
2025-10-24 02:00:00,34.0,217.53284
2025-10-24 03:00:00,58.0,265.2403
2025-10-24 04:00:00,136.0,356.13763
2025-10-24 05:00:00,616.0,483.13403
2025-10-24 06:00:00,1813.0,611.9568
2025-10-24 07:00:00,2059.0,786.61926
2025-10-24 08:00:00,1370.0,952.8442
2025-10-24 09:00:00,966.0,1127.7882
2025-10-24 10:00:00,1119.0,1273.1775
2025-10-24 11:00:00,1119.0,1495.4072
2025-10-24 12:00:00,1203.0,1584.1152
2025-10-24 13:00:00,1611.0,1623.625
2025-10-24 14:00:00,1648.0,1622.6031
2025-10-24 15:00:00,1775.0,1571.979
2025-10-24 16:00:00,1913.0,1453.6465
2025-10-24 17:00:00,1935.0,1325.4912
2025-10-24 18:00:00,1570.0,1165.1858
2025-10-24 19:00:00,1090.0,993.5668
2025-10-24 20:00:00,711.0,782.6638
2025-10-24 21:00:00,484.0,608.7582
2025-10-24 22:00:00,393.0,457.59012
2025-10-24 23:00:00,307.0,336.23053
2025-10-25 00:00:00,191.0,226.42365
2025-10-25 01:00:00,120.0,184.95758
2025-10-25 02:00:00,69.0,223.83154
2025-10-25 03:00:00,50.0,278.83038
2025-10-25 04:00:00,80.0,371.91513
2025-10-25 05:00:00,176.0,493.8754
2025-10-25 06:00:00,468.0,647.9835
2025-10-25 07:00:00,848.0,851.68726
2025-10-25 08:00:00,1034.0,1031.2345
2025-10-25 09:00:00,1232.0,1204.3433
2025-10-25 10:00:00,1407.0,1301.9478
2025-10-25 11:00:00,1236.0,1428.6484
2025-10-25 12:00:00,973.0,1510.0922
2025-10-25 13:00:00,1665.0,1549.2269
2025-10-25 14:00:00,1537.0,1547.0668
2025-10-25 15:00:00,1138.0,1496.146
2025-10-25 16:00:00,986.0,1400.0005
2025-10-25 17:00:00,929.0,1268.0782
2025-10-25 18:00:00,1193.0,1114.0891
2025-10-25 19:00:00,861.0,945.73413
2025-10-25 20:00:00,557.0,762.30396
2025-10-25 21:00:00,541.0,591.54364
2025-10-25 22:00:00,466.0,438.8495
2025-10-25 23:00:00,433.0,319.79596
2025-10-26 00:00:00,440.0,244.53265
2025-10-26 01:00:00,181.0,201.4049
2025-10-26 02:00:00,161.0,205.43854
2025-10-26 03:00:00,52.0,253.51056
2025-10-26 04:00:00,43.0,346.89203
2025-10-26 05:00:00,96.0,452.68958
2025-10-26 06:00:00,223.0,600.2017
2025-10-26 07:00:00,301.0,770.1081
2025-10-26 08:00:00,522.0,949.7062
2025-10-26 09:00:00,875.0,1117.0591
2025-10-26 10:00:00,1276.0,1269.5316
2025-10-26 11:00:00,1472.0,1481.9906
2025-10-26 12:00:00,1279.0,1570.6985
2025-10-26 13:00:00,1861.0,1614.8146
2025-10-26 14:00:00,1872.0,1585.4172
2025-10-26 15:00:00,1946.0,1535.7334
2025-10-26 16:00:00,2139.0,1442.284
2025-10-26 17:00:00,1998.0,1312.3032
2025-10-26 18:00:00,1607.0,1154.1852
2025-10-26 19:00:00,1294.0,979.64966
2025-10-26 20:00:00,1051.0,769.84045
2025-10-26 21:00:00,552.0,567.36
2025-10-26 22:00:00,86.0,413.96207
2025-10-26 23:00:00,146.0,321.5843
2025-10-27 00:00:00,71.0,224.65125
2025-10-27 01:00:00,42.0,183.64313
2025-10-27 02:00:00,37.0,188.04138
2025-10-27 03:00:00,54.0,238.30072
2025-10-27 04:00:00,164.0,300.352
2025-10-27 05:00:00,784.0,428.281
2025-10-27 06:00:00,2239.0,579.54034
2025-10-27 07:00:00,2355.0,757.9758
2025-10-27 08:00:00,1624.0,932.5549
2025-10-27 09:00:00,629.0,1108.3342
2025-10-27 10:00:00,436.0,1262.8763
2025-10-27 11:00:00,409.0,1385.6687
2025-10-27 12:00:00,799.0,1469.4607
2025-10-27 13:00:00,1133.0,1514.8948
2025-10-27 14:00:00,1229.0,1511.2935
2025-10-27 15:00:00,731.0,1460.8474
2025-10-27 16:00:00,1076.0,1373.4855
2025-10-27 17:00:00,1419.0,1246.0397
2025-10-27 18:00:00,1179.0,1084.7253
2025-10-27 19:00:00,381.0,971.0021
2025-10-27 20:00:00,242.0,762.9478
2025-10-27 21:00:00,263.0,594.21387
2025-10-27 22:00:00,263.0,412.58047
2025-10-27 23:00:00,104.0,319.13434
2025-10-28 00:00:00,48.0,170.68317
2025-10-28 01:00:00,47.0,156.24017
2025-10-28 02:00:00,33.0,161.29987
2025-10-28 03:00:00,73.0,212.3562
2025-10-28 04:00:00,140.0,301.79523
2025-10-28 05:00:00,814.0,431.4114
2025-10-28 06:00:00,2042.0,586.97766
2025-10-28 07:00:00,1379.0,790.3169
2025-10-28 08:00:00,874.0,992.3489
2025-10-28 09:00:00,1170.0,1165.4878
2025-10-28 10:00:00,1036.0,1320.8164
2025-10-28 11:00:00,1068.0,1452.4619
2025-10-28 12:00:00,1026.0,1538.9419
2025-10-28 13:00:00,1215.0,1585.1123
2025-10-28 14:00:00,1147.0,1583.228
2025-10-28 15:00:00,1300.0,1532.2192
2025-10-28 16:00:00,1447.0,1440.6738
2025-10-28 17:00:00,1665.0,1278.8047
2025-10-28 18:00:00,1252.0,1118.4993
2025-10-28 19:00:00,712.0,942.50543
2025-10-28 20:00:00,429.0,732.33167
2025-10-28 21:00:00,338.0,559.5196
2025-10-28 22:00:00,277.0,406.16425
2025-10-28 23:00:00,140.0,279.33618
2025-10-29 00:00:00,71.0,190.018
2025-10-29 01:00:00,39.0,147.18689
2025-10-29 02:00:00,32.0,150.12689
2025-10-29 03:00:00,58.0,199.65723
2025-10-29 04:00:00,141.0,290.18988
2025-10-29 05:00:00,725.0,420.53522
2025-10-29 06:00:00,2154.0,572.82043
2025-10-29 07:00:00,2481.0,802.099
2025-10-29 08:00:00,1579.0,982.77484
2025-10-29 09:00:00,1149.0,1157.7743
2025-10-29 10:00:00,1144.0,1314.4105
2025-10-29 11:00:00,1062.0,1443.426
2025-10-29 12:00:00,1107.0,1533.8989
2025-10-29 13:00:00,1357.0,1583.1042
2025-10-29 14:00:00,1285.0,1578.4541
2025-10-29 15:00:00,1405.0,1503.3113
2025-10-29 16:00:00,1595.0,1409.211
2025-10-29 17:00:00,1780.0,1277.4073
2025-10-29 18:00:00,1311.0,1120.3829
2025-10-29 19:00:00,742.0,946.21204
2025-10-29 20:00:00,511.0,738.9548
2025-10-29 21:00:00,354.0,567.6011
2025-10-29 22:00:00,318.0,382.75436
2025-10-29 23:00:00,155.0,265.34552
2025-10-30 00:00:00,61.0,213.19977
2025-10-30 01:00:00,48.0,161.17004
2025-10-30 02:00:00,39.0,195.966
2025-10-30 03:00:00,53.0,246.65765
2025-10-30 04:00:00,151.0,341.92975
2025-10-30 05:00:00,760.0,441.4451
2025-10-30 06:00:00,1023.0,597.766
2025-10-30 07:00:00,2195.0,831.8419
2025-10-30 08:00:00,1578.0,948.9323
2025-10-30 09:00:00,759.0,1117.9375
2025-10-30 10:00:00,701.0,1331.062
2025-10-30 11:00:00,853.0,1456.7964
2025-10-30 12:00:00,546.0,1542.8944
2025-10-30 13:00:00,452.0,1584.6321
2025-10-30 14:00:00,1035.0,1581.3275
2025-10-30 15:00:00,1383.0,1531.4324
2025-10-30 16:00:00,1565.0,1438.7122
2025-10-30 17:00:00,1794.0,1308.3668
2025-10-30 18:00:00,1401.0,1151.707
2025-10-30 19:00:00,792.0,978.9944
2025-10-30 20:00:00,481.0,769.9143
2025-10-30 21:00:00,406.0,598.1959
2025-10-30 22:00:00,352.0,443.74686
2025-10-30 23:00:00,128.0,321.65814
2025-10-31 00:00:00,66.0,274.0315
2025-10-31 01:00:00,37.0,230.8357
2025-10-31 02:00:00,30.0,233.04669
2025-10-31 03:00:00,53.0,278.20215
2025-10-31 04:00:00,133.0,369.0995
2025-10-31 05:00:00,650.0,498.35117
2025-10-31 06:00:00,1851.0,653.9175
2025-10-31 07:00:00,2115.0,851.4584
2025-10-31 08:00:00,1355.0,1059.8616
2025-10-31 09:00:00,1180.0,1233.4027
2025-10-31 10:00:00,1161.0,1389.2144
2025-10-31 11:00:00,1245.0,1520.0354
2025-10-31 12:00:00,1305.0,1607.6091
2025-10-31 13:00:00,1590.0,1629.5875
2025-10-31 14:00:00,1663.0,1653.3738
2025-10-31 15:00:00,1760.0,1580.1116
2025-10-31 16:00:00,1954.0,1483.0166
2025-10-31 17:00:00,2001.0,1350.8484
2025-10-31 18:00:00,1579.0,1194.5532
2025-10-31 19:00:00,983.0,1017.4657
2025-10-31 20:00:00,695.0,808.021
2025-10-31 21:00:00,519.0,636.30273
2025-10-31 22:00:00,403.0,482.58276
2025-10-31 23:00:00,307.0,357.21295
2025-11-01 00:00:00,185.0,167.47742
2025-11-01 01:00:00,114.0,121.729614
2025-11-01 02:00:00,72.0,124.66968
2025-11-01 03:00:00,72.0,173.47089
2025-11-01 04:00:00,84.0,264.73285
2025-11-01 05:00:00,139.0,394.349
2025-11-01 06:00:00,384.0,549.5508
2025-11-01 07:00:00,567.0,753.6191
2025-11-01 08:00:00,859.0,933.5308
2025-11-01 09:00:00,1263.0,1105.2493
2025-11-01 10:00:00,1408.0,1259.6982
2025-11-01 11:00:00,1433.0,1385.0681
2025-11-01 12:00:00,1393.0,1477.3638
2025-11-01 13:00:00,1572.0,1522.7471
2025-11-01 14:00:00,1637.0,1517.9841
2025-11-01 15:00:00,1729.0,1469.9121
2025-11-01 16:00:00,1895.0,1379.0146
2025-11-01 17:00:00,1778.0,1246.4818
2025-11-01 18:00:00,1216.0,1092.0093
2025-11-01 19:00:00,875.0,857.4077
2025-11-01 20:00:00,616.0,708.0292
2025-11-01 21:00:00,563.0,536.31085
2025-11-01 22:00:00,479.0,383.68463
2025-11-01 23:00:00,446.0,261.23138
2025-11-02 00:00:00,291.0,224.0567
2025-11-02 01:00:00,148.0,183.64185
2025-11-02 02:00:00,69.0,215.65698
2025-11-02 03:00:00,68.0,241.61444
2025-11-02 04:00:00,69.0,328.7221
2025-11-02 05:00:00,66.0,455.78632
2025-11-02 06:00:00,141.0,616.4904
2025-11-02 07:00:00,237.0,785.4388
2025-11-02 08:00:00,432.0,960.8572
2025-11-02 09:00:00,829.0,1131.5497
2025-11-02 10:00:00,523.0,1280.8438
2025-11-02 11:00:00,615.0,1408.4517
2025-11-02 12:00:00,899.0,1493.4136
2025-11-02 13:00:00,1232.0,1532.0736
2025-11-02 14:00:00,914.0,1523.75
2025-11-02 15:00:00,1558.0,1474.4738
2025-11-02 16:00:00,986.0,1379.3119
2025-11-02 17:00:00,943.0,1311.2878
2025-11-02 18:00:00,767.0,1156.0863
2025-11-02 19:00:00,369.0,920.1621
2025-11-02 20:00:00,262.0,745.015
2025-11-02 21:00:00,127.0,573.1357
2025-11-02 22:00:00,267.0,450.31348
2025-11-02 23:00:00,159.0,327.1311
2025-11-03 00:00:00,68.0,209.55212
2025-11-03 01:00:00,41.0,138.56177
2025-11-03 02:00:00,31.0,167.83826
2025-11-03 03:00:00,64.0,218.4621
2025-11-03 04:00:00,147.0,310.81775
2025-11-03 05:00:00,694.0,437.15283
2025-11-03 06:00:00,1791.0,590.8963
2025-11-03 07:00:00,1082.0,787.88165
2025-11-03 08:00:00,528.0,996.07367
2025-11-03 09:00:00,1097.0,1149.0109
2025-11-03 10:00:00,979.0,1328.5745
2025-11-03 11:00:00,955.0,1430.2502
2025-11-03 12:00:00,940.0,1541.3096
2025-11-03 13:00:00,1145.0,1583.0444
2025-11-03 14:00:00,1211.0,1579.4707
2025-11-03 15:00:00,474.0,1529.5757
2025-11-03 16:00:00,1352.0,1409.6893
2025-11-03 17:00:00,1541.0,1280.5359
2025-11-03 18:00:00,1237.0,1118.043
2025-11-03 19:00:00,687.0,947.5177
2025-11-03 20:00:00,431.0,734.06287
2025-11-03 21:00:00,279.0,564.16736
2025-11-03 22:00:00,250.0,409.3537
2025-11-03 23:00:00,112.0,283.61932
2025-11-04 00:00:00,61.0,167.57892
2025-11-04 01:00:00,41.0,127.66412
2025-11-04 02:00:00,27.0,128.41687
2025-11-04 03:00:00,57.0,176.48877
2025-11-04 04:00:00,138.0,267.02142
2025-11-04 05:00:00,762.0,394.81476
2025-11-04 06:00:00,2187.0,549.652
2025-11-04 07:00:00,2536.0,751.12787
2025-11-04 08:00:00,1666.0,957.4768
2025-11-04 09:00:00,1004.0,1132.4185
2025-11-04 10:00:00,1007.0,1288.6901
2025-11-04 11:00:00,1039.0,1416.2473
2025-11-04 12:00:00,978.0,1505.262
2025-11-04 13:00:00,1188.0,1551.7388
2025-11-04 14:00:00,1191.0,1550.257
2025-11-04 15:00:00,1334.0,1501.0913
2025-11-04 16:00:00,1487.0,1380.438
2025-11-04 17:00:00,1667.0,1246.2184
2025-11-04 18:00:00,1252.0,1091.0168
2025-11-04 19:00:00,693.0,917.575
2025-11-04 20:00:00,404.0,703.391
2025-11-04 21:00:00,314.0,530.57886
2025-11-04 22:00:00,255.0,376.85898
2025-11-04 23:00:00,117.0,254.04114
2025-11-05 00:00:00,54.0,165.82898
2025-11-05 01:00:00,34.0,122.9978
2025-11-05 02:00:00,27.0,124.11499
2025-11-05 03:00:00,55.0,175.46814
2025-11-05 04:00:00,142.0,268.5528
2025-11-05 05:00:00,740.0,394.1587
2025-11-05 06:00:00,2130.0,549.3605
2025-11-05 07:00:00,2493.0,751.04755
2025-11-05 08:00:00,1492.0,956.3028
2025-11-05 09:00:00,1104.0,1133.2206
2025-11-05 10:00:00,1046.0,1288.034
2025-11-05 11:00:00,1016.0,1415.5913
2025-11-05 12:00:00,1066.0,1504.9705
2025-11-05 13:00:00,1237.0,1551.0828
2025-11-05 14:00:00,1242.0,1549.601
2025-11-05 15:00:00,1367.0,1499.3414
2025-11-05 16:00:00,1570.0,1377.8058
2025-11-05 17:00:00,1674.0,1247.0206
2025-11-05 18:00:00,1281.0,1087.4442
2025-11-05 19:00:00,707.0,911.0859
2025-11-05 20:00:00,439.0,700.9121
2025-11-05 21:00:00,345.0,528.0999
2025-11-05 22:00:00,259.0,373.65094
2025-11-05 23:00:00,133.0,250.4685
2025-11-06 00:00:00,55.0,194.24847
2025-11-06 01:00:00,44.0,153.60498
2025-11-06 02:00:00,40.0,156.54504
2025-11-06 03:00:00,57.0,202.79388
2025-11-06 04:00:00,139.0,296.97235
2025-11-06 05:00:00,783.0,424.40112
2025-11-06 06:00:00,1705.0,577.78
2025-11-06 07:00:00,2194.0,784.4004
2025-11-06 08:00:00,1636.0,962.85394
2025-11-06 09:00:00,1106.0,1135.3014
2025-11-06 10:00:00,1072.0,1288.6565
2025-11-06 11:00:00,1035.0,1414.0264
2025-11-06 12:00:00,993.0,1500.8535
2025-11-06 13:00:00,1192.0,1543.3203
2025-11-06 14:00:00,1285.0,1537.0962
2025-11-06 15:00:00,1403.0,1484.9937
2025-11-06 16:00:00,1662.0,1395.2131
2025-11-06 17:00:00,1697.0,1262.6803
2025-11-06 18:00:00,1279.0,1107.4788
2025-11-06 19:00:00,688.0,934.0369
2025-11-06 20:00:00,417.0,726.41516
2025-11-06 21:00:00,374.0,556.51965
2025-11-06 22:00:00,326.0,402.79965
2025-11-06 23:00:00,122.0,279.61725
2025-11-07 00:00:00,71.0,234.55457
2025-11-07 01:00:00,37.0,192.08795
2025-11-07 02:00:00,31.0,195.02814
2025-11-07 03:00:00,48.0,245.6521
2025-11-07 04:00:00,112.0,338.0077
2025-11-07 05:00:00,662.0,465.0719
2025-11-07 06:00:00,1908.0,619.90906
2025-11-07 07:00:00,2033.0,823.61285
2025-11-07 08:00:00,1389.0,1002.431
2025-11-07 09:00:00,1147.0,1174.5139
2025-11-07 10:00:00,1144.0,1326.7754
2025-11-07 11:00:00,1082.0,1451.416
2025-11-07 12:00:00,1159.0,1539.3369
2025-11-07 13:00:00,1334.0,1582.1682
2025-11-07 14:00:00,1404.0,1578.499
2025-11-07 15:00:00,1602.0,1529.4866
2025-11-07 16:00:00,1836.0,1436.2483
2025-11-07 17:00:00,1887.0,1305.9031
2025-11-07 18:00:00,1462.0,1149.6078
2025-11-07 19:00:00,867.0,976.89514
2025-11-07 20:00:00,609.0,766.35675
2025-11-07 21:00:00,434.0,596.8258
2025-11-07 22:00:00,388.0,442.7413
2025-11-07 23:00:00,296.0,319.92346
2025-11-08 00:00:00,201.0,243.96228
2025-11-08 01:00:00,102.0,201.49567
2025-11-08 02:00:00,64.0,204.43573
2025-11-08 03:00:00,72.0,254.33063
2025-11-08 04:00:00,87.0,345.59253
2025-11-08 05:00:00,159.0,473.3859
2025-11-08 06:00:00,491.0,628.9523
2025-11-08 07:00:00,847.0,833.02057
2025-11-08 08:00:00,1065.0,1010.745
2025-11-08 09:00:00,1274.0,1181.3696
2025-11-08 10:00:00,1380.0,1333.2665
2025-11-08 11:00:00,1383.0,1457.9072
2025-11-08 12:00:00,1351.0,1545.0989
2025-11-08 13:00:00,1475.0,1589.0239
2025-11-08 14:00:00,1584.0,1587.1775
2025-11-08 15:00:00,1822.0,1537.2826
2025-11-08 16:00:00,1901.0,1443.8333
2025-11-08 17:00:00,1787.0,1314.5815
2025-11-08 18:00:00,1281.0,1157.5573
2025-11-08 19:00:00,754.0,983.75085
2025-11-08 20:00:00,579.0,772.48334
2025-11-08 21:00:00,451.0,602.5879
2025-11-08 22:00:00,454.0,451.78445
2025-11-08 23:00:00,419.0,329.33118
2025-11-09 00:00:00,285.0,228.51001
2025-11-09 01:00:00,216.0,187.13708
2025-11-09 02:00:00,110.0,192.26459
2025-11-09 03:00:00,119.0,243.25311
2025-11-09 04:00:00,73.0,335.60876
2025-11-09 05:00:00,72.0,464.49582
2025-11-09 06:00:00,160.0,620.7914
2025-11-09 07:00:00,178.0,827.04706
2025-11-09 08:00:00,478.0,1006.9589
2025-11-09 09:00:00,787.0,1179.0417
2025-11-09 10:00:00,1140.0,1332.397
2025-11-09 11:00:00,1327.0,1457.0376
2025-11-09 12:00:00,1468.0,1544.594
2025-11-09 13:00:00,1709.0,1588.1544
2025-11-09 14:00:00,1921.0,1585.5789
2025-11-09 15:00:00,2112.0,1534.9548
2025-11-09 16:00:00,2055.0,1442.2346
2025-11-09 17:00:00,2045.0,1311.5247
2025-11-09 18:00:00,1466.0,1152.3129
2025-11-09 19:00:00,1233.0,980.69385
2025-11-09 20:00:00,897.0,771.9784
2025-11-09 21:00:00,577.0,600.9214
2025-11-09 22:00:00,355.0,448.72745
2025-11-09 23:00:00,174.0,324.45135
2025-11-10 00:00:00,83.0,211.59192
2025-11-10 01:00:00,48.0,172.04205
2025-11-10 02:00:00,48.0,177.16956
2025-11-10 03:00:00,53.0,224.5122
2025-11-10 04:00:00,162.0,316.5033
2025-11-10 05:00:00,828.0,444.6612
2025-11-10 06:00:00,2288.0,600.22754
2025-11-10 07:00:00,2463.0,804.6604
2025-11-10 08:00:00,1378.0,980.9266
2025-11-10 09:00:00,1022.0,1151.9158
2025-11-10 10:00:00,1012.0,1305.271
2025-11-10 11:00:00,978.0,1429.5471
2025-11-10 12:00:00,1054.0,1515.2805
2025-11-10 13:00:00,1188.0,1558.1118
2025-11-10 14:00:00,1194.0,1554.4425
2025-11-10 15:00:00,1306.0,1504.1831
2025-11-10 16:00:00,1407.0,1411.0983
2025-11-10 17:00:00,1629.0,1281.482
2025-11-10 18:00:00,1142.0,1123.7285
2025-11-10 19:00:00,626.0,948.8284
2025-11-10 20:00:00,443.0,739.0192
2025-11-10 21:00:00,352.0,567.3009
2025-11-10 22:00:00,236.0,415.4038
2025-11-10 23:00:00,123.0,290.76312
2025-11-11 00:00:00,59.0,176.55725
2025-11-11 01:00:00,37.0,137.00708
2025-11-11 02:00:00,31.0,140.31183
2025-11-11 03:00:00,57.0,190.57117
2025-11-11 04:00:00,136.0,282.1975
2025-11-11 05:00:00,779.0,410.35544
2025-11-11 06:00:00,2159.0,564.09894
2025-11-11 07:00:00,2525.0,765.97986
2025-11-11 08:00:00,1479.0,971.9266
2025-11-11 09:00:00,1159.0,1143.9487
2025-11-11 10:00:00,1056.0,1300.2205
2025-11-11 11:00:00,945.0,1427.0486
2025-11-11 12:00:00,1000.0,1516.4277
2025-11-11 13:00:00,1186.0,1560.7173
2025-11-11 14:00:00,1217.0,1559.2354
2025-11-11 15:00:00,1341.0,1513.7961
2025-11-11 16:00:00,1532.0,1391.3752
2025-11-11 17:00:00,1615.0,1258.8425
2025-11-11 18:00:00,1268.0,1101.4535
2025-11-11 19:00:00,670.0,926.55347
2025-11-11 20:00:00,369.0,713.46313
2025-11-11 21:00:00,305.0,540.28644
2025-11-11 22:00:00,271.0,388.0248
2025-11-11 23:00:00,140.0,262.2904
2025-11-12 00:00:00,60.0,174.81909
2025-11-12 01:00:00,40.0,130.89423
2025-11-12 02:00:00,41.0,133.83423
2025-11-12 03:00:00,58.0,184.09357
2025-11-12 04:00:00,138.0,275.35535
2025-11-12 05:00:00,691.0,402.4196
2025-11-12 06:00:00,2127.0,557.62146
2025-11-12 07:00:00,2397.0,762.4188
2025-11-12 08:00:00,1582.0,967.82745
2025-11-12 09:00:00,1157.0,1140.0232
2025-11-12 10:00:00,1072.0,1297.7532
2025-11-12 11:00:00,1046.0,1423.8522
2025-11-12 12:00:00,1106.0,1513.9604
2025-11-12 13:00:00,1259.0,1558.6145
2025-11-12 14:00:00,1285.0,1560.6278
2025-11-12 15:00:00,1317.0,1486.3676
2025-11-12 16:00:00,1569.0,1388.908
2025-11-12 17:00:00,1746.0,1256.0106
2025-11-12 18:00:00,1250.0,1101.1737
2025-11-12 19:00:00,668.0,924.0862
2025-11-12 20:00:00,395.0,716.0998
2025-11-12 21:00:00,347.0,545.4751
2025-11-12 22:00:00,235.0,392.84888
2025-11-12 23:00:00,145.0,265.2917
2025-11-13 00:00:00,81.0,209.81238
2025-11-13 01:00:00,40.0,167.34589
2025-11-13 02:00:00,35.0,174.29626
2025-11-13 03:00:00,50.0,223.46173
2025-11-13 04:00:00,143.0,313.9945
2025-11-13 05:00:00,709.0,443.61075
2025-11-13 06:00:00,2212.0,599.17706
2025-11-13 07:00:00,2549.0,804.3391
2025-11-13 08:00:00,1538.0,986.0738
2025-11-13 09:00:00,1264.0,1188.7979
2025-11-13 10:00:00,1105.0,1340.3071
2025-11-13 11:00:00,1036.0,1469.7827
2025-11-13 12:00:00,1110.0,1558.7972
2025-11-13 13:00:00,1229.0,1605.2743
2025-11-13 14:00:00,1285.0,1606.3444
2025-11-13 15:00:00,1431.0,1555.1648
2025-11-13 16:00:00,1669.0,1434.8385
2025-11-13 17:00:00,1810.0,1301.212
2025-11-13 18:00:00,1416.0,1142.7294
2025-11-13 19:00:00,687.0,967.8293
2025-11-13 20:00:00,468.0,755.83264
2025-11-13 21:00:00,360.0,584.4789
2025-11-13 22:00:00,305.0,429.6652
2025-11-13 23:00:00,121.0,304.65997
2025-11-14 00:00:00,98.0,258.1505
2025-11-14 01:00:00,33.0,213.13196
2025-11-14 02:00:00,51.0,214.9784
2025-11-14 03:00:00,53.0,265.6023
2025-11-14 04:00:00,137.0,356.13507
2025-11-14 05:00:00,632.0,485.02213
2025-11-14 06:00:00,1904.0,642.04675
2025-11-14 07:00:00,2129.0,847.57336
2025-11-14 08:00:00,1434.0,1024.9332
2025-11-14 09:00:00,1145.0,1200.2972
2025-11-14 10:00:00,1154.0,1359.7922
2025-11-14 11:00:00,1106.0,1481.3978
2025-11-14 12:00:00,1250.0,1574.599
2025-11-14 13:00:00,1460.0,1624.7217
2025-11-14 14:00:00,1545.0,1618.865
2025-11-14 15:00:00,1729.0,1566.7827
2025-11-14 16:00:00,1975.0,1470.0522
2025-11-14 17:00:00,1889.0,1342.988
2025-11-14 18:00:00,1504.0,1187.0574
2025-11-14 19:00:00,911.0,1012.88635
2025-11-14 20:00:00,613.0,804.5354
2025-11-14 21:00:00,419.0,632.08795
2025-11-14 22:00:00,363.0,483.47195
2025-11-14 23:00:00,279.0,358.46667
2025-11-15 00:00:00,172.0,283.2461
2025-11-15 01:00:00,86.0,236.76917
2025-11-15 02:00:00,64.0,241.5321
2025-11-15 03:00:00,60.0,288.14587
2025-11-15 04:00:00,57.0,381.23065
2025-11-15 05:00:00,172.0,507.5657
2025-11-15 06:00:00,475.0,659.48645
2025-11-15 07:00:00,827.0,860.6382
2025-11-15 08:00:00,1122.0,1065.2222
2025-11-15 09:00:00,1329.0,1238.2627
2025-11-15 10:00:00,1435.0,1394.1497
2025-11-15 11:00:00,1451.0,1519.1549
2025-11-15 12:00:00,1471.0,1610.7216
2025-11-15 13:00:00,1544.0,1656.8918
2025-11-15 14:00:00,1620.0,1632.2944
2025-11-15 15:00:00,1688.0,1580.134
2025-11-15 16:00:00,1838.0,1486.0336
2025-11-15 17:00:00,1821.0,1356.782
2025-11-15 18:00:00,1242.0,1197.5702
2025-11-15 19:00:00,743.0,1022.67004
2025-11-15 20:00:00,562.0,811.038
2025-11-15 21:00:00,519.0,638.5906
2025-11-15 22:00:00,435.0,484.50598
2025-11-15 23:00:00,410.0,361.32355
2025-11-16 00:00:00,232.0,253.95154
2025-11-16 01:00:00,136.0,208.56836
2025-11-16 02:00:00,78.0,210.4148
2025-11-16 03:00:00,54.0,260.67413
2025-11-16 04:00:00,43.0,351.9361
2025-11-16 05:00:00,63.0,480.09396
2025-11-16 06:00:00,151.0,635.2958
2025-11-16 07:00:00,208.0,841.18695
2025-11-16 08:00:00,434.0,1020.3697
2025-11-16 09:00:00,806.0,1191.7234
2025-11-16 10:00:00,1087.0,1345.0786
2025-11-16 11:00:00,1318.0,1468.99
2025-11-16 12:00:00,1459.0,1556.9111
2025-11-16 13:00:00,1596.0,1600.4716
2025-11-16 14:00:00,1731.0,1594.2504
2025-11-16 15:00:00,1914.0,1547.2719
2025-11-16 16:00:00,2005.0,1452.7288
2025-11-16 17:00:00,1865.0,1323.1125
2025-11-16 18:00:00,1375.0,1165.359
2025-11-16 19:00:00,1164.0,992.64636
2025-11-16 20:00:00,1022.0,785.02454
2025-11-16 21:00:00,614.0,616.9519
2025-11-16 22:00:00,324.0,461.77362
2025-11-16 23:00:00,167.0,337.4975
2025-11-17 00:00:00,71.0,221.7644
2025-11-17 01:00:00,50.0,181.12085
2025-11-17 02:00:00,30.0,184.06085
2025-11-17 03:00:00,54.0,232.49731
2025-11-17 04:00:00,154.0,327.40485
2025-11-17 05:00:00,840.0,456.65652
2025-11-17 06:00:00,1577.0,580.6637
2025-11-17 07:00:00,448.0,753.90204
2025-11-17 08:00:00,582.0,932.0589
2025-11-17 09:00:00,686.0,1105.2184
2025-11-17 10:00:00,495.0,1261.7952
2025-11-17 11:00:00,329.0,1380.781
2025-11-17 12:00:00,938.0,1467.4382
2025-11-17 13:00:00,1150.0,1500.5364
2025-11-17 14:00:00,838.0,1484.1838
2025-11-17 15:00:00,1213.0,1493.3639
2025-11-17 16:00:00,1222.0,1400.1257
2025-11-17 17:00:00,1077.0,1271.2386
2025-11-17 18:00:00,773.0,1114.8756
2025-11-17 19:00:00,455.0,940.04333
2025-11-17 20:00:00,459.0,732.78613
2025-11-17 21:00:00,240.0,561.0679
2025-11-17 22:00:00,242.0,409.53525
2025-11-17 23:00:00,95.0,284.8946
2025-11-18 00:00:00,50.0,166.32501
2025-11-18 01:00:00,38.0,122.03546
2025-11-18 02:00:00,33.0,126.7984
2025-11-18 03:00:00,43.0,175.23499
2025-11-18 04:00:00,135.0,264.67395
2025-11-18 05:00:00,723.0,392.83188
2025-11-18 06:00:00,2164.0,548.7627
2025-11-18 07:00:00,2585.0,751.3728
2025-11-18 08:00:00,1595.0,932.0138
2025-11-18 09:00:00,1116.0,1105.9196
2025-11-18 10:00:00,972.0,1257.4895
2025-11-18 11:00:00,1014.0,1377.388
2025-11-18 12:00:00,1007.0,1492.9783
2025-11-18 13:00:00,1117.0,1534.1951
2025-11-18 14:00:00,1169.0,1505.2202
2025-11-18 15:00:00,1001.0,1455.959
2025-11-18 16:00:00,1002.0,1363.6438
2025-11-18 17:00:00,1065.0,1232.5693
2025-11-18 18:00:00,1142.0,1072.9929
2025-11-18 19:00:00,535.0,898.82196
2025-11-18 20:00:00,394.0,689.3773
2025-11-18 21:00:00,313.0,517.2943
2025-11-18 22:00:00,246.0,367.22015
2025-11-18 23:00:00,120.0,243.3086
2025-11-19 00:00:00,54.0,157.30652
2025-11-19 01:00:00,42.0,111.92334
2025-11-19 02:00:00,30.0,115.59253
2025-11-19 03:00:00,32.0,164.02905
2025-11-19 04:00:00,139.0,256.38458
2025-11-19 05:00:00,657.0,384.17792
2025-11-19 06:00:00,1930.0,539.01514
2025-11-19 07:00:00,1534.0,744.9063
2025-11-19 08:00:00,809.0,919.1733
2025-11-19 09:00:00,968.0,1117.7714
2025-11-19 10:00:00,1115.0,1275.5012
2025-11-19 11:00:00,1122.0,1399.9885
2025-11-19 12:00:00,1090.0,1486.24
2025-11-19 13:00:00,1113.0,1508.9099
2025-11-19 14:00:00,1281.0,1507.4482
2025-11-19 15:00:00,1247.0,1457.1887
2025-11-19 16:00:00,1219.0,1364.104
2025-11-19 17:00:00,1170.0,1234.1233
2025-11-19 18:00:00,1276.0,1077.0989
2025-11-19 19:00:00,660.0,904.7508
2025-11-19 20:00:00,425.0,694.9416
2025-11-19 21:00:00,324.0,523.58777
2025-11-19 22:00:00,256.0,371.3261
2025-11-19 23:00:00,132.0,250.69568
2025-11-20 00:00:00,55.0,196.68555
2025-11-20 01:00:00,30.0,124.53369
2025-11-20 02:00:00,34.0,128.15216
2025-11-20 03:00:00,60.0,209.9704
2025-11-20 04:00:00,127.0,303.0551
2025-11-20 05:00:00,725.0,430.84848
2025-11-20 06:00:00,2011.0,554.8557
2025-11-20 07:00:00,1883.0,727.2717
2025-11-20 08:00:00,886.0,967.4785
2025-11-20 09:00:00,1093.0,1138.0829
2025-11-20 10:00:00,945.0,1290.9779
2025-11-20 11:00:00,890.0,1412.9885
2025-11-20 12:00:00,909.0,1501.1409
2025-11-20 13:00:00,1162.0,1543.8767
2025-11-20 14:00:00,1178.0,1471.3817
2025-11-20 15:00:00,1087.0,1479.4332
2025-11-20 16:00:00,1019.0,1388.5359
2025-11-20 17:00:00,1094.0,1199.5404
2025-11-20 18:00:00,1156.0,1040.0065
2025-11-20 19:00:00,639.0,929.1827
2025-11-20 20:00:00,408.0,720.46716
2025-11-20 21:00:00,320.0,550.5039
2025-11-20 22:00:00,246.0,397.94537
2025-11-20 23:00:00,60.0,275.8567
2025-11-21 00:00:00,34.0,229.3581
2025-11-21 01:00:00,42.0,186.89154
2025-11-21 02:00:00,34.0,171.73065
2025-11-21 03:00:00,50.0,237.83575
2025-11-21 04:00:00,120.0,329.5301
2025-11-21 05:00:00,586.0,458.41714
2025-11-21 06:00:00,1620.0,614.71265
2025-11-21 07:00:00,1978.0,819.1455
2025-11-21 08:00:00,1275.0,996.87
2025-11-21 09:00:00,993.0,1167.8591
2025-11-21 10:00:00,1024.0,1319.3915
2025-11-21 11:00:00,1103.0,1442.5739
2025-11-21 12:00:00,638.0,1528.6719
2025-11-21 13:00:00,810.0,1570.4094
2025-11-21 14:00:00,834.0,1566.0112
2025-11-21 15:00:00,1193.0,1515.0225
2025-11-21 16:00:00,1017.0,1421.5731
2025-11-21 17:00:00,1157.0,1292.686
2025-11-21 18:00:00,1320.0,1137.4845
2025-11-21 19:00:00,695.0,964.4072
2025-11-21 20:00:00,317.0,754.9626
2025-11-21 21:00:00,391.0,583.6089
2025-11-21 22:00:00,349.0,431.7117
2025-11-21 23:00:00,263.0,308.5293
2025-11-22 00:00:00,149.0,232.95483
2025-11-22 01:00:00,93.0,190.12366
2025-11-22 02:00:00,57.0,193.42834
2025-11-22 03:00:00,43.0,243.68774
2025-11-22 04:00:00,80.0,334.94965
2025-11-22 05:00:00,169.0,462.37845
2025-11-22 06:00:00,356.0,617.9448
2025-11-22 07:00:00,710.0,822.0131
2025-11-22 08:00:00,912.0,999.73755
2025-11-22 09:00:00,1164.0,1170.7268
2025-11-22 10:00:00,1309.0,1322.968
2025-11-22 11:00:00,971.0,1447.9934
2025-11-22 12:00:00,1424.0,1529.714
2025-11-22 13:00:00,1497.0,1603.707
2025-11-22 14:00:00,1268.0,1598.9441
2025-11-22 15:00:00,311.0,1549.1069
2025-11-22 16:00:00,1627.0,1429.1802
2025-11-22 17:00:00,1509.0,1299.5638
2025-11-22 18:00:00,932.0,1141.8104
2025-11-22 19:00:00,722.0,967.27484
2025-11-22 20:00:00,506.0,759.2885
2025-11-22 21:00:00,377.0,586.4765
2025-11-22 22:00:00,437.0,430.93362
2025-11-22 23:00:00,328.0,307.0221
2025-11-23 00:00:00,276.0,203.6709
2025-11-23 01:00:00,158.0,159.38147
2025-11-23 02:00:00,88.0,161.59235
2025-11-23 03:00:00,56.0,212.9455
2025-11-23 04:00:00,57.0,304.57196
2025-11-23 05:00:00,53.0,431.2716
2025-11-23 06:00:00,132.0,586.838
2025-11-23 07:00:00,156.0,790.54175
2025-11-23 08:00:00,383.0,997.0266
2025-11-23 09:00:00,708.0,1172.1794
2025-11-23 10:00:00,959.0,1324.8228
2025-11-23 11:00:00,1215.0,1427.2855
2025-11-23 12:00:00,1365.0,1512.6719
2025-11-23 13:00:00,1587.0,1557.384
2025-11-23 14:00:00,1728.0,1557.8234
2025-11-23 15:00:00,1819.0,1508.6572
2025-11-23 16:00:00,1893.0,1415.9371
2025-11-23 17:00:00,1290.0,1287.4146
2025-11-23 18:00:00,1468.0,1132.5778
2025-11-23 19:00:00,1036.0,960.95874
2025-11-23 20:00:00,678.0,721.4132
2025-11-23 21:00:00,200.0,551.9502
2025-11-23 22:00:00,111.0,401.2399
2025-11-23 23:00:00,125.0,278.78662
2025-11-24 00:00:00,61.0,166.46375
2025-11-24 01:00:00,38.0,125.31995
2025-11-24 02:00:00,21.0,132.22784
2025-11-24 03:00:00,54.0,182.32599
2025-11-24 04:00:00,142.0,276.66547
2025-11-24 05:00:00,783.0,409.95276
2025-11-24 06:00:00,2176.0,566.9774
2025-11-24 07:00:00,1755.0,733.61975
2025-11-24 08:00:00,1381.0,910.1573
2025-11-24 09:00:00,746.0,1082.698
2025-11-24 10:00:00,554.0,1236.9434
2025-11-24 11:00:00,447.0,1359.8967
2025-11-24 12:00:00,957.0,1446.1982
2025-11-24 13:00:00,1200.0,1493.5485
2025-11-24 14:00:00,1175.0,1489.2179
2025-11-24 15:00:00,1173.0,1438.9584
2025-11-24 16:00:00,1333.0,1346.5603
2025-11-24 17:00:00,1580.0,1214.4346
2025-11-24 18:00:00,1073.0,1054.8075
2025-11-24 19:00:00,697.0,888.46185
2025-11-24 20:00:00,415.0,704.506
2025-11-24 21:00:00,311.0,531.3718
2025-11-24 22:00:00,255.0,381.7553
2025-11-24 23:00:00,104.0,257.75055
2025-11-25 00:00:00,56.0,145.34656
2025-11-25 01:00:00,30.0,103.77014
2025-11-25 02:00:00,44.0,101.55554
2025-11-25 03:00:00,46.0,180.38965
2025-11-25 04:00:00,129.0,273.8388
2025-11-25 05:00:00,749.0,403.45505
2025-11-25 06:00:00,2151.0,558.9535
2025-11-25 07:00:00,1110.0,764.4801
2025-11-25 08:00:00,996.0,942.2045
2025-11-25 09:00:00,895.0,1114.2395
2025-11-25 10:00:00,1024.0,1270.2625
2025-11-25 11:00:00,979.0,1394.8452
2025-11-25 12:00:00,987.0,1418.5364
2025-11-25 13:00:00,866.0,1457.7976
2025-11-25 14:00:00,876.0,1456.5784
2025-11-25 15:00:00,1273.0,1400.6809
2025-11-25 16:00:00,1280.0,1308.3254
2025-11-25 17:00:00,1216.0,1179.0737
2025-11-25 18:00:00,1233.0,1023.76184
2025-11-25 19:00:00,668.0,846.32684
2025-11-25 20:00:00,390.0,666.3218
2025-11-25 21:00:00,283.0,526.7559
2025-11-25 22:00:00,288.0,348.18323
2025-11-25 23:00:00,182.0,224.06812
2025-11-26 00:00:00,56.0,135.99915
2025-11-26 01:00:00,43.0,91.455444
2025-11-26 02:00:00,39.0,94.73462
2025-11-26 03:00:00,48.0,145.45184
2025-11-26 04:00:00,118.0,238.5365
2025-11-26 05:00:00,709.0,366.6266
2025-11-26 06:00:00,1980.0,523.74445
2025-11-26 07:00:00,2349.0,756.56555
2025-11-26 08:00:00,1470.0,935.4516
2025-11-26 09:00:00,1083.0,1045.8745
2025-11-26 10:00:00,1009.0,1260.1605
2025-11-26 11:00:00,892.0,1320.4282
2025-11-26 12:00:00,1056.0,1468.3472
2025-11-26 13:00:00,1164.0,1511.1106
2025-11-26 14:00:00,1234.0,1444.7809
2025-11-26 15:00:00,1209.0,1454.6299
2025-11-26 16:00:00,1466.0,1361.9098
2025-11-26 17:00:00,1607.0,1233.0906
2025-11-26 18:00:00,1005.0,1077.5244
2025-11-26 19:00:00,653.0,905.1763
2025-11-26 20:00:00,431.0,696.4608
2025-11-26 21:00:00,269.0,496.48975
2025-11-26 22:00:00,179.0,342.33746
2025-11-26 23:00:00,133.0,250.39209
2025-11-27 00:00:00,63.0,195.66284
2025-11-27 01:00:00,40.0,153.56104
2025-11-27 02:00:00,34.0,157.23029
2025-11-27 03:00:00,48.0,206.76031
2025-11-27 04:00:00,125.0,298.38678
2025-11-27 05:00:00,719.0,425.45102
2025-11-27 06:00:00,1771.0,581.74646
2025-11-27 07:00:00,1033.0,784.7211
2025-11-27 08:00:00,886.0,963.9038
2025-11-27 09:00:00,941.0,1159.95
2025-11-27 10:00:00,940.0,1286.6135
2025-11-27 11:00:00,1084.0,1408.6067
2025-11-27 12:00:00,1043.0,1520.0684
2025-11-27 13:00:00,1335.0,1562.7463
2025-11-27 14:00:00,1282.0,1558.6545
2025-11-27 15:00:00,915.0,1508.3777
2025-11-27 16:00:00,777.0,1390.0653
2025-11-27 17:00:00,735.0,1259.3553
2025-11-27 18:00:00,1250.0,1101.6018
2025-11-27 19:00:00,725.0,928.5246
2025-11-27 20:00:00,475.0,716.8925
2025-11-27 21:00:00,369.0,544.8096
2025-11-27 22:00:00,284.0,392.18338
2025-11-27 23:00:00,140.0,269.00092
2025-11-28 00:00:00,78.0,222.14777
2025-11-28 01:00:00,59.0,178.22296
2025-11-28 02:00:00,42.0,182.25671
2025-11-28 03:00:00,39.0,230.32867
2025-11-28 04:00:00,126.0,322.68433
2025-11-28 05:00:00,624.0,451.2068
2025-11-28 06:00:00,1786.0,606.04395
2025-11-28 07:00:00,2022.0,810.84143
2025-11-28 08:00:00,1122.0,1014.77435
2025-11-28 09:00:00,1250.0,1186.623
2025-11-28 10:00:00,1168.0,1341.4364
2025-11-28 11:00:00,1177.0,1467.5354
2025-11-28 12:00:00,1247.0,1554.7273
2025-11-28 13:00:00,1247.0,1599.7458
2025-11-28 14:00:00,1581.0,1598.1887
2025-11-28 15:00:00,1087.0,1551.2131
2025-11-28 16:00:00,1018.0,1432.2266
2025-11-28 17:00:00,1393.0,1303.7041
2025-11-28 18:00:00,1366.0,1146.6797
2025-11-28 19:00:00,918.0,975.4253
2025-11-28 20:00:00,649.0,765.9807
2025-11-28 21:00:00,497.0,595.3561
2025-11-28 22:00:00,375.0,443.45892
2025-11-28 23:00:00,65.0,321.00568
2025-11-29 00:00:00,268.0,245.4411
2025-11-29 01:00:00,138.0,173.67053
2025-11-29 02:00:00,78.0,207.66956
2025-11-29 03:00:00,67.0,258.72595
2025-11-29 04:00:00,85.0,351.4461
2025-11-29 05:00:00,185.0,448.40945
2025-11-29 06:00:00,455.0,633.3476
2025-11-29 07:00:00,741.0,838.5096
2025-11-29 08:00:00,825.0,1017.6923
2025-11-29 09:00:00,518.0,1191.2335
2025-11-29 10:00:00,959.0,1346.0469
2025-11-29 11:00:00,1168.0,1470.6875
2025-11-29 12:00:00,1457.0,1579.8259
2025-11-29 13:00:00,1415.0,1621.5808
2025-11-29 14:00:00,1625.0,1619.37
2025-11-29 15:00:00,1659.0,1571.1849
2025-11-29 16:00:00,995.0,1452.6034
2025-11-29 17:00:00,1608.0,1321.1643
2025-11-29 18:00:00,872.0,1162.6816
2025-11-29 19:00:00,814.0,989.23987
2025-11-29 20:00:00,632.0,779.43066
2025-11-29 21:00:00,538.0,606.61865
2025-11-29 22:00:00,472.0,455.08606
2025-11-29 23:00:00,346.0,331.1745
2025-11-30 00:00:00,229.0,228.92676
2025-11-30 01:00:00,135.0,185.73102
2025-11-30 02:00:00,93.0,190.85846
2025-11-30 03:00:00,77.0,242.21155
2025-11-30 04:00:00,54.0,331.6507
2025-11-30 05:00:00,76.0,462.36057
2025-11-30 06:00:00,156.0,619.74976
2025-11-30 07:00:00,226.0,823.0889
2025-11-30 08:00:00,412.0,1001.9071
2025-11-30 09:00:00,776.0,1176.542
2025-11-30 10:00:00,1243.0,1330.2617
2025-11-30 11:00:00,1543.0,1454.9023
2025-11-30 12:00:00,1776.0,1543.1879
2025-11-30 13:00:00,2026.0,1587.1129
2025-11-30 14:00:00,2183.0,1583.8083
2025-11-30 15:00:00,2391.0,1533.5486
2025-11-30 16:00:00,1744.0,1441.9221
2025-11-30 17:00:00,1441.0,1313.035
2025-11-30 18:00:00,1531.0,1094.4863
2025-11-30 19:00:00,1198.0,919.1539
2025-11-30 20:00:00,663.0,739.76764
2025-11-30 21:00:00,345.0,567.02344
2025-11-30 22:00:00,362.0,412.41324
2025-11-30 23:00:00,153.0,319.33167
2025-12-01 00:00:00,79.0,190.83832
2025-12-01 01:00:00,39.0,117.83838
2025-12-01 02:00:00,41.0,120.61743
2025-12-01 03:00:00,50.0,201.57123
2025-12-01 04:00:00,141.0,293.19763
2025-12-01 05:00:00,812.0,421.42337
2025-12-01 06:00:00,2191.0,576.62506
2025-12-01 07:00:00,1166.0,781.7871
2025-12-01 08:00:00,1490.0,959.87616
2025-12-01 09:00:00,1209.0,1131.2299
2025-12-01 10:00:00,1108.0,1284.9497
2025-12-01 11:00:00,1066.0,1408.1321
2025-12-01 12:00:00,1058.0,1494.5946
2025-12-01 13:00:00,1156.0,1537.7905
2025-12-01 14:00:00,768.0,1533.0276
2025-12-01 15:00:00,786.0,1483.1326
2025-12-01 16:00:00,818.0,1390.0479
2025-12-01 17:00:00,943.0,1260.7963
2025-12-01 18:00:00,493.0,1104.1364
2025-12-01 19:00:00,317.0,927.0488
2025-12-01 20:00:00,452.0,715.05225
2025-12-01 21:00:00,356.0,542.96936
2025-12-01 22:00:00,263.0,390.7077
2025-12-01 23:00:00,106.0,268.25446
2025-12-02 00:00:00,49.0,148.97546
2025-12-02 01:00:00,37.0,107.96698
2025-12-02 02:00:00,36.0,115.64642
2025-12-02 03:00:00,39.0,164.81226
2025-12-02 04:00:00,150.0,254.25122
2025-12-02 05:00:00,755.0,381.31543
2025-12-02 06:00:00,1463.0,535.788
2025-12-02 07:00:00,1127.0,738.7627
2025-12-02 08:00:00,1603.0,911.78253
2025-12-02 09:00:00,1203.0,1111.6277
2025-12-02 10:00:00,1017.0,1267.5348
2025-12-02 11:00:00,1027.0,1391.4463
2025-12-02 12:00:00,971.0,1477.391
2025-12-02 13:00:00,686.0,1522.1985
2025-12-02 14:00:00,641.0,1518.5292
2025-12-02 15:00:00,1219.0,1469.4617
2025-12-02 16:00:00,915.0,1352.8564
2025-12-02 17:00:00,923.0,1220.3239
2025-12-02 18:00:00,1126.0,1066.2158
2025-12-02 19:00:00,668.0,892.4095
2025-12-02 20:00:00,417.0,681.14197
2025-12-02 21:00:00,317.0,510.51727
2025-12-02 22:00:00,210.0,357.52655
2025-12-02 23:00:00,138.0,235.80243
2025-12-03 00:00:00,69.0,149.0907
2025-12-03 01:00:00,42.0,106.98865
2025-12-03 02:00:00,31.0,110.6579
2025-12-03 03:00:00,37.0,160.1883
2025-12-03 04:00:00,131.0,252.17908
2025-12-03 05:00:00,493.0,380.7016
2025-12-03 06:00:00,1832.0,536.2679
2025-12-03 07:00:00,1162.0,740.33624
2025-12-03 08:00:00,829.0,918.7898
2025-12-03 09:00:00,699.0,1090.8727
2025-12-03 10:00:00,321.0,1243.4988
2025-12-03 11:00:00,98.0,1368.1394
2025-12-03 12:00:00,980.0,1454.2374
2025-12-03 13:00:00,1326.0,1497.0686
2025-12-03 14:00:00,1256.0,1493.0349
2025-12-03 15:00:00,1418.0,1442.0463
2025-12-03 16:00:00,1586.0,1348.9615
2025-12-03 17:00:00,1053.0,1219.71
2025-12-03 18:00:00,951.0,1063.4146
2025-12-03 19:00:00,419.0,889.6082
2025-12-03 20:00:00,153.0,681.6218
2025-12-03 21:00:00,344.0,511.3617
2025-12-03 22:00:00,291.0,360.55835
2025-12-03 23:00:00,165.0,237.01141
2025-12-04 00:00:00,81.0,181.19763
2025-12-04 01:00:00,35.0,137.63751
2025-12-04 02:00:00,28.0,141.67133
2025-12-04 03:00:00,44.0,190.83691
2025-12-04 04:00:00,134.0,283.19244
2025-12-04 05:00:00,747.0,411.3504
2025-12-04 06:00:00,2065.0,565.823
2025-12-04 07:00:00,1623.0,769.5268
2025-12-04 08:00:00,1490.0,948.345
2025-12-04 09:00:00,1225.0,1119.6986
2025-12-04 10:00:00,813.0,1272.6892
2025-12-04 11:00:00,947.0,1396.9653
2025-12-04 12:00:00,166.0,1484.8862
2025-12-04 13:00:00,681.0,1528.082
2025-12-04 14:00:00,478.0,1525.1418
2025-12-04 15:00:00,798.0,1473.7888
2025-12-04 16:00:00,338.0,1381.0686
2025-12-04 17:00:00,257.0,1250.3586
2025-12-04 18:00:00,1036.0,1094.0635
2025-12-04 19:00:00,710.0,922.809
2025-12-04 20:00:00,465.0,714.0935
2025-12-04 21:00:00,370.0,544.5626
2025-12-04 22:00:00,278.0,393.03006
2025-12-04 23:00:00,169.0,269.8476
2025-12-05 00:00:00,85.0,224.09717
2025-12-05 01:00:00,45.0,182.3598
2025-12-05 02:00:00,49.0,186.69019
2025-12-05 03:00:00,60.0,206.1875
2025-12-05 04:00:00,112.0,298.90765
2025-12-05 05:00:00,610.0,427.65903
2025-12-05 06:00:00,1779.0,584.91254
2025-12-05 07:00:00,1409.0,757.69305
2025-12-05 08:00:00,1354.0,934.7562
2025-12-05 09:00:00,1062.0,1106.2456
2025-12-05 10:00:00,1158.0,1321.7864
2025-12-05 11:00:00,776.0,1445.3335
2025-12-05 12:00:00,1136.0,1531.7959
2025-12-05 13:00:00,1036.0,1574.6274
2025-12-05 14:00:00,861.0,1571.6873
2025-12-05 15:00:00,906.0,1521.7922
2025-12-05 16:00:00,983.0,1428.7075
2025-12-05 17:00:00,1213.0,1299.4558
2025-12-05 18:00:00,929.0,1140.6086
2025-12-05 19:00:00,628.0,966.80225
2025-12-05 20:00:00,234.0,758.4513
2025-12-05 21:00:00,440.0,584.91016
2025-12-05 22:00:00,423.0,429.3673
2025-12-05 23:00:00,365.0,305.8203
2025-12-06 00:00:00,297.0,228.44177
2025-12-06 01:00:00,132.0,186.33978
2025-12-06 02:00:00,88.0,190.3736
2025-12-06 03:00:00,67.0,242.45581
2025-12-06 04:00:00,86.0,331.53027
2025-12-06 05:00:00,166.0,461.51105
2025-12-06 06:00:00,411.0,619.9939
2025-12-06 07:00:00,696.0,825.5205
2025-12-06 08:00:00,853.0,1002.5158
2025-12-06 09:00:00,865.0,1176.7861
2025-12-06 10:00:00,1129.0,1331.1193
2025-12-06 11:00:00,1449.0,1454.5101
2025-12-06 12:00:00,1624.0,1546.6552
2025-12-06 13:00:00,1872.0,1590.2736
2025-12-06 14:00:00,1801.0,1587.698
2025-12-06 15:00:00,1906.0,1538.5321
2025-12-06 16:00:00,1848.0,1443.6245
2025-12-06 17:00:00,1683.0,1312.1855
2025-12-06 18:00:00,1254.0,1154.0674
2025-12-06 19:00:00,853.0,982.813
2025-12-06 20:00:00,587.0,779.2015
2025-12-06 21:00:00,538.0,603.8375
2025-12-06 22:00:00,493.0,452.66946
2025-12-06 23:00:00,419.0,328.3933
2025-12-07 00:00:00,249.0,227.97711
2025-12-07 01:00:00,141.0,185.14606
2025-12-07 02:00:00,100.0,165.96326
2025-12-07 03:00:00,54.0,216.97717
2025-12-07 04:00:00,64.0,303.33862
2025-12-07 05:00:00,83.0,427.73224
2025-12-07 06:00:00,127.0,614.0608
2025-12-07 07:00:00,203.0,819.51953
2025-12-07 08:00:00,416.0,996.9472
2025-12-07 09:00:00,689.0,1171.2175
2025-12-07 10:00:00,1219.0,1326.3955
2025-12-07 11:00:00,1647.0,1449.5779
2025-12-07 12:00:00,1607.0,1535.6082
2025-12-07 13:00:00,2016.0,1519.289
2025-12-07 14:00:00,1788.0,1515.1448
2025-12-07 15:00:00,1912.0,1462.147
2025-12-07 16:00:00,1388.0,1370.7748
2025-12-07 17:00:00,1825.0,1241.9554
2025-12-07 18:00:00,1397.0,1086.6608
2025-12-07 19:00:00,531.0,912.39655
2025-12-07 20:00:00,302.0,735.9268
2025-12-07 21:00:00,476.0,564.47986
2025-12-07 22:00:00,313.0,441.56448
2025-12-07 23:00:00,186.0,319.17908
2025-12-08 00:00:00,76.0,81.64258
2025-12-08 01:00:00,65.0,40.795227
2025-12-08 02:00:00,50.0,44.303345
2025-12-08 03:00:00,47.0,95.04608
2025-12-08 04:00:00,127.0,185.32465
2025-12-08 05:00:00,566.0,317.45032
2025-12-08 06:00:00,1367.0,472.71976
2025-12-08 07:00:00,1391.0,642.9229
2025-12-08 08:00:00,1178.0,882.1039
2025-12-08 09:00:00,1097.0,1053.8899
2025-12-08 10:00:00,1105.0,1206.2645
2025-12-08 11:00:00,1220.0,1354.7527
2025-12-08 12:00:00,1209.0,1443.5938
2025-12-08 13:00:00,1504.0,1488.5168
2025-12-08 14:00:00,1565.0,1464.666
2025-12-08 15:00:00,1749.0,1414.907
2025-12-08 16:00:00,2045.0,1319.2703
2025-12-08 17:00:00,2104.0,1188.9249
2025-12-08 18:00:00,1542.0,1032.994
2025-12-08 19:00:00,992.0,860.2815
2025-12-08 20:00:00,646.0,647.9203
2025-12-08 21:00:00,489.0,475.83737
2025-12-08 22:00:00,287.0,321.753
2025-12-08 23:00:00,134.0,197.1123
2025-12-09 00:00:00,75.0,171.39581
2025-12-09 01:00:00,54.0,127.835266
2025-12-09 02:00:00,37.0,130.77539
2025-12-09 03:00:00,55.0,180.30579
2025-12-09 04:00:00,157.0,269.38007
2025-12-09 05:00:00,797.0,396.07974
2025-12-09 06:00:00,2194.0,548.36487
2025-12-09 07:00:00,2629.0,750.975
2025-12-09 08:00:00,1300.0,929.8886
2025-12-09 09:00:00,643.0,1101.3002
2025-12-09 10:00:00,894.0,1250.949
2025-12-09 11:00:00,1044.0,1377.8928
2025-12-09 12:00:00,1108.0,1465.1599
2025-12-09 13:00:00,1242.0,1507.6843
2025-12-09 14:00:00,1194.0,1503.9775
2025-12-09 15:00:00,1382.0,1452.6821
2025-12-09 16:00:00,1456.0,1364.3396
2025-12-09 17:00:00,1209.0,1233.9944
2025-12-09 18:00:00,1070.0,1074.7825
2025-12-09 19:00:00,529.0,902.0698
2025-12-09 20:00:00,387.0,692.2606
2025-12-09 21:00:00,269.0,520.90674
2025-12-09 22:00:00,255.0,364.6349
2025-12-09 23:00:00,143.0,241.08795
2025-12-10 00:00:00,68.0,159.85284
2025-12-10 01:00:00,49.0,111.917786
2025-12-10 02:00:00,35.0,117.40973
2025-12-10 03:00:00,41.0,166.211
2025-12-10 04:00:00,133.0,256.7437
2025-12-10 05:00:00,688.0,384.53705
2025-12-10 06:00:00,2035.0,540.1034
2025-12-10 07:00:00,1214.0,743.8071
2025-12-10 08:00:00,838.0,919.39923
2025-12-10 09:00:00,983.0,1119.4757
2025-12-10 10:00:00,1117.0,1250.899
2025-12-10 11:00:00,1062.0,1382.4114
2025-12-10 12:00:00,1195.0,1493.1614
2025-12-10 13:00:00,1296.0,1515.0992
2025-12-10 14:00:00,1360.0,1543.8389
2025-12-10 15:00:00,1467.0,1470.4033
2025-12-10 16:00:00,1703.0,1375.0356
2025-12-10 17:00:00,1744.0,1245.0549
2025-12-10 18:00:00,1327.0,1085.843
2025-12-10 19:00:00,711.0,910.2138
2025-12-10 20:00:00,442.0,699.3109
2025-12-10 21:00:00,337.0,529.41534
2025-12-10 22:00:00,272.0,378.9766
2025-12-10 23:00:00,158.0,253.97131
2025-12-11 00:00:00,99.0,201.08228
2025-12-11 01:00:00,55.0,159.70935
2025-12-11 02:00:00,32.0,163.01404
2025-12-11 03:00:00,51.0,212.90887
2025-12-11 04:00:00,131.0,303.80615
2025-12-11 05:00:00,704.0,430.87036
2025-12-11 06:00:00,1734.0,585.34296
2025-12-11 07:00:00,1048.0,787.58844
2025-12-11 08:00:00,786.0,967.13574
2025-12-11 09:00:00,790.0,1140.6769
2025-12-11 10:00:00,1151.0,1294.7612
2025-12-11 11:00:00,1104.0,1419.0374
2025-12-11 12:00:00,1006.0,1506.5936
2025-12-11 13:00:00,535.0,1547.602
2025-12-11 14:00:00,546.0,1544.2974
2025-12-11 15:00:00,1434.0,1494.4025
2025-12-11 16:00:00,1258.0,1401.3177
2025-12-11 17:00:00,976.0,1272.7952
2025-12-11 18:00:00,799.0,1113.948
2025-12-11 19:00:00,711.0,939.04785
2025-12-11 20:00:00,489.0,729.9678
2025-12-11 21:00:00,366.0,556.062
2025-12-11 22:00:00,318.0,401.2484
2025-12-11 23:00:00,190.0,275.51404
2025-12-12 00:00:00,82.0,231.22968
2025-12-12 01:00:00,57.0,191.31519
2025-12-12 02:00:00,44.0,193.52606
2025-12-12 03:00:00,45.0,242.32709
2025-12-12 04:00:00,138.0,333.9536
2025-12-12 05:00:00,623.0,461.3824
2025-12-12 06:00:00,1462.0,616.2196
2025-12-12 07:00:00,1218.0,819.1942
2025-12-12 08:00:00,689.0,998.7415
2025-12-12 09:00:00,968.0,1170.4597
2025-12-12 10:00:00,1061.0,1322.7212
2025-12-12 11:00:00,1053.0,1446.9973
2025-12-12 12:00:00,1251.0,1531.9438
2025-12-12 13:00:00,1496.0,1597.1616
2025-12-12 14:00:00,1654.0,1595.2197
2025-12-12 15:00:00,1285.0,1548.3975
2025-12-12 16:00:00,984.0,1428.1841
2025-12-12 17:00:00,1543.0,1296.0159
2025-12-12 18:00:00,1306.0,1143.7308
2025-12-12 19:00:00,833.0,972.47644
2025-12-12 20:00:00,712.0,763.0318
2025-12-12 21:00:00,393.0,592.4072
2025-12-12 22:00:00,333.0,439.05182
2025-12-12 23:00:00,282.0,315.14026
2025-12-13 00:00:00,86.0,237.76941
2025-12-13 01:00:00,132.0,195.30286
2025-12-13 02:00:00,80.0,199.33661
2025-12-13 03:00:00,67.0,248.50226
2025-12-13 04:00:00,66.0,339.76416
2025-12-13 05:00:00,159.0,467.92212
2025-12-13 06:00:00,440.0,622.7594
2025-12-13 07:00:00,631.0,826.4631
2025-12-13 08:00:00,864.0,1004.55206
2025-12-13 09:00:00,1067.0,1176.635
2025-12-13 10:00:00,1331.0,1328.8965
2025-12-13 11:00:00,1423.0,1452.808
2025-12-13 12:00:00,1461.0,1538.1768
2025-12-13 13:00:00,1565.0,1580.6436
2025-12-13 14:00:00,1650.0,1578.068
2025-12-13 15:00:00,1637.0,1528.1731
2025-12-13 16:00:00,1680.0,1434.7238
2025-12-13 17:00:00,1666.0,1305.8367
2025-12-13 18:00:00,1307.0,1148.8124
2025-12-13 19:00:00,895.0,976.0996
2025-12-13 20:00:00,619.0,767.38416
2025-12-13 21:00:00,528.0,596.395
2025-12-13 22:00:00,446.0,444.4978
2025-12-13 23:00:00,375.0,320.9508
2025-12-14 00:00:00,217.0,218.35474
2025-12-14 01:00:00,152.0,175.15912
2025-12-14 02:00:00,85.0,179.5575
2025-12-14 03:00:00,75.0,228.35852
2025-12-14 04:00:00,52.0,320.7141
2025-12-14 05:00:00,67.0,447.77832
2025-12-14 06:00:00,119.0,604.07385
2025-12-14 07:00:00,178.0,808.5067
2025-12-14 08:00:00,447.0,986.5957
2025-12-14 09:00:00,725.0,1157.2203
2025-12-14 10:00:00,797.0,1308.3881
2025-12-14 11:00:00,814.0,1431.5706
2025-12-14 12:00:00,262.0,1516.5747
2025-12-14 13:00:00,375.0,1559.4061
2025-12-14 14:00:00,2224.0,1555.3723
2025-12-14 15:00:00,2498.0,1505.4773
2025-12-14 16:00:00,2605.0,1412.3926
2025-12-14 17:00:00,2540.0,1282.7764
2025-12-14 18:00:00,2200.0,1126.4811
2025-12-14 19:00:00,1697.0,954.49756
2025-12-14 20:00:00,1313.0,745.4175
2025-12-14 21:00:00,713.0,573.6992
2025-12-14 22:00:00,397.0,420.34378
2025-12-14 23:00:00,174.0,297.8905
2025-12-15 00:00:00,69.0,181.82886
2025-12-15 01:00:00,48.0,138.99768
2025-12-15 02:00:00,33.0,142.3023
2025-12-15 03:00:00,59.0,191.8327
2025-12-15 04:00:00,152.0,284.18817
2025-12-15 05:00:00,775.0,411.98154
2025-12-15 06:00:00,2121.0,567.1832
2025-12-15 07:00:00,2431.0,770.887
2025-12-15 08:00:00,1476.0,949.3406
2025-12-15 09:00:00,1221.0,1120.6943
2025-12-15 10:00:00,1250.0,1272.9558
2025-12-15 11:00:00,1160.0,1395.7737
2025-12-15 12:00:00,872.0,1482.2362
2025-12-15 13:00:00,227.0,1523.2446
2025-12-15 14:00:00,345.0,1519.5754
2025-12-15 15:00:00,781.0,1469.6804
2025-12-15 16:00:00,936.0,1377.6895
2025-12-15 17:00:00,1118.0,1249.167
2025-12-15 18:00:00,318.0,1093.9653
2025-12-15 19:00:00,209.0,921.61725
2025-12-15 20:00:00,178.0,712.9018
2025-12-15 21:00:00,150.0,543.0063
2025-12-15 22:00:00,123.0,391.1092
2025-12-15 23:00:00,83.0,267.92682
2025-12-16 00:00:00,50.0,151.94458
2025-12-16 01:00:00,39.0,109.47778
2025-12-16 02:00:00,33.0,112.78247
2025-12-16 03:00:00,53.0,162.31287
2025-12-16 04:00:00,119.0,254.66833
2025-12-16 05:00:00,664.0,382.82623
2025-12-16 06:00:00,1863.0,537.2988
2025-12-16 07:00:00,1081.0,741.00256
2025-12-16 08:00:00,871.0,919.4562
2025-12-16 09:00:00,822.0,1092.2682
2025-12-16 10:00:00,848.0,1244.8943
2025-12-16 11:00:00,1164.0,1368.4413
2025-12-16 12:00:00,1063.0,1455.9976
2025-12-16 13:00:00,1321.0,1498.8287
2025-12-16 14:00:00,1275.0,1495.1594
2025-12-16 15:00:00,1248.0,1446.3584
2025-12-16 16:00:00,1402.0,1352.909
2025-12-16 17:00:00,1532.0,1223.293
2025-12-16 18:00:00,1171.0,1067.362
2025-12-16 19:00:00,716.0,895.37854
2025-12-16 20:00:00,481.0,686.6631
2025-12-16 21:00:00,348.0,517.132
2025-12-16 22:00:00,255.0,364.14136
2025-12-16 23:00:00,168.0,241.68805
2025-12-17 00:00:00,72.0,156.08514
2025-12-17 01:00:00,46.0,112.5249
2025-12-17 02:00:00,32.0,115.464905
2025-12-17 03:00:00,52.0,165.72443
2025-12-17 04:00:00,123.0,256.98627
2025-12-17 05:00:00,696.0,386.96704
2025-12-17 06:00:00,2024.0,542.5333
2025-12-17 07:00:00,1450.0,745.50793
2025-12-17 08:00:00,1105.0,925.05524
2025-12-17 09:00:00,1116.0,1097.8673
2025-12-17 10:00:00,1028.0,1250.8579
2025-12-17 11:00:00,1258.0,1374.7694
2025-12-17 12:00:00,1216.0,1463.7839
2025-12-17 13:00:00,1422.0,1505.1339
2025-12-17 14:00:00,1361.0,1536.0813
2025-12-17 15:00:00,1406.0,1460.3425
2025-12-17 16:00:00,1106.0,1363.9766
2025-12-17 17:00:00,999.0,1232.1731
2025-12-17 18:00:00,788.0,1075.8777
2025-12-17 19:00:00,750.0,901.7067
2025-12-17 20:00:00,449.0,692.2621
2025-12-17 21:00:00,367.0,522.00195
2025-12-17 22:00:00,273.0,369.0113
2025-12-17 23:00:00,178.0,242.18317
2025-12-18 00:00:00,95.0,187.84265
2025-12-18 01:00:00,51.0,144.28229
2025-12-18 02:00:00,33.0,146.49329
2025-12-18 03:00:00,42.0,197.84644
2025-12-18 04:00:00,126.0,287.64996
2025-12-18 05:00:00,690.0,415.80792
2025-12-18 06:00:00,1774.0,569.18677
2025-12-18 07:00:00,1410.0,772.89056
2025-12-18 08:00:00,1317.0,949.5213
2025-12-18 09:00:00,1133.0,1121.6418
2025-12-18 10:00:00,1140.0,1276.2441
2025-12-18 11:00:00,1230.0,1401.3247
2025-12-18 12:00:00,1112.0,1513.5154
2025-12-18 13:00:00,805.0,1531.0206
2025-12-18 14:00:00,832.0,1554.9603
2025-12-18 15:00:00,233.0,1506.1995
2025-12-18 16:00:00,1068.0,1389.5364
2025-12-18 17:00:00,1040.0,1258.0973
2025-12-18 18:00:00,524.0,1101.0729
2025-12-18 19:00:00,678.0,927.63104
2025-12-18 20:00:00,508.0,717.4573
2025-12-18 21:00:00,374.0,544.28064
2025-12-18 22:00:00,330.0,388.7379
2025-12-18 23:00:00,166.0,263.73267
2025-12-19 00:00:00,91.0,216.17395
2025-12-19 01:00:00,43.0,174.07196
2025-12-19 02:00:00,50.0,179.19934
2025-12-19 03:00:00,52.0,228.36505
2025-12-19 04:00:00,117.0,319.627
2025-12-19 05:00:00,554.0,449.97232
2025-12-19 06:00:00,1573.0,606.9968
2025-12-19 07:00:00,931.0,813.98175
2025-12-19 08:00:00,1087.0,993.8936
2025-12-19 09:00:00,754.0,1166.7056
2025-12-19 10:00:00,992.0,1321.1545
2025-12-19 11:00:00,1117.0,1447.2534
2025-12-19 12:00:00,1277.0,1534.4452
2025-12-19 13:00:00,1211.0,1578.7349
2025-12-19 14:00:00,1078.0,1575.7948
2025-12-19 15:00:00,1406.0,1525.5352
2025-12-19 16:00:00,1765.0,1432.4504
2025-12-19 17:00:00,1928.0,1302.8342
2025-12-19 18:00:00,1474.0,1146.9034
2025-12-19 19:00:00,902.0,973.4617
2025-12-19 20:00:00,635.0,764.017
2025-12-19 21:00:00,443.0,589.38214
2025-12-19 22:00:00,426.0,437.8496
2025-12-19 23:00:00,408.0,315.76093
2025-12-20 00:00:00,219.0,249.0155
2025-12-20 01:00:00,125.0,206.54889
2025-12-20 02:00:00,91.0,209.85352
2025-12-20 03:00:00,71.0,258.65466
2025-12-20 04:00:00,85.0,350.6457
2025-12-20 05:00:00,164.0,477.34537
2025-12-20 06:00:00,325.0,633.6408
2025-12-20 07:00:00,561.0,838.8028
2025-12-20 08:00:00,878.0,1017.2564
2025-12-20 09:00:00,1102.0,1190.0684
2025-12-20 10:00:00,826.0,1368.6917
2025-12-20 11:00:00,1357.0,1488.2633
2025-12-20 12:00:00,1438.0,1574.668
2025-12-20 13:00:00,1632.0,1621.819
2025-12-20 14:00:00,1353.0,1619.0322
2025-12-20 15:00:00,1050.0,1571.3652
2025-12-20 16:00:00,441.0,1449.9802
2025-12-20 17:00:00,1343.0,1319.2701
2025-12-20 18:00:00,985.0,1163.3395
2025-12-20 19:00:00,590.0,989.5331
2025-12-20 20:00:00,564.0,778.99475
2025-12-20 21:00:00,464.0,610.193
2025-12-20 22:00:00,413.0,457.56674
2025-12-20 23:00:00,415.0,331.83234
2025-12-21 00:00:00,129.0,239.10028
2025-12-21 01:00:00,135.0,195.90466
2025-12-21 02:00:00,89.0,198.11566
2025-12-21 03:00:00,66.0,248.7395
2025-12-21 04:00:00,51.0,341.09515
2025-12-21 05:00:00,81.0,469.25305
2025-12-21 06:00:00,136.0,625.5486
2025-12-21 07:00:00,203.0,829.6168
2025-12-21 08:00:00,320.0,1007.7059
2025-12-21 09:00:00,723.0,1177.966
2025-12-21 10:00:00,996.0,1328.4045
2025-12-21 11:00:00,1313.0,1449.3995
2025-12-21 12:00:00,1340.0,1535.4976
2025-12-21 13:00:00,850.0,1577.5996
2025-12-21 14:00:00,786.0,1574.2952
2025-12-21 15:00:00,944.0,1524.4001
2025-12-21 16:00:00,608.0,1432.4089
2025-12-21 17:00:00,1372.0,1303.522
2025-12-21 18:00:00,1284.0,1147.2267
2025-12-21 19:00:00,761.0,974.8786
2025-12-21 20:00:00,334.0,766.1631
2025-12-21 21:00:00,225.0,595.53845
2025-12-21 22:00:00,99.0,443.27676
2025-12-21 23:00:00,58.0,320.0943
2025-12-22 00:00:00,79.0,219.4801
2025-12-22 01:00:00,40.0,177.01361
2025-12-22 02:00:00,44.0,181.04736
2025-12-22 03:00:00,43.0,231.3067
2025-12-22 04:00:00,88.0,322.93317
2025-12-22 05:00:00,371.0,451.45563
2025-12-22 06:00:00,1075.0,606.6574
2025-12-22 07:00:00,1451.0,810.36115
2025-12-22 08:00:00,1233.0,986.99194
2025-12-22 09:00:00,769.0,1157.252
2025-12-22 10:00:00,985.0,1310.2426
2025-12-22 11:00:00,913.0,1433.7896
2025-12-22 12:00:00,678.0,1520.9812
2025-12-22 13:00:00,1213.0,1564.177
2025-12-22 14:00:00,1088.0,1562.3307
2025-12-22 15:00:00,638.0,1512.8003
2025-12-22 16:00:00,760.0,1419.7156
2025-12-22 17:00:00,997.0,1290.0994
2025-12-22 18:00:00,1190.0,1133.075
2025-12-22 19:00:00,794.0,959.26855
2025-12-22 20:00:00,496.0,748.7302
2025-12-22 21:00:00,340.0,577.0119
2025-12-22 22:00:00,260.0,424.75024
2025-12-22 23:00:00,129.0,301.5678
2025-12-23 00:00:00,59.0,183.76874
2025-12-23 01:00:00,47.0,140.93732
2025-12-23 02:00:00,61.0,145.3357
2025-12-23 03:00:00,48.0,196.32434
2025-12-23 04:00:00,86.0,287.95074
2025-12-23 05:00:00,372.0,416.47324
2025-12-23 06:00:00,826.0,572.03955
2025-12-23 07:00:00,1230.0,776.10785
2025-12-23 08:00:00,1052.0,953.8323
2025-12-23 09:00:00,452.0,1124.8214
2025-12-23 10:00:00,363.0,1277.083
2025-12-23 11:00:00,776.0,1400.9945
2025-12-23 12:00:00,977.0,1487.0925
2025-12-23 13:00:00,908.0,1529.9237
2025-12-23 14:00:00,1572.0,1525.5254
2025-12-23 15:00:00,1238.0,1475.6305
2025-12-23 16:00:00,1778.0,1383.6394
2025-12-23 17:00:00,1773.0,1255.117
2025-12-23 18:00:00,909.0,1099.1863
2025-12-23 19:00:00,609.0,926.8381
2025-12-23 20:00:00,598.0,717.75806
2025-12-23 21:00:00,353.0,547.1333
2025-12-23 22:00:00,278.0,394.5072
2025-12-23 23:00:00,182.0,271.6894
2025-12-24 00:00:00,120.0,142.67096
2025-12-24 01:00:00,76.0,100.56891
2025-12-24 02:00:00,56.0,104.967224
2025-12-24 03:00:00,53.0,154.86224
2025-12-24 04:00:00,93.0,247.94678
2025-12-24 05:00:00,232.0,377.19843
2025-12-24 06:00:00,480.0,533.8584
2025-12-24 07:00:00,642.0,738.6559
2025-12-24 08:00:00,656.0,916.74493
2025-12-24 09:00:00,603.0,1087.7341
2025-12-24 10:00:00,1224.0,1239.5631
2025-12-24 11:00:00,1092.0,1359.8969
2025-12-24 12:00:00,1273.0,1445.6304
2025-12-24 13:00:00,1502.0,1487.3678
2025-12-24 14:00:00,682.0,1483.334
2025-12-24 15:00:00,898.0,1432.71
2025-12-24 16:00:00,1082.0,1339.6252
2025-12-24 17:00:00,732.0,1211.1028
2025-12-24 18:00:00,488.0,1054.8075
2025-12-24 19:00:00,243.0,881.7302
2025-12-24 20:00:00,142.0,673.0147
2025-12-24 21:00:00,65.0,503.11914
2025-12-24 22:00:00,131.0,351.58667
2025-12-24 23:00:00,273.0,228.76886
2025-12-25 00:00:00,54.0,61.625122
2025-12-25 01:00:00,30.0,18.793945
2025-12-25 02:00:00,57.0,21.004944
2025-12-25 03:00:00,29.0,70.170654
2025-12-25 04:00:00,30.0,161.06805
2025-12-25 05:00:00,57.0,289.2259
2025-12-25 06:00:00,132.0,445.52124
2025-12-25 07:00:00,115.0,648.8605
2025-12-25 08:00:00,273.0,827.31396
2025-12-25 09:00:00,622.0,999.76154
2025-12-25 10:00:00,817.0,1153.4816
2025-12-25 11:00:00,1251.0,1277.3931
2025-12-25 12:00:00,948.0,1363.4911
2025-12-25 13:00:00,598.0,1405.2284
2025-12-25 14:00:00,783.0,1401.1946
2025-12-25 15:00:00,273.0,1350.9353
2025-12-25 16:00:00,199.0,1258.2151
2025-12-25 17:00:00,1278.0,1129.328
2025-12-25 18:00:00,532.0,973.7617
2025-12-25 19:00:00,572.0,800.68427
2025-12-25 20:00:00,597.0,591.6043
2025-12-25 21:00:00,620.0,420.97974
2025-12-25 22:00:00,584.0,269.08276
2025-12-25 23:00:00,131.0,145.53583
2025-12-26 00:00:00,189.0,312.66406
2025-12-26 01:00:00,73.0,270.92657
2025-12-26 02:00:00,46.0,274.9604
2025-12-26 03:00:00,34.0,324.1261
2025-12-26 04:00:00,36.0,416.11716
2025-12-26 05:00:00,73.0,544.2751
2025-12-26 06:00:00,167.0,700.2059
2025-12-26 07:00:00,197.0,904.27405
2025-12-26 08:00:00,330.0,1080.9048
2025-12-26 09:00:00,727.0,1251.8939
2025-12-26 10:00:00,1143.0,1404.5203
2025-12-26 11:00:00,1058.0,1527.3381
2025-12-26 12:00:00,1484.0,1612.3428
2025-12-26 13:00:00,1613.0,1654.4446
2025-12-26 14:00:00,1681.0,1651.5045
2025-12-26 15:00:00,1827.0,1601.9741
2025-12-26 16:00:00,1812.0,1509.2539
2025-12-26 17:00:00,1059.0,1378.9084
2025-12-26 18:00:00,879.0,1222.613
2025-12-26 19:00:00,423.0,1050.2649
2025-12-26 20:00:00,218.0,841.18494
2025-12-26 21:00:00,631.0,670.9249
2025-12-26 22:00:00,361.0,519.02795
2025-12-26 23:00:00,294.0,396.21005
2025-12-27 00:00:00,272.0,218.43604
2025-12-27 01:00:00,107.0,176.69861
2025-12-27 02:00:00,76.0,180.36774
2025-12-27 03:00:00,50.0,229.89807
2025-12-27 04:00:00,70.0,321.15997
2025-12-27 05:00:00,158.0,449.3179
2025-12-27 06:00:00,284.0,605.9779
2025-12-27 07:00:00,450.0,809.3171
2025-12-27 08:00:00,706.0,987.0415
2025-12-27 09:00:00,1057.0,1158.0308
2025-12-27 10:00:00,1168.0,1310.6567
2025-12-27 11:00:00,1836.0,1433.8391
2025-12-27 12:00:00,1768.0,1519.5725
2025-12-27 13:00:00,1796.0,1562.0393
2025-12-27 14:00:00,1423.0,1558.0054
2025-12-27 15:00:00,1008.0,1508.4751
2025-12-27 16:00:00,1075.0,1415.3904
2025-12-27 17:00:00,1845.0,1286.5033
2025-12-27 18:00:00,1328.0,1130.5726
2025-12-27 19:00:00,952.0,956.76624
2025-12-27 20:00:00,777.0,747.68616
2025-12-27 21:00:00,625.0,577.0615
2025-12-27 22:00:00,453.0,424.4353
2025-12-27 23:00:00,327.0,301.25287
2025-12-28 00:00:00,269.0,199.76178
2025-12-28 01:00:00,130.0,156.5661
2025-12-28 02:00:00,84.0,160.5998
2025-12-28 03:00:00,61.0,210.49463
2025-12-28 04:00:00,61.0,302.48566
2025-12-28 05:00:00,77.0,430.279
2025-12-28 06:00:00,152.0,586.20996
2025-12-28 07:00:00,187.0,789.9137
2025-12-28 08:00:00,350.0,967.6381
2025-12-28 09:00:00,601.0,1138.2627
2025-12-28 10:00:00,816.0,1290.8888
2025-12-28 11:00:00,808.0,1414.4358
2025-12-28 12:00:00,1348.0,1500.5337
2025-12-28 13:00:00,1690.0,1543.7295
2025-12-28 14:00:00,1920.0,1540.0603
2025-12-28 15:00:00,2196.0,1490.1654
2025-12-28 16:00:00,2412.0,1397.8098
2025-12-28 17:00:00,1623.0,1269.2872
2025-12-28 18:00:00,1506.0,1112.6274
2025-12-28 19:00:00,1323.0,939.18567
2025-12-28 20:00:00,1013.0,730.1056
2025-12-28 21:00:00,681.0,559.11646
2025-12-28 22:00:00,397.0,406.8547
2025-12-28 23:00:00,233.0,284.03687
2025-12-29 00:00:00,209.0,167.98608
2025-12-29 01:00:00,81.0,125.884094
2025-12-29 02:00:00,48.0,129.91785
2025-12-29 03:00:00,43.0,180.54181
2025-12-29 04:00:00,93.0,272.53278
2025-12-29 05:00:00,222.0,401.0553
2025-12-29 06:00:00,494.0,556.257
2025-12-29 07:00:00,217.0,759.96075
2025-12-29 08:00:00,800.0,937.3207
2025-12-29 09:00:00,867.0,1107.9452
2025-12-29 10:00:00,942.0,1259.8422
2025-12-29 11:00:00,1138.0,1381.9309
2025-12-29 12:00:00,1301.0,1468.3934
2025-12-29 13:00:00,995.0,1512.683
2025-12-29 14:00:00,1660.0,1508.6492
2025-12-29 15:00:00,1864.0,1458.7543
2025-12-29 16:00:00,2081.0,1366.0342
2025-12-29 17:00:00,2029.0,1237.5116
2025-12-29 18:00:00,718.0,1080.4872
2025-12-29 19:00:00,957.0,907.4099
2025-12-29 20:00:00,710.0,697.9653
2025-12-29 21:00:00,509.0,527.34064
2025-12-29 22:00:00,339.0,375.44357
2025-12-29 23:00:00,236.0,252.26117
2025-12-30 00:00:00,201.0,135.19568
2025-12-30 01:00:00,83.0,91.999756
2025-12-30 02:00:00,57.0,96.03357
2025-12-30 03:00:00,40.0,145.19934
2025-12-30 04:00:00,99.0,237.91943
2025-12-30 05:00:00,220.0,366.0774
2025-12-30 06:00:00,535.0,521.6437
2025-12-30 07:00:00,718.0,725.712
2025-12-30 08:00:00,672.0,901.249
2025-12-30 09:00:00,665.0,1076.2484
2025-12-30 10:00:00,1222.0,1252.6265
2025-12-30 11:00:00,1118.0,1351.134
2025-12-30 12:00:00,1654.0,1467.2799
2025-12-30 13:00:00,1146.0,1486.0901
2025-12-30 14:00:00,1566.0,1483.1499
2025-12-30 15:00:00,2045.0,1434.7134
2025-12-30 16:00:00,1750.0,1340.8995
2025-12-30 17:00:00,1990.0,1212.0125
2025-12-30 18:00:00,1648.0,1055.7172
2025-12-30 19:00:00,1088.0,883.00446
2025-12-30 20:00:00,762.0,672.8307
2025-12-30 21:00:00,501.0,501.11227
2025-12-30 22:00:00,383.0,347.75702
2025-12-30 23:00:00,230.0,223.84546
2025-12-31 00:00:00,238.0,71.98462
2025-12-31 01:00:00,87.0,27.330627
2025-12-31 02:00:00,57.0,28.812378
2025-12-31 03:00:00,45.0,77.97827
2025-12-31 04:00:00,75.0,168.51074
2025-12-31 05:00:00,189.0,294.84583
2025-12-31 06:00:00,382.0,447.4955
2025-12-31 07:00:00,525.0,651.19934
2025-12-31 08:00:00,516.0,827.38745
2025-12-31 09:00:00,824.0,1022.2415
2025-12-31 10:00:00,961.0,1178.1488
2025-12-31 11:00:00,1320.0,1302.7893
2025-12-31 12:00:00,1200.0,1389.981
2025-12-31 13:00:00,1566.0,1434.6351
2025-12-31 14:00:00,1611.0,1431.695
2025-12-31 15:00:00,1624.0,1383.1831
2025-12-31 16:00:00,1648.0,1267.116
2025-12-31 17:00:00,1453.0,1134.9479
2025-12-31 18:00:00,1039.0,977.55884
2025-12-31 19:00:00,557.0,803.0233
2025-12-31 20:00:00,371.0,594.67236
2025-12-31 21:00:00,317.0,423.3185
2025-12-31 22:00:00,306.0,270.32782
2025-12-31 23:00:00,210.0,145.68726
