ZST,TAG,T,JJMMTT,H00,H01,H02,H03,H04,H05,H06,H07,H08,H09,H10,H11,H12,H13,H14,H15,H16,H17,H18,H19,H20,H21,H22,H23
216,1,7,150101,117,255,185,110,75,71,87,75,136,203,377,677,867,1071,1292,1735,1983,2075,1576,900,571,412,284,164
216,2,5,150102,69,41,33,34,56,119,291,371,468,720,1044,1549,1821,2125,2324,2446,2318,2295,2281,1841,1091,792,528,283
216,3,6,150103,168,90,41,57,83,153,264,358,655,1092,1740,2348,2301,2591,2533,2535,2322,2331,2322,1275,1082,799,563,347
216,4,7,150104,203,116,63,57,78,87,133,137,270,556,948,1507,1928,2200,2094,2259,2289,1905,1335,1087,804,538,301,143
216,5,1,150105,81,55,26,42,121,471,1342,1472,1026,850,878,920,953,1128,1151,1213,1328,1645,1169,644,423,292,184,107
216,6,2,150106,62,37,26,56,84,379,1032,1139,785,665,766,820,831,1034,1085,1302,1579,1692,1226,694,409,259,210,98
216,7,3,150107,55,39,29,38,86,450,1375,1755,1173,882,810,857,929,1127,1105,1082,1425,1633,1114,605,395,220,196,112
216,8,4,150108,74,35,30,37,99,447,1394,1794,1213,855,822,870,923,1109,1122,1190,1331,1580,1127,660,349,274,206,134
216,9,5,150109,64,38,30,48,98,385,1283,1696,1141,918,909,1011,1037,1278,1258,1348,1464,1726,1278,758,493,341,270,229
216,10,6,150110,166,92,40,67,84,138,316,522,653,954,1218,1447,1425,1469,1476,1463,1683,1568,1069,674,482,391,396,400
216,11,7,150111,242,115,98,69,53,59,119,122,244,454,814,1286,1697,1719,1764,1751,1931,1874,1294,993,809,527,255,163
216,12,1,150112,61,38,24,38,134,600,1816,2095,1389,959,877,847,923,1123,1048,1102,1199,1506,1119,606,363,237,220,104
216,13,2,150113,41,33,17,44,94,489,1601,2052,1319,812,784,825,845,1013,1043,1200,1368,1656,1226,642,381,230,196,93
216,14,3,150114,56,35,24,23,99,505,1631,1906,1238,882,880,876,1002,1072,1056,1062,1261,1477,1135,620,363,258,226,110
216,15,4,150115,83,38,21,28,97,469,1650,2037,1206,847,948,911,937,1120,1057,1180,1395,1653,1275,718,421,306,207,153
216,16,5,150116,63,37,29,43,107,485,1479,1889,1250,928,945,1021,1117,1221,1330,1404,1667,1683,1298,791,485,379,337,238
216,17,6,150117,166,99,39,39,72,119,310,545,697,823,1126,1318,1244,1292,1203,1162,1277,1185,922,492,403,332,344,307
216,18,7,150118,262,145,82,57,65,59,131,162,252,453,723,966,1088,1173,1564,2371,2456,2551,2480,2494,2162,909,407,159
216,19,1,150119,89,43,24,46,128,563,1790,2257,1417,1015,966,881,921,1028,1047,1108,1348,1652,1153,691,449,288,208,143
216,20,2,150120,76,42,21,39,116,509,1666,2075,1249,913,832,814,897,1028,983,1088,1254,1549,1195,711,403,287,275,168
216,21,3,150121,82,57,28,39,104,482,1670,2006,1300,892,857,879,936,1079,1103,1184,1426,1722,1258,655,448,307,295,181
216,22,4,150122,92,65,48,33,113,506,1677,2071,1399,926,850,913,942,1121,1106,1115,1363,1543,1200,711,404,323,257,171
216,23,5,150123,92,51,32,49,108,433,1527,1944,1264,964,988,1033,1068,1275,1364,1376,1705,1673,1384,797,532,404,347,284
216,24,6,150124,192,91,65,63,104,150,359,768,917,1176,1479,1688,1592,1557,1593,1706,1863,1732,1251,712,534,446,367,368
216,25,7,150125,185,96,87,66,76,73,164,221,321,617,930,1186,1506,1696,1849,2362,2571,2588,1945,1422,1264,794,357,180
216,26,1,150126,77,34,26,42,124,555,1734,2070,1361,951,953,904,932,1099,1160,1212,1411,1597,1163,672,348,229,180,153
216,27,2,150127,82,28,15,51,110,405,1160,1884,1131,855,785,829,873,1008,1004,1024,1118,1472,1037,576,317,236,164,111
216,28,3,150128,58,40,25,32,104,437,1468,1874,1264,901,970,923,941,1121,1153,1221,1450,1726,1269,723,428,311,250,134
216,29,4,150129,87,38,20,31,96,398,1058,1888,1121,992,724,896,896,1110,1049,1105,1154,1406,1142,568,355,286,226,142
216,30,5,150130,65,29,22,35,109,383,1407,1572,1002,852,857,1026,1093,1234,1375,1468,1718,1717,1189,831,526,414,328,233
216,31,6,150131,124,67,63,52,67,115,282,452,626,922,1329,1616,1564,1569,1615,1726,1980,2030,1387,823,572,401,390,417
216,32,7,150201,227,117,73,59,65,72,94,146,231,379,859,1197,1478,1652,1906,2079,2255,2229,2146,1459,1224,728,347,186
216,33,1,150202,74,47,21,43,108,559,1611,1851,1312,869,774,952,918,1054,946,1014,1204,1390,924,594,374,245,164,102
216,34,2,150203,74,43,20,35,92,502,1575,1899,1139,828,813,827,889,957,1008,1158,1388,1697,1162,665,380,268,211,131
216,35,3,150204,56,36,33,33,98,488,1591,1873,1182,894,810,873,921,1065,1111,1138,1292,1695,1269,639,433,308,220,129
216,36,4,150205,56,39,23,40,116,479,1603,1882,1246,821,846,967,934,1142,760,1194,1280,1485,1163,633,366,282,225,140
216,37,5,150206,86,44,25,46,89,430,1522,1688,1124,841,855,1025,1199,1251,1425,1422,1688,1792,1483,961,621,439,352,289
216,38,6,150207,190,101,50,58,60,139,299,568,736,983,1595,2089,1916,1894,1812,2031,2347,2475,2379,1066,663,584,471,353
216,39,7,150208,229,129,81,50,70,69,125,183,287,510,865,1308,1708,1853,1896,2312,2626,2615,1808,1201,1133,960,459,190
216,40,1,150209,76,40,25,43,123,565,1690,2104,1385,935,937,876,936,1048,1062,1108,1254,1543,1137,636,405,279,213,113
216,41,2,150210,52,29,26,41,104,467,1587,2015,1246,886,833,868,850,1025,1058,1128,1539,1860,1345,800,445,314,235,137
216,42,3,150211,51,29,26,29,103,466,1552,1922,1275,913,871,946,997,1108,1143,1362,1789,2226,1561,883,517,398,290,132
216,43,4,150212,81,58,31,58,104,471,1515,1919,1262,890,900,935,932,1144,1128,1442,1847,2215,1649,923,499,378,243,145
216,44,5,150213,83,50,48,49,119,413,1340,1645,1089,889,870,976,1121,1326,1453,1743,2184,2436,2124,1309,807,600,418,284
216,45,6,150214,170,77,57,59,84,118,294,478,711,1054,1876,2515,2435,2376,2471,2338,2390,2312,1538,1003,697,631,494,324
216,46,7,150215,229,128,79,65,72,75,109,132,305,505,895,1267,1614,1832,2136,2585,2555,2508,2378,1461,1247,840,424,166
216,47,1,150216,78,39,43,37,129,572,1655,1991,1330,1021,1089,1011,991,1124,1099,1152,1549,1821,1324,755,491,319,226,118
216,48,2,150217,49,32,24,30,107,492,1523,1819,1238,912,862,976,872,1078,1120,1230,1477,1808,1329,789,423,286,210,121
216,49,3,150218,60,36,26,37,107,485,1643,1904,1218,936,877,885,944,1124,1222,1340,1824,2057,1616,841,515,357,236,129
216,50,4,150219,80,48,16,39,108,485,1610,1974,1270,956,960,934,946,1175,1186,1389,1809,2122,1695,903,519,383,263,163
216,51,5,150220,79,42,23,46,96,443,1476,1783,1142,1007,1008,1097,1204,1370,1510,1817,2370,2572,2244,1453,913,672,478,420
216,52,6,150221,190,106,46,41,82,161,436,668,1101,1501,2154,2550,2517,2611,2355,2199,2298,2016,1395,861,602,545,459,351
216,53,7,150222,193,111,72,51,60,61,113,186,361,629,1047,1557,1701,1947,2059,2285,2685,2600,1881,1392,980,751,359,168
216,54,1,150223,79,60,26,41,122,606,1779,2123,1322,988,996,929,1015,1163,1163,107,223,9,0,2,4,107,223,104
216,55,2,150224,45,29,10,46,95,524,1623,1955,1255,966,881,955,973,1076,1005,1069,1254,1470,1119,620,380,257,205,199
216,56,3,150225,49,31,26,29,93,483,1633,1950,1190,940,947,950,963,1200,1009,1144,1334,1579,1211,720,448,335,228,158
216,57,4,150226,88,38,21,25,118,485,1627,2005,1304,955,952,942,991,1117,1171,1356,1732,2190,1649,924,524,379,245,177
216,58,5,150227,71,43,23,41,132,423,1484,1791,1157,878,985,1236,1308,1414,1192,1324,1794,1746,1402,972,634,439,333,286
216,59,6,150228,152,85,56,48,88,168,448,724,986,1317,1864,2271,2106,2030,1946,1956,2299,2305,1818,1047,700,523,504,331
216,60,7,150301,244,158,83,72,71,91,127,224,388,621,1138,1679,1963,2142,2185,2459,2727,2583,2345,1438,1151,678,396,169
216,61,1,150302,78,46,23,35,139,624,1848,2112,1343,994,941,955,1018,1145,1133,1076,1234,1481,1091,574,364,261,203,102
216,62,2,150303,62,22,30,26,105,543,1692,2098,1131,923,816,866,867,1034,1070,1039,1368,1635,1218,704,396,313,238,286
216,63,3,150304,75,40,25,30,107,543,1717,1913,1233,875,887,884,1004,1193,1089,1054,1267,1578,1110,691,400,278,187,135
216,64,4,150305,75,41,29,34,110,514,1718,1910,1189,884,883,883,1024,1159,1118,1124,1379,1470,1155,667,398,299,253,139
216,65,5,150306,81,39,30,42,97,506,1577,1818,1183,901,951,934,1062,1205,1370,1523,1879,2007,1754,1082,621,480,377,270
216,66,6,150307,189,94,54,48,81,181,426,696,901,1135,1572,1709,1562,1663,1759,1897,2360,2465,1880,1076,719,579,476,427
216,67,7,150308,496,173,97,52,76,100,178,198,441,721,1187,1567,1710,2037,2621,2702,2807,2695,2678,2694,2447,2402,670,251
216,68,1,150309,93,37,37,39,148,714,1979,2270,1413,1099,1046,1122,1120,1213,1137,1259,1708,1945,1545,881,468,338,210,106
216,69,2,150310,49,34,30,41,111,571,1839,2131,1319,920,873,888,953,1121,1093,1331,1550,1963,1398,763,400,315,201,118
216,70,3,150311,51,34,27,40,121,585,1797,2079,1321,1011,954,1006,1034,1184,1214,1240,1492,1664,1313,715,428,323,224,128
216,71,4,150312,74,47,25,35,121,564,1827,2134,1343,924,919,923,986,1165,1190,1322,1599,1817,1433,800,432,325,258,297
216,72,5,150313,142,30,37,39,109,537,1650,1965,1239,977,979,1044,1101,1358,1410,1641,1959,1960,1934,986,660,424,376,282
216,73,6,150314,158,78,39,51,88,195,442,803,972,1232,1685,1830,1645,1757,1725,1888,2082,2075,1549,938,602,538,486,364
216,74,7,150315,231,111,85,61,70,90,158,240,457,802,1330,1713,1937,2116,2480,2844,2718,2683,2553,1963,1305,750,345,190
216,75,1,150316,67,37,25,39,121,766,1976,2271,1448,1029,973,1041,997,1180,1196,1163,1427,1580,1235,746,439,269,220,100
216,76,2,150317,38,23,27,32,94,606,1871,2163,1328,1010,922,915,945,1107,1104,1159,1361,1632,1255,797,392,304,192,122
216,77,3,150318,66,29,22,34,103,587,1865,2105,1286,1021,860,945,1024,1177,1251,1307,1588,1780,1365,820,465,332,256,131
216,78,4,150319,94,61,29,42,132,532,1405,1541,1187,950,938,948,908,1070,1128,1286,1574,1795,1460,808,457,324,265,273
216,79,5,150320,152,43,28,43,109,513,1551,1869,1272,966,1027,1039,1092,1346,1432,1518,1861,1920,1610,1042,638,470,363,244
216,80,6,150321,143,77,68,52,80,155,470,754,956,1229,1543,1765,1692,1804,1693,1617,1546,1428,1150,730,509,454,420,324
216,81,7,150322,253,149,100,61,56,78,150,212,409,670,1059,1533,1708,1843,1981,2062,2556,2669,2006,1340,1008,641,331,173
216,82,1,150323,81,44,24,45,133,725,2019,2290,1373,1075,974,952,928,1116,1038,1203,1485,1723,1359,858,426,317,231,132
216,83,2,150324,62,64,47,56,119,644,1865,2168,1322,1013,899,921,951,1094,1161,1231,1371,1725,1264,732,403,305,232,206
216,84,3,150325,223,61,54,47,123,618,1901,2163,1364,1030,975,1014,1031,1182,1167,1255,1444,1631,1258,741,416,327,252,127
216,85,4,150326,87,41,59,52,121,627,1876,2121,1379,1017,949,961,1011,1164,1211,1170,1348,1659,1264,647,417,312,266,169
216,86,5,150327,100,53,38,44,107,560,1689,1934,1376,1067,1014,1062,1122,1381,1390,1489,1770,1821,1428,947,535,424,370,322
216,87,6,150328,192,94,59,62,80,177,475,800,1028,1309,1366,1420,1380,1462,1559,1595,1879,1844,1511,977,552,422,429,376
216,88,7,150329,233,134,     ,105,75,74,124,174,378,536,892,1268,1568,1770,1824,2115,2323,2199,1696,1107,1100,679,356,208
216,89,1,150330,79,37,28,27,141,676,1848,2172,1455,1031,1013,933,983,1156,1178,1058,1261,1472,1172,653,362,287,224,120
216,90,2,150331,56,34,24,42,108,598,1720,1982,1407,969,897,952,929,1145,1069,1213,1357,1551,1211,743,419,302,237,116
216,91,3,150401,59,28,36,45,108,606,1756,1894,1307,974,967,932,1003,1180,1153,1249,1345,1532,1269,770,437,301,235,144
216,92,4,150402,91,41,28,36,142,594,1620,1781,1281,942,968,949,978,1283,1221,1257,1578,1432,1202,793,517,361,322,212
216,93,7,150403,116,84,52,49,81,102,162,187,368,677,915,1031,1039,953,954,1049,1218,1355,1073,779,579,510,337,192
216,94,6,150404,123,92,46,52,86,141,271,394,668,921,1273,1437,1365,1338,1324,1259,1184,1053,813,622,441,404,348,276
216,95,7,150405,370,131,64,51,61,57,114,122,303,742,1135,1299,1242,1327,1372,1571,1652,1883,1643,1291,1080,846,564,319
216,96,7,150406,151,115,67,69,68,74,157,195,363,787,1314,1797,2029,2418,2611,2697,2621,2797,2491,1816,1651,1404,839,448
216,97,2,150407,237,110,42,50,153,713,1858,2098,1382,1186,1183,1085,1164,1311,1392,1380,1602,1933,1510,974,637,452,277,140
216,98,3,150408,65,37,26,57,121,620,1681,1953,1246,1040,1034,975,1018,1147,1219,1272,1421,1753,1449,943,567,392,288,171
216,99,4,150409,71,43,29,48,127,625,1705,1900,1365,1105,1136,1054,1040,1174,1147,1307,1520,1652,1460,912,567,365,226,155
216,100,5,150410,350,142,26,39,103,596,1579,1764,1258,1095,1086,1076,1126,1345,1496,1507,1768,1883,1608,1068,707,474,367,246
216,101,6,150411,148,81,50,55,75,176,439,704,1016,1129,1441,1467,1427,1535,1520,1516,1811,1634,1348,867,607,454,433,294
216,102,7,150412,206,117,76,70,86,128,159,286,557,806,967,1093,1297,1406,1548,1730,2042,2138,1989,1559,1161,792,401,162
216,103,1,150413,91,50,26,44,153,710,1897,2116,1371,1092,1077,982,954,1103,1161,1189,1385,1702,1296,765,485,394,243,159
216,104,2,150414,104,83,74,93,154,661,1888,2115,1306,1109,1044,917,935,1110,1076,1124,1314,1583,1239,744,463,330,214,143
216,105,3,150415,86,72,77,69,152,655,1920,2005,1285,1045,1022,1018,945,1163,1135,1187,1422,1711,1339,817,538,375,252,143
216,106,4,150416,71,34,28,47,136,669,1864,2053,1331,1084,1047,1032,921,1126,1206,1273,1364,1704,1351,819,497,397,268,152
216,107,5,150417,71,30,30,56,129,584,1669,1817,1265,1039,1063,1106,1165,1306,1444,1469,1705,1695,1385,949,599,422,340,278
216,108,6,150418,148,68,46,47,80,185,451,748,992,1093,1372,1332,1292,1380,1440,1374,1361,1274,963,707,557,474,409,394
216,109,7,150419,229,138,95,82,80,99,175,270,472,721,944,953,1036,1389,1428,1571,1925,2042,1767,1329,1080,706,398,181
216,110,1,150420,71,47,22,52,140,814,2024,2137,1401,1029,969,940,858,1069,1006,1013,1253,1545,1174,686,451,320,224,148
216,111,2,150421,54,42,24,47,105,709,1884,1987,1389,963,946,898,893,1048,1088,1125,1325,1677,1270,749,484,334,251,126
216,112,3,150422,57,40,41,40,121,705,1894,1989,1407,1034,905,921,900,1191,1180,1325,1434,1687,1331,781,564,401,257,134
216,113,4,150423,75,25,26,53,129,627,1924,2106,1404,1063,975,982,997,1115,1179,1210,1447,1710,1355,794,508,425,273,159
216,114,5,150424,84,41,29,51,140,601,1755,1904,1233,987,1005,958,1031,1237,1262,1413,1705,1738,1580,1019,714,480,431,285
216,115,6,150425,171,79,63,54,106,191,453,721,933,1098,1147,1231,1175,1395,1450,1438,1453,1264,986,749,567,521,396,294
216,116,7,150426,211,121,86,71,66,75,139,222,424,645,809,955,928,1216,1290,1473,1689,1627,1364,1120,864,578,376,178
216,117,1,150427,75,37,20,56,143,798,2066,2094,1419,1023,939,917,889,977,1012,1050,1157,1458,1112,686,457,334,238,112
216,118,2,150428,54,28,25,40,111,687,1874,1954,1333,946,919,834,872,1057,1019,1028,1247,1497,1169,713,416,325,232,132
216,119,3,150429,56,34,31,34,117,668,1911,1916,1274,1031,961,875,963,1099,1112,1176,1391,1592,1343,802,529,408,341,183
216,120,4,150430,94,41,28,48,124,684,1761,1959,1321,981,992,958,930,1081,1164,1218,1428,1700,1312,849,552,444,319,195
216,121,5,150501,110,39,39,40,82,332,917,1153,988,876,993,956,1070,1300,1404,1590,1650,1659,1430,872,620,422,351,246
216,122,6,150502,158,96,38,54,90,172,429,659,916,1051,1190,1134,1154,1296,1332,1328,1352,1351,1145,812,583,510,463,362
216,123,7,150503,234,129,82,68,94,81,137,200,399,650,836,961,1147,1378,1655,1949,2104,2124,1816,1540,1184,771,493,240
216,124,1,150504,139,70,22,48,152,813,1979,2170,1385,1068,987,944,867,984,1036,1036,1228,1414,1203,655,455,353,219,123
216,125,2,150505,60,37,19,42,107,681,1924,2032,1355,1001,862,874,837,1014,1028,1104,1290,1494,1187,717,469,315,265,122
216,126,3,150506,49,30,22,38,123,657,1855,1968,1297,944,938,890,926,1127,1142,1216,1279,1554,1228,761,463,354,268,158
216,127,4,150507,72,37,30,50,123,704,1858,2058,1382,963,982,996,892,1096,1078,1306,1466,1657,1309,792,539,408,284,212
216,128,5,150508,75,42,31,37,117,672,1693,1896,1219,1027,982,993,1029,1210,1270,1412,1711,1728,1530,937,620,453,403,256
216,129,6,150509,170,94,54,46,101,183,554,804,1027,1102,1303,1191,1244,1301,1368,1334,1412,1319,1129,714,568,501,446,326
216,130,7,150510,203,136,75,61,100,94,186,308,540,846,1143,1143,1129,1170,1300,1723,1966,2028,1778,1455,1212,799,444,187
216,131,1,150511,85,34,19,46,141,846,2034,2207,1383,1058,925,898,872,1015,997,1099,1227,1522,1116,745,433,352,253,134
216,132,2,150512,52,28,24,54,120,726,1919,2104,1333,969,944,926,924,1022,1088,1208,1292,1600,1219,763,517,353,269,128
216,133,3,150513,64,43,52,57,128,727,1825,1933,1278,1021,937,1027,991,1193,1215,1405,1610,1607,1450,1009,650,470,366,227
216,134,7,150514,129,80,62,60,89,111,247,342,567,811,961,1003,913,969,1060,1159,1404,1301,1256,899,607,463,315,160
216,135,5,150515,97,52,29,39,110,354,839,1044,974,1033,1179,1226,1121,1271,1399,1307,1416,1350,1157,795,485,374,317,188
216,136,6,150516,134,70,48,54,81,140,366,649,753,1031,1126,1179,1276,1341,1344,1411,1370,1392,1285,1015,1041,779,585,366
216,137,7,150517,225,132,80,66,90,97,149,213,398,649,980,1317,1677,1939,2274,2299,2444,2382,2000,1733,1559,1215,770,531
216,138,1,150518,181,79,38,58,140,814,1981,2097,1389,997,980,944,961,1177,1115,1206,1427,1693,1298,769,519,345,265,156
216,139,2,150519,47,29,30,45,113,746,1870,2089,1370,991,928,968,880,1144,1029,1116,1317,1532,1248,721,430,285,245,140
216,140,3,150520,50,24,29,40,118,677,1882,1990,1308,1021,899,983,975,1143,1095,1154,1321,1559,1268,750,428,366,242,142
216,141,4,150521,69,38,20,50,127,715,1867,2033,1247,927,912,900,902,1075,1197,1233,1367,1573,1201,755,449,374,279,130
216,142,5,150522,85,29,51,49,121,666,1712,1868,1255,979,954,1002,1069,478,1268,1387,1687,1693,1396,989,605,455,367,240
216,143,6,150523,144,76,56,54,100,192,423,649,903,1104,1238,1271,1262,1339,1365,1236,1248,1097,913,644,496,447,375,300
216,144,7,150524,192,145,80,60,73,92,140,208,485,921,1055,1087,1018,1142,1204,1328,1577,1690,1364,1038,841,607,446,289
216,145,7,150525,140,89,60,60,57,88,148,180,320,627,985,1274,1530,1832,1990,2191,2358,2508,2134,1816,1464,1028,639,334
216,146,2,150526,181,57,38,72,148,854,2021,2243,1473,1079,1051,1026,1038,1170,1190,1185,1362,1562,1319,866,448,392,284,141
216,147,3,150527,45,29,31,45,128,781,1926,2025,1324,1047,944,969,988,1170,1196,1272,1475,1663,1322,816,501,360,282,178
216,148,4,150528,84,44,35,48,127,586,1601,1924,1314,1004,977,1003,1022,1211,1237,1316,1526,1720,1367,844,519,373,292,184
216,149,5,150529,92,48,38,53,140,644,1759,2115,1444,1104,1074,1102,1123,1331,1360,1446,1677,1891,1503,928,570,410,321,202
216,150,6,150530,164,93,58,53,77,160,350,570,794,983,1205,1355,1344,1421,1449,1474,1568,1571,1229,827,601,503,437,362
216,151,7,150531,250,157,95,72,76,85,147,203,377,636,944,1190,1341,1540,1731,1993,2211,2217,1894,1507,1140,800,438,231
216,152,1,150601,     ,     ,     ,     ,     ,     ,     ,     ,     ,     ,     ,     ,     ,     ,     ,     ,     ,     ,     ,     ,     ,     ,     ,     
216,153,2,150602,     ,     ,     ,     ,     ,     ,     ,     ,     ,     ,     ,     ,     ,     ,     ,     ,     ,     ,     ,     ,     ,     ,     ,     
216,154,3,150603,     ,     ,     ,     ,     ,     ,     ,     ,     ,     ,     ,     ,     ,     ,     ,     ,     ,     ,     ,     ,     ,     ,     ,     
216,155,4,150604,     ,     ,     ,     ,     ,     ,     ,     ,     ,     ,     ,     ,     ,     ,     ,     ,     ,     ,     ,     ,     ,     ,     ,     
216,156,5,150605,     ,     ,     ,     ,     ,     ,     ,     ,     ,     ,     ,     ,     ,     ,     ,     ,     ,     ,     ,     ,     ,     ,     ,     
216,157,6,150606,     ,     ,     ,     ,     ,     ,     ,     ,     ,     ,     ,     ,     ,     ,     ,     ,     ,     ,     ,     ,     ,     ,     ,     
216,158,7,150607,     ,     ,     ,     ,     ,     ,     ,     ,     ,     ,     ,     ,     ,     ,     ,     ,     ,     ,     ,     ,     ,     ,     ,     
216,159,1,150608,     ,     ,     ,     ,     ,     ,     ,     ,     ,     ,     ,     ,     ,     ,     ,     ,     ,     ,     ,     ,     ,     ,     ,     
216,160,2,150609,     ,     ,     ,     ,     ,     ,     ,     ,     ,     ,     ,     ,     ,     ,     ,     ,     ,     ,     ,     ,     ,     ,     ,     
216,161,3,150610,     ,     ,     ,     ,     ,     ,     ,     ,     ,     ,     ,     ,     ,     ,     ,     ,     ,     ,     ,     ,     ,     ,     ,     
216,162,4,150611,     ,     ,     ,     ,     ,     ,     ,     ,     ,     ,     ,     ,     ,     ,     ,     ,     ,     ,     ,     ,     ,     ,     ,     
216,163,5,150612,     ,     ,     ,     ,     ,     ,     ,     ,     ,     ,     ,     ,     ,     ,     ,     ,     ,     ,     ,     ,     ,     ,     ,     
216,164,6,150613,     ,     ,     ,     ,     ,     ,     ,     ,     ,     ,     ,     ,     ,     ,     ,     ,     ,     ,     ,     ,     ,     ,     ,     
216,165,7,150614,     ,     ,     ,     ,     ,     ,     ,     ,     ,     ,     ,     ,     ,     ,     ,     ,     ,     ,     ,     ,     ,     ,     ,     
216,166,1,150615,     ,     ,     ,     ,     ,     ,     ,     ,     ,     ,     ,     ,     ,     ,     ,     ,     ,     ,     ,     ,     ,     ,     ,     
216,167,2,150616,     ,     ,     ,     ,     ,     ,     ,     ,     ,     ,     ,     ,     ,     ,     ,     ,     ,     ,     ,     ,     ,     ,     ,     
216,168,3,150617,     ,     ,     ,     ,     ,     ,     ,     ,     ,     ,     ,     ,     ,     ,     ,     ,     ,     ,     ,     ,     ,     ,     ,     
216,169,4,150618,     ,     ,     ,     ,     ,     ,     ,     ,     ,     ,     ,     ,     ,     ,     ,     ,     ,     ,     ,     ,     ,     ,     ,     
216,170,5,150619,     ,     ,     ,     ,     ,     ,     ,     ,     ,     ,     ,     ,     ,     ,     ,     ,     ,     ,     ,     ,     ,     ,     ,     
216,171,6,150620,     ,     ,     ,     ,     ,     ,     ,     ,     ,     ,     ,     ,     ,     ,     ,     ,     ,     ,     ,     ,     ,     ,     ,     
216,172,7,150621,     ,     ,     ,     ,     ,     ,     ,     ,     ,     ,     ,     ,     ,     ,     ,     ,     ,     ,     ,     ,     ,     ,     ,     
216,173,1,150622,     ,     ,     ,     ,     ,     ,     ,     ,     ,     ,     ,     ,     ,     ,     ,     ,     ,     ,     ,     ,     ,     ,     ,     
216,174,2,150623,     ,     ,     ,     ,     ,     ,     ,     ,     ,     ,     ,     ,     ,     ,     ,     ,     ,     ,     ,     ,     ,     ,     ,     
216,175,3,150624,     ,     ,     ,     ,     ,     ,     ,     ,     ,     ,     ,     ,     ,     ,     ,     ,     ,     ,     ,     ,     ,     ,     ,     
216,176,4,150625,     ,     ,     ,     ,     ,     ,     ,     ,     ,     ,     ,     ,     ,     ,     ,     ,     ,     ,     ,     ,     ,     ,     ,     
216,177,5,150626,     ,     ,     ,     ,     ,     ,     ,     ,     ,     ,     ,     ,     ,     ,     ,     ,     ,     ,     ,     ,     ,     ,     ,     
216,178,6,150627,     ,     ,     ,     ,     ,     ,     ,     ,     ,     ,     ,     ,     ,     ,     ,     ,     ,     ,     ,     ,     ,     ,     ,     
216,179,7,150628,     ,     ,     ,     ,     ,     ,     ,     ,     ,     ,     ,     ,     ,     ,     ,     ,     ,     ,     ,     ,     ,     ,     ,     
216,180,1,150629,     ,     ,     ,     ,     ,     ,     ,     ,     ,     ,     ,     ,     ,     ,     ,     ,     ,     ,     ,     ,     ,     ,     ,     
216,181,2,150630,     ,     ,     ,     ,     ,     ,     ,     ,     ,     ,     ,     ,     ,     ,     ,     ,     ,     ,     ,     ,     ,     ,     ,     
216,182,3,150701,     ,     ,     ,     ,     ,     ,     ,     ,     ,     ,     ,     ,     ,     ,     ,     ,     ,     ,     ,     ,     ,     ,     ,     
216,183,4,150702,     ,     ,     ,     ,     ,     ,     ,     ,     ,     ,     ,     ,     ,     ,     ,     ,     ,     ,     ,     ,     ,     ,     ,     
216,184,5,150703,     ,     ,     ,     ,     ,     ,     ,     ,     ,     ,     ,     ,     ,     ,     ,     ,     ,     ,     ,     ,     ,     ,     ,     
216,185,6,150704,     ,     ,     ,     ,     ,     ,     ,     ,     ,     ,     ,     ,     ,     ,     ,     ,     ,     ,     ,     ,     ,     ,     ,     
216,186,7,150705,     ,     ,     ,     ,     ,     ,     ,     ,     ,     ,     ,     ,     ,     ,     ,     ,     ,     ,     ,     ,     ,     ,     ,     
216,187,1,150706,     ,     ,     ,     ,     ,     ,     ,     ,     ,     ,     ,     ,     ,     ,     ,     ,     ,     ,     ,     ,     ,     ,     ,     
216,188,2,150707,     ,     ,     ,     ,     ,     ,     ,     ,     ,     ,     ,     ,     ,     ,     ,     ,     ,     ,     ,     ,     ,     ,     ,     
216,189,3,150708,     ,     ,     ,     ,     ,     ,     ,     ,     ,     ,     ,     ,     ,     ,     ,     ,     ,     ,     ,     ,     ,     ,     ,     
216,190,4,150709,     ,     ,     ,     ,     ,     ,     ,     ,     ,     ,     ,     ,     ,     ,     ,     ,     ,     ,     ,     ,     ,     ,     ,     
216,191,5,150710,     ,     ,     ,     ,     ,     ,     ,     ,     ,     ,     ,     ,     ,     ,     ,     ,     ,     ,     ,     ,     ,     ,     ,     
216,192,6,150711,     ,     ,     ,     ,     ,     ,     ,     ,     ,     ,     ,     ,     ,     ,     ,     ,     ,     ,     ,     ,     ,     ,     ,     
216,193,7,150712,     ,     ,     ,     ,     ,     ,     ,     ,     ,     ,     ,     ,     ,     ,     ,     ,     ,     ,     ,     ,     ,     ,     ,     
216,194,1,150713,     ,     ,     ,     ,     ,     ,     ,     ,     ,     ,     ,     ,     ,     ,     ,     ,     ,     ,     ,     ,     ,     ,     ,     
216,195,2,150714,     ,     ,     ,     ,     ,     ,     ,     ,     ,     ,     ,     ,     ,     ,     ,     ,     ,     ,     ,     ,     ,     ,     ,     
216,196,3,150715,     ,     ,     ,     ,     ,     ,     ,     ,     ,     ,     ,     ,     ,     ,     ,     ,     ,     ,     ,     ,     ,     ,     ,     
216,197,4,150716,     ,     ,     ,     ,     ,     ,     ,     ,     ,     ,     ,     ,     ,     ,     ,     ,     ,     ,     ,     ,     ,     ,     ,     
216,198,5,150717,     ,     ,     ,     ,     ,     ,     ,     ,     ,     ,     ,     ,     ,     ,     ,     ,     ,     ,     ,     ,     ,     ,     ,     
216,199,6,150718,     ,     ,     ,     ,     ,     ,     ,     ,     ,     ,     ,     ,     ,     ,     ,     ,     ,     ,     ,     ,     ,     ,     ,     
216,200,7,150719,     ,     ,     ,     ,     ,     ,     ,     ,     ,     ,     ,     ,     ,     ,     ,     ,     ,     ,     ,     ,     ,     ,     ,     
216,201,1,150720,     ,     ,     ,     ,     ,     ,     ,     ,     ,     ,     ,     ,     ,     ,     ,     ,     ,     ,     ,     ,     ,     ,     ,     
216,202,2,150721,     ,     ,     ,     ,     ,     ,     ,     ,     ,     ,     ,     ,     ,     ,     ,     ,     ,     ,     ,     ,     ,     ,     ,     
216,203,3,150722,     ,     ,     ,     ,     ,     ,     ,     ,     ,     ,     ,     ,     ,     ,     ,     ,     ,     ,     ,     ,     ,     ,     ,     
216,204,4,150723,     ,     ,     ,     ,     ,     ,     ,     ,     ,     ,     ,     ,     ,     ,     ,     ,     ,     ,     ,     ,     ,     ,     ,     
216,205,5,150724,     ,     ,     ,     ,     ,     ,     ,     ,     ,     ,     ,     ,     ,     ,     ,     ,     ,     ,     ,     ,     ,     ,     ,     
216,206,6,150725,     ,     ,     ,     ,     ,     ,     ,     ,     ,     ,     ,     ,     ,     ,     ,     ,     ,     ,     ,     ,     ,     ,     ,     
216,207,7,150726,     ,     ,     ,     ,     ,     ,     ,     ,     ,     ,     ,     ,     ,     ,     ,     ,     ,     ,     ,     ,     ,     ,     ,     
216,208,1,150727,     ,     ,     ,     ,     ,     ,     ,     ,     ,     ,     ,     ,     ,     ,     ,     ,     ,     ,     ,     ,     ,     ,     ,     
216,209,2,150728,     ,     ,     ,     ,     ,     ,     ,     ,     ,     ,     ,     ,     ,     ,     ,     ,     ,     ,     ,     ,     ,     ,     ,     
216,210,3,150729,     ,     ,     ,     ,     ,     ,     ,     ,     ,     ,     ,     ,     ,     ,     ,     ,     ,     ,     ,     ,     ,     ,     ,     
216,211,4,150730,     ,     ,     ,     ,     ,     ,     ,     ,     ,     ,     ,     ,     ,     ,     ,     ,     ,     ,     ,     ,     ,     ,     ,     
216,212,5,150731,     ,     ,     ,     ,     ,     ,     ,     ,     ,     ,     ,     ,     ,     ,     ,     ,     ,     ,     ,     ,     ,     ,     ,     
216,213,7,150801,     ,     ,     ,     ,     ,     ,     ,     ,     ,     ,     ,     ,     ,     ,     ,     ,     ,     ,     ,     ,     ,     ,     ,     
216,214,7,150802,     ,     ,     ,     ,     ,     ,     ,     ,     ,     ,     ,     ,     ,     ,     ,     ,     ,     ,     ,     ,     ,     ,     ,     
216,215,1,150803,     ,     ,     ,     ,     ,     ,     ,     ,     ,     ,     ,     ,     ,     ,     ,     ,     ,     ,     ,     ,     ,     ,     ,     
216,216,2,150804,     ,     ,     ,     ,     ,     ,     ,     ,     ,     ,     ,     ,     ,     ,     ,     ,     ,     ,     ,     ,     ,     ,     ,     
216,217,3,150805,     ,     ,     ,     ,     ,     ,     ,     ,     ,     ,     ,     ,     ,     ,     ,     ,     ,     ,     ,     ,     ,     ,     ,     
216,218,4,150806,     ,     ,     ,     ,     ,     ,     ,     ,     ,     ,     ,     ,     ,     ,     ,     ,     ,     ,     ,     ,     ,     ,     ,     
216,219,5,150807,     ,     ,     ,     ,     ,     ,     ,     ,     ,     ,     ,     ,     ,     ,     ,     ,     ,     ,     ,     ,     ,     ,     ,     
216,220,6,150808,     ,     ,     ,     ,     ,     ,     ,     ,     ,     ,     ,     ,     ,     ,     ,     ,     ,     ,     ,     ,     ,     ,     ,     
216,221,7,150809,     ,     ,     ,     ,     ,     ,     ,     ,     ,     ,     ,     ,     ,     ,     ,     ,     ,     ,     ,     ,     ,     ,     ,     
216,222,1,150810,     ,     ,     ,     ,     ,     ,     ,     ,     ,     ,     ,     ,     ,     ,     ,     ,     ,     ,     ,     ,     ,     ,     ,     
216,223,2,150811,     ,     ,     ,     ,     ,     ,     ,     ,     ,     ,     ,     ,     ,     ,     ,     ,     ,     ,     ,     ,     ,     ,     ,     
216,224,3,150812,     ,     ,     ,     ,     ,     ,     ,     ,     ,     ,     ,     ,     ,     ,     ,     ,     ,     ,     ,     ,     ,     ,     ,     
216,225,4,150813,     ,     ,     ,     ,     ,     ,     ,     ,     ,     ,     ,     ,     ,     ,     ,     ,     ,     ,     ,     ,     ,     ,     ,     
216,226,5,150814,     ,     ,     ,     ,     ,     ,     ,     ,     ,     ,     ,     ,     ,     ,     ,     ,     ,     ,     ,     ,     ,     ,     ,     
216,227,6,150815,     ,     ,     ,     ,     ,     ,     ,     ,     ,     ,     ,     ,     ,     ,     ,     ,     ,     ,     ,     ,     ,     ,     ,     
216,228,7,150816,     ,     ,     ,     ,     ,     ,     ,     ,     ,     ,     ,     ,     ,     ,     ,     ,     ,     ,     ,     ,     ,     ,     ,     
216,229,1,150817,     ,     ,     ,     ,     ,     ,     ,     ,     ,     ,     ,     ,     ,     ,     ,     ,     ,     ,     ,     ,     ,     ,     ,     
216,230,2,150818,     ,     ,     ,     ,     ,     ,     ,     ,     ,     ,     ,     ,     ,     ,     ,     ,     ,     ,     ,     ,     ,     ,     ,     
216,231,3,150819,     ,     ,     ,     ,     ,     ,     ,     ,     ,     ,     ,     ,     ,     ,     ,     ,     ,     ,     ,     ,     ,     ,     ,     
216,232,4,150820,     ,     ,     ,     ,     ,     ,     ,     ,     ,     ,     ,     ,     ,     ,     ,     ,     ,     ,     ,     ,     ,     ,     ,     
216,233,5,150821,     ,     ,     ,     ,     ,     ,     ,     ,     ,     ,     ,     ,     ,     ,     ,     ,     ,     ,     ,     ,     ,     ,     ,     
216,234,6,150822,     ,     ,     ,     ,     ,     ,     ,     ,     ,     ,     ,     ,     ,     ,     ,     ,     ,     ,     ,     ,     ,     ,     ,     
216,235,7,150823,     ,     ,     ,     ,     ,     ,     ,     ,     ,     ,     ,     ,     ,     ,     ,     ,     ,     ,     ,     ,     ,     ,     ,     
216,236,1,150824,     ,     ,     ,     ,     ,     ,     ,     ,     ,     ,     ,     ,     ,     ,     ,     ,     ,     ,     ,     ,     ,     ,     ,     
216,237,2,150825,     ,     ,     ,     ,     ,     ,     ,     ,     ,     ,     ,     ,     ,     ,     ,     ,     ,     ,     ,     ,     ,     ,     ,     
216,238,3,150826,     ,     ,     ,     ,     ,     ,     ,     ,     ,     ,     ,     ,     ,     ,     ,     ,     ,     ,     ,     ,     ,     ,     ,     
216,239,4,150827,     ,     ,     ,     ,     ,     ,     ,     ,     ,     ,     ,     ,     ,     ,     ,     ,     ,     ,     ,     ,     ,     ,     ,     
216,240,5,150828,     ,     ,     ,     ,     ,     ,     ,     ,     ,     ,     ,     ,     ,     ,     ,     ,     ,     ,     ,     ,     ,     ,     ,     
216,241,6,150829,     ,     ,     ,     ,     ,     ,     ,     ,     ,     ,     ,     ,     ,     ,     ,     ,     ,     ,     ,     ,     ,     ,     ,     
216,242,7,150830,     ,     ,     ,     ,     ,     ,     ,     ,     ,     ,     ,     ,     ,     ,     ,     ,     ,     ,     ,     ,     ,     ,     ,     
216,243,1,150831,     ,     ,     ,     ,     ,     ,     ,     ,     ,     ,     ,     ,     ,     ,     ,     ,     ,     ,     ,     ,     ,     ,     ,     
216,244,2,150901,79,44,44,59,130,634,1866,2030,1375,1009,1030,1019,950,1143,1165,1274,1388,1604,1302,796,436,321,244,120
216,245,3,150902,58,35,39,47,120,645,1892,1997,1323,996,1006,1080,1001,1253,1209,1275,1476,1704,1296,887,498,334,307,151
216,246,4,150903,90,41,36,41,118,675,1905,2000,1323,1003,936,1003,1064,1200,1284,1396,1487,1675,1307,812,518,390,284,150
216,247,5,150904,92,31,36,41,120,614,1699,1899,1289,1021,981,1085,1134,1319,1373,1493,1758,1842,1608,1174,786,565,362,255
216,248,6,150905,188,117,59,53,91,180,465,727,919,1205,1399,1503,1543,1604,1710,1566,1668,1546,1155,872,706,551,454,428
216,249,7,150906,276,179,115,83,73,89,156,219,483,749,1034,1179,1364,1545,1715,1941,2244,2166,1749,1618,1271,874,480,244
216,250,1,150907,100,44,33,69,158,776,2004,2192,1513,1045,966,978,945,1165,1111,1159,1246,1599,1323,822,528,413,305,194
216,251,2,150908,78,52,34,60,136,622,1857,2084,1337,1043,993,964,935,1098,1105,1246,1456,1633,1295,839,479,355,262,210
216,252,3,150909,78,48,37,40,112,637,1857,2038,1336,1061,984,1016,980,1252,1302,1394,1715,1844,1619,958,613,407,294,150
216,253,4,150910,81,48,40,53,114,638,1950,2097,1422,1049,1070,1069,1152,1256,1354,1545,1611,1857,1451,928,546,401,307,211
216,254,5,150911,75,45,42,49,131,579,1759,1901,1310,1024,1085,1106,1199,1400,1561,1644,1801,1856,1598,1123,674,521,419,405
216,255,6,150912,217,111,65,33,85,189,478,766,1087,1265,1406,1485,1548,1634,1769,1850,2055,2144,1803,1236,943,647,569,343
216,256,7,150913,233,123,109,72,73,96,134,237,465,762,1072,1322,1584,1819,2060,2166,2725,1898,2543,1926,1235,804,412,213
216,257,1,150914,110,48,24,63,152,716,1949,2139,1397,1037,1024,1069,1122,1311,1341,1278,1459,1638,1246,832,495,360,323,135
216,258,2,150915,72,59,30,53,105,645,1926,2090,1310,998,914,949,968,1107,1129,1216,1371,1626,1216,729,435,354,253,170
216,259,3,150916,75,48,36,45,112,674,1919,1978,1297,1032,1001,1010,1006,1269,1180,1266,1441,1664,1315,839,541,366,298,145
216,260,4,150917,88,55,32,54,116,688,1859,2096,1346,957,1031,976,993,1194,1255,1313,1426,1658,1263,762,496,355,330,156
216,261,5,150918,76,53,40,51,123,587,1682,1882,1240,991,959,1085,1223,1373,1443,1452,1679,1737,1469,954,645,460,371,368
216,262,6,150919,187,89,53,52,77,181,462,668,967,1084,1198,1381,1445,1533,1544,1544,1666,1750,1419,902,741,517,494,394
216,263,7,150920,195,150,80,65,68,69,139,184,369,673,974,1140,1463,1598,1829,2121,2380,2451,2085,1780,1341,962,485,244
216,264,1,150921,116,70,40,52,163,735,2057,2231,1404,1049,963,940,974,1105,1200,1237,1505,1785,1412,933,566,387,278,160
216,265,2,150922,64,33,31,51,110,672,1872,2060,1390,914,920,1018,1015,1156,1173,1202,1455,1642,1342,776,447,375,295,154
216,266,3,150923,89,57,33,39,108,610,1881,1980,1355,988,943,1030,992,1212,1299,1297,1425,1683,1230,764,449,319,347,165
216,267,4,150924,94,47,44,40,114,653,1873,2124,1427,1037,978,1015,1024,1287,1228,1359,1506,1779,1406,885,552,399,327,190
216,268,5,150925,79,47,40,48,127,578,1706,1889,1243,1013,1042,1109,1077,1386,1510,1580,1885,1963,1616,1100,737,533,403,281
216,269,6,150926,171,101,52,49,109,191,525,720,956,1129,1304,1387,1484,1647,1658,1774,1967,1862,1447,922,651,557,527,375
216,270,7,150927,262,161,90,86,84,96,245,286,469,755,1134,1293,1509,1773,2074,2382,2793,2827,2618,2088,1354,874,427,221
216,271,1,150928,118,61,52,60,156,773,1949,2119,1449,1129,1084,1002,1066,1176,1216,1295,1451,1750,1342,855,508,379,243,167
216,272,2,150929,72,45,40,47,115,657,1805,1963,1308,1057,1043,1018,961,1174,1260,1405,1594,1793,1416,845,519,384,292,142
216,273,3,150930,75,39,52,61,91,619,1811,1846,1326,965,1031,1001,979,1266,1321,1393,1576,1767,1450,911,594,370,279,221
216,274,4,151001,78,39,35,44,121,628,1723,1983,1311,997,1023,1052,997,1237,1307,1432,1690,1763,1462,900,537,401,318,171
216,275,5,151002,101,32,26,45,130,552,1687,1712,1153,995,1097,1137,1155,1336,1496,1700,1845,2036,1674,1113,696,483,390,308
216,276,6,151003,181,87,63,75,89,175,447,632,911,1135,1289,1557,1515,1769,1834,1862,2030,2187,1638,1007,710,564,437,387
216,277,7,151004,207,145,89,69,69,91,140,218,363,660,1042,1343,1605,1842,2001,2046,2223,2229,1940,1426,1067,844,401,224
216,278,1,151005,99,55,41,61,146,719,1875,1938,1272,1061,1027,1038,998,1204,1176,1181,1413,1678,1363,840,491,402,237,139
216,279,2,151006,57,42,28,49,94,581,1723,1823,1252,940,980,994,960,1073,1182,1321,1347,1723,1303,767,441,322,253,203
216,280,3,151007,57,46,32,47,129,527,1733,1736,1187,998,1020,1036,1032,1205,1254,1348,1449,1670,1340,821,482,333,247,155
216,281,4,151008,88,46,34,57,121,586,1701,1788,1223,1007,1011,1033,1021,1330,1389,1513,1609,1775,1447,949,623,383,248,177
216,282,5,151009,96,47,39,40,123,527,1593,1553,1175,998,1012,1080,1198,1439,1628,1746,1932,2114,1667,1192,735,506,382,399
216,283,6,151010,213,97,50,65,90,184,462,585,895,1025,1379,1487,1513,1744,1901,1900,1967,1950,1487,995,825,606,490,468
216,284,7,151011,245,169,87,78,82,93,131,206,364,660,933,1224,1381,1763,1944,2314,2599,2665,2389,2013,1423,860,407,204
216,285,1,151012,107,41,38,64,154,723,1919,2045,1400,1140,1055,999,982,1180,1141,1273,1453,1826,1467,943,541,334,253,120
216,286,2,151013,71,33,29,48,111,572,1728,1905,1254,1022,990,1039,1084,1234,1293,1295,1451,1660,1292,745,414,307,234,139
216,287,3,151014,52,33,28,40,115,561,1723,1895,1244,1036,1115,1049,1100,1297,1386,1384,1621,1764,1323,861,507,351,282,132
216,288,4,151015,80,42,26,38,134,559,1699,1860,1310,965,1008,1048,1088,1316,1343,1391,1497,1779,1321,784,450,329,239,158
216,289,5,151016,75,44,37,44,135,507,1555,1718,1173,996,1056,1127,1223,1385,1545,1555,1743,1830,1461,981,674,442,355,272
216,290,6,151017,164,74,61,55,84,160,423,615,825,975,1312,1320,1442,1548,1691,1722,1644,1712,1249,846,525,469,487,508
216,291,7,151018,285,165,95,65,56,98,146,173,372,602,891,983,1320,1621,1794,2049,2265,2161,1675,1340,1056,642,352,177
216,292,1,151019,94,37,44,54,147,705,1992,2303,1392,1044,975,1027,979,1088,1078,1161,1292,1548,1271,704,452,305,218,134
216,293,2,151020,65,31,23,49,107,597,1885,2146,1374,1017,982,948,948,1061,1098,1256,1422,1644,1313,794,441,295,246,207
216,294,3,151021,73,35,20,41,117,584,1911,2072,1394,990,947,969,945,1213,1214,1277,1557,1696,1325,739,451,330,242,165
216,295,4,151022,84,27,38,44,107,602,1907,2202,1522,1057,1029,998,999,1182,1177,1280,1475,1751,1284,843,462,340,236,166
216,296,5,151023,70,33,33,27,104,544,1745,1967,1359,1051,1064,1088,1049,1231,1362,1531,1885,1940,1712,1025,639,436,418,272
216,297,6,151024,174,101,55,55,75,174,472,749,1001,1133,1292,1359,1268,1467,1519,1634,1869,1796,1469,918,596,553,458,418
216,298,7,151025,305,162,154,71,59,98,193,327,490,856,1181,1260,1468,1675,1793,2024,2400,2412,1945,1448,1065,633,376,155
216,299,1,151026,77,41,28,52,132,717,2075,2358,1413,1107,996,882,998,1154,1115,1188,1510,1623,1240,726,435,269,229,120
216,300,2,151027,66,37,35,39,123,588,1934,2201,1375,1014,977,904,924,1135,1142,1190,1533,1749,1330,731,392,287,246,129
216,301,3,151028,68,37,26,30,95,628,1924,2144,1324,1107,990,982,1030,1230,1237,1329,1586,1811,1277,764,415,313,308,164
216,302,4,151029,92,32,27,42,114,580,1862,2208,1464,1030,994,949,1048,1206,1237,1256,1493,1661,1209,744,413,358,307,164
216,303,5,151030,79,41,21,41,109,556,1728,2035,1213,1045,994,954,1074,1241,1368,1604,1850,1923,1586,938,541,423,389,269
216,304,6,151031,194,101,51,39,90,173,483,773,1031,1159,1287,1264,1189,1354,1479,1683,1913,1766,1292,751,516,484,478,539
216,305,7,151101,294,143,94,62,81,76,151,196,383,772,963,1031,1211,1377,1710,2222,2727,2731,2640,1623,1201,759,367,175
216,306,1,151102,81,50,33,44,137,720,2069,2311,1432,1037,925,931,919,1085,1066,1263,1488,1697,1220,661,366,309,230,121
216,307,2,151103,58,44,39,39,126,605,1921,2209,1344,985,928,891,915,1093,1101,1195,1419,1710,1281,678,386,278,241,120
216,308,3,151104,61,35,26,55,104,633,1860,2148,1382,957,916,923,922,1111,1130,1234,1488,1744,1278,740,393,319,257,137
216,309,4,151105,76,54,38,38,127,606,1915,2139,1422,1009,977,958,984,1107,1243,1313,1641,1726,1295,728,414,295,256,125
216,310,5,151106,76,42,24,42,134,556,1801,2013,1264,1024,954,1101,1069,1243,1411,1538,1812,1849,1566,906,567,416,361,319
216,311,6,151107,154,113,62,39,96,151,449,779,1015,1205,1229,1196,1210,1356,1374,1471,1806,1755,1185,715,499,450,431,420
216,312,7,151108,359,160,135,110,100,64,144,198,455,797,1030,1102,1179,1313,1794,2316,2651,2945,2518,1430,1025,657,362,164
216,313,1,151109,72,37,41,50,152,693,2132,2332,1479,1038,918,920,918,1131,1045,1148,1386,1719,1155,702,387,278,223,119
216,314,2,151110,60,28,24,42,105,572,1937,2150,1434,936,904,908,872,1020,1071,1198,1452,1690,1262,699,364,250,238,236
216,315,3,151111,63,35,26,29,114,584,1900,2050,1425,989,935,928,916,1199,1216,1261,1633,1794,1328,738,468,331,285,159
216,316,4,151112,86,44,27,50,140,591,1852,2203,1453,1006,941,954,961,1047,1169,1359,1626,1740,1322,718,433,360,248,169
216,317,5,151113,76,42,36,32,119,530,1808,2030,1286,989,938,995,1003,1193,1281,1378,1641,1713,1429,865,573,398,362,292
216,318,6,151114,204,88,64,37,79,149,404,696,902,1047,1191,1212,1196,1348,1303,1392,1542,1505,1072,642,494,427,439,469
216,319,7,151115,273,154,77,65,76,66,124,229,423,653,925,996,1138,1385,1558,1917,2211,2050,1521,1162,869,612,313,157
216,320,1,151116,71,36,27,44,151,709,2113,2281,1546,987,927,908,907,1066,1077,1123,1342,1613,1090,673,440,278,229,131
216,321,2,151117,63,38,32,55,101,601,1875,2190,1430,984,956,910,928,1047,1090,1124,1370,1710,1224,698,347,279,245,208
216,322,3,151118,70,37,25,40,123,588,1857,2180,1386,1030,895,986,943,1142,1135,1261,1485,1773,1313,729,379,297,276,122
216,323,4,151119,76,35,23,47,118,607,1919,2195,1499,986,979,936,993,1194,1121,1293,1503,1742,1312,762,430,292,263,163
216,324,5,151120,67,44,31,45,118,579,1685,2006,1202,920,959,982,1012,1203,1298,1501,1645,1739,1363,772,538,361,327,250
216,325,6,151121,165,104,67,51,78,168,414,649,839,997,1121,1141,1182,1278,1225,1165,1235,1190,861,512,382,370,430,429
216,326,7,151122,279,141,78,51,67,65,108,211,317,555,742,909,992,1183,1371,1502,1782,1671,1208,967,772,527,286,147
216,327,1,151123,71,38,42,55,129,686,1968,2197,1430,998,885,868,836,1039,975,1039,1262,1431,1066,593,361,261,211,107
216,328,2,151124,60,34,26,44,113,551,1795,2161,1397,949,923,897,873,1082,1015,1232,1399,1628,1230,697,398,294,236,121
216,329,3,151125,56,41,33,43,95,565,1564,2154,1209,910,820,896,921,1056,1078,1154,1320,1516,1154,709,388,278,227,129
216,330,4,151126,66,48,20,37,117,596,1746,2009,1302,980,833,855,902,1059,1081,1087,1369,1469,1186,636,401,318,247,177
216,331,5,151127,78,32,32,46,101,551,1616,1960,1339,989,982,1004,1045,1210,1364,1418,1713,1789,1477,948,573,449,307,297
216,332,6,151128,208,122,79,61,74,164,394,636,885,978,1135,1167,1169,1212,1371,1294,1350,1301,991,598,493,470,461,439
216,333,7,151129,309,132,96,73,62,79,134,181,323,647,935,1167,1321,1431,1722,1764,1951,1781,1370,1058,794,564,344,154
216,334,1,151130,67,58,40,51,123,710,1940,2279,1422,1010,1008,909,912,1108,1164,1120,1300,1618,1132,652,388,291,225,99
216,335,2,151201,63,39,22,45,100,588,1811,2208,1399,999,913,922,885,1083,1047,1132,1363,1513,1156,693,328,320,220,184
216,336,3,151202,107,31,31,45,115,535,1819,2087,1321,1028,984,942,919,1197,1171,1339,1565,1698,1319,737,447,299,251,129
216,337,4,151203,79,37,30,37,114,581,1823,2235,1431,1018,992,933,973,1203,1193,1313,1575,1695,1266,719,420,313,277,165
216,338,5,151204,72,49,34,39,112,530,1660,1942,1348,1036,1055,1040,1039,1236,1356,1476,1740,1772,1376,791,554,375,379,352
216,339,6,151205,227,154,76,61,90,159,359,711,917,1109,1306,1298,1348,1483,1671,1632,1745,1599,1212,724,467,481,396,325
216,340,7,151206,242,156,89,69,67,65,97,196,324,644,987,1274,1356,1652,1822,2235,2566,1776,1461,1909,1127,708,339,161
216,341,1,151207,74,41,30,35,139,673,1896,2145,1392,1082,992,946,1019,1143,1255,1347,1478,1673,1147,736,411,343,218,138
216,342,2,151208,70,48,32,34,101,488,1250,1426,1127,932,873,1014,1004,1155,1299,1525,1815,1904,1466,846,497,337,277,150
216,343,3,151209,61,34,38,46,101,619,1903,2195,1491,1104,976,1016,1008,1196,1155,1182,1425,1650,1186,657,393,278,278,141
216,344,4,151210,90,26,39,41,123,574,1823,2247,1503,1030,1011,965,917,1155,1214,1215,1535,1688,1266,724,369,328,303,169
216,345,5,151211,76,44,30,47,118,540,1633,2018,1328,995,1015,993,1051,1206,1264,1346,1749,1766,1426,1007,563,398,341,361
216,346,6,151212,228,135,72,58,89,176,377,712,814,1087,1250,1294,1224,1355,1391,1399,1583,1540,1110,716,481,481,498,511
216,347,7,151213,261,143,105,74,79,64,96,195,375,717,1025,1270,1532,1771,2266,2561,2787,1854,2283,1289,984,653,324,171
216,348,1,151214,67,39,26,54,139,715,2007,2292,1512,1051,992,1010,1032,1220,1163,1266,1422,1656,1117,632,405,288,230,173
216,349,2,151215,63,33,24,49,117,565,1797,2208,1399,1065,993,992,888,1130,1117,1269,1414,1687,1174,702,380,320,256,143
216,350,3,151216,61,34,32,41,114,569,1769,1988,1397,1057,966,1018,974,1189,1103,1206,1476,1637,1301,735,429,309,230,167
216,351,4,151217,88,45,38,46,108,595,1786,2158,1437,1030,960,1008,990,1239,1199,1228,1506,1614,1192,785,440,320,248,166
216,352,5,151218,91,41,34,47,101,504,1581,1872,1306,1014,1040,1130,1047,1240,1355,1401,1826,1580,1325,891,515,433,334,319
216,353,6,151219,258,136,85,87,100,173,346,553,790,1084,1214,1354,1236,1390,1298,1376,1476,1308,970,681,519,475,434,346
216,354,7,151220,219,132,84,65,85,84,122,152,369,776,1071,1243,1294,1437,1764,1987,2333,2136,1527,1091,838,590,352,147
216,355,1,151221,86,36,30,43,139,484,1420,1807,1357,1090,1175,1140,1109,1219,1321,1316,1445,1458,1194,682,399,331,209,130
216,356,2,151222,73,25,34,42,103,413,1260,1537,1223,1005,1120,1065,993,1375,1373,1440,1571,1635,1253,758,470,352,276,284
216,357,3,151223,117,52,45,33,119,364,1047,1325,1073,1022,1034,1189,1250,1438,1583,1477,1605,1491,1180,803,486,391,281,197
216,358,4,151224,149,85,71,52,102,193,478,687,636,842,1007,1130,1216,1310,1371,1294,1196,880,478,256,214,323,474,523
216,359,7,151225,327,135,56,39,46,52,104,107,215,580,1084,1293,1222,1202,1256,1397,1485,1275,845,634,563,591,510,442
216,360,7,151226,196,113,58,50,66,78,163,204,374,704,1305,1648,1575,1434,1428,1668,1864,1612,1318,860,686,598,460,371
216,361,7,151227,280,109,63,61,63,70,122,171,325,703,1173,1399,1649,1676,1565,2042,2472,2101,1640,1177,923,640,385,290
216,362,1,151228,241,100,58,58,97,251,667,855,822,987,1215,1297,1249,1440,1433,1563,1623,1609,1241,895,573,458,302,246
216,363,2,151229,197,74,41,54,72,241,539,770,856,904,1293,1305,1316,1397,1498,1666,1741,1778,1268,852,561,393,323,236
216,364,3,151230,175,76,48,52,91,253,498,722,784,908,1196,1343,1457,1592,1709,1739,1925,1941,1392,995,638,463,276,245
216,365,4,151231,220,105,44,54,78,173,376,504,522,703,941,1168,1313,1436,1390,1333,1324,1132,831,471,260,241,231,157
216,1,7,160101,132,270,198,120,85,75,98,89,125,263,451,840,1323,1449,1667,1799,1887,1850,1433,951,691,556,365,205
216,2,6,160102,118,52,41,48,59,116,216,403,601,1057,1694,2474,2673,2853,2551,2551,2314,2373,2406,1865,1180,942,745,436
216,3,7,160103,318,161,113,99,96,95,127,143,300,555,1064,1561,1974,2307,2449,2656,2429,2301,2384,1504,1196,720,419,237
216,4,1,160104,109,64,43,43,100,494,1396,1603,1064,895,952,995,1098,1279,1242,1109,1138,1369,977,640,386,264,200,97
216,5,2,160105,68,28,29,42,90,418,1236,1533,1020,836,800,899,1009,1115,1104,1132,1248,1450,1140,613,312,274,193,117
216,6,3,160106,64,30,31,45,78,352,994,1159,916,739,799,912,1011,1076,1029,1192,1320,1471,1065,680,354,294,232,148
216,7,4,160107,87,50,33,43,96,424,1327,1760,1172,887,887,921,981,1189,1154,1068,1176,1348,1074,631,335,304,216,149
216,8,5,160108,73,25,28,51,97,424,1218,1545,1085,887,902,1016,1074,1300,1314,1326,1588,1664,1381,889,538,413,318,220
216,9,6,160109,156,94,64,48,59,122,277,469,719,936,1278,1522,1565,1507,1534,1536,1442,1385,1011,645,439,394,365,332
216,10,7,160110,270,166,96,75,86,56,121,155,274,534,785,1160,1401,1526,1788,2169,2452,2294,1578,1193,900,619,354,141
216,11,1,160111,79,41,33,43,98,619,1899,2097,1418,934,936,877,976,1178,1053,1029,1113,1423,981,594,344,244,232,107
216,12,2,160112,49,42,26,41,83,534,1627,2069,1321,900,795,844,878,1024,938,978,1205,1401,1045,632,334,249,204,137
216,13,3,160113,249,70,33,44,82,514,1637,1892,1293,867,812,856,915,1006,1016,1065,1202,1451,1107,622,375,265,215,127
216,14,4,160114,79,35,34,34,95,525,1634,2070,1303,867,880,870,900,1035,1114,1177,1322,1404,1146,662,369,236,221,115
216,15,5,160115,84,41,25,42,111,467,1405,1643,1208,844,781,903,1020,1137,1196,1272,1576,1553,1297,824,450,350,291,234
216,16,6,160116,152,84,51,45,62,141,288,449,669,895,979,1206,1178,1225,1251,1230,1309,1279,979,541,380,372,362,303
216,17,7,160117,222,132,95,63,73,67,131,132,250,438,609,994,1246,1527,1356,1688,1603,1724,1737,1682,1379,784,419,206
216,18,1,160118,79,42,39,39,117,565,1620,2009,1335,923,875,849,924,1021,1041,1231,1471,1743,1309,802,425,300,215,115
216,19,2,160119,58,43,15,41,110,542,1677,1872,1302,921,886,917,846,1017,1023,1068,1181,1400,1079,653,437,270,247,156
216,20,3,160120,71,49,20,48,95,534,1497,1881,1104,922,837,879,872,1090,982,1052,1307,1490,1176,663,383,284,273,157
216,21,4,160121,78,62,48,47,111,494,1628,1973,1311,935,873,876,867,1092,1105,1230,1533,1738,1339,724,404,318,249,180
216,22,5,160122,98,39,43,47,111,481,1516,1788,1226,893,954,955,1051,1270,1338,1582,1925,2090,1639,875,593,447,348,321
216,23,6,160123,198,104,59,52,96,133,352,644,822,1052,1369,1586,1557,1521,1532,1619,1675,1701,1268,690,494,453,402,297
216,24,7,160124,213,126,115,54,71,87,157,237,386,593,915,1163,1275,1619,2055,2623,2172,2685,2567,2636,2551,1175,447,173
216,25,1,160125,74,38,29,44,99,655,1911,2207,1449,1034,975,990,968,1211,1261,1306,1706,1902,1416,793,413,328,201,101
216,26,2,160126,47,29,23,39,87,540,1729,2144,1329,979,896,924,937,1105,1080,1140,1541,1860,1272,682,391,289,219,126
216,27,3,160127,49,27,23,38,88,533,1683,2065,1344,995,941,1007,972,1122,1186,1241,1520,1790,1328,756,449,296,238,135
216,28,4,160128,80,40,24,51,90,557,1688,2101,1312,953,899,970,1025,1121,1114,1237,1485,1642,1251,733,415,306,253,144
216,29,5,160129,80,34,31,39,99,509,1608,1897,1179,933,921,1058,1133,1270,1375,1528,1786,1839,1507,956,603,418,369,273
216,30,6,160130,171,98,66,56,81,148,376,644,799,1049,1446,1685,1617,1762,1873,2046,2330,2261,1702,925,650,517,453,274
216,31,7,160131,197,123,87,69,65,63,130,178,292,541,1016,1609,2058,2131,2276,2397,2447,2199,1528,1297,1071,671,359,166
216,32,1,160201,74,43,30,49,122,616,1790,2091,1311,992,966,989,989,1071,1090,1126,1394,1630,1178,655,425,259,223,109
216,33,2,160202,61,27,21,37,89,526,1706,1973,1203,934,989,963,930,1066,1068,1153,1420,1657,1186,698,395,326,214,94
216,34,3,160203,58,30,24,43,102,500,1622,1858,1196,899,923,1041,1019,1141,1145,1128,1385,1554,1095,645,388,280,214,103
216,35,4,160204,77,35,42,62,94,510,1554,1847,1192,933,891,904,915,1108,1077,1255,1276,1452,1089,661,442,293,217,122
216,36,5,160205,55,43,36,45,99,433,1405,1594,1101,837,894,1012,1071,1257,1357,1457,1728,1900,1614,939,628,435,317,265
216,37,6,160206,145,96,52,43,71,105,332,557,789,953,1578,1887,1910,1931,2067,2206,2365,2414,1814,1135,712,559,449,417
216,38,7,160207,232,176,100,73,68,60,114,154,293,527,963,1407,1720,1933,2104,2275,2478,2096,1490,1131,1005,638,315,170
216,39,1,160208,83,38,34,46,114,611,1768,2070,1282,966,964,977,999,1154,1115,1196,1456,1659,1171,691,418,336,200,100
216,40,2,160209,55,36,38,36,88,560,1682,1955,1275,933,952,1010,1032,1208,1301,1156,1364,1593,1114,657,388,279,218,93
216,41,3,160210,47,23,25,36,101,493,1699,1930,1310,919,898,974,993,1265,1159,1136,1397,1663,1224,731,380,299,261,130
216,42,4,160211,85,29,31,30,89,534,1741,1714,1674,929,892,948,981,1154,1228,1356,1707,2001,1501,863,493,365,271,143
216,43,5,160212,68,28,26,34,91,530,1579,1884,1215,989,974,1163,1189,1419,1580,1702,2078,2250,1723,1131,737,519,398,290
216,44,6,160213,178,90,41,44,78,133,364,784,916,1306,2089,2711,2632,2446,2129,2161,2078,2053,1612,887,638,523,487,403
216,45,7,160214,240,140,81,50,59,70,127,166,328,653,1018,1532,1813,2157,2254,2484,2491,2450,2081,1404,1175,832,436,166
216,46,1,160215,87,44,33,39,123,649,1875,2259,1393,1044,966,1038,1034,1135,1151,1236,1438,1663,1185,736,464,279,248,118
216,47,2,160216,41,28,30,39,110,548,1748,2101,1280,953,919,943,923,1043,1078,1207,1373,1569,1193,669,419,306,240,113
216,48,3,160217,59,29,18,51,96,564,1709,2027,1340,953,924,1003,1004,1198,1116,1215,1454,1864,1322,744,465,348,261,157
216,49,4,160218,66,27,40,44,111,543,1749,2059,1331,962,884,932,991,1151,1218,1473,1926,2227,1574,886,498,397,291,156
216,50,5,160219,67,37,36,48,97,484,1546,1917,1266,960,1102,1253,1359,1629,1606,1667,1933,2032,1632,1023,733,550,379,323
216,51,6,160220,170,111,54,44,76,130,418,730,961,1295,2010,2473,2336,2370,2326,2233,2253,1847,1328,889,567,567,483,356
216,52,7,160221,258,125,73,52,57,79,133,251,366,660,1040,1549,1713,2017,2303,2701,2689,2574,2782,2550,2132,1284,500,209
216,53,1,160222,102,44,28,53,126,664,1940,2270,1434,1106,1054,1037,1041,1204,1261,1423,1694,1830,1518,796,505,342,224,128
216,54,2,160223,51,31,30,35,96,558,1789,2103,1310,986,1008,1017,1016,1170,1102,1157,1301,1596,1142,717,374,256,252,206
216,55,3,160224,67,27,30,45,98,563,1691,2174,1453,938,920,1016,950,1169,1240,1288,1616,1855,1409,798,462,358,260,124
216,56,4,160225,67,46,20,43,132,561,1741,2013,1315,948,840,964,1060,1190,1159,1229,1436,1632,1240,672,438,353,260,167
216,57,5,160226,57,29,26,42,103,475,1579,1883,1212,1013,1027,1184,1192,1381,1542,1696,2196,2345,1820,1183,755,575,477,414
216,58,6,160227,180,108,55,47,90,144,427,697,946,1350,1871,2268,2316,2056,2263,2402,2236,2331,2010,1044,785,588,477,374
216,59,7,160228,248,119,85,52,71,77,125,209,392,732,1198,1838,2039,2290,2575,2804,2924,2760,1842,1374,1155,748,379,160
216,60,1,160229,63,46,34,51,135,693,1905,2088,1432,1056,1025,1094,1044,1175,1127,1082,1253,1423,1015,618,407,279,200,117
216,61,2,160301,53,27,22,40,101,582,1707,1986,1190,834,869,842,866,1026,1042,1073,1260,1575,1161,738,396,274,205,104
216,62,3,160302,56,23,16,41,122,584,1776,1937,1266,961,948,1004,1022,1162,1151,1163,1378,1532,1209,649,414,279,204,133
216,63,4,160303,61,41,29,44,104,556,1749,1911,1284,990,975,1019,1035,1154,1215,1235,1326,1545,1171,677,440,310,258,193
216,64,5,160304,160,48,22,50,101,517,1619,1820,1212,944,1004,1052,1148,1392,1525,1689,1983,2048,1653,1126,748,485,413,324
216,65,6,160305,162,95,52,58,97,168,450,716,908,1238,1687,2020,1820,1729,1750,1807,1885,1552,1318,750,493,508,379,351
216,66,7,160306,257,133,90,58,52,61,152,222,345,612,937,1351,1803,1862,2097,2480,2589,2521,2556,1654,1225,813,379,160
216,67,1,160307,71,40,32,37,137,694,2033,2190,1379,981,945,983,977,1115,1060,1194,1445,1641,1219,719,435,285,220,115
216,68,2,160308,54,36,17,49,116,580,1869,2003,1176,949,845,845,924,1059,1062,1124,1266,1552,1142,713,366,267,257,237
216,69,3,160309,62,25,15,35,118,574,1826,1893,1318,979,924,882,936,1189,1136,1290,1610,1849,1436,802,441,314,305,158
216,70,4,160310,89,37,26,37,100,608,1846,2038,1329,950,937,921,990,1199,1154,1288,1755,1938,1425,814,496,312,290,151
216,71,5,160311,64,28,38,30,102,596,1642,1859,1238,1081,1032,1103,1092,1278,1422,1612,1966,2065,1743,1078,628,436,374,261
216,72,6,160312,170,101,36,37,88,212,525,819,1022,1247,1587,1838,1718,1766,1751,1896,2062,2083,1614,943,701,563,451,299
216,73,7,160313,210,120,63,74,61,93,228,276,469,729,1203,1794,2170,2375,2640,2744,2753,2722,2664,2415,1784,1290,485,172
216,74,1,160314,79,38,28,43,127,756,2064,2262,1468,1149,1066,1095,1080,1239,1272,1401,1666,1933,1515,866,506,308,246,134
216,75,2,160315,49,23,28,38,117,631,1914,2078,1295,1063,951,1029,978,1180,1246,1289,1457,1637,1206,751,404,279,227,124
216,76,3,160316,54,31,21,43,132,606,1846,2074,1315,1030,984,998,936,1185,1157,1271,1425,1741,1260,737,404,323,237,164
216,77,4,160317,91,56,52,43,118,612,1896,2082,1475,1045,928,938,981,1166,1245,1378,1665,1916,1531,838,469,309,261,191
216,78,5,160318,239,35,26,42,114,573,1748,1936,1333,1068,1028,1094,1149,1301,1479,1603,2090,2318,1852,1126,642,487,390,249
216,79,6,160319,147,86,30,62,88,190,451,806,1056,1261,1546,1645,1641,1695,1759,1866,2098,2330,1787,1022,680,522,423,338
216,80,7,160320,223,136,73,50,74,100,188,251,552,816,1194,1412,1670,1913,2451,2728,2718,2639,2609,2561,2408,1218,466,153
216,81,1,160321,71,38,28,42,131,775,2061,2231,1486,1097,1056,1120,1030,1166,1182,1342,1500,1775,1396,792,440,308,232,97
216,82,2,160322,58,28,24,42,118,651,1906,2069,1386,985,953,1028,922,1183,1155,1263,1455,1813,1314,772,384,285,230,208
216,83,3,160323,235,34,16,48,145,658,1896,2125,1310,996,963,1086,1095,1292,1190,1251,1423,1649,1255,775,432,316,286,142
216,84,4,160324,69,35,26,43,125,625,1708,1837,1294,971,1010,1020,1044,1257,1318,1431,1757,1696,1343,848,512,444,334,228
216,85,7,160325,130,79,58,62,72,100,190,263,415,718,1069,1154,1027,928,1032,1109,1203,1214,990,650,480,362,278,191
216,86,6,160326,97,48,50,34,74,141,318,507,823,1108,1367,1474,1358,1381,1488,1475,1814,1993,1700,1123,798,570,430,293
216,87,7,160327,350,134,     ,66,75,74,127,147,319,758,1197,1395,1434,1519,1762,1904,2181,2262,1968,1561,1286,1028,606,345
216,88,7,160328,194,108,86,49,70,90,151,175,351,867,1468,2093,2481,2720,2761,2808,2699,2807,2678,2554,2580,2001,1171,486
216,89,2,160329,198,78,50,65,137,774,1927,2249,1459,1181,1232,1278,1274,1441,1495,1418,1700,1794,1555,943,510,401,260,129
216,90,3,160330,68,40,26,41,131,622,1757,2045,1348,990,1017,1057,1091,1243,1270,1355,1467,1785,1368,925,563,359,268,136
216,91,4,160331,71,28,26,36,108,618,1793,1988,1408,1071,1071,1100,1050,1247,1257,1357,1542,1755,1387,861,509,374,285,140
216,92,5,160401,74,34,28,52,118,606,1714,1821,1280,1034,1013,1074,1123,1385,1411,1508,1782,1880,1473,1023,613,465,362,275
216,93,6,160402,169,81,52,60,90,200,463,818,1091,1279,1509,1617,1509,1604,1594,1647,1597,1645,1398,903,725,508,439,383
216,94,7,160403,241,123,77,72,84,82,175,294,607,843,1139,1378,1508,1652,1831,2163,2447,2403,1978,1367,1052,738,391,157
216,95,1,160404,83,37,33,42,143,811,2082,2235,1460,1092,973,1016,1085,1091,1040,1148,1473,1719,1210,768,420,321,233,141
216,96,2,160405,87,78,66,80,122,724,1979,2098,1351,956,936,937,1013,1122,1109,1143,1374,1701,1255,784,442,325,249,142
216,97,3,160406,67,65,59,64,135,680,1880,2004,1374,1121,954,984,997,1174,1190,1172,1445,1677,1378,872,492,339,288,202
216,98,4,160407,123,82,57,72,140,692,1889,2046,1411,1093,1077,1035,1001,1208,1272,1282,1378,1510,1150,702,446,342,240,146
216,99,5,160408,82,58,43,75,136,601,1753,1849,1305,1013,998,1078,1099,1332,1417,1422,1662,1694,1374,948,633,464,332,250
216,100,6,160409,168,90,51,70,88,202,421,707,959,1139,1290,1412,1327,1452,1396,1437,1402,1388,1081,758,502,426,394,286
216,101,7,160410,214,122,84,60,88,84,128,218,452,746,1033,1231,1353,1423,1562,1631,2051,2164,1951,1426,1093,784,406,168
216,102,1,160411,80,42,29,49,131,811,2001,2179,1370,1110,925,975,971,1090,1082,1122,1327,1590,1235,715,461,329,207,104
216,103,2,160412,65,30,21,37,116,678,1893,1981,1308,976,919,939,886,1122,1084,1093,1355,1665,1225,810,488,295,235,117
216,104,3,160413,49,37,25,36,123,688,1806,2011,1305,1022,951,986,1006,1107,1155,1229,1439,1614,1276,761,476,314,258,153
216,105,4,160414,74,40,30,41,113,670,1905,1957,1300,995,1022,979,978,1186,1201,1203,1405,1622,1272,820,499,364,279,136
216,106,5,160415,64,36,36,51,121,604,1682,1759,1196,1020,1052,1013,1024,1300,1347,1394,1701,1789,1498,978,630,465,360,236
216,107,6,160416,155,75,50,45,103,179,404,706,866,1151,1260,1297,1285,1453,1377,1385,1394,1347,1124,837,580,500,452,343
216,108,7,160417,221,116,87,71,70,94,136,190,373,663,871,1110,1133,1340,1452,1519,1904,1801,1497,1186,827,560,334,183
216,109,1,160418,71,48,32,45,132,706,1960,2061,1253,1055,1047,1011,909,1182,1163,1217,1462,1638,1124,737,449,295,222,135
216,110,2,160419,56,39,21,39,116,648,1899,2029,1338,1057,1008,957,963,1137,1074,1141,1358,1554,1253,830,503,348,239,139
216,111,3,160420,57,44,20,36,104,638,1876,1982,1357,1108,1061,946,1038,1131,1194,1223,1520,1759,1370,836,505,386,287,144
216,112,4,160421,63,35,25,46,121,652,1910,1982,1251,1095,1113,1012,968,1127,1193,1243,1515,1689,1372,883,526,415,284,139
216,113,5,160422,66,35,25,43,130,584,1761,1765,1192,1006,1027,997,1096,1312,1265,1354,1684,1797,1476,1032,653,462,348,259
216,114,6,160423,168,73,55,42,84,198,436,692,905,1118,1229,1324,1280,1372,1414,1355,1371,1284,1093,698,501,423,398,269
216,115,7,160424,182,138,60,75,71,77,179,179,345,633,812,922,1021,1172,1290,1434,1498,1468,1322,1265,948,767,410,167
216,116,1,160425,96,35,28,43,140,780,2011,1995,1307,995,1012,888,910,1032,1088,1028,1176,1498,1117,686,430,325,201,150
216,117,2,160426,56,33,16,42,118,677,1892,2048,1325,961,847,906,848,1091,1066,1160,1334,1587,1271,704,429,305,228,131
216,118,3,160427,47,32,15,41,122,669,1818,1949,1279,982,922,969,920,1095,1162,1273,1349,1585,1221,802,450,323,283,157
216,119,4,160428,70,35,20,40,116,661,1924,2059,1352,1015,988,980,887,1151,1246,1280,1485,1726,1401,836,498,389,286,170
216,120,5,160429,70,38,33,44,120,642,1765,1831,1238,1009,1085,1070,1049,1273,1319,1523,1831,1793,1455,1033,734,484,426,312
216,121,6,160430,142,102,50,53,102,202,496,784,1004,1066,1232,1250,1201,1337,1470,1500,1550,1413,1091,785,552,509,470,332
216,122,7,160501,190,126,84,68,70,89,154,204,382,696,859,955,1026,1160,1344,1472,1617,1549,1319,1072,785,563,346,153
216,123,1,160502,69,47,28,35,157,797,2015,2041,1429,1060,969,895,881,1041,1045,1067,1283,1502,1148,726,435,291,215,121
216,124,2,160503,71,35,20,41,121,677,1810,1867,1346,1014,1010,924,905,1093,1096,1126,1385,1605,1217,733,425,296,212,105
216,125,3,160504,72,43,37,48,128,672,1818,1808,1264,1078,998,964,1027,1240,1310,1389,1617,1721,1345,1013,655,461,387,267
216,126,7,160505,139,98,48,56,89,130,317,397,650,1002,1137,1059,976,1069,1159,1260,1394,1447,1312,960,713,508,295,153
216,127,5,160506,103,47,35,51,101,364,883,1092,1046,1210,1241,1154,1179,1289,1349,1521,1707,1715,1376,1004,755,531,406,244
216,128,6,160507,142,87,69,45,72,155,435,644,920,1073,1219,1312,1402,1529,1816,1594,2235,2116,1721,1293,1065,946,763,561
216,129,7,160508,363,196,80,53,64,96,228,273,530,897,1364,1616,1900,2164,2495,2713,2722,2878,2329,1935,1682,1302,853,580
216,130,1,160509,412,171,134,69,151,771,2062,2091,1336,1008,989,995,962,1168,1227,1286,1454,1644,1279,824,505,359,231,134
216,131,2,160510,65,35,24,39,106,639,1872,1967,1322,940,947,904,869,1070,1095,1155,1248,1581,1287,813,458,396,276,137
216,132,3,160511,64,34,24,35,119,613,1899,1956,1375,995,942,949,991,1150,1143,1114,1339,1653,1308,793,473,348,308,175
216,133,4,160512,78,38,27,37,123,624,1888,1926,1330,1050,942,937,920,1136,1170,1263,1356,1665,1348,864,477,321,264,203
216,134,5,160513,61,47,31,41,114,573,1726,1676,1196,956,986,995,1053,1248,1323,1344,1567,1689,1442,891,616,465,367,217
216,135,6,160514,127,76,57,53,101,159,397,570,813,1020,1177,1300,1242,1328,1415,1258,1118,1100,876,642,513,432,371,266
216,136,7,160515,179,130,78,59,69,76,142,196,404,736,983,1056,993,1090,1171,1275,1365,1351,1258,947,736,617,416,280
216,137,7,160516,169,107,69,48,55,89,161,202,375,624,989,1265,1558,1834,2074,2122,2189,2119,1916,1549,1276,988,626,345
216,138,2,160517,145,44,35,48,167,782,2090,2193,1507,1067,1012,1037,951,1195,1217,1247,1488,1717,1396,869,649,449,366,134
216,139,3,160518,66,38,31,45,116,676,1977,2034,1416,1057,988,962,991,1191,1190,1351,1489,1797,1454,834,563,371,276,132
216,140,4,160519,76,41,25,46,117,658,1867,2023,1438,959,977,957,932,1121,1186,1172,1440,1586,1295,828,459,303,284,205
216,141,5,160520,82,36,28,36,102,609,1816,1879,1278,1017,1086,984,1080,1231,1308,1354,1733,1809,1485,1070,666,516,428,282
216,142,6,160521,149,83,55,48,87,209,572,794,1037,1207,1280,1288,1292,1397,1404,1482,1601,1652,1379,1015,688,570,484,386
216,143,7,160522,231,130,85,57,70,71,158,239,491,720,983,1076,1128,1366,1483,1860,2147,2132,1768,1393,1084,671,407,189
216,144,1,160523,102,43,35,48,146,758,2031,2241,1400,992,952,988,929,1038,1069,1067,1329,1483,1240,721,476,293,229,117
216,145,2,160524,55,26,34,30,102,683,1889,2103,1310,979,955,894,922,1092,1073,1141,1398,1612,1274,742,463,390,285,143
216,146,3,160525,56,36,28,39,116,667,1939,2017,1349,1035,975,1023,1028,1125,1251,1302,1505,1683,1523,931,525,430,334,213
216,147,4,160526,114,65,67,52,100,538,1190,1189,992,945,940,938,952,1027,1130,1267,1585,1801,1533,927,579,430,349,194
216,148,5,160527,79,37,28,44,106,595,1610,1704,1266,1069,1029,1084,1094,1240,1387,1473,1793,1833,1582,1188,754,576,485,315
216,149,6,160528,192,101,54,58,75,171,476,698,998,1216,1213,1330,1407,1450,1557,1665,1715,1702,1432,1135,911,638,577,406
216,150,7,160529,338,173,106,61,79,80,157,245,493,737,1069,1506,1752,1977,2028,2261,2335,2096,1856,1447,1252,998,671,386
216,151,1,160530,160,88,58,52,146,774,2042,2083,1357,1050,1020,964,968,1120,1129,1242,1337,1590,1238,786,466,331,248,146
216,152,2,160531,64,28,31,39,99,680,1933,2078,1392,1000,966,929,870,1052,1063,1221,1344,1629,1262,795,458,342,274,149
216,153,3,160601,53,30,30,36,106,648,1933,1950,1343,1013,969,954,931,1167,1062,1059,1303,1600,1381,793,453,354,256,162
216,154,4,160602,74,32,40,40,109,659,1864,2059,1404,1063,964,947,956,1117,1140,1198,1442,1710,1352,869,492,362,273,192
216,155,5,160603,61,32,25,56,97,623,1828,1783,1293,1026,977,1037,1117,1317,1499,1511,1916,1909,1537,987,663,473,405,285
216,156,6,160604,166,96,58,55,73,176,467,747,976,1185,1271,1336,1366,1460,1546,1482,1497,1337,1132,775,584,503,508,413
216,157,7,160605,242,141,88,67,73,87,190,276,467,749,949,1121,1160,1378,1503,1590,1805,1932,1628,1333,1045,724,414,215
216,158,1,160606,95,54,29,41,131,846,2114,2143,1397,1016,984,954,976,1027,1077,1072,1309,1592,1199,716,472,366,278,160
216,159,2,160607,81,52,29,40,99,676,2006,2008,1283,1050,899,951,889,1081,1174,1159,1317,1627,1361,797,434,353,311,149
216,160,3,160608,68,39,36,41,114,671,1891,1968,1399,1074,1070,1097,1092,1211,1315,1287,1371,1624,1325,749,492,340,297,192
216,161,4,160609,77,49,32,59,109,690,1877,2026,1377,1007,993,956,991,1163,1239,1244,1354,1745,1244,873,449,348,330,168
216,162,5,160610,77,42,34,41,125,661,1759,1841,1336,1024,1078,1087,1129,1279,1451,1492,1804,1888,1696,1176,785,554,462,321
216,163,6,160611,220,90,57,57,96,185,447,732,870,1104,1260,1412,1478,1581,1621,1445,1374,1328,1090,737,573,484,450,392
216,164,7,160612,254,163,85,66,77,97,193,216,442,729,962,1050,1191,1523,1675,1800,1939,1936,1669,1299,987,593,340,207
216,165,1,160613,96,42,34,55,132,779,1992,2068,1401,1044,993,929,937,1119,1001,1141,1295,1578,1153,740,421,299,224,148
216,166,2,160614,63,45,35,42,110,695,1950,2053,1384,941,936,974,915,1104,1097,1102,1357,1573,1251,779,449,331,286,157
216,167,3,160615,66,34,45,41,124,678,1978,2009,1357,948,967,977,993,1213,1288,1299,1519,1707,1150,678,534,336,267,178
216,168,4,160616,76,45,28,47,118,675,1899,1996,1397,985,1054,988,1021,1181,1201,1163,1437,1596,1325,831,487,311,227,159
216,169,5,160617,81,45,41,62,145,646,1719,1768,1351,1006,1074,1019,1097,1345,1352,1411,1717,1732,1457,1012,670,496,346,276
216,170,6,160618,178,82,51,78,90,197,495,832,1024,1144,1279,1303,1326,1460,1513,1383,1435,1418,1163,835,638,524,498,370
216,171,7,160619,252,184,102,73,85,114,208,247,414,641,979,1173,1372,1590,1711,1833,1840,2006,1734,1533,1177,599,331,293
216,172,1,160620,107,56,38,44,122,781,2039,2085,1450,1017,1036,974,964,1149,1125,1091,1319,1652,1320,829,471,366,244,147
216,173,2,160621,65,39,35,36,107,646,1957,2045,1404,1056,984,960,938,1133,1130,1173,1442,1605,1269,762,480,308,243,133
216,174,3,160622,85,30,32,37,106,665,1967,2010,1441,1023,984,923,1041,1227,1174,1316,1534,1781,1394,842,555,443,359,207
216,175,4,160623,93,50,35,55,135,681,1891,2055,1455,1054,1008,1023,1050,1204,1235,1343,1553,1740,1386,933,614,453,413,208
216,176,5,160624,100,47,39,57,126,638,1764,1867,1353,1079,1148,1076,1170,1319,1487,1560,1727,1793,1491,1186,888,591,472,358
216,177,6,160625,183,98,67,45,87,229,469,758,1094,1231,1388,1445,1540,1670,1696,1271,1223,1047,1282,852,618,482,423,368
216,178,7,160626,319,157,108,72,64,94,193,246,457,695,1037,1229,1438,1737,1917,2152,2268,2237,1711,1343,1113,762,423,296
216,179,1,160627,115,62,34,33,147,818,2093,2143,1335,1154,997,988,1059,1198,1188,1216,1400,1638,1305,710,528,404,305,173
216,180,2,160628,79,47,36,37,118,700,1925,2003,1397,1119,980,937,1032,1121,1116,1273,1460,1715,1391,843,552,426,336,209
216,181,3,160629,92,51,36,44,128,677,1867,1980,1394,1051,1022,1042,996,1156,1260,1351,1555,1758,1492,897,557,439,391,203
216,182,4,160630,92,48,28,42,121,700,1848,2146,1433,1133,1031,1077,1066,1299,1364,609,1544,1772,1350,877,526,461,318,174
216,183,5,160701,117,51,22,46,110,642,1733,1811,1286,1073,1061,1131,1133,1372,1451,1564,1891,1842,1631,1250,787,602,432,348
216,184,6,160702,203,101,62,81,128,197,478,666,883,1127,1330,1423,1597,1715,1739,1786,1642,1499,1096,839,623,454,291,249
216,185,7,160703,310,147,66,74,100,115,260,256,449,692,954,1196,1257,1411,1608,1986,2258,2474,2177,1824,1389,884,470,264
216,186,1,160704,113,68,50,60,137,835,2029,1988,1353,1112,1110,1024,968,1170,1293,1234,1503,1761,1367,892,611,464,320,182
216,187,2,160705,87,36,23,43,132,711,1911,2038,1320,1053,1036,1034,1031,1156,1208,1312,1431,1708,1346,868,556,403,326,208
216,188,3,160706,68,46,29,43,124,716,1870,2021,1387,1070,1005,1052,1006,1213,1249,1286,1556,1746,1426,955,576,417,325,214
216,189,4,160707,79,42,26,38,130,675,1874,1969,1399,1032,1103,1038,991,1371,1315,1537,1577,1794,1425,898,619,421,298,216
216,190,5,160708,165,56,26,47,118,640,1718,1761,1313,1084,1081,1104,1185,1378,1364,1543,1660,1869,1535,1042,747,587,445,277
216,191,6,160709,181,104,70,64,111,223,461,636,950,1125,1367,1519,1482,1630,1599,1684,1650,1729,1515,1145,871,699,586,436
216,192,7,160710,285,163,109,74,89,120,226,272,477,746,1084,1294,1472,1679,1937,2238,2655,2579,2648,2571,2169,1152,564,265
216,193,1,160711,210,82,51,56,166,762,2013,1994,1342,1137,1183,1105,1115,1327,1249,1353,1518,1654,1327,831,551,383,277,141
216,194,2,160712,64,42,28,58,103,616,1734,1876,1279,1098,1103,1115,1057,1217,1321,1377,1446,1582,1230,735,443,318,268,161
216,195,3,160713,73,42,34,49,131,631,1764,1768,1226,1126,1090,1069,1078,1247,1344,1257,1522,1683,1240,852,487,332,258,177
216,196,4,160714,96,42,34,41,118,620,1690,1799,1271,1124,1056,1152,1081,1124,1311,1350,1462,1702,1341,848,519,380,319,158
216,197,5,160715,89,38,25,74,116,590,1550,1534,1108,1072,1164,1239,1171,1471,1510,1560,1605,1743,1582,1075,691,525,437,256
216,198,6,160716,149,89,71,51,108,234,427,623,833,1061,1331,1401,1441,1477,1642,1505,1643,1638,1304,1036,724,606,493,341
216,199,7,160717,216,114,80,75,84,89,195,223,468,732,1062,1214,1243,1399,1752,2172,2610,2541,2387,2443,1791,1288,707,351
216,200,1,160718,151,72,46,66,137,718,1810,1758,1307,1186,1110,1082,1028,1131,1214,1275,1552,1822,1364,908,658,508,299,155
216,201,2,160719,71,47,23,47,124,595,1630,1680,1321,1158,1053,1028,977,1069,1148,1369,1561,1750,1358,846,655,512,333,152
216,202,3,160720,79,46,30,49,114,612,1678,1684,1225,1153,1042,984,996,1102,1217,1405,1609,1798,1425,1017,671,513,378,206
216,203,4,160721,98,52,36,64,137,582,1591,1513,1141,1018,1112,1207,1195,1323,1396,1458,1500,1776,1390,902,608,453,351,173
216,204,5,160722,87,56,43,52,124,542,1485,1368,1075,982,1177,1122,1258,1448,1586,1670,1719,1745,1445,1036,718,488,367,233
216,205,6,160723,146,82,65,67,93,178,389,578,721,972,1318,1532,1569,1755,1863,1800,1682,1523,1222,888,685,584,473,385
216,206,7,160724,201,118,87,89,104,133,175,239,371,632,942,1198,1380,1648,1834,2080,2266,2361,2146,1715,1301,890,554,253
216,207,1,160725,128,69,27,68,151,609,1504,1465,1115,1007,1029,1115,1110,1173,1212,1238,1388,1543,1248,865,495,356,252,124
216,208,2,160726,67,50,36,42,129,510,1334,1427,1099,1013,1116,1030,930,1092,1220,1309,1484,1632,1355,971,636,436,289,177
216,209,3,160727,66,32,36,40,108,497,1331,1319,1047,961,1091,1057,1057,1151,1328,1380,1516,1553,1297,916,599,367,285,162
216,210,4,160728,83,55,39,61,118,531,1314,1337,1046,1029,1097,1071,1040,1259,1339,1429,1671,1726,1380,897,642,494,355,193
216,211,5,160729,88,55,21,52,136,484,1159,1276,972,956,1076,1208,1188,1328,1490,1673,1896,1923,1535,1222,901,663,461,285
216,212,6,160730,142,101,50,68,94,172,392,543,816,1107,1401,1606,1555,1735,1795,2004,2041,2307,1765,1426,1126,888,610,429
216,213,7,160731,268,147,72,55,71,110,152,187,324,640,1043,1338,1642,1950,2027,2067,2127,1841,1446,1057,864,769,486,307
216,214,7,160801,169,131,67,58,65,88,162,207,425,624,967,1311,1510,1688,1834,2019,2046,1957,1695,1442,1120,1087,990,758
216,215,2,160802,267,89,60,66,153,602,1418,1578,1243,1182,1315,1374,1507,1623,1652,1677,1650,1594,1539,979,590,443,241,136
216,216,3,160803,51,40,37,40,132,495,1325,1398,1144,1081,1088,1087,1062,1290,1333,1431,1616,1792,1534,1096,756,529,357,190
216,217,4,160804,111,38,38,55,109,495,1239,1393,1070,1031,1121,1127,1063,1318,1488,1570,1873,1943,1737,1265,862,618,361,159
216,218,5,160805,80,40,36,42,124,451,1140,1192,947,952,1155,1344,1526,1726,1871,1896,1929,2115,1746,1192,858,675,527,359
216,219,6,160806,195,108,72,57,106,189,335,497,752,982,1304,1458,1714,1890,1865,1924,2046,2296,2003,1501,1046,1014,798,520
216,220,7,160807,352,188,93,79,92,106,152,249,461,812,1055,1356,1466,1737,2001,2359,2537,2484,2345,2372,2355,1703,804,336
216,221,1,160808,156,69,57,69,165,739,1714,1831,1355,1171,1119,1093,1009,1281,1343,1469,1749,2046,1667,1104,893,579,331,171
216,222,2,160809,82,48,23,49,102,588,1598,1710,1136,1023,1148,1260,1182,1371,1420,1383,1428,1712,1361,796,536,384,215,125
216,223,3,160810,75,35,27,45,117,575,1611,1669,1234,1060,1111,1133,1107,1413,1443,1393,1565,1822,1451,895,598,427,449,174
216,224,4,160811,106,54,32,48,106,576,1629,1690,1312,1035,1148,1162,1122,1415,1418,1630,1754,1955,1607,1133,764,551,445,226
216,225,5,160812,84,38,37,55,111,518,1515,1556,1162,1149,1218,1342,1351,1568,1773,1914,2132,2036,1830,1315,1033,747,571,440
216,226,6,160813,283,188,105,75,99,211,431,593,876,1266,1438,1695,1743,1821,1885,1970,2169,2198,1843,1333,1158,1016,871,659
216,227,7,160814,397,307,165,87,98,92,197,280,506,790,1184,1384,1530,1803,2062,2488,2437,2743,2744,2790,2197,1510,689,303
216,228,1,160815,146,96,49,52,134,559,1221,1252,1045,1041,1140,1200,1264,1441,1496,1656,2244,2269,2376,1365,914,645,378,251
216,229,2,160816,147,71,46,64,136,715,1980,2092,1403,1153,1120,1180,1096,1304,1363,1413,1711,1993,1575,994,619,480,284,138
216,230,3,160817,89,49,26,44,117,630,1854,1880,1420,1092,1181,1172,1202,1383,1360,1506,1724,1965,1506,969,625,453,351,162
216,231,4,160818,91,47,38,39,120,640,1832,2027,1355,1020,1146,1101,1147,1330,1491,1704,1722,1969,1508,970,595,424,340,138
216,232,5,160819,73,39,26,48,117,582,1645,1749,1308,1051,1142,1153,1282,1458,1621,1789,2074,2040,1885,1255,873,633,485,344
216,233,6,160820,221,118,62,63,96,185,501,712,909,1186,1417,1628,1597,1761,1933,1849,1620,1705,1268,1053,874,610,585,431
216,234,7,160821,292,191,96,77,70,84,164,263,481,785,1123,1388,1594,1791,2089,2244,2490,2449,2090,1625,1248,932,534,241
216,235,1,160822,122,65,37,57,168,800,2050,2061,1435,1128,1111,1124,991,1125,1208,1300,1438,1800,1380,855,571,433,295,103
216,236,2,160823,61,36,22,34,140,686,1946,2046,1514,1060,984,1057,1026,1137,1236,1330,1512,1962,1494,957,625,436,316,169
216,237,3,160824,57,31,17,38,115,669,1864,2013,1435,1033,1096,1012,1071,1238,1333,1410,1673,1959,1528,1002,664,496,355,193
216,238,4,160825,66,35,37,44,133,701,1909,2129,1436,1125,1072,1139,1102,1325,1364,1556,1728,2092,1684,1051,731,557,333,197
216,239,5,160826,134,60,39,58,142,639,1766,1794,1407,1174,1238,1228,1249,1564,1772,1832,2093,2072,1825,1313,887,660,497,276
216,240,6,160827,209,126,71,67,128,233,494,771,1031,1257,1406,1461,1410,1669,1715,1853,1874,1964,1736,1374,1172,854,697,403
216,241,7,160828,251,166,95,80,90,120,168,299,550,828,1205,1389,1653,1987,2253,2452,2564,2694,2687,2561,2249,1313,612,266
216,242,1,160829,142,65,39,60,179,818,2017,2100,1477,1179,1146,1113,1175,1264,1311,1284,1561,1745,1394,807,494,402,271,115
216,243,2,160830,53,36,23,24,135,672,1877,2045,1436,1000,1020,1064,995,1245,1239,1310,1509,1684,1336,816,528,438,318,147
216,244,3,160831,53,32,24,33,128,650,1878,2026,1334,1044,1060,987,1108,1198,1259,1462,1641,1891,1451,930,594,427,305,179
216,245,4,160901,74,40,29,50,134,691,1822,2090,1419,1109,991,1027,1077,1282,1288,1437,1788,1944,1495,957,571,425,274,167
216,246,5,160902,83,32,27,43,122,658,1754,1830,1299,1013,1055,1107,1172,1378,1514,1610,1807,1890,1706,1255,843,613,455,317
216,247,6,160903,196,107,74,76,106,193,453,742,1008,1173,1442,1448,1516,1626,1733,1826,2001,2125,1575,1285,1040,790,600,403
216,248,7,160904,252,197,98,91,97,113,166,280,505,884,1218,1438,1603,1841,2186,2475,2701,2508,2300,1913,1405,929,478,228
216,249,1,160905,124,62,50,58,172,774,1941,2154,1474,989,1049,1121,1130,1262,1129,1269,1311,1497,1230,799,459,333,270,122
216,250,2,160906,79,36,18,51,121,712,1868,2016,1432,998,959,953,946,1180,1117,1191,1515,1729,1359,840,490,331,259,118
216,251,3,160907,66,43,24,38,135,673,1820,2001,1477,1148,1017,1011,983,1206,1183,1355,1691,1844,1435,944,563,424,295,175
216,252,4,160908,77,39,29,50,139,694,1888,2076,1495,1118,1112,1042,1087,1233,1265,1303,1678,1912,1441,943,564,440,321,137
216,253,5,160909,69,41,27,44,127,597,1691,1747,1277,1148,1098,1103,1195,1468,1542,1648,1931,2000,1713,1234,790,553,434,279
216,254,6,160910,144,84,57,54,94,199,432,749,1030,1260,1374,1457,1506,1675,1659,1840,1964,1965,1528,1179,936,691,561,501
216,255,7,160911,267,150,87,70,84,94,165,296,528,876,1152,1337,1506,1728,2045,2497,2672,2696,2682,2679,2053,1006,479,227
216,256,1,160912,94,54,32,36,165,760,1975,2112,1422,1042,1066,1048,1080,1298,1341,1548,1568,2051,1639,1151,775,489,357,186
216,257,2,160913,73,43,31,43,114,689,1848,2127,1454,1041,1013,998,1005,1156,1225,1382,1645,1816,1496,892,601,417,306,165
216,258,3,160914,71,34,41,52,131,692,1783,1956,1373,1027,1080,1042,1065,1252,1327,1474,1707,2018,1591,1004,610,433,345,151
216,259,4,160915,113,43,29,45,138,710,1807,2033,1401,1027,1056,1093,1177,1337,1509,1515,1614,1967,1471,882,545,374,315,172
216,260,5,160916,97,51,34,54,134,637,1717,1856,1277,1054,1110,1159,1187,1480,1528,1620,1748,1860,1627,1053,635,470,421,264
216,261,6,160917,170,81,65,56,79,183,388,685,911,1123,1303,1483,1542,1669,1659,1722,1749,1787,1262,896,649,541,478,324
216,262,7,160918,252,148,95,61,69,70,121,191,396,649,1018,1269,1475,1603,1816,2235,2368,2408,2002,1579,1139,766,386,196
216,263,1,160919,94,53,35,50,160,845,1986,2097,1432,1018,991,1010,1067,1255,1196,1267,1405,1669,1227,722,432,349,246,130
216,264,2,160920,62,32,26,44,135,693,1789,2124,1424,947,948,976,999,1166,1196,1159,1443,1727,1312,787,454,316,276,135
216,265,3,160921,71,42,33,47,130,697,1849,1985,1318,1065,972,1000,1021,1248,1224,1267,1503,1742,1465,862,474,377,341,171
216,266,4,160922,98,44,31,62,118,671,1895,1975,1427,1117,1014,1057,1031,1194,1312,1390,1754,1909,1545,938,504,375,277,172
216,267,5,160923,89,50,26,57,107,641,1704,1891,1320,1030,1020,1110,1119,1495,1468,823,1279,2170,2353,1118,733,539,424,281
216,268,6,160924,166,96,55,53,104,201,482,836,1025,1143,1320,1407,1497,1667,1721,1692,1934,1956,1624,1120,786,634,557,375
216,269,7,160925,254,138,82,53,72,94,260,324,521,926,1189,1442,1573,1733,2120,2628,2958,2893,2768,2743,1847,1421,572,254
216,270,1,160926,122,51,40,46,163,842,2081,2097,1378,1112,1074,1050,1052,1225,1253,1282,1520,1800,1404,783,483,330,276,124
216,271,2,160927,76,37,23,48,124,707,1845,2008,1460,1081,1014,1106,1065,1175,1202,1293,1491,1723,1372,853,504,344,294,145
216,272,3,160928,74,34,33,54,123,742,1821,2040,1375,1106,970,1074,1052,1265,1314,1364,1609,1819,1504,928,563,395,295,191
216,273,4,160929,88,44,34,55,136,684,1830,2090,1412,1034,1061,1024,1016,1268,1415,1599,1770,1981,1539,992,615,388,325,182
216,274,5,160930,87,48,43,45,116,662,1654,1782,1320,1089,1076,1154,1135,1631,1569,1806,2163,2173,1881,1209,799,551,425,306
216,275,6,161001,178,100,60,61,89,189,412,687,894,1158,1411,1532,1614,1700,1776,1782,1936,1898,1415,910,699,563,462,321
216,276,7,161002,223,164,98,77,101,95,153,197,393,702,997,1330,1506,1732,1869,2056,2205,2212,1862,1260,1029,674,371,183
216,277,1,161003,92,40,34,59,163,763,1923,2061,1373,1083,1088,1119,1094,1239,1336,1281,1539,1737,1471,907,576,381,272,157
216,278,2,161004,79,43,25,46,118,627,1745,1897,1329,1067,1025,1047,956,1122,1215,1335,1522,1778,1364,873,478,308,230,215
216,279,3,161005,66,44,30,54,110,625,1706,1847,1313,1024,996,1020,1041,1212,1439,1353,1603,1892,1467,902,597,376,265,198
216,280,4,161006,93,51,26,57,110,596,1690,1807,1389,1028,1016,1051,1166,1272,1428,1565,1811,1943,1488,921,613,397,311,446
216,281,5,161007,153,48,24,52,131,561,1586,1602,1203,1069,1078,1150,1214,1433,1597,1732,1955,2063,1661,1187,746,482,372,327
216,282,6,161008,185,76,49,57,88,217,413,632,896,1149,1353,1677,1707,1946,2047,1889,1909,1811,1379,879,620,521,442,309
216,283,7,161009,210,136,99,56,82,87,167,195,381,660,970,1218,1494,1735,2105,2378,2488,2310,1856,1380,1039,700,422,201
216,284,1,161010,115,56,29,42,153,763,1875,1914,1386,1174,1118,1087,1114,1258,1277,1322,1427,1647,1232,796,473,320,212,107
216,285,2,161011,56,40,32,38,120,635,1727,1829,1227,1069,1053,1072,1083,1204,1262,1301,1458,1691,1274,821,474,336,223,121
216,286,3,161012,50,30,23,35,108,610,1722,1791,1302,1067,1078,1074,1038,1206,1359,1428,1702,1935,1469,928,549,374,277,156
216,287,4,161013,88,56,33,42,140,603,1666,1768,1261,1038,1121,1116,1124,1463,1592,1520,1690,1952,1472,845,577,354,272,157
216,288,5,161014,66,33,39,52,119,558,1541,1531,1166,973,1091,1179,1294,1509,1579,1744,1997,1907,1708,1156,725,533,366,345
216,289,6,161015,159,99,52,61,68,204,448,583,830,1016,1256,1525,1565,1782,1954,1773,1806,1758,1445,880,622,552,444,348
216,290,7,161016,248,172,110,93,81,81,172,238,386,674,890,1106,1211,1502,1783,2224,2699,2602,2633,2652,1423,902,473,221
216,291,1,161017,110,50,41,47,157,716,1970,2075,1413,1165,1051,1056,998,1141,1238,1347,1460,1740,1334,800,477,350,246,128
216,292,2,161018,47,34,35,53,111,636,1803,1955,1309,1068,1057,1032,1094,1195,1256,1226,1452,1710,1423,863,424,309,246,180
216,293,3,161019,82,38,19,39,124,599,1808,1875,1240,1070,1024,1093,1129,1241,1318,1413,1550,1754,1325,816,455,341,277,146
216,294,4,161020,83,41,31,31,130,612,1818,1979,1346,1076,1055,1073,1109,1359,1301,1420,1557,1841,1437,874,475,334,267,154
216,295,5,161021,70,24,25,45,107,558,1656,1718,1258,1066,1061,1062,1174,1492,1521,1609,1913,1882,1526,1031,606,446,370,235
216,296,6,161022,162,91,61,53,86,202,432,623,846,1105,1206,1335,1423,1530,1654,1902,2020,787,1489,958,666,600,452,512
216,297,7,161023,234,154,86,62,83,85,121,216,388,691,1054,1120,1417,1709,1959,2238,2511,2562,1800,1370,1073,671,395,170
216,298,1,161024,82,55,31,45,151,779,2077,2190,1463,1100,1038,1031,1006,1124,1133,1228,1447,1724,1297,734,417,260,226,111
216,299,2,161025,69,38,24,35,127,648,1876,1940,1314,958,967,950,975,1164,1172,1196,1411,1652,1288,704,424,295,265,115
216,300,3,161026,70,32,21,42,121,625,1937,2029,1464,1015,1029,916,1022,1215,1257,1289,1451,1647,1337,814,403,395,320,179
216,301,4,161027,79,32,33,34,134,616,1937,2090,1515,1108,984,1004,947,1161,1233,1319,1521,1800,1416,862,526,338,298,180
216,302,5,161028,81,36,30,45,131,632,1735,1926,1324,1079,1068,1053,1063,1275,1418,1591,1790,2014,1727,1137,707,505,456,301
216,303,6,161029,205,109,65,61,121,205,432,803,1038,1189,1303,1371,1334,1471,1487,1585,1828,1959,1444,893,578,507,429,405
216,304,7,161030,270,159,157,58,75,99,209,289,532,860,1121,1143,1251,1434,1886,2428,2592,2755,2174,1332,1015,663,338,140
216,305,1,161031,94,54,29,40,137,701,1873,1971,1323,1100,1095,1049,1013,1298,1228,1435,1638,1742,1219,757,452,350,270,172
216,306,2,161101,87,53,41,37,108,440,1020,967,849,978,1094,999,1075,1277,1276,1565,1859,1738,1217,799,502,362,252,144
216,307,3,161102,76,34,38,54,160,658,2004,2217,1570,1110,1033,964,1059,1314,1162,1275,1540,1639,1212,735,386,285,224,148
216,308,4,161103,51,30,31,50,119,633,2020,2136,1318,1018,977,993,1042,1177,1245,1299,1512,1734,1301,685,446,341,219,134
216,309,5,161104,66,31,31,39,122,598,1757,2016,1307,1024,1034,1019,1082,1353,1388,1541,1835,1887,1467,951,596,423,322,282
216,310,6,161105,182,94,56,56,89,178,425,715,956,1102,1242,1281,1204,1381,1349,1392,1472,1485,968,697,507,417,412,404
216,311,7,161106,283,160,113,76,93,73,129,191,347,633,861,1012,1168,1312,1428,1827,1880,1650,1150,1004,708,499,301,141
216,312,1,161107,93,32,28,44,170,815,2072,2141,1363,971,947,868,885,1006,1055,1074,1321,1500,1130,656,360,289,251,108
216,313,2,161108,48,28,21,34,114,668,1939,2131,1329,900,906,943,1031,1148,1127,1115,1327,1248,1441,697,383,274,226,122
216,314,3,161109,64,28,21,32,121,631,1873,2060,1358,1006,908,971,917,1140,1140,1091,1507,1615,1195,731,392,293,274,143
216,315,4,161110,67,27,26,34,127,656,1816,2111,1411,1021,882,934,938,1121,1143,1110,1482,1659,1242,723,451,333,294,137
216,316,5,161111,75,32,29,38,109,582,1709,1848,1260,948,976,1043,1024,1218,1372,1366,1653,1630,1428,840,531,411,346,246
216,317,6,161112,149,87,79,46,80,162,451,629,878,1097,1173,1199,1304,1304,1382,1414,1571,1424,994,606,489,413,364,518
216,318,7,161113,357,184,127,109,82,80,119,205,373,583,876,1057,1171,1349,1583,1813,1997,1853,1444,1104,996,665,331,163
216,319,1,161114,58,50,32,47,164,782,2073,2290,1468,1056,956,922,926,1099,1022,1086,1267,1419,1113,633,391,259,250,122
216,320,2,161115,42,26,22,45,113,684,1938,2142,1398,1041,880,870,902,1101,1049,1176,1391,1526,1192,667,367,276,242,170
216,321,3,161116,63,39,24,39,120,696,1804,2109,1389,992,924,974,1006,1102,1142,1190,1390,1609,1254,743,401,285,256,147
216,322,4,161117,78,30,21,40,123,682,1863,2236,1506,1076,1003,957,989,1191,1150,1257,1527,1673,1262,669,406,312,272,132
216,323,5,161118,69,36,24,38,113,610,1731,1983,1321,1003,942,948,968,1208,1358,1386,1654,1702,1372,916,572,381,319,230
216,324,6,161119,166,90,47,45,87,157,383,610,885,1060,1178,1216,1130,1311,1421,1691,1824,1385,896,587,421,400,433,448
216,325,7,161120,256,151,101,56,54,64,129,194,374,582,909,1042,1186,1416,1729,1953,2331,2252,1514,1081,960,574,320,157
216,326,1,161121,71,35,41,43,165,811,2025,2272,1394,1010,950,981,989,1124,1096,1111,1384,1413,983,494,332,266,207,118
216,327,2,161122,45,30,16,53,141,737,1842,2198,1416,1026,893,935,938,1041,1106,1114,1444,1623,1166,656,361,291,220,114
216,328,3,161123,41,24,23,44,132,650,1879,2066,1386,1007,987,940,989,1173,1145,1187,1418,1699,1212,701,400,310,239,154
216,329,4,161124,77,34,29,39,149,672,1907,2139,1447,1035,1019,943,982,1148,1229,1264,1438,1711,1241,698,395,308,263,139
216,330,5,161125,74,23,23,43,116,618,1703,1959,1378,1063,1039,1051,1126,1285,1391,1503,1763,1914,1563,1003,595,456,363,291
216,331,6,161126,204,98,60,42,95,168,471,720,945,1073,1242,1260,1165,1355,1419,1547,1528,1471,1117,646,529,414,457,475
216,332,7,161127,284,127,94,61,68,79,156,272,413,741,1087,1177,1321,1594,1719,1878,2204,2044,1557,1164,897,673,338,179
216,333,1,161128,82,34,35,49,177,797,2041,1963,1528,1036,1196,1049,995,1108,1115,1258,1360,1559,1171,664,411,292,200,112
216,334,2,161129,51,24,26,47,118,641,1844,2063,1424,1017,1005,938,897,1147,1175,1165,1462,1626,1253,645,395,298,252,134
216,335,3,161130,49,42,20,46,126,607,1803,2012,1437,1029,1045,1036,1024,1337,1229,1347,1656,1921,1259,762,448,333,225,156
216,336,4,161201,61,38,35,42,133,635,1831,2119,1519,999,981,967,1017,1201,1221,1352,1587,1753,1313,725,437,324,224,136
216,337,5,161202,75,43,29,52,130,576,1657,1859,1320,1001,1077,1064,1032,1340,1327,1446,1785,1792,1487,890,566,404,314,383
216,338,6,161203,247,102,55,56,79,160,396,656,951,1130,1324,1356,1292,1437,1489,1624,1656,1511,1035,659,493,415,441,367
216,339,7,161204,248,115,85,60,47,73,131,156,403,659,1074,1250,1388,1789,1945,2298,2622,2411,1771,1277,984,589,355,149
216,340,1,161205,76,41,33,39,161,772,2026,2308,1454,1086,987,942,1008,1123,1141,1169,1512,1600,1155,681,387,265,259,89
216,341,2,161206,50,28,26,39,122,669,1910,1751,1655,1115,913,993,975,1107,1131,1300,1451,1634,1152,696,384,263,204,116
216,342,3,161207,63,45,33,42,119,655,1832,2135,1430,1027,950,940,951,1245,1248,1262,1594,1837,1277,689,430,314,283,166
216,343,4,161208,101,67,44,47,107,498,1215,1269,1134,988,1003,965,905,1110,1221,1369,1638,1854,1303,766,429,334,255,154
216,344,5,161209,78,34,28,45,119,543,1572,1767,1259,1063,1073,1028,1085,1245,1401,1528,1795,1724,1395,911,518,369,310,307
216,345,6,161210,247,124,61,55,114,176,351,738,791,1123,1216,1279,1295,1495,1576,1532,1682,1747,1181,682,545,494,487,351
216,346,7,161211,284,152,93,88,68,84,117,172,350,710,1045,1450,1691,2137,2304,2528,2666,2697,2137,1310,1100,661,358,181
216,347,1,161212,80,35,37,41,181,785,2059,2203,1447,1091,1010,994,1023,1169,1200,1206,1435,1666,1159,668,416,265,222,97
216,348,2,161213,57,37,23,43,126,673,1819,2135,1437,1013,1017,954,958,1098,1173,1281,1528,1669,1213,647,371,291,241,169
216,349,3,161214,63,29,30,46,122,621,1809,2051,1312,986,1011,1048,1028,1267,1327,1400,1637,1740,1258,736,434,318,274,155
216,350,4,161215,69,29,25,55,118,677,1849,2077,1489,1123,1059,1069,1025,1247,1242,1392,1653,1634,1239,767,412,342,256,135
216,351,5,161216,89,36,26,47,123,567,1716,1939,1234,1106,1011,1032,1091,1350,1418,1544,1791,1728,1368,841,542,409,392,302
216,352,6,161217,245,116,82,80,104,177,351,661,849,1047,1306,1373,1322,1384,1568,1634,1666,1541,1000,718,548,398,409,367
216,353,7,161218,227,128,71,56,61,81,96,171,403,791,1107,1320,1422,1671,1965,2334,2657,2522,1901,1308,1008,670,362,172
216,354,1,161219,83,51,29,44,157,667,1904,2033,1374,1080,1086,1029,1062,1221,1210,1218,1474,1643,1143,668,395,294,248,132
216,355,2,161220,52,35,22,39,111,606,1722,1931,1323,1007,970,1071,973,1218,1224,1274,1455,1604,1248,716,409,321,223,148
216,356,3,161221,57,30,27,47,100,574,1622,1846,1376,1053,1061,1009,1075,1329,1307,1339,1495,1653,1196,760,408,308,235,162
216,357,4,161222,94,58,30,49,122,543,1426,1724,1320,1115,1086,993,1054,1275,1246,1395,1460,1551,1254,746,421,409,308,262
216,358,5,161223,111,55,28,59,134,433,1134,1384,1102,1004,1073,1089,1091,1359,1404,1462,1542,1490,1108,813,549,383,283,207
216,359,6,161224,133,98,50,84,113,130,234,372,517,759,1003,1147,1083,1219,1242,1233,1129,767,501,250,258,381,539,495
216,360,7,161225,322,147,44,44,52,44,95,95,232,567,1094,1333,1184,1212,1310,1317,1442,1205,818,656,601,605,528,420
216,361,7,161226,220,88,71,46,62,71,137,154,272,593,1186,1329,1354,1502,1594,1876,2084,1952,1331,1048,869,702,507,357
216,362,2,161227,189,75,47,45,109,262,612,847,824,981,1181,1322,1300,1439,1526,1552,1646,1622,1235,787,569,502,322,224
216,363,3,161228,195,75,50,53,80,234,610,777,836,978,1327,1399,1332,1536,1590,1817,2030,1916,1371,924,567,469,305,234
216,364,4,161229,275,149,78,82,83,232,549,772,751,919,1192,1299,1338,1562,1696,1778,1978,2037,1456,1028,589,490,321,250
216,365,5,161230,189,67,39,60,92,233,487,695,757,902,1178,1518,1605,1769,1826,2015,2242,2130,1632,1021,689,555,381,247
216,366,6,161231,249,103,71,61,71,133,246,316,456,662,1033,1411,1426,1444,1518,1547,1620,1312,899,484,299,291,231,147
216,1,7,170101,173,272,222,102,90,78,101,83,137,312,586,1047,1582,1815,2176,2282,2471,2287,1627,1076,781,594,321,185
216,2,1,170102,107,57,35,46,77,175,451,609,619,820,1282,1907,2354,2639,2717,2672,2629,2758,2351,1341,1029,694,353,207
216,3,2,170103,125,73,49,67,116,444,1056,1296,960,862,975,1094,1209,1487,1423,1445,1565,1704,1216,751,438,354,224,120
216,4,3,170104,56,34,27,45,94,419,1044,1244,851,740,933,1134,1224,1412,1377,1241,1288,1293,914,587,300,248,244,140
216,5,4,170105,71,45,29,48,102,341,955,1131,818,731,786,848,980,1006,1317,1068,1154,1271,962,561,407,251,233,130
216,6,5,170106,63,43,32,53,88,336,716,798,668,698,840,688,739,784,937,1440,1444,2048,1831,1141,746,501,262,188
216,7,6,170107,117,78,41,48,66,145,269,445,555,876,1308,1677,1781,1988,2030,2137,2258,1999,1311,822,644,578,438,348
216,8,7,170108,206,103,67,57,54,65,97,149,224,386,539,1037,1776,1738,1580,2295,2079,1838,1267,962,834,553,320,188
216,9,1,170109,99,66,46,52,163,671,1717,1890,1213,946,886,831,905,1095,1083,1192,1378,1649,1092,643,359,273,198,89
216,10,2,170110,58,28,24,36,101,549,1519,1803,1187,861,836,854,837,1006,947,863,961,1279,929,502,302,236,155,90
216,11,3,170111,49,23,20,33,104,541,1519,1777,1148,846,801,836,894,1098,1043,1076,1244,1478,1057,593,309,264,193,122
216,12,4,170112,67,33,19,38,110,571,1575,1903,1215,904,887,880,943,1077,1148,1163,1287,1433,1084,627,364,268,230,122
216,13,5,170113,43,31,21,38,105,502,1370,1616,1117,743,808,874,863,1189,1137,1140,1386,1381,1094,786,424,310,286,257
216,14,6,170114,165,83,36,51,79,134,283,426,531,590,711,992,1083,1116,1101,1086,1116,802,921,601,344,364,337,291
216,15,7,170115,182,136,76,67,49,75,106,171,252,408,675,981,1233,1388,1590,1872,2352,2447,1886,1266,964,629,295,145
216,16,1,170116,77,32,36,52,125,650,1659,1926,1225,841,862,756,1016,867,1113,1030,1219,1492,1060,621,382,302,213,115
216,17,2,170117,53,31,36,55,134,589,1604,1901,1247,895,794,828,838,1055,991,992,1235,1489,1149,619,369,288,210,117
216,18,3,170118,64,38,30,34,107,583,1655,1852,1220,949,808,910,960,1055,1132,1136,1517,1770,1254,643,386,275,243,168
216,19,4,170119,84,49,43,33,120,571,1674,1976,1334,983,894,905,908,1153,1168,1212,1526,1701,1262,686,469,364,283,152
216,20,5,170120,71,50,39,44,117,551,1498,1743,1201,989,1052,940,1079,1272,1360,1670,1856,2038,1511,949,579,433,358,276
216,21,6,170121,196,83,54,56,71,147,378,617,803,1056,1255,1487,1377,1608,1638,1804,2205,2362,1516,803,612,486,494,313
216,22,7,170122,205,105,69,55,55,50,124,182,334,596,832,1094,1361,1760,2335,2635,2526,2574,2574,2607,2406,2234,839,192
216,23,1,170123,69,36,35,46,141,725,1866,2189,1430,1011,990,961,953,1119,1125,1357,1561,1790,1260,747,430,280,216,85
216,24,2,170124,42,25,18,40,129,634,1709,1991,1381,913,909,900,874,1063,1106,1232,1515,1672,1158,708,349,263,228,101
216,25,3,170125,49,24,18,47,126,597,1673,1967,1343,944,907,972,958,1114,1170,1271,1549,1848,1277,719,467,313,250,130
216,26,4,170126,68,36,20,33,133,559,1721,2069,1341,944,901,901,951,1084,1192,1330,1674,1764,1258,741,404,313,247,140
216,27,5,170127,70,22,18,43,112,507,1498,1745,1228,931,1004,1096,1149,1350,1443,1629,1842,1959,1619,1153,638,424,326,296
216,28,6,170128,155,94,59,53,67,135,342,610,808,996,1432,1769,1655,1681,1780,1918,1781,2187,1444,809,585,523,461,395
216,29,7,170129,219,123,92,65,66,68,127,198,370,631,1004,1345,1484,1702,2269,2608,2534,2724,2575,2412,2410,1682,514,177
216,30,1,170130,71,42,26,44,132,697,1837,2014,1391,1039,1109,1109,1068,1260,1234,1348,1400,1728,1167,701,377,294,198,106
216,31,2,170131,39,32,23,41,124,592,1673,1827,1288,898,944,1016,966,1176,1136,1123,1332,1476,1127,650,357,266,207,95
216,32,3,170201,52,24,17,37,118,554,1627,1854,1274,962,947,943,979,1182,1094,1147,1355,1593,1303,711,430,264,241,117
216,33,4,170202,48,38,27,45,120,576,1682,1986,1323,1036,920,959,936,1173,1153,1315,1411,1664,1241,659,385,302,259,122
216,34,5,170203,60,37,24,31,110,515,1589,1749,1184,998,1038,1089,1230,1339,1402,1381,1665,1722,1419,900,615,438,332,235
216,35,6,170204,148,76,50,46,84,146,332,621,64,1107,1491,1839,1814,1749,1698,1698,1759,1723,1323,712,518,512,428,325
216,36,7,170205,218,147,94,68,74,79,141,220,355,565,868,1329,1549,1898,2153,2434,2596,2528,1738,1339,1132,789,395,160
216,37,1,170206,75,41,32,51,160,726,1903,2091,1301,939,895,904,938,1143,1089,1117,1270,1506,1125,656,417,310,238,101
216,38,2,170207,47,32,30,46,109,625,1798,1999,1305,907,853,848,876,1018,1100,1211,1438,1792,1273,789,448,310,214,125
216,39,3,170208,57,29,24,40,107,620,1750,1960,1271,959,883,958,1003,1199,1098,1196,1477,1707,1250,697,407,335,246,114
216,40,4,170209,59,42,29,43,111,536,1704,2057,1326,943,956,938,1026,1195,1158,1213,1534,1784,1337,844,453,324,279,148
216,41,5,170210,73,30,23,39,102,506,1480,1790,1191,979,945,1100,1184,1413,1513,1743,1996,2044,1731,1053,689,538,393,270
216,42,6,170211,171,90,50,37,88,144,358,540,753,1057,1702,2146,1902,1925,2053,2074,2431,2637,1923,1145,720,608,520,353
216,43,7,170212,247,146,70,70,54,73,116,187,361,639,956,1378,1670,1824,2217,2680,2667,2659,2635,2434,1820,1290,661,242
216,44,1,170213,87,43,26,37,156,689,1946,2313,1493,1140,947,1054,983,1132,1159,1366,1737,2059,1587,856,534,376,240,121
216,45,2,170214,43,31,27,29,113,620,1774,2084,1384,966,911,971,971,1139,1211,1385,1617,2051,1608,920,516,370,276,211
216,46,3,170215,65,42,21,35,99,566,1720,2154,1344,988,1005,1027,1029,1210,1208,1435,1938,2316,1725,973,530,350,293,176
216,47,4,170216,79,52,32,35,113,551,1701,2044,1391,1027,1045,1039,1026,1186,1250,1538,1911,2249,1648,980,630,409,294,179
216,48,5,170217,83,38,23,29,109,499,1586,1802,1320,1047,1031,1248,1345,1577,1625,1727,1892,1929,1616,1109,703,540,407,288
216,49,6,170218,179,85,49,45,76,152,363,609,922,1219,1677,2187,1998,2013,2091,2299,2570,2549,2145,1207,890,676,552,490
216,50,7,170219,270,150,74,45,68,74,129,200,385,660,1061,1535,1682,1925,2579,2615,2029,2607,2684,2703,2373,1599,632,270
216,51,1,170220,94,42,25,46,135,691,1958,2320,1561,1072,1067,1068,1119,1323,1237,1365,1692,2074,1500,879,535,386,275,126
216,52,2,170221,58,29,21,34,107,585,1782,2167,1368,1047,1029,1060,1100,1237,1161,1301,1404,1637,1295,802,465,323,262,172
216,53,3,170222,47,38,25,40,114,579,1755,2107,1421,1020,956,1002,1037,1215,1245,1401,1702,2125,1628,912,515,388,282,193
216,54,4,170223,71,40,37,69,105,563,1679,2025,1329,1035,965,967,1051,1268,1266,1482,1825,2184,1584,999,547,464,317,159
216,55,5,170224,89,50,44,63,115,496,1479,1836,1151,958,1165,1374,1414,1630,1715,1739,1974,2094,1672,1086,773,544,441,269
216,56,6,170225,159,81,66,69,95,150,388,714,985,1345,1922,2381,2244,2086,2247,2279,2414,2603,2081,1254,876,756,545,397
216,57,7,170226,329,200,100,65,78,76,144,190,336,706,1185,1564,1931,2245,2504,2741,2591,2506,2311,1508,1459,956,430,190
216,58,1,170227,85,48,34,43,163,686,1767,2126,1477,1074,1221,1156,1163,1372,1314,1416,1689,2060,1541,925,549,362,239,123
216,59,2,170228,59,40,30,45,117,534,1654,1881,1359,1043,1102,1212,1125,1331,1232,1271,1431,1495,1166,720,356,276,248,130
216,60,3,170301,67,22,20,50,126,571,1682,1978,1322,940,1000,1056,1031,1228,1263,1164,1381,1644,1288,790,468,330,243,121
216,61,4,170302,92,37,29,30,109,584,1791,2063,1286,1029,927,1068,1041,1236,1277,1255,1457,1731,1281,810,440,338,264,163
216,62,5,170303,67,27,26,44,120,526,1635,1869,1311,1058,1113,1188,1256,1480,1596,1825,2185,2318,1931,1323,810,623,459,317
216,63,6,170304,190,80,61,64,104,180,489,820,1159,1539,2136,2535,2483,2395,2430,2237,2200,1828,1286,865,607,520,441,337
216,64,7,170305,219,144,97,80,78,79,147,212,420,734,1281,1725,1960,2067,2190,2500,2632,2344,2214,1341,1090,761,354,166
216,65,1,170306,69,52,30,47,136,696,1974,2241,1451,1092,1011,990,1067,1219,1217,1283,1387,1596,1223,739,421,314,237,110
216,66,2,170307,43,34,26,47,109,609,1836,2057,1392,926,926,967,961,1160,1106,1161,1358,1504,1141,704,402,279,212,281
216,67,3,170308,83,29,21,34,104,603,1835,2005,1337,954,983,890,983,1187,1180,1276,1473,1690,1258,748,462,282,251,165
216,68,4,170309,78,37,28,34,110,646,1763,2072,1347,1005,952,1037,1083,1197,1242,1223,1420,1645,1239,741,444,322,261,176
216,69,5,170310,63,31,28,33,96,521,1648,1859,1268,984,1033,1060,1110,1360,1425,1609,1797,2144,1772,1231,807,590,438,328
216,70,6,170311,172,76,46,51,99,215,463,711,1054,1272,1692,1961,1898,1834,2014,2142,2542,2545,1960,1120,765,663,497,442
216,71,7,170312,428,173,87,52,81,88,142,238,425,740,1255,1765,2158,2516,2692,2699,2792,2764,2579,2356,1693,1323,531,205
216,72,1,170313,92,35,40,44,152,766,2218,2437,1484,1143,1158,1146,1136,1292,1285,1339,1605,1890,1416,816,479,335,235,115
216,73,2,170314,56,30,38,37,137,647,2000,2188,1388,1082,935,904,1001,1157,1193,1284,1574,1840,1559,794,465,290,247,104
216,74,3,170315,49,33,25,49,109,602,1947,2127,1417,1049,997,1003,1056,1241,1272,1348,1658,1957,1535,860,496,359,262,128
216,75,4,170316,63,39,18,49,117,642,2003,2105,1403,1009,1091,993,1015,1203,1249,1419,1661,1890,1463,911,521,321,268,167
216,76,5,170317,80,45,21,37,119,593,1711,1923,1302,1079,1097,1155,1204,1479,1521,1693,1951,2056,1831,1202,702,457,349,285
216,77,6,170318,175,74,53,57,81,204,460,805,1114,1333,1868,2047,1847,1822,1828,1709,1541,1393,1095,805,521,465,441,322
216,78,7,170319,210,117,81,58,60,77,155,230,461,709,1274,1835,2143,2272,2159,2321,2431,2290,1903,1552,1342,937,527,195
216,79,1,170320,83,41,27,43,155,766,2057,2460,1520,1044,1015,946,981,1142,1062,1259,1462,1886,1402,842,445,329,217,112
216,80,2,170321,45,29,19,40,113,679,1959,2161,1463,1027,980,974,1000,1185,1159,1160,1471,1746,1370,770,377,263,203,107
216,81,3,170322,42,36,25,28,115,648,1905,2159,1414,1064,989,1085,1076,1198,1209,1280,1463,1584,1288,762,338,265,266,149
216,82,4,170323,61,27,25,41,117,691,1930,2199,1374,988,995,1026,1081,1226,1154,1289,1413,1729,1323,796,430,313,238,310
216,83,5,170324,139,34,32,37,99,613,1750,1992,1387,1032,1000,1101,1094,1396,1382,1573,1871,1837,1603,992,628,461,318,343
216,84,6,170325,157,86,53,53,80,196,490,797,1140,1223,1507,1608,1591,1623,1673,1678,2033,2080,1635,1096,719,586,480,316
216,85,7,170326,194,124,     ,78,83,103,157,205,401,661,980,1544,2102,2045,2295,2540,2637,2622,2028,1390,1181,812,441,222
216,86,1,170327,96,48,36,56,128,756,2075,2327,1547,1099,1067,1019,1026,1186,1106,1268,1446,1752,1418,843,518,310,248,142
216,87,2,170328,64,40,26,37,121,661,1945,2228,1401,1009,962,1000,979,1225,1175,1193,1503,1700,1397,851,468,335,276,138
216,88,3,170329,378,47,28,47,120,663,1922,2235,1430,1135,1010,1060,1045,1205,1270,1291,1523,1778,1454,891,509,362,272,160
216,89,4,170330,67,40,26,31,151,632,1854,2242,1414,1126,1042,1051,1034,1177,1252,1310,1602,1856,1482,880,519,385,321,175
216,90,5,170331,80,37,19,41,117,607,1714,2043,1359,1088,1116,1090,1176,1402,1413,1619,1833,1857,1595,1101,705,467,324,288
216,91,6,170401,153,91,65,67,74,204,429,775,1071,1208,1358,1453,1518,1628,1540,1446,1603,1566,1292,856,629,480,442,385
216,92,7,170402,554,213,156,78,96,82,141,207,430,701,1035,1358,1518,1701,1877,2203,2433,2417,1829,1330,1135,758,385,217
216,93,1,170403,89,36,35,52,161,819,2136,2346,1486,1160,994,1023,1010,1164,1098,1153,1298,1564,1243,760,464,321,239,114
216,94,2,170404,99,92,57,61,143,692,1968,2146,1434,1014,1061,985,954,1163,1169,1183,1379,1543,1182,748,466,374,254,127
216,95,3,170405,74,59,41,71,130,698,1928,2071,1501,1093,969,1001,990,1211,1170,1222,1528,1738,1317,891,501,364,303,162
216,96,4,170406,102,58,55,81,177,713,1964,2129,1524,1158,1115,1062,1030,1245,1261,1151,1348,1519,1279,813,466,361,270,173
216,97,5,170407,89,53,39,77,132,648,1798,1853,1308,1125,1109,1081,1082,1248,1404,1524,1767,1869,1582,1015,723,466,353,301
216,98,6,170408,188,87,53,59,91,183,456,796,1153,1354,1460,1492,1347,1446,1437,1502,1560,1587,1367,882,638,546,449,344
216,99,7,170409,217,150,72,54,67,56,185,258,504,740,1051,1285,1364,1468,1721,1884,2240,2315,1972,1511,1273,816,404,197
216,100,1,170410,91,43,33,54,146,790,2057,2256,1526,1187,1136,989,990,1185,1185,1269,1405,1750,1344,841,530,364,211,118
216,101,2,170411,52,25,25,39,129,711,1976,2029,1345,1087,1071,1075,1051,1255,1219,1245,1406,1676,1321,830,448,343,216,124
216,102,3,170412,61,27,20,44,124,651,1828,1987,1397,1143,1076,1047,1025,1234,1224,1253,1529,1745,1292,949,521,371,280,149
216,103,4,170413,85,69,38,66,134,650,1783,1756,1297,1090,1014,1084,1089,1385,1354,1453,1681,1707,1455,984,643,437,367,240
216,104,7,170414,142,83,45,56,67,137,226,261,490,860,1179,1223,1007,928,988,1190,1357,1385,1188,844,639,491,322,210
216,105,6,170415,106,72,48,50,65,145,290,451,712,989,1312,1404,1350,1375,1434,1468,1346,1304,1037,792,579,509,380,246
216,106,7,170416,135,93,47,59,77,75,114,156,327,807,1153,1237,1299,1311,1502,1545,1739,1701,1534,1370,1111,1058,879,468
216,107,7,170417,266,162,101,38,84,91,168,192,369,753,1294,1773,2107,2285,2353,2450,2390,2186,1835,1589,1406,1153,865,590
216,108,2,170418,405,366,325,88,177,752,1958,1977,1448,1203,1213,1160,1262,1556,1599,1524,1620,1909,1605,1282,758,414,260,129
216,109,3,170419,76,45,38,67,151,615,1787,1780,1239,987,956,998,1062,1180,1366,1307,1542,1772,1433,885,574,326,231,136
216,110,4,170420,68,45,35,54,142,604,1863,1865,1318,1054,1007,1030,1049,1279,1269,1346,1482,1835,1515,1001,624,438,259,170
216,111,5,170421,78,32,34,67,120,596,1698,1675,1201,1115,1067,1057,1129,1383,1480,1616,1850,1954,1772,1392,944,574,537,304
216,112,6,170422,194,106,53,67,93,211,410,871,982,1156,1230,1418,1430,1638,1825,1975,1933,1714,1654,1313,885,692,491,355
216,113,7,170423,255,156,73,59,90,94,163,242,524,747,820,1020,1167,1260,1403,1662,1937,2048,1722,1518,1158,741,521,238
216,114,1,170424,111,40,26,53,144,760,2043,2126,1433,1124,1021,560,512,1046,1183,1366,1561,1811,1401,866,553,374,268,142
216,115,2,170425,71,39,42,53,126,731,1983,2113,1390,1073,975,963,862,1130,1166,1249,1355,1645,1350,767,487,343,248,140
216,116,3,170426,68,31,23,40,124,665,1920,2051,1387,991,965,1006,1043,1181,1222,1178,1389,1640,1339,697,453,341,263,142
216,117,4,170427,97,47,44,54,111,672,1935,2052,1406,991,936,966,940,1243,1109,1271,1426,1592,1355,812,498,385,272,187
216,118,5,170428,77,50,45,56,103,601,1659,1623,1108,869,830,944,988,1128,1256,1290,1508,1540,1253,966,617,472,398,237
216,119,6,170429,138,83,39,63,80,193,502,866,1077,1211,1317,1322,1341,1499,1558,1443,1438,1446,1112,839,614,532,487,351
216,120,7,170430,243,156,98,64,75,92,131,254,514,766,999,1100,1147,1237,1389,1662,1955,2086,1767,1422,1086,745,454,218
216,121,1,170501,110,62,43,41,127,452,1203,1360,1004,997,993,1185,1212,1476,1573,1683,1825,1920,1566,1032,638,429,333,154
216,122,2,170502,64,42,34,61,139,770,2016,2142,1365,1103,971,948,998,1144,1106,1092,1284,1585,1221,817,436,343,298,139
216,123,3,170503,50,27,27,58,120,685,1897,1968,1369,1027,915,998,962,1173,1121,1170,1282,1592,1324,804,437,332,294,154
216,124,4,170504,94,39,27,33,124,734,1943,1994,1405,990,1008,933,899,1128,1165,1165,1409,1619,1340,783,511,377,280,139
216,125,5,170505,80,38,28,57,121,642,1828,1814,1287,1113,1022,1052,992,1181,1461,1460,1837,1876,1586,1076,740,523,385,243
216,126,6,170506,144,96,47,73,85,218,460,760,1038,1162,1275,1249,1261,1345,1419,1429,1492,1560,1125,764,553,490,493,357
216,127,7,170507,209,144,94,68,89,101,154,240,462,717,810,990,1110,1181,1285,1517,1648,1550,1355,1066,825,604,387,157
216,128,1,170508,77,45,38,49,161,825,2130,2164,1428,1171,968,950,917,1118,1091,1035,1243,1498,1181,719,388,318,228,122
216,129,2,170509,52,31,43,39,122,705,2065,2071,1339,1042,951,946,860,1058,1022,1089,1326,1590,1256,758,446,356,253,143
216,130,3,170510,69,27,28,50,134,727,1942,2059,1341,1076,961,1092,933,1117,1160,1258,1486,1708,1383,911,553,418,285,146
216,131,4,170511,63,31,27,50,124,731,1965,2097,1480,1087,1030,934,916,1174,1196,1324,1530,1642,1303,773,523,407,294,145
216,132,5,170512,75,39,31,41,129,644,1791,1800,1315,1085,982,1070,1085,1289,1404,1500,1672,1625,1803,1012,623,479,410,281
216,133,6,170513,126,87,58,60,111,215,487,742,1069,1186,1336,1304,1247,1333,1333,1406,1417,1384,1171,912,592,500,430,339
216,134,7,170514,215,127,87,74,75,96,174,221,511,849,1080,1143,1173,1257,1423,1666,2074,2033,1674,1419,1176,737,427,214
216,135,1,170515,95,61,45,46,160,860,2125,2285,1441,1059,910,932,913,1088,1009,1049,1236,1629,1212,770,498,358,278,144
216,136,2,170516,57,39,27,48,129,753,2071,2132,1468,1124,948,1011,904,1071,1138,1164,1451,1634,1330,837,505,390,273,168
216,137,3,170517,63,28,24,42,134,763,1950,2001,1369,1033,1073,896,1016,1155,1183,1336,1615,1884,1366,838,626,599,408,189
216,138,4,170518,73,36,26,46,133,798,1998,2086,1410,1059,997,982,977,1145,1228,1320,1430,1753,1372,741,486,389,300,133
216,139,5,170519,98,33,30,48,131,665,1807,2000,1297,1045,985,1005,1129,1285,1345,1482,1775,1809,1492,987,611,469,381,268
216,140,6,170520,154,78,56,67,108,212,576,743,1008,1168,1186,1277,1374,1441,1470,1308,1374,1381,1128,729,536,519,433,356
216,141,7,170521,245,149,84,73,97,97,178,259,511,755,962,1110,1215,1268,1434,1706,1926,2084,1736,1334,1110,729,439,169
216,142,1,170522,92,35,29,45,162,879,2154,2216,1394,1074,999,953,973,1015,1109,1140,1391,1632,1247,811,485,377,277,132
216,143,2,170523,47,51,10,45,127,724,2022,2053,1420,1093,1017,998,987,1125,1180,1305,1430,1686,1391,833,482,361,305,154
216,144,3,170524,72,29,33,48,131,777,1846,1881,1375,1009,1011,1020,1062,1325,1399,1465,1578,1721,1431,1106,724,573,439,305
216,145,7,170525,165,97,74,66,89,178,291,389,617,1055,1173,1097,950,1089,1098,1262,1465,1721,1324,1095,779,621,379,224
216,146,5,170526,91,54,27,58,119,359,915,1102,1071,1152,1315,1223,1095,1271,1354,1440,1623,1689,1329,1025,767,556,436,257
216,147,6,170527,155,78,42,40,80,181,389,575,863,1064,1224,1354,1267,1518,1616,1701,1945,1855,1587,1277,1027,796,631,395
216,148,7,170528,221,146,78,87,81,96,204,287,588,910,1353,1836,1975,2334,2480,2516,2750,2738,2542,2183,2213,2058,1097,784
216,149,1,170529,319,151,76,68,185,857,2203,2171,1440,1133,1074,1091,1013,1216,1235,1230,1593,1743,1378,846,589,424,344,123
216,150,2,170530,61,43,32,41,125,782,1990,2090,1392,995,1017,955,1005,1076,1050,1252,1366,1614,1331,844,529,383,308,145
216,151,3,170531,62,42,24,45,130,723,1928,1969,1532,1047,1041,995,1082,1181,1228,1334,1446,1713,1352,841,519,396,346,168
216,152,4,170601,87,40,28,44,149,773,1972,2038,1434,1033,943,1017,1000,1145,1218,1232,1484,1669,1426,824,541,437,357,165
216,153,5,170602,77,59,32,40,117,742,1803,1740,1236,1066,1044,1021,1095,1244,1384,1537,1749,1809,1525,1127,703,494,408,272
216,154,6,170603,159,103,69,57,72,213,468,699,1033,1233,1326,1338,1214,1337,1452,1371,1498,1549,1187,833,637,480,376,372
216,155,7,170604,206,122,79,69,71,71,141,205,380,723,1121,1140,1289,1337,1371,1451,1496,1461,1351,1088,860,664,526,316
216,156,7,170605,206,114,66,47,55,88,153,191,339,624,974,1448,1759,1956,2292,2251,2111,1696,1935,1312,1062,757,479,218
216,157,2,170606,134,45,34,58,176,921,2204,2090,1629,1223,1083,1025,1046,1206,1179,1269,1361,1653,1331,894,553,380,299,138
216,158,3,170607,52,33,32,49,131,751,1990,2076,1404,1103,995,997,1035,1232,1221,1322,1634,1829,1423,913,498,368,315,158
216,159,4,170608,85,46,17,34,153,812,1972,2026,1445,1138,990,1000,1023,1201,1191,1267,1547,1772,1421,912,634,465,326,179
216,160,5,170609,64,44,18,41,121,706,1768,1920,1404,1109,1041,988,1093,1361,1344,1520,1708,1835,1542,1077,681,495,424,273
216,161,6,170610,191,75,58,48,88,234,501,846,1104,1165,1236,1225,1276,1369,1450,1661,1800,1714,1410,1007,837,655,523,427
216,162,7,170611,293,167,92,50,74,143,256,366,666,906,1035,1172,1302,1461,1646,2017,2363,2498,2313,1924,1492,1000,643,275
216,163,1,170612,110,51,43,57,185,883,2290,2275,1459,1172,1065,978,1045,1185,1157,1102,1306,1590,1293,790,498,374,264,122
216,164,2,170613,70,38,30,46,132,800,2085,2089,1423,1047,1036,950,941,1200,1126,1250,1411,1645,1376,817,538,421,333,157
216,165,3,170614,64,37,43,49,151,795,2019,2007,1433,1058,1024,1029,1100,1305,1265,1323,1489,1657,1438,942,605,421,353,211
216,166,4,170615,119,91,61,58,117,582,1243,1278,994,943,976,998,961,1049,1263,1284,1685,1939,1467,1035,665,412,344,167
216,167,5,170616,71,40,33,53,148,646,1732,1716,1273,1057,1102,1095,1099,1242,1568,1554,1759,1759,1621,1229,782,531,445,363
216,168,6,170617,205,111,61,56,111,218,478,774,984,1200,1367,1419,1385,1597,1704,1803,1803,1751,1393,1077,850,711,579,449
216,169,7,170618,278,183,134,80,74,92,177,274,564,779,1135,1425,1642,1768,2086,2499,2709,2689,2637,2070,1914,1311,704,341
216,170,1,170619,155,92,55,71,194,906,2280,2240,1538,1124,1114,970,1000,1192,1214,1271,1439,1671,1399,906,552,434,350,160
216,171,2,170620,81,44,29,45,136,768,2033,2037,1391,1074,978,1000,1028,1086,1190,1228,1455,1771,1356,926,536,418,341,177
216,172,3,170621,71,35,36,45,138,754,1992,2012,1392,1083,1003,1043,1060,1264,1305,1343,1464,1839,1434,862,524,390,350,244
216,173,4,170622,107,59,32,59,151,776,1983,2132,1462,1118,1036,1052,1065,1275,1238,1297,1579,1792,1383,969,583,453,366,198
216,174,5,170623,113,40,31,56,155,739,1844,1933,1400,1130,1093,1162,1235,1402,1454,1587,1883,1791,1528,1056,796,503,445,314
216,175,6,170624,204,118,75,58,98,257,564,805,1084,1265,1347,1426,1324,1590,1738,1649,1752,1688,1367,1010,705,631,586,387
216,176,7,170625,263,164,86,81,121,140,201,315,441,763,1164,1591,1813,1875,2006,2064,2215,2165,1934,1593,1402,1031,543,270
216,177,1,170626,103,52,29,70,171,932,2091,2184,1515,1125,1025,1034,1000,1154,1226,1227,1504,1803,1428,946,573,425,317,155
216,178,2,170627,91,50,32,57,154,746,2046,2137,1408,1121,971,1065,1037,1254,1259,1326,1466,1821,1482,890,510,463,314,184
216,179,3,170628,81,50,35,50,139,727,1931,2026,1389,1091,1029,1058,1134,1298,1370,1378,1557,1785,1322,830,523,439,347,181
216,180,4,170629,90,53,23,55,133,754,1946,2048,1431,1111,1131,1102,1125,1291,1314,1359,1494,1768,1456,837,552,437,326,199
216,181,5,170630,97,52,38,38,141,705,1790,1844,1378,1126,1127,1111,1215,1447,1519,1744,1935,1876,1575,1107,705,577,441,335
216,182,6,170701,142,97,71,74,126,232,474,675,1044,1241,1494,1487,1511,1711,1658,1520,1573,1456,1152,801,663,532,470,367
216,183,7,170702,240,139,93,108,131,124,167,241,429,679,1019,1303,1457,1617,1730,1866,2056,2149,1815,1449,1087,804,438,229
216,184,1,170703,101,58,49,72,198,901,2158,2143,1431,1171,1071,1059,1039,1206,1275,1158,1437,1584,1326,845,551,415,315,162
216,185,2,170704,76,43,30,43,151,768,2029,2007,1378,1117,1047,984,1047,1163,1217,1303,1500,1866,1440,868,559,444,333,184
216,186,3,170705,73,38,31,65,148,800,1915,2005,1400,1110,970,1144,1065,1237,1308,1389,1685,1898,1536,950,629,507,411,223
216,187,4,170706,114,49,35,52,154,792,1957,2060,1475,1106,1030,1104,1045,1305,1303,1385,1658,1833,1476,956,632,494,433,228
216,188,5,170707,108,45,28,51,145,745,1798,1812,1301,1067,1138,1113,1200,1483,1482,1709,1786,1956,1612,1056,673,563,453,317
216,189,6,170708,193,122,70,84,111,220,560,687,1026,1182,1353,1424,1519,1580,1596,1682,1701,1698,1568,1216,851,604,518,352
216,190,7,170709,233,139,98,65,106,160,182,247,437,713,1081,1312,1655,1824,2126,2400,2447,2290,2194,1776,1440,910,526,237
216,191,1,170710,134,50,52,77,210,859,2060,2073,1349,1229,1203,1173,1180,1221,1313,1270,1345,1761,1323,765,505,354,248,150
216,192,2,170711,56,36,28,53,129,738,1946,1970,1270,1186,1119,1083,1110,1220,1247,1269,1464,1707,1394,861,493,351,263,149
216,193,3,170712,67,41,28,67,126,737,1858,1840,1305,1184,1065,1065,1144,1307,1271,1386,1552,1750,1423,846,552,409,276,172
216,194,4,170713,104,51,36,52,138,719,1820,1789,1326,1117,1131,1096,1066,1217,1356,1290,1646,1785,1523,1036,606,490,370,193
216,195,5,170714,104,54,44,58,120,667,1679,1591,1212,1018,1153,1193,1232,1426,1587,1630,1642,1732,1546,1082,742,511,402,267
216,196,6,170715,136,87,71,55,90,254,459,588,906,1064,1393,1599,1505,1672,1745,1742,1577,1161,1195,1075,676,575,510,374
216,197,7,170716,202,141,66,54,70,104,175,251,450,743,989,1359,1397,1555,1916,2280,2531,2657,2550,2305,1718,1134,676,273
216,198,1,170717,133,65,38,54,197,820,1893,1811,1355,1074,1168,1096,972,1171,1258,1409,1591,1883,1465,906,662,529,339,166
216,199,2,170718,75,38,28,48,142,716,1740,1713,1225,1125,1047,1057,999,1178,1261,1295,1456,1754,1316,857,506,411,280,165
216,200,3,170719,65,53,34,52,140,704,1690,1704,1226,1120,1160,1141,1030,1221,1306,1326,1455,1754,1393,1001,666,423,355,224
216,201,4,170720,111,54,40,52,145,694,1706,1575,1226,1033,1171,1184,1172,1463,1488,1372,1503,1726,1426,925,613,395,318,164
216,202,5,170721,90,62,30,61,144,662,1514,1522,1112,1021,1191,1165,1158,1456,1675,1707,1788,1858,1439,1056,727,511,361,335
216,203,6,170722,147,87,54,70,111,196,385,594,862,1099,1421,1599,1585,1763,1759,1816,1710,1796,1470,1077,821,604,459,425
216,204,7,170723,183,120,71,77,76,92,160,203,415,585,980,1304,1551,1823,1974,2193,2317,2278,2002,1583,1293,867,501,224
216,205,1,170724,104,51,44,70,178,743,1511,1607,1227,1034,1152,1158,1254,1342,1306,1282,1325,1435,1133,761,481,309,210,116
216,206,2,170725,62,26,30,59,132,581,1363,1434,1063,999,1051,1074,966,1181,1226,1190,1203,1457,1173,717,456,287,253,114
216,207,3,170726,58,40,20,61,125,575,1308,1381,1014,1000,1097,1024,1120,1318,1500,1534,1612,1811,1346,878,592,388,303,171
216,208,4,170727,77,64,44,69,121,635,1346,1421,1103,1053,1076,1105,1124,1246,1316,1414,1555,1743,1500,970,617,471,297,278
216,209,5,170728,92,58,35,46,139,538,1189,1230,938,988,1137,1210,1182,1427,1576,1700,1782,1732,1517,1190,810,578,425,388
216,210,6,170729,140,96,69,70,107,189,388,568,815,1082,1328,1593,1546,1680,1821,1805,1923,1856,1646,1133,921,724,505,477
216,211,7,170730,217,132,77,69,110,137,155,255,430,665,994,1158,1369,1646,1828,2226,2443,2266,2076,1510,1146,747,446,239
216,212,1,170731,113,65,41,49,133,407,948,1047,970,1001,1202,1220,1255,1477,1500,1629,1762,1803,1499,1033,728,511,388,320
216,213,7,170801,321,236,103,61,69,93,162,221,426,688,1002,1213,1307,1527,1656,1897,2069,2063,1900,1435,1196,980,869,616
216,214,3,170802,217,75,55,75,163,667,1505,1588,1282,1246,1384,1530,1532,1685,1768,1841,1907,1880,1502,1036,732,545,329,173
216,215,4,170803,84,60,39,56,129,544,1346,1446,1142,1078,1153,1146,1157,1318,1485,1595,1744,1919,1443,1004,643,493,356,280
216,216,5,170804,108,48,34,65,114,523,1213,1331,1045,1059,1211,1262,1199,1522,1624,1827,1969,1993,1734,1297,1006,687,589,399
216,217,6,170805,207,122,61,91,90,193,352,522,813,1107,1519,1671,1822,1951,2174,2112,2252,2204,1828,1436,1128,971,791,730
216,218,7,170806,377,190,94,75,88,96,164,217,420,722,1167,1755,1950,2111,2381,2521,2343,2431,1942,1480,1218,864,506,232
216,219,1,170807,114,77,50,53,178,815,1864,1788,1345,1154,1177,1125,1136,1277,1330,1587,1781,2014,1646,1149,696,596,331,173
216,220,2,170808,81,38,26,55,136,676,1667,1681,1180,1051,1141,1081,1220,1342,1422,1489,1492,1773,1409,863,475,353,249,139
216,221,3,170809,74,44,38,58,133,672,1580,1618,1220,1115,1124,1153,1226,1389,1396,1589,1786,1975,1598,969,605,427,321,227
216,222,4,170810,111,59,46,50,116,658,1609,1693,1267,1118,1166,1225,1284,1489,1644,1733,1847,2024,1592,1013,650,437,301,280
216,223,5,170811,102,45,38,46,138,588,1541,1536,1144,1089,1185,1242,1428,1885,1872,1908,1995,2193,1819,1308,952,745,565,484
216,224,6,170812,220,141,71,77,108,206,399,551,791,1100,1466,1738,1732,2066,1960,1988,2051,1848,1528,1153,1058,898,749,685
216,225,7,170813,344,185,125,125,110,100,176,230,437,754,1073,1269,1405,1766,2123,2411,2479,2720,2430,2348,1946,1126,641,271
216,226,1,170814,145,67,43,62,169,802,1843,1860,1281,1173,1188,1162,1144,1367,1427,1553,1834,2035,1669,1050,770,495,392,181
216,227,2,170815,90,53,35,46,128,598,1176,1217,1048,943,1055,1073,1093,1294,1453,1746,2240,2380,2026,1365,909,651,426,277
216,228,3,170816,161,62,53,64,134,767,1940,2125,1501,1220,1205,1150,1296,1440,1404,1612,1731,1929,1658,971,634,468,402,222
216,229,4,170817,87,55,41,54,118,783,1930,2071,1486,1139,1200,1117,1208,1423,1430,1712,1896,2092,1722,1114,711,536,349,283
216,230,5,170818,103,58,29,54,112,676,1734,1928,1389,1102,1146,1293,1392,1591,1703,1932,2104,2156,1846,1069,1001,628,473,280
216,231,6,170819,188,119,72,82,94,208,494,759,1024,1251,1519,1682,1800,1899,1972,1772,1769,1730,1388,1045,784,662,547,537
216,232,7,170820,306,172,85,76,119,110,188,323,577,963,1214,1391,1554,1816,2151,2346,2632,2728,2852,2169,1548,989,517,327
216,233,1,170821,120,64,34,63,193,901,2119,2175,1430,1151,1148,1180,1133,1295,1276,1314,1610,1768,1422,826,516,412,284,116
216,234,2,170822,65,37,30,48,140,772,1946,2128,1424,1093,1046,1091,1042,1235,1309,1327,1581,1775,1565,927,570,436,329,135
216,235,3,170823,58,23,22,37,154,744,1882,2055,1350,1083,1044,1030,1123,1273,1363,1544,1730,1991,1557,967,630,511,314,177
216,236,4,170824,70,43,34,49,142,779,1910,2055,1494,1121,1117,1165,1090,1318,1393,1553,1782,1957,1489,987,564,445,299,293
216,237,5,170825,116,39,34,38,118,740,1775,1862,1298,1074,1214,1153,1340,1488,1595,1754,2140,2135,1835,1196,878,609,479,400
216,238,6,170826,187,112,71,58,107,247,540,807,1065,1321,1535,1636,1648,1864,1900,1843,1867,1979,1635,1171,935,797,558,611
216,239,7,170827,241,168,132,93,157,133,218,276,498,853,1160,1512,1707,1846,2101,2580,2654,2669,2571,2204,1403,948,496,223
216,240,1,170828,104,54,49,57,189,903,2081,2172,1498,1197,1127,1090,1090,1310,1329,1304,1550,1732,1333,913,607,466,262,127
216,241,2,170829,62,30,36,47,147,793,2011,2068,1396,1121,1059,1040,1000,1145,1265,1336,1579,1888,1550,975,643,489,331,146
216,242,3,170830,61,43,38,61,139,805,1983,2069,1416,1056,1005,1164,1093,1337,1340,1501,1707,1950,1538,959,649,482,326,142
216,243,4,170831,77,28,37,61,134,788,1952,2010,1300,1062,1022,1093,1148,1291,1396,1430,1634,1835,1427,884,542,431,299,190
216,244,5,170901,140,50,35,46,126,657,1791,1869,1353,1064,1080,1192,1256,1589,1515,1788,1873,1828,1488,1072,743,509,397,288
216,245,6,170902,200,111,58,65,111,213,425,706,875,1153,1442,1678,1538,1709,1666,1632,1666,1518,1219,863,652,560,462,404
216,246,7,170903,249,155,100,91,99,108,189,245,459,735,1019,1329,1575,1699,1880,1950,2199,2229,1891,1663,1257,916,523,220
216,247,1,170904,107,58,39,61,176,914,2057,2254,1436,1038,1061,1000,1005,1164,1126,1287,1519,1677,1329,820,490,347,248,108
216,248,2,170905,64,26,26,56,126,769,1959,2094,1462,999,1027,1002,920,1155,1213,1244,1467,1741,1333,911,505,392,297,310
216,249,3,170906,92,31,31,61,148,739,1947,2103,1407,1153,1114,1133,1045,1336,1256,1267,1514,1821,1426,848,540,372,284,133
216,250,4,170907,73,25,35,50,160,766,1909,2098,1382,1072,1097,1032,1062,1271,1314,1396,1596,1832,1478,918,586,397,289,172
216,251,5,170908,90,41,43,55,152,708,1805,1866,1363,1137,1193,1138,1179,1413,1514,1768,1971,1951,1781,1281,810,608,404,372
216,252,6,170909,245,91,67,64,96,228,513,736,1017,1246,1418,1593,1655,1679,1823,1861,1772,1690,1245,872,703,612,444,330
216,253,7,170910,251,156,130,95,106,85,158,204,427,691,1064,1489,1597,1832,1911,2284,2289,2200,1787,1449,1139,685,448,185
216,254,1,170911,102,56,31,64,181,828,2019,2144,1368,1010,1085,1024,1060,1247,1265,1391,1632,1791,1337,825,543,358,287,143
216,255,2,170912,79,36,34,65,136,772,1975,2127,1458,1065,982,977,975,1196,1203,1243,1462,1684,1342,805,461,373,279,188
216,256,3,170913,63,46,40,69,132,740,1945,2009,1324,1029,1024,1050,1105,1251,1335,1334,1570,1783,1366,845,507,385,290,167
216,257,4,170914,87,48,29,63,126,799,1903,2024,1321,1026,1040,1021,1123,1285,1417,1484,1612,1780,1405,837,570,421,279,183
216,258,5,170915,101,51,38,56,124,708,1769,1890,1357,1070,1096,1096,1151,1468,1627,1737,1957,2035,1602,1098,714,542,401,278
216,259,6,170916,196,77,46,58,85,219,541,789,1027,1204,1414,1545,1435,1742,1667,1798,1815,1884,1300,842,628,510,523,457
216,260,7,170917,217,156,100,86,67,69,179,207,387,754,1021,1370,1437,1689,1943,2221,2504,2562,2192,1614,1118,702,394,200
216,261,1,170918,103,50,40,57,195,882,2071,2184,1470,1016,1138,1038,1095,1192,1160,1199,1408,1612,1207,781,491,340,276,132
216,262,2,170919,64,36,33,54,129,755,1984,2068,1415,1005,961,984,1019,1168,1143,1258,1373,1624,1254,717,451,333,293,136
216,263,3,170920,65,30,39,62,146,725,1936,1978,1394,1014,1005,991,1146,1247,1289,1402,1777,1889,1346,843,503,385,293,147
216,264,4,170921,81,39,34,67,148,778,1960,2066,1395,1093,1066,1015,1016,1200,1233,1436,1632,1928,1476,909,552,391,331,158
216,265,5,170922,91,45,59,51,144,718,1807,1924,1304,1054,1054,1061,1136,1474,1549,1712,1969,1986,1759,1098,726,545,413,270
216,266,6,170923,172,78,59,58,110,197,500,878,1050,1206,1401,1438,1462,1618,1868,1991,2072,2256,1757,1108,789,611,503,381
216,267,7,170924,212,119,76,73,61,81,283,318,464,852,1194,1513,1684,1952,2239,2505,2733,2823,2623,1968,1511,911,489,205
216,268,1,170925,90,59,43,63,196,905,2162,2177,1513,1120,1127,1090,1034,1290,1279,1350,1506,1798,1431,907,509,384,262,149
216,269,2,170926,71,36,34,52,150,807,2006,2094,1454,1078,1014,1081,1063,1210,1262,1405,1672,1966,1480,899,451,376,318,135
216,270,3,170927,66,39,29,56,156,798,799,1984,1398,1057,1059,1104,1095,1313,1324,1432,1717,1888,1497,915,508,362,272,160
216,271,4,170928,56,52,46,62,158,798,1905,2072,1387,1063,1047,1031,1115,1299,1299,1465,1576,1919,1471,994,598,415,282,167
216,272,5,170929,86,55,43,63,137,703,1789,1949,1300,1049,1085,1122,1245,1538,1584,1752,1986,1974,1644,1111,758,504,421,306
216,273,6,170930,181,113,63,73,114,173,494,707,959,1103,1330,1433,1426,1768,1713,1836,1908,1883,1485,967,700,562,493,427
216,274,7,171001,272,133,111,77,85,101,165,211,402,750,1139,1448,1736,1939,2049,2314,2465,2438,1985,1471,1162,788,402,207
216,275,1,171002,93,54,44,54,193,877,2090,2010,1318,1110,1060,1040,1046,1174,1182,1320,1496,1703,1302,828,512,306,246,119
216,276,2,171003,81,34,29,55,141,725,1919,1871,1269,1098,973,1030,1046,1251,1249,1303,1410,1791,1303,869,468,346,234,126
216,277,3,171004,74,47,18,50,125,726,1854,1855,1311,1127,1039,990,1015,1190,1153,1356,1621,1844,1478,957,560,351,276,161
216,278,4,171005,88,39,41,60,143,747,1845,1821,1255,1114,1006,999,1070,1316,1410,1612,1967,2185,1669,1114,701,440,324,160
216,279,5,171006,89,39,42,47,142,633,1681,1654,1180,1076,1136,1202,1238,1635,1665,1677,1846,1892,1497,1038,653,490,338,259
216,280,6,171007,141,79,59,55,113,220,483,754,960,1165,1383,1536,1612,1777,1974,1902,2015,1999,1547,967,647,458,434,481
216,281,7,171008,264,127,67,79,91,104,190,198,371,627,955,1426,1760,1965,2180,2117,2233,2096,1690,1384,1109,808,415,183
216,282,1,171009,86,55,44,75,161,859,1978,1875,1309,1091,1088,1056,1005,1177,1178,1354,1414,1756,1310,799,523,322,222,104
216,283,2,171010,53,31,33,52,131,677,1875,1849,1278,1080,1142,960,1010,1230,1144,1326,1531,1872,1426,882,490,347,228,136
216,284,3,171011,53,41,31,55,132,670,1857,1860,1312,1107,1053,1037,1025,1263,1300,1485,1786,1995,1603,986,617,370,266,198
216,285,4,171012,78,51,40,56,139,687,1830,1853,1325,1117,1146,1086,1093,1344,1388,1578,1885,2130,1706,1050,614,476,297,152
216,286,5,171013,58,38,37,55,133,635,1667,1558,1210,1054,1131,1223,1210,1573,1730,1894,2169,2319,1910,1294,802,552,390,241
216,287,6,171014,167,86,60,60,118,254,519,651,931,1182,1344,1498,1606,1745,2068,2058,2464,2595,2014,1356,837,678,478,362
216,288,7,171015,208,172,83,78,82,103,200,270,458,725,1127,1337,1523,1815,2170,2503,2702,2588,2385,2615,2627,2121,592,306
216,289,1,171016,135,69,57,67,186,911,2045,2119,1408,1195,1112,1120,1104,1273,1357,1515,1755,2057,1593,1005,595,376,271,143
216,290,2,171017,48,43,26,51,127,705,1994,2029,1300,1163,1064,1063,1047,1192,1292,1456,1892,2098,1702,942,567,374,270,113
216,291,3,171018,63,32,40,59,140,703,1918,1981,1321,1149,1034,1084,1131,1291,1280,1468,2126,2161,1615,1032,613,419,283,158
216,292,4,171019,66,36,41,51,143,721,1955,1960,1351,1144,1089,1079,1114,1186,1233,1657,1837,2027,1639,945,568,424,300,116
216,293,5,171020,62,42,25,52,116,664,1773,1714,1368,1158,1163,1132,1240,1500,1581,1741,2005,2149,1738,1164,732,502,416,361
216,294,6,171021,192,92,60,70,103,231,503,698,875,1095,1397,1403,1504,1673,1810,2028,2173,2138,1553,1079,672,612,498,404
216,295,7,171022,292,177,96,63,92,77,160,242,374,693,1030,1409,1550,1782,1990,2026,2245,2159,1714,1324,1049,683,343,192
216,296,1,171023,77,47,35,52,194,839,2162,2198,1460,1043,1016,939,991,1159,1097,1189,1323,1611,1204,779,432,285,240,107
216,297,2,171024,59,27,30,61,147,724,2064,2203,1408,1045,949,1009,898,1151,1124,1273,1530,1946,1601,892,458,310,264,134
216,298,3,171025,64,39,28,59,156,703,1988,2127,1441,1031,1049,1016,1082,1263,1252,1285,1714,1803,1510,906,444,377,292,129
216,299,4,171026,78,41,34,48,145,748,2065,2153,1504,1118,1126,1099,1106,1342,1268,1292,1827,1988,1523,944,520,334,278,162
216,300,5,171027,60,37,34,66,136,738,1885,1969,1250,1065,1164,1113,1240,1441,1497,1645,1874,1971,1628,1062,671,456,382,270
216,301,6,171028,183,81,54,52,98,209,519,778,979,1120,1375,1384,1387,1543,1606,1671,1683,1726,1288,831,589,500,492,493
216,302,7,171029,298,187,180,63,66,87,212,279,532,831,1059,1378,1578,1641,1701,1771,1814,1739,1483,1206,995,566,303,164
216,303,1,171030,75,46,31,59,173,891,2217,2258,1456,1061,945,1005,966,1195,1169,1201,1346,1636,1163,622,407,287,240,99
216,304,2,171031,55,30,27,50,139,755,2075,2167,1403,1052,1034,992,968,1216,1260,1408,1667,1806,1429,755,482,385,297,171
216,305,3,171101,98,80,56,57,115,536,1110,1020,901,1030,1196,1091,1073,1210,1234,1311,1597,1537,1113,644,456,313,219,114
216,306,4,171102,60,34,38,57,153,841,2068,2242,1537,1089,1067,1031,1033,1210,1196,1357,1539,1704,1288,762,464,319,259,132
216,307,5,171103,73,29,33,52,135,700,1880,1967,1331,1052,1017,1123,1084,1337,1423,1582,1922,1990,1550,940,601,465,366,338
216,308,6,171104,168,102,55,53,98,187,480,849,1012,1248,1288,1319,1319,1447,1592,1605,1802,1736,1227,757,559,471,489,365
216,309,7,171105,223,127,83,57,76,72,143,217,390,748,959,1186,1295,1545,1714,1720,1881,1728,1375,1006,767,579,318,170
216,310,1,171106,92,41,41,49,169,852,2215,2164,1417,1087,951,929,920,1082,1051,1081,1297,1534,1056,623,399,280,219,112
216,311,2,171107,54,33,26,45,157,741,2142,2201,1429,1020,928,900,977,1079,1068,1221,1363,1634,1212,669,398,321,222,148
216,312,3,171108,53,35,26,51,165,763,1957,2131,1307,1076,927,990,952,1217,1192,1208,1404,1738,1279,772,418,322,240,144
216,313,4,171109,60,29,33,56,141,727,2007,2330,1386,1014,984,922,994,1177,1185,1226,1528,1759,1321,770,433,322,282,135
216,314,5,171110,76,31,35,45,125,700,1886,2000,1359,980,1018,1038,991,1289,1388,1442,1784,1877,1429,891,531,420,366,233
216,315,6,171111,151,105,64,60,83,194,431,681,895,1072,1187,1243,1222,1392,1444,1421,1389,1350,1076,615,431,392,390,390
216,316,7,171112,270,199,137,111,102,86,153,242,380,574,772,1048,1138,1376,1610,1726,1824,1625,1280,892,804,547,314,186
216,317,1,171113,80,34,26,66,184,864,2083,2163,1322,1007,894,884,875,1065,951,1070,1297,1370,764,339,213,159,124,79
216,318,2,171114,57,28,23,54,139,701,1954,2096,1365,995,925,914,877,1095,1115,1184,1340,1560,1191,683,365,299,230,113
216,319,3,171115,45,25,36,54,149,716,1942,2051,1416,1095,991,1029,984,1169,1200,1210,1456,1699,1229,726,419,304,234,130
216,320,4,171116,61,29,42,43,137,745,1925,2237,1366,1002,895,971,963,1102,1180,1337,1538,1684,1266,707,412,364,273,141
216,321,5,171117,63,25,22,68,135,662,1815,1986,1322,999,974,1038,1046,1340,1404,1461,1822,1817,1408,857,570,412,362,299
216,322,6,171118,210,96,59,44,68,188,488,759,977,1136,1247,1219,1279,1411,1525,1593,1582,1580,1237,745,537,514,395,340
216,323,7,171119,221,118,78,52,55,78,128,183,347,488,861,1082,1187,1415,1571,1803,1934,1801,1382,1027,776,543,289,157
216,324,1,171120,65,39,33,62,173,860,2093,2213,1496,1073,999,917,947,1135,1043,1134,1365,1492,1040,613,375,272,220,112
216,325,2,171121,51,31,25,49,137,751,1984,2233,1424,1029,949,954,905,1078,1076,1099,1289,1608,1197,698,377,342,256,143
216,326,3,171122,56,33,32,47,145,748,1870,2153,1404,1045,963,970,1002,1264,1180,1345,1554,1856,1298,716,420,343,246,161
216,327,4,171123,66,44,24,43,130,747,1927,2209,1455,1114,1052,1004,951,1176,1137,1411,1590,1727,1333,745,419,293,253,150
216,328,5,171124,66,23,27,40,124,685,1852,2012,1428,1056,1076,1053,1103,1365,1438,1519,1945,2053,1545,1028,582,451,340,374
216,329,6,171125,214,94,62,44,90,188,449,707,1005,1140,1264,1303,1329,1431,1441,1395,1391,1341,990,627,515,448,388,356
216,330,7,171126,232,146,86,59,92,68,147,192,342,668,917,1086,1238,1535,1723,1779,2036,1946,1368,1156,888,626,313,163
216,331,1,171127,68,35,35,58,177,877,2039,2194,1392,1067,993,971,997,1131,1085,1213,1401,1576,1141,675,375,287,220,94
216,332,2,171128,50,20,24,62,148,763,1972,2173,1415,1046,906,1001,969,1087,1105,1233,1485,1659,1262,694,417,274,231,159
216,333,3,171129,64,34,26,55,141,726,1904,2075,1322,1009,974,1006,1059,1307,1209,1242,1441,1554,1211,676,387,303,255,138
216,334,4,171130,55,33,34,60,135,717,1900,2077,1297,1042,931,947,977,1133,1203,1228,1461,1665,1109,673,415,326,283,151
216,335,5,171201,76,42,32,56,153,621,1641,1917,1312,973,971,959,1004,1237,1287,1389,1737,1669,1310,797,571,377,316,291
216,336,6,171202,200,124,68,72,90,158,453,662,856,1044,1277,1303,1328,1427,1515,1516,1646,1553,1034,663,520,475,389,336
216,337,7,171203,228,156,82,59,76,66,156,200,373,654,933,1213,1389,1672,2057,2463,2621,2490,1717,1354,1003,586,345,138
216,338,1,171204,85,51,33,64,166,787,2035,2211,1407,1013,931,931,982,1115,1090,1096,1251,1432,1090,649,392,239,207,110
216,339,2,171205,52,27,33,48,126,684,1860,2184,1423,1033,963,967,947,1114,1166,1325,1457,1665,1188,730,404,310,226,143
216,340,3,171206,66,45,43,46,135,617,1797,2122,1332,1078,1013,983,1038,1224,1234,1360,1624,1716,1336,777,413,354,236,156
216,341,4,171207,67,44,27,39,134,640,1799,2197,1480,1150,1044,1025,1059,1294,1328,1462,1621,1930,1362,872,466,365,296,190
216,342,5,171208,91,45,47,44,121,496,1058,1162,1004,1001,1117,1115,1069,1239,1280,1286,1301,1336,1331,820,430,345,312,269
216,343,6,171209,179,121,70,58,84,157,325,526,625,965,1076,1190,1205,1351,1365,1387,1499,1471,1092,720,444,395,413,407
216,344,7,171210,298,181,93,74,75,64,128,158,311,620,964,1339,1719,2042,1976,2149,2409,2402,1541,1242,997,644,364,179
216,345,1,171211,89,57,21,59,179,749,1867,2207,1470,1062,1053,1029,1030,1280,1191,1223,1286,1561,1152,642,406,290,233,106
216,346,2,171212,52,39,29,55,125,634,1796,2161,1378,1044,930,923,821,1135,1137,1183,1254,1602,1159,696,400,327,238,149
216,347,3,171213,55,34,25,47,136,613,1760,2084,1397,1050,1011,1048,1078,1438,1676,1684,1864,1944,1418,847,450,361,275,151
216,348,4,171214,84,46,34,50,131,639,1766,2170,1333,995,882,900,893,1144,1238,1237,1310,1562,1184,725,389,291,250,152
216,349,5,171215,84,37,25,43,125,540,1520,1885,1276,1020,936,1121,1035,1339,1351,1494,1787,1713,1398,849,533,396,336,339
216,350,6,171216,241,140,87,59,89,189,318,538,765,913,1155,1266,1182,1277,1249,1342,1265,1245,936,657,510,425,374,362
216,351,7,171217,206,135,111,55,73,79,131,175,333,663,1038,1328,1546,1793,1841,2068,2368,2299,1727,1217,976,677,373,156
216,352,1,171218,75,43,33,65,142,697,1843,2014,1279,888,781,858,930,1039,1046,1096,1286,1451,1130,682,393,245,228,127
216,353,2,171219,51,38,27,62,136,576,1748,2023,1304,1051,1010,1030,997,1115,1204,1249,1437,1589,1262,734,428,360,271,146
216,354,3,171220,69,39,31,58,126,582,1601,2001,1369,1064,1077,1116,1132,1333,1373,1329,1578,1692,1366,770,443,373,264,174
216,355,4,171221,100,55,48,50,139,573,1543,1901,1388,1105,1085,1057,1020,1187,1312,1436,1490,1606,1253,753,494,347,259,169
216,356,5,171222,99,56,45,48,135,473,1230,1580,1174,1030,1058,1088,1121,1291,1263,1393,1490,1469,1188,796,520,399,327,326
216,357,6,171223,185,120,74,58,96,164,282,405,644,913,1160,1281,1252,1269,1343,1370,1416,1320,846,555,445,340,348,260
216,358,7,171224,178,99,69,51,67,54,133,216,242,527,773,1008,1054,1379,1574,1674,1529,1011,495,291,285,383,552,484
216,359,7,171225,338,129,49,52,39,59,103,111,207,586,1133,1323,1247,1300,1458,1799,1960,1698,1011,706,643,600,559,416
216,360,7,171226,224,95,46,45,65,76,138,185,298,597,1254,1502,1508,1595,1814,2089,2383,2250,1470,1170,914,674,487,283
216,361,3,171227,226,92,48,56,110,277,588,836,822,969,1282,1452,1543,1628,1665,1666,1646,1489,1025,762,482,378,295,219
216,362,4,171228,181,102,68,65,110,233,544,708,734,812,998,1191,1139,1409,1534,1395,1444,1421,1045,744,522,417,291,193
216,363,5,171229,241,150,84,98,117,224,485,683,775,962,1176,1309,1309,1585,1750,2069,2453,2021,2045,1099,743,504,356,240
216,364,6,171230,271,157,83,68,79,149,213,265,453,769,1053,1618,1749,1969,1961,1787,1684,1539,1120,775,540,437,347,247
216,365,7,171231,249,150,54,42,84,63,120,144,239,405,714,899,1028,1270,1433,1822,2155,1907,1108,614,328,292,236,196
216,1,7,180101,164,299,199,126,74,74,112,88,139,276,555,1161,1703,2026,2147,2244,2268,2082,1496,1018,753,570,353,209
216,2,2,180102,122,70,35,58,97,149,426,618,615,798,1204,1844,2426,2678,2669,2467,2258,2449,2489,1583,1081,784,433,326
216,3,3,180103,195,64,49,50,112,400,945,1224,917,905,994,1146,1126,1448,1065,1857,1333,1351,1059,623,424,294,247,133
216,4,4,180104,86,70,44,48,103,361,905,1200,926,884,942,1037,1074,1458,1527,1547,1491,1510,1131,638,419,336,234,147
216,5,5,180105,80,47,48,45,111,331,808,1173,924,880,1007,1232,1436,1537,1872,1743,2005,2061,1799,1064,793,534,363,265
216,6,6,180106,161,93,66,64,61,143,296,452,679,962,1372,1851,1972,1971,2232,2434,2358,2515,2144,1090,838,679,523,327
216,7,7,180107,207,144,81,73,87,86,133,163,307,600,909,1403,1850,2049,2180,2382,2557,1938,1766,1766,1094,676,371,223
216,8,1,180108,87,44,35,43,166,656,1758,2036,1321,979,876,891,899,1147,1141,1190,1381,1515,1161,656,390,305,205,100
216,9,2,180109,53,37,31,48,122,547,1632,2003,1279,924,865,870,997,1090,1038,1130,1255,1462,1120,652,419,289,220,108
216,10,3,180110,57,37,25,47,125,545,1559,1908,1303,1007,869,905,930,1172,1170,1175,1514,1693,1287,695,425,316,242,127
216,11,4,180111,65,33,27,54,129,573,1676,1962,1286,985,929,901,1013,1090,1109,1166,1369,1574,1274,740,432,355,248,132
216,12,5,180112,62,50,27,52,115,531,1473,1717,1250,930,870,971,1019,1177,1330,1458,1693,1851,1351,856,579,384,339,251
216,13,6,180113,161,84,47,60,109,164,365,664,799,909,1138,1283,1287,1362,1622,1834,2331,2452,1628,871,623,462,460,425
216,14,7,180114,234,154,112,66,77,54,134,186,348,602,796,1256,1502,1891,2324,2644,2452,2733,2674,2515,2468,1853,484,207
216,15,1,180115,77,32,30,50,146,746,1962,2295,1479,1094,1025,966,980,1190,1219,1411,1672,1969,1406,836,479,373,228,104
216,16,2,180116,45,37,26,49,126,633,1777,2137,1392,993,942,971,1002,1134,1052,1027,1256,1527,1159,701,469,296,203,147
216,17,3,180117,51,31,33,47,111,580,1671,1898,1331,908,824,907,980,858,1005,1165,1237,1509,1079,614,351,272,244,128
216,18,4,180118,71,35,32,38,124,583,1763,2032,1335,913,827,873,956,1159,1113,1122,1262,1592,1204,697,432,282,250,131
216,19,5,180119,69,40,23,45,116,520,1480,1957,1242,896,913,1061,1100,1276,1274,1347,1625,1672,1341,821,554,407,320,284
216,20,6,180120,196,110,47,42,87,159,369,668,730,923,331,1470,1417,1607,1500,1461,1544,1502,1110,688,494,396,412,335
216,21,7,180121,245,180,83,52,64,90,118,148,273,485,739,1158,1540,1876,2107,2316,2480,2282,1679,1272,930,842,404,246
216,22,1,180122,94,49,31,48,139,692,1848,2208,1376,953,924,919,956,1198,1121,1177,1350,1439,1137,707,476,316,261,210
216,23,2,180123,121,116,102,97,145,614,1773,2252,1514,1124,1030,1116,1039,1350,1270,1369,1695,1907,1522,956,583,362,296,162
216,24,3,180124,79,68,45,49,142,600,1785,2079,1452,1050,980,966,983,1156,1181,1418,1838,2106,1576,842,525,366,300,229
216,25,4,180125,124,69,49,59,114,599,1868,2163,1404,1055,1052,999,1016,1278,1259,1464,1728,1949,1425,799,465,364,300,214
216,26,5,180126,123,73,41,71,134,561,1684,1774,1122,1170,1148,1208,1308,1451,1573,1603,1925,2032,1625,1010,623,482,392,283
216,27,6,180127,202,101,85,78,96,173,454,713,946,1201,1488,1790,1750,1779,1657,1868,2145,2193,1483,795,590,511,398,327
216,28,7,180128,249,132,109,86,79,66,145,178,373,642,960,1239,1517,1869,2493,2544,2509,2546,2579,2550,2500,1515,497,194
216,29,1,180129,103,41,29,49,141,711,1899,2262,1402,1175,1065,1032,1051,1167,1239,1506,1875,2214,1695,964,556,387,237,117
216,30,2,180130,51,43,24,43,111,618,1715,2169,1248,1049,1033,998,995,1130,1217,1323,1675,1939,1430,807,470,329,217,143
216,31,3,180131,81,32,21,40,106,563,1693,2088,1339,1065,1009,1041,1077,1202,1257,1382,1710,1877,1491,861,485,327,270,146
216,32,4,180201,57,45,22,34,120,589,1702,2064,1265,990,1028,1036,1023,1143,1255,1153,1446,1602,1209,735,464,298,255,131
216,33,5,180202,67,29,32,30,157,530,1504,1829,1194,1001,975,1025,1140,1339,1359,1481,1869,1766,1320,868,554,421,319,312
216,34,6,180203,163,113,65,47,86,129,375,554,689,942,1491,1844,1750,1774,1689,1752,1770,1789,1241,744,527,463,435,331
216,35,7,180204,184,136,90,64,76,62,135,228,331,573,837,1258,1470,1777,2250,2631,2704,2585,2753,1931,1624,943,447,175
216,36,1,180205,73,48,23,47,159,730,1996,2308,1474,1036,960,1030,1042,1197,1133,1283,1521,1781,1334,790,473,311,239,114
216,37,2,180206,51,25,29,43,129,603,1808,2228,1308,959,886,932,942,1110,1190,1259,1625,1824,1415,783,437,330,237,132
216,38,3,180207,53,40,28,49,119,576,1769,2139,1363,958,979,1017,1109,1294,1277,1407,1561,1889,1373,818,441,307,250,143
216,39,4,180208,85,54,38,68,120,614,1710,2016,1273,983,931,1014,1027,1227,1177,1294,1560,1753,1270,830,425,370,275,146
216,40,5,180209,74,54,47,63,121,510,1513,1840,1154,985,918,1128,1109,1386,1551,1688,2186,2446,2094,1422,824,599,455,273
216,41,6,180210,164,101,62,71,72,157,338,546,801,1159,1965,2606,2640,2327,2206,2180,2059,1981,1536,944,714,492,446,353
216,42,7,180211,238,125,105,84,75,78,150,203,373,496,920,1332,1646,1867,2034,2367,2474,2305,2208,1558,1392,935,477,202
216,43,1,180212,91,48,35,64,139,684,1602,2147,1330,1081,1018,1099,1130,1180,1170,1160,1345,1628,1089,727,375,376,252,124
216,44,2,180213,64,30,34,49,117,586,1534,2008,1278,936,947,942,958,1151,1165,1434,1800,2285,1580,906,474,361,250,112
216,45,3,180214,77,42,36,42,120,629,1700,2040,1264,986,972,1012,1077,1257,1280,1472,1847,2279,1699,1009,568,384,309,132
216,46,4,180215,93,31,23,38,137,627,1779,2162,1392,1018,911,999,1121,1167,1098,1449,1499,1735,1212,784,452,347,249,147
216,47,5,180216,66,30,34,49,106,560,1561,1939,1218,986,1105,1320,1443,1681,1759,1867,1987,2197,1826,1103,810,596,426,262
216,48,6,180217,173,98,47,55,89,148,479,710,957,1362,2041,2507,2285,2312,2147,2227,2003,1949,1356,947,698,571,440,360
216,49,7,180218,224,127,71,54,56,69,129,210,333,621,1064,1601,1870,2089,2241,2221,2398,2258,2619,2073,1430,905,390,189
216,50,1,180219,88,42,25,46,151,726,1928,2265,1408,1031,947,1056,1028,1238,1181,1441,1727,2042,1586,979,551,367,234,122
216,51,2,180220,49,41,22,53,125,631,1811,2214,1308,978,907,913,1037,1146,1156,1214,1473,1704,1260,747,455,335,240,101
216,52,3,180221,57,40,27,47,125,617,1761,2081,1264,1025,965,1018,1105,1254,1198,1335,1601,1832,1339,835,474,368,264,133
216,53,4,180222,73,36,31,54,115,640,1827,2127,1389,1028,931,1038,1088,1241,1220,1329,1597,1809,1394,793,479,395,288,159
216,54,5,180223,86,42,30,46,124,550,1621,1885,1282,1041,1053,1236,1322,1477,1523,1777,2118,2382,2005,1293,822,568,410,328
216,55,6,180224,188,115,67,59,98,174,424,691,927,1271,1758,2379,2032,2098,2168,2427,2627,2474,2452,1694,1004,736,605,347
216,56,7,180225,230,120,80,66,84,64,137,177,401,704,1186,1902,2264,2649,2751,2693,2833,2802,2001,1498,1297,846,420,207
216,57,1,180226,80,35,31,65,157,708,1879,2151,1407,1132,1033,1036,1090,1243,1244,1281,1458,1631,1193,709,476,298,222,122
216,58,2,180227,52,46,39,46,116,573,1663,2073,1338,975,962,994,931,1174,1204,1189,1412,1609,1276,729,438,342,261,116
216,59,3,180228,46,44,32,46,107,586,1639,1910,1272,1047,977,1050,1023,1219,1230,1363,1707,1938,1408,831,471,369,267,155
216,60,4,180301,62,33,32,40,107,590,1715,1986,1234,890,901,892,1020,1167,1160,1187,1316,1583,1239,706,383,306,257,124
216,61,5,180302,52,44,33,43,124,555,1499,1773,1220,958,979,1159,1223,1500,1414,1587,1928,1720,1496,948,597,428,338,262
216,62,6,180303,154,94,56,58,87,176,436,745,969,1308,1750,2100,1935,1973,1954,1919,1939,1773,1229,832,553,532,455,354
216,63,7,180304,306,146,84,75,75,82,164,280,479,802,1116,1520,1638,1934,2367,2513,2630,2698,2639,2530,2457,1569,495,208
216,64,1,180305,75,44,33,60,163,741,2038,2271,1516,1063,1023,1043,987,1140,1196,1301,1528,1809,1268,795,452,326,245,133
216,65,2,180306,39,45,29,39,130,662,1819,2142,1359,992,986,988,951,1188,1119,1202,1446,1619,1256,722,428,313,256,136
216,66,3,180307,56,45,24,53,135,657,1790,2077,1359,1039,1011,996,1059,1165,1219,1189,1377,1625,1243,753,453,324,234,137
216,67,4,180308,75,34,40,43,130,656,1848,2152,1335,996,951,922,986,1153,1156,1319,1635,1997,1449,869,509,399,295,161
216,68,5,180309,80,40,31,51,145,559,1714,1947,1289,1055,992,1069,1176,1437,1498,1766,2047,2213,1795,1150,707,541,407,255
216,69,6,180310,211,92,65,56,102,208,485,800,979,1287,1837,2164,2120,2000,1992,1880,1884,1860,1324,928,653,530,452,362
216,70,7,180311,255,109,71,56,73,89,167,235,450,806,1380,2042,2328,2507,2730,2839,2818,2444,1733,1350,1088,767,370,194
216,71,1,180312,77,43,36,59,159,784,2074,2331,1520,1136,1158,1112,1180,1370,1339,1339,1439,1697,1200,716,440,315,216,115
216,72,2,180313,63,45,36,47,107,680,1946,2329,1422,967,909,1011,929,1165,1116,1256,1412,1699,1294,794,441,311,246,170
216,73,3,180314,132,34,26,46,138,655,2014,2207,1357,1046,914,1001,987,1200,1157,1437,1738,2183,1637,953,487,385,263,145
216,74,4,180315,81,42,26,54,144,694,1993,2277,1488,1117,1115,1133,1147,1288,1266,1315,1501,1829,1423,793,469,353,287,157
216,75,5,180316,74,35,26,42,137,616,1735,2010,1312,1102,1063,1083,1239,1387,1476,1662,1913,2050,1623,1079,688,502,374,306
216,76,6,180317,175,81,52,63,92,227,540,810,1110,1263,1743,1891,1821,1859,1912,1623,1656,1618,1117,778,578,443,394,285
216,77,7,180318,353,175,73,54,84,76,170,253,492,737,1194,1845,2149,2105,2143,2534,2715,2397,1737,1232,993,627,341,163
216,78,1,180319,100,44,39,55,141,684,1576,1592,1233,960,959,1013,1060,1156,1287,1257,1470,1606,1175,699,436,315,244,129
216,79,2,180320,68,49,34,52,124,685,1994,2313,1472,1014,992,987,1012,1151,1120,1181,1406,1628,1326,772,430,308,242,106
216,80,3,180321,56,22,22,46,135,688,1812,2133,1387,1029,970,976,999,1216,1213,1232,1534,1791,1323,836,447,346,217,156
216,81,4,180322,68,33,29,54,134,718,2018,2279,1422,983,929,954,1006,1235,1240,1344,1608,1861,1456,808,464,368,289,202
216,82,5,180323,183,40,34,51,127,619,1818,2023,1314,1084,1073,1059,1169,1418,1418,1568,1797,2016,1614,1053,638,470,357,252
216,83,6,180324,143,78,50,47,105,211,550,877,1148,1289,1457,1616,1576,1635,1818,1953,2473,2620,1878,1055,751,623,451,397
216,84,7,180325,241,140,     ,137,87,117,161,215,458,680,972,1407,1608,1892,2213,2567,2659,2626,2697,2099,1786,1142,440,183
216,85,1,180326,83,45,28,69,160,833,2060,2268,1520,1185,1136,1163,1172,1332,1341,1308,1489,1720,1288,814,454,319,263,119
216,86,2,180327,45,31,22,38,130,698,1847,2239,1535,1050,943,1094,1040,1255,1192,1215,1446,1757,1395,780,482,310,274,148
216,87,3,180328,59,31,29,44,133,716,1827,2058,1452,1136,982,1052,1122,1269,1294,1328,1577,1794,1480,924,486,340,271,171
216,88,4,180329,70,41,37,65,145,694,1716,1948,1300,1064,1066,1124,1149,1380,1363,1524,1689,1829,1509,896,575,465,315,222
216,89,7,180330,134,96,51,78,100,114,185,271,448,777,1037,1186,1113,1179,1251,1330,1487,1476,1234,764,554,459,340,222
216,90,6,180331,127,65,46,55,96,149,280,481,731,1070,1375,1496,1477,1521,1645,1513,1389,1325,996,730,537,492,415,253
216,91,7,180401,182,80,88,49,63,83,115,134,359,789,1223,1400,1409,1577,1689,1673,1920,1969,1628,1486,1246,1055,593,350
216,92,7,180402,212,118,78,65,91,110,176,209,432,874,1569,2014,2010,1946,2651,2924,2925,2981,2818,2710,2401,2461,1181,434
216,93,2,180403,157,82,51,74,182,816,2074,2360,1554,1303,1355,1377,1398,1520,1564,1603,1743,1912,1550,921,583,386,260,145
216,94,3,180404,74,38,35,53,144,749,1822,2001,1351,1150,1056,1057,1091,1273,1241,1334,1553,1758,1424,843,500,342,249,148
216,95,4,180405,70,53,25,64,157,772,1899,2115,1374,1147,1111,1098,1083,1345,1264,1247,1391,1599,1269,812,466,383,230,170
216,96,5,180406,62,39,30,48,141,653,1705,1955,1330,1126,1115,1072,1213,1359,1469,1635,1943,1956,1698,1073,718,509,387,270
216,97,6,180407,145,77,62,49,94,220,499,886,1107,1317,1506,1512,1535,1639,1684,1708,1899,2037,1597,1141,799,669,466,350
216,98,7,180408,226,132,80,65,89,84,204,330,646,953,1196,1385,1536,1740,2069,2283,2651,2542,2076,1599,1188,814,448,227
216,99,1,180409,73,42,41,63,172,846,2024,2254,1475,1145,1062,1038,1100,1212,1179,1186,1332,1642,1317,725,504,322,226,129
216,100,2,180410,97,89,69,85,155,776,1906,2200,1411,1089,1092,1017,956,1109,1209,1288,1387,1733,1280,766,427,331,249,126
216,101,3,180411,108,66,52,79,166,735,1919,1993,1344,1082,1131,1074,1037,1257,1222,1336,1540,1865,1398,844,495,341,246,154
216,102,4,180412,103,97,96,94,151,752,1952,2178,1373,1131,1075,1075,1054,1255,1267,1309,1523,1746,1351,807,501,354,264,136
216,103,5,180413,120,93,44,61,134,690,1864,1977,1293,1116,1052,1099,1201,1289,1433,1571,1791,1960,1525,1020,673,477,381,250
216,104,6,180414,166,76,59,62,94,212,505,912,1069,1265,1370,1484,1392,1398,1476,1492,1550,1554,1231,876,691,535,434,348
216,105,7,180415,208,129,83,69,85,88,135,250,523,766,1067,1174,1344,1493,1515,1764,2026,2069,1691,1327,1003,697,384,177
216,106,1,180416,75,48,50,54,163,794,1977,2185,1385,1046,996,1035,1038,1243,1263,1227,1429,1709,1266,761,544,350,265,142
216,107,2,180417,54,40,33,58,145,772,1946,2151,1447,1077,1020,1001,924,1117,1174,1147,1499,1667,1298,794,526,348,272,126
216,108,3,180418,67,36,26,62,156,775,1957,2137,1374,1178,1069,1055,1103,1146,1283,1259,1538,1941,1487,862,569,416,294,141
216,109,4,180419,77,41,31,57,162,767,1909,2126,1416,1111,1087,1086,984,1185,1295,1300,1607,1777,1461,904,574,405,323,166
216,110,5,180420,72,55,34,65,119,689,1763,1863,1407,1090,1104,1153,1132,1352,1411,1670,1776,1885,1630,1091,710,476,411,233
216,111,6,180421,141,79,61,52,84,207,490,727,1006,1254,1281,1307,1301,1453,1505,1584,1690,1589,1283,974,742,627,491,355
216,112,7,180422,217,161,83,61,93,95,213,247,511,788,1111,1129,1212,1459,1642,1849,2126,2273,2045,1631,1335,911,488,233
216,113,1,180423,85,44,33,54,174,918,2149,2288,1451,1135,1030,998,983,1140,1166,1153,1384,1672,1272,760,501,365,231,123
216,114,2,180424,55,36,40,55,124,810,2034,2203,1461,1042,1013,952,962,1149,1139,1215,1402,1733,1342,853,516,401,257,138
216,115,3,180425,60,41,30,58,146,818,2036,2167,1438,1128,1078,1015,1037,1187,1221,1307,1548,1854,1488,851,522,408,270,148
216,116,4,180426,67,51,34,75,148,794,1945,2123,1423,1236,1071,1006,1038,1162,1137,1324,1508,1750,1422,909,541,408,282,156
216,117,5,180427,65,38,36,64,144,700,1879,1967,1379,1106,1061,1071,1229,1386,1480,1525,1863,1879,1655,1111,727,550,431,335
216,118,6,180428,184,108,66,66,104,236,510,807,1049,1226,1358,1350,1299,1442,1559,1603,1601,1511,1198,871,619,560,473,374
216,119,7,180429,221,147,88,80,81,80,179,220,465,741,1039,1244,1279,1337,1513,1813,1933,1910,1570,1273,1015,675,421,198
216,120,1,180430,90,46,36,67,172,722,1859,1933,1358,1127,1037,1029,946,1183,1209,1195,1426,1661,1326,877,500,412,268,150
216,121,2,180501,83,36,41,45,102,395,1209,1286,1019,1011,1037,1080,1118,1452,1552,1643,1861,2054,1538,1114,755,524,343,189
216,122,3,180502,69,48,37,61,155,854,2119,2171,1468,1034,1000,1053,985,1162,1171,1298,1477,1670,1224,848,529,351,265,139
216,123,4,180503,69,42,32,50,149,792,1986,2154,1492,1125,1002,1081,1001,1179,1196,1239,1415,1711,1316,856,550,422,297,146
216,124,5,180504,78,44,42,70,171,766,1888,1875,1395,1107,1029,1043,1103,1320,1412,1484,1814,1853,1515,1092,667,516,366,262
216,125,6,180505,155,101,65,64,101,220,536,796,992,1228,1205,1281,1228,1335,1584,1481,1546,1527,1237,858,654,568,428,365
216,126,7,180506,225,144,92,90,86,139,250,397,587,852,1011,1035,1134,1249,1438,1649,1883,2063,1724,1361,1039,763,408,195
216,127,1,180507,78,50,42,58,165,960,2039,2156,1447,1090,1053,1011,944,1030,1060,1153,1315,1565,1223,710,445,355,273,122
216,128,2,180508,65,24,40,47,144,809,1975,2056,1394,1100,1033,955,944,1160,1150,1199,1425,1666,1295,848,529,362,346,137
216,129,3,180509,62,34,41,59,153,785,1898,1882,1319,1047,1110,1111,1087,1324,1333,1512,1651,1850,1456,976,626,477,406,262
216,130,7,180510,165,106,64,52,96,118,258,312,602,780,948,928,929,983,995,1036,1154,1197,920,713,515,435,279,159
216,131,5,180511,71,48,33,55,108,401,1055,1130,1147,1235,1293,1269,1090,1239,1386,1481,1582,1591,1366,942,685,529,330,198
216,132,6,180512,122,97,56,66,87,200,466,631,911,1120,1296,1312,1314,1489,1701,1821,1989,2047,1636,1233,1074,824,671,407
216,133,7,180513,244,132,84,56,86,96,171,230,483,829,1336,1690,1962,2315,2637,2622,2876,2529,1816,1679,1345,1046,766,494
216,134,1,180514,214,118,62,69,184,950,2163,2179,1467,1063,1005,1047,1049,1169,1192,1366,1451,1693,1247,799,435,298,254,114
216,135,2,180515,58,38,46,60,144,781,1996,2150,1337,1001,940,947,921,1111,1096,1140,1372,1665,1159,722,463,340,264,122
216,136,3,180516,55,32,36,49,136,788,1988,2140,1408,1049,950,943,1050,1207,1187,1189,1385,1684,1285,741,464,370,268,156
216,137,4,180517,79,44,35,56,145,815,2038,2106,1322,1020,938,991,957,1192,1169,1219,1504,1687,1333,822,519,382,328,205
216,138,5,180518,99,44,31,60,142,699,1813,1919,1301,475,1025,986,1047,1360,1476,1628,1747,1855,1707,1117,698,537,413,341
216,139,6,180519,175,95,66,87,116,270,563,673,955,1159,1315,1305,1191,1331,1350,1506,1453,1365,989,708,471,431,412,281
216,140,7,180520,208,108,94,61,71,92,192,258,488,977,1170,1140,1183,1194,1326,1426,1543,1546,1226,1027,743,555,419,303
216,141,7,180521,206,120,63,46,70,123,162,223,465,782,1196,1268,1526,1747,2185,2630,2638,2635,2136,1558,1311,852,501,261
216,142,2,180522,95,69,39,66,189,998,2270,2364,1557,1263,1139,1146,1112,1239,1239,1382,1460,1737,1351,815,516,341,286,121
216,143,3,180523,70,43,29,50,141,858,2007,2184,1476,1105,1064,1039,1068,1201,1226,1206,1580,1691,1355,826,530,421,284,154
216,144,4,180524,69,41,39,61,136,850,2059,2109,1491,1081,996,1053,1043,1245,1303,1392,1441,1732,1316,854,512,368,322,164
216,145,5,180525,85,47,37,61,128,753,1908,1939,1379,1050,1032,1030,1102,1347,1449,1607,1796,1846,1576,1028,721,590,419,295
216,146,6,180526,185,105,59,73,98,271,524,827,977,1234,1371,1265,1379,1522,1476,1613,1672,1743,1359,995,782,569,469,445
216,147,7,180527,249,164,94,75,91,103,177,313,606,894,1066,1158,1175,1449,1523,1833,2167,2288,1892,1432,1105,781,420,218
216,148,1,180528,97,53,41,68,181,1013,2177,2252,1590,1134,1076,1047,976,1167,1180,1249,1363,1729,1242,794,515,355,325,141
216,149,2,180529,64,37,30,44,150,773,2031,2215,1428,1084,971,1015,962,1098,1117,1276,1379,1763,1374,823,492,336,321,135
216,150,3,180530,65,54,31,52,140,830,1984,2110,1418,1084,1073,1029,1072,1230,1285,1315,1460,1860,1452,934,548,396,328,231
216,151,4,180531,101,73,60,64,133,670,1236,1169,942,964,1036,958,1013,1160,1250,1339,1639,1902,1420,902,556,450,337,164
216,152,5,180601,81,46,25,56,145,716,1721,1742,1299,1122,1016,1069,1129,1327,1419,1519,1697,1831,1470,1036,692,470,396,309
216,153,6,180602,169,90,76,57,91,223,480,754,1118,1269,1354,1321,1408,1509,1623,1607,1697,1710,1454,1083,823,626,568,401
216,154,7,180603,313,155,101,76,93,89,191,294,580,806,1053,1320,1557,1819,2074,1798,2167,2708,2748,1856,1441,1020,550,290
216,155,1,180604,137,75,48,68,188,935,2185,2286,1532,1102,989,1007,971,1125,1188,1277,1418,1608,1243,749,457,362,255,111
216,156,2,180605,68,42,42,57,151,839,2067,2251,1445,1067,975,933,943,1150,1145,1261,1361,1655,1365,721,488,370,308,140
216,157,3,180606,77,46,38,57,143,821,2037,2104,1299,1026,1039,1002,1056,1226,1330,1451,1536,1543,1371,883,517,368,308,160
216,158,4,180607,75,50,44,59,146,839,2068,2155,1484,1101,1004,1013,977,1177,1217,1323,1515,1778,1333,851,511,380,354,169
216,159,5,180608,94,29,28,51,167,753,1864,1849,1307,1019,1036,1078,1049,1398,1442,1625,1762,1978,1550,988,726,482,366,230
216,160,6,180609,144,92,62,66,100,213,540,810,979,1131,1292,1264,1273,1460,1383,1525,1694,1649,1322,970,724,580,534,432
216,161,7,180610,261,158,84,77,83,97,219,325,606,873,1093,1270,1390,1494,1743,2187,2494,2535,1921,1589,1280,857,498,234
216,162,1,180611,126,57,41,71,199,939,2114,2257,1455,1037,1132,1026,1043,1187,1212,1222,1413,1658,1232,780,473,361,282,146
216,163,2,180612,53,48,42,53,138,819,2090,2133,1395,1051,1040,1039,974,1240,1228,1271,1425,1710,1398,770,497,334,271,133
216,164,3,180613,61,38,40,60,141,805,1908,1801,1069,883,985,1079,1048,1271,1321,1287,1501,1668,1316,775,464,318,265,142
216,165,4,180614,85,52,45,51,175,872,2035,2070,1348,1078,988,960,1040,1112,1206,1283,1351,1799,1421,972,528,439,311,193
216,166,5,180615,84,40,41,65,152,801,1482,1350,1331,984,948,1055,1094,1176,1365,1696,1910,1971,1631,1139,753,566,492,362
216,167,6,180616,165,89,56,57,93,253,514,782,1062,1203,1316,1430,1372,1583,1871,1823,1819,1882,1509,1088,827,642,572,479
216,168,7,180617,259,134,93,71,88,95,185,263,515,816,1171,1386,1599,1788,2040,2307,2533,2253,1770,1505,996,636,524,268
216,169,1,180618,94,56,38,59,176,965,2092,2330,1466,1123,1117,1058,1037,1206,1250,1284,1440,1701,1325,784,514,389,317,141
216,170,2,180619,59,51,43,46,148,850,2101,2096,1441,1029,932,997,953,1109,1133,1303,1465,1774,1481,894,576,375,366,175
216,171,3,180620,80,46,22,60,161,857,2000,2089,1425,1074,1025,1051,1001,1285,1362,1473,1564,1842,1466,864,566,447,381,284
216,172,4,180621,115,52,33,62,165,858,1950,2087,1507,1094,1016,1029,1078,1292,1261,1417,1533,1882,1402,856,527,471,382,153
216,173,5,180622,99,38,39,63,166,785,1844,1907,1313,1111,1114,1155,1222,1405,1567,1704,1932,1941,1565,989,622,392,613,515
216,174,6,180623,170,83,59,67,100,226,546,802,1067,1216,1359,1530,1406,1505,1653,1711,1666,1705,1498,1119,739,589,640,487
216,175,7,180624,259,150,101,94,89,111,201,304,508,874,1192,1385,1510,1777,2091,2417,2705,2648,2116,1642,1383,788,475,215
216,176,1,180625,77,52,50,70,189,914,2110,2189,1465,1172,1109,1110,1098,1330,1273,1288,1483,1745,1413,877,566,402,353,150
216,177,2,180626,67,57,29,62,149,836,2019,2093,1447,1154,1039,1019,998,1240,1295,1420,1555,1802,1450,873,578,411,391,171
216,178,3,180627,68,46,40,57,161,844,1947,2040,1378,1069,1040,1051,1151,1281,1312,1369,1650,1848,1452,843,462,326,359,277
216,179,4,180628,105,47,37,52,148,819,1970,2072,1409,1122,1083,1043,1105,1360,1418,1417,1631,1803,1365,836,520,465,461,238
216,180,5,180629,108,47,35,63,134,726,1853,1872,1345,1146,1046,1115,1197,1482,1617,1655,1812,1932,1590,1063,761,579,567,356
216,181,6,180630,179,96,60,96,141,235,508,817,1147,1426,1433,1462,1448,1656,1626,1721,1781,1633,1521,1129,828,600,641,514
216,182,7,180701,240,133,92,88,111,142,226,309,536,855,1142,1350,1420,1699,1956,2397,2399,2527,2523,2489,1784,1281,719,360
216,183,1,180702,151,84,34,86,196,900,2123,2183,1408,1238,1094,1119,1061,1273,1353,1372,1527,1795,1484,866,522,413,284,162
216,184,2,180703,73,58,38,63,148,830,1959,2084,1349,1077,1051,1062,1080,1233,1394,1319,1370,1312,1225,725,458,357,279,168
216,185,3,180704,62,35,38,73,146,762,1968,2017,1296,1098,1051,1035,1086,1306,1326,1401,1547,1809,1449,933,547,420,407,265
216,186,4,180705,94,50,30,64,155,805,1907,1971,1358,1150,1103,1171,1085,1320,1367,1384,1571,1740,1499,861,534,443,377,194
216,187,5,180706,76,48,30,55,150,729,1720,1769,1273,1068,1138,1184,1207,1506,1540,1588,1750,1745,1472,922,638,470,416,305
216,188,6,180707,187,105,74,88,103,226,492,706,962,1208,1373,1556,1470,1594,1567,1552,1528,1538,1282,1013,725,568,550,513
216,189,7,180708,258,145,92,93,107,155,221,284,480,759,1075,1267,1453,1764,1985,2462,2651,2608,2666,2627,1668,1163,586,284
216,190,1,180709,116,69,39,76,178,917,1974,2014,1438,1232,1153,1138,1114,1270,1288,1437,1609,1846,1496,914,646,449,331,143
216,191,2,180710,75,64,31,60,134,762,1876,1881,1375,1207,1129,1154,1080,1258,1272,1442,1625,1825,1371,820,503,318,294,137
216,192,3,180711,66,33,32,44,160,792,1833,1888,1264,1085,1143,1070,1095,1195,1349,1388,1745,1967,1486,909,538,335,264,205
216,193,4,180712,77,44,30,51,180,762,1821,1881,1277,1139,1204,1060,1082,1252,1371,1483,1647,1925,1501,965,644,512,378,233
216,194,5,180713,105,62,31,58,148,665,1695,1586,1252,1140,1102,1126,1202,1426,1472,1589,1776,1907,1535,1111,744,565,459,377
216,195,6,180714,143,90,49,66,103,250,471,670,939,1123,1399,1488,1524,1636,1755,1699,1770,1746,1385,1177,806,693,603,436
216,196,7,180715,225,141,101,79,86,114,188,245,464,729,1011,1356,1516,1837,2184,2028,2390,2449,2119,1552,1480,1038,551,202
216,197,1,180716,130,67,51,76,183,834,1880,1797,1316,1145,1125,1129,1089,1216,1281,1334,1518,1670,1390,837,599,398,310,134
216,198,2,180717,77,56,24,51,131,732,1736,1716,1273,1076,1069,1017,961,1194,1256,1296,1394,1679,1315,729,539,350,334,150
216,199,3,180718,77,40,35,70,143,729,1696,1663,1251,1138,1089,1059,1054,1168,1303,1335,1585,1794,1480,954,658,503,362,192
216,200,4,180719,90,54,42,61,165,721,1641,1680,1278,1076,1125,1097,1035,1276,1352,1508,1719,1949,1560,1032,690,517,421,244
216,201,5,180720,108,54,47,70,136,618,1480,1414,1097,1082,1183,1182,1211,1575,1687,1775,1942,1784,1442,1080,691,469,406,291
216,202,6,180721,154,81,45,67,133,219,358,607,752,1070,1485,1736,1777,1723,1967,1700,1578,1388,1060,848,694,499,528,332
216,203,7,180722,171,132,94,84,110,88,147,189,373,652,1047,1329,1480,1696,1905,1966,2031,2132,1693,1518,1181,802,486,204
216,204,1,180723,102,54,45,66,173,738,1582,1589,1183,1125,1183,1149,1139,1213,1098,1063,1190,1854,1168,766,543,425,281,121
216,205,2,180724,68,41,30,57,139,653,1366,1524,1194,1033,1019,965,910,1091,1221,1337,1443,1694,1303,882,612,445,330,156
216,206,3,180725,69,54,37,62,154,673,1378,1404,1118,1087,1027,1026,978,568,1231,1357,1611,1739,1423,942,651,522,412,238
216,207,4,180726,102,55,41,66,152,619,1341,1386,1108,1072,1102,1098,1158,1281,1372,1553,1638,1576,1587,992,638,564,414,252
216,208,5,180727,111,45,41,76,148,560,1293,1244,1008,1039,1151,1171,1225,1478,1627,1674,1821,1822,1558,1239,909,602,489,377
216,209,6,180728,180,91,64,68,109,227,420,654,868,1092,1491,1654,1724,1704,1787,1784,1840,1761,1313,1085,685,583,566,550
216,210,7,180729,254,109,75,69,124,137,176,237,446,695,1033,1227,1402,1538,1988,2117,2390,2358,2528,2016,1548,1262,688,319
216,211,1,180730,145,87,51,75,160,656,1432,1519,1189,1077,1115,1202,1155,1265,1311,1432,1603,1604,1315,941,651,513,353,191
216,212,2,180731,89,53,42,61,131,606,1249,1372,1021,973,1093,1102,1078,1233,1353,1415,1708,1686,1311,1064,736,531,402,278
216,213,7,180801,252,287,138,81,99,91,230,325,503,834,1047,1181,1147,1187,1435,1652,2040,2158,1491,1014,818,840,570,314
216,214,4,180802,114,79,35,70,160,650,1274,1536,1178,1204,1284,1411,1321,1556,1564,1709,1822,1916,1524,1045,641,520,326,195
216,215,5,180803,91,42,36,83,140,547,1158,1257,1009,944,1368,1299,1438,1556,1737,1906,2213,2142,1853,1459,1062,778,537,292
216,216,6,180804,173,104,68,76,114,200,370,560,818,1176,1481,1718,1925,2026,2064,2162,2186,2105,1916,1440,1158,973,753,528
216,217,7,180805,337,186,101,81,119,128,213,263,475,892,1139,1548,1806,2192,2418,2438,2582,2425,2182,2517,2407,2159,864,327
216,218,1,180806,153,75,45,66,192,799,1809,1829,1302,1174,1240,1284,1205,1268,1428,1624,1766,1603,1622,980,617,445,285,131
216,219,2,180807,98,51,45,49,165,713,1679,1752,1235,1163,1136,1162,1220,1458,1548,1553,1721,1887,1554,1007,620,473,334,170
216,220,3,180808,77,39,32,52,140,681,1653,1681,1221,1092,1177,1139,1217,1361,1500,1606,1789,1882,1564,1045,711,533,428,197
216,221,4,180809,102,64,50,67,145,733,1629,1665,1241,1069,1129,1332,1241,1469,1592,1690,1915,2027,1751,1204,732,537,398,173
216,222,5,180810,95,41,35,77,148,634,1544,1504,1136,1145,1300,1500,1531,1675,2032,2021,2218,2334,2314,1593,1056,876,536,466
216,223,6,180811,280,199,128,83,99,234,479,625,890,1219,1652,1835,1883,1650,2504,2062,2170,2346,1972,1466,1173,1079,844,718
216,224,7,180812,504,260,153,133,127,113,196,290,488,806,1155,1452,1686,1968,2174,2565,2544,2686,2550,1992,2163,1218,599,271
216,225,1,180813,145,58,61,70,172,888,2023,2093,1305,1143,1197,1142,1169,1333,1398,1606,1674,1776,1371,887,533,412,253,117
216,226,2,180814,69,22,31,59,122,783,1845,2017,1299,1104,1103,1161,1188,1268,1322,1338,1579,1801,1496,949,528,376,295,164
216,227,3,180815,87,42,27,64,122,582,1203,1203,1048,1044,1044,1147,1108,1295,1351,1550,2028,2201,1890,1194,783,630,399,243
216,228,4,180816,150,72,62,62,130,704,1868,2133,1443,1179,1166,1211,1212,1427,1511,1656,2009,2139,1873,1159,785,587,433,195
216,229,5,180817,96,60,33,59,122,619,1679,1853,1333,1056,1262,1272,1366,1595,1733,1901,2073,2072,1807,1274,783,574,440,281
216,230,6,180818,195,105,63,68,81,221,474,676,958,1169,1457,1689,1569,1623,1747,1892,1925,1820,1483,1079,815,687,553,439
216,231,7,180819,285,196,128,101,90,94,184,266,508,837,1222,1416,1418,1650,2610,2551,2696,2667,2932,2475,1729,1105,544,233
216,232,1,180820,129,71,56,62,214,813,2102,2319,1531,1189,1167,1141,1133,1304,1307,1303,1560,1763,1458,891,596,399,260,149
216,233,2,180821,78,40,28,39,129,726,1954,2114,1488,1135,994,1155,1104,1229,1276,1414,1641,1947,1541,870,585,489,335,163
216,234,3,180822,71,42,24,57,127,680,1947,2131,1443,1117,1035,1024,1129,1297,1266,1416,1826,1929,1527,945,567,476,324,172
216,235,4,180823,83,44,40,55,145,711,1952,2131,1509,1130,1102,1082,1101,1352,1417,1548,1693,1928,1442,1003,601,433,308,170
216,236,5,180824,124,65,43,65,129,591,1829,1921,1324,1138,1199,1306,1346,1544,1624,1762,1992,2016,1704,1150,700,556,428,289
216,237,6,180825,172,118,78,84,97,216,490,721,1016,1198,1496,1649,1705,1838,1954,1908,1734,1534,1260,874,639,589,495,385
216,238,7,180826,261,145,117,75,97,98,149,209,465,842,1154,1458,1601,1842,2092,2320,2636,2619,2475,1876,1503,1026,447,249
216,239,1,180827,111,46,42,62,182,817,2108,2277,1483,1126,1165,1115,1078,1217,1018,1305,1562,1826,1448,892,605,417,302,144
216,240,2,180828,58,46,36,58,115,721,2021,2226,1517,1107,1081,1074,1009,1234,1240,1369,1677,1851,1595,1169,618,440,329,140
216,241,3,180829,73,35,26,59,132,683,1966,2100,1385,1088,1073,1102,1143,1274,1325,1492,1612,1896,1655,1008,539,412,325,166
216,242,4,180830,79,45,27,61,146,690,1911,2131,1429,1042,1154,1170,1211,1384,1447,1483,1702,1884,1548,947,607,398,321,167
216,243,5,180831,78,39,40,77,136,628,1717,1792,1310,1113,1153,1298,1299,1563,1692,1735,1908,2009,1651,1153,723,590,392,292
216,244,6,180901,187,94,51,67,106,190,455,764,990,1150,1378,1605,1638,1615,1657,1625,1539,1579,1230,991,777,654,464,350
216,245,7,180902,193,147,94,85,86,92,158,258,470,722,1043,1280,1475,1722,2008,2229,2405,2298,1921,1601,1179,827,446,254
216,246,1,180903,100,56,40,58,170,831,2091,2236,1457,1104,1018,1024,1050,1160,1193,1186,1355,1686,1462,861,535,372,226,113
216,247,2,180904,73,33,31,63,114,707,1956,2144,1452,1085,1065,984,1001,1102,1105,1287,1426,1817,1464,875,572,409,268,155
216,248,3,180905,79,32,39,56,148,707,1893,2085,1419,1129,1039,1096,1036,1254,1305,1444,1722,2008,1556,928,607,479,337,165
216,249,4,180906,70,39,39,87,155,738,1949,2077,1469,1130,1047,1044,1119,1219,1368,1492,1631,1897,1491,1009,573,450,292,158
216,250,5,180907,82,44,41,64,132,646,1729,1830,1386,1069,1101,1231,1205,1534,1682,1584,1835,1901,1594,1093,734,530,402,287
216,251,6,180908,173,98,69,62,104,227,496,717,1020,1247,1413,1569,1509,1581,1768,1732,1727,1896,1711,1398,1130,817,579,425
216,252,7,180909,244,167,89,71,87,91,187,243,516,880,1169,1337,1568,1769,2071,2571,2759,2812,2729,2617,2617,1827,669,294
216,253,1,180910,111,58,46,65,161,785,2059,2239,1504,1168,1078,1141,1110,1352,1393,1509,1798,2068,1737,1086,724,443,355,158
216,254,2,180911,69,51,37,58,132,688,1948,2135,1379,1158,988,1062,1065,1122,1295,1353,1649,1800,1513,979,599,431,313,157
216,255,3,180912,63,41,37,65,161,678,1861,2108,1398,1112,1047,1095,1061,1286,1493,1522,1752,2056,1726,1093,696,432,315,164
216,256,4,180913,81,49,42,69,122,729,1879,2102,1425,1127,1037,1053,1150,1327,1389,1496,1626,1898,1471,956,529,425,319,159
216,257,5,180914,85,55,38,71,150,635,1697,1896,1318,1092,1104,1194,1220,1498,1637,1736,1876,2029,1752,1251,770,526,400,259
216,258,6,180915,154,92,70,75,100,189,483,767,999,1274,1339,1516,1613,1602,1832,1741,1819,2146,1617,1073,846,644,524,405
216,259,7,180916,259,139,93,72,75,109,166,237,507,883,1129,1343,1517,1825,2344,2738,2713,2563,2785,2529,2054,993,492,220
216,260,1,180917,94,55,45,66,179,829,2047,2279,1627,1128,1057,1187,1022,1292,1310,1388,1571,1843,1518,897,579,367,309,148
216,261,2,180918,57,56,38,58,150,752,1902,2112,1470,1077,1007,1033,999,1235,1227,1274,1488,1745,1445,906,562,384,295,135
216,262,3,180919,65,57,40,50,133,717,1897,2105,1484,1082,981,1042,1047,1250,1376,1436,1673,2033,1539,919,623,418,282,188
216,263,4,180920,77,43,41,71,136,762,1910,2181,1487,1115,1026,982,1035,1294,1409,1492,1717,2020,1606,1031,622,442,347,183
216,264,5,180921,94,62,35,65,141,663,1753,1957,1375,1093,1046,1100,1223,1524,1537,1744,1941,2088,1653,1061,705,517,369,277
216,265,6,180922,175,90,65,63,109,187,461,780,945,1220,1384,1533,1411,1640,1696,1781,1844,1883,1593,955,749,533,470,478
216,266,7,180923,263,159,82,68,73,79,172,314,472,774,1120,1496,1585,1894,2174,2582,2767,2947,2718,1683,1360,805,423,218
216,267,1,180924,103,59,38,59,163,818,2066,2236,1509,1205,1082,1140,1135,1317,1315,1289,1447,1709,1429,855,509,381,268,164
216,268,2,180925,79,44,28,71,113,753,1990,2138,1458,1132,941,1064,1066,1242,1272,1399,1620,1850,1502,922,546,396,319,197
216,269,3,180926,80,53,49,65,139,723,1919,2149,1384,1069,1076,1047,1089,1283,1291,1362,1726,1929,1576,1033,611,417,263,155
216,270,4,180927,92,46,35,49,128,678,1969,2190,1458,1108,1079,1105,1121,1289,1258,1228,1221,1289,1427,937,547,395,309,190
216,271,5,180928,103,52,39,55,143,761,2211,2458,1637,1244,1211,1241,1259,1476,1505,1594,1889,2141,1661,1018,614,444,347,214
216,272,6,180929,172,97,57,55,91,178,443,730,979,1247,1591,1841,1808,1853,1880,1912,1987,1957,1583,1024,726,600,511,384
216,273,7,180930,259,156,96,74,82,93,179,240,445,771,1153,1517,1748,1960,2168,2404,2501,2465,2164,1755,1452,979,528,257
216,274,1,181001,     ,     ,     ,     ,     ,     ,     ,     ,     ,     ,     ,     ,     ,     ,     ,     ,     ,     ,     ,     ,     ,     ,     ,     
216,275,2,181002,     ,     ,     ,     ,     ,     ,     ,     ,     ,     ,     ,     ,     ,     ,     ,     ,     ,     ,     ,     ,     ,     ,     ,     
216,276,3,181003,     ,     ,     ,     ,     ,     ,     ,     ,     ,     ,     ,     ,     ,     ,     ,     ,     ,     ,     ,     ,     ,     ,     ,     
216,277,4,181004,     ,     ,     ,     ,     ,     ,     ,     ,     ,     ,     ,     ,     ,     ,     ,     ,     ,     ,     ,     ,     ,     ,     ,     
216,278,5,181005,     ,     ,     ,     ,     ,     ,     ,     ,     ,     ,     ,     ,     ,     ,     ,     ,     ,     ,     ,     ,     ,     ,     ,     
216,279,6,181006,     ,     ,     ,     ,     ,     ,     ,     ,     ,     ,     ,     ,     ,     ,     ,     ,     ,     ,     ,     ,     ,     ,     ,     
216,280,7,181007,     ,     ,     ,     ,     ,     ,     ,     ,     ,     ,     ,     ,     ,     ,     ,     ,     ,     ,     ,     ,     ,     ,     ,     
216,281,1,181008,     ,     ,     ,     ,     ,     ,     ,     ,     ,     ,     ,     ,     ,     ,     ,     ,     ,     ,     ,     ,     ,     ,     ,     
216,282,2,181009,     ,     ,     ,     ,     ,     ,     ,     ,     ,     ,     ,     ,     ,     ,     ,     ,     ,     ,     ,     ,     ,     ,     ,     
216,283,3,181010,     ,     ,     ,     ,     ,     ,     ,     ,     ,     ,     ,     ,     ,     ,     ,     ,     ,     ,     ,     ,     ,     ,     ,     
216,284,4,181011,     ,     ,     ,     ,     ,     ,     ,     ,     ,     ,     ,     ,     ,     ,     ,     ,     ,     ,     ,     ,     ,     ,     ,     
216,285,5,181012,     ,     ,     ,     ,     ,     ,     ,     ,     ,     ,     ,     ,     ,     ,     ,     ,     ,     ,     ,     ,     ,     ,     ,     
216,286,6,181013,     ,     ,     ,     ,     ,     ,     ,     ,     ,     ,     ,     ,     ,     ,     ,     ,     ,     ,     ,     ,     ,     ,     ,     
216,287,7,181014,     ,     ,     ,     ,     ,     ,     ,     ,     ,     ,     ,     ,     ,     ,     ,     ,     ,     ,     ,     ,     ,     ,     ,     
216,288,1,181015,     ,     ,     ,     ,     ,     ,     ,     ,     ,     ,     ,     ,     ,     ,     ,     ,     ,     ,     ,     ,     ,     ,     ,     
216,289,2,181016,     ,     ,     ,     ,     ,     ,     ,     ,     ,     ,     ,     ,     ,     ,     ,     ,     ,     ,     ,     ,     ,     ,     ,     
216,290,3,181017,     ,     ,     ,     ,     ,     ,     ,     ,     ,     ,     ,     ,     ,     ,     ,     ,     ,     ,     ,     ,     ,     ,     ,     
216,291,4,181018,     ,     ,     ,     ,     ,     ,     ,     ,     ,     ,     ,     ,     ,     ,     ,     ,     ,     ,     ,     ,     ,     ,     ,     
216,292,5,181019,     ,     ,     ,     ,     ,     ,     ,     ,     ,     ,     ,     ,     ,     ,     ,     ,     ,     ,     ,     ,     ,     ,     ,     
216,293,6,181020,     ,     ,     ,     ,     ,     ,     ,     ,     ,     ,     ,     ,     ,     ,     ,     ,     ,     ,     ,     ,     ,     ,     ,     
216,294,7,181021,     ,     ,     ,     ,     ,     ,     ,     ,     ,     ,     ,     ,     ,     ,     ,     ,     ,     ,     ,     ,     ,     ,     ,     
216,295,1,181022,     ,     ,     ,     ,     ,     ,     ,     ,     ,     ,     ,     ,     ,     ,     ,     ,     ,     ,     ,     ,     ,     ,     ,     
216,296,2,181023,     ,     ,     ,     ,     ,     ,     ,     ,     ,     ,     ,     ,     ,     ,     ,     ,     ,     ,     ,     ,     ,     ,     ,     
216,297,3,181024,     ,     ,     ,     ,     ,     ,     ,     ,     ,     ,     ,     ,     ,     ,     ,     ,     ,     ,     ,     ,     ,     ,     ,     
216,298,4,181025,     ,     ,     ,     ,     ,     ,     ,     ,     ,     ,     ,     ,     ,     ,     ,     ,     ,     ,     ,     ,     ,     ,     ,     
216,299,5,181026,     ,     ,     ,     ,     ,     ,     ,     ,     ,     ,     ,     ,     ,     ,     ,     ,     ,     ,     ,     ,     ,     ,     ,     
216,300,6,181027,     ,     ,     ,     ,     ,     ,     ,     ,     ,     ,     ,     ,     ,     ,     ,     ,     ,     ,     ,     ,     ,     ,     ,     
216,301,7,181028,     ,     ,     ,     ,     ,     ,     ,     ,     ,     ,     ,     ,     ,     ,     ,     ,     ,     ,     ,     ,     ,     ,     ,     
216,302,1,181029,     ,     ,     ,     ,     ,     ,     ,     ,     ,     ,     ,     ,     ,     ,     ,     ,     ,     ,     ,     ,     ,     ,     ,     
216,303,2,181030,     ,     ,     ,     ,     ,     ,     ,     ,     ,     ,     ,     ,     ,     ,     ,     ,     ,     ,     ,     ,     ,     ,     ,     
216,304,3,181031,     ,     ,     ,     ,     ,     ,     ,     ,     ,     ,     ,     ,     ,     ,     ,     ,     ,     ,     ,     ,     ,     ,     ,     
216,305,4,181101,     ,     ,     ,     ,     ,     ,     ,     ,     ,     ,     ,     ,     ,     ,     ,     ,     ,     ,     ,     ,     ,     ,     ,     
216,306,5,181102,     ,     ,     ,     ,     ,     ,     ,     ,     ,     ,     ,     ,     ,     ,     ,     ,     ,     ,     ,     ,     ,     ,     ,     
216,307,6,181103,     ,     ,     ,     ,     ,     ,     ,     ,     ,     ,     ,     ,     ,     ,     ,     ,     ,     ,     ,     ,     ,     ,     ,     
216,308,7,181104,     ,     ,     ,     ,     ,     ,     ,     ,     ,     ,     ,     ,     ,     ,     ,     ,     ,     ,     ,     ,     ,     ,     ,     
216,309,1,181105,     ,     ,     ,     ,     ,     ,     ,     ,     ,     ,     ,     ,     ,     ,     ,     ,     ,     ,     ,     ,     ,     ,     ,     
216,310,2,181106,     ,     ,     ,     ,     ,     ,     ,     ,     ,     ,     ,     ,     ,     ,     ,     ,     ,     ,     ,     ,     ,     ,     ,     
216,311,3,181107,     ,     ,     ,     ,     ,     ,     ,     ,     ,     ,     ,     ,     ,     ,     ,     ,     ,     ,     ,     ,     ,     ,     ,     
216,312,4,181108,     ,     ,     ,     ,     ,     ,     ,     ,     ,     ,     ,     ,     ,     ,     ,     ,     ,     ,     ,     ,     ,     ,     ,     
216,313,5,181109,     ,     ,     ,     ,     ,     ,     ,     ,     ,     ,     ,     ,     ,     ,     ,     ,     ,     ,     ,     ,     ,     ,     ,     
216,314,6,181110,     ,     ,     ,     ,     ,     ,     ,     ,     ,     ,     ,     ,     ,     ,     ,     ,     ,     ,     ,     ,     ,     ,     ,     
216,315,7,181111,     ,     ,     ,     ,     ,     ,     ,     ,     ,     ,     ,     ,     ,     ,     ,     ,     ,     ,     ,     ,     ,     ,     ,     
216,316,1,181112,     ,     ,     ,     ,     ,     ,     ,     ,     ,     ,     ,     ,     ,     ,     ,     ,     ,     ,     ,     ,     ,     ,     ,     
216,317,2,181113,     ,     ,     ,     ,     ,     ,     ,     ,     ,     ,     ,     ,     ,     ,     ,     ,     ,     ,     ,     ,     ,     ,     ,     
216,318,3,181114,     ,     ,     ,     ,     ,     ,     ,     ,     ,     ,     ,     ,     ,     ,     ,     ,     ,     ,     ,     ,     ,     ,     ,     
216,319,4,181115,     ,     ,     ,     ,     ,     ,     ,     ,     ,     ,     ,     ,     ,     ,     ,     ,     ,     ,     ,     ,     ,     ,     ,     
216,320,5,181116,     ,     ,     ,     ,     ,     ,     ,     ,     ,     ,     ,     ,     ,     ,     ,     ,     ,     ,     ,     ,     ,     ,     ,     
216,321,6,181117,     ,     ,     ,     ,     ,     ,     ,     ,     ,     ,     ,     ,     ,     ,     ,     ,     ,     ,     ,     ,     ,     ,     ,     
216,322,7,181118,     ,     ,     ,     ,     ,     ,     ,     ,     ,     ,     ,     ,     ,     ,     ,     ,     ,     ,     ,     ,     ,     ,     ,     
216,323,1,181119,     ,     ,     ,     ,     ,     ,     ,     ,     ,     ,     ,     ,     ,     ,     ,     ,     ,     ,     ,     ,     ,     ,     ,     
216,324,2,181120,     ,     ,     ,     ,     ,     ,     ,     ,     ,     ,     ,     ,     ,     ,     ,     ,     ,     ,     ,     ,     ,     ,     ,     
216,325,3,181121,     ,     ,     ,     ,     ,     ,     ,     ,     ,     ,     ,     ,     ,     ,     ,     ,     ,     ,     ,     ,     ,     ,     ,     
216,326,4,181122,     ,     ,     ,     ,     ,     ,     ,     ,     ,     ,     ,     ,     ,     ,     ,     ,     ,     ,     ,     ,     ,     ,     ,     
216,327,5,181123,     ,     ,     ,     ,     ,     ,     ,     ,     ,     ,     ,     ,     ,     ,     ,     ,     ,     ,     ,     ,     ,     ,     ,     
216,328,6,181124,     ,     ,     ,     ,     ,     ,     ,     ,     ,     ,     ,     ,     ,     ,     ,     ,     ,     ,     ,     ,     ,     ,     ,     
216,329,7,181125,     ,     ,     ,     ,     ,     ,     ,     ,     ,     ,     ,     ,     ,     ,     ,     ,     ,     ,     ,     ,     ,     ,     ,     
216,330,1,181126,     ,     ,     ,     ,     ,     ,     ,     ,     ,     ,     ,     ,     ,     ,     ,     ,     ,     ,     ,     ,     ,     ,     ,     
216,331,2,181127,     ,     ,     ,     ,     ,     ,     ,     ,     ,     ,     ,     ,     ,     ,     ,     ,     ,     ,     ,     ,     ,     ,     ,     
216,332,3,181128,     ,     ,     ,     ,     ,     ,     ,     ,     ,     ,     ,     ,     ,     ,     ,     ,     ,     ,     ,     ,     ,     ,     ,     
216,333,4,181129,     ,     ,     ,     ,     ,     ,     ,     ,     ,     ,     ,     ,     ,     ,     ,     ,     ,     ,     ,     ,     ,     ,     ,     
216,334,5,181130,     ,     ,     ,     ,     ,     ,     ,     ,     ,     ,     ,     ,     ,     ,     ,     ,     ,     ,     ,     ,     ,     ,     ,     
216,335,6,181201,242,111,55,68,89,173,392,743,902,1093,1252,1339,1321,1371,1456,1575,1718,1569,1156,745,506,454,448,338
216,336,7,181202,240,152,100,70,82,77,157,207,409,680,1033,1244,1501,1649,1761,1924,2028,1800,1436,1064,845,581,353,202
216,337,1,181203,93,54,38,62,147,796,1906,1798,1380,1075,1035,1037,974,1178,1100,1183,1334,1587,1184,696,394,299,242,101
216,338,2,181204,63,36,25,47,120,660,1799,2149,1509,1091,1019,1043,955,1084,1195,1213,1417,1634,1329,727,412,289,234,131
216,339,3,181205,68,42,28,68,120,643,1822,2164,1499,1127,992,1038,1033,1224,1326,1387,1569,1872,1373,799,481,341,215,179
216,340,4,181206,79,41,29,47,147,645,1828,2152,1483,1115,963,1039,972,1285,1196,1322,1434,1776,1333,753,439,362,271,156
216,341,5,181207,81,46,37,56,143,581,1647,1973,1357,1100,1081,1079,1149,1386,1436,1546,1722,1992,1653,864,577,435,346,334
216,342,6,181208,193,114,82,66,97,147,320,517,799,1047,1252,1266,1310,1447,1423,1571,1498,1572,1026,683,531,508,454,379
216,343,7,181209,296,158,92,73,87,66,111,156,285,616,948,1338,1682,1881,1951,2058,2067,1896,1454,1089,1002,627,346,163
216,344,1,181210,75,38,38,55,177,759,2014,2194,1476,1104,978,1029,1017,1187,1153,1200,1398,1569,1214,641,392,281,225,105
216,345,2,181211,62,39,34,51,142,671,1804,2263,1428,1037,915,965,880,1199,1200,1240,1421,1686,1288,734,444,303,215,96
216,346,3,181212,59,35,30,48,128,649,1842,2164,1473,1113,1007,1037,1010,1288,1331,1363,1629,1872,1464,900,470,332,295,174
216,347,4,181213,94,38,27,49,151,672,1857,2203,1443,1059,928,933,901,1105,1271,1397,1643,1814,1346,700,448,312,282,159
216,348,5,181214,89,50,31,55,127,592,1626,1973,1325,1064,1079,1104,1092,1369,1422,1608,1836,1968,1438,840,576,396,390,362
216,349,6,181215,251,116,79,87,94,203,344,622,840,1028,1352,1358,1318,1461,1675,1864,2167,1992,1444,817,577,489,432,332
216,350,7,181216,250,148,78,59,97,73,112,120,280,597,950,1428,1655,1840,2171,2326,2371,2037,1537,1148,953,633,293,146
216,351,1,181217,63,44,39,66,147,741,1874,2190,1538,1119,1079,1097,1075,1283,1230,1213,1363,1602,1116,832,428,271,252,110
216,352,2,181218,61,37,45,54,127,650,1709,2052,1547,1152,1057,1044,1025,1231,1345,1518,1694,1903,1379,799,496,335,303,122
216,353,3,181219,67,32,33,61,157,573,1722,2010,1458,1125,1062,1166,1120,1271,1287,1511,1543,1768,1359,790,493,358,299,168
216,354,4,181220,81,71,51,64,137,598,1653,2019,1392,1197,1091,1149,1029,1264,1328,1340,1506,1714,1284,837,497,367,283,173
216,355,5,181221,115,41,51,80,133,486,1387,1658,1190,1088,1136,1188,1112,1311,1405,1487,1489,1480,1190,778,484,426,340,237
216,356,6,181222,201,120,81,80,108,175,297,505,722,957,1207,1308,1303,1351,1408,1373,1370,1203,893,633,490,361,325,267
216,357,7,181223,182,113,68,82,83,86,154,159,344,711,1043,1171,1239,1414,1560,1531,1467,1247,913,668,587,414,301,202
216,358,1,181224,118,63,70,68,99,208,418,593,626,791,999,1213,1230,1361,1410,1233,1145,824,487,262,247,353,577,495
216,359,7,181225,321,146,45,61,32,49,82,112,211,547,1100,1322,1239,1372,1484,1709,1828,1581,1034,653,596,611,554,413
216,360,7,181226,213,104,53,48,63,81,122,143,309,586,1144,1279,1381,1588,1747,2278,2621,1829,2415,1401,1024,778,476,327
216,361,4,181227,271,111,60,49,110,267,607,855,912,918,1195,1362,1294,1540,1616,1903,2171,2075,1550,992,683,497,348,213
216,362,5,181228,198,67,45,65,108,228,506,689,753,1041,1178,1365,1331,1555,1681,1938,2172,2047,1391,986,649,555,399,320
216,363,6,181229,261,115,56,62,110,151,258,395,593,862,1323,1636,1579,1675,1841,1925,2077,1595,2398,1592,861,703,459,350
216,364,7,181230,299,169,103,94,81,71,127,135,290,521,951,1346,1559,1757,1735,1960,2052,1958,1356,1001,766,522,377,232
216,365,1,181231,225,93,64,82,85,179,377,503,494,714,911,1179,1301,1581,1503,1298,1375,1147,851,512,285,270,245,188
216,1,7,190101,138,281,211,125,82,81,94,95,154,272,491,952,1292,1586,1903,2315,2296,2301,2312,1809,1296,704,428,206
216,2,3,190102,108,63,44,65,85,158,387,607,540,803,1217,1832,2239,2417,2489,2531,2375,2242,1766,1444,831,1070,456,262
216,3,4,190103,159,80,58,61,130,326,827,1074,883,915,1013,1273,1329,1566,1718,2030,2236,2276,1842,958,620,450,324,180
216,4,5,190104,98,54,51,72,111,262,730,931,853,890,1148,1374,1614,1921,2157,2316,2513,2369,2053,1265,949,710,455,290
216,5,6,190105,154,88,65,58,97,127,231,445,739,938,1466,1666,1418,1636,1363,1978,1798,1845,1488,878,736,657,474,334
216,6,7,190106,212,140,72,78,82,97,91,146,298,472,862,1304,1875,1941,1924,2040,2069,1770,1284,1001,815,587,352,193
216,7,1,190107,104,54,49,62,145,639,1616,1925,1221,887,862,873,999,1170,1107,1134,1220,1573,1135,618,402,278,192,107
216,8,2,190108,47,29,29,54,118,552,1541,1869,1212,882,793,888,810,1065,930,1010,1155,1453,1006,595,350,239,200,118
216,9,3,190109,59,33,35,49,131,553,1492,1771,1146,803,688,790,804,991,939,1027,1033,1253,1053,576,370,232,214,114
216,10,4,190110,56,25,35,48,123,550,1368,1681,1146,765,664,780,843,939,933,983,1090,1231,1014,599,380,292,210,127
216,11,5,190111,73,54,21,61,116,502,1337,1659,1155,867,899,878,954,1223,1363,1369,1672,1718,1364,914,572,356,279,240
216,12,6,190112,187,117,55,37,86,201,303,529,721,832,1046,1304,1309,1336,1509,1457,1794,1854,1269,778,555,459,423,292
216,13,7,190113,242,122,94,65,56,71,109,137,248,416,765,1181,1561,1593,1780,1882,2236,2112,1826,1079,861,545,324,137
216,14,1,190114,94,34,23,55,113,667,1809,2067,1422,938,909,860,883,1123,1005,991,1151,1417,1062,541,313,262,179,89
216,15,2,190115,42,33,27,53,108,591,1708,2073,1261,857,845,825,872,1031,1029,1091,1227,1722,1283,714,423,277,197,114
216,16,3,190116,59,29,23,54,106,588,1713,2033,1370,962,821,922,958,1270,1225,1418,1761,2096,1559,816,480,326,248,146
216,17,4,190117,79,39,25,50,105,594,1719,2093,1372,967,944,928,978,1180,1145,1149,1405,1676,1220,643,443,326,252,155
216,18,5,190118,63,46,25,48,113,483,1580,1852,1243,938,932,992,1086,1265,1297,1387,1783,1860,1465,920,538,471,366,329
216,19,6,190119,200,81,48,40,100,168,353,650,798,966,1236,1494,1404,1534,1693,1778,2133,2404,1723,883,647,558,482,386
216,20,7,190120,225,141,79,60,63,72,137,192,328,628,823,1273,1479,1804,2207,2748,2605,2336,1813,2528,2453,1273,458,223
216,21,1,190121,86,48,28,55,154,722,1927,2296,1479,1126,1075,1004,1052,1263,1211,1322,1592,1831,1323,777,493,367,259,146
216,22,2,190122,67,60,29,50,119,610,1866,2138,1434,943,860,936,932,1116,1153,1280,1724,1973,1393,815,500,366,270,140
216,23,3,190123,82,41,38,57,115,597,1802,2157,1432,1028,952,1052,985,1207,1226,1239,1575,1750,1417,720,453,397,312,202
216,24,4,190124,126,74,58,63,119,631,1755,2221,1442,1027,1006,1011,1081,1145,1195,1194,1533,1768,1320,742,448,410,280,185
216,25,5,190125,111,67,60,64,130,563,1633,1955,1331,1137,1136,1118,1242,1441,1526,1684,1943,2058,1569,978,620,419,388,301
216,26,6,190126,175,107,71,70,103,195,351,570,825,1174,1422,1735,1650,1673,1702,1677,2002,1969,1412,796,565,495,392,339
216,27,7,190127,218,144,101,73,76,78,143,156,349,558,993,1409,1613,1940,2341,2456,2437,2614,2467,2154,1482,879,412,171
216,28,1,190128,76,40,32,55,146,640,1761,1995,1456,1059,1037,1027,1077,1298,1280,1276,1485,1608,1182,651,400,239,208,97
216,29,2,190129,49,37,29,61,126,558,1622,1967,1268,955,939,949,953,1072,1139,1165,1516,1750,1389,751,431,324,206,104
216,30,3,190130,55,31,33,51,122,538,1695,1978,1209,972,884,1017,1021,1175,1204,1163,1439,1642,1203,689,455,314,229,154
216,31,4,190131,54,48,35,55,123,580,1670,1974,1326,972,937,992,1002,1117,1193,1305,1610,1894,1343,767,452,375,256,139
216,32,5,190201,     ,     ,     ,     ,     ,     ,     ,     ,     ,     ,     ,     ,     ,     ,     ,     ,     ,     ,     ,     ,     ,     ,     ,     
216,33,6,190202,     ,     ,     ,     ,     ,     ,     ,     ,     ,     ,     ,     ,     ,     ,     ,     ,     ,     ,     ,     ,     ,     ,     ,     
216,34,7,190203,     ,     ,     ,     ,     ,     ,     ,     ,     ,     ,     ,     ,     ,     ,     ,     ,     ,     ,     ,     ,     ,     ,     ,     
216,35,1,190204,     ,     ,     ,     ,     ,     ,     ,     ,     ,     ,     ,     ,     ,     ,     ,     ,     ,     ,     ,     ,     ,     ,     ,     
216,36,2,190205,     ,     ,     ,     ,     ,     ,     ,     ,     ,     ,     ,     ,     ,     ,     ,     ,     ,     ,     ,     ,     ,     ,     ,     
216,37,3,190206,     ,     ,     ,     ,     ,     ,     ,     ,     ,     ,     ,     ,     ,     ,     ,     ,     ,     ,     ,     ,     ,     ,     ,     
216,38,4,190207,     ,     ,     ,     ,     ,     ,     ,     ,     ,     ,     ,     ,     ,     ,     ,     ,     ,     ,     ,     ,     ,     ,     ,     
216,39,5,190208,     ,     ,     ,     ,     ,     ,     ,     ,     ,     ,     ,     ,     ,     ,     ,     ,     ,     ,     ,     ,     ,     ,     ,     
216,40,6,190209,     ,     ,     ,     ,     ,     ,     ,     ,     ,     ,     ,     ,     ,     ,     ,     ,     ,     ,     ,     ,     ,     ,     ,     
216,41,7,190210,     ,     ,     ,     ,     ,     ,     ,     ,     ,     ,     ,     ,     ,     ,     ,     ,     ,     ,     ,     ,     ,     ,     ,     
216,42,1,190211,     ,     ,     ,     ,     ,     ,     ,     ,     ,     ,     ,     ,     ,     ,     ,     ,     ,     ,     ,     ,     ,     ,     ,     
216,43,2,190212,     ,     ,     ,     ,     ,     ,     ,     ,     ,     ,     ,     ,     ,     ,     ,     ,     ,     ,     ,     ,     ,     ,     ,     
216,44,3,190213,     ,     ,     ,     ,     ,     ,     ,     ,     ,     ,     ,     ,     ,     ,     ,     ,     ,     ,     ,     ,     ,     ,     ,     
216,45,4,190214,     ,     ,     ,     ,     ,     ,     ,     ,     ,     ,     ,     ,     ,     ,     ,     ,     ,     ,     ,     ,     ,     ,     ,     
216,46,5,190215,     ,     ,     ,     ,     ,     ,     ,     ,     ,     ,     ,     ,     ,     ,     ,     ,     ,     ,     ,     ,     ,     ,     ,     
216,47,6,190216,     ,     ,     ,     ,     ,     ,     ,     ,     ,     ,     ,     ,     ,     ,     ,     ,     ,     ,     ,     ,     ,     ,     ,     
216,48,7,190217,     ,     ,     ,     ,     ,     ,     ,     ,     ,     ,     ,     ,     ,     ,     ,     ,     ,     ,     ,     ,     ,     ,     ,     
216,49,1,190218,     ,     ,     ,     ,     ,     ,     ,     ,     ,     ,     ,     ,     ,     ,     ,     ,     ,     ,     ,     ,     ,     ,     ,     
216,50,2,190219,     ,     ,     ,     ,     ,     ,     ,     ,     ,     ,     ,     ,     ,     ,     ,     ,     ,     ,     ,     ,     ,     ,     ,     
216,51,3,190220,     ,     ,     ,     ,     ,     ,     ,     ,     ,     ,     ,     ,     ,     ,     ,     ,     ,     ,     ,     ,     ,     ,     ,     
216,52,4,190221,     ,     ,     ,     ,     ,     ,     ,     ,     ,     ,     ,     ,     ,     ,     ,     ,     ,     ,     ,     ,     ,     ,     ,     
216,53,5,190222,     ,     ,     ,     ,     ,     ,     ,     ,     ,     ,     ,     ,     ,     ,     ,     ,     ,     ,     ,     ,     ,     ,     ,     
216,54,6,190223,     ,     ,     ,     ,     ,     ,     ,     ,     ,     ,     ,     ,     ,     ,     ,     ,     ,     ,     ,     ,     ,     ,     ,     
216,55,7,190224,     ,     ,     ,     ,     ,     ,     ,     ,     ,     ,     ,     ,     ,     ,     ,     ,     ,     ,     ,     ,     ,     ,     ,     
216,56,1,190225,     ,     ,     ,     ,     ,     ,     ,     ,     ,     ,     ,     ,     ,     ,     ,     ,     ,     ,     ,     ,     ,     ,     ,     
216,57,2,190226,     ,     ,     ,     ,     ,     ,     ,     ,     ,     ,     ,     ,     ,     ,     ,     ,     ,     ,     ,     ,     ,     ,     ,     
216,58,3,190227,     ,     ,     ,     ,     ,     ,     ,     ,     ,     ,     ,     ,     ,     ,     ,     ,     ,     ,     ,     ,     ,     ,     ,     
216,59,4,190228,     ,     ,     ,     ,     ,     ,     ,     ,     ,     ,     ,     ,     ,     ,     ,     ,     ,     ,     ,     ,     ,     ,     ,     
216,60,5,190301,     ,     ,     ,     ,     ,     ,     ,     ,     ,     ,     ,     ,     ,     ,     ,     ,     ,     ,     ,     ,     ,     ,     ,     
216,61,6,190302,     ,     ,     ,     ,     ,     ,     ,     ,     ,     ,     ,     ,     ,     ,     ,     ,     ,     ,     ,     ,     ,     ,     ,     
216,62,7,190303,     ,     ,     ,     ,     ,     ,     ,     ,     ,     ,     ,     ,     ,     ,     ,     ,     ,     ,     ,     ,     ,     ,     ,     
216,63,1,190304,     ,     ,     ,     ,     ,     ,     ,     ,     ,     ,     ,     ,     ,     ,     ,     ,     ,     ,     ,     ,     ,     ,     ,     
216,64,2,190305,     ,     ,     ,     ,     ,     ,     ,     ,     ,     ,     ,     ,     ,     ,     ,     ,     ,     ,     ,     ,     ,     ,     ,     
216,65,3,190306,     ,     ,     ,     ,     ,     ,     ,     ,     ,     ,     ,     ,     ,     ,     ,     ,     ,     ,     ,     ,     ,     ,     ,     
216,66,4,190307,     ,     ,     ,     ,     ,     ,     ,     ,     ,     ,     ,     ,     ,     ,     ,     ,     ,     ,     ,     ,     ,     ,     ,     
216,67,5,190308,     ,     ,     ,     ,     ,     ,     ,     ,     ,     ,     ,     ,     ,     ,     ,     ,     ,     ,     ,     ,     ,     ,     ,     
216,68,6,190309,     ,     ,     ,     ,     ,     ,     ,     ,     ,     ,     ,     ,     ,     ,     ,     ,     ,     ,     ,     ,     ,     ,     ,     
216,69,7,190310,     ,     ,     ,     ,     ,     ,     ,     ,     ,     ,     ,     ,     ,     ,     ,     ,     ,     ,     ,     ,     ,     ,     ,     
216,70,1,190311,     ,     ,     ,     ,     ,     ,     ,     ,     ,     ,     ,     ,     ,     ,     ,     ,     ,     ,     ,     ,     ,     ,     ,     
216,71,2,190312,     ,     ,     ,     ,     ,     ,     ,     ,     ,     ,     ,     ,     ,     ,     ,     ,     ,     ,     ,     ,     ,     ,     ,     
216,72,3,190313,     ,     ,     ,     ,     ,     ,     ,     ,     ,     ,     ,     ,     ,     ,     ,     ,     ,     ,     ,     ,     ,     ,     ,     
216,73,4,190314,     ,     ,     ,     ,     ,     ,     ,     ,     ,     ,     ,     ,     ,     ,     ,     ,     ,     ,     ,     ,     ,     ,     ,     
216,74,5,190315,     ,     ,     ,     ,     ,     ,     ,     ,     ,     ,     ,     ,     ,     ,     ,     ,     ,     ,     ,     ,     ,     ,     ,     
216,75,6,190316,     ,     ,     ,     ,     ,     ,     ,     ,     ,     ,     ,     ,     ,     ,     ,     ,     ,     ,     ,     ,     ,     ,     ,     
216,76,7,190317,     ,     ,     ,     ,     ,     ,     ,     ,     ,     ,     ,     ,     ,     ,     ,     ,     ,     ,     ,     ,     ,     ,     ,     
216,77,1,190318,     ,     ,     ,     ,     ,     ,     ,     ,     ,     ,     ,     ,     ,     ,     ,     ,     ,     ,     ,     ,     ,     ,     ,     
216,78,2,190319,     ,     ,     ,     ,     ,     ,     ,     ,     ,     ,     ,     ,     ,     ,     ,     ,     ,     ,     ,     ,     ,     ,     ,     
216,79,3,190320,     ,     ,     ,     ,     ,     ,     ,     ,     ,     ,     ,     ,     ,     ,     ,     ,     ,     ,     ,     ,     ,     ,     ,     
216,80,4,190321,     ,     ,     ,     ,     ,     ,     ,     ,     ,     ,     ,     ,     ,     ,     ,     ,     ,     ,     ,     ,     ,     ,     ,     
216,81,5,190322,     ,     ,     ,     ,     ,     ,     ,     ,     ,     ,     ,     ,     ,     ,     ,     ,     ,     ,     ,     ,     ,     ,     ,     
216,82,6,190323,     ,     ,     ,     ,     ,     ,     ,     ,     ,     ,     ,     ,     ,     ,     ,     ,     ,     ,     ,     ,     ,     ,     ,     
216,83,7,190324,     ,     ,     ,     ,     ,     ,     ,     ,     ,     ,     ,     ,     ,     ,     ,     ,     ,     ,     ,     ,     ,     ,     ,     
216,84,1,190325,     ,     ,     ,     ,     ,     ,     ,     ,     ,     ,     ,     ,     ,     ,     ,     ,     ,     ,     ,     ,     ,     ,     ,     
216,85,2,190326,     ,     ,     ,     ,     ,     ,     ,     ,     ,     ,     ,     ,     ,     ,     ,     ,     ,     ,     ,     ,     ,     ,     ,     
216,86,3,190327,     ,     ,     ,     ,     ,     ,     ,     ,     ,     ,     ,     ,     ,     ,     ,     ,     ,     ,     ,     ,     ,     ,     ,     
216,87,4,190328,     ,     ,     ,     ,     ,     ,     ,     ,     ,     ,     ,     ,     ,     ,     ,     ,     ,     ,     ,     ,     ,     ,     ,     
216,88,5,190329,     ,     ,     ,     ,     ,     ,     ,     ,     ,     ,     ,     ,     ,     ,     ,     ,     ,     ,     ,     ,     ,     ,     ,     
216,89,6,190330,     ,     ,     ,     ,     ,     ,     ,     ,     ,     ,     ,     ,     ,     ,     ,     ,     ,     ,     ,     ,     ,     ,     ,     
216,90,7,190331,     ,     ,     ,     ,     ,     ,     ,     ,     ,     ,     ,     ,     ,     ,     ,     ,     ,     ,     ,     ,     ,     ,     ,     
216,91,1,190401,100,52,49,73,165,799,2030,2323,1561,1173,1117,1119,999,1202,1152,1324,1431,1824,1404,884,505,354,224,137
216,92,2,190402,79,61,66,82,157,710,1897,2298,1484,976,883,970,914,1172,1215,1247,1413,1726,1346,798,459,324,318,124
216,93,3,190403,73,49,44,77,148,702,1877,2200,1478,1060,1009,1045,1093,1226,1222,1286,1543,1726,1395,873,503,369,253,161
216,94,4,190404,107,54,71,96,155,696,1867,2098,1440,1018,954,922,940,1102,1130,1022,1269,1438,1199,704,497,367,312,226
216,95,5,190405,254,126,64,87,139,625,1734,1933,1391,995,1051,982,1055,1327,1378,1565,1777,1874,1585,1039,613,488,363,254
216,96,6,190406,154,97,41,63,98,206,425,860,1010,1197,1374,1359,1333,1491,1657,1613,1717,1653,1367,843,687,490,499,354
216,97,7,190407,244,114,98,84,96,87,148,222,416,700,1077,1398,1530,1769,1927,2193,2432,2252,1762,1275,1072,727,357,195
216,98,1,190408,90,55,29,64,132,760,2044,2187,1490,1205,1152,1141,1126,1332,1238,1336,1542,1715,1352,799,529,338,260,116
216,99,2,190409,70,44,30,52,126,728,1917,2232,1428,1136,1033,993,1032,1175,1125,1172,1439,1741,1398,844,516,330,274,124
216,100,3,190410,71,38,41,67,174,691,1893,2129,1423,1144,1084,1108,1108,1248,1239,1391,1499,1726,1403,735,469,347,245,153
216,101,4,190411,68,44,42,63,142,658,1884,2070,1435,1087,1022,997,1008,1271,1233,1282,1518,1758,1287,804,522,338,293,179
216,102,5,190412,96,56,39,62,143,652,1779,1973,1292,1106,1149,1095,1165,1393,1456,1510,1758,1814,1460,1067,631,476,391,272
216,103,6,190413,159,83,64,59,112,211,506,849,1038,1249,1457,1505,1410,1540,1552,1538,1546,1544,1314,822,627,540,411,339
216,104,7,190414,204,145,89,74,79,83,154,208,371,608,924,1171,1241,1474,1523,1716,1691,1723,1340,1071,813,588,364,183
216,105,1,190415,73,45,29,67,168,786,2044,2125,1532,1231,1151,1093,1004,1188,1190,1228,1293,1732,1341,845,506,373,231,115
216,106,2,190416,57,40,36,63,136,692,1917,2133,1451,1137,1104,1020,1039,1248,1193,1309,1507,1837,1404,798,490,360,222,144
216,107,3,190417,56,34,41,65,140,671,1824,2078,1456,1154,1153,1185,1152,1286,1340,1374,1648,1755,1477,929,556,395,291,152
216,108,4,190418,90,46,36,76,153,650,1733,1854,1302,1198,1092,1181,1215,1339,1507,1519,1713,1791,1476,878,617,479,377,262
216,109,7,190419,132,73,63,86,97,122,230,318,493,887,1223,1285,1169,1120,1229,1310,1446,1460,1233,878,679,549,377,166
216,110,6,190420,123,59,43,57,102,162,297,504,777,1099,1430,1332,1236,1325,1392,1436,1564,1570,1353,1045,779,696,400,266
216,111,7,190421,153,85,54,44,82,84,129,167,414,933,1327,1413,1268,1448,1431,1822,1972,2102,1957,1811,1635,1250,880,508
216,112,7,190422,227,142,64,58,76,83,174,205,433,920,1485,1863,2254,2362,2511,2623,2686,2258,2015,1757,1495,1244,807,563
216,113,2,190423,396,202,158,120,191,789,2018,2216,1539,1277,1313,1327,1293,1559,1645,1620,1955,2084,1566,1075,671,464,338,178
216,114,3,190424,90,41,49,61,145,745,1898,1965,1347,1184,1059,1101,1255,1632,1698,1733,1770,1855,1430,909,544,405,307,127
216,115,4,190425,81,60,36,76,147,669,1952,2084,1476,1185,1067,1106,1138,1394,1412,1427,1627,1824,1554,949,572,444,286,144
216,116,5,190426,77,46,38,84,138,621,1736,1886,1370,1122,1074,1129,1246,1451,1542,1672,1795,1711,1571,1195,717,437,408,260
216,117,6,190427,181,93,64,73,107,217,462,734,959,1116,1311,1381,1350,1472,1559,1509,1522,1420,1259,866,654,521,433,340
216,118,7,190428,248,131,81,60,108,99,175,273,547,680,818,970,1086,1259,1389,1503,1589,1642,1360,1133,955,701,413,227
216,119,1,190429,80,45,42,79,151,794,2030,2137,1424,1053,1022,990,969,1107,1123,1126,1294,1570,1184,724,415,337,246,128
216,120,2,190430,76,40,32,69,133,685,1895,1995,1413,1031,947,1024,903,1132,1148,1159,1393,1635,1453,799,476,355,220,146
216,121,3,190501,     ,     ,     ,     ,     ,     ,     ,     ,     ,     ,     ,     ,     ,     ,     ,     ,     ,     ,     ,     ,     ,     ,     ,     
216,122,4,190502,     ,     ,     ,     ,     ,     ,     ,     ,     ,     ,     ,     ,     ,     ,     ,     ,     ,     ,     ,     ,     ,     ,     ,     
216,123,5,190503,     ,     ,     ,     ,     ,     ,     ,     ,     ,     ,     ,     ,     ,     ,     ,     ,     ,     ,     ,     ,     ,     ,     ,     
216,124,6,190504,     ,     ,     ,     ,     ,     ,     ,     ,     ,     ,     ,     ,     ,     ,     ,     ,     ,     ,     ,     ,     ,     ,     ,     
216,125,7,190505,     ,     ,     ,     ,     ,     ,     ,     ,     ,     ,     ,     ,     ,     ,     ,     ,     ,     ,     ,     ,     ,     ,     ,     
216,126,1,190506,     ,     ,     ,     ,     ,     ,     ,     ,     ,     ,     ,     ,     ,     ,     ,     ,     ,     ,     ,     ,     ,     ,     ,     
216,127,2,190507,     ,     ,     ,     ,     ,     ,     ,     ,     ,     ,     ,     ,     ,     ,     ,     ,     ,     ,     ,     ,     ,     ,     ,     
216,128,3,190508,     ,     ,     ,     ,     ,     ,     ,     ,     ,     ,     ,     ,     ,     ,     ,     ,     ,     ,     ,     ,     ,     ,     ,     
216,129,4,190509,     ,     ,     ,     ,     ,     ,     ,     ,     ,     ,     ,     ,     ,     ,     ,     ,     ,     ,     ,     ,     ,     ,     ,     
216,130,5,190510,     ,     ,     ,     ,     ,     ,     ,     ,     ,     ,     ,     ,     ,     ,     ,     ,     ,     ,     ,     ,     ,     ,     ,     
216,131,6,190511,     ,     ,     ,     ,     ,     ,     ,     ,     ,     ,     ,     ,     ,     ,     ,     ,     ,     ,     ,     ,     ,     ,     ,     
216,132,7,190512,     ,     ,     ,     ,     ,     ,     ,     ,     ,     ,     ,     ,     ,     ,     ,     ,     ,     ,     ,     ,     ,     ,     ,     
216,133,1,190513,     ,     ,     ,     ,     ,     ,     ,     ,     ,     ,     ,     ,     ,     ,     ,     ,     ,     ,     ,     ,     ,     ,     ,     
216,134,2,190514,     ,     ,     ,     ,     ,     ,     ,     ,     ,     ,     ,     ,     ,     ,     ,     ,     ,     ,     ,     ,     ,     ,     ,     
216,135,3,190515,     ,     ,     ,     ,     ,     ,     ,     ,     ,     ,     ,     ,     ,     ,     ,     ,     ,     ,     ,     ,     ,     ,     ,     
216,136,4,190516,     ,     ,     ,     ,     ,     ,     ,     ,     ,     ,     ,     ,     ,     ,     ,     ,     ,     ,     ,     ,     ,     ,     ,     
216,137,5,190517,     ,     ,     ,     ,     ,     ,     ,     ,     ,     ,     ,     ,     ,     ,     ,     ,     ,     ,     ,     ,     ,     ,     ,     
216,138,6,190518,     ,     ,     ,     ,     ,     ,     ,     ,     ,     ,     ,     ,     ,     ,     ,     ,     ,     ,     ,     ,     ,     ,     ,     
216,139,7,190519,     ,     ,     ,     ,     ,     ,     ,     ,     ,     ,     ,     ,     ,     ,     ,     ,     ,     ,     ,     ,     ,     ,     ,     
216,140,1,190520,     ,     ,     ,     ,     ,     ,     ,     ,     ,     ,     ,     ,     ,     ,     ,     ,     ,     ,     ,     ,     ,     ,     ,     
216,141,2,190521,     ,     ,     ,     ,     ,     ,     ,     ,     ,     ,     ,     ,     ,     ,     ,     ,     ,     ,     ,     ,     ,     ,     ,     
216,142,3,190522,     ,     ,     ,     ,     ,     ,     ,     ,     ,     ,     ,     ,     ,     ,     ,     ,     ,     ,     ,     ,     ,     ,     ,     
216,143,4,190523,     ,     ,     ,     ,     ,     ,     ,     ,     ,     ,     ,     ,     ,     ,     ,     ,     ,     ,     ,     ,     ,     ,     ,     
216,144,5,190524,     ,     ,     ,     ,     ,     ,     ,     ,     ,     ,     ,     ,     ,     ,     ,     ,     ,     ,     ,     ,     ,     ,     ,     
216,145,6,190525,     ,     ,     ,     ,     ,     ,     ,     ,     ,     ,     ,     ,     ,     ,     ,     ,     ,     ,     ,     ,     ,     ,     ,     
216,146,7,190526,     ,     ,     ,     ,     ,     ,     ,     ,     ,     ,     ,     ,     ,     ,     ,     ,     ,     ,     ,     ,     ,     ,     ,     
216,147,1,190527,     ,     ,     ,     ,     ,     ,     ,     ,     ,     ,     ,     ,     ,     ,     ,     ,     ,     ,     ,     ,     ,     ,     ,     
216,148,2,190528,     ,     ,     ,     ,     ,     ,     ,     ,     ,     ,     ,     ,     ,     ,     ,     ,     ,     ,     ,     ,     ,     ,     ,     
216,149,3,190529,     ,     ,     ,     ,     ,     ,     ,     ,     ,     ,     ,     ,     ,     ,     ,     ,     ,     ,     ,     ,     ,     ,     ,     
216,150,7,190530,     ,     ,     ,     ,     ,     ,     ,     ,     ,     ,     ,     ,     ,     ,     ,     ,     ,     ,     ,     ,     ,     ,     ,     
216,151,5,190531,     ,     ,     ,     ,     ,     ,     ,     ,     ,     ,     ,     ,     ,     ,     ,     ,     ,     ,     ,     ,     ,     ,     ,     
216,152,6,190601,     ,     ,     ,     ,     ,     ,     ,     ,     ,     ,     ,     ,     ,     ,     ,     ,     ,     ,     ,     ,     ,     ,     ,     
216,153,7,190602,     ,     ,     ,     ,     ,     ,     ,     ,     ,     ,     ,     ,     ,     ,     ,     ,     ,     ,     ,     ,     ,     ,     ,     
216,154,1,190603,     ,     ,     ,     ,     ,     ,     ,     ,     ,     ,     ,     ,     ,     ,     ,     ,     ,     ,     ,     ,     ,     ,     ,     
216,155,2,190604,     ,     ,     ,     ,     ,     ,     ,     ,     ,     ,     ,     ,     ,     ,     ,     ,     ,     ,     ,     ,     ,     ,     ,     
216,156,3,190605,     ,     ,     ,     ,     ,     ,     ,     ,     ,     ,     ,     ,     ,     ,     ,     ,     ,     ,     ,     ,     ,     ,     ,     
216,157,4,190606,     ,     ,     ,     ,     ,     ,     ,     ,     ,     ,     ,     ,     ,     ,     ,     ,     ,     ,     ,     ,     ,     ,     ,     
216,158,5,190607,     ,     ,     ,     ,     ,     ,     ,     ,     ,     ,     ,     ,     ,     ,     ,     ,     ,     ,     ,     ,     ,     ,     ,     
216,159,6,190608,     ,     ,     ,     ,     ,     ,     ,     ,     ,     ,     ,     ,     ,     ,     ,     ,     ,     ,     ,     ,     ,     ,     ,     
216,160,7,190609,     ,     ,     ,     ,     ,     ,     ,     ,     ,     ,     ,     ,     ,     ,     ,     ,     ,     ,     ,     ,     ,     ,     ,     
216,161,7,190610,     ,     ,     ,     ,     ,     ,     ,     ,     ,     ,     ,     ,     ,     ,     ,     ,     ,     ,     ,     ,     ,     ,     ,     
216,162,2,190611,     ,     ,     ,     ,     ,     ,     ,     ,     ,     ,     ,     ,     ,     ,     ,     ,     ,     ,     ,     ,     ,     ,     ,     
216,163,3,190612,     ,     ,     ,     ,     ,     ,     ,     ,     ,     ,     ,     ,     ,     ,     ,     ,     ,     ,     ,     ,     ,     ,     ,     
216,164,4,190613,     ,     ,     ,     ,     ,     ,     ,     ,     ,     ,     ,     ,     ,     ,     ,     ,     ,     ,     ,     ,     ,     ,     ,     
216,165,5,190614,     ,     ,     ,     ,     ,     ,     ,     ,     ,     ,     ,     ,     ,     ,     ,     ,     ,     ,     ,     ,     ,     ,     ,     
216,166,6,190615,     ,     ,     ,     ,     ,     ,     ,     ,     ,     ,     ,     ,     ,     ,     ,     ,     ,     ,     ,     ,     ,     ,     ,     
216,167,7,190616,     ,     ,     ,     ,     ,     ,     ,     ,     ,     ,     ,     ,     ,     ,     ,     ,     ,     ,     ,     ,     ,     ,     ,     
216,168,1,190617,     ,     ,     ,     ,     ,     ,     ,     ,     ,     ,     ,     ,     ,     ,     ,     ,     ,     ,     ,     ,     ,     ,     ,     
216,169,2,190618,     ,     ,     ,     ,     ,     ,     ,     ,     ,     ,     ,     ,     ,     ,     ,     ,     ,     ,     ,     ,     ,     ,     ,     
216,170,3,190619,     ,     ,     ,     ,     ,     ,     ,     ,     ,     ,     ,     ,     ,     ,     ,     ,     ,     ,     ,     ,     ,     ,     ,     
216,171,4,190620,     ,     ,     ,     ,     ,     ,     ,     ,     ,     ,     ,     ,     ,     ,     ,     ,     ,     ,     ,     ,     ,     ,     ,     
216,172,5,190621,     ,     ,     ,     ,     ,     ,     ,     ,     ,     ,     ,     ,     ,     ,     ,     ,     ,     ,     ,     ,     ,     ,     ,     
216,173,6,190622,     ,     ,     ,     ,     ,     ,     ,     ,     ,     ,     ,     ,     ,     ,     ,     ,     ,     ,     ,     ,     ,     ,     ,     
216,174,7,190623,     ,     ,     ,     ,     ,     ,     ,     ,     ,     ,     ,     ,     ,     ,     ,     ,     ,     ,     ,     ,     ,     ,     ,     
216,175,1,190624,     ,     ,     ,     ,     ,     ,     ,     ,     ,     ,     ,     ,     ,     ,     ,     ,     ,     ,     ,     ,     ,     ,     ,     
216,176,2,190625,     ,     ,     ,     ,     ,     ,     ,     ,     ,     ,     ,     ,     ,     ,     ,     ,     ,     ,     ,     ,     ,     ,     ,     
216,177,3,190626,     ,     ,     ,     ,     ,     ,     ,     ,     ,     ,     ,     ,     ,     ,     ,     ,     ,     ,     ,     ,     ,     ,     ,     
216,178,4,190627,     ,     ,     ,     ,     ,     ,     ,     ,     ,     ,     ,     ,     ,     ,     ,     ,     ,     ,     ,     ,     ,     ,     ,     
216,179,5,190628,     ,     ,     ,     ,     ,     ,     ,     ,     ,     ,     ,     ,     ,     ,     ,     ,     ,     ,     ,     ,     ,     ,     ,     
216,180,6,190629,     ,     ,     ,     ,     ,     ,     ,     ,     ,     ,     ,     ,     ,     ,     ,     ,     ,     ,     ,     ,     ,     ,     ,     
216,181,7,190630,     ,     ,     ,     ,     ,     ,     ,     ,     ,     ,     ,     ,     ,     ,     ,     ,     ,     ,     ,     ,     ,     ,     ,     
216,182,1,190701,     ,     ,     ,     ,     ,     ,     ,     ,     ,     ,     ,     ,     ,     ,     ,     ,     ,     ,     ,     ,     ,     ,     ,     
216,183,2,190702,     ,     ,     ,     ,     ,     ,     ,     ,     ,     ,     ,     ,     ,     ,     ,     ,     ,     ,     ,     ,     ,     ,     ,     
216,184,3,190703,     ,     ,     ,     ,     ,     ,     ,     ,     ,     ,     ,     ,     ,     ,     ,     ,     ,     ,     ,     ,     ,     ,     ,     
216,185,4,190704,     ,     ,     ,     ,     ,     ,     ,     ,     ,     ,     ,     ,     ,     ,     ,     ,     ,     ,     ,     ,     ,     ,     ,     
216,186,5,190705,     ,     ,     ,     ,     ,     ,     ,     ,     ,     ,     ,     ,     ,     ,     ,     ,     ,     ,     ,     ,     ,     ,     ,     
216,187,6,190706,     ,     ,     ,     ,     ,     ,     ,     ,     ,     ,     ,     ,     ,     ,     ,     ,     ,     ,     ,     ,     ,     ,     ,     
216,188,7,190707,     ,     ,     ,     ,     ,     ,     ,     ,     ,     ,     ,     ,     ,     ,     ,     ,     ,     ,     ,     ,     ,     ,     ,     
216,189,1,190708,     ,     ,     ,     ,     ,     ,     ,     ,     ,     ,     ,     ,     ,     ,     ,     ,     ,     ,     ,     ,     ,     ,     ,     
216,190,2,190709,     ,     ,     ,     ,     ,     ,     ,     ,     ,     ,     ,     ,     ,     ,     ,     ,     ,     ,     ,     ,     ,     ,     ,     
216,191,3,190710,     ,     ,     ,     ,     ,     ,     ,     ,     ,     ,     ,     ,     ,     ,     ,     ,     ,     ,     ,     ,     ,     ,     ,     
216,192,4,190711,     ,     ,     ,     ,     ,     ,     ,     ,     ,     ,     ,     ,     ,     ,     ,     ,     ,     ,     ,     ,     ,     ,     ,     
216,193,5,190712,     ,     ,     ,     ,     ,     ,     ,     ,     ,     ,     ,     ,     ,     ,     ,     ,     ,     ,     ,     ,     ,     ,     ,     
216,194,6,190713,     ,     ,     ,     ,     ,     ,     ,     ,     ,     ,     ,     ,     ,     ,     ,     ,     ,     ,     ,     ,     ,     ,     ,     
216,195,7,190714,     ,     ,     ,     ,     ,     ,     ,     ,     ,     ,     ,     ,     ,     ,     ,     ,     ,     ,     ,     ,     ,     ,     ,     
216,196,1,190715,     ,     ,     ,     ,     ,     ,     ,     ,     ,     ,     ,     ,     ,     ,     ,     ,     ,     ,     ,     ,     ,     ,     ,     
216,197,2,190716,     ,     ,     ,     ,     ,     ,     ,     ,     ,     ,     ,     ,     ,     ,     ,     ,     ,     ,     ,     ,     ,     ,     ,     
216,198,3,190717,     ,     ,     ,     ,     ,     ,     ,     ,     ,     ,     ,     ,     ,     ,     ,     ,     ,     ,     ,     ,     ,     ,     ,     
216,199,4,190718,     ,     ,     ,     ,     ,     ,     ,     ,     ,     ,     ,     ,     ,     ,     ,     ,     ,     ,     ,     ,     ,     ,     ,     
216,200,5,190719,     ,     ,     ,     ,     ,     ,     ,     ,     ,     ,     ,     ,     ,     ,     ,     ,     ,     ,     ,     ,     ,     ,     ,     
216,201,6,190720,     ,     ,     ,     ,     ,     ,     ,     ,     ,     ,     ,     ,     ,     ,     ,     ,     ,     ,     ,     ,     ,     ,     ,     
216,202,7,190721,     ,     ,     ,     ,     ,     ,     ,     ,     ,     ,     ,     ,     ,     ,     ,     ,     ,     ,     ,     ,     ,     ,     ,     
216,203,1,190722,     ,     ,     ,     ,     ,     ,     ,     ,     ,     ,     ,     ,     ,     ,     ,     ,     ,     ,     ,     ,     ,     ,     ,     
216,204,2,190723,     ,     ,     ,     ,     ,     ,     ,     ,     ,     ,     ,     ,     ,     ,     ,     ,     ,     ,     ,     ,     ,     ,     ,     
216,205,3,190724,     ,     ,     ,     ,     ,     ,     ,     ,     ,     ,     ,     ,     ,     ,     ,     ,     ,     ,     ,     ,     ,     ,     ,     
216,206,4,190725,     ,     ,     ,     ,     ,     ,     ,     ,     ,     ,     ,     ,     ,     ,     ,     ,     ,     ,     ,     ,     ,     ,     ,     
216,207,5,190726,     ,     ,     ,     ,     ,     ,     ,     ,     ,     ,     ,     ,     ,     ,     ,     ,     ,     ,     ,     ,     ,     ,     ,     
216,208,6,190727,     ,     ,     ,     ,     ,     ,     ,     ,     ,     ,     ,     ,     ,     ,     ,     ,     ,     ,     ,     ,     ,     ,     ,     
216,209,7,190728,     ,     ,     ,     ,     ,     ,     ,     ,     ,     ,     ,     ,     ,     ,     ,     ,     ,     ,     ,     ,     ,     ,     ,     
216,210,1,190729,     ,     ,     ,     ,     ,     ,     ,     ,     ,     ,     ,     ,     ,     ,     ,     ,     ,     ,     ,     ,     ,     ,     ,     
216,211,2,190730,     ,     ,     ,     ,     ,     ,     ,     ,     ,     ,     ,     ,     ,     ,     ,     ,     ,     ,     ,     ,     ,     ,     ,     
216,212,3,190731,     ,     ,     ,     ,     ,     ,     ,     ,     ,     ,     ,     ,     ,     ,     ,     ,     ,     ,     ,     ,     ,     ,     ,     
216,213,7,190801,     ,     ,     ,     ,     ,     ,     ,     ,     ,     ,     ,     ,     ,     ,     ,     ,     ,     ,     ,     ,     ,     ,     ,     
216,214,5,190802,     ,     ,     ,     ,     ,     ,     ,     ,     ,     ,     ,     ,     ,     ,     ,     ,     ,     ,     ,     ,     ,     ,     ,     
216,215,6,190803,     ,     ,     ,     ,     ,     ,     ,     ,     ,     ,     ,     ,     ,     ,     ,     ,     ,     ,     ,     ,     ,     ,     ,     
216,216,7,190804,     ,     ,     ,     ,     ,     ,     ,     ,     ,     ,     ,     ,     ,     ,     ,     ,     ,     ,     ,     ,     ,     ,     ,     
216,217,1,190805,     ,     ,     ,     ,     ,     ,     ,     ,     ,     ,     ,     ,     ,     ,     ,     ,     ,     ,     ,     ,     ,     ,     ,     
216,218,2,190806,     ,     ,     ,     ,     ,     ,     ,     ,     ,     ,     ,     ,     ,     ,     ,     ,     ,     ,     ,     ,     ,     ,     ,     
216,219,3,190807,     ,     ,     ,     ,     ,     ,     ,     ,     ,     ,     ,     ,     ,     ,     ,     ,     ,     ,     ,     ,     ,     ,     ,     
216,220,4,190808,     ,     ,     ,     ,     ,     ,     ,     ,     ,     ,     ,     ,     ,     ,     ,     ,     ,     ,     ,     ,     ,     ,     ,     
216,221,5,190809,     ,     ,     ,     ,     ,     ,     ,     ,     ,     ,     ,     ,     ,     ,     ,     ,     ,     ,     ,     ,     ,     ,     ,     
216,222,6,190810,     ,     ,     ,     ,     ,     ,     ,     ,     ,     ,     ,     ,     ,     ,     ,     ,     ,     ,     ,     ,     ,     ,     ,     
216,223,7,190811,     ,     ,     ,     ,     ,     ,     ,     ,     ,     ,     ,     ,     ,     ,     ,     ,     ,     ,     ,     ,     ,     ,     ,     
216,224,1,190812,     ,     ,     ,     ,     ,     ,     ,     ,     ,     ,     ,     ,     ,     ,     ,     ,     ,     ,     ,     ,     ,     ,     ,     
216,225,2,190813,     ,     ,     ,     ,     ,     ,     ,     ,     ,     ,     ,     ,     ,     ,     ,     ,     ,     ,     ,     ,     ,     ,     ,     
216,226,3,190814,     ,     ,     ,     ,     ,     ,     ,     ,     ,     ,     ,     ,     ,     ,     ,     ,     ,     ,     ,     ,     ,     ,     ,     
216,227,4,190815,     ,     ,     ,     ,     ,     ,     ,     ,     ,     ,     ,     ,     ,     ,     ,     ,     ,     ,     ,     ,     ,     ,     ,     
216,228,5,190816,     ,     ,     ,     ,     ,     ,     ,     ,     ,     ,     ,     ,     ,     ,     ,     ,     ,     ,     ,     ,     ,     ,     ,     
216,229,6,190817,     ,     ,     ,     ,     ,     ,     ,     ,     ,     ,     ,     ,     ,     ,     ,     ,     ,     ,     ,     ,     ,     ,     ,     
216,230,7,190818,     ,     ,     ,     ,     ,     ,     ,     ,     ,     ,     ,     ,     ,     ,     ,     ,     ,     ,     ,     ,     ,     ,     ,     
216,231,1,190819,     ,     ,     ,     ,     ,     ,     ,     ,     ,     ,     ,     ,     ,     ,     ,     ,     ,     ,     ,     ,     ,     ,     ,     
216,232,2,190820,     ,     ,     ,     ,     ,     ,     ,     ,     ,     ,     ,     ,     ,     ,     ,     ,     ,     ,     ,     ,     ,     ,     ,     
216,233,3,190821,     ,     ,     ,     ,     ,     ,     ,     ,     ,     ,     ,     ,     ,     ,     ,     ,     ,     ,     ,     ,     ,     ,     ,     
216,234,4,190822,     ,     ,     ,     ,     ,     ,     ,     ,     ,     ,     ,     ,     ,     ,     ,     ,     ,     ,     ,     ,     ,     ,     ,     
216,235,5,190823,     ,     ,     ,     ,     ,     ,     ,     ,     ,     ,     ,     ,     ,     ,     ,     ,     ,     ,     ,     ,     ,     ,     ,     
216,236,6,190824,     ,     ,     ,     ,     ,     ,     ,     ,     ,     ,     ,     ,     ,     ,     ,     ,     ,     ,     ,     ,     ,     ,     ,     
216,237,7,190825,     ,     ,     ,     ,     ,     ,     ,     ,     ,     ,     ,     ,     ,     ,     ,     ,     ,     ,     ,     ,     ,     ,     ,     
216,238,1,190826,     ,     ,     ,     ,     ,     ,     ,     ,     ,     ,     ,     ,     ,     ,     ,     ,     ,     ,     ,     ,     ,     ,     ,     
216,239,2,190827,     ,     ,     ,     ,     ,     ,     ,     ,     ,     ,     ,     ,     ,     ,     ,     ,     ,     ,     ,     ,     ,     ,     ,     
216,240,3,190828,     ,     ,     ,     ,     ,     ,     ,     ,     ,     ,     ,     ,     ,     ,     ,     ,     ,     ,     ,     ,     ,     ,     ,     
216,241,4,190829,     ,     ,     ,     ,     ,     ,     ,     ,     ,     ,     ,     ,     ,     ,     ,     ,     ,     ,     ,     ,     ,     ,     ,     
216,242,5,190830,     ,     ,     ,     ,     ,     ,     ,     ,     ,     ,     ,     ,     ,     ,     ,     ,     ,     ,     ,     ,     ,     ,     ,     
216,243,6,190831,     ,     ,     ,     ,     ,     ,     ,     ,     ,     ,     ,     ,     ,     ,     ,     ,     ,     ,     ,     ,     ,     ,     ,     
216,244,7,190901,     ,     ,     ,     ,     ,     ,     ,     ,     ,     ,     ,     ,     ,     ,     ,     ,     ,     ,     ,     ,     ,     ,     ,     
216,245,1,190902,     ,     ,     ,     ,     ,     ,     ,     ,     ,     ,     ,     ,     ,     ,     ,     ,     ,     ,     ,     ,     ,     ,     ,     
216,246,2,190903,     ,     ,     ,     ,     ,     ,     ,     ,     ,     ,     ,     ,     ,     ,     ,     ,     ,     ,     ,     ,     ,     ,     ,     
216,247,3,190904,     ,     ,     ,     ,     ,     ,     ,     ,     ,     ,     ,     ,     ,     ,     ,     ,     ,     ,     ,     ,     ,     ,     ,     
216,248,4,190905,     ,     ,     ,     ,     ,     ,     ,     ,     ,     ,     ,     ,     ,     ,     ,     ,     ,     ,     ,     ,     ,     ,     ,     
216,249,5,190906,     ,     ,     ,     ,     ,     ,     ,     ,     ,     ,     ,     ,     ,     ,     ,     ,     ,     ,     ,     ,     ,     ,     ,     
216,250,6,190907,     ,     ,     ,     ,     ,     ,     ,     ,     ,     ,     ,     ,     ,     ,     ,     ,     ,     ,     ,     ,     ,     ,     ,     
216,251,7,190908,     ,     ,     ,     ,     ,     ,     ,     ,     ,     ,     ,     ,     ,     ,     ,     ,     ,     ,     ,     ,     ,     ,     ,     
216,252,1,190909,     ,     ,     ,     ,     ,     ,     ,     ,     ,     ,     ,     ,     ,     ,     ,     ,     ,     ,     ,     ,     ,     ,     ,     
216,253,2,190910,     ,     ,     ,     ,     ,     ,     ,     ,     ,     ,     ,     ,     ,     ,     ,     ,     ,     ,     ,     ,     ,     ,     ,     
216,254,3,190911,     ,     ,     ,     ,     ,     ,     ,     ,     ,     ,     ,     ,     ,     ,     ,     ,     ,     ,     ,     ,     ,     ,     ,     
216,255,4,190912,     ,     ,     ,     ,     ,     ,     ,     ,     ,     ,     ,     ,     ,     ,     ,     ,     ,     ,     ,     ,     ,     ,     ,     
216,256,5,190913,     ,     ,     ,     ,     ,     ,     ,     ,     ,     ,     ,     ,     ,     ,     ,     ,     ,     ,     ,     ,     ,     ,     ,     
216,257,6,190914,     ,     ,     ,     ,     ,     ,     ,     ,     ,     ,     ,     ,     ,     ,     ,     ,     ,     ,     ,     ,     ,     ,     ,     
216,258,7,190915,     ,     ,     ,     ,     ,     ,     ,     ,     ,     ,     ,     ,     ,     ,     ,     ,     ,     ,     ,     ,     ,     ,     ,     
216,259,1,190916,     ,     ,     ,     ,     ,     ,     ,     ,     ,     ,     ,     ,     ,     ,     ,     ,     ,     ,     ,     ,     ,     ,     ,     
216,260,2,190917,     ,     ,     ,     ,     ,     ,     ,     ,     ,     ,     ,     ,     ,     ,     ,     ,     ,     ,     ,     ,     ,     ,     ,     
216,261,3,190918,     ,     ,     ,     ,     ,     ,     ,     ,     ,     ,     ,     ,     ,     ,     ,     ,     ,     ,     ,     ,     ,     ,     ,     
216,262,4,190919,     ,     ,     ,     ,     ,     ,     ,     ,     ,     ,     ,     ,     ,     ,     ,     ,     ,     ,     ,     ,     ,     ,     ,     
216,263,5,190920,     ,     ,     ,     ,     ,     ,     ,     ,     ,     ,     ,     ,     ,     ,     ,     ,     ,     ,     ,     ,     ,     ,     ,     
216,264,6,190921,     ,     ,     ,     ,     ,     ,     ,     ,     ,     ,     ,     ,     ,     ,     ,     ,     ,     ,     ,     ,     ,     ,     ,     
216,265,7,190922,     ,     ,     ,     ,     ,     ,     ,     ,     ,     ,     ,     ,     ,     ,     ,     ,     ,     ,     ,     ,     ,     ,     ,     
216,266,1,190923,     ,     ,     ,     ,     ,     ,     ,     ,     ,     ,     ,     ,     ,     ,     ,     ,     ,     ,     ,     ,     ,     ,     ,     
216,267,2,190924,     ,     ,     ,     ,     ,     ,     ,     ,     ,     ,     ,     ,     ,     ,     ,     ,     ,     ,     ,     ,     ,     ,     ,     
216,268,3,190925,     ,     ,     ,     ,     ,     ,     ,     ,     ,     ,     ,     ,     ,     ,     ,     ,     ,     ,     ,     ,     ,     ,     ,     
216,269,4,190926,     ,     ,     ,     ,     ,     ,     ,     ,     ,     ,     ,     ,     ,     ,     ,     ,     ,     ,     ,     ,     ,     ,     ,     
216,270,5,190927,     ,     ,     ,     ,     ,     ,     ,     ,     ,     ,     ,     ,     ,     ,     ,     ,     ,     ,     ,     ,     ,     ,     ,     
216,271,6,190928,     ,     ,     ,     ,     ,     ,     ,     ,     ,     ,     ,     ,     ,     ,     ,     ,     ,     ,     ,     ,     ,     ,     ,     
216,272,7,190929,     ,     ,     ,     ,     ,     ,     ,     ,     ,     ,     ,     ,     ,     ,     ,     ,     ,     ,     ,     ,     ,     ,     ,     
216,273,1,190930,     ,     ,     ,     ,     ,     ,     ,     ,     ,     ,     ,     ,     ,     ,     ,     ,     ,     ,     ,     ,     ,     ,     ,     
216,274,2,191001,     ,     ,     ,     ,     ,     ,     ,     ,     ,     ,     ,     ,     ,     ,     ,     ,     ,     ,     ,     ,     ,     ,     ,     
216,275,3,191002,     ,     ,     ,     ,     ,     ,     ,     ,     ,     ,     ,     ,     ,     ,     ,     ,     ,     ,     ,     ,     ,     ,     ,     
216,276,4,191003,     ,     ,     ,     ,     ,     ,     ,     ,     ,     ,     ,     ,     ,     ,     ,     ,     ,     ,     ,     ,     ,     ,     ,     
216,277,5,191004,     ,     ,     ,     ,     ,     ,     ,     ,     ,     ,     ,     ,     ,     ,     ,     ,     ,     ,     ,     ,     ,     ,     ,     
216,278,6,191005,     ,     ,     ,     ,     ,     ,     ,     ,     ,     ,     ,     ,     ,     ,     ,     ,     ,     ,     ,     ,     ,     ,     ,     
216,279,7,191006,     ,     ,     ,     ,     ,     ,     ,     ,     ,     ,     ,     ,     ,     ,     ,     ,     ,     ,     ,     ,     ,     ,     ,     
216,280,1,191007,     ,     ,     ,     ,     ,     ,     ,     ,     ,     ,     ,     ,     ,     ,     ,     ,     ,     ,     ,     ,     ,     ,     ,     
216,281,2,191008,     ,     ,     ,     ,     ,     ,     ,     ,     ,     ,     ,     ,     ,     ,     ,     ,     ,     ,     ,     ,     ,     ,     ,     
216,282,3,191009,     ,     ,     ,     ,     ,     ,     ,     ,     ,     ,     ,     ,     ,     ,     ,     ,     ,     ,     ,     ,     ,     ,     ,     
216,283,4,191010,     ,     ,     ,     ,     ,     ,     ,     ,     ,     ,     ,     ,     ,     ,     ,     ,     ,     ,     ,     ,     ,     ,     ,     
216,284,5,191011,     ,     ,     ,     ,     ,     ,     ,     ,     ,     ,     ,     ,     ,     ,     ,     ,     ,     ,     ,     ,     ,     ,     ,     
216,285,6,191012,     ,     ,     ,     ,     ,     ,     ,     ,     ,     ,     ,     ,     ,     ,     ,     ,     ,     ,     ,     ,     ,     ,     ,     
216,286,7,191013,     ,     ,     ,     ,     ,     ,     ,     ,     ,     ,     ,     ,     ,     ,     ,     ,     ,     ,     ,     ,     ,     ,     ,     
216,287,1,191014,     ,     ,     ,     ,     ,     ,     ,     ,     ,     ,     ,     ,     ,     ,     ,     ,     ,     ,     ,     ,     ,     ,     ,     
216,288,2,191015,     ,     ,     ,     ,     ,     ,     ,     ,     ,     ,     ,     ,     ,     ,     ,     ,     ,     ,     ,     ,     ,     ,     ,     
216,289,3,191016,     ,     ,     ,     ,     ,     ,     ,     ,     ,     ,     ,     ,     ,     ,     ,     ,     ,     ,     ,     ,     ,     ,     ,     
216,290,4,191017,     ,     ,     ,     ,     ,     ,     ,     ,     ,     ,     ,     ,     ,     ,     ,     ,     ,     ,     ,     ,     ,     ,     ,     
216,291,5,191018,     ,     ,     ,     ,     ,     ,     ,     ,     ,     ,     ,     ,     ,     ,     ,     ,     ,     ,     ,     ,     ,     ,     ,     
216,292,6,191019,     ,     ,     ,     ,     ,     ,     ,     ,     ,     ,     ,     ,     ,     ,     ,     ,     ,     ,     ,     ,     ,     ,     ,     
216,293,7,191020,     ,     ,     ,     ,     ,     ,     ,     ,     ,     ,     ,     ,     ,     ,     ,     ,     ,     ,     ,     ,     ,     ,     ,     
216,294,1,191021,     ,     ,     ,     ,     ,     ,     ,     ,     ,     ,     ,     ,     ,     ,     ,     ,     ,     ,     ,     ,     ,     ,     ,     
216,295,2,191022,     ,     ,     ,     ,     ,     ,     ,     ,     ,     ,     ,     ,     ,     ,     ,     ,     ,     ,     ,     ,     ,     ,     ,     
216,296,3,191023,     ,     ,     ,     ,     ,     ,     ,     ,     ,     ,     ,     ,     ,     ,     ,     ,     ,     ,     ,     ,     ,     ,     ,     
216,297,4,191024,     ,     ,     ,     ,     ,     ,     ,     ,     ,     ,     ,     ,     ,     ,     ,     ,     ,     ,     ,     ,     ,     ,     ,     
216,298,5,191025,     ,     ,     ,     ,     ,     ,     ,     ,     ,     ,     ,     ,     ,     ,     ,     ,     ,     ,     ,     ,     ,     ,     ,     
216,299,6,191026,     ,     ,     ,     ,     ,     ,     ,     ,     ,     ,     ,     ,     ,     ,     ,     ,     ,     ,     ,     ,     ,     ,     ,     
216,300,7,191027,     ,     ,     ,     ,     ,     ,     ,     ,     ,     ,     ,     ,     ,     ,     ,     ,     ,     ,     ,     ,     ,     ,     ,     
216,301,1,191028,     ,     ,     ,     ,     ,     ,     ,     ,     ,     ,     ,     ,     ,     ,     ,     ,     ,     ,     ,     ,     ,     ,     ,     
216,302,2,191029,     ,     ,     ,     ,     ,     ,     ,     ,     ,     ,     ,     ,     ,     ,     ,     ,     ,     ,     ,     ,     ,     ,     ,     
216,303,3,191030,     ,     ,     ,     ,     ,     ,     ,     ,     ,     ,     ,     ,     ,     ,     ,     ,     ,     ,     ,     ,     ,     ,     ,     
216,304,4,191031,     ,     ,     ,     ,     ,     ,     ,     ,     ,     ,     ,     ,     ,     ,     ,     ,     ,     ,     ,     ,     ,     ,     ,     
216,305,5,191101,127,97,53,66,147,428,869,888,833,1054,1086,893,1007,1202,983,817,810,1054,796,593,477,324,269,166
216,306,6,191102,123,80,61,64,90,188,261,514,801,937,1033,1003,1174,1101,1557,1227,1374,1307,1059,649,481,485,366,275
216,307,7,191103,169,150,76,89,112,94,126,224,219,470,658,1069,1253,1160,1653,1663,1798,1407,1240,1224,546,597,381,209
216,308,1,191104,97,62,48,62,155,679,1929,2123,946,732,695,838,850,996,1016,1076,1295,1217,1024,608,356,251,234,144
216,309,2,191105,347,39,31,57,140,646,1590,1423,1068,963,569,631,957,983,1112,1076,1095,1357,989,650,336,265,222,129
216,310,3,191106,67,35,17,63,146,708,1976,1590,1211,804,809,777,805,1044,816,729,770,643,1082,651,408,273,249,145
216,311,4,191107,90,45,46,64,144,612,1758,1793,1426,875,802,845,857,1083,1038,1290,1341,1129,968,724,458,317,246,151
216,312,5,191108,75,35,38,72,147,597,1762,1784,1110,694,900,820,860,1053,993,1040,538,799,1126,650,517,433,360,282
216,313,6,191109,152,100,60,56,98,174,349,628,694,765,752,997,889,1298,1313,1204,1450,1225,1086,504,468,421,382,309
216,314,7,191110,354,224,135,124,120,77,107,173,363,653,797,936,1144,1130,1303,1719,1813,1984,1574,1043,873,595,317,165
216,315,1,191111,79,44,34,63,162,682,1519,2006,1318,1038,845,869,945,1094,1119,1280,1311,1419,1174,679,395,321,203,114
216,316,2,191112,56,37,28,53,130,628,1123,1665,1174,728,661,970,911,1084,1093,1188,1298,1179,815,646,371,287,199,122
216,317,3,191113,59,30,27,45,140,531,1283,1548,1299,959,919,953,1006,1050,1064,1238,1319,1596,1078,709,371,257,233,144
216,318,4,191114,73,39,34,60,142,575,1423,1300,1203,1064,965,888,943,911,1069,1013,1337,1297,1164,681,448,360,273,154
216,319,5,191115,91,35,22,71,97,613,1411,1569,1045,820,848,898,988,986,1170,945,1057,1382,1387,770,330,427,391,286
216,320,6,191116,214,105,63,70,105,197,414,593,857,821,942,1105,1071,1098,1322,1018,1548,1295,1034,587,582,461,407,433
216,321,7,191117,309,153,114,81,91,96,115,174,360,400,713,919,864,1052,1144,1297,1534,1120,1029,936,761,426,312,137
216,322,1,191118,79,43,45,45,145,702,1954,1784,1177,938,857,956,934,1002,942,1093,1126,873,950,510,376,267,221,211
216,323,2,191119,70,27,18,62,133,630,1673,1673,1385,937,901,848,747,880,872,893,1063,1335,869,585,394,285,251,179
216,324,3,191120,70,39,25,50,131,596,1632,1781,1362,949,982,861,873,1024,1045,1106,1311,1486,1153,707,426,308,241,148
216,325,4,191121,72,36,27,38,100,529,1536,1708,1138,864,841,862,875,755,1196,1071,1247,1224,863,598,456,304,290,162
216,326,5,191122,89,41,38,55,141,456,1750,1530,1217,738,901,848,628,1242,1454,1391,1226,1787,1048,829,501,365,358,335
216,327,6,191123,172,88,71,58,92,163,369,596,946,1087,1079,1074,1231,854,1092,1263,1339,1398,972,688,469,466,429,339
216,328,7,191124,275,146,67,69,97,76,132,214,356,604,782,803,1112,1238,1271,1616,1466,1939,1441,1274,898,587,373,159
216,329,1,191125,70,47,25,68,173,764,1774,2112,1159,1031,876,875,967,1069,980,1226,1268,1247,1036,599,370,267,203,123
216,330,2,191126,66,46,32,57,112,647,1545,1648,1216,684,681,875,802,1069,1123,1167,1242,1205,786,637,428,294,256,167
216,331,3,191127,70,38,28,61,110,626,1555,1688,929,878,588,828,1034,1235,1004,942,975,1384,999,698,405,272,274,153
216,332,4,191128,72,36,23,45,134,530,1529,1884,721,1089,890,771,849,1094,859,976,1059,1304,599,558,463,315,260,165
216,333,5,191129,81,36,30,53,151,481,1405,1886,1137,853,1094,848,1051,1419,1402,917,1703,765,1456,588,478,390,386,281
216,334,6,191130,240,125,71,67,101,194,351,504,876,1013,1235,1027,1223,1342,1052,1071,1440,1450,1046,538,430,386,402,464
216,335,7,191201,310,163,98,85,126,78,136,174,355,501,708,1369,1449,1283,1774,1663,1603,1924,1438,1121,819,469,307,166
216,336,1,191202,81,51,40,65,165,585,1591,1821,1122,1048,926,882,810,960,938,1125,612,1513,1064,645,419,299,200,114
216,337,2,191203,64,37,30,57,123,642,1791,2176,1369,994,937,885,898,1069,1014,1102,1208,1289,1084,709,350,279,241,178
216,338,3,191204,80,37,37,53,119,599,1810,1299,1346,1013,985,929,988,1162,983,1302,1274,1607,725,721,365,321,271,200
216,339,4,191205,78,37,37,73,130,632,1632,1678,1368,870,893,960,1033,1052,959,1253,1550,1356,1220,724,345,337,316,153
216,340,5,191206,83,52,33,63,119,541,1285,1368,1039,922,1024,762,1017,1296,1331,1218,963,1099,756,427,459,400,316,308
216,341,6,191207,193,124,69,70,111,195,344,553,855,752,1130,1268,1258,1338,1362,1447,1548,1525,1233,713,453,403,415,449
216,342,7,191208,271,172,69,81,92,108,128,146,381,728,909,1204,1394,2031,1480,1869,2252,1538,1393,1472,887,763,392,181
216,343,1,191209,79,40,43,70,159,739,1589,1609,1062,770,1031,1061,923,1101,1186,1309,804,1103,539,679,393,320,236,99
216,344,2,191210,62,41,28,70,120,554,1201,1006,1325,542,836,820,958,937,1153,1172,835,896,1119,697,426,323,269,184
216,345,3,191211,74,34,36,48,109,607,1602,1927,1317,836,965,851,1020,851,1225,1344,1559,1671,925,655,359,352,230,181
216,346,4,191212,86,48,45,69,138,503,1296,1182,1189,808,843,909,1111,1278,1207,1120,1152,1053,758,739,407,380,273,181
216,347,5,191213,83,47,37,67,119,515,1161,886,803,625,880,854,622,864,628,1045,596,995,783,493,447,339,254,320
216,348,6,191214,214,153,87,86,133,150,302,466,787,707,952,961,962,819,1100,1107,1203,1240,939,569,485,370,433,399
216,349,7,191215,250,164,94,87,109,85,123,149,346,654,911,892,920,1094,1785,1583,2320,2110,1429,1368,1098,554,373,185
216,350,1,191216,83,41,32,61,135,613,1548,1841,1020,1005,637,1157,1128,873,1030,847,920,1168,1071,558,373,237,203,108
216,351,2,191217,56,38,20,70,114,636,1705,1661,1146,881,1017,1004,757,1266,1208,956,1078,1051,776,690,453,283,288,179
216,352,3,191218,94,48,29,71,114,593,1359,1592,1187,838,1082,944,977,1066,915,1375,1653,936,1073,773,362,341,242,204
216,353,4,191219,83,51,46,81,121,595,1103,964,1022,1101,812,1010,1133,1199,1354,1271,1150,837,1027,595,501,346,297,205
216,354,5,191220,111,44,42,75,138,462,1239,1349,1304,997,988,830,1095,1211,1408,1343,1354,1238,668,743,520,406,330,276
216,355,6,191221,198,140,79,89,135,186,338,388,564,799,639,639,611,626,943,937,546,660,776,542,325,430,355,300
216,356,7,191222,229,109,70,69,109,86,135,169,338,445,770,639,757,757,1229,1147,1182,603,793,524,570,429,298,193
216,357,1,191223,78,68,40,71,104,324,646,783,779,978,823,537,972,1177,869,1048,1119,973,806,504,416,241,241,227
216,358,2,191224,95,80,53,98,86,198,424,643,508,577,896,995,804,665,818,1145,684,577,355,248,224,381,218,134
216,359,7,191225,190,149,66,42,88,61,95,97,211,536,647,805,746,948,419,1206,1056,561,392,553,619,536,447,406
216,360,7,191226,215,110,59,55,105,80,128,158,225,455,786,1185,1228,481,1126,1046,1303,1872,1187,1091,863,694,377,294
216,361,5,191227,233,94,47,68,106,218,422,673,539,854,1043,734,1043,302,1209,1042,609,1109,952,677,567,402,303,269
216,362,6,191228,196,91,91,66,120,158,197,391,533,517,538,1242,1259,1008,1212,1213,1168,2097,1192,914,701,605,491,347
216,363,7,191229,301,160,130,118,117,81,122,151,280,545,947,1156,1054,1498,1927,1592,1508,1180,1534,1552,1357,732,504,245
216,364,1,191230,90,86,50,68,102,251,426,714,701,776,1124,1039,1096,1169,1458,1660,1618,858,908,1008,773,524,331,218
216,365,2,191231,244,105,64,68,98,195,310,360,424,572,743,776,788,1185,896,959,1595,1297,580,398,266,244,126,138
216,1,7,200101,157,266,213,115,98,68,107,86,144,213,429,717,728,964,983,1725,1743,1614,1325,525,575,455,197,157
216,2,4,200102,78,62,47,52,99,145,351,462,364,654,783,799,1070,1111,871,1388,1573,1857,1840,1706,1910,1068,490,357
216,3,5,200103,178,78,51,113,74,276,485,291,638,897,718,1122,1088,1347,1106,1745,1980,1875,1439,1668,871,581,521,252
216,4,6,200104,145,67,80,54,91,127,213,402,677,822,1218,1192,1198,1195,1891,1257,1255,1442,1084,894,861,421,601,375
216,5,7,200105,249,157,106,74,97,87,132,190,250,481,936,1064,1723,1955,1544,1666,2244,2156,2057,1149,1131,718,408,187
216,6,1,200106,82,66,31,71,136,381,888,1221,842,676,802,896,852,1028,997,1385,1705,1252,1139,611,422,355,194,98
216,7,2,200107,62,41,36,57,114,497,1256,1493,1126,476,754,710,813,961,994,738,1006,253,546,630,336,288,231,142
216,8,3,200108,420,28,26,42,96,518,888,1272,866,561,722,900,715,988,1020,1043,911,1107,785,609,399,292,230,127
216,9,4,200109,57,39,32,60,94,453,1126,1379,1091,812,907,880,856,946,897,1209,1213,1232,990,616,435,267,252,155
216,10,5,200110,88,49,29,51,101,503,1295,1434,1092,898,963,889,998,1121,667,1212,1260,1602,1089,567,445,417,262,246
216,11,6,200111,166,89,72,50,124,152,314,515,616,796,742,1053,789,788,1219,1274,1727,1690,1139,687,544,487,381,407
216,12,7,200112,163,143,87,77,84,74,123,140,286,440,820,899,1105,1164,1273,1734,919,1859,2519,1586,1103,1271,487,237
216,13,1,200113,73,44,33,69,127,673,1429,1588,918,814,982,878,890,1044,1265,1083,1259,1514,1175,720,434,309,225,112
216,14,2,200114,61,54,32,52,99,500,938,1340,1189,804,746,807,780,1106,923,1003,1400,1058,1094,607,404,328,235,119
216,15,3,200115,55,38,32,46,107,456,1315,1328,1067,684,875,944,954,1069,1086,1122,1594,1104,1363,543,370,356,240,164
216,16,4,200116,61,48,22,51,109,417,1544,1558,1098,805,678,736,927,1046,1215,1140,1455,1220,1365,666,334,294,264,162
216,17,5,200117,86,43,32,46,119,631,1834,2040,1242,930,989,983,748,1107,883,1214,974,1556,796,894,607,477,288,177
216,18,6,200118,146,102,60,66,91,173,323,469,753,545,1006,820,1157,906,1208,955,1384,1547,729,602,511,450,427,370
216,19,7,200119,204,142,106,65,97,76,142,200,266,391,694,825,1250,1609,1548,2035,2389,1771,1270,1129,994,774,333,182
216,20,1,200120,75,49,32,68,136,713,1697,1853,880,883,752,908,914,891,1031,475,1261,819,1188,792,514,384,269,167
216,21,2,200121,95,74,45,51,104,655,1649,1629,1188,885,700,780,882,791,893,1067,1185,1491,1112,752,419,341,299,162
216,22,3,200122,96,77,36,70,104,598,1557,1975,1208,774,924,786,843,918,934,872,1018,930,1061,302,378,315,267,165
216,23,4,200123,82,75,37,47,108,557,1447,1360,882,799,841,834,555,1092,1065,1184,796,636,1093,679,507,397,337,233
216,24,5,200124,131,79,57,82,133,505,1085,1854,963,898,575,813,1110,957,1171,1473,1232,1146,609,605,562,437,348,301
216,25,6,200125,188,107,57,60,110,165,377,446,535,235,1009,1236,979,577,907,870,1574,1397,1066,800,540,442,410,355
216,26,7,200126,178,150,106,83,78,88,133,174,306,496,707,709,1227,1526,1243,1651,1894,1840,1437,1596,1964,912,492,239
216,27,1,200127,47,49,38,78,136,554,1102,1312,1250,818,594,964,968,994,1147,1039,1191,1017,1160,761,482,312,257,158
216,28,2,200128,38,40,33,56,101,594,1287,1426,1048,706,772,772,634,835,1105,988,948,1234,1141,654,413,241,227,140
216,29,3,200129,37,45,18,47,91,584,1299,1609,800,654,912,520,802,773,925,794,1114,977,965,483,259,328,203,149
216,30,4,200130,68,41,34,50,93,625,1296,1208,663,632,853,827,731,815,1059,1265,1364,766,956,679,458,326,256,210
216,31,5,200131,90,41,18,45,90,528,1007,1370,542,779,835,1106,1163,1188,1346,1179,1263,1700,1113,607,458,454,316,279
216,32,6,200201,194,109,65,51,104,139,322,299,668,675,1302,1277,1781,1634,1564,1385,1171,1733,1347,780,595,340,419,349
216,33,7,200202,178,152,95,92,85,80,110,152,312,622,1086,1169,880,1488,1670,1337,1941,1667,1262,938,921,599,346,182
216,34,1,200203,89,39,35,69,153,720,1636,1185,798,947,777,930,1132,1123,1087,1010,1202,1096,784,610,365,280,181,122
216,35,2,200204,54,34,22,46,115,643,1581,1856,917,919,863,708,789,1031,957,902,1253,866,855,587,323,311,219,141
216,36,3,200205,66,35,19,44,129,591,1134,1337,1014,671,732,693,813,1033,1023,842,1377,1148,845,685,398,313,237,137
216,37,4,200206,59,34,43,62,127,532,1427,1277,1076,817,833,866,710,930,1180,1452,1394,1435,1375,843,510,337,269,182
216,38,5,200207,91,30,29,42,121,469,1148,1219,764,752,912,1052,1018,1301,1400,1584,1945,2016,1616,998,816,562,339,233
216,39,6,200208,169,112,50,62,91,161,215,480,657,1044,1044,1987,1752,2012,2212,1802,1854,2357,2142,1269,849,445,526,366
216,40,7,200209,208,115,88,66,89,80,107,227,354,555,1029,1284,1411,1362,2296,2132,1530,1946,1783,2211,2146,1399,530,258
216,41,1,200210,70,51,33,55,143,752,1572,1444,1437,688,736,423,973,1045,1018,1139,1017,875,1009,657,394,251,218,88
216,42,2,200211,57,30,26,47,123,582,1194,1208,739,917,776,893,775,936,989,560,1259,1041,756,486,286,300,202,144
216,43,3,200212,70,38,23,56,108,511,1269,1266,1232,840,686,473,833,1104,1016,941,827,1004,1136,779,449,299,256,158
216,44,4,200213,81,50,36,47,114,413,1552,1817,1494,736,894,654,913,684,1252,1388,1194,1154,1051,684,466,334,254,128
216,45,5,200214,124,48,31,44,97,444,970,1478,696,883,1014,1146,1351,1117,1422,1728,1277,1562,1066,937,690,457,384,255
216,46,6,200215,186,96,68,57,110,175,277,522,557,975,788,1539,1686,1926,1908,1914,2158,2364,2218,1297,855,743,494,379
216,47,7,200216,252,160,76,72,91,95,134,178,333,572,973,1398,1729,2169,2487,2435,2518,2199,2299,1656,1458,983,522,254
216,48,1,200217,48,57,33,64,154,754,1667,2110,1263,1153,1094,1153,1241,1244,1325,1057,1011,1247,885,734,451,316,267,164
216,49,2,200218,47,38,24,57,133,586,1322,1622,873,920,879,850,838,1187,1066,976,1475,1669,1277,837,473,369,253,198
216,50,3,200219,76,38,26,39,113,587,1605,1203,1064,808,775,800,1038,1293,1226,1124,896,812,1147,658,449,312,237,139
216,51,4,200220,78,47,34,88,111,634,1477,1458,1361,869,912,978,948,1083,1260,1383,1779,1605,1720,920,538,424,278,171
216,52,5,200221,102,52,52,81,122,526,1250,819,955,1061,779,1156,1251,1377,1225,1097,1526,1556,1675,1036,718,542,388,357
216,53,6,200222,210,98,72,59,98,187,419,628,1003,1109,1518,2130,2125,1976,1926,2316,2167,2346,2045,1192,968,801,581,393
216,54,7,200223,257,160,141,84,120,98,129,195,319,708,1089,1155,1586,2372,2329,1554,2121,1977,1552,1334,1006,820,501,244
216,55,1,200224,84,54,38,55,131,662,1639,1375,868,947,961,1218,1255,1320,1276,1359,1478,1813,1415,884,483,355,431,113
216,56,2,200225,49,42,42,68,124,594,1727,1829,1257,961,890,868,1153,1195,1204,1054,1088,738,1177,699,444,341,155,209
216,57,3,200226,64,45,36,50,112,562,1485,1068,868,797,830,864,876,1072,1056,1195,905,945,733,699,448,327,247,152
216,58,4,200227,38,45,34,56,118,553,1398,1844,897,659,989,1080,794,1020,979,985,1204,1497,595,524,414,305,209,139
216,59,5,200228,72,38,33,55,126,468,1176,1348,889,792,744,1188,919,1279,923,1721,1449,1514,832,636,695,593,410,287
216,60,6,200229,167,94,68,68,122,201,429,572,674,1015,1664,2143,1681,1955,1429,1545,1773,1654,992,846,574,437,505,380
216,61,7,200301,915,143,72,55,95,78,141,258,356,743,1070,1058,1869,1943,2024,2518,2520,2122,2143,1438,1261,706,219,198
216,62,1,200302,89,61,31,52,150,719,1648,1702,1247,804,1072,919,1103,1168,1072,1134,1211,1292,1182,610,436,301,208,105
216,63,2,200303,55,49,40,61,109,575,1371,1652,1080,708,751,792,902,848,1068,1003,1298,1199,851,453,393,266,220,115
216,64,3,200304,56,38,32,47,93,618,1504,1178,856,737,902,868,1045,1211,950,1229,702,1172,1368,614,344,329,258,149
216,65,4,200305,78,43,31,60,121,566,1638,1126,824,819,974,586,1122,709,915,1021,907,1233,710,697,366,252,230,164
216,66,5,200306,75,36,32,53,104,564,1465,971,801,942,642,820,1107,1051,879,836,1258,1194,858,813,537,303,338,229
216,67,6,200307,140,88,45,44,109,148,333,503,609,818,1471,1398,1480,1574,1235,752,1605,1270,965,671,462,474,383,277
216,68,7,200308,199,142,82,63,85,67,129,158,333,578,694,1388,1245,1429,1674,2329,2133,1879,2281,2445,2630,1710,462,147
216,69,1,200309,91,50,31,49,139,756,1571,1119,933,942,1034,874,1034,1064,1228,904,1077,1233,863,601,432,282,191,109
216,70,2,200310,54,36,28,56,103,514,1494,1114,799,511,762,964,823,954,741,931,1146,493,799,525,358,263,202,98
216,71,3,200311,68,35,24,47,105,610,1357,1627,1276,567,796,921,843,1000,972,964,1346,1601,932,532,413,243,197,118
216,72,4,200312,84,36,30,58,114,559,1522,1367,1025,933,789,924,952,1114,1180,1238,1542,1587,1315,876,427,295,225,135
216,73,5,200313,62,42,38,46,99,491,1432,1218,1128,606,660,1061,734,1234,1412,1306,1508,1710,1327,813,490,427,250,220
216,74,6,200314,136,71,50,53,79,148,321,492,661,847,946,1487,1636,1629,1524,1431,953,700,836,575,398,353,250,215
216,75,7,200315,155,85,40,39,41,60,116,144,255,415,798,1124,1177,1611,1852,2075,2318,2201,1760,1237,1027,655,311,123
216,76,1,200316,67,33,32,49,132,723,1715,1469,1259,820,905,898,945,1134,1213,1130,1238,1269,968,743,393,284,222,80
216,77,2,200317,41,24,19,43,110,520,1348,1122,764,707,715,739,708,861,754,849,1001,987,613,503,270,156,135,52
216,78,3,200318,24,16,14,27,91,549,1481,1404,684,638,702,753,764,927,857,830,1014,1186,804,467,249,184,126,58
216,79,4,200319,32,20,34,36,100,433,896,920,624,553,587,601,625,800,786,809,1019,1091,782,487,244,158,130,64
216,80,5,200320,30,24,22,41,95,471,1219,1178,795,686,781,784,733,942,927,1023,939,957,746,523,260,200,118,74
216,81,6,200321,50,21,14,28,47,97,215,267,304,422,483,596,631,640,695,707,688,438,438,246,194,139,116,71
216,82,7,200322,32,27,14,11,24,40,67,66,88,198,255,397,437,505,664,594,684,685,565,403,375,219,108,60
216,83,1,200323,27,17,14,24,97,547,1375,1315,678,594,633,510,612,688,623,621,705,893,530,405,188,142,88,43
216,84,2,200324,25,18,19,30,76,489,1251,1282,724,576,512,576,533,709,670,763,826,971,577,373,216,133,87,43
216,85,3,200325,23,17,20,24,76,458,1374,1094,679,554,566,606,424,591,741,690,806,715,626,331,213,133,102,48
216,86,4,200326,25,25,15,26,86,460,1085,1138,715,546,577,645,634,737,709,699,819,842,646,322,218,150,102,47
216,87,5,200327,29,22,16,25,87,415,988,1090,678,524,534,611,680,825,844,891,954,974,747,486,265,198,119,77
216,88,6,200328,37,26,16,24,43,98,251,279,324,455,503,613,679,649,770,908,1020,856,608,356,254,156,127,78
216,89,7,200329,53,0,27,22,20,43,78,61,84,159,239,353,488,566,577,507,658,693,533,425,343,234,126,55
216,90,1,200330,30,16,20,30,83,496,1126,1014,752,552,545,545,370,610,658,532,604,771,507,297,173,95,62,68
216,91,2,200331,26,24,16,24,94,454,895,822,489,596,560,567,668,749,574,732,575,831,402,408,251,125,101,70
216,92,3,200401,35,32,19,25,90,465,1028,1192,614,638,477,474,693,632,712,792,889,902,654,458,271,169,92,63
216,93,4,200402,30,33,23,45,106,412,1167,1036,525,557,564,619,585,760,697,822,556,621,670,411,310,224,175,76
216,94,5,200403,46,27,21,20,112,423,1170,1136,655,592,577,618,651,700,781,847,1050,856,697,428,412,204,120,107
216,95,6,200404,54,31,17,23,39,94,219,284,337,378,603,632,657,774,582,830,832,832,570,440,368,304,210,103
216,96,7,200405,61,36,29,17,26,33,84,58,99,204,286,433,508,646,768,865,1092,1122,968,732,548,290,144,83
216,97,1,200406,32,32,14,39,109,528,1328,1367,832,558,627,648,697,780,781,745,858,981,753,435,250,150,90,62
216,98,2,200407,23,28,17,38,90,473,747,1225,783,635,689,639,644,800,820,785,872,1075,614,436,285,166,127,53
216,99,3,200408,33,19,19,24,94,539,1394,1196,781,701,669,607,677,809,740,899,1023,1133,789,471,328,200,87,70
216,100,4,200409,33,23,16,22,115,448,1218,1086,776,677,620,683,788,917,933,919,1141,1110,854,562,310,200,160,93
216,101,7,200410,46,23,15,19,19,49,109,128,168,291,457,513,494,625,595,728,777,761,630,487,26,140,123,85
216,102,6,200411,52,36,20,21,38,96,197,282,339,493,528,510,562,705,790,880,873,969,751,510,398,298,153,126
216,103,7,200412,77,38,25,13,17,45,84,75,140,275,358,478,527,578,668,809,924,957,728,568,438,299,140,106
216,104,7,200413,77,33,13,16,22,29,83,83,160,254,426,522,636,687,925,960,1150,1124,886,603,516,327,146,78
216,105,2,200414,30,19,16,32,108,546,1065,1265,873,606,549,675,753,817,788,778,963,1082,749,453,250,170,140,77
216,106,3,200415,29,18,19,35,91,450,1278,764,786,670,586,689,700,871,809,899,1026,1222,777,474,240,160,120,65
216,107,4,200416,40,21,30,30,107,457,1313,1215,726,578,609,739,716,775,782,915,1002,1137,801,550,313,248,139,61
216,108,5,200417,43,18,26,33,98,455,1192,1191,775,772,612,754,801,1006,935,1031,1224,1238,985,596,396,274,187,129
216,109,6,200418,60,39,22,31,39,116,259,335,412,499,451,648,648,812,804,891,1052,1083,846,572,360,320,240,129
216,110,7,200419,80,46,26,14,16,35,100,87,144,254,385,515,582,804,912,1108,1320,1324,907,691,620,480,275,88
216,111,1,200420,57,29,22,31,79,421,1222,1359,905,688,670,686,696,816,832,882,1044,1184,919,563,339,245,192,118
216,112,2,200421,30,20,11,34,104,483,1417,1168,699,709,676,682,743,808,848,816,838,932,767,448,270,236,184,76
216,113,3,200422,33,29,15,34,108,481,1280,1417,685,649,597,697,775,772,859,939,1121,1265,973,586,386,259,154,83
216,114,4,200423,39,24,16,35,112,459,1567,1339,847,613,664,730,803,905,902,974,1131,1330,907,599,325,247,145,103
216,115,5,200424,48,23,18,33,95,423,1263,1283,808,784,699,763,807,992,1162,1120,1296,1314,893,706,382,277,216,101
216,116,6,200425,66,37,13,29,48,118,254,303,415,551,586,720,726,923,1028,1114,1217,1012,817,524,390,310,220,160
216,117,7,200426,106,57,29,21,16,55,93,79,155,260,443,511,702,750,896,1172,1327,1353,1136,757,555,395,136,92
216,118,1,200427,37,31,15,35,126,637,1168,1617,1015,706,741,800,785,914,702,917,1137,1216,1011,577,365,209,140,81
216,119,2,200428,35,30,21,41,95,558,1529,1281,957,608,300,728,790,726,675,882,996,1124,769,395,305,183,130,79
216,120,3,200429,34,30,11,27,100,482,983,1141,933,743,642,788,884,891,873,902,972,1273,884,557,341,221,155,61
216,121,4,200430,43,33,20,32,97,536,1294,1162,877,635,737,540,800,647,695,851,1071,1203,933,572,345,184,136,112
216,122,5,200501,61,32,22,31,66,266,560,931,720,640,638,834,818,789,914,1068,1072,857,876,638,318,203,202,147
216,123,6,200502,66,55,42,24,36,105,244,386,548,533,681,580,734,752,764,921,718,730,509,339,241,234,181,150
216,124,7,200503,125,77,33,26,26,41,87,73,163,333,442,623,768,928,969,1343,1543,1501,1362,856,827,558,301,109
216,125,1,200504,40,37,18,33,119,615,1390,1403,1078,750,726,789,731,971,839,930,1100,1208,906,538,170,266,169,94
216,126,2,200505,50,32,25,34,91,597,1098,1296,921,809,756,768,553,863,583,929,721,1114,734,487,366,265,207,127
216,127,3,200506,34,30,11,27,100,482,983,1141,933,743,642,788,884,891,869,986,1050,964,965,524,378,260,168,104
216,128,4,200507,53,31,19,31,102,576,980,1083,858,861,762,839,967,985,1012,1101,1379,1323,1100,747,426,352,171,133
216,129,5,200508,64,33,26,27,90,571,1551,1243,1013,874,953,957,1022,1157,1207,1379,1492,1534,1241,895,556,346,246,178
216,130,6,200509,75,72,44,39,52,135,309,424,512,805,932,985,1003,1113,1199,1280,1364,1408,1211,791,593,471,303,230
216,131,7,200510,152,59,38,46,50,57,110,89,213,406,720,891,964,1109,1375,1673,1972,2054,1798,1390,1064,598,266,107
216,132,1,200511,64,27,20,28,131,673,1713,1574,1014,812,822,781,676,910,971,963,943,1075,912,524,311,195,136,71
216,133,2,200512,46,25,24,26,114,579,1548,1568,1149,509,842,758,829,907,889,1109,1097,1345,985,569,326,259,186,76
216,134,3,200513,61,36,15,43,118,495,1647,1218,790,412,774,852,720,989,676,763,1125,1322,989,544,310,249,158,78
216,135,4,200514,46,27,24,35,92,486,1252,1228,1103,550,705,595,802,996,842,1033,1107,1358,1076,554,319,268,178,100
216,136,5,200515,58,28,25,28,110,557,1165,1291,1026,712,877,787,765,853,1030,1158,1158,1359,960,676,485,311,203,181
216,137,6,200516,107,54,41,44,56,124,322,489,603,838,925,977,1084,1048,1179,1080,1050,1064,813,544,437,393,281,211
216,138,7,200517,136,77,41,27,40,54,108,127,221,390,599,714,848,1133,1369,1658,2104,2202,1821,1415,985,589,301,132
216,139,1,200518,65,31,21,38,117,732,1741,1691,1029,728,854,885,779,1083,1029,1091,1320,1422,1106,690,442,311,202,90
216,140,2,200519,44,34,23,38,106,653,1776,1595,1245,844,1040,894,908,1130,1116,1178,1406,1584,1175,675,405,285,161,96
216,141,3,200520,47,31,19,34,116,606,1719,1606,1188,1094,922,1119,1132,1115,1313,1398,1431,1574,1312,859,619,415,303,136
216,142,7,200521,73,45,33,33,37,80,191,268,499,882,797,1027,921,1066,1176,1531,1802,2041,1878,1429,908,708,421,216
216,143,5,200522,89,45,27,27,71,333,829,870,953,1134,1059,1259,1211,1400,1502,1602,1766,1870,1489,1112,713,542,328,200
216,144,6,200523,99,75,39,25,43,141,277,428,559,851,1064,1268,1418,1426,999,1687,900,1119,796,499,377,420,289,196
216,145,7,200524,128,70,37,28,23,51,103,113,269,374,688,1302,1758,1636,2208,2404,2484,2462,2117,1715,1302,930,489,203
216,146,1,200525,89,31,25,40,107,767,1759,1709,1204,980,1011,980,984,1164,1221,1131,1269,1498,1145,730,467,317,211,102
216,147,2,200526,48,26,23,31,119,549,1752,1784,1255,1022,820,985,925,1116,1009,1173,1387,1486,1138,741,469,321,251,155
216,148,3,200527,39,35,13,25,118,669,1659,1395,1144,1014,831,968,1004,1209,1209,1314,1497,1648,1352,861,570,401,246,117
216,149,4,200528,44,29,23,25,128,575,1657,1455,1204,848,870,998,1007,1068,1231,1338,1307,1671,1225,828,472,376,211,131
216,150,5,200529,46,38,18,36,123,593,1516,1624,1039,1066,966,1166,1130,1303,1354,1357,1654,1782,1347,977,691,453,332,179
216,151,6,200530,94,74,31,30,63,162,366,537,875,1115,795,1249,1086,1323,1504,1378,1524,1485,1061,861,513,523,407,257
216,152,7,200531,126,72,43,35,36,63,124,138,310,646,883,1034,1078,1258,1620,1968,2216,2325,2075,1584,1106,690,529,227
216,153,7,200601,152,84,38,41,41,59,135,168,385,586,947,1165,1573,1962,2397,1955,2826,2736,2693,2504,1909,1150,523,174
216,154,2,200602,80,33,17,44,149,780,1549,1884,1404,1168,837,1024,1097,1274,1240,1315,1411,1750,1322,845,542,385,242,101
216,155,3,200603,47,29,25,35,98,709,1841,1653,1175,872,1032,1059,975,1212,1257,1349,1488,1775,1053,730,450,251,192,114
216,156,4,200604,50,33,22,36,88,688,1700,1520,975,901,840,1000,896,1068,1084,1161,978,784,603,416,369,266,198,112
216,157,5,200605,56,29,21,36,92,511,1441,1466,1021,873,953,946,534,1128,907,1269,1402,1609,1232,825,498,373,290,191
216,158,6,200606,109,63,45,50,41,141,345,336,730,965,987,1001,1183,1329,1221,1212,1038,1069,1020,652,496,441,321,275
216,159,7,200607,235,128,53,55,87,54,91,108,234,331,563,727,921,1022,905,1105,1023,1306,1071,875,676,451,302,144
216,160,1,200608,89,49,35,54,154,664,1849,1775,1342,917,965,972,822,1079,951,1060,1179,1360,1042,527,399,304,197,120
216,161,2,200609,53,25,28,45,122,601,1593,1113,884,911,811,938,910,1129,946,1038,1119,1403,1150,655,236,185,189,92
216,162,3,200610,69,31,42,47,127,585,1554,1033,1088,980,880,1007,755,1140,1004,1246,1259,1134,1172,669,472,322,275,151
216,163,4,200611,114,46,36,62,102,488,980,869,819,601,858,928,738,1024,969,1060,1440,1715,1185,808,506,381,263,164
216,164,5,200612,79,42,31,54,129,550,1489,1383,1192,1005,1135,1095,1151,1380,1414,1655,1983,2100,1661,1158,783,585,378,294
216,165,6,200613,156,77,54,43,100,155,362,569,850,935,1108,1138,1353,1484,1487,1643,1784,1610,1402,802,541,534,333,328
216,166,7,200614,205,107,65,51,56,64,106,132,267,506,629,1355,971,1250,1436,1865,1591,1053,1286,1086,918,667,349,159
216,167,1,200615,96,56,43,63,133,721,1636,2006,1370,1060,999,1006,922,1167,1238,1252,1421,1565,1167,740,441,329,237,125
216,168,2,200616,69,35,33,44,94,586,1577,1440,928,706,917,818,861,1042,970,1222,1335,1563,1157,835,428,375,266,124
216,169,3,200617,54,33,41,39,99,630,1814,1325,1182,947,815,852,978,857,1122,960,1021,1275,1119,700,444,321,251,154
216,170,4,200618,85,37,37,45,117,580,1618,1467,1346,1062,833,997,1018,1168,1209,1413,1439,1218,1117,609,439,354,262,167
216,171,5,200619,59,49,38,55,108,506,876,1314,1112,748,722,881,767,1153,1209,1037,1209,1044,1225,878,650,478,370,270
216,172,6,200620,149,102,49,51,98,196,412,478,877,930,973,1379,1359,1511,1413,1437,1617,1440,941,909,661,601,416,261
216,173,7,200621,232,111,78,56,74,92,140,179,413,665,1001,1225,1321,1425,1736,2113,2359,2574,1720,1615,1279,788,442,216
216,174,1,200622,78,52,40,64,153,716,1777,1747,1415,1027,920,1047,1035,1170,1389,1298,1538,1744,1314,804,517,395,327,177
216,175,2,200623,82,47,34,57,115,497,1806,1702,1373,1030,1016,1061,1046,1166,1142,1325,1593,1870,1468,864,533,439,332,182
216,176,3,200624,82,46,28,58,126,654,1402,1493,1199,886,946,1185,1127,1302,1378,1481,1704,1885,1508,1110,606,389,304,187
216,177,4,200625,91,59,40,56,112,597,1810,1646,1353,1019,1007,1054,1160,1288,1354,1595,1748,1847,1422,1158,845,571,390,191
216,178,5,200626,99,61,33,54,119,640,1713,1772,1263,1162,946,1326,1146,1611,1709,1838,1849,2097,1626,997,601,435,340,209
216,179,6,200627,160,90,53,51,85,165,413,679,911,1161,1481,1714,1683,1725,1751,1780,1850,1822,1474,953,676,559,476,358
216,180,7,200628,244,147,90,70,77,88,168,226,418,725,1085,1427,1644,1843,2039,2262,2352,2318,2036,1651,1366,921,496,242
216,181,1,200629,82,41,31,44,115,608,1768,1966,1309,995,968,993,1007,1181,1204,1275,1511,1713,1329,815,491,355,278,171
216,182,2,200630,87,44,33,47,121,644,1871,2080,1385,1052,1025,1050,1065,1249,1274,1349,1598,1812,1406,862,519,376,294,181
216,183,3,200701,     ,     ,     ,     ,     ,     ,     ,     ,     ,     ,     ,     ,     ,     ,     ,     ,     ,     ,     ,     ,     ,     ,     ,     
216,184,4,200702,     ,     ,     ,     ,     ,     ,     ,     ,     ,     ,     ,     ,     ,     ,     ,     ,     ,     ,     ,     ,     ,     ,     ,     
216,185,5,200703,     ,     ,     ,     ,     ,     ,     ,     ,     ,     ,     ,     ,     ,     ,     ,     ,     ,     ,     ,     ,     ,     ,     ,     
216,186,6,200704,     ,     ,     ,     ,     ,     ,     ,     ,     ,     ,     ,     ,     ,     ,     ,     ,     ,     ,     ,     ,     ,     ,     ,     
216,187,7,200705,     ,     ,     ,     ,     ,     ,     ,     ,     ,     ,     ,     ,     ,     ,     ,     ,     ,     ,     ,     ,     ,     ,     ,     
216,188,1,200706,     ,     ,     ,     ,     ,     ,     ,     ,     ,     ,     ,     ,     ,     ,     ,     ,     ,     ,     ,     ,     ,     ,     ,     
216,189,2,200707,     ,     ,     ,     ,     ,     ,     ,     ,     ,     ,     ,     ,     ,     ,     ,     ,     ,     ,     ,     ,     ,     ,     ,     
216,190,3,200708,     ,     ,     ,     ,     ,     ,     ,     ,     ,     ,     ,     ,     ,     ,     ,     ,     ,     ,     ,     ,     ,     ,     ,     
216,191,4,200709,     ,     ,     ,     ,     ,     ,     ,     ,     ,     ,     ,     ,     ,     ,     ,     ,     ,     ,     ,     ,     ,     ,     ,     
216,192,5,200710,     ,     ,     ,     ,     ,     ,     ,     ,     ,     ,     ,     ,     ,     ,     ,     ,     ,     ,     ,     ,     ,     ,     ,     
216,193,6,200711,     ,     ,     ,     ,     ,     ,     ,     ,     ,     ,     ,     ,     ,     ,     ,     ,     ,     ,     ,     ,     ,     ,     ,     
216,194,7,200712,     ,     ,     ,     ,     ,     ,     ,     ,     ,     ,     ,     ,     ,     ,     ,     ,     ,     ,     ,     ,     ,     ,     ,     
216,195,1,200713,     ,     ,     ,     ,     ,     ,     ,     ,     ,     ,     ,     ,     ,     ,     ,     ,     ,     ,     ,     ,     ,     ,     ,     
216,196,2,200714,     ,     ,     ,     ,     ,     ,     ,     ,     ,     ,     ,     ,     ,     ,     ,     ,     ,     ,     ,     ,     ,     ,     ,     
216,197,3,200715,     ,     ,     ,     ,     ,     ,     ,     ,     ,     ,     ,     ,     ,     ,     ,     ,     ,     ,     ,     ,     ,     ,     ,     
216,198,4,200716,     ,     ,     ,     ,     ,     ,     ,     ,     ,     ,     ,     ,     ,     ,     ,     ,     ,     ,     ,     ,     ,     ,     ,     
216,199,5,200717,     ,     ,     ,     ,     ,     ,     ,     ,     ,     ,     ,     ,     ,     ,     ,     ,     ,     ,     ,     ,     ,     ,     ,     
216,200,6,200718,     ,     ,     ,     ,     ,     ,     ,     ,     ,     ,     ,     ,     ,     ,     ,     ,     ,     ,     ,     ,     ,     ,     ,     
216,201,7,200719,     ,     ,     ,     ,     ,     ,     ,     ,     ,     ,     ,     ,     ,     ,     ,     ,     ,     ,     ,     ,     ,     ,     ,     
216,202,1,200720,     ,     ,     ,     ,     ,     ,     ,     ,     ,     ,     ,     ,     ,     ,     ,     ,     ,     ,     ,     ,     ,     ,     ,     
216,203,2,200721,     ,     ,     ,     ,     ,     ,     ,     ,     ,     ,     ,     ,     ,     ,     ,     ,     ,     ,     ,     ,     ,     ,     ,     
216,204,3,200722,     ,     ,     ,     ,     ,     ,     ,     ,     ,     ,     ,     ,     ,     ,     ,     ,     ,     ,     ,     ,     ,     ,     ,     
216,205,4,200723,     ,     ,     ,     ,     ,     ,     ,     ,     ,     ,     ,     ,     ,     ,     ,     ,     ,     ,     ,     ,     ,     ,     ,     
216,206,5,200724,     ,     ,     ,     ,     ,     ,     ,     ,     ,     ,     ,     ,     ,     ,     ,     ,     ,     ,     ,     ,     ,     ,     ,     
216,207,6,200725,     ,     ,     ,     ,     ,     ,     ,     ,     ,     ,     ,     ,     ,     ,     ,     ,     ,     ,     ,     ,     ,     ,     ,     
216,208,7,200726,     ,     ,     ,     ,     ,     ,     ,     ,     ,     ,     ,     ,     ,     ,     ,     ,     ,     ,     ,     ,     ,     ,     ,     
216,209,1,200727,     ,     ,     ,     ,     ,     ,     ,     ,     ,     ,     ,     ,     ,     ,     ,     ,     ,     ,     ,     ,     ,     ,     ,     
216,210,2,200728,     ,     ,     ,     ,     ,     ,     ,     ,     ,     ,     ,     ,     ,     ,     ,     ,     ,     ,     ,     ,     ,     ,     ,     
216,211,3,200729,     ,     ,     ,     ,     ,     ,     ,     ,     ,     ,     ,     ,     ,     ,     ,     ,     ,     ,     ,     ,     ,     ,     ,     
216,212,4,200730,     ,     ,     ,     ,     ,     ,     ,     ,     ,     ,     ,     ,     ,     ,     ,     ,     ,     ,     ,     ,     ,     ,     ,     
216,213,5,200731,     ,     ,     ,     ,     ,     ,     ,     ,     ,     ,     ,     ,     ,     ,     ,     ,     ,     ,     ,     ,     ,     ,     ,     
216,214,7,200801,     ,     ,     ,     ,     ,     ,     ,     ,     ,     ,     ,     ,     ,     ,     ,     ,     ,     ,     ,     ,     ,     ,     ,     
216,215,7,200802,     ,     ,     ,     ,     ,     ,     ,     ,     ,     ,     ,     ,     ,     ,     ,     ,     ,     ,     ,     ,     ,     ,     ,     
216,216,1,200803,     ,     ,     ,     ,     ,     ,     ,     ,     ,     ,     ,     ,     ,     ,     ,     ,     ,     ,     ,     ,     ,     ,     ,     
216,217,2,200804,     ,     ,     ,     ,     ,     ,     ,     ,     ,     ,     ,     ,     ,     ,     ,     ,     ,     ,     ,     ,     ,     ,     ,     
216,218,3,200805,     ,     ,     ,     ,     ,     ,     ,     ,     ,     ,     ,     ,     ,     ,     ,     ,     ,     ,     ,     ,     ,     ,     ,     
216,219,4,200806,     ,     ,     ,     ,     ,     ,     ,     ,     ,     ,     ,     ,     ,     ,     ,     ,     ,     ,     ,     ,     ,     ,     ,     
216,220,5,200807,     ,     ,     ,     ,     ,     ,     ,     ,     ,     ,     ,     ,     ,     ,     ,     ,     ,     ,     ,     ,     ,     ,     ,     
216,221,6,200808,     ,     ,     ,     ,     ,     ,     ,     ,     ,     ,     ,     ,     ,     ,     ,     ,     ,     ,     ,     ,     ,     ,     ,     
216,222,7,200809,     ,     ,     ,     ,     ,     ,     ,     ,     ,     ,     ,     ,     ,     ,     ,     ,     ,     ,     ,     ,     ,     ,     ,     
216,223,1,200810,     ,     ,     ,     ,     ,     ,     ,     ,     ,     ,     ,     ,     ,     ,     ,     ,     ,     ,     ,     ,     ,     ,     ,     
216,224,2,200811,     ,     ,     ,     ,     ,     ,     ,     ,     ,     ,     ,     ,     ,     ,     ,     ,     ,     ,     ,     ,     ,     ,     ,     
216,225,3,200812,     ,     ,     ,     ,     ,     ,     ,     ,     ,     ,     ,     ,     ,     ,     ,     ,     ,     ,     ,     ,     ,     ,     ,     
216,226,4,200813,     ,     ,     ,     ,     ,     ,     ,     ,     ,     ,     ,     ,     ,     ,     ,     ,     ,     ,     ,     ,     ,     ,     ,     
216,227,5,200814,     ,     ,     ,     ,     ,     ,     ,     ,     ,     ,     ,     ,     ,     ,     ,     ,     ,     ,     ,     ,     ,     ,     ,     
216,228,6,200815,     ,     ,     ,     ,     ,     ,     ,     ,     ,     ,     ,     ,     ,     ,     ,     ,     ,     ,     ,     ,     ,     ,     ,     
216,229,7,200816,     ,     ,     ,     ,     ,     ,     ,     ,     ,     ,     ,     ,     ,     ,     ,     ,     ,     ,     ,     ,     ,     ,     ,     
216,230,1,200817,     ,     ,     ,     ,     ,     ,     ,     ,     ,     ,     ,     ,     ,     ,     ,     ,     ,     ,     ,     ,     ,     ,     ,     
216,231,2,200818,     ,     ,     ,     ,     ,     ,     ,     ,     ,     ,     ,     ,     ,     ,     ,     ,     ,     ,     ,     ,     ,     ,     ,     
216,232,3,200819,     ,     ,     ,     ,     ,     ,     ,     ,     ,     ,     ,     ,     ,     ,     ,     ,     ,     ,     ,     ,     ,     ,     ,     
216,233,4,200820,     ,     ,     ,     ,     ,     ,     ,     ,     ,     ,     ,     ,     ,     ,     ,     ,     ,     ,     ,     ,     ,     ,     ,     
216,234,5,200821,     ,     ,     ,     ,     ,     ,     ,     ,     ,     ,     ,     ,     ,     ,     ,     ,     ,     ,     ,     ,     ,     ,     ,     
216,235,6,200822,     ,     ,     ,     ,     ,     ,     ,     ,     ,     ,     ,     ,     ,     ,     ,     ,     ,     ,     ,     ,     ,     ,     ,     
216,236,7,200823,     ,     ,     ,     ,     ,     ,     ,     ,     ,     ,     ,     ,     ,     ,     ,     ,     ,     ,     ,     ,     ,     ,     ,     
216,237,1,200824,     ,     ,     ,     ,     ,     ,     ,     ,     ,     ,     ,     ,     ,     ,     ,     ,     ,     ,     ,     ,     ,     ,     ,     
216,238,2,200825,     ,     ,     ,     ,     ,     ,     ,     ,     ,     ,     ,     ,     ,     ,     ,     ,     ,     ,     ,     ,     ,     ,     ,     
216,239,3,200826,     ,     ,     ,     ,     ,     ,     ,     ,     ,     ,     ,     ,     ,     ,     ,     ,     ,     ,     ,     ,     ,     ,     ,     
216,240,4,200827,     ,     ,     ,     ,     ,     ,     ,     ,     ,     ,     ,     ,     ,     ,     ,     ,     ,     ,     ,     ,     ,     ,     ,     
216,241,5,200828,     ,     ,     ,     ,     ,     ,     ,     ,     ,     ,     ,     ,     ,     ,     ,     ,     ,     ,     ,     ,     ,     ,     ,     
216,242,6,200829,     ,     ,     ,     ,     ,     ,     ,     ,     ,     ,     ,     ,     ,     ,     ,     ,     ,     ,     ,     ,     ,     ,     ,     
216,243,7,200830,     ,     ,     ,     ,     ,     ,     ,     ,     ,     ,     ,     ,     ,     ,     ,     ,     ,     ,     ,     ,     ,     ,     ,     
216,244,1,200831,     ,     ,     ,     ,     ,     ,     ,     ,     ,     ,     ,     ,     ,     ,     ,     ,     ,     ,     ,     ,     ,     ,     ,     
216,245,2,200901,72,35,35,48,127,690,1813,2085,1395,1055,976,1013,1027,1134,1171,1260,1435,1653,1292,850,481,343,279,128
216,246,3,200902,58,42,37,55,128,664,1867,2023,1390,1122,1035,1096,1128,1268,1395,1430,1554,1703,1270,1000,508,363,315,159
216,247,4,200903,89,40,36,59,148,696,1908,2133,1455,1148,1128,1096,1035,1217,1289,1448,1711,1942,1582,959,586,432,305,172
216,248,5,200904,87,46,36,62,138,607,1704,1754,1263,1092,1152,1195,1295,1527,1732,1836,2074,2177,1781,1349,853,611,399,266
216,249,6,200905,161,107,66,60,125,182,420,714,1042,1208,1430,1693,1647,1849,1963,1987,2369,2261,2083,1499,1023,763,540,368
216,250,7,200906,265,159,102,70,111,80,157,240,441,742,1312,1782,2004,2175,2389,2528,2510,2345,2330,1951,1453,883,473,209
216,251,1,200907,74,48,40,68,158,771,1971,2158,1440,1148,1112,1200,1210,1311,1325,1340,1491,1689,1305,778,508,378,291,145
216,252,2,200908,74,53,35,54,124,709,1883,2111,1379,1171,1127,1057,1031,1208,1244,1425,1517,1772,1387,851,567,375,312,177
216,253,3,200909,70,49,46,51,124,689,1849,2024,1448,1084,1116,1152,1139,1328,1358,1466,1805,1945,1667,1011,851,501,321,170
216,254,4,200910,97,41,45,68,122,702,1856,2075,1449,1090,1173,1193,1223,1390,1587,1610,1833,2141,1675,1122,702,547,411,222
216,255,5,200911,102,64,45,66,135,616,1722,1877,1373,1051,1252,1368,1429,1481,1660,2289,2121,2105,1701,1264,888,570,445,289
216,256,6,200912,155,81,81,72,109,166,438,694,1028,1284,1535,1847,1778,1852,1897,1897,2190,2213,1739,1322,964,724,500,343
216,257,7,200913,262,135,103,81,100,93,159,281,557,865,1282,1554,1735,1888,2362,2515,2855,2823,2676,2419,2485,1640,566,232
216,258,1,200914,101,58,48,68,161,759,1938,2234,1557,1190,1246,1232,1227,1396,1537,1646,2062,2303,1857,1221,903,539,306,176
216,259,2,200915,82,39,38,48,134,702,1931,2221,1557,1116,1038,1127,1123,1267,1305,1518,1638,1932,1674,1032,622,436,305,160
216,260,3,200916,73,43,33,63,136,689,1847,2160,1358,1126,1112,1170,1155,1359,1398,1493,1730,2022,1759,974,653,443,293,164
216,261,4,200917,77,49,46,67,137,673,1822,2153,1521,1152,1082,1283,1184,1377,1541,1636,1828,2115,1696,958,654,484,314,186
216,262,5,200918,78,53,42,53,154,596,1727,1858,1383,1104,1163,1342,1444,1671,1718,1921,2155,2205,1924,1348,785,517,432,269
216,263,6,200919,153,80,59,57,128,164,396,747,937,1142,1441,1589,1695,1931,1902,2073,2370,2434,1881,1320,844,675,487,316
216,264,7,200920,221,147,99,67,95,75,142,220,453,748,1086,1466,1675,2034,2310,2588,2644,2760,2655,2353,1821,955,453,196
216,265,1,200921,80,51,45,46,171,800,2002,2215,1529,1185,1159,1249,1177,1413,1432,1538,1788,1967,1445,881,530,392,269,142
216,266,2,200922,71,45,31,45,134,712,1890,2162,1460,1051,1150,1126,1111,1294,1381,1519,1705,1912,1425,818,565,376,295,162
216,267,3,200923,59,36,39,55,124,678,1844,2123,1378,1127,1093,1219,1251,1421,1431,1485,1685,1917,1426,819,521,400,292,167
216,268,4,200924,75,50,40,56,143,725,1826,2256,1433,1131,1175,1283,1173,1547,1626,1756,1804,2038,1585,887,550,361,290,163
216,269,5,200925,100,45,37,59,122,588,1694,1966,1349,1102,1320,1539,1636,1707,1760,1777,1805,1591,1091,1105,725,517,415,266
216,270,6,200926,169,96,62,74,120,175,377,668,983,1160,1497,1710,1770,1849,1781,1648,1377,962,1121,831,569,474,399,350
216,271,7,200927,238,177,94,49,102,75,122,204,399,654,982,1299,1396,1719,1872,2024,2271,2233,1839,1632,1202,732,382,190
216,272,1,200928,95,60,38,64,164,713,1878,2075,1467,1170,1110,1107,1097,1259,1267,1351,1420,1703,1285,773,484,337,236,138
216,273,2,200929,58,41,41,63,122,624,1739,1997,1400,1160,1133,1049,1065,1266,1314,1291,1432,1762,1338,799,480,321,259,134
216,274,3,200930,56,48,42,58,139,637,1741,1968,1461,1144,1238,1157,1248,1320,1533,1590,1828,2086,1730,1080,618,370,310,198
216,275,4,201001,78,50,35,61,126,650,1872,2010,1389,1121,1153,1129,1218,1422,1536,1700,1975,2193,1743,1098,643,452,267,136
216,276,5,201002,74,56,51,68,127,288,762,852,800,1129,1281,1532,1618,1907,2061,2120,2256,2207,1929,1335,771,518,381,259
216,277,6,201003,153,80,77,73,122,164,330,591,847,1117,1596,2067,2158,2001,2274,2158,1979,1890,1652,1249,849,670,493,333
216,278,7,201004,217,152,102,87,107,85,154,190,351,659,1025,1409,1603,1862,2070,2417,2638,2475,1923,1490,1123,707,380,194
216,279,1,201005,82,62,42,62,158,698,1893,1935,1389,1169,1136,1210,1162,1337,1419,1427,1466,1674,1322,746,465,335,241,129
216,280,2,201006,74,39,37,67,132,584,1680,1858,1323,1147,1118,1051,1102,1275,1323,1387,1546,1798,1423,812,497,341,277,141
216,281,3,201007,68,40,36,57,104,570,1723,1777,1278,1124,1134,1204,1291,1399,1314,1607,1654,1754,1370,773,485,345,283,155
216,282,4,201008,85,56,37,66,134,600,1681,1843,1367,1218,1222,1214,1217,1437,1579,1753,1894,2260,1888,1135,712,473,294,161
216,283,5,201009,76,41,39,63,120,502,1538,1615,1327,1171,1244,1462,1464,1793,1917,1935,2784,2726,2286,1561,1003,641,373,283
216,284,6,201010,142,90,63,62,105,161,393,551,771,1039,1482,2037,2141,2354,2384,2327,2260,2001,1468,1019,727,644,538,341
216,285,7,201011,234,161,89,73,96,76,141,183,326,634,1080,1550,1936,2118,2305,2365,2531,2279,1772,1472,1144,775,411,226
216,286,1,201012,75,40,42,61,149,725,1879,2005,1413,1234,1167,1145,1196,1356,1313,1383,1514,830,211,673,484,328,241,108
216,287,2,201013,58,38,31,62,117,630,1788,1898,1277,1181,1111,1163,1083,1227,1348,1471,1621,1943,1482,895,477,365,242,125
216,288,3,201014,58,38,39,55,111,602,1745,1919,1296,1253,1213,1201,1211,1347,1515,1659,1863,2067,1641,939,589,381,243,157
216,289,4,201015,61,35,46,43,119,595,1718,1813,1365,1083,1169,1315,1360,1522,1551,1546,958,1649,732,596,426,332,286,121
216,290,5,201016,76,42,38,54,125,360,1130,654,50,595,1177,1155,1315,1618,666,453,1721,1590,609,909,626,433,304,240
216,291,6,201017,126,73,55,61,102,168,375,554,736,1006,992,1506,1551,1764,1721,1738,1598,1599,1282,859,590,493,410,404
216,292,7,201018,227,114,82,63,79,74,136,180,368,563,891,1200,1463,1728,2017,2292,2593,2520,2361,1636,1140,708,388,151
216,293,1,201019,65,36,30,66,134,729,2016,2168,1408,1098,1032,1089,1078,1194,1243,1381,1603,1842,1378,772,511,332,224,93
216,294,2,201020,66,24,28,44,119,604,1776,2044,1327,1036,1097,1031,1011,1207,1302,1408,1605,1880,1417,764,482,320,251,104
216,295,3,201021,61,29,23,52,122,595,1758,1934,1405,1052,1001,1097,1152,1294,1353,1452,1733,1937,1438,823,490,318,259,135
216,296,4,201022,56,34,44,49,117,597,1771,2032,1298,1124,1128,1089,1151,1325,1409,1488,1640,1795,1453,801,469,360,244,120
216,297,5,201023,65,45,38,50,118,554,1539,1337,1287,1022,1129,1082,1130,593,1525,1114,1279,97,12,615,448,217,83,167
216,298,6,201024,148,83,60,54,105,135,368,564,703,880,892,843,1345,1365,1339,1321,1368,1380,1208,712,547,474,387,286
216,299,7,201025,163,113,84,82,28,69,135,175,411,626,940,1075,1164,1507,1995,2600,2646,2825,2393,1873,958,577,264,112
216,300,1,201026,62,38,41,45,138,688,1924,1645,1173,793,408,111,324,690,845,964,681,618,934,593,371,231,165,91
216,301,2,201027,53,31,33,50,131,590,1689,1744,1240,887,904,986,1000,1111,1142,1172,1344,1554,1071,676,377,248,221,118
216,302,3,201028,45,38,38,58,130,594,1769,499,725,489,730,960,1006,1180,1160,1238,1447,1613,1137,650,381,283,193,104
216,303,4,201029,50,40,35,52,95,359,924,1439,605,1014,875,903,975,1101,791,1231,842,840,1020,613,347,273,188,98
216,304,5,201030,57,35,32,62,113,444,745,891,795,996,1040,1082,1082,1299,1318,1464,1829,1844,1363,793,421,334,237,208
216,305,6,201031,99,61,47,42,77,160,356,585,787,954,1131,1202,1188,1319,1471,1733,1979,1922,1313,724,467,422,299,253
216,306,7,201101,160,101,59,66,73,61,108,154,250,491,764,1053,1015,1559,1785,2182,2390,2408,1648,1240,863,491,257,110
216,307,1,201102,59,41,30,58,147,700,1814,2021,1338,1029,994,962,1054,1161,1204,1337,1546,1709,1179,584,413,279,177,97
216,308,2,201103,52,27,37,60,113,580,1739,1888,1251,894,899,961,977,1009,1096,1024,1212,1375,748,471,342,238,175,73
216,309,3,201104,45,38,27,48,111,625,540,794,633,964,857,949,983,1130,1150,1088,1316,1199,1023,544,330,256,182,97
216,310,4,201105,47,29,37,44,127,588,1705,1877,1309,980,930,958,959,1128,1119,1176,1424,1612,1104,608,387,269,183,120
216,311,5,201106,53,38,37,47,118,524,1625,1713,1176,930,1017,1029,1007,1276,1355,1567,1806,1708,1341,824,538,377,257,203
216,312,6,201107,102,77,60,47,101,172,316,579,818,964,1076,1147,1110,1253,1465,1781,2200,2208,1402,694,526,411,309,261
216,313,7,201108,147,98,50,32,38,53,91,144,276,489,689,1003,1156,1550,1900,2422,2570,2300,2640,1384,1092,619,236,120
216,314,1,201109,74,37,33,51,162,670,1876,2049,1274,1039,1040,945,931,1200,1197,1340,1628,1648,1142,620,399,289,168,80
216,315,2,201110,48,40,31,62,110,581,1686,1472,898,949,898,960,961,1079,1076,1306,1471,1624,1139,603,366,249,175,89
216,316,3,201111,39,34,47,52,126,564,1739,1909,1261,992,1017,1007,1019,1195,1265,1382,1651,1695,1190,666,419,253,211,97
216,317,4,201112,51,49,35,45,132,583,1758,1963,1238,974,938,935,1064,1142,1219,1284,1598,1729,1169,637,370,280,232,131
216,318,5,201113,72,36,37,50,130,477,1669,1699,1191,1005,1024,1110,1106,1223,1457,1666,1892,1818,1409,798,541,362,283,174
216,319,6,201114,116,67,43,52,74,152,357,528,805,1064,1141,1247,1279,1382,1589,1872,2210,2124,1346,683,481,348,331,272
216,320,7,201115,170,93,63,46,76,62,112,154,319,564,872,1035,1206,1648,2096,2626,2552,2831,2451,1318,1118,600,279,144
216,321,1,201116,58,35,36,48,138,662,1292,94,368,853,1020,1021,1108,1221,1175,1214,1391,1449,1073,639,390,216,189,87
216,322,2,201117,44,34,31,46,132,604,1755,1952,1316,1003,941,979,955,1018,1130,1228,1391,1556,1070,636,350,252,200,96
216,323,3,201118,54,34,29,51,129,604,1762,1943,1291,1027,934,996,1028,1164,1254,1416,1719,1795,1195,699,401,288,183,116
216,324,4,201119,59,40,30,34,129,589,1762,2036,1208,883,953,1004,765,351,539,1121,941,941,490,633,379,281,196,106
216,325,5,201120,43,46,31,53,125,501,1596,1782,1048,907,877,820,1065,628,790,600,831,496,1288,869,615,559,518,327
216,326,6,201121,102,76,56,45,73,163,330,581,831,1042,1182,1245,1308,1298,1325,1616,1675,1603,998,632,461,361,305,256
216,327,7,201122,163,93,57,49,54,56,115,134,253,491,743,910,1147,1385,1743,2410,2550,2250,1483,1196,930,530,265,102
216,328,1,201123,63,29,28,47,144,675,1903,2011,1387,1056,944,1007,1003,1157,1186,1199,1466,1544,1060,593,380,257,164,73
216,329,2,201124,57,27,37,40,103,548,1736,2045,1293,945,956,921,907,1157,1120,1368,1540,1643,1086,619,371,242,231,106
216,330,3,201125,56,42,27,36,114,582,1656,1925,1221,1038,956,998,988,1236,1266,1375,1589,1804,1205,668,411,293,218,121
216,331,4,201126,47,40,28,61,113,541,1595,2013,1327,1033,975,1042,997,1235,1261,1386,1514,1587,1269,659,429,293,212,117
216,332,5,201127,64,38,45,51,115,509,1554,1811,1240,1136,1083,1122,1180,1458,1494,1583,1638,1867,1306,961,537,366,286,176
216,333,6,201128,106,89,56,44,96,173,367,542,803,1029,1224,1227,1290,1426,1585,1693,1884,1351,453,421,492,330,351,303
216,334,7,201129,158,100,84,50,92,40,125,124,277,490,805,1033,1323,1675,2054,2465,2609,2517,1923,1375,1066,617,271,124
216,335,1,201130,68,42,33,42,153,559,1567,2229,1339,1065,1036,1022,1093,1275,1282,1525,1404,1505,1673,731,462,286,209,94
216,336,2,201201,46,38,24,50,109,523,822,1095,928,672,755,651,443,941,986,911,1125,1015,30,143,166,235,209,82
216,337,3,201202,49,36,28,40,119,548,1549,1252,504,624,708,741,966,1167,592,447,336,778,461,607,351,286,161,120
216,338,4,201203,49,53,41,58,126,567,1696,1536,1126,804,980,981,396,848,1000,1162,352,1497,1279,453,88,260,213,120
216,339,5,201204,53,44,39,49,127,407,1046,853,1042,1026,1018,1007,1069,944,826,1134,1524,1083,804,598,440,347,249,197
216,340,6,201205,115,64,54,40,95,131,299,143,405,904,1004,500,1181,1256,1286,855,487,733,556,474,367,295,299,249
216,341,7,201206,155,86,55,53,71,63,109,104,197,183,381,771,983,1095,831,931,1352,1298,856,736,309,395,272,128
216,342,1,201207,86,53,42,63,102,590,1086,745,574,833,968,578,960,1176,1151,1134,903,921,775,585,390,232,171,99
216,343,2,201208,54,45,37,54,117,427,1056,1119,566,762,901,1014,595,1147,1369,1404,649,329,940,596,418,294,224,116
216,344,3,201209,58,36,29,54,113,589,1196,1355,812,653,846,950,1045,1061,995,1107,973,838,968,584,348,256,183,98
216,345,4,201210,49,36,32,50,126,557,1707,1943,1172,403,795,721,442,639,1010,1358,1139,1069,1396,539,392,296,218,112
216,346,5,201211,62,46,42,48,120,473,1533,1347,1211,867,1063,1073,1153,1338,920,528,917,1435,1181,607,416,322,241,209
216,347,6,201212,119,76,64,48,93,135,331,458,689,624,858,1121,1084,1347,1085,1016,602,470,735,596,332,289,247,202
216,348,7,201213,104,89,33,20,31,49,113,76,226,323,374,916,522,1414,1709,2115,2520,2472,1778,1232,608,564,227,100
216,349,1,201214,44,32,33,39,129,676,1746,1360,1096,932,967,1014,1011,1228,1259,994,1399,1266,1087,686,344,210,152,62
216,350,2,201215,28,27,23,43,94,574,1412,1703,1573,1007,944,980,1035,1246,1155,567,253,83,78,245,182,146,143,73
216,351,3,201216,45,32,24,41,113,355,1198,1303,1281,1106,1055,1084,1003,994,705,1401,1103,710,1335,652,344,217,187,86
216,352,4,201217,46,37,30,49,122,516,1164,1854,1301,582,633,1073,834,1212,1356,1314,1134,953,1482,708,282,228,184,96
216,353,5,201218,53,36,27,57,137,509,1159,837,506,1123,894,1057,1159,1350,1486,1378,965,1014,1210,1195,191,208,208,134
216,354,6,201219,103,56,71,61,90,159,92,463,696,569,1134,1264,1268,1417,1635,1517,1575,1521,879,494,405,250,209,167
216,355,7,201220,135,63,52,28,41,65,94,103,231,361,250,607,744,753,431,27,1213,1731,467,68,160,420,190,94
216,356,1,201221,50,32,26,42,102,468,825,1263,1310,1133,1064,861,872,685,1374,710,854,1665,1017,617,356,255,141,96
216,357,2,201222,52,33,29,38,102,393,1097,750,973,1053,836,858,1236,1054,1223,1545,1042,377,208,53,63,264,169,84
216,358,3,201223,46,31,34,57,92,351,893,477,243,355,653,1290,1426,1633,1734,1755,1583,135,656,450,345,287,146,127
216,359,4,201224,77,53,39,42,83,203,464,550,627,585,936,1243,1248,1093,1401,1238,1045,574,337,236,189,185,361,361
216,360,7,201225,216,116,45,26,25,43,74,74,142,335,286,785,935,987,1093,777,724,755,631,313,231,367,186,237
216,361,7,201226,138,65,27,38,30,50,117,111,213,197,582,1239,1119,801,1272,1863,1979,1910,1107,621,487,384,65,95
216,362,7,201227,118,50,29,37,28,53,100,90,210,408,779,1030,1286,1551,1571,977,1861,1392,668,827,465,239,266,141
216,363,1,201228,58,37,36,49,70,221,511,712,621,718,1114,852,480,69,815,1480,1320,1248,844,542,376,102,23,62
216,364,2,201229,75,43,27,43,72,184,457,640,541,767,942,1109,1255,1557,1707,1972,1917,1788,1335,790,450,300,212,147
216,365,3,201230,63,47,32,48,76,199,448,197,642,713,1112,1129,1153,1565,515,447,1656,1486,1249,925,426,87,116,116
216,366,4,201231,98,51,37,46,68,160,310,438,550,700,850,952,988,1643,1234,297,1191,994,856,379,234,159,133,108
216,1,7,210101,89,169,156,65,33,47,110,71,109,183,416,583,396,1037,1336,866,1362,1220,466,667,597,425,221,122
216,2,6,210102,66,52,23,30,38,90,149,252,397,561,586,2041,2219,1598,1233,787,1468,1081,2454,1711,576,192,67,151
216,3,7,210103,129,56,61,43,37,41,100,97,179,409,819,1386,327,1502,1886,1681,1354,1918,1376,887,820,503,195,119
216,4,1,210104,45,38,23,38,84,291,512,642,395,268,486,818,1109,893,428,1282,1289,814,433,536,354,244,138,79
216,5,2,210105,50,34,29,49,81,360,975,1277,925,825,838,883,855,1207,1227,1311,1218,1172,1511,572,363,235,180,88
216,6,3,210106,38,40,22,41,66,327,554,867,553,705,737,822,1001,761,1093,962,634,653,1236,532,300,197,146,97
216,7,4,210107,43,27,39,39,101,385,994,799,430,396,822,803,935,953,694,779,766,380,1861,964,329,252,150,82
216,8,5,210108,47,35,23,39,84,386,1032,1295,756,827,890,983,1096,1258,1420,1280,462,757,1256,2442,422,157,189,132
216,9,6,210109,99,61,39,38,35,129,236,442,543,774,1076,1383,1462,1090,1609,1622,821,1919,1195,293,398,353,290,195
216,10,7,210110,126,79,57,28,28,44,90,123,195,383,647,948,1317,1763,1637,1513,2100,2436,2507,2452,2266,870,280,123
216,11,1,210111,50,31,19,38,105,611,1016,1079,2036,1544,814,939,1011,703,1148,1299,858,598,1684,1871,395,251,144,80
216,12,2,210112,48,21,20,47,85,462,1112,928,2014,1516,919,943,1068,1074,1030,941,856,1013,761,454,263,204,119,78
216,13,3,210113,37,35,32,29,100,504,1326,833,1144,719,566,585,737,1000,957,1066,680,630,1581,970,253,258,202,124
216,14,4,210114,50,31,24,41,102,440,1192,959,1579,261,569,367,525,615,646,609,678,774,578,426,288,134,116,68
216,15,5,210115,42,28,24,56,92,315,824,1051,581,368,473,517,603,226,947,654,405,483,1311,409,235,205,159,72
216,16,6,210116,71,31,32,33,45,117,225,298,156,784,950,1030,1130,1234,1315,1301,1873,1406,1419,654,175,189,294,194
216,17,7,210117,112,60,46,20,25,46,76,79,126,202,398,919,1321,1432,1460,1746,1286,782,1169,971,709,500,220,80
216,18,1,210118,29,28,27,37,108,510,1298,1076,1552,799,674,713,339,969,960,568,719,695,1298,526,383,242,133,79
216,19,2,210119,34,27,18,32,84,437,1204,1010,1772,967,777,772,635,689,730,711,497,423,420,905,86,212,134,67
216,20,3,210120,34,27,25,37,104,472,818,804,1134,1019,710,780,870,1069,1070,803,264,458,1356,1165,321,215,145,94
216,21,4,210121,41,27,21,37,98,446,458,451,926,1271,849,905,898,437,695,389,404,326,893,1053,314,203,116,79
216,22,5,210122,46,36,17,31,101,413,748,136,971,733,890,921,1056,1224,1049,840,433,459,733,1910,860,334,261,161
216,23,6,210123,80,53,32,31,52,114,272,357,504,741,1001,1003,1116,350,528,1164,1458,629,740,487,356,315,240,207
216,24,7,210124,57,73,30,34,25,51,104,86,179,288,484,882,1202,1498,1903,2009,1927,2108,2453,1630,1534,796,273,124
216,25,1,210125,51,34,26,45,107,580,1205,1057,1745,574,711,736,848,977,693,362,693,480,1236,551,283,254,129,63
216,26,2,210126,30,22,29,36,99,474,556,435,1278,1335,467,797,877,848,885,1032,415,284,1058,1058,268,293,229,141
216,27,3,210127,40,33,34,38,89,513,958,935,1602,1233,789,777,768,714,769,832,491,653,1331,467,274,159,127,98
216,28,4,210128,43,26,24,43,93,442,435,634,1050,674,415,805,571,1032,764,728,362,211,1341,600,183,208,149,80
216,29,5,210129,41,37,28,34,94,385,1065,883,921,759,747,981,894,1217,1114,939,1238,1404,1089,668,402,291,228,140
216,30,6,210130,121,68,40,39,64,125,312,513,689,770,894,1307,736,775,755,1191,1259,900,753,423,326,278,250,184
216,31,7,210131,110,80,61,33,38,37,87,95,155,321,592,179,816,973,1363,2030,1775,2360,1624,1130,973,660,255,108
216,32,1,210201,40,34,24,32,116,532,1310,741,29,836,874,762,652,377,1016,295,1113,1151,596,450,369,185,151,62
216,33,2,210202,33,37,23,30,83,458,974,940,691,525,806,825,934,990,978,879,787,956,914,275,266,184,165,74
216,34,3,210203,37,29,23,45,92,454,1333,1367,730,684,827,886,951,1036,829,450,467,577,328,90,262,243,161,87
216,35,4,210204,42,27,30,27,93,412,875,1640,1055,765,856,892,975,1072,1099,1255,1425,1556,842,603,367,323,252,155
216,36,5,210205,45,28,21,41,95,430,1380,1482,1047,906,930,989,1194,1280,1306,1563,2020,1875,1423,802,468,309,231,172
216,37,6,210206,104,54,51,34,50,133,251,430,637,849,1327,1616,1614,1789,2023,2238,2413,2239,1572,1020,724,598,509,383
216,38,7,210207,130,88,55,38,25,54,81,103,169,357,855,1260,1151,1763,1333,1201,1224,1704,1295,994,797,699,377,183
216,39,1,210208,59,37,31,27,125,589,1484,1650,1099,835,813,833,845,1143,1102,1138,1431,1528,1101,650,417,267,157,96
216,40,2,210209,36,31,27,43,100,493,1524,1711,1062,812,463,723,879,758,498,553,898,169,760,592,204,268,142,70
216,41,3,210210,38,28,26,33,105,493,1547,1234,714,729,451,631,443,773,1018,1073,1169,1304,802,476,300,153,210,81
216,42,4,210211,40,24,32,55,112,459,1285,1353,1186,771,722,862,915,945,1043,1148,1324,1043,733,610,372,252,143,88
216,43,5,210212,43,36,23,40,93,416,1135,1175,751,806,828,947,1081,967,841,1083,1611,2092,1544,870,554,375,229,172
216,44,6,210213,101,55,45,30,59,149,232,350,534,864,1515,1786,1749,1120,1779,2030,2391,2364,1620,667,455,588,501,377
216,45,7,210214,112,60,46,30,36,46,97,124,193,387,672,1055,1385,1822,1239,2474,2589,2462,2463,2311,2032,1113,354,155
216,46,1,210215,54,32,19,36,124,543,1620,1241,1179,970,966,936,876,1293,1025,859,1718,1845,1171,579,444,204,163,83
216,47,2,210216,35,38,29,43,111,463,1542,1705,1097,832,973,989,947,1116,1201,1003,874,1259,1107,684,426,275,173,84
216,48,3,210217,39,34,27,40,114,505,1582,1189,814,801,720,983,1100,1214,1225,1345,1554,1858,1195,565,300,201,220,100
216,49,4,210218,48,34,23,33,104,490,1256,863,905,932,955,993,1060,1301,1273,1490,1817,1919,1185,647,413,310,185,85
216,50,5,210219,50,24,32,30,93,431,1473,1474,113,684,1034,1190,1312,1401,1563,1702,2130,2224,1722,986,628,400,269,168
216,51,6,210220,98,62,47,40,49,146,324,405,675,949,1654,2295,2154,2122,2235,2481,2515,2567,2173,1123,606,526,371,259
216,52,7,210221,141,66,48,22,33,41,115,110,228,515,979,1457,1788,2204,2499,2623,2537,2544,2575,2465,1621,1012,371,118
216,53,1,210222,51,26,19,39,143,540,1640,1873,1266,1031,994,1052,1130,1332,1418,1647,1947,1950,1327,726,528,315,187,79
216,54,2,210223,44,30,25,45,106,499,1444,1763,1191,979,959,954,1042,1209,1221,1341,1787,1911,1302,748,458,318,180,110
216,55,3,210224,40,28,31,38,112,554,713,1039,1163,967,994,1016,1156,1337,1394,1528,1756,2164,1443,769,455,312,211,121
216,56,4,210225,42,29,41,29,112,556,1559,1879,1138,929,999,1103,1185,1298,1320,1449,1897,2027,1480,798,526,305,182,106
216,57,5,210226,47,29,26,25,102,491,1491,1619,1151,972,1104,1283,1388,1529,1732,1940,2085,2159,1819,1082,701,435,278,168
216,58,6,210227,122,55,38,36,49,136,353,477,715,1069,1861,2485,2521,2228,2157,1975,1969,1910,1383,773,633,484,360,233
216,59,7,210228,152,150,92,71,79,57,103,138,294,492,944,1418,1711,2130,2537,2534,2535,2149,2255,2223,1592,937,327,148
216,60,1,210301,51,25,23,40,138,602,1613,1146,1332,1117,1016,1067,1159,1305,1204,1348,1709,1815,1333,752,475,340,266,164
216,61,2,210302,43,29,31,33,104,543,1592,1753,1241,978,1027,967,1021,1232,1178,1336,1639,1850,1199,725,399,276,162,82
216,62,3,210303,40,29,21,35,115,540,1627,1701,1248,1006,1006,1108,1248,1389,1361,1498,1791,1880,1315,768,414,269,188,108
216,63,4,210304,49,36,30,37,108,541,1644,1754,1205,1056,1055,1143,1251,1347,1261,1435,1565,1678,1249,697,399,291,180,114
216,64,5,210305,39,27,24,36,102,461,1960,2179,1451,804,1002,812,873,1555,1317,1040,1674,1899,1473,520,380,323,239,155
216,65,6,210306,98,56,37,39,56,133,306,531,830,1045,1676,1879,1822,1855,1850,1925,2188,2288,1631,834,541,475,390,230
216,66,7,210307,145,95,48,30,39,54,93,128,187,395,811,1076,1155,1478,344,2269,2483,2423,2147,1924,975,830,298,127
216,67,1,210308,54,32,27,43,132,636,1140,1003,1091,656,739,1070,1079,1307,1262,1212,1446,1500,1143,675,437,265,145,70
216,68,2,210309,36,26,29,42,109,550,1198,1803,1221,966,928,950,1011,1215,1206,1232,1367,1552,1050,638,398,262,157,55
216,69,3,210310,49,43,27,32,114,441,1683,1344,1207,1020,932,1035,1097,1292,1255,1420,1688,1959,1360,794,439,349,173,75
216,70,4,210311,47,31,32,27,121,587,1675,1815,1246,984,1053,1124,1166,1330,1241,1221,1393,1042,992,570,368,244,171,77
216,71,5,210312,34,36,44,39,107,492,1570,1317,1106,1039,1049,1204,1271,1426,1494,1596,1691,1745,1205,854,547,337,260,148
216,72,6,210313,104,60,50,42,59,147,323,554,856,1173,1520,1823,1853,1799,1841,1991,1889,1905,1194,816,501,325,169,96
216,73,7,210314,66,49,36,29,17,45,99,100,217,476,924,1526,1936,2121,2090,1611,2339,1497,453,393,575,354,176,74
216,74,1,210315,39,34,12,30,141,615,1354,1942,1217,1037,774,762,805,976,948,1076,792,386,872,574,314,204,125,64
216,75,2,210316,36,19,22,41,134,530,1742,1849,1251,861,869,818,914,1083,1033,1103,603,501,967,591,316,271,112,84
216,76,3,210317,35,45,24,39,117,392,1748,920,409,590,811,936,1005,892,1064,1016,1248,1177,683,533,342,281,220,113
216,77,4,210318,28,32,21,50,117,421,1711,1816,1249,851,835,809,821,1223,1177,1257,628,1068,1097,418,403,275,154,87
216,78,5,210319,56,28,22,42,91,415,1091,1131,981,945,975,1067,1162,1309,1411,1603,1784,1737,1303,831,493,383,299,130
216,79,6,210320,98,47,35,41,45,139,324,525,722,1102,1022,214,445,1243,1124,1291,1151,1439,1131,727,471,419,342,232
216,80,7,210321,149,96,57,32,39,51,127,134,277,487,866,1275,1698,2165,2562,2412,1408,2187,1607,1206,575,263,165,82
216,81,1,210322,51,31,17,39,133,654,1880,1077,796,971,629,705,1049,1275,852,1119,1342,1470,959,641,381,309,181,94
216,82,2,210323,40,21,23,42,128,508,1780,1748,1289,955,907,875,1071,1126,1194,1275,1571,1752,1219,666,386,313,165,73
216,83,3,210324,43,29,39,25,124,543,1379,1634,1275,1111,1003,992,1183,1334,1279,1453,1770,2059,1486,851,441,265,170,77
216,84,4,210325,52,32,27,59,115,575,1800,1962,1284,1077,1077,1055,1141,1304,1361,1338,1731,1849,1327,790,463,338,198,93
216,85,5,210326,47,52,30,48,112,476,1129,1726,1191,1104,1171,1150,1314,1507,1542,1722,1944,2005,1568,998,541,357,247,161
216,86,6,210327,101,52,47,51,75,143,375,611,538,528,1555,1566,1558,1338,1299,1041,1398,1286,952,628,451,320,332,212
216,87,7,210328,150,88,0,50,45,74,109,135,291,382,855,1089,1409,1662,2168,2495,2460,2555,2429,2428,1692,878,473,160
216,88,1,210329,55,30,20,52,127,652,1717,1969,1314,1148,1129,1132,1159,1207,1239,1119,1342,1470,959,848,515,299,178,106
216,89,2,210330,55,30,32,45,103,563,1722,1908,1302,1070,1045,1021,1089,1183,1279,1392,1552,1878,1299,801,504,313,165,73
216,90,3,210331,57,34,36,44,140,561,1732,1871,1326,1111,1075,1199,1265,1325,1341,1488,1681,1787,1303,910,523,366,286,176
216,91,4,210401,63,33,31,53,150,560,1620,1729,1276,1129,1156,1220,1190,1352,1370,1593,1785,1880,1514,1005,637,438,277,192
216,92,7,210402,102,46,44,37,58,78,176,255,457,933,1257,1358,1184,1335,1362,1422,1595,1651,1252,888,549,386,301,162
216,93,6,210403,84,64,25,32,59,131,248,470,808,1135,1470,1589,1545,1549,1489,1585,1514,1496,1223,791,632,490,335,203
216,94,7,210404,121,66,32,31,26,49,92,129,306,847,1313,1474,1435,1592,1634,2055,2301,2537,2203,1572,1371,850,476,252
216,95,7,210405,113,46,40,29,27,58,143,143,309,791,1443,2326,2506,2854,2679,2658,2748,2698,1791,1400,1283,848,330,141
216,96,2,210406,56,35,25,36,113,632,1734,1898,1317,1101,1193,1190,1279,1393,1363,1212,1066,768,793,616,416,281,176,82
216,97,3,210407,37,29,26,36,99,493,1259,1112,1108,975,927,1005,1076,1270,1181,1154,1097,1228,850,609,375,292,229,141
216,98,4,210408,57,34,36,33,121,512,1093,1699,850,1212,1137,1133,1170,1395,1344,1328,1344,1534,1213,787,471,345,270,166
216,99,5,210409,50,35,35,30,133,524,1539,1595,1281,1135,1156,1277,1273,1455,1481,1515,1834,1933,1427,986,636,394,248,183
216,100,6,210410,102,73,46,46,90,143,355,548,876,1097,1430,1598,1606,1694,1705,1590,1596,1572,1174,761,578,451,384,289
216,101,7,210411,130,110,60,55,34,49,107,135,277,639,1027,1225,1450,1654,1813,1958,1959,1945,1632,1167,951,597,268,129
216,102,1,210412,53,30,24,40,149,621,1208,1864,1281,1083,1007,1026,1050,1120,1126,1059,1181,1281,963,589,320,240,166,83
216,103,2,210413,40,43,47,48,127,557,1707,1072,825,1008,1012,983,1004,1170,1117,1098,1259,1468,1015,608,337,294,230,142
216,104,3,210414,67,46,56,51,128,567,1702,1839,1268,1119,1133,1069,1122,1190,1161,1254,1364,1560,1091,685,407,289,198,129
216,105,4,210415,62,50,43,53,138,593,1716,1828,1271,1084,1045,1063,1158,1294,1274,1304,1413,1614,1211,665,454,317,209,109
216,106,5,210416,67,54,43,53,141,527,1563,1671,1186,1174,1236,1196,1237,1416,1445,1542,1709,1774,1405,949,522,372,291,179
216,107,6,210417,113,55,48,42,50,142,349,538,873,1105,1315,1431,1368,1552,1533,1509,1481,1415,1063,682,453,443,377,283
216,108,7,210418,179,73,54,42,36,47,99,188,252,529,866,1086,1311,1501,1506,1484,1648,1591,1243,994,757,610,329,160
216,109,1,210419,59,26,22,36,139,654,1830,1161,1020,1151,1133,1136,1131,1234,1255,1289,1466,1568,1154,733,480,293,171,72
216,110,2,210420,33,35,29,43,112,621,1769,1786,1328,1142,1119,1041,973,1205,1126,1190,1375,1557,1152,746,481,325,203,98
216,111,3,210421,49,37,34,32,118,593,1751,1919,1263,1176,1221,1139,1080,1266,1241,1255,1518,1685,1185,717,434,325,188,133
216,112,4,210422,74,29,27,49,117,585,1730,1945,1304,1175,1125,1122,1154,1225,1218,1234,1438,1586,1200,781,474,318,255,120
216,113,5,210423,68,27,30,41,118,552,1633,1726,1325,1208,1304,1285,1275,1472,1461,1612,1890,1779,1519,1136,730,465,312,202
216,114,6,210424,136,68,41,48,78,180,387,647,934,1360,1484,1606,1571,1557,1750,1665,1759,1699,1400,995,689,515,384,263
216,115,7,210425,160,106,56,44,36,62,120,167,354,745,1100,1277,1410,1500,1720,1978,2165,2197,1816,1459,1117,782,421,205
216,116,1,210426,58,34,22,33,144,689,1838,1893,1344,1171,1131,1116,1158,1213,1220,1226,1370,1529,1186,695,508,344,199,146
216,117,2,210427,62,39,42,47,136,681,1817,1909,1311,1084,1068,1051,1052,1177,1219,1272,1490,1652,1206,735,470,356,220,111
216,118,3,210428,49,44,39,45,128,626,1747,1831,705,1127,1061,1103,1072,982,1152,1302,1482,1668,1241,798,499,383,224,123
216,119,4,210429,76,44,28,43,132,653,1477,1927,1328,1080,1014,1075,1150,935,517,759,985,1397,680,723,388,157,220,124
216,120,5,210430,67,53,38,44,128,304,864,880,1006,932,1143,1186,1200,1431,1496,1599,1882,1774,1423,767,323,403,263,209
216,121,6,210501,145,79,67,60,84,121,312,466,821,1020,1241,1476,1551,677,339,1291,869,481,381,679,459,547,466,350
216,122,7,210502,190,141,99,69,95,59,94,167,256,493,706,1042,1181,1263,1346,1302,1431,1110,1124,753,716,630,410,190
216,123,1,210503,75,53,40,55,124,738,1854,1062,1233,1147,1071,1106,1017,1156,1097,1167,1383,1547,1228,778,490,330,205,123
216,124,2,210504,58,40,35,57,120,612,1796,1858,1290,1093,1024,1075,984,1127,1155,1218,1348,1566,1198,728,472,338,226,125
216,125,3,210505,69,33,32,54,132,628,1729,1745,1244,1050,1002,1007,1036,1277,1190,1149,801,1004,1136,711,419,293,221,136
216,126,4,210506,69,49,37,55,133,648,1755,1837,1289,1104,1012,997,1115,1243,1094,771,857,770,618,210,421,219,248,129
216,127,5,210507,82,66,40,68,126,510,1641,1180,1207,1107,913,1001,1181,1011,1422,1225,1712,1752,1408,959,684,354,277,170
216,128,6,210508,143,89,61,78,110,144,454,674,1011,1360,1448,1544,1410,1508,1449,1580,1605,1687,1371,1026,732,575,393,265
216,129,7,210509,192,118,85,46,74,57,114,179,456,827,1266,1414,1321,1495,1641,2008,2328,2475,1980,1576,1163,744,395,197
216,130,1,210510,81,41,26,53,157,743,1899,1922,1347,1187,1076,1005,1058,1117,1155,1153,1351,1571,1136,716,441,336,221,101
216,131,2,210511,53,42,47,45,111,623,1850,1850,1353,1056,1110,1001,1049,1099,1043,1173,625,1559,1094,673,390,339,224,98
216,132,3,210512,47,45,32,50,137,608,1779,912,682,615,972,1141,1128,1433,1430,1473,1619,1626,1347,923,573,431,277,172
216,133,7,210513,110,72,55,55,92,90,171,315,553,879,1178,1157,1089,1196,1109,1070,1191,1081,884,744,514,475,297,215
216,134,5,210514,103,56,43,68,115,303,929,1053,1141,1366,1477,1410,1334,1484,1577,1617,1563,1636,1376,909,603,379,262,205
216,135,6,210515,130,81,50,45,85,124,303,492,804,1134,1410,1456,1434,1600,1708,1614,658,1216,737,607,311,441,376,282
216,136,7,210516,179,102,77,67,63,66,117,95,304,575,1169,1651,1793,2082,2137,1549,1024,1057,1032,1111,676,730,328,182
216,137,1,210517,90,63,53,58,130,727,1687,965,1203,680,934,1067,1082,1254,1130,1150,1276,1385,1052,723,431,318,249,153
216,138,2,210518,72,25,48,41,119,656,1783,1818,1284,1006,988,938,943,1106,1127,1137,1347,1528,1185,727,438,317,172,107
216,139,3,210519,57,41,33,50,146,605,1779,968,115,866,765,999,1008,1064,861,1229,1366,1449,1193,722,426,334,242,143
216,140,4,210520,71,44,46,47,138,654,1778,1023,962,599,874,936,1047,1145,1161,1217,1477,1509,1251,830,530,415,264,138
216,141,5,210521,74,51,42,61,129,582,1657,1691,1220,1037,1080,844,1134,714,1028,755,1812,1802,307,460,588,396,310,191
216,142,6,210522,136,79,79,57,97,171,378,579,721,1329,1462,1479,1470,1423,1504,1426,1429,1346,985,713,566,420,344,238
216,143,7,210523,179,110,88,56,80,63,121,140,355,707,1041,1176,1213,1313,1327,1483,1666,1744,1589,1322,980,736,447,284
216,144,7,210524,144,107,79,64,90,76,149,201,337,680,1197,1710,2009,2227,2514,2072,2096,2072,1570,1389,972,589,349,177
216,145,2,210525,65,56,54,57,196,787,1998,2110,1489,1146,1118,1146,1130,1228,1236,1259,1428,1638,1258,756,513,301,253,142
216,146,3,210526,65,44,34,56,147,692,1856,1943,1338,1081,1079,1056,1153,1313,1267,1257,1445,1639,1212,802,509,275,285,143
216,147,4,210527,80,64,44,44,142,654,1405,1198,1085,1063,746,952,1081,833,1226,1261,1464,1609,1260,759,416,305,253,160
216,148,5,210528,81,42,39,65,132,654,1705,1814,1327,1151,1226,1157,1225,1471,1483,1641,1850,1871,1529,1096,736,517,373,232
216,149,6,210529,160,85,77,58,113,160,447,701,1010,1229,1401,1493,1515,1546,1599,1574,1573,1480,1365,974,748,530,447,320
216,150,7,210530,194,127,85,68,93,82,142,209,426,776,1177,1289,1279,1481,1812,2146,2401,2426,2043,1673,1311,802,434,188
216,151,1,210531,90,59,38,40,170,805,1921,2034,1395,1225,1128,1081,1005,1203,1127,1241,1368,1627,1243,785,573,383,275,116
216,152,2,210601,66,41,49,54,144,695,1911,2074,1366,1138,1046,1026,968,1169,1150,1287,1546,1687,1252,814,510,410,323,154
216,153,3,210602,58,38,36,60,138,642,1926,1949,1358,1173,1092,1096,1105,1226,1313,1349,1519,1729,1411,915,473,394,296,183
216,154,4,210603,88,67,30,53,139,469,1099,1194,1039,998,1007,1085,1000,1130,1291,1423,1607,1925,1645,952,675,469,335,168
216,155,5,210604,85,49,54,51,129,535,1544,1598,1302,1124,1178,1221,1206,1394,1540,1642,1825,1889,1527,1025,689,496,383,291
216,156,6,210605,155,104,66,58,112,168,386,713,960,1189,1406,1477,1477,1338,1206,1678,1678,1585,1083,845,660,565,473,342
216,157,7,210606,215,139,87,80,84,62,166,209,432,715,1065,1500,1833,2030,1815,2262,2290,2234,1720,453,810,658,462,225
216,158,1,210607,92,64,42,70,188,764,717,1539,1306,678,805,1015,1033,1257,1157,1251,1350,1555,1238,783,474,364,66,100
216,159,2,210608,65,47,37,45,144,660,993,812,1306,1081,1082,1117,970,1112,1099,1193,1291,1527,1243,736,503,326,235,135
216,160,3,210609,48,32,33,48,143,668,1846,1505,719,938,1023,1079,1049,1238,1237,1240,1423,1633,1286,781,493,377,269,154
216,161,4,210610,72,47,40,54,157,695,1904,2055,1339,1169,1088,1115,1073,1175,1231,1441,1685,1772,1461,835,553,381,298,183
216,162,5,210611,63,46,39,43,126,623,1808,1832,1317,1181,1150,1216,1233,1544,1535,1701,1867,1899,1579,1111,726,503,393,263
216,163,6,210612,152,95,56,52,101,184,461,743,1073,1248,1490,1517,1511,1541,1708,1518,1664,1658,1484,1009,793,638,571,398
216,164,7,210613,216,133,75,46,72,94,165,276,508,852,1203,1416,1612,1624,2117,2220,2509,2571,2476,2030,1659,1047,459,237
216,165,1,210614,124,58,48,60,165,799,2023,2141,1540,1201,1157,1120,1080,1275,1243,1373,1527,1727,1317,852,594,427,317,163
216,166,2,210615,66,42,46,63,146,693,1960,2108,1439,1146,1106,1008,1088,1181,1260,1322,1524,1780,1343,842,598,427,304,151
216,167,3,210616,81,41,49,51,149,692,1864,2023,1385,1215,1070,1129,1143,1324,1353,1389,1561,1774,1349,821,604,400,329,229
216,168,4,210617,83,35,39,47,153,711,1881,2073,1455,1159,1098,1135,1087,1252,1301,1347,1594,1633,1350,861,599,445,364,200
216,169,5,210618,79,63,45,52,156,635,1716,1876,1305,1157,1297,1300,1419,1459,1559,1701,1921,1761,1511,1026,737,440,344,212
216,170,6,210619,171,81,65,59,131,179,494,723,1058,1290,1477,1575,1574,1616,1644,1614,1624,1670,1326,998,802,750,570,466
216,171,7,210620,269,167,79,61,96,79,159,244,502,840,1175,1400,1572,1803,2108,2410,2177,2499,2239,1560,1268,946,510,248
216,172,1,210621,123,80,51,50,167,821,2034,2208,1468,1218,1157,1027,1105,1265,1263,1322,1565,1775,1377,844,571,339,269,194
216,173,2,210622,70,62,43,53,158,732,1922,2073,1362,1155,1109,1126,991,1185,1311,1280,1403,1620,1283,795,434,325,309,175
216,174,3,210623,60,46,42,53,137,452,1697,1994,1389,1133,1125,1130,1189,1361,1378,1379,1606,1817,1354,788,544,300,350,179
216,175,4,210624,66,48,39,48,172,719,1939,2047,1357,1151,1144,1127,1125,1340,1371,1465,1605,1766,1066,916,522,376,303,200
216,176,5,210625,78,33,45,55,144,605,1715,1793,1053,859,1196,1330,1398,1556,1590,1778,1889,1959,1660,1145,740,583,450,337
216,177,6,210626,192,119,90,84,131,204,488,687,1100,1358,1625,1827,1650,1700,1747,1812,1855,1810,1521,1067,834,633,512,421
216,178,7,210627,293,131,75,72,98,104,180,289,538,860,1271,1567,1628,1839,2166,2528,2497,2676,2563,2457,1817,1033,557,271
216,179,1,210628,107,52,42,57,169,649,1617,2120,1493,1177,1224,1217,1242,1339,1350,1474,1586,1683,1309,842,571,361,259,128
216,180,2,210629,142,49,44,47,108,630,1843,2112,1379,1177,1107,1091,1086,1318,1357,1209,1207,1690,1137,640,435,352,291,146
216,181,3,210630,59,54,27,56,137,658,1092,1064,1388,1162,1179,1199,1217,1398,1408,1429,1504,1766,1391,832,581,420,314,148
216,182,4,210701,97,47,51,59,147,681,1121,1102,1293,1184,1136,1192,1187,1317,1203,1011,1555,1441,943,367,533,464,334,175
216,183,5,210702,88,56,39,67,152,664,1748,1738,1329,1201,1208,1260,1365,1504,1647,1848,2056,2005,1362,805,545,448,351,216
216,184,6,210703,225,108,70,67,148,184,450,688,1084,1265,1558,1688,1558,1803,1795,1859,2115,1987,1244,709,121,438,429,338
216,185,7,210704,243,139,105,117,100,99,156,238,398,760,1084,1489,1725,1900,2214,2329,1358,1489,1528,806,1005,653,407,185
216,186,1,210705,78,70,44,65,175,833,2022,2056,1511,1142,1229,1170,1099,1323,1274,1309,1544,1777,1382,863,550,387,302,186
216,187,2,210706,75,56,46,47,134,701,1903,2126,1368,1130,1080,1078,1016,1252,1212,1355,1509,1743,1413,848,512,196,294,127
216,188,3,210707,100,52,38,46,106,668,1901,1020,726,812,668,1222,1251,1334,980,1088,1637,1733,1353,830,520,417,296,151
216,189,4,210708,78,47,41,51,145,587,1825,1206,827,742,1079,1425,1116,1185,1449,1526,1631,1807,1209,806,461,373,221,122
216,190,5,210709,81,40,49,76,153,578,1694,1668,822,1099,1213,1343,1367,1454,1624,1641,1793,1939,1634,1112,766,587,442,288
216,191,6,210710,190,121,86,85,156,210,456,693,1028,1267,1673,1798,1683,1830,1839,1859,1922,1884,1522,1094,842,687,495,327
216,192,7,210711,203,139,105,73,106,98,177,256,496,802,1197,1542,1701,1718,2064,2421,2531,2666,2475,2030,1422,1107,597,291
216,193,1,210712,212,126,59,56,162,763,1948,1941,1415,1268,1248,1245,1195,1442,1485,1591,1734,1977,1546,1289,670,586,361,179
216,194,2,210713,89,51,44,56,128,604,1424,1580,1308,1094,1173,1270,1203,1337,960,1269,1540,1392,926,1293,941,414,314,135
216,195,3,210714,51,54,45,58,139,644,1589,1169,967,261,765,1198,1177,981,1402,1401,1495,1725,766,225,508,341,302,167
216,196,4,210715,76,48,41,51,146,597,851,1572,1017,692,467,358,1266,1006,948,1260,1451,1525,1315,507,472,356,284,143
216,197,5,210716,77,46,43,77,128,566,1577,1539,1173,1094,1196,1310,1364,1550,1671,1614,1661,1897,1516,1078,708,499,368,280
216,198,6,210717,172,107,73,76,130,168,417,644,266,311,1314,1697,1744,1933,1872,1666,1553,1426,1176,839,602,486,404,271
216,199,7,210718,188,114,86,56,95,109,143,196,267,630,1062,1392,1603,1888,1875,2248,2309,2170,1639,1490,1208,791,430,215
216,200,1,210719,99,59,61,76,161,720,1760,1765,1268,1150,1134,1152,1090,1160,1279,1281,1505,1638,1314,1016,681,480,350,143
216,201,2,210720,85,51,42,63,120,604,1650,1692,1268,1130,1162,1096,1015,1119,1262,1344,1562,1767,1374,925,659,459,354,185
216,202,3,210721,73,64,40,53,142,628,1668,1561,1235,1199,1185,1169,1152,1270,1355,1462,1526,1763,1503,1220,720,510,427,185
216,203,4,210722,91,60,38,60,153,592,1624,1565,1242,1142,1248,1311,1245,1467,1488,1527,1638,1811,1439,1252,735,532,406,211
216,204,5,210723,98,63,51,88,154,565,1461,1402,1156,1156,1287,1388,1401,1601,1744,1926,2051,2060,1704,1231,915,747,509,268
216,205,6,210724,160,127,99,97,136,178,385,601,807,1242,1717,2136,1971,2049,2284,2222,2035,1589,1426,833,637,526,375,276
216,206,7,210725,180,132,100,94,113,95,163,128,228,730,1195,1730,2018,1248,1470,2090,2105,1657,1505,1242,1047,681,393,190
216,207,1,210726,109,61,50,54,152,587,1389,1368,1108,1164,1193,1238,1219,1384,1332,1197,1129,1435,1008,590,374,52,198,131
216,208,2,210727,62,59,32,59,131,498,1304,1371,1155,1102,1234,1177,1153,1277,1236,1232,1360,1465,1217,706,510,375,279,124
216,209,3,210728,77,45,29,59,127,496,1173,908,977,989,1094,614,732,1284,1326,1315,1454,1337,1133,712,519,365,309,152
216,210,4,210729,80,46,40,91,115,500,1235,1368,1121,1199,1269,1147,1038,1225,1360,1553,1634,1740,1503,1308,1207,460,360,222
216,211,5,210730,104,64,43,66,148,441,1219,1164,966,1012,1240,1415,1442,1618,1816,2014,1952,1817,1420,1026,802,573,379,275
216,212,6,210731,140,114,77,80,126,155,330,425,703,1150,1702,2106,2016,2013,2266,2121,2039,1863,1465,967,680,562,508,379
216,213,7,210801,293,215,122,96,107,72,139,154,306,541,679,1355,1445,1238,1330,1783,1675,1441,1321,991,857,676,555,366
216,214,1,210802,159,71,55,66,138,593,1341,1457,1121,1205,1335,1427,1390,1516,1447,1513,1636,1814,1456,994,689,512,310,131
216,215,2,210803,94,51,41,55,122,501,1298,1357,1170,1093,1196,1181,1218,1319,1414,1407,1463,1537,1269,810,498,327,270,142
216,216,3,210804,67,49,39,53,132,465,1253,470,976,1118,1171,1316,1070,605,1380,935,995,279,240,316,518,332,143,26
216,217,4,210805,83,41,35,51,122,473,1032,610,981,1143,729,1112,1244,1400,1381,1409,1286,327,198,337,581,387,329,157
216,218,5,210806,122,47,44,58,136,435,1253,1184,1048,1145,1311,1399,1373,1541,1668,1953,2102,2112,1791,1411,1038,758,522,342
216,219,6,210807,197,122,91,64,118,141,337,484,810,1176,1625,2063,2089,2086,2259,2250,1710,999,914,1048,939,472,242,173
216,220,7,210808,87,44,65,111,133,103,162,228,443,731,1203,1625,1857,1855,2329,2394,2382,2298,1799,1536,1155,892,588,287
216,221,1,210809,112,67,53,54,168,684,1731,1750,1355,1225,1289,1295,1186,1357,1368,1511,1634,1787,1421,929,649,520,340,161
216,222,2,210810,80,44,43,40,140,568,1688,1719,1347,1171,1215,1166,1088,1300,1307,1531,1673,1909,1614,1051,742,531,386,193
216,223,3,210811,71,60,47,55,137,597,1746,1713,1299,1183,1314,1228,1250,1420,1374,1625,1838,1811,1547,1291,942,568,366,225
216,224,4,210812,104,68,52,58,154,592,1709,1774,1346,1167,1268,1278,1419,1538,1587,1657,1841,1963,1671,1304,1108,952,455,197
216,225,5,210813,119,64,50,58,148,515,1615,1487,1208,1166,1432,1469,1501,1628,1651,1942,2532,2173,1969,1473,1040,652,408,251
216,226,6,210814,188,114,87,84,141,202,430,685,979,1340,1684,2014,1970,2015,2119,2028,2178,2134,1976,1676,1405,933,725,469
216,227,7,210815,358,242,153,107,147,93,186,301,564,991,1328,1683,1905,2046,2323,2521,2524,2669,2761,2402,2021,1331,727,352
216,228,1,210816,133,108,61,53,169,718,1847,1987,1467,1236,1238,1372,1348,1251,1473,1439,1591,1734,1337,859,581,456,291,133
216,229,2,210817,75,46,54,37,127,599,1858,1846,737,1053,1128,1134,1190,1303,1306,1272,1610,1808,1452,909,596,421,329,145
216,230,3,210818,84,51,34,52,121,620,1839,1979,1397,1188,1207,1173,1208,1313,1426,1562,1773,1916,1633,1034,727,471,318,185
216,231,4,210819,76,55,40,51,143,639,1853,1952,1444,1136,1206,1248,1171,1401,1535,1588,1827,1923,1639,1222,730,538,368,202
216,232,5,210820,95,73,77,63,147,583,1659,1771,1334,1199,1309,1361,1414,1578,1748,2080,2238,2299,1888,1260,860,698,525,305
216,233,6,210821,183,129,73,73,109,208,478,794,1087,1397,1669,1859,1810,1833,1788,2165,2166,2377,1992,1550,1231,1029,688,427
216,234,7,210822,276,181,108,84,126,91,189,238,507,894,1380,2020,2166,2101,2306,2425,2247,1669,925,1640,946,733,434,190
216,235,1,210823,92,65,58,58,156,493,1652,2047,1474,1184,1186,1167,1150,1309,1381,1393,1377,1727,1552,875,550,435,285,137
216,236,2,210824,79,50,42,50,146,691,1929,2073,1405,1145,1094,1168,1171,1275,1306,1324,1585,1731,1347,825,528,426,323,155
216,237,3,210825,73,49,36,51,151,671,1894,1980,1445,1151,1150,1217,1226,1296,1390,1505,1723,1943,1644,1003,655,471,341,172
216,238,4,210826,91,49,27,62,151,677,1873,2208,1419,1188,1204,1138,1196,1405,1494,1592,1735,1943,1709,990,601,466,299,159
216,239,5,210827,170,61,56,59,142,599,1753,1553,1306,1269,1303,1450,1465,1712,1709,1949,2131,2049,1798,1204,844,618,433,304
216,240,6,210828,214,121,87,71,148,205,458,770,1049,1356,1599,1752,1829,1886,2010,1939,1910,1767,1382,958,772,640,497,398
216,241,7,210829,273,168,96,101,84,95,182,252,465,778,916,1248,1483,1699,1511,1401,1890,1623,893,1098,763,275,136,27
216,242,1,210830,85,74,52,51,170,284,1838,2110,1311,1122,781,1153,1205,1225,1106,1332,1482,1638,1304,813,485,357,170,126
216,243,2,210831,75,51,42,48,165,662,1211,630,981,962,1098,1029,1121,1299,1348,1374,1621,1761,1405,811,540,432,296,123
216,244,3,210901,82,52,50,45,163,682,1965,2087,1469,1228,1131,1169,1138,1367,1324,1434,1782,1770,1551,1152,751,510,306,158
216,245,4,210902,66,51,43,56,154,666,1927,2096,1404,1164,1157,1125,1246,1436,1436,1605,1685,1925,1532,1252,935,532,315,214
216,246,5,210903,101,65,53,58,168,631,1743,1910,1370,1193,1225,1325,1409,1526,1671,1934,2127,2262,1871,1207,836,597,456,274
216,247,6,210904,177,122,68,94,119,220,509,749,1037,1287,1533,1765,1776,1932,1989,2049,2296,2575,2239,1459,1014,764,574,389
216,248,7,210905,248,162,107,98,100,133,206,312,608,907,1361,1621,1747,1945,2188,2476,2627,2714,2763,2579,2539,1567,688,281
216,249,1,210906,102,71,52,77,177,825,2034,2214,1476,1191,1191,1258,1130,1294,1316,1473,1625,1795,1607,900,648,462,284,153
216,250,2,210907,61,58,36,51,153,707,1907,2159,1502,1083,1099,1082,988,1218,1306,1402,1695,1890,1458,941,576,437,272,146
216,251,3,210908,60,40,39,51,157,678,1970,2067,1445,1289,1253,1174,1243,1369,1446,1513,1765,1958,1579,985,704,443,307,158
216,252,4,210909,79,41,50,56,152,532,975,1654,1422,1219,1248,1319,1251,1399,1367,1628,1836,1820,1509,943,623,480,313,173
216,253,5,210910,69,52,49,47,152,574,1759,1925,1287,1166,1215,1386,1351,1610,1735,2062,2054,2094,1705,827,490,583,421,261
216,254,6,210911,178,100,59,73,145,206,488,703,1126,1298,1615,1864,1822,1940,1914,1931,2148,1995,1569,1091,749,619,527,396
216,255,7,210912,247,153,114,74,106,83,189,295,528,832,1288,1530,1697,1927,2298,2530,2622,2671,2643,2462,2246,1090,536,230
216,256,1,210913,114,59,43,73,167,804,2012,2168,1470,1135,1152,1105,1222,1398,1358,1555,1746,1953,1558,1263,1097,480,360,167
216,257,2,210914,82,52,49,65,140,691,1939,2198,1441,1192,1135,1074,1102,1264,1260,1494,1739,1865,1543,896,599,378,286,148
216,258,3,210915,68,38,35,66,134,660,1927,2039,1461,1102,1150,1197,1190,1397,1441,1382,1624,1782,1452,921,594,362,275,155
216,259,4,210916,82,54,38,46,148,707,1900,2095,1366,1034,1140,1180,1262,1443,1522,1549,1447,945,1323,808,513,364,297,173
216,260,5,210917,91,46,51,62,143,498,1760,1011,443,1133,1206,1378,1335,1557,1606,1784,1999,2118,1718,1198,740,563,409,328
216,261,6,210918,183,97,77,88,130,222,453,763,1090,1220,1570,1717,1777,1774,1951,2099,2377,2511,2026,1427,994,717,538,355
216,262,7,210919,251,157,92,84,99,88,159,214,390,773,1322,1594,2036,1891,1436,1291,1408,2120,2574,2075,1202,738,442,197
216,263,1,210920,92,48,46,68,144,782,1594,1045,1463,675,969,1091,1109,1344,1283,1331,1504,1630,1250,810,500,258,207,242
216,264,2,210921,75,71,47,54,138,754,1922,2088,1510,1123,996,1110,1024,1149,1227,1337,1548,1805,1476,858,518,330,348,172
216,265,3,210922,107,63,63,52,133,706,1965,2086,1471,1171,1083,1119,1153,1372,1317,1481,1765,1871,1511,931,599,401,312,158
216,266,4,210923,77,55,42,48,148,691,1959,2165,1438,1221,1125,1175,1113,1319,1391,1529,1785,1892,1680,1145,612,462,310,193
216,267,5,210924,91,54,47,57,156,594,1775,1944,1449,1196,1213,1312,1384,1623,1646,2074,2233,2357,1967,1312,863,570,460,334
216,268,6,210925,190,97,78,76,126,233,585,801,1086,1382,1568,1767,1722,1966,1985,2025,2338,2574,2325,1542,940,702,554,376
216,269,7,210926,241,149,97,82,138,89,188,269,529,831,1295,1679,2128,2221,2493,2475,2566,2453,2016,1128,1112,680,361,172
216,270,1,210927,64,63,49,65,176,828,2071,2163,1497,1050,1155,1163,1127,1285,1236,1448,1624,1790,1401,906,540,377,243,125
216,271,2,210928,52,60,44,36,151,715,1860,1987,1354,1239,1135,1065,1043,1090,1116,1306,1610,1744,1397,867,497,397,270,144
216,272,3,210929,57,40,38,52,163,672,1937,2103,1280,699,1159,1222,1205,1405,1389,1412,1519,1628,1453,866,587,369,278,175
216,273,4,210930,73,42,51,54,168,249,1416,2170,1405,1133,1190,1130,1183,1436,1498,1589,1834,1977,1621,991,581,431,314,176
216,274,5,211001,94,67,54,69,152,615,1802,1821,1342,1182,1220,1295,1407,1573,1773,1837,2225,2242,1893,1269,798,496,407,283
216,275,6,211002,150,99,71,93,143,199,478,729,1089,1283,1562,1666,1751,1887,1994,2175,2311,2332,1833,1200,850,605,488,354
216,276,7,211003,213,146,96,79,124,94,163,236,503,836,1256,1562,1751,2022,2371,2630,2704,2708,2605,1773,1267,740,373,195
216,277,1,211004,94,62,60,60,188,788,1961,2069,1363,1059,1194,1123,803,1388,1272,1294,1465,1553,1208,715,458,362,255,119
216,278,2,211005,72,65,34,55,145,586,960,1377,1253,1091,1079,1114,1118,1268,630,696,942,1564,588,710,491,347,273,123
216,279,3,211006,67,36,42,52,141,630,1085,1869,1356,820,914,1175,1195,1370,1367,1454,1568,1653,1362,759,480,338,274,135
216,280,4,211007,73,42,29,59,135,584,829,1998,1328,994,1128,1180,1241,1356,1382,1426,1628,1840,1410,781,544,387,257,150
216,281,5,211008,83,50,52,56,159,585,1686,1713,1301,1157,1252,1233,1371,1554,1775,1933,2172,2135,1791,1240,740,497,401,406
216,282,6,211009,192,101,84,59,141,194,445,707,1024,1242,1546,1635,1927,2040,2142,2257,2282,2308,1808,1271,807,568,479,349
216,283,7,211010,245,130,87,70,112,88,175,243,415,708,1108,1425,1558,1994,2045,2560,2653,2782,2543,2478,1660,979,505,218
216,284,1,211011,107,57,47,65,189,725,1932,1883,1389,1280,1282,1308,1268,1423,1365,1731,1931,2162,1637,1012,634,423,280,133
216,285,2,211012,77,46,43,46,131,665,1900,1859,1282,1162,1200,1188,1244,1344,1502,1374,1750,1765,1344,748,465,383,268,123
216,286,3,211013,71,50,49,49,48,261,1796,1266,1251,1174,1112,1219,1281,1378,1449,1487,1663,1816,1391,882,570,391,283,136
216,287,4,211014,87,41,45,52,140,637,1774,1893,1371,1186,1294,1206,1287,1364,1397,1815,1957,2199,1796,1294,633,430,288,159
216,288,5,211015,91,54,54,59,133,583,1616,1659,1339,1209,1291,1304,1544,1722,1906,2131,2372,2392,1981,1351,820,567,362,271
216,289,6,211016,159,116,74,83,113,230,432,638,923,1183,1565,1828,1809,2036,2143,2229,2420,2557,2085,1322,889,693,488,350
216,290,7,211017,225,152,105,65,85,85,173,201,428,730,1139,1444,1716,2006,2322,2460,2675,2802,2496,2655,1581,964,453,185
216,291,1,211018,93,42,57,61,274,823,2040,2135,1437,1262,1270,1225,1206,1344,1384,1544,1777,2045,1595,1015,564,408,241,126
216,292,2,211019,63,46,40,44,139,657,1980,2087,1467,1199,1189,1170,1213,1346,1268,1480,1684,1913,1482,869,509,365,236,127
216,293,3,211020,63,44,39,55,133,618,1942,2053,1495,1283,1304,1224,1146,1341,1596,1695,1996,2309,1733,1030,569,416,272,155
216,294,4,211021,89,38,32,53,132,462,1855,2032,1358,1018,814,717,1283,1466,1479,1546,1692,1755,1389,984,521,371,270,174
216,295,5,211022,71,49,45,47,123,580,1777,1798,1307,1129,812,963,964,1415,1602,1736,1733,1964,1594,1020,692,480,392,331
216,296,6,211023,205,123,88,77,127,188,417,702,972,1128,1522,1578,1675,1797,1851,1832,2067,2092,1679,1095,771,677,547,396
216,297,7,211024,235,223,112,65,104,88,142,225,401,767,1158,1401,1662,1866,2193,2529,2679,2771,2604,2387,1474,868,429,174
216,298,1,211025,84,57,37,48,167,821,2079,2276,1585,1143,1118,1150,1176,1292,1364,1408,1573,1747,1442,884,479,300,250,130
216,299,2,211026,61,45,35,50,154,689,1840,903,1503,1098,1028,1022,1073,1253,1178,1241,1449,1766,1389,842,428,376,267,119
216,300,3,211027,76,32,39,48,152,652,2007,2200,1407,1135,1118,1106,1171,1324,1352,1427,1671,1879,1603,930,545,363,308,149
216,301,4,211028,97,37,35,56,167,682,1778,2232,1543,1177,1129,1125,1154,1303,1317,1509,1771,1955,1605,977,531,387,298,192
216,302,5,211029,60,47,36,57,157,579,1810,1959,1388,1178,1126,1244,1345,1556,1751,1946,2121,2171,1762,1140,687,520,432,337
216,303,6,211030,169,113,75,90,117,169,511,716,1071,1269,1399,1618,1651,1788,2000,2104,2037,1873,1442,918,600,454,443,494
216,304,7,211031,313,144,90,81,63,93,175,270,518,918,1311,1507,1552,1886,2095,2510,2676,2531,1695,1174,866,562,313,188
216,305,1,211101,109,72,50,51,135,463,1044,1090,883,926,1101,461,517,154,948,978,785,713,1109,680,494,358,248,126
216,306,2,211102,78,48,47,62,150,724,2101,2489,1330,1162,1058,1018,1093,1206,1153,1113,956,1278,1231,692,406,337,266,122
216,307,3,211103,55,58,44,60,169,659,2082,2245,1478,1113,1070,1065,1095,728,1160,1333,1375,272,1000,728,389,372,233,129
216,308,4,211104,52,48,44,41,149,674,1691,1056,792,947,1028,1026,1010,1207,1267,1220,1433,1735,1278,786,450,350,270,143
216,309,5,211105,67,38,44,59,155,657,1882,2030,1359,1102,1144,1073,1123,1408,1480,1623,1812,1916,1538,967,569,441,357,295
216,310,6,211106,182,100,62,76,139,165,387,808,1004,1298,1353,1426,1360,1517,1532,1675,2074,1949,1156,738,579,428,464,356
216,311,7,211107,226,137,97,82,128,68,159,185,412,675,997,1168,1253,1593,1883,2284,2536,2475,1782,1415,1039,581,318,145
216,312,1,211108,83,52,41,69,180,655,1282,1017,536,1006,958,963,1009,1223,1139,1229,1453,1614,1189,714,446,322,250,126
216,313,2,211109,56,40,42,49,151,695,2031,2352,1433,1124,978,924,942,1184,1141,1237,1515,1683,1290,729,416,307,241,138
216,314,3,211110,57,40,35,56,151,664,2020,2214,1448,1088,1040,1110,1108,1262,1225,1308,1541,1732,1315,734,463,347,258,151
216,315,4,211111,60,46,48,52,129,683,1490,1558,1512,1119,1004,1047,1050,1208,1298,1450,1618,1899,1331,768,460,359,295,155
216,316,5,211112,88,49,55,51,151,467,806,1323,1344,1052,1085,1079,1181,1295,1488,1640,1961,1932,1554,1027,572,397,318,270
216,317,6,211113,161,86,67,66,112,166,420,737,1056,1099,1257,1427,1246,1524,898,1263,959,1388,843,299,228,421,409,373
216,318,7,211114,244,160,99,102,124,84,136,177,279,554,967,1234,1443,1582,1706,1707,1768,1861,1420,968,765,575,291,172
216,319,1,211115,70,57,41,50,167,766,2152,2347,1596,1097,1017,1008,1068,1015,1153,1207,1425,1638,1207,689,401,296,246,114
216,320,2,211116,39,48,40,46,135,689,2010,2333,1412,1026,940,999,975,1134,1113,1205,1389,1643,1236,669,388,307,268,112
216,321,3,211117,72,35,38,43,142,517,1350,1232,1141,1100,992,1069,1073,1214,1190,1292,1323,1642,695,472,398,294,253,125
216,322,4,211118,57,36,32,56,128,653,1928,2281,1386,1039,1047,1023,1053,1194,1225,1332,1493,1697,1282,682,443,323,245,104
216,323,5,211119,76,41,36,58,137,580,1776,1970,1377,1055,1066,1069,1079,1412,1476,1660,1815,1889,1457,908,595,431,334,262
216,324,6,211120,167,100,59,69,131,172,414,799,1039,1196,1279,1330,1262,1451,1535,1732,1854,1769,1132,759,559,471,436,443
216,325,7,211121,249,156,127,67,105,67,141,157,379,621,945,1213,1279,1569,1931,1373,2232,2606,1303,962,1074,653,304,154
216,326,1,211122,71,54,39,49,181,713,1164,1939,1388,905,511,595,1120,1160,1139,1204,1361,1536,1046,665,397,288,236,83
216,327,2,211123,45,38,29,58,138,699,2010,2265,1395,1021,999,979,968,1131,1124,1243,1427,1624,1215,684,388,339,268,134
216,328,3,211124,44,38,29,40,126,629,2003,2129,1409,1072,987,1093,1144,1159,1271,1411,1633,1755,1323,699,418,300,263,132
216,329,4,211125,63,48,25,49,141,653,1965,2235,1477,1154,994,1028,1087,1212,1254,1295,1683,1494,1175,550,406,339,274,114
216,330,5,211126,68,47,47,59,157,536,1005,1003,749,1081,1098,1014,1097,1088,1451,1349,1096,1680,1369,993,706,437,356,219
216,331,6,211127,105,112,81,79,146,149,393,707,1054,777,1299,1110,1359,1494,1579,1482,1104,572,775,638,486,455,418,375
216,332,7,211128,265,178,110,94,105,102,119,133,346,568,907,1191,1399,1575,1754,1274,1980,1682,1307,914,923,510,270,126
216,333,1,211129,74,54,45,45,176,678,1870,2028,1359,618,757,935,905,651,1106,1136,1278,1361,999,606,325,256,201,103
216,334,2,211130,55,42,38,49,132,552,1785,1910,1233,982,925,938,1015,1024,871,941,947,1348,835,680,386,240,228,136
216,335,3,211201,67,40,33,55,152,573,1797,1972,1041,601,1047,1074,1092,1236,1105,1321,1505,1269,1151,623,262,263,206,146
216,336,4,211202,63,40,27,55,155,691,1848,755,821,936,497,954,237,25,47,988,1103,846,733,648,393,290,175,122
216,337,5,211203,84,45,35,52,138,689,1807,1951,1336,1056,1040,1051,1071,1267,1301,1391,1603,1796,1418,888,550,401,304,186
216,338,6,211204,135,75,46,46,71,148,333,518,696,868,1056,1175,1163,1254,1305,1318,1374,1348,1055,715,521,435,366,301
216,339,7,211205,186,112,68,52,61,69,122,169,309,525,773,1000,1140,1280,1434,1601,1704,1676,1425,1148,937,669,370,187
216,340,1,211206,67,36,28,42,111,553,1451,1567,1073,848,835,844,860,1017,1045,1117,1288,1442,1139,713,442,322,244,150
216,341,2,211207,71,38,30,44,117,583,1530,1652,1132,895,881,891,907,1073,1102,1178,1358,1521,1201,752,466,339,258,158
216,342,3,211208,59,32,25,37,98,489,1281,1383,948,749,738,746,759,898,923,986,1137,1273,1006,630,390,284,216,132
216,343,4,211209,69,37,29,43,113,567,1486,1604,1099,869,856,865,880,1042,1070,1144,1319,1477,1166,731,452,330,250,153
216,344,5,211210,82,45,34,51,135,676,1774,1915,1312,1037,1021,1032,1051,1244,1277,1366,1573,1763,1392,872,539,393,298,183
216,345,6,211211,159,96,50,64,83,181,344,439,704,869,1050,1320,1258,1360,1302,1444,1514,1368,667,637,463,443,403,285
216,346,7,211212,225,135,82,63,74,83,147,204,372,634,932,1205,1375,1543,1729,1931,2055,2021,1718,1385,1130,807,446,226
216,347,1,211213,75,40,31,47,123,614,1611,1740,1192,942,928,938,955,1130,1160,1240,1430,1601,1265,792,490,357,271,166
216,348,2,211214,75,41,32,47,123,616,1616,1745,1195,945,930,940,957,1133,1164,1244,1434,1606,1268,794,492,358,272,167
216,349,3,211215,80,43,34,50,132,659,1727,1865,1278,1010,995,1005,1024,1211,1244,1330,1533,1717,1356,849,526,383,291,178
216,350,4,211216,81,44,34,51,134,670,1756,1896,1299,1027,1011,1022,1041,1231,1265,1352,1558,1745,1378,863,534,390,296,181
216,351,5,211217,98,53,42,62,162,811,2128,2297,1574,1244,1225,1238,1261,1492,1532,1638,1888,2115,1670,1046,648,472,358,219
216,352,6,211218,194,107,66,66,103,214,480,749,1005,1254,1527,1699,1681,1814,1885,1905,1985,1950,1526,1032,754,630,530,434
216,353,7,211219,250,150,91,70,82,92,164,227,415,706,1038,1342,1531,1719,1925,2150,2288,2251,1913,1542,1258,898,497,251
216,354,1,211220,81,44,34,51,134,669,1755,1895,1298,1026,1010,1021,1040,1231,1264,1351,1557,1744,1377,863,534,389,295,181
216,355,2,211221,82,45,35,51,136,677,1776,1918,1314,1039,1023,1034,1053,1246,1279,1367,1576,1766,1394,873,541,394,299,183
216,356,3,211222,88,48,37,55,146,727,1906,2058,1410,1115,1098,1109,1130,1337,1373,1468,1692,1895,1496,937,580,423,321,197
216,357,4,211223,89,48,37,56,146,731,1918,2070,1418,1121,1104,1116,1136,1345,1381,1476,1702,1906,1505,943,584,425,323,198
216,358,5,211224,70,38,30,44,116,577,1513,1633,1119,884,871,880,896,1061,1089,1164,1342,1503,1187,744,460,336,255,156
216,359,7,211225,302,110,71,43,78,44,98,85,256,424,982,1516,1520,1785,1807,1725,1812,1872,1591,1282,1046,747,553,333
216,360,7,211226,209,120,61,42,83,69,109,174,326,561,1286,1765,1894,2034,1785,1734,1856,1889,1828,1473,1202,671,276,85
216,361,1,211227,85,46,36,53,140,698,1830,1976,1353,1070,1054,1065,1084,1283,1318,1408,1624,1818,1436,900,557,406,308,189
216,362,2,211228,76,41,32,47,125,623,1634,1765,1209,956,941,951,968,1146,1177,1258,1450,1624,1283,804,497,363,275,169
216,363,3,211229,77,42,32,48,127,635,1665,1798,1231,973,959,969,986,1167,1199,1282,1477,1655,1307,818,507,369,280,172
216,364,4,211230,90,49,38,57,149,166,83,350,414,1141,1124,1136,1156,1368,1405,1502,1732,1939,1531,959,594,433,328,201
216,365,5,211231,85,46,36,53,140,195,351,538,547,1073,1056,1067,1087,1286,1321,1412,1628,1823,1440,902,558,407,309,189
216,1,7,220101,157,334,208,109,84,59,109,112,159,341,752,1308,1656,1923,2175,2508,2468,2371,2143,1322,1053,820,468,254
216,2,7,220102,137,81,55,69,75,65,141,205,379,734,1472,2202,2509,2650,2658,2596,2515,2580,1939,2505,2381,1921,557,211
216,3,1,220103,91,52,49,50,122,425,1113,1329,918,941,1061,1218,1419,1505,1551,1713,1550,1696,1165,691,508,344,204,97
216,4,2,220104,70,47,41,54,113,374,764,661,671,880,947,1124,1150,1364,1340,1404,1464,1546,1092,718,438,344,200,128
216,5,3,220105,72,43,29,42,103,357,1060,1285,905,880,866,1038,1160,1307,1243,1324,1319,1412,1008,637,399,302,191,98
216,6,4,220106,76,50,41,51,97,298,777,856,745,635,508,956,1062,962,1251,1322,1487,1608,971,688,409,319,213,144
216,7,5,220107,76,44,42,58,111,256,786,1055,934,866,997,1167,1339,1550,1140,380,1802,1642,764,758,562,376,303,205
216,8,6,220108,122,76,44,66,117,144,259,424,552,914,1178,1420,1688,1797,842,1611,2039,1988,1382,887,662,579,436,299
216,9,7,220109,166,129,67,61,83,92,136,155,255,568,845,1025,813,1868,1833,1624,1378,1071,1337,1127,975,536,257,155
216,10,1,220110,69,47,45,41,128,573,1637,1463,861,939,684,931,929,1109,1130,978,1160,1277,746,622,410,275,191,89
216,11,2,220111,36,43,32,46,116,537,1291,1787,1131,847,775,819,712,454,1024,1190,1290,1266,1061,596,360,285,188,93
216,12,3,220112,44,26,30,50,112,500,1596,1503,1046,792,860,937,999,1112,1185,946,932,1258,1050,395,422,292,224,137
216,13,4,220113,64,36,34,47,110,531,1634,1932,1169,863,914,925,968,1161,1197,1328,666,1131,1003,735,434,364,198,116
216,14,5,220114,64,46,23,49,121,473,1484,1541,892,1027,1023,1152,1089,1102,1362,1687,1995,1836,982,694,462,411,304,212
216,15,6,220115,132,83,53,45,102,128,255,508,692,959,1279,1441,1361,1465,1262,1431,1504,2056,2260,1027,645,572,457,333
216,16,7,220116,184,122,72,54,103,67,149,203,343,538,906,1377,1612,2011,1492,1617,1414,2429,2641,2156,2345,2118,1630,206
216,17,1,220117,85,50,41,41,125,663,1676,2076,1369,1006,940,1183,1146,935,1217,1244,790,1395,1107,754,455,278,125,102
216,18,2,220118,51,31,36,39,108,498,1599,1719,936,318,787,850,958,1122,1101,1291,1518,1628,425,638,407,248,232,111
216,19,3,220119,43,42,24,58,99,519,1540,1945,1330,986,965,938,1041,1176,1122,1371,1233,802,1076,595,152,228,231,117
216,20,4,220120,60,33,29,47,121,573,1607,1902,1075,658,708,968,909,1179,1079,849,968,816,160,670,361,297,206,115
216,21,5,220121,65,38,39,51,101,481,1307,1075,699,915,794,797,1099,1097,620,1081,1125,517,794,594,421,337,329,239
216,22,6,220122,145,83,43,55,89,144,314,523,737,937,1120,935,1377,1015,1475,1413,1017,1459,1063,702,503,200,368,320
216,23,7,220123,199,116,73,54,59,76,125,210,329,554,864,1126,1324,1796,2380,2649,1802,2415,2571,2531,2279,1401,485,173
216,24,1,220124,71,36,47,44,136,668,1919,1889,1415,616,945,1035,1044,1172,1203,970,1395,1005,1296,583,344,293,227,111
216,25,2,220125,54,36,30,50,127,484,1680,1945,1299,942,933,873,945,1006,1159,1221,1601,1395,903,744,366,330,152,135
216,26,3,220126,65,39,34,52,119,571,1653,2019,1254,934,881,1003,1092,1148,1204,1473,1197,974,696,763,461,272,221,154
216,27,4,220127,58,38,41,55,131,536,1629,784,1258,895,987,957,1084,1201,1314,1362,1503,895,453,689,411,281,220,130
216,28,5,220128,65,38,26,41,119,499,1479,1719,1142,927,1056,1204,1320,1362,1126,1469,1162,983,914,691,459,442,190,278
216,29,6,220129,149,98,75,71,98,138,292,537,718,814,1359,1748,1710,1822,1865,1830,1833,1889,786,748,638,507,464,318
216,30,7,220130,154,131,86,54,85,63,112,159,302,595,1055,1243,1374,2226,2465,2624,1551,1817,1447,1571,1554,958,36,163
216,31,1,220131,75,44,39,49,131,617,1783,1888,1282,693,578,717,1105,1293,1263,1190,1354,1085,453,475,382,287,183,93
216,32,2,220201,35,27,41,39,105,455,1495,1896,1055,741,599,684,680,712,779,707,1154,467,719,514,324,289,211,114
216,33,3,220202,59,33,37,38,110,496,832,1463,1123,928,961,968,973,854,902,1030,1173,1150,778,555,365,245,180,135
216,34,4,220203,44,38,27,44,108,496,1578,1819,1192,930,829,908,933,1137,1160,1240,1466,1625,905,775,416,294,259,127
216,35,5,220204,64,40,31,41,119,468,1469,1583,896,906,1007,1050,1094,1297,1414,1602,1249,2091,1683,1055,597,414,327,219
216,36,6,220205,123,80,58,69,108,130,334,528,655,816,1093,1865,1867,1706,1813,1927,2338,2340,1805,965,719,522,437,319
216,37,7,220206,205,128,78,68,113,60,119,152,314,573,1001,1461,1648,2194,2506,2584,2648,2537,1956,1779,1608,941,363,147
216,38,1,220207,61,45,37,65,140,561,1588,993,827,881,731,1043,1222,1279,1243,1277,1414,1471,987,683,412,320,227,133
216,39,2,220208,49,40,24,53,128,566,1780,2186,1042,975,939,919,917,1130,1156,1288,1609,1950,1386,813,471,363,218,139
216,40,3,220209,61,34,30,47,111,555,1307,376,980,1030,996,1053,1058,1237,1366,1506,1921,2271,1532,936,550,370,254,141
216,41,4,220210,64,39,28,50,123,575,1727,1502,944,1062,1047,1053,1114,1246,1385,1609,1956,2206,1644,943,529,414,241,154
216,42,5,220211,64,43,30,45,131,535,943,280,1120,834,764,1366,1469,1709,1650,1624,1689,1322,1529,971,722,405,232,252
216,43,6,220212,150,101,59,63,95,157,329,569,789,1147,1877,2440,2195,2172,2347,2372,2572,2607,2326,1233,839,686,521,342
216,44,7,220213,219,118,85,58,79,84,130,198,358,669,941,1730,1864,2281,2664,2600,2687,2534,2593,2442,1890,1411,519,198
216,45,1,220214,75,45,39,63,154,705,1886,2213,1404,1141,1180,1202,1242,1362,1404,1558,1805,1893,1345,831,536,402,264,121
216,46,2,220215,61,29,33,46,136,589,1752,1144,623,525,963,961,599,1026,875,653,1450,1609,1128,670,399,342,243,125
216,47,3,220216,55,39,30,52,124,513,1689,1472,1248,949,934,773,1097,686,871,1069,910,1070,1163,687,442,315,240,130
216,48,4,220217,83,43,29,48,130,522,835,1200,1040,858,934,915,1002,498,1258,1372,1479,1687,1231,806,447,359,255,149
216,49,5,220218,77,46,29,55,134,518,1607,1847,1166,986,1051,1248,1371,1573,1702,1725,2255,2388,2055,1312,920,605,494,275
216,50,6,220219,198,96,65,86,122,147,342,43,69,1090,1797,1464,2627,2513,2214,2033,2041,2116,1647,1021,795,692,521,363
216,51,7,220220,215,151,86,88,125,70,121,194,380,641,1137,1695,1954,2155,2416,2635,2595,2582,1842,1618,1505,1055,432,196
216,52,1,220221,98,57,45,45,185,656,1959,2054,1330,993,603,1139,1166,1244,812,1210,1257,571,805,736,385,274,178,71
216,53,2,220222,57,27,35,57,134,584,1687,1404,871,1087,889,926,1051,1151,1183,1227,1461,1776,1255,754,475,380,241,177
216,54,3,220223,83,43,38,44,145,488,1723,2149,1129,857,898,1058,1178,1304,1297,1400,1778,2044,1584,935,552,403,287,155
216,55,4,220224,75,54,44,74,114,567,1774,1884,1356,1093,1000,1102,1223,1335,1352,1590,1854,2064,1568,911,537,414,302,129
216,56,5,220225,78,44,42,50,147,466,1039,1738,724,680,1142,1378,1534,1730,1805,1985,2202,2227,1867,1221,807,624,415,273
216,57,6,220226,161,80,95,90,144,152,380,676,893,848,1953,2269,2453,2356,2273,2391,2365,1697,2059,1287,992,728,576,488
216,58,7,220227,292,206,114,98,136,115,214,124,396,716,1192,1665,1987,2492,2569,2397,2478,2561,2413,2391,2220,1863,616,219
216,59,1,220228,110,49,34,73,166,691,1446,996,1239,1094,1248,1293,1144,1298,1317,1483,1989,2116,1697,1050,596,419,308,166
216,60,2,220301,70,42,35,51,128,659,1427,981,1124,1038,1073,1037,1128,1191,1298,1445,1896,2034,1432,834,516,380,241,137
216,61,3,220302,60,42,36,65,133,452,1666,2009,1297,1130,1133,1103,1139,1282,1300,1403,1821,1910,1414,893,511,374,255,183
216,62,4,220303,78,51,32,56,150,630,1446,173,997,1065,989,1149,1183,1240,1324,1494,1811,2065,1606,919,559,403,323,150
216,63,5,220304,76,41,39,68,125,570,1587,1783,1241,1097,1190,1374,1404,1600,1754,1972,2318,2476,1933,1408,864,598,448,281
216,64,6,220305,166,99,75,78,147,163,528,894,1148,1509,2234,2546,2507,2333,2302,2254,2544,2557,1771,1162,863,715,538,451
216,65,7,220306,255,148,101,98,103,103,165,304,495,872,1405,1967,1768,2570,2586,2652,2718,2650,2522,1767,1851,1218,486,207
216,66,1,220307,80,34,43,47,170,741,1956,2193,1471,1181,1093,1174,1156,1285,1353,1472,1639,1958,1466,900,556,400,245,120
216,67,2,220308,51,37,47,54,134,665,1741,2150,1349,976,998,987,1010,1227,1168,1340,1521,1816,1401,748,457,327,213,128
216,68,3,220309,65,38,39,48,155,604,1671,2057,1366,1036,986,1040,1052,1257,1351,1401,1667,1865,1459,883,477,343,259,161
216,69,4,220310,82,48,48,48,117,588,1791,2066,1329,1013,956,996,1020,1274,1264,1398,1709,1904,1466,828,493,363,252,169
216,70,5,220311,80,52,52,58,143,561,1603,1750,1217,989,1102,1308,1335,1590,1651,1779,2186,2072,1757,1055,675,491,387,249
216,71,6,220312,163,112,67,82,125,184,391,705,1041,1346,1874,2243,2133,2041,2078,2039,2021,1941,1458,988,703,620,466,279
216,72,7,220313,189,140,72,80,119,78,121,206,430,786,1346,1914,2036,2466,2642,1851,2494,2703,2629,2163,1615,1176,424,173
216,73,1,220314,80,64,57,44,170,749,2051,2362,1476,1179,1139,1224,1253,1253,1372,1358,1574,1730,1389,769,507,369,260,182
216,74,2,220315,47,37,37,54,124,672,1897,2225,1297,1033,957,1084,1083,1207,1201,1247,1408,1576,1206,681,387,296,263,119
216,75,3,220316,54,32,28,49,126,668,1145,902,1182,936,910,1027,1080,1282,1252,1352,1622,1731,1328,778,418,306,237,136
216,76,4,220317,79,33,25,58,132,643,1936,2163,1339,1025,1002,1049,1142,1248,1373,1384,1510,1609,1358,790,456,331,257,136
216,77,5,220318,72,43,37,45,118,604,1727,1859,1285,1084,1097,1336,1193,1484,1579,1647,1781,2055,1685,1050,590,483,358,241
216,78,6,220319,167,114,52,61,130,146,442,608,923,1261,1600,1825,1693,1767,1858,1807,1861,1825,1336,905,600,531,442,348
216,79,7,220320,262,149,98,90,94,80,156,228,463,831,1314,1832,1910,2107,1832,2720,2613,2614,2412,1833,1485,868,378,190
216,80,1,220321,75,41,40,57,157,752,2045,2351,1522,1077,1057,1145,1119,1222,1270,1266,1505,1753,1430,817,537,357,242,130
216,81,2,220322,42,42,37,34,128,715,1909,2271,1401,974,1016,973,990,1139,1159,1234,1523,1796,1290,837,390,338,253,114
216,82,3,220323,49,36,27,37,148,671,1935,2201,1343,1038,989,1061,1045,1231,1310,1304,1562,1935,1438,762,488,352,316,161
216,83,4,220324,66,53,24,53,141,717,1911,2221,1417,1019,1036,1041,1094,1219,1249,1389,1562,1825,1363,728,491,398,277,134
216,84,5,220325,74,41,41,50,149,622,1710,1996,1331,1060,1147,1243,1253,1410,1518,1676,1866,1915,1646,1038,635,480,404,285
216,85,6,220326,164,99,79,88,160,194,459,862,1179,1363,1622,1683,1768,1655,1791,1748,1876,1874,1427,1081,736,581,483,342
216,86,7,220327,211,103,0,111,125,157,167,227,431,813,1186,1635,2038,2149,2447,2652,2718,2684,2230,2076,2015,1180,545,423
216,87,1,220328,185,57,42,48,159,760,2040,2298,1411,1131,1102,1115,1084,1233,1295,1375,1485,1602,1488,896,573,398,300,126
216,88,2,220329,63,45,33,47,129,700,1916,2293,1514,1091,1030,1088,1113,1182,1266,1330,1487,1774,1356,813,451,333,249,122
216,89,3,220330,57,51,32,48,127,640,1910,2199,1469,1099,1083,1092,1036,1150,1336,1251,1410,1630,1295,843,438,361,279,185
216,90,4,220331,77,51,37,57,152,673,1409,1158,856,717,982,993,984,1231,1199,1340,1205,1058,1270,786,491,352,296,252
216,91,5,220401,149,44,38,62,156,591,1632,1959,1265,1028,939,1058,1180,1352,1225,1415,1623,1616,1350,931,575,420,354,238
216,92,6,220402,146,87,78,64,125,141,361,620,917,1017,1273,1322,1332,1390,1335,1312,444,419,724,623,466,368,405,288
216,93,7,220403,195,142,103,77,110,76,110,173,387,638,813,1292,1466,1699,1709,1975,1533,1495,1569,1114,907,646,365,191
216,94,1,220404,74,53,52,48,173,757,2081,1816,1248,1053,972,979,1014,1195,1179,1170,1413,1656,1322,814,510,362,234,229
216,95,2,220405,154,81,67,76,141,726,722,1668,1426,1078,971,880,976,1093,1089,1158,1139,1525,1249,727,387,331,110,136
216,96,3,220406,85,65,52,66,165,703,1923,2227,1318,991,1050,988,1022,1242,1203,1331,1496,1725,1461,837,426,387,305,165
216,97,4,220407,96,69,65,86,171,607,1013,1314,1072,1158,1079,1125,1106,1228,1303,1225,1258,1539,1213,674,390,323,250,172
216,98,5,220408,107,76,51,79,167,647,1709,1908,1286,1151,1058,1111,1142,1371,1409,1497,1756,1832,1221,877,565,463,346,259
216,99,6,220409,181,105,83,77,137,181,429,816,982,836,1142,1533,1361,1351,1395,1390,1329,1269,1069,755,508,507,398,348
216,100,7,220410,252,142,100,81,131,76,159,216,485,651,993,1227,1301,1396,1447,1618,1859,1964,1703,1271,959,677,357,314
216,101,1,220411,256,63,36,55,174,768,1992,2199,1320,1161,1166,1076,1015,1210,1191,1249,1398,1656,1400,779,506,337,274,131
216,102,2,220412,47,24,37,48,150,656,1883,2208,1382,1166,1183,1046,1085,1217,1212,1321,1486,1615,1344,806,476,354,295,139
216,103,3,220413,67,48,52,47,145,655,1904,2043,1370,1193,1178,1130,1064,1224,1305,1357,1554,1829,1308,924,548,422,302,167
216,104,4,220414,74,49,40,74,150,621,1755,1839,1318,1180,1129,1171,1278,1326,1386,1378,1477,1459,1341,925,642,492,357,314
216,105,7,220415,374,143,79,87,143,122,218,281,573,952,1217,1341,1243,1128,1196,1272,1335,1262,1074,775,562,464,344,225
216,106,6,220416,145,95,65,69,112,137,321,525,824,1197,1531,1552,1370,1439,1460,1467,1414,1359,1128,921,721,541,374,273
216,107,7,220417,184,115,73,72,72,75,133,194,415,946,1410,1465,1357,1404,1501,1734,1884,2260,1874,1571,1318,890,576,359
216,108,7,220418,199,118,66,75,98,104,179,261,479,1051,1611,2013,2320,2226,2363,2390,2370,2358,2057,1690,1471,1319,838,611
216,109,2,220419,391,150,75,72,189,741,1967,2065,1537,1393,1301,1340,1309,1549,1638,1638,1732,2217,1709,1016,659,468,300,158
216,110,3,220420,92,62,38,54,144,645,1876,2002,1374,1192,1212,1280,1223,1297,1428,1591,1907,1961,1659,1025,556,477,308,204
216,111,4,220421,72,42,42,59,139,653,1815,2000,1411,1149,1201,1144,1143,1379,1454,1552,1748,2109,1631,1011,605,459,345,167
216,112,5,220422,84,95,59,64,137,577,1675,1683,1256,1215,1275,1297,1306,1480,1668,1839,2053,2166,1853,1369,846,637,534,327
216,113,6,220423,186,120,74,86,116,170,486,695,1000,1237,1486,1590,1481,1743,1917,2078,1862,1933,1594,1126,841,613,456,380
216,114,7,220424,254,179,112,97,94,90,155,255,542,789,947,1158,1385,1423,1522,1548,1685,1773,1421,1147,824,592,363,224
216,115,1,220425,110,48,35,57,173,756,2029,2178,1390,1090,1036,1032,1074,1170,1331,1256,1476,1745,1258,804,495,398,281,131
216,116,2,220426,59,65,59,67,131,715,1977,1616,1005,1021,990,386,949,1121,1185,1159,1375,1722,1275,802,485,373,273,146
216,117,3,220427,49,46,31,55,158,693,1919,1997,1414,1126,1066,1073,1013,1212,1224,1356,1573,1682,1457,927,561,479,283,167
216,118,4,220428,76,47,41,52,136,721,1980,2270,1500,1131,1018,1077,1164,1250,1302,1410,1567,1901,1466,937,650,496,367,188
216,119,5,220429,84,58,41,52,144,637,1758,1918,1419,1156,1168,1177,1223,1427,1674,1699,1941,1965,1683,1145,769,587,446,318
216,120,6,220430,209,115,80,95,124,207,453,709,672,1236,1452,1582,1403,1633,1712,1681,1623,1459,1229,881,591,533,428,350
216,121,7,220501,228,201,117,103,130,111,195,244,473,775,936,1133,1304,1420,1584,1682,1833,1952,1450,1277,920,625,431,210
216,122,1,220502,99,63,52,58,181,793,2173,2121,1423,1150,1066,990,1042,1165,1225,1282,1352,1577,1196,791,526,390,308,130
216,123,2,220503,68,48,38,44,157,736,2097,2258,1429,1126,1041,943,1011,1117,957,1103,1597,1634,1243,740,414,394,337,135
216,124,3,220504,61,42,40,41,155,712,2013,1987,1433,1099,970,1006,1084,1284,1215,1208,1344,1693,1341,831,457,339,259,170
216,125,4,220505,82,54,36,54,158,724,2007,2197,1472,1064,1007,1076,1032,1155,1181,1304,1489,1701,998,735,171,65,253,160
216,126,5,220506,88,55,35,63,159,624,863,1005,599,932,674,925,1148,1382,1323,1484,1851,1796,1556,1065,656,513,435,302
216,127,6,220507,205,97,98,77,136,194,518,804,964,1252,1330,1359,1340,1549,1536,1551,1565,1477,1285,883,653,520,512,371
216,128,7,220508,254,147,99,82,112,86,157,251,489,857,1194,1263,1324,1396,1600,1842,2085,2006,1640,1234,990,684,409,201
216,129,1,220509,100,59,51,64,159,838,2122,2228,1366,1124,1009,979,991,1128,1156,1190,1334,1569,1181,729,485,349,274,115
216,130,2,220510,64,50,39,55,146,770,2082,2241,1500,1143,1016,997,974,1129,1160,1176,1493,1682,1240,797,487,384,314,141
216,131,3,220511,73,35,37,51,133,695,2010,2211,1403,1105,1005,1062,1013,1118,1218,1324,1536,1734,1329,811,547,442,323,165
216,132,4,220512,70,33,47,65,146,706,2063,2115,1495,1143,1030,1020,1052,1224,1315,1274,1595,1738,1329,827,533,417,318,172
216,133,5,220513,67,48,37,62,133,562,986,1012,1251,1075,1126,1115,1169,1473,1466,1561,1697,1848,1479,899,669,528,399,312
216,134,6,220514,169,94,68,79,126,181,532,765,1098,1285,1386,1385,1302,1543,1532,1507,1674,1633,1409,967,772,691,530,393
216,135,7,220515,323,179,105,86,124,87,174,292,574,930,1179,1282,1325,1405,1695,1972,2254,2302,1846,1647,1348,862,529,225
216,136,1,220516,86,46,40,62,156,825,2112,2284,1608,1106,1058,1109,1071,1209,1231,1227,1385,1584,1190,770,477,349,290,158
216,137,2,220517,62,33,31,51,147,737,2001,2262,1456,1122,1027,983,975,1212,1146,1300,1499,1690,1318,850,482,381,325,156
216,138,3,220518,81,40,30,43,150,729,2076,2304,1554,1141,1104,1071,1110,1194,1366,1361,1550,1699,1357,884,537,464,330,176
216,139,4,220519,89,35,36,67,145,786,1967,2355,1539,1109,1104,1079,1082,1269,1219,1431,1563,1722,1343,778,508,423,363,178
216,140,5,220520,76,54,33,52,141,679,1802,2019,1360,1138,1148,1155,1192,1454,1511,1510,1805,2000,1567,1057,728,550,486,319
216,141,6,220521,210,76,71,79,130,186,489,824,1048,1173,1434,1423,1355,1523,1548,1603,1494,1576,1223,919,706,602,568,403
216,142,7,220522,264,147,110,88,102,101,179,316,591,957,1086,1202,1300,1548,1625,1815,2022,1890,1543,1395,1114,709,464,211
216,143,1,220523,127,68,55,54,184,830,2040,2248,1500,1133,1010,1110,1036,1187,1142,1239,1328,1592,1246,746,495,360,310,166
216,144,2,220524,69,53,36,60,155,747,1925,2260,1455,1068,1078,1020,1034,1272,1230,1307,1502,1673,1361,779,515,392,345,191
216,145,3,220525,94,66,49,45,173,739,1900,2112,1476,1195,1217,1221,1260,1405,1439,1391,1738,1853,1514,1085,830,596,475,328
216,146,7,220526,203,134,81,101,172,166,329,487,805,1169,1347,1454,1326,1219,1295,1484,1509,1834,1445,1077,682,621,402,258
216,147,5,220527,104,78,42,58,128,334,945,1165,1221,1350,1441,1329,1341,1499,1608,1716,1878,1890,1514,1111,782,603,438,252
216,148,6,220528,148,101,58,67,158,158,393,597,886,1130,1454,1594,1559,1669,1757,1887,1931,1884,1556,1254,977,755,620,450
216,149,7,220529,336,182,97,93,110,82,172,234,447,895,1495,2355,2563,2267,2763,2880,2631,2538,2263,1668,1500,1294,808,541
216,150,1,220530,326,210,87,65,198,877,2096,2143,1440,1176,1152,1199,1227,1367,1441,1504,1626,1774,1350,860,522,430,324,157
216,151,2,220531,88,45,44,66,174,734,1992,2202,1434,1101,1089,967,1047,1280,1238,1400,1630,1606,1240,783,476,365,297,169
216,152,3,220601,64,58,43,56,165,743,2004,2099,1433,1085,967,1114,1072,1260,1342,1294,1397,1638,1253,774,502,371,313,84
216,153,4,220602,47,25,7,54,169,738,1976,2148,1425,1104,1048,1006,1125,1163,1268,1273,1490,1704,1340,883,502,435,347,186
216,154,5,220603,88,57,49,64,148,664,1773,1880,1294,1114,1116,1126,1164,1450,1585,1560,1715,1704,1464,975,640,475,416,283
216,155,6,220604,179,117,84,88,123,205,450,703,985,1261,1467,1559,1469,1504,1516,1537,1550,1633,1326,1009,769,633,569,398
216,156,7,220605,265,181,127,93,86,105,153,214,425,738,1011,1162,1286,1266,1494,1743,1584,1506,1183,882,824,461,451,286
216,157,7,220606,180,114,70,92,104,145,185,234,495,881,1264,1630,1856,2052,2295,2352,2482,2440,1928,1630,1401,1037,571,286
216,158,2,220607,123,76,57,69,182,885,2167,2352,1591,1218,1170,1200,1193,1284,1197,735,1521,1656,1386,841,503,381,305,140
216,159,3,220608,58,59,49,63,144,765,2032,2193,1364,1093,1037,1139,1106,1309,1292,1374,1519,1650,1387,811,489,401,333,157
216,160,4,220609,78,34,37,60,139,751,1968,2244,1446,1128,1136,1115,1131,1343,1176,1452,1495,1705,1293,792,459,356,336,183
216,161,5,220610,87,46,37,58,140,726,1759,1879,1355,1151,1200,1214,1224,1423,1608,1773,1920,1916,1552,1083,736,596,499,361
216,162,6,220611,168,101,76,72,132,219,519,854,1114,1212,1453,1370,1376,1547,1624,1677,1741,1783,1485,1083,779,685,600,454
216,163,7,220612,267,169,89,91,100,109,200,295,604,899,1134,1325,1470,1547,1697,2066,2274,2433,2085,1841,1611,959,679,299
216,164,1,220613,142,64,48,61,174,858,2157,2281,1511,1169,1094,1109,1145,1303,1277,1336,1417,1582,1167,749,423,400,316,157
216,165,2,220614,73,54,46,44,139,809,2070,2293,1500,1120,1022,991,1007,1122,1193,1314,1518,1758,1287,802,489,455,356,197
216,166,3,220615,81,48,28,62,151,783,1975,2184,1456,1161,1068,1107,1066,1308,1360,1340,1581,1751,1435,883,535,535,364,276
216,167,4,220616,138,87,61,54,136,539,1133,1250,1031,1047,977,1042,1072,1185,1270,1385,1545,1765,1458,926,552,542,386,231
216,168,5,220617,99,67,32,60,145,622,1509,1736,1310,1124,1120,1186,1328,1494,1579,1719,1973,1989,1607,1192,836,695,510,439
216,169,6,220618,219,134,74,82,122,220,497,784,1060,1235,1498,1506,1549,1670,1773,1752,1833,1766,1563,1281,1038,936,801,617
216,170,7,220619,355,188,123,84,108,114,209,308,635,1007,1293,1839,1907,2089,2195,2495,2499,2545,2697,2071,1800,1368,884,368
216,171,1,220620,133,87,65,73,173,894,2148,2325,1557,1206,1143,1199,1141,1228,1297,1304,1462,1679,1313,897,529,488,348,198
216,172,2,220621,64,58,52,65,146,796,2005,2245,1488,1137,1007,1082,1042,1221,1261,1251,1438,1590,1286,955,539,441,346,170
216,173,3,220622,78,61,29,70,147,729,1919,2119,1494,1114,1099,1101,1189,1244,1271,1336,1469,1611,1226,805,444,383,259,245
216,174,4,220623,114,46,34,69,159,791,2051,2219,1502,1070,1052,1088,1147,1373,1322,1482,1638,1846,1424,877,550,504,364,242
216,175,5,220624,127,65,48,70,166,748,1730,1950,1366,1211,1231,1333,1285,1497,1607,1143,1433,1640,1495,1046,765,535,448,425
216,176,6,220625,220,135,97,100,159,216,524,837,1132,1448,1564,1495,1561,1735,1755,1900,1723,1757,1381,1021,880,707,603,586
216,177,7,220626,345,203,154,86,141,110,211,290,581,925,1306,1374,1628,1704,1959,2332,2508,2478,2415,1680,1420,880,580,283
216,178,1,220627,105,67,44,72,189,858,2044,2198,1489,1138,1168,1135,1145,1338,1292,1402,1493,1677,1337,803,489,425,270,155
216,179,2,220628,97,48,30,70,145,778,1990,2176,1443,1119,1103,1053,1071,1193,1298,1341,1387,1634,1268,710,482,340,246,142
216,180,3,220629,79,50,38,70,137,740,1966,2138,1482,1117,1019,1080,1226,1281,1365,1406,1568,1779,1325,833,557,525,403,278
216,181,4,220630,97,47,55,59,165,718,1891,2137,1517,1183,1150,1114,1170,1337,1322,1538,1701,1757,1401,901,609,484,398,219
216,182,5,220701,101,65,45,71,155,606,1722,1882,1330,1188,1188,1261,1399,1610,1628,1647,1803,1868,1413,1084,719,555,456,466
216,183,6,220702,209,151,97,105,164,255,512,801,1052,1385,1466,1609,1662,1655,1739,1753,1809,1816,1540,1126,909,763,616,551
216,184,7,220703,319,170,114,122,146,128,207,307,523,895,1151,1455,1544,1814,2017,2228,2281,2644,2697,2049,1611,1192,678,300
216,185,1,220704,131,67,45,76,176,781,2027,2125,1460,1176,1214,1259,1295,1354,1339,1346,1373,1624,1239,804,493,372,314,153
216,186,2,220705,85,47,39,64,156,739,1936,2173,1418,1168,1126,1034,1134,1243,1280,1273,1417,1693,1387,829,575,465,351,269
216,187,3,220706,87,54,45,63,143,739,1924,2090,1458,1120,1154,1130,1123,1289,1286,1416,1583,1792,1457,911,603,493,370,237
216,188,4,220707,84,54,53,56,153,726,1880,2101,1409,1167,1041,1160,1164,1256,1370,1398,1586,1768,1408,856,603,456,344,272
216,189,5,220708,83,55,50,82,134,695,1697,1840,1271,1180,1167,1203,1331,1499,1645,1613,1857,1811,1515,1134,768,603,468,375
216,190,6,220709,230,119,85,98,144,244,454,710,994,1281,1446,1609,1521,1658,1770,1695,1819,1749,1446,1137,851,796,729,537
216,191,7,220710,296,189,128,97,101,127,222,303,526,893,1268,1646,1765,1939,2076,2262,2486,2735,2482,1840,1495,1116,513,274
216,192,1,220711,118,71,55,66,174,812,1924,2108,1492,1301,1229,1206,1115,1267,1405,1390,1680,1873,1515,983,685,480,357,186
216,193,2,220712,81,49,53,52,137,745,1905,2065,1415,1210,1191,1066,1067,1262,1277,1331,1581,1791,1394,925,562,450,342,160
216,194,3,220713,71,50,40,60,134,700,1879,1922,1338,1166,1157,1238,1119,1290,1292,1337,1576,1866,1451,907,683,476,355,286
216,195,4,220714,98,49,54,61,142,730,1826,1875,1376,1187,1138,1190,1183,1297,1357,1411,1603,1746,1413,903,631,531,429,308
216,196,5,220715,118,70,54,80,142,626,1647,1589,1213,1171,1219,1272,1346,1572,1686,1728,1761,1784,1544,1023,766,596,475,385
216,197,6,220716,185,121,73,90,135,208,442,664,987,1204,1585,1606,1714,1660,1628,1707,1756,1756,1458,1194,865,700,624,469
216,198,7,220717,238,153,92,73,120,120,151,247,447,769,1132,1479,1557,1782,2018,2350,2404,2436,2392,1837,1576,1128,709,345
216,199,1,220718,117,83,60,64,149,744,1830,1896,1369,1185,1162,1206,1158,1268,1314,1340,1517,1691,1332,915,629,524,408,181
216,200,2,220719,85,54,46,60,138,686,1649,1615,1286,1103,1082,1110,1103,1152,1206,1216,1405,1687,1254,855,625,480,378,185
216,201,3,220720,83,47,41,82,140,688,1599,1714,1266,1138,1172,1151,924,1550,1440,1347,1469,1718,1276,803,503,421,305,245
216,202,4,220721,95,51,47,69,148,630,801,1025,1262,1074,1151,1256,1223,1382,1462,1497,1552,1642,1375,924,623,459,363,269
216,203,5,220722,98,64,62,70,140,598,1343,1463,1167,1061,1207,1273,1377,1495,1629,1701,1848,1714,1610,1063,876,622,469,369
216,204,6,220723,172,100,77,94,117,193,365,521,723,1112,1473,1740,1720,1856,1878,1710,1621,1461,1073,810,559,520,422,361
216,205,7,220724,206,116,108,100,129,109,179,257,411,782,1117,1368,1521,1691,1909,2161,2530,2435,2380,1857,1589,1237,699,285
216,206,1,220725,106,67,48,74,159,641,1418,1525,1177,1050,1202,1201,1149,1265,1262,1391,1390,1595,1294,791,605,399,290,131
216,207,2,220726,71,57,62,78,137,396,566,1413,1076,1077,1208,985,1132,1203,1187,1255,1318,1495,1177,808,536,442,281,120
216,208,3,220727,85,55,37,46,135,545,1277,1423,1137,1101,1122,1098,1084,1150,1274,1431,1571,1606,1315,895,561,400,296,164
216,209,4,220728,108,128,56,71,132,550,1250,1419,1084,1080,1142,1190,1215,1284,1430,1586,1655,1755,1374,1008,687,522,315,202
216,210,5,220729,78,65,45,65,136,459,1152,1147,974,1043,1154,1425,1399,1551,1638,1773,1733,1268,871,705,624,470,349,231
216,211,6,220730,148,131,88,94,127,181,352,466,785,1031,1485,1673,1763,1854,1755,1724,1649,1669,1289,1023,793,626,476,336
216,212,7,220731,206,134,96,86,100,120,159,244,389,708,1053,1255,1390,1568,1721,1835,2085,2065,1751,1405,1023,834,535,447
216,213,7,220801,276,195,145,93,109,96,178,248,446,751,1073,1479,1553,1780,1937,2200,2280,2268,1944,1560,1319,1131,869,446
216,214,2,220802,192,89,46,71,149,585,1429,1614,1241,1209,1264,1433,1497,1474,1568,1679,1680,1794,1405,923,708,498,347,174
216,215,3,220803,78,54,41,72,109,540,1270,1468,1111,1041,1132,1122,1164,1257,1299,1559,1658,1705,1386,945,728,559,378,185
216,216,4,220804,106,61,37,54,129,519,1276,1392,1073,1085,1176,1208,1187,1318,1458,1569,1671,1853,1508,1069,769,602,444,239
216,217,5,220805,119,68,56,69,137,478,1051,1207,1047,1107,885,1010,1513,1669,1889,1815,1937,1946,1561,1156,903,640,419,260
216,218,6,220806,134,97,95,71,109,175,348,515,794,1196,1590,1917,1968,2088,2081,2056,1885,1804,1515,1165,964,801,699,506
216,219,7,220807,417,263,204,146,149,101,168,219,459,784,1205,1539,1844,2014,2104,2343,2584,2422,1923,1559,1174,842,524,283
216,220,1,220808,132,70,46,48,182,723,1705,1861,1223,1062,1207,1311,1189,1315,1423,1460,1602,1644,1398,1022,676,495,353,170
216,221,2,220809,70,57,41,63,115,641,1681,1807,1278,1159,1169,1151,1107,1263,1420,1409,1633,1752,1479,948,665,483,386,165
216,222,3,220810,97,49,42,63,114,666,1619,1784,1211,1171,1238,1132,1230,1347,1477,1609,1774,1951,1251,1127,639,547,379,227
216,223,4,220811,83,50,37,63,143,672,1639,1699,1305,1215,1225,1255,1278,1360,1600,1596,1826,1953,1719,1133,726,612,474,233
216,224,5,220812,128,65,43,83,112,571,1497,1536,1219,1125,1301,1424,1400,1802,1866,2004,2195,2235,1887,1409,1135,1007,744,477
216,225,6,220813,197,102,99,90,104,187,417,645,991,1230,1629,1802,1918,1959,2065,1992,2115,2151,1825,1365,1230,1220,916,679
216,226,7,220814,369,243,148,130,105,104,196,263,519,804,1240,1598,1721,2036,2127,2468,2442,2524,2697,2272,1721,1223,657,280
216,227,1,220815,160,79,70,71,161,546,1191,1226,1040,1117,1219,1429,1517,1497,1774,2031,2128,2167,1635,1111,728,510,331,200
216,228,2,220816,95,70,63,72,152,753,2010,2201,1512,1233,1165,1114,1124,1298,1324,1478,1716,1899,1600,1008,653,471,361,176
216,229,3,220817,77,54,40,71,150,678,1890,2116,1513,1136,1165,1214,1268,1404,1470,1617,1804,1953,1594,961,655,467,341,166
216,230,4,220818,86,40,52,58,133,671,1158,2068,1467,1106,1297,1341,1345,1605,1524,1525,1220,1644,1519,881,563,469,263,129
216,231,5,220819,88,67,43,60,140,603,1687,1832,1275,1046,1159,1361,1462,1228,1674,1843,1844,1976,1608,1042,650,527,408,305
216,232,6,220820,199,112,71,81,122,183,467,692,931,935,1513,1696,1707,1745,1816,1758,1786,1675,1256,433,754,653,535,407
216,233,7,220821,268,186,120,94,108,108,174,269,547,891,1234,1433,1519,1788,2117,2329,2584,2521,2523,1922,1438,996,594,263
216,234,1,220822,145,86,56,50,173,801,2095,2268,1464,1202,1064,1156,1093,1253,1380,1311,1594,1794,1385,914,441,501,364,153
216,235,2,220823,90,41,46,42,140,779,2069,2228,1506,1142,1179,1128,1024,1175,1348,1335,1587,1759,1459,881,562,464,241,144
216,236,3,220824,52,40,29,46,148,715,1976,2167,1458,1178,1135,1159,1242,1322,1344,1512,1935,1855,1543,954,596,470,367,197
216,237,4,220825,104,52,49,57,161,759,1979,2169,1547,1176,1221,1186,1199,1422,1462,1633,1853,2012,1588,1012,678,515,367,210
216,238,5,220826,123,77,48,64,140,637,1753,1891,1428,1194,1331,1339,1542,1706,1806,1914,2108,2213,1684,1059,760,548,420,265
216,239,6,220827,141,24,41,92,157,255,522,749,1008,1265,1623,1751,1716,1841,1764,1821,1731,1520,1299,873,703,622,537,452
216,240,7,220828,337,229,123,119,140,131,178,278,512,851,1182,1512,1804,1895,2129,2532,2608,2436,2452,1754,1455,970,490,245
216,241,1,220829,102,57,51,75,168,818,2036,2153,1540,1206,1106,1101,1173,1316,1295,1344,1584,1816,1400,940,625,482,320,139
216,242,2,220830,50,36,33,66,153,751,1961,2265,1473,1143,1032,1049,1033,1267,1304,1345,1576,1764,1378,891,447,370,325,132
216,243,3,220831,54,58,28,57,146,591,1014,1140,1299,1064,1092,1056,1134,1285,1071,1289,1824,1866,1357,818,563,433,303,173
216,244,4,220901,76,49,33,72,157,706,1975,2202,1448,1157,1097,1013,1108,1234,1362,1388,1648,1776,1460,873,588,482,331,177
216,245,5,220902,90,66,30,56,156,625,1756,1973,1366,1073,1230,1168,1248,1562,1630,1676,1903,1940,1675,907,637,560,446,278
216,246,6,220903,172,91,71,73,121,184,459,669,1066,1323,1503,1506,1666,1770,1806,1813,1733,1550,1301,969,754,702,473,329
216,247,7,220904,239,156,115,103,102,104,187,327,567,864,1325,1565,1639,1825,2073,2525,2741,2749,2714,2040,1599,957,461,211
216,248,1,220905,101,61,42,60,187,792,2001,2194,1492,1135,1154,1087,1137,1194,1206,1428,1628,1773,1398,933,626,417,271,162
216,249,2,220906,60,56,29,54,140,761,1910,2122,1391,1088,1034,1046,1022,1195,1227,1426,1524,1753,1270,797,506,383,303,153
216,250,3,220907,69,43,46,55,147,629,1078,1655,1403,1074,1075,1077,1189,1356,1386,1394,1651,1727,1383,876,536,371,282,155
216,251,4,220908,69,47,41,69,162,606,1915,2241,1391,1193,1179,1163,1214,1448,1370,1427,1592,1699,1256,845,499,451,383,239
216,252,5,220909,96,59,44,63,155,634,1712,1828,1298,1094,1141,1260,1402,971,1471,1712,1841,1724,1526,1001,751,519,404,319
216,253,6,220910,183,119,67,111,140,191,443,725,1089,889,1145,160,1082,1571,1739,1676,1572,1497,1195,858,656,549,473,353
216,254,7,220911,284,163,128,98,115,99,135,226,352,872,1162,1554,1790,1920,2176,2304,2619,2560,2496,2001,1514,994,524,216
216,255,1,220912,107,77,50,59,197,809,2019,2157,1457,1045,1103,1048,1115,1318,1373,1661,1870,2134,1800,1149,788,578,379,162
216,256,2,220913,65,55,46,68,142,696,1981,2299,1523,1061,970,1069,1050,1271,1265,1367,1583,1877,1408,915,570,391,290,144
216,257,3,220914,61,53,53,84,138,724,1969,2110,1409,1138,1154,1231,1274,1368,1444,1528,1690,1292,984,779,369,296,280,147
216,258,4,220915,83,56,44,58,138,697,1917,1644,1394,1116,1002,1132,1219,866,1019,1278,1647,1780,1362,808,493,440,302,132
216,259,5,220916,84,59,49,60,137,623,1739,1964,1266,1126,1155,1384,1396,1232,1152,919,1854,1925,1647,1145,721,511,453,284
216,260,6,220917,162,103,55,60,128,169,452,683,1000,1174,1471,1628,1527,1794,1867,1861,993,787,477,728,589,552,475,326
216,261,7,220918,296,179,117,97,136,73,129,248,408,715,1102,1442,1737,1819,2060,2400,2693,2647,2164,1663,1291,764,365,184
216,262,1,220919,91,59,35,53,181,802,2036,2020,1549,1092,1052,1078,1141,1230,1230,1183,1392,1587,1482,880,524,381,287,145
216,263,2,220920,81,47,46,54,168,720,2051,2219,1458,1061,1052,953,1056,1211,1223,1325,1566,1861,1359,807,496,399,307,128
216,264,3,220921,57,52,39,50,152,716,1967,2185,1449,1083,1041,1091,1157,1372,1368,1426,1685,1907,1489,950,565,411,303,170
216,265,4,220922,80,45,32,61,146,745,1849,2284,1494,1074,1035,1033,1183,1314,1405,1517,1820,1880,1549,915,546,462,365,194
216,266,5,220923,65,71,45,58,174,666,1778,1999,1396,1096,1143,1238,1365,1610,1668,1867,2090,2156,1685,1166,783,528,423,353
216,267,6,220924,189,117,81,70,132,194,460,713,795,1066,1461,1328,1482,1209,1697,1361,891,1018,1257,918,734,547,371,396
216,268,7,220925,243,163,96,84,133,107,196,255,278,570,480,1216,1789,1980,1899,1002,172,928,1721,1258,1048,573,396,181
216,269,1,220926,111,45,36,65,188,374,1100,2239,1498,503,437,1151,1161,1349,1303,1374,1410,1638,1329,781,498,347,302,115
216,270,2,220927,56,32,50,69,148,678,1812,2310,1397,1149,1043,949,1062,1275,1257,1231,1201,1695,1385,838,460,357,282,140
216,271,3,220928,82,45,46,60,111,256,1208,2013,755,705,894,1065,983,711,737,173,375,980,1282,764,491,345,323,169
216,272,4,220929,76,49,41,61,146,706,1515,1265,1474,435,856,1055,1086,784,1366,1467,1542,1732,886,427,548,398,338,158
216,273,5,220930,97,52,48,61,135,622,1013,1040,557,790,1126,1277,1354,1618,1711,1761,1799,1777,1629,1096,695,511,396,281
216,274,6,221001,175,122,65,83,122,203,452,663,963,1215,1465,1589,1726,1256,1616,1678,1601,1475,1129,294,145,123,278,389
216,275,7,221002,255,158,127,78,128,122,150,138,387,659,1073,1360,1561,1694,1843,1969,2224,2227,1774,1458,1039,769,423,173
216,276,1,221003,98,57,50,64,162,692,1973,2081,1380,1020,1029,1077,1141,1255,1322,1344,1574,1702,1308,838,418,460,288,153
216,277,2,221004,80,41,42,64,149,727,1864,2057,1364,1016,1053,997,1054,1092,1262,1262,1501,1740,1396,865,502,324,321,200
216,278,3,221005,78,47,49,77,145,636,1848,2083,1347,1090,1118,1094,1120,1334,1358,1445,1736,1865,1550,962,583,402,324,181
216,279,4,221006,89,51,36,69,156,652,1815,1993,1390,1120,1085,1194,1148,1303,1469,1569,1821,2093,1617,975,647,424,289,164
216,280,5,221007,89,78,51,62,147,614,1604,1722,1193,1059,1130,1302,1339,1558,1741,1954,2117,2092,1730,1227,769,552,381,365
216,281,6,221008,180,104,78,77,147,200,437,679,798,1138,1510,1761,1668,2095,2140,1983,2005,1886,1252,316,664,337,345,322
216,282,7,221009,236,153,117,100,128,114,192,219,399,788,1065,1528,2010,2223,2306,2502,2478,2040,2201,1550,1052,691,396,203
216,283,1,221010,87,49,50,65,192,748,1950,1909,1354,1129,1206,1144,1123,1382,1328,1390,1603,1711,1207,769,512,352,249,125
216,284,2,221011,89,48,44,66,135,692,1853,1914,1314,1065,1083,1040,1007,1264,1293,1374,1639,1818,1290,825,497,372,255,117
216,285,3,221012,64,42,37,57,142,655,1843,1838,1255,1066,1116,1100,1222,1309,1262,1453,1793,2002,1418,893,549,390,244,163
216,286,4,221013,79,52,35,63,142,625,1757,1842,1234,1131,1163,1119,1219,1398,1468,1633,1683,1872,1527,957,568,415,283,152
216,287,5,221014,103,47,35,73,129,545,1417,1633,1148,1085,1110,545,1158,1709,1915,1965,2134,2038,1671,1024,687,524,355,252
216,288,6,221015,149,129,81,79,126,201,395,616,853,1075,1443,1468,1768,1973,1884,1988,1919,1860,1498,1082,700,589,482,406
216,289,7,221016,333,170,104,82,101,97,174,240,430,790,959,1342,1574,1885,2298,2535,2675,2773,2603,2561,1475,938,445,182
216,290,1,221017,125,66,53,64,196,750,2023,2093,1412,1109,1144,1127,1061,1248,1345,1310,1810,1897,1548,908,520,379,285,116
216,291,2,221018,72,43,59,49,147,681,1923,2063,1376,1141,1094,1082,1128,1321,1294,1418,1765,1874,1478,918,483,398,286,126
216,292,3,221019,48,40,29,55,130,685,1904,2064,1365,1171,1151,1096,1086,1287,1404,1569,1889,2105,1637,985,613,424,289,172
216,293,4,221020,58,46,28,52,153,650,1972,2038,1391,1160,1154,1126,1146,1381,1500,1638,1766,1933,1589,903,589,414,309,185
216,294,5,221021,80,34,43,56,122,552,1689,1724,1259,1079,1173,1285,1420,1682,1715,1061,922,950,1466,422,185,100,297,255
216,295,6,221022,135,107,68,67,139,158,429,623,887,907,1079,1618,1729,1722,1754,1636,1780,1684,1364,905,634,536,514,427
216,296,7,221023,294,214,97,79,115,99,166,261,462,849,1076,1442,1675,1938,2200,2418,2735,2729,2233,1562,1134,631,323,174
216,297,1,221024,86,55,40,64,155,761,2104,1815,929,1103,694,655,477,759,684,826,839,545,484,412,159,365,275,120
216,298,2,221025,61,38,46,54,141,701,1078,1361,732,1049,959,968,999,1220,1211,1261,1499,1659,1377,885,447,379,316,211
216,299,3,221026,80,54,25,69,139,483,1082,998,689,647,1061,1131,1081,1318,1305,1328,1536,1716,1466,793,527,395,272,203
216,300,4,221027,82,54,48,46,166,696,2001,2273,1530,1206,1070,1132,1123,1314,1287,1488,1819,1863,1481,921,535,453,341,230
216,301,5,221028,79,79,45,76,167,624,1840,1948,1068,1200,1185,1256,1320,1551,1691,1784,1988,2144,1659,1084,681,536,401,305
216,302,6,221029,200,152,75,86,160,212,477,845,1141,1301,1497,1537,1533,1564,1770,1746,1881,2092,1541,1028,685,581,546,514
216,303,7,221030,290,159,183,109,69,98,200,346,659,1107,1373,1437,1516,1780,1983,2472,2595,2631,2303,1384,1046,581,317,159
216,304,1,221031,80,60,45,58,151,664,1882,2070,1358,1204,1232,1137,1165,1382,1369,1371,1625,1625,1272,701,529,343,245,151
216,305,2,221101,105,68,63,65,141,456,1032,1087,882,950,1115,1234,1262,1389,1341,1353,1528,1593,1106,801,499,377,304,131
216,306,3,221102,66,63,58,61,178,714,2087,2464,1592,1168,1032,1074,1102,1283,1231,1301,1515,1712,1294,752,418,297,252,127
216,307,4,221103,59,45,34,46,177,649,2030,2354,1519,1120,1036,1063,1077,1257,1308,1337,1577,1729,1307,761,449,330,306,151
216,308,5,221104,66,49,42,63,143,586,1805,2005,1322,1105,1064,1160,1108,1367,1487,1538,1709,1839,1620,947,549,374,360,291
216,309,6,221105,189,119,61,80,111,179,430,467,353,732,1195,1449,1377,1495,1501,1457,1467,606,94,568,550,461,441,371
216,310,7,221106,252,202,128,79,132,78,138,191,411,747,990,1166,1312,1522,1658,1916,2202,2058,1512,1136,932,611,300,149
216,311,1,221107,65,54,39,55,171,778,2228,2504,1499,1084,1052,929,964,1100,1143,1242,1397,1663,1085,686,380,320,284,119
216,312,2,221108,52,40,38,61,128,706,2082,2450,1466,976,1018,1025,1002,1162,1195,1294,1449,1644,1141,665,410,267,252,123
216,313,3,221109,48,51,43,57,128,675,2024,2283,1423,1092,1033,881,1065,1237,1211,1288,1350,1630,1063,856,402,298,232,145
216,314,4,221110,64,56,29,74,158,663,2031,2409,1574,1166,1018,948,1072,1196,1178,1390,1612,1684,1253,704,462,284,308,130
216,315,5,221111,74,52,41,54,164,579,1798,2009,1320,1018,1059,1133,1118,1354,1465,1608,1895,1832,1468,897,583,409,363,255
216,316,6,221112,179,115,68,73,97,165,412,712,1028,1228,1359,1327,1318,1431,1476,1551,1763,1660,1031,664,501,434,391,363
216,317,7,221113,259,211,186,111,130,82,153,194,412,717,1037,1200,1267,1498,1751,2116,2460,2359,1584,1221,938,584,338,176
216,318,1,221114,88,46,43,61,168,757,2079,2375,1573,1102,1017,951,1036,1130,1095,1189,1390,1511,1188,638,386,307,233,105
216,319,2,221115,66,48,32,53,133,729,2002,2434,1508,1077,1012,936,1024,1080,1184,1243,1419,1529,1183,655,394,291,266,153
216,320,3,221116,50,47,34,49,144,713,1327,1374,873,1056,966,1017,1074,1264,1203,1269,1474,1668,1254,678,409,317,261,126
216,321,4,221117,62,50,38,48,150,653,1916,2021,1257,990,1051,974,1034,1155,1251,1337,1525,1581,1285,710,426,346,285,138
216,322,5,221118,72,41,29,47,127,589,1325,980,995,1088,917,681,1156,1360,1304,1576,1756,1153,1013,863,387,416,346,274
216,323,6,221119,198,127,80,70,104,165,401,725,986,1243,1347,1341,1416,1384,1474,1510,1515,1485,1146,681,319,398,476,398
216,324,7,221120,252,181,86,84,103,60,120,154,355,617,706,497,1254,1446,1696,1870,2108,1979,1456,1119,850,553,314,137
216,325,1,221121,72,46,32,57,128,303,1152,1342,752,954,1017,957,920,1123,1106,1177,1368,1572,1136,643,386,279,206,135
216,326,2,221122,50,34,41,40,143,710,1976,2443,1047,1048,1021,916,941,1116,1081,1151,1387,1543,1154,648,191,204,266,122
216,327,3,221123,60,41,27,42,149,666,1926,2296,1482,1122,952,956,1023,1210,1260,1234,1434,1628,1257,720,491,294,280,159
216,328,4,221124,57,42,34,57,108,646,1257,980,1753,1021,1024,891,923,1158,1215,1277,1402,1611,1207,707,420,376,298,134
216,329,5,221125,70,45,36,54,139,548,1768,1979,925,1102,1156,1117,1220,1385,1492,1602,1878,1924,920,625,634,386,384,308
216,330,6,221126,169,125,71,86,146,170,426,603,915,845,1413,1373,1285,1509,1535,1604,1717,1671,1223,683,530,420,456,376
216,331,7,221127,278,170,99,91,126,75,166,212,433,777,1146,1323,1434,1685,1925,2340,2450,2168,1597,1392,971,521,368,152
216,332,1,221128,75,59,48,55,161,742,2217,2395,1467,1116,1175,1090,1047,1277,1126,1216,1465,1480,1005,671,456,304,261,120
216,333,2,221129,58,49,31,48,135,676,445,446,242,435,341,683,999,1161,1216,1276,1471,1593,1250,654,369,299,260,173
216,334,3,221130,63,49,31,63,107,255,1036,1040,840,738,972,1069,840,1271,1363,1433,1579,1672,1289,691,442,358,285,170
216,335,4,221201,73,49,36,54,137,654,1920,2292,1486,1141,1041,1086,1053,1215,1232,1380,1560,1630,1220,725,421,331,323,163
216,336,5,221202,74,39,53,49,148,558,1713,1952,1335,1022,1082,1170,1185,1397,1432,1611,1719,1977,1465,930,509,305,353,332
216,337,6,221203,193,89,79,63,106,161,365,661,901,1123,1358,1444,1443,1606,1614,1636,1760,1653,1196,776,533,472,448,404
216,338,7,221204,225,152,142,76,112,80,119,156,374,716,1122,1445,1695,1913,2060,2015,2121,2040,1477,1261,1011,620,380,138
216,339,1,221205,66,54,38,55,189,712,2148,1367,739,428,356,287,897,950,857,810,1352,1505,1135,672,371,308,266,106
216,340,2,221206,56,33,35,49,148,671,2050,2361,1492,1073,974,1011,1031,1142,1152,1381,1537,1573,1169,699,339,266,248,125
216,341,3,221207,36,42,32,54,136,654,1952,2167,1464,1077,959,1099,1102,1250,1199,1332,1583,1708,1343,732,437,338,314,206
216,342,4,221208,115,82,57,53,150,480,1252,1356,1054,1013,1071,1117,1101,1289,1340,1512,1777,2025,1486,814,478,399,266,176
216,343,5,221209,90,48,44,44,155,552,1563,1895,1233,1104,1137,1215,1204,1476,1369,1601,1772,1664,1022,811,485,360,345,331
216,344,6,221210,232,117,75,69,107,152,364,530,785,614,290,667,1462,1438,1489,1212,650,1342,985,629,475,357,363,336
216,345,7,221211,149,148,83,76,76,83,119,161,325,653,816,1202,1500,1847,1918,1023,1843,808,595,843,1097,604,361,183
216,346,1,221212,119,51,41,54,159,684,2003,2363,1524,1102,1085,1086,1049,1243,1207,1313,1436,1708,1167,747,205,325,262,147
216,347,2,221213,70,38,37,48,138,614,1435,1696,1583,1075,942,1026,1052,1231,1216,1247,1446,1526,1124,629,372,286,216,127
216,348,3,221214,60,44,28,62,125,571,1859,1957,1374,1065,892,993,822,1267,1031,1277,1382,890,1234,680,378,267,169,132
216,349,4,221215,66,54,25,60,125,677,1871,2265,1313,1109,1111,1075,994,833,451,231,75,110,655,105,67,372,275,185
216,350,5,221216,108,37,43,63,118,581,1121,1141,945,1006,1000,1072,1108,1212,1215,1424,1546,1519,1251,668,456,380,261,298
216,351,6,221217,196,127,87,66,129,215,376,600,787,1059,1275,930,1413,1538,1455,878,1045,1077,938,560,223,479,444,328
216,352,7,221218,248,151,98,80,103,110,166,226,303,654,1012,781,1503,1252,1836,2537,1397,1267,2097,1279,1399,699,422,141
216,353,1,221219,74,46,33,57,130,674,1872,2192,1451,887,892,1119,1123,1291,698,1335,1618,1044,965,703,402,178,249,124
216,354,2,221220,60,53,39,44,139,596,1681,1676,1303,937,1084,1110,1102,1215,1331,1420,1589,1648,1282,259,304,317,251,158
216,355,3,221221,67,44,36,64,29,348,1435,1986,1339,1194,1091,1196,951,1349,1439,1384,1518,1599,1237,766,443,345,286,186
216,356,4,221222,104,53,40,66,170,511,1378,1766,1308,1061,1107,1156,1134,1318,1412,1411,1524,1293,461,231,460,348,308,185
216,357,5,221223,102,74,56,73,135,392,1068,884,1083,1085,1146,1314,1305,1454,1504,1474,1546,1408,1121,772,541,414,311,226
216,358,6,221224,159,135,80,86,172,136,231,334,533,596,373,784,1209,977,749,938,767,271,123,79,62,144,525,550
216,359,7,221225,305,147,73,58,113,50,97,128,256,579,720,1360,1400,1376,1447,1473,1689,1178,377,314,650,601,486,135
216,360,7,221226,203,108,57,52,106,78,154,147,285,641,1161,1551,1502,1069,1581,1378,2222,1856,1372,498,801,645,411,294
216,361,2,221227,222,96,56,64,130,271,574,800,785,1016,1210,1462,740,1157,1025,436,1452,1652,1300,849,583,442,326,210
216,362,3,221228,187,102,55,59,116,229,534,774,843,964,1152,1368,1465,1632,1617,1783,2406,2012,1608,1073,737,491,335,234
216,363,4,221229,213,111,58,88,113,214,527,783,807,979,1304,1475,1467,1644,1741,1895,1925,1893,1394,973,815,556,357,246
216,364,5,221230,202,102,70,66,114,201,484,676,731,999,1346,1672,1735,1851,1883,2080,2150,1969,1372,881,694,547,269,274
216,365,6,221231,288,114,94,79,126,118,226,316,495,744,1309,1596,1674,1616,1551,1645,1473,1410,947,621,348,323,303,223
216,1,7,230101,164,318,225,125,114,70,96,114,171,325,734,1362,1846,2129,2170,2343,2362,2076,1345,973,899,656,363,200
216,2,1,230102,109,79,50,54,139,154,451,668,626,884,1412,2181,2512,2628,2711,2629,2401,2489,2022,1296,1048,733,421,220
216,3,2,230103,97,63,44,70,131,437,988,964,989,970,870,1104,1517,1668,1242,979,1398,1498,1219,738,460,188,51,155
216,4,3,230104,98,44,38,52,104,249,1016,951,415,815,946,628,1269,1483,1569,1389,1710,1855,1234,395,552,383,304,165
216,5,4,230105,99,72,51,69,113,365,993,1387,977,931,785,1259,1396,1557,1637,1620,1629,1595,1240,770,536,381,248,164
216,6,5,230106,93,57,44,65,52,299,676,784,780,961,1167,1490,1516,1604,1854,2007,2197,2112,1911,1264,800,586,412,278
216,7,6,230107,249,102,79,73,129,149,269,485,805,1186,1649,1997,2001,1999,2130,2310,2493,2222,1551,1140,960,709,592,398
216,8,7,230108,255,158,113,78,126,81,118,193,389,666,1147,1664,2082,2252,2276,2199,2133,1936,1381,1027,846,623,347,188
216,9,1,230109,100,58,41,51,151,653,1457,1273,1340,986,953,1027,988,1179,1104,1135,1212,1428,1042,644,420,299,213,113
216,10,2,230110,48,36,31,50,123,569,1819,2156,1263,1032,848,906,916,998,1046,1083,1281,1563,1144,654,365,313,223,116
216,11,3,230111,49,51,28,45,122,570,1741,2121,1351,984,844,988,1014,1184,1200,1171,1400,1509,1209,530,326,359,266,154
216,12,4,230112,65,48,38,41,114,551,1858,2102,1408,1018,876,926,1074,1191,1165,1168,1391,1551,1192,745,433,328,255,135
216,13,5,230113,65,38,30,47,122,487,1608,1820,1210,1021,1014,1101,1217,1293,1394,1475,1715,1357,1364,941,566,411,354,266
216,14,6,230114,188,105,70,60,116,168,362,610,885,1038,954,1512,1434,1461,1596,1594,1925,1935,1324,838,650,499,462,355
216,15,7,230115,244,148,115,78,97,68,132,175,320,587,1013,1212,1146,2026,2049,1538,2407,1600,1622,1263,1051,715,401,178
216,16,1,230116,89,62,31,57,154,666,2071,2351,1564,1031,1026,743,1045,1225,1171,1008,1285,1503,1181,702,463,335,285,126
216,17,2,230117,80,43,36,66,124,613,1573,2287,1192,1031,996,858,495,1183,1075,1163,1373,1480,1124,385,395,331,264,128
216,18,3,230118,121,72,28,46,114,599,1818,1584,1228,1088,814,891,1009,1160,964,376,1243,845,1436,703,404,300,274,182
216,19,4,230119,113,58,51,82,136,567,1681,2115,1086,1027,956,1018,1057,906,1290,1255,1497,1036,1236,756,444,416,312,181
216,20,5,230120,112,68,51,52,136,538,1646,1969,1350,1170,1175,1210,1321,1525,1688,1592,1800,1847,1492,905,556,457,346,281
216,21,6,230121,152,88,74,62,123,158,341,650,887,1102,1391,1543,1652,1685,1768,1666,1821,1669,1271,737,542,536,419,360
216,22,7,230122,200,115,97,74,79,69,121,154,324,560,923,1166,1755,2027,2300,1980,1995,2269,2375,2457,1640,911,395,196
216,23,1,230123,74,49,27,57,135,732,1984,2354,1345,1047,1130,1035,1063,1278,1312,1296,1536,1645,1239,774,444,315,256,125
216,24,2,230124,56,36,29,40,110,621,1924,2312,1501,1053,1000,974,981,1141,1165,1250,1519,1660,1329,523,243,313,177,137
216,25,3,230125,53,43,34,43,111,630,1497,1187,1275,1069,986,928,1015,1194,1247,1435,1761,1843,1390,775,461,332,273,123
216,26,4,230126,75,35,41,54,134,589,1913,2276,1604,1111,1069,1076,734,637,1012,1374,1582,1744,1278,737,465,371,305,140
216,27,5,230127,66,44,26,64,86,537,1641,1464,1349,994,1075,1184,1265,1315,1238,1620,1061,1020,918,645,526,471,384,263
216,28,6,230128,169,120,88,96,106,149,350,632,638,1235,1686,1756,1682,1589,1040,1857,1523,2117,1536,913,616,551,449,513
216,29,7,230129,281,175,125,70,124,87,131,221,424,708,1067,1580,1841,2179,2480,2473,2450,2429,2617,2468,2307,2355,663,183
216,30,1,230130,72,55,47,46,145,732,1925,2316,1471,1131,1126,1073,1200,1351,1333,1329,1579,1725,1208,734,461,323,247,134
216,31,2,230131,42,32,30,45,112,578,1801,1893,1297,997,1003,976,1006,1185,1248,1279,1563,1796,1209,698,414,297,263,128
216,32,3,230201,59,38,25,49,109,555,1529,1227,733,1024,1038,1026,1062,1202,1206,1203,1466,1636,1288,676,403,313,257,114
216,33,4,230202,66,40,39,51,134,573,1734,2057,1320,1023,963,961,1054,1177,1175,1041,960,1111,850,505,351,287,227,137
216,34,5,230203,73,47,33,55,127,499,1530,1700,1174,1034,1040,1121,1186,1462,1427,1548,1935,1905,1504,872,603,478,394,248
216,35,6,230204,156,99,58,65,127,132,304,528,775,1080,1433,1775,1389,1860,1854,1762,1776,1286,600,581,574,493,462,431
216,36,7,230205,257,155,99,79,104,78,139,217,369,625,1023,1533,1932,2169,2241,2324,2393,2258,2103,1776,1472,998,413,163
216,37,1,230206,70,47,40,60,145,711,2007,2258,1064,1019,1056,1035,1020,831,889,776,1441,1776,1219,420,480,337,254,114
216,38,2,230207,43,44,31,57,129,612,1596,2139,916,741,1008,920,983,1167,1203,1286,1594,1897,1302,824,473,347,266,124
216,39,3,230208,49,45,24,37,119,490,1103,1518,1473,1093,920,1076,1046,1248,1325,1434,1843,1989,1536,852,505,379,279,97
216,40,4,230209,67,39,26,53,120,522,1898,2281,1489,1046,1082,1091,1087,1257,1361,1414,1845,2086,1525,874,551,471,297,158
216,41,5,230210,61,46,36,39,118,528,1584,1780,1312,1042,1175,1286,1333,1536,1672,1876,2290,2408,2004,1261,816,597,419,324
216,42,6,230211,156,89,52,57,117,158,324,556,881,1324,2076,2644,2430,2251,2238,2406,2408,2496,1803,1104,781,711,583,363
216,43,7,230212,236,130,92,61,91,73,128,234,459,680,1064,1613,1797,2220,2423,2762,2674,2625,2553,2021,2014,1416,539,62
216,44,1,230213,81,56,35,46,154,707,1850,2433,1536,1171,1084,1141,982,1247,1283,1427,1686,1994,1487,948,563,370,257,133
216,45,2,230214,65,29,33,55,117,634,1871,2266,1445,1100,990,1033,1022,1239,1208,1465,1743,1984,1598,594,429,335,279,180
216,46,3,230215,79,44,30,55,122,594,1856,2213,1189,1023,1037,1078,1179,1361,1389,1587,1913,1315,1573,931,552,419,267,183
216,47,4,230216,79,50,35,82,116,531,1784,1938,1431,981,1028,1179,1060,1288,1168,1556,1765,1939,1497,846,539,392,264,144
216,48,5,230217,84,61,48,75,129,513,1513,1831,1145,980,1218,1324,1530,1700,1781,1787,1689,2030,2377,1239,886,628,446,292
216,49,6,230218,183,102,75,68,104,173,361,659,935,1328,2133,2551,2619,2405,2347,2436,2554,2445,2111,1575,1099,783,569,405
216,50,7,230219,246,168,120,91,121,66,142,168,317,720,1209,1568,2049,1970,2270,2505,2547,2317,1696,1428,1284,927,402,202
216,51,1,230220,72,42,50,42,138,710,1929,1405,1031,1154,1191,1240,1195,1284,1330,1507,1673,1753,1361,931,536,375,268,126
216,52,2,230221,52,35,27,51,123,615,1799,1963,1052,1044,1122,1022,1113,1269,1312,1548,1797,1984,1471,863,502,370,285,177
216,53,3,230222,66,50,30,44,121,578,1810,2230,1385,1083,1022,1094,1257,1374,1345,1364,1684,1966,1442,760,547,347,259,167
216,54,4,230223,67,45,30,51,113,612,1873,2236,1425,1102,1133,1130,1295,1384,1369,1518,1671,1836,1455,830,506,454,275,144
216,55,5,230224,90,43,32,53,136,519,1609,1959,1257,1072,1181,1351,1508,1673,1823,2037,2265,2354,1896,1236,913,648,489,315
216,56,6,230225,197,101,88,80,138,173,483,789,1072,1461,2183,2468,2422,2566,2454,2099,2266,2044,1579,1052,789,722,588,423
216,57,7,230226,318,166,99,63,130,99,134,230,406,776,1310,1955,2285,2385,2418,2446,1286,1373,1685,1183,1072,700,357,225
216,58,1,230227,107,64,45,64,130,700,1379,2187,1457,1191,1118,1125,1198,1246,1369,1348,1474,1729,1318,788,485,386,260,107
216,59,2,230228,54,37,41,56,133,607,1851,1572,1336,1094,1007,965,1068,1097,1178,1093,1531,1731,946,747,441,341,255,86
216,60,3,230301,48,47,29,50,128,610,1647,2160,1387,1069,967,1043,1100,1244,1284,1328,1732,1780,1324,812,464,350,238,152
216,61,4,230302,75,48,33,62,121,603,1877,2205,1446,1108,1086,1082,1096,1247,1371,1446,1708,1837,1393,791,504,373,275,178
216,62,5,230303,81,54,39,52,130,533,1648,1891,1287,1118,985,1302,1379,1571,1630,1861,2117,2092,1756,1184,744,576,439,296
216,63,6,230304,130,95,77,82,138,155,494,806,1132,1401,1735,2329,2229,2012,2208,2229,2379,2307,1837,398,729,669,551,507
216,64,7,230305,324,161,105,76,125,96,173,230,457,792,1324,1918,2129,2322,2565,2592,2623,2573,2414,2313,1854,1139,457,173
216,65,1,230306,78,47,38,57,163,763,2052,2413,1502,1163,925,1379,1235,1294,1281,1253,1521,1682,1227,743,466,348,261,106
216,66,2,230307,60,45,32,59,129,642,1980,2329,1465,1083,985,956,1034,1151,1208,1269,1489,1624,1279,704,443,342,271,113
216,67,3,230308,58,53,25,50,117,632,1900,2251,1333,1020,1036,994,1139,1330,1349,1268,1464,1591,1310,699,414,357,265,157
216,68,4,230309,72,52,38,56,130,595,1806,2209,1475,1124,1000,1073,1136,1275,1251,1349,1499,1687,1318,768,483,409,280,150
216,69,5,230310,60,45,41,54,141,544,1612,1873,1308,1090,1129,920,596,1482,1633,1627,1803,1627,1492,920,555,268,146,178
216,70,6,230311,171,107,63,72,117,123,359,653,902,1126,1539,1836,1838,1779,1366,1721,1570,1297,757,683,505,421,430,364
216,71,7,230312,229,154,110,74,107,91,157,215,409,710,1131,1764,1973,2063,2369,2488,2425,2500,1986,1661,1346,938,460,181
216,72,1,230313,87,61,42,44,161,772,2085,2416,1483,1161,1132,1181,1186,1303,1322,1394,1595,1711,1465,788,470,377,292,112
216,73,2,230314,58,40,27,42,136,683,1973,2376,1454,1103,1036,1058,965,1196,1205,1160,1422,1615,1229,687,426,274,246,104
216,74,3,230315,60,47,28,59,119,616,1330,2240,1467,1021,994,1060,1111,1228,1230,1252,1548,1771,1335,763,451,365,275,132
216,75,4,230316,62,46,30,47,119,659,1909,2329,1515,1162,1071,1038,1041,1119,1286,1340,1670,1807,1497,838,511,372,287,136
216,76,5,230317,72,54,32,56,125,155,1685,1981,1314,1045,1142,1201,1167,1243,1359,1570,2125,2070,1626,1040,625,491,370,302
216,77,6,230318,308,133,62,65,110,205,569,884,1102,1427,1666,1856,1743,1772,1845,2019,2063,2046,1595,1005,714,568,506,380
216,78,7,230319,253,159,98,82,95,83,156,248,473,948,1410,2044,2318,2450,2605,2377,2352,2437,2377,1497,1163,758,349,188
216,79,1,230320,86,48,39,53,162,733,2107,2394,1543,1264,1132,1178,1105,1258,1276,1263,1459,1667,1357,848,457,342,270,120
216,80,2,230321,61,43,27,46,107,661,2079,2399,1467,1101,989,1040,1018,1163,1223,1253,1508,1705,1351,717,414,358,286,125
216,81,3,230322,62,46,30,54,139,629,2050,2269,1497,1070,1055,1017,1051,1290,1239,1371,1599,1839,1425,775,516,362,302,151
216,82,4,230323,80,208,33,53,149,669,1923,2349,1516,1080,1100,1044,1112,1185,1304,1339,1573,1703,1320,827,475,370,310,144
216,83,5,230324,85,48,40,60,138,575,1748,1892,725,1096,1088,1246,1286,1485,1522,1587,1800,1641,876,730,604,473,363,255
216,84,6,230325,142,105,67,74,128,199,421,724,1107,1290,1501,1719,1693,1259,1589,1658,1564,1561,1238,819,695,552,523,344
216,85,7,230326,234,150,0,140,96,160,140,192,430,680,992,1590,1941,2051,2113,2263,2265,2218,1673,1337,1055,757,437,217
216,86,1,230327,191,174,43,53,153,768,2045,2339,1499,1049,868,709,798,1208,1172,1161,1256,1446,1160,685,443,304,268,162
216,87,2,230328,92,87,60,59,149,702,2031,2122,1562,1060,946,982,1046,1138,1208,1230,1445,1767,1402,802,469,366,279,130
216,88,3,230329,96,63,51,66,128,674,1912,2323,1541,1074,1057,1092,1080,1299,1266,1251,1488,1572,1369,735,472,376,271,151
216,89,4,230330,126,91,62,55,167,689,1871,2262,1524,1134,1030,1108,1112,1241,1247,1396,1470,1653,1293,830,486,401,303,192
216,90,5,230331,88,68,65,71,63,498,1712,1953,1344,1151,1142,1200,1216,1406,1425,1476,1748,1727,1452,868,168,472,402,296
216,91,6,230401,163,109,90,73,131,173,403,681,1010,1206,836,819,1516,1632,1573,1449,1477,1063,248,596,545,475,430,381
216,92,7,230402,261,188,135,104,130,91,139,184,446,731,1025,1425,1683,1798,1957,2100,2072,2066,1591,1309,1008,672,225,111
216,93,1,230403,91,47,50,51,163,786,2081,2435,1512,1091,1035,1020,1087,1077,1146,1099,1353,1557,1274,733,473,318,263,104
216,94,2,230404,53,36,43,51,134,682,1937,2385,1582,1090,1060,1058,1057,1241,1199,1251,1501,1720,1333,780,472,352,279,125
216,95,3,230405,66,46,36,69,134,694,1998,2184,1511,1120,1051,1118,1156,1260,1304,1312,1502,1735,1389,862,485,421,300,185
216,96,4,230406,84,43,36,58,155,630,1815,2031,1455,1053,1101,1140,1150,1342,1455,1531,1694,1825,1453,1009,642,501,401,247
216,97,7,230407,182,95,65,90,147,110,210,292,529,853,1132,1284,1188,1124,1153,1267,1251,1158,988,754,502,408,312,270
216,98,6,230408,167,117,91,85,116,171,263,582,536,1169,1501,1536,1315,1431,1420,1378,1364,1190,1039,839,653,554,384,313
216,99,7,230409,197,120,78,79,117,74,138,184,444,932,1378,1371,1349,1428,1506,1779,2158,2174,2000,1557,1272,1016,646,413
216,100,7,230410,244,136,82,63,113,105,173,229,489,1065,1644,2168,2374,2528,2648,2661,2752,2784,2340,2071,1791,1442,928,571
216,101,2,230411,286,129,104,82,175,752,1975,2192,1536,1271,1281,1327,1332,1480,1469,1558,1576,1669,1341,845,497,381,276,155
216,102,3,230412,71,58,37,57,143,588,1059,1212,862,1168,1039,1178,1191,1304,1344,1430,1535,1664,1370,876,564,391,275,163
216,103,4,230413,82,48,40,47,71,435,1877,2141,1471,1213,1222,1135,1141,1318,1419,1332,1568,1616,1280,838,523,363,271,130
216,104,5,230414,80,57,43,67,134,568,1670,1744,1237,1176,1245,1192,1248,1475,1510,1480,1744,1806,1479,1100,709,542,379,256
216,105,6,230415,156,86,81,85,133,160,439,743,1001,1193,1434,1320,1479,1534,1602,1545,1587,1539,1319,928,715,344,104,58
216,106,7,230416,240,162,126,80,109,73,136,238,156,784,621,1092,1275,1411,1466,1576,1710,1618,1476,1215,922,723,449,240
216,107,1,230417,106,62,47,70,170,746,1893,2233,1438,1099,1084,1027,1091,1212,1266,1301,1421,1613,1275,801,535,428,269,136
216,108,2,230418,69,58,39,66,168,680,2017,2299,1456,1137,1108,1063,1012,1173,1317,1335,1543,1707,1283,784,469,368,289,157
216,109,3,230419,56,56,38,52,127,695,1965,2139,1479,1220,1141,1089,1061,1251,1191,1263,1538,1778,1322,768,559,376,285,169
216,110,4,230420,73,50,58,69,157,668,1925,2175,1503,1178,935,1135,1120,1262,1294,1336,1513,1774,1440,784,485,389,307,168
216,111,5,230421,83,57,49,62,145,606,1752,1884,1444,1173,1144,1255,1192,1347,1533,1658,1827,1841,1592,1095,754,533,449,276
216,112,6,230422,196,100,75,55,119,166,419,753,1042,1269,1396,1463,1534,1545,1731,1770,2045,1975,1598,1022,781,617,547,410
216,113,7,230423,276,166,162,91,110,75,180,237,446,697,929,1207,1295,1501,1629,1754,2039,1877,1564,1125,942,638,398,207
216,114,1,230424,89,67,39,65,166,767,1087,1173,851,951,1103,1028,1031,1094,1169,1105,1298,1506,1217,700,236,315,300,138
216,115,2,230425,71,50,35,62,148,686,2043,2188,1599,1130,1014,1027,999,1197,1013,1325,1414,1685,1263,793,442,342,287,163
216,116,3,230426,61,52,39,74,151,708,2076,2184,1523,1158,1050,1085,1139,1224,1255,1318,1564,1843,1590,879,590,404,332,220
216,117,4,230427,114,55,49,78,151,694,2032,2245,1490,1120,1101,1109,1059,1247,1280,1372,1599,1729,1457,886,612,477,333,194
216,118,5,230428,78,60,46,57,159,590,1702,1936,1349,1163,1177,1152,1215,1413,1532,1559,1761,1963,1617,1070,686,525,440,314
216,119,6,230429,191,124,80,75,136,184,447,761,1064,1218,1435,1453,1495,1513,1623,1589,1666,1575,1369,908,663,581,465,368
216,120,7,230430,271,195,159,117,132,134,167,239,471,809,976,1206,1252,1443,1571,1669,1965,2043,1651,1227,947,679,415,216
216,121,1,230501,111,82,56,62,134,435,1582,1727,1199,761,1107,1243,1382,1590,1723,1703,1815,1949,1451,1047,479,492,363,176
216,122,2,230502,103,55,43,70,158,760,263,160,1036,1040,937,965,976,1218,1138,1158,1443,1624,1253,788,454,356,296,127
216,123,3,230503,67,45,36,65,149,727,2001,2173,1455,1121,1071,1021,1004,1195,1150,1282,1572,1774,1328,871,536,434,313,154
216,124,4,230504,90,47,47,69,142,714,2011,2169,1510,1163,1090,1116,1044,1202,1259,1383,1709,1814,1434,913,578,532,353,166
216,125,5,230505,103,37,44,58,151,622,1783,1867,1423,1077,1114,1124,1208,1379,1451,1697,1905,1813,1646,1015,723,517,445,249
216,126,6,230506,171,88,79,69,138,215,447,544,976,1332,1429,1511,1464,1501,1590,1662,1779,1861,1451,997,763,647,496,392
216,127,7,230507,241,157,114,79,110,108,188,262,493,855,1143,1201,1272,1471,1612,1978,2137,1991,1810,1411,931,579,361,217
216,128,1,230508,79,55,44,71,167,844,2150,2347,1556,1095,1002,982,970,1228,1172,1113,1311,1484,1196,754,475,356,308,112
216,129,2,230509,64,46,40,51,147,735,2120,2297,1541,1069,943,932,986,1123,1153,1190,1418,1528,1326,759,446,355,275,119
216,130,3,230510,71,38,35,58,140,724,1910,2154,1466,1133,1081,1057,1098,1273,1293,1278,1452,1373,1104,778,446,372,293,169
216,131,4,230511,83,41,31,65,152,730,1859,2288,1519,1103,1029,1049,1063,1213,1264,1309,1487,1615,1312,751,569,408,322,129
216,132,5,230512,69,53,46,56,128,649,1802,1918,1322,1141,1086,1136,1254,1396,1540,1506,1766,1831,1553,993,747,530,416,317
216,133,6,230513,174,129,90,75,121,168,533,762,1031,1279,1416,1291,1370,1451,1512,1486,1520,1478,1164,843,628,597,524,335
216,134,7,230514,230,166,104,86,118,83,183,199,142,606,1157,1283,1229,1428,1501,1844,1021,899,1044,1090,877,399,367,182
216,135,1,230515,115,62,37,67,183,822,1483,1756,1575,1076,1024,1051,953,1134,1178,1118,1284,1574,1158,737,468,379,319,146
216,136,2,230516,66,42,31,59,141,717,2028,2341,1110,689,959,959,1008,1138,306,1090,1190,895,785,677,452,322,250,151
216,137,3,230517,65,43,44,60,141,683,1955,2214,1428,1128,1040,1104,1133,1360,1485,1480,1673,1723,1463,961,601,478,336,279
216,138,7,230518,166,99,83,81,118,134,267,362,650,1111,1252,1201,1079,1173,1180,1289,1546,1450,1217,862,613,464,283,204
216,139,5,230519,101,56,55,70,137,351,893,1166,1030,1213,1304,1271,1181,1359,1418,1568,1742,1633,1360,922,651,479,357,238
216,140,6,230520,129,107,85,65,105,176,347,680,928,1161,1352,1498,1450,1625,1710,1735,1871,1940,1551,1060,757,655,552,332
216,141,7,230521,265,134,105,87,115,99,154,256,535,825,1314,1850,2105,2415,2728,2807,2718,2722,2502,1858,1633,1080,714,364
216,142,1,230522,193,100,67,79,168,785,2164,2303,1554,1190,1119,1101,1073,1260,1204,1384,1512,1601,1284,754,597,401,315,145
216,143,2,230523,67,55,37,44,135,754,2123,2314,1520,1118,867,907,954,1189,1151,1203,1421,1687,1236,720,491,345,299,126
216,144,3,230524,70,37,28,55,136,722,1974,2243,1495,1148,1054,1090,1203,1269,1269,1258,1431,1731,1308,761,479,379,297,154
216,145,4,230525,91,63,45,61,164,646,1270,2117,1551,1165,1078,1094,1019,1240,1239,1341,1507,1713,1367,849,548,463,316,204
216,146,5,230526,105,61,53,78,165,641,1782,1920,1320,1142,1144,1149,1324,1473,1580,1679,1863,1795,1535,1139,766,644,456,311
216,147,6,230527,163,128,82,89,149,213,514,726,1048,1310,1444,1493,1495,1543,1575,1579,1653,1558,1253,948,781,582,484,355
216,148,7,230528,225,140,89,66,127,103,182,265,556,925,1233,1367,1414,1483,1658,1822,2083,2184,1825,1369,1101,871,582,324
216,149,7,230529,182,113,75,74,103,112,225,249,519,957,1425,1930,2090,2248,2531,2604,2640,2536,2207,1733,1386,1047,577,285
216,150,2,230530,147,71,52,75,168,872,2276,2547,1623,1258,1196,1231,1197,1313,1363,1381,1564,1827,1359,854,558,474,333,152
216,151,3,230531,59,54,32,61,130,746,1989,2218,1509,1140,1063,1121,1152,1317,1201,1346,1591,1668,1445,892,538,424,331,167
216,152,4,230601,82,47,42,57,162,773,2070,2321,1594,1211,1142,1115,1064,1219,1225,1384,1595,1783,1346,883,555,453,329,185
216,153,5,230602,56,42,51,71,172,656,1825,1982,1419,897,1174,1280,1266,1430,1484,1679,1905,1973,1500,1008,781,553,481,376
216,154,6,230603,185,109,69,71,140,172,561,841,1172,1342,1513,1478,1539,1573,1651,1686,1741,1738,1484,888,678,637,592,387
216,155,7,230604,270,146,107,94,127,101,163,255,636,893,1183,1277,1436,1734,1848,2047,2107,2030,1626,1291,899,654,408,223
216,156,1,230605,113,71,57,68,190,849,2040,2387,1285,1188,1131,1092,1105,1204,1186,1264,1419,1628,1346,765,501,357,296,126
216,157,2,230606,62,51,29,58,132,755,2209,2487,1564,1220,1095,1019,958,1202,1216,1200,1473,1725,1334,857,523,430,329,155
216,158,3,230607,73,56,35,56,146,729,2085,2383,1559,1213,1121,1128,1154,1365,1316,1451,1557,1758,1437,893,613,459,387,216
216,159,4,230608,106,57,48,47,121,544,1220,1368,1139,1093,1098,1130,1142,1179,1252,1521,1730,1832,1484,968,566,426,340,176
216,160,5,230609,88,46,45,59,162,606,1653,1796,1325,1229,1130,1191,1255,1441,1581,1655,1860,1892,1576,1104,765,576,474,290
216,161,6,230610,171,92,61,90,138,192,530,730,1009,1258,1525,1553,1584,1579,1612,2100,1921,1859,1546,1160,902,653,597,447
216,162,7,230611,308,170,121,75,135,138,221,314,651,969,1316,1704,1860,2261,2557,2616,2643,2480,2358,2037,1755,1187,586,281
216,163,1,230612,141,79,60,71,162,854,2193,2398,1564,1230,1165,1152,1113,1281,1276,1425,1495,1658,1340,867,534,397,334,169
216,164,2,230613,68,50,50,53,141,761,2140,2284,1575,1123,1091,1011,1130,1198,1365,1391,1663,1757,1367,799,525,425,356,146
216,165,3,230614,99,52,33,66,156,676,2131,2316,1525,1162,1152,1116,1201,1287,1338,1444,1588,1785,1383,816,572,469,391,184
216,166,4,230615,85,52,35,55,159,714,2118,2363,1639,1168,1102,1159,1167,1317,1349,1376,1675,1723,1384,931,603,502,392,207
216,167,5,230616,99,53,35,59,143,611,1872,2058,1435,1210,1251,1396,1359,1636,1845,1677,1959,1879,1462,1055,757,614,509,356
216,168,6,230617,197,116,68,79,118,199,502,910,1123,1345,1509,1638,1757,1873,2071,2079,2002,1841,1367,1057,849,736,642,384
216,169,7,230618,247,149,102,65,116,97,195,338,646,944,1259,1460,1658,1770,2004,2304,2489,2426,2124,1852,1296,930,505,220
216,170,1,230619,144,62,53,77,165,820,2149,2448,1560,1301,1097,1116,1111,1267,1339,1335,1377,1731,1405,834,532,377,296,158
216,171,2,230620,74,50,48,56,131,755,1951,2512,1581,1122,1084,1042,1050,1109,1209,1387,1561,1625,1345,827,491,453,357,182
216,172,3,230621,104,56,46,53,151,739,2065,2307,1555,1194,1091,1135,1127,1292,1243,1443,1633,1643,1417,829,527,439,346,180
216,173,4,230622,92,54,38,57,186,898,2744,2614,2052,1217,1131,1216,1201,1348,1314,1402,1549,1723,1207,913,580,417,373,185
216,174,5,230623,95,48,43,46,149,631,1837,1845,1405,1215,1189,1288,1437,1573,1706,1783,1980,1844,1507,1087,769,585,497,324
216,175,6,230624,197,126,84,69,138,244,515,867,1058,1321,1485,1564,1635,1751,1756,1841,1765,1712,1457,1108,883,741,657,465
216,176,7,230625,307,154,113,117,128,99,226,368,615,1012,1292,1576,1672,1833,2030,2327,2520,2387,2461,2364,1774,1267,732,357
216,177,1,230626,182,88,64,94,189,864,2163,2329,1623,1257,1137,1298,1187,1347,1364,1486,1621,1718,1299,857,605,454,360,173
216,178,2,230627,94,59,49,60,162,717,2082,2352,1638,1180,1118,1156,1176,1295,1329,1361,1551,1767,1377,800,562,452,393,178
216,179,3,230628,101,50,41,60,198,777,1966,2320,1487,1203,1151,1238,1236,1383,1362,1509,1678,1870,1471,858,579,526,434,267
216,180,4,230629,98,59,40,67,184,742,2017,2293,1571,1183,1146,1265,1167,1453,1466,1588,1679,1908,1481,970,619,519,404,193
216,181,5,230630,94,56,46,58,144,663,1788,1923,1385,1231,1133,984,1553,1611,1755,1780,2013,1818,1440,1087,692,593,460,300
216,182,6,230701,206,120,93,105,165,204,461,569,919,1390,1636,1662,1667,1755,1741,1860,1770,1684,1332,945,743,611,520,386
216,183,7,230702,285,166,107,112,146,131,205,270,479,755,879,1360,1127,1791,2073,2412,2395,2425,1988,1666,1223,870,541,255
216,184,1,230703,130,76,61,78,201,875,2138,2342,1629,1205,1222,1187,1161,1359,1267,1332,1525,1693,1405,821,558,449,330,159
216,185,2,230704,85,53,41,62,149,726,2091,2181,1564,1191,1096,1070,1048,1191,1256,1332,1596,1706,1418,830,542,445,342,148
216,186,3,230705,70,56,39,71,130,743,2016,2232,1588,1182,1136,1175,1213,1363,1284,1200,1548,1737,1317,826,531,418,335,190
216,187,4,230706,104,54,43,61,162,704,2039,2257,1505,1265,1187,1205,1088,1366,1385,1473,1626,1751,1451,881,563,509,388,191
216,188,5,230707,103,61,58,83,158,632,1824,1919,1307,1197,1176,1323,1251,1425,1488,1729,1909,1887,1597,1111,802,664,503,361
216,189,6,230708,204,139,112,115,144,232,479,681,924,1253,1481,1612,1585,1599,1706,1663,1667,1576,1381,1098,836,809,619,425
216,190,7,230709,290,164,95,104,154,141,234,285,483,815,1191,1414,1539,1706,1893,2134,2518,2132,2357,2042,1652,1240,686,292
216,191,1,230710,105,71,60,81,174,854,2070,1999,1482,1193,1231,1282,1177,1295,1333,1367,1628,1668,1343,930,610,522,344,172
216,192,2,230711,105,39,49,78,141,756,1948,2112,1487,1031,1087,1168,1151,1263,1269,1297,1532,1642,1395,867,628,410,310,182
216,193,3,230712,74,45,39,63,143,704,1837,1636,1319,1179,1132,1285,1235,1354,1450,1456,1461,1620,1374,857,415,323,305,159
216,194,4,230713,105,39,53,60,158,637,1888,2056,1443,1181,1158,1224,1201,1239,1397,1377,1524,1636,1411,894,570,475,396,227
216,195,5,230714,79,54,53,57,148,605,1727,1782,1266,1163,1294,1392,1358,1501,1566,1648,1874,1784,1570,1145,757,610,509,291
216,196,6,230715,180,107,81,93,141,203,468,678,975,1238,1514,1684,1529,1808,1724,1720,1794,1652,1448,1079,870,720,578,429
216,197,7,230716,212,159,114,92,135,90,185,226,443,816,1098,1520,1567,1739,2048,2192,2199,2330,2437,1866,1502,642,590,287
216,198,1,230717,139,79,75,73,197,596,1099,1219,1442,1151,1172,1239,1201,1317,1338,1372,1477,1652,1456,927,620,431,324,192
216,199,2,230718,77,50,45,60,127,681,1844,1829,1343,1154,1042,1145,1126,1185,1383,1437,1538,1700,1274,787,516,446,297,189
216,200,3,230719,71,49,38,65,142,659,1685,1799,1282,1123,1091,1212,1141,1324,1397,1516,1560,1677,1379,860,571,459,338,174
216,201,4,230720,100,51,45,68,141,645,1621,1781,1290,1105,1147,1237,1154,1291,1337,1512,1641,1849,1523,1020,689,542,413,215
216,202,5,230721,95,82,42,87,143,575,1468,807,1129,1054,1376,1354,1545,1568,1677,1628,1708,1657,1387,996,637,531,401,232
216,203,6,230722,166,101,91,94,144,185,403,388,745,1161,1653,1706,1645,1745,1708,1800,1671,1566,1286,1005,771,626,507,336
216,204,7,230723,213,138,110,110,125,111,176,261,492,858,1102,1394,1536,1793,1986,2274,2534,2434,2471,1730,1426,1081,577,268
216,205,1,230724,137,86,57,74,154,637,1405,1397,1082,874,1190,1283,1293,1415,1356,1337,1389,1413,1091,664,518,364,274,150
216,206,2,230725,67,42,43,50,136,488,592,1148,1124,1045,1076,843,1151,1197,1243,1213,1369,1501,1143,681,462,365,288,146
216,207,3,230726,58,33,38,66,130,512,1335,1479,1086,1046,855,875,1084,1198,1320,1070,1407,1370,1185,685,469,396,332,169
216,208,4,230727,80,54,54,55,152,492,1300,1510,1195,1064,1121,1147,1178,1212,1336,1505,1712,1719,1460,988,648,502,359,179
216,209,5,230728,100,68,48,61,141,453,1097,1243,979,1043,1167,1296,1336,1450,1628,1799,1858,1826,1429,1060,785,627,364,237
216,210,6,230729,134,82,78,93,157,185,311,431,691,988,1443,1673,1652,1699,1802,1695,1648,1550,1133,689,714,553,451,353
216,211,7,230730,225,130,100,76,103,97,158,208,370,694,1066,1305,1481,1602,1594,1722,1821,1844,1689,1296,1017,764,448,224
216,212,1,230731,128,78,57,67,139,381,892,1037,992,1130,1206,1306,1272,1315,1525,1595,1826,1814,1568,1122,791,650,438,335
216,213,7,230801,256,128,152,65,110,92,164,192,375,652,1057,1269,1695,1749,1835,1473,1380,726,1050,606,411,234,335,380
216,214,3,230802,173,75,87,67,160,521,1378,1522,1183,1223,1398,1522,1474,1607,1612,1583,1614,1848,1477,1086,638,494,322,176
216,215,4,230803,88,64,51,62,129,445,1262,1455,1091,1206,1208,1298,1283,1399,1500,1674,1689,1818,1391,958,690,493,308,178
216,216,5,230804,77,66,34,54,157,388,1123,1208,986,1100,1271,1431,1552,1613,1804,1811,1746,1775,1416,1053,798,642,488,279
216,217,6,230805,161,119,73,67,124,162,306,470,707,1056,1244,1414,1744,1806,1927,1918,1747,1561,1365,1022,837,730,568,471
216,218,7,230806,319,207,126,98,116,102,144,202,272,486,817,1437,1622,1803,1225,1742,1502,1689,1682,970,748,866,494,227
216,219,1,230807,117,52,60,65,169,662,1443,1574,1251,1083,1175,1295,1226,1381,1450,1392,1498,1170,664,930,577,428,282,147
216,220,2,230808,81,57,50,55,140,602,1720,1884,1342,1164,1129,1104,1086,1213,1241,1355,1653,1833,1442,914,630,477,348,157
216,221,3,230809,94,60,30,56,118,613,1646,1844,1294,1215,1240,1235,1248,1390,1453,1544,1777,1831,1589,969,581,459,333,179
216,222,4,230810,96,66,38,50,150,561,1732,1853,1382,1144,1209,1241,1189,1431,1604,1562,1806,2342,1802,1193,810,615,445,210
216,223,5,230811,127,64,56,66,121,544,1498,1571,1225,1213,1266,1435,1448,1610,1794,2031,2243,2350,2052,1567,1185,877,641,470
216,224,6,230812,241,124,109,90,127,182,404,659,883,1329,1628,1898,1994,2025,2133,2155,2234,2185,1854,1296,1091,888,703,476
216,225,7,230813,419,295,195,115,136,90,185,253,489,894,1251,1783,1851,1953,2381,2344,2525,2664,2415,2255,1707,1201,599,259
216,226,1,230814,137,63,75,59,185,711,1832,1904,1381,1049,1291,1281,1330,1469,1524,1598,1690,1897,1602,993,693,583,361,198
216,227,2,230815,103,76,57,76,149,518,1123,1283,1057,1012,1105,1275,1311,1428,1518,1758,2007,2176,1865,1231,782,606,491,272
216,228,3,230816,129,67,49,75,142,767,2011,2193,1644,1257,1157,1168,1170,1355,1464,1525,1871,2090,1697,983,687,488,347,199
216,229,4,230817,107,61,49,60,157,695,1993,2309,1427,1245,1174,1247,1307,1439,1609,1623,1736,1920,1451,938,576,513,356,203
216,230,5,230818,98,52,52,53,162,612,1796,1985,1291,1141,1284,1322,1452,1557,1761,1923,2194,2425,2262,1554,1007,757,572,363
216,231,6,230819,186,131,96,80,134,222,497,765,1115,1391,1576,1743,1703,1835,1827,1932,2215,2375,2241,1630,1133,949,657,465
216,232,7,230820,285,194,124,81,130,113,202,326,621,1076,1428,1710,1751,1897,2116,2411,2502,2427,2648,2491,1835,1311,687,296
216,233,1,230821,159,95,67,83,175,802,2141,2283,1580,1296,1169,1208,1193,1351,1354,1449,1564,1782,1443,954,775,565,357,159
216,234,2,230822,74,49,40,56,154,717,2106,2450,1627,1162,1060,1108,1111,1229,1286,1417,1511,1717,1407,956,596,510,365,158
216,235,3,230823,96,48,31,74,171,719,1957,2357,1600,1175,1135,1178,1232,1355,1424,1463,1712,1890,1450,943,636,562,421,247
216,236,4,230824,120,70,46,58,166,723,2015,2477,1628,1138,1211,1213,1205,1425,1399,1584,1729,1885,1525,1024,691,465,341,228
216,237,5,230825,96,55,52,67,154,620,1765,2032,1425,1215,1318,1372,1440,1720,1724,1912,1973,1884,1692,1137,811,637,478,332
216,238,6,230826,205,144,81,91,140,209,510,802,1140,1415,1677,1794,1821,2032,2032,2026,1306,1799,1363,776,793,655,566,507
216,239,7,230827,323,216,110,134,216,130,159,253,503,637,1327,1774,1983,1128,1647,2061,1736,1346,1541,1278,414,528,392,222
216,240,1,230828,155,77,57,83,188,733,1823,2185,1371,470,702,997,487,576,1099,1271,1058,1021,828,693,460,374,267,159
216,241,2,230829,69,54,44,49,140,702,1985,2234,1609,1000,1040,1017,403,1102,1143,1138,1360,948,661,781,115,241,295,140
216,242,3,230830,96,39,41,53,92,262,1079,1303,1541,1103,1153,1136,1112,1243,1325,1336,1608,1765,1434,865,555,430,318,169
216,243,4,230831,93,44,48,55,147,680,1963,2279,1506,1095,1086,1074,1100,1237,1357,1426,1709,1790,1439,935,580,449,400,170
216,244,5,230901,99,55,54,69,153,621,1721,2002,1393,1074,1177,1192,1212,1481,1587,1647,1901,1940,1729,1238,848,639,429,337
216,245,6,230902,200,117,81,95,131,188,501,734,1081,1384,1523,1541,1688,1665,1677,1865,1942,1980,1825,1354,1087,903,648,441
216,246,7,230903,350,157,142,94,132,101,191,325,563,995,1346,1579,1704,1944,2327,2635,2707,2657,2660,2459,1784,1028,513,258
216,247,1,230904,115,73,60,82,193,812,2062,2296,1501,1150,1175,1104,1056,1218,1341,1316,1527,1715,1330,907,597,437,285,117
216,248,2,230905,85,44,44,50,137,743,2043,2287,1578,1162,991,1001,1028,1185,1168,1075,1392,1728,1375,883,559,464,315,117
216,249,3,230906,70,52,39,75,151,712,2009,2338,1516,1159,1094,1149,1096,1290,1309,1385,1571,1802,1398,906,649,450,306,153
216,250,4,230907,115,65,53,56,154,733,2055,2214,1581,1156,1129,1101,1154,1289,1408,1468,1737,1783,1512,935,672,486,324,211
216,251,5,230908,96,73,49,70,145,613,1829,1987,1361,1174,1257,1337,1365,1562,1612,1787,1888,1913,1559,1198,893,609,458,293
216,252,6,230909,175,127,89,94,132,226,508,840,1120,1367,1582,1597,1541,1722,1823,1863,2057,2027,1689,1274,1000,820,614,427
216,253,7,230910,289,167,129,110,125,115,167,309,560,977,1377,1692,1900,1964,2266,2335,2668,2554,2511,2387,2160,1908,861,459
216,254,1,230911,199,117,93,100,201,828,2031,2345,1631,1285,1247,1329,1335,1485,1546,1675,2019,2122,1740,1390,910,640,441,179
216,255,2,230912,118,79,50,68,148,750,2099,2494,1671,1132,1158,1162,1258,1357,1380,1574,1691,1822,1409,937,599,461,303,130
216,256,3,230913,97,57,47,55,150,733,1999,2290,1566,1204,1118,1276,1394,1583,1594,1574,1680,1867,1434,886,583,428,311,194
216,257,4,230914,104,64,48,63,159,720,2009,2345,1492,1131,1168,1286,1302,1350,1581,1565,1701,1924,1501,902,637,482,366,188
216,258,5,230915,103,72,62,64,153,662,1819,2038,1331,1123,1272,1391,1394,1687,1683,1823,1948,1985,1579,1216,1004,599,446,435
216,259,6,230916,238,119,90,79,140,223,517,803,1191,1388,1482,1628,1604,1730,1851,1864,1943,2001,1624,1107,841,725,601,394
216,260,7,230917,283,133,102,80,97,102,189,267,534,870,1150,1538,1691,2004,2261,2575,2599,2740,2660,2350,2053,1023,473,201
216,261,1,230918,127,55,65,65,201,785,2100,2156,1408,1051,1045,1000,958,1069,1172,1125,1179,1746,1727,632,517,355,323,161
216,262,2,230919,78,53,46,32,173,706,2101,1582,916,1046,872,961,1025,1183,1214,1240,1406,1611,1260,796,493,344,290,161
216,263,3,230920,94,65,40,50,151,715,1984,2317,1486,1016,1073,1053,1097,1273,1341,1388,1678,1798,1479,839,579,423,307,188
216,264,4,230921,74,69,69,58,153,665,2097,2212,1484,1051,1123,1111,1085,1238,1321,1460,1522,1808,1450,925,570,401,334,184
216,265,5,230922,91,55,59,67,131,573,905,1611,1321,1134,815,549,1199,1538,1610,1832,1885,1907,1441,985,632,486,384,365
216,266,6,230923,172,127,76,56,128,170,437,626,753,203,1218,1559,1604,1645,1744,1569,1697,1539,1170,931,628,658,494,367
216,267,7,230924,302,175,97,89,100,89,242,281,554,902,1187,1384,1666,1807,2099,2118,2238,3004,2799,2060,1332,842,411,231
216,268,1,230925,121,66,53,82,191,820,2163,2385,1525,1192,1054,1061,1144,1190,1203,1346,1548,1786,1395,910,623,467,300,178
216,269,2,230926,78,61,34,54,157,716,2103,2321,1568,1184,1089,1084,1010,1194,1284,1052,1424,2152,1552,934,537,361,316,183
216,270,3,230927,63,35,36,60,157,673,1982,2250,1516,1171,1122,1109,1128,1275,1322,1507,1654,1799,1493,941,618,442,300,177
216,271,4,230928,87,53,47,62,159,694,2032,2277,1476,1156,1127,1111,1108,1318,1356,1426,1637,1489,1199,1557,637,411,339,180
216,272,5,230929,87,46,53,59,164,614,1805,1946,1319,1117,1221,1321,1395,1565,1609,1863,2076,2105,1675,1189,751,582,438,319
216,273,6,230930,182,125,86,86,145,203,440,767,987,1219,1408,1547,1539,1877,1816,1816,1972,1965,1510,1156,841,645,547,369
216,274,7,231001,282,148,99,99,153,99,201,276,535,914,1217,1522,1645,1920,2162,2382,2560,2522,2552,2509,1686,1041,426,210
216,275,1,231002,113,56,62,77,187,771,1959,2239,1555,1261,1198,1172,1104,1298,1370,1488,1668,1952,1548,1014,605,482,299,141
216,276,2,231003,67,40,66,56,149,664,1961,2195,1451,1196,1157,1079,1154,1300,1311,1410,1603,1929,1555,974,585,344,156,207
216,277,3,231004,107,45,43,69,149,651,1840,2059,1397,1186,1172,1154,1144,1357,1396,1441,1541,1833,1430,908,548,398,290,156
216,278,4,231005,88,68,50,62,155,663,1820,2097,1461,1084,1039,1116,1197,1309,1294,1573,1646,1899,1397,931,573,440,330,197
216,279,5,231006,82,59,45,54,139,541,1652,1738,1234,1144,1175,1241,1310,1351,1613,1755,2090,2078,1766,1174,679,544,390,260
216,280,6,231007,146,90,86,68,135,190,449,697,974,1196,1435,1611,1654,1922,2051,2158,2152,2169,1753,1180,838,695,501,415
216,281,7,231008,269,165,117,93,140,128,180,266,495,837,1214,1617,1740,2055,2302,2655,2634,2623,2582,2246,1436,991,469,237
216,282,1,231009,103,74,61,65,169,789,1936,2024,1411,1187,1194,1225,1151,1313,1368,1524,1696,1816,1385,837,562,415,325,145
216,283,2,231010,94,57,40,79,144,652,1855,1968,1380,1184,1083,1084,1042,1221,1348,1467,1665,1885,1432,909,525,420,268,155
216,284,3,231011,85,55,46,64,158,621,1779,1884,1341,1218,1183,1123,1139,1305,1437,1603,1856,1997,1627,987,575,415,328,207
216,285,4,231012,106,65,46,62,149,630,1799,1887,1345,1164,1190,1174,1185,1341,1479,1686,1878,1993,1651,1040,630,472,328,208
216,286,5,231013,108,61,63,77,149,547,1648,1622,1198,1101,1209,1332,1394,1669,1855,1983,2278,2348,2056,1349,891,624,387,412
216,287,6,231014,350,112,80,71,117,170,383,597,905,1060,1453,1856,1967,2001,1986,2085,2077,1897,1349,1029,787,648,520,365
216,288,7,231015,210,137,89,65,124,100,186,52,321,679,828,834,1634,1931,2100,2076,2345,2056,1715,1537,1145,870,371,190
216,289,1,231016,94,54,48,73,190,733,2037,2111,1415,1130,1162,1115,1104,1243,1298,1433,1521,1770,1372,852,497,384,292,140
216,290,2,231017,80,52,45,48,159,671,1936,2092,1397,1131,1076,1064,1013,1138,1260,1368,1533,1736,1282,842,475,374,292,138
216,291,3,231018,92,41,52,72,153,635,1917,2093,1444,1183,1087,1239,1135,1320,1321,1430,1643,1811,1326,828,494,426,311,199
216,292,4,231019,74,51,49,55,158,623,1848,2100,1392,1225,1185,1257,1164,1427,1414,1576,1691,1883,1445,847,491,376,292,170
216,293,5,231020,90,74,53,63,152,559,1671,1750,1239,1080,1225,1186,630,1093,1659,1223,870,229,526,760,404,118,116,30
216,294,6,231021,206,145,90,54,117,175,400,645,958,585,1111,697,1375,1167,996,844,892,646,245,711,635,533,512,513
216,295,7,231022,383,179,121,80,104,81,149,270,486,737,1078,1445,1620,1924,1973,2232,2571,2380,1798,1383,1014,703,375,183
216,296,1,231023,82,53,43,62,175,794,2035,2504,1583,1067,1115,1085,1022,1186,1237,1301,1382,1635,1303,814,517,316,265,164
216,297,2,231024,83,56,67,59,129,715,2052,2448,1518,1087,972,1046,1077,1225,1084,673,1308,1601,698,718,451,311,86,109
216,298,3,231025,14,10,23,48,138,612,1984,2421,805,908,1023,1052,1176,1370,1284,1325,1537,1687,1381,788,512,372,352,206
216,299,4,231026,120,70,60,88,149,688,1958,1784,891,722,1127,1071,1146,1259,1302,1369,1535,1537,440,805,509,406,339,196
216,300,5,231027,100,72,61,57,150,553,1437,915,487,218,662,1193,1216,1484,1441,1619,1835,1834,1615,1023,681,550,430,334
216,301,6,231028,186,124,86,102,137,202,456,787,1012,1182,1487,1455,1508,1608,1685,1773,1958,1883,1393,896,630,591,546,461
216,302,7,231029,301,175,212,114,68,99,166,284,554,1024,1193,1439,1556,1892,1978,2392,2480,2395,1493,1325,845,583,299,128
216,303,1,231030,76,59,51,70,183,821,2117,2458,1295,1033,1086,1015,1130,1260,1305,1270,1311,1551,807,646,224,176,63,116
216,304,2,231031,66,39,34,46,154,328,1140,76,699,338,713,886,1079,1242,1258,560,675,1654,1047,590,500,369,293,155
216,305,3,231101,88,82,57,58,176,436,1051,1024,980,1099,1113,1211,1154,1188,1243,1267,1418,1344,1133,675,472,343,239,133
216,306,4,231102,71,46,40,34,142,678,2063,2444,1594,1091,1072,1076,951,1205,1304,1260,1406,961,701,649,442,314,229,138
216,307,5,231103,65,61,50,51,133,597,1530,2066,1370,1120,881,709,1266,1345,1458,1468,1887,1977,1571,900,613,424,329,246
216,308,6,231104,216,116,64,69,116,169,386,658,1006,1273,1407,1422,1487,1491,1546,1645,1625,1442,1111,739,535,474,437,451
216,309,7,231105,325,163,130,84,118,76,156,189,360,702,980,1258,1357,1562,1622,1701,2039,1916,1434,1136,808,587,325,178
216,310,1,231106,81,63,50,57,188,777,2184,2309,1525,1067,965,965,1015,1104,1131,1100,1412,1543,1186,683,414,310,282,132
216,311,2,231107,70,46,62,52,149,495,1312,1510,135,1021,964,921,956,1053,1101,1139,1340,1534,1150,664,364,331,253,154
216,312,3,231108,59,40,44,58,147,701,1953,2384,1533,1133,1024,1032,1004,1191,1208,1278,1602,1764,1385,740,472,359,291,142
216,313,4,231109,63,49,69,61,171,666,1990,2528,1566,1088,1056,1030,1064,1182,1203,1297,1514,1739,1290,751,477,354,308,129
216,314,5,231110,102,59,46,50,140,610,1749,2057,1350,1084,1045,925,1138,1371,1402,1458,1729,1724,1464,838,548,388,331,302
216,315,6,231111,169,116,77,71,116,175,404,528,392,1035,1260,1274,916,964,922,569,979,1453,741,203,536,410,430,384
216,316,7,231112,349,191,153,123,90,96,127,180,334,395,355,1138,598,707,1497,1770,1804,1727,1252,1018,802,602,216,192
216,317,1,231113,94,57,60,77,161,777,2041,2449,1523,1046,727,732,1007,1169,643,412,594,667,441,379,420,287,262,126
216,318,2,231114,69,53,31,52,163,691,1030,2186,1875,575,297,455,841,1053,1116,1071,1305,1520,1155,683,200,256,248,100
216,319,3,231115,61,46,36,62,146,498,1046,1476,807,1018,872,944,1056,1195,1204,1178,1428,1615,1235,693,371,357,281,165
216,320,4,231116,87,46,46,68,147,656,2003,2224,1543,1071,961,1006,994,1191,1218,1244,1365,1411,879,494,180,91,43,250
216,321,5,231117,208,56,43,66,150,543,1702,1963,1385,997,1074,1058,1103,1265,1384,719,770,842,1335,569,152,376,394,285
216,322,6,231118,183,106,106,59,73,165,413,653,966,982,1281,1305,1299,1413,1520,1711,1652,1685,1199,716,545,427,402,326
216,323,7,231119,121,160,83,86,89,78,124,180,388,592,917,990,1250,1564,1628,1632,1332,1866,1053,553,807,214,290,168
216,324,1,231120,84,51,55,75,183,795,1528,1047,918,981,1029,995,1011,1123,1110,1146,1405,1540,1090,678,424,296,243,129
216,325,2,231121,69,41,40,54,145,698,2024,2471,1063,763,789,938,868,1007,914,1141,1349,1387,1087,680,371,310,262,123
216,326,3,231122,64,31,34,46,132,578,1943,2221,820,611,142,1001,1076,1273,1177,1181,1443,1610,1264,642,409,337,263,165
216,327,4,231123,64,49,32,54,132,624,2001,2457,1547,1065,1000,1046,1008,1258,1284,1382,1601,1700,1318,795,467,350,308,157
216,328,5,231124,67,54,34,41,136,593,1708,2071,1431,1121,1115,1215,878,1284,1633,1646,1831,944,1318,933,583,372,123,334
216,329,6,231125,184,83,80,77,129,169,397,702,894,1103,1281,1318,1260,1155,1368,1296,1244,1433,538,242,484,265,139,129
216,330,7,231126,167,189,101,83,120,77,136,190,371,546,606,823,1211,1202,1802,2044,2157,2024,1320,1176,962,611,323,162
216,331,1,231127,74,69,38,50,183,790,2010,2275,1080,930,818,924,1006,1207,1164,1163,1300,1026,466,469,433,310,232,136
216,332,2,231128,55,41,47,51,135,640,1796,2315,1450,970,931,872,946,1072,1140,1123,1335,1235,767,176,355,212,244,126
216,333,3,231129,54,46,43,42,147,635,1924,2182,1326,983,985,1104,878,989,1337,1329,1674,1882,1241,451,474,377,292,186
216,334,4,231130,64,53,45,58,143,673,1874,2127,1425,1007,912,874,933,1068,1085,972,938,457,611,684,425,360,305,152
216,335,5,231201,67,57,45,47,125,579,1704,1699,1312,1117,653,1056,1060,1281,1346,1083,824,1231,1279,839,480,360,341,324
216,336,6,231202,241,133,65,71,73,170,263,568,600,776,900,921,1106,1093,1207,1235,1239,1044,918,524,374,321,326,290
216,337,7,231203,221,145,84,60,75,85,136,194,353,649,962,1168,1381,1699,2079,2356,2371,2145,2228,1452,1276,737,310,140
216,338,1,231204,88,62,51,59,163,738,1667,1570,1389,1033,915,870,1041,1244,1194,719,915,1561,1148,657,418,310,227,116
216,339,2,231205,67,56,46,47,144,648,1531,1774,1454,989,1042,1002,950,1092,1142,1087,890,1095,1156,695,394,262,272,130
216,340,3,231206,52,41,38,53,153,613,1879,2133,1405,1113,1050,1003,1042,1236,1156,762,1288,1633,1189,620,385,322,245,146
216,341,4,231207,68,51,39,48,144,631,1860,2278,1560,1193,913,1041,1150,903,1298,1329,1762,1200,832,521,395,383,299,199
216,342,5,231208,110,67,70,55,143,447,1051,896,612,911,595,1208,772,863,1263,1449,893,911,589,244,170,106,292,300
216,343,6,231209,193,135,81,70,116,162,342,556,269,974,1282,1450,1361,1554,1690,1609,858,787,753,607,501,450,440,333
216,344,7,231210,260,148,104,64,112,73,127,150,392,722,372,1479,2032,1968,1912,1710,1434,2614,1916,1482,1264,713,343,154
216,345,1,231211,94,50,49,53,184,448,1642,2420,1455,1126,1156,1169,1176,1291,1254,1309,1395,1214,900,721,453,310,247,128
216,346,2,231212,62,58,49,59,133,458,1288,1371,1000,1064,706,1055,1001,1262,1122,1182,1344,1434,1124,716,452,349,265,161
216,347,3,231213,75,44,50,64,146,621,923,1471,815,1063,1017,1051,795,993,1152,1214,1381,1605,1304,560,186,68,50,177
216,348,4,231214,99,48,41,52,142,600,1906,2166,1504,1043,563,625,1073,1144,1182,1246,1417,1512,1185,754,436,329,284,162
216,349,5,231215,89,44,48,62,136,559,1199,988,804,986,1059,1174,1250,1315,1497,1537,1684,1758,1448,846,579,483,383,351
216,350,6,231216,255,164,79,79,105,155,388,625,898,1132,1270,1425,1408,1551,1750,1902,2121,2127,1312,834,582,554,553,368
216,351,7,231217,273,164,112,94,92,103,145,205,375,803,1173,1457,1648,1880,2362,2452,2526,2480,2472,2318,1690,459,376,173
216,352,1,231218,93,63,51,56,147,691,1982,2320,1501,1186,1203,1188,1209,1299,1039,796,1391,1199,1348,937,489,368,264,166
216,353,2,231219,89,47,36,43,130,615,1861,2228,1449,978,1181,1075,824,676,1309,1283,1177,906,588,584,476,357,306,235
216,354,3,231220,101,45,34,57,162,598,1705,2074,1277,1127,1196,1046,870,1088,1444,1395,1585,1669,1241,756,475,335,290,189
216,355,4,231221,89,62,65,63,124,554,1567,1588,1388,1150,1158,1234,1198,1335,1425,1332,1151,716,1072,712,401,356,301,183
216,356,5,231222,86,53,42,58,144,637,1200,1234,1051,557,561,402,595,1363,1227,1300,626,900,1152,634,366,373,279,268
216,357,6,231223,182,112,81,88,141,145,289,420,657,796,1075,1304,1338,1445,1404,1329,1438,1194,865,649,487,409,364,262
216,358,7,231224,153,132,83,61,129,78,137,147,253,476,740,947,1085,1276,1416,1249,628,563,502,320,339,429,595,521
216,359,7,231225,339,137,76,51,100,54,113,142,233,615,745,1412,1441,1507,1565,1682,1686,1404,1057,730,674,573,587,414
216,360,7,231226,211,99,63,72,115,87,170,201,292,739,1279,1589,1566,1679,1881,2028,2230,2311,1605,1125,908,685,503,275
216,361,3,231227,220,101,60,71,142,248,599,839,775,1041,1260,1559,1428,1550,1855,1955,2137,2062,1441,1072,635,519,369,268
216,362,4,231228,204,105,72,78,107,230,549,764,797,1068,1266,1375,1411,1653,1814,1937,2181,2116,1428,1051,652,533,395,246
216,363,5,231229,228,118,75,76,127,194,478,715,681,1008,1320,1516,1614,1747,1917,1923,2220,2162,1701,1090,800,580,406,291
216,364,6,231230,223,137,79,82,132,150,234,410,633,1003,1502,1983,1942,1957,1996,2246,2352,2303,1588,1060,815,621,425,294
216,365,7,231231,271,132,80,74,87,64,122,163,240,469,789,1195,1268,1376,1410,1482,1392,1341,764,455,327,340,264,226
216,1,7,240101,187,302,251,138,123,67,105,126,160,282,499,1188,1755,1968,2192,2229,2246,2158,1512,1037,788,561,381,188
216,2,2,240102,122,67,47,48,102,191,492,706,598,907,1360,1221,2408,2498,2600,2556,2557,2236,2276,923,431,308,387,304
216,3,3,240103,148,62,39,49,109,661,1742,1902,1320,1091,1247,1249,1354,1500,1677,1716,1995,2127,1680,1042,686,467,310,199
216,4,4,240104,103,86,57,35,118,313,744,573,458,626,1024,1277,1382,1615,1610,1774,2133,2180,1851,1051,707,486,303,166
216,5,5,240105,102,48,38,61,106,307,858,1131,970,1014,1239,1705,1928,2052,2321,2235,2124,1544,2220,936,949,683,471,282
216,6,6,240106,196,121,94,70,116,131,232,417,577,935,1097,1992,2221,1298,2111,2167,2070,1949,687,742,756,709,510,294
216,7,7,240107,269,192,105,80,113,74,133,151,307,544,912,1448,1851,1664,1273,788,704,1918,1354,1143,894,618,356,178
216,8,1,240108,100,70,47,70,155,683,1819,1774,1386,945,941,938,830,1109,1093,1126,1236,1444,1141,649,401,272,255,110
216,9,2,240109,56,43,33,40,141,581,1767,2173,1350,945,849,784,810,1042,931,407,1074,1525,935,573,338,200,222,112
216,10,3,240110,54,52,27,42,111,536,1416,1245,1129,967,902,708,889,1053,1118,1178,1339,1429,1120,713,450,348,264,161
216,11,4,240111,74,49,34,40,123,547,1079,1502,665,379,88,460,977,1152,1097,1424,1385,1510,923,795,420,282,273,132
216,12,5,240112,62,41,35,34,120,454,1451,1826,1267,1002,803,1061,926,643,609,918,1977,1777,950,847,314,430,373,276
216,13,6,240113,197,123,68,78,106,113,319,714,848,937,964,1484,1295,1411,1077,1584,2410,2467,2298,1110,509,614,461,446
216,14,7,240114,248,169,108,96,92,65,175,252,396,291,793,648,1320,1997,1435,1510,1824,2539,2233,2486,2401,1442,468,225
216,15,1,240115,112,87,46,54,178,464,1125,1804,1435,1095,916,1064,1188,1228,824,441,653,1573,1244,712,507,369,282,148
216,16,2,240116,120,80,44,47,118,614,1329,1126,706,839,981,993,922,1105,1168,1250,1555,1525,1286,784,466,345,333,178
216,17,3,240117,114,73,40,53,126,603,1767,2091,1453,928,946,972,942,897,1190,1257,1367,1632,1199,697,441,362,345,193
216,18,4,240118,132,76,42,68,141,499,999,1286,719,888,1030,1070,1085,673,679,574,681,1106,1177,673,468,406,275,204
216,19,5,240119,94,73,43,61,151,447,1496,1627,1284,733,979,1226,1345,1487,1515,289,1570,1824,1463,916,631,445,419,257
216,20,6,240120,179,104,65,69,97,131,382,726,971,1135,1460,1623,1624,1602,1775,1986,2337,2440,1947,900,718,612,556,405
216,21,7,240121,274,147,103,67,93,61,147,222,403,658,1048,1567,1805,2374,2606,2523,2517,2509,2540,2346,1945,1233,455,158
216,22,1,240122,71,61,47,50,140,729,1996,2276,1548,1177,1107,1131,1227,1377,1329,1295,1521,1654,1244,722,446,359,269,96
216,23,2,240123,68,27,42,41,122,590,1914,2150,1492,1083,1049,1012,977,1261,1160,1281,1397,1600,1294,668,389,307,222,105
216,24,3,240124,59,46,32,40,128,576,1850,2303,1415,990,1042,1058,1136,1249,1289,1274,1473,1654,1197,666,419,359,326,165
216,25,4,240125,73,55,48,28,138,587,1878,2332,1530,1077,993,1152,1202,1312,1314,1264,1385,1594,1280,745,476,385,281,171
216,26,5,240126,69,66,36,41,121,542,1599,1924,1322,1061,1040,1185,1316,1346,1557,1772,1515,2006,1572,1001,632,488,371,226
216,27,6,240127,173,108,77,70,121,153,333,668,894,1144,1460,1752,1656,1763,1855,2020,2379,2350,1700,1057,739,576,467,482
216,28,7,240128,271,165,116,75,112,65,126,205,335,706,1168,1688,1900,2154,2575,2598,2544,2465,2568,2452,2195,1718,530,197
216,29,1,240129,78,53,42,52,162,694,1921,2318,1492,1181,1078,958,1153,1239,1251,1460,1742,1916,1460,840,621,343,267,115
216,30,2,240130,61,40,22,41,111,611,1845,2252,1453,994,1016,995,1073,1184,1193,1310,1519,1687,1316,792,429,360,250,112
216,31,3,240131,59,36,31,34,115,575,1763,1882,1301,997,1126,1125,1158,1309,1229,1344,1611,1845,1397,743,433,374,281,156
216,32,4,240201,83,60,44,44,121,591,1810,2204,1397,1057,725,762,1062,1259,1164,1339,1443,1479,1176,685,408,342,271,147
216,33,5,240202,63,52,37,47,122,432,803,935,476,772,1186,1230,1178,1417,1506,1579,1807,1863,1520,1000,671,450,368,233
216,34,6,240203,176,100,57,66,136,123,351,622,862,1192,1597,1896,1855,1898,1932,2041,2010,2207,2060,1018,729,629,491,410
216,35,7,240204,266,147,104,85,125,63,145,208,388,680,1040,1605,1889,2064,2580,2653,2704,2445,2562,2031,1995,1236,422,185
216,36,1,240205,72,64,43,51,164,772,2028,1569,805,924,998,1131,1100,1290,1227,1430,1489,1669,1473,813,593,417,246,122
216,37,2,240206,63,45,36,40,136,642,1995,2412,1492,990,1073,1004,1105,1270,1209,1398,1585,1354,855,804,472,367,294,119
216,38,3,240207,67,37,31,43,118,621,1887,2245,1488,1094,1093,1132,1247,1330,1344,1459,1723,1832,1482,871,539,358,278,157
216,39,4,240208,77,45,33,80,133,583,1882,2212,1422,1124,1106,1193,1234,1319,1336,1432,1612,1762,1405,787,557,390,270,135
216,40,5,240209,81,75,43,44,140,508,1638,1800,1239,1061,1262,1357,1620,1822,1931,2012,2095,2062,1651,1079,753,546,443,269
216,41,6,240210,165,123,71,56,119,136,327,551,958,1329,2174,2572,2803,2519,2380,2194,2196,2019,1416,913,724,641,519,367
216,42,7,240211,204,155,140,97,120,86,132,165,344,585,966,1241,1811,2162,2183,2177,1876,1611,2048,1225,1077,742,392,183
216,43,1,240212,81,57,50,44,170,731,1914,2233,1403,1042,1068,1162,1116,1200,1144,1297,1455,1659,1264,745,539,367,249,98
216,44,2,240213,60,41,42,39,119,645,1859,2201,1418,1028,1047,1049,1020,1253,1262,1413,1645,1946,1500,805,483,389,316,218
216,45,3,240214,83,42,39,60,105,661,1865,2195,1431,1058,1055,1096,1192,1332,1388,1429,1634,2038,1623,933,570,369,317,154
216,46,4,240215,87,51,40,46,142,597,1928,2311,1447,1141,1063,1120,1196,1309,1419,1486,1646,2223,1586,927,563,443,327,164
216,47,5,240216,78,56,45,59,116,545,1677,1945,1306,1079,1221,1507,1539,1542,1849,1993,2278,2383,1937,1326,919,672,499,341
216,48,6,240217,226,100,74,55,122,152,435,725,1079,1515,2181,2645,2531,2565,2696,2315,2290,2136,1203,406,220,172,362,361
216,49,7,240218,276,140,73,82,124,68,136,233,443,785,1257,1737,1974,2190,2615,2540,2611,2503,2112,2050,1636,1073,472,263
216,50,1,240219,107,56,53,48,143,760,2018,1974,1197,1124,856,1159,1262,1344,1196,1341,1481,1664,1260,835,512,357,277,142
216,51,2,240220,58,40,41,45,122,640,1039,1452,701,1034,1013,977,1025,1212,1162,1228,1516,1717,1310,841,486,333,280,134
216,52,3,240221,59,56,21,39,112,638,1915,2319,1433,1066,1049,1137,1199,1313,1339,1449,1752,2013,1521,820,515,427,308,134
216,53,4,240222,64,55,34,44,126,646,1951,2319,1479,996,1004,1194,1253,1452,1463,1349,1634,1583,854,657,528,410,323,159
216,54,5,240223,62,53,37,42,138,531,1699,1938,1248,1067,1160,1332,1441,1678,1740,1746,2025,2062,1717,1139,827,645,535,432
216,55,6,240224,252,104,84,73,131,168,442,787,1094,1170,1958,2286,2320,2144,2452,2523,2456,2587,1891,1168,963,863,643,419
216,56,7,240225,296,157,109,93,105,78,149,213,444,722,1207,1913,2147,2366,2547,2610,2602,2504,2504,2504,1900,1149,455,166
216,57,1,240226,70,43,58,49,156,774,2067,2431,1566,1212,1147,1146,1245,1379,1338,1339,1475,1634,1232,762,510,344,255,118
216,58,2,240227,61,40,31,55,154,669,2007,2317,1423,1172,1085,1090,1080,1295,1212,1236,1447,1671,1189,700,412,338,233,185
216,59,3,240228,91,45,37,52,130,667,1887,2186,1510,1150,1075,1109,1154,1275,1218,1276,1528,1743,1374,814,491,381,279,155
216,60,4,240229,68,57,34,30,18,185,1338,2238,1473,1140,1089,1077,1108,1280,1393,1686,1966,2151,1666,925,556,424,325,177
216,61,5,240301,90,58,36,42,134,544,1667,1916,1366,1055,1267,1433,1565,1688,1576,1770,1856,1889,1494,947,640,538,404,281
216,62,6,240302,162,109,68,70,133,148,449,786,1062,1271,1774,2149,1995,2006,2170,2351,2296,2310,1647,1043,768,608,509,502
216,63,7,240303,371,165,92,70,118,80,146,257,449,870,1356,2214,2393,2566,2469,2589,2728,2631,2145,1585,1293,735,379,158
216,64,1,240304,70,58,35,69,163,765,2117,2369,1561,1111,1105,1117,1099,1246,1233,1244,1395,1651,1320,800,509,376,262,114
216,65,2,240305,70,34,35,51,141,645,1501,1421,1010,994,982,983,589,594,600,1193,1136,162,9,563,417,157,239,109
216,66,3,240306,56,59,44,67,147,610,1964,2236,1359,1001,984,1007,1189,1207,924,777,1398,1338,740,746,477,339,246,142
216,67,4,240307,80,45,30,53,132,610,1902,2362,1517,1119,1008,983,1064,1248,1299,1373,1212,1963,1472,831,529,421,305,170
216,68,5,240308,83,49,39,50,142,532,1545,2033,1372,1081,1147,1246,1351,1535,1336,1663,2212,2286,1861,1065,714,533,462,278
216,69,6,240309,193,125,73,70,122,163,491,831,1155,1479,1955,2144,1958,2074,2171,2276,2349,2237,1594,1056,777,627,507,345
216,70,7,240310,281,167,99,83,116,85,145,215,466,887,1628,2329,2654,2610,2431,2406,2458,2509,1530,1253,1164,842,494,185
216,71,1,240311,83,48,41,61,160,788,2218,2507,1572,1093,1101,1133,1277,1334,1393,1434,1567,1825,1373,858,488,344,269,123
216,72,2,240312,44,41,26,49,140,701,2107,2383,1570,1124,1023,894,1045,1253,1208,1218,1374,905,635,660,424,320,259,108
216,73,3,240313,62,36,28,44,134,648,1999,2448,1517,1116,1068,1061,1196,1303,1246,1029,1222,1635,1263,764,459,354,300,150
216,74,4,240314,65,52,29,43,125,670,2098,2455,1529,1130,1060,1122,1029,1214,1303,1433,1690,1928,1447,897,545,391,273,165
216,75,5,240315,79,51,32,43,151,622,1821,2024,1404,1099,1010,1214,1334,1461,1705,1682,1909,1986,1603,994,587,476,402,307
216,76,6,240316,185,108,59,68,138,181,513,847,1150,1362,1648,1804,1682,1785,1767,1768,1721,1714,1243,812,651,526,481,366
216,77,7,240317,264,149,103,88,88,84,185,253,483,885,1378,1892,2192,2294,2426,2566,2678,2530,2126,1618,1295,757,436,181
216,78,1,240318,75,58,52,48,132,744,1814,2348,1597,1101,796,1180,1246,800,863,625,1170,641,563,746,443,383,124,16
216,79,2,240319,59,45,42,35,149,584,1552,1569,1293,1077,1008,970,945,1159,1229,1402,1630,1778,1424,830,489,381,263,206
216,80,3,240320,197,54,48,56,149,702,2123,2348,1444,1118,1008,1058,1183,1306,1294,1391,1703,1819,1439,842,493,327,299,146
216,81,4,240321,91,55,33,55,162,708,2123,2469,1618,1133,1118,1082,1185,1289,1243,1271,1442,1696,1260,743,478,372,298,191
216,82,5,240322,89,83,86,74,171,643,1926,2106,1468,1161,1113,1222,1200,1492,1501,1620,1909,1831,1470,1139,730,495,419,294
216,83,6,240323,172,99,72,86,129,229,527,825,1149,1261,1575,1168,1014,1750,1614,1676,1667,1567,1198,817,681,561,463,394
216,84,7,240324,434,222,111,72,91,89,169,238,484,798,1192,1734,1727,1651,2216,2219,2083,1960,1552,1142,947,718,329,140
216,85,1,240325,60,51,41,55,167,806,2202,2436,1508,1153,1045,1117,1056,1271,1193,1356,1554,1807,1437,812,506,333,230,117
216,86,2,240326,61,42,46,50,140,732,2107,2446,1618,1178,1087,1088,1069,1229,1209,1366,1468,1734,1334,778,472,350,299,219
216,87,3,240327,70,40,34,46,138,723,2097,2263,1562,1163,1095,1200,1225,1387,1309,1017,764,1154,1331,315,360,392,296,220
216,88,4,240328,196,69,40,66,164,650,1802,2025,1403,1077,1144,1189,1278,1402,1399,1422,1590,1733,1376,939,684,440,368,274
216,89,7,240329,138,97,77,90,135,114,213,310,574,1007,1275,1464,1309,1249,1355,1459,1544,1509,1209,741,607,474,342,258
216,90,6,240330,132,126,57,83,112,151,329,468,853,1217,1470,1656,1489,1652,1600,1635,1679,1620,1224,849,763,592,518,363
216,91,7,240331,214,102,0,106,113,108,127,121,362,844,1424,1613,1672,1978,1934,2095,2255,2159,1900,1417,1117,899,563,329
216,92,7,240401,188,124,91,60,105,84,161,183,401,824,1447,2207,2425,2509,2510,2451,2384,2110,1907,1407,1238,983,643,285
216,93,2,240402,104,86,56,55,170,768,2034,2259,1568,1145,1180,1169,1276,1389,1314,1356,1410,1661,1277,868,528,427,301,150
216,94,3,240403,103,71,58,51,152,690,1895,2188,1525,1139,1075,1118,1153,1330,1274,1178,1170,1596,1334,781,457,384,304,164
216,95,4,240404,83,75,48,50,151,638,1980,2266,1506,1192,1061,1100,1106,1199,1221,1314,1297,1538,1312,861,479,414,290,159
216,96,5,240405,90,61,43,55,130,612,1731,1791,1323,1148,1196,1125,1220,1422,1400,1520,1749,1788,1639,965,708,545,413,317
216,97,6,240406,188,121,77,86,139,174,467,877,1093,1350,1556,1536,1461,1551,1618,1678,1722,1735,1449,1087,747,657,483,355
216,98,7,240407,246,131,120,94,139,100,177,327,572,898,1152,1457,1572,1771,1924,2133,2336,2195,1756,1518,1188,753,466,245
216,99,1,240408,117,62,68,59,192,828,2092,2320,1584,1164,1099,1100,1087,1232,1251,1342,1340,1700,1296,850,511,354,300,150
216,100,2,240409,96,116,94,72,161,746,2109,2316,1485,1137,1065,1057,1044,1243,1225,1234,1418,1544,1161,755,444,328,273,168
216,101,3,240410,105,77,64,60,162,701,2020,2213,1469,1093,1093,1136,1077,1286,1191,1092,1427,1635,1330,770,498,443,322,187
216,102,4,240411,94,92,80,59,149,736,2070,2302,1405,1159,1114,1080,1036,1246,1239,1381,1495,1734,1316,905,556,434,333,193
216,103,5,240412,203,157,97,130,177,649,1845,1933,1360,1181,1251,1184,1222,1429,1488,1558,1778,1812,1567,1066,739,559,411,279
216,104,6,240413,178,113,86,60,118,212,480,844,1134,1327,1486,1582,1483,1564,1560,1520,1631,1589,1293,972,823,623,485,392
216,105,7,240414,232,118,99,94,141,79,178,245,501,867,1155,1318,1370,1547,1705,2015,2140,2188,1808,1499,1267,826,441,205
216,106,1,240415,92,66,50,62,162,765,2047,2167,1477,1158,1100,1140,1071,1242,1288,1247,1457,1632,1292,756,524,330,276,127
216,107,2,240416,121,100,82,82,158,698,2090,2350,1449,1072,953,1023,993,1156,1071,1155,1432,1553,1214,731,444,304,259,137
216,108,3,240417,104,93,65,52,147,720,2028,2263,1449,1116,1013,1014,1054,1163,1191,1202,1407,969,1062,657,444,350,235,161
216,109,4,240418,101,107,100,89,155,695,2023,2305,1454,1040,920,987,1041,1014,1255,1288,1359,1602,877,700,467,381,274,151
216,110,5,240419,102,94,75,82,131,600,1805,1970,1312,1070,1115,1138,1136,1299,1319,1442,1585,926,689,277,551,440,362,258
216,111,6,240420,152,98,59,68,76,189,425,659,908,1075,1270,1332,1333,1370,1519,1232,1635,1458,1029,720,573,481,399,317
216,112,7,240421,243,145,107,74,99,99,151,172,365,676,858,812,1149,1186,1381,1434,1485,1621,1447,1247,1095,830,436,225
216,113,1,240422,98,56,39,56,165,737,2099,2279,1500,1034,927,964,1077,1209,1216,1177,956,944,870,590,406,257,239,109
216,114,2,240423,68,49,28,59,154,706,1981,2220,1443,994,962,971,968,1100,1051,1097,1243,1461,1180,659,419,337,291,106
216,115,3,240424,69,35,35,48,140,707,2030,2187,1400,947,1028,938,1028,1083,1158,1277,1373,1571,1107,749,427,87,103,27
216,116,4,240425,77,49,32,47,150,689,2094,2296,1495,1187,1038,1037,1071,1266,1281,1402,1516,1715,1409,954,547,422,304,161
216,117,5,240426,81,56,48,54,166,641,1852,2004,1344,1098,1158,1163,1124,1481,1513,1568,1722,1820,1553,1090,694,547,490,342
216,118,6,240427,184,121,74,84,143,192,522,782,1019,1234,1421,1417,1430,1500,1608,1588,1672,1615,1264,862,671,538,471,358
216,119,7,240428,276,152,99,86,133,82,184,242,484,794,1033,1155,1244,1458,1629,1843,1930,1949,1403,1101,892,596,425,187
216,120,1,240429,102,58,52,62,194,804,2155,2285,1484,1060,1051,1088,1058,1143,1121,1172,1310,1481,1192,719,540,419,256,110
216,121,2,240430,66,49,33,65,159,758,2071,2213,1469,1086,1096,1003,1023,1171,1170,1255,1480,1691,1382,897,452,384,277,205
216,122,3,240501,77,51,75,82,124,439,1312,1529,1166,1108,1139,1212,1259,1254,1579,1700,1873,2015,1643,1022,659,480,295,178
216,123,4,240502,76,59,39,61,170,720,2043,2167,1471,1112,1062,1126,1071,1171,1209,1298,1575,1642,1280,773,546,374,283,128
216,124,5,240503,66,45,43,68,141,626,1813,1896,1251,1069,1107,1150,1187,1410,1405,1464,1751,1785,1492,1012,662,474,460,289
216,125,6,240504,146,104,71,79,131,179,498,767,1074,1282,1369,1295,1331,1436,1550,1544,1704,1743,1493,1074,791,670,534,353
216,126,7,240505,205,151,104,85,132,105,195,285,495,857,1042,1180,1197,1402,1638,1817,1887,1862,1624,1256,1052,664,424,176
216,127,1,240506,87,67,53,59,171,852,2158,2216,1506,1120,1040,1015,1005,1079,1181,1083,807,947,955,710,450,313,283,101
216,128,2,240507,60,44,38,50,150,732,1399,1550,915,581,798,1007,961,1117,1204,541,634,1511,1211,743,320,289,260,133
216,129,3,240508,56,44,38,49,138,698,1939,2003,1387,938,856,1039,921,1343,1342,1347,1590,1698,1497,1038,683,472,382,282
216,130,7,240509,181,88,83,78,138,137,305,444,771,1054,1212,1120,1029,1130,1143,1223,1325,1447,1186,946,676,497,331,183
216,131,5,240510,98,56,45,58,148,399,1006,1135,1162,1323,1374,1329,1228,1310,1496,1548,1800,1715,1451,1062,788,563,447,286
216,132,6,240511,156,111,83,76,123,184,400,639,1006,1248,1432,1456,1415,1570,1771,1878,2038,2136,1751,1486,1298,1087,789,651
216,133,7,240512,344,212,131,86,128,97,213,309,565,1063,1665,2076,2414,2425,2504,2592,2792,2785,2469,1866,1668,1273,808,549
216,134,1,240513,415,353,133,118,215,819,2130,2298,1560,1153,1095,1105,1154,1207,1268,1332,1573,1699,1335,889,531,409,296,138
216,135,2,240514,70,49,40,55,136,755,2149,2339,1439,1128,1029,1026,975,1160,1111,1255,1460,1617,1263,805,470,385,324,148
216,136,3,240515,62,51,46,60,165,700,2103,2279,1438,1066,1039,1084,1107,1302,1208,1233,1440,1591,1308,755,496,395,302,148
216,137,4,240516,106,49,47,61,111,738,2039,2272,1526,1079,1084,1046,1082,1232,1181,1278,1484,1584,1170,788,535,301,326,156
216,138,5,240517,77,56,47,61,133,629,903,958,1105,914,1039,1138,1225,1415,1451,1541,1862,2020,1674,1053,699,571,459,308
216,139,6,240518,200,116,87,68,139,219,439,688,1045,1233,1464,1401,1395,1498,1534,1555,1437,1437,1113,816,604,524,93,73
216,140,7,240519,234,152,91,81,121,78,149,225,515,829,1125,1163,1261,1411,1560,1564,2013,2101,1540,1083,973,722,505,314
216,141,7,240520,193,112,78,59,98,109,209,278,538,897,1355,1797,1993,2135,1979,2319,2650,2665,2320,1540,1356,870,539,243
216,142,2,240521,101,75,65,59,188,922,2262,1774,991,1317,1206,997,1123,1291,1227,1221,1462,1690,1396,851,529,391,285,135
216,143,3,240522,78,64,42,58,140,720,409,502,1195,1148,1029,1088,1161,1175,1211,1313,1476,1635,1217,745,232,379,289,152
216,144,4,240523,77,45,46,68,145,733,1621,782,728,1120,1058,920,466,836,1208,610,743,1608,1281,775,512,405,313,181
216,145,5,240524,86,47,41,66,153,647,1900,2017,1364,1181,1164,1117,1220,1427,1479,1235,1702,1798,1591,1033,767,554,455,280
216,146,6,240525,202,103,91,99,141,214,513,826,1188,1277,1426,1433,1437,1539,1648,1612,1662,1465,1221,924,708,589,575,425
216,147,7,240526,280,195,125,104,130,114,188,281,625,920,1123,1286,1399,1568,1777,2022,2301,2405,2027,1608,1125,805,457,243
216,148,1,240527,115,62,49,77,169,847,2159,2324,1551,1172,1053,1018,1083,1204,1208,1261,1442,1693,915,720,247,324,265,133
216,149,2,240528,61,47,33,50,149,728,2205,2427,1538,1152,1043,1011,999,1225,1152,1347,1356,1643,1360,839,544,409,319,148
216,150,3,240529,81,45,46,56,149,739,2109,2364,1521,1160,1058,1050,1144,1309,1243,1443,1427,870,1125,836,524,241,182,185
216,151,4,240530,114,68,43,61,145,520,937,385,1018,596,1023,953,1092,826,1093,1460,1086,1245,1306,719,376,434,359,166
216,152,5,240531,71,64,54,70,124,614,1394,1345,1301,1098,1226,1193,990,712,718,1525,1783,1558,635,350,239,396,403,302
216,153,6,240601,169,101,99,73,133,196,501,679,699,1172,1285,1419,1314,1679,1504,1041,1026,1189,914,913,661,527,431,403
216,154,7,240602,247,164,110,86,158,97,206,317,446,804,665,890,1767,1854,1918,1985,2048,1977,1559,1093,1141,695,446,244
216,155,1,240603,100,82,45,72,170,713,1281,1515,1557,261,62,278,902,1122,1193,1177,1292,1546,1134,748,465,312,278,142
216,156,2,240604,60,50,38,54,157,755,2177,2359,1563,1111,964,1021,942,1139,1140,1259,1305,1642,1243,810,428,403,348,162
216,157,3,240605,60,47,44,58,148,740,2093,2330,1461,1150,1031,1040,1006,1266,1216,1346,1479,1699,1318,814,432,101,329,116
216,158,4,240606,17,59,41,41,159,738,2100,2301,1562,1171,1073,1010,1043,1190,1288,1392,1485,1753,1314,865,516,399,337,203
216,159,5,240607,70,56,54,60,141,640,1840,1917,1334,1102,1214,1244,1190,1423,1569,1535,1792,1715,1395,1029,729,579,407,323
216,160,6,240608,212,113,86,72,136,227,491,812,987,1234,1336,1410,1518,1589,1640,1543,1147,1271,1132,835,640,661,324,403
216,161,7,240609,215,145,95,102,120,116,208,239,517,773,1120,1423,1513,1582,1951,2074,2281,2070,1681,1265,491,647,397,215
216,162,1,240610,93,60,47,70,172,692,1969,1742,1549,969,1033,1083,1105,1308,1231,1248,1368,1651,1192,746,578,349,287,143
216,163,2,240611,67,55,42,45,155,799,2070,1878,827,934,1016,549,876,885,1183,1248,1431,1408,841,758,509,226,305,136
216,164,3,240612,73,59,38,48,144,743,2125,2328,1442,1132,1141,1123,1110,1358,1304,1293,1533,1719,1355,790,527,397,313,240
216,165,4,240613,102,65,45,52,145,746,2108,2275,1546,1185,1085,1070,1083,1310,1289,1087,1517,1686,1391,877,561,471,377,149
216,166,5,240614,79,47,40,52,144,635,1806,1921,1343,1040,1053,1112,1240,1421,1497,1618,1865,1827,1447,923,695,532,437,334
216,167,6,240615,212,115,66,80,103,206,474,711,948,1182,1005,674,612,1008,1583,1415,1354,1357,1094,727,655,509,399,526
216,168,7,240616,241,139,77,86,119,114,206,301,527,855,1089,1340,1583,1667,1992,2150,2279,2492,2122,1516,1166,1074,490,276
216,169,1,240617,112,62,54,59,182,853,2163,2184,1559,1135,1044,1062,1096,1215,1241,1260,1462,1651,1259,803,566,446,324,152
216,170,2,240618,87,57,51,47,150,780,2125,2243,1498,1216,1095,1052,1055,1188,1324,1346,1490,1788,1316,834,569,467,319,171
216,171,3,240619,73,58,39,61,147,741,2046,2301,1460,1073,1102,1105,1106,1291,1392,1321,1556,1723,1342,740,621,394,310,220
216,172,4,240620,84,52,48,64,152,739,2033,2231,1501,1158,1070,1175,1173,1319,1366,1441,1553,1708,1372,808,599,471,399,305
216,173,5,240621,121,76,51,76,149,627,1747,1852,1318,765,753,695,1139,1220,1684,1690,1695,1742,1299,971,722,489,417,384
216,174,6,240622,207,123,95,85,144,248,542,794,1160,1336,1491,1542,1556,1698,1780,1656,1662,1163,800,708,684,616,529,475
216,175,7,240623,282,127,119,107,149,120,223,271,585,953,1323,1649,1807,1887,1938,2083,2110,2139,1649,1238,1125,587,312,300
216,176,1,240624,119,65,55,82,181,853,2219,2286,1600,1199,1164,1122,1119,1286,1277,1311,1591,1724,1330,868,621,425,299,182
216,177,2,240625,89,65,43,66,161,787,2165,2324,1594,1235,1064,1059,1050,1272,1226,1354,1468,1614,1334,831,497,393,332,163
216,178,3,240626,83,68,54,117,163,752,2053,2291,1609,1142,1128,1161,1172,1370,1344,1485,1601,1794,1362,819,561,426,340,184
216,179,4,240627,110,71,38,69,179,733,2108,2281,1568,1228,1231,1148,1293,1414,1401,1524,1641,1798,1574,912,672,547,435,296
216,180,5,240628,108,66,63,61,186,656,1794,1953,1395,1206,1175,1428,1401,1553,1768,1743,1922,2049,1571,1144,872,595,600,473
216,181,6,240629,237,130,109,106,181,256,534,782,1200,1384,1576,1679,1515,2051,1898,2130,2131,1693,1050,695,670,617,520,549
216,182,7,240630,267,153,111,121,171,106,265,280,535,881,1285,1709,1845,2000,2210,2443,2522,2446,1964,1235,974,929,657,257
216,183,1,240701,119,67,70,84,184,842,2132,1658,805,703,894,1279,1244,1404,1391,1345,1431,1721,1295,807,538,392,302,144
216,184,2,240702,77,57,41,76,156,750,1647,1283,760,571,1157,1098,1078,1212,1270,1347,1480,1628,589,555,525,376,288,182
216,185,3,240703,72,44,41,62,133,738,1977,2028,1396,1186,1094,1193,1166,1294,1346,1378,1258,1370,1021,527,531,419,290,178
216,186,4,240704,29,56,39,57,173,719,2016,2265,1517,1231,1175,1115,1104,1311,1400,1441,1707,1874,1435,914,617,516,402,284
216,187,5,240705,113,69,52,61,178,650,1827,1851,1424,1186,1251,1300,1270,1485,1693,1844,2113,1960,1460,1018,760,623,472,370
216,188,6,240706,234,139,88,99,149,215,478,749,1027,1329,1478,1542,1671,1828,1856,1875,1627,1483,747,552,485,660,515,409
216,189,7,240707,251,160,98,106,123,112,217,252,325,569,987,1278,1926,1911,1943,1874,1958,2001,1601,1295,968,709,442,228
216,190,1,240708,127,73,52,79,191,813,2022,2122,1432,1215,1159,1139,1108,1241,1226,1402,1574,1690,1383,853,593,509,322,264
216,191,2,240709,83,48,40,63,148,711,2071,2083,1482,1168,1147,1144,1090,1146,1280,1306,1641,1804,1417,847,590,448,320,198
216,192,3,240710,86,58,58,75,142,712,1941,2077,1387,1203,1172,1175,1207,1341,1391,1410,1602,1696,1339,871,583,368,279,173
216,193,4,240711,99,60,35,70,143,605,1110,1079,1450,1180,1169,1147,1143,1253,1423,1761,1993,2088,1476,1005,686,454,331,261
216,194,5,240712,90,72,43,70,146,608,1732,1568,1270,1143,1324,1462,1373,1620,1571,1698,1730,1623,1352,622,192,450,410,263
216,195,6,240713,170,106,92,93,150,203,450,652,890,1235,1519,1567,1571,1774,1740,1603,1522,1520,1178,885,660,574,474,489
216,196,7,240714,253,132,111,105,149,120,178,251,541,860,1135,1292,1415,1729,1972,2356,2440,2485,2548,2068,1367,723,548,433
216,197,1,240715,164,89,58,73,171,810,1947,1917,1440,1227,1266,1170,1117,1244,1344,1357,1552,1757,1354,932,647,478,320,169
216,198,2,240716,73,63,40,67,140,684,1886,1846,1352,1143,1161,1096,1123,1256,1294,1308,1485,1698,1303,785,492,419,282,153
216,199,3,240717,68,54,48,75,158,675,1800,1891,1374,1126,1164,1124,1187,1274,1343,1463,1613,1811,1453,836,602,430,345,260
216,200,4,240718,92,58,54,56,143,672,1810,1857,1340,1147,1261,1134,1219,1383,1385,1481,1694,1859,1513,1020,713,528,435,318
216,201,5,240719,107,63,63,70,148,612,1576,1563,1194,1082,1284,1353,1309,1569,1871,1815,1971,1942,1574,1092,723,540,466,368
216,202,6,240720,170,100,88,87,127,218,438,678,899,1201,1535,1691,1557,1716,1706,1784,1948,1983,1625,1273,999,871,634,478
216,203,7,240721,238,137,96,89,133,86,185,237,370,736,1095,1437,1737,1971,2187,1868,1981,2251,1791,1445,1033,715,433,231
216,204,1,240722,136,69,53,60,157,671,1643,1655,1118,1070,1127,1195,1177,1286,1284,1284,1218,1483,1134,785,536,383,293,143
216,205,2,240723,75,45,35,44,121,599,1514,1636,1197,1108,1086,1074,1088,1212,1260,1227,1537,1572,1191,774,569,417,277,139
216,206,3,240724,72,61,43,57,119,528,1503,1578,1117,1126,1161,1258,1129,1324,1367,1344,1477,1635,1312,845,597,493,372,163
216,207,4,240725,89,63,43,56,130,579,1441,1581,1173,1168,1162,1100,1158,1254,1398,1463,1645,1800,1484,978,708,559,408,287
216,208,5,240726,84,72,61,86,147,539,1204,1314,1032,1116,1235,1264,1336,1488,1648,1749,1836,1880,1567,1171,758,716,475,369
216,209,6,240727,174,113,67,76,140,187,385,545,832,1143,1542,1762,1721,1752,1854,1900,1890,1908,1665,1198,879,710,555,477
216,210,7,240728,255,151,83,80,123,116,152,211,390,700,1135,1465,1717,1802,1967,1982,2025,2040,1816,1523,1197,866,522,282
216,211,1,240729,139,82,70,93,158,585,1439,1572,1205,1129,1200,1213,1156,1180,1318,1368,1532,1595,1315,936,656,486,319,177
216,212,2,240730,96,56,51,56,135,504,1308,1508,1209,1065,1155,1158,1088,1214,1335,1432,1574,1631,1339,905,687,542,359,179
216,213,3,240731,82,59,55,63,127,391,1211,1346,1101,1073,1200,1080,1174,1422,1567,1639,1634,1560,950,1310,646,431,337,242
216,214,7,240801,211,177,107,76,102,104,214,260,480,759,875,600,917,1100,1189,1177,1184,1212,1011,724,631,516,528,464
216,215,5,240802,197,73,62,55,120,283,699,558,856,1088,1368,1619,1679,1882,1880,1858,1733,1668,1376,1085,786,583,449,366
216,216,6,240803,351,127,74,82,119,181,341,461,723,1043,1635,2019,1967,1736,2301,2188,2179,2163,1807,1345,1205,920,687,466
216,217,7,240804,288,199,104,89,111,114,157,293,475,822,1375,1822,2111,2336,2611,2598,2670,2551,2420,2408,2241,1633,813,378
216,218,1,240805,162,111,75,80,179,701,1762,1803,1323,1215,1249,1194,1169,1416,1536,1531,1689,1754,1504,1050,670,595,400,178
216,219,2,240806,107,60,54,55,138,605,1759,1808,1291,1113,1101,1086,1073,1315,1355,1535,1592,1906,1526,986,717,572,458,185
216,220,3,240807,90,59,42,64,134,606,1559,1793,1316,812,1184,1261,1333,1445,1516,1446,1708,1766,1403,868,606,495,396,224
216,221,4,240808,107,66,42,65,153,593,1514,723,1209,1128,1201,763,549,930,1550,1539,1617,1735,1539,1041,701,559,423,217
216,222,5,240809,138,71,57,64,143,513,1470,1578,1205,1226,1262,1357,1502,1649,1930,1993,2192,2367,2240,1773,1280,1148,797,556
216,223,6,240810,333,197,108,80,120,176,442,657,994,1288,1638,1787,1980,2067,2047,2165,2137,2218,2136,1704,1460,1291,985,796
216,224,7,240811,515,274,159,109,143,131,227,290,537,910,1415,1691,1839,1991,2238,2462,2549,2388,2271,2150,1999,1529,722,295
216,225,1,240812,140,90,49,61,161,776,2021,2151,1443,1245,1220,1235,1316,1380,1436,1481,1623,1891,1431,1021,688,455,330,174
216,226,2,240813,80,60,44,53,139,708,1987,2198,1536,1178,1120,1165,1122,1343,1315,1482,1737,1846,1511,1006,691,507,377,233
216,227,3,240814,86,56,34,58,167,720,1898,2078,1505,1166,1163,1305,1305,1372,1566,1730,1800,1848,1610,1002,731,537,342,222
216,228,4,240815,99,76,68,53,145,492,1182,1297,1136,1143,1200,1298,1304,1406,1547,1778,2049,2308,1925,1249,864,688,498,293
216,229,5,240816,169,78,68,58,164,583,1596,1759,1302,1247,1420,1470,1494,1732,1870,1907,2079,2171,1882,1299,841,698,511,327
216,230,6,240817,211,131,84,69,118,165,456,747,1017,1267,1629,1777,1759,1892,2051,1907,2036,1885,1592,1188,938,802,676,466
216,231,7,240818,345,228,131,85,109,93,168,226,481,829,1312,1875,2104,2218,1817,1972,2137,1968,1834,1423,1031,757,445,258
216,232,1,240819,128,99,82,81,175,786,1657,989,761,1203,1169,1227,1160,1347,1274,1371,1578,1719,1388,814,612,474,333,145
216,233,2,240820,73,58,47,60,137,733,2054,2398,1587,1225,1087,1018,1124,1197,1242,1369,1622,1781,1493,878,619,474,309,158
216,234,3,240821,72,50,50,52,132,718,2036,2258,1592,1184,1156,1155,1226,1325,1368,1405,1748,1946,1492,841,556,473,302,167
216,235,4,240822,98,47,48,62,145,693,2069,2298,1637,1206,1161,1159,1168,1331,1329,1656,1733,2056,1623,974,733,514,402,232
216,236,5,240823,113,44,44,64,149,611,1768,2030,1409,1201,1269,1355,1419,1606,1737,1989,2097,2147,1779,1291,921,682,555,363
216,237,6,240824,213,121,69,92,131,213,540,811,1122,1399,1605,1694,1750,1795,1921,1910,2254,2088,1814,1404,1203,914,722,496
216,238,7,240825,344,201,129,98,139,106,219,250,506,905,867,1653,2096,2281,2322,2318,2287,2295,1896,1417,1070,772,429,204
216,239,1,240826,90,59,66,65,184,798,2126,2311,1575,1323,1137,1172,1191,1315,1321,1370,1534,1682,1258,815,563,390,281,131
216,240,2,240827,70,52,60,55,168,735,2118,2390,1589,1260,1019,907,1069,1146,1242,1330,1515,1909,1393,915,615,464,313,127
216,241,3,240828,74,53,43,60,142,722,1994,2268,1653,1231,1184,1188,1260,1325,1406,1496,1712,1875,1517,936,694,511,310,190
216,242,4,240829,113,52,34,67,160,699,2045,2322,1613,1213,1177,1237,1124,1421,1442,1648,1824,1933,1519,986,716,540,376,205
216,243,5,240830,83,64,48,66,140,652,1818,1990,1408,1222,1316,1393,1384,1602,1643,1805,2189,2126,1526,1298,911,679,498,333
216,244,6,240831,228,138,82,89,135,246,491,859,1150,1374,1475,1682,1634,1730,1845,1960,1980,1966,1720,1343,1182,981,673,477
216,245,7,240901,377,214,121,102,100,158,233,336,579,923,1401,1735,1902,2112,2418,2530,2505,2592,2612,2166,2054,924,544,267
216,246,1,240902,170,79,67,61,181,799,2002,2476,1599,1136,1128,1172,1209,1348,1363,1380,1458,1662,1334,818,572,409,303,140
216,247,2,240903,81,55,40,65,150,709,2081,2385,1580,1107,1048,995,1073,1228,1232,1354,1538,1709,1328,792,513,385,296,141
216,248,3,240904,72,46,27,64,143,727,1968,2269,1486,1203,1165,1196,1221,1349,1364,1378,1593,1699,1397,848,543,434,317,167
216,249,4,240905,104,46,41,60,161,690,1977,2421,1521,1191,1185,1200,1238,1355,1400,1623,1684,1787,1374,866,560,405,313,178
216,250,5,240906,104,55,49,64,162,640,1830,1948,1384,1193,1263,1330,1330,1465,1617,1636,1922,1930,1653,1126,750,604,472,272
216,251,6,240907,197,130,76,79,123,225,512,895,1147,1380,1469,1561,1743,1772,1882,1943,2201,2149,1949,1367,1127,913,589,423
216,252,7,240908,306,217,139,114,93,125,185,263,547,946,1426,2015,2287,2376,2318,2340,2472,2457,1967,1393,1242,686,419,202
216,253,1,240909,89,64,61,68,173,817,1486,1631,1435,869,1228,1240,1209,975,754,889,771,1420,970,771,108,295,281,133
216,254,2,240910,86,49,47,71,145,750,1865,1080,993,1111,834,721,1019,972,1260,1292,1468,1730,1267,809,491,384,314,145
216,255,3,240911,65,45,48,53,136,733,2025,2305,1453,1016,1130,1111,1225,1309,1481,1430,1655,1759,1395,676,462,377,278,147
216,256,4,240912,102,63,40,68,154,718,2017,2399,1559,1137,1131,1178,1197,1382,1359,1493,1601,1802,1312,849,563,393,325,187
216,257,5,240913,92,58,49,66,160,623,999,1972,1396,1147,1216,1287,1313,1537,931,1705,1875,1918,1554,1095,705,467,463,338
216,258,6,240914,189,132,78,77,120,156,303,721,999,1152,1496,1520,1597,1669,1729,1707,1802,1694,1355,937,658,516,470,389
216,259,7,240915,252,184,127,77,120,87,189,281,471,819,1214,1379,1644,1869,2082,2161,2473,2505,2067,1579,1232,660,391,179
216,260,1,240916,86,55,49,69,157,786,2112,2341,1570,1149,1060,1141,1118,1262,1272,611,593,1317,640,366,94,242,269,131
216,261,2,240917,64,51,48,60,131,727,2143,2336,1525,1125,1066,987,1028,1154,1192,1328,1448,1647,1288,731,456,354,337,230
216,262,3,240918,111,56,68,75,143,722,2001,2343,1649,1125,1088,1074,1147,1319,1313,1374,1629,1792,1526,924,598,370,294,174
216,263,4,240919,79,51,44,50,169,682,2000,2358,1662,1184,1123,1161,1121,1378,1333,1555,1637,1955,1462,838,533,425,337,159
216,264,5,240920,82,48,55,71,138,626,1845,2029,1477,1120,1153,1253,1312,1588,1655,1900,2079,2191,1651,1116,714,532,444,323
216,265,6,240921,203,86,71,65,92,196,552,874,1092,1304,1530,1583,1632,1777,2003,1536,1549,2249,1807,1132,823,644,532,489
216,266,7,240922,256,197,119,87,105,94,238,286,586,951,1261,1675,1724,2080,2262,2570,2695,1916,2662,1991,1360,746,457,181
216,267,1,240923,89,63,49,67,180,790,2196,2473,1652,1136,1109,1165,1136,1316,1436,1395,1529,1474,778,791,507,303,297,142
216,268,2,240924,72,56,52,61,154,749,1282,1946,1648,1204,1074,1030,1069,1271,1300,1332,1624,1739,1392,799,510,366,304,164
216,269,3,240925,80,43,39,53,166,741,2103,2373,1555,1228,1132,1066,1222,1359,1485,1569,1865,2044,1574,952,558,396,284,161
216,270,4,240926,81,57,46,67,163,614,1270,1435,839,642,1151,1186,1096,1394,1324,931,894,1186,985,716,335,374,322,167
216,271,5,240927,114,73,62,56,160,624,1847,2026,1374,1112,1162,1263,1295,1578,1487,1044,1593,259,10,533,502,486,401,139
216,272,6,240928,179,111,98,81,116,174,154,221,339,932,315,632,1374,1295,245,1156,1277,440,358,789,659,551,492,326
216,273,7,240929,265,173,116,113,115,110,202,272,540,922,1254,1578,1708,1902,2188,2488,2704,2833,2253,1674,1252,736,445,221
216,274,1,240930,95,73,63,79,163,753,1968,2194,1450,1196,1033,1086,1089,1268,1371,1477,1516,1794,1316,864,540,416,312,172
216,275,2,241001,82,58,46,63,163,693,1936,2238,1496,864,1168,1046,1062,1185,1250,1288,1342,725,1248,737,471,196,263,135
216,276,3,241002,83,50,50,81,160,556,906,175,720,1059,995,869,1202,1280,1327,1349,1538,1702,1329,787,561,367,314,150
216,277,4,241003,103,54,46,71,148,613,1850,2063,1443,1103,1177,1164,1221,1376,1536,1572,1619,1734,355,594,517,383,344,157
216,278,5,241004,93,51,58,83,165,486,1988,2237,1527,1223,1058,1285,1065,1597,1520,1571,1779,1906,1519,974,581,481,356,252
216,279,6,241005,168,133,67,96,113,215,363,135,706,1138,1337,1601,1679,1814,1889,1785,1898,1740,1352,1029,777,572,478,363
216,280,7,241006,234,157,115,105,151,99,211,259,482,807,1129,1336,1658,1904,1996,2360,2534,2427,2047,1783,1321,395,109,92
216,281,1,241007,94,61,58,97,163,781,1073,1106,1467,1263,1151,1109,1181,1418,1376,1526,1985,1964,1543,893,604,390,278,124
216,282,2,241008,74,49,32,70,161,646,1856,2001,1378,1015,962,1199,1150,1212,658,1070,444,56,586,691,436,340,167,132
216,283,3,241009,68,50,42,53,150,552,1004,1956,1366,1196,1119,1152,1085,1340,1498,1602,1780,1868,1525,894,549,400,275,151
216,284,4,241010,85,57,41,62,143,626,1428,1088,1025,1089,1128,1184,1275,1451,1546,1621,1672,1795,1361,776,558,372,311,202
216,285,5,241011,220,55,61,82,152,534,1595,1150,476,1029,910,1240,1384,1581,1854,1625,1920,1957,1543,1072,768,551,406,258
216,286,6,241012,152,94,83,69,118,178,395,618,860,1139,1414,1569,1675,2007,2044,2083,2186,1919,1452,1053,714,555,483,336
216,287,7,241013,227,144,105,70,100,89,162,211,395,681,453,1192,1748,1672,984,1824,2356,2242,1691,1388,1143,703,409,195
216,288,1,241014,101,57,46,65,165,746,2015,2202,1417,1126,1075,1152,1192,1268,1337,1391,1529,1658,1262,774,536,393,245,127
216,289,2,241015,66,52,41,54,136,648,1977,2236,1512,1188,1064,1048,1079,1079,697,1008,1636,1563,916,809,543,334,272,154
216,290,3,241016,72,48,32,63,134,611,1508,1966,1397,1141,1160,1216,1269,1403,1507,1551,1679,1935,1522,920,490,378,278,149
216,291,4,241017,83,54,55,42,133,649,1846,2155,1508,1187,1231,1192,1201,1382,1501,1634,1921,2034,1609,877,563,431,304,182
216,292,5,241018,77,41,37,68,123,548,1385,1013,1195,919,368,614,730,1477,1711,1793,1975,1957,1514,1097,721,484,429,350
216,293,6,241019,207,114,90,62,95,176,439,673,882,1170,1422,1520,1644,1765,1832,1722,1826,1657,1261,909,666,585,542,475
216,294,7,241020,319,209,118,92,113,77,137,270,460,784,1057,1482,1638,1792,2163,2561,2569,2708,2490,1559,1171,719,378,190
216,295,1,241021,107,60,58,61,172,776,2169,2393,1579,1208,1076,1086,1056,1191,1300,1433,1657,1914,1503,818,571,376,281,108
216,296,2,241022,62,47,41,65,142,694,1452,1577,909,833,1028,1024,1060,1210,1165,1334,1531,1704,1317,632,471,280,281,143
216,297,3,241023,70,49,33,54,147,682,855,922,808,421,623,1059,1191,1414,1454,1398,1581,1819,1308,772,490,390,301,162
216,298,4,241024,107,51,34,70,158,691,2108,2336,1520,1164,1191,1085,1289,1341,1379,1456,1776,1903,1537,869,580,370,320,210
216,299,5,241025,75,49,49,69,145,608,1822,2053,1435,1126,1185,1236,1281,1427,1714,1721,2191,2113,1815,1046,701,500,435,369
216,300,6,241026,221,111,86,87,148,189,549,827,1183,1262,1455,1505,1566,1725,1834,1945,1945,1858,1448,934,648,531,492,438
216,301,7,241027,330,190,197,73,83,68,181,371,660,980,1268,1481,1694,1931,2150,2382,2611,2580,1781,1335,986,578,330,148
216,302,1,241028,95,51,43,57,172,825,2204,2561,1644,1143,1134,1106,1108,1271,1191,1367,1590,1746,1322,704,473,366,285,114
216,303,2,241029,77,39,49,60,140,779,2177,2497,1675,1172,1088,1079,980,1189,1291,1403,1660,1783,1415,751,451,381,264,183
216,304,3,241030,75,40,39,57,136,747,2073,2470,1581,1168,1093,1118,1132,1300,1418,1589,1811,1991,1443,782,459,365,312,166
216,305,4,241031,81,51,54,77,158,699,1953,2465,1657,1137,1136,1087,1211,1421,1447,1652,1947,1939,1569,953,599,501,366,232
216,306,5,241101,121,101,55,90,152,384,929,946,979,1183,1303,1259,1281,1431,1529,1714,1917,1915,1486,826,575,394,356,250
216,307,6,241102,145,102,94,80,125,177,429,669,952,1271,1504,1427,1359,1529,1691,1967,2133,2051,1495,941,696,515,485,473
216,308,7,241103,278,149,109,86,128,97,160,238,500,836,1079,1426,1687,1959,2483,2663,2663,2807,2569,2170,1409,793,408,204
216,309,1,241104,103,53,49,68,178,818,2217,2626,1628,1071,1079,1036,1107,1259,1317,1327,1785,1776,1323,681,507,373,281,142
216,310,2,241105,76,48,40,60,147,703,2168,2498,1623,1090,1009,952,1071,1098,1268,1391,1509,1695,1261,661,442,318,273,117
216,311,3,241106,68,49,55,46,130,706,2061,2484,1545,1138,1043,1000,1087,1252,1283,1437,1649,1753,1288,738,468,383,274,172
216,312,4,241107,76,54,60,59,161,708,2064,2564,1649,1071,1033,1016,1059,1273,1289,1470,1670,1736,1475,853,514,346,314,131
216,313,5,241108,94,43,64,51,155,595,1900,2141,1452,1061,1121,1100,1190,1370,1525,1601,1967,1945,1603,929,546,457,387,311
216,314,6,241109,164,110,72,70,114,150,448,785,1072,1290,1366,1365,1370,1472,1623,1845,2138,2090,1302,759,567,461,411,415
216,315,7,241110,302,204,170,140,127,83,129,218,467,840,1068,1190,1370,1653,2192,2424,2574,2672,2215,1368,1078,641,341,161
216,316,1,241111,78,56,46,64,163,807,2260,2546,1557,1165,1118,1076,1027,1189,1246,1411,1730,1705,969,782,715,322,198,38
216,317,2,241112,52,48,30,58,131,705,2060,1718,205,745,1013,1005,973,1147,1148,1196,1463,1557,1206,672,406,315,238,115
216,318,3,241113,55,43,45,46,139,662,2059,2379,1494,1077,1101,1068,1122,1290,1314,1280,1536,1758,1224,714,463,357,102,143
216,319,4,241114,58,41,45,53,150,646,2070,2588,1583,1093,1043,1007,1039,1284,1243,1358,1595,1726,1335,719,518,395,266,148
216,320,5,241115,80,43,36,74,147,569,1828,2119,1411,1160,1078,1168,1191,1379,1510,1630,1992,1990,1668,959,611,368,379,281
216,321,6,241116,180,98,84,60,106,175,443,755,1048,1246,1394,1312,1470,1461,1645,1637,1975,1815,1296,783,546,509,485,502
216,322,7,241117,265,157,115,73,99,78,143,199,408,741,1062,1273,1444,1733,1914,2372,2493,2168,1554,1091,940,617,314,127
216,323,1,241118,88,46,43,56,168,789,2177,2469,1555,1106,1079,1071,1062,1150,1212,1272,1482,1556,1208,708,447,303,226,127
216,324,2,241119,67,48,40,69,127,720,2052,2558,1572,1002,1012,971,957,1122,1186,1254,984,1366,1107,670,402,317,274,123
216,325,3,241120,57,37,32,65,129,677,1978,2404,1414,1076,1008,869,943,1240,1128,1257,1517,1709,1279,652,407,305,264,126
216,326,4,241121,58,46,54,72,131,666,1971,2395,1470,1104,1037,1031,1073,1152,1197,1185,1079,994,851,483,343,242,173,166
216,327,5,241122,59,62,36,61,120,437,1174,1446,1070,952,931,951,1012,1177,1102,1221,1345,1374,1005,606,452,340,311,230
216,328,6,241123,163,91,65,63,79,92,136,286,365,991,1256,1291,1339,1296,1304,858,1304,1399,962,661,508,433,408,385
216,329,7,241124,316,150,97,116,73,105,102,191,394,666,957,1205,1258,1620,1437,1817,1139,1599,1382,1073,937,526,275,142
216,330,1,241125,81,64,59,67,189,789,2055,2542,1689,1130,1051,1041,1071,1173,1215,1341,1501,1663,1181,704,471,322,268,158
216,331,2,241126,55,41,47,51,135,640,1796,2315,1450,970,931,872,946,1072,1140,1123,1335,1235,767,555,355,212,244,126
216,332,3,241127,57,68,55,68,179,692,2051,2361,1636,1154,1108,1047,1123,1304,1311,1401,1479,1759,1289,719,444,345,290,247
216,333,4,241128,81,61,33,54,159,671,1935,2369,1702,1153,1103,1059,1051,1239,878,1401,1241,1664,1226,715,465,387,334,185
216,334,5,241129,71,67,52,50,149,617,1677,2129,1497,1204,997,712,1266,1528,1533,1693,1527,1989,1630,1017,637,467,452,365
216,335,6,241130,245,114,92,79,124,193,444,749,1037,1154,1302,1496,1483,1637,1724,1860,1538,1860,1262,830,703,500,490,342
216,336,7,241201,142,154,122,86,162,80,162,242,460,726,1192,1354,1624,1932,2198,2471,2542,2087,1588,1333,1152,695,373,165
216,337,1,241202,70,49,62,81,160,832,2114,2532,1608,1203,1121,1133,1109,1283,1064,615,701,1590,1233,762,461,327,252,124
216,338,2,241203,55,56,44,45,156,685,2091,2546,1628,1176,659,934,1041,1178,1189,867,908,1635,1208,660,421,312,233,148
216,339,3,241204,68,56,49,66,147,705,1967,2353,1571,1115,1125,1128,1166,1345,991,954,1565,1665,1189,693,433,315,280,173
216,340,4,241205,96,74,51,55,139,683,1910,2443,1605,1216,1131,1109,1126,1348,1362,1492,1038,1701,1310,692,454,375,321,160
216,341,5,241206,89,64,48,50,154,589,1765,2049,1381,1093,1130,1176,1152,1459,1567,1682,1900,1885,1411,822,595,460,390,290
216,342,6,241207,223,141,85,60,105,160,382,673,936,1258,1495,1474,1427,1445,1681,1718,1437,1427,1103,683,571,497,465,372
216,343,7,241208,261,156,116,72,118,77,132,224,403,746,1234,1526,1725,2065,2184,1858,1495,1979,1419,971,444,154,71,30
216,344,1,241209,6,29,45,56,168,751,2088,2431,1630,1092,1022,1102,1128,1237,1169,1211,693,1163,1104,672,420,335,161,129
216,345,2,241210,58,54,50,33,138,741,2070,2531,1585,1110,1009,1040,1083,1158,1286,1309,1552,1630,1194,693,448,338,279,152
216,346,3,241211,71,46,36,49,133,636,1930,2399,1622,1122,1111,1105,1116,1312,1356,1446,1624,1876,1246,746,480,362,306,185
216,347,4,241212,88,52,42,53,133,637,1992,2433,1598,1212,1121,1065,1030,1279,1380,1487,1842,2067,1394,727,474,360,328,213
216,348,5,241213,115,64,48,56,130,588,1742,2120,1414,1293,1178,1222,1255,1507,1548,1722,1989,2010,1464,914,539,453,377,360
216,349,6,241214,212,140,125,71,130,172,387,708,394,504,1546,1548,1544,1693,1722,1665,1022,1639,1142,455,375,517,463,491
216,350,7,241215,240,155,90,92,115,65,159,199,401,620,1147,1541,1890,2066,2278,2377,2530,2336,1599,1307,1070,758,418,220
216,351,1,241216,6,29,45,56,168,751,2088,2383,1662,1164,1157,1129,1162,1440,1367,1496,1693,1794,1282,783,444,340,277,113
216,352,2,241217,63,39,46,49,138,703,1243,938,881,1048,1153,1080,1094,1333,1355,1561,1652,1736,595,691,507,362,285,152
216,353,3,241218,79,49,40,48,145,667,1843,2085,1556,1211,1198,1220,1236,1421,1455,749,829,1414,1441,783,503,350,283,258
216,354,4,241219,106,45,40,60,152,564,1604,1920,1002,1187,1249,888,1214,1364,1261,1209,1035,1552,752,738,450,367,318,229
216,355,5,241220,121,52,57,63,139,502,1346,1640,1270,1065,828,675,869,1353,1510,1277,960,982,896,103,507,424,371,335
216,356,6,241221,233,141,108,83,153,164,309,312,560,1066,741,1378,1394,1573,1477,746,1471,1688,1122,847,630,484,430,315
216,357,7,241222,214,134,91,93,132,73,122,194,369,713,1025,1380,1030,830,1549,1427,1431,1410,456,673,432,432,291,159
216,358,1,241223,102,79,47,53,130,301,725,911,862,975,1068,1147,1300,1461,1487,1317,1005,1226,541,540,388,340,276,157
216,359,2,241224,94,82,56,58,111,217,469,586,531,695,351,1010,1338,1351,1424,1144,1167,960,483,310,240,379,566,534
216,360,7,241225,322,148,76,51,89,61,135,141,230,605,1135,1354,1302,1419,1416,1652,1417,1395,964,618,519,565,377,313
216,361,7,241226,216,110,75,66,107,82,160,210,235,682,1164,1455,1171,1336,1062,1953,2402,1558,1076,1195,908,682,515,320
216,362,5,241227,235,88,73,75,117,235,519,720,358,550,1227,1267,1436,1740,1762,1913,2235,2105,1460,335,236,190,338,218
216,363,6,241228,126,128,100,69,105,128,232,419,582,1040,1254,1509,1474,1472,2114,1198,1800,1839,1621,1092,874,632,469,356
216,364,7,241229,237,135,94,76,131,71,143,228,379,497,397,1297,1089,1176,840,1105,2117,2364,1722,744,416,639,379,242
216,365,1,241230,215,100,58,62,118,235,566,852,856,642,1225,1517,1559,1575,995,1324,2274,2194,2066,1106,363,419,215,126
216,366,2,241231,207,98,60,73,112,186,336,259,126,483,1039,1149,1402,1465,1566,1127,1522,1568,1089,541,341,304,267,193
216,1,7,250101,157,317,219,132,117,60,120,154,187,350,566,991,1033,1159,1179,1304,1216,2135,1564,886,556,370,283,179
216,2,4,250102,112,58,64,47,107,60,381,213,303,934,1445,1843,2319,2365,2516,2511,2372,2292,1995,1559,1003,651,485,232
216,3,5,250103,150,89,74,69,124,130,517,605,798,919,1108,1374,1236,2001,2164,2219,2273,2269,1916,1368,1154,763,514,376
216,4,6,250104,204,94,92,47,106,139,283,453,763,898,1713,2191,2321,2329,2515,2512,1713,2217,2373,1745,1520,1038,480,399
216,5,7,250105,256,149,89,72,118,72,125,183,349,694,1243,1951,2190,2236,1712,1179,1396,2368,1520,1115,981,443,329,200
216,6,1,250106,97,79,53,64,121,521,1082,1294,962,912,996,1085,1167,1172,1368,1331,988,1422,1077,702,459,328,232,99
216,7,2,250107,78,31,40,42,126,564,891,1995,1377,976,925,829,949,1101,1050,1137,1314,1479,1050,583,389,297,243,161
216,8,3,250108,80,45,28,36,75,524,1360,2039,1309,990,870,988,1020,1131,1180,1121,1319,1492,1072,653,379,305,242,119
216,9,4,250109,66,35,31,37,106,545,1667,2103,1396,991,920,964,1057,1150,967,503,715,1553,1192,687,375,279,260,106
216,10,5,250110,64,34,36,33,96,486,1229,1846,1272,990,991,1134,1191,1018,799,1434,1494,1648,1146,779,513,406,352,223
216,11,6,250111,163,90,70,43,66,158,330,591,818,921,1290,1485,1509,1561,968,684,1832,1752,741,851,600,558,209,282
216,12,7,250112,287,145,53,50,50,66,160,148,400,647,822,1320,1692,1878,2054,2104,2470,2392,2160,1869,2292,975,386,139
216,13,1,250113,70,51,31,44,117,761,1952,2402,1632,980,990,1014,1048,1216,661,1009,1631,1838,1276,682,212,316,247,88
216,14,2,250114,64,30,31,49,106,693,1896,2433,1540,1032,974,983,956,1206,1203,1400,1632,1203,870,706,395,284,236,116
216,15,3,250115,42,35,31,31,104,643,1894,2232,1259,1060,1047,1086,1192,1074,1289,1322,1557,1761,1279,749,431,322,238,122
216,16,4,250116,64,51,44,46,116,564,1816,2244,1140,707,947,1029,1029,1302,763,947,1479,1738,1441,545,391,345,278,112
216,17,5,250117,57,43,27,38,92,573,1673,2044,1284,1064,619,1054,1162,1405,1370,1728,2093,2016,1002,677,482,405,352,203
216,18,6,250118,145,89,53,65,50,157,379,694,690,798,1143,1435,1571,1555,1691,2012,2327,1837,1521,887,394,615,564,374
216,19,7,250119,246,170,89,60,58,64,167,230,481,725,386,1570,833,1730,1574,521,220,2132,1717,2023,2402,1259,477,197
216,20,1,250120,101,59,37,35,144,772,2040,2388,1626,1036,455,859,1217,1393,1019,761,581,1718,1297,447,274,410,312,194
216,21,2,250121,135,65,49,44,117,581,1955,2437,1209,1094,1047,962,1028,1117,870,1195,1630,1891,1385,761,409,289,334,207
216,22,3,250122,134,54,45,42,132,654,1915,2337,821,921,1087,1085,1245,1251,1272,895,793,1256,1425,596,497,427,363,185
216,23,4,250123,130,58,49,56,138,603,1966,2378,1711,1232,1152,1178,1106,623,885,1368,1496,1647,1283,784,521,417,371,195
216,24,5,250124,124,80,65,61,123,540,1751,2204,1493,1333,1298,1304,1459,1572,1009,1601,1034,1658,1080,692,649,484,433,277
216,25,6,250125,155,105,71,66,72,159,409,818,858,975,1703,1889,1733,1914,1998,2121,2369,2351,1583,928,807,604,464,369
216,26,7,250126,272,154,92,65,63,80,150,210,408,833,1219,1806,2201,2366,2414,2455,2010,1731,2070,2342,1469,880,394,155
216,27,1,250127,74,43,46,41,120,753,1977,2302,1532,1056,671,1160,1255,1378,1425,1333,1677,1551,1137,710,506,314,242,81
216,28,2,250128,45,47,29,44,112,608,1956,1678,1528,1087,807,1184,1029,1119,1199,1037,539,1252,1148,584,406,271,224,192
216,29,3,250129,66,30,36,41,123,612,1827,1823,1243,1037,1040,1121,1102,1244,1245,1343,1677,1435,1220,313,480,306,221,157
216,30,4,250130,78,58,40,41,99,626,1778,2015,1278,1091,1072,1096,1142,1200,1275,1305,1655,1748,1284,711,456,354,243,173
216,31,5,250131,99,48,27,49,103,479,1571,1970,1228,850,1215,1013,1065,1484,1558,1747,1882,1891,1463,985,670,464,248,170
216,32,6,250201,149,106,67,44,72,137,422,676,379,348,659,801,1156,1786,1712,2025,2241,2247,1582,921,693,588,495,376
216,33,7,250202,225,134,101,73,63,65,156,248,376,806,1080,1599,1352,1842,2505,2457,2422,2385,2402,2403,2364,1705,722,178
216,34,1,250203,75,51,37,51,119,732,2090,2577,1681,1127,1088,977,1085,1299,1255,1413,1849,1979,1485,866,553,393,245,108
216,35,2,250204,53,37,28,49,103,623,2013,2485,1551,1089,1051,1020,1015,1157,1296,1455,1841,1978,1440,803,521,372,270,119
216,36,3,250205,50,38,24,38,109,621,1885,2309,1483,976,1062,1059,1137,1277,1311,1303,1353,2128,1372,732,535,382,247,114
216,37,4,250206,16,29,33,37,120,635,1893,2102,1434,1122,1050,1062,1114,1295,1416,1512,1857,1974,1445,852,511,373,258,126
216,38,5,250207,51,43,27,58,92,584,1641,1818,1095,1137,1201,1355,1463,1684,1794,1902,2072,2153,1024,1164,787,576,414,292
216,39,6,250208,142,101,53,50,64,143,396,463,832,1317,2057,1906,2065,2243,2377,2660,2549,2298,1097,290,768,694,527,392
216,40,7,250209,236,125,74,63,51,88,156,200,424,804,1015,1088,1351,2351,2609,2482,2506,1959,2263,1456,955,799,387,145
216,41,1,250210,74,42,32,45,135,725,2008,2479,1504,992,1044,1096,1107,1249,1274,1374,1532,1806,1310,813,454,348,201,68
216,42,2,250211,52,27,28,36,127,649,1002,1739,1455,1038,984,1011,1020,1247,1257,1305,1565,1357,522,196,273,192,124,109
216,43,3,250212,103,44,29,42,111,676,1428,1041,1461,867,991,1036,1140,1385,1294,1472,1630,1940,1420,785,492,354,321,128
216,44,4,250213,80,36,45,51,126,611,1870,2312,1528,1135,1083,973,506,698,1359,1383,1559,1739,1290,725,526,372,298,127
216,45,5,250214,78,53,24,53,107,525,1578,1794,1194,1011,1046,1276,1222,1470,1176,811,1043,1934,1585,900,767,497,423,201
216,46,6,250215,157,99,51,66,59,137,397,707,1012,1080,1760,2061,1503,2191,2166,2468,2392,2274,2427,1426,340,689,629,425
216,47,7,250216,303,160,79,55,56,81,128,199,420,714,1130,1722,1997,2150,2548,2568,2719,2592,2232,2063,1880,504,305,178
216,48,1,250217,72,48,32,48,121,729,2082,2487,1565,1207,1091,1093,1152,1316,1442,1485,1803,2056,1448,862,596,337,244,122
216,49,2,250218,56,32,24,51,108,683,1822,2443,1584,1070,1039,1000,1034,1227,1337,1433,1752,2010,1465,864,483,362,248,127
216,50,3,250219,45,41,47,44,106,619,1867,2328,1493,1079,1105,1142,1155,1320,1354,1409,1790,1985,1549,922,549,418,282,222
216,51,4,250220,73,34,42,46,107,652,1092,1626,1512,1092,1087,1084,1127,1321,1394,1506,1788,2000,1616,889,593,440,303,141
216,52,5,250221,56,55,34,54,117,539,1717,2035,1350,946,1214,1360,1441,1658,1666,2047,2294,2440,2033,1241,878,646,512,361
216,53,6,250222,242,126,59,58,92,178,468,756,1274,1469,1852,2308,2311,2140,2212,2344,2373,2350,2195,1371,1010,857,649,418
216,54,7,250223,260,119,76,59,64,80,156,225,449,884,1354,1967,2150,2439,2446,2454,2391,2518,2565,1796,1590,1021,468,209
216,55,1,250224,74,48,38,41,115,773,1996,2379,1539,1233,1271,1249,1306,1455,1400,1414,1363,1677,1036,315,524,383,251,103
216,56,2,250225,57,40,26,49,111,697,1737,2211,1068,1098,1130,1141,1210,1262,1375,1372,1635,1796,1272,761,428,346,255,122
216,57,3,250226,50,51,28,47,112,661,1748,2246,1519,1060,1123,1213,1203,1421,1343,1102,710,1719,1338,770,448,373,274,160
216,58,4,250227,82,34,52,85,83,676,1770,2086,1420,1132,1095,1069,1145,1217,1201,1312,1561,1793,1286,754,470,378,282,238
216,59,5,250228,81,44,53,66,102,567,1595,1445,983,1029,1193,1294,1346,1553,1642,1791,2093,2326,1928,1232,869,592,487,346
216,60,6,250301,164,114,45,61,72,153,470,756,1054,1334,1973,2368,2136,2028,1938,1998,2138,2147,1509,962,765,565,489,313
216,61,7,250302,198,139,119,80,66,85,105,203,440,842,1178,1645,1751,1948,2318,2450,2432,2411,2256,2343,1664,1001,420,168
216,62,1,250303,82,49,41,47,112,781,1983,1820,1516,1231,1169,1276,1327,1298,1309,1513,1644,1861,1416,863,519,337,248,108
216,63,2,250304,59,46,33,47,98,735,1958,1716,1543,1082,1048,1132,1142,1259,1204,1325,1695,1779,1332,729,489,339,271,119
216,64,3,250305,56,36,28,57,98,647,1926,2349,1516,1143,1134,1146,1131,1323,1280,1469,1726,1975,1536,833,544,362,248,122
216,65,4,250306,73,47,51,48,93,690,1941,2390,1579,1119,1078,1146,1123,1326,1341,1486,1866,2034,1390,861,502,368,297,126
216,66,5,250307,72,42,34,47,112,583,1774,1992,1390,1119,1175,1383,1466,1594,1704,1892,2159,2352,1842,1215,743,573,445,304
216,67,6,250308,178,90,70,61,58,168,515,897,1274,1678,2124,2401,2177,2130,2179,2202,2444,2516,1799,1081,870,674,501,409
216,68,7,250309,244,178,90,65,56,75,163,291,510,1003,1532,2145,2443,2552,2518,2616,2497,2605,2113,1941,1636,994,461,184
216,69,1,250310,89,62,19,48,117,844,2144,2460,1615,1210,1215,1384,1398,1532,1418,1398,1492,1671,1311,793,498,358,216,107
216,70,2,250311,49,41,31,45,106,768,2120,2522,1562,1090,1010,1035,1061,1211,1215,1176,1482,1647,1223,737,418,321,248,115
216,71,3,250312,59,46,25,55,108,712,2021,2455,1559,1105,1112,1118,1235,1341,1235,1255,1524,1719,1278,725,436,338,266,134
216,72,4,250313,72,48,43,52,118,365,1480,2474,940,1107,1109,1166,1285,1266,1292,1349,1511,1672,1284,712,475,278,275,186
216,73,5,250314,72,54,25,44,115,621,1789,2115,1017,1227,1215,1323,1490,1630,1608,1723,1928,1967,1521,897,643,399,389,294
216,74,6,250315,168,101,57,55,71,163,428,842,1104,1300,1769,1952,1882,1897,1914,1747,1815,1653,1246,830,677,537,507,410
216,75,7,250316,261,154,84,58,48,74,135,241,421,839,1176,2010,2334,2392,2172,1748,2222,214,1249,1138,984,294,105,165
216,76,1,250317,278,56,36,52,128,810,2122,2515,1607,1145,1155,1191,1142,1233,1254,1260,1506,1724,1339,689,437,349,248,93
216,77,2,250318,63,38,32,46,110,736,2064,2344,1730,1145,1011,1042,1020,1220,1209,1409,1621,1903,1397,813,496,333,240,137
216,78,3,250319,56,32,33,51,93,594,1399,1599,1214,1073,1022,1099,1091,1161,1318,1522,1846,2078,1569,868,516,395,274,141
216,79,4,250320,78,47,34,41,99,750,2110,2518,1609,1156,1018,1124,1074,1285,1377,1371,1648,1890,1532,919,542,369,319,218
216,80,5,250321,256,55,38,46,113,630,1748,2094,1416,1214,1238,1340,1420,1526,1584,1674,1884,1983,1524,983,630,404,357,294
216,81,6,250322,157,81,44,52,73,174,493,865,1223,1435,1678,1803,1781,1802,1959,1941,1949,2313,1816,1025,641,509,498,393
216,82,7,250323,248,131,67,51,58,60,157,253,492,910,1376,2009,2141,2282,2363,2545,2591,2645,1859,1327,1016,681,381,167
216,83,1,250324,69,38,34,39,143,875,2151,2507,1635,1167,1085,1130,1121,1258,1294,1278,1418,1684,1182,773,471,331,236,90
216,84,2,250325,52,43,35,49,122,740,2121,2503,1644,1138,981,1063,1016,1182,1197,1220,1466,1607,1257,715,414,333,238,142
216,85,3,250326,64,50,32,49,130,746,2024,2380,1551,1131,1060,1092,1160,1237,1239,1321,1233,796,489,230,137,111,247,138
216,86,4,250327,70,56,29,65,130,741,2091,2395,1577,1121,1083,1110,1104,1245,1295,1359,1505,1735,1375,804,481,367,257,140
216,87,5,250328,77,38,36,59,132,625,1838,2015,1355,1111,1113,1205,1222,1393,1433,1608,1855,1954,1571,984,652,490,393,319
216,88,6,250329,205,89,72,65,78,169,425,720,1013,1259,1581,1201,1506,1686,1668,1556,1582,1541,820,212,225,215,133,60
216,89,7,250330,53,132,0,83,80,101,185,228,427,624,984,1733,1921,2026,2154,2422,2580,2559,2255,1850,1521,1108,544,239
216,90,1,250331,81,64,42,65,138,776,2062,2417,1647,1144,1148,1119,1191,1287,1253,1260,1439,1576,1200,764,501,344,254,147
216,91,2,250401,88,90,68,66,147,754,2104,2483,1661,1143,1015,964,1062,1155,1165,1300,1477,1645,1280,744,447,330,305,184
216,92,3,250402,299,77,50,78,157,727,2018,2502,1604,1188,1034,1087,1135,1304,1313,1267,1568,1756,1415,891,567,388,273,127
216,93,4,250403,105,72,106,97,146,739,2138,2417,1602,1284,1153,1068,1062,1322,1280,1341,1514,1659,1304,816,504,404,301,159
216,94,5,250404,77,53,59,90,115,624,1567,2242,1431,1161,1136,1139,1289,1399,1503,1565,1671,1863,1489,1082,642,502,429,305
216,95,6,250405,171,86,67,66,77,180,485,792,1015,1265,1438,1442,1512,1579,1600,1675,1690,1833,1320,975,751,606,546,496
216,96,7,250406,426,166,78,57,66,96,155,255,449,846,1221,1648,1794,2052,2027,2349,2487,2519,1993,1575,1303,728,393,180
216,97,1,250407,71,51,34,58,143,784,2189,2747,1796,1371,1168,1092,1055,1305,1212,1238,1407,1679,1277,818,519,381,267,128
216,98,2,250408,89,69,68,76,153,754,2103,2528,1548,1166,1046,983,1075,1219,1240,1293,1443,1654,1284,808,452,284,244,146
216,99,3,250409,66,51,64,77,144,726,2045,2341,1536,1086,1114,1148,1131,1296,1258,1303,1604,1732,1338,845,492,353,269,163
216,100,4,250410,75,38,38,58,145,709,2057,2310,1565,1149,1272,1026,1037,1274,1314,1367,1622,1772,1350,841,565,430,309,286
216,101,5,250411,319,67,51,66,122,614,1805,1986,1390,1221,1263,1255,1180,1436,1536,1643,1893,1845,1561,1070,713,606,439,316
216,102,6,250412,158,111,59,77,83,209,552,956,1257,1441,1596,1611,1598,1702,1843,1699,1791,1775,1321,1022,720,596,511,378
216,103,7,250413,226,133,79,55,52,84,171,245,500,848,1127,1433,1552,1757,1761,1921,2009,1907,1509,1220,977,578,320,150
216,104,1,250414,61,32,33,59,157,788,2080,2424,1579,1233,1183,1111,1038,1287,1261,1268,1529,1720,1263,727,470,328,249,107
216,105,2,250415,51,33,48,50,149,756,2040,2362,1560,1268,1242,1085,1083,1217,1302,1280,1533,1632,1245,800,477,383,277,158
216,106,3,250416,77,55,59,54,141,719,1982,2234,1463,1154,1200,1205,1103,1367,1309,1423,1635,1818,1440,820,570,376,277,163
216,107,4,250417,103,72,49,67,174,626,1727,2052,1359,1128,1202,1158,1238,1416,1440,1475,1701,1602,1384,930,265,449,370,272
216,108,7,250418,152,95,70,74,71,125,210,278,530,851,1147,1330,1202,1103,1143,1178,1286,1202,1035,765,637,487,342,250
216,109,6,250419,149,111,66,53,62,151,347,587,862,1271,1530,1576,1418,1617,1718,1769,1783,1760,1350,1045,829,612,382,250
216,110,7,250420,150,104,56,54,47,73,131,203,459,991,1437,1422,1563,1591,1752,1997,2033,1999,1757,1326,1136,717,481,289
216,111,7,250421,136,79,63,55,58,98,192,229,504,961,1471,1922,2113,2258,2476,2514,2427,2358,1889,1701,1463,1155,667,262
216,112,2,250422,116,62,46,79,182,815,2249,2291,1572,1252,1141,1263,1241,1407,1478,1453,1603,1830,1363,916,633,475,353,148
216,113,3,250423,73,57,36,55,124,752,1967,2214,1529,1176,1112,1137,1162,1270,1269,1393,1578,1804,1195,518,486,369,287,149
216,114,4,250424,79,50,50,49,141,295,1073,1529,1260,1169,1167,1139,1172,1295,1343,1439,1501,1811,1385,870,567,381,304,180
216,115,5,250425,75,32,30,50,120,657,1818,1786,1417,1132,1161,1169,1047,1336,1550,1706,1827,1893,1571,1050,706,530,455,303
216,116,6,250426,177,107,77,73,77,221,537,808,1172,1342,1415,1403,1415,1521,1665,1586,1781,1765,1466,1088,772,630,483,378
216,117,7,250427,290,174,96,88,94,108,182,290,597,876,998,1202,1346,1512,1757,1857,1905,2009,1493,1191,861,669,394,203
216,118,1,250428,99,57,44,38,144,803,2198,1996,1692,1238,1162,1049,1094,1248,1213,1307,1477,1670,1192,804,510,393,316,129
216,119,2,250429,70,47,36,50,119,763,2143,2327,1602,1066,1137,1021,1001,1197,1112,1256,1515,1678,1267,714,503,398,312,138
216,120,3,250430,58,43,37,55,111,709,2033,2242,1499,1167,1131,1143,1129,1186,1191,1450,1622,1781,1329,845,652,490,390,235
216,121,4,250501,107,61,39,45,96,440,1352,1532,1230,1204,1238,1390,1390,1526,1649,1760,2148,2236,1786,1174,710,607,381,175
216,122,5,250502,76,48,33,63,92,509,1611,1653,1372,1270,1245,1254,1336,1563,1690,1701,1945,1882,1550,1141,828,617,458,288
216,123,6,250503,174,98,41,74,80,166,482,767,1021,1246,1406,1417,1469,1812,1833,1967,1988,1835,1526,1170,958,736,570,434
216,124,7,250504,245,140,98,69,70,97,192,257,329,846,1141,1516,1578,1970,1995,2004,2130,1925,1596,1225,1009,674,632,347
216,125,1,250505,286,119,71,64,152,797,2188,1809,773,504,980,1063,1025,1216,705,568,1372,1696,1218,664,446,327,266,136
216,126,2,250506,67,32,32,56,129,803,2087,1219,1553,1110,825,767,940,1192,1148,1189,1356,1552,1178,664,400,381,294,127
216,127,3,250507,72,45,32,57,138,760,2078,2237,1535,1079,1032,1039,1053,1157,1238,1282,1368,1597,1264,745,422,189,239,145
216,128,4,250508,65,54,39,55,136,786,2058,2301,1480,1155,1023,989,1123,1278,1258,1336,1500,1671,1262,760,513,412,311,132
216,129,5,250509,73,60,41,43,132,670,1854,1962,1401,1052,1102,1152,1173,1443,1568,1613,1768,1807,1489,970,644,483,486,315
216,130,6,250510,163,83,67,63,75,216,542,878,1084,1336,1425,1414,1383,1449,1471,1677,1666,1664,1317,1063,779,672,534,397
216,131,7,250511,250,152,92,69,47,86,213,304,563,959,1295,1393,1350,1594,1758,2052,2569,2508,1892,1445,1428,1268,768,228
216,132,1,250512,114,57,37,52,146,890,2217,2445,1648,1076,1062,928,1016,1167,1188,1292,1374,1575,1202,744,440,269,222,105
216,133,2,250513,60,43,20,55,134,773,1296,1761,1560,1170,1030,957,1044,1162,1162,1185,1424,1647,1205,762,497,392,285,123
216,134,3,250514,56,46,26,49,118,847,2046,2382,1584,1136,1050,1164,1337,1416,1462,1585,1889,1938,1460,916,546,452,313,168
216,135,4,250515,74,47,33,52,131,804,2054,2394,1587,1122,1085,1064,1019,1222,1262,1430,1520,1777,1256,784,486,380,332,145
216,136,5,250516,70,48,38,46,114,691,1867,1998,1450,1245,1166,1237,1226,1553,1525,1618,1824,1836,1574,977,723,524,420,299
216,137,6,250517,166,77,65,65,83,188,524,875,1140,1364,1481,1439,1459,1456,1648,1607,1681,1631,1224,855,646,586,497,348
216,138,7,250518,229,145,85,66,68,105,235,280,548,922,1144,1275,1388,1585,1702,1918,2204,2180,1730,1333,988,724,418,176
216,139,1,250519,86,58,37,55,146,916,2297,2454,1650,1199,1048,1044,1020,1180,1177,1306,1440,1636,1264,793,515,182,208,137
216,140,2,250520,67,45,34,52,134,798,2176,2576,1606,1168,1053,1028,996,1180,1104,1300,1475,1594,1241,642,473,340,297,128
216,141,3,250521,53,40,31,50,124,799,2103,2339,1625,1110,1062,1001,1094,1281,1311,1345,1481,1537,511,308,451,381,293,154
216,142,4,250522,79,48,39,53,126,829,2124,1124,650,493,693,894,1027,977,1220,1005,886,1016,884,170,461,427,269,160
216,143,5,250523,65,37,44,58,119,690,1846,2027,1337,1042,1179,1177,1190,1559,1480,1574,1781,1778,1431,1017,658,504,389,328
216,144,6,250524,189,111,72,68,76,205,518,852,1141,1356,1401,1502,1349,1480,1668,1584,1721,1683,1287,905,659,619,536,331
216,145,7,250525,250,149,93,68,67,72,179,277,558,874,796,1319,1409,1627,1608,1708,1861,1787,1476,1217,868,536,357,189
216,146,1,250526,82,42,36,52,155,866,561,320,1573,1085,917,857,1001,1176,1173,887,1254,1607,1129,705,487,329,257,114
216,147,2,250527,65,42,30,45,138,815,2115,2384,1603,903,1102,1056,1036,1233,1263,1198,1470,1641,1257,800,463,382,310,144
216,148,3,250528,48,66,41,64,152,749,1968,2216,1506,1140,1117,1098,1240,1334,1313,1497,1662,966,1120,632,38,64,344,232
216,149,7,250529,152,88,57,72,79,126,215,186,714,999,1082,1151,1102,1229,1182,1270,1482,1458,1217,924,689,485,369,190
216,150,5,250530,85,50,46,41,114,372,969,1140,1191,1397,1436,1329,1237,1375,1563,1651,1850,1902,1578,1107,862,685,456,302
216,151,6,250531,136,76,60,50,79,157,419,670,1045,1268,1472,1402,1470,1666,1841,1982,2061,2003,1637,1399,1112,879,615,457
216,152,7,250601,261,147,84,88,50,108,206,294,545,1015,1594,2242,2316,2523,2644,2656,2711,2587,2335,1784,1620,1275,850,503
216,153,1,250602,188,88,63,53,161,901,2132,2372,1443,1164,1105,1159,1137,1297,1277,1353,1305,1235,1386,809,439,345,294,157
216,154,2,250603,60,49,39,46,131,796,2117,2362,1549,1068,1047,975,944,1090,1131,1219,1433,1641,1279,739,413,231,330,144
216,155,3,250604,69,55,29,63,120,799,2073,1956,1437,998,1042,1028,1103,1288,1247,1331,1467,1722,1096,720,493,322,294,152
216,156,4,250605,82,45,48,70,162,747,2033,2287,1564,1119,1138,1119,1014,1322,1330,1318,1203,1448,1377,813,568,411,336,167
216,157,5,250606,76,57,26,62,177,682,1792,1968,1153,1168,1206,1216,1271,1410,1449,1695,1796,1818,1571,1079,758,604,498,306
216,158,6,250607,169,109,81,48,75,193,390,595,892,1109,1343,1479,1539,1589,1631,1444,617,556,833,777,565,448,390,357
216,159,7,250608,219,117,73,72,45,73,127,195,434,395,501,1213,1277,1444,1456,1541,1733,1629,1473,1128,911,682,513,272
216,160,7,250609,188,98,50,72,95,130,239,294,587,881,1344,1732,1858,2134,2319,2337,2353,2546,2535,2576,1824,1309,593,250
216,161,2,250610,140,66,47,58,160,928,2328,2490,1770,1266,1233,1182,1195,1346,1318,1482,1560,1833,1512,892,554,480,350,178
216,162,3,250611,97,41,45,56,142,872,2139,2115,1625,1188,1115,1172,1205,1394,1185,1354,1692,1816,1289,881,601,465,394,178
216,163,4,250612,87,52,40,52,134,814,2134,2405,1683,1223,1145,1143,1148,1238,1412,1589,1657,1797,1353,882,607,481,374,198
216,164,5,250613,96,40,34,53,138,735,1171,2247,1672,1331,1330,1363,1421,1609,1647,1711,1924,2083,1520,974,806,609,500,308
216,165,6,250614,176,104,65,65,82,246,607,981,1228,1404,1488,1451,1471,1674,1751,1835,1753,1899,1443,1007,771,679,596,385
216,166,7,250615,259,167,78,82,66,96,240,370,563,884,1170,1471,1629,1817,1887,1997,2226,2086,1600,1318,1013,662,358,172
216,167,1,250616,76,56,42,65,159,831,1677,2027,1608,1182,1185,1119,1147,1288,1303,1292,1475,1622,1276,831,508,391,300,140
216,168,2,250617,68,44,37,38,142,869,2175,2499,1571,1134,1104,999,1087,1214,1226,1343,1543,1842,1367,818,517,455,370,178
216,169,3,250618,81,51,40,38,133,821,2101,2246,1606,1146,1177,1142,1144,1340,1312,1476,1712,1885,1442,919,609,513,359,221
216,170,4,250619,101,68,47,57,111,568,1301,1305,1113,1032,1116,1179,1174,1249,1478,1549,1693,1936,1598,1044,700,644,427,224
216,171,5,250620,120,49,48,59,121,699,1631,1767,1385,1220,1294,1381,1431,1634,1697,1813,1905,1880,1766,1211,924,671,544,316
216,172,6,250621,218,143,83,57,85,217,570,791,1129,1279,1528,1557,1650,1765,2005,2080,2042,1668,1397,1037,882,644,603,447
216,173,7,250622,431,195,116,94,64,85,217,349,610,1020,1410,1760,1952,2050,2276,2454,2618,2549,2419,2370,1723,1375,775,444
216,174,1,250623,151,62,38,63,165,907,2162,2445,1601,1291,1236,1197,1183,1459,1435,1413,1498,1663,1294,784,557,435,333,149
216,175,2,250624,72,61,29,48,139,839,2144,2396,1587,1261,1050,1052,1074,1261,1323,1409,1635,1787,1368,865,552,476,366,204
216,176,3,250625,89,42,38,71,136,779,2038,2268,1649,1287,1198,1056,1161,1384,1380,1484,1710,1716,1354,837,651,538,402,214
216,177,4,250626,116,73,38,67,140,810,2040,1862,1780,1232,1212,1248,1222,1544,1472,1473,1313,1780,1349,768,589,481,412,221
216,178,5,250627,108,54,47,73,144,691,1830,1946,1456,1214,1258,1338,1376,1561,1874,1928,2068,2002,1589,1134,782,597,549,373
216,179,6,250628,227,118,84,78,95,233,557,862,1270,1427,1546,1564,1700,1698,1863,1894,1846,1798,1410,1062,928,778,635,456
216,180,7,250629,335,181,143,106,90,108,269,404,654,985,1289,1513,1755,1832,2131,2366,2340,2532,2329,2273,1686,1295,759,299
216,181,1,250630,137,76,44,92,190,875,2130,2316,1613,1220,1296,1240,1275,1416,1458,1536,1622,1648,1406,759,574,431,303,149
216,182,2,250701,81,46,44,62,128,832,2188,2338,1833,1309,1133,1118,1100,1179,1286,1314,1564,1776,1306,817,536,466,329,163
216,183,3,250702,71,44,38,69,134,813,2087,2265,1506,1172,1172,1199,1196,1334,1337,1482,1680,1834,1366,815,565,484,328,176
216,184,4,250703,102,57,32,66,168,826,2020,2222,1588,1227,1217,1156,1232,1362,1385,1445,1711,1819,1250,852,589,467,392,181
216,185,5,250704,77,64,56,63,154,682,1820,1913,1320,1144,1242,1352,1413,1613,1628,1686,1851,1880,1445,1162,894,672,569,369
216,186,6,250705,225,125,85,90,103,231,543,808,1074,1331,1659,1759,1674,1818,1863,1780,1790,1770,1426,1111,929,774,661,474
216,187,7,250706,241,128,100,70,87,125,194,283,526,834,1200,1573,1828,1936,2208,2335,2389,2375,1816,1403,1038,706,458,207
216,188,1,250707,140,61,41,65,155,825,2075,2136,1501,1139,1218,1258,1205,1335,1240,1190,1591,1693,1183,571,489,431,249,132
216,189,2,250708,63,47,24,53,115,686,1865,2045,1546,1182,1191,1264,1234,1390,1308,1300,1412,1655,1255,738,446,356,251,138
216,190,3,250709,63,48,31,54,123,755,1916,2076,1440,1209,1189,1199,1191,1321,1351,1419,1627,1782,1403,839,593,437,312,200
216,191,4,250710,90,47,40,66,131,754,1985,2193,1487,1235,1187,1134,1116,1282,1367,1513,1692,1844,1409,865,594,494,371,195
216,192,5,250711,80,53,41,57,111,728,1733,1822,1312,1188,1236,1317,1314,1525,1697,1744,1971,1925,1499,1022,762,564,465,314
216,193,6,250712,156,94,56,70,90,212,495,713,980,1279,1604,1653,1653,1847,1852,1848,1958,1940,1569,1203,923,753,675,394
216,194,7,250713,244,138,112,84,61,129,204,281,454,874,1227,1618,1855,1920,2269,2434,2379,2455,2122,1514,1220,825,526,246
216,195,1,250714,113,59,44,55,134,772,1927,2022,1039,771,1235,1306,1300,1469,1363,1287,1546,1563,1261,811,548,448,300,126
216,196,2,250715,60,40,34,59,117,310,1034,1606,1387,1183,1159,1089,1134,683,1306,1326,1549,1659,1315,751,512,396,273,135
216,197,3,250716,59,46,47,49,141,685,1829,1936,1350,1196,1174,1192,1170,1325,1246,1410,1714,1744,1332,744,533,412,257,143
216,198,4,250717,82,42,40,47,149,392,997,1903,1289,1246,1200,1257,1241,1262,1343,1393,1842,1807,1405,911,603,489,357,185
216,199,5,250718,108,61,48,64,127,615,1612,1580,1245,1106,1196,1348,1283,1547,1640,1797,1982,2083,1591,1203,836,611,460,276
216,200,6,250719,160,109,65,93,117,193,412,574,867,1113,1416,1562,1671,1766,1830,2026,1286,1667,1227,864,702,503,423,314
216,201,7,250720,188,111,64,91,61,85,159,242,481,728,1033,1410,1472,1766,1940,2326,2575,2423,2043,1609,1360,962,486,221
216,202,1,250721,113,64,42,70,160,695,1596,1698,603,662,1099,1336,1346,1408,1441,1322,1394,1526,1087,741,501,297,256,133
216,203,2,250722,56,34,32,60,157,630,1562,1752,1240,1122,1188,1077,1088,1117,1284,999,1483,1672,1222,887,553,480,286,127
216,204,3,250723,57,47,42,54,126,625,1550,1631,1207,1097,1110,1192,1147,1288,1272,1340,1899,1780,1333,865,540,417,317,136
216,205,4,250724,63,51,43,53,137,582,1557,1572,1175,1046,1103,1170,1237,1230,1072,1437,1498,1515,1193,849,559,401,307,160
216,206,5,250725,72,56,44,59,133,519,985,1323,537,505,1262,1293,1359,1583,1581,1588,1686,1656,1356,1042,754,503,363,265
216,207,6,250726,135,99,55,92,103,174,352,510,741,1123,1414,1703,1598,1769,1812,1607,1230,941,1028,656,627,510,377,314
216,208,7,250727,164,95,72,72,75,92,161,173,335,367,846,1484,1619,1733,1904,1834,2011,1816,1379,1138,832,703,511,227
216,209,1,250728,74,50,43,55,156,598,1230,660,428,527,926,1116,1197,1257,1261,1276,1316,1150,1105,655,505,348,264,117
216,210,2,250729,55,37,42,72,124,324,888,1229,654,974,1136,1082,1076,1138,1197,1257,1312,1447,989,715,529,398,297,146
216,211,3,250730,70,43,40,59,111,548,1281,1474,1066,1098,1148,1194,1074,1267,1348,1391,1624,1743,1355,845,600,373,309,150
216,212,4,250731,89,65,48,52,123,500,1183,1318,924,468,1094,1172,1347,1417,1588,1615,1685,1669,1340,1003,718,576,410,242
216,213,7,250801,222,137,89,78,63,100,229,321,345,657,1131,1104,1141,1227,1351,1337,1411,1178,1055,767,596,292,147,95
216,214,6,250802,231,152,76,67,77,135,286,369,637,825,1318,1284,1264,672,2109,1149,1371,1398,1173,1045,808,704,574,466
216,215,7,250803,412,184,73,70,55,48,41,72,364,722,1190,1887,2058,2349,2555,2499,2486,2421,2017,1723,1553,1163,710,322
216,216,1,250804,143,99,52,57,145,690,1676,1737,1118,986,914,600,1192,1445,1563,1566,1618,1694,1386,917,633,487,296,183
216,217,2,250805,80,49,56,55,132,610,1640,1803,1325,1161,1141,1131,1154,1296,1403,1450,1689,1755,1472,740,517,416,268,145
216,218,3,250806,70,50,46,44,125,592,1613,1748,1257,1166,1204,1206,1191,1379,1445,1562,1769,1674,1520,976,701,519,364,187
216,219,4,250807,83,66,43,39,134,600,1573,1732,1312,1289,1229,1212,1297,1425,1605,1707,1906,2119,1790,1136,834,621,447,218
216,220,5,250808,110,67,39,65,129,494,1475,1572,1199,1191,1290,1512,1607,1789,2008,2140,2219,2346,1836,1320,1164,904,837,478
216,221,6,250809,311,144,97,85,107,170,414,679,978,622,1732,1598,1944,2042,1992,2163,2245,2061,1848,1487,1237,1120,898,534
216,222,7,250810,386,218,116,100,79,78,191,236,443,717,1239,1748,1929,2134,2271,2410,2418,2455,2428,2409,2116,1602,808,322
216,223,1,250811,154,80,44,70,148,779,1811,2163,1490,1259,1303,1303,1374,1463,1533,1594,1749,1918,1496,960,732,534,349,135
216,224,2,250812,84,55,40,55,134,740,2008,2278,1567,1201,1192,1194,1169,1343,1392,1609,1809,1964,1535,930,696,564,355,160
216,225,3,250813,82,56,45,50,145,767,1868,2189,1538,1201,1204,1220,1323,1472,1513,1713,1777,1997,1651,1091,773,599,432,185
216,226,4,250814,95,41,46,49,136,738,1935,2097,1535,1215,1234,1364,1316,1498,1530,1696,1873,1992,1584,1147,803,630,424,257
216,227,5,250815,103,65,37,68,114,489,1041,1178,928,1120,1178,1438,1520,1596,1974,1943,2281,2297,1919,1370,965,812,529,403
216,228,6,250816,266,127,88,79,103,189,498,788,995,1438,1876,2074,2042,2017,1946,1889,1890,1870,1519,1261,1008,885,628,459
216,229,7,250817,278,162,105,78,75,93,217,310,543,982,1436,1945,2136,2279,2411,2521,2598,2508,2701,2164,1743,1084,594,281
216,230,1,250818,114,80,41,56,166,855,2098,2413,1690,1211,1382,1366,1294,1409,1437,1557,1777,1909,1538,996,742,525,372,160
216,231,2,250819,81,50,37,47,127,783,2056,2408,1613,1120,1158,1187,1218,1317,1358,1611,1837,1956,1624,967,699,569,303,159
216,232,3,250820,74,38,31,45,112,739,1956,1976,1506,1192,1290,1267,1308,1554,1485,1641,1703,1920,1481,842,534,448,347,172
216,233,4,250821,94,35,40,47,119,730,1221,1377,1209,1232,755,452,635,1266,1059,1580,997,421,557,825,549,450,320,157
216,234,5,250822,71,57,40,68,126,581,1418,1373,871,1153,1262,1319,1426,1621,1787,1944,2054,2068,1671,1104,809,612,528,333
216,235,6,250823,188,109,76,65,85,198,521,920,1133,1389,1427,1615,1734,1858,1922,1912,1967,1960,1490,1104,828,782,568,410
216,236,7,250824,251,169,125,79,78,102,189,322,655,1001,1292,1705,1842,2045,2202,2480,2472,2685,2583,2427,1923,1048,523,186
216,237,1,250825,102,53,43,53,144,839,2156,2372,1614,1240,1164,1202,1210,1394,1428,1475,1774,1968,1584,947,736,548,357,168
216,238,2,250826,68,51,31,56,134,784,2042,2365,1662,1236,1172,1194,1129,1399,1397,1681,1724,2115,1584,998,738,535,355,187
216,239,3,250827,64,44,38,44,127,753,1739,1593,1441,1132,1227,1255,1407,1540,1538,1685,1685,1940,358,658,603,492,319,199
216,240,4,250828,80,48,40,46,130,718,1926,2150,1416,835,1001,1314,1133,1065,1428,1096,863,996,754,799,537,393,338,177
216,241,5,250829,126,64,46,49,110,524,1602,898,1151,1134,1188,1321,1344,1469,1510,1633,1733,1721,1379,562,312,383,164,59
216,242,6,250830,198,124,93,114,121,246,438,231,790,1035,1359,1345,1500,1501,1497,1459,1445,1338,1425,1103,894,733,638,451
216,243,7,250831,335,244,208,172,125,172,227,366,585,843,1236,1347,1643,1852,2095,2388,2499,2466,2453,2696,2556,1830,1150,459
216,244,1,250901,202,100,60,83,182,844,2168,2542,2015,1869,1909,1826,1482,1354,1340,1383,1351,1660,1298,852,588,370,261,114
216,245,2,250902,61,35,45,45,108,757,2054,2362,1574,1111,1081,1030,1044,1124,1265,1258,1391,1553,1366,885,638,434,277,138
216,246,3,250903,75,39,52,51,123,753,2017,2298,1562,1151,1095,1092,1213,1365,1369,1466,1676,1854,1449,925,598,474,300,171
216,247,4,250904,75,47,40,53,142,710,1974,2354,1556,1177,1085,1160,1146,1339,1305,1447,1611,1753,1096,627,514,348,316,183
216,248,5,250905,81,49,56,51,132,680,1687,1948,820,692,969,822,763,1216,1719,1742,1893,1922,1535,1069,692,574,427,289
216,249,6,250906,172,98,73,68,83,187,460,790,1130,1214,1356,1474,1613,1686,1751,1844,1999,2074,1659,1285,1125,844,573,334
216,250,7,250907,238,153,99,65,83,86,249,273,598,953,1175,1600,1698,1999,2239,2530,2535,2553,2565,2285,2004,1470,720,351
216,251,1,250908,174,82,46,61,165,844,2168,2472,1549,1135,1153,1123,1220,1265,1245,1295,1526,1723,1364,821,562,366,180,154
216,252,2,250909,85,38,39,48,137,766,2019,1505,737,720,798,683,1092,1254,1219,1371,1457,1673,1292,763,509,392,301,229
216,253,3,250910,107,53,47,56,148,750,1962,2288,1583,1025,596,1085,1142,1244,1096,1203,1405,1667,1327,836,486,400,318,160
216,254,4,250911,70,57,44,62,141,734,1898,992,1210,1067,1109,1099,1111,1293,1252,1320,1747,1722,1389,755,525,450,316,161
216,255,5,250912,103,50,46,65,148,618,1824,1905,1298,959,1102,1069,1045,1548,1235,1649,1861,1826,1514,1027,699,526,395,284
216,256,6,250913,160,98,71,76,75,190,467,743,1026,1214,1412,1543,1593,1588,1600,1834,1879,1786,1425,929,750,573,494,400
216,257,7,250914,261,139,78,70,61,81,163,273,482,522,985,1494,1720,1777,1949,2150,2322,2286,2050,1572,1340,823,393,194
216,258,1,250915,98,60,53,61,160,871,2130,2355,1554,1162,1018,1096,1151,1252,1251,1411,1756,2034,1511,956,695,494,287,156
216,259,2,250916,75,43,38,63,144,780,1739,1360,1450,1068,1036,1081,1090,1284,1243,1317,1474,1573,1267,722,495,379,280,212
216,260,3,250917,66,55,40,49,147,797,2003,2324,1562,1091,972,1046,1141,1271,1179,1349,1496,1701,1380,817,540,416,287,142
216,261,4,250918,76,43,65,58,140,726,2041,2415,1578,1168,1176,1182,1087,1274,1401,1508,1792,1980,1568,936,646,478,365,170
216,262,5,250919,76,46,41,67,122,688,1843,2057,1396,1114,1040,1176,1347,1074,1526,1808,1982,2096,1772,1280,834,621,449,268
216,263,6,250920,147,92,65,61,82,221,538,802,1136,1372,1508,1534,1608,1741,1857,1951,2192,2369,2026,1544,1104,733,529,456
216,264,7,250921,265,147,78,58,57,70,174,296,544,983,1310,1713,1905,2173,2309,2539,2594,2542,2492,2284,1766,1685,858,237
216,265,1,250922,117,72,54,62,136,900,2186,1313,1576,1132,851,1281,1387,1215,1384,1422,1517,1470,829,702,525,342,281,122
216,266,2,250923,74,37,45,58,145,828,1349,943,1075,826,1003,1029,1117,1252,1221,1306,1477,1629,1113,695,468,307,154,130
216,267,3,250924,74,46,45,39,172,771,2035,2326,1289,982,903,338,687,925,959,1155,1483,1661,1381,508,451,350,293,164
216,268,4,250925,100,46,38,62,153,766,1417,2107,1513,1104,1017,1152,1095,1328,1391,1448,1623,1708,1358,838,540,400,331,160
216,269,5,250926,103,41,63,54,137,700,1869,1986,1323,1153,1116,1309,1376,1556,1634,1772,1854,1750,1173,544,229,322,353,292
216,270,6,250927,155,130,75,67,102,148,482,746,626,433,205,398,1581,1776,1834,1851,1837,1607,1261,926,723,550,520,449
216,271,7,250928,268,155,95,72,60,105,235,297,509,893,1249,1480,1619,1838,2002,2297,2665,2677,2356,1786,1236,787,428,219
216,272,1,250929,96,60,47,67,160,824,2185,2218,1447,1151,1112,1180,1140,1333,1432,1462,1533,1719,1385,869,572,394,325,145
216,273,2,250930,78,49,51,59,160,766,2041,2208,1440,1158,1074,1033,1157,1211,1312,1386,1479,1663,1314,787,503,389,186,186
216,274,3,251001,69,45,45,79,131,743,1389,1689,1366,1139,1103,1115,1144,1314,1374,1372,1532,1727,1275,738,483,371,273,166
216,275,4,251002,92,34,33,61,143,708,1910,2127,1433,1132,1110,1121,1098,1342,1418,1645,1812,1918,1521,902,638,490,340,207
216,276,5,251003,100,51,42,67,141,632,1761,1846,1238,1099,1171,1266,1317,1444,1738,1777,2105,2034,1685,1091,719,476,365,262
216,277,6,251004,162,83,69,62,105,165,454,691,1004,1202,1479,1657,1762,1766,1820,1864,1892,1649,1302,890,662,512,454,351
216,278,7,251005,213,106,87,65,62,100,164,225,414,402,403,1476,1765,1903,2119,2213,2034,2201,1724,1278,969,751,425,172
216,279,1,251006,82,57,30,59,155,783,1978,1239,963,954,810,1260,1184,1357,1359,1331,1370,1525,1258,759,501,375,260,161
216,280,2,251007,53,46,33,75,138,677,1964,1936,1345,1083,1092,1051,1067,1224,1351,1276,1504,1786,1262,812,491,369,314,161
216,281,3,251008,79,60,50,70,163,708,1875,1936,1332,1113,1219,1138,977,1292,1415,1486,1826,1878,1568,886,619,407,257,148
216,282,4,251009,101,51,46,68,142,634,1795,1840,1264,1141,1151,1207,1291,1455,1512,1642,1726,1838,1364,897,600,437,280,193
216,283,5,251010,92,47,44,78,146,608,1606,1649,1153,1123,1214,1300,1410,1662,1804,1812,2038,2086,1693,1207,740,507,402,248
216,284,6,251011,155,86,58,80,105,177,449,624,897,1187,1384,1562,1654,1793,1999,2141,2303,2402,1834,1290,983,636,511,371
216,285,7,251012,206,136,77,69,61,99,199,243,430,733,1100,1395,1594,1955,2229,2446,2480,2483,2321,2376,1983,1251,481,199
216,286,1,251013,76,59,43,61,163,804,2106,2127,1456,1126,1160,1176,1162,1344,1382,1518,1748,1840,1376,845,613,393,271,108
216,287,2,251014,73,40,38,58,152,719,1991,2227,1452,1063,1075,1100,1125,1274,1301,1388,1694,1831,1419,773,524,356,266,110
216,288,3,251015,68,35,36,45,144,696,1947,2121,1433,1196,1187,1133,1141,1353,1261,1465,1930,2108,1546,834,604,407,258,149
216,289,4,251016,82,47,34,48,141,699,1964,2273,1445,1208,1169,1172,1211,1306,1454,1597,1865,1991,1560,915,554,421,315,137
216,290,5,251017,85,50,31,68,131,589,1750,1837,1298,1072,1200,1343,1391,1548,1696,1818,2083,2161,1676,1020,717,518,396,250
216,291,6,251018,147,110,59,64,81,177,457,685,987,1149,1397,1447,1472,1762,1813,2082,2151,2290,1878,1237,864,686,548,558
216,292,7,251019,251,141,74,78,54,68,175,268,478,833,1129,1550,1888,2197,2246,2352,2474,2537,2211,2027,1245,790,446,178
216,293,1,251020,73,54,40,58,144,826,2074,2157,1571,1139,1128,1149,1185,1328,970,1104,987,1453,1264,697,483,355,256,103
216,294,2,251021,61,40,31,44,139,795,2143,2342,1677,1129,1041,1023,1047,1159,1196,1269,1492,1721,1223,762,410,336,263,181
216,295,3,251022,76,43,20,51,140,708,2071,1890,1083,856,632,734,1086,1261,1294,1365,1458,1690,1312,786,482,333,262,173
216,296,4,251023,78,47,33,51,140,411,2051,1288,1469,749,1012,754,756,1218,1218,649,1128,1700,1284,789,449,336,305,149
216,297,5,251024,78,34,34,58,136,616,1813,2059,1370,966,1119,1119,1203,1611,1648,1775,1913,1935,1570,1090,711,484,393,307
216,298,6,251025,191,120,69,50,80,176,468,848,1034,1232,1407,1236,973,1665,1537,1138,986,929,1193,861,557,541,466,433
216,299,7,251026,440,181,161,52,43,96,223,301,522,875,1276,1472,1279,1861,1872,1946,2139,1998,1607,1294,1051,552,86,146
216,300,1,251027,71,42,37,54,164,784,2239,2355,1624,629,436,409,799,1133,1229,731,1076,1419,1179,381,242,263,263,104
216,301,2,251028,48,47,33,73,140,814,2042,1379,874,1170,1036,1068,1026,1215,1147,1300,1447,1665,1252,712,429,338,277,140
216,302,3,251029,71,39,32,58,141,725,2154,2481,1579,1149,1144,1062,1107,1357,1285,1405,1595,1780,1311,742,511,354,318,155
216,303,4,251030,61,48,39,53,151,760,1023,2195,1578,759,701,853,546,452,1035,1383,1565,1794,1401,792,481,406,352,128
216,304,5,251031,66,37,30,53,133,650,1851,2115,1355,1180,1161,1245,1305,1590,1663,1760,1954,2001,1579,983,695,519,403,307
216,305,6,251101,185,114,72,72,84,139,384,567,859,1263,1408,1433,1393,1572,1637,1729,1895,1778,1216,875,616,563,479,446
216,306,7,251102,291,148,69,68,69,66,141,237,432,829,523,615,899,1232,914,1558,986,943,767,369,262,127,267,159
216,307,1,251103,68,41,31,64,147,694,1791,1082,528,1097,979,955,940,1145,1211,474,1352,1541,1237,687,431,279,250,112
216,308,2,251104,61,41,27,57,138,762,2187,2536,1666,1004,1007,1039,978,1188,1191,1334,1487,1667,1252,693,404,314,255,117
216,309,3,251105,54,34,27,55,142,740,2130,2493,1492,1104,1046,1016,1066,1237,1242,1367,1570,1674,1281,707,439,345,259,133
216,310,4,251106,55,44,40,57,139,783,1705,2194,1636,1106,1072,1035,993,1192,1285,1403,1662,1697,1279,688,417,374,326,122
216,311,5,251107,71,37,31,48,112,662,1908,2033,1389,1147,1144,1082,1159,1334,1404,1602,1836,1887,1462,867,609,434,388,296
216,312,6,251108,201,102,64,72,87,159,491,847,1065,1274,1380,1383,1351,1475,1584,1822,1901,1787,1281,754,579,451,454,419
216,313,7,251109,285,216,110,119,73,72,160,178,478,787,1140,1327,1468,1709,1921,2112,2055,2045,1466,1233,897,577,355,174
216,314,1,251110,83,48,48,53,162,828,2288,2463,1378,1022,1012,978,1054,1188,1194,1306,1407,1629,1142,626,443,352,236,123
216,315,2,251111,59,37,31,57,136,779,2159,2525,1479,1159,1056,945,1000,1186,1217,1341,1532,1615,1268,670,369,305,271,140
216,316,3,251112,60,40,41,58,138,691,2127,2397,1582,1157,1072,1046,1106,1259,1285,1317,1569,1746,1250,668,395,347,235,145
216,317,4,251113,81,40,35,50,143,709,2212,2549,1538,1264,1105,1036,1110,1229,1285,1431,1669,1810,1416,687,468,360,305,121
216,318,5,251114,98,33,51,53,137,632,1904,2129,1434,1145,1154,1106,1250,1460,1545,1729,1975,1889,1504,911,613,419,363,279
216,319,6,251115,172,86,64,60,57,172,475,827,1122,1329,1435,1451,1471,1544,1620,1688,1838,1821,1242,743,562,519,435,410
216,320,7,251116,232,136,78,54,43,63,151,208,434,806,1087,1318,1459,1596,1731,1914,2005,1865,1375,1164,1022,614,324,167
216,321,1,251117,71,50,30,54,154,840,1577,448,582,686,495,329,938,1150,838,1213,1222,1077,773,455,459,240,242,95
216,322,2,251118,50,38,33,43,135,723,2164,2585,1595,1116,972,1014,1007,1117,1169,1001,1002,1065,1142,535,394,313,246,120
216,323,3,251119,54,42,30,32,139,657,1930,1534,809,968,1115,1122,1090,1113,1281,1247,1219,1170,1276,660,425,324,256,132
216,324,4,251120,55,30,34,60,127,725,2011,1883,886,1093,945,890,909,1162,1178,1087,1019,1094,1156,639,408,320,246,60
216,325,5,251121,34,42,34,50,120,586,1620,1978,1275,993,1024,1103,638,810,834,1193,1017,1157,1320,695,317,391,349,263
216,326,6,251122,149,93,57,43,80,169,356,710,912,1164,1309,971,1424,1497,1268,311,1627,1509,932,722,506,377,437,328
216,327,7,251123,276,158,88,56,57,53,132,156,383,708,959,1215,1365,1587,1728,1819,1893,1290,1468,1036,678,200,111,125
216,328,1,251124,61,38,21,54,142,783,2176,1755,1381,746,554,447,957,1200,1175,1173,1333,1580,1073,697,415,311,255,104
216,329,2,251125,56,30,44,46,129,749,2151,1110,996,895,1024,979,987,866,876,1273,1280,1216,1233,668,390,283,288,182
216,330,3,251126,56,43,39,48,118,709,1980,2349,1470,1083,1009,892,1056,1164,1234,1209,1466,1607,1005,653,431,269,179,133
216,331,4,251127,63,40,34,48,125,719,1771,1033,886,941,940,1084,1043,1335,1282,915,777,735,1250,725,475,369,284,140
216,332,5,251128,78,59,42,39,126,624,1786,2022,1122,1250,1168,1177,1247,1247,1581,1087,1018,1393,1366,918,649,497,375,65
216,333,6,251129,268,138,78,67,85,185,455,741,825,518,959,1168,1457,1415,1625,1659,995,1608,872,814,632,538,472,346
216,334,7,251130,229,135,93,77,54,76,156,226,412,776,1243,1543,1776,2026,2183,2391,1744,1441,1531,1198,663,345,362,153
216,335,1,251201,79,39,41,50,141,812,2191,1166,1490,1209,1108,1066,1058,1156,768,786,818,943,493,317,452,356,263,106
216,336,2,251202,49,37,36,39,150,755,1463,1127,1603,1203,1017,1027,971,686,641,1219,915,923,1126,668,417,317,210,138
216,337,3,251203,69,42,31,37,131,493,1832,1162,829,699,321,98,980,1326,1256,1418,1586,1053,951,419,153,344,291,165
216,338,4,251204,81,35,28,44,134,747,2065,1623,1490,1225,813,947,166,681,478,798,338,257,1036,710,465,370,278,169
216,339,5,251205,85,45,49,60,112,610,1779,1409,1354,1062,1158,776,1136,1036,861,906,983,1213,929,628,234,440,423,365
216,340,6,251206,297,132,88,67,86,166,411,696,853,865,1129,1449,1624,1872,1801,1906,1848,1683,1254,853,587,538,493,419
216,341,7,251207,249,141,100,54,64,83,127,203,416,689,1219,1647,1607,2016,1788,1912,1388,1825,1397,531,302,476,313,186
216,342,1,251208,76,65,50,47,127,566,1367,1391,1178,1097,1105,1220,1209,1504,1565,1749,2045,2104,1542,992,646,489,287,134
216,343,2,251209,75,54,37,55,157,797,2194,2629,1300,643,894,1044,1108,1242,1194,1382,1456,1209,1070,529,387,269,255,143
216,344,3,251210,68,49,35,41,133,688,2035,1214,838,983,1117,1062,1195,1296,1360,1467,1703,1744,1327,711,442,337,272,158
216,345,4,251211,99,55,32,51,131,704,1734,1048,786,790,1151,1104,1006,535,546,1434,1258,976,799,711,489,366,318,190
216,346,5,251212,82,57,44,45,138,623,1462,1218,689,968,1061,1053,1251,1496,1654,1285,984,1543,1306,833,712,393,333,282
216,347,6,251213,86,132,80,67,66,159,440,631,864,1067,1331,1423,1461,1565,1650,1637,1680,1666,1307,895,619,528,446,375
216,348,7,251214,217,152,85,75,52,67,119,178,447,725,797,814,262,375,2224,2498,2605,2540,2200,1697,1313,713,397,174
216,349,1,251215,69,48,33,59,152,775,2121,2431,1476,1221,1250,1160,872,227,345,781,936,1118,318,209,178,150,123,83
216,350,2,251216,50,39,33,53,119,664,1863,1081,871,822,848,1164,1063,1321,1275,1248,1402,1532,1171,716,481,348,255,168
216,351,3,251217,72,46,32,52,123,696,2024,1450,1105,1116,1028,1258,1216,1422,1361,1406,1106,999,788,750,449,367,273,178
216,352,4,251218,95,51,33,42,126,690,1774,1410,1317,1133,1140,1230,1112,805,832,233,1068,1040,524,678,508,374,330,166
216,353,5,251219,91,43,50,52,117,554,1573,931,1087,754,992,1117,1277,1211,1078,1406,1765,1928,1474,902,635,443,426,408
216,354,6,251220,219,125,91,71,85,164,325,561,878,1102,826,1357,1438,1632,1353,1050,441,1343,985,590,564,464,413,415
216,355,7,251221,129,135,89,66,51,81,136,203,320,723,996,1313,1340,850,786,944,608,1372,1284,761,334,225,99,58
216,356,1,251222,79,40,44,43,88,371,1075,1451,1233,769,985,913,678,1213,1088,638,760,997,1190,794,496,340,260,129
216,357,2,251223,59,47,61,48,86,372,826,1230,1052,452,363,776,977,908,1572,1238,1778,1773,909,609,598,353,278,182
216,358,3,251224,120,76,56,53,93,232,480,642,656,603,1224,1092,1273,1502,682,898,1082,732,488,243,142,65,131,273
216,359,7,251225,54,30,57,29,30,57,132,115,273,622,817,1251,948,598,783,273,199,1278,532,572,597,620,584,131
216,360,7,251226,189,73,46,34,36,73,167,197,330,727,1143,1058,1484,1613,1681,1827,1812,1059,879,423,218,631,361,294
216,361,6,251227,272,107,76,50,70,158,284,450,706,1057,1168,1836,1768,1796,1423,1008,1075,1845,1328,952,777,625,453,327
216,362,7,251228,269,130,84,61,61,77,152,187,350,601,816,808,1348,1690,1920,2196,2412,1623,1506,1323,1013,681,397,233
216,363,1,251229,209,81,48,43,93,222,494,217,800,867,942,1138,1301,995,1660,1864,2081,2029,718,957,710,509,339,236
216,364,2,251230,201,83,57,40,99,220,535,718,672,665,1222,1118,1654,1146,1566,2045,1750,1990,1648,1088,762,501,383,230
216,365,3,251231,238,87,57,45,75,189,382,525,516,824,961,1320,1200,1566,1611,1624,1648,1453,1039,557,371,317,306,210
