datetime,actual_volume,predicted_volume
2025-01-24 23:00:00,233.0,199.87503
2025-01-25 00:00:00,134.0,170.56042
2025-01-25 01:00:00,81.0,156.31204
2025-01-25 02:00:00,47.0,147.80518
2025-01-25 03:00:00,37.0,149.81326
2025-01-25 04:00:00,48.0,167.6977
2025-01-25 05:00:00,122.0,213.79202
2025-01-25 06:00:00,307.0,365.4752
2025-01-25 07:00:00,692.0,585.9125
2025-01-25 08:00:00,722.0,708.56165
2025-01-25 09:00:00,724.0,784.83875
2025-01-25 10:00:00,793.0,823.46313
2025-01-25 11:00:00,833.0,825.7163
2025-01-25 12:00:00,744.0,809.9962
2025-01-25 13:00:00,721.0,715.7012
2025-01-25 14:00:00,712.0,724.7112
2025-01-25 15:00:00,691.0,663.5309
2025-01-25 16:00:00,695.0,651.0741
2025-01-25 17:00:00,712.0,618.2178
2025-01-25 18:00:00,637.0,544.9847
2025-01-25 19:00:00,366.0,445.69577
2025-01-25 20:00:00,278.0,294.9812
2025-01-25 21:00:00,200.0,250.44604
2025-01-25 22:00:00,199.0,224.33987
2025-01-25 23:00:00,174.0,195.76462
2025-01-26 00:00:00,168.0,143.8718
2025-01-26 01:00:00,87.0,121.42825
2025-01-26 02:00:00,71.0,118.54526
2025-01-26 03:00:00,45.0,124.1055
2025-01-26 04:00:00,49.0,138.81705
2025-01-26 05:00:00,60.0,171.77814
2025-01-26 06:00:00,103.0,237.80705
2025-01-26 07:00:00,228.0,366.94296
2025-01-26 08:00:00,377.0,512.444
2025-01-26 09:00:00,452.0,718.588
2025-01-26 10:00:00,564.0,758.1431
2025-01-26 11:00:00,646.0,742.0558
2025-01-26 12:00:00,641.0,714.87
2025-01-26 13:00:00,714.0,685.49756
2025-01-26 14:00:00,681.0,657.4807
2025-01-26 15:00:00,665.0,623.68823
2025-01-26 16:00:00,726.0,607.034
2025-01-26 17:00:00,685.0,582.2919
2025-01-26 18:00:00,398.0,510.76465
2025-01-26 19:00:00,355.0,390.39243
2025-01-26 20:00:00,293.0,262.5126
2025-01-26 21:00:00,219.0,214.13419
2025-01-26 22:00:00,131.0,183.52988
2025-01-26 23:00:00,71.0,160.66391
2025-01-27 00:00:00,43.0,76.66858
2025-01-27 01:00:00,23.0,60.27835
2025-01-27 02:00:00,14.0,55.81714
2025-01-27 03:00:00,21.0,58.734314
2025-01-27 04:00:00,55.0,80.21649
2025-01-27 05:00:00,172.0,250.47066
2025-01-27 06:00:00,535.0,677.46747
2025-01-27 07:00:00,726.0,736.0101
2025-01-27 08:00:00,599.0,688.68256
2025-01-27 09:00:00,550.0,669.1057
2025-01-27 10:00:00,527.0,655.7332
2025-01-27 11:00:00,611.0,639.76904
2025-01-27 12:00:00,581.0,619.3113
2025-01-27 13:00:00,593.0,621.6754
2025-01-27 14:00:00,549.0,613.74506
2025-01-27 15:00:00,680.0,665.0155
2025-01-27 16:00:00,994.0,876.1472
2025-01-27 17:00:00,1165.0,993.95496
2025-01-27 18:00:00,728.0,871.6101
2025-01-27 19:00:00,363.0,525.34393
2025-01-27 20:00:00,249.0,339.29028
2025-01-27 21:00:00,188.0,190.45761
2025-01-27 22:00:00,142.0,135.44208
2025-01-27 23:00:00,78.0,98.69647
2025-01-28 00:00:00,52.0,76.997986
2025-01-28 01:00:00,29.0,60.1369
2025-01-28 02:00:00,15.0,51.74362
2025-01-28 03:00:00,18.0,55.03827
2025-01-28 04:00:00,37.0,96.76541
2025-01-28 05:00:00,132.0,202.7532
2025-01-28 06:00:00,502.0,641.7514
2025-01-28 07:00:00,733.0,678.30743
2025-01-28 08:00:00,583.0,657.2016
2025-01-28 09:00:00,480.0,637.9834
2025-01-28 10:00:00,521.0,647.2199
2025-01-28 11:00:00,592.0,633.2042
2025-01-28 12:00:00,533.0,623.19275
2025-01-28 13:00:00,621.0,619.83826
2025-01-28 14:00:00,584.0,626.6137
2025-01-28 15:00:00,678.0,671.99286
2025-01-28 16:00:00,1049.0,847.15
2025-01-28 17:00:00,1255.0,1006.45264
2025-01-28 18:00:00,830.0,902.65814
2025-01-28 19:00:00,401.0,552.9496
2025-01-28 20:00:00,278.0,291.7486
2025-01-28 21:00:00,208.0,211.50214
2025-01-28 22:00:00,157.0,141.21237
2025-01-28 23:00:00,88.0,99.477234
2025-01-29 00:00:00,46.0,83.20944
2025-01-29 01:00:00,34.0,65.49066
2025-01-29 02:00:00,19.0,58.577026
2025-01-29 03:00:00,27.0,62.59024
2025-01-29 04:00:00,49.0,82.80911
2025-01-29 05:00:00,146.0,323.51495
2025-01-29 06:00:00,502.0,683.3185
2025-01-29 07:00:00,744.0,718.5144
2025-01-29 08:00:00,644.0,684.50354
2025-01-29 09:00:00,635.0,681.99066
2025-01-29 10:00:00,536.0,685.16943
2025-01-29 11:00:00,624.0,671.79395
2025-01-29 12:00:00,599.0,657.5353
2025-01-29 13:00:00,706.0,649.5608
2025-01-29 14:00:00,616.0,656.87476
2025-01-29 15:00:00,655.0,740.14545
2025-01-29 16:00:00,979.0,885.0244
2025-01-29 17:00:00,1225.0,1033.2365
2025-01-29 18:00:00,826.0,962.55725
2025-01-29 19:00:00,512.0,641.42395
2025-01-29 20:00:00,281.0,371.95068
2025-01-29 21:00:00,247.0,261.05548
2025-01-29 22:00:00,207.0,178.3312
2025-01-29 23:00:00,106.0,112.882935
2025-01-30 00:00:00,46.0,102.5697
2025-01-30 01:00:00,32.0,76.29086
2025-01-30 02:00:00,20.0,68.51538
2025-01-30 03:00:00,21.0,74.114075
2025-01-30 04:00:00,46.0,94.254425
2025-01-30 05:00:00,144.0,278.94986
2025-01-30 06:00:00,499.0,697.35376
2025-01-30 07:00:00,755.0,730.9498
2025-01-30 08:00:00,673.0,703.03827
2025-01-30 09:00:00,548.0,729.438
2025-01-30 10:00:00,545.0,702.9707
2025-01-30 11:00:00,677.0,684.754
2025-01-30 12:00:00,543.0,681.58966
2025-01-30 13:00:00,670.0,678.6593
2025-01-30 14:00:00,625.0,692.4655
2025-01-30 15:00:00,757.0,757.4907
2025-01-30 16:00:00,1002.0,907.208
2025-01-30 17:00:00,1194.0,1059.3757
2025-01-30 18:00:00,895.0,1012.11487
2025-01-30 19:00:00,607.0,721.2442
2025-01-30 20:00:00,345.0,416.59695
2025-01-30 21:00:00,258.0,317.99298
2025-01-30 22:00:00,200.0,233.40024
2025-01-30 23:00:00,128.0,157.61633
2025-01-31 00:00:00,59.0,130.88531
2025-01-31 01:00:00,37.0,89.49356
2025-01-31 02:00:00,24.0,71.93948
2025-01-31 03:00:00,31.0,73.5264
2025-01-31 04:00:00,57.0,95.61063
2025-01-31 05:00:00,157.0,269.56665
2025-01-31 06:00:00,464.0,671.6366
2025-01-31 07:00:00,661.0,716.54767
2025-01-31 08:00:00,621.0,715.9824
2025-01-31 09:00:00,632.0,714.6979
2025-01-31 10:00:00,656.0,707.8415
2025-01-31 11:00:00,709.0,702.1913
2025-01-31 12:00:00,676.0,717.0794
2025-01-31 13:00:00,775.0,719.88385
2025-01-31 14:00:00,799.0,741.1509
2025-01-31 15:00:00,970.0,801.2709
2025-01-31 16:00:00,1280.0,928.6155
2025-01-31 17:00:00,1337.0,1056.3494
2025-01-31 18:00:00,1024.0,1038.9568
2025-01-31 19:00:00,781.0,754.3324
2025-01-31 20:00:00,445.0,444.50046
2025-01-31 21:00:00,321.0,353.0611
2025-01-31 22:00:00,309.0,282.11948
2025-01-31 23:00:00,261.0,197.53229
2025-02-01 00:00:00,136.0,169.3078
2025-02-01 01:00:00,92.0,156.55804
2025-02-01 02:00:00,65.0,151.86954
2025-02-01 03:00:00,41.0,157.4101
2025-02-01 04:00:00,60.0,172.14465
2025-02-01 05:00:00,148.0,227.30957
2025-02-01 06:00:00,275.0,372.49893
2025-02-01 07:00:00,569.0,587.7909
2025-02-01 08:00:00,675.0,689.5668
2025-02-01 09:00:00,743.0,728.2548
2025-02-01 10:00:00,793.0,731.14465
2025-02-01 11:00:00,797.0,715.9165
2025-02-01 12:00:00,749.0,700.1977
2025-02-01 13:00:00,709.0,682.8455
2025-02-01 14:00:00,734.0,668.0965
2025-02-01 15:00:00,728.0,655.04456
2025-02-01 16:00:00,717.0,642.3271
2025-02-01 17:00:00,723.0,629.29285
2025-02-01 18:00:00,558.0,575.8891
2025-02-01 19:00:00,402.0,464.80127
2025-02-01 20:00:00,258.0,305.34927
2025-02-01 21:00:00,216.0,244.20949
2025-02-01 22:00:00,239.0,217.12053
2025-02-01 23:00:00,189.0,190.75726
2025-02-02 00:00:00,131.0,141.1846
2025-02-02 01:00:00,76.0,129.99146
2025-02-02 02:00:00,60.0,126.737946
2025-02-02 03:00:00,44.0,130.75253
2025-02-02 04:00:00,42.0,141.65317
2025-02-02 05:00:00,65.0,181.1254
2025-02-02 06:00:00,214.0,259.25787
2025-02-02 07:00:00,631.0,395.75644
2025-02-02 08:00:00,653.0,533.9976
2025-02-02 09:00:00,721.0,624.23914
2025-02-02 10:00:00,791.0,655.3512
2025-02-02 11:00:00,768.0,657.5997
2025-02-02 12:00:00,626.0,647.40186
2025-02-02 13:00:00,610.0,636.2506
2025-02-02 14:00:00,619.0,626.2256
2025-02-02 15:00:00,559.0,617.1801
2025-02-02 16:00:00,589.0,608.82
2025-02-02 17:00:00,593.0,588.3601
2025-02-02 18:00:00,475.0,523.1466
2025-02-02 19:00:00,325.0,390.84567
2025-02-02 20:00:00,289.0,259.11334
2025-02-02 21:00:00,224.0,209.68753
2025-02-02 22:00:00,132.0,180.9415
2025-02-02 23:00:00,78.0,157.71616
2025-02-03 00:00:00,43.0,75.67932
2025-02-03 01:00:00,18.0,60.69217
2025-02-03 02:00:00,18.0,55.502563
2025-02-03 03:00:00,22.0,62.519073
2025-02-03 04:00:00,49.0,91.10541
2025-02-03 05:00:00,172.0,280.43512
2025-02-03 06:00:00,541.0,657.0578
2025-02-03 07:00:00,778.0,721.01776
2025-02-03 08:00:00,722.0,676.16675
2025-02-03 09:00:00,616.0,660.6511
2025-02-03 10:00:00,587.0,649.72095
2025-02-03 11:00:00,624.0,641.7779
2025-02-03 12:00:00,586.0,645.306
2025-02-03 13:00:00,589.0,636.90515
2025-02-03 14:00:00,567.0,652.71313
2025-02-03 15:00:00,658.0,728.83356
2025-02-03 16:00:00,953.0,801.7989
2025-02-03 17:00:00,1145.0,966.2974
2025-02-03 18:00:00,753.0,895.501
2025-02-03 19:00:00,410.0,533.21875
2025-02-03 20:00:00,237.0,268.2747
2025-02-03 21:00:00,179.0,191.1037
2025-02-03 22:00:00,132.0,132.57794
2025-02-03 23:00:00,78.0,99.002625
2025-02-04 00:00:00,31.0,73.9628
2025-02-04 01:00:00,32.0,57.060028
2025-02-04 02:00:00,16.0,52.12921
2025-02-04 03:00:00,19.0,57.10208
2025-02-04 04:00:00,44.0,78.635956
2025-02-04 05:00:00,151.0,245.9766
2025-02-04 06:00:00,531.0,649.99084
2025-02-04 07:00:00,814.0,709.80035
2025-02-04 08:00:00,713.0,672.2133
2025-02-04 09:00:00,615.0,656.7628
2025-02-04 10:00:00,652.0,644.71344
2025-02-04 11:00:00,545.0,650.7825
2025-02-04 12:00:00,561.0,634.37354
2025-02-04 13:00:00,594.0,624.73596
2025-02-04 14:00:00,542.0,638.9883
2025-02-04 15:00:00,598.0,720.6499
2025-02-04 16:00:00,999.0,872.8168
2025-02-04 17:00:00,1195.0,990.81726
2025-02-04 18:00:00,836.0,928.4431
2025-02-04 19:00:00,433.0,588.2155
2025-02-04 20:00:00,250.0,291.01172
2025-02-04 21:00:00,189.0,199.80563
2025-02-04 22:00:00,148.0,135.3435
2025-02-04 23:00:00,92.0,97.04443
2025-02-05 00:00:00,41.0,83.3613
2025-02-05 01:00:00,29.0,66.78052
2025-02-05 02:00:00,17.0,61.427612
2025-02-05 03:00:00,24.0,67.92081
2025-02-05 04:00:00,40.0,89.36624
2025-02-05 05:00:00,143.0,268.30148
2025-02-05 06:00:00,546.0,674.2404
2025-02-05 07:00:00,816.0,713.07263
2025-02-05 08:00:00,730.0,683.33105
2025-02-05 09:00:00,635.0,670.0272
2025-02-05 10:00:00,657.0,661.59717
2025-02-05 11:00:00,659.0,654.7244
2025-02-05 12:00:00,614.0,648.2663
2025-02-05 13:00:00,680.0,644.1716
2025-02-05 14:00:00,593.0,655.2023
2025-02-05 15:00:00,668.0,721.8053
2025-02-05 16:00:00,929.0,845.71216
2025-02-05 17:00:00,1162.0,982.6303
2025-02-05 18:00:00,848.0,977.3701
2025-02-05 19:00:00,457.0,684.04236
2025-02-05 20:00:00,275.0,379.5721
2025-02-05 21:00:00,251.0,250.60345
2025-02-05 22:00:00,163.0,169.54773
2025-02-05 23:00:00,98.0,110.96176
2025-02-06 00:00:00,49.0,103.06998
2025-02-06 01:00:00,32.0,80.91849
2025-02-06 02:00:00,15.0,74.077515
2025-02-06 03:00:00,23.0,79.839294
2025-02-06 04:00:00,42.0,100.25415
2025-02-06 05:00:00,167.0,315.3949
2025-02-06 06:00:00,551.0,690.535
2025-02-06 07:00:00,816.0,724.20044
2025-02-06 08:00:00,695.0,700.1882
2025-02-06 09:00:00,602.0,692.0492
2025-02-06 10:00:00,667.0,688.10864
2025-02-06 11:00:00,649.0,684.14014
2025-02-06 12:00:00,568.0,679.7038
2025-02-06 13:00:00,648.0,679.9248
2025-02-06 14:00:00,606.0,696.1133
2025-02-06 15:00:00,736.0,758.09125
2025-02-06 16:00:00,988.0,875.13696
2025-02-06 17:00:00,1242.0,1029.4772
2025-02-06 18:00:00,843.0,1021.89685
2025-02-06 19:00:00,567.0,758.17737
2025-02-06 20:00:00,308.0,436.06592
2025-02-06 21:00:00,253.0,315.70172
2025-02-06 22:00:00,167.0,227.20613
2025-02-06 23:00:00,115.0,149.59198
2025-02-07 00:00:00,60.0,124.30356
2025-02-07 01:00:00,42.0,90.58151
2025-02-07 02:00:00,27.0,79.14285
2025-02-07 03:00:00,26.0,82.13852
2025-02-07 04:00:00,53.0,109.91986
2025-02-07 05:00:00,144.0,327.45435
2025-02-07 06:00:00,474.0,690.07043
2025-02-07 07:00:00,680.0,737.35925
2025-02-07 08:00:00,637.0,725.6992
2025-02-07 09:00:00,621.0,766.72394
2025-02-07 10:00:00,675.0,755.4621
2025-02-07 11:00:00,675.0,745.6695
2025-02-07 12:00:00,660.0,724.3426
2025-02-07 13:00:00,813.0,754.6804
2025-02-07 14:00:00,756.0,776.4171
2025-02-07 15:00:00,903.0,814.52277
2025-02-07 16:00:00,1235.0,934.1011
2025-02-07 17:00:00,1234.0,1055.993
2025-02-07 18:00:00,1036.0,1046.0197
2025-02-07 19:00:00,619.0,786.8717
2025-02-07 20:00:00,454.0,456.6419
2025-02-07 21:00:00,301.0,350.9012
2025-02-07 22:00:00,246.0,274.85156
2025-02-07 23:00:00,198.0,191.95837
2025-02-08 00:00:00,122.0,170.08081
2025-02-08 01:00:00,67.0,159.57715
2025-02-08 02:00:00,36.0,155.77509
2025-02-08 03:00:00,51.0,162.5025
2025-02-08 04:00:00,62.0,176.28491
2025-02-08 05:00:00,114.0,247.02979
2025-02-08 06:00:00,336.0,385.82825
2025-02-08 07:00:00,537.0,594.3177
2025-02-08 08:00:00,649.0,697.64923
2025-02-08 09:00:00,731.0,795.0343
2025-02-08 10:00:00,866.0,799.83594
2025-02-08 11:00:00,804.0,718.48596
2025-02-08 12:00:00,708.0,701.08887
2025-02-08 13:00:00,741.0,696.52545
2025-02-08 14:00:00,802.0,718.02814
2025-02-08 15:00:00,722.0,699.40063
2025-02-08 16:00:00,676.0,654.7544
2025-02-08 17:00:00,673.0,627.8213
2025-02-08 18:00:00,526.0,571.335
2025-02-08 19:00:00,388.0,461.05893
2025-02-08 20:00:00,266.0,302.6856
2025-02-08 21:00:00,199.0,244.50618
2025-02-08 22:00:00,192.0,217.60268
2025-02-08 23:00:00,170.0,190.13715
2025-02-09 00:00:00,147.0,140.84558
2025-02-09 01:00:00,84.0,129.62775
2025-02-09 02:00:00,55.0,125.514984
2025-02-09 03:00:00,46.0,130.272
2025-02-09 04:00:00,44.0,140.25772
2025-02-09 05:00:00,53.0,178.96115
2025-02-09 06:00:00,131.0,252.12062
2025-02-09 07:00:00,238.0,385.11517
2025-02-09 08:00:00,319.0,522.9189
2025-02-09 09:00:00,533.0,616.55743
2025-02-09 10:00:00,563.0,655.60944
2025-02-09 11:00:00,621.0,661.1749
2025-02-09 12:00:00,593.0,649.87964
2025-02-09 13:00:00,687.0,645.2511
2025-02-09 14:00:00,674.0,625.4426
2025-02-09 15:00:00,596.0,620.2588
2025-02-09 16:00:00,641.0,633.008
2025-02-09 17:00:00,627.0,586.45984
2025-02-09 18:00:00,459.0,519.55115
2025-02-09 19:00:00,359.0,390.37537
2025-02-09 20:00:00,265.0,259.5926
2025-02-09 21:00:00,200.0,209.63025
2025-02-09 22:00:00,140.0,180.982
2025-02-09 23:00:00,73.0,157.68063
2025-02-10 00:00:00,38.0,75.83731
2025-02-10 01:00:00,23.0,60.92978
2025-02-10 02:00:00,17.0,55.83719
2025-02-10 03:00:00,22.0,63.240448
2025-02-10 04:00:00,49.0,91.57892
2025-02-10 05:00:00,157.0,283.9786
2025-02-10 06:00:00,547.0,654.71924
2025-02-10 07:00:00,740.0,718.90674
2025-02-10 08:00:00,600.0,675.75977
2025-02-10 09:00:00,557.0,660.5425
2025-02-10 10:00:00,614.0,652.4919
2025-02-10 11:00:00,640.0,639.6108
2025-02-10 12:00:00,602.0,629.435
2025-02-10 13:00:00,649.0,635.26447
2025-02-10 14:00:00,574.0,626.35913
2025-02-10 15:00:00,613.0,664.3606
2025-02-10 16:00:00,966.0,807.6139
2025-02-10 17:00:00,1111.0,982.43384
2025-02-10 18:00:00,748.0,887.63245
2025-02-10 19:00:00,403.0,522.07214
2025-02-10 20:00:00,228.0,268.81396
2025-02-10 21:00:00,154.0,193.45267
2025-02-10 22:00:00,114.0,132.17123
2025-02-10 23:00:00,97.0,99.17816
2025-02-11 00:00:00,38.0,74.042206
2025-02-11 01:00:00,28.0,60.432922
2025-02-11 02:00:00,11.0,51.010956
2025-02-11 03:00:00,22.0,55.473328
2025-02-11 04:00:00,45.0,75.74606
2025-02-11 05:00:00,162.0,263.32336
2025-02-11 06:00:00,499.0,685.7765
2025-02-11 07:00:00,756.0,715.7562
2025-02-11 08:00:00,711.0,673.83453
2025-02-11 09:00:00,598.0,634.99
2025-02-11 10:00:00,586.0,645.188
2025-02-11 11:00:00,696.0,633.55597
2025-02-11 12:00:00,584.0,623.80896
2025-02-11 13:00:00,706.0,619.46826
2025-02-11 14:00:00,733.0,621.69867
2025-02-11 15:00:00,739.0,653.8723
2025-02-11 16:00:00,960.0,830.6938
2025-02-11 17:00:00,1180.0,1026.4728
2025-02-11 18:00:00,773.0,936.2833
2025-02-11 19:00:00,458.0,550.95374
2025-02-11 20:00:00,290.0,271.61945
2025-02-11 21:00:00,190.0,189.98016
2025-02-11 22:00:00,156.0,132.94641
2025-02-11 23:00:00,70.0,98.94684
2025-02-12 00:00:00,32.0,82.870605
2025-02-12 01:00:00,30.0,64.70984
2025-02-12 02:00:00,13.0,57.424866
2025-02-12 03:00:00,24.0,62.03073
2025-02-12 04:00:00,39.0,85.065155
2025-02-12 05:00:00,161.0,345.60257
2025-02-12 06:00:00,482.0,679.7972
2025-02-12 07:00:00,750.0,716.3882
2025-02-12 08:00:00,629.0,683.9583
2025-02-12 09:00:00,551.0,681.1873
2025-02-12 10:00:00,590.0,667.45557
2025-02-12 11:00:00,618.0,661.1949
2025-02-12 12:00:00,591.0,650.26556
2025-02-12 13:00:00,614.0,642.82477
2025-02-12 14:00:00,615.0,647.5151
2025-02-12 15:00:00,687.0,703.0166
2025-02-12 16:00:00,950.0,866.0043
2025-02-12 17:00:00,1181.0,1007.3401
2025-02-12 18:00:00,778.0,989.14246
2025-02-12 19:00:00,507.0,577.5968
2025-02-12 20:00:00,325.0,371.32828
2025-02-12 21:00:00,224.0,261.8388
2025-02-12 22:00:00,173.0,180.04413
2025-02-12 23:00:00,99.0,116.17215
2025-02-13 00:00:00,52.0,99.618805
2025-02-13 01:00:00,34.0,73.59686
2025-02-13 02:00:00,16.0,65.23001
2025-02-13 03:00:00,19.0,69.92053
2025-02-13 04:00:00,46.0,93.029816
2025-02-13 05:00:00,144.0,337.69904
2025-02-13 06:00:00,544.0,721.18774
2025-02-13 07:00:00,691.0,727.6791
2025-02-13 08:00:00,639.0,690.234
2025-02-13 09:00:00,560.0,686.48224
2025-02-13 10:00:00,592.0,684.1634
2025-02-13 11:00:00,615.0,682.31476
2025-02-13 12:00:00,668.0,673.9475
2025-02-13 13:00:00,631.0,685.029
2025-02-13 14:00:00,607.0,703.9651
2025-02-13 15:00:00,831.0,772.97144
2025-02-13 16:00:00,1032.0,864.0537
2025-02-13 17:00:00,1236.0,1043.5997
2025-02-13 18:00:00,931.0,1025.8363
2025-02-13 19:00:00,605.0,720.62305
2025-02-13 20:00:00,346.0,405.66666
2025-02-13 21:00:00,247.0,316.14612
2025-02-13 22:00:00,207.0,227.4603
2025-02-13 23:00:00,115.0,150.12143
2025-02-14 00:00:00,76.0,124.14572
2025-02-14 01:00:00,38.0,90.668945
2025-02-14 02:00:00,22.0,77.36478
2025-02-14 03:00:00,35.0,81.707306
2025-02-14 04:00:00,52.0,106.89792
2025-02-14 05:00:00,131.0,328.92108
2025-02-14 06:00:00,464.0,692.73724
2025-02-14 07:00:00,636.0,737.7001
2025-02-14 08:00:00,675.0,721.7146
2025-02-14 09:00:00,698.0,718.0052
2025-02-14 10:00:00,723.0,716.40924
2025-02-14 11:00:00,799.0,716.60944
2025-02-14 12:00:00,749.0,714.602
2025-02-14 13:00:00,835.0,719.09595
2025-02-14 14:00:00,815.0,735.739
2025-02-14 15:00:00,985.0,790.61646
2025-02-14 16:00:00,1277.0,889.94556
2025-02-14 17:00:00,1367.0,1017.41345
2025-02-14 18:00:00,1093.0,1032.9008
2025-02-14 19:00:00,738.0,799.98596
2025-02-14 20:00:00,443.0,467.06183
2025-02-14 21:00:00,326.0,350.97186
2025-02-14 22:00:00,271.0,273.64584
2025-02-14 23:00:00,216.0,191.82352
2025-02-15 00:00:00,126.0,171.76447
2025-02-15 01:00:00,94.0,160.76025
2025-02-15 02:00:00,55.0,157.08029
2025-02-15 03:00:00,30.0,163.25418
2025-02-15 04:00:00,59.0,178.38089
2025-02-15 05:00:00,140.0,259.80353
2025-02-15 06:00:00,371.0,401.7286
2025-02-15 07:00:00,874.0,609.08813
2025-02-15 08:00:00,954.0,769.66626
2025-02-15 09:00:00,927.0,784.58765
2025-02-15 10:00:00,941.0,787.40076
2025-02-15 11:00:00,946.0,757.7806
2025-02-15 12:00:00,800.0,736.60974
2025-02-15 13:00:00,717.0,679.1223
2025-02-15 14:00:00,747.0,700.8902
2025-02-15 15:00:00,691.0,691.16223
2025-02-15 16:00:00,709.0,668.88
2025-02-15 17:00:00,715.0,632.168
2025-02-15 18:00:00,591.0,583.51044
2025-02-15 19:00:00,365.0,472.61646
2025-02-15 20:00:00,288.0,314.3847
2025-02-15 21:00:00,276.0,244.95323
2025-02-15 22:00:00,215.0,217.31001
2025-02-15 23:00:00,207.0,194.57196
2025-02-16 00:00:00,103.0,142.43286
2025-02-16 01:00:00,69.0,132.24701
2025-02-16 02:00:00,52.0,129.14352
2025-02-16 03:00:00,41.0,133.29675
2025-02-16 04:00:00,37.0,145.97116
2025-02-16 05:00:00,70.0,194.04254
2025-02-16 06:00:00,84.0,277.87292
2025-02-16 07:00:00,249.0,425.81717
2025-02-16 08:00:00,299.0,549.6367
2025-02-16 09:00:00,425.0,632.05676
2025-02-16 10:00:00,582.0,656.3133
2025-02-16 11:00:00,659.0,656.9029
2025-02-16 12:00:00,617.0,647.2621
2025-02-16 13:00:00,679.0,638.17615
2025-02-16 14:00:00,616.0,626.5946
2025-02-16 15:00:00,608.0,617.6083
2025-02-16 16:00:00,615.0,608.9046
2025-02-16 17:00:00,599.0,589.2671
2025-02-16 18:00:00,427.0,527.9105
2025-02-16 19:00:00,331.0,395.09982
2025-02-16 20:00:00,300.0,259.1665
2025-02-16 21:00:00,226.0,209.63574
2025-02-16 22:00:00,113.0,181.11111
2025-02-16 23:00:00,80.0,157.80194
2025-02-17 00:00:00,57.0,76.0271
2025-02-17 01:00:00,20.0,61.012024
2025-02-17 02:00:00,25.0,56.013977
2025-02-17 03:00:00,22.0,63.81421
2025-02-17 04:00:00,54.0,92.7616
2025-02-17 05:00:00,170.0,288.01678
2025-02-17 06:00:00,520.0,651.5608
2025-02-17 07:00:00,788.0,717.01917
2025-02-17 08:00:00,679.0,675.4176
2025-02-17 09:00:00,559.0,660.64014
2025-02-17 10:00:00,598.0,649.7655
2025-02-17 11:00:00,585.0,638.6706
2025-02-17 12:00:00,544.0,629.92896
2025-02-17 13:00:00,597.0,624.7295
2025-02-17 14:00:00,538.0,628.05035
2025-02-17 15:00:00,622.0,671.4655
2025-02-17 16:00:00,953.0,796.667
2025-02-17 17:00:00,1133.0,955.5525
2025-02-17 18:00:00,742.0,906.1389
2025-02-17 19:00:00,442.0,546.6431
2025-02-17 20:00:00,232.0,269.1778
2025-02-17 21:00:00,177.0,190.24942
2025-02-17 22:00:00,145.0,132.69708
2025-02-17 23:00:00,86.0,99.0137
2025-02-18 00:00:00,37.0,74.200806
2025-02-18 01:00:00,18.0,57.448914
2025-02-18 02:00:00,16.0,52.696045
2025-02-18 03:00:00,19.0,57.98227
2025-02-18 04:00:00,43.0,80.180115
2025-02-18 05:00:00,150.0,246.18048
2025-02-18 06:00:00,529.0,649.79224
2025-02-18 07:00:00,785.0,709.18176
2025-02-18 08:00:00,661.0,672.1305
2025-02-18 09:00:00,555.0,656.5321
2025-02-18 10:00:00,553.0,644.41266
2025-02-18 11:00:00,562.0,633.90454
2025-02-18 12:00:00,583.0,624.13226
2025-02-18 13:00:00,597.0,620.0674
2025-02-18 14:00:00,531.0,627.8422
2025-02-18 15:00:00,658.0,674.1763
2025-02-18 16:00:00,980.0,817.0405
2025-02-18 17:00:00,1171.0,982.0668
2025-02-18 18:00:00,780.0,933.92163
2025-02-18 19:00:00,439.0,593.1854
2025-02-18 20:00:00,272.0,291.50677
2025-02-18 21:00:00,204.0,200.9751
2025-02-18 22:00:00,158.0,134.43216
2025-02-18 23:00:00,100.0,96.978
2025-02-19 00:00:00,41.0,82.989075
2025-02-19 01:00:00,21.0,66.19983
2025-02-19 02:00:00,16.0,61.095886
2025-02-19 03:00:00,17.0,67.486206
2025-02-19 04:00:00,55.0,89.08627
2025-02-19 05:00:00,150.0,275.97534
2025-02-19 06:00:00,482.0,677.7731
2025-02-19 07:00:00,764.0,712.5616
2025-02-19 08:00:00,624.0,683.4184
2025-02-19 09:00:00,540.0,670.2263
2025-02-19 10:00:00,514.0,661.693
2025-02-19 11:00:00,619.0,654.77435
2025-02-19 12:00:00,589.0,655.26056
2025-02-19 13:00:00,643.0,643.78674
2025-02-19 14:00:00,591.0,654.13904
2025-02-19 15:00:00,704.0,742.3063
2025-02-19 16:00:00,1003.0,857.80664
2025-02-19 17:00:00,1195.0,1015.3131
2025-02-19 18:00:00,866.0,988.51416
2025-02-19 19:00:00,540.0,674.5182
2025-02-19 20:00:00,329.0,378.67328
2025-02-19 21:00:00,231.0,253.81586
2025-02-19 22:00:00,168.0,173.64621
2025-02-19 23:00:00,84.0,111.0325
2025-02-20 00:00:00,47.0,101.311005
2025-02-20 01:00:00,20.0,78.71088
2025-02-20 02:00:00,23.0,72.157104
2025-02-20 03:00:00,23.0,77.609344
2025-02-20 04:00:00,49.0,98.78656
2025-02-20 05:00:00,159.0,322.69012
2025-02-20 06:00:00,526.0,699.72864
2025-02-20 07:00:00,866.0,725.787
2025-02-20 08:00:00,703.0,700.4526
2025-02-20 09:00:00,636.0,693.0698
2025-02-20 10:00:00,583.0,688.72156
2025-02-20 11:00:00,698.0,684.8514
2025-02-20 12:00:00,619.0,681.207
2025-02-20 13:00:00,664.0,680.0123
2025-02-20 14:00:00,612.0,688.9643
2025-02-20 15:00:00,725.0,757.08496
2025-02-20 16:00:00,1062.0,914.0599
2025-02-20 17:00:00,1297.0,1077.8136
2025-02-20 18:00:00,970.0,1035.1504
2025-02-20 19:00:00,580.0,749.18854
2025-02-20 20:00:00,340.0,424.0992
2025-02-20 21:00:00,231.0,319.0317
2025-02-20 22:00:00,199.0,229.4641
2025-02-20 23:00:00,121.0,154.19952
2025-02-21 00:00:00,43.0,123.83429
2025-02-21 01:00:00,27.0,88.59009
2025-02-21 02:00:00,19.0,76.49625
2025-02-21 03:00:00,25.0,78.45697
2025-02-21 04:00:00,58.0,105.569855
2025-02-21 05:00:00,150.0,325.41846
2025-02-21 06:00:00,444.0,689.4433
2025-02-21 07:00:00,803.0,742.6144
2025-02-21 08:00:00,748.0,731.7176
2025-02-21 09:00:00,715.0,764.4932
2025-02-21 10:00:00,688.0,764.2643
2025-02-21 11:00:00,752.0,760.0497
2025-02-21 12:00:00,747.0,755.3512
2025-02-21 13:00:00,848.0,757.8419
2025-02-21 14:00:00,863.0,783.07294
2025-02-21 15:00:00,923.0,872.4356
2025-02-21 16:00:00,1195.0,1013.78
2025-02-21 17:00:00,1261.0,1101.4363
2025-02-21 18:00:00,1042.0,1060.1863
2025-02-21 19:00:00,746.0,775.2919
2025-02-21 20:00:00,390.0,440.7494
2025-02-21 21:00:00,275.0,355.41415
2025-02-21 22:00:00,259.0,283.00836
2025-02-21 23:00:00,203.0,196.21106
2025-02-22 00:00:00,116.0,168.4183
2025-02-22 01:00:00,81.0,154.87741
2025-02-22 02:00:00,50.0,148.82764
2025-02-22 03:00:00,48.0,154.21274
2025-02-22 04:00:00,61.0,170.432
2025-02-22 05:00:00,161.0,223.88704
2025-02-22 06:00:00,363.0,372.69418
2025-02-22 07:00:00,617.0,586.80414
2025-02-22 08:00:00,779.0,694.9193
2025-02-22 09:00:00,846.0,742.8717
2025-02-22 10:00:00,852.0,751.679
2025-02-22 11:00:00,882.0,819.4314
2025-02-22 12:00:00,732.0,799.0155
2025-02-22 13:00:00,788.0,734.23926
2025-02-22 14:00:00,744.0,723.3866
2025-02-22 15:00:00,659.0,665.55676
2025-02-22 16:00:00,730.0,642.5778
2025-02-22 17:00:00,698.0,615.05
2025-02-22 18:00:00,558.0,543.0498
2025-02-22 19:00:00,339.0,445.391
2025-02-22 20:00:00,237.0,293.3949
2025-02-22 21:00:00,199.0,247.03394
2025-02-22 22:00:00,229.0,220.09755
2025-02-22 23:00:00,212.0,190.72498
2025-02-23 00:00:00,124.0,140.9093
2025-02-23 01:00:00,81.0,129.28043
2025-02-23 02:00:00,54.0,123.78812
2025-02-23 03:00:00,41.0,126.1084
2025-02-23 04:00:00,39.0,139.18335
2025-02-23 05:00:00,61.0,170.91678
2025-02-23 06:00:00,185.0,238.67163
2025-02-23 07:00:00,356.0,368.42374
2025-02-23 08:00:00,445.0,509.91937
2025-02-23 09:00:00,541.0,609.2135
2025-02-23 10:00:00,542.0,657.5152
2025-02-23 11:00:00,613.0,664.01514
2025-02-23 12:00:00,532.0,652.1262
2025-02-23 13:00:00,644.0,638.66345
2025-02-23 14:00:00,573.0,625.7068
2025-02-23 15:00:00,593.0,615.48224
2025-02-23 16:00:00,587.0,598.7173
2025-02-23 17:00:00,571.0,585.0855
2025-02-23 18:00:00,417.0,509.47397
2025-02-23 19:00:00,357.0,389.744
2025-02-23 20:00:00,273.0,264.4314
2025-02-23 21:00:00,203.0,212.30414
2025-02-23 22:00:00,117.0,180.33322
2025-02-23 23:00:00,101.0,157.7443
2025-02-24 00:00:00,59.0,75.90094
2025-02-24 01:00:00,24.0,59.88748
2025-02-24 02:00:00,17.0,55.329437
2025-02-24 03:00:00,28.0,60.415833
2025-02-24 04:00:00,42.0,89.70337
2025-02-24 05:00:00,170.0,290.6399
2025-02-24 06:00:00,515.0,678.21967
2025-02-24 07:00:00,725.0,730.19775
2025-02-24 08:00:00,574.0,675.5606
2025-02-24 09:00:00,595.0,660.56287
2025-02-24 10:00:00,623.0,653.5665
2025-02-24 11:00:00,573.0,636.96594
2025-02-24 12:00:00,523.0,627.5286
2025-02-24 13:00:00,615.0,621.0703
2025-02-24 14:00:00,575.0,622.132
2025-02-24 15:00:00,662.0,657.49414
2025-02-24 16:00:00,974.0,807.9601
2025-02-24 17:00:00,1053.0,997.33997
2025-02-24 18:00:00,726.0,879.81213
2025-02-24 19:00:00,397.0,493.96048
2025-02-24 20:00:00,225.0,272.02054
2025-02-24 21:00:00,194.0,195.53171
2025-02-24 22:00:00,133.0,132.93378
2025-02-24 23:00:00,82.0,99.59949
2025-02-25 00:00:00,61.0,74.95117
2025-02-25 01:00:00,31.0,57.632965
2025-02-25 02:00:00,21.0,51.819916
2025-02-25 03:00:00,20.0,55.68631
2025-02-25 04:00:00,36.0,76.91321
2025-02-25 05:00:00,137.0,289.5661
2025-02-25 06:00:00,490.0,711.32184
2025-02-25 07:00:00,656.0,716.43335
2025-02-25 08:00:00,533.0,672.1148
2025-02-25 09:00:00,518.0,655.20624
2025-02-25 10:00:00,544.0,645.40125
2025-02-25 11:00:00,618.0,633.482
2025-02-25 12:00:00,522.0,624.42395
2025-02-25 13:00:00,629.0,619.1164
2025-02-25 14:00:00,607.0,620.6544
2025-02-25 15:00:00,659.0,663.43225
2025-02-25 16:00:00,934.0,838.97034
2025-02-25 17:00:00,1144.0,1048.5715
2025-02-25 18:00:00,802.0,942.11664
2025-02-25 19:00:00,459.0,564.19135
2025-02-25 20:00:00,288.0,290.2801
2025-02-25 21:00:00,202.0,209.51724
2025-02-25 22:00:00,212.0,139.35931
2025-02-25 23:00:00,94.0,98.1749
2025-02-26 00:00:00,58.0,83.39917
2025-02-26 01:00:00,30.0,64.72629
2025-02-26 02:00:00,13.0,57.2045
2025-02-26 03:00:00,21.0,62.172363
2025-02-26 04:00:00,42.0,85.57614
2025-02-26 05:00:00,148.0,343.15097
2025-02-26 06:00:00,490.0,725.48846
2025-02-26 07:00:00,666.0,716.2042
2025-02-26 08:00:00,585.0,683.87964
2025-02-26 09:00:00,593.0,661.3804
2025-02-26 10:00:00,586.0,653.9186
2025-02-26 11:00:00,653.0,641.66626
2025-02-26 12:00:00,593.0,632.64044
2025-02-26 13:00:00,661.0,626.3077
2025-02-26 14:00:00,665.0,631.86395
2025-02-26 15:00:00,692.0,716.4768
2025-02-26 16:00:00,1020.0,804.52747
2025-02-26 17:00:00,1059.0,1022.171
2025-02-26 18:00:00,879.0,991.64575
2025-02-26 19:00:00,539.0,666.7116
2025-02-26 20:00:00,341.0,375.4657
2025-02-26 21:00:00,216.0,256.40106
2025-02-26 22:00:00,169.0,177.22617
2025-02-26 23:00:00,90.0,111.12451
2025-02-27 00:00:00,50.0,100.752106
2025-02-27 01:00:00,32.0,78.156586
2025-02-27 02:00:00,29.0,72.300354
2025-02-27 03:00:00,32.0,77.07794
2025-02-27 04:00:00,56.0,99.16843
2025-02-27 05:00:00,152.0,327.27487
2025-02-27 06:00:00,477.0,698.73975
2025-02-27 07:00:00,656.0,726.5662
2025-02-27 08:00:00,577.0,700.41766
2025-02-27 09:00:00,605.0,683.24927
2025-02-27 10:00:00,699.0,681.54065
2025-02-27 11:00:00,705.0,684.3867
2025-02-27 12:00:00,744.0,665.138
2025-02-27 13:00:00,870.0,679.24194
2025-02-27 14:00:00,499.0,694.498
2025-02-27 15:00:00,556.0,756.833
2025-02-27 16:00:00,833.0,882.2151
2025-02-27 17:00:00,1053.0,1047.959
2025-02-27 18:00:00,752.0,1029.4662
2025-02-27 19:00:00,531.0,760.6651
2025-02-27 20:00:00,348.0,431.46017
2025-02-27 21:00:00,233.0,318.00757
2025-02-27 22:00:00,180.0,228.33601
2025-02-27 23:00:00,126.0,151.0857
2025-02-28 00:00:00,88.0,124.34372
2025-02-28 01:00:00,57.0,89.58029
2025-02-28 02:00:00,47.0,78.57919
2025-02-28 03:00:00,71.0,80.16708
2025-02-28 04:00:00,62.0,107.54468
2025-02-28 05:00:00,166.0,333.99127
2025-02-28 06:00:00,459.0,690.7824
2025-02-28 07:00:00,761.0,742.3864
2025-02-28 08:00:00,749.0,723.7942
2025-02-28 09:00:00,687.0,718.22577
2025-02-28 10:00:00,694.0,715.4645
2025-02-28 11:00:00,752.0,715.3806
2025-02-28 12:00:00,701.0,715.5426
2025-02-28 13:00:00,782.0,718.6461
2025-02-28 14:00:00,806.0,740.9831
2025-02-28 15:00:00,923.0,804.3176
2025-02-28 16:00:00,1142.0,937.91833
2025-02-28 17:00:00,1199.0,1066.8966
2025-02-28 18:00:00,932.0,1056.2476
2025-02-28 19:00:00,739.0,783.75757
2025-02-28 20:00:00,464.0,451.4278
2025-02-28 21:00:00,360.0,354.9534
2025-02-28 22:00:00,243.0,280.30963
2025-02-28 23:00:00,178.0,194.16077
2025-03-01 00:00:00,132.0,168.24301
2025-03-01 01:00:00,80.0,156.3675
2025-03-01 02:00:00,48.0,152.62964
2025-03-01 03:00:00,40.0,159.04498
2025-03-01 04:00:00,66.0,172.85944
2025-03-01 05:00:00,121.0,233.92377
2025-03-01 06:00:00,283.0,376.71005
2025-03-01 07:00:00,541.0,588.2719
2025-03-01 08:00:00,655.0,689.51337
2025-03-01 09:00:00,696.0,729.9148
2025-03-01 10:00:00,832.0,734.8124
2025-03-01 11:00:00,826.0,720.2033
2025-03-01 12:00:00,745.0,703.5917
2025-03-01 13:00:00,707.0,686.50464
2025-03-01 14:00:00,717.0,670.84235
2025-03-01 15:00:00,647.0,658.14044
2025-03-01 16:00:00,647.0,644.95496
2025-03-01 17:00:00,687.0,629.17633
2025-03-01 18:00:00,458.0,572.2988
2025-03-01 19:00:00,352.0,460.46716
2025-03-01 20:00:00,245.0,301.506
2025-03-01 21:00:00,218.0,242.36937
2025-03-01 22:00:00,203.0,216.26654
2025-03-01 23:00:00,174.0,188.94894
2025-03-02 00:00:00,131.0,139.37009
2025-03-02 01:00:00,95.0,128.50806
2025-03-02 02:00:00,73.0,124.98587
2025-03-02 03:00:00,71.0,129.45474
2025-03-02 04:00:00,72.0,141.20752
2025-03-02 05:00:00,74.0,183.67517
2025-03-02 06:00:00,196.0,264.3435
2025-03-02 07:00:00,508.0,404.56577
2025-03-02 08:00:00,543.0,537.7384
2025-03-02 09:00:00,665.0,625.9079
2025-03-02 10:00:00,706.0,656.64575
2025-03-02 11:00:00,751.0,662.52216
2025-03-02 12:00:00,617.0,649.4289
2025-03-02 13:00:00,627.0,651.72205
2025-03-02 14:00:00,574.0,657.6819
2025-03-02 15:00:00,589.0,643.31366
2025-03-02 16:00:00,612.0,640.37445
2025-03-02 17:00:00,560.0,616.4232
2025-03-02 18:00:00,490.0,521.05066
2025-03-02 19:00:00,373.0,394.42957
2025-03-02 20:00:00,285.0,259.77643
2025-03-02 21:00:00,213.0,209.857
2025-03-02 22:00:00,146.0,178.99405
2025-03-02 23:00:00,71.0,156.07913
2025-03-03 00:00:00,57.0,74.18448
2025-03-03 01:00:00,25.0,60.292236
2025-03-03 02:00:00,22.0,55.955566
2025-03-03 03:00:00,21.0,65.65491
2025-03-03 04:00:00,65.0,98.03613
2025-03-03 05:00:00,164.0,309.7868
2025-03-03 06:00:00,427.0,652.38025
2025-03-03 07:00:00,675.0,754.8796
2025-03-03 08:00:00,556.0,721.8179
2025-03-03 09:00:00,587.0,698.2717
2025-03-03 10:00:00,664.0,681.1165
2025-03-03 11:00:00,647.0,661.42426
2025-03-03 12:00:00,630.0,644.0524
2025-03-03 13:00:00,599.0,633.3467
2025-03-03 14:00:00,561.0,645.4357
2025-03-03 15:00:00,594.0,710.5282
2025-03-03 16:00:00,783.0,850.6864
2025-03-03 17:00:00,970.0,1032.5679
2025-03-03 18:00:00,655.0,907.14343
2025-03-03 19:00:00,371.0,541.3651
2025-03-03 20:00:00,276.0,268.21912
2025-03-03 21:00:00,163.0,189.20123
2025-03-03 22:00:00,126.0,128.85733
2025-03-03 23:00:00,75.0,96.9931
2025-03-04 00:00:00,47.0,72.28424
2025-03-04 01:00:00,39.0,56.000336
2025-03-04 02:00:00,24.0,51.48358
2025-03-04 03:00:00,18.0,58.203705
2025-03-04 04:00:00,43.0,83.38522
2025-03-04 05:00:00,140.0,244.4994
2025-03-04 06:00:00,469.0,646.9987
2025-03-04 07:00:00,611.0,757.03467
2025-03-04 08:00:00,556.0,709.1766
2025-03-04 09:00:00,523.0,686.54486
2025-03-04 10:00:00,612.0,667.2965
2025-03-04 11:00:00,603.0,648.3734
2025-03-04 12:00:00,565.0,631.3974
2025-03-04 13:00:00,613.0,620.8164
2025-03-04 14:00:00,552.0,631.71436
2025-03-04 15:00:00,576.0,697.32263
2025-03-04 16:00:00,940.0,872.0694
2025-03-04 17:00:00,1140.0,1059.6221
2025-03-04 18:00:00,754.0,954.8149
2025-03-04 19:00:00,443.0,573.4025
2025-03-04 20:00:00,273.0,290.91696
2025-03-04 21:00:00,207.0,200.04031
2025-03-04 22:00:00,150.0,133.06702
2025-03-04 23:00:00,80.0,94.87195
2025-03-05 00:00:00,51.0,81.17932
2025-03-05 01:00:00,36.0,63.708496
2025-03-05 02:00:00,18.0,58.98709
2025-03-05 03:00:00,27.0,64.64319
2025-03-05 04:00:00,42.0,86.11917
2025-03-05 05:00:00,165.0,285.82678
2025-03-05 06:00:00,559.0,686.7423
2025-03-05 07:00:00,762.0,760.8638
2025-03-05 08:00:00,628.0,721.2507
2025-03-05 09:00:00,673.0,703.87695
2025-03-05 10:00:00,672.0,683.43085
2025-03-05 11:00:00,627.0,670.189
2025-03-05 12:00:00,619.0,656.76
2025-03-05 13:00:00,684.0,645.0325
2025-03-05 14:00:00,639.0,649.17224
2025-03-05 15:00:00,715.0,722.22565
2025-03-05 16:00:00,979.0,894.4649
2025-03-05 17:00:00,1193.0,1072.5364
2025-03-05 18:00:00,831.0,991.6499
2025-03-05 19:00:00,526.0,666.3624
2025-03-05 20:00:00,303.0,367.54562
2025-03-05 21:00:00,260.0,257.4489
2025-03-05 22:00:00,167.0,176.07785
2025-03-05 23:00:00,106.0,110.01996
2025-03-06 00:00:00,42.0,97.05829
2025-03-06 01:00:00,42.0,75.39502
2025-03-06 02:00:00,25.0,69.304535
2025-03-06 03:00:00,25.0,74.61078
2025-03-06 04:00:00,59.0,96.63156
2025-03-06 05:00:00,174.0,339.1139
2025-03-06 06:00:00,567.0,696.953
2025-03-06 07:00:00,800.0,780.0066
2025-03-06 08:00:00,657.0,752.6218
2025-03-06 09:00:00,676.0,743.70764
2025-03-06 10:00:00,604.0,727.5967
2025-03-06 11:00:00,764.0,713.535
2025-03-06 12:00:00,634.0,700.8914
2025-03-06 13:00:00,681.0,693.81213
2025-03-06 14:00:00,611.0,710.12854
2025-03-06 15:00:00,815.0,787.8424
2025-03-06 16:00:00,1106.0,959.97864
2025-03-06 17:00:00,1257.0,1104.8303
2025-03-06 18:00:00,975.0,1047.2888
2025-03-06 19:00:00,632.0,736.7993
2025-03-06 20:00:00,373.0,415.61072
2025-03-06 21:00:00,286.0,320.87347
2025-03-06 22:00:00,202.0,232.81598
2025-03-06 23:00:00,114.0,150.68994
2025-03-07 00:00:00,157.0,119.12164
2025-03-07 01:00:00,46.0,85.26526
2025-03-07 02:00:00,23.0,73.17474
2025-03-07 03:00:00,17.0,75.7453
2025-03-07 04:00:00,54.0,104.17563
2025-03-07 05:00:00,177.0,339.5077
2025-03-07 06:00:00,522.0,691.9032
2025-03-07 07:00:00,809.0,790.0584
2025-03-07 08:00:00,800.0,776.98706
2025-03-07 09:00:00,790.0,767.1931
2025-03-07 10:00:00,734.0,761.7423
2025-03-07 11:00:00,791.0,757.1206
2025-03-07 12:00:00,715.0,750.6847
2025-03-07 13:00:00,800.0,750.6906
2025-03-07 14:00:00,864.0,778.6925
2025-03-07 15:00:00,943.0,869.4321
2025-03-07 16:00:00,1168.0,1022.7012
2025-03-07 17:00:00,1349.0,1138.0255
2025-03-07 18:00:00,1188.0,1071.2557
2025-03-07 19:00:00,842.0,796.58044
2025-03-07 20:00:00,503.0,443.3147
2025-03-07 21:00:00,345.0,356.3409
2025-03-07 22:00:00,303.0,280.71753
2025-03-07 23:00:00,206.0,189.91782
2025-03-08 00:00:00,144.0,167.39243
2025-03-08 01:00:00,82.0,155.3198
2025-03-08 02:00:00,55.0,149.75354
2025-03-08 03:00:00,48.0,154.91632
2025-03-08 04:00:00,68.0,171.59076
2025-03-08 05:00:00,150.0,231.00195
2025-03-08 06:00:00,384.0,377.09308
2025-03-08 07:00:00,749.0,697.58453
2025-03-08 08:00:00,895.0,789.60925
2025-03-08 09:00:00,933.0,818.33264
2025-03-08 10:00:00,929.0,829.78577
2025-03-08 11:00:00,914.0,823.0242
2025-03-08 12:00:00,867.0,801.6415
2025-03-08 13:00:00,794.0,770.66284
2025-03-08 14:00:00,725.0,739.406
2025-03-08 15:00:00,676.0,710.9018
2025-03-08 16:00:00,812.0,683.36926
2025-03-08 17:00:00,769.0,639.9545
2025-03-08 18:00:00,609.0,534.2825
2025-03-08 19:00:00,411.0,440.60397
2025-03-08 20:00:00,280.0,291.95233
2025-03-08 21:00:00,234.0,244.6758
2025-03-08 22:00:00,215.0,217.23938
2025-03-08 23:00:00,197.0,187.643
2025-03-09 00:00:00,122.0,138.51105
2025-03-09 01:00:00,100.0,127.22278
2025-03-09 02:00:00,74.0,122.77066
2025-03-09 03:00:00,47.0,126.1319
2025-03-09 04:00:00,57.0,137.3252
2025-03-09 05:00:00,71.0,175.16092
2025-03-09 06:00:00,152.0,248.39227
2025-03-09 07:00:00,284.0,484.0631
2025-03-09 08:00:00,412.0,646.1908
2025-03-09 09:00:00,533.0,747.20386
2025-03-09 10:00:00,595.0,774.76355
2025-03-09 11:00:00,724.0,759.13116
2025-03-09 12:00:00,648.0,733.0222
2025-03-09 13:00:00,699.0,698.3213
2025-03-09 14:00:00,726.0,665.1065
2025-03-09 15:00:00,664.0,627.6428
2025-03-09 16:00:00,640.0,609.95245
2025-03-09 17:00:00,684.0,584.079
2025-03-09 18:00:00,462.0,502.08124
2025-03-09 19:00:00,372.0,391.3407
2025-03-09 20:00:00,293.0,265.149
2025-03-09 21:00:00,242.0,214.42111
2025-03-09 22:00:00,127.0,178.84213
2025-03-09 23:00:00,64.0,157.35391
2025-03-10 00:00:00,47.0,77.90787
2025-03-10 01:00:00,36.0,60.239075
2025-03-10 02:00:00,21.0,54.590942
2025-03-10 03:00:00,22.0,58.830627
2025-03-10 04:00:00,65.0,88.21292
2025-03-10 05:00:00,169.0,330.8485
2025-03-10 06:00:00,582.0,711.7277
2025-03-10 07:00:00,681.0,722.27747
2025-03-10 08:00:00,606.0,671.71857
2025-03-10 09:00:00,491.0,659.6882
2025-03-10 10:00:00,494.0,649.768
2025-03-10 11:00:00,553.0,638.69104
2025-03-10 12:00:00,509.0,629.5344
2025-03-10 13:00:00,602.0,622.265
2025-03-10 14:00:00,546.0,636.78613
2025-03-10 15:00:00,643.0,697.1779
2025-03-10 16:00:00,937.0,861.68945
2025-03-10 17:00:00,1176.0,1042.0773
2025-03-10 18:00:00,792.0,904.6079
2025-03-10 19:00:00,414.0,515.47107
2025-03-10 20:00:00,252.0,270.6535
2025-03-10 21:00:00,199.0,190.07828
2025-03-10 22:00:00,158.0,130.15631
2025-03-10 23:00:00,127.0,97.709045
2025-03-11 00:00:00,82.0,72.38666
2025-03-11 01:00:00,28.0,55.880737
2025-03-11 02:00:00,17.0,50.935974
2025-03-11 03:00:00,28.0,56.116486
2025-03-11 04:00:00,36.0,77.6149
2025-03-11 05:00:00,162.0,259.863
2025-03-11 06:00:00,542.0,683.7871
2025-03-11 07:00:00,745.0,715.88245
2025-03-11 08:00:00,600.0,673.88074
2025-03-11 09:00:00,562.0,686.9719
2025-03-11 10:00:00,492.0,667.4561
2025-03-11 11:00:00,501.0,647.151
2025-03-11 12:00:00,537.0,629.1466
2025-03-11 13:00:00,666.0,618.38776
2025-03-11 14:00:00,560.0,622.0309
2025-03-11 15:00:00,704.0,656.9257
2025-03-11 16:00:00,979.0,836.6573
2025-03-11 17:00:00,1159.0,1044.6461
2025-03-11 18:00:00,788.0,959.3469
2025-03-11 19:00:00,475.0,558.87756
2025-03-11 20:00:00,273.0,291.8175
2025-03-11 21:00:00,211.0,206.67847
2025-03-11 22:00:00,179.0,136.73807
2025-03-11 23:00:00,107.0,96.57138
2025-03-12 00:00:00,39.0,81.176025
2025-03-12 01:00:00,30.0,62.70056
2025-03-12 02:00:00,24.0,55.58261
2025-03-12 03:00:00,35.0,61.491028
2025-03-12 04:00:00,34.0,84.30005
2025-03-12 05:00:00,164.0,353.35815
2025-03-12 06:00:00,527.0,722.4058
2025-03-12 07:00:00,792.0,714.4608
2025-03-12 08:00:00,635.0,668.92847
2025-03-12 09:00:00,546.0,659.4063
2025-03-12 10:00:00,559.0,651.3153
2025-03-12 11:00:00,642.0,646.3873
2025-03-12 12:00:00,562.0,651.0399
2025-03-12 13:00:00,679.0,645.13477
2025-03-12 14:00:00,587.0,633.5868
2025-03-12 15:00:00,692.0,713.9203
2025-03-12 16:00:00,973.0,820.5424
2025-03-12 17:00:00,1288.0,1013.99036
2025-03-12 18:00:00,886.0,1015.5099
2025-03-12 19:00:00,491.0,615.474
2025-03-12 20:00:00,331.0,370.73846
2025-03-12 21:00:00,238.0,255.07727
2025-03-12 22:00:00,204.0,176.67902
2025-03-12 23:00:00,112.0,110.50638
2025-03-13 00:00:00,53.0,96.96951
2025-03-13 01:00:00,38.0,73.628876
2025-03-13 02:00:00,24.0,65.713684
2025-03-13 03:00:00,26.0,71.450714
2025-03-13 04:00:00,37.0,94.76593
2025-03-13 05:00:00,154.0,354.06668
2025-03-13 06:00:00,566.0,686.203
2025-03-13 07:00:00,786.0,701.90295
2025-03-13 08:00:00,657.0,686.92523
2025-03-13 09:00:00,601.0,686.8518
2025-03-13 10:00:00,587.0,681.42725
2025-03-13 11:00:00,676.0,686.28375
2025-03-13 12:00:00,599.0,682.99835
2025-03-13 13:00:00,715.0,679.4414
2025-03-13 14:00:00,658.0,690.4138
2025-03-13 15:00:00,770.0,759.91846
2025-03-13 16:00:00,1041.0,907.4249
2025-03-13 17:00:00,1285.0,1038.3127
2025-03-13 18:00:00,934.0,1042.158
2025-03-13 19:00:00,616.0,771.83295
2025-03-13 20:00:00,346.0,436.575
2025-03-13 21:00:00,249.0,318.81525
2025-03-13 22:00:00,249.0,231.77437
2025-03-13 23:00:00,151.0,150.5828
2025-03-14 00:00:00,59.0,120.19827
2025-03-14 01:00:00,33.0,87.82016
2025-03-14 02:00:00,24.0,77.362946
2025-03-14 03:00:00,33.0,79.76593
2025-03-14 04:00:00,45.0,109.33136
2025-03-14 05:00:00,168.0,357.7798
2025-03-14 06:00:00,565.0,693.062
2025-03-14 07:00:00,722.0,739.514
2025-03-14 08:00:00,652.0,720.168
2025-03-14 09:00:00,665.0,717.0371
2025-03-14 10:00:00,690.0,714.516
2025-03-14 11:00:00,713.0,714.1232
2025-03-14 12:00:00,681.0,714.6799
2025-03-14 13:00:00,782.0,717.6819
2025-03-14 14:00:00,789.0,741.55054
2025-03-14 15:00:00,957.0,807.5511
2025-03-14 16:00:00,1239.0,938.75287
2025-03-14 17:00:00,1335.0,1069.9
2025-03-14 18:00:00,1095.0,1063.575
2025-03-14 19:00:00,663.0,710.1378
2025-03-14 20:00:00,407.0,455.87634
2025-03-14 21:00:00,290.0,355.02344
2025-03-14 22:00:00,292.0,277.82538
2025-03-14 23:00:00,256.0,189.73611
2025-03-15 00:00:00,139.0,168.17328
2025-03-15 01:00:00,82.0,155.9744
2025-03-15 02:00:00,59.0,151.59775
2025-03-15 03:00:00,57.0,157.28445
2025-03-15 04:00:00,65.0,172.01465
2025-03-15 05:00:00,108.0,229.88293
2025-03-15 06:00:00,256.0,375.1765
2025-03-15 07:00:00,452.0,583.31683
2025-03-15 08:00:00,611.0,691.4124
2025-03-15 09:00:00,763.0,734.137
2025-03-15 10:00:00,810.0,739.25684
2025-03-15 11:00:00,802.0,725.7388
2025-03-15 12:00:00,712.0,708.37225
2025-03-15 13:00:00,670.0,688.64197
2025-03-15 14:00:00,740.0,672.1211
2025-03-15 15:00:00,694.0,658.4448
2025-03-15 16:00:00,712.0,645.01263
2025-03-15 17:00:00,719.0,628.6036
2025-03-15 18:00:00,522.0,570.16766
2025-03-15 19:00:00,413.0,459.26498
2025-03-15 20:00:00,274.0,301.40436
2025-03-15 21:00:00,259.0,242.78687
2025-03-15 22:00:00,223.0,216.86975
2025-03-15 23:00:00,235.0,188.46597
2025-03-16 00:00:00,158.0,139.15717
2025-03-16 01:00:00,75.0,128.32932
2025-03-16 02:00:00,60.0,121.609344
2025-03-16 03:00:00,52.0,128.70651
2025-03-16 04:00:00,57.0,139.3396
2025-03-16 05:00:00,63.0,177.27979
2025-03-16 06:00:00,132.0,253.91887
2025-03-16 07:00:00,247.0,389.58
2025-03-16 08:00:00,394.0,529.07135
2025-03-16 09:00:00,552.0,621.4105
2025-03-16 10:00:00,584.0,657.4942
2025-03-16 11:00:00,680.0,660.7683
2025-03-16 12:00:00,608.0,636.2714
2025-03-16 13:00:00,661.0,629.54486
2025-03-16 14:00:00,628.0,612.81335
2025-03-16 15:00:00,562.0,605.7065
2025-03-16 16:00:00,567.0,598.25494
2025-03-16 17:00:00,660.0,590.92896
2025-03-16 18:00:00,440.0,493.09033
2025-03-16 19:00:00,351.0,394.05835
2025-03-16 20:00:00,264.0,260.28864
2025-03-16 21:00:00,242.0,209.75412
2025-03-16 22:00:00,147.0,177.25253
2025-03-16 23:00:00,96.0,155.49686
2025-03-17 00:00:00,72.0,74.1691
2025-03-17 01:00:00,30.0,59.637756
2025-03-17 02:00:00,15.0,54.531708
2025-03-17 03:00:00,18.0,62.244293
2025-03-17 04:00:00,56.0,94.87558
2025-03-17 05:00:00,186.0,310.69727
2025-03-17 06:00:00,615.0,672.6704
2025-03-17 07:00:00,786.0,723.23303
2025-03-17 08:00:00,714.0,676.3311
2025-03-17 09:00:00,641.0,660.1024
2025-03-17 10:00:00,629.0,649.8319
2025-03-17 11:00:00,616.0,639.3247
2025-03-17 12:00:00,507.0,644.8354
2025-03-17 13:00:00,645.0,623.69763
2025-03-17 14:00:00,559.0,624.541
2025-03-17 15:00:00,682.0,664.8777
2025-03-17 16:00:00,975.0,823.2064
2025-03-17 17:00:00,1146.0,996.8966
2025-03-17 18:00:00,771.0,914.70715
2025-03-17 19:00:00,435.0,550.7249
2025-03-17 20:00:00,225.0,268.71222
2025-03-17 21:00:00,169.0,189.32819
2025-03-17 22:00:00,112.0,129.12381
2025-03-17 23:00:00,58.0,97.13312
2025-03-18 00:00:00,43.0,72.63519
2025-03-18 01:00:00,15.0,56.45804
2025-03-18 02:00:00,10.0,52.079926
2025-03-18 03:00:00,13.0,59.04956
2025-03-18 04:00:00,22.0,85.48718
2025-03-18 05:00:00,149.0,242.99495
2025-03-18 06:00:00,588.0,641.58014
2025-03-18 07:00:00,817.0,756.136
2025-03-18 08:00:00,748.0,672.5517
2025-03-18 09:00:00,626.0,666.23083
2025-03-18 10:00:00,632.0,648.16705
2025-03-18 11:00:00,589.0,648.9699
2025-03-18 12:00:00,563.0,633.16516
2025-03-18 13:00:00,638.0,622.63257
2025-03-18 14:00:00,497.0,635.40326
2025-03-18 15:00:00,725.0,707.79376
2025-03-18 16:00:00,1028.0,870.6588
2025-03-18 17:00:00,1164.0,1035.8706
2025-03-18 18:00:00,852.0,961.43616
2025-03-18 19:00:00,561.0,584.7356
2025-03-18 20:00:00,291.0,291.09515
2025-03-18 21:00:00,229.0,199.09494
2025-03-18 22:00:00,201.0,132.39407
2025-03-18 23:00:00,147.0,95.00839
2025-03-19 00:00:00,64.0,146.21545
2025-03-19 01:00:00,39.0,127.86035
2025-03-19 02:00:00,20.0,121.76639
2025-03-19 03:00:00,16.0,128.70908
2025-03-19 04:00:00,36.0,151.8168
2025-03-19 05:00:00,112.0,205.60226
2025-03-19 06:00:00,282.0,315.35336
2025-03-19 07:00:00,448.0,492.86157
2025-03-19 08:00:00,517.0,605.5494
2025-03-19 09:00:00,538.0,643.0155
2025-03-19 10:00:00,508.0,656.18555
2025-03-19 11:00:00,573.0,657.76465
2025-03-19 12:00:00,511.0,656.7023
2025-03-19 13:00:00,512.0,650.187
2025-03-19 14:00:00,659.0,644.377
2025-03-19 15:00:00,709.0,637.58014
2025-03-19 16:00:00,960.0,618.8301
2025-03-19 17:00:00,996.0,596.3518
2025-03-19 18:00:00,789.0,469.36237
2025-03-19 19:00:00,542.0,379.36194
2025-03-19 20:00:00,337.0,301.0816
2025-03-19 21:00:00,271.0,246.71332
2025-03-19 22:00:00,193.0,208.46426
2025-03-19 23:00:00,100.0,175.27847
2025-03-20 00:00:00,48.0,97.22534
2025-03-20 01:00:00,28.0,74.21927
2025-03-20 02:00:00,20.0,67.14761
2025-03-20 03:00:00,19.0,73.046265
2025-03-20 04:00:00,55.0,96.31647
2025-03-20 05:00:00,181.0,349.26703
2025-03-20 06:00:00,644.0,707.1376
2025-03-20 07:00:00,850.0,789.6179
2025-03-20 08:00:00,804.0,715.44135
2025-03-20 09:00:00,743.0,694.7811
2025-03-20 10:00:00,670.0,726.42505
2025-03-20 11:00:00,725.0,713.625
2025-03-20 12:00:00,660.0,701.09045
2025-03-20 13:00:00,758.0,694.7218
2025-03-20 14:00:00,708.0,708.92377
2025-03-20 15:00:00,747.0,787.76294
2025-03-20 16:00:00,1041.0,964.1749
2025-03-20 17:00:00,1395.0,1103.5088
2025-03-20 18:00:00,1036.0,1051.9973
2025-03-20 19:00:00,648.0,731.1795
2025-03-20 20:00:00,372.0,414.76712
2025-03-20 21:00:00,254.0,323.9257
2025-03-20 22:00:00,250.0,239.4286
2025-03-20 23:00:00,174.0,154.35724
2025-03-21 00:00:00,100.0,120.08267
2025-03-21 01:00:00,38.0,85.135345
2025-03-21 02:00:00,24.0,72.32825
2025-03-21 03:00:00,32.0,73.800995
2025-03-21 04:00:00,70.0,100.870056
2025-03-21 05:00:00,157.0,327.62857
2025-03-21 06:00:00,552.0,693.5051
2025-03-21 07:00:00,652.0,744.99084
2025-03-21 08:00:00,721.0,719.5532
2025-03-21 09:00:00,641.0,719.01746
2025-03-21 10:00:00,705.0,712.8169
2025-03-21 11:00:00,731.0,710.7723
2025-03-21 12:00:00,760.0,710.8736
2025-03-21 13:00:00,790.0,712.8775
2025-03-21 14:00:00,785.0,769.7843
2025-03-21 15:00:00,952.0,849.86786
2025-03-21 16:00:00,1155.0,1004.4922
2025-03-21 17:00:00,1326.0,1127.9436
2025-03-21 18:00:00,1081.0,1076.2242
2025-03-21 19:00:00,712.0,792.81494
2025-03-21 20:00:00,430.0,442.11484
2025-03-21 21:00:00,316.0,365.1351
2025-03-21 22:00:00,282.0,292.2841
2025-03-21 23:00:00,216.0,197.98859
2025-03-22 00:00:00,135.0,166.81635
2025-03-22 01:00:00,78.0,153.47556
2025-03-22 02:00:00,44.0,147.37021
2025-03-22 03:00:00,38.0,149.03531
2025-03-22 04:00:00,55.0,166.13562
2025-03-22 05:00:00,135.0,208.96872
2025-03-22 06:00:00,287.0,363.45624
2025-03-22 07:00:00,495.0,673.49896
2025-03-22 08:00:00,719.0,806.46484
2025-03-22 09:00:00,726.0,836.9812
2025-03-22 10:00:00,792.0,846.62866
2025-03-22 11:00:00,861.0,789.6318
2025-03-22 12:00:00,775.0,811.19104
2025-03-22 13:00:00,769.0,777.312
2025-03-22 14:00:00,785.0,743.68713
2025-03-22 15:00:00,693.0,711.2041
2025-03-22 16:00:00,803.0,680.5651
2025-03-22 17:00:00,745.0,640.455
2025-03-22 18:00:00,609.0,521.3764
2025-03-22 19:00:00,447.0,429.4555
2025-03-22 20:00:00,315.0,289.0056
2025-03-22 21:00:00,254.0,248.79642
2025-03-22 22:00:00,239.0,221.40562
2025-03-22 23:00:00,221.0,189.85907
2025-03-23 00:00:00,155.0,139.90814
2025-03-23 01:00:00,100.0,127.92465
2025-03-23 02:00:00,58.0,120.97983
2025-03-23 03:00:00,37.0,123.15872
2025-03-23 04:00:00,47.0,137.4437
2025-03-23 05:00:00,66.0,169.57254
2025-03-23 06:00:00,114.0,232.2694
2025-03-23 07:00:00,208.0,357.36676
2025-03-23 08:00:00,342.0,504.23355
2025-03-23 09:00:00,520.0,606.3672
2025-03-23 10:00:00,629.0,678.3131
2025-03-23 11:00:00,733.0,732.42285
2025-03-23 12:00:00,648.0,673.5471
2025-03-23 13:00:00,658.0,640.06726
2025-03-23 14:00:00,678.0,651.16907
2025-03-23 15:00:00,713.0,646.1227
2025-03-23 16:00:00,704.0,615.0359
2025-03-23 17:00:00,654.0,583.1313
2025-03-23 18:00:00,501.0,503.7998
2025-03-23 19:00:00,375.0,390.2262
2025-03-23 20:00:00,283.0,264.7937
2025-03-23 21:00:00,220.0,212.27863
2025-03-23 22:00:00,131.0,177.11084
2025-03-23 23:00:00,59.0,155.95206
2025-03-24 00:00:00,33.0,76.14703
2025-03-24 01:00:00,29.0,59.963745
2025-03-24 02:00:00,18.0,69.6658
2025-03-24 03:00:00,20.0,77.8342
2025-03-24 04:00:00,47.0,97.42996
2025-03-24 05:00:00,176.0,307.5113
2025-03-24 06:00:00,599.0,701.4925
2025-03-24 07:00:00,747.0,727.5695
2025-03-24 08:00:00,625.0,673.0424
2025-03-24 09:00:00,566.0,666.1177
2025-03-24 10:00:00,612.0,682.2917
2025-03-24 11:00:00,652.0,660.0785
2025-03-24 12:00:00,617.0,639.8617
2025-03-24 13:00:00,637.0,622.23865
2025-03-24 14:00:00,579.0,621.4012
2025-03-24 15:00:00,696.0,655.9745
2025-03-24 16:00:00,991.0,823.60724
2025-03-24 17:00:00,1181.0,940.4568
2025-03-24 18:00:00,800.0,905.5882
2025-03-24 19:00:00,477.0,500.17673
2025-03-24 20:00:00,268.0,271.0905
2025-03-24 21:00:00,169.0,192.90582
2025-03-24 22:00:00,149.0,131.50095
2025-03-24 23:00:00,106.0,99.20532
2025-03-25 00:00:00,34.0,73.44934
2025-03-25 01:00:00,25.0,56.33206
2025-03-25 02:00:00,28.0,51.164917
2025-03-25 03:00:00,13.0,56.09845
2025-03-25 04:00:00,39.0,76.652954
2025-03-25 05:00:00,156.0,268.8009
2025-03-25 06:00:00,581.0,698.26526
2025-03-25 07:00:00,797.0,715.9211
2025-03-25 08:00:00,684.0,647.32996
2025-03-25 09:00:00,195.0,648.0649
2025-03-25 10:00:00,1000.0,645.3794
2025-03-25 11:00:00,688.0,635.12427
2025-03-25 12:00:00,597.0,625.2809
2025-03-25 13:00:00,607.0,621.034
2025-03-25 14:00:00,534.0,627.91724
2025-03-25 15:00:00,710.0,661.15283
2025-03-25 16:00:00,988.0,838.2199
2025-03-25 17:00:00,1151.0,996.8861
2025-03-25 18:00:00,812.0,959.1626
2025-03-25 19:00:00,504.0,565.8711
2025-03-25 20:00:00,294.0,290.5088
2025-03-25 21:00:00,230.0,205.51584
2025-03-25 22:00:00,186.0,137.11508
2025-03-25 23:00:00,121.0,99.18515
2025-03-26 00:00:00,64.0,81.50455
2025-03-26 01:00:00,20.0,62.62088
2025-03-26 02:00:00,27.0,55.16519
2025-03-26 03:00:00,17.0,61.37137
2025-03-26 04:00:00,40.0,86.0983
2025-03-26 05:00:00,180.0,361.98795
2025-03-26 06:00:00,565.0,683.1573
2025-03-26 07:00:00,710.0,680.91565
2025-03-26 08:00:00,658.0,669.5597
2025-03-26 09:00:00,621.0,659.8068
2025-03-26 10:00:00,604.0,650.5122
2025-03-26 11:00:00,651.0,643.954
2025-03-26 12:00:00,637.0,650.6513
2025-03-26 13:00:00,691.0,630.40405
2025-03-26 14:00:00,657.0,647.8568
2025-03-26 15:00:00,790.0,674.0487
2025-03-26 16:00:00,963.0,822.1322
2025-03-26 17:00:00,1258.0,1057.2717
2025-03-26 18:00:00,904.0,1008.56824
2025-03-26 19:00:00,547.0,599.38684
2025-03-26 20:00:00,341.0,369.9411
2025-03-26 21:00:00,271.0,259.2297
2025-03-26 22:00:00,193.0,180.25626
2025-03-26 23:00:00,97.0,111.70044
2025-03-27 00:00:00,51.0,97.05304
2025-03-27 01:00:00,30.0,72.64163
2025-03-27 02:00:00,29.0,63.31955
2025-03-27 03:00:00,25.0,69.76495
2025-03-27 04:00:00,52.0,94.4223
2025-03-27 05:00:00,195.0,371.46115
2025-03-27 06:00:00,621.0,721.78613
2025-03-27 07:00:00,847.0,724.6492
2025-03-27 08:00:00,745.0,698.417
2025-03-27 09:00:00,740.0,694.354
2025-03-27 10:00:00,646.0,690.6165
2025-03-27 11:00:00,708.0,686.5359
2025-03-27 12:00:00,741.0,684.43317
2025-03-27 13:00:00,773.0,688.38745
2025-03-27 14:00:00,748.0,688.59436
2025-03-27 15:00:00,820.0,759.7237
2025-03-27 16:00:00,1138.0,919.64954
2025-03-27 17:00:00,1340.0,1084.7911
2025-03-27 18:00:00,1083.0,1045.5493
2025-03-27 19:00:00,729.0,751.9774
2025-03-27 20:00:00,410.0,419.0686
2025-03-27 21:00:00,311.0,320.59457
2025-03-27 22:00:00,242.0,232.29802
2025-03-27 23:00:00,162.0,151.13339
2025-03-28 00:00:00,75.0,120.2746
2025-03-28 01:00:00,40.0,86.52106
2025-03-28 02:00:00,18.0,74.17215
2025-03-28 03:00:00,33.0,75.97003
2025-03-28 04:00:00,57.0,104.80197
2025-03-28 05:00:00,204.0,337.2286
2025-03-28 06:00:00,618.0,695.6721
2025-03-28 07:00:00,826.0,743.5819
2025-03-28 08:00:00,858.0,720.50977
2025-03-28 09:00:00,842.0,717.117
2025-03-28 10:00:00,787.0,713.35913
2025-03-28 11:00:00,888.0,712.2805
2025-03-28 12:00:00,871.0,712.6032
2025-03-28 13:00:00,1002.0,716.9745
2025-03-28 14:00:00,949.0,742.45013
2025-03-28 15:00:00,1033.0,818.0565
2025-03-28 16:00:00,1348.0,997.99207
2025-03-28 17:00:00,1415.0,1121.8295
2025-03-28 18:00:00,1227.0,1073.9874
2025-03-28 19:00:00,863.0,803.1516
2025-03-28 20:00:00,551.0,445.27182
2025-03-28 21:00:00,356.0,359.88406
2025-03-28 22:00:00,338.0,285.3383
2025-03-28 23:00:00,247.0,194.37396
2025-03-29 00:00:00,165.0,165.91574
2025-03-29 01:00:00,102.0,153.24185
2025-03-29 02:00:00,65.0,147.64035
2025-03-29 03:00:00,49.0,151.05762
2025-03-29 04:00:00,73.0,167.04016
2025-03-29 05:00:00,158.0,210.76166
2025-03-29 06:00:00,370.0,333.69162
2025-03-29 07:00:00,583.0,487.5633
2025-03-29 08:00:00,775.0,628.2411
2025-03-29 09:00:00,924.0,710.0006
2025-03-29 10:00:00,876.0,724.0658
2025-03-29 11:00:00,899.0,703.8146
2025-03-29 12:00:00,815.0,690.23566
2025-03-29 13:00:00,753.0,673.1334
2025-03-29 14:00:00,712.0,660.22943
2025-03-29 15:00:00,683.0,649.4143
2025-03-29 16:00:00,765.0,637.73474
2025-03-29 17:00:00,707.0,625.7304
2025-03-29 18:00:00,589.0,503.37433
2025-03-29 19:00:00,408.0,450.00555
2025-03-29 20:00:00,306.0,296.25446
2025-03-29 21:00:00,228.0,243.8766
2025-03-29 22:00:00,269.0,217.5672
2025-03-29 23:00:00,231.0,187.63574
2025-03-30 00:00:00,151.0,138.43292
2025-03-30 01:00:00,85.0,125.10333
2025-03-30 02:00:00,0.0,122.76535
2025-03-30 03:00:00,61.0,126.53873
2025-03-30 04:00:00,68.0,138.16861
2025-03-30 05:00:00,89.0,174.97827
2025-03-30 06:00:00,169.0,244.10295
2025-03-30 07:00:00,360.0,449.1663
2025-03-30 08:00:00,498.0,646.5225
2025-03-30 09:00:00,598.0,745.52625
2025-03-30 10:00:00,662.0,768.2372
2025-03-30 11:00:00,785.0,754.94507
2025-03-30 12:00:00,661.0,726.49536
2025-03-30 13:00:00,742.0,693.505
2025-03-30 14:00:00,708.0,634.0899
2025-03-30 15:00:00,714.0,620.9812
2025-03-30 16:00:00,670.0,610.13495
2025-03-30 17:00:00,679.0,583.02496
2025-03-30 18:00:00,526.0,503.41895
2025-03-30 19:00:00,411.0,390.06876
2025-03-30 20:00:00,347.0,264.57288
2025-03-30 21:00:00,242.0,212.48013
2025-03-30 22:00:00,175.0,177.04825
2025-03-30 23:00:00,98.0,155.66022
2025-03-31 00:00:00,56.0,77.0748
2025-03-31 01:00:00,39.0,60.21765
2025-03-31 02:00:00,18.0,54.818848
2025-03-31 03:00:00,25.0,59.25305
2025-03-31 04:00:00,55.0,89.92444
2025-03-31 05:00:00,191.0,317.98853
2025-03-31 06:00:00,579.0,697.4924
2025-03-31 07:00:00,733.0,728.9454
2025-03-31 08:00:00,618.0,674.2989
2025-03-31 09:00:00,578.0,660.6814
2025-03-31 10:00:00,618.0,652.2267
2025-03-31 11:00:00,682.0,624.02094
2025-03-31 12:00:00,569.0,629.8781
2025-03-31 13:00:00,625.0,622.68195
2025-03-31 14:00:00,540.0,623.1272
2025-03-31 15:00:00,716.0,666.22736
2025-03-31 16:00:00,984.0,754.4115
2025-03-31 17:00:00,1189.0,1013.97766
2025-03-31 18:00:00,808.0,908.603
2025-03-31 19:00:00,471.0,526.467
2025-03-31 20:00:00,309.0,271.08783
2025-03-31 21:00:00,202.0,191.14532
2025-03-31 22:00:00,140.0,130.39069
2025-03-31 23:00:00,71.0,97.95224
2025-04-01 00:00:00,39.0,69.812744
2025-04-01 01:00:00,25.0,53.42392
2025-04-01 02:00:00,12.0,49.55011
2025-04-01 03:00:00,21.0,55.21805
2025-04-01 04:00:00,60.0,78.05206
2025-04-01 05:00:00,165.0,237.20813
2025-04-01 06:00:00,614.0,676.27893
2025-04-01 07:00:00,732.0,754.9452
2025-04-01 08:00:00,666.0,709.90857
2025-04-01 09:00:00,589.0,637.19763
2025-04-01 10:00:00,609.0,665.1869
2025-04-01 11:00:00,599.0,621.0764
2025-04-01 12:00:00,616.0,626.7936
2025-04-01 13:00:00,641.0,611.1217
2025-04-01 14:00:00,538.0,632.4862
2025-04-01 15:00:00,700.0,705.36017
2025-04-01 16:00:00,964.0,717.1219
2025-04-01 17:00:00,1224.0,1040.0594
2025-04-01 18:00:00,877.0,986.4386
2025-04-01 19:00:00,511.0,566.0117
2025-04-01 20:00:00,323.0,290.07217
2025-04-01 21:00:00,191.0,198.09518
2025-04-01 22:00:00,174.0,131.60071
2025-04-01 23:00:00,74.0,98.55417
2025-04-02 00:00:00,37.0,84.97269
2025-04-02 01:00:00,27.0,60.56317
2025-04-02 02:00:00,16.0,56.308197
2025-04-02 03:00:00,27.0,61.79892
2025-04-02 04:00:00,59.0,92.86478
2025-04-02 05:00:00,196.0,287.09573
2025-04-02 06:00:00,574.0,719.6364
2025-04-02 07:00:00,743.0,765.14935
2025-04-02 08:00:00,635.0,677.5819
2025-04-02 09:00:00,597.0,658.08954
2025-04-02 10:00:00,582.0,683.8201
2025-04-02 11:00:00,632.0,671.2437
2025-04-02 12:00:00,602.0,658.4929
2025-04-02 13:00:00,718.0,645.8989
2025-04-02 14:00:00,673.0,647.9172
2025-04-02 15:00:00,766.0,717.5205
2025-04-02 16:00:00,1042.0,904.5481
2025-04-02 17:00:00,1273.0,1085.9457
2025-04-02 18:00:00,891.0,1023.4789
2025-04-02 19:00:00,547.0,638.5117
2025-04-02 20:00:00,379.0,360.30338
2025-04-02 21:00:00,282.0,259.2369
2025-04-02 22:00:00,180.0,176.19669
2025-04-02 23:00:00,110.0,107.42053
2025-04-03 00:00:00,43.0,91.77634
2025-04-03 01:00:00,23.0,69.58185
2025-04-03 02:00:00,16.0,62.454346
2025-04-03 03:00:00,34.0,69.038635
2025-04-03 04:00:00,56.0,93.42212
2025-04-03 05:00:00,192.0,350.22693
2025-04-03 06:00:00,588.0,647.27686
2025-04-03 07:00:00,813.0,788.6636
2025-04-03 08:00:00,711.0,720.56836
2025-04-03 09:00:00,622.0,742.8991
2025-04-03 10:00:00,713.0,726.28723
2025-04-03 11:00:00,712.0,712.5979
2025-04-03 12:00:00,649.0,699.6125
2025-04-03 13:00:00,721.0,691.69934
2025-04-03 14:00:00,669.0,703.7472
2025-04-03 15:00:00,805.0,784.6118
2025-04-03 16:00:00,1144.0,969.5306
2025-04-03 17:00:00,1372.0,1118.459
2025-04-03 18:00:00,992.0,1063.4854
2025-04-03 19:00:00,673.0,726.95105
2025-04-03 20:00:00,467.0,407.5439
2025-04-03 21:00:00,290.0,323.11267
2025-04-03 22:00:00,186.0,238.03587
2025-04-03 23:00:00,140.0,147.89035
2025-04-04 00:00:00,48.0,112.71011
2025-04-04 01:00:00,31.0,81.99826
2025-04-04 02:00:00,20.0,69.86734
2025-04-04 03:00:00,29.0,72.506256
2025-04-04 04:00:00,86.0,99.67877
2025-04-04 05:00:00,192.0,332.01047
2025-04-04 06:00:00,640.0,632.01526
2025-04-04 07:00:00,832.0,731.9994
2025-04-04 08:00:00,889.0,774.6769
2025-04-04 09:00:00,950.0,763.9192
2025-04-04 10:00:00,920.0,759.4221
2025-04-04 11:00:00,934.0,752.4848
2025-04-04 12:00:00,879.0,744.28687
2025-04-04 13:00:00,925.0,745.40265
2025-04-04 14:00:00,853.0,771.1432
2025-04-04 15:00:00,987.0,875.3109
2025-04-04 16:00:00,1260.0,1037.0237
2025-04-04 17:00:00,1279.0,1134.0305
2025-04-04 18:00:00,1070.0,1039.1935
2025-04-04 19:00:00,749.0,798.05725
2025-04-04 20:00:00,590.0,450.64566
2025-04-04 21:00:00,416.0,368.08685
2025-04-04 22:00:00,335.0,288.94275
2025-04-04 23:00:00,246.0,188.50186
2025-04-05 00:00:00,177.0,164.5354
2025-04-05 01:00:00,85.0,150.94046
2025-04-05 02:00:00,69.0,145.53323
2025-04-05 03:00:00,59.0,150.72345
2025-04-05 04:00:00,120.0,168.56625
2025-04-05 05:00:00,264.0,224.53079
2025-04-05 06:00:00,455.0,444.09854
2025-04-05 07:00:00,656.0,709.43555
2025-04-05 08:00:00,867.0,807.6934
2025-04-05 09:00:00,975.0,833.6306
2025-04-05 10:00:00,928.0,841.70435
2025-04-05 11:00:00,985.0,836.1543
2025-04-05 12:00:00,847.0,811.1259
2025-04-05 13:00:00,819.0,777.32153
2025-04-05 14:00:00,761.0,744.19727
2025-04-05 15:00:00,746.0,713.2032
2025-04-05 16:00:00,807.0,681.59937
2025-04-05 17:00:00,822.0,642.2398
2025-04-05 18:00:00,627.0,488.89108
2025-04-05 19:00:00,500.0,431.28525
2025-04-05 20:00:00,315.0,291.30557
2025-04-05 21:00:00,297.0,246.79247
2025-04-05 22:00:00,255.0,219.21045
2025-04-05 23:00:00,180.0,186.27899
2025-04-06 00:00:00,169.0,137.02283
2025-04-06 01:00:00,110.0,125.2966
2025-04-06 02:00:00,63.0,119.62521
2025-04-06 03:00:00,61.0,128.38867
2025-04-06 04:00:00,83.0,134.73169
2025-04-06 05:00:00,112.0,174.00906
2025-04-06 06:00:00,204.0,308.54425
2025-04-06 07:00:00,369.0,507.3189
2025-04-06 08:00:00,468.0,645.9008
2025-04-06 09:00:00,610.0,743.8572
2025-04-06 10:00:00,690.0,767.0941
2025-04-06 11:00:00,900.0,750.73627
2025-04-06 12:00:00,705.0,722.8738
2025-04-06 13:00:00,757.0,692.6301
2025-04-06 14:00:00,704.0,664.2331
2025-04-06 15:00:00,703.0,648.9894
2025-04-06 16:00:00,697.0,644.2251
2025-04-06 17:00:00,721.0,640.82324
2025-04-06 18:00:00,568.0,535.0824
2025-04-06 19:00:00,423.0,386.59528
2025-04-06 20:00:00,327.0,261.24835
2025-04-06 21:00:00,229.0,211.01065
2025-04-06 22:00:00,143.0,176.18219
2025-04-06 23:00:00,77.0,155.04654
2025-04-07 00:00:00,52.0,73.022675
2025-04-07 01:00:00,30.0,58.891968
2025-04-07 02:00:00,24.0,54.791138
2025-04-07 03:00:00,25.0,63.877014
2025-04-07 04:00:00,59.0,96.28226
2025-04-07 05:00:00,198.0,317.33157
2025-04-07 06:00:00,642.0,631.5573
2025-04-07 07:00:00,769.0,762.3685
2025-04-07 08:00:00,649.0,658.09863
2025-04-07 09:00:00,693.0,700.1427
2025-04-07 10:00:00,685.0,682.7813
2025-04-07 11:00:00,719.0,663.4016
2025-04-07 12:00:00,624.0,644.4114
2025-04-07 13:00:00,656.0,632.2789
2025-04-07 14:00:00,625.0,640.75916
2025-04-07 15:00:00,730.0,706.0314
2025-04-07 16:00:00,1005.0,857.3577
2025-04-07 17:00:00,1210.0,1020.0625
2025-04-07 18:00:00,832.0,930.7816
2025-04-07 19:00:00,547.0,524.1459
2025-04-07 20:00:00,313.0,268.2435
2025-04-07 21:00:00,199.0,185.09561
2025-04-07 22:00:00,127.0,126.94711
2025-04-07 23:00:00,57.0,104.324066
2025-04-08 00:00:00,24.0,69.85248
2025-04-08 01:00:00,23.0,53.683136
2025-04-08 02:00:00,20.0,50.592743
2025-04-08 03:00:00,9.0,56.23578
2025-04-08 04:00:00,53.0,81.30298
2025-04-08 05:00:00,193.0,231.02632
2025-04-08 06:00:00,591.0,670.0898
2025-04-08 07:00:00,812.0,661.74084
2025-04-08 08:00:00,631.0,710.2489
2025-04-08 09:00:00,650.0,688.51196
2025-04-08 10:00:00,639.0,668.20166
2025-04-08 11:00:00,652.0,648.7446
2025-04-08 12:00:00,643.0,631.6662
2025-04-08 13:00:00,666.0,620.26843
2025-04-08 14:00:00,685.0,627.7445
2025-04-08 15:00:00,711.0,691.6995
2025-04-08 16:00:00,969.0,874.1438
2025-04-08 17:00:00,1304.0,1051.974
2025-04-08 18:00:00,860.0,1001.9547
2025-04-08 19:00:00,519.0,544.52893
2025-04-08 20:00:00,326.0,290.7663
2025-04-08 21:00:00,171.0,201.38184
2025-04-08 22:00:00,139.0,132.85944
2025-04-08 23:00:00,62.0,93.26254
2025-04-09 00:00:00,31.0,77.88794
2025-04-09 01:00:00,23.0,59.778656
2025-04-09 02:00:00,18.0,55.537262
2025-04-09 03:00:00,14.0,60.68509
2025-04-09 04:00:00,60.0,80.89313
2025-04-09 05:00:00,197.0,291.88535
2025-04-09 06:00:00,630.0,730.0301
2025-04-09 07:00:00,847.0,768.0066
2025-04-09 08:00:00,683.0,721.00024
2025-04-09 09:00:00,613.0,703.03296
2025-04-09 10:00:00,674.0,684.26904
2025-04-09 11:00:00,759.0,671.95087
2025-04-09 12:00:00,712.0,659.4674
2025-04-09 13:00:00,774.0,646.0455
2025-04-09 14:00:00,729.0,647.84515
2025-04-09 15:00:00,742.0,718.36536
2025-04-09 16:00:00,1043.0,905.771
2025-04-09 17:00:00,1245.0,1083.9159
2025-04-09 18:00:00,901.0,1030.6083
2025-04-09 19:00:00,589.0,638.6947
2025-04-09 20:00:00,371.0,360.9129
2025-04-09 21:00:00,279.0,258.16364
2025-04-09 22:00:00,154.0,177.52463
2025-04-09 23:00:00,63.0,107.576965
2025-04-10 00:00:00,27.0,92.18991
2025-04-10 01:00:00,15.0,69.49814
2025-04-10 02:00:00,14.0,62.452545
2025-04-10 03:00:00,15.0,69.59561
2025-04-10 04:00:00,42.0,94.30078
2025-04-10 05:00:00,209.0,350.75668
2025-04-10 06:00:00,675.0,701.386
2025-04-10 07:00:00,876.0,787.6212
2025-04-10 08:00:00,757.0,756.48145
2025-04-10 09:00:00,696.0,743.3025
2025-04-10 10:00:00,779.0,726.55786
2025-04-10 11:00:00,858.0,713.10583
2025-04-10 12:00:00,723.0,700.2473
2025-04-10 13:00:00,797.0,691.8478
2025-04-10 14:00:00,715.0,704.5807
2025-04-10 15:00:00,815.0,787.00195
2025-04-10 16:00:00,1157.0,965.7332
2025-04-10 17:00:00,1271.0,1118.4459
2025-04-10 18:00:00,1042.0,1056.5671
2025-04-10 19:00:00,708.0,729.2318
2025-04-10 20:00:00,460.0,407.6224
2025-04-10 21:00:00,260.0,321.98676
2025-04-10 22:00:00,147.0,233.81377
2025-04-10 23:00:00,78.0,145.39938
2025-04-11 00:00:00,48.0,113.42062
2025-04-11 01:00:00,16.0,83.20883
2025-04-11 02:00:00,15.0,71.19998
2025-04-11 03:00:00,12.0,74.0654
2025-04-11 04:00:00,46.0,101.983734
2025-04-11 05:00:00,250.0,342.75772
2025-04-11 06:00:00,581.0,721.59155
2025-04-11 07:00:00,809.0,793.33374
2025-04-11 08:00:00,768.0,775.0251
2025-04-11 09:00:00,834.0,763.9657
2025-04-11 10:00:00,810.0,759.4807
2025-04-11 11:00:00,917.0,751.91797
2025-04-11 12:00:00,900.0,743.7952
2025-04-11 13:00:00,934.0,745.46326
2025-04-11 14:00:00,846.0,771.6107
2025-04-11 15:00:00,983.0,876.32623
2025-04-11 16:00:00,1233.0,1039.2656
2025-04-11 17:00:00,1400.0,1133.9966
2025-04-11 18:00:00,1101.0,1095.1527
2025-04-11 19:00:00,623.0,799.2072
2025-04-11 20:00:00,407.0,450.19485
2025-04-11 21:00:00,367.0,367.56424
2025-04-11 22:00:00,311.0,288.9193
2025-04-11 23:00:00,260.0,189.32013
2025-04-12 00:00:00,161.0,164.40268
2025-04-12 01:00:00,110.0,150.73517
2025-04-12 02:00:00,116.0,145.00162
2025-04-12 03:00:00,121.0,150.93292
2025-04-12 04:00:00,191.0,169.04144
2025-04-12 05:00:00,352.0,224.2874
2025-04-12 06:00:00,552.0,467.0197
2025-04-12 07:00:00,712.0,709.787
2025-04-12 08:00:00,815.0,807.90015
2025-04-12 09:00:00,860.0,836.08453
2025-04-12 10:00:00,918.0,843.2162
2025-04-12 11:00:00,989.0,838.02124
2025-04-12 12:00:00,1084.0,814.2607
2025-04-12 13:00:00,964.0,739.4077
2025-04-12 14:00:00,921.0,675.8499
2025-04-12 15:00:00,761.0,663.1193
2025-04-12 16:00:00,752.0,644.5469
2025-04-12 17:00:00,758.0,640.54126
2025-04-12 18:00:00,623.0,543.69305
2025-04-12 19:00:00,497.0,430.78714
2025-04-12 20:00:00,372.0,291.31445
2025-04-12 21:00:00,312.0,247.13062
2025-04-12 22:00:00,252.0,219.49052
2025-04-12 23:00:00,222.0,186.71344
2025-04-13 00:00:00,176.0,137.06998
2025-04-13 01:00:00,119.0,125.3194
2025-04-13 02:00:00,62.0,118.1897
2025-04-13 03:00:00,61.0,120.4747
2025-04-13 04:00:00,106.0,134.3403
2025-04-13 05:00:00,156.0,167.12082
2025-04-13 06:00:00,244.0,224.2211
2025-04-13 07:00:00,287.0,343.1403
2025-04-13 08:00:00,366.0,496.49374
2025-04-13 09:00:00,607.0,597.1429
2025-04-13 10:00:00,709.0,656.1047
2025-04-13 11:00:00,764.0,670.9318
2025-04-13 12:00:00,778.0,656.34515
2025-04-13 13:00:00,677.0,642.88226
2025-04-13 14:00:00,707.0,628.6544
2025-04-13 15:00:00,675.0,625.0045
2025-04-13 16:00:00,701.0,611.8307
2025-04-13 17:00:00,632.0,603.16907
2025-04-13 18:00:00,592.0,504.2605
2025-04-13 19:00:00,420.0,387.242
2025-04-13 20:00:00,322.0,264.80646
2025-04-13 21:00:00,231.0,213.54199
2025-04-13 22:00:00,131.0,176.95074
2025-04-13 23:00:00,92.0,155.31021
2025-04-14 00:00:00,36.0,77.85846
2025-04-14 01:00:00,36.0,59.739838
2025-04-14 02:00:00,33.0,54.582428
2025-04-14 03:00:00,36.0,58.217377
2025-04-14 04:00:00,61.0,86.61688
2025-04-14 05:00:00,232.0,294.73102
2025-04-14 06:00:00,630.0,711.91547
2025-04-14 07:00:00,725.0,715.76404
2025-04-14 08:00:00,625.0,686.2939
2025-04-14 09:00:00,675.0,702.30115
2025-04-14 10:00:00,811.0,682.17053
2025-04-14 11:00:00,823.0,660.9894
2025-04-14 12:00:00,732.0,640.9562
2025-04-14 13:00:00,743.0,627.1161
2025-04-14 14:00:00,662.0,631.3993
2025-04-14 15:00:00,729.0,675.9242
2025-04-14 16:00:00,998.0,853.3218
2025-04-14 17:00:00,1196.0,1035.9883
2025-04-14 18:00:00,828.0,894.397
2025-04-14 19:00:00,559.0,470.6808
2025-04-14 20:00:00,364.0,269.25793
2025-04-14 21:00:00,200.0,194.73633
2025-04-14 22:00:00,156.0,132.99973
2025-04-14 23:00:00,71.0,99.9982
2025-04-15 00:00:00,57.0,71.82745
2025-04-15 01:00:00,42.0,54.66455
2025-04-15 02:00:00,16.0,48.785034
2025-04-15 03:00:00,22.0,53.29239
2025-04-15 04:00:00,78.0,75.987976
2025-04-15 05:00:00,181.0,304.66837
2025-04-15 06:00:00,595.0,717.7972
2025-04-15 07:00:00,742.0,706.8212
2025-04-15 08:00:00,680.0,667.3306
2025-04-15 09:00:00,640.0,654.4885
2025-04-15 10:00:00,657.0,647.68524
2025-04-15 11:00:00,717.0,636.67676
2025-04-15 12:00:00,650.0,624.97925
2025-04-15 13:00:00,741.0,617.5277
2025-04-15 14:00:00,658.0,620.3652
2025-04-15 15:00:00,739.0,674.9507
2025-04-15 16:00:00,975.0,867.91113
2025-04-15 17:00:00,1441.0,1058.3267
2025-04-15 18:00:00,940.0,945.7328
2025-04-15 19:00:00,637.0,531.9838
2025-04-15 20:00:00,416.0,296.56647
2025-04-15 21:00:00,289.0,208.30399
2025-04-15 22:00:00,206.0,138.55896
2025-04-15 23:00:00,112.0,97.89255
2025-04-16 00:00:00,57.0,79.454254
2025-04-16 01:00:00,41.0,59.62674
2025-04-16 02:00:00,43.0,52.894226
2025-04-16 03:00:00,60.0,59.206604
2025-04-16 04:00:00,133.0,82.65091
2025-04-16 05:00:00,277.0,348.79462
2025-04-16 06:00:00,683.0,714.1826
2025-04-16 07:00:00,817.0,769.85284
2025-04-16 08:00:00,695.0,718.6678
2025-04-16 09:00:00,785.0,697.62744
2025-04-16 10:00:00,783.0,683.77466
2025-04-16 11:00:00,840.0,673.7763
2025-04-16 12:00:00,821.0,651.9814
2025-04-16 13:00:00,824.0,645.62024
2025-04-16 14:00:00,748.0,650.4339
2025-04-16 15:00:00,855.0,711.0913
2025-04-16 16:00:00,1046.0,881.5974
2025-04-16 17:00:00,1082.0,1077.5258
2025-04-16 18:00:00,926.0,990.4933
2025-04-16 19:00:00,766.0,644.148
2025-04-16 20:00:00,574.0,332.74536
2025-04-16 21:00:00,393.0,243.77122
2025-04-16 22:00:00,263.0,168.02661
2025-04-16 23:00:00,165.0,106.8678
2025-04-17 00:00:00,122.0,95.95352
2025-04-17 01:00:00,84.0,70.434784
2025-04-17 02:00:00,113.0,62.308838
2025-04-17 03:00:00,115.0,65.05673
2025-04-17 04:00:00,252.0,91.9928
2025-04-17 05:00:00,383.0,335.444
2025-04-17 06:00:00,838.0,686.55536
2025-04-17 07:00:00,920.0,696.5627
2025-04-17 08:00:00,719.0,687.7118
2025-04-17 09:00:00,752.0,685.69385
2025-04-17 10:00:00,828.0,691.8286
2025-04-17 11:00:00,843.0,687.92914
2025-04-17 12:00:00,789.0,665.4855
2025-04-17 13:00:00,888.0,661.60876
2025-04-17 14:00:00,809.0,690.2423
2025-04-17 15:00:00,918.0,767.01294
2025-04-17 16:00:00,1180.0,927.5851
2025-04-17 17:00:00,1278.0,1091.02
2025-04-17 18:00:00,997.0,1046.1539
2025-04-17 19:00:00,724.0,679.85986
2025-04-17 20:00:00,519.0,396.87296
2025-04-17 21:00:00,399.0,322.74268
2025-04-17 22:00:00,387.0,229.64223
2025-04-17 23:00:00,317.0,144.02225
2025-04-18 00:00:00,236.0,187.70609
2025-04-18 01:00:00,149.0,169.55707
2025-04-18 02:00:00,186.0,159.29608
2025-04-18 03:00:00,270.0,168.87119
2025-04-18 04:00:00,488.0,203.83646
2025-04-18 05:00:00,679.0,291.46576
2025-04-18 06:00:00,656.0,419.0504
2025-04-18 07:00:00,530.0,571.55347
2025-04-18 08:00:00,626.0,659.6064
2025-04-18 09:00:00,704.0,685.12476
2025-04-18 10:00:00,898.0,689.0041
2025-04-18 11:00:00,951.0,691.1575
2025-04-18 12:00:00,843.0,688.14746
2025-04-18 13:00:00,756.0,680.7969
2025-04-18 14:00:00,729.0,671.4871
2025-04-18 15:00:00,602.0,657.932
2025-04-18 16:00:00,554.0,656.16907
2025-04-18 17:00:00,560.0,651.62555
2025-04-18 18:00:00,398.0,555.50385
2025-04-18 19:00:00,332.0,464.3587
2025-04-18 20:00:00,273.0,351.66943
2025-04-18 21:00:00,257.0,279.63593
2025-04-18 22:00:00,194.0,245.91695
2025-04-18 23:00:00,151.0,214.42157
2025-04-19 00:00:00,107.0,167.08139
2025-04-19 01:00:00,79.0,153.68045
2025-04-19 02:00:00,59.0,151.49002
2025-04-19 03:00:00,70.0,157.98785
2025-04-19 04:00:00,139.0,173.91846
2025-04-19 05:00:00,240.0,240.9406
2025-04-19 06:00:00,305.0,382.4686
2025-04-19 07:00:00,388.0,605.7034
2025-04-19 08:00:00,580.0,797.01843
2025-04-19 09:00:00,723.0,824.4922
2025-04-19 10:00:00,878.0,834.8239
2025-04-19 11:00:00,891.0,831.87805
2025-04-19 12:00:00,767.0,807.6455
2025-04-19 13:00:00,683.0,776.4723
2025-04-19 14:00:00,731.0,745.35364
2025-04-19 15:00:00,605.0,713.7008
2025-04-19 16:00:00,704.0,680.75726
2025-04-19 17:00:00,662.0,641.43225
2025-04-19 18:00:00,564.0,525.10504
2025-04-19 19:00:00,400.0,423.34747
2025-04-19 20:00:00,309.0,291.0297
2025-04-19 21:00:00,261.0,248.09702
2025-04-19 22:00:00,218.0,219.41777
2025-04-19 23:00:00,161.0,186.608
2025-04-20 00:00:00,113.0,136.94388
2025-04-20 01:00:00,64.0,125.20474
2025-04-20 02:00:00,74.0,118.915955
2025-04-20 03:00:00,52.0,120.515564
2025-04-20 04:00:00,73.0,133.94946
2025-04-20 05:00:00,92.0,166.55865
2025-04-20 06:00:00,158.0,226.33885
2025-04-20 07:00:00,210.0,348.86212
2025-04-20 08:00:00,338.0,509.19476
2025-04-20 09:00:00,536.0,706.07294
2025-04-20 10:00:00,666.0,655.57825
2025-04-20 11:00:00,794.0,668.11676
2025-04-20 12:00:00,677.0,639.15283
2025-04-20 13:00:00,566.0,627.71857
2025-04-20 14:00:00,569.0,627.6837
2025-04-20 15:00:00,577.0,641.87115
2025-04-20 16:00:00,556.0,637.08356
2025-04-20 17:00:00,593.0,601.54553
2025-04-20 18:00:00,499.0,511.41565
2025-04-20 19:00:00,330.0,386.38272
2025-04-20 20:00:00,290.0,262.36234
2025-04-20 21:00:00,253.0,211.23273
2025-04-20 22:00:00,197.0,175.41943
2025-04-20 23:00:00,136.0,154.20709
2025-04-21 00:00:00,97.0,121.91864
2025-04-21 01:00:00,44.0,106.13675
2025-04-21 02:00:00,31.0,97.43799
2025-04-21 03:00:00,46.0,101.238556
2025-04-21 04:00:00,59.0,116.5022
2025-04-21 05:00:00,107.0,146.4237
2025-04-21 06:00:00,200.0,205.7649
2025-04-21 07:00:00,299.0,383.39508
2025-04-21 08:00:00,460.0,538.46387
2025-04-21 09:00:00,684.0,609.47076
2025-04-21 10:00:00,937.0,621.0198
2025-04-21 11:00:00,972.0,624.2051
2025-04-21 12:00:00,782.0,638.8983
2025-04-21 13:00:00,742.0,624.4862
2025-04-21 14:00:00,706.0,610.3814
2025-04-21 15:00:00,748.0,602.99036
2025-04-21 16:00:00,703.0,574.0131
2025-04-21 17:00:00,649.0,541.14325
2025-04-21 18:00:00,535.0,441.77805
2025-04-21 19:00:00,447.0,322.37
2025-04-21 20:00:00,335.0,262.6487
2025-04-21 21:00:00,235.0,215.74394
2025-04-21 22:00:00,145.0,180.51828
2025-04-21 23:00:00,97.0,149.0268
2025-04-22 00:00:00,55.0,70.891815
2025-04-22 01:00:00,41.0,53.70172
2025-04-22 02:00:00,30.0,48.548615
2025-04-22 03:00:00,28.0,53.923645
2025-04-22 04:00:00,77.0,74.55496
2025-04-22 05:00:00,219.0,265.23703
2025-04-22 06:00:00,656.0,705.4747
2025-04-22 07:00:00,774.0,715.66046
2025-04-22 08:00:00,747.0,684.11584
2025-04-22 09:00:00,809.0,688.50385
2025-04-22 10:00:00,877.0,666.22644
2025-04-22 11:00:00,860.0,646.69196
2025-04-22 12:00:00,733.0,629.36816
2025-04-22 13:00:00,742.0,618.01495
2025-04-22 14:00:00,721.0,622.82056
2025-04-22 15:00:00,802.0,679.5011
2025-04-22 16:00:00,999.0,875.30743
2025-04-22 17:00:00,1221.0,1073.1461
2025-04-22 18:00:00,812.0,942.15466
2025-04-22 19:00:00,452.0,532.03625
2025-04-22 20:00:00,317.0,292.87787
2025-04-22 21:00:00,193.0,206.03
2025-04-22 22:00:00,189.0,136.91821
2025-04-22 23:00:00,95.0,95.40561
2025-04-23 00:00:00,52.0,78.63501
2025-04-23 01:00:00,36.0,59.46756
2025-04-23 02:00:00,26.0,53.215027
2025-04-23 03:00:00,24.0,59.085754
2025-04-23 04:00:00,51.0,81.13153
2025-04-23 05:00:00,196.0,363.64044
2025-04-23 06:00:00,626.0,706.92847
2025-04-23 07:00:00,781.0,770.5897
2025-04-23 08:00:00,629.0,722.00415
2025-04-23 09:00:00,694.0,702.0541
2025-04-23 10:00:00,753.0,684.9063
2025-04-23 11:00:00,781.0,673.90735
2025-04-23 12:00:00,761.0,660.66876
2025-04-23 13:00:00,768.0,646.11523
2025-04-23 14:00:00,706.0,645.4964
2025-04-23 15:00:00,788.0,693.3759
2025-04-23 16:00:00,957.0,886.45557
2025-04-23 17:00:00,1168.0,1050.7297
2025-04-23 18:00:00,895.0,1023.78564
2025-04-23 19:00:00,484.0,637.8843
2025-04-23 20:00:00,315.0,371.51245
2025-04-23 21:00:00,236.0,255.61795
2025-04-23 22:00:00,181.0,168.82706
2025-04-23 23:00:00,89.0,108.09631
2025-04-24 00:00:00,43.0,96.15271
2025-04-24 01:00:00,50.0,68.50052
2025-04-24 02:00:00,37.0,61.124268
2025-04-24 03:00:00,30.0,67.35928
2025-04-24 04:00:00,57.0,90.76944
2025-04-24 05:00:00,207.0,356.08008
2025-04-24 06:00:00,637.0,716.59467
2025-04-24 07:00:00,794.0,723.43005
2025-04-24 08:00:00,676.0,698.1288
2025-04-24 09:00:00,777.0,697.09766
2025-04-24 10:00:00,811.0,693.51965
2025-04-24 11:00:00,833.0,688.9387
2025-04-24 12:00:00,713.0,684.10693
2025-04-24 13:00:00,775.0,677.53656
2025-04-24 14:00:00,692.0,688.67096
2025-04-24 15:00:00,818.0,766.66504
2025-04-24 16:00:00,1053.0,942.0199
2025-04-24 17:00:00,1241.0,1104.8904
2025-04-24 18:00:00,949.0,1047.2039
2025-04-24 19:00:00,588.0,745.4253
2025-04-24 20:00:00,402.0,443.86252
2025-04-24 21:00:00,260.0,321.01413
2025-04-24 22:00:00,230.0,231.93024
2025-04-24 23:00:00,132.0,146.54175
2025-04-25 00:00:00,67.0,117.12286
2025-04-25 01:00:00,55.0,84.55972
2025-04-25 02:00:00,35.0,69.62924
2025-04-25 03:00:00,51.0,69.90256
2025-04-25 04:00:00,82.0,97.14212
2025-04-25 05:00:00,213.0,303.21655
2025-04-25 06:00:00,625.0,664.68176
2025-04-25 07:00:00,765.0,740.70154
2025-04-25 08:00:00,720.0,703.7849
2025-04-25 09:00:00,781.0,718.73
2025-04-25 10:00:00,888.0,702.21545
2025-04-25 11:00:00,880.0,698.8866
2025-04-25 12:00:00,791.0,695.54315
2025-04-25 13:00:00,860.0,720.579
2025-04-25 14:00:00,809.0,745.5208
2025-04-25 15:00:00,915.0,843.0077
2025-04-25 16:00:00,1153.0,1014.1732
2025-04-25 17:00:00,1229.0,1129.587
2025-04-25 18:00:00,955.0,1092.3658
2025-04-25 19:00:00,688.0,812.45905
2025-04-25 20:00:00,535.0,453.8006
2025-04-25 21:00:00,411.0,362.0556
2025-04-25 22:00:00,315.0,284.85483
2025-04-25 23:00:00,248.0,189.0492
2025-04-26 00:00:00,185.0,164.82913
2025-04-26 01:00:00,104.0,151.18933
2025-04-26 02:00:00,97.0,145.34647
2025-04-26 03:00:00,121.0,150.59268
2025-04-26 04:00:00,186.0,167.20844
2025-04-26 05:00:00,321.0,218.76566
2025-04-26 06:00:00,462.0,375.06317
2025-04-26 07:00:00,673.0,569.1732
2025-04-26 08:00:00,819.0,739.26276
2025-04-26 09:00:00,947.0,795.2395
2025-04-26 10:00:00,896.0,792.3133
2025-04-26 11:00:00,819.0,765.0558
2025-04-26 12:00:00,775.0,763.74304
2025-04-26 13:00:00,702.0,756.80524
2025-04-26 14:00:00,783.0,725.4131
2025-04-26 15:00:00,752.0,677.53107
2025-04-26 16:00:00,746.0,653.7915
2025-04-26 17:00:00,779.0,611.0614
2025-04-26 18:00:00,691.0,528.853
2025-04-26 19:00:00,487.0,435.99994
2025-04-26 20:00:00,350.0,291.21326
2025-04-26 21:00:00,272.0,246.81659
2025-04-26 22:00:00,264.0,218.43803
2025-04-26 23:00:00,199.0,186.22238
2025-04-27 00:00:00,162.0,136.83939
2025-04-27 01:00:00,92.0,124.99707
2025-04-27 02:00:00,92.0,120.00296
2025-04-27 03:00:00,75.0,121.37363
2025-04-27 04:00:00,121.0,133.66644
2025-04-27 05:00:00,147.0,166.48236
2025-04-27 06:00:00,276.0,227.97736
2025-04-27 07:00:00,326.0,353.21585
2025-04-27 08:00:00,587.0,507.7253
2025-04-27 09:00:00,759.0,603.2184
2025-04-27 10:00:00,831.0,768.3907
2025-04-27 11:00:00,899.0,761.0149
2025-04-27 12:00:00,681.0,733.1663
2025-04-27 13:00:00,647.0,701.4132
2025-04-27 14:00:00,725.0,663.73914
2025-04-27 15:00:00,629.0,647.74316
2025-04-27 16:00:00,722.0,642.65216
2025-04-27 17:00:00,674.0,605.0375
2025-04-27 18:00:00,539.0,518.03705
2025-04-27 19:00:00,468.0,385.55878
2025-04-27 20:00:00,383.0,264.26508
2025-04-27 21:00:00,264.0,213.30042
2025-04-27 22:00:00,166.0,176.48099
2025-04-27 23:00:00,112.0,154.91537
2025-04-28 00:00:00,74.0,77.21835
2025-04-28 01:00:00,38.0,59.520905
2025-04-28 02:00:00,36.0,53.4458
2025-04-28 03:00:00,22.0,58.450348
2025-04-28 04:00:00,84.0,88.142
2025-04-28 05:00:00,218.0,361.0668
2025-04-28 06:00:00,633.0,679.02655
2025-04-28 07:00:00,770.0,777.45593
2025-04-28 08:00:00,698.0,734.4513
2025-04-28 09:00:00,735.0,702.5069
2025-04-28 10:00:00,804.0,682.254
2025-04-28 11:00:00,836.0,661.55774
2025-04-28 12:00:00,701.0,640.68726
2025-04-28 13:00:00,720.0,626.7398
2025-04-28 14:00:00,648.0,631.94006
2025-04-28 15:00:00,652.0,677.90314
2025-04-28 16:00:00,856.0,857.7671
2025-04-28 17:00:00,1112.0,1040.5513
2025-04-28 18:00:00,766.0,917.7435
2025-04-28 19:00:00,418.0,463.7836
2025-04-28 20:00:00,293.0,269.91623
2025-04-28 21:00:00,239.0,196.17294
2025-04-28 22:00:00,180.0,134.00528
2025-04-28 23:00:00,95.0,100.34247
2025-04-29 00:00:00,53.0,71.87198
2025-04-29 01:00:00,29.0,54.620483
2025-04-29 02:00:00,19.0,48.692474
2025-04-29 03:00:00,26.0,53.703003
2025-04-29 04:00:00,62.0,74.493835
2025-04-29 05:00:00,188.0,356.77872
2025-04-29 06:00:00,584.0,687.4968
2025-04-29 07:00:00,719.0,758.44775
2025-04-29 08:00:00,688.0,709.31915
2025-04-29 09:00:00,692.0,687.6377
2025-04-29 10:00:00,793.0,665.80396
2025-04-29 11:00:00,688.0,646.1095
2025-04-29 12:00:00,707.0,628.4943
2025-04-29 13:00:00,664.0,615.8732
2025-04-29 14:00:00,670.0,616.621
2025-04-29 15:00:00,726.0,664.4174
2025-04-29 16:00:00,986.0,860.75555
2025-04-29 17:00:00,1178.0,1066.019
2025-04-29 18:00:00,884.0,967.8638
2025-04-29 19:00:00,577.0,521.1286
2025-04-29 20:00:00,401.0,302.79276
2025-04-29 21:00:00,261.0,214.73996
2025-04-29 22:00:00,217.0,141.37076
2025-04-29 23:00:00,90.0,97.99649
2025-04-30 00:00:00,58.0,79.30136
2025-04-30 01:00:00,50.0,59.998596
2025-04-30 02:00:00,36.0,53.02417
2025-04-30 03:00:00,40.0,59.247437
2025-04-30 04:00:00,64.0,82.4274
2025-04-30 05:00:00,208.0,415.0421
2025-04-30 06:00:00,681.0,701.82166
2025-04-30 07:00:00,738.0,769.8545
2025-04-30 08:00:00,695.0,723.4631
2025-04-30 09:00:00,711.0,702.1557
2025-04-30 10:00:00,778.0,685.5591
2025-04-30 11:00:00,802.0,674.5032
2025-04-30 12:00:00,800.0,661.3843
2025-04-30 13:00:00,825.0,647.4076
2025-04-30 14:00:00,763.0,648.0575
2025-04-30 15:00:00,841.0,705.0159
2025-04-30 16:00:00,1102.0,902.1763
2025-04-30 17:00:00,1369.0,1082.8373
2025-04-30 18:00:00,1120.0,1008.8225
2025-04-30 19:00:00,960.0,609.7556
2025-04-30 20:00:00,685.0,356.52133
2025-04-30 21:00:00,567.0,275.4359
2025-04-30 22:00:00,351.0,201.71677
2025-04-30 23:00:00,196.0,118.04974
2025-05-01 00:00:00,103.0,89.80557
2025-05-01 01:00:00,92.0,63.482513
2025-05-01 02:00:00,66.0,56.308624
2025-05-01 03:00:00,104.0,62.167267
2025-05-01 04:00:00,203.0,84.750275
2025-05-01 05:00:00,386.0,405.89774
2025-05-01 06:00:00,860.0,696.4064
2025-05-01 07:00:00,1102.0,786.82654
2025-05-01 08:00:00,1189.0,756.5066
2025-05-01 09:00:00,1162.0,741.1514
2025-05-01 10:00:00,1083.0,725.1824
2025-05-01 11:00:00,1024.0,712.4017
2025-05-01 12:00:00,993.0,701.17834
2025-05-01 13:00:00,981.0,691.71747
2025-05-01 14:00:00,898.0,700.039
2025-05-01 15:00:00,785.0,776.06006
2025-05-01 16:00:00,967.0,989.45557
2025-05-01 17:00:00,1183.0,1113.8813
2025-05-01 18:00:00,883.0,1021.0543
2025-05-01 19:00:00,499.0,682.59454
2025-05-01 20:00:00,370.0,393.51886
2025-05-01 21:00:00,279.0,320.8366
2025-05-01 22:00:00,260.0,241.3331
2025-05-01 23:00:00,145.0,151.80728
2025-05-02 00:00:00,94.0,106.97449
2025-05-02 01:00:00,53.0,76.2764
2025-05-02 02:00:00,30.0,61.981567
2025-05-02 03:00:00,33.0,63.967163
2025-05-02 04:00:00,76.0,86.026245
2025-05-02 05:00:00,216.0,379.15143
2025-05-02 06:00:00,555.0,687.85864
2025-05-02 07:00:00,725.0,786.1482
2025-05-02 08:00:00,774.0,769.0132
2025-05-02 09:00:00,841.0,760.2838
2025-05-02 10:00:00,970.0,757.2163
2025-05-02 11:00:00,996.0,748.8865
2025-05-02 12:00:00,903.0,739.72363
2025-05-02 13:00:00,898.0,740.5068
2025-05-02 14:00:00,838.0,774.9575
2025-05-02 15:00:00,896.0,894.3414
2025-05-02 16:00:00,1078.0,1059.2448
2025-05-02 17:00:00,1210.0,1139.3566
2025-05-02 18:00:00,878.0,1071.2031
2025-05-02 19:00:00,657.0,789.59766
2025-05-02 20:00:00,411.0,441.72388
2025-05-02 21:00:00,345.0,372.7876
2025-05-02 22:00:00,286.0,286.66806
2025-05-02 23:00:00,211.0,190.24057
2025-05-03 00:00:00,133.0,161.57736
2025-05-03 01:00:00,86.0,146.51886
2025-05-03 02:00:00,63.0,136.78989
2025-05-03 03:00:00,72.0,137.08392
2025-05-03 04:00:00,99.0,156.1901
2025-05-03 05:00:00,194.0,210.26538
2025-05-03 06:00:00,313.0,365.8019
2025-05-03 07:00:00,457.0,576.61237
2025-05-03 08:00:00,638.0,615.7908
2025-05-03 09:00:00,769.0,771.4936
2025-05-03 10:00:00,845.0,774.11993
2025-05-03 11:00:00,779.0,760.5478
2025-05-03 12:00:00,650.0,739.35034
2025-05-03 13:00:00,577.0,710.7367
2025-05-03 14:00:00,561.0,678.592
2025-05-03 15:00:00,556.0,664.1969
2025-05-03 16:00:00,638.0,650.12616
2025-05-03 17:00:00,655.0,626.1448
2025-05-03 18:00:00,595.0,520.92395
2025-05-03 19:00:00,380.0,422.7386
2025-05-03 20:00:00,322.0,293.7583
2025-05-03 21:00:00,269.0,250.37077
2025-05-03 22:00:00,218.0,219.26456
2025-05-03 23:00:00,209.0,184.69446
2025-05-04 00:00:00,108.0,135.37964
2025-05-04 01:00:00,96.0,122.60965
2025-05-04 02:00:00,115.0,114.595
2025-05-04 03:00:00,80.0,116.11896
2025-05-04 04:00:00,104.0,124.0788
2025-05-04 05:00:00,113.0,159.62198
2025-05-04 06:00:00,163.0,213.70267
2025-05-04 07:00:00,213.0,329.76617
2025-05-04 08:00:00,348.0,568.5868
2025-05-04 09:00:00,488.0,703.7288
2025-05-04 10:00:00,638.0,785.9263
2025-05-04 11:00:00,679.0,593.83167
2025-05-04 12:00:00,716.0,645.472
2025-05-04 13:00:00,626.0,642.8202
2025-05-04 14:00:00,613.0,619.3821
2025-05-04 15:00:00,606.0,624.782
2025-05-04 16:00:00,680.0,601.7898
2025-05-04 17:00:00,582.0,568.60205
2025-05-04 18:00:00,469.0,458.39862
2025-05-04 19:00:00,367.0,332.23242
2025-05-04 20:00:00,288.0,247.79243
2025-05-04 21:00:00,226.0,208.60947
2025-05-04 22:00:00,158.0,181.11081
2025-05-04 23:00:00,77.0,155.10492
2025-05-05 00:00:00,67.0,72.28024
2025-05-05 01:00:00,30.0,55.847748
2025-05-05 02:00:00,34.0,47.379974
2025-05-05 03:00:00,26.0,57.31601
2025-05-05 04:00:00,59.0,81.12314
2025-05-05 05:00:00,189.0,183.79013
2025-05-05 06:00:00,557.0,636.8041
2025-05-05 07:00:00,706.0,683.4142
2025-05-05 08:00:00,569.0,658.5981
2025-05-05 09:00:00,452.0,647.7549
2025-05-05 10:00:00,471.0,636.6687
2025-05-05 11:00:00,623.0,629.07214
2025-05-05 12:00:00,561.0,620.0658
2025-05-05 13:00:00,601.0,615.1251
2025-05-05 14:00:00,575.0,632.36084
2025-05-05 15:00:00,652.0,653.8026
2025-05-05 16:00:00,852.0,768.91956
2025-05-05 17:00:00,994.0,1019.98376
2025-05-05 18:00:00,738.0,923.3861
2025-05-05 19:00:00,453.0,526.1257
2025-05-05 20:00:00,277.0,264.00775
2025-05-05 21:00:00,197.0,182.68262
2025-05-05 22:00:00,135.0,125.25842
2025-05-05 23:00:00,95.0,95.025116
2025-05-06 00:00:00,51.0,66.65378
2025-05-06 01:00:00,30.0,49.3869
2025-05-06 02:00:00,22.0,45.564728
2025-05-06 03:00:00,27.0,51.289886
2025-05-06 04:00:00,50.0,74.93591
2025-05-06 05:00:00,178.0,206.91367
2025-05-06 06:00:00,550.0,632.06665
2025-05-06 07:00:00,677.0,723.62305
2025-05-06 08:00:00,523.0,653.4046
2025-05-06 09:00:00,582.0,655.92694
2025-05-06 10:00:00,589.0,647.0904
2025-05-06 11:00:00,580.0,638.538
2025-05-06 12:00:00,558.0,630.3483
2025-05-06 13:00:00,624.0,625.7389
2025-05-06 14:00:00,624.0,631.67084
2025-05-06 15:00:00,667.0,688.35626
2025-05-06 16:00:00,923.0,874.48303
2025-05-06 17:00:00,1057.0,1065.594
2025-05-06 18:00:00,820.0,909.92737
2025-05-06 19:00:00,417.0,530.99506
2025-05-06 20:00:00,292.0,288.6165
2025-05-06 21:00:00,259.0,198.8197
2025-05-06 22:00:00,156.0,130.58679
2025-05-06 23:00:00,74.0,90.97443
2025-05-07 00:00:00,57.0,73.75607
2025-05-07 01:00:00,32.0,55.918427
2025-05-07 02:00:00,26.0,51.493713
2025-05-07 03:00:00,27.0,56.95279
2025-05-07 04:00:00,48.0,76.043
2025-05-07 05:00:00,175.0,268.1383
2025-05-07 06:00:00,560.0,714.1986
2025-05-07 07:00:00,681.0,718.84326
2025-05-07 08:00:00,631.0,684.54596
2025-05-07 09:00:00,587.0,677.224
2025-05-07 10:00:00,568.0,670.01196
2025-05-07 11:00:00,610.0,660.7584
2025-05-07 12:00:00,553.0,654.28455
2025-05-07 13:00:00,667.0,648.8073
2025-05-07 14:00:00,597.0,640.3575
2025-05-07 15:00:00,664.0,726.7683
2025-05-07 16:00:00,862.0,900.4125
2025-05-07 17:00:00,1140.0,1042.1913
2025-05-07 18:00:00,826.0,991.02405
2025-05-07 19:00:00,516.0,622.0055
2025-05-07 20:00:00,311.0,354.4741
2025-05-07 21:00:00,277.0,249.52594
2025-05-07 22:00:00,250.0,170.53058
2025-05-07 23:00:00,106.0,104.30066
2025-05-08 00:00:00,57.0,87.59674
2025-05-08 01:00:00,27.0,64.360016
2025-05-08 02:00:00,28.0,57.990906
2025-05-08 03:00:00,35.0,64.320404
2025-05-08 04:00:00,52.0,86.56906
2025-05-08 05:00:00,195.0,318.51865
2025-05-08 06:00:00,584.0,696.2615
2025-05-08 07:00:00,735.0,724.24475
2025-05-08 08:00:00,671.0,699.2821
2025-05-08 09:00:00,658.0,698.7567
2025-05-08 10:00:00,626.0,701.9325
2025-05-08 11:00:00,674.0,691.8904
2025-05-08 12:00:00,673.0,685.98535
2025-05-08 13:00:00,694.0,678.2189
2025-05-08 14:00:00,633.0,688.545
2025-05-08 15:00:00,750.0,777.11816
2025-05-08 16:00:00,1025.0,958.7708
2025-05-08 17:00:00,1185.0,1119.4973
2025-05-08 18:00:00,834.0,1042.8514
2025-05-08 19:00:00,640.0,724.8474
2025-05-08 20:00:00,360.0,403.82916
2025-05-08 21:00:00,300.0,319.9489
2025-05-08 22:00:00,246.0,232.9834
2025-05-08 23:00:00,140.0,139.89304
2025-05-09 00:00:00,87.0,108.53348
2025-05-09 01:00:00,44.0,78.82852
2025-05-09 02:00:00,30.0,66.76694
2025-05-09 03:00:00,37.0,69.51965
2025-05-09 04:00:00,76.0,93.29053
2025-05-09 05:00:00,195.0,298.62506
2025-05-09 06:00:00,549.0,674.3954
2025-05-09 07:00:00,634.0,698.3421
2025-05-09 08:00:00,679.0,702.4906
2025-05-09 09:00:00,652.0,706.6925
2025-05-09 10:00:00,684.0,715.7239
2025-05-09 11:00:00,773.0,714.8381
2025-05-09 12:00:00,742.0,715.29944
2025-05-09 13:00:00,775.0,720.00726
2025-05-09 14:00:00,819.0,749.93195
2025-05-09 15:00:00,881.0,841.2004
2025-05-09 16:00:00,1160.0,1007.41406
2025-05-09 17:00:00,1174.0,1138.3694
2025-05-09 18:00:00,932.0,1088.7733
2025-05-09 19:00:00,773.0,816.5075
2025-05-09 20:00:00,474.0,465.10263
2025-05-09 21:00:00,350.0,365.43054
2025-05-09 22:00:00,318.0,282.8474
2025-05-09 23:00:00,218.0,181.55692
2025-05-10 00:00:00,161.0,165.4292
2025-05-10 01:00:00,72.0,150.89096
2025-05-10 02:00:00,67.0,147.2826
2025-05-10 03:00:00,49.0,153.29504
2025-05-10 04:00:00,112.0,172.6937
2025-05-10 05:00:00,195.0,300.60245
2025-05-10 06:00:00,331.0,526.42725
2025-05-10 07:00:00,505.0,719.02997
2025-05-10 08:00:00,710.0,810.4529
2025-05-10 09:00:00,846.0,835.01105
2025-05-10 10:00:00,1020.0,840.2456
2025-05-10 11:00:00,954.0,833.91113
2025-05-10 12:00:00,811.0,808.5027
2025-05-10 13:00:00,769.0,776.37646
2025-05-10 14:00:00,706.0,744.4595
2025-05-10 15:00:00,709.0,714.63153
2025-05-10 16:00:00,767.0,686.8768
2025-05-10 17:00:00,764.0,652.5039
2025-05-10 18:00:00,683.0,578.00714
2025-05-10 19:00:00,496.0,433.92328
2025-05-10 20:00:00,357.0,295.0621
2025-05-10 21:00:00,287.0,249.37791
2025-05-10 22:00:00,257.0,221.14532
2025-05-10 23:00:00,203.0,185.63858
2025-05-11 00:00:00,150.0,136.18387
2025-05-11 01:00:00,108.0,122.96307
2025-05-11 02:00:00,80.0,117.54245
2025-05-11 03:00:00,100.0,120.09186
2025-05-11 04:00:00,97.0,132.18347
2025-05-11 05:00:00,120.0,174.7976
2025-05-11 06:00:00,169.0,326.76996
2025-05-11 07:00:00,239.0,489.1501
2025-05-11 08:00:00,469.0,640.8059
2025-05-11 09:00:00,741.0,745.87274
2025-05-11 10:00:00,905.0,791.5121
2025-05-11 11:00:00,981.0,774.7804
2025-05-11 12:00:00,765.0,744.42975
2025-05-11 13:00:00,741.0,708.299
2025-05-11 14:00:00,660.0,672.4021
2025-05-11 15:00:00,712.0,651.1138
2025-05-11 16:00:00,730.0,632.713
2025-05-11 17:00:00,669.0,606.81555
2025-05-11 18:00:00,530.0,553.0323
2025-05-11 19:00:00,366.0,420.43457
2025-05-11 20:00:00,339.0,266.10565
2025-05-11 21:00:00,320.0,214.46689
2025-05-11 22:00:00,202.0,177.03754
2025-05-11 23:00:00,107.0,154.56229
2025-05-12 00:00:00,48.0,74.28009
2025-05-12 01:00:00,28.0,56.710266
2025-05-12 02:00:00,29.0,51.734222
2025-05-12 03:00:00,26.0,56.199127
2025-05-12 04:00:00,61.0,80.42792
2025-05-12 05:00:00,227.0,276.75415
2025-05-12 06:00:00,628.0,717.2927
2025-05-12 07:00:00,722.0,740.46704
2025-05-12 08:00:00,673.0,675.3877
2025-05-12 09:00:00,657.0,664.8062
2025-05-12 10:00:00,643.0,656.82745
2025-05-12 11:00:00,681.0,644.75757
2025-05-12 12:00:00,635.0,632.7362
2025-05-12 13:00:00,643.0,630.93317
2025-05-12 14:00:00,566.0,634.5778
2025-05-12 15:00:00,671.0,678.08295
2025-05-12 16:00:00,908.0,903.4989
2025-05-12 17:00:00,1169.0,992.30554
2025-05-12 18:00:00,763.0,908.01056
2025-05-12 19:00:00,468.0,447.57047
2025-05-12 20:00:00,287.0,274.82745
2025-05-12 21:00:00,205.0,192.42682
2025-05-12 22:00:00,141.0,126.4382
2025-05-12 23:00:00,66.0,96.8981
2025-05-13 00:00:00,39.0,66.698456
2025-05-13 01:00:00,27.0,49.76245
2025-05-13 02:00:00,18.0,44.828186
2025-05-13 03:00:00,29.0,50.88208
2025-05-13 04:00:00,47.0,69.60211
2025-05-13 05:00:00,179.0,227.82547
2025-05-13 06:00:00,597.0,705.89954
2025-05-13 07:00:00,735.0,715.2014
2025-05-13 08:00:00,607.0,704.3668
2025-05-13 09:00:00,546.0,689.9125
2025-05-13 10:00:00,601.0,668.3541
2025-05-13 11:00:00,666.0,649.3494
2025-05-13 12:00:00,572.0,632.3526
2025-05-13 13:00:00,620.0,625.84424
2025-05-13 14:00:00,625.0,622.06384
2025-05-13 15:00:00,660.0,673.9603
2025-05-13 16:00:00,958.0,916.4053
2025-05-13 17:00:00,1245.0,1095.0492
2025-05-13 18:00:00,839.0,917.11395
2025-05-13 19:00:00,498.0,499.27954
2025-05-13 20:00:00,328.0,292.2066
2025-05-13 21:00:00,222.0,203.46323
2025-05-13 22:00:00,189.0,133.56607
2025-05-13 23:00:00,93.0,92.28168
2025-05-14 00:00:00,56.0,74.18744
2025-05-14 01:00:00,30.0,56.17508
2025-05-14 02:00:00,23.0,50.953674
2025-05-14 03:00:00,20.0,56.126617
2025-05-14 04:00:00,64.0,76.170135
2025-05-14 05:00:00,192.0,416.08112
2025-05-14 06:00:00,617.0,693.852
2025-05-14 07:00:00,718.0,769.4461
2025-05-14 08:00:00,667.0,723.68115
2025-05-14 09:00:00,640.0,701.6564
2025-05-14 10:00:00,646.0,685.80316
2025-05-14 11:00:00,689.0,675.4029
2025-05-14 12:00:00,670.0,662.58746
2025-05-14 13:00:00,692.0,649.64624
2025-05-14 14:00:00,628.0,652.51715
2025-05-14 15:00:00,703.0,711.99646
2025-05-14 16:00:00,979.0,918.6101
2025-05-14 17:00:00,1231.0,1096.2449
2025-05-14 18:00:00,872.0,1001.1089
2025-05-14 19:00:00,704.0,612.8686
2025-05-14 20:00:00,376.0,348.2585
2025-05-14 21:00:00,314.0,264.48074
2025-05-14 22:00:00,233.0,183.19214
2025-05-14 23:00:00,123.0,107.45969
2025-05-15 00:00:00,63.0,88.60715
2025-05-15 01:00:00,37.0,63.596985
2025-05-15 02:00:00,28.0,56.803864
2025-05-15 03:00:00,23.0,62.546783
2025-05-15 04:00:00,61.0,84.69873
2025-05-15 05:00:00,231.0,416.12927
2025-05-15 06:00:00,667.0,698.2602
2025-05-15 07:00:00,856.0,787.416
2025-05-15 08:00:00,778.0,757.39954
2025-05-15 09:00:00,733.0,740.68726
2025-05-15 10:00:00,733.0,725.1524
2025-05-15 11:00:00,785.0,711.0282
2025-05-15 12:00:00,711.0,697.36084
2025-05-15 13:00:00,768.0,688.7826
2025-05-15 14:00:00,694.0,701.11646
2025-05-15 15:00:00,826.0,780.21313
2025-05-15 16:00:00,1138.0,971.0415
2025-05-15 17:00:00,1269.0,1130.9968
2025-05-15 18:00:00,1012.0,1040.814
2025-05-15 19:00:00,683.0,696.3208
2025-05-15 20:00:00,426.0,395.30408
2025-05-15 21:00:00,341.0,318.599
2025-05-15 22:00:00,261.0,239.43118
2025-05-15 23:00:00,152.0,142.95236
2025-05-16 00:00:00,71.0,108.42108
2025-05-16 01:00:00,45.0,78.78836
2025-05-16 02:00:00,32.0,65.89151
2025-05-16 03:00:00,28.0,69.38046
2025-05-16 04:00:00,98.0,97.0159
2025-05-16 05:00:00,224.0,492.92194
2025-05-16 06:00:00,654.0,699.427
2025-05-16 07:00:00,818.0,787.9075
2025-05-16 08:00:00,867.0,772.5113
2025-05-16 09:00:00,913.0,760.6472
2025-05-16 10:00:00,966.0,759.95337
2025-05-16 11:00:00,899.0,751.5364
2025-05-16 12:00:00,913.0,745.37317
2025-05-16 13:00:00,874.0,746.6613
2025-05-16 14:00:00,915.0,778.60895
2025-05-16 15:00:00,1140.0,877.3036
2025-05-16 16:00:00,1630.0,1040.5549
2025-05-16 17:00:00,994.0,1154.2008
2025-05-16 18:00:00,811.0,1088.676
2025-05-16 19:00:00,750.0,813.34985
2025-05-16 20:00:00,460.0,457.17685
2025-05-16 21:00:00,446.0,374.07916
2025-05-16 22:00:00,323.0,288.50952
2025-05-16 23:00:00,256.0,184.64163
2025-05-17 00:00:00,159.0,162.35849
2025-05-17 01:00:00,92.0,147.75217
2025-05-17 02:00:00,58.0,139.23123
2025-05-17 03:00:00,66.0,143.84995
2025-05-17 04:00:00,150.0,164.5773
2025-05-17 05:00:00,262.0,216.20314
2025-05-17 06:00:00,474.0,376.45483
2025-05-17 07:00:00,581.0,711.4909
2025-05-17 08:00:00,880.0,818.42554
2025-05-17 09:00:00,1071.0,843.515
2025-05-17 10:00:00,1123.0,848.0891
2025-05-17 11:00:00,1033.0,839.83105
2025-05-17 12:00:00,973.0,730.6266
2025-05-17 13:00:00,804.0,721.26404
2025-05-17 14:00:00,767.0,702.3872
2025-05-17 15:00:00,664.0,663.8634
2025-05-17 16:00:00,737.0,655.79877
2025-05-17 17:00:00,725.0,614.2946
2025-05-17 18:00:00,641.0,529.291
2025-05-17 19:00:00,424.0,431.0435
2025-05-17 20:00:00,348.0,294.92035
2025-05-17 21:00:00,247.0,249.54909
2025-05-17 22:00:00,240.0,220.8069
2025-05-17 23:00:00,201.0,185.36624
2025-05-18 00:00:00,148.0,135.0405
2025-05-18 01:00:00,105.0,122.64731
2025-05-18 02:00:00,74.0,115.24759
2025-05-18 03:00:00,119.0,118.50571
2025-05-18 04:00:00,97.0,131.53903
2025-05-18 05:00:00,157.0,167.56573
2025-05-18 06:00:00,211.0,370.22354
2025-05-18 07:00:00,340.0,485.32687
2025-05-18 08:00:00,527.0,586.6764
2025-05-18 09:00:00,812.0,742.6617
2025-05-18 10:00:00,964.0,787.88745
2025-05-18 11:00:00,982.0,743.62866
2025-05-18 12:00:00,866.0,739.27075
2025-05-18 13:00:00,846.0,701.38995
2025-05-18 14:00:00,702.0,668.66956
2025-05-18 15:00:00,652.0,649.37335
2025-05-18 16:00:00,688.0,627.1937
2025-05-18 17:00:00,621.0,598.145
2025-05-18 18:00:00,562.0,536.4401
2025-05-18 19:00:00,444.0,420.0094
2025-05-18 20:00:00,338.0,265.7842
2025-05-18 21:00:00,235.0,214.05963
2025-05-18 22:00:00,186.0,176.94647
2025-05-18 23:00:00,115.0,154.46793
2025-05-19 00:00:00,60.0,73.628784
2025-05-19 01:00:00,34.0,57.299652
2025-05-19 02:00:00,28.0,51.572784
2025-05-19 03:00:00,24.0,56.657135
2025-05-19 04:00:00,74.0,84.21323
2025-05-19 05:00:00,254.0,415.11703
2025-05-19 06:00:00,648.0,675.0565
2025-05-19 07:00:00,741.0,778.5398
2025-05-19 08:00:00,748.0,737.32227
2025-05-19 09:00:00,785.0,702.2061
2025-05-19 10:00:00,768.0,683.5747
2025-05-19 11:00:00,792.0,661.3495
2025-05-19 12:00:00,646.0,631.2452
2025-05-19 13:00:00,700.0,628.7397
2025-05-19 14:00:00,638.0,636.0451
2025-05-19 15:00:00,669.0,690.7344
2025-05-19 16:00:00,936.0,876.59985
2025-05-19 17:00:00,1110.0,1048.383
2025-05-19 18:00:00,797.0,854.3358
2025-05-19 19:00:00,451.0,456.94214
2025-05-19 20:00:00,312.0,270.8755
2025-05-19 21:00:00,85.0,197.08014
2025-05-19 22:00:00,119.0,135.48148
2025-05-19 23:00:00,95.0,98.88269
2025-05-20 00:00:00,39.0,70.14282
2025-05-20 01:00:00,26.0,51.93506
2025-05-20 02:00:00,26.0,45.91754
2025-05-20 03:00:00,24.0,51.168945
2025-05-20 04:00:00,62.0,70.80197
2025-05-20 05:00:00,168.0,230.49376
2025-05-20 06:00:00,611.0,662.5768
2025-05-20 07:00:00,739.0,768.6875
2025-05-20 08:00:00,667.0,708.9054
2025-05-20 09:00:00,590.0,680.4008
2025-05-20 10:00:00,614.0,666.87573
2025-05-20 11:00:00,647.0,648.8227
2025-05-20 12:00:00,651.0,633.5933
2025-05-20 13:00:00,611.0,627.84357
2025-05-20 14:00:00,586.0,628.9166
2025-05-20 15:00:00,700.0,677.3897
2025-05-20 16:00:00,964.0,869.937
2025-05-20 17:00:00,1201.0,1091.2413
2025-05-20 18:00:00,871.0,921.0106
2025-05-20 19:00:00,479.0,519.58496
2025-05-20 20:00:00,347.0,305.71185
2025-05-20 21:00:00,226.0,207.24774
2025-05-20 22:00:00,172.0,132.44336
2025-05-20 23:00:00,91.0,96.78891
2025-05-21 00:00:00,49.0,74.78705
2025-05-21 01:00:00,38.0,56.824738
2025-05-21 02:00:00,16.0,50.528076
2025-05-21 03:00:00,28.0,55.530823
2025-05-21 04:00:00,53.0,100.99567
2025-05-21 05:00:00,201.0,249.45413
2025-05-21 06:00:00,577.0,661.5769
2025-05-21 07:00:00,742.0,692.5443
2025-05-21 08:00:00,679.0,682.76556
2025-05-21 09:00:00,660.0,675.5922
2025-05-21 10:00:00,637.0,670.00433
2025-05-21 11:00:00,741.0,661.58905
2025-05-21 12:00:00,686.0,653.6041
2025-05-21 13:00:00,704.0,651.3358
2025-05-21 14:00:00,661.0,650.53186
2025-05-21 15:00:00,694.0,712.05664
2025-05-21 16:00:00,961.0,864.6212
2025-05-21 17:00:00,1173.0,1107.7043
2025-05-21 18:00:00,884.0,993.3761
2025-05-21 19:00:00,577.0,519.3646
2025-05-21 20:00:00,370.0,337.43195
2025-05-21 21:00:00,239.0,246.57637
2025-05-21 22:00:00,203.0,170.77536
2025-05-21 23:00:00,119.0,107.306244
2025-05-22 00:00:00,53.0,94.63498
2025-05-22 01:00:00,19.0,63.20932
2025-05-22 02:00:00,41.0,56.86667
2025-05-22 03:00:00,37.0,62.439056
2025-05-22 04:00:00,61.0,84.28763
2025-05-22 05:00:00,227.0,304.20737
2025-05-22 06:00:00,594.0,680.0354
2025-05-22 07:00:00,787.0,699.79565
2025-05-22 08:00:00,731.0,695.4939
2025-05-22 09:00:00,671.0,691.1265
2025-05-22 10:00:00,710.0,685.5579
2025-05-22 11:00:00,757.0,677.864
2025-05-22 12:00:00,701.0,669.54504
2025-05-22 13:00:00,765.0,678.8943
2025-05-22 14:00:00,671.0,690.78046
2025-05-22 15:00:00,793.0,760.8388
2025-05-22 16:00:00,1073.0,943.2862
2025-05-22 17:00:00,1268.0,1076.6808
2025-05-22 18:00:00,996.0,1038.0095
2025-05-22 19:00:00,707.0,729.7174
2025-05-22 20:00:00,466.0,405.761
2025-05-22 21:00:00,317.0,320.99
2025-05-22 22:00:00,251.0,232.59515
2025-05-22 23:00:00,147.0,140.80286
2025-05-23 00:00:00,103.0,109.3544
2025-05-23 01:00:00,53.0,79.19763
2025-05-23 02:00:00,49.0,65.86377
2025-05-23 03:00:00,56.0,67.96561
2025-05-23 04:00:00,109.0,90.94205
2025-05-23 05:00:00,257.0,284.21814
2025-05-23 06:00:00,660.0,669.136
2025-05-23 07:00:00,798.0,735.55664
2025-05-23 08:00:00,828.0,716.0735
2025-05-23 09:00:00,910.0,748.93286
2025-05-23 10:00:00,992.0,732.0674
2025-05-23 11:00:00,996.0,728.4515
2025-05-23 12:00:00,829.0,717.506
2025-05-23 13:00:00,843.0,719.71045
2025-05-23 14:00:00,898.0,752.68353
2025-05-23 15:00:00,968.0,854.9687
2025-05-23 16:00:00,1136.0,1035.4767
2025-05-23 17:00:00,1267.0,1149.9767
2025-05-23 18:00:00,1067.0,1090.8704
2025-05-23 19:00:00,842.0,813.55023
2025-05-23 20:00:00,674.0,459.5198
2025-05-23 21:00:00,463.0,373.59167
2025-05-23 22:00:00,379.0,288.4356
2025-05-23 23:00:00,317.0,184.40356
2025-05-24 00:00:00,195.0,162.95877
2025-05-24 01:00:00,114.0,148.302
2025-05-24 02:00:00,87.0,141.51318
2025-05-24 03:00:00,93.0,148.96695
2025-05-24 04:00:00,192.0,167.31995
2025-05-24 05:00:00,338.0,243.33661
2025-05-24 06:00:00,499.0,475.4523
2025-05-24 07:00:00,681.0,712.5062
2025-05-24 08:00:00,865.0,727.80334
2025-05-24 09:00:00,1041.0,836.89404
2025-05-24 10:00:00,1069.0,841.5945
2025-05-24 11:00:00,962.0,829.0015
2025-05-24 12:00:00,860.0,805.6275
2025-05-24 13:00:00,814.0,775.21277
2025-05-24 14:00:00,707.0,742.11316
2025-05-24 15:00:00,757.0,713.1521
2025-05-24 16:00:00,774.0,654.3369
2025-05-24 17:00:00,794.0,616.80994
2025-05-24 18:00:00,669.0,528.5757
2025-05-24 19:00:00,482.0,429.1713
2025-05-24 20:00:00,352.0,293.6717
2025-05-24 21:00:00,297.0,245.96234
2025-05-24 22:00:00,247.0,218.77776
2025-05-24 23:00:00,227.0,183.4989
2025-05-25 00:00:00,155.0,135.69373
2025-05-25 01:00:00,93.0,122.89685
2025-05-25 02:00:00,81.0,115.92291
2025-05-25 03:00:00,63.0,118.25781
2025-05-25 04:00:00,114.0,134.52417
2025-05-25 05:00:00,163.0,161.21399
2025-05-25 06:00:00,230.0,232.85352
2025-05-25 07:00:00,322.0,338.49084
2025-05-25 08:00:00,489.0,498.77502
2025-05-25 09:00:00,706.0,599.63
2025-05-25 10:00:00,756.0,654.8857
2025-05-25 11:00:00,743.0,667.0835
2025-05-25 12:00:00,675.0,657.36285
2025-05-25 13:00:00,677.0,643.9988
2025-05-25 14:00:00,632.0,630.9852
2025-05-25 15:00:00,657.0,619.15894
2025-05-25 16:00:00,656.0,597.2395
2025-05-25 17:00:00,649.0,581.2518
2025-05-25 18:00:00,532.0,498.0011
2025-05-25 19:00:00,374.0,378.88736
2025-05-25 20:00:00,309.0,265.38443
2025-05-25 21:00:00,222.0,213.96304
2025-05-25 22:00:00,159.0,177.1148
2025-05-25 23:00:00,122.0,154.51303
2025-05-26 00:00:00,69.0,74.3103
2025-05-26 01:00:00,30.0,58.378998
2025-05-26 02:00:00,38.0,51.775146
2025-05-26 03:00:00,36.0,56.292145
2025-05-26 04:00:00,74.0,80.36035
2025-05-26 05:00:00,244.0,277.43146
2025-05-26 06:00:00,636.0,701.43604
2025-05-26 07:00:00,713.0,714.6486
2025-05-26 08:00:00,690.0,677.5248
2025-05-26 09:00:00,703.0,661.8489
2025-05-26 10:00:00,764.0,646.2676
2025-05-26 11:00:00,765.0,630.474
2025-05-26 12:00:00,698.0,634.7289
2025-05-26 13:00:00,752.0,627.885
2025-05-26 14:00:00,570.0,630.8465
2025-05-26 15:00:00,776.0,688.99
2025-05-26 16:00:00,968.0,873.9166
2025-05-26 17:00:00,1173.0,1061.6361
2025-05-26 18:00:00,821.0,883.9982
2025-05-26 19:00:00,484.0,480.02237
2025-05-26 20:00:00,342.0,268.5381
2025-05-26 21:00:00,226.0,191.2312
2025-05-26 22:00:00,163.0,130.08508
2025-05-26 23:00:00,99.0,96.828094
2025-05-27 00:00:00,57.0,68.61255
2025-05-27 01:00:00,27.0,50.94507
2025-05-27 02:00:00,24.0,45.17688
2025-05-27 03:00:00,29.0,50.675537
2025-05-27 04:00:00,77.0,69.10086
2025-05-27 05:00:00,202.0,232.6964
2025-05-27 06:00:00,644.0,700.70667
2025-05-27 07:00:00,756.0,713.054
2025-05-27 08:00:00,635.0,671.3963
2025-05-27 09:00:00,704.0,655.76794
2025-05-27 10:00:00,703.0,647.79504
2025-05-27 11:00:00,725.0,637.56335
2025-05-27 12:00:00,630.0,627.8656
2025-05-27 13:00:00,680.0,625.3227
2025-05-27 14:00:00,660.0,628.78577
2025-05-27 15:00:00,809.0,677.0687
2025-05-27 16:00:00,1080.0,884.6177
2025-05-27 17:00:00,1430.0,1094.2728
2025-05-27 18:00:00,1064.0,917.8815
2025-05-27 19:00:00,735.0,496.51385
2025-05-27 20:00:00,479.0,291.14703
2025-05-27 21:00:00,373.0,204.15393
2025-05-27 22:00:00,250.0,134.82175
2025-05-27 23:00:00,130.0,93.01996
2025-05-28 00:00:00,88.0,75.40509
2025-05-28 01:00:00,44.0,56.69391
2025-05-28 02:00:00,52.0,50.590515
2025-05-28 03:00:00,64.0,56.61325
2025-05-28 04:00:00,142.0,77.6044
2025-05-28 05:00:00,361.0,297.2467
2025-05-28 06:00:00,777.0,724.7382
2025-05-28 07:00:00,854.0,712.25195
2025-05-28 08:00:00,841.0,681.18005
2025-05-28 09:00:00,916.0,675.03784
2025-05-28 10:00:00,909.0,669.4915
2025-05-28 11:00:00,875.0,654.8247
2025-05-28 12:00:00,862.0,653.47473
2025-05-28 13:00:00,960.0,650.0427
2025-05-28 14:00:00,978.0,686.73804
2025-05-28 15:00:00,1054.0,789.109
2025-05-28 16:00:00,1200.0,898.34235
2025-05-28 17:00:00,1447.0,1084.8373
2025-05-28 18:00:00,1411.0,937.5348
2025-05-28 19:00:00,1167.0,588.88477
2025-05-28 20:00:00,1025.0,321.6859
2025-05-28 21:00:00,702.0,247.56439
2025-05-28 22:00:00,525.0,179.33362
2025-05-28 23:00:00,347.0,143.29953
2025-05-29 00:00:00,278.0,163.574
2025-05-29 01:00:00,216.0,154.40012
2025-05-29 02:00:00,239.0,147.3869
2025-05-29 03:00:00,405.0,160.40918
2025-05-29 04:00:00,592.0,188.20135
2025-05-29 05:00:00,816.0,253.58197
2025-05-29 06:00:00,805.0,375.66727
2025-05-29 07:00:00,668.0,506.32257
2025-05-29 08:00:00,846.0,614.54297
2025-05-29 09:00:00,1237.0,664.64874
2025-05-29 10:00:00,1489.0,676.35156
2025-05-29 11:00:00,1141.0,688.9762
2025-05-29 12:00:00,826.0,683.5148
2025-05-29 13:00:00,683.0,668.609
2025-05-29 14:00:00,868.0,652.5165
2025-05-29 15:00:00,830.0,629.0868
2025-05-29 16:00:00,702.0,603.78394
2025-05-29 17:00:00,676.0,562.7029
2025-05-29 18:00:00,547.0,538.34503
2025-05-29 19:00:00,380.0,452.12662
2025-05-29 20:00:00,367.0,321.08655
2025-05-29 21:00:00,233.0,267.21863
2025-05-29 22:00:00,217.0,234.19884
2025-05-29 23:00:00,247.0,203.21848
2025-05-30 00:00:00,122.0,108.16736
2025-05-30 01:00:00,73.0,77.62607
2025-05-30 02:00:00,51.0,63.308533
2025-05-30 03:00:00,68.0,65.619415
2025-05-30 04:00:00,117.0,87.77893
2025-05-30 05:00:00,232.0,504.10754
2025-05-30 06:00:00,468.0,689.6492
2025-05-30 07:00:00,679.0,787.1404
2025-05-30 08:00:00,868.0,771.584
2025-05-30 09:00:00,1117.0,760.99304
2025-05-30 10:00:00,1181.0,758.6852
2025-05-30 11:00:00,1170.0,750.4356
2025-05-30 12:00:00,971.0,742.31213
2025-05-30 13:00:00,906.0,744.08923
2025-05-30 14:00:00,874.0,780.1394
2025-05-30 15:00:00,804.0,903.6731
2025-05-30 16:00:00,824.0,1066.067
2025-05-30 17:00:00,869.0,1130.0759
2025-05-30 18:00:00,717.0,1050.4595
2025-05-30 19:00:00,555.0,803.87244
2025-05-30 20:00:00,401.0,442.3257
2025-05-30 21:00:00,328.0,374.1862
2025-05-30 22:00:00,260.0,290.6125
2025-05-30 23:00:00,189.0,190.75186
2025-05-31 00:00:00,154.0,161.57364
2025-05-31 01:00:00,112.0,147.37329
2025-05-31 02:00:00,74.0,137.79678
2025-05-31 03:00:00,94.0,139.89426
2025-05-31 04:00:00,155.0,159.88824
2025-05-31 05:00:00,226.0,368.19174
2025-05-31 06:00:00,323.0,504.39102
2025-05-31 07:00:00,537.0,711.0305
2025-05-31 08:00:00,733.0,810.16406
2025-05-31 09:00:00,1058.0,845.31506
2025-05-31 10:00:00,988.0,849.655
2025-05-31 11:00:00,1081.0,845.183
2025-05-31 12:00:00,838.0,823.7678
2025-05-31 13:00:00,776.0,790.49243
2025-05-31 14:00:00,724.0,755.497
2025-05-31 15:00:00,708.0,719.63354
2025-05-31 16:00:00,633.0,672.0725
2025-05-31 17:00:00,608.0,600.6618
2025-05-31 18:00:00,538.0,532.8883
2025-05-31 19:00:00,404.0,413.88553
2025-05-31 20:00:00,327.0,290.59784
2025-05-31 21:00:00,246.0,255.12985
2025-05-31 22:00:00,222.0,216.63907
2025-05-31 23:00:00,278.0,184.16367
2025-06-01 00:00:00,209.0,134.79626
2025-06-01 01:00:00,108.0,117.30267
2025-06-01 02:00:00,68.0,111.83966
2025-06-01 03:00:00,70.0,113.54602
2025-06-01 04:00:00,93.0,125.041565
2025-06-01 05:00:00,135.0,153.7298
2025-06-01 06:00:00,216.0,205.99121
2025-06-01 07:00:00,259.0,322.38428
2025-06-01 08:00:00,425.0,576.5997
2025-06-01 09:00:00,623.0,754.33093
2025-06-01 10:00:00,700.0,801.18494
2025-06-01 11:00:00,798.0,790.6191
2025-06-01 12:00:00,677.0,746.98364
2025-06-01 13:00:00,722.0,700.0332
2025-06-01 14:00:00,691.0,662.7414
2025-06-01 15:00:00,605.0,623.8019
2025-06-01 16:00:00,640.0,615.17395
2025-06-01 17:00:00,520.0,570.99994
2025-06-01 18:00:00,476.0,488.0148
2025-06-01 19:00:00,399.0,375.5509
2025-06-01 20:00:00,295.0,263.97906
2025-06-01 21:00:00,221.0,220.79384
2025-06-01 22:00:00,190.0,179.26764
2025-06-01 23:00:00,109.0,155.89706
2025-06-02 00:00:00,83.0,72.125275
2025-06-02 01:00:00,71.0,55.081146
2025-06-02 02:00:00,54.0,50.095917
2025-06-02 03:00:00,55.0,53.72113
2025-06-02 04:00:00,94.0,72.12659
2025-06-02 05:00:00,252.0,204.68515
2025-06-02 06:00:00,585.0,669.8499
2025-06-02 07:00:00,753.0,683.8269
2025-06-02 08:00:00,698.0,676.6556
2025-06-02 09:00:00,804.0,669.6536
2025-06-02 10:00:00,1092.0,655.82263
2025-06-02 11:00:00,1122.0,647.2622
2025-06-02 12:00:00,1085.0,638.7584
2025-06-02 13:00:00,953.0,643.2643
2025-06-02 14:00:00,695.0,626.2528
2025-06-02 15:00:00,818.0,693.2228
2025-06-02 16:00:00,986.0,816.6219
2025-06-02 17:00:00,1209.0,1071.4684
2025-06-02 18:00:00,858.0,849.1997
2025-06-02 19:00:00,537.0,456.1874
2025-06-02 20:00:00,307.0,268.6025
2025-06-02 21:00:00,223.0,195.01184
2025-06-02 22:00:00,124.0,131.80063
2025-06-02 23:00:00,73.0,91.039215
2025-06-03 00:00:00,51.0,65.69946
2025-06-03 01:00:00,23.0,48.946686
2025-06-03 02:00:00,19.0,43.05487
2025-06-03 03:00:00,19.0,48.72357
2025-06-03 04:00:00,55.0,65.835815
2025-06-03 05:00:00,221.0,201.75586
2025-06-03 06:00:00,599.0,701.34924
2025-06-03 07:00:00,768.0,768.6653
2025-06-03 08:00:00,641.0,718.1956
2025-06-03 09:00:00,572.0,688.43207
2025-06-03 10:00:00,592.0,669.35986
2025-06-03 11:00:00,678.0,650.29016
2025-06-03 12:00:00,652.0,634.9457
2025-06-03 13:00:00,616.0,623.4881
2025-06-03 14:00:00,558.0,625.2136
2025-06-03 15:00:00,713.0,693.04083
2025-06-03 16:00:00,1027.0,888.9738
2025-06-03 17:00:00,1292.0,1079.1049
2025-06-03 18:00:00,874.0,915.73285
2025-06-03 19:00:00,501.0,482.3369
2025-06-03 20:00:00,319.0,290.5841
2025-06-03 21:00:00,235.0,205.38525
2025-06-03 22:00:00,170.0,158.65839
2025-06-03 23:00:00,116.0,96.57822
2025-06-04 00:00:00,49.0,74.15909
2025-06-04 01:00:00,27.0,55.03836
2025-06-04 02:00:00,19.0,48.8284
2025-06-04 03:00:00,21.0,54.436005
2025-06-04 04:00:00,53.0,75.0733
2025-06-04 05:00:00,228.0,262.53574
2025-06-04 06:00:00,563.0,641.1493
2025-06-04 07:00:00,754.0,712.3985
2025-06-04 08:00:00,677.0,687.08234
2025-06-04 09:00:00,660.0,677.9615
2025-06-04 10:00:00,660.0,671.02216
2025-06-04 11:00:00,642.0,665.8469
2025-06-04 12:00:00,682.0,659.74225
2025-06-04 13:00:00,733.0,645.48395
2025-06-04 14:00:00,700.0,650.93713
2025-06-04 15:00:00,717.0,707.6267
2025-06-04 16:00:00,1026.0,910.7792
2025-06-04 17:00:00,1195.0,1118.6462
2025-06-04 18:00:00,900.0,927.041
2025-06-04 19:00:00,611.0,541.4897
2025-06-04 20:00:00,337.0,341.08246
2025-06-04 21:00:00,251.0,263.85834
2025-06-04 22:00:00,13.0,188.34909
2025-06-04 23:00:00,9.0,109.57312
2025-06-05 00:00:00,4.0,88.11136
2025-06-05 01:00:00,2.0,61.77591
2025-06-05 02:00:00,3.0,54.75302
2025-06-05 03:00:00,3.0,59.100494
2025-06-05 04:00:00,35.0,79.94556
2025-06-05 05:00:00,213.0,258.6667
2025-06-05 06:00:00,656.0,684.9895
2025-06-05 07:00:00,789.0,720.9031
2025-06-05 08:00:00,663.0,698.4187
2025-06-05 09:00:00,716.0,702.3952
2025-06-05 10:00:00,689.0,686.1935
2025-06-05 11:00:00,813.0,705.8998
2025-06-05 12:00:00,712.0,684.55054
2025-06-05 13:00:00,805.0,676.4353
2025-06-05 14:00:00,771.0,688.85284
2025-06-05 15:00:00,825.0,785.44446
2025-06-05 16:00:00,1143.0,977.7201
2025-06-05 17:00:00,1402.0,1136.9554
2025-06-05 18:00:00,1106.0,1019.9337
2025-06-05 19:00:00,726.0,663.0167
2025-06-05 20:00:00,487.0,391.0355
2025-06-05 21:00:00,346.0,320.03894
2025-06-05 22:00:00,262.0,240.2998
2025-06-05 23:00:00,168.0,148.63263
2025-06-06 00:00:00,96.0,104.81256
2025-06-06 01:00:00,47.0,73.00687
2025-06-06 02:00:00,38.0,58.99637
2025-06-06 03:00:00,59.0,60.371887
2025-06-06 04:00:00,157.0,80.16794
2025-06-06 05:00:00,360.0,242.48402
2025-06-06 06:00:00,749.0,648.7819
2025-06-06 07:00:00,927.0,750.37134
2025-06-06 08:00:00,833.0,760.74084
2025-06-06 09:00:00,964.0,728.4219
2025-06-06 10:00:00,881.0,725.0789
2025-06-06 11:00:00,927.0,718.0656
2025-06-06 12:00:00,888.0,713.53284
2025-06-06 13:00:00,917.0,720.4032
2025-06-06 14:00:00,908.0,782.17035
2025-06-06 15:00:00,952.0,905.00977
2025-06-06 16:00:00,1246.0,1083.9421
2025-06-06 17:00:00,1486.0,1134.4702
2025-06-06 18:00:00,1354.0,1074.004
2025-06-06 19:00:00,1041.0,620.72894
2025-06-06 20:00:00,876.0,467.04938
2025-06-06 21:00:00,653.0,373.91907
2025-06-06 22:00:00,600.0,284.2757
2025-06-06 23:00:00,532.0,189.83557
2025-06-07 00:00:00,468.0,161.25943
2025-06-07 01:00:00,421.0,144.68857
2025-06-07 02:00:00,360.0,134.85089
2025-06-07 03:00:00,467.0,130.43091
2025-06-07 04:00:00,583.0,137.46094
2025-06-07 05:00:00,824.0,174.4002
2025-06-07 06:00:00,847.0,332.93164
2025-06-07 07:00:00,977.0,486.39993
2025-06-07 08:00:00,936.0,722.21204
2025-06-07 09:00:00,957.0,790.69324
2025-06-07 10:00:00,977.0,812.34705
2025-06-07 11:00:00,1093.0,763.64453
2025-06-07 12:00:00,1034.0,733.3136
2025-06-07 13:00:00,1013.0,688.05707
2025-06-07 14:00:00,1037.0,688.8666
2025-06-07 15:00:00,958.0,663.2436
2025-06-07 16:00:00,877.0,652.3645
2025-06-07 17:00:00,799.0,594.40216
2025-06-07 18:00:00,682.0,532.5201
2025-06-07 19:00:00,600.0,351.3463
2025-06-07 20:00:00,468.0,274.46973
2025-06-07 21:00:00,336.0,253.50224
2025-06-07 22:00:00,329.0,224.06247
2025-06-07 23:00:00,253.0,185.71255
2025-06-08 00:00:00,254.0,135.72147
2025-06-08 01:00:00,195.0,118.94156
2025-06-08 02:00:00,182.0,110.13071
2025-06-08 03:00:00,189.0,112.67096
2025-06-08 04:00:00,290.0,124.4086
2025-06-08 05:00:00,469.0,154.96594
2025-06-08 06:00:00,627.0,205.0646
2025-06-08 07:00:00,735.0,323.34418
2025-06-08 08:00:00,762.0,612.7174
2025-06-08 09:00:00,932.0,752.6166
2025-06-08 10:00:00,985.0,797.83026
2025-06-08 11:00:00,998.0,785.1028
2025-06-08 12:00:00,906.0,725.94885
2025-06-08 13:00:00,866.0,683.4153
2025-06-08 14:00:00,790.0,630.172
2025-06-08 15:00:00,716.0,641.61127
2025-06-08 16:00:00,672.0,635.92255
2025-06-08 17:00:00,709.0,602.1144
2025-06-08 18:00:00,519.0,555.1902
2025-06-08 19:00:00,406.0,379.23566
2025-06-08 20:00:00,304.0,266.26752
2025-06-08 21:00:00,288.0,216.63054
2025-06-08 22:00:00,241.0,179.22922
2025-06-08 23:00:00,149.0,155.5982
2025-06-09 00:00:00,146.0,120.54001
2025-06-09 01:00:00,93.0,104.17346
2025-06-09 02:00:00,70.0,95.52933
2025-06-09 03:00:00,92.0,98.30969
2025-06-09 04:00:00,162.0,110.44763
2025-06-09 05:00:00,296.0,131.94754
2025-06-09 06:00:00,449.0,229.86555
2025-06-09 07:00:00,574.0,369.1445
2025-06-09 08:00:00,811.0,517.8176
2025-06-09 09:00:00,1185.0,594.8331
2025-06-09 10:00:00,1179.0,629.1789
2025-06-09 11:00:00,1194.0,640.7455
2025-06-09 12:00:00,1026.0,640.4094
2025-06-09 13:00:00,824.0,633.3129
2025-06-09 14:00:00,711.0,626.3294
2025-06-09 15:00:00,658.0,613.0552
2025-06-09 16:00:00,615.0,591.809
2025-06-09 17:00:00,569.0,551.843
2025-06-09 18:00:00,506.0,469.8897
2025-06-09 19:00:00,391.0,328.56067
2025-06-09 20:00:00,356.0,257.63733
2025-06-09 21:00:00,272.0,213.08945
2025-06-09 22:00:00,168.0,178.0758
2025-06-09 23:00:00,114.0,148.07068
2025-06-10 00:00:00,50.0,65.249695
2025-06-10 01:00:00,43.0,48.13733
2025-06-10 02:00:00,38.0,41.8526
2025-06-10 03:00:00,46.0,48.138977
2025-06-10 04:00:00,113.0,65.15561
2025-06-10 05:00:00,304.0,304.09717
2025-06-10 06:00:00,663.0,666.7458
2025-06-10 07:00:00,841.0,763.11847
2025-06-10 08:00:00,767.0,719.16876
2025-06-10 09:00:00,872.0,688.806
2025-06-10 10:00:00,901.0,670.536
2025-06-10 11:00:00,862.0,651.183
2025-06-10 12:00:00,698.0,634.9773
2025-06-10 13:00:00,738.0,623.7842
2025-06-10 14:00:00,648.0,629.8843
2025-06-10 15:00:00,755.0,686.3772
2025-06-10 16:00:00,968.0,907.3893
2025-06-10 17:00:00,1232.0,1085.7195
2025-06-10 18:00:00,893.0,860.58484
2025-06-10 19:00:00,576.0,461.20657
2025-06-10 20:00:00,336.0,293.67047
2025-06-10 21:00:00,251.0,207.53925
2025-06-10 22:00:00,199.0,136.16272
2025-06-10 23:00:00,110.0,92.89307
2025-06-11 00:00:00,45.0,73.65463
2025-06-11 01:00:00,44.0,54.529236
2025-06-11 02:00:00,24.0,48.601654
2025-06-11 03:00:00,34.0,54.058563
2025-06-11 04:00:00,86.0,73.29611
2025-06-11 05:00:00,282.0,254.40689
2025-06-11 06:00:00,688.0,703.65466
2025-06-11 07:00:00,809.0,769.4551
2025-06-11 08:00:00,771.0,728.5292
2025-06-11 09:00:00,801.0,701.42615
2025-06-11 10:00:00,906.0,688.26624
2025-06-11 11:00:00,925.0,674.5791
2025-06-11 12:00:00,762.0,662.93005
2025-06-11 13:00:00,805.0,652.17334
2025-06-11 14:00:00,695.0,657.4762
2025-06-11 15:00:00,786.0,724.7398
2025-06-11 16:00:00,1033.0,938.0751
2025-06-11 17:00:00,1209.0,1086.9547
2025-06-11 18:00:00,862.0,977.7558
2025-06-11 19:00:00,614.0,596.4578
2025-06-11 20:00:00,397.0,340.84106
2025-06-11 21:00:00,282.0,267.26608
2025-06-11 22:00:00,236.0,194.45395
2025-06-11 23:00:00,137.0,115.66446
2025-06-12 00:00:00,48.0,91.117584
2025-06-12 01:00:00,53.0,63.40326
2025-06-12 02:00:00,36.0,55.59601
2025-06-12 03:00:00,48.0,59.34259
2025-06-12 04:00:00,90.0,79.97571
2025-06-12 05:00:00,259.0,434.70728
2025-06-12 06:00:00,659.0,677.4271
2025-06-12 07:00:00,927.0,776.987
2025-06-12 08:00:00,867.0,755.8588
2025-06-12 09:00:00,865.0,739.6415
2025-06-12 10:00:00,903.0,725.1688
2025-06-12 11:00:00,894.0,714.5763
2025-06-12 12:00:00,767.0,701.85205
2025-06-12 13:00:00,801.0,695.0072
2025-06-12 14:00:00,746.0,707.4171
2025-06-12 15:00:00,802.0,798.8839
2025-06-12 16:00:00,1121.0,1004.052
2025-06-12 17:00:00,1211.0,1098.7992
2025-06-12 18:00:00,967.0,1004.4531
2025-06-12 19:00:00,673.0,617.6324
2025-06-12 20:00:00,459.0,393.48508
2025-06-12 21:00:00,329.0,322.05023
2025-06-12 22:00:00,261.0,244.62332
2025-06-12 23:00:00,172.0,155.38986
2025-06-13 00:00:00,115.0,109.94739
2025-06-13 01:00:00,90.0,75.70087
2025-06-13 02:00:00,63.0,59.712433
2025-06-13 03:00:00,66.0,60.748077
2025-06-13 04:00:00,117.0,80.52933
2025-06-13 05:00:00,323.0,377.16235
2025-06-13 06:00:00,745.0,667.80383
2025-06-13 07:00:00,887.0,764.2267
2025-06-13 08:00:00,829.0,763.537
2025-06-13 09:00:00,837.0,759.7245
2025-06-13 10:00:00,873.0,756.79395
2025-06-13 11:00:00,903.0,751.836
2025-06-13 12:00:00,826.0,745.3755
2025-06-13 13:00:00,866.0,747.46826
2025-06-13 14:00:00,826.0,793.8258
2025-06-13 15:00:00,913.0,910.2415
2025-06-13 16:00:00,1205.0,1064.1769
2025-06-13 17:00:00,1342.0,1110.0751
2025-06-13 18:00:00,1092.0,1021.5558
2025-06-13 19:00:00,864.0,718.9164
2025-06-13 20:00:00,587.0,437.7932
2025-06-13 21:00:00,476.0,367.62415
2025-06-13 22:00:00,429.0,283.56067
2025-06-13 23:00:00,320.0,198.84811
2025-06-14 00:00:00,226.0,162.45865
2025-06-14 01:00:00,195.0,146.43503
2025-06-14 02:00:00,193.0,131.7359
2025-06-14 03:00:00,223.0,129.91925
2025-06-14 04:00:00,338.0,148.169
2025-06-14 05:00:00,594.0,197.03186
2025-06-14 06:00:00,829.0,400.26706
2025-06-14 07:00:00,949.0,684.6413
2025-06-14 08:00:00,964.0,791.75116
2025-06-14 09:00:00,1294.0,835.9741
2025-06-14 10:00:00,1038.0,845.47034
2025-06-14 11:00:00,1141.0,842.2693
2025-06-14 12:00:00,1015.0,821.97473
2025-06-14 13:00:00,825.0,790.8572
2025-06-14 14:00:00,790.0,762.10187
2025-06-14 15:00:00,729.0,721.4508
2025-06-14 16:00:00,694.0,648.8755
2025-06-14 17:00:00,681.0,593.73346
2025-06-14 18:00:00,630.0,519.8555
2025-06-14 19:00:00,401.0,395.2216
2025-06-14 20:00:00,363.0,290.9368
2025-06-14 21:00:00,327.0,257.0631
2025-06-14 22:00:00,300.0,219.83524
2025-06-14 23:00:00,239.0,186.61758
2025-06-15 00:00:00,193.0,138.6835
2025-06-15 01:00:00,162.0,123.41626
2025-06-15 02:00:00,129.0,113.130035
2025-06-15 03:00:00,139.0,113.90689
2025-06-15 04:00:00,187.0,124.75064
2025-06-15 05:00:00,363.0,165.49094
2025-06-15 06:00:00,422.0,310.36057
2025-06-15 07:00:00,522.0,495.14435
2025-06-15 08:00:00,656.0,476.95053
2025-06-15 09:00:00,833.0,645.3237
2025-06-15 10:00:00,803.0,672.2691
2025-06-15 11:00:00,760.0,791.3895
2025-06-15 12:00:00,729.0,755.3033
2025-06-15 13:00:00,656.0,716.633
2025-06-15 14:00:00,607.0,664.46643
2025-06-15 15:00:00,596.0,650.5661
2025-06-15 16:00:00,635.0,618.41583
2025-06-15 17:00:00,661.0,597.3983
2025-06-15 18:00:00,539.0,513.7518
2025-06-15 19:00:00,410.0,380.47754
2025-06-15 20:00:00,350.0,239.27762
2025-06-15 21:00:00,261.0,219.53642
2025-06-15 22:00:00,165.0,179.08905
2025-06-15 23:00:00,110.0,155.8779
2025-06-16 00:00:00,68.0,72.21176
2025-06-16 01:00:00,45.0,56.098083
2025-06-16 02:00:00,38.0,50.078796
2025-06-16 03:00:00,42.0,53.75659
2025-06-16 04:00:00,116.0,72.38049
2025-06-16 05:00:00,288.0,230.88344
2025-06-16 06:00:00,705.0,682.2287
2025-06-16 07:00:00,806.0,775.8079
2025-06-16 08:00:00,783.0,653.0546
2025-06-16 09:00:00,803.0,668.7232
2025-06-16 10:00:00,895.0,663.23157
2025-06-16 11:00:00,819.0,660.3998
2025-06-16 12:00:00,723.0,643.1256
2025-06-16 13:00:00,720.0,630.0316
2025-06-16 14:00:00,647.0,639.6984
2025-06-16 15:00:00,765.0,707.8014
2025-06-16 16:00:00,1001.0,904.9903
2025-06-16 17:00:00,1169.0,1044.2721
2025-06-16 18:00:00,856.0,938.4685
2025-06-16 19:00:00,537.0,530.0509
2025-06-16 20:00:00,350.0,272.94318
2025-06-16 21:00:00,245.0,196.0394
2025-06-16 22:00:00,177.0,134.35968
2025-06-16 23:00:00,98.0,95.28607
2025-06-17 00:00:00,64.0,66.168396
2025-06-17 01:00:00,46.0,48.75421
2025-06-17 02:00:00,20.0,42.753082
2025-06-17 03:00:00,24.0,48.522552
2025-06-17 04:00:00,83.0,65.17117
2025-06-17 05:00:00,252.0,253.83968
2025-06-17 06:00:00,666.0,665.49335
2025-06-17 07:00:00,823.0,758.5973
2025-06-17 08:00:00,760.0,719.1915
2025-06-17 09:00:00,681.0,688.48303
2025-06-17 10:00:00,799.0,670.3962
2025-06-17 11:00:00,813.0,651.30206
2025-06-17 12:00:00,709.0,635.613
2025-06-17 13:00:00,674.0,624.28625
2025-06-17 14:00:00,652.0,630.50604
2025-06-17 15:00:00,732.0,693.7236
2025-06-17 16:00:00,955.0,908.58887
2025-06-17 17:00:00,1092.0,1061.0776
2025-06-17 18:00:00,897.0,924.9674
2025-06-17 19:00:00,598.0,585.8552
2025-06-17 20:00:00,383.0,295.9345
2025-06-17 21:00:00,248.0,212.11258
2025-06-17 22:00:00,232.0,137.9884
2025-06-17 23:00:00,139.0,93.51459
2025-06-18 00:00:00,68.0,75.74869
2025-06-18 01:00:00,39.0,55.193542
2025-06-18 02:00:00,29.0,48.90454
2025-06-18 03:00:00,34.0,54.72711
2025-06-18 04:00:00,96.0,74.58832
2025-06-18 05:00:00,261.0,294.39737
2025-06-18 06:00:00,688.0,655.65674
2025-06-18 07:00:00,815.0,769.08655
2025-06-18 08:00:00,784.0,728.37366
2025-06-18 09:00:00,804.0,701.3988
2025-06-18 10:00:00,907.0,688.67694
2025-06-18 11:00:00,838.0,674.6527
2025-06-18 12:00:00,799.0,662.81665
2025-06-18 13:00:00,894.0,652.55597
2025-06-18 14:00:00,786.0,658.2667
2025-06-18 15:00:00,891.0,727.66364
2025-06-18 16:00:00,1084.0,939.95087
2025-06-18 17:00:00,1242.0,1082.4014
2025-06-18 18:00:00,1015.0,972.1565
2025-06-18 19:00:00,777.0,644.63257
2025-06-18 20:00:00,548.0,340.3717
2025-06-18 21:00:00,451.0,266.99014
2025-06-18 22:00:00,367.0,196.2367
2025-06-18 23:00:00,234.0,116.319214
2025-06-19 00:00:00,173.0,173.04489
2025-06-19 01:00:00,97.0,151.64557
2025-06-19 02:00:00,98.0,144.93018
2025-06-19 03:00:00,113.0,159.35794
2025-06-19 04:00:00,200.0,190.21045
2025-06-19 05:00:00,361.0,262.64386
2025-06-19 06:00:00,593.0,366.33453
2025-06-19 07:00:00,719.0,530.26776
2025-06-19 08:00:00,985.0,621.88904
2025-06-19 09:00:00,1128.0,670.6651
2025-06-19 10:00:00,1112.0,684.9763
2025-06-19 11:00:00,951.0,689.6431
2025-06-19 12:00:00,752.0,684.80975
2025-06-19 13:00:00,769.0,674.3813
2025-06-19 14:00:00,624.0,659.0515
2025-06-19 15:00:00,638.0,640.7328
2025-06-19 16:00:00,606.0,613.77045
2025-06-19 17:00:00,630.0,576.8695
2025-06-19 18:00:00,588.0,518.98444
2025-06-19 19:00:00,580.0,443.4102
2025-06-19 20:00:00,417.0,319.9458
2025-06-19 21:00:00,321.0,264.908
2025-06-19 22:00:00,254.0,231.3933
2025-06-19 23:00:00,155.0,200.41214
2025-06-20 00:00:00,99.0,110.89987
2025-06-20 01:00:00,66.0,75.857574
2025-06-20 02:00:00,56.0,60.629364
2025-06-20 03:00:00,66.0,61.007416
2025-06-20 04:00:00,127.0,81.7399
2025-06-20 05:00:00,278.0,441.1205
2025-06-20 06:00:00,533.0,666.72284
2025-06-20 07:00:00,740.0,764.78186
2025-06-20 08:00:00,902.0,763.59204
2025-06-20 09:00:00,1063.0,759.5602
2025-06-20 10:00:00,1067.0,757.0873
2025-06-20 11:00:00,961.0,752.575
2025-06-20 12:00:00,851.0,745.4653
2025-06-20 13:00:00,889.0,747.75
2025-06-20 14:00:00,839.0,790.3445
2025-06-20 15:00:00,880.0,911.9584
2025-06-20 16:00:00,944.0,1074.0583
2025-06-20 17:00:00,989.0,1124.2461
2025-06-20 18:00:00,966.0,1035.2557
2025-06-20 19:00:00,735.0,790.0167
2025-06-20 20:00:00,516.0,439.15735
2025-06-20 21:00:00,390.0,370.16998
2025-06-20 22:00:00,333.0,285.5327
2025-06-20 23:00:00,185.0,192.47205
2025-06-21 00:00:00,203.0,161.25314
2025-06-21 01:00:00,134.0,145.34323
2025-06-21 02:00:00,99.0,132.01709
2025-06-21 03:00:00,116.0,131.20013
2025-06-21 04:00:00,193.0,149.92514
2025-06-21 05:00:00,345.0,333.4356
2025-06-21 06:00:00,546.0,501.53152
2025-06-21 07:00:00,803.0,707.4999
2025-06-21 08:00:00,1040.0,810.8706
2025-06-21 09:00:00,1111.0,845.8871
2025-06-21 10:00:00,1120.0,850.183
2025-06-21 11:00:00,1046.0,845.4863
2025-06-21 12:00:00,888.0,826.0108
2025-06-21 13:00:00,789.0,793.78564
2025-06-21 14:00:00,692.0,761.49536
2025-06-21 15:00:00,620.0,724.3442
2025-06-21 16:00:00,714.0,676.0164
2025-06-21 17:00:00,613.0,597.82983
2025-06-21 18:00:00,593.0,519.8549
2025-06-21 19:00:00,414.0,402.54684
2025-06-21 20:00:00,306.0,290.25833
2025-06-21 21:00:00,275.0,256.40204
2025-06-21 22:00:00,251.0,220.23724
2025-06-21 23:00:00,238.0,185.77567
2025-06-22 00:00:00,183.0,136.98373
2025-06-22 01:00:00,95.0,122.40549
2025-06-22 02:00:00,70.0,112.247986
2025-06-22 03:00:00,76.0,113.690735
2025-06-22 04:00:00,141.0,124.44574
2025-06-22 05:00:00,289.0,248.99538
2025-06-22 06:00:00,378.0,377.8844
2025-06-22 07:00:00,624.0,493.79205
2025-06-22 08:00:00,805.0,637.42126
2025-06-22 09:00:00,1052.0,748.5212
2025-06-22 10:00:00,1056.0,792.7362
2025-06-22 11:00:00,1059.0,787.1931
2025-06-22 12:00:00,862.0,752.2209
2025-06-22 13:00:00,772.0,714.88586
2025-06-22 14:00:00,740.0,676.06854
2025-06-22 15:00:00,738.0,644.5401
2025-06-22 16:00:00,671.0,612.33527
2025-06-22 17:00:00,647.0,569.97473
2025-06-22 18:00:00,508.0,525.2432
2025-06-22 19:00:00,471.0,441.51263
2025-06-22 20:00:00,383.0,257.5256
2025-06-22 21:00:00,310.0,222.549
2025-06-22 22:00:00,223.0,184.87851
2025-06-22 23:00:00,172.0,158.84525
2025-06-23 00:00:00,80.0,75.19943
2025-06-23 01:00:00,52.0,58.210083
2025-06-23 02:00:00,45.0,50.998596
2025-06-23 03:00:00,45.0,55.605286
2025-06-23 04:00:00,110.0,73.320496
2025-06-23 05:00:00,289.0,241.71477
2025-06-23 06:00:00,673.0,667.327
2025-06-23 07:00:00,791.0,739.5956
2025-06-23 08:00:00,709.0,682.2985
2025-06-23 09:00:00,772.0,700.4865
2025-06-23 10:00:00,808.0,676.688
2025-06-23 11:00:00,747.0,648.18445
2025-06-23 12:00:00,703.0,645.6853
2025-06-23 13:00:00,615.0,633.7888
2025-06-23 14:00:00,628.0,633.5045
2025-06-23 15:00:00,704.0,692.06195
2025-06-23 16:00:00,960.0,866.8198
2025-06-23 17:00:00,1193.0,1062.1311
2025-06-23 18:00:00,819.0,905.82104
2025-06-23 19:00:00,503.0,482.90155
2025-06-23 20:00:00,287.0,276.31537
2025-06-23 21:00:00,217.0,199.56757
2025-06-23 22:00:00,178.0,139.09634
2025-06-23 23:00:00,96.0,98.83655
2025-06-24 00:00:00,38.0,68.884705
2025-06-24 01:00:00,26.0,51.183777
2025-06-24 02:00:00,19.0,45.4494
2025-06-24 03:00:00,21.0,49.949432
2025-06-24 04:00:00,78.0,67.21042
2025-06-24 05:00:00,230.0,384.78677
2025-06-24 06:00:00,674.0,664.87915
2025-06-24 07:00:00,851.0,749.1784
2025-06-24 08:00:00,727.0,717.95825
2025-06-24 09:00:00,758.0,687.09717
2025-06-24 10:00:00,822.0,669.1613
2025-06-24 11:00:00,766.0,651.3763
2025-06-24 12:00:00,657.0,636.94867
2025-06-24 13:00:00,648.0,625.8516
2025-06-24 14:00:00,608.0,633.2714
2025-06-24 15:00:00,712.0,699.0234
2025-06-24 16:00:00,973.0,901.67615
2025-06-24 17:00:00,1152.0,1047.4885
2025-06-24 18:00:00,856.0,930.085
2025-06-24 19:00:00,594.0,574.66125
2025-06-24 20:00:00,308.0,298.67093
2025-06-24 21:00:00,227.0,216.49365
2025-06-24 22:00:00,223.0,143.9794
2025-06-24 23:00:00,104.0,96.082275
2025-06-25 00:00:00,45.0,77.625244
2025-06-25 01:00:00,24.0,57.06906
2025-06-25 02:00:00,19.0,49.94928
2025-06-25 03:00:00,19.0,55.972137
2025-06-25 04:00:00,55.0,77.229034
2025-06-25 05:00:00,247.0,398.5658
2025-06-25 06:00:00,704.0,640.0593
2025-06-25 07:00:00,811.0,763.2943
2025-06-25 08:00:00,767.0,726.4779
2025-06-25 09:00:00,781.0,701.4896
2025-06-25 10:00:00,774.0,687.97064
2025-06-25 11:00:00,797.0,674.6444
2025-06-25 12:00:00,743.0,661.60406
2025-06-25 13:00:00,749.0,653.24603
2025-06-25 14:00:00,753.0,661.10986
2025-06-25 15:00:00,739.0,736.16986
2025-06-25 16:00:00,980.0,937.31415
2025-06-25 17:00:00,1288.0,1065.8186
2025-06-25 18:00:00,887.0,963.8209
2025-06-25 19:00:00,600.0,619.15436
2025-06-25 20:00:00,368.0,338.65863
2025-06-25 21:00:00,315.0,265.58453
2025-06-25 22:00:00,249.0,197.13342
2025-06-25 23:00:00,117.0,122.82068
2025-06-26 00:00:00,66.0,96.02017
2025-06-26 01:00:00,32.0,68.19397
2025-06-26 02:00:00,32.0,61.336823
2025-06-26 03:00:00,34.0,67.30408
2025-06-26 04:00:00,103.0,83.7941
2025-06-26 05:00:00,262.0,277.6257
2025-06-26 06:00:00,614.0,674.10046
2025-06-26 07:00:00,813.0,690.25146
2025-06-26 08:00:00,763.0,696.72766
2025-06-26 09:00:00,700.0,716.7146
2025-06-26 10:00:00,669.0,722.0567
2025-06-26 11:00:00,838.0,713.0388
2025-06-26 12:00:00,709.0,685.11847
2025-06-26 13:00:00,722.0,681.5645
2025-06-26 14:00:00,645.0,701.09033
2025-06-26 15:00:00,744.0,782.8419
2025-06-26 16:00:00,1000.0,981.7009
2025-06-26 17:00:00,1273.0,1136.2921
2025-06-26 18:00:00,1057.0,1028.9729
2025-06-26 19:00:00,654.0,631.88965
2025-06-26 20:00:00,425.0,388.90842
2025-06-26 21:00:00,337.0,322.455
2025-06-26 22:00:00,303.0,244.35966
2025-06-26 23:00:00,146.0,153.09082
2025-06-27 00:00:00,93.0,106.662506
2025-06-27 01:00:00,53.0,74.11505
2025-06-27 02:00:00,33.0,59.533386
2025-06-27 03:00:00,33.0,60.625214
2025-06-27 04:00:00,119.0,79.94525
2025-06-27 05:00:00,296.0,378.9588
2025-06-27 06:00:00,647.0,629.65826
2025-06-27 07:00:00,813.0,773.20166
2025-06-27 08:00:00,826.0,762.71643
2025-06-27 09:00:00,872.0,759.898
2025-06-27 10:00:00,1037.0,727.6439
2025-06-27 11:00:00,1040.0,716.2249
2025-06-27 12:00:00,990.0,735.35596
2025-06-27 13:00:00,1033.0,723.72815
2025-06-27 14:00:00,947.0,790.1039
2025-06-27 15:00:00,962.0,913.8403
2025-06-27 16:00:00,1178.0,1079.1276
2025-06-27 17:00:00,1242.0,1144.6075
2025-06-27 18:00:00,1183.0,1055.1697
2025-06-27 19:00:00,856.0,781.91534
2025-06-27 20:00:00,632.0,438.62335
2025-06-27 21:00:00,502.0,369.43637
2025-06-27 22:00:00,471.0,284.86774
2025-06-27 23:00:00,354.0,197.861
2025-06-28 00:00:00,259.0,162.7102
2025-06-28 01:00:00,196.0,145.94617
2025-06-28 02:00:00,115.0,132.02289
2025-06-28 03:00:00,151.0,130.12592
2025-06-28 04:00:00,185.0,148.38037
2025-06-28 05:00:00,326.0,320.79346
2025-06-28 06:00:00,621.0,480.24802
2025-06-28 07:00:00,786.0,692.3432
2025-06-28 08:00:00,975.0,799.0271
2025-06-28 09:00:00,1192.0,840.03107
2025-06-28 10:00:00,1167.0,848.1873
2025-06-28 11:00:00,1159.0,845.2336
2025-06-28 12:00:00,959.0,826.04944
2025-06-28 13:00:00,883.0,793.6214
2025-06-28 14:00:00,784.0,763.1638
2025-06-28 15:00:00,687.0,723.44434
2025-06-28 16:00:00,742.0,675.01965
2025-06-28 17:00:00,631.0,597.5559
2025-06-28 18:00:00,622.0,531.097
2025-06-28 19:00:00,484.0,447.23254
2025-06-28 20:00:00,332.0,290.00345
2025-06-28 21:00:00,271.0,257.43768
2025-06-28 22:00:00,255.0,220.20268
2025-06-28 23:00:00,286.0,187.80078
2025-06-29 00:00:00,205.0,139.18677
2025-06-29 01:00:00,131.0,123.697845
2025-06-29 02:00:00,76.0,113.80792
2025-06-29 03:00:00,91.0,114.15619
2025-06-29 04:00:00,136.0,124.7901
2025-06-29 05:00:00,261.0,255.47768
2025-06-29 06:00:00,405.0,381.34726
2025-06-29 07:00:00,567.0,497.29047
2025-06-29 08:00:00,801.0,636.08813
2025-06-29 09:00:00,973.0,738.70245
2025-06-29 10:00:00,938.0,786.9529
2025-06-29 11:00:00,966.0,785.941
2025-06-29 12:00:00,809.0,751.6211
2025-06-29 13:00:00,764.0,713.9646
2025-06-29 14:00:00,703.0,674.74536
2025-06-29 15:00:00,644.0,641.8874
2025-06-29 16:00:00,611.0,608.0901
2025-06-29 17:00:00,645.0,569.0764
2025-06-29 18:00:00,543.0,526.4832
2025-06-29 19:00:00,515.0,445.4276
2025-06-29 20:00:00,409.0,257.5118
2025-06-29 21:00:00,317.0,222.61073
2025-06-29 22:00:00,216.0,187.51828
2025-06-29 23:00:00,127.0,160.82095
2025-06-30 00:00:00,84.0,77.80621
2025-06-30 01:00:00,40.0,59.39499
2025-06-30 02:00:00,39.0,50.940796
2025-06-30 03:00:00,49.0,55.341675
2025-06-30 04:00:00,116.0,73.74301
2025-06-30 05:00:00,288.0,213.43082
2025-06-30 06:00:00,652.0,655.82275
2025-06-30 07:00:00,803.0,705.9199
2025-06-30 08:00:00,179.0,732.30304
2025-06-30 09:00:00,736.0,703.6672
2025-06-30 10:00:00,832.0,680.95306
2025-06-30 11:00:00,862.0,664.1334
2025-06-30 12:00:00,784.0,651.4353
2025-06-30 13:00:00,703.0,641.9072
2025-06-30 14:00:00,648.0,636.1102
2025-06-30 15:00:00,723.0,676.991
2025-06-30 16:00:00,971.0,859.6166
2025-06-30 17:00:00,1276.0,1027.3616
2025-06-30 18:00:00,862.0,799.0773
2025-06-30 19:00:00,494.0,430.0511
2025-06-30 20:00:00,362.0,276.74887
2025-06-30 21:00:00,247.0,200.53119
2025-06-30 22:00:00,228.0,139.77676
2025-06-30 23:00:00,124.0,99.324524
2025-07-01 00:00:00,78.0,67.758545
2025-07-01 01:00:00,40.0,51.39453
2025-07-01 02:00:00,35.0,45.730408
2025-07-01 03:00:00,38.0,49.322174
2025-07-01 04:00:00,95.0,67.01062
2025-07-01 05:00:00,266.0,279.10962
2025-07-01 06:00:00,641.0,678.0853
2025-07-01 07:00:00,773.0,707.56604
2025-07-01 08:00:00,707.0,678.3487
2025-07-01 09:00:00,702.0,687.08905
2025-07-01 10:00:00,769.0,672.2721
2025-07-01 11:00:00,711.0,653.9098
2025-07-01 12:00:00,674.0,640.69556
2025-07-01 13:00:00,672.0,633.8899
2025-07-01 14:00:00,623.0,643.62994
2025-07-01 15:00:00,732.0,717.23035
2025-07-01 16:00:00,990.0,899.7197
2025-07-01 17:00:00,1237.0,1043.4452
2025-07-01 18:00:00,851.0,922.52075
2025-07-01 19:00:00,525.0,528.7768
2025-07-01 20:00:00,350.0,294.74188
2025-07-01 21:00:00,268.0,214.87679
2025-07-01 22:00:00,238.0,147.40787
2025-07-01 23:00:00,151.0,98.693054
2025-07-02 00:00:00,71.0,82.670746
2025-07-02 01:00:00,40.0,58.987366
2025-07-02 02:00:00,41.0,50.51468
2025-07-02 03:00:00,47.0,56.17694
2025-07-02 04:00:00,87.0,75.48712
2025-07-02 05:00:00,237.0,368.0045
2025-07-02 06:00:00,614.0,620.04065
2025-07-02 07:00:00,817.0,753.74744
2025-07-02 08:00:00,755.0,729.57166
2025-07-02 09:00:00,729.0,703.92487
2025-07-02 10:00:00,738.0,690.1891
2025-07-02 11:00:00,695.0,675.96216
2025-07-02 12:00:00,708.0,662.8669
2025-07-02 13:00:00,706.0,656.9333
2025-07-02 14:00:00,699.0,669.86
2025-07-02 15:00:00,738.0,755.839
2025-07-02 16:00:00,1039.0,951.84033
2025-07-02 17:00:00,1188.0,1068.5455
2025-07-02 18:00:00,896.0,956.9946
2025-07-02 19:00:00,599.0,578.92847
2025-07-02 20:00:00,396.0,331.68054
2025-07-02 21:00:00,340.0,260.94727
2025-07-02 22:00:00,256.0,192.49005
2025-07-02 23:00:00,148.0,120.27591
2025-07-03 00:00:00,101.0,97.547
2025-07-03 01:00:00,54.0,67.5437
2025-07-03 02:00:00,51.0,59.035034
2025-07-03 03:00:00,52.0,62.96521
2025-07-03 04:00:00,95.0,83.973755
2025-07-03 05:00:00,272.0,323.25195
2025-07-03 06:00:00,646.0,658.73126
2025-07-03 07:00:00,866.0,764.09827
2025-07-03 08:00:00,775.0,718.48596
2025-07-03 09:00:00,750.0,739.5265
2025-07-03 10:00:00,764.0,729.7366
2025-07-03 11:00:00,790.0,716.26355
2025-07-03 12:00:00,791.0,705.3131
2025-07-03 13:00:00,786.0,682.29535
2025-07-03 14:00:00,764.0,713.23926
2025-07-03 15:00:00,866.0,794.99805
2025-07-03 16:00:00,1118.0,1005.4474
2025-07-03 17:00:00,1252.0,1107.6647
2025-07-03 18:00:00,1054.0,999.8236
2025-07-03 19:00:00,702.0,637.9627
2025-07-03 20:00:00,534.0,389.15097
2025-07-03 21:00:00,401.0,320.6542
2025-07-03 22:00:00,335.0,246.55557
2025-07-03 23:00:00,227.0,159.4379
2025-07-04 00:00:00,156.0,111.91019
2025-07-04 01:00:00,89.0,75.713135
2025-07-04 02:00:00,86.0,62.36908
2025-07-04 03:00:00,87.0,164.96353
2025-07-04 04:00:00,161.0,157.61179
2025-07-04 05:00:00,289.0,225.17383
2025-07-04 06:00:00,675.0,606.8331
2025-07-04 07:00:00,764.0,731.2555
2025-07-04 08:00:00,794.0,713.85706
2025-07-04 09:00:00,834.0,719.23816
2025-07-04 10:00:00,863.0,721.7069
2025-07-04 11:00:00,876.0,718.7929
2025-07-04 12:00:00,819.0,747.3871
2025-07-04 13:00:00,901.0,751.9738
2025-07-04 14:00:00,888.0,792.063
2025-07-04 15:00:00,1013.0,915.41003
2025-07-04 16:00:00,1244.0,1077.0287
2025-07-04 17:00:00,1295.0,1126.6753
2025-07-04 18:00:00,1148.0,1027.9956
2025-07-04 19:00:00,752.0,736.531
2025-07-04 20:00:00,530.0,442.638
2025-07-04 21:00:00,450.0,372.88745
2025-07-04 22:00:00,439.0,285.04736
2025-07-04 23:00:00,403.0,191.63101
2025-07-05 00:00:00,305.0,162.8526
2025-07-05 01:00:00,189.0,144.9932
2025-07-05 02:00:00,201.0,130.23532
2025-07-05 03:00:00,248.0,126.64093
2025-07-05 04:00:00,407.0,145.32806
2025-07-05 05:00:00,455.0,252.9246
2025-07-05 06:00:00,622.0,390.0089
2025-07-05 07:00:00,695.0,622.76605
2025-07-05 08:00:00,875.0,811.0962
2025-07-05 09:00:00,1013.0,767.9596
2025-07-05 10:00:00,1034.0,851.37445
2025-07-05 11:00:00,1056.0,822.5679
2025-07-05 12:00:00,1083.0,828.5708
2025-07-05 13:00:00,928.0,795.5706
2025-07-05 14:00:00,850.0,760.19556
2025-07-05 15:00:00,778.0,728.03906
2025-07-05 16:00:00,757.0,676.1839
2025-07-05 17:00:00,734.0,616.7174
2025-07-05 18:00:00,625.0,519.91296
2025-07-05 19:00:00,458.0,401.98935
2025-07-05 20:00:00,365.0,291.30814
2025-07-05 21:00:00,309.0,259.09973
2025-07-05 22:00:00,301.0,223.45349
2025-07-05 23:00:00,265.0,189.81775
2025-07-06 00:00:00,201.0,139.10013
2025-07-06 01:00:00,163.0,121.82428
2025-07-06 02:00:00,131.0,110.77435
2025-07-06 03:00:00,146.0,110.97412
2025-07-06 04:00:00,207.0,122.19208
2025-07-06 05:00:00,426.0,211.03442
2025-07-06 06:00:00,661.0,313.1267
2025-07-06 07:00:00,527.0,320.06708
2025-07-06 08:00:00,734.0,511.46878
2025-07-06 09:00:00,901.0,706.117
2025-07-06 10:00:00,948.0,736.61536
2025-07-06 11:00:00,933.0,696.0909
2025-07-06 12:00:00,630.0,696.3731
2025-07-06 13:00:00,618.0,649.13104
2025-07-06 14:00:00,620.0,634.0768
2025-07-06 15:00:00,685.0,622.7474
2025-07-06 16:00:00,640.0,611.8002
2025-07-06 17:00:00,633.0,581.2815
2025-07-06 18:00:00,518.0,495.39325
2025-07-06 19:00:00,448.0,310.44727
2025-07-06 20:00:00,388.0,248.93881
2025-07-06 21:00:00,275.0,219.63026
2025-07-06 22:00:00,196.0,182.1373
2025-07-06 23:00:00,132.0,157.34271
2025-07-07 00:00:00,91.0,71.01526
2025-07-07 01:00:00,73.0,52.94101
2025-07-07 02:00:00,49.0,48.668213
2025-07-07 03:00:00,79.0,51.60083
2025-07-07 04:00:00,145.0,68.53021
2025-07-07 05:00:00,334.0,177.17468
2025-07-07 06:00:00,671.0,641.4706
2025-07-07 07:00:00,721.0,687.6022
2025-07-07 08:00:00,603.0,662.11584
2025-07-07 09:00:00,731.0,667.2034
2025-07-07 10:00:00,833.0,656.6759
2025-07-07 11:00:00,790.0,636.50134
2025-07-07 12:00:00,694.0,629.1285
2025-07-07 13:00:00,731.0,624.8006
2025-07-07 14:00:00,562.0,632.27783
2025-07-07 15:00:00,690.0,744.38293
2025-07-07 16:00:00,947.0,953.2339
2025-07-07 17:00:00,1153.0,1016.20166
2025-07-07 18:00:00,774.0,841.1124
2025-07-07 19:00:00,463.0,443.29034
2025-07-07 20:00:00,265.0,282.34964
2025-07-07 21:00:00,205.0,199.03293
2025-07-07 22:00:00,180.0,133.47699
2025-07-07 23:00:00,97.0,94.92636
2025-07-08 00:00:00,65.0,64.83005
2025-07-08 01:00:00,50.0,46.331757
2025-07-08 02:00:00,33.0,39.94287
2025-07-08 03:00:00,44.0,46.116425
2025-07-08 04:00:00,94.0,59.80954
2025-07-08 05:00:00,243.0,155.04712
2025-07-08 06:00:00,586.0,574.6895
2025-07-08 07:00:00,737.0,680.13245
2025-07-08 08:00:00,665.0,659.1312
2025-07-08 09:00:00,671.0,659.35394
2025-07-08 10:00:00,701.0,650.97125
2025-07-08 11:00:00,725.0,641.3737
2025-07-08 12:00:00,662.0,631.4855
2025-07-08 13:00:00,695.0,625.14825
2025-07-08 14:00:00,662.0,638.49194
2025-07-08 15:00:00,733.0,711.61194
2025-07-08 16:00:00,968.0,939.4163
2025-07-08 17:00:00,1241.0,1060.5259
2025-07-08 18:00:00,845.0,968.9474
2025-07-08 19:00:00,541.0,452.89325
2025-07-08 20:00:00,349.0,283.97638
2025-07-08 21:00:00,243.0,200.56195
2025-07-08 22:00:00,198.0,134.29391
2025-07-08 23:00:00,132.0,89.92297
2025-07-09 00:00:00,78.0,71.688965
2025-07-09 01:00:00,47.0,53.068115
2025-07-09 02:00:00,30.0,46.684906
2025-07-09 03:00:00,58.0,51.724884
2025-07-09 04:00:00,155.0,69.39288
2025-07-09 05:00:00,299.0,199.72354
2025-07-09 06:00:00,621.0,700.22314
2025-07-09 07:00:00,833.0,778.1305
2025-07-09 08:00:00,720.0,733.734
2025-07-09 09:00:00,784.0,704.03015
2025-07-09 10:00:00,876.0,688.9792
2025-07-09 11:00:00,897.0,667.7887
2025-07-09 12:00:00,721.0,657.56287
2025-07-09 13:00:00,736.0,647.9673
2025-07-09 14:00:00,755.0,655.3737
2025-07-09 15:00:00,734.0,746.26917
2025-07-09 16:00:00,1021.0,954.3921
2025-07-09 17:00:00,1225.0,1098.2671
2025-07-09 18:00:00,867.0,983.1854
2025-07-09 19:00:00,636.0,632.726
2025-07-09 20:00:00,413.0,335.2145
2025-07-09 21:00:00,348.0,260.59253
2025-07-09 22:00:00,246.0,185.31284
2025-07-09 23:00:00,179.0,107.21588
2025-07-10 00:00:00,183.0,86.05478
2025-07-10 01:00:00,103.0,60.56726
2025-07-10 02:00:00,67.0,53.45706
2025-07-10 03:00:00,77.0,57.851166
2025-07-10 04:00:00,118.0,76.370575
2025-07-10 05:00:00,335.0,399.97714
2025-07-10 06:00:00,711.0,664.89325
2025-07-10 07:00:00,953.0,776.37164
2025-07-10 08:00:00,900.0,756.78467
2025-07-10 09:00:00,966.0,739.30457
2025-07-10 10:00:00,1063.0,728.9276
2025-07-10 11:00:00,948.0,715.80615
2025-07-10 12:00:00,822.0,704.27893
2025-07-10 13:00:00,810.0,698.2897
2025-07-10 14:00:00,749.0,709.89276
2025-07-10 15:00:00,790.0,804.9787
2025-07-10 16:00:00,1077.0,1017.29834
2025-07-10 17:00:00,1300.0,1118.3357
2025-07-10 18:00:00,1031.0,1004.6859
2025-07-10 19:00:00,809.0,727.1266
2025-07-10 20:00:00,536.0,388.60553
2025-07-10 21:00:00,425.0,322.6067
2025-07-10 22:00:00,307.0,239.84613
2025-07-10 23:00:00,212.0,148.30884
2025-07-11 00:00:00,141.0,103.42868
2025-07-11 01:00:00,83.0,70.77377
2025-07-11 02:00:00,92.0,58.38022
2025-07-11 03:00:00,126.0,60.125336
2025-07-11 04:00:00,197.0,77.43857
2025-07-11 05:00:00,417.0,388.938
2025-07-11 06:00:00,790.0,651.10077
2025-07-11 07:00:00,906.0,768.9048
2025-07-11 08:00:00,919.0,767.6959
2025-07-11 09:00:00,1051.0,760.00195
2025-07-11 10:00:00,1029.0,758.34436
2025-07-11 11:00:00,955.0,755.32495
2025-07-11 12:00:00,865.0,743.7258
2025-07-11 13:00:00,970.0,752.6991
2025-07-11 14:00:00,954.0,792.93427
2025-07-11 15:00:00,1009.0,922.1843
2025-07-11 16:00:00,1169.0,1075.485
2025-07-11 17:00:00,1295.0,1144.9279
2025-07-11 18:00:00,1201.0,1056.8855
2025-07-11 19:00:00,887.0,745.2058
2025-07-11 20:00:00,684.0,444.10236
2025-07-11 21:00:00,678.0,373.9851
2025-07-11 22:00:00,508.0,286.03262
2025-07-11 23:00:00,406.0,188.33786
2025-07-12 00:00:00,335.0,162.13959
2025-07-12 01:00:00,264.0,144.27612
2025-07-12 02:00:00,253.0,131.94254
2025-07-12 03:00:00,377.0,130.61792
2025-07-12 04:00:00,476.0,150.83374
2025-07-12 05:00:00,517.0,277.31027
2025-07-12 06:00:00,550.0,517.79285
2025-07-12 07:00:00,724.0,720.8878
2025-07-12 08:00:00,875.0,821.1044
2025-07-12 09:00:00,1128.0,850.5737
2025-07-12 10:00:00,1155.0,854.24744
2025-07-12 11:00:00,1231.0,848.81946
2025-07-12 12:00:00,1110.0,829.2481
2025-07-12 13:00:00,1009.0,795.43506
2025-07-12 14:00:00,1018.0,761.47815
2025-07-12 15:00:00,902.0,727.7395
2025-07-12 16:00:00,976.0,685.8033
2025-07-12 17:00:00,803.0,606.55396
2025-07-12 18:00:00,714.0,534.45026
2025-07-12 19:00:00,501.0,448.34756
2025-07-12 20:00:00,402.0,292.12927
2025-07-12 21:00:00,374.0,257.72366
2025-07-12 22:00:00,309.0,226.1733
2025-07-12 23:00:00,318.0,189.16989
2025-07-13 00:00:00,304.0,137.20813
2025-07-13 01:00:00,236.0,120.57779
2025-07-13 02:00:00,192.0,109.427734
2025-07-13 03:00:00,289.0,110.64096
2025-07-13 04:00:00,416.0,122.159
2025-07-13 05:00:00,425.0,171.9515
2025-07-13 06:00:00,473.0,285.22028
2025-07-13 07:00:00,466.0,401.59137
2025-07-13 08:00:00,581.0,627.6526
2025-07-13 09:00:00,779.0,741.96313
2025-07-13 10:00:00,727.0,793.4968
2025-07-13 11:00:00,1092.0,724.29395
2025-07-13 12:00:00,1313.0,758.0936
2025-07-13 13:00:00,1113.0,720.6456
2025-07-13 14:00:00,860.0,679.97003
2025-07-13 15:00:00,894.0,653.04614
2025-07-13 16:00:00,798.0,620.20245
2025-07-13 17:00:00,690.0,579.50714
2025-07-13 18:00:00,532.0,513.5044
2025-07-13 19:00:00,499.0,405.5409
2025-07-13 20:00:00,416.0,261.2896
2025-07-13 21:00:00,313.0,224.3027
2025-07-13 22:00:00,225.0,188.37045
2025-07-13 23:00:00,163.0,160.56616
2025-07-14 00:00:00,130.0,73.70938
2025-07-14 01:00:00,111.0,57.246338
2025-07-14 02:00:00,89.0,50.04297
2025-07-14 03:00:00,118.0,53.48456
2025-07-14 04:00:00,199.0,67.70792
2025-07-14 05:00:00,398.0,156.24542
2025-07-14 06:00:00,772.0,644.72784
2025-07-14 07:00:00,754.0,691.48456
2025-07-14 08:00:00,747.0,663.9657
2025-07-14 09:00:00,742.0,664.13763
2025-07-14 10:00:00,657.0,646.1853
2025-07-14 11:00:00,955.0,648.6638
2025-07-14 12:00:00,1105.0,649.5872
2025-07-14 13:00:00,1195.0,643.6948
2025-07-14 14:00:00,1256.0,650.76245
2025-07-14 15:00:00,927.0,703.09906
2025-07-14 16:00:00,913.0,921.04675
2025-07-14 17:00:00,1192.0,1070.5566
2025-07-14 18:00:00,768.0,804.00574
2025-07-14 19:00:00,533.0,420.14297
2025-07-14 20:00:00,288.0,276.3266
2025-07-14 21:00:00,224.0,199.30383
2025-07-14 22:00:00,18.0,138.53049
2025-07-14 23:00:00,1.0,96.26755
2025-07-15 00:00:00,1.0,66.238556
2025-07-15 01:00:00,0.0,50.067352
2025-07-15 02:00:00,6.0,43.49524
2025-07-15 03:00:00,3.0,45.217255
2025-07-15 04:00:00,73.0,64.91171
2025-07-15 05:00:00,306.0,174.30835
2025-07-15 06:00:00,677.0,675.6122
2025-07-15 07:00:00,798.0,708.2461
2025-07-15 08:00:00,688.0,671.55835
2025-07-15 09:00:00,751.0,656.63007
2025-07-15 10:00:00,864.0,652.70575
2025-07-15 11:00:00,689.0,639.7633
2025-07-15 12:00:00,744.0,633.45123
2025-07-15 13:00:00,751.0,625.71814
2025-07-15 14:00:00,621.0,650.4004
2025-07-15 15:00:00,650.0,740.5665
2025-07-15 16:00:00,915.0,938.1065
2025-07-15 17:00:00,1201.0,1107.323
2025-07-15 18:00:00,819.0,837.2992
2025-07-15 19:00:00,554.0,447.8751
2025-07-15 20:00:00,363.0,293.09637
2025-07-15 21:00:00,250.0,211.70557
2025-07-15 22:00:00,211.0,142.39465
2025-07-15 23:00:00,118.0,95.03079
2025-07-16 00:00:00,97.0,76.67163
2025-07-16 01:00:00,75.0,56.68335
2025-07-16 02:00:00,49.0,49.309387
2025-07-16 03:00:00,100.0,54.421936
2025-07-16 04:00:00,133.0,73.65662
2025-07-16 05:00:00,316.0,224.83176
2025-07-16 06:00:00,706.0,692.9613
2025-07-16 07:00:00,817.0,711.1617
2025-07-16 08:00:00,758.0,681.7101
2025-07-16 09:00:00,828.0,676.1117
2025-07-16 10:00:00,874.0,671.496
2025-07-16 11:00:00,879.0,663.5505
2025-07-16 12:00:00,721.0,653.75244
2025-07-16 13:00:00,772.0,648.0399
2025-07-16 14:00:00,734.0,652.2478
2025-07-16 15:00:00,750.0,715.6096
2025-07-16 16:00:00,984.0,928.3206
2025-07-16 17:00:00,1246.0,1116.3247
2025-07-16 18:00:00,878.0,863.6592
2025-07-16 19:00:00,624.0,438.16974
2025-07-16 20:00:00,442.0,335.21234
2025-07-16 21:00:00,324.0,263.67126
2025-07-16 22:00:00,241.0,189.45947
2025-07-16 23:00:00,141.0,115.46741
2025-07-17 00:00:00,102.0,96.78583
2025-07-17 01:00:00,62.0,82.87576
2025-07-17 02:00:00,87.0,98.81793
2025-07-17 03:00:00,103.0,56.618378
2025-07-17 04:00:00,156.0,75.6561
2025-07-17 05:00:00,332.0,299.46103
2025-07-17 06:00:00,657.0,660.365
2025-07-17 07:00:00,826.0,757.51355
2025-07-17 08:00:00,642.0,727.29755
2025-07-17 09:00:00,813.0,702.4144
2025-07-17 10:00:00,844.0,700.9519
2025-07-17 11:00:00,852.0,698.7384
2025-07-17 12:00:00,773.0,686.7394
2025-07-17 13:00:00,797.0,683.8487
2025-07-17 14:00:00,731.0,701.8727
2025-07-17 15:00:00,833.0,808.7827
2025-07-17 16:00:00,1053.0,1019.03516
2025-07-17 17:00:00,1250.0,1118.7018
2025-07-17 18:00:00,952.0,1004.3031
2025-07-17 19:00:00,781.0,723.68555
2025-07-17 20:00:00,636.0,388.58157
2025-07-17 21:00:00,449.0,322.9345
2025-07-17 22:00:00,352.0,240.65475
2025-07-17 23:00:00,259.0,149.2002
2025-07-18 00:00:00,181.0,103.620544
2025-07-18 01:00:00,164.0,70.851715
2025-07-18 02:00:00,124.0,58.31967
2025-07-18 03:00:00,159.0,59.652374
2025-07-18 04:00:00,269.0,77.812164
2025-07-18 05:00:00,457.0,355.80627
2025-07-18 06:00:00,793.0,646.42413
2025-07-18 07:00:00,916.0,764.4568
2025-07-18 08:00:00,941.0,762.27234
2025-07-18 09:00:00,1062.0,760.21936
2025-07-18 10:00:00,1109.0,758.53156
2025-07-18 11:00:00,1012.0,756.4297
2025-07-18 12:00:00,1026.0,749.942
2025-07-18 13:00:00,1063.0,753.7814
2025-07-18 14:00:00,1053.0,795.9896
2025-07-18 15:00:00,1073.0,923.4169
2025-07-18 16:00:00,1211.0,1076.386
2025-07-18 17:00:00,1297.0,1125.7344
2025-07-18 18:00:00,1068.0,1024.0752
2025-07-18 19:00:00,870.0,781.20667
2025-07-18 20:00:00,696.0,442.9636
2025-07-18 21:00:00,625.0,373.88333
2025-07-18 22:00:00,467.0,286.344
2025-07-18 23:00:00,466.0,189.80252
2025-07-19 00:00:00,365.0,162.62228
2025-07-19 01:00:00,322.0,144.51047
2025-07-19 02:00:00,279.0,130.57965
2025-07-19 03:00:00,421.0,127.94357
2025-07-19 04:00:00,428.0,146.9206
2025-07-19 05:00:00,504.0,220.1758
2025-07-19 06:00:00,487.0,359.09628
2025-07-19 07:00:00,644.0,711.7101
2025-07-19 08:00:00,811.0,817.1881
2025-07-19 09:00:00,957.0,845.40405
2025-07-19 10:00:00,938.0,852.6474
2025-07-19 11:00:00,1005.0,847.55115
2025-07-19 12:00:00,998.0,805.6998
2025-07-19 13:00:00,1076.0,705.65186
2025-07-19 14:00:00,964.0,662.0238
2025-07-19 15:00:00,858.0,664.53735
2025-07-19 16:00:00,851.0,640.0776
2025-07-19 17:00:00,722.0,630.4675
2025-07-19 18:00:00,626.0,531.38654
2025-07-19 19:00:00,470.0,408.74362
2025-07-19 20:00:00,387.0,292.97833
2025-07-19 21:00:00,288.0,257.25378
2025-07-19 22:00:00,283.0,226.96834
2025-07-19 23:00:00,275.0,189.20587
2025-07-20 00:00:00,196.0,137.47128
2025-07-20 01:00:00,204.0,120.89932
2025-07-20 02:00:00,228.0,109.581635
2025-07-20 03:00:00,287.0,110.433624
2025-07-20 04:00:00,378.0,121.9017
2025-07-20 05:00:00,452.0,153.233
2025-07-20 06:00:00,522.0,327.74207
2025-07-20 07:00:00,517.0,495.71338
2025-07-20 08:00:00,638.0,632.5447
2025-07-20 09:00:00,834.0,750.4246
2025-07-20 10:00:00,824.0,801.2986
2025-07-20 11:00:00,1146.0,784.6772
2025-07-20 12:00:00,1056.0,757.3589
2025-07-20 13:00:00,954.0,718.22925
2025-07-20 14:00:00,977.0,674.0398
2025-07-20 15:00:00,916.0,621.87634
2025-07-20 16:00:00,868.0,588.3289
2025-07-20 17:00:00,746.0,570.8353
2025-07-20 18:00:00,570.0,489.75085
2025-07-20 19:00:00,425.0,338.7832
2025-07-20 20:00:00,350.0,230.57513
2025-07-20 21:00:00,300.0,207.06787
2025-07-20 22:00:00,189.0,183.15704
2025-07-20 23:00:00,153.0,158.35052
2025-07-21 00:00:00,123.0,63.921326
2025-07-21 01:00:00,79.0,84.170654
2025-07-21 02:00:00,94.0,40.502472
2025-07-21 03:00:00,164.0,53.662598
2025-07-21 04:00:00,251.0,67.818146
2025-07-21 05:00:00,377.0,167.14279
2025-07-21 06:00:00,666.0,644.88464
2025-07-21 07:00:00,761.0,723.2149
2025-07-21 08:00:00,686.0,681.75995
2025-07-21 09:00:00,826.0,666.1074
2025-07-21 10:00:00,871.0,656.29346
2025-07-21 11:00:00,912.0,637.90515
2025-07-21 12:00:00,1003.0,654.6992
2025-07-21 13:00:00,1041.0,643.0218
2025-07-21 14:00:00,936.0,648.7133
2025-07-21 15:00:00,907.0,796.7435
2025-07-21 16:00:00,1044.0,927.61005
2025-07-21 17:00:00,1276.0,1069.4686
2025-07-21 18:00:00,830.0,906.6084
2025-07-21 19:00:00,433.0,435.63516
2025-07-21 20:00:00,320.0,273.86255
2025-07-21 21:00:00,240.0,198.06366
2025-07-21 22:00:00,173.0,139.42822
2025-07-21 23:00:00,128.0,95.29703
2025-07-22 00:00:00,96.0,66.12961
2025-07-22 01:00:00,76.0,50.17221
2025-07-22 02:00:00,68.0,42.517487
2025-07-22 03:00:00,106.0,44.45938
2025-07-22 04:00:00,136.0,63.599
2025-07-22 05:00:00,316.0,155.99359
2025-07-22 06:00:00,739.0,678.4718
2025-07-22 07:00:00,822.0,682.53674
2025-07-22 08:00:00,768.0,680.77496
2025-07-22 09:00:00,817.0,668.56445
2025-07-22 10:00:00,949.0,656.60547
2025-07-22 11:00:00,862.0,652.3865
2025-07-22 12:00:00,694.0,638.26355
2025-07-22 13:00:00,734.0,625.1286
2025-07-22 14:00:00,643.0,633.8339
2025-07-22 15:00:00,721.0,696.16925
2025-07-22 16:00:00,946.0,912.3231
2025-07-22 17:00:00,1109.0,1091.9415
2025-07-22 18:00:00,796.0,831.2203
2025-07-22 19:00:00,508.0,448.52606
2025-07-22 20:00:00,332.0,292.2625
2025-07-22 21:00:00,280.0,210.1101
2025-07-22 22:00:00,241.0,139.30316
2025-07-22 23:00:00,145.0,93.56738
2025-07-23 00:00:00,85.0,75.11447
2025-07-23 01:00:00,47.0,54.569214
2025-07-23 02:00:00,78.0,48.29898
2025-07-23 03:00:00,120.0,52.540924
2025-07-23 04:00:00,153.0,70.50955
2025-07-23 05:00:00,310.0,277.24115
2025-07-23 06:00:00,666.0,642.5391
2025-07-23 07:00:00,808.0,766.547
2025-07-23 08:00:00,718.0,732.64233
2025-07-23 09:00:00,847.0,703.52466
2025-07-23 10:00:00,927.0,685.38635
2025-07-23 11:00:00,888.0,667.40393
2025-07-23 12:00:00,772.0,654.04614
2025-07-23 13:00:00,832.0,648.52014
2025-07-23 14:00:00,664.0,652.54865
2025-07-23 15:00:00,708.0,716.18494
2025-07-23 16:00:00,992.0,929.34534
2025-07-23 17:00:00,1182.0,1116.9731
2025-07-23 18:00:00,821.0,909.057
2025-07-23 19:00:00,546.0,504.64355
2025-07-23 20:00:00,420.0,335.55377
2025-07-23 21:00:00,345.0,264.3417
2025-07-23 22:00:00,248.0,178.80215
2025-07-23 23:00:00,152.0,109.58566
2025-07-24 00:00:00,104.0,97.00696
2025-07-24 01:00:00,53.0,64.61456
2025-07-24 02:00:00,71.0,53.853943
2025-07-24 03:00:00,85.0,58.25482
2025-07-24 04:00:00,170.0,76.242645
2025-07-24 05:00:00,311.0,234.87488
2025-07-24 06:00:00,615.0,635.3574
2025-07-24 07:00:00,706.0,731.14594
2025-07-24 08:00:00,727.0,691.8679
2025-07-24 09:00:00,755.0,693.75665
2025-07-24 10:00:00,1008.0,687.53046
2025-07-24 11:00:00,979.0,692.68744
2025-07-24 12:00:00,858.0,679.51
2025-07-24 13:00:00,797.0,677.6375
2025-07-24 14:00:00,726.0,695.56177
2025-07-24 15:00:00,790.0,794.676
2025-07-24 16:00:00,967.0,1009.104
2025-07-24 17:00:00,1239.0,1130.7439
2025-07-24 18:00:00,969.0,986.9784
2025-07-24 19:00:00,686.0,625.4147
2025-07-24 20:00:00,511.0,388.7436
2025-07-24 21:00:00,387.0,301.2727
2025-07-24 22:00:00,311.0,235.21042
2025-07-24 23:00:00,199.0,149.16776
2025-07-25 00:00:00,143.0,117.608765
2025-07-25 01:00:00,86.0,70.93259
2025-07-25 02:00:00,106.0,58.27005
2025-07-25 03:00:00,170.0,59.419617
2025-07-25 04:00:00,210.0,79.58441
2025-07-25 05:00:00,360.0,187.55707
2025-07-25 06:00:00,690.0,615.3599
2025-07-25 07:00:00,671.0,733.36444
2025-07-25 08:00:00,776.0,715.8026
2025-07-25 09:00:00,748.0,720.397
2025-07-25 10:00:00,867.0,721.998
2025-07-25 11:00:00,890.0,724.8682
2025-07-25 12:00:00,813.0,731.2258
2025-07-25 13:00:00,914.0,746.29736
2025-07-25 14:00:00,942.0,793.1974
2025-07-25 15:00:00,902.0,912.89954
2025-07-25 16:00:00,1139.0,1075.6234
2025-07-25 17:00:00,1240.0,1154.0459
2025-07-25 18:00:00,1118.0,1059.4615
2025-07-25 19:00:00,839.0,761.6485
2025-07-25 20:00:00,689.0,449.81885
2025-07-25 21:00:00,592.0,374.90588
2025-07-25 22:00:00,474.0,286.75806
2025-07-25 23:00:00,413.0,186.9237
2025-07-26 00:00:00,305.0,162.09033
2025-07-26 01:00:00,228.0,144.2001
2025-07-26 02:00:00,228.0,131.08542
2025-07-26 03:00:00,371.0,128.32248
2025-07-26 04:00:00,482.0,147.36575
2025-07-26 05:00:00,461.0,197.71002
2025-07-26 06:00:00,428.0,364.3382
2025-07-26 07:00:00,450.0,592.4713
2025-07-26 08:00:00,585.0,710.6162
2025-07-26 09:00:00,885.0,769.07324
2025-07-26 10:00:00,902.0,778.4462
2025-07-26 11:00:00,961.0,763.42444
2025-07-26 12:00:00,780.0,737.5514
2025-07-26 13:00:00,543.0,706.2743
2025-07-26 14:00:00,479.0,677.5798
2025-07-26 15:00:00,438.0,673.7319
2025-07-26 16:00:00,453.0,715.34955
2025-07-26 17:00:00,500.0,613.905
2025-07-26 18:00:00,392.0,541.9624
2025-07-26 19:00:00,248.0,328.55096
2025-07-26 20:00:00,200.0,293.5777
2025-07-26 21:00:00,160.0,257.53915
2025-07-26 22:00:00,144.0,228.34245
2025-07-26 23:00:00,118.0,189.05853
2025-07-27 00:00:00,69.0,136.82007
2025-07-27 01:00:00,41.0,119.83194
2025-07-27 02:00:00,41.0,109.197784
2025-07-27 03:00:00,30.0,105.288605
2025-07-27 04:00:00,43.0,121.07559
2025-07-27 05:00:00,53.0,151.42264
2025-07-27 06:00:00,77.0,197.41321
2025-07-27 07:00:00,74.0,316.6881
2025-07-27 08:00:00,132.0,463.00592
2025-07-27 09:00:00,211.0,596.5664
2025-07-27 10:00:00,358.0,668.8181
2025-07-27 11:00:00,381.0,670.54425
2025-07-27 12:00:00,339.0,662.7872
2025-07-27 13:00:00,324.0,654.9535
2025-07-27 14:00:00,346.0,638.0922
2025-07-27 15:00:00,322.0,639.7181
2025-07-27 16:00:00,292.0,612.0399
2025-07-27 17:00:00,305.0,581.49335
2025-07-27 18:00:00,253.0,424.0267
2025-07-27 19:00:00,173.0,371.37598
2025-07-27 20:00:00,133.0,249.30908
2025-07-27 21:00:00,135.0,219.80989
2025-07-27 22:00:00,96.0,183.80914
2025-07-27 23:00:00,59.0,158.00653
2025-07-28 00:00:00,51.0,71.24658
2025-07-28 01:00:00,27.0,50.29779
2025-07-28 02:00:00,25.0,47.377777
2025-07-28 03:00:00,9.0,46.895508
2025-07-28 04:00:00,33.0,90.520996
2025-07-28 05:00:00,80.0,158.22974
2025-07-28 06:00:00,339.0,413.5774
2025-07-28 07:00:00,337.0,688.6062
2025-07-28 08:00:00,283.0,662.94556
2025-07-28 09:00:00,358.0,668.3544
2025-07-28 10:00:00,388.0,656.66943
2025-07-28 11:00:00,402.0,636.08496
2025-07-28 12:00:00,411.0,638.7383
2025-07-28 13:00:00,471.0,634.3014
2025-07-28 14:00:00,429.0,640.8745
2025-07-28 15:00:00,451.0,777.2708
2025-07-28 16:00:00,528.0,961.0206
2025-07-28 17:00:00,653.0,1072.5143
2025-07-28 18:00:00,461.0,833.14996
2025-07-28 19:00:00,233.0,439.25793
2025-07-28 20:00:00,163.0,266.78937
2025-07-28 21:00:00,131.0,193.67944
2025-07-28 22:00:00,96.0,134.73212
2025-07-28 23:00:00,48.0,95.24228
2025-07-29 00:00:00,33.0,64.93271
2025-07-29 01:00:00,18.0,47.816254
2025-07-29 02:00:00,19.0,40.932617
2025-07-29 03:00:00,22.0,46.94272
2025-07-29 04:00:00,30.0,62.85132
2025-07-29 05:00:00,65.0,144.27048
2025-07-29 06:00:00,322.0,666.75806
2025-07-29 07:00:00,403.0,723.6057
2025-07-29 08:00:00,369.0,680.8314
2025-07-29 09:00:00,422.0,682.07794
2025-07-29 10:00:00,506.0,653.05396
2025-07-29 11:00:00,522.0,642.6907
2025-07-29 12:00:00,471.0,633.06384
2025-07-29 13:00:00,650.0,624.79974
2025-07-29 14:00:00,699.0,638.7251
2025-07-29 15:00:00,695.0,706.20325
2025-07-29 16:00:00,845.0,953.41516
2025-07-29 17:00:00,975.0,1089.9764
2025-07-29 18:00:00,758.0,890.8861
2025-07-29 19:00:00,518.0,452.74115
2025-07-29 20:00:00,320.0,287.33023
2025-07-29 21:00:00,266.0,203.63373
2025-07-29 22:00:00,210.0,135.62589
2025-07-29 23:00:00,123.0,90.4321
2025-07-30 00:00:00,83.0,71.94302
2025-07-30 01:00:00,72.0,52.981537
2025-07-30 02:00:00,56.0,46.72397
2025-07-30 03:00:00,78.0,51.503662
2025-07-30 04:00:00,133.0,68.812164
2025-07-30 05:00:00,281.0,249.6405
2025-07-30 06:00:00,639.0,649.3535
2025-07-30 07:00:00,718.0,763.8489
2025-07-30 08:00:00,770.0,686.9717
2025-07-30 09:00:00,871.0,686.2704
2025-07-30 10:00:00,816.0,683.1934
2025-07-30 11:00:00,915.0,665.23944
2025-07-30 12:00:00,731.0,654.70294
2025-07-30 13:00:00,780.0,649.467
2025-07-30 14:00:00,785.0,654.1506
2025-07-30 15:00:00,774.0,720.53296
2025-07-30 16:00:00,993.0,934.74133
2025-07-30 17:00:00,1079.0,1119.3982
2025-07-30 18:00:00,945.0,846.539
2025-07-30 19:00:00,645.0,525.6585
2025-07-30 20:00:00,538.0,322.53387
2025-07-30 21:00:00,331.0,262.0622
2025-07-30 22:00:00,281.0,175.96173
2025-07-30 23:00:00,160.0,109.31192
2025-07-31 00:00:00,109.0,87.340485
2025-07-31 01:00:00,111.0,67.10263
2025-07-31 02:00:00,101.0,54.41858
2025-07-31 03:00:00,125.0,57.1821
2025-07-31 04:00:00,185.0,80.25375
2025-07-31 05:00:00,381.0,211.34354
2025-07-31 06:00:00,711.0,651.6285
2025-07-31 07:00:00,817.0,733.8979
2025-07-31 08:00:00,809.0,701.3202
2025-07-31 09:00:00,859.0,730.4558
2025-07-31 10:00:00,941.0,710.85913
2025-07-31 11:00:00,958.0,697.31226
2025-07-31 12:00:00,820.0,684.8545
2025-07-31 13:00:00,869.0,679.0334
2025-07-31 14:00:00,895.0,693.87604
2025-07-31 15:00:00,971.0,796.9121
2025-07-31 16:00:00,1109.0,1011.1876
2025-07-31 17:00:00,1236.0,1123.3419
2025-07-31 18:00:00,1071.0,1006.6698
2025-07-31 19:00:00,946.0,626.87836
2025-07-31 20:00:00,735.0,388.5822
2025-07-31 21:00:00,584.0,323.33746
2025-07-31 22:00:00,472.0,241.1371
2025-07-31 23:00:00,352.0,150.71762
2025-08-01 00:00:00,271.0,189.65149
2025-08-01 01:00:00,244.0,168.87634
2025-08-01 02:00:00,204.0,164.2262
2025-08-01 03:00:00,290.0,176.38638
2025-08-01 04:00:00,380.0,210.39282
2025-08-01 05:00:00,518.0,283.05347
2025-08-01 06:00:00,610.0,395.69232
2025-08-01 07:00:00,611.0,533.9304
2025-08-01 08:00:00,661.0,639.7504
2025-08-01 09:00:00,789.0,683.1352
2025-08-01 10:00:00,881.0,688.4043
2025-08-01 11:00:00,908.0,711.09985
2025-08-01 12:00:00,800.0,704.12744
2025-08-01 13:00:00,788.0,678.45276
2025-08-01 14:00:00,775.0,687.8807
2025-08-01 15:00:00,726.0,658.68005
2025-08-01 16:00:00,603.0,650.9448
2025-08-01 17:00:00,666.0,573.7646
2025-08-01 18:00:00,600.0,523.5176
2025-08-01 19:00:00,535.0,426.5864
2025-08-01 20:00:00,513.0,337.02698
2025-08-01 21:00:00,746.0,285.2273
2025-08-01 22:00:00,351.0,247.17993
2025-08-01 23:00:00,307.0,212.60153
2025-08-02 00:00:00,270.0,159.82788
2025-08-02 01:00:00,195.0,145.74445
2025-08-02 02:00:00,171.0,127.96362
2025-08-02 03:00:00,225.0,126.72278
2025-08-02 04:00:00,318.0,137.30423
2025-08-02 05:00:00,343.0,166.86053
2025-08-02 06:00:00,396.0,299.13455
2025-08-02 07:00:00,437.0,506.4545
2025-08-02 08:00:00,497.0,608.9862
2025-08-02 09:00:00,532.0,725.69495
2025-08-02 10:00:00,682.0,736.90265
2025-08-02 11:00:00,782.0,726.2877
2025-08-02 12:00:00,743.0,706.38245
2025-08-02 13:00:00,676.0,686.0484
2025-08-02 14:00:00,751.0,685.936
2025-08-02 15:00:00,609.0,669.9361
2025-08-02 16:00:00,680.0,636.73
2025-08-02 17:00:00,661.0,627.4558
2025-08-02 18:00:00,553.0,549.6515
2025-08-02 19:00:00,393.0,421.02606
2025-08-02 20:00:00,329.0,296.24255
2025-08-02 21:00:00,267.0,259.4261
2025-08-02 22:00:00,230.0,232.87694
2025-08-02 23:00:00,250.0,194.11444
2025-08-03 00:00:00,254.0,138.83658
2025-08-03 01:00:00,159.0,118.53107
2025-08-03 02:00:00,124.0,102.79892
2025-08-03 03:00:00,150.0,111.403076
2025-08-03 04:00:00,212.0,122.16916
2025-08-03 05:00:00,321.0,157.36346
2025-08-03 06:00:00,406.0,204.3862
2025-08-03 07:00:00,495.0,324.2934
2025-08-03 08:00:00,570.0,498.16788
2025-08-03 09:00:00,738.0,585.4127
2025-08-03 10:00:00,940.0,723.25085
2025-08-03 11:00:00,1001.0,669.3482
2025-08-03 12:00:00,751.0,671.92487
2025-08-03 13:00:00,683.0,686.26624
2025-08-03 14:00:00,715.0,626.7964
2025-08-03 15:00:00,629.0,622.1106
2025-08-03 16:00:00,621.0,616.66455
2025-08-03 17:00:00,573.0,583.4281
2025-08-03 18:00:00,493.0,510.01212
2025-08-03 19:00:00,446.0,370.7104
2025-08-03 20:00:00,312.0,269.77252
2025-08-03 21:00:00,281.0,224.03844
2025-08-03 22:00:00,164.0,187.90652
2025-08-03 23:00:00,216.0,160.63168
2025-08-04 00:00:00,186.0,72.059814
2025-08-04 01:00:00,97.0,55.798065
2025-08-04 02:00:00,74.0,48.925537
2025-08-04 03:00:00,89.0,52.21466
2025-08-04 04:00:00,174.0,67.17505
2025-08-04 05:00:00,337.0,153.94702
2025-08-04 06:00:00,667.0,647.52386
2025-08-04 07:00:00,774.0,729.34155
2025-08-04 08:00:00,700.0,684.41156
2025-08-04 09:00:00,932.0,669.02325
2025-08-04 10:00:00,862.0,657.76013
2025-08-04 11:00:00,932.0,649.4535
2025-08-04 12:00:00,729.0,639.33966
2025-08-04 13:00:00,755.0,640.9092
2025-08-04 14:00:00,823.0,640.9369
2025-08-04 15:00:00,772.0,707.37024
2025-08-04 16:00:00,922.0,934.59125
2025-08-04 17:00:00,1118.0,1046.0884
2025-08-04 18:00:00,825.0,900.51086
2025-08-04 19:00:00,454.0,465.5052
2025-08-04 20:00:00,308.0,275.71344
2025-08-04 21:00:00,213.0,199.9266
2025-08-04 22:00:00,176.0,141.51465
2025-08-04 23:00:00,106.0,97.70804
2025-08-05 00:00:00,75.0,66.322174
2025-08-05 01:00:00,45.0,50.08493
2025-08-05 02:00:00,40.0,42.555145
2025-08-05 03:00:00,62.0,47.579926
2025-08-05 04:00:00,89.0,63.342316
2025-08-05 05:00:00,265.0,210.27475
2025-08-05 06:00:00,620.0,699.5239
2025-08-05 07:00:00,757.0,752.1743
2025-08-05 08:00:00,750.0,674.18976
2025-08-05 09:00:00,794.0,658.47815
2025-08-05 10:00:00,845.0,651.3087
2025-08-05 11:00:00,846.0,652.29517
2025-08-05 12:00:00,716.0,636.1329
2025-08-05 13:00:00,718.0,635.1312
2025-08-05 14:00:00,689.0,640.2504
2025-08-05 15:00:00,716.0,701.0043
2025-08-05 16:00:00,835.0,905.02856
2025-08-05 17:00:00,1047.0,1072.6305
2025-08-05 18:00:00,731.0,816.60675
2025-08-05 19:00:00,481.0,439.83743
2025-08-05 20:00:00,327.0,293.4607
2025-08-05 21:00:00,210.0,212.19418
2025-08-05 22:00:00,220.0,144.72
2025-08-05 23:00:00,108.0,95.89279
2025-08-06 00:00:00,64.0,76.10812
2025-08-06 01:00:00,55.0,56.421753
2025-08-06 02:00:00,42.0,49.10489
2025-08-06 03:00:00,49.0,53.53189
2025-08-06 04:00:00,74.0,71.16797
2025-08-06 05:00:00,225.0,201.71954
2025-08-06 06:00:00,585.0,650.1941
2025-08-06 07:00:00,707.0,775.3552
2025-08-06 08:00:00,737.0,688.7284
2025-08-06 09:00:00,874.0,678.1892
2025-08-06 10:00:00,897.0,691.86884
2025-08-06 11:00:00,871.0,676.83136
2025-08-06 12:00:00,734.0,666.1175
2025-08-06 13:00:00,749.0,655.1226
2025-08-06 14:00:00,693.0,660.6984
2025-08-06 15:00:00,743.0,734.9963
2025-08-06 16:00:00,824.0,947.88184
2025-08-06 17:00:00,1108.0,1105.6892
2025-08-06 18:00:00,815.0,886.0602
2025-08-06 19:00:00,545.0,497.36902
2025-08-06 20:00:00,363.0,334.34283
2025-08-06 21:00:00,266.0,264.83203
2025-08-06 22:00:00,208.0,188.28494
2025-08-06 23:00:00,129.0,112.75516
2025-08-07 00:00:00,77.0,90.479004
2025-08-07 01:00:00,47.0,62.55307
2025-08-07 02:00:00,48.0,53.659424
2025-08-07 03:00:00,56.0,57.36667
2025-08-07 04:00:00,95.0,76.45572
2025-08-07 05:00:00,250.0,232.37709
2025-08-07 06:00:00,603.0,622.7854
2025-08-07 07:00:00,855.0,777.57117
2025-08-07 08:00:00,926.0,762.2523
2025-08-07 09:00:00,999.0,743.55853
2025-08-07 10:00:00,1063.0,714.61084
2025-08-07 11:00:00,968.0,721.02795
2025-08-07 12:00:00,849.0,708.57715
2025-08-07 13:00:00,769.0,704.2184
2025-08-07 14:00:00,700.0,724.82635
2025-08-07 15:00:00,747.0,827.3368
2025-08-07 16:00:00,987.0,1023.0294
2025-08-07 17:00:00,1139.0,1101.7385
2025-08-07 18:00:00,906.0,991.5864
2025-08-07 19:00:00,601.0,623.6012
2025-08-07 20:00:00,436.0,387.9112
2025-08-07 21:00:00,352.0,321.91516
2025-08-07 22:00:00,304.0,245.76817
2025-08-07 23:00:00,185.0,159.53314
2025-08-08 00:00:00,128.0,108.73767
2025-08-08 01:00:00,85.0,71.53949
2025-08-08 02:00:00,51.0,59.32553
2025-08-08 03:00:00,72.0,59.955902
2025-08-08 04:00:00,120.0,80.304474
2025-08-08 05:00:00,285.0,256.37982
2025-08-08 06:00:00,629.0,639.2891
2025-08-08 07:00:00,857.0,752.9236
2025-08-08 08:00:00,843.0,769.9523
2025-08-08 09:00:00,932.0,763.1569
2025-08-08 10:00:00,1014.0,762.8868
2025-08-08 11:00:00,1004.0,759.95996
2025-08-08 12:00:00,867.0,758.88696
2025-08-08 13:00:00,809.0,764.8198
2025-08-08 14:00:00,819.0,811.1577
2025-08-08 15:00:00,878.0,934.20654
2025-08-08 16:00:00,1033.0,1066.2308
2025-08-08 17:00:00,1159.0,1107.5359
2025-08-08 18:00:00,1067.0,1001.5453
2025-08-08 19:00:00,798.0,699.96106
2025-08-08 20:00:00,600.0,441.74384
2025-08-08 21:00:00,435.0,374.76157
2025-08-08 22:00:00,439.0,287.65393
2025-08-08 23:00:00,333.0,195.83331
2025-08-09 00:00:00,238.0,166.35858
2025-08-09 01:00:00,191.0,146.09924
2025-08-09 02:00:00,169.0,130.75293
2025-08-09 03:00:00,184.0,126.84976
2025-08-09 04:00:00,217.0,143.25299
2025-08-09 05:00:00,467.0,249.76907
2025-08-09 06:00:00,637.0,505.79407
2025-08-09 07:00:00,863.0,711.3637
2025-08-09 08:00:00,1030.0,809.0975
2025-08-09 09:00:00,584.0,840.162
2025-08-09 10:00:00,1218.0,852.46423
2025-08-09 11:00:00,974.0,849.296
2025-08-09 12:00:00,1080.0,828.87585
2025-08-09 13:00:00,1010.0,798.58984
2025-08-09 14:00:00,929.0,767.8511
2025-08-09 15:00:00,757.0,730.68665
2025-08-09 16:00:00,688.0,681.2925
2025-08-09 17:00:00,667.0,614.0337
2025-08-09 18:00:00,586.0,532.81396
2025-08-09 19:00:00,448.0,391.0189
2025-08-09 20:00:00,391.0,291.03125
2025-08-09 21:00:00,367.0,262.3437
2025-08-09 22:00:00,326.0,227.5209
2025-08-09 23:00:00,292.0,195.77805
2025-08-10 00:00:00,266.0,142.34378
2025-08-10 01:00:00,251.0,124.92789
2025-08-10 02:00:00,221.0,112.17221
2025-08-10 03:00:00,169.0,110.896576
2025-08-10 04:00:00,197.0,122.58536
2025-08-10 05:00:00,283.0,150.9711
2025-08-10 06:00:00,514.0,394.6197
2025-08-10 07:00:00,651.0,512.1764
2025-08-10 08:00:00,845.0,637.257
2025-08-10 09:00:00,1108.0,735.9027
2025-08-10 10:00:00,1276.0,793.2899
2025-08-10 11:00:00,1369.0,792.599
2025-08-10 12:00:00,1137.0,760.9841
2025-08-10 13:00:00,891.0,723.25195
2025-08-10 14:00:00,843.0,683.63403
2025-08-10 15:00:00,737.0,654.19653
2025-08-10 16:00:00,695.0,616.7458
2025-08-10 17:00:00,618.0,584.38403
2025-08-10 18:00:00,618.0,525.06396
2025-08-10 19:00:00,489.0,385.176
2025-08-10 20:00:00,375.0,264.86276
2025-08-10 21:00:00,317.0,227.94156
2025-08-10 22:00:00,227.0,190.76245
2025-08-10 23:00:00,134.0,162.59589
2025-08-11 00:00:00,105.0,74.18176
2025-08-11 01:00:00,81.0,57.296967
2025-08-11 02:00:00,62.0,50.274414
2025-08-11 03:00:00,59.0,52.97229
2025-08-11 04:00:00,132.0,68.14096
2025-08-11 05:00:00,320.0,166.13794
2025-08-11 06:00:00,646.0,639.2722
2025-08-11 07:00:00,808.0,739.91534
2025-08-11 08:00:00,803.0,750.2123
2025-08-11 09:00:00,932.0,714.4294
2025-08-11 10:00:00,942.0,691.00305
2025-08-11 11:00:00,1038.0,673.0424
2025-08-11 12:00:00,897.0,659.42145
2025-08-11 13:00:00,892.0,654.9044
2025-08-11 14:00:00,703.0,667.905
2025-08-11 15:00:00,709.0,750.9385
2025-08-11 16:00:00,953.0,936.89636
2025-08-11 17:00:00,1200.0,1020.7538
2025-08-11 18:00:00,716.0,876.80164
2025-08-11 19:00:00,646.0,411.38663
2025-08-11 20:00:00,365.0,280.71173
2025-08-11 21:00:00,249.0,207.70596
2025-08-11 22:00:00,202.0,145.67758
2025-08-11 23:00:00,101.0,101.73181
2025-08-12 00:00:00,117.0,68.71533
2025-08-12 01:00:00,46.0,52.80069
2025-08-12 02:00:00,58.0,46.186646
2025-08-12 03:00:00,34.0,49.82544
2025-08-12 04:00:00,109.0,66.48633
2025-08-12 05:00:00,237.0,163.82874
2025-08-12 06:00:00,617.0,624.6567
2025-08-12 07:00:00,856.0,742.95593
2025-08-12 08:00:00,770.0,729.8602
2025-08-12 09:00:00,936.0,690.72986
2025-08-12 10:00:00,981.0,675.68774
2025-08-12 11:00:00,883.0,658.2348
2025-08-12 12:00:00,799.0,645.30225
2025-08-12 13:00:00,734.0,640.32263
2025-08-12 14:00:00,688.0,651.3051
2025-08-12 15:00:00,704.0,737.0875
2025-08-12 16:00:00,1001.0,922.2761
2025-08-12 17:00:00,1132.0,1038.2963
2025-08-12 18:00:00,926.0,883.0228
2025-08-12 19:00:00,540.0,438.82343
2025-08-12 20:00:00,381.0,296.50427
2025-08-12 21:00:00,297.0,215.34073
2025-08-12 22:00:00,223.0,147.47986
2025-08-12 23:00:00,160.0,98.69345
2025-08-13 00:00:00,75.0,79.44699
2025-08-13 01:00:00,61.0,59.40628
2025-08-13 02:00:00,42.0,51.68683
2025-08-13 03:00:00,33.0,56.224335
2025-08-13 04:00:00,92.0,76.11621
2025-08-13 05:00:00,239.0,227.21045
2025-08-13 06:00:00,640.0,639.20667
2025-08-13 07:00:00,828.0,749.76013
2025-08-13 08:00:00,759.0,735.26227
2025-08-13 09:00:00,885.0,708.59375
2025-08-13 10:00:00,941.0,694.4074
2025-08-13 11:00:00,933.0,681.0568
2025-08-13 12:00:00,871.0,667.45685
2025-08-13 13:00:00,976.0,661.8983
2025-08-13 14:00:00,817.0,678.6551
2025-08-13 15:00:00,818.0,774.8758
2025-08-13 16:00:00,1005.0,963.0139
2025-08-13 17:00:00,1205.0,1062.0497
2025-08-13 18:00:00,887.0,949.52466
2025-08-13 19:00:00,612.0,502.5427
2025-08-13 20:00:00,451.0,331.87958
2025-08-13 21:00:00,321.0,260.5087
2025-08-13 22:00:00,269.0,190.86313
2025-08-13 23:00:00,150.0,121.5231
2025-08-14 00:00:00,91.0,98.01163
2025-08-14 01:00:00,68.0,67.85516
2025-08-14 02:00:00,37.0,61.333557
2025-08-14 03:00:00,67.0,66.23334
2025-08-14 04:00:00,103.0,90.914154
2025-08-14 05:00:00,268.0,253.19833
2025-08-14 06:00:00,599.0,643.5759
2025-08-14 07:00:00,809.0,757.3008
2025-08-14 08:00:00,827.0,760.43677
2025-08-14 09:00:00,910.0,749.2843
2025-08-14 10:00:00,951.0,735.07245
2025-08-14 11:00:00,947.0,721.3699
2025-08-14 12:00:00,843.0,711.90155
2025-08-14 13:00:00,864.0,704.0225
2025-08-14 14:00:00,841.0,728.18787
2025-08-14 15:00:00,883.0,839.6703
2025-08-14 16:00:00,1092.0,1018.8789
2025-08-14 17:00:00,1232.0,1089.0796
2025-08-14 18:00:00,1010.0,1000.0513
2025-08-14 19:00:00,757.0,590.15564
2025-08-14 20:00:00,503.0,387.8994
2025-08-14 21:00:00,434.0,322.46466
2025-08-14 22:00:00,300.0,249.43202
2025-08-14 23:00:00,204.0,163.41238
2025-08-15 00:00:00,137.0,194.16882
2025-08-15 01:00:00,110.0,175.74103
2025-08-15 02:00:00,61.0,167.82367
2025-08-15 03:00:00,72.0,179.4042
2025-08-15 04:00:00,143.0,215.13765
2025-08-15 05:00:00,249.0,283.06415
2025-08-15 06:00:00,423.0,403.5708
2025-08-15 07:00:00,685.0,577.8298
2025-08-15 08:00:00,856.0,653.19336
2025-08-15 09:00:00,1014.0,703.52954
2025-08-15 10:00:00,1057.0,717.9928
2025-08-15 11:00:00,1042.0,715.98706
2025-08-15 12:00:00,856.0,708.14685
2025-08-15 13:00:00,828.0,695.75775
2025-08-15 14:00:00,765.0,684.089
2025-08-15 15:00:00,809.0,640.1015
2025-08-15 16:00:00,818.0,607.7536
2025-08-15 17:00:00,869.0,560.02057
2025-08-15 18:00:00,847.0,506.77417
2025-08-15 19:00:00,764.0,436.185
2025-08-15 20:00:00,595.0,348.2024
2025-08-15 21:00:00,439.0,289.64218
2025-08-15 22:00:00,364.0,251.13974
2025-08-15 23:00:00,274.0,218.06778
2025-08-16 00:00:00,224.0,167.35977
2025-08-16 01:00:00,180.0,146.6383
2025-08-16 02:00:00,149.0,130.62119
2025-08-16 03:00:00,158.0,126.22644
2025-08-16 04:00:00,200.0,142.40283
2025-08-16 05:00:00,399.0,196.60117
2025-08-16 06:00:00,573.0,467.5934
2025-08-16 07:00:00,756.0,703.3959
2025-08-16 08:00:00,990.0,747.5831
2025-08-16 09:00:00,1184.0,811.95264
2025-08-16 10:00:00,1283.0,853.6785
2025-08-16 11:00:00,1290.0,829.63995
2025-08-16 12:00:00,1135.0,773.1671
2025-08-16 13:00:00,939.0,798.9109
2025-08-16 14:00:00,873.0,766.0376
2025-08-16 15:00:00,773.0,727.18304
2025-08-16 16:00:00,769.0,670.05225
2025-08-16 17:00:00,778.0,606.2886
2025-08-16 18:00:00,629.0,510.36996
2025-08-16 19:00:00,492.0,396.5587
2025-08-16 20:00:00,412.0,289.99866
2025-08-16 21:00:00,305.0,260.85034
2025-08-16 22:00:00,259.0,228.36469
2025-08-16 23:00:00,230.0,195.19302
2025-08-17 00:00:00,180.0,141.25452
2025-08-17 01:00:00,136.0,124.50183
2025-08-17 02:00:00,90.0,111.98453
2025-08-17 03:00:00,108.0,110.4209
2025-08-17 04:00:00,150.0,122.45996
2025-08-17 05:00:00,238.0,150.91342
2025-08-17 06:00:00,367.0,200.61804
2025-08-17 07:00:00,595.0,322.9717
2025-08-17 08:00:00,679.0,474.0021
2025-08-17 09:00:00,968.0,708.55
2025-08-17 10:00:00,1020.0,758.19916
2025-08-17 11:00:00,1104.0,772.7511
2025-08-17 12:00:00,880.0,740.15826
2025-08-17 13:00:00,862.0,718.5085
2025-08-17 14:00:00,776.0,664.2321
2025-08-17 15:00:00,748.0,647.515
2025-08-17 16:00:00,692.0,613.60144
2025-08-17 17:00:00,700.0,582.5787
2025-08-17 18:00:00,537.0,519.8619
2025-08-17 19:00:00,471.0,369.86093
2025-08-17 20:00:00,375.0,268.1847
2025-08-17 21:00:00,332.0,226.24945
2025-08-17 22:00:00,245.0,188.98468
2025-08-17 23:00:00,140.0,161.00732
2025-08-18 00:00:00,112.0,73.06305
2025-08-18 01:00:00,73.0,56.562164
2025-08-18 02:00:00,68.0,49.42389
2025-08-18 03:00:00,69.0,52.52191
2025-08-18 04:00:00,130.0,67.377045
2025-08-18 05:00:00,324.0,149.65048
2025-08-18 06:00:00,724.0,644.3312
2025-08-18 07:00:00,942.0,745.10876
2025-08-18 08:00:00,861.0,752.19653
2025-08-18 09:00:00,931.0,713.8602
2025-08-18 10:00:00,1083.0,691.9603
2025-08-18 11:00:00,1011.0,673.78314
2025-08-18 12:00:00,843.0,659.4409
2025-08-18 13:00:00,736.0,654.02527
2025-08-18 14:00:00,686.0,666.3595
2025-08-18 15:00:00,764.0,752.5507
2025-08-18 16:00:00,961.0,939.64087
2025-08-18 17:00:00,1312.0,1026.646
2025-08-18 18:00:00,929.0,895.068
2025-08-18 19:00:00,563.0,411.54382
2025-08-18 20:00:00,359.0,278.896
2025-08-18 21:00:00,248.0,204.71338
2025-08-18 22:00:00,203.0,143.65863
2025-08-18 23:00:00,119.0,99.93579
2025-08-19 00:00:00,77.0,67.50223
2025-08-19 01:00:00,54.0,51.55902
2025-08-19 02:00:00,30.0,44.45334
2025-08-19 03:00:00,57.0,48.59784
2025-08-19 04:00:00,98.0,64.54581
2025-08-19 05:00:00,258.0,143.52335
2025-08-19 06:00:00,673.0,673.7459
2025-08-19 07:00:00,840.0,755.3574
2025-08-19 08:00:00,735.0,730.32117
2025-08-19 09:00:00,910.0,692.76666
2025-08-19 10:00:00,884.0,677.2492
2025-08-19 11:00:00,811.0,658.5509
2025-08-19 12:00:00,789.0,645.3047
2025-08-19 13:00:00,653.0,637.93115
2025-08-19 14:00:00,637.0,646.7373
2025-08-19 15:00:00,758.0,732.16833
2025-08-19 16:00:00,1000.0,930.6111
2025-08-19 17:00:00,1263.0,1063.1187
2025-08-19 18:00:00,865.0,814.86206
2025-08-19 19:00:00,535.0,410.7532
2025-08-19 20:00:00,341.0,292.52637
2025-08-19 21:00:00,290.0,212.32559
2025-08-19 22:00:00,203.0,145.76547
2025-08-19 23:00:00,134.0,96.70282
2025-08-20 00:00:00,89.0,77.78406
2025-08-20 01:00:00,43.0,57.841003
2025-08-20 02:00:00,41.0,50.388336
2025-08-20 03:00:00,54.0,55.550934
2025-08-20 04:00:00,90.0,75.048584
2025-08-20 05:00:00,221.0,181.63956
2025-08-20 06:00:00,591.0,680.92914
2025-08-20 07:00:00,745.0,718.95526
2025-08-20 08:00:00,646.0,683.5498
2025-08-20 09:00:00,745.0,671.6119
2025-08-20 10:00:00,750.0,671.74207
2025-08-20 11:00:00,844.0,663.53235
2025-08-20 12:00:00,775.0,658.04895
2025-08-20 13:00:00,755.0,650.2174
2025-08-20 14:00:00,735.0,660.6687
2025-08-20 15:00:00,816.0,718.8462
2025-08-20 16:00:00,1032.0,937.5018
2025-08-20 17:00:00,1256.0,1107.0647
2025-08-20 18:00:00,960.0,841.7065
2025-08-20 19:00:00,653.0,518.8433
2025-08-20 20:00:00,363.0,349.81763
2025-08-20 21:00:00,300.0,235.50008
2025-08-20 22:00:00,159.0,179.46356
2025-08-20 23:00:00,88.0,117.514465
2025-08-21 00:00:00,65.0,94.49481
2025-08-21 01:00:00,54.0,66.17203
2025-08-21 02:00:00,38.0,59.45627
2025-08-21 03:00:00,47.0,61.943604
2025-08-21 04:00:00,89.0,77.285706
2025-08-21 05:00:00,222.0,191.84842
2025-08-21 06:00:00,631.0,630.58044
2025-08-21 07:00:00,801.0,738.9172
2025-08-21 08:00:00,777.0,703.7916
2025-08-21 09:00:00,732.0,699.86566
2025-08-21 10:00:00,831.0,693.0098
2025-08-21 11:00:00,867.0,701.62476
2025-08-21 12:00:00,808.0,709.0902
2025-08-21 13:00:00,708.0,717.39996
2025-08-21 14:00:00,791.0,724.1327
2025-08-21 15:00:00,833.0,804.4192
2025-08-21 16:00:00,1013.0,987.2822
2025-08-21 17:00:00,1298.0,1103.5623
2025-08-21 18:00:00,1124.0,1012.4487
2025-08-21 19:00:00,811.0,575.56836
2025-08-21 20:00:00,417.0,376.19934
2025-08-21 21:00:00,345.0,287.3717
2025-08-21 22:00:00,290.0,220.7362
2025-08-21 23:00:00,161.0,162.8414
2025-08-22 00:00:00,98.0,106.77957
2025-08-22 01:00:00,53.0,71.09317
2025-08-22 02:00:00,63.0,58.419525
2025-08-22 03:00:00,85.0,59.30966
2025-08-22 04:00:00,134.0,78.71335
2025-08-22 05:00:00,260.0,198.18933
2025-08-22 06:00:00,670.0,584.66077
2025-08-22 07:00:00,812.0,737.9387
2025-08-22 08:00:00,861.0,724.4286
2025-08-22 09:00:00,952.0,733.4081
2025-08-22 10:00:00,1085.0,750.39
2025-08-22 11:00:00,1022.0,735.9048
2025-08-22 12:00:00,911.0,744.2831
2025-08-22 13:00:00,898.0,756.12775
2025-08-22 14:00:00,937.0,804.55115
2025-08-22 15:00:00,1059.0,935.99084
2025-08-22 16:00:00,1376.0,1090.6665
2025-08-22 17:00:00,1414.0,1129.0778
2025-08-22 18:00:00,1242.0,1036.3209
2025-08-22 19:00:00,925.0,721.67474
2025-08-22 20:00:00,657.0,447.72684
2025-08-22 21:00:00,506.0,375.24603
2025-08-22 22:00:00,433.0,287.96283
2025-08-22 23:00:00,302.0,189.2041
2025-08-23 00:00:00,279.0,164.4754
2025-08-23 01:00:00,229.0,145.39673
2025-08-23 02:00:00,162.0,131.90247
2025-08-23 03:00:00,172.0,129.23016
2025-08-23 04:00:00,258.0,145.34323
2025-08-23 05:00:00,414.0,198.17188
2025-08-23 06:00:00,612.0,372.9659
2025-08-23 07:00:00,840.0,600.158
2025-08-23 08:00:00,1081.0,721.8529
2025-08-23 09:00:00,1263.0,781.4298
2025-08-23 10:00:00,1183.0,791.5448
2025-08-23 11:00:00,1249.0,773.1492
2025-08-23 12:00:00,1076.0,747.7792
2025-08-23 13:00:00,1060.0,734.4712
2025-08-23 14:00:00,991.0,740.3274
2025-08-23 15:00:00,862.0,662.06085
2025-08-23 16:00:00,831.0,649.84644
2025-08-23 17:00:00,831.0,620.80176
2025-08-23 18:00:00,665.0,520.2995
2025-08-23 19:00:00,508.0,411.38037
2025-08-23 20:00:00,390.0,292.7358
2025-08-23 21:00:00,344.0,259.98438
2025-08-23 22:00:00,296.0,232.53258
2025-08-23 23:00:00,263.0,194.41254
2025-08-24 00:00:00,213.0,139.16846
2025-08-24 01:00:00,132.0,120.15958
2025-08-24 02:00:00,128.0,108.73773
2025-08-24 03:00:00,122.0,110.40326
2025-08-24 04:00:00,169.0,121.7897
2025-08-24 05:00:00,271.0,154.67392
2025-08-24 06:00:00,416.0,361.20245
2025-08-24 07:00:00,625.0,478.46024
2025-08-24 08:00:00,944.0,623.1632
2025-08-24 09:00:00,1267.0,748.0842
2025-08-24 10:00:00,1327.0,793.3097
2025-08-24 11:00:00,1319.0,787.82886
2025-08-24 12:00:00,1061.0,754.9789
2025-08-24 13:00:00,950.0,681.2202
2025-08-24 14:00:00,869.0,665.91504
2025-08-24 15:00:00,751.0,625.97095
2025-08-24 16:00:00,768.0,629.7641
2025-08-24 17:00:00,693.0,593.27655
2025-08-24 18:00:00,598.0,523.8659
2025-08-24 19:00:00,491.0,369.4208
2025-08-24 20:00:00,464.0,269.40753
2025-08-24 21:00:00,251.0,223.80525
2025-08-24 22:00:00,182.0,188.48654
2025-08-24 23:00:00,136.0,160.69244
2025-08-25 00:00:00,110.0,72.132324
2025-08-25 01:00:00,90.0,55.557404
2025-08-25 02:00:00,68.0,48.45047
2025-08-25 03:00:00,75.0,52.130768
2025-08-25 04:00:00,140.0,66.87857
2025-08-25 05:00:00,344.0,148.35571
2025-08-25 06:00:00,746.0,658.30994
2025-08-25 07:00:00,933.0,752.1828
2025-08-25 08:00:00,818.0,752.255
2025-08-25 09:00:00,1075.0,711.6996
2025-08-25 10:00:00,1118.0,692.7709
2025-08-25 11:00:00,923.0,674.38416
2025-08-25 12:00:00,756.0,658.645
2025-08-25 13:00:00,765.0,650.87463
2025-08-25 14:00:00,694.0,664.12
2025-08-25 15:00:00,761.0,751.19965
2025-08-25 16:00:00,979.0,940.9055
2025-08-25 17:00:00,1237.0,1033.2947
2025-08-25 18:00:00,938.0,789.1399
2025-08-25 19:00:00,573.0,408.61462
2025-08-25 20:00:00,359.0,276.80573
2025-08-25 21:00:00,263.0,201.07059
2025-08-25 22:00:00,245.0,142.37357
2025-08-25 23:00:00,107.0,98.33084
2025-08-26 00:00:00,55.0,66.292786
2025-08-26 01:00:00,47.0,50.097443
2025-08-26 02:00:00,43.0,42.697906
2025-08-26 03:00:00,43.0,47.75708
2025-08-26 04:00:00,70.0,63.11801
2025-08-26 05:00:00,262.0,136.85245
2025-08-26 06:00:00,698.0,636.0625
2025-08-26 07:00:00,848.0,755.20593
2025-08-26 08:00:00,841.0,729.97974
2025-08-26 09:00:00,916.0,693.53015
2025-08-26 10:00:00,975.0,678.12305
2025-08-26 11:00:00,876.0,658.94336
2025-08-26 12:00:00,716.0,645.1283
2025-08-26 13:00:00,768.0,637.7629
2025-08-26 14:00:00,664.0,645.1105
2025-08-26 15:00:00,760.0,727.24786
2025-08-26 16:00:00,1022.0,941.1123
2025-08-26 17:00:00,1208.0,1089.9803
2025-08-26 18:00:00,962.0,812.89404
2025-08-26 19:00:00,557.0,441.2459
2025-08-26 20:00:00,387.0,293.76035
2025-08-26 21:00:00,283.0,214.21506
2025-08-26 22:00:00,228.0,146.3706
2025-08-26 23:00:00,117.0,95.6539
2025-08-27 00:00:00,57.0,78.02579
2025-08-27 01:00:00,59.0,55.93045
2025-08-27 02:00:00,48.0,49.462128
2025-08-27 03:00:00,33.0,54.306152
2025-08-27 04:00:00,67.0,68.19391
2025-08-27 05:00:00,253.0,214.95134
2025-08-27 06:00:00,637.0,688.0708
2025-08-27 07:00:00,788.0,773.8761
2025-08-27 08:00:00,765.0,725.6381
2025-08-27 09:00:00,733.0,678.7253
2025-08-27 10:00:00,796.0,688.2335
2025-08-27 11:00:00,820.0,678.7911
2025-08-27 12:00:00,759.0,664.32684
2025-08-27 13:00:00,802.0,650.85864
2025-08-27 14:00:00,668.0,653.2591
2025-08-27 15:00:00,816.0,722.46185
2025-08-27 16:00:00,1042.0,864.5475
2025-08-27 17:00:00,1237.0,1112.3748
2025-08-27 18:00:00,959.0,877.99097
2025-08-27 19:00:00,572.0,498.2228
2025-08-27 20:00:00,417.0,334.62616
2025-08-27 21:00:00,314.0,264.89838
2025-08-27 22:00:00,216.0,189.71475
2025-08-27 23:00:00,135.0,115.58945
2025-08-28 00:00:00,63.0,92.36575
2025-08-28 01:00:00,40.0,64.69928
2025-08-28 02:00:00,32.0,55.8107
2025-08-28 03:00:00,45.0,59.289276
2025-08-28 04:00:00,62.0,79.42026
2025-08-28 05:00:00,214.0,240.35124
2025-08-28 06:00:00,600.0,636.4773
2025-08-28 07:00:00,735.0,706.2802
2025-08-28 08:00:00,646.0,708.6572
2025-08-28 09:00:00,685.0,695.83386
2025-08-28 10:00:00,818.0,691.95825
2025-08-28 11:00:00,716.0,682.29584
2025-08-28 12:00:00,749.0,684.7221
2025-08-28 13:00:00,792.0,678.65234
2025-08-28 14:00:00,690.0,698.5504
2025-08-28 15:00:00,797.0,797.2118
2025-08-28 16:00:00,1065.0,995.68616
2025-08-28 17:00:00,1384.0,1117.5415
2025-08-28 18:00:00,986.0,958.12445
2025-08-28 19:00:00,693.0,611.0947
2025-08-28 20:00:00,411.0,387.64813
2025-08-28 21:00:00,352.0,325.27332
2025-08-28 22:00:00,236.0,242.52664
2025-08-28 23:00:00,164.0,147.5354
2025-08-29 00:00:00,105.0,149.65894
2025-08-29 01:00:00,73.0,83.6167
2025-08-29 02:00:00,48.0,60.2034
2025-08-29 03:00:00,52.0,58.62384
2025-08-29 04:00:00,111.0,76.60538
2025-08-29 05:00:00,260.0,188.33563
2025-08-29 06:00:00,586.0,591.39453
2025-08-29 07:00:00,778.0,772.73645
2025-08-29 08:00:00,730.0,777.12836
2025-08-29 09:00:00,952.0,755.9242
2025-08-29 10:00:00,943.0,746.5657
2025-08-29 11:00:00,889.0,751.25464
2025-08-29 12:00:00,898.0,755.1395
2025-08-29 13:00:00,882.0,756.3327
2025-08-29 14:00:00,907.0,797.9581
2025-08-29 15:00:00,1001.0,877.838
2025-08-29 16:00:00,1344.0,1076.2181
2025-08-29 17:00:00,1214.0,1141.2568
2025-08-29 18:00:00,1032.0,964.6939
2025-08-29 19:00:00,954.0,734.51514
2025-08-29 20:00:00,676.0,448.39404
2025-08-29 21:00:00,466.0,372.10455
2025-08-29 22:00:00,413.0,286.47977
2025-08-29 23:00:00,315.0,185.93265
2025-08-30 00:00:00,262.0,164.40063
2025-08-30 01:00:00,153.0,145.6005
2025-08-30 02:00:00,140.0,132.38644
2025-08-30 03:00:00,144.0,130.56644
2025-08-30 04:00:00,267.0,146.44077
2025-08-30 05:00:00,392.0,199.17542
2025-08-30 06:00:00,631.0,372.1967
2025-08-30 07:00:00,808.0,599.875
2025-08-30 08:00:00,951.0,734.47144
2025-08-30 09:00:00,1067.0,786.1885
2025-08-30 10:00:00,995.0,811.333
2025-08-30 11:00:00,1006.0,791.32965
2025-08-30 12:00:00,934.0,779.8303
2025-08-30 13:00:00,897.0,711.1665
2025-08-30 14:00:00,778.0,676.03394
2025-08-30 15:00:00,823.0,684.46234
2025-08-30 16:00:00,716.0,675.8025
2025-08-30 17:00:00,792.0,612.8131
2025-08-30 18:00:00,682.0,519.42004
2025-08-30 19:00:00,510.0,411.1384
2025-08-30 20:00:00,424.0,292.4621
2025-08-30 21:00:00,348.0,259.9357
2025-08-30 22:00:00,281.0,232.91077
2025-08-30 23:00:00,223.0,194.23035
2025-08-31 00:00:00,172.0,138.83774
2025-08-31 01:00:00,142.0,119.87079
2025-08-31 02:00:00,113.0,109.09668
2025-08-31 03:00:00,119.0,111.13931
2025-08-31 04:00:00,162.0,122.5181
2025-08-31 05:00:00,293.0,155.08221
2025-08-31 06:00:00,427.0,348.22424
2025-08-31 07:00:00,623.0,479.99948
2025-08-31 08:00:00,864.0,622.81946
2025-08-31 09:00:00,1221.0,748.99976
2025-08-31 10:00:00,1253.0,797.9092
2025-08-31 11:00:00,1096.0,789.0876
2025-08-31 12:00:00,917.0,758.9645
2025-08-31 13:00:00,748.0,720.19214
2025-08-31 14:00:00,741.0,681.91876
2025-08-31 15:00:00,742.0,658.196
2025-08-31 16:00:00,638.0,628.1461
2025-08-31 17:00:00,603.0,588.7743
2025-08-31 18:00:00,600.0,507.06323
2025-08-31 19:00:00,509.0,370.51627
2025-08-31 20:00:00,423.0,268.97913
2025-08-31 21:00:00,303.0,225.72447
2025-08-31 22:00:00,235.0,188.37375
2025-08-31 23:00:00,147.0,160.84644
2025-09-01 00:00:00,92.0,75.43524
2025-09-01 01:00:00,58.0,59.310608
2025-09-01 02:00:00,56.0,51.551453
2025-09-01 03:00:00,87.0,53.58676
2025-09-01 04:00:00,104.0,69.36417
2025-09-01 05:00:00,280.0,151.3742
2025-09-01 06:00:00,695.0,630.78973
2025-09-01 07:00:00,787.0,735.459
2025-09-01 08:00:00,721.0,685.4597
2025-09-01 09:00:00,836.0,668.6077
2025-09-01 10:00:00,891.0,658.52563
2025-09-01 11:00:00,917.0,656.09015
2025-09-01 12:00:00,808.0,652.5599
2025-09-01 13:00:00,720.0,632.47046
2025-09-01 14:00:00,626.0,639.8279
2025-09-01 15:00:00,750.0,707.8626
2025-09-01 16:00:00,933.0,906.92194
2025-09-01 17:00:00,1197.0,1043.1838
2025-09-01 18:00:00,824.0,759.426
2025-09-01 19:00:00,513.0,405.13943
2025-09-01 20:00:00,316.0,265.0089
2025-09-01 21:00:00,220.0,203.96259
2025-09-01 22:00:00,159.0,146.11511
2025-09-01 23:00:00,78.0,100.996216
2025-09-02 00:00:00,49.0,68.41745
2025-09-02 01:00:00,15.0,52.106018
2025-09-02 02:00:00,22.0,44.826843
2025-09-02 03:00:00,43.0,49.08493
2025-09-02 04:00:00,73.0,64.32779
2025-09-02 05:00:00,236.0,144.96756
2025-09-02 06:00:00,641.0,662.2219
2025-09-02 07:00:00,792.0,731.19946
2025-09-02 08:00:00,675.0,678.136
2025-09-02 09:00:00,786.0,661.12604
2025-09-02 10:00:00,750.0,653.01416
2025-09-02 11:00:00,824.0,642.8214
2025-09-02 12:00:00,702.0,629.5171
2025-09-02 13:00:00,718.0,630.8005
2025-09-02 14:00:00,829.0,635.55505
2025-09-02 15:00:00,778.0,699.66473
2025-09-02 16:00:00,1006.0,912.7964
2025-09-02 17:00:00,1211.0,1069.5237
2025-09-02 18:00:00,835.0,788.89
2025-09-02 19:00:00,547.0,428.72028
2025-09-02 20:00:00,364.0,291.16827
2025-09-02 21:00:00,247.0,211.08267
2025-09-02 22:00:00,235.0,144.71872
2025-09-02 23:00:00,113.0,95.48819
2025-09-03 00:00:00,53.0,75.25485
2025-09-03 01:00:00,29.0,56.916992
2025-09-03 02:00:00,26.0,49.09424
2025-09-03 03:00:00,36.0,53.43988
2025-09-03 04:00:00,74.0,71.11243
2025-09-03 05:00:00,275.0,202.004
2025-09-03 06:00:00,631.0,699.50586
2025-09-03 07:00:00,816.0,762.05676
2025-09-03 08:00:00,800.0,689.52515
2025-09-03 09:00:00,909.0,683.3894
2025-09-03 10:00:00,924.0,672.0528
2025-09-03 11:00:00,915.0,663.2883
2025-09-03 12:00:00,760.0,658.28375
2025-09-03 13:00:00,782.0,660.5262
2025-09-03 14:00:00,739.0,675.2553
2025-09-03 15:00:00,832.0,777.33167
2025-09-03 16:00:00,1080.0,985.1874
2025-09-03 17:00:00,1357.0,1089.7875
2025-09-03 18:00:00,1016.0,906.51495
2025-09-03 19:00:00,686.0,506.1902
2025-09-03 20:00:00,440.0,338.09174
2025-09-03 21:00:00,316.0,266.42072
2025-09-03 22:00:00,235.0,189.89508
2025-09-03 23:00:00,110.0,118.07257
2025-09-04 00:00:00,61.0,96.49747
2025-09-04 01:00:00,37.0,66.320404
2025-09-04 02:00:00,34.0,56.792114
2025-09-04 03:00:00,37.0,59.309235
2025-09-04 04:00:00,70.0,82.18359
2025-09-04 05:00:00,247.0,253.654
2025-09-04 06:00:00,646.0,624.12836
2025-09-04 07:00:00,825.0,763.9193
2025-09-04 08:00:00,841.0,767.71423
2025-09-04 09:00:00,824.0,751.01556
2025-09-04 10:00:00,824.0,715.45844
2025-09-04 11:00:00,807.0,698.44244
2025-09-04 12:00:00,749.0,685.2356
2025-09-04 13:00:00,754.0,682.1168
2025-09-04 14:00:00,740.0,714.418
2025-09-04 15:00:00,813.0,797.0098
2025-09-04 16:00:00,1002.0,1011.5654
2025-09-04 17:00:00,1045.0,961.9776
2025-09-04 18:00:00,973.0,1014.651
2025-09-04 19:00:00,726.0,693.5327
2025-09-04 20:00:00,454.0,385.1255
2025-09-04 21:00:00,308.0,293.81027
2025-09-04 22:00:00,222.0,245.72812
2025-09-04 23:00:00,143.0,157.84708
2025-09-05 00:00:00,71.0,111.05383
2025-09-05 01:00:00,39.0,72.63577
2025-09-05 02:00:00,47.0,62.453094
2025-09-05 03:00:00,44.0,62.259094
2025-09-05 04:00:00,81.0,78.10974
2025-09-05 05:00:00,284.0,285.248
2025-09-05 06:00:00,644.0,578.4219
2025-09-05 07:00:00,787.0,719.86017
2025-09-05 08:00:00,839.0,723.8773
2025-09-05 09:00:00,993.0,712.1062
2025-09-05 10:00:00,1031.0,708.5896
2025-09-05 11:00:00,980.0,713.3394
2025-09-05 12:00:00,799.0,726.45056
2025-09-05 13:00:00,914.0,737.4736
2025-09-05 14:00:00,947.0,807.9379
2025-09-05 15:00:00,1133.0,926.75366
2025-09-05 16:00:00,1385.0,1063.5078
2025-09-05 17:00:00,1545.0,1134.7944
2025-09-05 18:00:00,1300.0,1035.2919
2025-09-05 19:00:00,954.0,720.8715
2025-09-05 20:00:00,686.0,439.28772
2025-09-05 21:00:00,453.0,364.21576
2025-09-05 22:00:00,404.0,286.5346
2025-09-05 23:00:00,272.0,189.62527
2025-09-06 00:00:00,182.0,168.55869
2025-09-06 01:00:00,143.0,150.76929
2025-09-06 02:00:00,121.0,138.51111
2025-09-06 03:00:00,142.0,139.86343
2025-09-06 04:00:00,273.0,157.5123
2025-09-06 05:00:00,314.0,216.24648
2025-09-06 06:00:00,601.0,486.47595
2025-09-06 07:00:00,850.0,721.6576
2025-09-06 08:00:00,1147.0,807.35474
2025-09-06 09:00:00,1262.0,843.2645
2025-09-06 10:00:00,1307.0,848.79456
2025-09-06 11:00:00,1257.0,846.20874
2025-09-06 12:00:00,1100.0,823.6687
2025-09-06 13:00:00,1022.0,789.8397
2025-09-06 14:00:00,894.0,755.96826
2025-09-06 15:00:00,832.0,722.02277
2025-09-06 16:00:00,783.0,690.38416
2025-09-06 17:00:00,880.0,617.7499
2025-09-06 18:00:00,682.0,512.6716
2025-09-06 19:00:00,472.0,411.19174
2025-09-06 20:00:00,414.0,291.97397
2025-09-06 21:00:00,335.0,261.2594
2025-09-06 22:00:00,294.0,235.92525
2025-09-06 23:00:00,249.0,200.00558
2025-09-07 00:00:00,147.0,140.65088
2025-09-07 01:00:00,115.0,121.39526
2025-09-07 02:00:00,97.0,110.191345
2025-09-07 03:00:00,83.0,112.44125
2025-09-07 04:00:00,133.0,124.41058
2025-09-07 05:00:00,227.0,156.51453
2025-09-07 06:00:00,352.0,212.5275
2025-09-07 07:00:00,618.0,455.27823
2025-09-07 08:00:00,819.0,622.827
2025-09-07 09:00:00,1150.0,743.1074
2025-09-07 10:00:00,1292.0,790.11975
2025-09-07 11:00:00,1235.0,785.1624
2025-09-07 12:00:00,982.0,752.18896
2025-09-07 13:00:00,839.0,713.6987
2025-09-07 14:00:00,747.0,679.1214
2025-09-07 15:00:00,709.0,658.0658
2025-09-07 16:00:00,782.0,627.9214
2025-09-07 17:00:00,724.0,586.1514
2025-09-07 18:00:00,585.0,492.25516
2025-09-07 19:00:00,453.0,365.1619
2025-09-07 20:00:00,376.0,271.28842
2025-09-07 21:00:00,301.0,229.07394
2025-09-07 22:00:00,218.0,192.61826
2025-09-07 23:00:00,78.0,163.3295
2025-09-08 00:00:00,82.0,74.756836
2025-09-08 01:00:00,52.0,58.6037
2025-09-08 02:00:00,40.0,50.752472
2025-09-08 03:00:00,49.0,52.984467
2025-09-08 04:00:00,103.0,67.98459
2025-09-08 05:00:00,272.0,144.26007
2025-09-08 06:00:00,678.0,641.35315
2025-09-08 07:00:00,772.0,766.1854
2025-09-08 08:00:00,752.0,694.4878
2025-09-08 09:00:00,869.0,671.30237
2025-09-08 10:00:00,853.0,658.26465
2025-09-08 11:00:00,847.0,648.7552
2025-09-08 12:00:00,687.0,638.6548
2025-09-08 13:00:00,650.0,633.1261
2025-09-08 14:00:00,618.0,639.5879
2025-09-08 15:00:00,691.0,703.8312
2025-09-08 16:00:00,933.0,902.9702
2025-09-08 17:00:00,1203.0,1042.3164
2025-09-08 18:00:00,870.0,756.1908
2025-09-08 19:00:00,480.0,406.62183
2025-09-08 20:00:00,291.0,278.2309
2025-09-08 21:00:00,221.0,207.88333
2025-09-08 22:00:00,69.0,147.48795
2025-09-08 23:00:00,97.0,103.14526
2025-09-09 00:00:00,55.0,69.163574
2025-09-09 01:00:00,24.0,54.065125
2025-09-09 02:00:00,27.0,46.097992
2025-09-09 03:00:00,24.0,50.492615
2025-09-09 04:00:00,65.0,67.209564
2025-09-09 05:00:00,205.0,160.33957
2025-09-09 06:00:00,576.0,609.7608
2025-09-09 07:00:00,732.0,689.30414
2025-09-09 08:00:00,411.0,677.1252
2025-09-09 09:00:00,581.0,660.9298
2025-09-09 10:00:00,673.0,652.8246
2025-09-09 11:00:00,686.0,643.44965
2025-09-09 12:00:00,624.0,635.56683
2025-09-09 13:00:00,707.0,629.2787
2025-09-09 14:00:00,600.0,636.23
2025-09-09 15:00:00,669.0,710.7434
2025-09-09 16:00:00,1048.0,963.5896
2025-09-09 17:00:00,1263.0,1068.7052
2025-09-09 18:00:00,849.0,801.78766
2025-09-09 19:00:00,515.0,431.54932
2025-09-09 20:00:00,313.0,292.9287
2025-09-09 21:00:00,201.0,210.8877
2025-09-09 22:00:00,217.0,145.37628
2025-09-09 23:00:00,104.0,96.390045
2025-09-10 00:00:00,53.0,75.63214
2025-09-10 01:00:00,20.0,57.203674
2025-09-10 02:00:00,15.0,49.48227
2025-09-10 03:00:00,29.0,54.337128
2025-09-10 04:00:00,67.0,73.58969
2025-09-10 05:00:00,202.0,185.81403
2025-09-10 06:00:00,545.0,628.21045
2025-09-10 07:00:00,739.0,731.27454
2025-09-10 08:00:00,635.0,687.6153
2025-09-10 09:00:00,650.0,676.62726
2025-09-10 10:00:00,707.0,671.4777
2025-09-10 11:00:00,752.0,663.25
2025-09-10 12:00:00,718.0,657.5467
2025-09-10 13:00:00,776.0,650.8968
2025-09-10 14:00:00,757.0,655.0971
2025-09-10 15:00:00,803.0,729.5144
2025-09-10 16:00:00,1168.0,963.15625
2025-09-10 17:00:00,1318.0,1098.4537
2025-09-10 18:00:00,884.0,890.1238
2025-09-10 19:00:00,560.0,509.9381
2025-09-10 20:00:00,328.0,338.84357
2025-09-10 21:00:00,280.0,262.82343
2025-09-10 22:00:00,202.0,187.58157
2025-09-10 23:00:00,105.0,109.51639
2025-09-11 00:00:00,60.0,92.85434
2025-09-11 01:00:00,39.0,64.20065
2025-09-11 02:00:00,22.0,54.1445
2025-09-11 03:00:00,22.0,58.310028
2025-09-11 04:00:00,82.0,76.303375
2025-09-11 05:00:00,235.0,202.44482
2025-09-11 06:00:00,643.0,628.4315
2025-09-11 07:00:00,877.0,754.3944
2025-09-11 08:00:00,845.0,708.5938
2025-09-11 09:00:00,844.0,700.85284
2025-09-11 10:00:00,955.0,698.1345
2025-09-11 11:00:00,927.0,716.2813
2025-09-11 12:00:00,740.0,698.574
2025-09-11 13:00:00,712.0,680.4813
2025-09-11 14:00:00,769.0,696.27014
2025-09-11 15:00:00,797.0,788.55896
2025-09-11 16:00:00,1108.0,981.2778
2025-09-11 17:00:00,1366.0,1106.9774
2025-09-11 18:00:00,1078.0,938.0524
2025-09-11 19:00:00,668.0,595.8894
2025-09-11 20:00:00,433.0,386.0517
2025-09-11 21:00:00,306.0,326.39734
2025-09-11 22:00:00,214.0,245.33444
2025-09-11 23:00:00,128.0,155.21698
2025-09-12 00:00:00,72.0,110.17502
2025-09-12 01:00:00,35.0,73.80893
2025-09-12 02:00:00,37.0,59.217163
2025-09-12 03:00:00,32.0,59.855804
2025-09-12 04:00:00,109.0,76.69095
2025-09-12 05:00:00,260.0,192.96783
2025-09-12 06:00:00,601.0,572.1581
2025-09-12 07:00:00,772.0,704.41595
2025-09-12 08:00:00,789.0,712.80634
2025-09-12 09:00:00,878.0,724.35333
2025-09-12 10:00:00,989.0,724.9142
2025-09-12 11:00:00,922.0,721.6493
2025-09-12 12:00:00,835.0,728.7798
2025-09-12 13:00:00,903.0,728.6749
2025-09-12 14:00:00,892.0,770.6648
2025-09-12 15:00:00,983.0,864.8074
2025-09-12 16:00:00,1252.0,1015.4955
2025-09-12 17:00:00,1359.0,1116.9971
2025-09-12 18:00:00,1124.0,1032.6975
2025-09-12 19:00:00,872.0,714.9592
2025-09-12 20:00:00,562.0,438.59152
2025-09-12 21:00:00,408.0,365.96213
2025-09-12 22:00:00,320.0,286.62323
2025-09-12 23:00:00,278.0,189.41833
2025-09-13 00:00:00,189.0,168.22787
2025-09-13 01:00:00,107.0,149.219
2025-09-13 02:00:00,80.0,136.14651
2025-09-13 03:00:00,85.0,134.01373
2025-09-13 04:00:00,164.0,148.44284
2025-09-13 05:00:00,263.0,199.62286
2025-09-13 06:00:00,469.0,379.36914
2025-09-13 07:00:00,747.0,708.5887
2025-09-13 08:00:00,968.0,811.28723
2025-09-13 09:00:00,1260.0,846.3905
2025-09-13 10:00:00,1195.0,853.34576
2025-09-13 11:00:00,974.0,841.6063
2025-09-13 12:00:00,896.0,824.704
2025-09-13 13:00:00,771.0,773.1249
2025-09-13 14:00:00,814.0,675.2659
2025-09-13 15:00:00,793.0,658.4104
2025-09-13 16:00:00,882.0,646.3247
2025-09-13 17:00:00,807.0,616.9402
2025-09-13 18:00:00,698.0,531.4522
2025-09-13 19:00:00,497.0,407.55396
2025-09-13 20:00:00,379.0,291.59973
2025-09-13 21:00:00,280.0,261.0022
2025-09-13 22:00:00,244.0,235.77571
2025-09-13 23:00:00,265.0,200.07422
2025-09-14 00:00:00,164.0,132.8439
2025-09-14 01:00:00,109.0,109.56561
2025-09-14 02:00:00,94.0,109.52219
2025-09-14 03:00:00,79.0,107.30594
2025-09-14 04:00:00,99.0,113.463776
2025-09-14 05:00:00,172.0,143.92993
2025-09-14 06:00:00,260.0,207.0997
2025-09-14 07:00:00,392.0,325.86932
2025-09-14 08:00:00,651.0,473.99435
2025-09-14 09:00:00,985.0,581.4014
2025-09-14 10:00:00,1040.0,716.11194
2025-09-14 11:00:00,954.0,777.91125
2025-09-14 12:00:00,932.0,753.0118
2025-09-14 13:00:00,822.0,708.82025
2025-09-14 14:00:00,705.0,675.6194
2025-09-14 15:00:00,737.0,621.0765
2025-09-14 16:00:00,691.0,614.54065
2025-09-14 17:00:00,712.0,580.8435
2025-09-14 18:00:00,585.0,487.01718
2025-09-14 19:00:00,489.0,364.506
2025-09-14 20:00:00,230.0,271.02844
2025-09-14 21:00:00,184.0,230.04462
2025-09-14 22:00:00,116.0,193.0784
2025-09-14 23:00:00,63.0,163.46768
2025-09-15 00:00:00,39.0,75.30194
2025-09-15 01:00:00,27.0,58.811737
2025-09-15 02:00:00,18.0,50.67697
2025-09-15 03:00:00,10.0,52.99936
2025-09-15 04:00:00,46.0,68.0737
2025-09-15 05:00:00,185.0,144.88013
2025-09-15 06:00:00,684.0,663.0104
2025-09-15 07:00:00,860.0,742.3681
2025-09-15 08:00:00,860.0,752.5182
2025-09-15 09:00:00,955.0,717.15576
2025-09-15 10:00:00,985.0,694.8833
2025-09-15 11:00:00,949.0,677.21936
2025-09-15 12:00:00,762.0,655.0966
2025-09-15 13:00:00,761.0,647.0561
2025-09-15 14:00:00,607.0,674.8678
2025-09-15 15:00:00,752.0,727.5349
2025-09-15 16:00:00,965.0,911.8595
2025-09-15 17:00:00,1294.0,1022.28406
2025-09-15 18:00:00,832.0,755.03705
2025-09-15 19:00:00,475.0,407.73434
2025-09-15 20:00:00,309.0,269.61255
2025-09-15 21:00:00,178.0,207.23239
2025-09-15 22:00:00,165.0,147.444
2025-09-15 23:00:00,79.0,99.96298
2025-09-16 00:00:00,50.0,70.507355
2025-09-16 01:00:00,22.0,53.223236
2025-09-16 02:00:00,25.0,45.35367
2025-09-16 03:00:00,18.0,49.85614
2025-09-16 04:00:00,77.0,65.27429
2025-09-16 05:00:00,186.0,148.55157
2025-09-16 06:00:00,580.0,666.92413
2025-09-16 07:00:00,741.0,733.2113
2025-09-16 08:00:00,700.0,679.11316
2025-09-16 09:00:00,697.0,661.8325
2025-09-16 10:00:00,775.0,653.3843
2025-09-16 11:00:00,746.0,643.1421
2025-09-16 12:00:00,705.0,635.78516
2025-09-16 13:00:00,682.0,628.0558
2025-09-16 14:00:00,699.0,635.51306
2025-09-16 15:00:00,726.0,699.7771
2025-09-16 16:00:00,1048.0,911.6558
2025-09-16 17:00:00,1318.0,1068.8977
2025-09-16 18:00:00,852.0,785.0177
2025-09-16 19:00:00,501.0,428.37732
2025-09-16 20:00:00,285.0,292.62088
2025-09-16 21:00:00,209.0,211.02689
2025-09-16 22:00:00,180.0,145.0379
2025-09-16 23:00:00,124.0,95.95105
2025-09-17 00:00:00,50.0,75.14462
2025-09-17 01:00:00,25.0,56.52124
2025-09-17 02:00:00,16.0,48.521423
2025-09-17 03:00:00,20.0,53.16092
2025-09-17 04:00:00,59.0,70.87686
2025-09-17 05:00:00,194.0,200.97534
2025-09-17 06:00:00,576.0,694.49963
2025-09-17 07:00:00,748.0,755.5526
2025-09-17 08:00:00,704.0,743.3627
2025-09-17 09:00:00,759.0,710.1051
2025-09-17 10:00:00,809.0,675.89874
2025-09-17 11:00:00,799.0,665.1655
2025-09-17 12:00:00,720.0,665.9354
2025-09-17 13:00:00,798.0,657.57715
2025-09-17 14:00:00,685.0,660.7463
2025-09-17 15:00:00,812.0,735.4652
2025-09-17 16:00:00,990.0,977.77
2025-09-17 17:00:00,1238.0,1093.1301
2025-09-17 18:00:00,880.0,854.92615
2025-09-17 19:00:00,585.0,510.58405
2025-09-17 20:00:00,346.0,338.80273
2025-09-17 21:00:00,320.0,263.86743
2025-09-17 22:00:00,202.0,187.19867
2025-09-17 23:00:00,115.0,113.00723
2025-09-18 00:00:00,68.0,91.97342
2025-09-18 01:00:00,34.0,63.763123
2025-09-18 02:00:00,26.0,54.5231
2025-09-18 03:00:00,27.0,57.960297
2025-09-18 04:00:00,73.0,77.11749
2025-09-18 05:00:00,233.0,222.40483
2025-09-18 06:00:00,638.0,624.80664
2025-09-18 07:00:00,866.0,771.34283
2025-09-18 08:00:00,957.0,767.85297
2025-09-18 09:00:00,1008.0,749.3192
2025-09-18 10:00:00,994.0,739.2486
2025-09-18 11:00:00,916.0,726.547
2025-09-18 12:00:00,685.0,714.827
2025-09-18 13:00:00,734.0,711.74146
2025-09-18 14:00:00,788.0,735.4466
2025-09-18 15:00:00,787.0,844.6033
2025-09-18 16:00:00,1079.0,1023.18884
2025-09-18 17:00:00,1354.0,1107.0228
2025-09-18 18:00:00,1098.0,943.3907
2025-09-18 19:00:00,670.0,596.90967
2025-09-18 20:00:00,396.0,385.58875
2025-09-18 21:00:00,332.0,326.18292
2025-09-18 22:00:00,210.0,245.21727
2025-09-18 23:00:00,133.0,157.8128
2025-09-19 00:00:00,71.0,110.48529
2025-09-19 01:00:00,29.0,72.35504
2025-09-19 02:00:00,26.0,59.070404
2025-09-19 03:00:00,29.0,59.781982
2025-09-19 04:00:00,73.0,77.43866
2025-09-19 05:00:00,239.0,187.02805
2025-09-19 06:00:00,603.0,600.13745
2025-09-19 07:00:00,854.0,772.3092
2025-09-19 08:00:00,903.0,783.47723
2025-09-19 09:00:00,977.0,771.71655
2025-09-19 10:00:00,859.0,766.94666
2025-09-19 11:00:00,1057.0,766.81323
2025-09-19 12:00:00,987.0,762.95715
2025-09-19 13:00:00,726.0,772.2643
2025-09-19 14:00:00,719.0,820.517
2025-09-19 15:00:00,1064.0,939.0825
2025-09-19 16:00:00,1338.0,1065.2544
2025-09-19 17:00:00,1433.0,1123.6171
2025-09-19 18:00:00,1177.0,1009.5537
2025-09-19 19:00:00,804.0,686.6704
2025-09-19 20:00:00,577.0,442.2013
2025-09-19 21:00:00,424.0,372.9525
2025-09-19 22:00:00,336.0,289.07434
2025-09-19 23:00:00,256.0,191.31406
2025-09-20 00:00:00,151.0,168.01938
2025-09-20 01:00:00,94.0,147.79187
2025-09-20 02:00:00,56.0,134.54251
2025-09-20 03:00:00,70.0,131.38425
2025-09-20 04:00:00,161.0,144.31595
2025-09-20 05:00:00,315.0,196.80154
2025-09-20 06:00:00,533.0,438.66003
2025-09-20 07:00:00,804.0,722.462
2025-09-20 08:00:00,1128.0,811.2617
2025-09-20 09:00:00,1409.0,847.61316
2025-09-20 10:00:00,1405.0,858.1698
2025-09-20 11:00:00,1356.0,852.4071
2025-09-20 12:00:00,1309.0,833.44934
2025-09-20 13:00:00,1004.0,799.0792
2025-09-20 14:00:00,936.0,766.1305
2025-09-20 15:00:00,827.0,728.298
2025-09-20 16:00:00,792.0,681.64294
2025-09-20 17:00:00,755.0,606.559
2025-09-20 18:00:00,637.0,513.3981
2025-09-20 19:00:00,490.0,396.5886
2025-09-20 20:00:00,365.0,290.06104
2025-09-20 21:00:00,292.0,262.39667
2025-09-20 22:00:00,243.0,234.68608
2025-09-20 23:00:00,245.0,200.43427
2025-09-21 00:00:00,165.0,141.87836
2025-09-21 01:00:00,105.0,123.50339
2025-09-21 02:00:00,76.0,111.50659
2025-09-21 03:00:00,44.0,111.436584
2025-09-21 04:00:00,74.0,123.643555
2025-09-21 05:00:00,113.0,151.90463
2025-09-21 06:00:00,219.0,203.61755
2025-09-21 07:00:00,400.0,324.30475
2025-09-21 08:00:00,596.0,620.4531
2025-09-21 09:00:00,780.0,746.73596
2025-09-21 10:00:00,955.0,799.0961
2025-09-21 11:00:00,878.0,789.412
2025-09-21 12:00:00,910.0,667.8037
2025-09-21 13:00:00,733.0,648.3158
2025-09-21 14:00:00,693.0,632.49585
2025-09-21 15:00:00,703.0,621.5733
2025-09-21 16:00:00,802.0,613.36194
2025-09-21 17:00:00,634.0,579.33075
2025-09-21 18:00:00,533.0,436.53418
2025-09-21 19:00:00,375.0,337.57922
2025-09-21 20:00:00,184.0,238.61197
2025-09-21 21:00:00,131.0,211.44418
2025-09-21 22:00:00,104.0,188.0299
2025-09-21 23:00:00,57.0,163.36838
2025-09-22 00:00:00,35.0,74.22421
2025-09-22 01:00:00,11.0,57.94397
2025-09-22 02:00:00,15.0,50.647034
2025-09-22 03:00:00,9.0,53.495667
2025-09-22 04:00:00,24.0,64.2865
2025-09-22 05:00:00,185.0,141.54877
2025-09-22 06:00:00,649.0,472.2342
2025-09-22 07:00:00,723.0,691.7063
2025-09-22 08:00:00,669.0,677.4364
2025-09-22 09:00:00,628.0,656.2905
2025-09-22 10:00:00,702.0,659.8656
2025-09-22 11:00:00,704.0,650.01276
2025-09-22 12:00:00,653.0,638.4936
2025-09-22 13:00:00,701.0,633.69385
2025-09-22 14:00:00,641.0,643.656
2025-09-22 15:00:00,642.0,710.89856
2025-09-22 16:00:00,978.0,942.10986
2025-09-22 17:00:00,1209.0,1054.5209
2025-09-22 18:00:00,795.0,765.432
2025-09-22 19:00:00,430.0,379.66373
2025-09-22 20:00:00,243.0,256.79645
2025-09-22 21:00:00,184.0,204.17828
2025-09-22 22:00:00,145.0,184.70941
2025-09-22 23:00:00,76.0,100.333984
2025-09-23 00:00:00,38.0,68.0863
2025-09-23 01:00:00,21.0,51.81198
2025-09-23 02:00:00,12.0,43.713837
2025-09-23 03:00:00,10.0,85.05942
2025-09-23 04:00:00,60.0,59.96454
2025-09-23 05:00:00,205.0,137.46051
2025-09-23 06:00:00,557.0,628.09595
2025-09-23 07:00:00,732.0,465.00763
2025-09-23 08:00:00,620.0,683.53064
2025-09-23 09:00:00,586.0,664.315
2025-09-23 10:00:00,566.0,654.5137
2025-09-23 11:00:00,671.0,642.22833
2025-09-23 12:00:00,610.0,634.01013
2025-09-23 13:00:00,648.0,630.9116
2025-09-23 14:00:00,616.0,543.2922
2025-09-23 15:00:00,734.0,701.1426
2025-09-23 16:00:00,997.0,927.6954
2025-09-23 17:00:00,1213.0,1069.1555
2025-09-23 18:00:00,909.0,818.3192
2025-09-23 19:00:00,466.0,417.79285
2025-09-23 20:00:00,284.0,271.97412
2025-09-23 21:00:00,199.0,211.99393
2025-09-23 22:00:00,137.0,143.23373
2025-09-23 23:00:00,97.0,92.00516
2025-09-24 00:00:00,55.0,75.556305
2025-09-24 01:00:00,27.0,55.711914
2025-09-24 02:00:00,17.0,48.52368
2025-09-24 03:00:00,15.0,52.459106
2025-09-24 04:00:00,61.0,131.14969
2025-09-24 05:00:00,164.0,191.66733
2025-09-24 06:00:00,569.0,680.68567
2025-09-24 07:00:00,709.0,584.1129
2025-09-24 08:00:00,633.0,689.27075
2025-09-24 09:00:00,601.0,677.6687
2025-09-24 10:00:00,705.0,671.7509
2025-09-24 11:00:00,736.0,663.57336
2025-09-24 12:00:00,638.0,647.8897
2025-09-24 13:00:00,745.0,784.0851
2025-09-24 14:00:00,638.0,657.3216
2025-09-24 15:00:00,755.0,736.71533
2025-09-24 16:00:00,1008.0,929.8605
2025-09-24 17:00:00,1241.0,1076.4628
2025-09-24 18:00:00,864.0,836.40643
2025-09-24 19:00:00,528.0,472.46777
2025-09-24 20:00:00,288.0,341.79282
2025-09-24 21:00:00,224.0,237.48718
2025-09-24 22:00:00,191.0,170.57764
2025-09-24 23:00:00,112.0,110.39801
2025-09-25 00:00:00,51.0,88.86075
2025-09-25 01:00:00,34.0,67.71893
2025-09-25 02:00:00,15.0,55.127808
2025-09-25 03:00:00,23.0,58.14325
2025-09-25 04:00:00,67.0,76.56091
2025-09-25 05:00:00,209.0,209.49625
2025-09-25 06:00:00,598.0,541.7505
2025-09-25 07:00:00,769.0,741.1852
2025-09-25 08:00:00,693.0,708.51025
2025-09-25 09:00:00,680.0,700.51764
2025-09-25 10:00:00,685.0,690.2416
2025-09-25 11:00:00,701.0,691.25867
2025-09-25 12:00:00,655.0,684.96893
2025-09-25 13:00:00,790.0,686.2385
2025-09-25 14:00:00,645.0,702.24304
2025-09-25 15:00:00,768.0,882.0723
2025-09-25 16:00:00,1037.0,963.0873
2025-09-25 17:00:00,1323.0,1091.0764
2025-09-25 18:00:00,1012.0,930.6658
2025-09-25 19:00:00,527.0,601.5177
2025-09-25 20:00:00,331.0,394.94327
2025-09-25 21:00:00,279.0,295.9638
2025-09-25 22:00:00,218.0,239.19377
2025-09-25 23:00:00,119.0,151.38321
2025-09-26 00:00:00,56.0,110.401794
2025-09-26 01:00:00,44.0,74.452484
2025-09-26 02:00:00,21.0,60.886932
2025-09-26 03:00:00,30.0,60.798615
2025-09-26 04:00:00,101.0,76.35065
2025-09-26 05:00:00,216.0,179.48334
2025-09-26 06:00:00,588.0,510.08795
2025-09-26 07:00:00,804.0,743.92957
2025-09-26 08:00:00,725.0,723.40643
2025-09-26 09:00:00,725.0,741.45776
2025-09-26 10:00:00,841.0,724.719
2025-09-26 11:00:00,951.0,722.1362
2025-09-26 12:00:00,922.0,722.3623
2025-09-26 13:00:00,936.0,728.97595
2025-09-26 14:00:00,876.0,771.5619
2025-09-26 15:00:00,1031.0,857.3081
2025-09-26 16:00:00,1269.0,1059.5518
2025-09-26 17:00:00,1365.0,1116.4142
2025-09-26 18:00:00,1098.0,943.0386
2025-09-26 19:00:00,753.0,717.4032
2025-09-26 20:00:00,516.0,435.06747
2025-09-26 21:00:00,400.0,338.47894
2025-09-26 22:00:00,286.0,277.79343
2025-09-26 23:00:00,238.0,187.2482
2025-09-27 00:00:00,160.0,169.51572
2025-09-27 01:00:00,102.0,151.57571
2025-09-27 02:00:00,107.0,137.62009
2025-09-27 03:00:00,155.0,128.68942
2025-09-27 04:00:00,281.0,145.58081
2025-09-27 05:00:00,342.0,181.04532
2025-09-27 06:00:00,406.0,330.4876
2025-09-27 07:00:00,565.0,504.7464
2025-09-27 08:00:00,667.0,644.7459
2025-09-27 09:00:00,727.0,716.9919
2025-09-27 10:00:00,729.0,735.0731
2025-09-27 11:00:00,757.0,811.0985
2025-09-27 12:00:00,755.0,727.00977
2025-09-27 13:00:00,752.0,691.6844
2025-09-27 14:00:00,742.0,675.29224
2025-09-27 15:00:00,783.0,656.1024
2025-09-27 16:00:00,728.0,647.0437
2025-09-27 17:00:00,744.0,629.10895
2025-09-27 18:00:00,647.0,553.89685
2025-09-27 19:00:00,493.0,423.22794
2025-09-27 20:00:00,331.0,297.9583
2025-09-27 21:00:00,279.0,256.1266
2025-09-27 22:00:00,242.0,235.30544
2025-09-27 23:00:00,228.0,202.08444
2025-09-28 00:00:00,170.0,142.16412
2025-09-28 01:00:00,104.0,123.43872
2025-09-28 02:00:00,85.0,113.073425
2025-09-28 03:00:00,68.0,114.79541
2025-09-28 04:00:00,106.0,127.86008
2025-09-28 05:00:00,205.0,164.47742
2025-09-28 06:00:00,294.0,222.5297
2025-09-28 07:00:00,373.0,362.6104
2025-09-28 08:00:00,561.0,492.04532
2025-09-28 09:00:00,848.0,736.58765
2025-09-28 10:00:00,925.0,777.8447
2025-09-28 11:00:00,984.0,762.9433
2025-09-28 12:00:00,912.0,701.87695
2025-09-28 13:00:00,719.0,647.8894
2025-09-28 14:00:00,769.0,652.155
2025-09-28 15:00:00,824.0,618.75275
2025-09-28 16:00:00,768.0,611.7932
2025-09-28 17:00:00,696.0,584.81476
2025-09-28 18:00:00,616.0,487.0564
2025-09-28 19:00:00,444.0,360.0265
2025-09-28 20:00:00,285.0,235.96042
2025-09-28 21:00:00,213.0,226.04216
2025-09-28 22:00:00,140.0,191.11505
2025-09-28 23:00:00,85.0,163.72699
2025-09-29 00:00:00,28.0,74.357086
2025-09-29 01:00:00,16.0,58.244293
2025-09-29 02:00:00,13.0,50.390106
2025-09-29 03:00:00,12.0,52.98346
2025-09-29 04:00:00,35.0,67.094604
2025-09-29 05:00:00,214.0,144.04266
2025-09-29 06:00:00,629.0,604.5332
2025-09-29 07:00:00,678.0,742.85547
2025-09-29 08:00:00,643.0,677.67645
2025-09-29 09:00:00,679.0,684.8234
2025-09-29 10:00:00,846.0,662.25476
2025-09-29 11:00:00,726.0,670.9748
2025-09-29 12:00:00,669.0,652.14606
2025-09-29 13:00:00,623.0,634.43085
2025-09-29 14:00:00,600.0,660.8792
2025-09-29 15:00:00,666.0,745.3108
2025-09-29 16:00:00,919.0,919.90234
2025-09-29 17:00:00,1133.0,1052.9556
2025-09-29 18:00:00,819.0,766.42786
2025-09-29 19:00:00,406.0,408.85727
2025-09-29 20:00:00,267.0,270.45947
2025-09-29 21:00:00,174.0,58.644043
2025-09-29 22:00:00,8.0,143.26013
2025-09-29 23:00:00,5.0,99.51825
2025-09-30 00:00:00,9.0,67.803314
2025-09-30 01:00:00,11.0,51.091553
2025-09-30 02:00:00,11.0,43.56369
2025-09-30 03:00:00,19.0,47.970978
2025-09-30 04:00:00,25.0,62.66638
2025-09-30 05:00:00,209.0,133.06674
2025-09-30 06:00:00,573.0,619.7969
2025-09-30 07:00:00,693.0,743.5403
2025-09-30 08:00:00,625.0,683.16675
2025-09-30 09:00:00,620.0,664.16376
2025-09-30 10:00:00,725.0,654.53217
2025-09-30 11:00:00,687.0,642.33264
2025-09-30 12:00:00,662.0,633.9148
2025-09-30 13:00:00,715.0,630.86115
2025-09-30 14:00:00,648.0,639.26996
2025-09-30 15:00:00,732.0,699.1134
2025-09-30 16:00:00,945.0,941.0637
2025-09-30 17:00:00,1097.0,1070.4515
2025-09-30 18:00:00,773.0,792.6729
2025-09-30 19:00:00,448.0,421.1555
2025-09-30 20:00:00,282.0,289.7892
2025-09-30 21:00:00,218.0,212.44543
2025-09-30 22:00:00,161.0,143.81406
2025-09-30 23:00:00,118.0,94.91614
2025-10-01 00:00:00,65.0,77.803986
2025-10-01 01:00:00,21.0,58.87509
2025-10-01 02:00:00,24.0,51.72992
2025-10-01 03:00:00,16.0,55.245636
2025-10-01 04:00:00,78.0,90.22287
2025-10-01 05:00:00,220.0,215.08646
2025-10-01 06:00:00,555.0,507.3842
2025-10-01 07:00:00,717.0,740.03906
2025-10-01 08:00:00,655.0,699.5808
2025-10-01 09:00:00,716.0,678.26154
2025-10-01 10:00:00,743.0,675.9999
2025-10-01 11:00:00,757.0,672.5062
2025-10-01 12:00:00,660.0,663.7915
2025-10-01 13:00:00,762.0,649.42566
2025-10-01 14:00:00,659.0,671.3039
2025-10-01 15:00:00,754.0,739.8503
2025-10-01 16:00:00,990.0,952.8385
2025-10-01 17:00:00,1212.0,1096.3817
2025-10-01 18:00:00,868.0,860.9915
2025-10-01 19:00:00,541.0,523.8047
2025-10-01 20:00:00,317.0,344.82507
2025-10-01 21:00:00,265.0,262.4156
2025-10-01 22:00:00,178.0,180.72552
2025-10-01 23:00:00,127.0,114.447205
2025-10-02 00:00:00,42.0,95.347015
2025-10-02 01:00:00,29.0,69.12344
2025-10-02 02:00:00,23.0,61.662872
2025-10-02 03:00:00,25.0,65.76428
2025-10-02 04:00:00,98.0,83.40488
2025-10-02 05:00:00,221.0,165.07999
2025-10-02 06:00:00,633.0,637.05273
2025-10-02 07:00:00,754.0,737.797
2025-10-02 08:00:00,750.0,710.0297
2025-10-02 09:00:00,881.0,700.2571
2025-10-02 10:00:00,926.0,740.65173
2025-10-02 11:00:00,911.0,725.4527
2025-10-02 12:00:00,787.0,700.9333
2025-10-02 13:00:00,820.0,711.271
2025-10-02 14:00:00,732.0,741.195
2025-10-02 15:00:00,800.0,844.47595
2025-10-02 16:00:00,1086.0,1002.54175
2025-10-02 17:00:00,1289.0,1104.3798
2025-10-02 18:00:00,1080.0,924.9106
2025-10-02 19:00:00,667.0,605.23694
2025-10-02 20:00:00,405.0,393.16357
2025-10-02 21:00:00,320.0,319.84265
2025-10-02 22:00:00,226.0,235.77492
2025-10-02 23:00:00,158.0,152.7103
2025-10-03 00:00:00,85.0,120.60559
2025-10-03 01:00:00,45.0,82.33142
2025-10-03 02:00:00,38.0,68.29593
2025-10-03 03:00:00,39.0,66.68207
2025-10-03 04:00:00,157.0,82.63324
2025-10-03 05:00:00,317.0,200.30048
2025-10-03 06:00:00,707.0,583.85254
2025-10-03 07:00:00,824.0,777.5628
2025-10-03 08:00:00,821.0,785.8124
2025-10-03 09:00:00,950.0,726.0634
2025-10-03 10:00:00,924.0,723.5177
2025-10-03 11:00:00,954.0,723.66144
2025-10-03 12:00:00,843.0,723.97974
2025-10-03 13:00:00,845.0,731.34326
2025-10-03 14:00:00,793.0,769.1603
2025-10-03 15:00:00,856.0,846.3946
2025-10-03 16:00:00,1213.0,988.4474
2025-10-03 17:00:00,1302.0,1096.4767
2025-10-03 18:00:00,1029.0,1019.1218
2025-10-03 19:00:00,781.0,699.67883
2025-10-03 20:00:00,581.0,428.96878
2025-10-03 21:00:00,465.0,354.29105
2025-10-03 22:00:00,369.0,282.86008
2025-10-03 23:00:00,285.0,195.24829
2025-10-04 00:00:00,151.0,172.42935
2025-10-04 01:00:00,136.0,153.02176
2025-10-04 02:00:00,133.0,139.75372
2025-10-04 03:00:00,276.0,137.74686
2025-10-04 04:00:00,570.0,155.18982
2025-10-04 05:00:00,715.0,208.6305
2025-10-04 06:00:00,698.0,376.6946
2025-10-04 07:00:00,746.0,612.28125
2025-10-04 08:00:00,761.0,736.3282
2025-10-04 09:00:00,873.0,769.00415
2025-10-04 10:00:00,989.0,841.58606
2025-10-04 11:00:00,954.0,831.0572
2025-10-04 12:00:00,813.0,814.7929
2025-10-04 13:00:00,838.0,773.3202
2025-10-04 14:00:00,813.0,675.3947
2025-10-04 15:00:00,747.0,653.3496
2025-10-04 16:00:00,814.0,687.9143
2025-10-04 17:00:00,719.0,687.4092
2025-10-04 18:00:00,570.0,508.28458
2025-10-04 19:00:00,416.0,422.56006
2025-10-04 20:00:00,307.0,274.93127
2025-10-04 21:00:00,235.0,253.39603
2025-10-04 22:00:00,217.0,223.20615
2025-10-04 23:00:00,243.0,203.78024
2025-10-05 00:00:00,170.0,142.85242
2025-10-05 01:00:00,100.0,125.130005
2025-10-05 02:00:00,78.0,114.13544
2025-10-05 03:00:00,88.0,115.98291
2025-10-05 04:00:00,172.0,127.92944
2025-10-05 05:00:00,269.0,162.69034
2025-10-05 06:00:00,336.0,225.15587
2025-10-05 07:00:00,385.0,346.08923
2025-10-05 08:00:00,501.0,495.06232
2025-10-05 09:00:00,801.0,589.23083
2025-10-05 10:00:00,974.0,687.50916
2025-10-05 11:00:00,952.0,731.96497
2025-10-05 12:00:00,687.0,698.7356
2025-10-05 13:00:00,720.0,639.999
2025-10-05 14:00:00,681.0,646.5952
2025-10-05 15:00:00,681.0,611.09326
2025-10-05 16:00:00,678.0,610.6846
2025-10-05 17:00:00,653.0,583.23975
2025-10-05 18:00:00,504.0,486.5318
2025-10-05 19:00:00,385.0,360.03873
2025-10-05 20:00:00,278.0,264.71982
2025-10-05 21:00:00,218.0,209.7406
2025-10-05 22:00:00,131.0,189.87186
2025-10-05 23:00:00,95.0,165.10419
2025-10-06 00:00:00,73.0,76.7406
2025-10-06 01:00:00,32.0,57.770874
2025-10-06 02:00:00,24.0,50.144928
2025-10-06 03:00:00,31.0,51.986115
2025-10-06 04:00:00,108.0,66.9762
2025-10-06 05:00:00,273.0,138.3247
2025-10-06 06:00:00,599.0,564.5074
2025-10-06 07:00:00,741.0,748.89734
2025-10-06 08:00:00,766.0,688.3937
2025-10-06 09:00:00,817.0,671.0848
2025-10-06 10:00:00,1003.0,659.62695
2025-10-06 11:00:00,903.0,648.0265
2025-10-06 12:00:00,734.0,636.76636
2025-10-06 13:00:00,683.0,633.26447
2025-10-06 14:00:00,669.0,641.54065
2025-10-06 15:00:00,658.0,698.2802
2025-10-06 16:00:00,935.0,874.3153
2025-10-06 17:00:00,1107.0,1023.0177
2025-10-06 18:00:00,755.0,765.5907
2025-10-06 19:00:00,446.0,413.30896
2025-10-06 20:00:00,268.0,274.07892
2025-10-06 21:00:00,161.0,203.3645
2025-10-06 22:00:00,147.0,147.55835
2025-10-06 23:00:00,99.0,102.88385
2025-10-07 00:00:00,48.0,71.468506
2025-10-07 01:00:00,16.0,54.925873
2025-10-07 02:00:00,15.0,47.528107
2025-10-07 03:00:00,21.0,50.701416
2025-10-07 04:00:00,63.0,65.089264
2025-10-07 05:00:00,193.0,143.53113
2025-10-07 06:00:00,568.0,628.53345
2025-10-07 07:00:00,704.0,743.1863
2025-10-07 08:00:00,698.0,691.72003
2025-10-07 09:00:00,889.0,698.1303
2025-10-07 10:00:00,869.0,682.83765
2025-10-07 11:00:00,854.0,663.4721
2025-10-07 12:00:00,694.0,645.45575
2025-10-07 13:00:00,737.0,637.0211
2025-10-07 14:00:00,676.0,649.8769
2025-10-07 15:00:00,727.0,753.1363
2025-10-07 16:00:00,984.0,949.89667
2025-10-07 17:00:00,1214.0,1069.4615
2025-10-07 18:00:00,762.0,787.32184
2025-10-07 19:00:00,450.0,419.884
2025-10-07 20:00:00,284.0,292.2245
2025-10-07 21:00:00,185.0,217.81052
2025-10-07 22:00:00,141.0,148.22913
2025-10-07 23:00:00,79.0,99.15103
2025-10-08 00:00:00,52.0,77.700745
2025-10-08 01:00:00,20.0,58.494965
2025-10-08 02:00:00,16.0,51.869232
2025-10-08 03:00:00,22.0,55.261475
2025-10-08 04:00:00,83.0,73.386475
2025-10-08 05:00:00,200.0,216.72592
2025-10-08 06:00:00,615.0,689.97766
2025-10-08 07:00:00,756.0,739.2435
2025-10-08 08:00:00,693.0,691.7997
2025-10-08 09:00:00,852.0,678.39984
2025-10-08 10:00:00,889.0,671.0505
2025-10-08 11:00:00,875.0,661.5552
2025-10-08 12:00:00,719.0,653.6223
2025-10-08 13:00:00,702.0,647.47687
2025-10-08 14:00:00,650.0,655.9779
2025-10-08 15:00:00,736.0,750.18616
2025-10-08 16:00:00,1014.0,945.2551
2025-10-08 17:00:00,1192.0,1089.223
2025-10-08 18:00:00,853.0,859.13965
2025-10-08 19:00:00,535.0,523.2414
2025-10-08 20:00:00,322.0,346.62302
2025-10-08 21:00:00,223.0,262.4453
2025-10-08 22:00:00,241.0,185.065
2025-10-08 23:00:00,96.0,116.68155
2025-10-09 00:00:00,57.0,93.57837
2025-10-09 01:00:00,42.0,66.127625
2025-10-09 02:00:00,22.0,57.046997
2025-10-09 03:00:00,28.0,60.23163
2025-10-09 04:00:00,85.0,79.37842
2025-10-09 05:00:00,200.0,234.82079
2025-10-09 06:00:00,572.0,650.22705
2025-10-09 07:00:00,790.0,744.6844
2025-10-09 08:00:00,780.0,710.9497
2025-10-09 09:00:00,860.0,700.9728
2025-10-09 10:00:00,962.0,697.5576
2025-10-09 11:00:00,987.0,691.3221
2025-10-09 12:00:00,778.0,684.58826
2025-10-09 13:00:00,847.0,679.3324
2025-10-09 14:00:00,769.0,697.3225
2025-10-09 15:00:00,825.0,783.53815
2025-10-09 16:00:00,1044.0,955.55334
2025-10-09 17:00:00,1229.0,1090.2091
2025-10-09 18:00:00,845.0,922.4652
2025-10-09 19:00:00,729.0,581.9951
2025-10-09 20:00:00,444.0,389.47
2025-10-09 21:00:00,259.0,326.32837
2025-10-09 22:00:00,182.0,246.679
2025-10-09 23:00:00,128.0,161.43945
2025-10-10 00:00:00,68.0,115.71735
2025-10-10 01:00:00,42.0,75.55347
2025-10-10 02:00:00,30.0,61.217163
2025-10-10 03:00:00,41.0,61.266174
2025-10-10 04:00:00,93.0,77.41455
2025-10-10 05:00:00,210.0,186.05685
2025-10-10 06:00:00,580.0,575.4908
2025-10-10 07:00:00,770.0,749.1457
2025-10-10 08:00:00,794.0,732.1659
2025-10-10 09:00:00,894.0,727.4658
2025-10-10 10:00:00,975.0,724.825
2025-10-10 11:00:00,1016.0,731.5635
2025-10-10 12:00:00,817.0,771.33856
2025-10-10 13:00:00,893.0,774.7584
2025-10-10 14:00:00,955.0,810.0507
2025-10-10 15:00:00,933.0,918.99866
2025-10-10 16:00:00,1247.0,1039.0691
2025-10-10 17:00:00,1343.0,1107.6101
2025-10-10 18:00:00,1049.0,1015.5841
2025-10-10 19:00:00,752.0,688.3474
2025-10-10 20:00:00,520.0,431.85785
2025-10-10 21:00:00,386.0,357.83392
2025-10-10 22:00:00,303.0,287.01004
2025-10-10 23:00:00,245.0,194.19662
2025-10-11 00:00:00,129.0,172.33252
2025-10-11 01:00:00,51.0,152.49814
2025-10-11 02:00:00,43.0,139.39252
2025-10-11 03:00:00,60.0,137.12784
2025-10-11 04:00:00,162.0,153.24475
2025-10-11 05:00:00,311.0,206.4726
2025-10-11 06:00:00,430.0,376.59753
2025-10-11 07:00:00,716.0,605.5522
2025-10-11 08:00:00,871.0,720.1796
2025-10-11 09:00:00,1092.0,765.88837
2025-10-11 10:00:00,1075.0,770.2329
2025-10-11 11:00:00,1040.0,753.0666
2025-10-11 12:00:00,895.0,726.6151
2025-10-11 13:00:00,789.0,696.223
2025-10-11 14:00:00,791.0,672.41595
2025-10-11 15:00:00,760.0,656.6091
2025-10-11 16:00:00,695.0,668.6176
2025-10-11 17:00:00,705.0,624.8993
2025-10-11 18:00:00,600.0,537.2249
2025-10-11 19:00:00,464.0,422.6451
2025-10-11 20:00:00,306.0,293.85107
2025-10-11 21:00:00,243.0,258.52142
2025-10-11 22:00:00,217.0,236.08038
2025-10-11 23:00:00,199.0,203.77866
2025-10-12 00:00:00,155.0,142.55112
2025-10-12 01:00:00,98.0,124.14676
2025-10-12 02:00:00,60.0,112.9733
2025-10-12 03:00:00,46.0,114.06885
2025-10-12 04:00:00,70.0,126.35123
2025-10-12 05:00:00,130.0,158.0167
2025-10-12 06:00:00,231.0,215.42177
2025-10-12 07:00:00,388.0,341.77844
2025-10-12 08:00:00,634.0,489.40173
2025-10-12 09:00:00,847.0,584.80676
2025-10-12 10:00:00,1002.0,645.501
2025-10-12 11:00:00,957.0,662.7963
2025-10-12 12:00:00,726.0,654.1482
2025-10-12 13:00:00,749.0,638.04584
2025-10-12 14:00:00,725.0,623.5366
2025-10-12 15:00:00,718.0,616.41614
2025-10-12 16:00:00,629.0,612.6989
2025-10-12 17:00:00,650.0,584.5341
2025-10-12 18:00:00,512.0,485.39746
2025-10-12 19:00:00,413.0,359.60913
2025-10-12 20:00:00,339.0,267.07352
2025-10-12 21:00:00,210.0,226.52289
2025-10-12 22:00:00,149.0,192.20587
2025-10-12 23:00:00,109.0,165.12775
2025-10-13 00:00:00,62.0,77.2569
2025-10-13 01:00:00,41.0,61.008728
2025-10-13 02:00:00,26.0,52.812103
2025-10-13 03:00:00,31.0,54.92569
2025-10-13 04:00:00,68.0,69.029724
2025-10-13 05:00:00,219.0,145.39398
2025-10-13 06:00:00,631.0,587.8745
2025-10-13 07:00:00,752.0,748.5879
2025-10-13 08:00:00,760.0,688.25024
2025-10-13 09:00:00,816.0,670.5762
2025-10-13 10:00:00,817.0,659.7627
2025-10-13 11:00:00,794.0,649.07916
2025-10-13 12:00:00,714.0,635.703
2025-10-13 13:00:00,673.0,630.8784
2025-10-13 14:00:00,620.0,641.2113
2025-10-13 15:00:00,743.0,698.07776
2025-10-13 16:00:00,953.0,870.7407
2025-10-13 17:00:00,1180.0,1022.81885
2025-10-13 18:00:00,822.0,763.84674
2025-10-13 19:00:00,463.0,410.88828
2025-10-13 20:00:00,253.0,274.0766
2025-10-13 21:00:00,167.0,204.0774
2025-10-13 22:00:00,142.0,147.78445
2025-10-13 23:00:00,127.0,103.11606
2025-10-14 00:00:00,53.0,71.47934
2025-10-14 01:00:00,27.0,55.09189
2025-10-14 02:00:00,22.0,47.754486
2025-10-14 03:00:00,16.0,50.69525
2025-10-14 04:00:00,49.0,65.46817
2025-10-14 05:00:00,187.0,148.811
2025-10-14 06:00:00,599.0,638.5733
2025-10-14 07:00:00,789.0,742.5041
2025-10-14 08:00:00,710.0,682.3467
2025-10-14 09:00:00,705.0,663.7381
2025-10-14 10:00:00,801.0,653.9562
2025-10-14 11:00:00,724.0,640.86255
2025-10-14 12:00:00,647.0,631.89575
2025-10-14 13:00:00,675.0,628.3766
2025-10-14 14:00:00,597.0,637.14606
2025-10-14 15:00:00,720.0,694.2
2025-10-14 16:00:00,998.0,895.3574
2025-10-14 17:00:00,1237.0,1047.8977
2025-10-14 18:00:00,822.0,784.7627
2025-10-14 19:00:00,526.0,424.54166
2025-10-14 20:00:00,326.0,292.5846
2025-10-14 21:00:00,199.0,214.35168
2025-10-14 22:00:00,148.0,145.48004
2025-10-14 23:00:00,76.0,97.730316
2025-10-15 00:00:00,51.0,77.73358
2025-10-15 01:00:00,32.0,58.21811
2025-10-15 02:00:00,24.0,52.427277
2025-10-15 03:00:00,22.0,55.876495
2025-10-15 04:00:00,48.0,72.710815
2025-10-15 05:00:00,179.0,205.51355
2025-10-15 06:00:00,596.0,670.1693
2025-10-15 07:00:00,773.0,740.77136
2025-10-15 08:00:00,776.0,691.7433
2025-10-15 09:00:00,783.0,678.799
2025-10-15 10:00:00,794.0,670.93805
2025-10-15 11:00:00,798.0,661.5295
2025-10-15 12:00:00,718.0,653.4386
2025-10-15 13:00:00,742.0,647.3358
2025-10-15 14:00:00,614.0,656.6416
2025-10-15 15:00:00,745.0,729.88727
2025-10-15 16:00:00,982.0,917.02966
2025-10-15 17:00:00,1228.0,1069.5809
2025-10-15 18:00:00,844.0,859.0164
2025-10-15 19:00:00,588.0,524.6179
2025-10-15 20:00:00,374.0,347.51532
2025-10-15 21:00:00,243.0,265.0617
2025-10-15 22:00:00,208.0,187.3616
2025-10-15 23:00:00,118.0,116.98108
2025-10-16 00:00:00,69.0,93.3056
2025-10-16 01:00:00,40.0,66.058105
2025-10-16 02:00:00,21.0,58.025146
2025-10-16 03:00:00,31.0,61.174164
2025-10-16 04:00:00,56.0,79.45407
2025-10-16 05:00:00,182.0,225.01012
2025-10-16 06:00:00,604.0,645.9536
2025-10-16 07:00:00,793.0,742.31226
2025-10-16 08:00:00,690.0,710.1033
2025-10-16 09:00:00,836.0,700.98157
2025-10-16 10:00:00,863.0,695.86163
2025-10-16 11:00:00,829.0,689.37964
2025-10-16 12:00:00,748.0,685.6886
2025-10-16 13:00:00,776.0,680.26575
2025-10-16 14:00:00,706.0,702.9896
2025-10-16 15:00:00,785.0,784.88074
2025-10-16 16:00:00,1039.0,946.21826
2025-10-16 17:00:00,1371.0,1081.323
2025-10-16 18:00:00,984.0,920.49036
2025-10-16 19:00:00,688.0,592.6194
2025-10-16 20:00:00,369.0,391.96136
2025-10-16 21:00:00,291.0,322.12662
2025-10-16 22:00:00,241.0,238.59773
2025-10-16 23:00:00,135.0,153.46844
2025-10-17 00:00:00,69.0,117.69568
2025-10-17 01:00:00,39.0,78.96561
2025-10-17 02:00:00,25.0,64.55322
2025-10-17 03:00:00,24.0,63.14978
2025-10-17 04:00:00,55.0,77.83365
2025-10-17 05:00:00,189.0,187.85913
2025-10-17 06:00:00,545.0,573.5781
2025-10-17 07:00:00,709.0,748.8589
2025-10-17 08:00:00,787.0,731.74
2025-10-17 09:00:00,849.0,725.57947
2025-10-17 10:00:00,836.0,723.649
2025-10-17 11:00:00,976.0,723.64264
2025-10-17 12:00:00,826.0,726.91486
2025-10-17 13:00:00,883.0,730.7667
2025-10-17 14:00:00,824.0,768.60266
2025-10-17 15:00:00,923.0,846.39166
2025-10-17 16:00:00,1266.0,1004.8229
2025-10-17 17:00:00,1305.0,1096.0197
2025-10-17 18:00:00,1141.0,1018.14087
2025-10-17 19:00:00,803.0,695.86505
2025-10-17 20:00:00,476.0,428.67914
2025-10-17 21:00:00,350.0,355.38025
2025-10-17 22:00:00,263.0,281.41208
2025-10-17 23:00:00,220.0,194.28757
2025-10-18 00:00:00,166.0,172.80444
2025-10-18 01:00:00,83.0,154.78897
2025-10-18 02:00:00,46.0,142.11298
2025-10-18 03:00:00,50.0,145.90399
2025-10-18 04:00:00,89.0,164.43417
2025-10-18 05:00:00,143.0,228.48387
2025-10-18 06:00:00,327.0,385.71497
2025-10-18 07:00:00,515.0,608.73694
2025-10-18 08:00:00,786.0,709.5947
2025-10-18 09:00:00,1009.0,756.1842
2025-10-18 10:00:00,1155.0,829.7373
2025-10-18 11:00:00,1034.0,823.0298
2025-10-18 12:00:00,938.0,801.0394
2025-10-18 13:00:00,829.0,773.7688
2025-10-18 14:00:00,757.0,741.8379
2025-10-18 15:00:00,731.0,709.2501
2025-10-18 16:00:00,724.0,679.8857
2025-10-18 17:00:00,804.0,626.1243
2025-10-18 18:00:00,689.0,550.36365
2025-10-18 19:00:00,518.0,427.1353
2025-10-18 20:00:00,331.0,297.09863
2025-10-18 21:00:00,285.0,254.97432
2025-10-18 22:00:00,271.0,234.05934
2025-10-18 23:00:00,239.0,203.62354
2025-10-19 00:00:00,163.0,143.51544
2025-10-19 01:00:00,97.0,126.57486
2025-10-19 02:00:00,75.0,117.992065
2025-10-19 03:00:00,59.0,118.05032
2025-10-19 04:00:00,41.0,132.54095
2025-10-19 05:00:00,78.0,173.0412
2025-10-19 06:00:00,182.0,232.67155
2025-10-19 07:00:00,298.0,352.31055
2025-10-19 08:00:00,433.0,501.2848
2025-10-19 09:00:00,633.0,590.34814
2025-10-19 10:00:00,718.0,664.2251
2025-10-19 11:00:00,788.0,689.20483
2025-10-19 12:00:00,655.0,725.43225
2025-10-19 13:00:00,662.0,640.3422
2025-10-19 14:00:00,635.0,628.44836
2025-10-19 15:00:00,681.0,617.14014
2025-10-19 16:00:00,816.0,610.90845
2025-10-19 17:00:00,750.0,584.5545
2025-10-19 18:00:00,528.0,485.80078
2025-10-19 19:00:00,410.0,360.13852
2025-10-19 20:00:00,295.0,264.70688
2025-10-19 21:00:00,239.0,224.25401
2025-10-19 22:00:00,150.0,190.5888
2025-10-19 23:00:00,92.0,165.1196
2025-10-20 00:00:00,46.0,76.54379
2025-10-20 01:00:00,32.0,60.56662
2025-10-20 02:00:00,17.0,52.83676
2025-10-20 03:00:00,23.0,54.810608
2025-10-20 04:00:00,57.0,69.10596
2025-10-20 05:00:00,213.0,145.89789
2025-10-20 06:00:00,619.0,600.64014
2025-10-20 07:00:00,750.0,747.0106
2025-10-20 08:00:00,646.0,687.6283
2025-10-20 09:00:00,551.0,669.79425
2025-10-20 10:00:00,606.0,658.9584
2025-10-20 11:00:00,616.0,647.7501
2025-10-20 12:00:00,639.0,635.47076
2025-10-20 13:00:00,649.0,631.13184
2025-10-20 14:00:00,604.0,640.67944
2025-10-20 15:00:00,675.0,696.105
2025-10-20 16:00:00,962.0,875.0779
2025-10-20 17:00:00,1217.0,1023.302
2025-10-20 18:00:00,868.0,765.4574
2025-10-20 19:00:00,484.0,411.86078
2025-10-20 20:00:00,276.0,273.24066
2025-10-20 21:00:00,194.0,202.71048
2025-10-20 22:00:00,166.0,146.81912
2025-10-20 23:00:00,91.0,102.63364
2025-10-21 00:00:00,29.0,70.57495
2025-10-21 01:00:00,35.0,54.752472
2025-10-21 02:00:00,21.0,47.384125
2025-10-21 03:00:00,16.0,50.59207
2025-10-21 04:00:00,46.0,64.74301
2025-10-21 05:00:00,158.0,142.33023
2025-10-21 06:00:00,601.0,617.42285
2025-10-21 07:00:00,733.0,742.3723
2025-10-21 08:00:00,643.0,682.43823
2025-10-21 09:00:00,554.0,669.902
2025-10-21 10:00:00,588.0,682.0012
2025-10-21 11:00:00,653.0,662.8891
2025-10-21 12:00:00,614.0,641.7301
2025-10-21 13:00:00,608.0,631.4203
2025-10-21 14:00:00,624.0,633.7254
2025-10-21 15:00:00,702.0,688.69763
2025-10-21 16:00:00,1015.0,890.72217
2025-10-21 17:00:00,1289.0,1053.5001
2025-10-21 18:00:00,878.0,787.8516
2025-10-21 19:00:00,486.0,426.4516
2025-10-21 20:00:00,251.0,294.08228
2025-10-21 21:00:00,172.0,217.94348
2025-10-21 22:00:00,165.0,148.71808
2025-10-21 23:00:00,85.0,100.14627
2025-10-22 00:00:00,67.0,76.957275
2025-10-22 01:00:00,21.0,59.283173
2025-10-22 02:00:00,16.0,51.419678
2025-10-22 03:00:00,16.0,55.707672
2025-10-22 04:00:00,34.0,75.587524
2025-10-22 05:00:00,189.0,197.50104
2025-10-22 06:00:00,557.0,648.6874
2025-10-22 07:00:00,767.0,702.0794
2025-10-22 08:00:00,636.0,678.2421
2025-10-22 09:00:00,601.0,676.451
2025-10-22 10:00:00,631.0,667.8533
2025-10-22 11:00:00,724.0,662.39417
2025-10-22 12:00:00,716.0,653.61365
2025-10-22 13:00:00,757.0,647.9537
2025-10-22 14:00:00,677.0,655.64197
2025-10-22 15:00:00,678.0,725.33167
2025-10-22 16:00:00,1022.0,914.8331
2025-10-22 17:00:00,1287.0,1076.7208
2025-10-22 18:00:00,896.0,857.47534
2025-10-22 19:00:00,579.0,527.4675
2025-10-22 20:00:00,323.0,346.8379
2025-10-22 21:00:00,232.0,267.8404
2025-10-22 22:00:00,172.0,191.7464
2025-10-22 23:00:00,132.0,118.48111
2025-10-23 00:00:00,63.0,100.043396
2025-10-23 01:00:00,34.0,68.73157
2025-10-23 02:00:00,29.0,57.16043
2025-10-23 03:00:00,30.0,60.052917
2025-10-23 04:00:00,61.0,79.84546
2025-10-23 05:00:00,159.0,241.27057
2025-10-23 06:00:00,595.0,652.4868
2025-10-23 07:00:00,745.0,745.8354
2025-10-23 08:00:00,651.0,711.4227
2025-10-23 09:00:00,610.0,699.3129
2025-10-23 10:00:00,718.0,695.68365
2025-10-23 11:00:00,542.0,682.165
2025-10-23 12:00:00,580.0,678.3561
2025-10-23 13:00:00,656.0,680.5112
2025-10-23 14:00:00,667.0,717.2818
2025-10-23 15:00:00,767.0,810.8999
2025-10-23 16:00:00,1081.0,975.1449
2025-10-23 17:00:00,1312.0,1077.4532
2025-10-23 18:00:00,992.0,921.49695
2025-10-23 19:00:00,683.0,567.86224
2025-10-23 20:00:00,372.0,385.0584
2025-10-23 21:00:00,281.0,314.03894
2025-10-23 22:00:00,242.0,239.24612
2025-10-23 23:00:00,144.0,152.81836
2025-10-24 00:00:00,60.0,117.158905
2025-10-24 01:00:00,48.0,78.172424
2025-10-24 02:00:00,29.0,63.99182
2025-10-24 03:00:00,46.0,63.194214
2025-10-24 04:00:00,67.0,78.13141
2025-10-24 05:00:00,193.0,188.44211
2025-10-24 06:00:00,574.0,622.51917
2025-10-24 07:00:00,761.0,733.2373
2025-10-24 08:00:00,750.0,717.07117
2025-10-24 09:00:00,800.0,717.7503
2025-10-24 10:00:00,830.0,744.44836
2025-10-24 11:00:00,925.0,762.0071
2025-10-24 12:00:00,802.0,755.6287
2025-10-24 13:00:00,949.0,773.8766
2025-10-24 14:00:00,848.0,812.27856
2025-10-24 15:00:00,976.0,911.15076
2025-10-24 16:00:00,1358.0,1031.6868
2025-10-24 17:00:00,1499.0,1085.4828
2025-10-24 18:00:00,1239.0,1011.5669
2025-10-24 19:00:00,869.0,700.0522
2025-10-24 20:00:00,541.0,426.14264
2025-10-24 21:00:00,377.0,348.73727
2025-10-24 22:00:00,301.0,278.06204
2025-10-24 23:00:00,265.0,194.12976
2025-10-25 00:00:00,208.0,167.78976
2025-10-25 01:00:00,104.0,150.03458
2025-10-25 02:00:00,65.0,140.89627
2025-10-25 03:00:00,73.0,138.43845
2025-10-25 04:00:00,106.0,154.86456
2025-10-25 05:00:00,187.0,214.41043
2025-10-25 06:00:00,361.0,375.42023
2025-10-25 07:00:00,521.0,609.1356
2025-10-25 08:00:00,750.0,712.6126
2025-10-25 09:00:00,889.0,757.3384
2025-10-25 10:00:00,867.0,736.16736
2025-10-25 11:00:00,960.0,713.8723
2025-10-25 12:00:00,807.0,700.548
2025-10-25 13:00:00,770.0,679.99207
2025-10-25 14:00:00,754.0,671.5517
2025-10-25 15:00:00,694.0,662.3982
2025-10-25 16:00:00,771.0,639.4196
2025-10-25 17:00:00,798.0,612.2306
2025-10-25 18:00:00,600.0,497.10608
2025-10-25 19:00:00,412.0,335.85297
2025-10-25 20:00:00,295.0,275.28687
2025-10-25 21:00:00,269.0,252.7855
2025-10-25 22:00:00,261.0,229.5843
2025-10-25 23:00:00,205.0,196.52917
2025-10-26 00:00:00,196.0,141.9025
2025-10-26 01:00:00,142.0,125.23721
2025-10-26 02:00:00,155.0,115.573944
2025-10-26 03:00:00,37.0,116.97159
2025-10-26 04:00:00,57.0,129.54312
2025-10-26 05:00:00,80.0,151.49213
2025-10-26 06:00:00,148.0,226.19899
2025-10-26 07:00:00,250.0,338.70892
2025-10-26 08:00:00,475.0,498.73755
2025-10-26 09:00:00,668.0,585.35236
2025-10-26 10:00:00,720.0,636.5327
2025-10-26 11:00:00,691.0,717.1356
2025-10-26 12:00:00,667.0,688.89197
2025-10-26 13:00:00,657.0,665.5636
2025-10-26 14:00:00,691.0,620.95654
2025-10-26 15:00:00,700.0,616.2331
2025-10-26 16:00:00,701.0,610.33496
2025-10-26 17:00:00,645.0,585.7863
2025-10-26 18:00:00,525.0,490.7863
2025-10-26 19:00:00,384.0,361.23273
2025-10-26 20:00:00,305.0,261.30283
2025-10-26 21:00:00,213.0,219.13994
2025-10-26 22:00:00,142.0,185.61554
2025-10-26 23:00:00,97.0,165.11539
2025-10-27 00:00:00,57.0,76.84256
2025-10-27 01:00:00,29.0,60.110016
2025-10-27 02:00:00,21.0,52.957
2025-10-27 03:00:00,21.0,54.757782
2025-10-27 04:00:00,88.0,62.274475
2025-10-27 05:00:00,195.0,139.53857
2025-10-27 06:00:00,608.0,549.7982
2025-10-27 07:00:00,717.0,695.5314
2025-10-27 08:00:00,626.0,667.9362
2025-10-27 09:00:00,604.0,659.68286
2025-10-27 10:00:00,696.0,650.6738
2025-10-27 11:00:00,652.0,638.55975
2025-10-27 12:00:00,622.0,626.63995
2025-10-27 13:00:00,623.0,626.05536
2025-10-27 14:00:00,610.0,645.29553
2025-10-27 15:00:00,686.0,718.4082
2025-10-27 16:00:00,1006.0,919.6391
2025-10-27 17:00:00,1255.0,1025.1094
2025-10-27 18:00:00,812.0,791.0944
2025-10-27 19:00:00,452.0,416.92447
2025-10-27 20:00:00,266.0,272.91345
2025-10-27 21:00:00,188.0,201.62155
2025-10-27 22:00:00,131.0,144.08664
2025-10-27 23:00:00,79.0,101.829956
2025-10-28 00:00:00,56.0,69.08615
2025-10-28 01:00:00,31.0,54.127228
2025-10-28 02:00:00,20.0,46.48465
2025-10-28 03:00:00,21.0,50.61551
2025-10-28 04:00:00,54.0,63.944214
2025-10-28 05:00:00,172.0,137.03412
2025-10-28 06:00:00,590.0,602.282
2025-10-28 07:00:00,852.0,742.29443
2025-10-28 08:00:00,705.0,723.00525
2025-10-28 09:00:00,489.0,686.9706
2025-10-28 10:00:00,645.0,680.85114
2025-10-28 11:00:00,662.0,659.41943
2025-10-28 12:00:00,586.0,644.9716
2025-10-28 13:00:00,628.0,637.4708
2025-10-28 14:00:00,602.0,647.94226
2025-10-28 15:00:00,659.0,753.4627
2025-10-28 16:00:00,1012.0,931.40234
2025-10-28 17:00:00,1278.0,1047.343
2025-10-28 18:00:00,957.0,786.83624
2025-10-28 19:00:00,563.0,421.53958
2025-10-28 20:00:00,277.0,292.18802
2025-10-28 21:00:00,195.0,214.51138
2025-10-28 22:00:00,176.0,146.1333
2025-10-28 23:00:00,126.0,97.481476
2025-10-29 00:00:00,53.0,77.48987
2025-10-29 01:00:00,36.0,58.149323
2025-10-29 02:00:00,25.0,52.587524
2025-10-29 03:00:00,20.0,56.71283
2025-10-29 04:00:00,53.0,74.026276
2025-10-29 05:00:00,179.0,187.92636
2025-10-29 06:00:00,541.0,625.1633
2025-10-29 07:00:00,782.0,768.8333
2025-10-29 08:00:00,637.0,734.72595
2025-10-29 09:00:00,585.0,711.0479
2025-10-29 10:00:00,622.0,693.31476
2025-10-29 11:00:00,699.0,675.94366
2025-10-29 12:00:00,630.0,663.50336
2025-10-29 13:00:00,676.0,654.31287
2025-10-29 14:00:00,662.0,671.8635
2025-10-29 15:00:00,748.0,733.7894
2025-10-29 16:00:00,1084.0,913.19635
2025-10-29 17:00:00,1233.0,1064.2628
2025-10-29 18:00:00,929.0,862.82935
2025-10-29 19:00:00,521.0,522.9421
2025-10-29 20:00:00,368.0,347.00275
2025-10-29 21:00:00,274.0,262.84564
2025-10-29 22:00:00,243.0,176.63702
2025-10-29 23:00:00,115.0,112.17456
2025-10-30 00:00:00,55.0,119.483734
2025-10-30 01:00:00,31.0,68.68768
2025-10-30 02:00:00,24.0,57.16028
2025-10-30 03:00:00,25.0,60.51715
2025-10-30 04:00:00,64.0,79.15646
2025-10-30 05:00:00,180.0,208.92621
2025-10-30 06:00:00,585.0,621.8066
2025-10-30 07:00:00,772.0,742.49976
2025-10-30 08:00:00,713.0,698.8364
2025-10-30 09:00:00,620.0,696.1679
2025-10-30 10:00:00,631.0,696.34656
2025-10-30 11:00:00,689.0,689.9187
2025-10-30 12:00:00,657.0,684.5238
2025-10-30 13:00:00,727.0,680.05347
2025-10-30 14:00:00,625.0,701.4474
2025-10-30 15:00:00,772.0,782.5819
2025-10-30 16:00:00,1069.0,942.3877
2025-10-30 17:00:00,1319.0,1078.9481
2025-10-30 18:00:00,1006.0,922.13855
2025-10-30 19:00:00,638.0,591.0795
2025-10-30 20:00:00,355.0,391.19592
2025-10-30 21:00:00,279.0,321.96155
2025-10-30 22:00:00,238.0,239.05647
2025-10-30 23:00:00,134.0,153.90445
2025-10-31 00:00:00,62.0,116.41162
2025-10-31 01:00:00,38.0,77.27585
2025-10-31 02:00:00,23.0,63.5943
2025-10-31 03:00:00,40.0,63.587555
2025-10-31 04:00:00,54.0,78.53021
2025-10-31 05:00:00,195.0,188.57703
2025-10-31 06:00:00,543.0,574.2471
2025-10-31 07:00:00,688.0,777.5124
2025-10-31 08:00:00,666.0,792.0156
2025-10-31 09:00:00,652.0,773.2922
2025-10-31 10:00:00,737.0,772.5519
2025-10-31 11:00:00,784.0,762.9325
2025-10-31 12:00:00,758.0,768.7697
2025-10-31 13:00:00,822.0,734.90015
2025-10-31 14:00:00,836.0,806.1709
2025-10-31 15:00:00,947.0,853.3744
2025-10-31 16:00:00,1262.0,992.0775
2025-10-31 17:00:00,1282.0,1099.361
2025-10-31 18:00:00,1048.0,1017.65564
2025-10-31 19:00:00,631.0,694.70264
2025-10-31 20:00:00,534.0,428.50995
2025-10-31 21:00:00,365.0,354.7008
2025-10-31 22:00:00,298.0,282.25287
2025-10-31 23:00:00,256.0,193.0513
2025-11-01 00:00:00,168.0,188.07227
2025-11-01 01:00:00,111.0,172.83487
2025-11-01 02:00:00,74.0,163.707
2025-11-01 03:00:00,63.0,161.36072
2025-11-01 04:00:00,60.0,170.34991
2025-11-01 05:00:00,108.0,202.72034
2025-11-01 06:00:00,190.0,273.09436
2025-11-01 07:00:00,320.0,380.14224
2025-11-01 08:00:00,495.0,529.16614
2025-11-01 09:00:00,714.0,621.08813
2025-11-01 10:00:00,757.0,647.5793
2025-11-01 11:00:00,760.0,654.4984
2025-11-01 12:00:00,600.0,651.8364
2025-11-01 13:00:00,704.0,640.5409
2025-11-01 14:00:00,642.0,626.32996
2025-11-01 15:00:00,656.0,608.9833
2025-11-01 16:00:00,705.0,582.76294
2025-11-01 17:00:00,709.0,548.9409
2025-11-01 18:00:00,534.0,505.203
2025-11-01 19:00:00,413.0,403.26465
2025-11-01 20:00:00,268.0,340.84924
2025-11-01 21:00:00,251.0,276.50763
2025-11-01 22:00:00,267.0,243.58101
2025-11-01 23:00:00,232.0,215.06766
2025-11-02 00:00:00,144.0,140.61322
2025-11-02 01:00:00,109.0,120.388824
2025-11-02 02:00:00,67.0,115.015656
2025-11-02 03:00:00,34.0,110.87537
2025-11-02 04:00:00,53.0,121.802216
2025-11-02 05:00:00,55.0,148.80435
2025-11-02 06:00:00,111.0,221.74422
2025-11-02 07:00:00,135.0,391.2083
2025-11-02 08:00:00,257.0,487.40063
2025-11-02 09:00:00,475.0,592.1122
2025-11-02 10:00:00,561.0,638.1484
2025-11-02 11:00:00,691.0,652.10626
2025-11-02 12:00:00,652.0,652.032
2025-11-02 13:00:00,621.0,634.4317
2025-11-02 14:00:00,655.0,611.3098
2025-11-02 15:00:00,643.0,607.0722
2025-11-02 16:00:00,723.0,597.5177
2025-11-02 17:00:00,656.0,582.1709
2025-11-02 18:00:00,549.0,489.39325
2025-11-02 19:00:00,373.0,325.0503
2025-11-02 20:00:00,307.0,248.16649
2025-11-02 21:00:00,212.0,216.97504
2025-11-02 22:00:00,138.0,189.35104
2025-11-02 23:00:00,86.0,165.00601
2025-11-03 00:00:00,44.0,78.5889
2025-11-03 01:00:00,33.0,55.437195
2025-11-03 02:00:00,17.0,54.47946
2025-11-03 03:00:00,24.0,56.56491
2025-11-03 04:00:00,62.0,71.79285
2025-11-03 05:00:00,205.0,150.70285
2025-11-03 06:00:00,572.0,592.863
2025-11-03 07:00:00,715.0,764.2616
2025-11-03 08:00:00,663.0,739.209
2025-11-03 09:00:00,642.0,675.22363
2025-11-03 10:00:00,644.0,685.4035
2025-11-03 11:00:00,636.0,645.2998
2025-11-03 12:00:00,561.0,650.4213
2025-11-03 13:00:00,667.0,650.5925
2025-11-03 14:00:00,618.0,667.6425
2025-11-03 15:00:00,710.0,767.7289
2025-11-03 16:00:00,987.0,883.1664
2025-11-03 17:00:00,1237.0,1007.0166
2025-11-03 18:00:00,872.0,801.2748
2025-11-03 19:00:00,480.0,426.59778
2025-11-03 20:00:00,284.0,271.9709
2025-11-03 21:00:00,160.0,202.27075
2025-11-03 22:00:00,110.0,143.36072
2025-11-03 23:00:00,55.0,102.26453
2025-11-04 00:00:00,23.0,73.57272
2025-11-04 01:00:00,18.0,56.834534
2025-11-04 02:00:00,9.0,49.663147
2025-11-04 03:00:00,8.0,53.87155
2025-11-04 04:00:00,29.0,68.12732
2025-11-04 05:00:00,166.0,142.17249
2025-11-04 06:00:00,587.0,570.1455
2025-11-04 07:00:00,694.0,749.1941
2025-11-04 08:00:00,607.0,718.12854
2025-11-04 09:00:00,579.0,696.44904
2025-11-04 10:00:00,620.0,679.4119
2025-11-04 11:00:00,640.0,660.22406
2025-11-04 12:00:00,575.0,644.14935
2025-11-04 13:00:00,675.0,636.95325
2025-11-04 14:00:00,626.0,651.78033
2025-11-04 15:00:00,704.0,751.91516
2025-11-04 16:00:00,1024.0,904.10205
2025-11-04 17:00:00,1240.0,1032.9834
2025-11-04 18:00:00,880.0,809.65515
2025-11-04 19:00:00,462.0,441.37518
2025-11-04 20:00:00,319.0,294.28442
2025-11-04 21:00:00,224.0,216.4411
2025-11-04 22:00:00,130.0,145.51694
2025-11-04 23:00:00,60.0,99.925354
2025-11-05 00:00:00,26.0,81.1044
2025-11-05 01:00:00,14.0,62.025024
2025-11-05 02:00:00,7.0,56.10327
2025-11-05 03:00:00,5.0,59.87607
2025-11-05 04:00:00,26.0,76.88043
2025-11-05 05:00:00,196.0,194.98145
2025-11-05 06:00:00,586.0,635.7928
2025-11-05 07:00:00,784.0,750.7369
2025-11-05 08:00:00,711.0,728.688
2025-11-05 09:00:00,659.0,712.84216
2025-11-05 10:00:00,642.0,692.98785
2025-11-05 11:00:00,662.0,675.2605
2025-11-05 12:00:00,582.0,662.5425
2025-11-05 13:00:00,675.0,658.2611
2025-11-05 14:00:00,648.0,674.21014
2025-11-05 15:00:00,726.0,774.16846
2025-11-05 16:00:00,1011.0,923.49316
2025-11-05 17:00:00,1278.0,1049.4875
2025-11-05 18:00:00,926.0,882.18384
2025-11-05 19:00:00,564.0,546.0526
2025-11-05 20:00:00,341.0,348.5614
2025-11-05 21:00:00,202.0,263.59442
2025-11-05 22:00:00,135.0,183.3016
2025-11-05 23:00:00,93.0,116.546814
2025-11-06 00:00:00,24.0,101.65506
2025-11-06 01:00:00,10.0,72.61151
2025-11-06 02:00:00,7.0,64.51108
2025-11-06 03:00:00,5.0,69.059784
2025-11-06 04:00:00,27.0,86.69159
2025-11-06 05:00:00,191.0,205.59256
2025-11-06 06:00:00,562.0,642.4218
2025-11-06 07:00:00,795.0,736.93005
2025-11-06 08:00:00,691.0,709.42224
2025-11-06 09:00:00,629.0,699.82916
2025-11-06 10:00:00,686.0,690.2391
2025-11-06 11:00:00,657.0,685.55707
2025-11-06 12:00:00,675.0,681.265
2025-11-06 13:00:00,696.0,681.0408
2025-11-06 14:00:00,657.0,711.61945
2025-11-06 15:00:00,761.0,794.8108
2025-11-06 16:00:00,1006.0,918.21625
2025-11-06 17:00:00,1301.0,1042.3192
2025-11-06 18:00:00,966.0,941.97955
2025-11-06 19:00:00,626.0,635.73016
2025-11-06 20:00:00,400.0,397.3192
2025-11-06 21:00:00,271.0,312.3205
2025-11-06 22:00:00,169.0,232.49147
2025-11-06 23:00:00,82.0,156.26123
2025-11-07 00:00:00,40.0,125.744995
2025-11-07 01:00:00,17.0,85.124695
2025-11-07 02:00:00,16.0,69.88751
2025-11-07 03:00:00,18.0,69.71927
2025-11-07 04:00:00,48.0,85.689026
2025-11-07 05:00:00,204.0,205.443
2025-11-07 06:00:00,536.0,614.41614
2025-11-07 07:00:00,714.0,750.4872
2025-11-07 08:00:00,778.0,733.34607
2025-11-07 09:00:00,779.0,725.85913
2025-11-07 10:00:00,699.0,723.1869
2025-11-07 11:00:00,775.0,723.2733
2025-11-07 12:00:00,820.0,721.78265
2025-11-07 13:00:00,849.0,729.07214
2025-11-07 14:00:00,868.0,754.6516
2025-11-07 15:00:00,926.0,825.87146
2025-11-07 16:00:00,1326.0,953.90967
2025-11-07 17:00:00,1367.0,1064.7375
2025-11-07 18:00:00,1093.0,1000.99854
2025-11-07 19:00:00,714.0,691.7103
2025-11-07 20:00:00,530.0,422.5015
2025-11-07 21:00:00,320.0,348.3589
2025-11-07 22:00:00,285.0,278.77844
2025-11-07 23:00:00,214.0,198.12592
2025-11-08 00:00:00,169.0,172.98422
2025-11-08 01:00:00,85.0,157.22736
2025-11-08 02:00:00,49.0,148.40671
2025-11-08 03:00:00,44.0,150.52579
2025-11-08 04:00:00,78.0,169.44943
2025-11-08 05:00:00,156.0,231.60939
2025-11-08 06:00:00,335.0,382.7122
2025-11-08 07:00:00,466.0,601.764
2025-11-08 08:00:00,763.0,696.61957
2025-11-08 09:00:00,906.0,732.23883
2025-11-08 10:00:00,924.0,734.8432
2025-11-08 11:00:00,933.0,722.3728
2025-11-08 12:00:00,837.0,704.3149
2025-11-08 13:00:00,776.0,685.24
2025-11-08 14:00:00,756.0,667.5665
2025-11-08 15:00:00,729.0,652.367
2025-11-08 16:00:00,784.0,640.3739
2025-11-08 17:00:00,729.0,625.9658
2025-11-08 18:00:00,543.0,561.6379
2025-11-08 19:00:00,374.0,442.92865
2025-11-08 20:00:00,285.0,300.13754
2025-11-08 21:00:00,229.0,252.72563
2025-11-08 22:00:00,247.0,230.65851
2025-11-08 23:00:00,209.0,201.3609
2025-11-09 00:00:00,155.0,143.41107
2025-11-09 01:00:00,117.0,127.97354
2025-11-09 02:00:00,66.0,119.89389
2025-11-09 03:00:00,47.0,120.17474
2025-11-09 04:00:00,43.0,134.5365
2025-11-09 05:00:00,78.0,173.25244
2025-11-09 06:00:00,125.0,234.46169
2025-11-09 07:00:00,199.0,353.00528
2025-11-09 08:00:00,370.0,505.76736
2025-11-09 09:00:00,565.0,595.85065
2025-11-09 10:00:00,610.0,648.26465
2025-11-09 11:00:00,655.0,662.365
2025-11-09 12:00:00,596.0,652.85
2025-11-09 13:00:00,581.0,636.69745
2025-11-09 14:00:00,592.0,620.9856
2025-11-09 15:00:00,623.0,614.8058
2025-11-09 16:00:00,652.0,608.7778
2025-11-09 17:00:00,651.0,582.2513
2025-11-09 18:00:00,522.0,491.17575
2025-11-09 19:00:00,316.0,367.78552
2025-11-09 20:00:00,270.0,262.49792
2025-11-09 21:00:00,218.0,220.87524
2025-11-09 22:00:00,167.0,189.37317
2025-11-09 23:00:00,93.0,164.92825
2025-11-10 00:00:00,54.0,78.51285
2025-11-10 01:00:00,25.0,61.332123
2025-11-10 02:00:00,17.0,54.392456
2025-11-10 03:00:00,23.0,56.483704
2025-11-10 04:00:00,57.0,71.73489
2025-11-10 05:00:00,207.0,151.44672
2025-11-10 06:00:00,624.0,599.234
2025-11-10 07:00:00,782.0,747.9067
2025-11-10 08:00:00,653.0,686.71826
2025-11-10 09:00:00,590.0,669.34973
2025-11-10 10:00:00,570.0,657.39886
2025-11-10 11:00:00,643.0,644.23193
2025-11-10 12:00:00,603.0,633.0171
2025-11-10 13:00:00,617.0,628.9779
2025-11-10 14:00:00,617.0,637.6961
2025-11-10 15:00:00,672.0,690.4868
2025-11-10 16:00:00,944.0,850.3861
2025-11-10 17:00:00,1218.0,1000.65674
2025-11-10 18:00:00,772.0,804.0066
2025-11-10 19:00:00,417.0,435.0902
2025-11-10 20:00:00,265.0,271.6375
2025-11-10 21:00:00,163.0,200.90948
2025-11-10 22:00:00,149.0,142.75916
2025-11-10 23:00:00,117.0,102.087494
2025-11-11 00:00:00,70.0,73.54813
2025-11-11 01:00:00,29.0,56.917908
2025-11-11 02:00:00,28.0,49.623596
2025-11-11 03:00:00,27.0,53.295715
2025-11-11 04:00:00,54.0,66.66049
2025-11-11 05:00:00,179.0,147.86362
2025-11-11 06:00:00,559.0,597.7557
2025-11-11 07:00:00,769.0,734.6661
2025-11-11 08:00:00,580.0,717.1278
2025-11-11 09:00:00,531.0,696.9152
2025-11-11 10:00:00,616.0,679.7137
2025-11-11 11:00:00,589.0,660.04285
2025-11-11 12:00:00,618.0,643.2763
2025-11-11 13:00:00,657.0,636.453
2025-11-11 14:00:00,624.0,649.9557
2025-11-11 15:00:00,730.0,721.9768
2025-11-11 16:00:00,1054.0,878.36536
2025-11-11 17:00:00,1190.0,1037.9967
2025-11-11 18:00:00,818.0,813.6914
2025-11-11 19:00:00,479.0,440.74637
2025-11-11 20:00:00,247.0,294.34686
2025-11-11 21:00:00,180.0,217.21318
2025-11-11 22:00:00,205.0,146.77383
2025-11-11 23:00:00,101.0,100.021454
2025-11-12 00:00:00,56.0,80.88434
2025-11-12 01:00:00,25.0,61.907196
2025-11-12 02:00:00,22.0,55.629913
2025-11-12 03:00:00,28.0,59.68152
2025-11-12 04:00:00,40.0,76.99481
2025-11-12 05:00:00,185.0,197.81595
2025-11-12 06:00:00,563.0,640.66205
2025-11-12 07:00:00,736.0,737.8263
2025-11-12 08:00:00,597.0,725.39996
2025-11-12 09:00:00,635.0,712.5986
2025-11-12 10:00:00,610.0,693.1175
2025-11-12 11:00:00,657.0,674.89636
2025-11-12 12:00:00,610.0,662.3738
2025-11-12 13:00:00,707.0,657.72986
2025-11-12 14:00:00,622.0,668.4027
2025-11-12 15:00:00,747.0,721.8176
2025-11-12 16:00:00,1060.0,906.18585
2025-11-12 17:00:00,1256.0,1051.5319
2025-11-12 18:00:00,840.0,885.89636
2025-11-12 19:00:00,526.0,547.1488
2025-11-12 20:00:00,306.0,348.86493
2025-11-12 21:00:00,267.0,265.2091
2025-11-12 22:00:00,199.0,187.56088
2025-11-12 23:00:00,97.0,119.36636
2025-11-13 00:00:00,45.0,98.92322
2025-11-13 01:00:00,23.0,70.371826
2025-11-13 02:00:00,18.0,61.01303
2025-11-13 03:00:00,17.0,65.32587
2025-11-13 04:00:00,41.0,83.53418
2025-11-13 05:00:00,164.0,229.51495
2025-11-13 06:00:00,620.0,661.53894
2025-11-13 07:00:00,817.0,740.92883
2025-11-13 08:00:00,696.0,710.19415
2025-11-13 09:00:00,637.0,732.6669
2025-11-13 10:00:00,651.0,744.8858
2025-11-13 11:00:00,710.0,730.46716
2025-11-13 12:00:00,617.0,715.7796
2025-11-13 13:00:00,652.0,715.9668
2025-11-13 14:00:00,634.0,738.9116
2025-11-13 15:00:00,775.0,835.19806
2025-11-13 16:00:00,1070.0,942.2723
2025-11-13 17:00:00,1309.0,1083.28
2025-11-13 18:00:00,984.0,939.9756
2025-11-13 19:00:00,657.0,601.19635
2025-11-13 20:00:00,350.0,393.08887
2025-11-13 21:00:00,264.0,321.406
2025-11-13 22:00:00,274.0,241.4248
2025-11-13 23:00:00,117.0,157.80591
2025-11-14 00:00:00,60.0,121.839264
2025-11-14 01:00:00,34.0,80.849884
2025-11-14 02:00:00,24.0,66.49286
2025-11-14 03:00:00,19.0,65.70651
2025-11-14 04:00:00,56.0,80.18005
2025-11-14 05:00:00,168.0,197.20471
2025-11-14 06:00:00,568.0,593.4732
2025-11-14 07:00:00,697.0,753.21497
2025-11-14 08:00:00,660.0,734.55554
2025-11-14 09:00:00,704.0,727.4668
2025-11-14 10:00:00,688.0,726.98334
2025-11-14 11:00:00,785.0,744.0508
2025-11-14 12:00:00,743.0,722.7175
2025-11-14 13:00:00,820.0,728.4778
2025-11-14 14:00:00,772.0,760.95435
2025-11-14 15:00:00,912.0,848.7248
2025-11-14 16:00:00,1228.0,991.43677
2025-11-14 17:00:00,1339.0,1101.4082
2025-11-14 18:00:00,992.0,1009.44666
2025-11-14 19:00:00,629.0,676.7766
2025-11-14 20:00:00,430.0,429.75278
2025-11-14 21:00:00,323.0,357.6439
2025-11-14 22:00:00,327.0,288.36673
2025-11-14 23:00:00,279.0,200.94522
2025-11-15 00:00:00,179.0,174.42526
2025-11-15 01:00:00,95.0,153.92853
2025-11-15 02:00:00,58.0,141.03162
2025-11-15 03:00:00,50.0,138.52545
2025-11-15 04:00:00,65.0,153.30042
2025-11-15 05:00:00,129.0,203.92313
2025-11-15 06:00:00,249.0,370.27527
2025-11-15 07:00:00,401.0,597.42786
2025-11-15 08:00:00,522.0,801.15265
2025-11-15 09:00:00,765.0,834.6616
2025-11-15 10:00:00,792.0,845.9093
2025-11-15 11:00:00,840.0,838.46985
2025-11-15 12:00:00,782.0,816.914
2025-11-15 13:00:00,743.0,782.489
2025-11-15 14:00:00,755.0,674.9253
2025-11-15 15:00:00,755.0,662.0314
2025-11-15 16:00:00,754.0,640.8693
2025-11-15 17:00:00,800.0,612.8117
2025-11-15 18:00:00,571.0,520.4316
2025-11-15 19:00:00,447.0,421.543
2025-11-15 20:00:00,247.0,290.87198
2025-11-15 21:00:00,212.0,259.26175
2025-11-15 22:00:00,222.0,233.95525
2025-11-15 23:00:00,216.0,203.54724
2025-11-16 00:00:00,177.0,143.57852
2025-11-16 01:00:00,106.0,125.72107
2025-11-16 02:00:00,71.0,117.32388
2025-11-16 03:00:00,62.0,117.53885
2025-11-16 04:00:00,50.0,130.94086
2025-11-16 05:00:00,47.0,166.60132
2025-11-16 06:00:00,89.0,226.05933
2025-11-16 07:00:00,188.0,347.80966
2025-11-16 08:00:00,267.0,499.006
2025-11-16 09:00:00,442.0,594.073
2025-11-16 10:00:00,505.0,649.1376
2025-11-16 11:00:00,626.0,663.9431
2025-11-16 12:00:00,583.0,653.93164
2025-11-16 13:00:00,597.0,637.49426
2025-11-16 14:00:00,603.0,621.0844
2025-11-16 15:00:00,625.0,614.8119
2025-11-16 16:00:00,687.0,609.01965
2025-11-16 17:00:00,615.0,582.68915
2025-11-16 18:00:00,492.0,490.46173
2025-11-16 19:00:00,372.0,367.41577
2025-11-16 20:00:00,307.0,264.57892
2025-11-16 21:00:00,240.0,224.18274
2025-11-16 22:00:00,143.0,189.95221
2025-11-16 23:00:00,77.0,165.23062
2025-11-17 00:00:00,69.0,78.415436
2025-11-17 01:00:00,34.0,61.77466
2025-11-17 02:00:00,21.0,54.34024
2025-11-17 03:00:00,21.0,56.28366
2025-11-17 04:00:00,60.0,72.19
2025-11-17 05:00:00,221.0,158.4166
2025-11-17 06:00:00,596.0,606.15576
2025-11-17 07:00:00,701.0,695.8345
2025-11-17 08:00:00,647.0,666.77185
2025-11-17 09:00:00,608.0,656.7879
2025-11-17 10:00:00,582.0,650.5363
2025-11-17 11:00:00,600.0,637.9426
2025-11-17 12:00:00,532.0,647.1597
2025-11-17 13:00:00,625.0,646.2173
2025-11-17 14:00:00,569.0,634.88446
2025-11-17 15:00:00,664.0,690.93604
2025-11-17 16:00:00,994.0,842.0725
2025-11-17 17:00:00,1183.0,988.04517
2025-11-17 18:00:00,795.0,818.0965
2025-11-17 19:00:00,440.0,447.79327
2025-11-17 20:00:00,236.0,271.62506
2025-11-17 21:00:00,151.0,199.80405
2025-11-17 22:00:00,141.0,141.56125
2025-11-17 23:00:00,89.0,101.62753
2025-11-18 00:00:00,40.0,72.695465
2025-11-18 01:00:00,39.0,55.715057
2025-11-18 02:00:00,23.0,49.93695
2025-11-18 03:00:00,15.0,54.453033
2025-11-18 04:00:00,54.0,71.61902
2025-11-18 05:00:00,162.0,141.94864
2025-11-18 06:00:00,597.0,551.0095
2025-11-18 07:00:00,830.0,721.6488
2025-11-18 08:00:00,641.0,678.88983
2025-11-18 09:00:00,535.0,665.79565
2025-11-18 10:00:00,560.0,654.661
2025-11-18 11:00:00,623.0,644.05994
2025-11-18 12:00:00,553.0,642.6787
2025-11-18 13:00:00,677.0,636.5972
2025-11-18 14:00:00,562.0,642.78625
2025-11-18 15:00:00,696.0,707.43414
2025-11-18 16:00:00,1038.0,854.7285
2025-11-18 17:00:00,1274.0,997.16455
2025-11-18 18:00:00,802.0,820.954
2025-11-18 19:00:00,468.0,475.76874
2025-11-18 20:00:00,295.0,295.23727
2025-11-18 21:00:00,181.0,210.04025
2025-11-18 22:00:00,186.0,139.38516
2025-11-18 23:00:00,123.0,97.58331
2025-11-19 00:00:00,65.0,80.38794
2025-11-19 01:00:00,30.0,63.682648
2025-11-19 02:00:00,17.0,58.20105
2025-11-19 03:00:00,25.0,63.20276
2025-11-19 04:00:00,47.0,83.68967
2025-11-19 05:00:00,168.0,176.29239
2025-11-19 06:00:00,577.0,591.77673
2025-11-19 07:00:00,803.0,725.10455
2025-11-19 08:00:00,648.0,702.3546
2025-11-19 09:00:00,606.0,708.6482
2025-11-19 10:00:00,529.0,689.31415
2025-11-19 11:00:00,643.0,673.0315
2025-11-19 12:00:00,615.0,659.4579
2025-11-19 13:00:00,705.0,646.2132
2025-11-19 14:00:00,661.0,656.72736
2025-11-19 15:00:00,742.0,735.5515
2025-11-19 16:00:00,1089.0,883.42773
2025-11-19 17:00:00,1216.0,1011.8921
2025-11-19 18:00:00,850.0,883.95044
2025-11-19 19:00:00,593.0,563.63385
2025-11-19 20:00:00,295.0,348.11395
2025-11-19 21:00:00,233.0,262.46243
2025-11-19 22:00:00,207.0,180.09009
2025-11-19 23:00:00,123.0,113.84747
2025-11-20 00:00:00,70.0,102.485565
2025-11-20 01:00:00,30.0,79.97876
2025-11-20 02:00:00,14.0,64.48569
2025-11-20 03:00:00,21.0,69.03967
2025-11-20 04:00:00,47.0,87.451416
2025-11-20 05:00:00,185.0,206.75705
2025-11-20 06:00:00,539.0,615.1162
2025-11-20 07:00:00,743.0,707.3618
2025-11-20 08:00:00,672.0,708.52423
2025-11-20 09:00:00,525.0,703.15814
2025-11-20 10:00:00,539.0,691.5089
2025-11-20 11:00:00,624.0,691.3219
2025-11-20 12:00:00,607.0,683.6442
2025-11-20 13:00:00,683.0,682.7499
2025-11-20 14:00:00,630.0,684.4824
2025-11-20 15:00:00,763.0,774.40765
2025-11-20 16:00:00,1034.0,895.1589
2025-11-20 17:00:00,1242.0,1042.2258
2025-11-20 18:00:00,860.0,950.6674
2025-11-20 19:00:00,514.0,653.8874
2025-11-20 20:00:00,331.0,403.9665
2025-11-20 21:00:00,242.0,311.19925
2025-11-20 22:00:00,205.0,231.69368
2025-11-20 23:00:00,177.0,155.29434
2025-11-21 00:00:00,102.0,129.41113
2025-11-21 01:00:00,46.0,89.778656
2025-11-21 02:00:00,22.0,84.635925
2025-11-21 03:00:00,28.0,76.12778
2025-11-21 04:00:00,51.0,97.76044
2025-11-21 05:00:00,166.0,237.16545
2025-11-21 06:00:00,515.0,631.64417
2025-11-21 07:00:00,645.0,742.0545
2025-11-21 08:00:00,560.0,728.3859
2025-11-21 09:00:00,595.0,724.6641
2025-11-21 10:00:00,600.0,722.8148
2025-11-21 11:00:00,784.0,722.13794
2025-11-21 12:00:00,695.0,718.99365
2025-11-21 13:00:00,766.0,725.592
2025-11-21 14:00:00,771.0,747.5548
2025-11-21 15:00:00,909.0,805.44977
2025-11-21 16:00:00,1198.0,900.0316
2025-11-21 17:00:00,1220.0,1014.7097
2025-11-21 18:00:00,928.0,992.69446
2025-11-21 19:00:00,610.0,708.54456
2025-11-21 20:00:00,387.0,426.70044
2025-11-21 21:00:00,315.0,340.69644
2025-11-21 22:00:00,274.0,272.89648
2025-11-21 23:00:00,266.0,194.92606
2025-11-22 00:00:00,165.0,176.97296
2025-11-22 01:00:00,88.0,162.04825
2025-11-22 02:00:00,47.0,155.59637
2025-11-22 03:00:00,42.0,159.76285
2025-11-22 04:00:00,61.0,183.12341
2025-11-22 05:00:00,111.0,259.23056
2025-11-22 06:00:00,234.0,399.08423
2025-11-22 07:00:00,467.0,599.7019
2025-11-22 08:00:00,640.0,676.22546
2025-11-22 09:00:00,836.0,712.12085
2025-11-22 10:00:00,906.0,732.1067
2025-11-22 11:00:00,805.0,703.96844
2025-11-22 12:00:00,781.0,711.4943
2025-11-22 13:00:00,746.0,706.7512
2025-11-22 14:00:00,739.0,684.766
2025-11-22 15:00:00,721.0,670.8801
2025-11-22 16:00:00,727.0,638.6734
2025-11-22 17:00:00,729.0,629.2323
2025-11-22 18:00:00,596.0,580.7181
2025-11-22 19:00:00,333.0,472.49902
2025-11-22 20:00:00,271.0,311.68088
2025-11-22 21:00:00,209.0,251.5814
2025-11-22 22:00:00,233.0,226.78212
2025-11-22 23:00:00,238.0,201.87094
2025-11-23 00:00:00,179.0,148.00119
2025-11-23 01:00:00,100.0,136.34717
2025-11-23 02:00:00,49.0,133.72717
2025-11-23 03:00:00,36.0,137.57095
2025-11-23 04:00:00,39.0,156.95154
2025-11-23 05:00:00,42.0,209.6301
2025-11-23 06:00:00,92.0,295.28784
2025-11-23 07:00:00,190.0,448.2736
2025-11-23 08:00:00,306.0,633.0314
2025-11-23 09:00:00,468.0,677.4204
2025-11-23 10:00:00,525.0,707.80414
2025-11-23 11:00:00,636.0,656.13184
2025-11-23 12:00:00,608.0,654.73334
2025-11-23 13:00:00,634.0,638.42737
2025-11-23 14:00:00,648.0,619.57904
2025-11-23 15:00:00,644.0,613.9093
2025-11-23 16:00:00,623.0,607.2645
2025-11-23 17:00:00,602.0,584.3311
2025-11-23 18:00:00,492.0,510.56586
2025-11-23 19:00:00,340.0,382.00198
2025-11-23 20:00:00,312.0,246.55568
2025-11-23 21:00:00,219.0,215.8521
2025-11-23 22:00:00,146.0,187.20483
2025-11-23 23:00:00,64.0,162.91702
2025-11-24 00:00:00,38.0,76.90744
2025-11-24 01:00:00,36.0,59.071167
2025-11-24 02:00:00,25.0,53.882812
2025-11-24 03:00:00,23.0,57.040405
2025-11-24 04:00:00,54.0,77.15988
2025-11-24 05:00:00,180.0,157.15555
2025-11-24 06:00:00,596.0,525.34644
2025-11-24 07:00:00,769.0,690.2485
2025-11-24 08:00:00,607.0,666.09076
2025-11-24 09:00:00,557.0,650.7777
2025-11-24 10:00:00,602.0,641.86
2025-11-24 11:00:00,599.0,631.35474
2025-11-24 12:00:00,544.0,623.1082
2025-11-24 13:00:00,597.0,625.45953
2025-11-24 14:00:00,531.0,642.9138
2025-11-24 15:00:00,656.0,725.7274
2025-11-24 16:00:00,1030.0,883.103
2025-11-24 17:00:00,1178.0,1000.6688
2025-11-24 18:00:00,768.0,803.2868
2025-11-24 19:00:00,382.0,474.31003
2025-11-24 20:00:00,254.0,264.4771
2025-11-24 21:00:00,204.0,195.69815
2025-11-24 22:00:00,143.0,139.02042
2025-11-24 23:00:00,113.0,99.603
2025-11-25 00:00:00,48.0,73.62091
2025-11-25 01:00:00,26.0,56.80899
2025-11-25 02:00:00,11.0,49.581482
2025-11-25 03:00:00,15.0,53.95941
2025-11-25 04:00:00,48.0,68.50198
2025-11-25 05:00:00,167.0,146.7608
2025-11-25 06:00:00,571.0,588.461
2025-11-25 07:00:00,759.0,730.3051
2025-11-25 08:00:00,560.0,680.03296
2025-11-25 09:00:00,518.0,667.15076
2025-11-25 10:00:00,576.0,651.88226
2025-11-25 11:00:00,641.0,637.8009
2025-11-25 12:00:00,582.0,619.0378
2025-11-25 13:00:00,653.0,616.158
2025-11-25 14:00:00,575.0,653.2239
2025-11-25 15:00:00,704.0,698.66833
2025-11-25 16:00:00,1005.0,864.5727
2025-11-25 17:00:00,1204.0,1010.59766
2025-11-25 18:00:00,815.0,852.2356
2025-11-25 19:00:00,466.0,475.38336
2025-11-25 20:00:00,278.0,279.81055
2025-11-25 21:00:00,200.0,212.12091
2025-11-25 22:00:00,189.0,144.57748
2025-11-25 23:00:00,157.0,106.26071
2025-11-26 00:00:00,38.0,83.40073
2025-11-26 01:00:00,33.0,61.23877
2025-11-26 02:00:00,18.0,53.534363
2025-11-26 03:00:00,17.0,58.752075
2025-11-26 04:00:00,45.0,79.7157
2025-11-26 05:00:00,150.0,197.95255
2025-11-26 06:00:00,525.0,617.3868
2025-11-26 07:00:00,737.0,732.8298
2025-11-26 08:00:00,628.0,690.33826
2025-11-26 09:00:00,552.0,667.25024
2025-11-26 10:00:00,522.0,668.32495
2025-11-26 11:00:00,677.0,645.3285
2025-11-26 12:00:00,555.0,649.23926
2025-11-26 13:00:00,652.0,645.093
2025-11-26 14:00:00,566.0,650.94385
2025-11-26 15:00:00,711.0,733.77924
2025-11-26 16:00:00,1021.0,878.5555
2025-11-26 17:00:00,1240.0,1008.25696
2025-11-26 18:00:00,814.0,885.34436
2025-11-26 19:00:00,524.0,564.5348
2025-11-26 20:00:00,289.0,348.199
2025-11-26 21:00:00,241.0,250.05946
2025-11-26 22:00:00,172.0,175.94003
2025-11-26 23:00:00,116.0,113.52167
2025-11-27 00:00:00,55.0,102.663635
2025-11-27 01:00:00,41.0,74.97809
2025-11-27 02:00:00,23.0,66.96838
2025-11-27 03:00:00,18.0,70.53851
2025-11-27 04:00:00,39.0,89.087524
2025-11-27 05:00:00,155.0,207.15292
2025-11-27 06:00:00,566.0,642.00696
2025-11-27 07:00:00,778.0,733.1885
2025-11-27 08:00:00,662.0,707.6293
2025-11-27 09:00:00,583.0,731.64856
2025-11-27 10:00:00,617.0,704.7435
2025-11-27 11:00:00,680.0,694.033
2025-11-27 12:00:00,665.0,703.5021
2025-11-27 13:00:00,739.0,697.5492
2025-11-27 14:00:00,609.0,721.98956
2025-11-27 15:00:00,781.0,793.73486
2025-11-27 16:00:00,1146.0,894.8681
2025-11-27 17:00:00,1362.0,1017.3651
2025-11-27 18:00:00,1026.0,941.45245
2025-11-27 19:00:00,602.0,655.69226
2025-11-27 20:00:00,357.0,406.40567
2025-11-27 21:00:00,283.0,309.5431
2025-11-27 22:00:00,214.0,232.61765
2025-11-27 23:00:00,133.0,156.33966
2025-11-28 00:00:00,78.0,131.09073
2025-11-28 01:00:00,53.0,94.32861
2025-11-28 02:00:00,30.0,79.03436
2025-11-28 03:00:00,24.0,82.02432
2025-11-28 04:00:00,52.0,105.25592
2025-11-28 05:00:00,173.0,262.1645
2025-11-28 06:00:00,553.0,645.0271
2025-11-28 07:00:00,708.0,732.8417
2025-11-28 08:00:00,662.0,755.9431
2025-11-28 09:00:00,745.0,770.5144
2025-11-28 10:00:00,811.0,767.86096
2025-11-28 11:00:00,808.0,763.5121
2025-11-28 12:00:00,725.0,757.14825
2025-11-28 13:00:00,858.0,766.6288
2025-11-28 14:00:00,943.0,790.6332
2025-11-28 15:00:00,1009.0,845.19366
2025-11-28 16:00:00,1432.0,921.56104
2025-11-28 17:00:00,1271.0,1039.3269
2025-11-28 18:00:00,1082.0,999.3662
2025-11-28 19:00:00,839.0,699.6889
2025-11-28 20:00:00,492.0,421.63068
2025-11-28 21:00:00,360.0,343.54477
2025-11-28 22:00:00,311.0,274.5915
2025-11-28 23:00:00,282.0,195.57144
2025-11-29 00:00:00,222.0,174.32019
2025-11-29 01:00:00,74.0,151.81335
2025-11-29 02:00:00,69.0,150.03586
2025-11-29 03:00:00,44.0,152.54779
2025-11-29 04:00:00,60.0,171.34189
2025-11-29 05:00:00,109.0,213.89359
2025-11-29 06:00:00,264.0,388.25574
2025-11-29 07:00:00,525.0,603.3604
2025-11-29 08:00:00,713.0,695.8377
2025-11-29 09:00:00,767.0,734.4459
2025-11-29 10:00:00,808.0,740.15216
2025-11-29 11:00:00,833.0,727.41425
2025-11-29 12:00:00,749.0,772.86115
2025-11-29 13:00:00,796.0,751.35767
2025-11-29 14:00:00,868.0,724.39166
2025-11-29 15:00:00,789.0,687.4976
2025-11-29 16:00:00,772.0,640.1975
2025-11-29 17:00:00,812.0,626.29816
2025-11-29 18:00:00,655.0,565.7376
2025-11-29 19:00:00,440.0,447.98065
2025-11-29 20:00:00,301.0,301.35065
2025-11-29 21:00:00,240.0,251.98756
2025-11-29 22:00:00,282.0,229.53418
2025-11-29 23:00:00,238.0,199.99875
2025-11-30 00:00:00,163.0,143.95709
2025-11-30 01:00:00,104.0,130.23703
2025-11-30 02:00:00,77.0,122.520294
2025-11-30 03:00:00,37.0,124.337555
2025-11-30 04:00:00,46.0,140.87613
2025-11-30 05:00:00,51.0,182.75674
2025-11-30 06:00:00,87.0,250.20845
2025-11-30 07:00:00,201.0,377.10373
2025-11-30 08:00:00,298.0,523.1767
2025-11-30 09:00:00,425.0,604.25183
2025-11-30 10:00:00,531.0,649.76886
2025-11-30 11:00:00,676.0,659.9191
2025-11-30 12:00:00,632.0,650.7523
2025-11-30 13:00:00,655.0,635.4338
2025-11-30 14:00:00,688.0,620.37573
2025-11-30 15:00:00,695.0,614.91565
2025-11-30 16:00:00,689.0,608.1211
2025-11-30 17:00:00,659.0,582.1466
2025-11-30 18:00:00,511.0,473.7918
2025-11-30 19:00:00,430.0,326.81964
2025-11-30 20:00:00,309.0,246.34184
2025-11-30 21:00:00,207.0,215.10565
2025-11-30 22:00:00,146.0,187.60233
2025-11-30 23:00:00,69.0,164.18857
2025-12-01 00:00:00,49.0,77.64728
2025-12-01 01:00:00,36.0,60.433044
2025-12-01 02:00:00,17.0,54.07715
2025-12-01 03:00:00,25.0,58.368134
2025-12-01 04:00:00,56.0,75.26935
2025-12-01 05:00:00,204.0,177.77072
2025-12-01 06:00:00,607.0,618.33203
2025-12-01 07:00:00,761.0,737.5193
2025-12-01 08:00:00,636.0,683.72534
2025-12-01 09:00:00,539.0,666.2974
2025-12-01 10:00:00,546.0,654.0486
2025-12-01 11:00:00,585.0,640.4545
2025-12-01 12:00:00,584.0,630.2622
2025-12-01 13:00:00,582.0,626.1814
2025-12-01 14:00:00,585.0,632.9111
2025-12-01 15:00:00,646.0,685.0763
2025-12-01 16:00:00,1003.0,830.4678
2025-12-01 17:00:00,1299.0,990.33606
2025-12-01 18:00:00,876.0,824.9999
2025-12-01 19:00:00,456.0,465.83823
2025-12-01 20:00:00,294.0,270.60062
2025-12-01 21:00:00,190.0,199.27509
2025-12-01 22:00:00,151.0,140.07205
2025-12-01 23:00:00,86.0,101.496826
2025-12-02 00:00:00,42.0,74.48282
2025-12-02 01:00:00,28.0,56.77896
2025-12-02 02:00:00,17.0,51.287994
2025-12-02 03:00:00,19.0,55.391083
2025-12-02 04:00:00,57.0,72.75391
2025-12-02 05:00:00,161.0,161.57516
2025-12-02 06:00:00,569.0,585.0737
2025-12-02 07:00:00,752.0,716.85864
2025-12-02 08:00:00,641.0,692.29846
2025-12-02 09:00:00,509.0,692.1173
2025-12-02 10:00:00,558.0,674.4319
2025-12-02 11:00:00,594.0,655.0275
2025-12-02 12:00:00,602.0,640.48535
2025-12-02 13:00:00,599.0,633.00354
2025-12-02 14:00:00,572.0,651.41595
2025-12-02 15:00:00,715.0,729.64856
2025-12-02 16:00:00,1101.0,846.678
2025-12-02 17:00:00,1255.0,998.34863
2025-12-02 18:00:00,855.0,846.53046
2025-12-02 19:00:00,479.0,503.54474
2025-12-02 20:00:00,320.0,291.9006
2025-12-02 21:00:00,223.0,210.56573
2025-12-02 22:00:00,174.0,141.39435
2025-12-02 23:00:00,101.0,99.851685
2025-12-03 00:00:00,54.0,81.78415
2025-12-03 01:00:00,32.0,64.61618
2025-12-03 02:00:00,23.0,58.619568
2025-12-03 03:00:00,20.0,62.13553
2025-12-03 04:00:00,40.0,82.19577
2025-12-03 05:00:00,182.0,206.22824
2025-12-03 06:00:00,534.0,645.35126
2025-12-03 07:00:00,737.0,727.82263
2025-12-03 08:00:00,607.0,688.8422
2025-12-03 09:00:00,570.0,675.6868
2025-12-03 10:00:00,564.0,666.62823
2025-12-03 11:00:00,674.0,656.97034
2025-12-03 12:00:00,554.0,648.66003
2025-12-03 13:00:00,680.0,643.97687
2025-12-03 14:00:00,622.0,655.674
2025-12-03 15:00:00,711.0,730.36646
2025-12-03 16:00:00,1042.0,872.89905
2025-12-03 17:00:00,1215.0,1008.1034
2025-12-03 18:00:00,866.0,915.9739
2025-12-03 19:00:00,511.0,599.70056
2025-12-03 20:00:00,269.0,357.4128
2025-12-03 21:00:00,240.0,262.06183
2025-12-03 22:00:00,207.0,182.6709
2025-12-03 23:00:00,123.0,114.00122
2025-12-04 00:00:00,54.0,104.62344
2025-12-04 01:00:00,31.0,77.01138
2025-12-04 02:00:00,25.0,69.88623
2025-12-04 03:00:00,19.0,73.65802
2025-12-04 04:00:00,48.0,92.32922
2025-12-04 05:00:00,190.0,220.20212
2025-12-04 06:00:00,568.0,664.35364
2025-12-04 07:00:00,793.0,733.0796
2025-12-04 08:00:00,664.0,707.2285
2025-12-04 09:00:00,628.0,696.7567
2025-12-04 10:00:00,613.0,688.19617
2025-12-04 11:00:00,678.0,683.784
2025-12-04 12:00:00,644.0,679.13464
2025-12-04 13:00:00,649.0,679.7713
2025-12-04 14:00:00,680.0,702.55743
2025-12-04 15:00:00,778.0,772.5692
2025-12-04 16:00:00,1144.0,901.66406
2025-12-04 17:00:00,1380.0,1029.9407
2025-12-04 18:00:00,908.0,965.8464
2025-12-04 19:00:00,599.0,673.9003
2025-12-04 20:00:00,375.0,408.40732
2025-12-04 21:00:00,255.0,310.0097
2025-12-04 22:00:00,212.0,229.65463
2025-12-04 23:00:00,150.0,156.22952
2025-12-05 00:00:00,79.0,128.07404
2025-12-05 01:00:00,44.0,87.86246
2025-12-05 02:00:00,26.0,72.396515
2025-12-05 03:00:00,26.0,71.07947
2025-12-05 04:00:00,59.0,90.52136
2025-12-05 05:00:00,164.0,214.03867
2025-12-05 06:00:00,530.0,612.1465
2025-12-05 07:00:00,616.0,718.57385
2025-12-05 08:00:00,628.0,719.0059
2025-12-05 09:00:00,634.0,718.8871
2025-12-05 10:00:00,753.0,721.78625
2025-12-05 11:00:00,755.0,721.43207
2025-12-05 12:00:00,744.0,718.92737
2025-12-05 13:00:00,867.0,724.69727
2025-12-05 14:00:00,878.0,747.6979
2025-12-05 15:00:00,1024.0,817.8214
2025-12-05 16:00:00,1331.0,948.2965
2025-12-05 17:00:00,1294.0,1066.9497
2025-12-05 18:00:00,970.0,1012.9597
2025-12-05 19:00:00,614.0,708.3081
2025-12-05 20:00:00,458.0,427.1796
2025-12-05 21:00:00,378.0,348.64822
2025-12-05 22:00:00,307.0,279.60254
2025-12-05 23:00:00,262.0,197.14615
2025-12-06 00:00:00,162.0,172.72745
2025-12-06 01:00:00,101.0,159.4
2025-12-06 02:00:00,52.0,152.75241
2025-12-06 03:00:00,36.0,155.56204
2025-12-06 04:00:00,61.0,174.93823
2025-12-06 05:00:00,108.0,238.27219
2025-12-06 06:00:00,248.0,378.52527
2025-12-06 07:00:00,446.0,596.17975
2025-12-06 08:00:00,606.0,692.7411
2025-12-06 09:00:00,746.0,733.91235
2025-12-06 10:00:00,834.0,750.5784
2025-12-06 11:00:00,828.0,774.2273
2025-12-06 12:00:00,753.0,718.3214
2025-12-06 13:00:00,743.0,691.2549
2025-12-06 14:00:00,724.0,672.2171
2025-12-06 15:00:00,759.0,655.3974
2025-12-06 16:00:00,730.0,640.48004
2025-12-06 17:00:00,715.0,623.7367
2025-12-06 18:00:00,559.0,559.94604
2025-12-06 19:00:00,409.0,443.86166
2025-12-06 20:00:00,299.0,294.63367
2025-12-06 21:00:00,281.0,252.24629
2025-12-06 22:00:00,219.0,227.436
2025-12-06 23:00:00,215.0,196.98831
2025-12-07 00:00:00,158.0,142.9885
2025-12-07 01:00:00,86.0,128.27438
2025-12-07 02:00:00,50.0,112.853424
2025-12-07 03:00:00,53.0,116.4859
2025-12-07 04:00:00,43.0,131.8479
2025-12-07 05:00:00,56.0,176.55722
2025-12-07 06:00:00,121.0,237.8237
2025-12-07 07:00:00,170.0,363.7757
2025-12-07 08:00:00,277.0,508.961
2025-12-07 09:00:00,398.0,600.74915
2025-12-07 10:00:00,487.0,652.1594
2025-12-07 11:00:00,648.0,662.4
2025-12-07 12:00:00,546.0,654.19055
2025-12-07 13:00:00,530.0,627.14557
2025-12-07 14:00:00,596.0,617.0717
2025-12-07 15:00:00,567.0,606.32544
2025-12-07 16:00:00,612.0,600.102
2025-12-07 17:00:00,698.0,567.5381
2025-12-07 18:00:00,600.0,465.1084
2025-12-07 19:00:00,377.0,317.383
2025-12-07 20:00:00,294.0,241.66422
2025-12-07 21:00:00,222.0,212.83969
2025-12-07 22:00:00,160.0,187.53192
2025-12-07 23:00:00,118.0,163.28253
2025-12-08 00:00:00,68.0,122.93771
2025-12-08 01:00:00,45.0,107.26022
2025-12-08 02:00:00,30.0,100.07703
2025-12-08 03:00:00,23.0,101.68509
2025-12-08 04:00:00,40.0,116.79852
2025-12-08 05:00:00,65.0,148.0177
2025-12-08 06:00:00,160.0,219.64445
2025-12-08 07:00:00,252.0,348.72565
2025-12-08 08:00:00,359.0,493.07385
2025-12-08 09:00:00,515.0,586.58844
2025-12-08 10:00:00,652.0,619.63635
2025-12-08 11:00:00,689.0,642.1073
2025-12-08 12:00:00,693.0,641.5341
2025-12-08 13:00:00,701.0,634.45123
2025-12-08 14:00:00,839.0,608.31006
2025-12-08 15:00:00,904.0,591.5044
2025-12-08 16:00:00,902.0,563.3018
2025-12-08 17:00:00,761.0,526.67065
2025-12-08 18:00:00,624.0,449.68784
2025-12-08 19:00:00,574.0,336.04407
2025-12-08 20:00:00,391.0,265.04926
2025-12-08 21:00:00,274.0,220.1262
2025-12-08 22:00:00,164.0,183.78085
2025-12-08 23:00:00,120.0,154.79279
2025-12-09 00:00:00,53.0,75.88977
2025-12-09 01:00:00,33.0,58.100586
2025-12-09 02:00:00,16.0,51.279358
2025-12-09 03:00:00,26.0,54.64273
2025-12-09 04:00:00,67.0,69.78421
2025-12-09 05:00:00,214.0,174.71976
2025-12-09 06:00:00,671.0,627.26874
2025-12-09 07:00:00,793.0,726.24243
2025-12-09 08:00:00,696.0,679.8213
2025-12-09 09:00:00,655.0,663.1439
2025-12-09 10:00:00,722.0,655.6085
2025-12-09 11:00:00,676.0,637.58136
2025-12-09 12:00:00,600.0,624.81024
2025-12-09 13:00:00,651.0,619.8157
2025-12-09 14:00:00,656.0,632.08746
2025-12-09 15:00:00,736.0,695.8209
2025-12-09 16:00:00,1007.0,855.5819
2025-12-09 17:00:00,1228.0,1021.54395
2025-12-09 18:00:00,835.0,846.6909
2025-12-09 19:00:00,448.0,493.22806
2025-12-09 20:00:00,276.0,293.66812
2025-12-09 21:00:00,194.0,213.36487
2025-12-09 22:00:00,179.0,143.09921
2025-12-09 23:00:00,106.0,99.991516
2025-12-10 00:00:00,54.0,82.56656
2025-12-10 01:00:00,27.0,64.555664
2025-12-10 02:00:00,20.0,58.17389
2025-12-10 03:00:00,21.0,61.42511
2025-12-10 04:00:00,49.0,80.89914
2025-12-10 05:00:00,173.0,216.5227
2025-12-10 06:00:00,536.0,656.74164
2025-12-10 07:00:00,733.0,729.6758
2025-12-10 08:00:00,712.0,699.3214
2025-12-10 09:00:00,610.0,701.5365
2025-12-10 10:00:00,633.0,672.67035
2025-12-10 11:00:00,683.0,660.89795
2025-12-10 12:00:00,632.0,660.7424
2025-12-10 13:00:00,721.0,644.36163
2025-12-10 14:00:00,660.0,665.4033
2025-12-10 15:00:00,716.0,717.06726
2025-12-10 16:00:00,1014.0,890.8132
2025-12-10 17:00:00,1207.0,1055.0498
2025-12-10 18:00:00,851.0,916.08685
2025-12-10 19:00:00,484.0,582.96967
2025-12-10 20:00:00,286.0,354.44745
2025-12-10 21:00:00,264.0,266.14517
2025-12-10 22:00:00,207.0,188.67038
2025-12-10 23:00:00,126.0,121.47363
2025-12-11 00:00:00,56.0,100.807495
2025-12-11 01:00:00,41.0,71.34384
2025-12-11 02:00:00,23.0,62.444946
2025-12-11 03:00:00,26.0,66.75177
2025-12-11 04:00:00,49.0,86.78998
2025-12-11 05:00:00,175.0,248.2055
2025-12-11 06:00:00,559.0,688.2715
2025-12-11 07:00:00,792.0,738.1889
2025-12-11 08:00:00,678.0,708.19025
2025-12-11 09:00:00,608.0,699.99475
2025-12-11 10:00:00,570.0,692.21826
2025-12-11 11:00:00,673.0,686.45996
2025-12-11 12:00:00,630.0,681.9855
2025-12-11 13:00:00,717.0,677.7749
2025-12-11 14:00:00,659.0,692.65784
2025-12-11 15:00:00,818.0,771.0935
2025-12-11 16:00:00,1127.0,920.62
2025-12-11 17:00:00,1255.0,1069.0123
2025-12-11 18:00:00,853.0,970.54126
2025-12-11 19:00:00,528.0,660.2569
2025-12-11 20:00:00,338.0,404.4157
2025-12-11 21:00:00,285.0,314.39508
2025-12-11 22:00:00,258.0,231.93904
2025-12-11 23:00:00,177.0,155.99942
2025-12-12 00:00:00,85.0,126.592834
2025-12-12 01:00:00,46.0,85.73419
2025-12-12 02:00:00,27.0,70.744965
2025-12-12 03:00:00,27.0,71.48331
2025-12-12 04:00:00,54.0,89.240814
2025-12-12 05:00:00,168.0,221.5327
2025-12-12 06:00:00,513.0,636.128
2025-12-12 07:00:00,705.0,751.51324
2025-12-12 08:00:00,689.0,732.37756
2025-12-12 09:00:00,727.0,725.6276
2025-12-12 10:00:00,748.0,721.7273
2025-12-12 11:00:00,726.0,721.33923
2025-12-12 12:00:00,762.0,720.44617
2025-12-12 13:00:00,827.0,768.5392
2025-12-12 14:00:00,868.0,795.46045
2025-12-12 15:00:00,994.0,867.72644
2025-12-12 16:00:00,1312.0,943.8659
2025-12-12 17:00:00,1201.0,1058.3855
2025-12-12 18:00:00,988.0,1015.1775
2025-12-12 19:00:00,644.0,709.4974
2025-12-12 20:00:00,445.0,427.2759
2025-12-12 21:00:00,311.0,349.97452
2025-12-12 22:00:00,303.0,283.4453
2025-12-12 23:00:00,269.0,198.60443
2025-12-13 00:00:00,193.0,171.77658
2025-12-13 01:00:00,110.0,157.44846
2025-12-13 02:00:00,65.0,149.9667
2025-12-13 03:00:00,41.0,152.81305
2025-12-13 04:00:00,78.0,171.58182
2025-12-13 05:00:00,155.0,230.88101
2025-12-13 06:00:00,274.0,378.02008
2025-12-13 07:00:00,541.0,597.1059
2025-12-13 08:00:00,666.0,695.01025
2025-12-13 09:00:00,810.0,733.08685
2025-12-13 10:00:00,869.0,736.9255
2025-12-13 11:00:00,748.0,723.3387
2025-12-13 12:00:00,710.0,704.6632
2025-12-13 13:00:00,687.0,686.59015
2025-12-13 14:00:00,719.0,669.0565
2025-12-13 15:00:00,687.0,653.16003
2025-12-13 16:00:00,711.0,639.9076
2025-12-13 17:00:00,710.0,625.3801
2025-12-13 18:00:00,561.0,567.37354
2025-12-13 19:00:00,458.0,451.77734
2025-12-13 20:00:00,337.0,300.44403
2025-12-13 21:00:00,294.0,250.7646
2025-12-13 22:00:00,246.0,226.03683
2025-12-13 23:00:00,202.0,196.41751
2025-12-14 00:00:00,194.0,142.81204
2025-12-14 01:00:00,123.0,129.95477
2025-12-14 02:00:00,70.0,124.154755
2025-12-14 03:00:00,54.0,127.17273
2025-12-14 04:00:00,47.0,142.22968
2025-12-14 05:00:00,49.0,183.8081
2025-12-14 06:00:00,139.0,252.87222
2025-12-14 07:00:00,330.0,383.65323
2025-12-14 08:00:00,457.0,522.95374
2025-12-14 09:00:00,520.0,613.7553
2025-12-14 10:00:00,540.0,651.1809
2025-12-14 11:00:00,635.0,657.5729
2025-12-14 12:00:00,558.0,645.94495
2025-12-14 13:00:00,538.0,632.57385
2025-12-14 14:00:00,598.0,620.4176
2025-12-14 15:00:00,590.0,613.8429
2025-12-14 16:00:00,726.0,607.073
2025-12-14 17:00:00,669.0,583.7677
2025-12-14 18:00:00,508.0,513.90686
2025-12-14 19:00:00,409.0,380.89008
2025-12-14 20:00:00,290.0,257.28815
2025-12-14 21:00:00,248.0,213.41547
2025-12-14 22:00:00,178.0,187.94424
2025-12-14 23:00:00,96.0,163.52863
2025-12-15 00:00:00,60.0,78.44049
2025-12-15 01:00:00,33.0,61.957825
2025-12-15 02:00:00,27.0,56.593292
2025-12-15 03:00:00,25.0,61.016174
2025-12-15 04:00:00,63.0,79.38913
2025-12-15 05:00:00,205.0,189.61484
2025-12-15 06:00:00,580.0,601.38055
2025-12-15 07:00:00,747.0,723.2634
2025-12-15 08:00:00,699.0,679.3028
2025-12-15 09:00:00,594.0,666.1384
2025-12-15 10:00:00,568.0,652.9707
2025-12-15 11:00:00,631.0,640.53174
2025-12-15 12:00:00,622.0,631.66516
2025-12-15 13:00:00,611.0,627.9754
2025-12-15 14:00:00,606.0,634.6081
2025-12-15 15:00:00,698.0,683.5447
2025-12-15 16:00:00,1066.0,813.59375
2025-12-15 17:00:00,1226.0,966.70825
2025-12-15 18:00:00,791.0,843.16724
2025-12-15 19:00:00,476.0,480.77295
2025-12-15 20:00:00,266.0,271.8003
2025-12-15 21:00:00,227.0,198.37546
2025-12-15 22:00:00,170.0,139.38773
2025-12-15 23:00:00,85.0,100.92386
2025-12-16 00:00:00,39.0,74.22421
2025-12-16 01:00:00,32.0,56.567383
2025-12-16 02:00:00,28.0,51.33847
2025-12-16 03:00:00,23.0,55.909454
2025-12-16 04:00:00,59.0,73.5578
2025-12-16 05:00:00,168.0,167.19785
2025-12-16 06:00:00,555.0,593.68695
2025-12-16 07:00:00,748.0,716.8838
2025-12-16 08:00:00,657.0,675.7676
2025-12-16 09:00:00,571.0,662.9794
2025-12-16 10:00:00,566.0,649.2266
2025-12-16 11:00:00,642.0,634.6905
2025-12-16 12:00:00,591.0,624.6735
2025-12-16 13:00:00,654.0,622.48364
2025-12-16 14:00:00,645.0,637.11346
2025-12-16 15:00:00,765.0,686.75604
2025-12-16 16:00:00,1010.0,840.0925
2025-12-16 17:00:00,1243.0,999.8435
2025-12-16 18:00:00,750.0,852.85095
2025-12-16 19:00:00,494.0,505.14297
2025-12-16 20:00:00,296.0,292.36914
2025-12-16 21:00:00,221.0,211.9477
2025-12-16 22:00:00,212.0,142.54572
2025-12-16 23:00:00,130.0,99.83716
2025-12-17 00:00:00,49.0,81.851776
2025-12-17 01:00:00,39.0,64.53348
2025-12-17 02:00:00,35.0,58.323914
2025-12-17 03:00:00,34.0,61.51352
2025-12-17 04:00:00,55.0,81.25815
2025-12-17 05:00:00,204.0,224.43013
2025-12-17 06:00:00,565.0,664.3703
2025-12-17 07:00:00,764.0,729.5842
2025-12-17 08:00:00,608.0,688.8593
2025-12-17 09:00:00,568.0,676.2788
2025-12-17 10:00:00,607.0,667.4839
2025-12-17 11:00:00,689.0,657.8198
2025-12-17 12:00:00,679.0,649.70435
2025-12-17 13:00:00,752.0,644.2969
2025-12-17 14:00:00,682.0,665.343
2025-12-17 15:00:00,795.0,721.3822
2025-12-17 16:00:00,1044.0,880.2737
2025-12-17 17:00:00,1212.0,1026.9362
2025-12-17 18:00:00,837.0,918.7801
2025-12-17 19:00:00,552.0,591.393
2025-12-17 20:00:00,374.0,356.7898
2025-12-17 21:00:00,299.0,263.71664
2025-12-17 22:00:00,265.0,184.48315
2025-12-17 23:00:00,178.0,114.69046
2025-12-18 00:00:00,89.0,103.305695
2025-12-18 01:00:00,51.0,75.02615
2025-12-18 02:00:00,34.0,68.245056
2025-12-18 03:00:00,37.0,71.295135
2025-12-18 04:00:00,76.0,91.131805
2025-12-18 05:00:00,197.0,226.30222
2025-12-18 06:00:00,559.0,670.4023
2025-12-18 07:00:00,839.0,733.18976
2025-12-18 08:00:00,725.0,706.4725
2025-12-18 09:00:00,662.0,700.2484
2025-12-18 10:00:00,707.0,692.05334
2025-12-18 11:00:00,732.0,691.959
2025-12-18 12:00:00,645.0,701.5837
2025-12-18 13:00:00,744.0,681.3049
2025-12-18 14:00:00,747.0,721.18396
2025-12-18 15:00:00,827.0,792.65344
2025-12-18 16:00:00,1081.0,904.0457
2025-12-18 17:00:00,1174.0,1040.8538
2025-12-18 18:00:00,995.0,970.5863
2025-12-18 19:00:00,657.0,673.79816
2025-12-18 20:00:00,492.0,407.94412
2025-12-18 21:00:00,313.0,309.85086
2025-12-18 22:00:00,292.0,229.0364
2025-12-18 23:00:00,193.0,156.29617
2025-12-19 00:00:00,157.0,130.22678
2025-12-19 01:00:00,67.0,91.39041
2025-12-19 02:00:00,71.0,76.1438
2025-12-19 03:00:00,75.0,77.928986
2025-12-19 04:00:00,102.0,100.15643
2025-12-19 05:00:00,245.0,252.35213
2025-12-19 06:00:00,549.0,646.3616
2025-12-19 07:00:00,728.0,747.6899
2025-12-19 08:00:00,727.0,730.5544
2025-12-19 09:00:00,715.0,725.52216
2025-12-19 10:00:00,800.0,721.72546
2025-12-19 11:00:00,888.0,721.2716
2025-12-19 12:00:00,879.0,718.9849
2025-12-19 13:00:00,1060.0,724.0307
2025-12-19 14:00:00,1048.0,747.36646
2025-12-19 15:00:00,1069.0,817.0563
2025-12-19 16:00:00,1244.0,948.16516
2025-12-19 17:00:00,1298.0,1067.6796
2025-12-19 18:00:00,1039.0,1017.72986
2025-12-19 19:00:00,692.0,712.2417
2025-12-19 20:00:00,567.0,427.75226
2025-12-19 21:00:00,441.0,349.7036
2025-12-19 22:00:00,428.0,282.88568
2025-12-19 23:00:00,327.0,198.44247
2025-12-20 00:00:00,282.0,171.77936
2025-12-20 01:00:00,213.0,157.28796
2025-12-20 02:00:00,183.0,149.85464
2025-12-20 03:00:00,232.0,152.8299
2025-12-20 04:00:00,294.0,171.27765
2025-12-20 05:00:00,341.0,232.48216
2025-12-20 06:00:00,464.0,378.4625
2025-12-20 07:00:00,684.0,597.4806
2025-12-20 08:00:00,768.0,698.998
2025-12-20 09:00:00,810.0,737.2488
2025-12-20 10:00:00,898.0,799.3805
2025-12-20 11:00:00,947.0,804.1846
2025-12-20 12:00:00,849.0,779.5294
2025-12-20 13:00:00,820.0,741.8756
2025-12-20 14:00:00,794.0,713.2318
2025-12-20 15:00:00,795.0,681.0486
2025-12-20 16:00:00,736.0,640.0946
2025-12-20 17:00:00,780.0,624.59033
2025-12-20 18:00:00,610.0,562.55725
2025-12-20 19:00:00,446.0,448.86755
2025-12-20 20:00:00,343.0,300.32846
2025-12-20 21:00:00,264.0,251.5337
2025-12-20 22:00:00,250.0,226.6032
2025-12-20 23:00:00,226.0,196.55975
2025-12-21 00:00:00,206.0,142.84863
2025-12-21 01:00:00,107.0,129.95642
2025-12-21 02:00:00,102.0,124.74524
2025-12-21 03:00:00,93.0,127.29138
2025-12-21 04:00:00,129.0,142.36914
2025-12-21 05:00:00,169.0,182.82632
2025-12-21 06:00:00,256.0,251.67773
2025-12-21 07:00:00,367.0,382.97913
2025-12-21 08:00:00,438.0,522.4516
2025-12-21 09:00:00,590.0,614.1624
2025-12-21 10:00:00,661.0,651.4971
2025-12-21 11:00:00,834.0,656.9863
2025-12-21 12:00:00,732.0,645.66296
2025-12-21 13:00:00,699.0,632.5606
2025-12-21 14:00:00,688.0,620.56757
2025-12-21 15:00:00,690.0,613.7686
2025-12-21 16:00:00,650.0,607.12726
2025-12-21 17:00:00,621.0,583.7905
2025-12-21 18:00:00,501.0,514.31213
2025-12-21 19:00:00,334.0,381.68842
2025-12-21 20:00:00,321.0,257.6905
2025-12-21 21:00:00,218.0,213.77881
2025-12-21 22:00:00,177.0,187.90631
2025-12-21 23:00:00,120.0,163.40302
2025-12-22 00:00:00,77.0,78.184265
2025-12-22 01:00:00,46.0,61.690674
2025-12-22 02:00:00,35.0,56.40149
2025-12-22 03:00:00,41.0,60.53067
2025-12-22 04:00:00,85.0,78.614624
2025-12-22 05:00:00,203.0,190.98618
2025-12-22 06:00:00,422.0,611.6736
2025-12-22 07:00:00,659.0,726.77045
2025-12-22 08:00:00,604.0,679.146
2025-12-22 09:00:00,662.0,665.83386
2025-12-22 10:00:00,742.0,652.9475
2025-12-22 11:00:00,869.0,640.28455
2025-12-22 12:00:00,747.0,631.15125
2025-12-22 13:00:00,794.0,627.05426
2025-12-22 14:00:00,716.0,632.5732
2025-12-22 15:00:00,791.0,681.705
2025-12-22 16:00:00,945.0,815.0388
2025-12-22 17:00:00,1028.0,974.98157
2025-12-22 18:00:00,729.0,843.795
2025-12-22 19:00:00,478.0,480.61642
2025-12-22 20:00:00,312.0,271.91223
2025-12-22 21:00:00,225.0,197.5257
2025-12-22 22:00:00,169.0,139.23636
2025-12-22 23:00:00,109.0,100.85043
2025-12-23 00:00:00,69.0,73.98804
2025-12-23 01:00:00,47.0,56.942627
2025-12-23 02:00:00,33.0,51.72882
2025-12-23 03:00:00,61.0,56.34732
2025-12-23 04:00:00,72.0,74.97809
2025-12-23 05:00:00,156.0,168.8782
2025-12-23 06:00:00,347.0,593.6627
2025-12-23 07:00:00,559.0,715.1836
2025-12-23 08:00:00,590.0,675.12415
2025-12-23 09:00:00,624.0,662.6046
2025-12-23 10:00:00,727.0,648.9464
2025-12-23 11:00:00,810.0,634.5257
2025-12-23 12:00:00,760.0,624.94556
2025-12-23 13:00:00,814.0,622.391
2025-12-23 14:00:00,782.0,637.2188
2025-12-23 15:00:00,885.0,686.4648
2025-12-23 16:00:00,1002.0,830.87476
2025-12-23 17:00:00,998.0,986.6344
2025-12-23 18:00:00,646.0,859.1711
2025-12-23 19:00:00,531.0,513.5448
2025-12-23 20:00:00,372.0,292.3464
2025-12-23 21:00:00,262.0,209.93573
2025-12-23 22:00:00,259.0,140.52759
2025-12-23 23:00:00,181.0,99.299194
2025-12-24 00:00:00,122.0,81.55087
2025-12-24 01:00:00,69.0,64.62399
2025-12-24 02:00:00,62.0,58.73477
2025-12-24 03:00:00,48.0,62.205414
2025-12-24 04:00:00,76.0,82.31067
2025-12-24 05:00:00,136.0,221.5807
2025-12-24 06:00:00,251.0,661.8248
2025-12-24 07:00:00,364.0,728.68854
2025-12-24 08:00:00,452.0,688.6461
2025-12-24 09:00:00,516.0,675.576
2025-12-24 10:00:00,694.0,667.43774
2025-12-24 11:00:00,774.0,656.23553
2025-12-24 12:00:00,840.0,647.7084
2025-12-24 13:00:00,831.0,642.90533
2025-12-24 14:00:00,859.0,654.73956
2025-12-24 15:00:00,872.0,724.2866
2025-12-24 16:00:00,841.0,862.11633
2025-12-24 17:00:00,573.0,998.3873
2025-12-24 18:00:00,349.0,923.84216
2025-12-24 19:00:00,179.0,611.2429
2025-12-24 20:00:00,152.0,360.1563
2025-12-24 21:00:00,208.0,260.70337
2025-12-24 22:00:00,263.0,180.58496
2025-12-24 23:00:00,247.0,112.99545
2025-12-25 00:00:00,179.0,179.6676
2025-12-25 01:00:00,107.0,159.13431
2025-12-25 02:00:00,46.0,151.20886
2025-12-25 03:00:00,30.0,160.33917
2025-12-25 04:00:00,49.0,197.21756
2025-12-25 05:00:00,83.0,274.78107
2025-12-25 06:00:00,134.0,397.55762
2025-12-25 07:00:00,185.0,557.6113
2025-12-25 08:00:00,354.0,632.2958
2025-12-25 09:00:00,563.0,658.7109
2025-12-25 10:00:00,795.0,667.7759
2025-12-25 11:00:00,935.0,670.4822
2025-12-25 12:00:00,724.0,668.13916
2025-12-25 13:00:00,711.0,661.6509
2025-12-25 14:00:00,659.0,648.5569
2025-12-25 15:00:00,604.0,631.7853
2025-12-25 16:00:00,620.0,613.15826
2025-12-25 17:00:00,533.0,583.0859
2025-12-25 18:00:00,373.0,524.55225
2025-12-25 19:00:00,243.0,428.6333
2025-12-25 20:00:00,239.0,330.00842
2025-12-25 21:00:00,218.0,274.85828
2025-12-25 22:00:00,214.0,238.06766
2025-12-25 23:00:00,181.0,206.50659
2025-12-26 00:00:00,116.0,194.66174
2025-12-26 01:00:00,43.0,175.90686
2025-12-26 02:00:00,31.0,164.53711
2025-12-26 03:00:00,37.0,171.07785
2025-12-26 04:00:00,74.0,213.50244
2025-12-26 05:00:00,128.0,310.4926
2025-12-26 06:00:00,225.0,438.1031
2025-12-26 07:00:00,437.0,583.6255
2025-12-26 08:00:00,525.0,654.3439
2025-12-26 09:00:00,752.0,675.1445
2025-12-26 10:00:00,1115.0,680.5541
2025-12-26 11:00:00,1236.0,683.4624
2025-12-26 12:00:00,892.0,679.4056
2025-12-26 13:00:00,770.0,672.2525
2025-12-26 14:00:00,760.0,661.3286
2025-12-26 15:00:00,734.0,650.0734
2025-12-26 16:00:00,702.0,634.9388
2025-12-26 17:00:00,601.0,603.526
2025-12-26 18:00:00,419.0,551.2527
2025-12-26 19:00:00,307.0,469.3652
2025-12-26 20:00:00,307.0,356.22382
2025-12-26 21:00:00,219.0,291.97046
2025-12-26 22:00:00,168.0,261.11096
2025-12-26 23:00:00,141.0,227.24431
2025-12-27 00:00:00,97.0,173.89423
2025-12-27 01:00:00,72.0,160.72968
2025-12-27 02:00:00,46.0,154.34412
2025-12-27 03:00:00,44.0,159.133
2025-12-27 04:00:00,90.0,178.35846
2025-12-27 05:00:00,154.0,250.88
2025-12-27 06:00:00,311.0,391.68304
2025-12-27 07:00:00,585.0,600.161
2025-12-27 08:00:00,742.0,682.5326
2025-12-27 09:00:00,914.0,719.2865
2025-12-27 10:00:00,1099.0,723.10284
2025-12-27 11:00:00,986.0,709.3057
2025-12-27 12:00:00,922.0,695.1225
2025-12-27 13:00:00,870.0,680.48
2025-12-27 14:00:00,799.0,665.1992
2025-12-27 15:00:00,749.0,651.8755
2025-12-27 16:00:00,789.0,638.85846
2025-12-27 17:00:00,698.0,627.51056
2025-12-27 18:00:00,535.0,578.4195
2025-12-27 19:00:00,434.0,467.79855
2025-12-27 20:00:00,295.0,308.1187
2025-12-27 21:00:00,203.0,249.977
2025-12-27 22:00:00,176.0,224.20189
2025-12-27 23:00:00,146.0,196.19803
2025-12-28 00:00:00,114.0,144.85873
2025-12-28 01:00:00,66.0,132.12305
2025-12-28 02:00:00,56.0,128.09058
2025-12-28 03:00:00,41.0,131.72638
2025-12-28 04:00:00,59.0,148.21506
2025-12-28 05:00:00,81.0,194.04932
2025-12-28 06:00:00,229.0,271.60773
2025-12-28 07:00:00,509.0,408.06644
2025-12-28 08:00:00,662.0,542.06934
2025-12-28 09:00:00,805.0,623.412
2025-12-28 10:00:00,996.0,653.0262
2025-12-28 11:00:00,1044.0,655.55585
2025-12-28 12:00:00,807.0,644.5626
2025-12-28 13:00:00,637.0,631.893
2025-12-28 14:00:00,602.0,620.79297
2025-12-28 15:00:00,642.0,613.1538
2025-12-28 16:00:00,604.0,606.6936
2025-12-28 17:00:00,571.0,585.45654
2025-12-28 18:00:00,420.0,521.49744
2025-12-28 19:00:00,345.0,391.93665
2025-12-28 20:00:00,254.0,258.41888
2025-12-28 21:00:00,159.0,212.77982
2025-12-28 22:00:00,157.0,188.48376
2025-12-28 23:00:00,117.0,164.77234
2025-12-29 00:00:00,52.0,78.77899
2025-12-29 01:00:00,43.0,62.53598
2025-12-29 02:00:00,27.0,57.241302
2025-12-29 03:00:00,28.0,62.255035
2025-12-29 04:00:00,48.0,82.80682
2025-12-29 05:00:00,137.0,199.60419
2025-12-29 06:00:00,286.0,599.1713
2025-12-29 07:00:00,564.0,716.49744
2025-12-29 08:00:00,654.0,677.6072
2025-12-29 09:00:00,814.0,664.9408
2025-12-29 10:00:00,931.0,652.31805
2025-12-29 11:00:00,883.0,640.6429
2025-12-29 12:00:00,759.0,632.72473
2025-12-29 13:00:00,746.0,628.4346
2025-12-29 14:00:00,731.0,634.43964
2025-12-29 15:00:00,714.0,679.9916
2025-12-29 16:00:00,800.0,801.08777
2025-12-29 17:00:00,743.0,949.2811
2025-12-29 18:00:00,549.0,854.0668
2025-12-29 19:00:00,391.0,500.76297
2025-12-29 20:00:00,275.0,273.91833
2025-12-29 21:00:00,160.0,196.2042
2025-12-29 22:00:00,169.0,139.36008
2025-12-29 23:00:00,101.0,101.625854
2025-12-30 00:00:00,65.0,73.94223
2025-12-30 01:00:00,38.0,57.83914
2025-12-30 02:00:00,36.0,52.911957
2025-12-30 03:00:00,27.0,59.06894
2025-12-30 04:00:00,39.0,78.806
2025-12-30 05:00:00,147.0,171.13742
2025-12-30 06:00:00,281.0,576.20886
2025-12-30 07:00:00,600.0,707.40686
2025-12-30 08:00:00,695.0,673.60986
2025-12-30 09:00:00,787.0,662.1723
2025-12-30 10:00:00,892.0,666.44366
2025-12-30 11:00:00,973.0,637.3695
2025-12-30 12:00:00,866.0,638.2351
2025-12-30 13:00:00,851.0,622.26575
2025-12-30 14:00:00,787.0,636.5942
2025-12-30 15:00:00,823.0,684.92
2025-12-30 16:00:00,837.0,827.8894
2025-12-30 17:00:00,762.0,982.87024
2025-12-30 18:00:00,562.0,863.4645
2025-12-30 19:00:00,384.0,517.75305
2025-12-30 20:00:00,287.0,292.4182
2025-12-30 21:00:00,201.0,208.96481
2025-12-30 22:00:00,175.0,139.48529
2025-12-30 23:00:00,121.0,98.61633
2025-12-31 00:00:00,81.0,82.439514
2025-12-31 01:00:00,62.0,65.99185
2025-12-31 02:00:00,42.0,60.999847
2025-12-31 03:00:00,28.0,66.95953
2025-12-31 04:00:00,37.0,89.05185
2025-12-31 05:00:00,105.0,207.84439
2025-12-31 06:00:00,209.0,606.7654
2025-12-31 07:00:00,374.0,708.73694
2025-12-31 08:00:00,448.0,689.0829
2025-12-31 09:00:00,554.0,704.2457
2025-12-31 10:00:00,633.0,683.9021
2025-12-31 11:00:00,759.0,668.5095
2025-12-31 12:00:00,761.0,655.1874
2025-12-31 13:00:00,871.0,646.9656
2025-12-31 14:00:00,801.0,662.2894
2025-12-31 15:00:00,712.0,749.5746
2025-12-31 16:00:00,721.0,848.40405
2025-12-31 17:00:00,672.0,971.5082
2025-12-31 18:00:00,437.0,923.93335
2025-12-31 19:00:00,208.0,638.7997
2025-12-31 20:00:00,140.0,367.76715
2025-12-31 21:00:00,103.0,256.7082
2025-12-31 22:00:00,119.0,176.86356
2025-12-31 23:00:00,160.0,115.15036
