datetime,actual_volume,predicted_volume
2023-12-19 19:00:00,1290.0,1175.3875
2023-12-19 20:00:00,954.0,850.90295
2023-12-19 21:00:00,730.0,726.05743
2023-12-19 22:00:00,698.0,610.8615
2023-12-19 23:00:00,440.0,407.10046
2023-12-20 00:00:00,195.0,227.93793
2023-12-20 01:00:00,104.0,128.02454
2023-12-20 02:00:00,44.0,99.07794
2023-12-20 03:00:00,59.0,94.34656
2023-12-20 04:00:00,105.0,112.21735
2023-12-20 05:00:00,382.0,309.94342
2023-12-20 06:00:00,1185.0,1085.6666
2023-12-20 07:00:00,1620.0,1567.9724
2023-12-20 08:00:00,1684.0,1625.9364
2023-12-20 09:00:00,1441.0,1513.6378
2023-12-20 10:00:00,1426.0,1448.314
2023-12-20 11:00:00,1603.0,1402.4745
2023-12-20 12:00:00,1619.0,1396.1133
2023-12-20 13:00:00,1745.0,1440.9741
2023-12-20 14:00:00,1842.0,1489.9885
2023-12-20 15:00:00,1960.0,1907.2838
2023-12-20 16:00:00,2535.0,2500.3887
2023-12-20 17:00:00,2701.0,2544.3792
2023-12-20 18:00:00,2135.0,2087.2354
2023-12-20 19:00:00,1380.0,1190.4117
2023-12-20 20:00:00,933.0,869.2388
2023-12-20 21:00:00,772.0,774.737
2023-12-20 22:00:00,738.0,679.11414
2023-12-20 23:00:00,444.0,456.88434
2023-12-21 00:00:00,217.0,272.513
2023-12-21 01:00:00,97.0,124.894104
2023-12-21 02:00:00,56.0,96.73657
2023-12-21 03:00:00,70.0,86.615845
2023-12-21 04:00:00,109.0,100.16162
2023-12-21 05:00:00,330.0,248.1206
2023-12-21 06:00:00,1195.0,892.713
2023-12-21 07:00:00,1672.0,1625.0492
2023-12-21 08:00:00,1602.0,1625.1763
2023-12-21 09:00:00,1423.0,1539.3787
2023-12-21 10:00:00,1541.0,1524.054
2023-12-21 11:00:00,1683.0,1501.1616
2023-12-21 12:00:00,1698.0,1519.8455
2023-12-21 13:00:00,1770.0,1549.6584
2023-12-21 14:00:00,1952.0,1674.7828
2023-12-21 15:00:00,2154.0,2131.906
2023-12-21 16:00:00,2547.0,2555.0508
2023-12-21 17:00:00,2465.0,2544.838
2023-12-21 18:00:00,2100.0,2202.7334
2023-12-21 19:00:00,1314.0,1298.7068
2023-12-21 20:00:00,966.0,936.3974
2023-12-21 21:00:00,780.0,837.6975
2023-12-21 22:00:00,638.0,731.7715
2023-12-21 23:00:00,459.0,551.8621
2023-12-22 00:00:00,176.0,289.23547
2023-12-22 01:00:00,82.0,136.49414
2023-12-22 02:00:00,53.0,85.30017
2023-12-22 03:00:00,54.0,78.50195
2023-12-22 04:00:00,104.0,115.44971
2023-12-22 05:00:00,387.0,224.31012
2023-12-22 06:00:00,1100.0,833.35394
2023-12-22 07:00:00,1314.0,1555.9264
2023-12-22 08:00:00,1261.0,1546.2642
2023-12-22 09:00:00,1396.0,1569.5725
2023-12-22 10:00:00,1718.0,1584.165
2023-12-22 11:00:00,1891.0,1598.66
2023-12-22 12:00:00,1998.0,1602.002
2023-12-22 13:00:00,2269.0,1744.977
2023-12-22 14:00:00,2499.0,2021.8191
2023-12-22 15:00:00,2530.0,2403.499
2023-12-22 16:00:00,2720.0,2589.7651
2023-12-22 17:00:00,2423.0,2565.252
2023-12-22 18:00:00,2009.0,2269.891
2023-12-22 19:00:00,1600.0,1459.3005
2023-12-22 20:00:00,1199.0,1053.8939
2023-12-22 21:00:00,876.0,877.97955
2023-12-22 22:00:00,752.0,765.60486
2023-12-22 23:00:00,669.0,613.31604
2023-12-23 00:00:00,405.0,536.313
2023-12-23 01:00:00,245.0,374.92322
2023-12-23 02:00:00,180.0,229.4721
2023-12-23 03:00:00,150.0,163.62982
2023-12-23 04:00:00,154.0,152.89734
2023-12-23 05:00:00,233.0,181.7851
2023-12-23 06:00:00,344.0,311.36346
2023-12-23 07:00:00,674.0,791.20496
2023-12-23 08:00:00,1083.0,1328.2524
2023-12-23 09:00:00,1683.0,1837.0042
2023-12-23 10:00:00,2235.0,2082.2273
2023-12-23 11:00:00,2641.0,2110.0725
2023-12-23 12:00:00,2513.0,2089.2397
2023-12-23 13:00:00,2528.0,2008.4877
2023-12-23 14:00:00,2495.0,1885.9749
2023-12-23 15:00:00,2225.0,1734.0581
2023-12-23 16:00:00,1991.0,1655.4843
2023-12-23 17:00:00,1666.0,1543.0637
2023-12-23 18:00:00,1329.0,1267.3213
2023-12-23 19:00:00,886.0,1012.5892
2023-12-23 20:00:00,763.0,853.09985
2023-12-23 21:00:00,748.0,800.0962
2023-12-23 22:00:00,780.0,745.8184
2023-12-23 23:00:00,645.0,665.08356
2023-12-24 00:00:00,410.0,492.40662
2023-12-24 01:00:00,230.0,381.52533
2023-12-24 02:00:00,122.0,244.37054
2023-12-24 03:00:00,83.0,179.99207
2023-12-24 04:00:00,101.0,169.92102
2023-12-24 05:00:00,74.0,190.88782
2023-12-24 06:00:00,173.0,241.03552
2023-12-24 07:00:00,378.0,413.69598
2023-12-24 08:00:00,519.0,634.0016
2023-12-24 09:00:00,890.0,1498.5612
2023-12-24 10:00:00,1380.0,1783.3014
2023-12-24 11:00:00,1654.0,1722.5514
2023-12-24 12:00:00,1619.0,1663.0608
2023-12-24 13:00:00,1742.0,1588.1318
2023-12-24 14:00:00,1818.0,1524.1925
2023-12-24 15:00:00,1927.0,1460.1061
2023-12-24 16:00:00,1740.0,1440.0098
2023-12-24 17:00:00,1291.0,1442.7881
2023-12-24 18:00:00,753.0,1212.7253
2023-12-24 19:00:00,451.0,981.4951
2023-12-24 20:00:00,492.0,897.9875
2023-12-24 21:00:00,670.0,812.6599
2023-12-24 22:00:00,901.0,688.7042
2023-12-24 23:00:00,863.0,578.50446
2023-12-25 00:00:00,511.0,447.60687
2023-12-25 01:00:00,261.0,398.00574
2023-12-25 02:00:00,100.0,369.01257
2023-12-25 03:00:00,64.0,337.8919
2023-12-25 04:00:00,67.0,323.93555
2023-12-25 05:00:00,97.0,357.15063
2023-12-25 06:00:00,208.0,413.3224
2023-12-25 07:00:00,501.0,588.7692
2023-12-25 08:00:00,657.0,902.289
2023-12-25 09:00:00,1128.0,1311.6538
2023-12-25 10:00:00,2091.0,1525.7861
2023-12-25 11:00:00,2651.0,1621.5587
2023-12-25 12:00:00,2548.0,1623.8525
2023-12-25 13:00:00,2350.0,1608.453
2023-12-25 14:00:00,2316.0,1597.1305
2023-12-25 15:00:00,2240.0,1610.6332
2023-12-25 16:00:00,1978.0,1633.9543
2023-12-25 17:00:00,1537.0,1524.8513
2023-12-25 18:00:00,1164.0,1296.8314
2023-12-25 19:00:00,858.0,1130.2758
2023-12-25 20:00:00,800.0,930.8915
2023-12-25 21:00:00,918.0,808.7051
2023-12-25 22:00:00,939.0,684.6798
2023-12-25 23:00:00,738.0,558.4413
2023-12-26 00:00:00,343.0,434.82782
2023-12-26 01:00:00,166.0,367.52954
2023-12-26 02:00:00,79.0,332.03674
2023-12-26 03:00:00,65.0,315.90747
2023-12-26 04:00:00,74.0,322.0667
2023-12-26 05:00:00,107.0,367.07343
2023-12-26 06:00:00,453.0,465.75
2023-12-26 07:00:00,956.0,677.3849
2023-12-26 08:00:00,1239.0,1051.094
2023-12-26 09:00:00,1769.0,1341.0944
2023-12-26 10:00:00,2662.0,1533.3173
2023-12-26 11:00:00,2794.0,1585.4221
2023-12-26 12:00:00,2574.0,1618.9927
2023-12-26 13:00:00,2522.0,1626.2693
2023-12-26 14:00:00,2354.0,1617.7317
2023-12-26 15:00:00,2081.0,1645.8762
2023-12-26 16:00:00,1947.0,1694.4644
2023-12-26 17:00:00,1763.0,1626.3142
2023-12-26 18:00:00,1322.0,1378.1051
2023-12-26 19:00:00,1004.0,1167.775
2023-12-26 20:00:00,817.0,942.2898
2023-12-26 21:00:00,773.0,797.2526
2023-12-26 22:00:00,649.0,660.55176
2023-12-26 23:00:00,525.0,540.239
2023-12-27 00:00:00,202.0,229.10394
2023-12-27 01:00:00,105.0,128.89575
2023-12-27 02:00:00,51.0,98.31421
2023-12-27 03:00:00,62.0,93.92981
2023-12-27 04:00:00,87.0,121.69708
2023-12-27 05:00:00,226.0,279.45392
2023-12-27 06:00:00,682.0,1034.5363
2023-12-27 07:00:00,1523.0,1686.3325
2023-12-27 08:00:00,1643.0,1626.1018
2023-12-27 09:00:00,1783.0,1574.3665
2023-12-27 10:00:00,2426.0,1500.7515
2023-12-27 11:00:00,2402.0,1453.6238
2023-12-27 12:00:00,2284.0,1442.1628
2023-12-27 13:00:00,2235.0,1456.8989
2023-12-27 14:00:00,2213.0,1510.0377
2023-12-27 15:00:00,2042.0,1906.7256
2023-12-27 16:00:00,2057.0,2501.516
2023-12-27 17:00:00,1909.0,2544.4775
2023-12-27 18:00:00,1474.0,2085.9329
2023-12-27 19:00:00,1006.0,1192.6566
2023-12-27 20:00:00,796.0,870.3636
2023-12-27 21:00:00,648.0,776.4526
2023-12-27 22:00:00,493.0,678.8458
2023-12-27 23:00:00,438.0,455.96704
2023-12-28 00:00:00,226.0,273.4135
2023-12-28 01:00:00,100.0,124.06439
2023-12-28 02:00:00,56.0,97.12683
2023-12-28 03:00:00,59.0,86.86035
2023-12-28 04:00:00,88.0,99.55731
2023-12-28 05:00:00,224.0,250.45801
2023-12-28 06:00:00,638.0,898.2153
2023-12-28 07:00:00,1435.0,1626.6362
2023-12-28 08:00:00,1482.0,1626.1919
2023-12-28 09:00:00,1728.0,1540.2756
2023-12-28 10:00:00,2065.0,1513.3702
2023-12-28 11:00:00,2100.0,1510.5934
2023-12-28 12:00:00,1823.0,1521.4141
2023-12-28 13:00:00,1888.0,1552.4696
2023-12-28 14:00:00,1841.0,1690.3232
2023-12-28 15:00:00,1838.0,2147.89
2023-12-28 16:00:00,1878.0,2559.8047
2023-12-28 17:00:00,1814.0,2549.419
2023-12-28 18:00:00,1488.0,2232.6946
2023-12-28 19:00:00,1008.0,1319.3533
2023-12-28 20:00:00,794.0,937.26794
2023-12-28 21:00:00,621.0,833.68896
2023-12-28 22:00:00,567.0,730.2039
2023-12-28 23:00:00,490.0,551.0648
2023-12-29 00:00:00,229.0,301.7417
2023-12-29 01:00:00,108.0,137.4469
2023-12-29 02:00:00,69.0,91.0885
2023-12-29 03:00:00,77.0,78.6239
2023-12-29 04:00:00,97.0,94.99878
2023-12-29 05:00:00,167.0,180.89355
2023-12-29 06:00:00,576.0,817.70874
2023-12-29 07:00:00,1285.0,1558.4344
2023-12-29 08:00:00,1388.0,1601.3407
2023-12-29 09:00:00,1573.0,1569.8019
2023-12-29 10:00:00,1886.0,1574.4688
2023-12-29 11:00:00,1974.0,1586.8328
2023-12-29 12:00:00,1881.0,1633.345
2023-12-29 13:00:00,1956.0,1752.1398
2023-12-29 14:00:00,1995.0,2042.1108
2023-12-29 15:00:00,1931.0,2470.5342
2023-12-29 16:00:00,2156.0,2617.4756
2023-12-29 17:00:00,1940.0,2566.9668
2023-12-29 18:00:00,1588.0,2328.463
2023-12-29 19:00:00,1156.0,1464.4241
2023-12-29 20:00:00,909.0,1053.8888
2023-12-29 21:00:00,662.0,878.32263
2023-12-29 22:00:00,565.0,765.4705
2023-12-29 23:00:00,504.0,615.14417
2023-12-30 00:00:00,292.0,536.47
2023-12-30 01:00:00,131.0,375.15356
2023-12-30 02:00:00,112.0,229.76245
2023-12-30 03:00:00,106.0,163.59149
2023-12-30 04:00:00,90.0,153.2898
2023-12-30 05:00:00,161.0,182.13458
2023-12-30 06:00:00,472.0,309.60382
2023-12-30 07:00:00,1293.0,784.4888
2023-12-30 08:00:00,1549.0,1352.6729
2023-12-30 09:00:00,1909.0,2025.4397
2023-12-30 10:00:00,2457.0,2150.6016
2023-12-30 11:00:00,2604.0,2186.1084
2023-12-30 12:00:00,2319.0,2163.999
2023-12-30 13:00:00,2210.0,2078.9023
2023-12-30 14:00:00,2226.0,1942.1898
2023-12-30 15:00:00,1964.0,1754.0905
2023-12-30 16:00:00,1722.0,1657.1875
2023-12-30 17:00:00,1570.0,1546.1708
2023-12-30 18:00:00,1202.0,1264.1147
2023-12-30 19:00:00,876.0,1007.1067
2023-12-30 20:00:00,693.0,851.1068
2023-12-30 21:00:00,573.0,795.97876
2023-12-30 22:00:00,525.0,747.2199
2023-12-30 23:00:00,488.0,668.1711
2023-12-31 00:00:00,315.0,494.4521
2023-12-31 01:00:00,169.0,382.489
2023-12-31 02:00:00,89.0,242.42853
2023-12-31 03:00:00,73.0,176.35236
2023-12-31 04:00:00,60.0,167.23407
2023-12-31 05:00:00,85.0,190.2359
2023-12-31 06:00:00,167.0,238.39862
2023-12-31 07:00:00,398.0,414.05786
2023-12-31 08:00:00,617.0,646.428
2023-12-31 09:00:00,839.0,1095.7583
2023-12-31 10:00:00,1166.0,1558.7341
2023-12-31 11:00:00,1386.0,1690.0388
2023-12-31 12:00:00,1398.0,1762.5342
2023-12-31 13:00:00,1454.0,1588.8806
2023-12-31 14:00:00,1441.0,1518.8086
2023-12-31 15:00:00,1371.0,1459.5076
2023-12-31 16:00:00,1194.0,1449.1835
2023-12-31 17:00:00,1043.0,1451.1136
2023-12-31 18:00:00,820.0,1221.7467
2023-12-31 19:00:00,501.0,1025.2454
2023-12-31 20:00:00,341.0,892.0558
2023-12-31 21:00:00,250.0,811.79663
2023-12-31 22:00:00,286.0,692.69543
2023-12-31 23:00:00,259.0,586.3861
2024-01-01 00:00:00,303.0,450.2743
2024-01-01 01:00:00,745.0,390.97925
2024-01-01 02:00:00,595.0,363.04053
2024-01-01 03:00:00,281.0,330.7755
2024-01-01 04:00:00,184.0,312.82074
2024-01-01 05:00:00,141.0,346.6363
2024-01-01 06:00:00,201.0,415.61536
2024-01-01 07:00:00,486.0,610.0479
2024-01-01 08:00:00,562.0,945.79974
2024-01-01 09:00:00,632.0,1270.7289
2024-01-01 10:00:00,914.0,1475.8755
2024-01-01 11:00:00,1127.0,1613.0754
2024-01-01 12:00:00,1283.0,1608.7329
2024-01-01 13:00:00,1473.0,1590.8591
2024-01-01 14:00:00,1553.0,1597.5082
2024-01-01 15:00:00,1337.0,1631.1212
2024-01-01 16:00:00,1279.0,1646.0156
2024-01-01 17:00:00,1098.0,1548.9963
2024-01-01 18:00:00,925.0,1325.3379
2024-01-01 19:00:00,640.0,1138.8612
2024-01-01 20:00:00,538.0,942.1603
2024-01-01 21:00:00,457.0,814.46655
2024-01-01 22:00:00,345.0,691.1217
2024-01-01 23:00:00,280.0,564.17444
2024-01-02 00:00:00,147.0,220.8081
2024-01-02 01:00:00,96.0,123.51459
2024-01-02 02:00:00,40.0,94.54138
2024-01-02 03:00:00,56.0,99.27466
2024-01-02 04:00:00,92.0,131.87946
2024-01-02 05:00:00,166.0,307.53534
2024-01-02 06:00:00,478.0,1146.6366
2024-01-02 07:00:00,1019.0,1716.7911
2024-01-02 08:00:00,1167.0,1610.7505
2024-01-02 09:00:00,1354.0,1490.4216
2024-01-02 10:00:00,1727.0,1402.4536
2024-01-02 11:00:00,1924.0,1379.1705
2024-01-02 12:00:00,1668.0,1379.4558
2024-01-02 13:00:00,1727.0,1382.6625
2024-01-02 14:00:00,1695.0,1410.2013
2024-01-02 15:00:00,1564.0,1773.0143
2024-01-02 16:00:00,1602.0,2329.9536
2024-01-02 17:00:00,1443.0,2492.478
2024-01-02 18:00:00,1210.0,2121.6304
2024-01-02 19:00:00,841.0,1176.5896
2024-01-02 20:00:00,623.0,822.3711
2024-01-02 21:00:00,451.0,722.17206
2024-01-02 22:00:00,354.0,615.51575
2024-01-02 23:00:00,300.0,431.4856
2024-01-03 00:00:00,135.0,244.84277
2024-01-03 01:00:00,85.0,121.96948
2024-01-03 02:00:00,49.0,107.49939
2024-01-03 03:00:00,55.0,99.92688
2024-01-03 04:00:00,86.0,124.73157
2024-01-03 05:00:00,255.0,291.6682
2024-01-03 06:00:00,883.0,1108.6874
2024-01-03 07:00:00,1641.0,1694.3125
2024-01-03 08:00:00,1598.0,1627.2516
2024-01-03 09:00:00,1512.0,1579.9055
2024-01-03 10:00:00,1614.0,1502.9392
2024-01-03 11:00:00,1606.0,1420.4897
2024-01-03 12:00:00,1467.0,1417.7656
2024-01-03 13:00:00,1443.0,1435.2268
2024-01-03 14:00:00,1480.0,1474.9618
2024-01-03 15:00:00,1599.0,1857.8376
2024-01-03 16:00:00,1939.0,2477.9104
2024-01-03 17:00:00,2058.0,2548.4697
2024-01-03 18:00:00,1591.0,2111.1382
2024-01-03 19:00:00,889.0,1253.0048
2024-01-03 20:00:00,684.0,888.27515
2024-01-03 21:00:00,520.0,755.34143
2024-01-03 22:00:00,381.0,691.3705
2024-01-03 23:00:00,296.0,481.24194
2024-01-04 00:00:00,162.0,292.4527
2024-01-04 01:00:00,70.0,121.81671
2024-01-04 02:00:00,47.0,80.726685
2024-01-04 03:00:00,56.0,82.11377
2024-01-04 04:00:00,97.0,108.555664
2024-01-04 05:00:00,241.0,257.4804
2024-01-04 06:00:00,824.0,993.60004
2024-01-04 07:00:00,1579.0,1639.1819
2024-01-04 08:00:00,1575.0,1618.3616
2024-01-04 09:00:00,1452.0,1533.0481
2024-01-04 10:00:00,1487.0,1510.5042
2024-01-04 11:00:00,1427.0,1532.1774
2024-01-04 12:00:00,1296.0,1538.327
2024-01-04 13:00:00,1361.0,1559.0222
2024-01-04 14:00:00,1388.0,1677.0664
2024-01-04 15:00:00,1553.0,2163.0933
2024-01-04 16:00:00,1941.0,2570.3125
2024-01-04 17:00:00,2148.0,2567.4067
2024-01-04 18:00:00,1603.0,2292.2507
2024-01-04 19:00:00,1072.0,1375.0646
2024-01-04 20:00:00,725.0,954.4927
2024-01-04 21:00:00,596.0,839.989
2024-01-04 22:00:00,568.0,738.71497
2024-01-04 23:00:00,377.0,573.79315
2024-01-05 00:00:00,171.0,319.58948
2024-01-05 01:00:00,106.0,145.73846
2024-01-05 02:00:00,58.0,92.49609
2024-01-05 03:00:00,48.0,78.651
2024-01-05 04:00:00,100.0,97.260864
2024-01-05 05:00:00,244.0,197.62146
2024-01-05 06:00:00,732.0,894.87305
2024-01-05 07:00:00,1293.0,1587.3495
2024-01-05 08:00:00,1308.0,1602.4227
2024-01-05 09:00:00,1339.0,1568.4573
2024-01-05 10:00:00,1402.0,1571.685
2024-01-05 11:00:00,1409.0,1583.1902
2024-01-05 12:00:00,1519.0,1634.0879
2024-01-05 13:00:00,1507.0,1750.1857
2024-01-05 14:00:00,1697.0,2040.1091
2024-01-05 15:00:00,1884.0,2405.9092
2024-01-05 16:00:00,2292.0,2603.957
2024-01-05 17:00:00,2185.0,2609.9114
2024-01-05 18:00:00,1840.0,2321.6587
2024-01-05 19:00:00,1183.0,1549.02
2024-01-05 20:00:00,873.0,1052.2839
2024-01-05 21:00:00,601.0,854.5442
2024-01-05 22:00:00,521.0,734.5049
2024-01-05 23:00:00,500.0,627.90344
2024-01-06 00:00:00,279.0,538.3519
2024-01-06 01:00:00,200.0,450.80896
2024-01-06 02:00:00,112.0,370.31775
2024-01-06 03:00:00,78.0,315.18628
2024-01-06 04:00:00,106.0,304.22168
2024-01-06 05:00:00,132.0,333.7141
2024-01-06 06:00:00,269.0,396.2909
2024-01-06 07:00:00,718.0,746.7648
2024-01-06 08:00:00,1003.0,1187.0518
2024-01-06 09:00:00,1215.0,1582.7894
2024-01-06 10:00:00,1612.0,1897.4009
2024-01-06 11:00:00,1744.0,1944.7854
2024-01-06 12:00:00,1628.0,1910.603
2024-01-06 13:00:00,1625.0,1865.4797
2024-01-06 14:00:00,1654.0,1765.5275
2024-01-06 15:00:00,1571.0,1674.5771
2024-01-06 16:00:00,1530.0,1617.1848
2024-01-06 17:00:00,1545.0,1494.3865
2024-01-06 18:00:00,1331.0,1320.0474
2024-01-06 19:00:00,923.0,1120.0662
2024-01-06 20:00:00,769.0,948.213
2024-01-06 21:00:00,594.0,814.767
2024-01-06 22:00:00,626.0,724.31067
2024-01-06 23:00:00,634.0,633.3424
2024-01-07 00:00:00,399.0,498.3468
2024-01-07 01:00:00,235.0,384.2691
2024-01-07 02:00:00,155.0,243.64368
2024-01-07 03:00:00,113.0,173.91809
2024-01-07 04:00:00,97.0,167.65192
2024-01-07 05:00:00,94.0,187.19702
2024-01-07 06:00:00,177.0,239.5326
2024-01-07 07:00:00,459.0,387.68463
2024-01-07 08:00:00,529.0,686.97675
2024-01-07 09:00:00,780.0,1170.2131
2024-01-07 10:00:00,1022.0,1614.9985
2024-01-07 11:00:00,1237.0,1687.198
2024-01-07 12:00:00,1299.0,1682.0471
2024-01-07 13:00:00,1279.0,1614.3164
2024-01-07 14:00:00,1279.0,1537.6327
2024-01-07 15:00:00,1241.0,1480.5422
2024-01-07 16:00:00,1286.0,1456.5945
2024-01-07 17:00:00,1216.0,1468.1212
2024-01-07 18:00:00,1045.0,1251.7014
2024-01-07 19:00:00,925.0,1028.947
2024-01-07 20:00:00,706.0,887.1001
2024-01-07 21:00:00,569.0,810.5114
2024-01-07 22:00:00,337.0,697.17554
2024-01-07 23:00:00,236.0,591.875
2024-01-08 00:00:00,116.0,233.86816
2024-01-08 01:00:00,70.0,117.08496
2024-01-08 02:00:00,52.0,90.9541
2024-01-08 03:00:00,39.0,95.43359
2024-01-08 04:00:00,103.0,158.7362
2024-01-08 05:00:00,350.0,338.02087
2024-01-08 06:00:00,1220.0,1178.4161
2024-01-08 07:00:00,1925.0,1668.5349
2024-01-08 08:00:00,1606.0,1625.4517
2024-01-08 09:00:00,1181.0,1513.2046
2024-01-08 10:00:00,1135.0,1433.3306
2024-01-08 11:00:00,1131.0,1391.2628
2024-01-08 12:00:00,1213.0,1374.6244
2024-01-08 13:00:00,1212.0,1378.7437
2024-01-08 14:00:00,1304.0,1436.1951
2024-01-08 15:00:00,1534.0,1853.8148
2024-01-08 16:00:00,2195.0,2404.4722
2024-01-08 17:00:00,2492.0,2502.4338
2024-01-08 18:00:00,1898.0,2008.1167
2024-01-08 19:00:00,1023.0,1146.5016
2024-01-08 20:00:00,662.0,796.4595
2024-01-08 21:00:00,506.0,696.3075
2024-01-08 22:00:00,377.0,585.91614
2024-01-08 23:00:00,242.0,417.65924
2024-01-09 00:00:00,119.0,222.04419
2024-01-09 01:00:00,63.0,124.29761
2024-01-09 02:00:00,41.0,95.10425
2024-01-09 03:00:00,43.0,101.28882
2024-01-09 04:00:00,110.0,134.38983
2024-01-09 05:00:00,335.0,309.0672
2024-01-09 06:00:00,1270.0,1148.1266
2024-01-09 07:00:00,1803.0,1707.2015
2024-01-09 08:00:00,1725.0,1607.3406
2024-01-09 09:00:00,1237.0,1479.1099
2024-01-09 10:00:00,1162.0,1402.0535
2024-01-09 11:00:00,1182.0,1383.5205
2024-01-09 12:00:00,1201.0,1386.0292
2024-01-09 13:00:00,1234.0,1391.2808
2024-01-09 14:00:00,1337.0,1437.855
2024-01-09 15:00:00,1741.0,1822.3169
2024-01-09 16:00:00,2437.0,2442.4604
2024-01-09 17:00:00,2631.0,2542.0493
2024-01-09 18:00:00,2076.0,2088.8232
2024-01-09 19:00:00,1161.0,1243.4337
2024-01-09 20:00:00,808.0,857.76184
2024-01-09 21:00:00,569.0,735.5559
2024-01-09 22:00:00,426.0,621.31647
2024-01-09 23:00:00,285.0,414.83868
2024-01-10 00:00:00,126.0,224.74225
2024-01-10 01:00:00,101.0,137.12079
2024-01-10 02:00:00,41.0,102.888794
2024-01-10 03:00:00,40.0,98.86145
2024-01-10 04:00:00,102.0,132.87976
2024-01-10 05:00:00,313.0,297.18402
2024-01-10 06:00:00,1176.0,1129.709
2024-01-10 07:00:00,1788.0,1689.8898
2024-01-10 08:00:00,1636.0,1616.1593
2024-01-10 09:00:00,1303.0,1503.7158
2024-01-10 10:00:00,1214.0,1446.5175
2024-01-10 11:00:00,1273.0,1424.9514
2024-01-10 12:00:00,1384.0,1428.9731
2024-01-10 13:00:00,1467.0,1443.8167
2024-01-10 14:00:00,1585.0,1499.5822
2024-01-10 15:00:00,1811.0,1928.2632
2024-01-10 16:00:00,2517.0,2516.8577
2024-01-10 17:00:00,2656.0,2572.616
2024-01-10 18:00:00,2107.0,2175.5098
2024-01-10 19:00:00,1242.0,1272.0239
2024-01-10 20:00:00,856.0,886.3125
2024-01-10 21:00:00,635.0,777.06494
2024-01-10 22:00:00,520.0,682.8918
2024-01-10 23:00:00,299.0,472.55298
2024-01-11 00:00:00,133.0,293.8117
2024-01-11 01:00:00,62.0,132.36835
2024-01-11 02:00:00,41.0,102.77283
2024-01-11 03:00:00,58.0,91.01367
2024-01-11 04:00:00,93.0,105.96295
2024-01-11 05:00:00,344.0,273.93158
2024-01-11 06:00:00,1312.0,1019.2325
2024-01-11 07:00:00,2047.0,1641.9268
2024-01-11 08:00:00,1963.0,1620.6313
2024-01-11 09:00:00,1632.0,1538.7212
2024-01-11 10:00:00,1414.0,1514.3262
2024-01-11 11:00:00,1320.0,1512.4924
2024-01-11 12:00:00,1325.0,1526.4263
2024-01-11 13:00:00,1390.0,1560.7539
2024-01-11 14:00:00,1652.0,1689.4236
2024-01-11 15:00:00,1882.0,2190.975
2024-01-11 16:00:00,2629.0,2574.8809
2024-01-11 17:00:00,2812.0,2579.9788
2024-01-11 18:00:00,2337.0,2326.581
2024-01-11 19:00:00,1403.0,1444.6478
2024-01-11 20:00:00,1027.0,972.82983
2024-01-11 21:00:00,766.0,836.3462
2024-01-11 22:00:00,631.0,738.0834
2024-01-11 23:00:00,386.0,576.9625
2024-01-12 00:00:00,173.0,327.5268
2024-01-12 01:00:00,63.0,150.74628
2024-01-12 02:00:00,47.0,90.58838
2024-01-12 03:00:00,54.0,77.68262
2024-01-12 04:00:00,97.0,101.2406
2024-01-12 05:00:00,340.0,216.32458
2024-01-12 06:00:00,1286.0,863.5387
2024-01-12 07:00:00,2091.0,1581.438
2024-01-12 08:00:00,1992.0,1615.1631
2024-01-12 09:00:00,1737.0,1571.1233
2024-01-12 10:00:00,1705.0,1573.5566
2024-01-12 11:00:00,1575.0,1586.864
2024-01-12 12:00:00,1772.0,1636.9209
2024-01-12 13:00:00,1848.0,1741.5305
2024-01-12 14:00:00,2269.0,2032.6677
2024-01-12 15:00:00,2698.0,2479.125
2024-01-12 16:00:00,3064.0,2661.0178
2024-01-12 17:00:00,2748.0,2624.4575
2024-01-12 18:00:00,2616.0,2410.62
2024-01-12 19:00:00,1974.0,1751.3829
2024-01-12 20:00:00,1370.0,1093.6204
2024-01-12 21:00:00,952.0,909.51556
2024-01-12 22:00:00,807.0,786.24817
2024-01-12 23:00:00,796.0,648.40125
2024-01-13 00:00:00,445.0,557.23804
2024-01-13 01:00:00,207.0,384.96136
2024-01-13 02:00:00,110.0,234.10382
2024-01-13 03:00:00,106.0,159.62634
2024-01-13 04:00:00,104.0,148.98492
2024-01-13 05:00:00,208.0,185.46497
2024-01-13 06:00:00,839.0,320.44202
2024-01-13 07:00:00,2220.0,801.3947
2024-01-13 08:00:00,2536.0,1474.0514
2024-01-13 09:00:00,2252.0,1949.1116
2024-01-13 10:00:00,2354.0,2089.342
2024-01-13 11:00:00,2346.0,2116.8108
2024-01-13 12:00:00,2090.0,2085.8652
2024-01-13 13:00:00,1890.0,2020.0334
2024-01-13 14:00:00,1768.0,1899.9663
2024-01-13 15:00:00,1757.0,1778.1786
2024-01-13 16:00:00,1895.0,1687.2415
2024-01-13 17:00:00,1749.0,1582.5514
2024-01-13 18:00:00,1460.0,1315.2573
2024-01-13 19:00:00,1030.0,1010.7747
2024-01-13 20:00:00,781.0,846.8553
2024-01-13 21:00:00,688.0,788.36774
2024-01-13 22:00:00,751.0,747.5639
2024-01-13 23:00:00,764.0,677.3849
2024-01-14 00:00:00,441.0,501.15643
2024-01-14 01:00:00,273.0,384.4256
2024-01-14 02:00:00,205.0,237.91199
2024-01-14 03:00:00,126.0,163.89722
2024-01-14 04:00:00,109.0,159.09747
2024-01-14 05:00:00,112.0,190.34265
2024-01-14 06:00:00,342.0,244.03876
2024-01-14 07:00:00,1097.0,422.21564
2024-01-14 08:00:00,1352.0,713.6376
2024-01-14 09:00:00,1724.0,1593.0804
2024-01-14 10:00:00,1926.0,1809.9409
2024-01-14 11:00:00,1946.0,1837.1669
2024-01-14 12:00:00,1790.0,1792.5171
2024-01-14 13:00:00,1685.0,1707.9526
2024-01-14 14:00:00,1564.0,1575.5651
2024-01-14 15:00:00,1472.0,1485.0618
2024-01-14 16:00:00,1432.0,1459.2087
2024-01-14 17:00:00,1403.0,1470.8596
2024-01-14 18:00:00,1296.0,1253.8994
2024-01-14 19:00:00,1087.0,1023.5676
2024-01-14 20:00:00,871.0,886.12366
2024-01-14 21:00:00,737.0,798.7146
2024-01-14 22:00:00,470.0,689.3799
2024-01-14 23:00:00,244.0,598.7334
2024-01-15 00:00:00,127.0,245.05597
2024-01-15 01:00:00,47.0,116.73755
2024-01-15 02:00:00,52.0,90.91748
2024-01-15 03:00:00,37.0,96.23059
2024-01-15 04:00:00,102.0,158.17023
2024-01-15 05:00:00,404.0,334.70575
2024-01-15 06:00:00,1368.0,1185.802
2024-01-15 07:00:00,1828.0,1673.4794
2024-01-15 08:00:00,1632.0,1633.0256
2024-01-15 09:00:00,1382.0,1513.1288
2024-01-15 10:00:00,1294.0,1433.4832
2024-01-15 11:00:00,1385.0,1391.3181
2024-01-15 12:00:00,1402.0,1373.3649
2024-01-15 13:00:00,1517.0,1374.437
2024-01-15 14:00:00,1599.0,1428.355
2024-01-15 15:00:00,1798.0,1837.8031
2024-01-15 16:00:00,2451.0,2413.6543
2024-01-15 17:00:00,2650.0,2501.367
2024-01-15 18:00:00,2061.0,1991.0991
2024-01-15 19:00:00,1123.0,1139.6573
2024-01-15 20:00:00,766.0,796.93536
2024-01-15 21:00:00,594.0,694.8701
2024-01-15 22:00:00,453.0,585.9539
2024-01-15 23:00:00,230.0,418.891
2024-01-16 00:00:00,120.0,222.88428
2024-01-16 01:00:00,62.0,124.36304
2024-01-16 02:00:00,31.0,95.61658
2024-01-16 03:00:00,52.0,101.42383
2024-01-16 04:00:00,114.0,134.53705
2024-01-16 05:00:00,393.0,309.64832
2024-01-16 06:00:00,1303.0,1151.5809
2024-01-16 07:00:00,1939.0,1707.553
2024-01-16 08:00:00,1814.0,1616.231
2024-01-16 09:00:00,1482.0,1565.2432
2024-01-16 10:00:00,1269.0,1467.9174
2024-01-16 11:00:00,1286.0,1401.5941
2024-01-16 12:00:00,1266.0,1400.6592
2024-01-16 13:00:00,1370.0,1384.8969
2024-01-16 14:00:00,1457.0,1456.8928
2024-01-16 15:00:00,1832.0,1852.7219
2024-01-16 16:00:00,2451.0,2439.244
2024-01-16 17:00:00,2510.0,2541.877
2024-01-16 18:00:00,2347.0,2083.6611
2024-01-16 19:00:00,1429.0,1237.6056
2024-01-16 20:00:00,830.0,865.1083
2024-01-16 21:00:00,614.0,735.9265
2024-01-16 22:00:00,531.0,625.8476
2024-01-16 23:00:00,344.0,418.85834
2024-01-17 00:00:00,119.0,249.89038
2024-01-17 01:00:00,64.0,135.64117
2024-01-17 02:00:00,45.0,103.22693
2024-01-17 03:00:00,45.0,90.479126
2024-01-17 04:00:00,101.0,122.64868
2024-01-17 05:00:00,356.0,335.70502
2024-01-17 06:00:00,1224.0,1220.8022
2024-01-17 07:00:00,1721.0,1597.622
2024-01-17 08:00:00,1729.0,1584.661
2024-01-17 09:00:00,1325.0,1487.7053
2024-01-17 10:00:00,1267.0,1427.1511
2024-01-17 11:00:00,1305.0,1421.512
2024-01-17 12:00:00,1381.0,1426.1644
2024-01-17 13:00:00,1381.0,1440.9113
2024-01-17 14:00:00,1580.0,1484.427
2024-01-17 15:00:00,1892.0,1813.9482
2024-01-17 16:00:00,2676.0,2513.5059
2024-01-17 17:00:00,2650.0,2520.0347
2024-01-17 18:00:00,2187.0,2208.3335
2024-01-17 19:00:00,1317.0,1256.9325
2024-01-17 20:00:00,839.0,864.9061
2024-01-17 21:00:00,647.0,755.28156
2024-01-17 22:00:00,551.0,680.3649
2024-01-17 23:00:00,373.0,543.04944
2024-01-18 00:00:00,133.0,317.43396
2024-01-18 01:00:00,67.0,123.464966
2024-01-18 02:00:00,63.0,102.33276
2024-01-18 03:00:00,50.0,91.54712
2024-01-18 04:00:00,108.0,108.32825
2024-01-18 05:00:00,381.0,258.84564
2024-01-18 06:00:00,1340.0,1003.0927
2024-01-18 07:00:00,1793.0,1641.7188
2024-01-18 08:00:00,1719.0,1582.7915
2024-01-18 09:00:00,1587.0,1533.1195
2024-01-18 10:00:00,1389.0,1520.6469
2024-01-18 11:00:00,1420.0,1507.1035
2024-01-18 12:00:00,1473.0,1517.5311
2024-01-18 13:00:00,1576.0,1548.1487
2024-01-18 14:00:00,1729.0,1678.3397
2024-01-18 15:00:00,2057.0,2134.6206
2024-01-18 16:00:00,2692.0,2548.6633
2024-01-18 17:00:00,2879.0,2547.023
2024-01-18 18:00:00,2376.0,2296.457
2024-01-18 19:00:00,1486.0,1431.5684
2024-01-18 20:00:00,971.0,932.54535
2024-01-18 21:00:00,731.0,806.099
2024-01-18 22:00:00,592.0,705.34326
2024-01-18 23:00:00,389.0,622.2489
2024-01-19 00:00:00,198.0,416.01434
2024-01-19 01:00:00,72.0,216.37354
2024-01-19 02:00:00,75.0,102.75635
2024-01-19 03:00:00,82.0,80.50476
2024-01-19 04:00:00,142.0,102.19696
2024-01-19 05:00:00,385.0,216.58337
2024-01-19 06:00:00,1234.0,869.57446
2024-01-19 07:00:00,1872.0,1589.2766
2024-01-19 08:00:00,1868.0,1614.8632
2024-01-19 09:00:00,1318.0,1571.202
2024-01-19 10:00:00,1717.0,1575.8807
2024-01-19 11:00:00,1767.0,1589.6885
2024-01-19 12:00:00,1794.0,1637.4038
2024-01-19 13:00:00,2074.0,1738.0939
2024-01-19 14:00:00,2270.0,2007.4648
2024-01-19 15:00:00,2431.0,2480.6826
2024-01-19 16:00:00,2954.0,2663.857
2024-01-19 17:00:00,2582.0,2626.9175
2024-01-19 18:00:00,2574.0,2415.3154
2024-01-19 19:00:00,2014.0,1780.9407
2024-01-19 20:00:00,1522.0,1101.8652
2024-01-19 21:00:00,949.0,917.6606
2024-01-19 22:00:00,846.0,789.7047
2024-01-19 23:00:00,745.0,656.8659
2024-01-20 00:00:00,433.0,560.4589
2024-01-20 01:00:00,212.0,387.93433
2024-01-20 02:00:00,125.0,237.82013
2024-01-20 03:00:00,97.0,161.46448
2024-01-20 04:00:00,106.0,150.83765
2024-01-20 05:00:00,231.0,190.31763
2024-01-20 06:00:00,804.0,321.36395
2024-01-20 07:00:00,2205.0,799.5884
2024-01-20 08:00:00,2525.0,1547.9884
2024-01-20 09:00:00,2534.0,2085.598
2024-01-20 10:00:00,2430.0,2144.8452
2024-01-20 11:00:00,2558.0,2175.197
2024-01-20 12:00:00,2137.0,2139.3218
2024-01-20 13:00:00,1947.0,2058.5872
2024-01-20 14:00:00,1937.0,1928.522
2024-01-20 15:00:00,1811.0,1814.4133
2024-01-20 16:00:00,1786.0,1687.3345
2024-01-20 17:00:00,1641.0,1589.4407
2024-01-20 18:00:00,1373.0,1328.2927
2024-01-20 19:00:00,964.0,1013.4418
2024-01-20 20:00:00,794.0,844.0177
2024-01-20 21:00:00,704.0,785.53925
2024-01-20 22:00:00,742.0,745.3251
2024-01-20 23:00:00,821.0,680.3189
2024-01-21 00:00:00,593.0,501.93268
2024-01-21 01:00:00,294.0,383.4917
2024-01-21 02:00:00,180.0,236.42157
2024-01-21 03:00:00,127.0,160.46112
2024-01-21 04:00:00,110.0,157.83466
2024-01-21 05:00:00,94.0,190.15729
2024-01-21 06:00:00,328.0,245.1123
2024-01-21 07:00:00,1015.0,422.45404
2024-01-21 08:00:00,1252.0,712.80994
2024-01-21 09:00:00,1393.0,1233.5552
2024-01-21 10:00:00,1617.0,1630.9866
2024-01-21 11:00:00,1690.0,1686.6423
2024-01-21 12:00:00,1532.0,1681.9749
2024-01-21 13:00:00,1493.0,1626.677
2024-01-21 14:00:00,1297.0,1578.7822
2024-01-21 15:00:00,1290.0,1502.7599
2024-01-21 16:00:00,1394.0,1448.4697
2024-01-21 17:00:00,1444.0,1471.741
2024-01-21 18:00:00,1289.0,1255.1335
2024-01-21 19:00:00,1031.0,1020.28564
2024-01-21 20:00:00,953.0,884.45593
2024-01-21 21:00:00,665.0,809.7123
2024-01-21 22:00:00,431.0,699.0686
2024-01-21 23:00:00,253.0,594.28503
2024-01-22 00:00:00,111.0,235.9237
2024-01-22 01:00:00,76.0,118.77063
2024-01-22 02:00:00,42.0,92.73157
2024-01-22 03:00:00,47.0,96.31262
2024-01-22 04:00:00,111.0,158.77124
2024-01-22 05:00:00,403.0,334.7036
2024-01-22 06:00:00,1329.0,1190.4672
2024-01-22 07:00:00,1885.0,1674.2668
2024-01-22 08:00:00,1801.0,1633.9343
2024-01-22 09:00:00,1341.0,1513.1924
2024-01-22 10:00:00,1220.0,1435.3347
2024-01-22 11:00:00,1234.0,1394.0577
2024-01-22 12:00:00,1283.0,1372.3572
2024-01-22 13:00:00,1336.0,1370.9882
2024-01-22 14:00:00,1447.0,1426.8734
2024-01-22 15:00:00,1611.0,1769.9359
2024-01-22 16:00:00,2400.0,2336.636
2024-01-22 17:00:00,2502.0,2423.5752
2024-01-22 18:00:00,2004.0,1995.9397
2024-01-22 19:00:00,1066.0,1070.2322
2024-01-22 20:00:00,698.0,802.17834
2024-01-22 21:00:00,562.0,689.5029
2024-01-22 22:00:00,416.0,584.6268
2024-01-22 23:00:00,246.0,417.76324
2024-01-23 00:00:00,116.0,224.51129
2024-01-23 01:00:00,81.0,124.99115
2024-01-23 02:00:00,33.0,82.50659
2024-01-23 03:00:00,54.0,98.52637
2024-01-23 04:00:00,101.0,132.05652
2024-01-23 05:00:00,374.0,307.5667
2024-01-23 06:00:00,1351.0,1164.2139
2024-01-23 07:00:00,1813.0,1718.2603
2024-01-23 08:00:00,1736.0,1611.0134
2024-01-23 09:00:00,1374.0,1492.3317
2024-01-23 10:00:00,1237.0,1393.3209
2024-01-23 11:00:00,1218.0,1382.9856
2024-01-23 12:00:00,1328.0,1397.6029
2024-01-23 13:00:00,1379.0,1381.6519
2024-01-23 14:00:00,1546.0,1414.3687
2024-01-23 15:00:00,1950.0,1787.5713
2024-01-23 16:00:00,2595.0,2452.9475
2024-01-23 17:00:00,2714.0,2531.9219
2024-01-23 18:00:00,2219.0,2063.5586
2024-01-23 19:00:00,1241.0,1183.1262
2024-01-23 20:00:00,821.0,874.8458
2024-01-23 21:00:00,603.0,736.5454
2024-01-23 22:00:00,640.0,625.6464
2024-01-23 23:00:00,358.0,433.2603
2024-01-24 00:00:00,113.0,248.75934
2024-01-24 01:00:00,60.0,135.03284
2024-01-24 02:00:00,43.0,106.89905
2024-01-24 03:00:00,40.0,100.79822
2024-01-24 04:00:00,84.0,126.050415
2024-01-24 05:00:00,385.0,292.0442
2024-01-24 06:00:00,1282.0,1127.0863
2024-01-24 07:00:00,1878.0,1695.0225
2024-01-24 08:00:00,1750.0,1617.7896
2024-01-24 09:00:00,1368.0,1512.8436
2024-01-24 10:00:00,1294.0,1447.8657
2024-01-24 11:00:00,1354.0,1416.3236
2024-01-24 12:00:00,1473.0,1389.9077
2024-01-24 13:00:00,1637.0,1436.8828
2024-01-24 14:00:00,1671.0,1477.7682
2024-01-24 15:00:00,1832.0,1874.1831
2024-01-24 16:00:00,2725.0,2477.4907
2024-01-24 17:00:00,2809.0,2549.7441
2024-01-24 18:00:00,2239.0,2110.3916
2024-01-24 19:00:00,1321.0,1234.4705
2024-01-24 20:00:00,877.0,898.2407
2024-01-24 21:00:00,726.0,805.2389
2024-01-24 22:00:00,628.0,674.672
2024-01-24 23:00:00,322.0,504.36853
2024-01-25 00:00:00,163.0,329.41492
2024-01-25 01:00:00,79.0,132.40497
2024-01-25 02:00:00,48.0,83.489746
2024-01-25 03:00:00,50.0,92.05652
2024-01-25 04:00:00,91.0,110.9162
2024-01-25 05:00:00,370.0,256.52502
2024-01-25 06:00:00,1322.0,1022.21356
2024-01-25 07:00:00,1842.0,1516.2651
2024-01-25 08:00:00,1790.0,1582.4852
2024-01-25 09:00:00,1477.0,1541.4861
2024-01-25 10:00:00,1489.0,1515.3225
2024-01-25 11:00:00,1380.0,1505.6848
2024-01-25 12:00:00,1425.0,1515.7871
2024-01-25 13:00:00,1483.0,1549.9231
2024-01-25 14:00:00,1765.0,1692.0967
2024-01-25 15:00:00,2092.0,2136.7676
2024-01-25 16:00:00,2829.0,2571.4038
2024-01-25 17:00:00,2859.0,2564.8694
2024-01-25 18:00:00,2446.0,2276.0557
2024-01-25 19:00:00,1617.0,1355.1156
2024-01-25 20:00:00,1069.0,956.4381
2024-01-25 21:00:00,834.0,848.7136
2024-01-25 22:00:00,724.0,744.2042
2024-01-25 23:00:00,474.0,579.0136
2024-01-26 00:00:00,199.0,323.36182
2024-01-26 01:00:00,102.0,147.17023
2024-01-26 02:00:00,62.0,94.71655
2024-01-26 03:00:00,62.0,82.18347
2024-01-26 04:00:00,99.0,98.910034
2024-01-26 05:00:00,353.0,195.65106
2024-01-26 06:00:00,1213.0,935.37897
2024-01-26 07:00:00,2039.0,1585.8784
2024-01-26 08:00:00,1774.0,1598.6405
2024-01-26 09:00:00,1554.0,1603.305
2024-01-26 10:00:00,1733.0,1573.1864
2024-01-26 11:00:00,1797.0,1583.8086
2024-01-26 12:00:00,1906.0,1634.652
2024-01-26 13:00:00,2185.0,1760.321
2024-01-26 14:00:00,2569.0,2032.7223
2024-01-26 15:00:00,2878.0,2415.8303
2024-01-26 16:00:00,2779.0,2619.5483
2024-01-26 17:00:00,2283.0,2585.8909
2024-01-26 18:00:00,2359.0,2309.2576
2024-01-26 19:00:00,2307.0,1528.0999
2024-01-26 20:00:00,1580.0,1047.3131
2024-01-26 21:00:00,1096.0,899.7672
2024-01-26 22:00:00,906.0,780.88947
2024-01-26 23:00:00,779.0,638.7296
2024-01-27 00:00:00,441.0,542.4933
2024-01-27 01:00:00,228.0,379.73938
2024-01-27 02:00:00,160.0,234.59271
2024-01-27 03:00:00,106.0,163.3667
2024-01-27 04:00:00,116.0,152.28375
2024-01-27 05:00:00,199.0,185.67902
2024-01-27 06:00:00,830.0,328.17194
2024-01-27 07:00:00,2100.0,842.8077
2024-01-27 08:00:00,2058.0,1429.5234
2024-01-27 09:00:00,2420.0,1985.4255
2024-01-27 10:00:00,2656.0,2104.4434
2024-01-27 11:00:00,2626.0,2193.6672
2024-01-27 12:00:00,2354.0,2173.5752
2024-01-27 13:00:00,2293.0,2093.9204
2024-01-27 14:00:00,2159.0,1957.8604
2024-01-27 15:00:00,2081.0,1818.2537
2024-01-27 16:00:00,2062.0,1683.7781
2024-01-27 17:00:00,1976.0,1580.8481
2024-01-27 18:00:00,1583.0,1298.9073
2024-01-27 19:00:00,1081.0,1021.0825
2024-01-27 20:00:00,825.0,852.322
2024-01-27 21:00:00,756.0,795.354
2024-01-27 22:00:00,807.0,746.3224
2024-01-27 23:00:00,794.0,672.08044
2024-01-28 00:00:00,567.0,496.09302
2024-01-28 01:00:00,340.0,384.49255
2024-01-28 02:00:00,215.0,242.53772
2024-01-28 03:00:00,168.0,171.92053
2024-01-28 04:00:00,132.0,166.83893
2024-01-28 05:00:00,147.0,192.7398
2024-01-28 06:00:00,395.0,242.4154
2024-01-28 07:00:00,1121.0,428.49622
2024-01-28 08:00:00,1293.0,696.36865
2024-01-28 09:00:00,1489.0,1340.6301
2024-01-28 10:00:00,1803.0,1853.0686
2024-01-28 11:00:00,1927.0,1830.1665
2024-01-28 12:00:00,1734.0,1806.8975
2024-01-28 13:00:00,1657.0,1711.2554
2024-01-28 14:00:00,1599.0,1579.2996
2024-01-28 15:00:00,1588.0,1498.4637
2024-01-28 16:00:00,1561.0,1460.8015
2024-01-28 17:00:00,1530.0,1470.2457
2024-01-28 18:00:00,1353.0,1254.6534
2024-01-28 19:00:00,1183.0,1037.481
2024-01-28 20:00:00,915.0,888.4362
2024-01-28 21:00:00,697.0,809.5103
2024-01-28 22:00:00,420.0,695.3131
2024-01-28 23:00:00,253.0,589.89325
2024-01-29 00:00:00,109.0,236.47687
2024-01-29 01:00:00,62.0,117.695984
2024-01-29 02:00:00,38.0,92.46448
2024-01-29 03:00:00,44.0,97.3208
2024-01-29 04:00:00,106.0,158.10394
2024-01-29 05:00:00,396.0,335.99548
2024-01-29 06:00:00,1363.0,1196.1505
2024-01-29 07:00:00,1916.0,1675.0059
2024-01-29 08:00:00,1881.0,1632.8304
2024-01-29 09:00:00,1523.0,1513.981
2024-01-29 10:00:00,1387.0,1434.3811
2024-01-29 11:00:00,1419.0,1392.1094
2024-01-29 12:00:00,1308.0,1397.1149
2024-01-29 13:00:00,1320.0,1410.135
2024-01-29 14:00:00,1423.0,1463.0715
2024-01-29 15:00:00,1677.0,1824.3774
2024-01-29 16:00:00,2390.0,2396.3818
2024-01-29 17:00:00,2610.0,2498.8286
2024-01-29 18:00:00,1910.0,1981.4404
2024-01-29 19:00:00,1146.0,1132.7207
2024-01-29 20:00:00,748.0,800.81995
2024-01-29 21:00:00,643.0,692.81665
2024-01-29 22:00:00,428.0,587.1003
2024-01-29 23:00:00,262.0,421.23962
2024-01-30 00:00:00,107.0,224.78546
2024-01-30 01:00:00,63.0,124.808716
2024-01-30 02:00:00,41.0,96.74109
2024-01-30 03:00:00,60.0,101.35187
2024-01-30 04:00:00,86.0,133.72888
2024-01-30 05:00:00,387.0,308.57715
2024-01-30 06:00:00,1309.0,1161.6466
2024-01-30 07:00:00,1876.0,1713.7363
2024-01-30 08:00:00,1860.0,1609.3718
2024-01-30 09:00:00,1478.0,1552.8472
2024-01-30 10:00:00,1347.0,1463.174
2024-01-30 11:00:00,1257.0,1418.9641
2024-01-30 12:00:00,1271.0,1397.0784
2024-01-30 13:00:00,1344.0,1396.6158
2024-01-30 14:00:00,1500.0,1439.738
2024-01-30 15:00:00,1736.0,1824.903
2024-01-30 16:00:00,2619.0,2455.0652
2024-01-30 17:00:00,2720.0,2532.7432
2024-01-30 18:00:00,2202.0,2065.415
2024-01-30 19:00:00,1198.0,1207.1306
2024-01-30 20:00:00,851.0,873.9645
2024-01-30 21:00:00,632.0,737.6366
2024-01-30 22:00:00,633.0,626.7369
2024-01-30 23:00:00,331.0,433.5379
2024-01-31 00:00:00,140.0,250.23236
2024-01-31 01:00:00,77.0,135.14514
2024-01-31 02:00:00,44.0,106.17084
2024-01-31 03:00:00,54.0,100.50079
2024-01-31 04:00:00,88.0,127.77765
2024-01-31 05:00:00,336.0,292.73016
2024-01-31 06:00:00,1332.0,1131.6278
2024-01-31 07:00:00,1891.0,1697.1293
2024-01-31 08:00:00,1841.0,1623.7152
2024-01-31 09:00:00,1445.0,1521.8918
2024-01-31 10:00:00,1323.0,1454.695
2024-01-31 11:00:00,1514.0,1447.7516
2024-01-31 12:00:00,1453.0,1422.4673
2024-01-31 13:00:00,1564.0,1457.409
2024-01-31 14:00:00,1532.0,1507.1537
2024-01-31 15:00:00,1937.0,1900.9963
2024-01-31 16:00:00,2627.0,2507.2524
2024-01-31 17:00:00,2839.0,2558.8135
2024-01-31 18:00:00,2302.0,2156.2158
2024-01-31 19:00:00,1383.0,1248.8838
2024-01-31 20:00:00,918.0,893.48834
2024-01-31 21:00:00,700.0,792.7367
2024-01-31 22:00:00,599.0,690.57275
2024-01-31 23:00:00,357.0,483.5605
2024-02-01 00:00:00,141.0,323.13483
2024-02-01 01:00:00,75.0,144.22693
2024-02-01 02:00:00,49.0,109.24567
2024-02-01 03:00:00,52.0,97.156006
2024-02-01 04:00:00,106.0,111.65906
2024-02-01 05:00:00,367.0,264.68127
2024-02-01 06:00:00,1250.0,1106.5934
2024-02-01 07:00:00,1845.0,1653.779
2024-02-01 08:00:00,1739.0,1614.8783
2024-02-01 09:00:00,1401.0,1532.9453
2024-02-01 10:00:00,1412.0,1511.8169
2024-02-01 11:00:00,1372.0,1498.0187
2024-02-01 12:00:00,1460.0,1504.5006
2024-02-01 13:00:00,1585.0,1545.0728
2024-02-01 14:00:00,1605.0,1697.985
2024-02-01 15:00:00,2046.0,2148.0364
2024-02-01 16:00:00,2815.0,2596.4365
2024-02-01 17:00:00,2929.0,2593.5195
2024-02-01 18:00:00,2407.0,2299.267
2024-02-01 19:00:00,1588.0,1433.1969
2024-02-01 20:00:00,1104.0,979.699
2024-02-01 21:00:00,795.0,836.2727
2024-02-01 22:00:00,622.0,759.3797
2024-02-01 23:00:00,427.0,612.386
2024-02-02 00:00:00,178.0,351.87408
2024-02-02 01:00:00,101.0,164.49982
2024-02-02 02:00:00,55.0,97.34656
2024-02-02 03:00:00,84.0,83.048096
2024-02-02 04:00:00,100.0,100.91516
2024-02-02 05:00:00,337.0,215.25897
2024-02-02 06:00:00,1151.0,987.023
2024-02-02 07:00:00,1855.0,1607.8289
2024-02-02 08:00:00,1913.0,1602.5188
2024-02-02 09:00:00,1580.0,1572.9656
2024-02-02 10:00:00,1748.0,1574.1467
2024-02-02 11:00:00,1732.0,1588.074
2024-02-02 12:00:00,1846.0,1644.6973
2024-02-02 13:00:00,2233.0,1774.397
2024-02-02 14:00:00,2442.0,2084.4722
2024-02-02 15:00:00,2949.0,2498.3232
2024-02-02 16:00:00,3101.0,2661.978
2024-02-02 17:00:00,2502.0,2630.6255
2024-02-02 18:00:00,2640.0,2422.7722
2024-02-02 19:00:00,2112.0,1760.1245
2024-02-02 20:00:00,1498.0,1125.3041
2024-02-02 21:00:00,973.0,927.1772
2024-02-02 22:00:00,840.0,798.96155
2024-02-02 23:00:00,802.0,668.7291
2024-02-03 00:00:00,423.0,555.3031
2024-02-03 01:00:00,231.0,387.19543
2024-02-03 02:00:00,140.0,240.73022
2024-02-03 03:00:00,101.0,163.58228
2024-02-03 04:00:00,128.0,153.35596
2024-02-03 05:00:00,276.0,192.29193
2024-02-03 06:00:00,1046.0,347.54114
2024-02-03 07:00:00,2143.0,902.75964
2024-02-03 08:00:00,2366.0,1692.2952
2024-02-03 09:00:00,2671.0,2094.8289
2024-02-03 10:00:00,2162.0,2175.1924
2024-02-03 11:00:00,3126.0,2208.2603
2024-02-03 12:00:00,2660.0,2187.044
2024-02-03 13:00:00,2609.0,2113.4033
2024-02-03 14:00:00,2490.0,1982.4373
2024-02-03 15:00:00,2197.0,1846.5889
2024-02-03 16:00:00,2158.0,1728.4968
2024-02-03 17:00:00,1994.0,1609.9727
2024-02-03 18:00:00,1628.0,1336.1317
2024-02-03 19:00:00,1065.0,1044.7166
2024-02-03 20:00:00,858.0,856.5303
2024-02-03 21:00:00,798.0,796.453
2024-02-03 22:00:00,727.0,746.2893
2024-02-03 23:00:00,765.0,675.7995
2024-02-04 00:00:00,536.0,494.3902
2024-02-04 01:00:00,298.0,387.94043
2024-02-04 02:00:00,208.0,246.53973
2024-02-04 03:00:00,147.0,171.22095
2024-02-04 04:00:00,126.0,169.5166
2024-02-04 05:00:00,138.0,196.06525
2024-02-04 06:00:00,383.0,246.75061
2024-02-04 07:00:00,1036.0,444.07495
2024-02-04 08:00:00,1178.0,744.63635
2024-02-04 09:00:00,1504.0,1260.5159
2024-02-04 10:00:00,1956.0,1681.5226
2024-02-04 11:00:00,2271.0,1732.1031
2024-02-04 12:00:00,1967.0,1728.4835
2024-02-04 13:00:00,1933.0,1745.0693
2024-02-04 14:00:00,1636.0,1593.493
2024-02-04 15:00:00,1451.0,1494.5183
2024-02-04 16:00:00,1581.0,1478.4034
2024-02-04 17:00:00,1513.0,1496.731
2024-02-04 18:00:00,1234.0,1274.654
2024-02-04 19:00:00,1098.0,1061.212
2024-02-04 20:00:00,836.0,887.5138
2024-02-04 21:00:00,641.0,806.3043
2024-02-04 22:00:00,460.0,695.67413
2024-02-04 23:00:00,280.0,588.91
2024-02-05 00:00:00,96.0,254.85413
2024-02-05 01:00:00,63.0,123.177124
2024-02-05 02:00:00,41.0,99.006226
2024-02-05 03:00:00,45.0,102.6676
2024-02-05 04:00:00,96.0,159.19556
2024-02-05 05:00:00,409.0,342.7027
2024-02-05 06:00:00,1434.0,1253.6008
2024-02-05 07:00:00,1959.0,1687.4037
2024-02-05 08:00:00,1879.0,1631.2795
2024-02-05 09:00:00,1584.0,1510.113
2024-02-05 10:00:00,1490.0,1431.8857
2024-02-05 11:00:00,1402.0,1391.7781
2024-02-05 12:00:00,1300.0,1376.9169
2024-02-05 13:00:00,1344.0,1380.4705
2024-02-05 14:00:00,1354.0,1443.8479
2024-02-05 15:00:00,1677.0,1881.1096
2024-02-05 16:00:00,2462.0,2453.471
2024-02-05 17:00:00,2669.0,2521.3535
2024-02-05 18:00:00,1955.0,2037.6141
2024-02-05 19:00:00,1082.0,1198.5454
2024-02-05 20:00:00,722.0,821.9028
2024-02-05 21:00:00,596.0,707.89124
2024-02-05 22:00:00,425.0,605.4908
2024-02-05 23:00:00,277.0,439.92285
2024-02-06 00:00:00,102.0,243.90594
2024-02-06 01:00:00,63.0,130.63354
2024-02-06 02:00:00,40.0,103.33441
2024-02-06 03:00:00,49.0,107.45398
2024-02-06 04:00:00,100.0,141.02563
2024-02-06 05:00:00,398.0,313.6551
2024-02-06 06:00:00,1309.0,1230.7432
2024-02-06 07:00:00,1973.0,1718.9833
2024-02-06 08:00:00,1913.0,1609.03
2024-02-06 09:00:00,1525.0,1570.0352
2024-02-06 10:00:00,1328.0,1472.6865
2024-02-06 11:00:00,1341.0,1423.6537
2024-02-06 12:00:00,1330.0,1406.1796
2024-02-06 13:00:00,1369.0,1402.342
2024-02-06 14:00:00,1543.0,1459.7178
2024-02-06 15:00:00,1749.0,1856.5623
2024-02-06 16:00:00,2660.0,2464.982
2024-02-06 17:00:00,2785.0,2554.5486
2024-02-06 18:00:00,2237.0,2117.144
2024-02-06 19:00:00,1337.0,1256.8119
2024-02-06 20:00:00,870.0,885.80225
2024-02-06 21:00:00,690.0,749.37756
2024-02-06 22:00:00,549.0,639.4411
2024-02-06 23:00:00,278.0,451.69434
2024-02-07 00:00:00,137.0,273.20416
2024-02-07 01:00:00,74.0,142.20264
2024-02-07 02:00:00,44.0,110.14209
2024-02-07 03:00:00,47.0,105.75726
2024-02-07 04:00:00,102.0,136.68677
2024-02-07 05:00:00,363.0,298.43854
2024-02-07 06:00:00,1302.0,1197.1884
2024-02-07 07:00:00,1950.0,1703.2148
2024-02-07 08:00:00,1870.0,1610.5334
2024-02-07 09:00:00,1467.0,1507.3848
2024-02-07 10:00:00,1441.0,1461.0773
2024-02-07 11:00:00,1526.0,1445.479
2024-02-07 12:00:00,1426.0,1426.8439
2024-02-07 13:00:00,1524.0,1443.0552
2024-02-07 14:00:00,1676.0,1483.4883
2024-02-07 15:00:00,1903.0,1915.0703
2024-02-07 16:00:00,2607.0,2513.6929
2024-02-07 17:00:00,2807.0,2573.4783
2024-02-07 18:00:00,2299.0,2205.024
2024-02-07 19:00:00,1285.0,1327.0144
2024-02-07 20:00:00,933.0,896.18195
2024-02-07 21:00:00,692.0,776.6209
2024-02-07 22:00:00,570.0,698.3727
2024-02-07 23:00:00,359.0,544.49695
2024-02-08 00:00:00,164.0,307.59552
2024-02-08 01:00:00,60.0,148.5473
2024-02-08 02:00:00,44.0,88.7323
2024-02-08 03:00:00,50.0,86.52112
2024-02-08 04:00:00,99.0,117.91724
2024-02-08 05:00:00,385.0,263.82745
2024-02-08 06:00:00,1291.0,1111.2031
2024-02-08 07:00:00,1862.0,1654.0615
2024-02-08 08:00:00,1740.0,1614.6624
2024-02-08 09:00:00,1461.0,1551.2412
2024-02-08 10:00:00,1481.0,1512.4371
2024-02-08 11:00:00,1471.0,1510.2427
2024-02-08 12:00:00,1429.0,1519.8469
2024-02-08 13:00:00,1587.0,1553.7721
2024-02-08 14:00:00,1688.0,1722.29
2024-02-08 15:00:00,2027.0,2191.6257
2024-02-08 16:00:00,2590.0,2592.7354
2024-02-08 17:00:00,2906.0,2586.349
2024-02-08 18:00:00,2347.0,2341.6748
2024-02-08 19:00:00,1397.0,1440.2628
2024-02-08 20:00:00,970.0,978.97485
2024-02-08 21:00:00,776.0,864.2905
2024-02-08 22:00:00,648.0,761.6659
2024-02-08 23:00:00,469.0,613.4852
2024-02-09 00:00:00,202.0,353.05054
2024-02-09 01:00:00,92.0,165.78656
2024-02-09 02:00:00,65.0,98.60486
2024-02-09 03:00:00,62.0,88.07666
2024-02-09 04:00:00,97.0,106.80017
2024-02-09 05:00:00,337.0,213.11316
2024-02-09 06:00:00,1189.0,1019.80164
2024-02-09 07:00:00,1654.0,1608.7646
2024-02-09 08:00:00,1642.0,1600.2491
2024-02-09 09:00:00,1500.0,1574.4432
2024-02-09 10:00:00,1677.0,1575.2144
2024-02-09 11:00:00,1780.0,1588.5396
2024-02-09 12:00:00,1989.0,1647.5347
2024-02-09 13:00:00,2136.0,1779.0164
2024-02-09 14:00:00,2268.0,2090.912
2024-02-09 15:00:00,2648.0,2498.309
2024-02-09 16:00:00,3244.0,2658.7034
2024-02-09 17:00:00,2739.0,2626.2275
2024-02-09 18:00:00,2434.0,2416.6548
2024-02-09 19:00:00,1917.0,1763.5393
2024-02-09 20:00:00,1457.0,1127.144
2024-02-09 21:00:00,969.0,926.68945
2024-02-09 22:00:00,786.0,799.30725
2024-02-09 23:00:00,680.0,667.5166
2024-02-10 00:00:00,378.0,550.91736
2024-02-10 01:00:00,215.0,384.87598
2024-02-10 02:00:00,146.0,240.93195
2024-02-10 03:00:00,127.0,164.05414
2024-02-10 04:00:00,139.0,155.44897
2024-02-10 05:00:00,274.0,192.53827
2024-02-10 06:00:00,703.0,352.44446
2024-02-10 07:00:00,1396.0,924.174
2024-02-10 08:00:00,1770.0,1503.759
2024-02-10 09:00:00,2213.0,1983.108
2024-02-10 10:00:00,2835.0,2117.2515
2024-02-10 11:00:00,3186.0,2143.4175
2024-02-10 12:00:00,3043.0,2147.4106
2024-02-10 13:00:00,2851.0,2044.6414
2024-02-10 14:00:00,2639.0,1920.5312
2024-02-10 15:00:00,2142.0,1796.6392
2024-02-10 16:00:00,2500.0,1712.4336
2024-02-10 17:00:00,1923.0,1611.8347
2024-02-10 18:00:00,1545.0,1338.1969
2024-02-10 19:00:00,977.0,1052.2555
2024-02-10 20:00:00,828.0,860.9294
2024-02-10 21:00:00,750.0,797.1228
2024-02-10 22:00:00,730.0,743.43945
2024-02-10 23:00:00,735.0,669.0403
2024-02-11 00:00:00,503.0,478.11047
2024-02-11 01:00:00,291.0,389.20703
2024-02-11 02:00:00,196.0,254.84692
2024-02-11 03:00:00,143.0,187.05554
2024-02-11 04:00:00,122.0,160.8122
2024-02-11 05:00:00,124.0,189.16339
2024-02-11 06:00:00,207.0,245.96558
2024-02-11 07:00:00,405.0,451.94165
2024-02-11 08:00:00,697.0,742.43506
2024-02-11 09:00:00,1207.0,1244.4264
2024-02-11 10:00:00,1646.0,1681.8235
2024-02-11 11:00:00,1962.0,1739.51
2024-02-11 12:00:00,2078.0,1726.041
2024-02-11 13:00:00,1999.0,1643.4331
2024-02-11 14:00:00,1803.0,1554.9858
2024-02-11 15:00:00,1629.0,1493.3076
2024-02-11 16:00:00,1613.0,1472.4373
2024-02-11 17:00:00,1734.0,1496.3873
2024-02-11 18:00:00,1290.0,1276.2842
2024-02-11 19:00:00,1010.0,1072.2213
2024-02-11 20:00:00,841.0,888.0199
2024-02-11 21:00:00,606.0,805.83435
2024-02-11 22:00:00,448.0,689.5525
2024-02-11 23:00:00,288.0,580.9178
2024-02-12 00:00:00,105.0,254.30273
2024-02-12 01:00:00,62.0,124.69568
2024-02-12 02:00:00,47.0,98.30908
2024-02-12 03:00:00,48.0,103.974304
2024-02-12 04:00:00,121.0,154.78772
2024-02-12 05:00:00,411.0,331.42944
2024-02-12 06:00:00,1319.0,1254.7339
2024-02-12 07:00:00,1777.0,1611.5388
2024-02-12 08:00:00,1672.0,1579.9409
2024-02-12 09:00:00,1375.0,1514.1398
2024-02-12 10:00:00,1459.0,1452.2502
2024-02-12 11:00:00,1497.0,1400.9503
2024-02-12 12:00:00,1404.0,1374.7172
2024-02-12 13:00:00,1484.0,1378.2212
2024-02-12 14:00:00,1559.0,1444.5502
2024-02-12 15:00:00,1788.0,1863.0869
2024-02-12 16:00:00,2403.0,2459.5874
2024-02-12 17:00:00,2627.0,2513.4592
2024-02-12 18:00:00,1962.0,2025.4856
2024-02-12 19:00:00,1121.0,1176.7635
2024-02-12 20:00:00,740.0,825.9168
2024-02-12 21:00:00,589.0,702.05566
2024-02-12 22:00:00,463.0,603.7034
2024-02-12 23:00:00,226.0,440.72314
2024-02-13 00:00:00,134.0,247.05432
2024-02-13 01:00:00,64.0,131.74005
2024-02-13 02:00:00,51.0,103.82349
2024-02-13 03:00:00,41.0,106.37219
2024-02-13 04:00:00,101.0,138.91125
2024-02-13 05:00:00,396.0,313.88098
2024-02-13 06:00:00,1325.0,1241.8167
2024-02-13 07:00:00,1870.0,1720.3552
2024-02-13 08:00:00,1920.0,1682.9568
2024-02-13 09:00:00,1546.0,1576.6935
2024-02-13 10:00:00,1470.0,1474.299
2024-02-13 11:00:00,1414.0,1424.3672
2024-02-13 12:00:00,1371.0,1405.7869
2024-02-13 13:00:00,1504.0,1399.7966
2024-02-13 14:00:00,1496.0,1451.0988
2024-02-13 15:00:00,1828.0,1844.744
2024-02-13 16:00:00,2615.0,2419.5166
2024-02-13 17:00:00,2848.0,2547.9165
2024-02-13 18:00:00,2126.0,2115.4841
2024-02-13 19:00:00,1291.0,1250.6921
2024-02-13 20:00:00,822.0,887.78674
2024-02-13 21:00:00,588.0,751.04767
2024-02-13 22:00:00,519.0,640.6521
2024-02-13 23:00:00,347.0,454.60266
2024-02-14 00:00:00,148.0,275.6101
2024-02-14 01:00:00,92.0,141.98425
2024-02-14 02:00:00,54.0,111.77484
2024-02-14 03:00:00,53.0,106.65338
2024-02-14 04:00:00,97.0,134.71008
2024-02-14 05:00:00,375.0,299.6355
2024-02-14 06:00:00,1356.0,1204.4608
2024-02-14 07:00:00,1890.0,1703.1655
2024-02-14 08:00:00,1862.0,1612.906
2024-02-14 09:00:00,1580.0,1514.6736
2024-02-14 10:00:00,1610.0,1490.7239
2024-02-14 11:00:00,1587.0,1444.2004
2024-02-14 12:00:00,1713.0,1448.2809
2024-02-14 13:00:00,1624.0,1462.7412
2024-02-14 14:00:00,1816.0,1501.8447
2024-02-14 15:00:00,1888.0,1914.1726
2024-02-14 16:00:00,2790.0,2508.8174
2024-02-14 17:00:00,2887.0,2570.899
2024-02-14 18:00:00,2338.0,2204.4336
2024-02-14 19:00:00,1389.0,1297.9047
2024-02-14 20:00:00,878.0,915.86096
2024-02-14 21:00:00,701.0,814.6922
2024-02-14 22:00:00,616.0,707.3656
2024-02-14 23:00:00,384.0,518.70734
2024-02-15 00:00:00,151.0,327.30786
2024-02-15 01:00:00,88.0,149.4898
2024-02-15 02:00:00,40.0,110.273865
2024-02-15 03:00:00,54.0,98.09155
2024-02-15 04:00:00,96.0,112.963196
2024-02-15 05:00:00,381.0,265.14465
2024-02-15 06:00:00,1411.0,1121.7186
2024-02-15 07:00:00,2106.0,1655.2188
2024-02-15 08:00:00,1948.0,1679.1941
2024-02-15 09:00:00,1642.0,1545.5714
2024-02-15 10:00:00,1733.0,1555.3916
2024-02-15 11:00:00,1576.0,1544.596
2024-02-15 12:00:00,1546.0,1541.6075
2024-02-15 13:00:00,1624.0,1565.8647
2024-02-15 14:00:00,1721.0,1707.244
2024-02-15 15:00:00,1980.0,2181.3428
2024-02-15 16:00:00,2797.0,2586.934
2024-02-15 17:00:00,2872.0,2584.3335
2024-02-15 18:00:00,2426.0,2331.6362
2024-02-15 19:00:00,1502.0,1431.0037
2024-02-15 20:00:00,989.0,981.562
2024-02-15 21:00:00,785.0,865.6824
2024-02-15 22:00:00,638.0,763.5684
2024-02-15 23:00:00,532.0,616.3968
2024-02-16 00:00:00,230.0,355.28186
2024-02-16 01:00:00,68.0,167.38055
2024-02-16 02:00:00,49.0,99.09839
2024-02-16 03:00:00,58.0,86.69409
2024-02-16 04:00:00,107.0,104.91046
2024-02-16 05:00:00,338.0,215.32996
2024-02-16 06:00:00,1264.0,1033.4297
2024-02-16 07:00:00,1911.0,1610.0034
2024-02-16 08:00:00,1767.0,1600.5198
2024-02-16 09:00:00,1647.0,1576.3477
2024-02-16 10:00:00,1773.0,1579.4983
2024-02-16 11:00:00,1828.0,1590.2395
2024-02-16 12:00:00,1948.0,1653.4036
2024-02-16 13:00:00,2135.0,1775.5042
2024-02-16 14:00:00,2270.0,2049.7715
2024-02-16 15:00:00,2755.0,2450.724
2024-02-16 16:00:00,3252.0,2640.0874
2024-02-16 17:00:00,2978.0,2613.3193
2024-02-16 18:00:00,2508.0,2399.5408
2024-02-16 19:00:00,1726.0,1764.9186
2024-02-16 20:00:00,1257.0,1126.9465
2024-02-16 21:00:00,857.0,926.8545
2024-02-16 22:00:00,703.0,799.50854
2024-02-16 23:00:00,616.0,667.34326
2024-02-17 00:00:00,350.0,544.4047
2024-02-17 01:00:00,217.0,381.06403
2024-02-17 02:00:00,139.0,240.71783
2024-02-17 03:00:00,97.0,166.34106
2024-02-17 04:00:00,101.0,161.66254
2024-02-17 05:00:00,209.0,195.71387
2024-02-17 06:00:00,671.0,363.30048
2024-02-17 07:00:00,1341.0,941.126
2024-02-17 08:00:00,1822.0,1478.8407
2024-02-17 09:00:00,2286.0,1966.568
2024-02-17 10:00:00,2734.0,2107.5698
2024-02-17 11:00:00,2850.0,2139.3328
2024-02-17 12:00:00,2984.0,2114.409
2024-02-17 13:00:00,2721.0,2046.5905
2024-02-17 14:00:00,2631.0,1922.6719
2024-02-17 15:00:00,2198.0,1797.9136
2024-02-17 16:00:00,2191.0,1713.808
2024-02-17 17:00:00,1901.0,1612.624
2024-02-17 18:00:00,1460.0,1344.3359
2024-02-17 19:00:00,955.0,1054.5349
2024-02-17 20:00:00,760.0,861.0668
2024-02-17 21:00:00,678.0,797.0622
2024-02-17 22:00:00,731.0,743.61237
2024-02-17 23:00:00,792.0,669.43677
2024-02-18 00:00:00,506.0,483.86023
2024-02-18 01:00:00,335.0,386.04767
2024-02-18 02:00:00,203.0,251.81769
2024-02-18 03:00:00,147.0,180.3493
2024-02-18 04:00:00,133.0,175.94025
2024-02-18 05:00:00,121.0,196.69617
2024-02-18 06:00:00,324.0,256.56866
2024-02-18 07:00:00,859.0,462.3145
2024-02-18 08:00:00,966.0,739.141
2024-02-18 09:00:00,1337.0,1234.7911
2024-02-18 10:00:00,1775.0,1680.5408
2024-02-18 11:00:00,1888.0,1742.97
2024-02-18 12:00:00,1904.0,1730.9507
2024-02-18 13:00:00,1817.0,1645.6453
2024-02-18 14:00:00,1648.0,1552.3694
2024-02-18 15:00:00,1558.0,1496.1443
2024-02-18 16:00:00,1641.0,1480.6921
2024-02-18 17:00:00,1598.0,1496.3862
2024-02-18 18:00:00,1342.0,1278.7513
2024-02-18 19:00:00,1010.0,1082.3768
2024-02-18 20:00:00,827.0,888.0379
2024-02-18 21:00:00,715.0,804.65936
2024-02-18 22:00:00,418.0,691.2969
2024-02-18 23:00:00,294.0,588.44055
2024-02-19 00:00:00,137.0,280.7859
2024-02-19 01:00:00,63.0,126.6499
2024-02-19 02:00:00,40.0,91.4447
2024-02-19 03:00:00,49.0,104.63904
2024-02-19 04:00:00,108.0,157.5008
2024-02-19 05:00:00,382.0,331.63953
2024-02-19 06:00:00,1368.0,1260.0433
2024-02-19 07:00:00,1809.0,1611.4669
2024-02-19 08:00:00,1731.0,1633.0957
2024-02-19 09:00:00,1461.0,1517.949
2024-02-19 10:00:00,1384.0,1432.7731
2024-02-19 11:00:00,1415.0,1391.5469
2024-02-19 12:00:00,1380.0,1362.0347
2024-02-19 13:00:00,1422.0,1385.395
2024-02-19 14:00:00,1490.0,1452.4286
2024-02-19 15:00:00,1717.0,1841.0745
2024-02-19 16:00:00,2424.0,2421.3174
2024-02-19 17:00:00,2592.0,2506.1611
2024-02-19 18:00:00,1874.0,2031.4829
2024-02-19 19:00:00,1086.0,1171.9553
2024-02-19 20:00:00,685.0,829.13153
2024-02-19 21:00:00,594.0,701.0947
2024-02-19 22:00:00,394.0,598.10205
2024-02-19 23:00:00,243.0,455.67084
2024-02-20 00:00:00,114.0,246.8479
2024-02-20 01:00:00,55.0,133.20587
2024-02-20 02:00:00,47.0,92.83862
2024-02-20 03:00:00,43.0,106.80737
2024-02-20 04:00:00,83.0,136.3573
2024-02-20 05:00:00,393.0,314.9084
2024-02-20 06:00:00,1271.0,1243.3375
2024-02-20 07:00:00,1800.0,1618.5956
2024-02-20 08:00:00,1766.0,1570.4111
2024-02-20 09:00:00,1429.0,1491.8698
2024-02-20 10:00:00,1323.0,1403.6951
2024-02-20 11:00:00,1407.0,1384.1371
2024-02-20 12:00:00,1372.0,1400.5079
2024-02-20 13:00:00,1384.0,1384.8558
2024-02-20 14:00:00,1476.0,1427.3091
2024-02-20 15:00:00,1747.0,1821.5251
2024-02-20 16:00:00,2600.0,2489.2568
2024-02-20 17:00:00,2688.0,2549.2969
2024-02-20 18:00:00,2142.0,2115.3557
2024-02-20 19:00:00,1207.0,1244.1626
2024-02-20 20:00:00,811.0,889.8014
2024-02-20 21:00:00,638.0,753.1915
2024-02-20 22:00:00,506.0,641.6605
2024-02-20 23:00:00,317.0,456.64587
2024-02-21 00:00:00,138.0,277.04498
2024-02-21 01:00:00,72.0,142.85626
2024-02-21 02:00:00,45.0,111.22516
2024-02-21 03:00:00,51.0,106.99042
2024-02-21 04:00:00,88.0,136.33618
2024-02-21 05:00:00,371.0,300.0617
2024-02-21 06:00:00,1390.0,1206.9905
2024-02-21 07:00:00,1973.0,1704.2089
2024-02-21 08:00:00,1955.0,1681.7302
2024-02-21 09:00:00,1580.0,1574.3296
2024-02-21 10:00:00,1516.0,1504.1451
2024-02-21 11:00:00,1454.0,1461.6239
2024-02-21 12:00:00,1431.0,1448.0322
2024-02-21 13:00:00,1552.0,1460.2142
2024-02-21 14:00:00,1565.0,1484.8005
2024-02-21 15:00:00,1913.0,1929.1055
2024-02-21 16:00:00,2703.0,2519.2637
2024-02-21 17:00:00,2823.0,2573.3335
2024-02-21 18:00:00,2299.0,2208.6743
2024-02-21 19:00:00,1299.0,1303.808
2024-02-21 20:00:00,858.0,917.94507
2024-02-21 21:00:00,646.0,814.59705
2024-02-21 22:00:00,575.0,708.7568
2024-02-21 23:00:00,295.0,521.8857
2024-02-22 00:00:00,138.0,329.42828
2024-02-22 01:00:00,78.0,152.73077
2024-02-22 02:00:00,43.0,110.61212
2024-02-22 03:00:00,46.0,98.741455
2024-02-22 04:00:00,90.0,116.09552
2024-02-22 05:00:00,371.0,290.64722
2024-02-22 06:00:00,1250.0,1117.3943
2024-02-22 07:00:00,1763.0,1531.324
2024-02-22 08:00:00,1741.0,1584.0488
2024-02-22 09:00:00,1563.0,1541.1831
2024-02-22 10:00:00,1542.0,1508.7256
2024-02-22 11:00:00,1593.0,1497.185
2024-02-22 12:00:00,1443.0,1504.168
2024-02-22 13:00:00,1604.0,1550.8984
2024-02-22 14:00:00,1736.0,1707.4174
2024-02-22 15:00:00,2070.0,2189.272
2024-02-22 16:00:00,2777.0,2563.7349
2024-02-22 17:00:00,2810.0,2563.7412
2024-02-22 18:00:00,2403.0,2294.6738
2024-02-22 19:00:00,1484.0,1426.5331
2024-02-22 20:00:00,1019.0,1000.554
2024-02-22 21:00:00,730.0,844.307
2024-02-22 22:00:00,567.0,744.92737
2024-02-22 23:00:00,385.0,615.6355
2024-02-23 00:00:00,154.0,361.06854
2024-02-23 01:00:00,86.0,169.28455
2024-02-23 02:00:00,47.0,98.85516
2024-02-23 03:00:00,62.0,84.25696
2024-02-23 04:00:00,107.0,101.946594
2024-02-23 05:00:00,372.0,219.47601
2024-02-23 06:00:00,1186.0,1010.7021
2024-02-23 07:00:00,1724.0,1611.792
2024-02-23 08:00:00,1646.0,1603.6571
2024-02-23 09:00:00,1636.0,1574.157
2024-02-23 10:00:00,1759.0,1575.1593
2024-02-23 11:00:00,1818.0,1590.6685
2024-02-23 12:00:00,1969.0,1647.8912
2024-02-23 13:00:00,2116.0,1778.325
2024-02-23 14:00:00,2272.0,2069.816
2024-02-23 15:00:00,2854.0,2503.254
2024-02-23 16:00:00,3287.0,2671.8955
2024-02-23 17:00:00,2938.0,2639.0537
2024-02-23 18:00:00,2575.0,2435.3887
2024-02-23 19:00:00,1854.0,1796.9946
2024-02-23 20:00:00,1346.0,1141.6744
2024-02-23 21:00:00,921.0,941.00366
2024-02-23 22:00:00,791.0,805.565
2024-02-23 23:00:00,717.0,681.5012
2024-02-24 00:00:00,398.0,562.26636
2024-02-24 01:00:00,245.0,388.97302
2024-02-24 02:00:00,131.0,241.72266
2024-02-24 03:00:00,114.0,162.13544
2024-02-24 04:00:00,111.0,152.00568
2024-02-24 05:00:00,224.0,194.5686
2024-02-24 06:00:00,802.0,353.4015
2024-02-24 07:00:00,1928.0,925.1148
2024-02-24 08:00:00,2087.0,1563.3514
2024-02-24 09:00:00,2182.0,2012.7363
2024-02-24 10:00:00,2628.0,2177.2288
2024-02-24 11:00:00,2530.0,2201.4
2024-02-24 12:00:00,2690.0,2194.0457
2024-02-24 13:00:00,2538.0,2097.1313
2024-02-24 14:00:00,2297.0,1988.3298
2024-02-24 15:00:00,1979.0,1813.3643
2024-02-24 16:00:00,1966.0,1723.4128
2024-02-24 17:00:00,1953.0,1624.188
2024-02-24 18:00:00,1466.0,1351.8435
2024-02-24 19:00:00,1067.0,1048.5333
2024-02-24 20:00:00,832.0,857.54114
2024-02-24 21:00:00,775.0,796.64276
2024-02-24 22:00:00,785.0,746.8148
2024-02-24 23:00:00,810.0,677.6942
2024-02-25 00:00:00,481.0,492.9134
2024-02-25 01:00:00,283.0,387.00012
2024-02-25 02:00:00,209.0,245.72693
2024-02-25 03:00:00,157.0,167.93372
2024-02-25 04:00:00,121.0,168.51459
2024-02-25 05:00:00,156.0,197.07806
2024-02-25 06:00:00,327.0,246.99493
2024-02-25 07:00:00,983.0,456.6062
2024-02-25 08:00:00,1093.0,926.89246
2024-02-25 09:00:00,1462.0,1360.7146
2024-02-25 10:00:00,1853.0,1898.9463
2024-02-25 11:00:00,1943.0,1919.4751
2024-02-25 12:00:00,1770.0,1864.575
2024-02-25 13:00:00,1826.0,1754.2246
2024-02-25 14:00:00,1581.0,1616.2787
2024-02-25 15:00:00,1487.0,1518.0839
2024-02-25 16:00:00,1561.0,1470.691
2024-02-25 17:00:00,1635.0,1484.8639
2024-02-25 18:00:00,1362.0,1277.5388
2024-02-25 19:00:00,1019.0,1070.1277
2024-02-25 20:00:00,849.0,885.1267
2024-02-25 21:00:00,591.0,804.82153
2024-02-25 22:00:00,434.0,691.52826
2024-02-25 23:00:00,296.0,583.3695
2024-02-26 00:00:00,121.0,257.2306
2024-02-26 01:00:00,54.0,126.47113
2024-02-26 02:00:00,41.0,99.89911
2024-02-26 03:00:00,53.0,104.90881
2024-02-26 04:00:00,88.0,156.5285
2024-02-26 05:00:00,431.0,333.34692
2024-02-26 06:00:00,1317.0,1269.3503
2024-02-26 07:00:00,1867.0,1694.9579
2024-02-26 08:00:00,1683.0,1681.533
2024-02-26 09:00:00,1324.0,1580.0168
2024-02-26 10:00:00,1389.0,1433.1324
2024-02-26 11:00:00,1408.0,1392.202
2024-02-26 12:00:00,1339.0,1375.3408
2024-02-26 13:00:00,1322.0,1379.4414
2024-02-26 14:00:00,1455.0,1447.697
2024-02-26 15:00:00,1658.0,1866.0717
2024-02-26 16:00:00,2408.0,2464.289
2024-02-26 17:00:00,2637.0,2511.9263
2024-02-26 18:00:00,1920.0,2033.3593
2024-02-26 19:00:00,1046.0,1186.2747
2024-02-26 20:00:00,729.0,829.8392
2024-02-26 21:00:00,566.0,705.2612
2024-02-26 22:00:00,444.0,606.8534
2024-02-26 23:00:00,246.0,443.97363
2024-02-27 00:00:00,109.0,249.97882
2024-02-27 01:00:00,68.0,132.66504
2024-02-27 02:00:00,30.0,105.20813
2024-02-27 03:00:00,61.0,107.28766
2024-02-27 04:00:00,100.0,139.62335
2024-02-27 05:00:00,367.0,315.55072
2024-02-27 06:00:00,1306.0,1249.8969
2024-02-27 07:00:00,1840.0,1721.9834
2024-02-27 08:00:00,1799.0,1608.3921
2024-02-27 09:00:00,1405.0,1492.2098
2024-02-27 10:00:00,1296.0,1404.567
2024-02-27 11:00:00,1315.0,1382.8936
2024-02-27 12:00:00,1313.0,1382.8413
2024-02-27 13:00:00,1351.0,1385.0411
2024-02-27 14:00:00,1452.0,1430.6794
2024-02-27 15:00:00,1833.0,1834.6927
2024-02-27 16:00:00,2603.0,2498.4663
2024-02-27 17:00:00,2837.0,2552.996
2024-02-27 18:00:00,2174.0,2117.3552
2024-02-27 19:00:00,1310.0,1241.1735
2024-02-27 20:00:00,926.0,892.058
2024-02-27 21:00:00,694.0,756.1562
2024-02-27 22:00:00,549.0,644.85913
2024-02-27 23:00:00,345.0,464.81366
2024-02-28 00:00:00,118.0,281.3733
2024-02-28 01:00:00,80.0,143.05334
2024-02-28 02:00:00,37.0,114.150085
2024-02-28 03:00:00,56.0,108.74127
2024-02-28 04:00:00,107.0,133.15894
2024-02-28 05:00:00,378.0,304.083
2024-02-28 06:00:00,1339.0,1216.5251
2024-02-28 07:00:00,1842.0,1702.053
2024-02-28 08:00:00,1803.0,1610.0427
2024-02-28 09:00:00,1506.0,1507.4282
2024-02-28 10:00:00,1411.0,1447.0315
2024-02-28 11:00:00,1413.0,1424.628
2024-02-28 12:00:00,1465.0,1430.3779
2024-02-28 13:00:00,1583.0,1445.6682
2024-02-28 14:00:00,1660.0,1494.9194
2024-02-28 15:00:00,1963.0,1942.126
2024-02-28 16:00:00,2787.0,2534.5864
2024-02-28 17:00:00,2862.0,2578.6736
2024-02-28 18:00:00,2164.0,2223.4673
2024-02-28 19:00:00,1341.0,1313.7819
2024-02-28 20:00:00,923.0,920.55225
2024-02-28 21:00:00,712.0,813.98755
2024-02-28 22:00:00,650.0,708.55383
2024-02-28 23:00:00,522.0,522.0032
2024-02-29 00:00:00,224.0,331.41144
2024-02-29 01:00:00,88.0,151.15704
2024-02-29 02:00:00,40.0,111.40259
2024-02-29 03:00:00,53.0,99.05383
2024-02-29 04:00:00,94.0,114.18359
2024-02-29 05:00:00,376.0,265.05847
2024-02-29 06:00:00,1433.0,1131.6115
2024-02-29 07:00:00,2115.0,1655.708
2024-02-29 08:00:00,2061.0,1613.8367
2024-02-29 09:00:00,1690.0,1532.9791
2024-02-29 10:00:00,1508.0,1513.1066
2024-02-29 11:00:00,1528.0,1518.5867
2024-02-29 12:00:00,1436.0,1523.9723
2024-02-29 13:00:00,1506.0,1557.6876
2024-02-29 14:00:00,1704.0,1710.2217
2024-02-29 15:00:00,1910.0,2193.4153
2024-02-29 16:00:00,2698.0,2572.776
2024-02-29 17:00:00,2867.0,2586.3877
2024-02-29 18:00:00,2340.0,2354.4397
2024-02-29 19:00:00,1565.0,1472.1439
2024-02-29 20:00:00,1152.0,987.0965
2024-02-29 21:00:00,831.0,868.2565
2024-02-29 22:00:00,705.0,766.77295
2024-02-29 23:00:00,486.0,622.5885
2024-03-01 00:00:00,245.0,401.22913
2024-03-01 01:00:00,96.0,190.99457
2024-03-01 02:00:00,50.0,106.70703
2024-03-01 03:00:00,56.0,86.83118
2024-03-01 04:00:00,87.0,114.57147
2024-03-01 05:00:00,355.0,282.3296
2024-03-01 06:00:00,1284.0,1085.8892
2024-03-01 07:00:00,1748.0,1496.6978
2024-03-01 08:00:00,1881.0,1570.2916
2024-03-01 09:00:00,1641.0,1584.346
2024-03-01 10:00:00,1701.0,1583.9666
2024-03-01 11:00:00,1728.0,1614.0115
2024-03-01 12:00:00,1898.0,1664.3877
2024-03-01 13:00:00,2083.0,1813.1316
2024-03-01 14:00:00,2403.0,2140.3179
2024-03-01 15:00:00,2891.0,2536.3625
2024-03-01 16:00:00,3197.0,2691.5334
2024-03-01 17:00:00,2859.0,2658.306
2024-03-01 18:00:00,2588.0,2454.941
2024-03-01 19:00:00,1924.0,1850.6747
2024-03-01 20:00:00,1428.0,1188.7915
2024-03-01 21:00:00,998.0,968.1401
2024-03-01 22:00:00,766.0,827.45447
2024-03-01 23:00:00,810.0,705.57947
2024-03-02 00:00:00,473.0,566.4852
2024-03-02 01:00:00,201.0,392.3197
2024-03-02 02:00:00,132.0,247.35327
2024-03-02 03:00:00,124.0,163.89532
2024-03-02 04:00:00,120.0,159.86047
2024-03-02 05:00:00,190.0,203.38739
2024-03-02 06:00:00,640.0,383.86847
2024-03-02 07:00:00,1875.0,1000.84503
2024-03-02 08:00:00,2095.0,1839.7505
2024-03-02 09:00:00,2150.0,2120.7524
2024-03-02 10:00:00,2581.0,2191.253
2024-03-02 11:00:00,2519.0,2222.5234
2024-03-02 12:00:00,2297.0,2203.6616
2024-03-02 13:00:00,2221.0,2131.4001
2024-03-02 14:00:00,2111.0,1985.1632
2024-03-02 15:00:00,2013.0,1832.7917
2024-03-02 16:00:00,1992.0,1744.7487
2024-03-02 17:00:00,1876.0,1639.6958
2024-03-02 18:00:00,1501.0,1388.46
2024-03-02 19:00:00,1130.0,1086.6017
2024-03-02 20:00:00,925.0,871.12195
2024-03-02 21:00:00,845.0,795.1376
2024-03-02 22:00:00,780.0,743.32336
2024-03-02 23:00:00,797.0,675.73535
2024-03-03 00:00:00,551.0,484.3045
2024-03-03 01:00:00,325.0,387.79877
2024-03-03 02:00:00,210.0,254.2218
2024-03-03 03:00:00,150.0,175.37347
2024-03-03 04:00:00,116.0,175.95593
2024-03-03 05:00:00,117.0,199.06927
2024-03-03 06:00:00,258.0,265.12366
2024-03-03 07:00:00,625.0,498.76044
2024-03-03 08:00:00,903.0,803.4218
2024-03-03 09:00:00,1253.0,1314.2455
2024-03-03 10:00:00,1657.0,1735.5383
2024-03-03 11:00:00,1907.0,1783.1102
2024-03-03 12:00:00,1653.0,1765.514
2024-03-03 13:00:00,1723.0,1709.3181
2024-03-03 14:00:00,1603.0,1640.6345
2024-03-03 15:00:00,1580.0,1541.9618
2024-03-03 16:00:00,1572.0,1486.8594
2024-03-03 17:00:00,1611.0,1524.9749
2024-03-03 18:00:00,1464.0,1301.0541
2024-03-03 19:00:00,1147.0,1100.2164
2024-03-03 20:00:00,924.0,878.5852
2024-03-03 21:00:00,579.0,797.4329
2024-03-03 22:00:00,425.0,692.32874
2024-03-03 23:00:00,288.0,587.5176
2024-03-04 00:00:00,113.0,278.20795
2024-03-04 01:00:00,54.0,137.276
2024-03-04 02:00:00,39.0,107.161255
2024-03-04 03:00:00,48.0,109.73047
2024-03-04 04:00:00,90.0,155.19775
2024-03-04 05:00:00,429.0,337.07092
2024-03-04 06:00:00,1425.0,1306.2838
2024-03-04 07:00:00,1890.0,1706.2253
2024-03-04 08:00:00,1799.0,1634.6001
2024-03-04 09:00:00,1372.0,1514.9707
2024-03-04 10:00:00,1386.0,1433.0605
2024-03-04 11:00:00,1414.0,1394.5254
2024-03-04 12:00:00,1305.0,1384.985
2024-03-04 13:00:00,1356.0,1395.9227
2024-03-04 14:00:00,1431.0,1482.6885
2024-03-04 15:00:00,1652.0,1916.9915
2024-03-04 16:00:00,2366.0,2472.3364
2024-03-04 17:00:00,2685.0,2530.1462
2024-03-04 18:00:00,1935.0,2055.0405
2024-03-04 19:00:00,1164.0,1234.8806
2024-03-04 20:00:00,708.0,852.25793
2024-03-04 21:00:00,590.0,719.4668
2024-03-04 22:00:00,525.0,622.08386
2024-03-04 23:00:00,262.0,464.401
2024-03-05 00:00:00,136.0,271.12634
2024-03-05 01:00:00,62.0,138.61298
2024-03-05 02:00:00,39.0,112.09369
2024-03-05 03:00:00,47.0,112.59857
2024-03-05 04:00:00,101.0,145.08862
2024-03-05 05:00:00,390.0,318.7657
2024-03-05 06:00:00,1377.0,1280.1167
2024-03-05 07:00:00,1747.0,1721.3298
2024-03-05 08:00:00,1724.0,1609.1812
2024-03-05 09:00:00,1345.0,1478.195
2024-03-05 10:00:00,1272.0,1407.4897
2024-03-05 11:00:00,1201.0,1386.5676
2024-03-05 12:00:00,1306.0,1387.6178
2024-03-05 13:00:00,1345.0,1387.7168
2024-03-05 14:00:00,1492.0,1416.0076
2024-03-05 15:00:00,1803.0,1898.1389
2024-03-05 16:00:00,2551.0,2536.0747
2024-03-05 17:00:00,2791.0,2574.4338
2024-03-05 18:00:00,2213.0,2154.3154
2024-03-05 19:00:00,1279.0,1285.7455
2024-03-05 20:00:00,815.0,907.36096
2024-03-05 21:00:00,634.0,771.7145
2024-03-05 22:00:00,554.0,656.5465
2024-03-05 23:00:00,303.0,475.5777
2024-03-06 00:00:00,125.0,297.5193
2024-03-06 01:00:00,61.0,155.21265
2024-03-06 02:00:00,37.0,99.41681
2024-03-06 03:00:00,41.0,107.88135
2024-03-06 04:00:00,102.0,148.8617
2024-03-06 05:00:00,383.0,337.06854
2024-03-06 06:00:00,1265.0,1248.0546
2024-03-06 07:00:00,1745.0,1595.4207
2024-03-06 08:00:00,1768.0,1588.789
2024-03-06 09:00:00,1459.0,1488.4945
2024-03-06 10:00:00,1372.0,1430.9381
2024-03-06 11:00:00,1396.0,1409.9021
2024-03-06 12:00:00,1531.0,1406.6097
2024-03-06 13:00:00,1545.0,1416.2068
2024-03-06 14:00:00,1673.0,1484.1975
2024-03-06 15:00:00,2027.0,1953.415
2024-03-06 16:00:00,2654.0,2519.0938
2024-03-06 17:00:00,2757.0,2570.77
2024-03-06 18:00:00,2219.0,2317.2002
2024-03-06 19:00:00,1453.0,1452.0665
2024-03-06 20:00:00,896.0,931.7893
2024-03-06 21:00:00,773.0,778.3215
2024-03-06 22:00:00,664.0,700.985
2024-03-06 23:00:00,355.0,544.78235
2024-03-07 00:00:00,155.0,357.0727
2024-03-07 01:00:00,78.0,167.47607
2024-03-07 02:00:00,40.0,117.951355
2024-03-07 03:00:00,48.0,105.59949
2024-03-07 04:00:00,108.0,118.16077
2024-03-07 05:00:00,417.0,272.7473
2024-03-07 06:00:00,1514.0,1194.5084
2024-03-07 07:00:00,2163.0,1667.5637
2024-03-07 08:00:00,2117.0,1623.0194
2024-03-07 09:00:00,1755.0,1536.4058
2024-03-07 10:00:00,1574.0,1518.3162
2024-03-07 11:00:00,1461.0,1525.7324
2024-03-07 12:00:00,1462.0,1530.9791
2024-03-07 13:00:00,1620.0,1572.9047
2024-03-07 14:00:00,1689.0,1764.8723
2024-03-07 15:00:00,2119.0,2277.6057
2024-03-07 16:00:00,2703.0,2621.563
2024-03-07 17:00:00,2962.0,2617.377
2024-03-07 18:00:00,2495.0,2399.7773
2024-03-07 19:00:00,1636.0,1586.5491
2024-03-07 20:00:00,1052.0,1026.2369
2024-03-07 21:00:00,914.0,887.67505
2024-03-07 22:00:00,738.0,784.7352
2024-03-07 23:00:00,453.0,652.1518
2024-03-08 00:00:00,193.0,408.03192
2024-03-08 01:00:00,74.0,193.14722
2024-03-08 02:00:00,49.0,107.11212
2024-03-08 03:00:00,51.0,84.30798
2024-03-08 04:00:00,102.0,104.60211
2024-03-08 05:00:00,391.0,244.26544
2024-03-08 06:00:00,1487.0,1050.4359
2024-03-08 07:00:00,2491.0,1624.9921
2024-03-08 08:00:00,2218.0,1613.5651
2024-03-08 09:00:00,1809.0,1580.6713
2024-03-08 10:00:00,1745.0,1580.7137
2024-03-08 11:00:00,1701.0,1613.1287
2024-03-08 12:00:00,1922.0,1669.9788
2024-03-08 13:00:00,2097.0,1782.8666
2024-03-08 14:00:00,2473.0,2092.2175
2024-03-08 15:00:00,2816.0,2514.3555
2024-03-08 16:00:00,3050.0,2699.9954
2024-03-08 17:00:00,2855.0,2662.2378
2024-03-08 18:00:00,2822.0,2464.091
2024-03-08 19:00:00,2041.0,1867.0842
2024-03-08 20:00:00,1493.0,1198.162
2024-03-08 21:00:00,968.0,975.039
2024-03-08 22:00:00,853.0,830.03577
2024-03-08 23:00:00,723.0,709.1069
2024-03-09 00:00:00,438.0,568.5499
2024-03-09 01:00:00,234.0,394.56018
2024-03-09 02:00:00,131.0,248.08673
2024-03-09 03:00:00,93.0,163.7002
2024-03-09 04:00:00,94.0,158.91833
2024-03-09 05:00:00,215.0,204.94116
2024-03-09 06:00:00,711.0,384.70038
2024-03-09 07:00:00,1917.0,1167.6733
2024-03-09 08:00:00,1997.0,1859.5631
2024-03-09 09:00:00,2067.0,2124.0747
2024-03-09 10:00:00,2537.0,2192.8347
2024-03-09 11:00:00,2455.0,2214.6978
2024-03-09 12:00:00,2268.0,2205.64
2024-03-09 13:00:00,2188.0,2127.336
2024-03-09 14:00:00,2040.0,1948.8275
2024-03-09 15:00:00,1785.0,1830.1858
2024-03-09 16:00:00,1920.0,1741.7131
2024-03-09 17:00:00,1905.0,1642.431
2024-03-09 18:00:00,1509.0,1393.5969
2024-03-09 19:00:00,1061.0,1096.2811
2024-03-09 20:00:00,879.0,876.8715
2024-03-09 21:00:00,796.0,797.8317
2024-03-09 22:00:00,786.0,740.5427
2024-03-09 23:00:00,822.0,663.11444
2024-03-10 00:00:00,546.0,475.58142
2024-03-10 01:00:00,296.0,383.32886
2024-03-10 02:00:00,207.0,256.95142
2024-03-10 03:00:00,146.0,185.94763
2024-03-10 04:00:00,135.0,180.41028
2024-03-10 05:00:00,144.0,200.5122
2024-03-10 06:00:00,233.0,269.13965
2024-03-10 07:00:00,511.0,511.01324
2024-03-10 08:00:00,723.0,812.8893
2024-03-10 09:00:00,1185.0,1325.3477
2024-03-10 10:00:00,1577.0,1758.8834
2024-03-10 11:00:00,1769.0,1792.8589
2024-03-10 12:00:00,1597.0,1777.8652
2024-03-10 13:00:00,1685.0,1687.2793
2024-03-10 14:00:00,1531.0,1597.1274
2024-03-10 15:00:00,1544.0,1525.8616
2024-03-10 16:00:00,1552.0,1521.9255
2024-03-10 17:00:00,1549.0,1515.3756
2024-03-10 18:00:00,1234.0,1287.011
2024-03-10 19:00:00,970.0,1001.8849
2024-03-10 20:00:00,869.0,866.47314
2024-03-10 21:00:00,581.0,795.89636
2024-03-10 22:00:00,447.0,697.0608
2024-03-10 23:00:00,281.0,594.2629
2024-03-11 00:00:00,118.0,281.17926
2024-03-11 01:00:00,47.0,136.71838
2024-03-11 02:00:00,39.0,108.83441
2024-03-11 03:00:00,48.0,110.22327
2024-03-11 04:00:00,107.0,158.20166
2024-03-11 05:00:00,439.0,346.64447
2024-03-11 06:00:00,1462.0,1312.202
2024-03-11 07:00:00,1889.0,1738.1188
2024-03-11 08:00:00,1854.0,1636.8677
2024-03-11 09:00:00,1443.0,1514.4907
2024-03-11 10:00:00,1342.0,1505.3907
2024-03-11 11:00:00,1305.0,1454.5288
2024-03-11 12:00:00,1302.0,1389.6453
2024-03-11 13:00:00,1433.0,1420.5155
2024-03-11 14:00:00,1410.0,1483.7794
2024-03-11 15:00:00,1741.0,1903.8154
2024-03-11 16:00:00,2364.0,2421.4194
2024-03-11 17:00:00,2775.0,2504.9888
2024-03-11 18:00:00,2086.0,2058.1465
2024-03-11 19:00:00,1137.0,1238.0496
2024-03-11 20:00:00,761.0,854.298
2024-03-11 21:00:00,544.0,721.2239
2024-03-11 22:00:00,458.0,623.8717
2024-03-11 23:00:00,284.0,461.72583
2024-03-12 00:00:00,102.0,272.40686
2024-03-12 01:00:00,63.0,138.47217
2024-03-12 02:00:00,35.0,112.733826
2024-03-12 03:00:00,47.0,113.04297
2024-03-12 04:00:00,98.0,146.39142
2024-03-12 05:00:00,444.0,319.4594
2024-03-12 06:00:00,1381.0,1284.064
2024-03-12 07:00:00,1678.0,1721.599
2024-03-12 08:00:00,1842.0,1572.7396
2024-03-12 09:00:00,1578.0,1480.6323
2024-03-12 10:00:00,1376.0,1408.5404
2024-03-12 11:00:00,1292.0,1387.1681
2024-03-12 12:00:00,1378.0,1387.5469
2024-03-12 13:00:00,1433.0,1387.7264
2024-03-12 14:00:00,1519.0,1414.1292
2024-03-12 15:00:00,1938.0,1897.7605
2024-03-12 16:00:00,2627.0,2533.1125
2024-03-12 17:00:00,2882.0,2572.9834
2024-03-12 18:00:00,2184.0,2155.43
2024-03-12 19:00:00,1280.0,1279.0714
2024-03-12 20:00:00,876.0,911.4348
2024-03-12 21:00:00,663.0,749.04175
2024-03-12 22:00:00,388.0,648.14026
2024-03-12 23:00:00,3.0,480.79175
2024-03-13 00:00:00,4.0,290.091
2024-03-13 01:00:00,0.0,146.49066
2024-03-13 02:00:00,5.0,99.663635
2024-03-13 03:00:00,48.0,107.38245
2024-03-13 04:00:00,94.0,138.88464
2024-03-13 05:00:00,406.0,342.57574
2024-03-13 06:00:00,1384.0,1295.2839
2024-03-13 07:00:00,1878.0,1619.9528
2024-03-13 08:00:00,1763.0,1588.576
2024-03-13 09:00:00,1448.0,1492.7202
2024-03-13 10:00:00,1393.0,1438.0542
2024-03-13 11:00:00,1441.0,1431.1539
2024-03-13 12:00:00,1517.0,1402.6523
2024-03-13 13:00:00,1570.0,1451.5402
2024-03-13 14:00:00,1723.0,1515.1344
2024-03-13 15:00:00,1963.0,1999.557
2024-03-13 16:00:00,2696.0,2553.078
2024-03-13 17:00:00,3049.0,2594.1748
2024-03-13 18:00:00,2332.0,2263.2336
2024-03-13 19:00:00,1379.0,1364.1835
2024-03-13 20:00:00,964.0,953.4674
2024-03-13 21:00:00,739.0,827.81854
2024-03-13 22:00:00,634.0,723.19934
2024-03-13 23:00:00,396.0,550.656
2024-03-14 00:00:00,140.0,359.1433
2024-03-14 01:00:00,63.0,168.15509
2024-03-14 02:00:00,36.0,118.294556
2024-03-14 03:00:00,59.0,105.94281
2024-03-14 04:00:00,98.0,118.87042
2024-03-14 05:00:00,435.0,271.8946
2024-03-14 06:00:00,1487.0,1204.7825
2024-03-14 07:00:00,2105.0,1664.4037
2024-03-14 08:00:00,2047.0,1622.7426
2024-03-14 09:00:00,1642.0,1548.5391
2024-03-14 10:00:00,1591.0,1555.4048
2024-03-14 11:00:00,1515.0,1551.7068
2024-03-14 12:00:00,1509.0,1548.6125
2024-03-14 13:00:00,1597.0,1587.0493
2024-03-14 14:00:00,1674.0,1734.9045
2024-03-14 15:00:00,2072.0,2217.899
2024-03-14 16:00:00,2767.0,2598.5452
2024-03-14 17:00:00,3123.0,2606.0098
2024-03-14 18:00:00,2488.0,2368.7915
2024-03-14 19:00:00,1628.0,1526.8439
2024-03-14 20:00:00,1036.0,1015.1876
2024-03-14 21:00:00,890.0,889.52905
2024-03-14 22:00:00,714.0,788.27515
2024-03-14 23:00:00,411.0,654.80945
2024-03-15 00:00:00,180.0,405.73657
2024-03-15 01:00:00,97.0,193.96533
2024-03-15 02:00:00,52.0,109.40149
2024-03-15 03:00:00,63.0,92.0874
2024-03-15 04:00:00,113.0,115.5343
2024-03-15 05:00:00,426.0,250.68134
2024-03-15 06:00:00,1334.0,1108.9265
2024-03-15 07:00:00,2057.0,1630.7128
2024-03-15 08:00:00,1922.0,1585.8529
2024-03-15 09:00:00,1569.0,1597.2325
2024-03-15 10:00:00,1654.0,1583.5895
2024-03-15 11:00:00,1752.0,1612.185
2024-03-15 12:00:00,1869.0,1682.8054
2024-03-15 13:00:00,2076.0,1799.5067
2024-03-15 14:00:00,2351.0,2120.231
2024-03-15 15:00:00,2814.0,2523.6763
2024-03-15 16:00:00,3103.0,2672.8398
2024-03-15 17:00:00,2764.0,2639.461
2024-03-15 18:00:00,2672.0,2433.9116
2024-03-15 19:00:00,1930.0,1841.8022
2024-03-15 20:00:00,1347.0,1179.9485
2024-03-15 21:00:00,936.0,966.11426
2024-03-15 22:00:00,770.0,786.77765
2024-03-15 23:00:00,720.0,668.8926
2024-03-16 00:00:00,393.0,532.69495
2024-03-16 01:00:00,186.0,378.61737
2024-03-16 02:00:00,128.0,241.36847
2024-03-16 03:00:00,92.0,163.1026
2024-03-16 04:00:00,99.0,168.45917
2024-03-16 05:00:00,186.0,195.53961
2024-03-16 06:00:00,496.0,377.40442
2024-03-16 07:00:00,1203.0,765.7473
2024-03-16 08:00:00,1579.0,1607.6206
2024-03-16 09:00:00,1788.0,2046.9927
2024-03-16 10:00:00,2068.0,2149.0884
2024-03-16 11:00:00,2169.0,2157.084
2024-03-16 12:00:00,2008.0,2185.947
2024-03-16 13:00:00,2039.0,2077.8872
2024-03-16 14:00:00,2030.0,1977.315
2024-03-16 15:00:00,1978.0,1854.7009
2024-03-16 16:00:00,1931.0,1747.2488
2024-03-16 17:00:00,2052.0,1648.1753
2024-03-16 18:00:00,1513.0,1394.0513
2024-03-16 19:00:00,1091.0,1096.1022
2024-03-16 20:00:00,842.0,877.19135
2024-03-16 21:00:00,872.0,796.8197
2024-03-16 22:00:00,860.0,742.92786
2024-03-16 23:00:00,842.0,674.9378
2024-03-17 00:00:00,537.0,483.01263
2024-03-17 01:00:00,341.0,386.70813
2024-03-17 02:00:00,201.0,254.64612
2024-03-17 03:00:00,132.0,174.17767
2024-03-17 04:00:00,105.0,174.53857
2024-03-17 05:00:00,133.0,200.45142
2024-03-17 06:00:00,257.0,262.2412
2024-03-17 07:00:00,685.0,500.07928
2024-03-17 08:00:00,896.0,848.63873
2024-03-17 09:00:00,1225.0,1570.7496
2024-03-17 10:00:00,1570.0,1754.2961
2024-03-17 11:00:00,1740.0,1799.7532
2024-03-17 12:00:00,1549.0,1782.5328
2024-03-17 13:00:00,1725.0,1691.982
2024-03-17 14:00:00,1527.0,1585.9462
2024-03-17 15:00:00,1433.0,1519.739
2024-03-17 16:00:00,1706.0,1507.0721
2024-03-17 17:00:00,1717.0,1535.6995
2024-03-17 18:00:00,1413.0,1302.2079
2024-03-17 19:00:00,1046.0,1097.5952
2024-03-17 20:00:00,894.0,876.48346
2024-03-17 21:00:00,631.0,794.76556
2024-03-17 22:00:00,405.0,690.8754
2024-03-17 23:00:00,290.0,585.8018
2024-03-18 00:00:00,120.0,280.34198
2024-03-18 01:00:00,58.0,140.2008
2024-03-18 02:00:00,57.0,108.41919
2024-03-18 03:00:00,32.0,110.92609
2024-03-18 04:00:00,104.0,160.20758
2024-03-18 05:00:00,419.0,363.12756
2024-03-18 06:00:00,1351.0,1304.6111
2024-03-18 07:00:00,1734.0,1630.0104
2024-03-18 08:00:00,1590.0,1586.307
2024-03-18 09:00:00,1500.0,1505.0859
2024-03-18 10:00:00,1268.0,1438.8768
2024-03-18 11:00:00,1409.0,1388.9567
2024-03-18 12:00:00,1339.0,1373.268
2024-03-18 13:00:00,1393.0,1365.9004
2024-03-18 14:00:00,1483.0,1453.2838
2024-03-18 15:00:00,1819.0,1940.6156
2024-03-18 16:00:00,2486.0,2420.2217
2024-03-18 17:00:00,2676.0,2535.0627
2024-03-18 18:00:00,2012.0,2062.8225
2024-03-18 19:00:00,1152.0,1247.1843
2024-03-18 20:00:00,786.0,856.14087
2024-03-18 21:00:00,624.0,723.6677
2024-03-18 22:00:00,459.0,625.37354
2024-03-18 23:00:00,287.0,467.94128
2024-03-19 00:00:00,137.0,450.6407
2024-03-19 01:00:00,69.0,374.9289
2024-03-19 02:00:00,35.0,342.6878
2024-03-19 03:00:00,51.0,327.4594
2024-03-19 04:00:00,97.0,328.66064
2024-03-19 05:00:00,379.0,367.1477
2024-03-19 06:00:00,1119.0,492.17963
2024-03-19 07:00:00,1431.0,786.107
2024-03-19 08:00:00,1521.0,1189.293
2024-03-19 09:00:00,1345.0,1534.9231
2024-03-19 10:00:00,1340.0,1674.5867
2024-03-19 11:00:00,1277.0,1713.8198
2024-03-19 12:00:00,1405.0,1697.3328
2024-03-19 13:00:00,1450.0,1668.9077
2024-03-19 14:00:00,1631.0,1659.5907
2024-03-19 15:00:00,1876.0,1674.4956
2024-03-19 16:00:00,2535.0,1683.9939
2024-03-19 17:00:00,3073.0,1638.062
2024-03-19 18:00:00,2466.0,1453.9072
2024-03-19 19:00:00,1520.0,1216.8035
2024-03-19 20:00:00,1000.0,1005.17334
2024-03-19 21:00:00,734.0,836.66833
2024-03-19 22:00:00,621.0,682.18933
2024-03-19 23:00:00,403.0,562.0371
2024-03-20 00:00:00,142.0,310.91907
2024-03-20 01:00:00,121.0,151.5326
2024-03-20 02:00:00,59.0,119.60858
2024-03-20 03:00:00,54.0,114.88049
2024-03-20 04:00:00,125.0,140.27356
2024-03-20 05:00:00,404.0,314.54486
2024-03-20 06:00:00,1432.0,1280.3278
2024-03-20 07:00:00,2005.0,1750.9972
2024-03-20 08:00:00,1909.0,1689.2742
2024-03-20 09:00:00,1554.0,1576.8921
2024-03-20 10:00:00,1499.0,1507.9222
2024-03-20 11:00:00,1496.0,1471.864
2024-03-20 12:00:00,1534.0,1460.052
2024-03-20 13:00:00,1566.0,1465.6675
2024-03-20 14:00:00,1711.0,1526.9764
2024-03-20 15:00:00,1866.0,1949.699
2024-03-20 16:00:00,2588.0,2486.8003
2024-03-20 17:00:00,2815.0,2574.8691
2024-03-20 18:00:00,2226.0,2215.8052
2024-03-20 19:00:00,1601.0,1351.0095
2024-03-20 20:00:00,961.0,953.3607
2024-03-20 21:00:00,692.0,837.401
2024-03-20 22:00:00,661.0,732.83044
2024-03-20 23:00:00,415.0,554.6464
2024-03-21 00:00:00,217.0,362.89764
2024-03-21 01:00:00,91.0,174.65509
2024-03-21 02:00:00,42.0,118.43628
2024-03-21 03:00:00,59.0,105.9469
2024-03-21 04:00:00,107.0,120.518005
2024-03-21 05:00:00,436.0,278.98224
2024-03-21 06:00:00,1368.0,1221.4133
2024-03-21 07:00:00,1882.0,1555.6559
2024-03-21 08:00:00,1702.0,1590.2452
2024-03-21 09:00:00,1391.0,1544.953
2024-03-21 10:00:00,1469.0,1520.1799
2024-03-21 11:00:00,1461.0,1517.4956
2024-03-21 12:00:00,1493.0,1527.046
2024-03-21 13:00:00,1615.0,1579.6543
2024-03-21 14:00:00,1800.0,1759.0358
2024-03-21 15:00:00,2044.0,2212.294
2024-03-21 16:00:00,2683.0,2592.4111
2024-03-21 17:00:00,3064.0,2594.939
2024-03-21 18:00:00,2506.0,2365.865
2024-03-21 19:00:00,1623.0,1521.7415
2024-03-21 20:00:00,1090.0,1018.34045
2024-03-21 21:00:00,887.0,891.6666
2024-03-21 22:00:00,753.0,789.9067
2024-03-21 23:00:00,600.0,657.0687
2024-03-22 00:00:00,264.0,409.00128
2024-03-22 01:00:00,127.0,195.70477
2024-03-22 02:00:00,90.0,110.08472
2024-03-22 03:00:00,83.0,90.61023
2024-03-22 04:00:00,122.0,113.61371
2024-03-22 05:00:00,418.0,253.40826
2024-03-22 06:00:00,1406.0,1112.3542
2024-03-22 07:00:00,2003.0,1632.2732
2024-03-22 08:00:00,1951.0,1612.1049
2024-03-22 09:00:00,1597.0,1635.3481
2024-03-22 10:00:00,1697.0,1611.4242
2024-03-22 11:00:00,1795.0,1624.0507
2024-03-22 12:00:00,1876.0,1694.6997
2024-03-22 13:00:00,2052.0,1801.4121
2024-03-22 14:00:00,2193.0,2102.189
2024-03-22 15:00:00,2619.0,2479.0723
2024-03-22 16:00:00,3094.0,2657.9402
2024-03-22 17:00:00,2926.0,2629.7192
2024-03-22 18:00:00,2552.0,2424.9248
2024-03-22 19:00:00,1899.0,1846.9529
2024-03-22 20:00:00,1362.0,1184.4617
2024-03-22 21:00:00,1056.0,969.45337
2024-03-22 22:00:00,798.0,831.4149
2024-03-22 23:00:00,712.0,707.0906
2024-03-23 00:00:00,459.0,559.6362
2024-03-23 01:00:00,231.0,389.91187
2024-03-23 02:00:00,138.0,246.61633
2024-03-23 03:00:00,107.0,168.38556
2024-03-23 04:00:00,123.0,164.48932
2024-03-23 05:00:00,172.0,207.39703
2024-03-23 06:00:00,475.0,396.8122
2024-03-23 07:00:00,1045.0,942.7084
2024-03-23 08:00:00,1177.0,1382.2117
2024-03-23 09:00:00,1473.0,1938.3271
2024-03-23 10:00:00,1940.0,2097.508
2024-03-23 11:00:00,2046.0,2160.7578
2024-03-23 12:00:00,2099.0,2137.995
2024-03-23 13:00:00,2147.0,2102.6748
2024-03-23 14:00:00,1862.0,1964.4727
2024-03-23 15:00:00,2389.0,1850.8093
2024-03-23 16:00:00,2191.0,1759.4468
2024-03-23 17:00:00,2067.0,1661.1938
2024-03-23 18:00:00,1705.0,1400.173
2024-03-23 19:00:00,1123.0,992.3813
2024-03-23 20:00:00,859.0,873.6238
2024-03-23 21:00:00,752.0,796.50055
2024-03-23 22:00:00,804.0,667.18066
2024-03-23 23:00:00,805.0,683.56934
2024-03-24 00:00:00,531.0,492.1383
2024-03-24 01:00:00,316.0,387.62952
2024-03-24 02:00:00,192.0,255.21503
2024-03-24 03:00:00,123.0,183.86292
2024-03-24 04:00:00,93.0,161.91492
2024-03-24 05:00:00,95.0,193.18793
2024-03-24 06:00:00,198.0,261.58337
2024-03-24 07:00:00,366.0,559.58856
2024-03-24 08:00:00,599.0,798.3043
2024-03-24 09:00:00,901.0,1642.7661
2024-03-24 10:00:00,1273.0,1912.4331
2024-03-24 11:00:00,1507.0,1870.9014
2024-03-24 12:00:00,1494.0,1826.7954
2024-03-24 13:00:00,1567.0,1707.5618
2024-03-24 14:00:00,1585.0,1667.0426
2024-03-24 15:00:00,1603.0,1548.0645
2024-03-24 16:00:00,1662.0,1498.147
2024-03-24 17:00:00,1618.0,1524.4114
2024-03-24 18:00:00,1428.0,1314.8821
2024-03-24 19:00:00,1070.0,1081.9235
2024-03-24 20:00:00,864.0,872.2722
2024-03-24 21:00:00,670.0,794.69196
2024-03-24 22:00:00,474.0,695.9081
2024-03-24 23:00:00,276.0,601.1889
2024-03-25 00:00:00,110.0,284.60004
2024-03-25 01:00:00,66.0,145.1831
2024-03-25 02:00:00,38.0,110.09296
2024-03-25 03:00:00,46.0,111.489075
2024-03-25 04:00:00,112.0,158.83911
2024-03-25 05:00:00,448.0,350.78516
2024-03-25 06:00:00,1490.0,1354.4222
2024-03-25 07:00:00,2003.0,1735.3389
2024-03-25 08:00:00,1832.0,1676.024
2024-03-25 09:00:00,1506.0,1594.5939
2024-03-25 10:00:00,1480.0,1516.4672
2024-03-25 11:00:00,1402.0,1456.9296
2024-03-25 12:00:00,1425.0,1425.7681
2024-03-25 13:00:00,1468.0,1429.6841
2024-03-25 14:00:00,1498.0,1488.7682
2024-03-25 15:00:00,1785.0,1910.8167
2024-03-25 16:00:00,2444.0,2427.9788
2024-03-25 17:00:00,2721.0,2510.6006
2024-03-25 18:00:00,2153.0,2063.9934
2024-03-25 19:00:00,1198.0,1248.0472
2024-03-25 20:00:00,811.0,857.9516
2024-03-25 21:00:00,619.0,725.70605
2024-03-25 22:00:00,509.0,627.69806
2024-03-25 23:00:00,321.0,470.05432
2024-03-26 00:00:00,119.0,274.8169
2024-03-26 01:00:00,64.0,138.98047
2024-03-26 02:00:00,42.0,113.917786
2024-03-26 03:00:00,44.0,113.96887
2024-03-26 04:00:00,118.0,148.59912
2024-03-26 05:00:00,459.0,321.6532
2024-03-26 06:00:00,1441.0,1290.2793
2024-03-26 07:00:00,1921.0,1721.4901
2024-03-26 08:00:00,1826.0,1687.8928
2024-03-26 09:00:00,1466.0,1574.6157
2024-03-26 10:00:00,1369.0,1410.8801
2024-03-26 11:00:00,1463.0,1389.6531
2024-03-26 12:00:00,1403.0,1413.3052
2024-03-26 13:00:00,1560.0,1406.864
2024-03-26 14:00:00,1638.0,1459.1018
2024-03-26 15:00:00,1920.0,1879.7173
2024-03-26 16:00:00,2326.0,2453.8088
2024-03-26 17:00:00,2938.0,2532.2725
2024-03-26 18:00:00,2312.0,2126.5625
2024-03-26 19:00:00,1586.0,1264.8313
2024-03-26 20:00:00,984.0,915.32654
2024-03-26 21:00:00,710.0,779.4479
2024-03-26 22:00:00,589.0,661.7218
2024-03-26 23:00:00,344.0,497.61206
2024-03-27 00:00:00,136.0,313.37
2024-03-27 01:00:00,76.0,155.39008
2024-03-27 02:00:00,48.0,121.8277
2024-03-27 03:00:00,67.0,115.54016
2024-03-27 04:00:00,124.0,138.38068
2024-03-27 05:00:00,431.0,316.32208
2024-03-27 06:00:00,1408.0,1278.0308
2024-03-27 07:00:00,1793.0,1747.0552
2024-03-27 08:00:00,1793.0,1692.9563
2024-03-27 09:00:00,1520.0,1554.6133
2024-03-27 10:00:00,1572.0,1452.3501
2024-03-27 11:00:00,1670.0,1430.2975
2024-03-27 12:00:00,1768.0,1436.8547
2024-03-27 13:00:00,1832.0,1452.9337
2024-03-27 14:00:00,2003.0,1520.4766
2024-03-27 15:00:00,2233.0,2011.6005
2024-03-27 16:00:00,2771.0,2510.5234
2024-03-27 17:00:00,3083.0,2559.3892
2024-03-27 18:00:00,2581.0,2278.168
2024-03-27 19:00:00,1684.0,1382.74
2024-03-27 20:00:00,1189.0,959.94855
2024-03-27 21:00:00,856.0,826.7743
2024-03-27 22:00:00,730.0,722.2372
2024-03-27 23:00:00,427.0,552.55646
2024-03-28 00:00:00,205.0,362.44177
2024-03-28 01:00:00,76.0,171.16223
2024-03-28 02:00:00,54.0,119.41022
2024-03-28 03:00:00,74.0,107.07794
2024-03-28 04:00:00,128.0,119.74457
2024-03-28 05:00:00,440.0,275.46417
2024-03-28 06:00:00,1377.0,1215.2869
2024-03-28 07:00:00,1804.0,1665.0295
2024-03-28 08:00:00,1665.0,1600.4634
2024-03-28 09:00:00,1654.0,1543.8522
2024-03-28 10:00:00,1832.0,1512.7267
2024-03-28 11:00:00,1915.0,1521.6373
2024-03-28 12:00:00,2071.0,1531.6622
2024-03-28 13:00:00,2328.0,1578.0872
2024-03-28 14:00:00,2562.0,1762.2839
2024-03-28 15:00:00,2934.0,2266.0432
2024-03-28 16:00:00,3159.0,2599.5303
2024-03-28 17:00:00,2703.0,2606.7754
2024-03-28 18:00:00,2602.0,2417.9363
2024-03-28 19:00:00,2319.0,1576.8892
2024-03-28 20:00:00,1915.0,1024.9689
2024-03-28 21:00:00,1331.0,893.4603
2024-03-28 22:00:00,934.0,791.63293
2024-03-28 23:00:00,826.0,658.37146
2024-03-29 00:00:00,337.0,635.86316
2024-03-29 01:00:00,232.0,492.40894
2024-03-29 02:00:00,120.0,396.97955
2024-03-29 03:00:00,111.0,353.00842
2024-03-29 04:00:00,170.0,349.23895
2024-03-29 05:00:00,248.0,380.60205
2024-03-29 06:00:00,620.0,613.7794
2024-03-29 07:00:00,1077.0,1202.8777
2024-03-29 08:00:00,1499.0,1658.7915
2024-03-29 09:00:00,2496.0,1886.0835
2024-03-29 10:00:00,2945.0,1990.7002
2024-03-29 11:00:00,2850.0,2003.884
2024-03-29 12:00:00,2359.0,2015.4344
2024-03-29 13:00:00,2432.0,1982.877
2024-03-29 14:00:00,2104.0,1923.3015
2024-03-29 15:00:00,1807.0,1924.0825
2024-03-29 16:00:00,1683.0,1925.8904
2024-03-29 17:00:00,1578.0,1799.7482
2024-03-29 18:00:00,1265.0,1516.1925
2024-03-29 19:00:00,930.0,1278.6632
2024-03-29 20:00:00,767.0,1074.5892
2024-03-29 21:00:00,659.0,951.7177
2024-03-29 22:00:00,571.0,869.04724
2024-03-29 23:00:00,571.0,791.8119
2024-03-30 00:00:00,289.0,536.3067
2024-03-30 01:00:00,156.0,379.8714
2024-03-30 02:00:00,117.0,246.63293
2024-03-30 03:00:00,98.0,180.8075
2024-03-30 04:00:00,111.0,175.29102
2024-03-30 05:00:00,174.0,215.57202
2024-03-30 06:00:00,366.0,424.9361
2024-03-30 07:00:00,664.0,1081.9192
2024-03-30 08:00:00,1158.0,1576.7008
2024-03-30 09:00:00,1731.0,1987.6877
2024-03-30 10:00:00,2102.0,2099.2095
2024-03-30 11:00:00,2165.0,2138.7922
2024-03-30 12:00:00,1854.0,2172.975
2024-03-30 13:00:00,1955.0,2102.842
2024-03-30 14:00:00,1798.0,1944.8092
2024-03-30 15:00:00,1706.0,1851.5347
2024-03-30 16:00:00,1719.0,1744.3145
2024-03-30 17:00:00,1725.0,1649.9067
2024-03-30 18:00:00,1359.0,1403.3137
2024-03-30 19:00:00,966.0,1105.2767
2024-03-30 20:00:00,795.0,882.15247
2024-03-30 21:00:00,715.0,798.7374
2024-03-30 22:00:00,629.0,733.42786
2024-03-30 23:00:00,649.0,608.3717
2024-03-31 00:00:00,406.0,481.90594
2024-03-31 01:00:00,255.0,385.7646
2024-03-31 02:00:00,0.0,254.58478
2024-03-31 03:00:00,133.0,174.51111
2024-03-31 04:00:00,137.0,176.49792
2024-03-31 05:00:00,118.0,201.29126
2024-03-31 06:00:00,134.0,267.29938
2024-03-31 07:00:00,230.0,513.46423
2024-03-31 08:00:00,439.0,853.2324
2024-03-31 09:00:00,1146.0,1505.8329
2024-03-31 10:00:00,1903.0,1834.4728
2024-03-31 11:00:00,1899.0,1856.373
2024-03-31 12:00:00,1665.0,1882.5386
2024-03-31 13:00:00,1524.0,1757.2456
2024-03-31 14:00:00,1387.0,1656.4908
2024-03-31 15:00:00,1422.0,1521.3412
2024-03-31 16:00:00,1607.0,1510.0426
2024-03-31 17:00:00,1632.0,1528.8264
2024-03-31 18:00:00,1451.0,1315.1075
2024-03-31 19:00:00,1161.0,1112.1868
2024-03-31 20:00:00,995.0,880.2503
2024-03-31 21:00:00,788.0,794.266
2024-03-31 22:00:00,610.0,679.83887
2024-03-31 23:00:00,496.0,575.474
2024-04-01 00:00:00,302.0,460.12823
2024-04-01 01:00:00,201.0,398.69794
2024-04-01 02:00:00,90.0,369.08734
2024-04-01 03:00:00,77.0,339.2348
2024-04-01 04:00:00,76.0,326.1938
2024-04-01 05:00:00,89.0,365.30707
2024-04-01 06:00:00,151.0,482.10693
2024-04-01 07:00:00,216.0,657.3464
2024-04-01 08:00:00,350.0,1078.4954
2024-04-01 09:00:00,829.0,1313.9612
2024-04-01 10:00:00,1289.0,1485.7085
2024-04-01 11:00:00,1438.0,1624.2339
2024-04-01 12:00:00,1408.0,1636.5061
2024-04-01 13:00:00,1485.0,1633.7017
2024-04-01 14:00:00,1455.0,1635.492
2024-04-01 15:00:00,1578.0,1670.7012
2024-04-01 16:00:00,1670.0,1684.6475
2024-04-01 17:00:00,1578.0,1633.8062
2024-04-01 18:00:00,1434.0,1397.9194
2024-04-01 19:00:00,1176.0,1179.7594
2024-04-01 20:00:00,889.0,990.6352
2024-04-01 21:00:00,726.0,835.78894
2024-04-01 22:00:00,461.0,696.76306
2024-04-01 23:00:00,397.0,586.7824
2024-04-02 00:00:00,176.0,291.43573
2024-04-02 01:00:00,88.0,134.58691
2024-04-02 02:00:00,52.0,119.269104
2024-04-02 03:00:00,41.0,117.14728
2024-04-02 04:00:00,123.0,149.21753
2024-04-02 05:00:00,450.0,318.50946
2024-04-02 06:00:00,1335.0,1288.5986
2024-04-02 07:00:00,1858.0,1721.8773
2024-04-02 08:00:00,1681.0,1694.2922
2024-04-02 09:00:00,1441.0,1563.8176
2024-04-02 10:00:00,1320.0,1433.6652
2024-04-02 11:00:00,1400.0,1431.2725
2024-04-02 12:00:00,1319.0,1416.4974
2024-04-02 13:00:00,1395.0,1415.3335
2024-04-02 14:00:00,1528.0,1482.8352
2024-04-02 15:00:00,1876.0,1946.0889
2024-04-02 16:00:00,2390.0,2504.2856
2024-04-02 17:00:00,2798.0,2558.745
2024-04-02 18:00:00,2052.0,2156.9246
2024-04-02 19:00:00,1231.0,1291.8442
2024-04-02 20:00:00,822.0,926.5836
2024-04-02 21:00:00,632.0,790.17584
2024-04-02 22:00:00,482.0,672.0536
2024-04-02 23:00:00,301.0,513.84814
2024-04-03 00:00:00,168.0,331.8593
2024-04-03 01:00:00,68.0,163.15869
2024-04-03 02:00:00,52.0,125.690735
2024-04-03 03:00:00,41.0,119.03839
2024-04-03 04:00:00,107.0,143.30957
2024-04-03 05:00:00,422.0,317.45416
2024-04-03 06:00:00,1332.0,1296.4064
2024-04-03 07:00:00,1754.0,1711.1543
2024-04-03 08:00:00,1556.0,1606.1678
2024-04-03 09:00:00,1354.0,1507.9617
2024-04-03 10:00:00,1374.0,1456.271
2024-04-03 11:00:00,1399.0,1436.395
2024-04-03 12:00:00,1469.0,1440.6156
2024-04-03 13:00:00,1482.0,1456.626
2024-04-03 14:00:00,1613.0,1543.9574
2024-04-03 15:00:00,1916.0,1999.8094
2024-04-03 16:00:00,2496.0,2527.974
2024-04-03 17:00:00,2839.0,2604.7202
2024-04-03 18:00:00,2200.0,2277.195
2024-04-03 19:00:00,1326.0,1397.2495
2024-04-03 20:00:00,869.0,979.3057
2024-04-03 21:00:00,683.0,850.5815
2024-04-03 22:00:00,624.0,749.9823
2024-04-03 23:00:00,472.0,577.36487
2024-04-04 00:00:00,216.0,395.3581
2024-04-04 01:00:00,84.0,192.46747
2024-04-04 02:00:00,49.0,125.208496
2024-04-04 03:00:00,54.0,111.10571
2024-04-04 04:00:00,108.0,124.269775
2024-04-04 05:00:00,441.0,282.7058
2024-04-04 06:00:00,1271.0,1251.2529
2024-04-04 07:00:00,1755.0,1675.503
2024-04-04 08:00:00,1720.0,1642.3218
2024-04-04 09:00:00,1487.0,1542.5969
2024-04-04 10:00:00,1172.0,1525.4948
2024-04-04 11:00:00,1370.0,1540.2712
2024-04-04 12:00:00,1596.0,1532.1223
2024-04-04 13:00:00,1584.0,1604.6696
2024-04-04 14:00:00,1683.0,1833.0807
2024-04-04 15:00:00,2003.0,2259.0774
2024-04-04 16:00:00,2580.0,2617.449
2024-04-04 17:00:00,2873.0,2618.0132
2024-04-04 18:00:00,2456.0,2387.4575
2024-04-04 19:00:00,1492.0,1579.2329
2024-04-04 20:00:00,1071.0,1041.1731
2024-04-04 21:00:00,808.0,912.0716
2024-04-04 22:00:00,689.0,805.30066
2024-04-04 23:00:00,448.0,680.38416
2024-04-05 00:00:00,216.0,451.82928
2024-04-05 01:00:00,100.0,215.28662
2024-04-05 02:00:00,62.0,124.8772
2024-04-05 03:00:00,65.0,101.83771
2024-04-05 04:00:00,125.0,126.21869
2024-04-05 05:00:00,404.0,283.1457
2024-04-05 06:00:00,1257.0,1154.7772
2024-04-05 07:00:00,1785.0,1705.011
2024-04-05 08:00:00,1564.0,1720.6875
2024-04-05 09:00:00,1517.0,1664.488
2024-04-05 10:00:00,1670.0,1636.2734
2024-04-05 11:00:00,1743.0,1648.5894
2024-04-05 12:00:00,1880.0,1724.2816
2024-04-05 13:00:00,2003.0,1843.6255
2024-04-05 14:00:00,2100.0,2139.8042
2024-04-05 15:00:00,2325.0,2529.835
2024-04-05 16:00:00,2888.0,2667.1206
2024-04-05 17:00:00,2803.0,2635.1401
2024-04-05 18:00:00,2510.0,2421.095
2024-04-05 19:00:00,1763.0,1875.5079
2024-04-05 20:00:00,1242.0,1205.6501
2024-04-05 21:00:00,922.0,994.052
2024-04-05 22:00:00,801.0,851.7157
2024-04-05 23:00:00,722.0,721.98334
2024-04-06 00:00:00,442.0,559.23486
2024-04-06 01:00:00,219.0,395.69885
2024-04-06 02:00:00,119.0,248.5346
2024-04-06 03:00:00,95.0,174.4353
2024-04-06 04:00:00,144.0,170.24176
2024-04-06 05:00:00,221.0,222.85083
2024-04-06 06:00:00,492.0,458.28906
2024-04-06 07:00:00,971.0,1244.5903
2024-04-06 08:00:00,1505.0,1846.8563
2024-04-06 09:00:00,2013.0,2120.4705
2024-04-06 10:00:00,2284.0,2200.3547
2024-04-06 11:00:00,2191.0,2210.642
2024-04-06 12:00:00,2165.0,2219.002
2024-04-06 13:00:00,2004.0,2148.337
2024-04-06 14:00:00,1906.0,2029.8047
2024-04-06 15:00:00,1800.0,1899.2913
2024-04-06 16:00:00,1755.0,1786.1514
2024-04-06 17:00:00,1769.0,1643.6216
2024-04-06 18:00:00,1505.0,1445.4799
2024-04-06 19:00:00,1167.0,1147.8456
2024-04-06 20:00:00,903.0,897.28973
2024-04-06 21:00:00,843.0,802.3849
2024-04-06 22:00:00,847.0,739.12024
2024-04-06 23:00:00,897.0,667.4794
2024-04-07 00:00:00,598.0,473.08228
2024-04-07 01:00:00,371.0,381.58142
2024-04-07 02:00:00,221.0,259.4956
2024-04-07 03:00:00,146.0,185.02698
2024-04-07 04:00:00,107.0,185.4646
2024-04-07 05:00:00,125.0,208.20654
2024-04-07 06:00:00,217.0,279.65845
2024-04-07 07:00:00,375.0,568.7325
2024-04-07 08:00:00,790.0,913.6016
2024-04-07 09:00:00,1392.0,1389.3856
2024-04-07 10:00:00,1557.0,1783.1204
2024-04-07 11:00:00,1712.0,1824.2051
2024-04-07 12:00:00,1593.0,1799.153
2024-04-07 13:00:00,1473.0,1711.9589
2024-04-07 14:00:00,1379.0,1597.0985
2024-04-07 15:00:00,1496.0,1542.1888
2024-04-07 16:00:00,1543.0,1522.4338
2024-04-07 17:00:00,1600.0,1546.322
2024-04-07 18:00:00,1416.0,1345.5936
2024-04-07 19:00:00,1158.0,1121.2177
2024-04-07 20:00:00,934.0,876.8684
2024-04-07 21:00:00,732.0,786.49304
2024-04-07 22:00:00,498.0,676.6233
2024-04-07 23:00:00,354.0,571.59625
2024-04-08 00:00:00,131.0,299.32648
2024-04-08 01:00:00,83.0,158.94
2024-04-08 02:00:00,37.0,114.77545
2024-04-08 03:00:00,56.0,117.86548
2024-04-08 04:00:00,113.0,157.16943
2024-04-08 05:00:00,498.0,331.88953
2024-04-08 06:00:00,1408.0,1307.8767
2024-04-08 07:00:00,1991.0,1709.9998
2024-04-08 08:00:00,1872.0,1653.2871
2024-04-08 09:00:00,1535.0,1581.7
2024-04-08 10:00:00,1548.0,1459.0465
2024-04-08 11:00:00,1477.0,1410.9507
2024-04-08 12:00:00,1344.0,1416.7429
2024-04-08 13:00:00,1335.0,1398.9956
2024-04-08 14:00:00,1512.0,1505.7538
2024-04-08 15:00:00,1780.0,1985.9038
2024-04-08 16:00:00,2296.0,2441.5645
2024-04-08 17:00:00,2301.0,2482.9502
2024-04-08 18:00:00,2250.0,2039.0176
2024-04-08 19:00:00,1213.0,1265.0927
2024-04-08 20:00:00,741.0,873.22577
2024-04-08 21:00:00,672.0,732.54517
2024-04-08 22:00:00,515.0,619.414
2024-04-08 23:00:00,399.0,473.5929
2024-04-09 00:00:00,183.0,292.10046
2024-04-09 01:00:00,117.0,163.33624
2024-04-09 02:00:00,57.0,122.93237
2024-04-09 03:00:00,57.0,118.646545
2024-04-09 04:00:00,121.0,144.00427
2024-04-09 05:00:00,445.0,319.219
2024-04-09 06:00:00,1380.0,1259.8712
2024-04-09 07:00:00,1886.0,1710.836
2024-04-09 08:00:00,1717.0,1617.6738
2024-04-09 09:00:00,1442.0,1497.0066
2024-04-09 10:00:00,1330.0,1417.2412
2024-04-09 11:00:00,1316.0,1393.0486
2024-04-09 12:00:00,1363.0,1374.4977
2024-04-09 13:00:00,1419.0,1371.4319
2024-04-09 14:00:00,1503.0,1435.1753
2024-04-09 15:00:00,1898.0,1921.2656
2024-04-09 16:00:00,2459.0,2501.7588
2024-04-09 17:00:00,2727.0,2555.7988
2024-04-09 18:00:00,2278.0,2172.4834
2024-04-09 19:00:00,1387.0,1308.035
2024-04-09 20:00:00,886.0,928.0853
2024-04-09 21:00:00,740.0,791.6372
2024-04-09 22:00:00,566.0,673.02124
2024-04-09 23:00:00,386.0,515.508
2024-04-10 00:00:00,182.0,333.63702
2024-04-10 01:00:00,104.0,159.66315
2024-04-10 02:00:00,59.0,126.09094
2024-04-10 03:00:00,61.0,119.447754
2024-04-10 04:00:00,119.0,144.1944
2024-04-10 05:00:00,386.0,318.8858
2024-04-10 06:00:00,1324.0,1301.6875
2024-04-10 07:00:00,1800.0,1711.8723
2024-04-10 08:00:00,1706.0,1605.5238
2024-04-10 09:00:00,1374.0,1507.18
2024-04-10 10:00:00,1416.0,1456.794
2024-04-10 11:00:00,1435.0,1410.1023
2024-04-10 12:00:00,1592.0,1443.2887
2024-04-10 13:00:00,1554.0,1458.5819
2024-04-10 14:00:00,1781.0,1551.4084
2024-04-10 15:00:00,2021.0,2050.6707
2024-04-10 16:00:00,2603.0,2574.38
2024-04-10 17:00:00,2907.0,2605.9429
2024-04-10 18:00:00,2369.0,2280.9512
2024-04-10 19:00:00,1503.0,1403.6005
2024-04-10 20:00:00,974.0,982.661
2024-04-10 21:00:00,872.0,847.22644
2024-04-10 22:00:00,751.0,743.8932
2024-04-10 23:00:00,454.0,579.4502
2024-04-11 00:00:00,221.0,393.9192
2024-04-11 01:00:00,129.0,190.01245
2024-04-11 02:00:00,69.0,125.61212
2024-04-11 03:00:00,65.0,111.85742
2024-04-11 04:00:00,90.0,124.427246
2024-04-11 05:00:00,457.0,279.9112
2024-04-11 06:00:00,1394.0,1259.463
2024-04-11 07:00:00,1841.0,1776.9258
2024-04-11 08:00:00,1766.0,1689.5497
2024-04-11 09:00:00,1630.0,1596.067
2024-04-11 10:00:00,1523.0,1564.4539
2024-04-11 11:00:00,1499.0,1561.9916
2024-04-11 12:00:00,1465.0,1557.3171
2024-04-11 13:00:00,1509.0,1610.344
2024-04-11 14:00:00,1688.0,1781.9573
2024-04-11 15:00:00,1990.0,2262.022
2024-04-11 16:00:00,2652.0,2609.0444
2024-04-11 17:00:00,2931.0,2619.6313
2024-04-11 18:00:00,2349.0,2388.4707
2024-04-11 19:00:00,1527.0,1596.5709
2024-04-11 20:00:00,1098.0,1042.6035
2024-04-11 21:00:00,937.0,912.97266
2024-04-11 22:00:00,783.0,806.51025
2024-04-11 23:00:00,530.0,680.86786
2024-04-12 00:00:00,237.0,457.2116
2024-04-12 01:00:00,135.0,217.71973
2024-04-12 02:00:00,86.0,122.49121
2024-04-12 03:00:00,88.0,98.664185
2024-04-12 04:00:00,135.0,120.27637
2024-04-12 05:00:00,432.0,284.72937
2024-04-12 06:00:00,1384.0,1133.7893
2024-04-12 07:00:00,1699.0,1711.7812
2024-04-12 08:00:00,1710.0,1714.8313
2024-04-12 09:00:00,1668.0,1656.5027
2024-04-12 10:00:00,1753.0,1628.103
2024-04-12 11:00:00,1720.0,1642.6528
2024-04-12 12:00:00,1790.0,1719.3986
2024-04-12 13:00:00,1893.0,1840.8267
2024-04-12 14:00:00,2156.0,2147.6182
2024-04-12 15:00:00,2465.0,2508.2239
2024-04-12 16:00:00,2859.0,2681.4985
2024-04-12 17:00:00,2783.0,2646.3438
2024-04-12 18:00:00,2327.0,2430.739
2024-04-12 19:00:00,1713.0,1883.916
2024-04-12 20:00:00,1125.0,1214.3427
2024-04-12 21:00:00,866.0,998.03265
2024-04-12 22:00:00,779.0,854.64624
2024-04-12 23:00:00,684.0,725.8391
2024-04-13 00:00:00,425.0,564.28723
2024-04-13 01:00:00,204.0,398.00305
2024-04-13 02:00:00,137.0,249.36096
2024-04-13 03:00:00,105.0,171.37115
2024-04-13 04:00:00,121.0,169.90955
2024-04-13 05:00:00,175.0,224.48029
2024-04-13 06:00:00,426.0,429.55365
2024-04-13 07:00:00,904.0,1262.767
2024-04-13 08:00:00,1378.0,1863.6995
2024-04-13 09:00:00,1867.0,2128.153
2024-04-13 10:00:00,2160.0,2202.7131
2024-04-13 11:00:00,2027.0,2229.9026
2024-04-13 12:00:00,2096.0,2220.0667
2024-04-13 13:00:00,1959.0,2149.4653
2024-04-13 14:00:00,1869.0,2031.6309
2024-04-13 15:00:00,1768.0,1900.9257
2024-04-13 16:00:00,1803.0,1787.665
2024-04-13 17:00:00,1835.0,1637.1256
2024-04-13 18:00:00,1515.0,1444.18
2024-04-13 19:00:00,1090.0,1149.3682
2024-04-13 20:00:00,945.0,899.73413
2024-04-13 21:00:00,844.0,802.5338
2024-04-13 22:00:00,867.0,739.9087
2024-04-13 23:00:00,830.0,668.34924
2024-04-14 00:00:00,516.0,475.5575
2024-04-14 01:00:00,332.0,382.84753
2024-04-14 02:00:00,195.0,259.135
2024-04-14 03:00:00,171.0,182.68817
2024-04-14 04:00:00,128.0,183.56384
2024-04-14 05:00:00,135.0,207.08368
2024-04-14 06:00:00,228.0,305.27356
2024-04-14 07:00:00,379.0,556.5928
2024-04-14 08:00:00,693.0,1086.3059
2024-04-14 09:00:00,1344.0,1718.8921
2024-04-14 10:00:00,1730.0,1966.8246
2024-04-14 11:00:00,1879.0,2005.8396
2024-04-14 12:00:00,1659.0,1948.149
2024-04-14 13:00:00,1623.0,1826.0072
2024-04-14 14:00:00,1461.0,1688.421
2024-04-14 15:00:00,1514.0,1572.269
2024-04-14 16:00:00,1675.0,1519.3478
2024-04-14 17:00:00,1645.0,1493.4703
2024-04-14 18:00:00,1417.0,1313.3748
2024-04-14 19:00:00,1231.0,1127.6892
2024-04-14 20:00:00,1094.0,877.7866
2024-04-14 21:00:00,816.0,785.8847
2024-04-14 22:00:00,531.0,680.75195
2024-04-14 23:00:00,323.0,581.53156
2024-04-15 00:00:00,141.0,300.55353
2024-04-15 01:00:00,78.0,156.85461
2024-04-15 02:00:00,47.0,115.4848
2024-04-15 03:00:00,48.0,117.547424
2024-04-15 04:00:00,101.0,155.61377
2024-04-15 05:00:00,477.0,333.5948
2024-04-15 06:00:00,1477.0,1307.3378
2024-04-15 07:00:00,1885.0,1710.4303
2024-04-15 08:00:00,1660.0,1640.4132
2024-04-15 09:00:00,1495.0,1511.2195
2024-04-15 10:00:00,1394.0,1448.5769
2024-04-15 11:00:00,1414.0,1390.8094
2024-04-15 12:00:00,1465.0,1364.3572
2024-04-15 13:00:00,1448.0,1430.6721
2024-04-15 14:00:00,1497.0,1518.2627
2024-04-15 15:00:00,1714.0,1945.0898
2024-04-15 16:00:00,2267.0,2481.621
2024-04-15 17:00:00,2492.0,2487.3608
2024-04-15 18:00:00,1826.0,2041.4133
2024-04-15 19:00:00,1129.0,1269.5975
2024-04-15 20:00:00,778.0,874.1521
2024-04-15 21:00:00,653.0,738.4192
2024-04-15 22:00:00,490.0,633.99927
2024-04-15 23:00:00,307.0,485.11725
2024-04-16 00:00:00,186.0,293.411
2024-04-16 01:00:00,101.0,149.26654
2024-04-16 02:00:00,72.0,120.116394
2024-04-16 03:00:00,70.0,119.81262
2024-04-16 04:00:00,121.0,189.51398
2024-04-16 05:00:00,414.0,355.2968
2024-04-16 06:00:00,1349.0,1275.0768
2024-04-16 07:00:00,1750.0,1623.0552
2024-04-16 08:00:00,1663.0,1626.5067
2024-04-16 09:00:00,1548.0,1554.7823
2024-04-16 10:00:00,1321.0,1486.427
2024-04-16 11:00:00,1305.0,1421.4521
2024-04-16 12:00:00,1368.0,1416.0093
2024-04-16 13:00:00,1383.0,1394.9607
2024-04-16 14:00:00,1427.0,1483.2185
2024-04-16 15:00:00,1831.0,1943.448
2024-04-16 16:00:00,2588.0,2549.731
2024-04-16 17:00:00,2988.0,2581.8423
2024-04-16 18:00:00,2303.0,2168.5889
2024-04-16 19:00:00,1380.0,1299.6163
2024-04-16 20:00:00,927.0,899.34265
2024-04-16 21:00:00,741.0,760.5359
2024-04-16 22:00:00,517.0,673.6778
2024-04-16 23:00:00,475.0,503.71088
2024-04-17 00:00:00,203.0,307.19153
2024-04-17 01:00:00,88.0,164.85602
2024-04-17 02:00:00,71.0,108.602844
2024-04-17 03:00:00,61.0,111.77954
2024-04-17 04:00:00,119.0,138.27179
2024-04-17 05:00:00,404.0,320.42767
2024-04-17 06:00:00,1379.0,1278.1135
2024-04-17 07:00:00,1778.0,1601.1809
2024-04-17 08:00:00,1725.0,1600.4675
2024-04-17 09:00:00,1383.0,1494.7734
2024-04-17 10:00:00,1390.0,1432.9058
2024-04-17 11:00:00,1417.0,1417.5393
2024-04-17 12:00:00,1434.0,1410.7037
2024-04-17 13:00:00,1550.0,1425.059
2024-04-17 14:00:00,1696.0,1515.4988
2024-04-17 15:00:00,1914.0,2018.725
2024-04-17 16:00:00,2500.0,2586.9
2024-04-17 17:00:00,2883.0,2610.9878
2024-04-17 18:00:00,2307.0,2303.9395
2024-04-17 19:00:00,1341.0,1483.0197
2024-04-17 20:00:00,823.0,971.2817
2024-04-17 21:00:00,802.0,798.43823
2024-04-17 22:00:00,635.0,738.17377
2024-04-17 23:00:00,388.0,581.3455
2024-04-18 00:00:00,246.0,395.74054
2024-04-18 01:00:00,108.0,190.88727
2024-04-18 02:00:00,62.0,126.109985
2024-04-18 03:00:00,79.0,111.67273
2024-04-18 04:00:00,115.0,126.092285
2024-04-18 05:00:00,446.0,284.14075
2024-04-18 06:00:00,1275.0,1231.8853
2024-04-18 07:00:00,1803.0,1556.1215
2024-04-18 08:00:00,1658.0,1583.9207
2024-04-18 09:00:00,1385.0,1526.8167
2024-04-18 10:00:00,1278.0,1515.6995
2024-04-18 11:00:00,1327.0,1518.9346
2024-04-18 12:00:00,1342.0,1525.4775
2024-04-18 13:00:00,1532.0,1585.0526
2024-04-18 14:00:00,1822.0,1796.4772
2024-04-18 15:00:00,2099.0,2335.7573
2024-04-18 16:00:00,2703.0,2640.9355
2024-04-18 17:00:00,2952.0,2649.4421
2024-04-18 18:00:00,2254.0,2457.119
2024-04-18 19:00:00,1418.0,1665.5989
2024-04-18 20:00:00,893.0,1062.5565
2024-04-18 21:00:00,784.0,914.86237
2024-04-18 22:00:00,716.0,807.32495
2024-04-18 23:00:00,509.0,681.89966
2024-04-19 00:00:00,259.0,466.69672
2024-04-19 01:00:00,129.0,221.16406
2024-04-19 02:00:00,77.0,121.94086
2024-04-19 03:00:00,77.0,94.806274
2024-04-19 04:00:00,111.0,113.84454
2024-04-19 05:00:00,377.0,286.17664
2024-04-19 06:00:00,1282.0,1120.5726
2024-04-19 07:00:00,1626.0,1649.8745
2024-04-19 08:00:00,1522.0,1621.6693
2024-04-19 09:00:00,1416.0,1596.499
2024-04-19 10:00:00,1522.0,1595.5746
2024-04-19 11:00:00,1493.0,1623.2205
2024-04-19 12:00:00,1709.0,1698.5796
2024-04-19 13:00:00,1940.0,1868.6138
2024-04-19 14:00:00,2082.0,2199.2656
2024-04-19 15:00:00,2505.0,2577.521
2024-04-19 16:00:00,2821.0,2691.0386
2024-04-19 17:00:00,2677.0,2663.0886
2024-04-19 18:00:00,2178.0,2467.585
2024-04-19 19:00:00,1517.0,1828.9219
2024-04-19 20:00:00,1102.0,1194.091
2024-04-19 21:00:00,820.0,951.31384
2024-04-19 22:00:00,751.0,802.9275
2024-04-19 23:00:00,636.0,735.52893
2024-04-20 00:00:00,363.0,563.79083
2024-04-20 01:00:00,208.0,390.6001
2024-04-20 02:00:00,106.0,364.07416
2024-04-20 03:00:00,71.0,159.60333
2024-04-20 04:00:00,109.0,167.6311
2024-04-20 05:00:00,134.0,222.79034
2024-04-20 06:00:00,310.0,436.9306
2024-04-20 07:00:00,650.0,1134.3091
2024-04-20 08:00:00,1339.0,1737.063
2024-04-20 09:00:00,1487.0,1999.246
2024-04-20 10:00:00,1826.0,2114.6921
2024-04-20 11:00:00,1988.0,2195.7593
2024-04-20 12:00:00,1924.0,2128.667
2024-04-20 13:00:00,2058.0,2050.1802
2024-04-20 14:00:00,1812.0,1955.2036
2024-04-20 15:00:00,1786.0,1872.1497
2024-04-20 16:00:00,1960.0,1800.1624
2024-04-20 17:00:00,1691.0,1705.5375
2024-04-20 18:00:00,1386.0,1461.1155
2024-04-20 19:00:00,1020.0,1036.0676
2024-04-20 20:00:00,794.0,889.4066
2024-04-20 21:00:00,781.0,800.0305
2024-04-20 22:00:00,800.0,740.7267
2024-04-20 23:00:00,858.0,688.3953
2024-04-21 00:00:00,509.0,494.50037
2024-04-21 01:00:00,301.0,389.7331
2024-04-21 02:00:00,161.0,254.97626
2024-04-21 03:00:00,152.0,169.7857
2024-04-21 04:00:00,105.0,172.57678
2024-04-21 05:00:00,114.0,195.39441
2024-04-21 06:00:00,163.0,255.42004
2024-04-21 07:00:00,242.0,484.6748
2024-04-21 08:00:00,511.0,870.44934
2024-04-21 09:00:00,904.0,1392.2231
2024-04-21 10:00:00,1160.0,1595.9778
2024-04-21 11:00:00,1291.0,1780.2083
2024-04-21 12:00:00,1282.0,1802.6619
2024-04-21 13:00:00,1311.0,1742.5878
2024-04-21 14:00:00,1358.0,1629.8948
2024-04-21 15:00:00,1398.0,1549.8922
2024-04-21 16:00:00,1451.0,1546.8623
2024-04-21 17:00:00,1558.0,1560.7329
2024-04-21 18:00:00,1255.0,1347.5114
2024-04-21 19:00:00,1130.0,1085.9935
2024-04-21 20:00:00,925.0,861.4573
2024-04-21 21:00:00,715.0,784.3258
2024-04-21 22:00:00,480.0,704.37805
2024-04-21 23:00:00,300.0,609.2404
2024-04-22 00:00:00,109.0,304.99652
2024-04-22 01:00:00,64.0,150.32288
2024-04-22 02:00:00,37.0,106.33508
2024-04-22 03:00:00,48.0,116.56494
2024-04-22 04:00:00,101.0,165.84058
2024-04-22 05:00:00,400.0,361.6269
2024-04-22 06:00:00,1374.0,1315.9935
2024-04-22 07:00:00,1760.0,1615.3691
2024-04-22 08:00:00,1565.0,1637.0449
2024-04-22 09:00:00,1330.0,1515.096
2024-04-22 10:00:00,1385.0,1441.6215
2024-04-22 11:00:00,1440.0,1404.6975
2024-04-22 12:00:00,1320.0,1400.9326
2024-04-22 13:00:00,1344.0,1415.5219
2024-04-22 14:00:00,1441.0,1521.5286
2024-04-22 15:00:00,1708.0,2041.0815
2024-04-22 16:00:00,2260.0,2552.1294
2024-04-22 17:00:00,2656.0,2559.4058
2024-04-22 18:00:00,1874.0,2094.0344
2024-04-22 19:00:00,1010.0,1309.7585
2024-04-22 20:00:00,680.0,879.77954
2024-04-22 21:00:00,579.0,743.52185
2024-04-22 22:00:00,380.0,646.01685
2024-04-22 23:00:00,247.0,491.5099
2024-04-23 00:00:00,116.0,292.0551
2024-04-23 01:00:00,64.0,142.40839
2024-04-23 02:00:00,48.0,120.55548
2024-04-23 03:00:00,38.0,117.81354
2024-04-23 04:00:00,101.0,153.12054
2024-04-23 05:00:00,411.0,319.59503
2024-04-23 06:00:00,1248.0,1314.1438
2024-04-23 07:00:00,1779.0,1724.0294
2024-04-23 08:00:00,1575.0,1614.6199
2024-04-23 09:00:00,1293.0,1492.6943
2024-04-23 10:00:00,1335.0,1418.0524
2024-04-23 11:00:00,1279.0,1396.7843
2024-04-23 12:00:00,1309.0,1397.9502
2024-04-23 13:00:00,1418.0,1398.0925
2024-04-23 14:00:00,1471.0,1483.0686
2024-04-23 15:00:00,1804.0,1988.1351
2024-04-23 16:00:00,2448.0,2572.8079
2024-04-23 17:00:00,2249.0,2594.9502
2024-04-23 18:00:00,2059.0,2188.0815
2024-04-23 19:00:00,1204.0,1315.9875
2024-04-23 20:00:00,819.0,931.07904
2024-04-23 21:00:00,624.0,793.53784
2024-04-23 22:00:00,562.0,675.3944
2024-04-23 23:00:00,332.0,514.0044
2024-04-24 00:00:00,140.0,335.08484
2024-04-24 01:00:00,63.0,164.88287
2024-04-24 02:00:00,37.0,127.119934
2024-04-24 03:00:00,51.0,120.12213
2024-04-24 04:00:00,108.0,148.1903
2024-04-24 05:00:00,424.0,324.40857
2024-04-24 06:00:00,1269.0,1310.3722
2024-04-24 07:00:00,1664.0,1712.4666
2024-04-24 08:00:00,1675.0,1604.5132
2024-04-24 09:00:00,1445.0,1521.3206
2024-04-24 10:00:00,1378.0,1474.1166
2024-04-24 11:00:00,1249.0,1437.534
2024-04-24 12:00:00,1386.0,1445.308
2024-04-24 13:00:00,1460.0,1460.3708
2024-04-24 14:00:00,1661.0,1558.1571
2024-04-24 15:00:00,1934.0,2079.4724
2024-04-24 16:00:00,2605.0,2590.642
2024-04-24 17:00:00,2810.0,2617.1868
2024-04-24 18:00:00,2241.0,2329.6602
2024-04-24 19:00:00,1260.0,1440.1592
2024-04-24 20:00:00,825.0,991.3031
2024-04-24 21:00:00,683.0,801.51917
2024-04-24 22:00:00,608.0,718.13116
2024-04-24 23:00:00,355.0,583.0365
2024-04-25 00:00:00,176.0,397.52124
2024-04-25 01:00:00,84.0,192.0733
2024-04-25 02:00:00,37.0,126.53638
2024-04-25 03:00:00,60.0,112.56354
2024-04-25 04:00:00,118.0,124.99164
2024-04-25 05:00:00,444.0,284.21564
2024-04-25 06:00:00,1337.0,1258.89
2024-04-25 07:00:00,1828.0,1672.2699
2024-04-25 08:00:00,1608.0,1619.5806
2024-04-25 09:00:00,1485.0,1542.207
2024-04-25 10:00:00,1446.0,1548.1136
2024-04-25 11:00:00,1454.0,1540.0052
2024-04-25 12:00:00,1433.0,1544.1053
2024-04-25 13:00:00,1473.0,1606.8619
2024-04-25 14:00:00,1732.0,1804.3079
2024-04-25 15:00:00,2046.0,2324.0312
2024-04-25 16:00:00,2621.0,2625.8662
2024-04-25 17:00:00,2846.0,2629.6145
2024-04-25 18:00:00,2280.0,2471.0857
2024-04-25 19:00:00,1408.0,1650.0884
2024-04-25 20:00:00,985.0,1058.711
2024-04-25 21:00:00,754.0,915.9501
2024-04-25 22:00:00,669.0,808.1224
2024-04-25 23:00:00,562.0,683.3514
2024-04-26 00:00:00,232.0,470.45746
2024-04-26 01:00:00,108.0,222.43658
2024-04-26 02:00:00,60.0,122.46289
2024-04-26 03:00:00,72.0,97.05066
2024-04-26 04:00:00,119.0,116.60266
2024-04-26 05:00:00,392.0,291.6573
2024-04-26 06:00:00,1305.0,1142.0718
2024-04-26 07:00:00,1712.0,1651.0569
2024-04-26 08:00:00,1544.0,1624.4032
2024-04-26 09:00:00,1552.0,1624.8904
2024-04-26 10:00:00,1615.0,1619.6653
2024-04-26 11:00:00,1616.0,1632.9927
2024-04-26 12:00:00,1728.0,1704.7878
2024-04-26 13:00:00,1930.0,1875.376
2024-04-26 14:00:00,2157.0,2180.0156
2024-04-26 15:00:00,2450.0,2546.4424
2024-04-26 16:00:00,2856.0,2698.9678
2024-04-26 17:00:00,2808.0,2670.4412
2024-04-26 18:00:00,2230.0,2482.0151
2024-04-26 19:00:00,1533.0,1907.3716
2024-04-26 20:00:00,1172.0,1241.4313
2024-04-26 21:00:00,841.0,1009.19385
2024-04-26 22:00:00,771.0,861.225
2024-04-26 23:00:00,733.0,734.40485
2024-04-27 00:00:00,413.0,578.3688
2024-04-27 01:00:00,224.0,404.7414
2024-04-27 02:00:00,134.0,251.63489
2024-04-27 03:00:00,100.0,166.75348
2024-04-27 04:00:00,110.0,168.53809
2024-04-27 05:00:00,230.0,229.01538
2024-04-27 06:00:00,444.0,547.32294
2024-04-27 07:00:00,844.0,1314.966
2024-04-27 08:00:00,1319.0,1911.0466
2024-04-27 09:00:00,1800.0,2141.914
2024-04-27 10:00:00,2172.0,2207.727
2024-04-27 11:00:00,2194.0,2233.8674
2024-04-27 12:00:00,2214.0,2224.323
2024-04-27 13:00:00,2138.0,2153.1982
2024-04-27 14:00:00,1851.0,2040.4248
2024-04-27 15:00:00,2140.0,1909.6425
2024-04-27 16:00:00,2046.0,1797.8545
2024-04-27 17:00:00,1900.0,1662.2991
2024-04-27 18:00:00,1677.0,1446.4462
2024-04-27 19:00:00,1235.0,1149.8862
2024-04-27 20:00:00,919.0,903.8062
2024-04-27 21:00:00,872.0,803.32935
2024-04-27 22:00:00,790.0,741.1034
2024-04-27 23:00:00,825.0,667.70154
2024-04-28 00:00:00,502.0,474.83557
2024-04-28 01:00:00,336.0,381.89453
2024-04-28 02:00:00,210.0,259.2887
2024-04-28 03:00:00,156.0,184.54266
2024-04-28 04:00:00,117.0,184.94073
2024-04-28 05:00:00,144.0,209.00519
2024-04-28 06:00:00,206.0,283.38495
2024-04-28 07:00:00,319.0,584.19415
2024-04-28 08:00:00,728.0,948.72345
2024-04-28 09:00:00,1182.0,1554.896
2024-04-28 10:00:00,1553.0,1837.9241
2024-04-28 11:00:00,1822.0,1912.6067
2024-04-28 12:00:00,1884.0,1893.8601
2024-04-28 13:00:00,1999.0,1780.4683
2024-04-28 14:00:00,1952.0,1614.0538
2024-04-28 15:00:00,1896.0,1541.6913
2024-04-28 16:00:00,2044.0,1535.3408
2024-04-28 17:00:00,1843.0,1564.925
2024-04-28 18:00:00,1607.0,1334.7695
2024-04-28 19:00:00,1196.0,1109.9064
2024-04-28 20:00:00,906.0,870.6277
2024-04-28 21:00:00,816.0,785.18176
2024-04-28 22:00:00,512.0,693.85144
2024-04-28 23:00:00,283.0,597.9897
2024-04-29 00:00:00,118.0,302.56927
2024-04-29 01:00:00,70.0,153.72443
2024-04-29 02:00:00,41.0,116.80768
2024-04-29 03:00:00,48.0,115.89032
2024-04-29 04:00:00,111.0,156.69855
2024-04-29 05:00:00,492.0,343.50934
2024-04-29 06:00:00,1410.0,1357.0178
2024-04-29 07:00:00,1865.0,1713.4688
2024-04-29 08:00:00,1732.0,1644.0504
2024-04-29 09:00:00,1451.0,1588.3112
2024-04-29 10:00:00,1416.0,1524.7273
2024-04-29 11:00:00,1355.0,1470.4451
2024-04-29 12:00:00,1350.0,1438.0815
2024-04-29 13:00:00,1347.0,1436.4312
2024-04-29 14:00:00,1503.0,1520.7814
2024-04-29 15:00:00,1770.0,1969.8293
2024-04-29 16:00:00,2407.0,2461.2751
2024-04-29 17:00:00,2673.0,2483.8267
2024-04-29 18:00:00,1954.0,2058.5073
2024-04-29 19:00:00,1115.0,1274.5375
2024-04-29 20:00:00,774.0,875.9323
2024-04-29 21:00:00,646.0,739.96643
2024-04-29 22:00:00,484.0,634.26227
2024-04-29 23:00:00,304.0,487.29816
2024-04-30 00:00:00,128.0,294.64386
2024-04-30 01:00:00,88.0,152.0213
2024-04-30 02:00:00,40.0,120.61572
2024-04-30 03:00:00,48.0,118.4552
2024-04-30 04:00:00,104.0,147.94696
2024-04-30 05:00:00,430.0,327.81323
2024-04-30 06:00:00,1319.0,1228.5385
2024-04-30 07:00:00,1815.0,1734.1853
2024-04-30 08:00:00,1743.0,1693.5729
2024-04-30 09:00:00,1477.0,1587.2457
2024-04-30 10:00:00,1438.0,1491.3002
2024-04-30 11:00:00,1374.0,1442.6997
2024-04-30 12:00:00,1357.0,1419.359
2024-04-30 13:00:00,1533.0,1417.0671
2024-04-30 14:00:00,1647.0,1467.6431
2024-04-30 15:00:00,1942.0,1899.9674
2024-04-30 16:00:00,2599.0,2491.1675
2024-04-30 17:00:00,2813.0,2559.037
2024-04-30 18:00:00,2359.0,2101.5835
2024-04-30 19:00:00,1610.0,1290.9702
2024-04-30 20:00:00,896.0,936.13184
2024-04-30 21:00:00,708.0,797.3175
2024-04-30 22:00:00,697.0,679.2605
2024-04-30 23:00:00,545.0,518.55536
2024-05-01 00:00:00,256.0,347.74237
2024-05-01 01:00:00,143.0,176.04126
2024-05-01 02:00:00,85.0,127.68323
2024-05-01 03:00:00,80.0,121.953
2024-05-01 04:00:00,136.0,141.6947
2024-05-01 05:00:00,371.0,315.00836
2024-05-01 06:00:00,1169.0,1256.7721
2024-05-01 07:00:00,1464.0,1752.6731
2024-05-01 08:00:00,1546.0,1686.9424
2024-05-01 09:00:00,1756.0,1513.1213
2024-05-01 10:00:00,1976.0,1473.6951
2024-05-01 11:00:00,1726.0,1450.7092
2024-05-01 12:00:00,1736.0,1445.6572
2024-05-01 13:00:00,1691.0,1485.6158
2024-05-01 14:00:00,1584.0,1555.2926
2024-05-01 15:00:00,1466.0,2033.5806
2024-05-01 16:00:00,1496.0,2532.0881
2024-05-01 17:00:00,1553.0,2591.9004
2024-05-01 18:00:00,1305.0,2195.746
2024-05-01 19:00:00,1044.0,1375.0767
2024-05-01 20:00:00,752.0,992.07556
2024-05-01 21:00:00,626.0,872.2721
2024-05-01 22:00:00,495.0,770.16235
2024-05-01 23:00:00,302.0,588.7785
2024-05-02 00:00:00,134.0,414.9928
2024-05-02 01:00:00,66.0,204.74683
2024-05-02 02:00:00,52.0,132.58276
2024-05-02 03:00:00,50.0,113.51001
2024-05-02 04:00:00,113.0,127.82477
2024-05-02 05:00:00,394.0,307.08875
2024-05-02 06:00:00,1320.0,1258.4863
2024-05-02 07:00:00,1794.0,1684.4619
2024-05-02 08:00:00,1695.0,1695.0587
2024-05-02 09:00:00,1413.0,1567.8776
2024-05-02 10:00:00,1463.0,1544.2584
2024-05-02 11:00:00,1323.0,1566.419
2024-05-02 12:00:00,1405.0,1542.3557
2024-05-02 13:00:00,1481.0,1628.2148
2024-05-02 14:00:00,1642.0,1870.636
2024-05-02 15:00:00,1911.0,2310.5654
2024-05-02 16:00:00,2425.0,2629.3774
2024-05-02 17:00:00,2669.0,2627.7036
2024-05-02 18:00:00,2203.0,2399.6045
2024-05-02 19:00:00,1285.0,1614.7417
2024-05-02 20:00:00,908.0,1053.704
2024-05-02 21:00:00,682.0,925.1184
2024-05-02 22:00:00,577.0,784.9619
2024-05-02 23:00:00,413.0,657.44653
2024-05-03 00:00:00,194.0,479.16278
2024-05-03 01:00:00,79.0,220.01672
2024-05-03 02:00:00,77.0,126.67932
2024-05-03 03:00:00,53.0,98.39081
2024-05-03 04:00:00,111.0,129.10248
2024-05-03 05:00:00,415.0,302.55695
2024-05-03 06:00:00,1121.0,1170.6702
2024-05-03 07:00:00,1621.0,1660.9879
2024-05-03 08:00:00,1390.0,1638.0105
2024-05-03 09:00:00,1388.0,1611.5377
2024-05-03 10:00:00,1487.0,1609.5315
2024-05-03 11:00:00,1589.0,1636.4417
2024-05-03 12:00:00,1630.0,1722.6975
2024-05-03 13:00:00,1768.0,1909.0254
2024-05-03 14:00:00,2043.0,2231.8652
2024-05-03 15:00:00,2380.0,2585.8318
2024-05-03 16:00:00,2692.0,2709.8003
2024-05-03 17:00:00,2712.0,2671.8242
2024-05-03 18:00:00,2226.0,2478.4092
2024-05-03 19:00:00,1409.0,1912.2734
2024-05-03 20:00:00,1003.0,1249.0242
2024-05-03 21:00:00,792.0,1020.2018
2024-05-03 22:00:00,638.0,872.13385
2024-05-03 23:00:00,626.0,740.01794
2024-05-04 00:00:00,394.0,577.5326
2024-05-04 01:00:00,200.0,406.4098
2024-05-04 02:00:00,118.0,250.4101
2024-05-04 03:00:00,105.0,170.5921
2024-05-04 04:00:00,117.0,172.44318
2024-05-04 05:00:00,201.0,233.66815
2024-05-04 06:00:00,438.0,495.0343
2024-05-04 07:00:00,760.0,1170.6841
2024-05-04 08:00:00,1270.0,1715.0542
2024-05-04 09:00:00,1679.0,2125.9126
2024-05-04 10:00:00,2044.0,2214.709
2024-05-04 11:00:00,1998.0,2219.0532
2024-05-04 12:00:00,1838.0,2211.3748
2024-05-04 13:00:00,1918.0,2165.0493
2024-05-04 14:00:00,1820.0,2042.6971
2024-05-04 15:00:00,1736.0,1915.4817
2024-05-04 16:00:00,1761.0,1803.0168
2024-05-04 17:00:00,1747.0,1668.5898
2024-05-04 18:00:00,1496.0,1453.4084
2024-05-04 19:00:00,1098.0,1165.4185
2024-05-04 20:00:00,905.0,910.17645
2024-05-04 21:00:00,827.0,803.2149
2024-05-04 22:00:00,754.0,740.92346
2024-05-04 23:00:00,811.0,672.6673
2024-05-05 00:00:00,553.0,479.56
2024-05-05 01:00:00,443.0,384.7033
2024-05-05 02:00:00,271.0,259.76886
2024-05-05 03:00:00,145.0,182.22375
2024-05-05 04:00:00,134.0,182.50763
2024-05-05 05:00:00,144.0,210.11694
2024-05-05 06:00:00,240.0,281.83234
2024-05-05 07:00:00,415.0,501.7384
2024-05-05 08:00:00,724.0,963.7614
2024-05-05 09:00:00,1173.0,1457.748
2024-05-05 10:00:00,1482.0,1826.6995
2024-05-05 11:00:00,1529.0,1863.1833
2024-05-05 12:00:00,1533.0,1837.9688
2024-05-05 13:00:00,1493.0,1791.0725
2024-05-05 14:00:00,1358.0,1643.6731
2024-05-05 15:00:00,1317.0,1544.6528
2024-05-05 16:00:00,1572.0,1534.953
2024-05-05 17:00:00,1586.0,1549.4028
2024-05-05 18:00:00,1513.0,1353.7383
2024-05-05 19:00:00,1203.0,1120.3723
2024-05-05 20:00:00,940.0,871.89526
2024-05-05 21:00:00,785.0,780.4259
2024-05-05 22:00:00,450.0,686.5065
2024-05-05 23:00:00,281.0,587.2086
2024-05-06 00:00:00,134.0,309.65485
2024-05-06 01:00:00,80.0,163.99805
2024-05-06 02:00:00,34.0,118.85071
2024-05-06 03:00:00,47.0,117.81915
2024-05-06 04:00:00,118.0,155.84894
2024-05-06 05:00:00,484.0,329.69794
2024-05-06 06:00:00,1437.0,1312.4028
2024-05-06 07:00:00,1843.0,1709.5049
2024-05-06 08:00:00,1682.0,1649.5625
2024-05-06 09:00:00,1406.0,1533.4363
2024-05-06 10:00:00,1392.0,1452.648
2024-05-06 11:00:00,1307.0,1405.1292
2024-05-06 12:00:00,1281.0,1398.0
2024-05-06 13:00:00,1330.0,1414.8151
2024-05-06 14:00:00,1444.0,1557.4714
2024-05-06 15:00:00,1703.0,1984.2142
2024-05-06 16:00:00,2360.0,2464.8787
2024-05-06 17:00:00,2697.0,2530.135
2024-05-06 18:00:00,2064.0,2056.3184
2024-05-06 19:00:00,1163.0,1282.5671
2024-05-06 20:00:00,745.0,883.0801
2024-05-06 21:00:00,563.0,747.1922
2024-05-06 22:00:00,437.0,631.2777
2024-05-06 23:00:00,261.0,494.42383
2024-05-07 00:00:00,156.0,302.63043
2024-05-07 01:00:00,72.0,153.68774
2024-05-07 02:00:00,44.0,108.4668
2024-05-07 03:00:00,55.0,127.2558
2024-05-07 04:00:00,100.0,145.25372
2024-05-07 05:00:00,421.0,330.2823
2024-05-07 06:00:00,1342.0,1255.7483
2024-05-07 07:00:00,1799.0,1618.4822
2024-05-07 08:00:00,1642.0,1585.8413
2024-05-07 09:00:00,1347.0,1485.2715
2024-05-07 10:00:00,1265.0,1405.405
2024-05-07 11:00:00,1308.0,1381.4569
2024-05-07 12:00:00,1327.0,1397.63
2024-05-07 13:00:00,1438.0,1398.9541
2024-05-07 14:00:00,1474.0,1483.0953
2024-05-07 15:00:00,1847.0,2015.8607
2024-05-07 16:00:00,2482.0,2508.5786
2024-05-07 17:00:00,2723.0,2567.0303
2024-05-07 18:00:00,2271.0,2180.6519
2024-05-07 19:00:00,1412.0,1282.0787
2024-05-07 20:00:00,950.0,892.81647
2024-05-07 21:00:00,719.0,766.72095
2024-05-07 22:00:00,571.0,680.94824
2024-05-07 23:00:00,334.0,515.0445
2024-05-08 00:00:00,171.0,347.44257
2024-05-08 01:00:00,95.0,165.8299
2024-05-08 02:00:00,43.0,110.75073
2024-05-08 03:00:00,60.0,121.84552
2024-05-08 04:00:00,95.0,142.6474
2024-05-08 05:00:00,428.0,315.89813
2024-05-08 06:00:00,1366.0,1261.0597
2024-05-08 07:00:00,1703.0,1592.2224
2024-05-08 08:00:00,1705.0,1618.2966
2024-05-08 09:00:00,1588.0,1510.0077
2024-05-08 10:00:00,1702.0,1461.9988
2024-05-08 11:00:00,1820.0,1443.204
2024-05-08 12:00:00,2120.0,1445.0107
2024-05-08 13:00:00,2170.0,1460.9895
2024-05-08 14:00:00,2613.0,1562.3616
2024-05-08 15:00:00,2879.0,2061.9795
2024-05-08 16:00:00,3271.0,2558.8574
2024-05-08 17:00:00,2941.0,2602.0154
2024-05-08 18:00:00,2877.0,2255.1143
2024-05-08 19:00:00,2422.0,1406.8689
2024-05-08 20:00:00,1777.0,991.35236
2024-05-08 21:00:00,1197.0,865.3169
2024-05-08 22:00:00,823.0,763.6341
2024-05-08 23:00:00,549.0,595.3049
2024-05-09 00:00:00,353.0,593.28546
2024-05-09 01:00:00,194.0,450.15698
2024-05-09 02:00:00,152.0,364.6042
2024-05-09 03:00:00,123.0,332.6737
2024-05-09 04:00:00,135.0,344.71362
2024-05-09 05:00:00,243.0,396.8094
2024-05-09 06:00:00,535.0,675.78784
2024-05-09 07:00:00,961.0,1203.9252
2024-05-09 08:00:00,1672.0,1656.7476
2024-05-09 09:00:00,2538.0,1918.1713
2024-05-09 10:00:00,2937.0,1922.5281
2024-05-09 11:00:00,2623.0,1942.1791
2024-05-09 12:00:00,2331.0,1942.844
2024-05-09 13:00:00,1916.0,1953.7244
2024-05-09 14:00:00,1817.0,1907.4365
2024-05-09 15:00:00,1425.0,1890.1062
2024-05-09 16:00:00,1354.0,1889.6741
2024-05-09 17:00:00,1465.0,1842.5952
2024-05-09 18:00:00,1228.0,1566.7635
2024-05-09 19:00:00,971.0,1297.7068
2024-05-09 20:00:00,825.0,1054.9976
2024-05-09 21:00:00,669.0,923.26825
2024-05-09 22:00:00,562.0,836.9974
2024-05-09 23:00:00,452.0,750.8405
2024-05-10 00:00:00,239.0,484.0703
2024-05-10 01:00:00,110.0,232.3551
2024-05-10 02:00:00,59.0,131.75226
2024-05-10 03:00:00,57.0,107.90735
2024-05-10 04:00:00,108.0,128.86841
2024-05-10 05:00:00,306.0,336.6289
2024-05-10 06:00:00,800.0,1136.7853
2024-05-10 07:00:00,1140.0,1722.8938
2024-05-10 08:00:00,1385.0,1734.2583
2024-05-10 09:00:00,1721.0,1677.2396
2024-05-10 10:00:00,2052.0,1647.54
2024-05-10 11:00:00,1865.0,1666.7395
2024-05-10 12:00:00,1798.0,1746.2
2024-05-10 13:00:00,1760.0,1876.9382
2024-05-10 14:00:00,1830.0,2182.3198
2024-05-10 15:00:00,1846.0,2524.187
2024-05-10 16:00:00,2044.0,2685.897
2024-05-10 17:00:00,2036.0,2649.2305
2024-05-10 18:00:00,1768.0,2448.287
2024-05-10 19:00:00,1248.0,1882.1005
2024-05-10 20:00:00,989.0,1227.764
2024-05-10 21:00:00,779.0,1015.3168
2024-05-10 22:00:00,675.0,869.7228
2024-05-10 23:00:00,608.0,733.70483
2024-05-11 00:00:00,329.0,567.1898
2024-05-11 01:00:00,201.0,402.39508
2024-05-11 02:00:00,119.0,249.0893
2024-05-11 03:00:00,97.0,172.71185
2024-05-11 04:00:00,105.0,173.39154
2024-05-11 05:00:00,174.0,242.67114
2024-05-11 06:00:00,349.0,598.11017
2024-05-11 07:00:00,686.0,1316.405
2024-05-11 08:00:00,1190.0,1892.6597
2024-05-11 09:00:00,1706.0,2137.056
2024-05-11 10:00:00,2010.0,2212.7056
2024-05-11 11:00:00,1842.0,2239.9001
2024-05-11 12:00:00,1824.0,2232.5637
2024-05-11 13:00:00,1682.0,2163.2876
2024-05-11 14:00:00,1600.0,2046.3525
2024-05-11 15:00:00,1480.0,1916.1204
2024-05-11 16:00:00,1586.0,1803.9114
2024-05-11 17:00:00,1625.0,1655.7535
2024-05-11 18:00:00,1474.0,1480.9431
2024-05-11 19:00:00,1114.0,1151.9149
2024-05-11 20:00:00,926.0,911.79065
2024-05-11 21:00:00,842.0,805.14044
2024-05-11 22:00:00,831.0,741.55334
2024-05-11 23:00:00,708.0,671.3851
2024-05-12 00:00:00,482.0,478.1748
2024-05-12 01:00:00,301.0,383.66412
2024-05-12 02:00:00,182.0,259.55548
2024-05-12 03:00:00,148.0,181.37689
2024-05-12 04:00:00,117.0,181.59839
2024-05-12 05:00:00,156.0,207.7132
2024-05-12 06:00:00,360.0,299.38763
2024-05-12 07:00:00,395.0,595.6356
2024-05-12 08:00:00,830.0,974.0298
2024-05-12 09:00:00,1372.0,1634.3337
2024-05-12 10:00:00,1812.0,1863.4133
2024-05-12 11:00:00,1957.0,2039.0645
2024-05-12 12:00:00,1749.0,1982.6569
2024-05-12 13:00:00,1577.0,1863.4292
2024-05-12 14:00:00,1521.0,1713.3501
2024-05-12 15:00:00,1640.0,1590.0735
2024-05-12 16:00:00,1679.0,1540.9034
2024-05-12 17:00:00,1693.0,1547.9165
2024-05-12 18:00:00,1498.0,1355.7638
2024-05-12 19:00:00,1304.0,1127.183
2024-05-12 20:00:00,1095.0,876.25024
2024-05-12 21:00:00,945.0,781.442
2024-05-12 22:00:00,625.0,681.48035
2024-05-12 23:00:00,435.0,586.3652
2024-05-13 00:00:00,312.0,310.3495
2024-05-13 01:00:00,206.0,165.57928
2024-05-13 02:00:00,83.0,119.28906
2024-05-13 03:00:00,76.0,118.48328
2024-05-13 04:00:00,126.0,156.12512
2024-05-13 05:00:00,493.0,322.66577
2024-05-13 06:00:00,1530.0,1303.4338
2024-05-13 07:00:00,1743.0,1707.9934
2024-05-13 08:00:00,1671.0,1649.721
2024-05-13 09:00:00,1415.0,1533.6279
2024-05-13 10:00:00,1356.0,1454.1265
2024-05-13 11:00:00,1350.0,1406.3098
2024-05-13 12:00:00,1315.0,1394.05
2024-05-13 13:00:00,1302.0,1414.5139
2024-05-13 14:00:00,1357.0,1540.2999
2024-05-13 15:00:00,1684.0,1992.3787
2024-05-13 16:00:00,2406.0,2469.733
2024-05-13 17:00:00,2694.0,2480.6565
2024-05-13 18:00:00,2147.0,2042.8613
2024-05-13 19:00:00,1240.0,1244.2145
2024-05-13 20:00:00,859.0,881.169
2024-05-13 21:00:00,582.0,746.6814
2024-05-13 22:00:00,483.0,639.94904
2024-05-13 23:00:00,282.0,494.3177
2024-05-14 00:00:00,125.0,301.9308
2024-05-14 01:00:00,72.0,154.77344
2024-05-14 02:00:00,30.0,123.140686
2024-05-14 03:00:00,43.0,119.586365
2024-05-14 04:00:00,139.0,145.86707
2024-05-14 05:00:00,458.0,348.878
2024-05-14 06:00:00,1391.0,1187.1255
2024-05-14 07:00:00,1819.0,1725.044
2024-05-14 08:00:00,1741.0,1698.946
2024-05-14 09:00:00,1560.0,1593.8184
2024-05-14 10:00:00,1438.0,1497.2383
2024-05-14 11:00:00,1403.0,1448.196
2024-05-14 12:00:00,1397.0,1425.293
2024-05-14 13:00:00,1398.0,1427.5239
2024-05-14 14:00:00,1539.0,1495.5349
2024-05-14 15:00:00,1828.0,1984.7809
2024-05-14 16:00:00,2482.0,2514.2085
2024-05-14 17:00:00,2882.0,2554.5132
2024-05-14 18:00:00,2282.0,2078.8213
2024-05-14 19:00:00,1360.0,1284.8475
2024-05-14 20:00:00,862.0,937.1856
2024-05-14 21:00:00,657.0,803.4142
2024-05-14 22:00:00,572.0,685.4895
2024-05-14 23:00:00,354.0,527.6422
2024-05-15 00:00:00,148.0,349.29266
2024-05-15 01:00:00,70.0,176.72986
2024-05-15 02:00:00,51.0,127.76288
2024-05-15 03:00:00,49.0,122.39136
2024-05-15 04:00:00,107.0,141.97937
2024-05-15 05:00:00,424.0,317.722
2024-05-15 06:00:00,1423.0,1263.7552
2024-05-15 07:00:00,1767.0,1706.2661
2024-05-15 08:00:00,1785.0,1614.8636
2024-05-15 09:00:00,1395.0,1512.45
2024-05-15 10:00:00,1396.0,1463.0969
2024-05-15 11:00:00,1438.0,1444.1526
2024-05-15 12:00:00,1460.0,1444.1403
2024-05-15 13:00:00,1633.0,1459.8055
2024-05-15 14:00:00,1682.0,1563.6115
2024-05-15 15:00:00,1872.0,2066.5176
2024-05-15 16:00:00,2517.0,2556.6377
2024-05-15 17:00:00,2895.0,2596.9866
2024-05-15 18:00:00,2328.0,2223.541
2024-05-15 19:00:00,1368.0,1386.5667
2024-05-15 20:00:00,885.0,991.0795
2024-05-15 21:00:00,694.0,866.41565
2024-05-15 22:00:00,610.0,763.9075
2024-05-15 23:00:00,409.0,595.5179
2024-05-16 00:00:00,166.0,417.4027
2024-05-16 01:00:00,80.0,204.18304
2024-05-16 02:00:00,55.0,131.85156
2024-05-16 03:00:00,54.0,113.92529
2024-05-16 04:00:00,99.0,127.05499
2024-05-16 05:00:00,475.0,295.9024
2024-05-16 06:00:00,1399.0,1221.4031
2024-05-16 07:00:00,1815.0,1753.0079
2024-05-16 08:00:00,1765.0,1704.8667
2024-05-16 09:00:00,1404.0,1616.3445
2024-05-16 10:00:00,1479.0,1564.0436
2024-05-16 11:00:00,1473.0,1532.5477
2024-05-16 12:00:00,1498.0,1542.6262
2024-05-16 13:00:00,1614.0,1629.206
2024-05-16 14:00:00,1685.0,1880.7388
2024-05-16 15:00:00,1959.0,2288.6357
2024-05-16 16:00:00,2608.0,2633.4292
2024-05-16 17:00:00,2822.0,2629.3975
2024-05-16 18:00:00,2400.0,2357.3853
2024-05-16 19:00:00,1593.0,1606.5544
2024-05-16 20:00:00,988.0,1071.713
2024-05-16 21:00:00,713.0,918.98517
2024-05-16 22:00:00,621.0,798.1848
2024-05-16 23:00:00,392.0,689.08057
2024-05-17 00:00:00,201.0,499.6219
2024-05-17 01:00:00,98.0,222.76624
2024-05-17 02:00:00,53.0,133.48383
2024-05-17 03:00:00,56.0,148.78839
2024-05-17 04:00:00,113.0,149.33789
2024-05-17 05:00:00,418.0,388.2301
2024-05-17 06:00:00,1246.0,1179.4589
2024-05-17 07:00:00,1659.0,1524.604
2024-05-17 08:00:00,1587.0,1623.3104
2024-05-17 09:00:00,1649.0,1613.9641
2024-05-17 10:00:00,1820.0,1612.0769
2024-05-17 11:00:00,1958.0,1640.8794
2024-05-17 12:00:00,2256.0,1732.9551
2024-05-17 13:00:00,2308.0,1882.1448
2024-05-17 14:00:00,2647.0,2187.1455
2024-05-17 15:00:00,3065.0,2553.957
2024-05-17 16:00:00,2944.0,2693.6768
2024-05-17 17:00:00,2571.0,2657.214
2024-05-17 18:00:00,2478.0,2461.2573
2024-05-17 19:00:00,2061.0,1908.0668
2024-05-17 20:00:00,1445.0,1243.5292
2024-05-17 21:00:00,1069.0,1018.78436
2024-05-17 22:00:00,899.0,871.9092
2024-05-17 23:00:00,682.0,739.3978
2024-05-18 00:00:00,414.0,575.4909
2024-05-18 01:00:00,270.0,405.70593
2024-05-18 02:00:00,145.0,249.65369
2024-05-18 03:00:00,157.0,171.06989
2024-05-18 04:00:00,270.0,173.67194
2024-05-18 05:00:00,509.0,234.74731
2024-05-18 06:00:00,1027.0,494.5055
2024-05-18 07:00:00,1389.0,1319.2999
2024-05-18 08:00:00,1914.0,1894.3765
2024-05-18 09:00:00,2551.0,2138.0552
2024-05-18 10:00:00,2768.0,2213.8994
2024-05-18 11:00:00,2758.0,2223.2754
2024-05-18 12:00:00,2446.0,2204.169
2024-05-18 13:00:00,2346.0,2162.0251
2024-05-18 14:00:00,2046.0,2003.1876
2024-05-18 15:00:00,1864.0,1891.3264
2024-05-18 16:00:00,1870.0,1778.1455
2024-05-18 17:00:00,1867.0,1679.4476
2024-05-18 18:00:00,1435.0,1418.0894
2024-05-18 19:00:00,1200.0,1080.1661
2024-05-18 20:00:00,876.0,913.47034
2024-05-18 21:00:00,828.0,805.9696
2024-05-18 22:00:00,770.0,728.2379
2024-05-18 23:00:00,675.0,675.0465
2024-05-19 00:00:00,424.0,481.623
2024-05-19 01:00:00,272.0,385.5251
2024-05-19 02:00:00,187.0,259.1219
2024-05-19 03:00:00,121.0,179.57697
2024-05-19 04:00:00,122.0,181.14777
2024-05-19 05:00:00,132.0,210.47858
2024-05-19 06:00:00,215.0,284.10327
2024-05-19 07:00:00,409.0,584.2989
2024-05-19 08:00:00,866.0,1166.3335
2024-05-19 09:00:00,1648.0,1793.1976
2024-05-19 10:00:00,2148.0,2002.5
2024-05-19 11:00:00,2183.0,2036.2983
2024-05-19 12:00:00,1986.0,1912.0403
2024-05-19 13:00:00,1757.0,1809.1069
2024-05-19 14:00:00,1672.0,1626.9467
2024-05-19 15:00:00,1531.0,1585.887
2024-05-19 16:00:00,1367.0,1544.043
2024-05-19 17:00:00,1350.0,1540.983
2024-05-19 18:00:00,1216.0,1349.609
2024-05-19 19:00:00,1063.0,1121.2997
2024-05-19 20:00:00,914.0,872.812
2024-05-19 21:00:00,818.0,780.21814
2024-05-19 22:00:00,639.0,689.765
2024-05-19 23:00:00,552.0,595.2771
2024-05-20 00:00:00,285.0,459.3531
2024-05-20 01:00:00,187.0,392.75696
2024-05-20 02:00:00,108.0,362.2885
2024-05-20 03:00:00,62.0,331.97766
2024-05-20 04:00:00,75.0,318.69366
2024-05-20 05:00:00,106.0,347.41113
2024-05-20 06:00:00,214.0,468.04382
2024-05-20 07:00:00,373.0,709.90344
2024-05-20 08:00:00,765.0,1174.371
2024-05-20 09:00:00,1203.0,1483.1716
2024-05-20 10:00:00,1750.0,1658.1819
2024-05-20 11:00:00,1718.0,1646.987
2024-05-20 12:00:00,1507.0,1677.5316
2024-05-20 13:00:00,1510.0,1691.2544
2024-05-20 14:00:00,1371.0,1670.7681
2024-05-20 15:00:00,1447.0,1674.0034
2024-05-20 16:00:00,1516.0,1676.818
2024-05-20 17:00:00,1545.0,1607.4448
2024-05-20 18:00:00,1363.0,1379.9635
2024-05-20 19:00:00,1131.0,1185.3231
2024-05-20 20:00:00,1016.0,1006.51715
2024-05-20 21:00:00,810.0,845.79626
2024-05-20 22:00:00,510.0,697.4193
2024-05-20 23:00:00,317.0,580.2524
2024-05-21 00:00:00,137.0,301.8415
2024-05-21 01:00:00,68.0,158.84558
2024-05-21 02:00:00,37.0,123.04999
2024-05-21 03:00:00,43.0,120.07428
2024-05-21 04:00:00,115.0,151.23517
2024-05-21 05:00:00,492.0,338.51764
2024-05-21 06:00:00,1498.0,1244.8352
2024-05-21 07:00:00,1931.0,1622.2421
2024-05-21 08:00:00,1800.0,1585.2292
2024-05-21 09:00:00,1492.0,1498.4075
2024-05-21 10:00:00,1421.0,1406.2756
2024-05-21 11:00:00,1406.0,1381.7583
2024-05-21 12:00:00,1375.0,1374.0175
2024-05-21 13:00:00,1339.0,1397.9183
2024-05-21 14:00:00,1583.0,1478.7295
2024-05-21 15:00:00,1853.0,1988.5732
2024-05-21 16:00:00,2470.0,2560.6694
2024-05-21 17:00:00,2839.0,2556.0713
2024-05-21 18:00:00,2270.0,2102.0654
2024-05-21 19:00:00,1370.0,1286.4109
2024-05-21 20:00:00,841.0,936.7712
2024-05-21 21:00:00,601.0,769.5209
2024-05-21 22:00:00,513.0,664.57385
2024-05-21 23:00:00,315.0,529.59424
2024-05-22 00:00:00,151.0,348.96582
2024-05-22 01:00:00,77.0,175.65082
2024-05-22 02:00:00,39.0,128.24384
2024-05-22 03:00:00,47.0,122.44696
2024-05-22 04:00:00,103.0,142.50836
2024-05-22 05:00:00,463.0,331.9911
2024-05-22 06:00:00,1374.0,1268.7891
2024-05-22 07:00:00,1753.0,1705.8252
2024-05-22 08:00:00,1736.0,1612.9543
2024-05-22 09:00:00,1401.0,1512.1534
2024-05-22 10:00:00,1491.0,1472.1666
2024-05-22 11:00:00,1506.0,1444.8292
2024-05-22 12:00:00,1495.0,1470.6132
2024-05-22 13:00:00,1479.0,1458.8909
2024-05-22 14:00:00,1727.0,1551.9497
2024-05-22 15:00:00,1934.0,2047.7537
2024-05-22 16:00:00,2475.0,2547.4333
2024-05-22 17:00:00,2933.0,2594.7993
2024-05-22 18:00:00,2312.0,2235.2432
2024-05-22 19:00:00,1482.0,1392.2972
2024-05-22 20:00:00,865.0,993.4076
2024-05-22 21:00:00,688.0,821.2411
2024-05-22 22:00:00,597.0,730.8131
2024-05-22 23:00:00,373.0,594.1857
2024-05-23 00:00:00,176.0,418.63666
2024-05-23 01:00:00,64.0,204.49902
2024-05-23 02:00:00,46.0,132.41614
2024-05-23 03:00:00,53.0,113.72461
2024-05-23 04:00:00,147.0,128.10645
2024-05-23 05:00:00,451.0,310.2547
2024-05-23 06:00:00,1445.0,1261.6404
2024-05-23 07:00:00,1830.0,1632.5232
2024-05-23 08:00:00,1719.0,1583.4534
2024-05-23 09:00:00,1436.0,1537.9413
2024-05-23 10:00:00,1450.0,1522.1106
2024-05-23 11:00:00,1473.0,1520.4019
2024-05-23 12:00:00,1521.0,1530.9087
2024-05-23 13:00:00,1495.0,1624.5175
2024-05-23 14:00:00,1713.0,1870.6871
2024-05-23 15:00:00,2044.0,2312.5454
2024-05-23 16:00:00,2578.0,2626.7483
2024-05-23 17:00:00,2802.0,2623.5708
2024-05-23 18:00:00,2279.0,2396.5317
2024-05-23 19:00:00,1527.0,1616.8956
2024-05-23 20:00:00,874.0,1054.8235
2024-05-23 21:00:00,740.0,926.7477
2024-05-23 22:00:00,656.0,818.16034
2024-05-23 23:00:00,427.0,695.61365
2024-05-24 00:00:00,194.0,485.18848
2024-05-24 01:00:00,86.0,233.75781
2024-05-24 02:00:00,51.0,132.73883
2024-05-24 03:00:00,58.0,108.766174
2024-05-24 04:00:00,112.0,130.97015
2024-05-24 05:00:00,447.0,318.79138
2024-05-24 06:00:00,1306.0,1195.5348
2024-05-24 07:00:00,1669.0,1664.7808
2024-05-24 08:00:00,1562.0,1641.0498
2024-05-24 09:00:00,1495.0,1619.6802
2024-05-24 10:00:00,1663.0,1630.167
2024-05-24 11:00:00,1758.0,1667.4885
2024-05-24 12:00:00,1826.0,1745.6172
2024-05-24 13:00:00,1939.0,1890.7946
2024-05-24 14:00:00,2248.0,2186.5588
2024-05-24 15:00:00,2453.0,2518.9414
2024-05-24 16:00:00,2868.0,2688.8474
2024-05-24 17:00:00,2663.0,2671.9644
2024-05-24 18:00:00,2402.0,2484.7578
2024-05-24 19:00:00,1604.0,1907.0408
2024-05-24 20:00:00,1148.0,1251.5898
2024-05-24 21:00:00,918.0,1021.26355
2024-05-24 22:00:00,816.0,873.4363
2024-05-24 23:00:00,791.0,741.0532
2024-05-25 00:00:00,433.0,575.4601
2024-05-25 01:00:00,240.0,405.3761
2024-05-25 02:00:00,152.0,249.26483
2024-05-25 03:00:00,116.0,171.57202
2024-05-25 04:00:00,136.0,174.10577
2024-05-25 05:00:00,216.0,238.5716
2024-05-25 06:00:00,502.0,486.53577
2024-05-25 07:00:00,933.0,1200.7266
2024-05-25 08:00:00,1488.0,1902.0784
2024-05-25 09:00:00,2088.0,2137.1125
2024-05-25 10:00:00,2334.0,2215.0186
2024-05-25 11:00:00,2311.0,2240.7324
2024-05-25 12:00:00,2243.0,2237.149
2024-05-25 13:00:00,2215.0,2168.4895
2024-05-25 14:00:00,2087.0,2045.4272
2024-05-25 15:00:00,1926.0,1897.8352
2024-05-25 16:00:00,1985.0,1813.4287
2024-05-25 17:00:00,1994.0,1668.9387
2024-05-25 18:00:00,1596.0,1485.1539
2024-05-25 19:00:00,1125.0,1164.0688
2024-05-25 20:00:00,880.0,914.5913
2024-05-25 21:00:00,860.0,806.22626
2024-05-25 22:00:00,888.0,742.0327
2024-05-25 23:00:00,899.0,676.5578
2024-05-26 00:00:00,594.0,483.18872
2024-05-26 01:00:00,409.0,385.84015
2024-05-26 02:00:00,244.0,258.88818
2024-05-26 03:00:00,168.0,178.62787
2024-05-26 04:00:00,165.0,179.01575
2024-05-26 05:00:00,178.0,213.53876
2024-05-26 06:00:00,274.0,322.88104
2024-05-26 07:00:00,501.0,606.1657
2024-05-26 08:00:00,1076.0,1192.384
2024-05-26 09:00:00,1679.0,1788.1752
2024-05-26 10:00:00,1790.0,2002.325
2024-05-26 11:00:00,1909.0,2044.8636
2024-05-26 12:00:00,1844.0,1990.4055
2024-05-26 13:00:00,1750.0,1770.7642
2024-05-26 14:00:00,1617.0,1631.3599
2024-05-26 15:00:00,1521.0,1545.3727
2024-05-26 16:00:00,1712.0,1542.6783
2024-05-26 17:00:00,1801.0,1559.4099
2024-05-26 18:00:00,1533.0,1357.1329
2024-05-26 19:00:00,1292.0,1125.1604
2024-05-26 20:00:00,855.0,875.7872
2024-05-26 21:00:00,740.0,782.03424
2024-05-26 22:00:00,548.0,683.01953
2024-05-26 23:00:00,349.0,586.08514
2024-05-27 00:00:00,185.0,310.68048
2024-05-27 01:00:00,67.0,165.47125
2024-05-27 02:00:00,51.0,119.57977
2024-05-27 03:00:00,49.0,118.11755
2024-05-27 04:00:00,103.0,152.49023
2024-05-27 05:00:00,493.0,373.22034
2024-05-27 06:00:00,1461.0,1279.7961
2024-05-27 07:00:00,1867.0,1709.7632
2024-05-27 08:00:00,1838.0,1703.9807
2024-05-27 09:00:00,1457.0,1558.5104
2024-05-27 10:00:00,1364.0,1455.5613
2024-05-27 11:00:00,1334.0,1408.0612
2024-05-27 12:00:00,1351.0,1370.0277
2024-05-27 13:00:00,1424.0,1387.5009
2024-05-27 14:00:00,1507.0,1559.12
2024-05-27 15:00:00,1825.0,2045.3107
2024-05-27 16:00:00,2408.0,2448.9214
2024-05-27 17:00:00,2680.0,2518.0193
2024-05-27 18:00:00,2084.0,2172.5898
2024-05-27 19:00:00,1302.0,1189.9701
2024-05-27 20:00:00,797.0,866.2489
2024-05-27 21:00:00,632.0,719.1239
2024-05-27 22:00:00,487.0,621.2837
2024-05-27 23:00:00,295.0,498.82385
2024-05-28 00:00:00,124.0,300.21277
2024-05-28 01:00:00,72.0,137.67078
2024-05-28 02:00:00,41.0,108.39801
2024-05-28 03:00:00,54.0,111.09442
2024-05-28 04:00:00,132.0,146.11499
2024-05-28 05:00:00,472.0,316.32727
2024-05-28 06:00:00,1431.0,1262.3304
2024-05-28 07:00:00,1885.0,1711.6525
2024-05-28 08:00:00,1905.0,1630.0011
2024-05-28 09:00:00,1481.0,1503.7897
2024-05-28 10:00:00,1405.0,1426.2068
2024-05-28 11:00:00,1384.0,1422.5405
2024-05-28 12:00:00,1383.0,1397.2777
2024-05-28 13:00:00,1464.0,1426.2325
2024-05-28 14:00:00,1540.0,1493.5322
2024-05-28 15:00:00,1901.0,1987.3918
2024-05-28 16:00:00,2606.0,2536.2793
2024-05-28 17:00:00,2838.0,2534.0232
2024-05-28 18:00:00,2233.0,2112.5127
2024-05-28 19:00:00,1530.0,1275.7662
2024-05-28 20:00:00,978.0,936.6815
2024-05-28 21:00:00,707.0,802.9949
2024-05-28 22:00:00,634.0,686.4286
2024-05-28 23:00:00,406.0,530.2268
2024-05-29 00:00:00,175.0,348.9887
2024-05-29 01:00:00,71.0,175.13617
2024-05-29 02:00:00,51.0,128.43597
2024-05-29 03:00:00,49.0,122.44379
2024-05-29 04:00:00,114.0,143.1294
2024-05-29 05:00:00,493.0,318.56732
2024-05-29 06:00:00,1385.0,1269.4722
2024-05-29 07:00:00,1881.0,1705.1367
2024-05-29 08:00:00,1901.0,1613.2969
2024-05-29 09:00:00,1611.0,1514.8116
2024-05-29 10:00:00,1497.0,1502.4558
2024-05-29 11:00:00,1524.0,1470.1709
2024-05-29 12:00:00,1571.0,1444.4971
2024-05-29 13:00:00,1743.0,1461.0782
2024-05-29 14:00:00,1801.0,1562.0024
2024-05-29 15:00:00,2085.0,2035.5615
2024-05-29 16:00:00,2703.0,2552.9453
2024-05-29 17:00:00,2977.0,2591.0107
2024-05-29 18:00:00,2495.0,2241.5222
2024-05-29 19:00:00,1712.0,1398.0989
2024-05-29 20:00:00,1017.0,990.7834
2024-05-29 21:00:00,753.0,867.8629
2024-05-29 22:00:00,661.0,769.07996
2024-05-29 23:00:00,439.0,592.99646
2024-05-30 00:00:00,218.0,566.847
2024-05-30 01:00:00,88.0,470.42023
2024-05-30 02:00:00,47.0,348.5
2024-05-30 03:00:00,57.0,338.4552
2024-05-30 04:00:00,119.0,336.4953
2024-05-30 05:00:00,372.0,393.17853
2024-05-30 06:00:00,1104.0,679.07043
2024-05-30 07:00:00,1408.0,1215.8969
2024-05-30 08:00:00,1558.0,1560.5308
2024-05-30 09:00:00,1677.0,1755.2439
2024-05-30 10:00:00,1798.0,1971.6267
2024-05-30 11:00:00,1938.0,1975.9077
2024-05-30 12:00:00,1699.0,1850.1404
2024-05-30 13:00:00,1738.0,1951.658
2024-05-30 14:00:00,1838.0,1883.9972
2024-05-30 15:00:00,2001.0,1841.9915
2024-05-30 16:00:00,2508.0,1888.1926
2024-05-30 17:00:00,2418.0,1839.3235
2024-05-30 18:00:00,2222.0,1589.888
2024-05-30 19:00:00,1473.0,1269.8594
2024-05-30 20:00:00,1080.0,1025.0652
2024-05-30 21:00:00,861.0,885.46643
2024-05-30 22:00:00,653.0,800.2136
2024-05-30 23:00:00,511.0,724.2921
2024-05-31 00:00:00,218.0,485.01617
2024-05-31 01:00:00,109.0,473.61603
2024-05-31 02:00:00,78.0,134.84937
2024-05-31 03:00:00,60.0,102.352844
2024-05-31 04:00:00,115.0,129.85571
2024-05-31 05:00:00,402.0,318.2166
2024-05-31 06:00:00,1161.0,1141.9104
2024-05-31 07:00:00,1516.0,1535.8811
2024-05-31 08:00:00,1454.0,1614.0276
2024-05-31 09:00:00,1494.0,1609.3752
2024-05-31 10:00:00,1651.0,1602.769
2024-05-31 11:00:00,1772.0,1623.3348
2024-05-31 12:00:00,1879.0,1671.9868
2024-05-31 13:00:00,1916.0,1857.5109
2024-05-31 14:00:00,2151.0,2171.5176
2024-05-31 15:00:00,2426.0,2544.8516
2024-05-31 16:00:00,2718.0,2706.8047
2024-05-31 17:00:00,2546.0,2673.3118
2024-05-31 18:00:00,2200.0,2455.295
2024-05-31 19:00:00,1549.0,1801.988
2024-05-31 20:00:00,1062.0,1206.7086
2024-05-31 21:00:00,855.0,970.26013
2024-05-31 22:00:00,745.0,816.7391
2024-05-31 23:00:00,601.0,703.41986
2024-06-01 00:00:00,425.0,544.862
2024-06-01 01:00:00,228.0,389.28583
2024-06-01 02:00:00,135.0,242.04364
2024-06-01 03:00:00,118.0,161.70367
2024-06-01 04:00:00,90.0,163.71631
2024-06-01 05:00:00,167.0,236.03223
2024-06-01 06:00:00,394.0,435.31097
2024-06-01 07:00:00,658.0,883.00946
2024-06-01 08:00:00,1154.0,1712.3108
2024-06-01 09:00:00,1665.0,2070.8262
2024-06-01 10:00:00,1972.0,2152.9387
2024-06-01 11:00:00,2163.0,2180.3665
2024-06-01 12:00:00,2229.0,2165.388
2024-06-01 13:00:00,2116.0,2117.2136
2024-06-01 14:00:00,2006.0,2001.7776
2024-06-01 15:00:00,1894.0,1883.8955
2024-06-01 16:00:00,1896.0,1788.6145
2024-06-01 17:00:00,1869.0,1685.8973
2024-06-01 18:00:00,1552.0,1449.74
2024-06-01 19:00:00,1210.0,1165.6719
2024-06-01 20:00:00,970.0,1241.235
2024-06-01 21:00:00,803.0,790.604
2024-06-01 22:00:00,804.0,741.15686
2024-06-01 23:00:00,928.0,674.277
2024-06-02 00:00:00,565.0,482.53717
2024-06-02 01:00:00,386.0,382.49512
2024-06-02 02:00:00,239.0,256.8717
2024-06-02 03:00:00,153.0,185.1607
2024-06-02 04:00:00,152.0,168.52002
2024-06-02 05:00:00,175.0,197.71155
2024-06-02 06:00:00,470.0,269.6131
2024-06-02 07:00:00,371.0,507.69257
2024-06-02 08:00:00,678.0,960.78064
2024-06-02 09:00:00,1105.0,1459.72
2024-06-02 10:00:00,1516.0,1834.3765
2024-06-02 11:00:00,1633.0,1870.2625
2024-06-02 12:00:00,1528.0,1889.262
2024-06-02 13:00:00,1484.0,1757.031
2024-06-02 14:00:00,1582.0,1624.3286
2024-06-02 15:00:00,1553.0,1542.3901
2024-06-02 16:00:00,1687.0,1550.8237
2024-06-02 17:00:00,1703.0,1565.4016
2024-06-02 18:00:00,1522.0,1296.6486
2024-06-02 19:00:00,1317.0,1086.4503
2024-06-02 20:00:00,1050.0,858.7093
2024-06-02 21:00:00,682.0,2589.4067
2024-06-02 22:00:00,545.0,767.95074
2024-06-02 23:00:00,318.0,588.87646
2024-06-03 00:00:00,171.0,305.67438
2024-06-03 01:00:00,91.0,163.56494
2024-06-03 02:00:00,37.0,115.3681
2024-06-03 03:00:00,57.0,147.52368
2024-06-03 04:00:00,106.0,414.7912
2024-06-03 05:00:00,530.0,351.5207
2024-06-03 06:00:00,1386.0,1407.2145
2024-06-03 07:00:00,1622.0,1602.3853
2024-06-03 08:00:00,1764.0,1596.2484
2024-06-03 09:00:00,1291.0,1522.9971
2024-06-03 10:00:00,1263.0,1441.6333
2024-06-03 11:00:00,1250.0,1389.868
2024-06-03 12:00:00,1275.0,1401.5884
2024-06-03 13:00:00,1272.0,1417.5963
2024-06-03 14:00:00,1314.0,1573.9691
2024-06-03 15:00:00,1664.0,2074.594
2024-06-03 16:00:00,2231.0,2550.5166
2024-06-03 17:00:00,2584.0,2500.4346
2024-06-03 18:00:00,2085.0,2026.1929
2024-06-03 19:00:00,1180.0,1253.4695
2024-06-03 20:00:00,739.0,874.29364
2024-06-03 21:00:00,626.0,744.6787
2024-06-03 22:00:00,452.0,636.41675
2024-06-03 23:00:00,334.0,489.9253
2024-06-04 00:00:00,139.0,297.88208
2024-06-04 01:00:00,68.0,153.13745
2024-06-04 02:00:00,45.0,121.88025
2024-06-04 03:00:00,51.0,118.60028
2024-06-04 04:00:00,123.0,139.9779
2024-06-04 05:00:00,439.0,300.4079
2024-06-04 06:00:00,1436.0,1208.5542
2024-06-04 07:00:00,1906.0,1697.8469
2024-06-04 08:00:00,1809.0,1708.1665
2024-06-04 09:00:00,1398.0,1598.9224
2024-06-04 10:00:00,1265.0,1500.9371
2024-06-04 11:00:00,1376.0,1452.3065
2024-06-04 12:00:00,1363.0,1427.6228
2024-06-04 13:00:00,1415.0,1429.1472
2024-06-04 14:00:00,1485.0,1497.7026
2024-06-04 15:00:00,1794.0,1999.3447
2024-06-04 16:00:00,2534.0,2496.8462
2024-06-04 17:00:00,2822.0,2516.815
2024-06-04 18:00:00,2205.0,2041.303
2024-06-04 19:00:00,1254.0,1237.6733
2024-06-04 20:00:00,861.0,931.116
2024-06-04 21:00:00,654.0,798.61224
2024-06-04 22:00:00,622.0,682.7239
2024-06-04 23:00:00,411.0,527.4271
2024-06-05 00:00:00,154.0,344.28894
2024-06-05 01:00:00,72.0,174.21118
2024-06-05 02:00:00,43.0,126.44159
2024-06-05 03:00:00,55.0,121.14545
2024-06-05 04:00:00,133.0,138.8374
2024-06-05 05:00:00,469.0,352.7787
2024-06-05 06:00:00,1397.0,1123.1552
2024-06-05 07:00:00,1852.0,1725.3479
2024-06-05 08:00:00,1846.0,1703.2979
2024-06-05 09:00:00,1620.0,1584.927
2024-06-05 10:00:00,1533.0,1510.6503
2024-06-05 11:00:00,1484.0,1484.5046
2024-06-05 12:00:00,1508.0,1480.2043
2024-06-05 13:00:00,1511.0,1484.5918
2024-06-05 14:00:00,1653.0,1531.2009
2024-06-05 15:00:00,2011.0,2046.726
2024-06-05 16:00:00,1504.0,2517.5886
2024-06-05 17:00:00,1764.0,2571.0898
2024-06-05 18:00:00,2245.0,2176.8354
2024-06-05 19:00:00,1403.0,1303.0544
2024-06-05 20:00:00,923.0,986.46466
2024-06-05 21:00:00,732.0,871.28625
2024-06-05 22:00:00,613.0,769.79834
2024-06-05 23:00:00,392.0,588.59247
2024-06-06 00:00:00,170.0,409.76868
2024-06-06 01:00:00,78.0,202.00757
2024-06-06 02:00:00,52.0,131.9201
2024-06-06 03:00:00,56.0,112.05591
2024-06-06 04:00:00,102.0,127.295715
2024-06-06 05:00:00,444.0,302.55298
2024-06-06 06:00:00,1443.0,1173.7256
2024-06-06 07:00:00,1892.0,1731.9387
2024-06-06 08:00:00,1740.0,1705.4692
2024-06-06 09:00:00,1504.0,1639.9468
2024-06-06 10:00:00,1634.0,1603.8193
2024-06-06 11:00:00,1492.0,1583.7085
2024-06-06 12:00:00,1515.0,1596.4855
2024-06-06 13:00:00,1466.0,1653.1425
2024-06-06 14:00:00,1701.0,1863.447
2024-06-06 15:00:00,2022.0,2248.6965
2024-06-06 16:00:00,2673.0,2582.8394
2024-06-06 17:00:00,2770.0,2607.835
2024-06-06 18:00:00,2322.0,2325.6123
2024-06-06 19:00:00,1499.0,1521.563
2024-06-06 20:00:00,878.0,1051.7716
2024-06-06 21:00:00,724.0,899.33484
2024-06-06 22:00:00,625.0,789.4888
2024-06-06 23:00:00,438.0,696.5227
2024-06-07 00:00:00,210.0,477.42145
2024-06-07 01:00:00,81.0,228.29028
2024-06-07 02:00:00,60.0,137.90619
2024-06-07 03:00:00,54.0,115.038086
2024-06-07 04:00:00,113.0,138.63342
2024-06-07 05:00:00,424.0,336.11322
2024-06-07 06:00:00,1338.0,1138.4279
2024-06-07 07:00:00,1751.0,1636.6382
2024-06-07 08:00:00,1709.0,1653.624
2024-06-07 09:00:00,1599.0,1672.4327
2024-06-07 10:00:00,1654.0,1644.9148
2024-06-07 11:00:00,1807.0,1676.7875
2024-06-07 12:00:00,1762.0,1759.2891
2024-06-07 13:00:00,1942.0,1927.7097
2024-06-07 14:00:00,2145.0,2194.276
2024-06-07 15:00:00,2508.0,2525.054
2024-06-07 16:00:00,2860.0,2655.2495
2024-06-07 17:00:00,2760.0,2626.6523
2024-06-07 18:00:00,2301.0,2396.2415
2024-06-07 19:00:00,1669.0,1862.0852
2024-06-07 20:00:00,1219.0,1198.9641
2024-06-07 21:00:00,942.0,965.60767
2024-06-07 22:00:00,856.0,865.9479
2024-06-07 23:00:00,743.0,725.24963
2024-06-08 00:00:00,464.0,554.55396
2024-06-08 01:00:00,253.0,394.11737
2024-06-08 02:00:00,143.0,247.04626
2024-06-08 03:00:00,95.0,179.35559
2024-06-08 04:00:00,121.0,178.84021
2024-06-08 05:00:00,232.0,240.2154
2024-06-08 06:00:00,472.0,591.5092
2024-06-08 07:00:00,873.0,1287.4867
2024-06-08 08:00:00,1549.0,1832.9491
2024-06-08 09:00:00,1998.0,2109.732
2024-06-08 10:00:00,2126.0,2125.561
2024-06-08 11:00:00,2113.0,2172.5347
2024-06-08 12:00:00,1990.0,2195.1445
2024-06-08 13:00:00,1953.0,2082.02
2024-06-08 14:00:00,1885.0,1976.9133
2024-06-08 15:00:00,1787.0,1865.1469
2024-06-08 16:00:00,1882.0,1769.1284
2024-06-08 17:00:00,1709.0,1676.7375
2024-06-08 18:00:00,1520.0,1467.0962
2024-06-08 19:00:00,1023.0,1166.7048
2024-06-08 20:00:00,904.0,912.4804
2024-06-08 21:00:00,853.0,808.64154
2024-06-08 22:00:00,826.0,704.517
2024-06-08 23:00:00,845.0,562.02496
2024-06-09 00:00:00,601.0,453.95422
2024-06-09 01:00:00,355.0,378.0393
2024-06-09 02:00:00,229.0,257.4879
2024-06-09 03:00:00,141.0,187.59949
2024-06-09 04:00:00,160.0,184.83429
2024-06-09 05:00:00,122.0,211.89124
2024-06-09 06:00:00,200.0,289.47534
2024-06-09 07:00:00,399.0,610.01935
2024-06-09 08:00:00,766.0,972.9938
2024-06-09 09:00:00,1218.0,1437.0085
2024-06-09 10:00:00,1572.0,1818.4475
2024-06-09 11:00:00,1631.0,1858.2081
2024-06-09 12:00:00,1558.0,1849.1519
2024-06-09 13:00:00,1492.0,1758.0701
2024-06-09 14:00:00,1472.0,1617.6497
2024-06-09 15:00:00,1534.0,1539.1147
2024-06-09 16:00:00,1664.0,1579.6438
2024-06-09 17:00:00,1643.0,1539.4637
2024-06-09 18:00:00,1512.0,1349.1714
2024-06-09 19:00:00,1099.0,1116.7815
2024-06-09 20:00:00,878.0,860.5958
2024-06-09 21:00:00,711.0,704.42285
2024-06-09 22:00:00,541.0,787.18115
2024-06-09 23:00:00,298.0,548.96985
2024-06-10 00:00:00,158.0,311.33868
2024-06-10 01:00:00,76.0,170.69965
2024-06-10 02:00:00,33.0,110.76691
2024-06-10 03:00:00,64.0,131.66211
2024-06-10 04:00:00,112.0,173.82294
2024-06-10 05:00:00,465.0,341.99353
2024-06-10 06:00:00,1430.0,1244.2369
2024-06-10 07:00:00,1787.0,1602.8625
2024-06-10 08:00:00,1687.0,1592.4386
2024-06-10 09:00:00,1554.0,1544.7084
2024-06-10 10:00:00,1477.0,1505.5178
2024-06-10 11:00:00,1387.0,1413.6323
2024-06-10 12:00:00,1260.0,1429.7343
2024-06-10 13:00:00,1438.0,1418.9144
2024-06-10 14:00:00,1445.0,1546.271
2024-06-10 15:00:00,1699.0,2016.781
2024-06-10 16:00:00,2426.0,2479.9246
2024-06-10 17:00:00,2634.0,2461.9287
2024-06-10 18:00:00,2012.0,2027.2368
2024-06-10 19:00:00,1233.0,1199.6531
2024-06-10 20:00:00,879.0,872.2453
2024-06-10 21:00:00,660.0,741.3534
2024-06-10 22:00:00,504.0,634.01135
2024-06-10 23:00:00,314.0,488.22272
2024-06-11 00:00:00,150.0,298.4201
2024-06-11 01:00:00,74.0,152.45618
2024-06-11 02:00:00,48.0,121.245544
2024-06-11 03:00:00,60.0,129.78131
2024-06-11 04:00:00,105.0,176.84393
2024-06-11 05:00:00,436.0,315.3448
2024-06-11 06:00:00,1394.0,1218.1566
2024-06-11 07:00:00,1834.0,1715.323
2024-06-11 08:00:00,1674.0,1638.1792
2024-06-11 09:00:00,1420.0,1507.88
2024-06-11 10:00:00,1336.0,1429.8
2024-06-11 11:00:00,1322.0,1399.1465
2024-06-11 12:00:00,1319.0,1398.5662
2024-06-11 13:00:00,1389.0,1402.9601
2024-06-11 14:00:00,1466.0,1487.6917
2024-06-11 15:00:00,1815.0,2036.0009
2024-06-11 16:00:00,2439.0,2581.3516
2024-06-11 17:00:00,2975.0,2572.9119
2024-06-11 18:00:00,2266.0,2112.484
2024-06-11 19:00:00,1431.0,1268.4928
2024-06-11 20:00:00,895.0,890.5775
2024-06-11 21:00:00,742.0,763.84155
2024-06-11 22:00:00,624.0,683.5801
2024-06-11 23:00:00,413.0,529.7315
2024-06-12 00:00:00,162.0,342.3131
2024-06-12 01:00:00,99.0,170.75183
2024-06-12 02:00:00,42.0,127.596436
2024-06-12 03:00:00,55.0,120.82837
2024-06-12 04:00:00,116.0,140.39313
2024-06-12 05:00:00,410.0,309.3531
2024-06-12 06:00:00,1429.0,1205.9904
2024-06-12 07:00:00,1892.0,1744.2301
2024-06-12 08:00:00,1692.0,1708.5322
2024-06-12 09:00:00,1530.0,1587.5312
2024-06-12 10:00:00,1450.0,1518.5908
2024-06-12 11:00:00,1447.0,1486.5714
2024-06-12 12:00:00,1553.0,1477.6317
2024-06-12 13:00:00,1562.0,1483.9539
2024-06-12 14:00:00,1750.0,1570.8326
2024-06-12 15:00:00,1909.0,2053.5886
2024-06-12 16:00:00,2633.0,2556.623
2024-06-12 17:00:00,2930.0,2584.7253
2024-06-12 18:00:00,2349.0,2205.4058
2024-06-12 19:00:00,1444.0,1365.8302
2024-06-12 20:00:00,998.0,985.52344
2024-06-12 21:00:00,840.0,867.30774
2024-06-12 22:00:00,718.0,767.8305
2024-06-12 23:00:00,446.0,594.68256
2024-06-13 00:00:00,162.0,410.1515
2024-06-13 01:00:00,90.0,201.43335
2024-06-13 02:00:00,38.0,131.2102
2024-06-13 03:00:00,63.0,111.97412
2024-06-13 04:00:00,119.0,125.878296
2024-06-13 05:00:00,423.0,283.70343
2024-06-13 06:00:00,1427.0,1200.0265
2024-06-13 07:00:00,1878.0,1768.2665
2024-06-13 08:00:00,1807.0,1678.7573
2024-06-13 09:00:00,1538.0,1618.7935
2024-06-13 10:00:00,1747.0,1583.8867
2024-06-13 11:00:00,1633.0,1578.6191
2024-06-13 12:00:00,1528.0,1576.8846
2024-06-13 13:00:00,1617.0,1645.0063
2024-06-13 14:00:00,1686.0,1834.5271
2024-06-13 15:00:00,1954.0,2284.7363
2024-06-13 16:00:00,2583.0,2607.5098
2024-06-13 17:00:00,2783.0,2608.9678
2024-06-13 18:00:00,2374.0,2366.4434
2024-06-13 19:00:00,1503.0,1529.8549
2024-06-13 20:00:00,1049.0,1051.5366
2024-06-13 21:00:00,904.0,926.2083
2024-06-13 22:00:00,838.0,817.57104
2024-06-13 23:00:00,529.0,695.44403
2024-06-14 00:00:00,231.0,480.71228
2024-06-14 01:00:00,115.0,228.3775
2024-06-14 02:00:00,66.0,134.9945
2024-06-14 03:00:00,68.0,112.217834
2024-06-14 04:00:00,122.0,134.2575
2024-06-14 05:00:00,453.0,314.71857
2024-06-14 06:00:00,1268.0,1162.8096
2024-06-14 07:00:00,1749.0,1500.5144
2024-06-14 08:00:00,1682.0,1625.7991
2024-06-14 09:00:00,1636.0,1624.5272
2024-06-14 10:00:00,1749.0,1622.7095
2024-06-14 11:00:00,1887.0,1658.4539
2024-06-14 12:00:00,1930.0,1741.4305
2024-06-14 13:00:00,1962.0,1914.1649
2024-06-14 14:00:00,2204.0,2242.31
2024-06-14 15:00:00,2512.0,2566.853
2024-06-14 16:00:00,2854.0,2686.8813
2024-06-14 17:00:00,2875.0,2643.532
2024-06-14 18:00:00,2273.0,2441.584
2024-06-14 19:00:00,1537.0,1877.3506
2024-06-14 20:00:00,1123.0,1219.8717
2024-06-14 21:00:00,907.0,1012.4699
2024-06-14 22:00:00,762.0,866.6305
2024-06-14 23:00:00,762.0,728.7145
2024-06-15 00:00:00,430.0,561.48895
2024-06-15 01:00:00,240.0,395.73694
2024-06-15 02:00:00,124.0,246.61993
2024-06-15 03:00:00,85.0,178.12201
2024-06-15 04:00:00,117.0,356.99634
2024-06-15 05:00:00,226.0,300.1917
2024-06-15 06:00:00,431.0,486.07172
2024-06-15 07:00:00,847.0,877.5404
2024-06-15 08:00:00,1191.0,1676.7903
2024-06-15 09:00:00,1711.0,2052.6533
2024-06-15 10:00:00,2066.0,2139.7417
2024-06-15 11:00:00,2190.0,2175.2437
2024-06-15 12:00:00,2120.0,2163.921
2024-06-15 13:00:00,2068.0,2116.7324
2024-06-15 14:00:00,1990.0,1993.8364
2024-06-15 15:00:00,1742.0,1874.4832
2024-06-15 16:00:00,1752.0,1774.5442
2024-06-15 17:00:00,1755.0,1670.7754
2024-06-15 18:00:00,1464.0,1458.1262
2024-06-15 19:00:00,1028.0,1169.8148
2024-06-15 20:00:00,874.0,914.14996
2024-06-15 21:00:00,740.0,808.03674
2024-06-15 22:00:00,692.0,741.72046
2024-06-15 23:00:00,768.0,671.94763
2024-06-16 00:00:00,541.0,479.15063
2024-06-16 01:00:00,321.0,380.33307
2024-06-16 02:00:00,213.0,257.04346
2024-06-16 03:00:00,135.0,184.29279
2024-06-16 04:00:00,133.0,181.2622
2024-06-16 05:00:00,153.0,211.2127
2024-06-16 06:00:00,238.0,286.87854
2024-06-16 07:00:00,502.0,603.7649
2024-06-16 08:00:00,1058.0,971.75903
2024-06-16 09:00:00,1599.0,1774.0946
2024-06-16 10:00:00,2014.0,1998.6377
2024-06-16 11:00:00,2012.0,2044.3904
2024-06-16 12:00:00,2010.0,1989.783
2024-06-16 13:00:00,1815.0,1872.6654
2024-06-16 14:00:00,1624.0,1715.8191
2024-06-16 15:00:00,1711.0,1584.0171
2024-06-16 16:00:00,1700.0,1263.2131
2024-06-16 17:00:00,1742.0,1524.4983
2024-06-16 18:00:00,1642.0,1314.6655
2024-06-16 19:00:00,1372.0,1122.611
2024-06-16 20:00:00,1133.0,875.40155
2024-06-16 21:00:00,697.0,781.80054
2024-06-16 22:00:00,558.0,682.12915
2024-06-16 23:00:00,367.0,584.63934
2024-06-17 00:00:00,179.0,304.72046
2024-06-17 01:00:00,87.0,165.06848
2024-06-17 02:00:00,49.0,118.49335
2024-06-17 03:00:00,51.0,117.0639
2024-06-17 04:00:00,150.0,150.47949
2024-06-17 05:00:00,508.0,305.57965
2024-06-17 06:00:00,1456.0,1220.711
2024-06-17 07:00:00,1863.0,1693.7881
2024-06-17 08:00:00,1839.0,1706.791
2024-06-17 09:00:00,1489.0,1609.7223
2024-06-17 10:00:00,1577.0,1480.6223
2024-06-17 11:00:00,1488.0,1413.0698
2024-06-17 12:00:00,1595.0,1395.1565
2024-06-17 13:00:00,1425.0,1417.1084
2024-06-17 14:00:00,1525.0,1550.7041
2024-06-17 15:00:00,1754.0,2009.5222
2024-06-17 16:00:00,2352.0,2501.6128
2024-06-17 17:00:00,2646.0,2472.365
2024-06-17 18:00:00,2030.0,1967.0568
2024-06-17 19:00:00,1168.0,1203.011
2024-06-17 20:00:00,795.0,870.7932
2024-06-17 21:00:00,647.0,740.06396
2024-06-17 22:00:00,545.0,633.5541
2024-06-17 23:00:00,362.0,487.59027
2024-06-18 00:00:00,158.0,296.76752
2024-06-18 01:00:00,70.0,155.1424
2024-06-18 02:00:00,40.0,121.37836
2024-06-18 03:00:00,59.0,118.46808
2024-06-18 04:00:00,125.0,140.09473
2024-06-18 05:00:00,446.0,341.2295
2024-06-18 06:00:00,1443.0,1119.6595
2024-06-18 07:00:00,1857.0,1710.1125
2024-06-18 08:00:00,1928.0,1706.4907
2024-06-18 09:00:00,1609.0,1600.8394
2024-06-18 10:00:00,1602.0,1502.8755
2024-06-18 11:00:00,1370.0,1444.5636
2024-06-18 12:00:00,1425.0,1426.5137
2024-06-18 13:00:00,1382.0,1431.746
2024-06-18 14:00:00,1547.0,1489.7441
2024-06-18 15:00:00,1917.0,1968.0663
2024-06-18 16:00:00,2524.0,2439.2065
2024-06-18 17:00:00,2820.0,2486.229
2024-06-18 18:00:00,2161.0,1980.4705
2024-06-18 19:00:00,1275.0,1242.9147
2024-06-18 20:00:00,909.0,929.6222
2024-06-18 21:00:00,715.0,796.3844
2024-06-18 22:00:00,619.0,678.75507
2024-06-18 23:00:00,400.0,522.0347
2024-06-19 00:00:00,159.0,344.23486
2024-06-19 01:00:00,83.0,176.42773
2024-06-19 02:00:00,52.0,125.28656
2024-06-19 03:00:00,53.0,121.406555
2024-06-19 04:00:00,102.0,139.97876
2024-06-19 05:00:00,410.0,341.46808
2024-06-19 06:00:00,1378.0,1060.9482
2024-06-19 07:00:00,1831.0,1708.8673
2024-06-19 08:00:00,1872.0,1703.2327
2024-06-19 09:00:00,1632.0,1596.0962
2024-06-19 10:00:00,1554.0,1522.5273
2024-06-19 11:00:00,1565.0,1492.5591
2024-06-19 12:00:00,1569.0,1482.6636
2024-06-19 13:00:00,1508.0,1494.8895
2024-06-19 14:00:00,1664.0,1577.7737
2024-06-19 15:00:00,1910.0,1993.2007
2024-06-19 16:00:00,2487.0,2473.35
2024-06-19 17:00:00,2818.0,2557.3162
2024-06-19 18:00:00,2123.0,2108.3096
2024-06-19 19:00:00,1251.0,1342.5029
2024-06-19 20:00:00,1002.0,981.13745
2024-06-19 21:00:00,692.0,875.06494
2024-06-19 22:00:00,516.0,766.82367
2024-06-19 23:00:00,604.0,580.4239
2024-06-20 00:00:00,215.0,406.8628
2024-06-20 01:00:00,98.0,205.9165
2024-06-20 02:00:00,57.0,133.32635
2024-06-20 03:00:00,59.0,111.69238
2024-06-20 04:00:00,124.0,135.4013
2024-06-20 05:00:00,460.0,329.53925
2024-06-20 06:00:00,1366.0,1189.1709
2024-06-20 07:00:00,1930.0,1679.5132
2024-06-20 08:00:00,1732.0,1641.2217
2024-06-20 09:00:00,1664.0,1575.5981
2024-06-20 10:00:00,1630.0,1540.7601
2024-06-20 11:00:00,1549.0,1537.3235
2024-06-20 12:00:00,1477.0,1552.8032
2024-06-20 13:00:00,1517.0,1644.5918
2024-06-20 14:00:00,1768.0,1883.5264
2024-06-20 15:00:00,2096.0,2256.949
2024-06-20 16:00:00,2547.0,2575.358
2024-06-20 17:00:00,2951.0,2597.9277
2024-06-20 18:00:00,2238.0,2300.754
2024-06-20 19:00:00,1489.0,1489.7725
2024-06-20 20:00:00,1033.0,1051.5299
2024-06-20 21:00:00,751.0,926.19086
2024-06-20 22:00:00,674.0,815.6233
2024-06-20 23:00:00,605.0,694.6033
2024-06-21 00:00:00,247.0,472.3272
2024-06-21 01:00:00,111.0,227.08331
2024-06-21 02:00:00,64.0,140.50812
2024-06-21 03:00:00,69.0,119.07617
2024-06-21 04:00:00,113.0,143.28851
2024-06-21 05:00:00,412.0,354.7707
2024-06-21 06:00:00,1236.0,1157.5477
2024-06-21 07:00:00,1640.0,1663.7524
2024-06-21 08:00:00,1592.0,1654.3944
2024-06-21 09:00:00,1557.0,1657.514
2024-06-21 10:00:00,1697.0,1638.8341
2024-06-21 11:00:00,1796.0,1656.8352
2024-06-21 12:00:00,1853.0,1763.2163
2024-06-21 13:00:00,2040.0,1918.553
2024-06-21 14:00:00,2220.0,2206.2976
2024-06-21 15:00:00,2420.0,2532.023
2024-06-21 16:00:00,2858.0,2644.6758
2024-06-21 17:00:00,2622.0,2647.2915
2024-06-21 18:00:00,2227.0,2395.9312
2024-06-21 19:00:00,1744.0,1882.2125
2024-06-21 20:00:00,1222.0,1221.847
2024-06-21 21:00:00,869.0,956.1552
2024-06-21 22:00:00,724.0,812.85474
2024-06-21 23:00:00,734.0,703.6235
2024-06-22 00:00:00,470.0,558.8422
2024-06-22 01:00:00,210.0,398.00525
2024-06-22 02:00:00,130.0,246.20343
2024-06-22 03:00:00,96.0,175.17273
2024-06-22 04:00:00,99.0,175.74963
2024-06-22 05:00:00,174.0,234.11926
2024-06-22 06:00:00,406.0,493.26398
2024-06-22 07:00:00,862.0,1194.6422
2024-06-22 08:00:00,1419.0,1655.3921
2024-06-22 09:00:00,1911.0,2105.853
2024-06-22 10:00:00,2148.0,2138.2449
2024-06-22 11:00:00,2220.0,2171.9644
2024-06-22 12:00:00,2071.0,2153.5308
2024-06-22 13:00:00,1974.0,1958.9395
2024-06-22 14:00:00,1882.0,1919.4067
2024-06-22 15:00:00,1872.0,1913.0981
2024-06-22 16:00:00,1915.0,1811.2511
2024-06-22 17:00:00,1707.0,1708.3999
2024-06-22 18:00:00,910.0,1448.9949
2024-06-22 19:00:00,432.0,1166.5417
2024-06-22 20:00:00,791.0,914.6924
2024-06-22 21:00:00,774.0,807.0437
2024-06-22 22:00:00,790.0,742.39294
2024-06-22 23:00:00,811.0,676.43445
2024-06-23 00:00:00,593.0,481.20123
2024-06-23 01:00:00,278.0,381.5664
2024-06-23 02:00:00,201.0,256.72852
2024-06-23 03:00:00,127.0,182.70947
2024-06-23 04:00:00,123.0,179.94574
2024-06-23 05:00:00,119.0,210.44348
2024-06-23 06:00:00,171.0,284.9234
2024-06-23 07:00:00,301.0,600.49243
2024-06-23 08:00:00,595.0,969.74255
2024-06-23 09:00:00,1122.0,1481.4451
2024-06-23 10:00:00,1578.0,1833.46
2024-06-23 11:00:00,1786.0,1870.4183
2024-06-23 12:00:00,1709.0,1846.0326
2024-06-23 13:00:00,1683.0,1765.0833
2024-06-23 14:00:00,1603.0,1624.7292
2024-06-23 15:00:00,1486.0,1541.658
2024-06-23 16:00:00,1697.0,1529.9104
2024-06-23 17:00:00,1683.0,1560.7489
2024-06-23 18:00:00,1649.0,1349.4772
2024-06-23 19:00:00,1356.0,1118.1022
2024-06-23 20:00:00,1049.0,874.07684
2024-06-23 21:00:00,639.0,782.12695
2024-06-23 22:00:00,396.0,683.71295
2024-06-23 23:00:00,558.0,585.1891
2024-06-24 00:00:00,222.0,303.92102
2024-06-24 01:00:00,88.0,163.47961
2024-06-24 02:00:00,44.0,118.00238
2024-06-24 03:00:00,58.0,115.43756
2024-06-24 04:00:00,140.0,149.35559
2024-06-24 05:00:00,493.0,386.37347
2024-06-24 06:00:00,1423.0,1181.2081
2024-06-24 07:00:00,1847.0,1720.1531
2024-06-24 08:00:00,1816.0,1706.8652
2024-06-24 09:00:00,1508.0,1607.9081
2024-06-24 10:00:00,1640.0,1536.1697
2024-06-24 11:00:00,1630.0,1482.3817
2024-06-24 12:00:00,1500.0,1445.2101
2024-06-24 13:00:00,1735.0,1446.3184
2024-06-24 14:00:00,1521.0,1555.3865
2024-06-24 15:00:00,1767.0,2020.4502
2024-06-24 16:00:00,2510.0,2463.3682
2024-06-24 17:00:00,2733.0,2458.138
2024-06-24 18:00:00,2032.0,2009.4078
2024-06-24 19:00:00,1163.0,1213.9087
2024-06-24 20:00:00,801.0,867.5737
2024-06-24 21:00:00,618.0,734.75494
2024-06-24 22:00:00,512.0,628.9647
2024-06-24 23:00:00,394.0,485.65686
2024-06-25 00:00:00,216.0,296.0111
2024-06-25 01:00:00,84.0,157.66858
2024-06-25 02:00:00,56.0,120.66455
2024-06-25 03:00:00,61.0,118.59161
2024-06-25 04:00:00,137.0,137.76788
2024-06-25 05:00:00,456.0,347.5683
2024-06-25 06:00:00,1430.0,1094.2076
2024-06-25 07:00:00,1885.0,1701.7805
2024-06-25 08:00:00,1827.0,1706.1525
2024-06-25 09:00:00,1594.0,1600.3412
2024-06-25 10:00:00,1499.0,1501.7317
2024-06-25 11:00:00,1433.0,1452.144
2024-06-25 12:00:00,1519.0,1426.9268
2024-06-25 13:00:00,1659.0,1431.075
2024-06-25 14:00:00,1576.0,1499.2937
2024-06-25 15:00:00,1747.0,1991.8889
2024-06-25 16:00:00,2611.0,2506.0193
2024-06-25 17:00:00,2793.0,2567.1348
2024-06-25 18:00:00,2249.0,2121.3955
2024-06-25 19:00:00,1402.0,1267.4587
2024-06-25 20:00:00,940.0,928.29724
2024-06-25 21:00:00,705.0,796.6775
2024-06-25 22:00:00,458.0,681.6404
2024-06-25 23:00:00,450.0,527.1564
2024-06-26 00:00:00,194.0,341.89014
2024-06-26 01:00:00,87.0,172.9173
2024-06-26 02:00:00,54.0,125.50696
2024-06-26 03:00:00,52.0,120.92035
2024-06-26 04:00:00,130.0,138.19373
2024-06-26 05:00:00,448.0,307.61322
2024-06-26 06:00:00,1330.0,1194.0475
2024-06-26 07:00:00,1833.0,1721.1127
2024-06-26 08:00:00,1755.0,1622.9176
2024-06-26 09:00:00,1573.0,1525.4548
2024-06-26 10:00:00,1590.0,1466.779
2024-06-26 11:00:00,1512.0,1446.5305
2024-06-26 12:00:00,1715.0,1476.4175
2024-06-26 13:00:00,1681.0,1484.8092
2024-06-26 14:00:00,1709.0,1567.2917
2024-06-26 15:00:00,1969.0,2024.7888
2024-06-26 16:00:00,2633.0,2506.2334
2024-06-26 17:00:00,2823.0,2567.5918
2024-06-26 18:00:00,2310.0,2157.6306
2024-06-26 19:00:00,1493.0,1338.3293
2024-06-26 20:00:00,987.0,982.94604
2024-06-26 21:00:00,803.0,868.6742
2024-06-26 22:00:00,717.0,768.0038
2024-06-26 23:00:00,508.0,587.9912
2024-06-27 00:00:00,214.0,406.57336
2024-06-27 01:00:00,99.0,200.60956
2024-06-27 02:00:00,61.0,131.68585
2024-06-27 03:00:00,55.0,110.93817
2024-06-27 04:00:00,139.0,130.60004
2024-06-27 05:00:00,471.0,317.54755
2024-06-27 06:00:00,1431.0,1174.213
2024-06-27 07:00:00,1902.0,1725.0566
2024-06-27 08:00:00,1888.0,1717.9086
2024-06-27 09:00:00,1636.0,1636.1593
2024-06-27 10:00:00,1708.0,1610.2897
2024-06-27 11:00:00,1846.0,1574.9911
2024-06-27 12:00:00,1683.0,1565.448
2024-06-27 13:00:00,1709.0,1641.0142
2024-06-27 14:00:00,1869.0,1829.0691
2024-06-27 15:00:00,2073.0,2223.7026
2024-06-27 16:00:00,2659.0,2564.5703
2024-06-27 17:00:00,2875.0,2590.9902
2024-06-27 18:00:00,2359.0,2299.9067
2024-06-27 19:00:00,1633.0,1470.5315
2024-06-27 20:00:00,1098.0,1050.8542
2024-06-27 21:00:00,884.0,925.4828
2024-06-27 22:00:00,847.0,814.58514
2024-06-27 23:00:00,601.0,662.63574
2024-06-28 00:00:00,275.0,525.2321
2024-06-28 01:00:00,118.0,227.92859
2024-06-28 02:00:00,65.0,138.90381
2024-06-28 03:00:00,76.0,116.49182
2024-06-28 04:00:00,133.0,140.71674
2024-06-28 05:00:00,427.0,344.76086
2024-06-28 06:00:00,1341.0,1032.7058
2024-06-28 07:00:00,1732.0,1682.3662
2024-06-28 08:00:00,1771.0,1750.2506
2024-06-28 09:00:00,1893.0,1712.4525
2024-06-28 10:00:00,1944.0,1697.667
2024-06-28 11:00:00,1945.0,1716.971
2024-06-28 12:00:00,1964.0,1770.8333
2024-06-28 13:00:00,2027.0,1907.1439
2024-06-28 14:00:00,2303.0,2189.3174
2024-06-28 15:00:00,2607.0,2498.9634
2024-06-28 16:00:00,2903.0,2649.6284
2024-06-28 17:00:00,2881.0,2615.9282
2024-06-28 18:00:00,2479.0,2377.309
2024-06-28 19:00:00,1815.0,1855.0034
2024-06-28 20:00:00,1381.0,1188.9911
2024-06-28 21:00:00,1004.0,998.24695
2024-06-28 22:00:00,887.0,859.657
2024-06-28 23:00:00,774.0,718.2783
2024-06-29 00:00:00,487.0,547.5136
2024-06-29 01:00:00,291.0,389.0652
2024-06-29 02:00:00,150.0,247.26935
2024-06-29 03:00:00,126.0,183.51038
2024-06-29 04:00:00,155.0,183.01086
2024-06-29 05:00:00,234.0,242.44885
2024-06-29 06:00:00,557.0,514.53827
2024-06-29 07:00:00,1104.0,1267.544
2024-06-29 08:00:00,1782.0,1808.7585
2024-06-29 09:00:00,2290.0,2104.3853
2024-06-29 10:00:00,2293.0,2208.9277
2024-06-29 11:00:00,2270.0,2230.7515
2024-06-29 12:00:00,2126.0,2147.0571
2024-06-29 13:00:00,2003.0,2087.21
2024-06-29 14:00:00,1811.0,1964.4451
2024-06-29 15:00:00,1811.0,1842.0657
2024-06-29 16:00:00,1844.0,1754.049
2024-06-29 17:00:00,1757.0,1691.9489
2024-06-29 18:00:00,1203.0,1405.7083
2024-06-29 19:00:00,784.0,1171.5978
2024-06-29 20:00:00,801.0,911.3216
2024-06-29 21:00:00,691.0,811.60974
2024-06-29 22:00:00,885.0,734.67566
2024-06-29 23:00:00,1081.0,635.45557
2024-06-30 00:00:00,677.0,463.83813
2024-06-30 01:00:00,341.0,375.6723
2024-06-30 02:00:00,221.0,258.10968
2024-06-30 03:00:00,136.0,193.5769
2024-06-30 04:00:00,143.0,188.34412
2024-06-30 05:00:00,174.0,214.39514
2024-06-30 06:00:00,235.0,296.64014
2024-06-30 07:00:00,412.0,586.4118
2024-06-30 08:00:00,722.0,983.8746
2024-06-30 09:00:00,1213.0,1422.4181
2024-06-30 10:00:00,1558.0,1724.8141
2024-06-30 11:00:00,1858.0,1877.2568
2024-06-30 12:00:00,1848.0,1885.6852
2024-06-30 13:00:00,1742.0,1752.8059
2024-06-30 14:00:00,1689.0,1633.3552
2024-06-30 15:00:00,1690.0,1537.9364
2024-06-30 16:00:00,1812.0,1541.4082
2024-06-30 17:00:00,1690.0,1538.0593
2024-06-30 18:00:00,1486.0,1352.8323
2024-06-30 19:00:00,1156.0,1119.9996
2024-06-30 20:00:00,996.0,875.452
2024-06-30 21:00:00,756.0,782.89905
2024-06-30 22:00:00,574.0,683.6255
2024-06-30 23:00:00,344.0,580.70953
2024-07-01 00:00:00,227.0,289.17047
2024-07-01 01:00:00,88.0,158.38904
2024-07-01 02:00:00,64.0,112.62085
2024-07-01 03:00:00,59.0,135.06812
2024-07-01 04:00:00,116.0,189.58862
2024-07-01 05:00:00,497.0,320.4671
2024-07-01 06:00:00,1443.0,1190.0989
2024-07-01 07:00:00,1776.0,1590.8646
2024-07-01 08:00:00,1773.0,1585.5715
2024-07-01 09:00:00,1614.0,1539.5415
2024-07-01 10:00:00,1505.0,1458.5359
2024-07-01 11:00:00,1623.0,1458.2964
2024-07-01 12:00:00,1493.0,1400.2426
2024-07-01 13:00:00,1483.0,1444.119
2024-07-01 14:00:00,1583.0,1533.0917
2024-07-01 15:00:00,1815.0,2028.0376
2024-07-01 16:00:00,2471.0,2469.3542
2024-07-01 17:00:00,2744.0,2451.1719
2024-07-01 18:00:00,2175.0,1983.0259
2024-07-01 19:00:00,1192.0,1203.6696
2024-07-01 20:00:00,860.0,850.4228
2024-07-01 21:00:00,651.0,713.7117
2024-07-01 22:00:00,501.0,622.9424
2024-07-01 23:00:00,309.0,475.66937
2024-07-02 00:00:00,180.0,282.1834
2024-07-02 01:00:00,94.0,143.9444
2024-07-02 02:00:00,43.0,116.555786
2024-07-02 03:00:00,47.0,114.69751
2024-07-02 04:00:00,127.0,132.03778
2024-07-02 05:00:00,422.0,287.21326
2024-07-02 06:00:00,1468.0,1137.4265
2024-07-02 07:00:00,1783.0,1697.842
2024-07-02 08:00:00,1743.0,1651.9071
2024-07-02 09:00:00,1537.0,1516.3624
2024-07-02 10:00:00,1465.0,1438.1898
2024-07-02 11:00:00,1430.0,1406.2085
2024-07-02 12:00:00,1393.0,1392.7622
2024-07-02 13:00:00,1508.0,1395.5084
2024-07-02 14:00:00,1636.0,1475.7354
2024-07-02 15:00:00,1968.0,2002.6042
2024-07-02 16:00:00,2655.0,2545.5835
2024-07-02 17:00:00,2859.0,2527.3716
2024-07-02 18:00:00,2206.0,2099.8552
2024-07-02 19:00:00,1352.0,1163.2756
2024-07-02 20:00:00,935.0,861.20996
2024-07-02 21:00:00,746.0,757.96204
2024-07-02 22:00:00,554.0,652.3518
2024-07-02 23:00:00,388.0,517.3025
2024-07-03 00:00:00,172.0,323.66333
2024-07-03 01:00:00,89.0,160.54535
2024-07-03 02:00:00,48.0,122.12225
2024-07-03 03:00:00,46.0,116.914795
2024-07-03 04:00:00,122.0,133.5075
2024-07-03 05:00:00,431.0,284.91528
2024-07-03 06:00:00,1390.0,1144.6174
2024-07-03 07:00:00,1790.0,1697.6677
2024-07-03 08:00:00,1662.0,1627.6835
2024-07-03 09:00:00,1514.0,1529.4824
2024-07-03 10:00:00,1438.0,1467.1135
2024-07-03 11:00:00,1522.0,1444.3762
2024-07-03 12:00:00,1627.0,1446.3684
2024-07-03 13:00:00,1581.0,1461.8022
2024-07-03 14:00:00,1749.0,1526.9639
2024-07-03 15:00:00,1977.0,2160.6045
2024-07-03 16:00:00,2623.0,2513.2886
2024-07-03 17:00:00,2728.0,2566.4106
2024-07-03 18:00:00,2176.0,2250.9807
2024-07-03 19:00:00,1626.0,1288.75
2024-07-03 20:00:00,996.0,986.5491
2024-07-03 21:00:00,780.0,853.954
2024-07-03 22:00:00,657.0,753.3371
2024-07-03 23:00:00,400.0,581.63226
2024-07-04 00:00:00,191.0,382.12408
2024-07-04 01:00:00,87.0,186.77557
2024-07-04 02:00:00,46.0,125.31714
2024-07-04 03:00:00,50.0,106.960754
2024-07-04 04:00:00,119.0,121.83618
2024-07-04 05:00:00,479.0,288.7013
2024-07-04 06:00:00,1422.0,1118.163
2024-07-04 07:00:00,1833.0,1665.4095
2024-07-04 08:00:00,1805.0,1657.5437
2024-07-04 09:00:00,1711.0,1572.0336
2024-07-04 10:00:00,1676.0,1558.5337
2024-07-04 11:00:00,1626.0,1568.5991
2024-07-04 12:00:00,1615.0,1566.6796
2024-07-04 13:00:00,1677.0,1641.2295
2024-07-04 14:00:00,1819.0,1833.425
2024-07-04 15:00:00,1774.0,2251.6045
2024-07-04 16:00:00,2804.0,2572.8174
2024-07-04 17:00:00,2832.0,2589.911
2024-07-04 18:00:00,2324.0,2282.7712
2024-07-04 19:00:00,1611.0,1456.1473
2024-07-04 20:00:00,1164.0,1034.6593
2024-07-04 21:00:00,895.0,915.38367
2024-07-04 22:00:00,806.0,807.2197
2024-07-04 23:00:00,513.0,683.2853
2024-07-05 00:00:00,258.0,443.97217
2024-07-05 01:00:00,103.0,209.32343
2024-07-05 02:00:00,82.0,131.48016
2024-07-05 03:00:00,67.0,110.30182
2024-07-05 04:00:00,131.0,133.7796
2024-07-05 05:00:00,464.0,295.11987
2024-07-05 06:00:00,1321.0,1093.4696
2024-07-05 07:00:00,1712.0,1658.7734
2024-07-05 08:00:00,1736.0,1747.1263
2024-07-05 09:00:00,1823.0,1698.067
2024-07-05 10:00:00,1883.0,1672.645
2024-07-05 11:00:00,1919.0,1686.2615
2024-07-05 12:00:00,1997.0,1759.71
2024-07-05 13:00:00,2159.0,1889.0693
2024-07-05 14:00:00,2385.0,2180.9893
2024-07-05 15:00:00,2521.0,2513.4177
2024-07-05 16:00:00,3034.0,2651.46
2024-07-05 17:00:00,2652.0,2603.0337
2024-07-05 18:00:00,2199.0,2369.4106
2024-07-05 19:00:00,1530.0,1812.6035
2024-07-05 20:00:00,1079.0,1169.6886
2024-07-05 21:00:00,1085.0,989.22437
2024-07-05 22:00:00,901.0,847.55054
2024-07-05 23:00:00,717.0,709.12506
2024-07-06 00:00:00,564.0,549.2844
2024-07-06 01:00:00,254.0,382.88385
2024-07-06 02:00:00,168.0,241.4076
2024-07-06 03:00:00,140.0,174.47601
2024-07-06 04:00:00,152.0,177.60718
2024-07-06 05:00:00,256.0,235.37231
2024-07-06 06:00:00,595.0,566.9428
2024-07-06 07:00:00,978.0,1222.397
2024-07-06 08:00:00,1589.0,1751.2615
2024-07-06 09:00:00,2175.0,2059.887
2024-07-06 10:00:00,2451.0,2185.4607
2024-07-06 11:00:00,2342.0,2166.0293
2024-07-06 12:00:00,2245.0,2150.9326
2024-07-06 13:00:00,2140.0,2070.5237
2024-07-06 14:00:00,2025.0,1964.5173
2024-07-06 15:00:00,2020.0,1866.3016
2024-07-06 16:00:00,1975.0,1749.9515
2024-07-06 17:00:00,1772.0,1790.8494
2024-07-06 18:00:00,1012.0,1870.2657
2024-07-06 19:00:00,725.0,1035.8691
2024-07-06 20:00:00,564.0,863.8506
2024-07-06 21:00:00,877.0,776.22314
2024-07-06 22:00:00,731.0,692.9381
2024-07-06 23:00:00,739.0,662.12854
2024-07-07 00:00:00,483.0,477.54633
2024-07-07 01:00:00,269.0,376.03546
2024-07-07 02:00:00,172.0,252.69409
2024-07-07 03:00:00,127.0,187.5589
2024-07-07 04:00:00,119.0,171.62567
2024-07-07 05:00:00,161.0,194.57257
2024-07-07 06:00:00,211.0,273.2508
2024-07-07 07:00:00,280.0,461.03308
2024-07-07 08:00:00,608.0,782.35364
2024-07-07 09:00:00,1083.0,1413.6957
2024-07-07 10:00:00,1596.0,1842.3984
2024-07-07 11:00:00,2042.0,1898.467
2024-07-07 12:00:00,1887.0,1874.24
2024-07-07 13:00:00,1911.0,1765.7375
2024-07-07 14:00:00,1823.0,1604.4164
2024-07-07 15:00:00,1682.0,1525.3612
2024-07-07 16:00:00,1716.0,1532.3741
2024-07-07 17:00:00,1652.0,1537.0739
2024-07-07 18:00:00,1426.0,1317.4836
2024-07-07 19:00:00,1203.0,1110.1924
2024-07-07 20:00:00,1059.0,876.634
2024-07-07 21:00:00,885.0,784.98346
2024-07-07 22:00:00,593.0,682.5216
2024-07-07 23:00:00,354.0,581.9603
2024-07-08 00:00:00,220.0,288.211
2024-07-08 01:00:00,76.0,157.57324
2024-07-08 02:00:00,45.0,111.97217
2024-07-08 03:00:00,60.0,112.19061
2024-07-08 04:00:00,136.0,143.80933
2024-07-08 05:00:00,529.0,298.3592
2024-07-08 06:00:00,1518.0,1171.1306
2024-07-08 07:00:00,2014.0,1721.1774
2024-07-08 08:00:00,2013.0,1714.9285
2024-07-08 09:00:00,1826.0,1612.9408
2024-07-08 10:00:00,1913.0,1538.0325
2024-07-08 11:00:00,1918.0,1482.2489
2024-07-08 12:00:00,1777.0,1445.9246
2024-07-08 13:00:00,1679.0,1442.4958
2024-07-08 14:00:00,1748.0,1533.8218
2024-07-08 15:00:00,1957.0,1985.8389
2024-07-08 16:00:00,2659.0,2439.9702
2024-07-08 17:00:00,2892.0,2423.9563
2024-07-08 18:00:00,2304.0,1943.2686
2024-07-08 19:00:00,1394.0,1139.2727
2024-07-08 20:00:00,906.0,847.4199
2024-07-08 21:00:00,777.0,718.6057
2024-07-08 22:00:00,625.0,615.3241
2024-07-08 23:00:00,362.0,473.3742
2024-07-09 00:00:00,196.0,281.10144
2024-07-09 01:00:00,110.0,146.46191
2024-07-09 02:00:00,64.0,116.03186
2024-07-09 03:00:00,69.0,114.6142
2024-07-09 04:00:00,149.0,130.91992
2024-07-09 05:00:00,519.0,326.96515
2024-07-09 06:00:00,1591.0,1024.456
2024-07-09 07:00:00,1971.0,1678.7542
2024-07-09 08:00:00,2043.0,1712.1741
2024-07-09 09:00:00,1884.0,1607.8259
2024-07-09 10:00:00,1825.0,1505.8008
2024-07-09 11:00:00,1721.0,1451.3256
2024-07-09 12:00:00,1608.0,1423.2186
2024-07-09 13:00:00,1679.0,1428.5225
2024-07-09 14:00:00,1885.0,1500.5654
2024-07-09 15:00:00,2091.0,1944.0149
2024-07-09 16:00:00,2654.0,2432.8516
2024-07-09 17:00:00,2819.0,2468.3557
2024-07-09 18:00:00,2320.0,1869.041
2024-07-09 19:00:00,1448.0,1200.5026
2024-07-09 20:00:00,999.0,911.4135
2024-07-09 21:00:00,805.0,783.95197
2024-07-09 22:00:00,667.0,663.5747
2024-07-09 23:00:00,761.0,508.80542
2024-07-10 00:00:00,255.0,322.91144
2024-07-10 01:00:00,116.0,169.30188
2024-07-10 02:00:00,60.0,106.73071
2024-07-10 03:00:00,64.0,117.50995
2024-07-10 04:00:00,139.0,135.88904
2024-07-10 05:00:00,476.0,294.81964
2024-07-10 06:00:00,1479.0,1088.7585
2024-07-10 07:00:00,1982.0,1680.419
2024-07-10 08:00:00,1875.0,1641.5366
2024-07-10 09:00:00,1754.0,1524.1776
2024-07-10 10:00:00,1721.0,1468.7637
2024-07-10 11:00:00,1804.0,1445.8799
2024-07-10 12:00:00,1800.0,1447.738
2024-07-10 13:00:00,1854.0,1481.793
2024-07-10 14:00:00,1874.0,1551.8237
2024-07-10 15:00:00,2085.0,2005.1477
2024-07-10 16:00:00,2784.0,2495.5454
2024-07-10 17:00:00,3036.0,2539.418
2024-07-10 18:00:00,2381.0,2066.639
2024-07-10 19:00:00,1488.0,1248.2192
2024-07-10 20:00:00,1077.0,964.19556
2024-07-10 21:00:00,734.0,859.1852
2024-07-10 22:00:00,683.0,751.40393
2024-07-10 23:00:00,737.0,570.7485
2024-07-11 00:00:00,287.0,378.20172
2024-07-11 01:00:00,109.0,188.04669
2024-07-11 02:00:00,55.0,108.018616
2024-07-11 03:00:00,70.0,107.08673
2024-07-11 04:00:00,116.0,604.2903
2024-07-11 05:00:00,510.0,303.5335
2024-07-11 06:00:00,1484.0,1105.4132
2024-07-11 07:00:00,1965.0,1549.5809
2024-07-11 08:00:00,1965.0,1641.3583
2024-07-11 09:00:00,1806.0,1603.9604
2024-07-11 10:00:00,1881.0,1601.1
2024-07-11 11:00:00,1796.0,1586.6448
2024-07-11 12:00:00,1858.0,1601.8936
2024-07-11 13:00:00,1897.0,1651.6575
2024-07-11 14:00:00,1907.0,1814.366
2024-07-11 15:00:00,2130.0,2236.4375
2024-07-11 16:00:00,2592.0,2557.8154
2024-07-11 17:00:00,2778.0,2573.9924
2024-07-11 18:00:00,2424.0,2225.936
2024-07-11 19:00:00,1478.0,1401.4102
2024-07-11 20:00:00,1095.0,1033.0981
2024-07-11 21:00:00,849.0,913.89044
2024-07-11 22:00:00,764.0,805.43506
2024-07-11 23:00:00,517.0,680.9092
2024-07-12 00:00:00,219.0,438.96973
2024-07-12 01:00:00,119.0,208.31525
2024-07-12 02:00:00,78.0,134.20221
2024-07-12 03:00:00,81.0,112.97101
2024-07-12 04:00:00,154.0,139.00555
2024-07-12 05:00:00,405.0,318.93042
2024-07-12 06:00:00,1228.0,1088.9697
2024-07-12 07:00:00,1632.0,1646.867
2024-07-12 08:00:00,1506.0,1665.9381
2024-07-12 09:00:00,1534.0,1650.1797
2024-07-12 10:00:00,1755.0,1668.2712
2024-07-12 11:00:00,1904.0,1678.4064
2024-07-12 12:00:00,1990.0,1742.6831
2024-07-12 13:00:00,2186.0,1917.9963
2024-07-12 14:00:00,2400.0,2198.3342
2024-07-12 15:00:00,2571.0,2529.4683
2024-07-12 16:00:00,2993.0,2644.5288
2024-07-12 17:00:00,2498.0,2629.1895
2024-07-12 18:00:00,2408.0,2344.357
2024-07-12 19:00:00,1749.0,1646.0643
2024-07-12 20:00:00,1207.0,1133.5177
2024-07-12 21:00:00,834.0,932.9554
2024-07-12 22:00:00,718.0,848.19116
2024-07-12 23:00:00,643.0,691.318
2024-07-13 00:00:00,381.0,549.34454
2024-07-13 01:00:00,190.0,371.6468
2024-07-13 02:00:00,151.0,241.86621
2024-07-13 03:00:00,142.0,157.37341
2024-07-13 04:00:00,191.0,171.71942
2024-07-13 05:00:00,357.0,217.46289
2024-07-13 06:00:00,731.0,419.5428
2024-07-13 07:00:00,955.0,827.03534
2024-07-13 08:00:00,1583.0,1614.1669
2024-07-13 09:00:00,2124.0,2025.9829
2024-07-13 10:00:00,2749.0,2130.5015
2024-07-13 11:00:00,2728.0,2165.6963
2024-07-13 12:00:00,2557.0,2154.8208
2024-07-13 13:00:00,2417.0,2106.3582
2024-07-13 14:00:00,2309.0,1979.3032
2024-07-13 15:00:00,2079.0,1846.6136
2024-07-13 16:00:00,1955.0,1750.7788
2024-07-13 17:00:00,1829.0,1654.7129
2024-07-13 18:00:00,1455.0,1436.9866
2024-07-13 19:00:00,1102.0,1138.097
2024-07-13 20:00:00,943.0,904.72394
2024-07-13 21:00:00,768.0,807.2776
2024-07-13 22:00:00,788.0,742.03235
2024-07-13 23:00:00,776.0,669.2629
2024-07-14 00:00:00,515.0,475.63678
2024-07-14 01:00:00,304.0,376.28473
2024-07-14 02:00:00,201.0,252.17151
2024-07-14 03:00:00,163.0,184.9596
2024-07-14 04:00:00,144.0,178.91693
2024-07-14 05:00:00,197.0,207.51636
2024-07-14 06:00:00,325.0,301.70227
2024-07-14 07:00:00,698.0,565.5731
2024-07-14 08:00:00,1403.0,1084.1812
2024-07-14 09:00:00,2126.0,1691.6938
2024-07-14 10:00:00,2520.0,1964.1925
2024-07-14 11:00:00,2304.0,2010.7717
2024-07-14 12:00:00,2023.0,1963.4346
2024-07-14 13:00:00,1851.0,1845.5631
2024-07-14 14:00:00,1648.0,1629.3641
2024-07-14 15:00:00,1537.0,1529.1516
2024-07-14 16:00:00,1575.0,1523.7263
2024-07-14 17:00:00,1513.0,1528.0596
2024-07-14 18:00:00,1481.0,1337.169
2024-07-14 19:00:00,1301.0,1118.6649
2024-07-14 20:00:00,1132.0,879.6667
2024-07-14 21:00:00,724.0,786.64844
2024-07-14 22:00:00,477.0,678.8884
2024-07-14 23:00:00,497.0,576.77
2024-07-15 00:00:00,200.0,286.9001
2024-07-15 01:00:00,102.0,158.38776
2024-07-15 02:00:00,51.0,111.5141
2024-07-15 03:00:00,56.0,114.09662
2024-07-15 04:00:00,132.0,144.7829
2024-07-15 05:00:00,524.0,290.38226
2024-07-15 06:00:00,1496.0,1166.1246
2024-07-15 07:00:00,2033.0,1688.3591
2024-07-15 08:00:00,1905.0,1673.6597
2024-07-15 09:00:00,1943.0,1568.2819
2024-07-15 10:00:00,1920.0,1471.3035
2024-07-15 11:00:00,1957.0,1408.8325
2024-07-15 12:00:00,1914.0,1426.2698
2024-07-15 13:00:00,1741.0,1444.3408
2024-07-15 14:00:00,1854.0,1536.1333
2024-07-15 15:00:00,1896.0,1973.7651
2024-07-15 16:00:00,2593.0,2422.4468
2024-07-15 17:00:00,2853.0,2424.3936
2024-07-15 18:00:00,1870.0,1906.6853
2024-07-15 19:00:00,1144.0,1199.3405
2024-07-15 20:00:00,907.0,803.39636
2024-07-15 21:00:00,626.0,866.16437
2024-07-15 22:00:00,441.0,598.5972
2024-07-15 23:00:00,291.0,470.67743
2024-07-16 00:00:00,164.0,313.16437
2024-07-16 01:00:00,90.0,125.84027
2024-07-16 02:00:00,58.0,115.42102
2024-07-16 03:00:00,59.0,117.79822
2024-07-16 04:00:00,142.0,141.75244
2024-07-16 05:00:00,465.0,362.15808
2024-07-16 06:00:00,1444.0,1156.9286
2024-07-16 07:00:00,1814.0,1685.0903
2024-07-16 08:00:00,1802.0,1657.3198
2024-07-16 09:00:00,1549.0,1519.607
2024-07-16 10:00:00,1721.0,1453.3387
2024-07-16 11:00:00,1824.0,1423.3807
2024-07-16 12:00:00,1583.0,1391.2734
2024-07-16 13:00:00,1641.0,1391.3263
2024-07-16 14:00:00,1787.0,1475.7124
2024-07-16 15:00:00,1892.0,1957.0234
2024-07-16 16:00:00,2759.0,2499.623
2024-07-16 17:00:00,2983.0,2521.315
2024-07-16 18:00:00,2155.0,1975.9346
2024-07-16 19:00:00,1372.0,1224.0251
2024-07-16 20:00:00,909.0,909.1171
2024-07-16 21:00:00,745.0,782.5911
2024-07-16 22:00:00,614.0,666.70734
2024-07-16 23:00:00,346.0,512.98474
2024-07-17 00:00:00,225.0,321.3058
2024-07-17 01:00:00,96.0,164.48053
2024-07-17 02:00:00,59.0,119.9635
2024-07-17 03:00:00,60.0,117.15314
2024-07-17 04:00:00,137.0,134.56549
2024-07-17 05:00:00,469.0,289.4519
2024-07-17 06:00:00,1418.0,1107.4056
2024-07-17 07:00:00,1872.0,1683.8704
2024-07-17 08:00:00,1793.0,1629.0938
2024-07-17 09:00:00,1796.0,1522.1913
2024-07-17 10:00:00,1954.0,1467.4152
2024-07-17 11:00:00,1773.0,1451.3933
2024-07-17 12:00:00,1838.0,1443.9258
2024-07-17 13:00:00,1788.0,1457.1002
2024-07-17 14:00:00,1801.0,1559.3977
2024-07-17 15:00:00,2027.0,2033.3359
2024-07-17 16:00:00,2624.0,2493.4954
2024-07-17 17:00:00,2831.0,2543.1067
2024-07-17 18:00:00,2255.0,2095.3696
2024-07-17 19:00:00,1413.0,1303.169
2024-07-17 20:00:00,943.0,962.4854
2024-07-17 21:00:00,800.0,857.3924
2024-07-17 22:00:00,701.0,750.7153
2024-07-17 23:00:00,511.0,572.62317
2024-07-18 00:00:00,191.0,376.53577
2024-07-18 01:00:00,96.0,184.72772
2024-07-18 02:00:00,71.0,124.364624
2024-07-18 03:00:00,72.0,105.7785
2024-07-18 04:00:00,119.0,123.25415
2024-07-18 05:00:00,501.0,288.0763
2024-07-18 06:00:00,1362.0,1064.1539
2024-07-18 07:00:00,1659.0,1712.506
2024-07-18 08:00:00,1780.0,1718.655
2024-07-18 09:00:00,1676.0,1636.7036
2024-07-18 10:00:00,1742.0,1602.2404
2024-07-18 11:00:00,1702.0,1586.0525
2024-07-18 12:00:00,1684.0,1598.215
2024-07-18 13:00:00,1582.0,1650.1763
2024-07-18 14:00:00,1649.0,1811.8132
2024-07-18 15:00:00,1929.0,2205.167
2024-07-18 16:00:00,2533.0,2550.7375
2024-07-18 17:00:00,2709.0,2559.1494
2024-07-18 18:00:00,2097.0,2224.3916
2024-07-18 19:00:00,1407.0,1516.0962
2024-07-18 20:00:00,937.0,1031.8107
2024-07-18 21:00:00,794.0,911.53143
2024-07-18 22:00:00,691.0,803.62854
2024-07-18 23:00:00,482.0,679.2206
2024-07-19 00:00:00,252.0,435.51343
2024-07-19 01:00:00,100.0,206.8092
2024-07-19 02:00:00,62.0,131.41956
2024-07-19 03:00:00,74.0,110.320984
2024-07-19 04:00:00,125.0,133.54034
2024-07-19 05:00:00,405.0,287.09448
2024-07-19 06:00:00,1271.0,985.10065
2024-07-19 07:00:00,1529.0,1645.3707
2024-07-19 08:00:00,1631.0,1746.8823
2024-07-19 09:00:00,1825.0,1707.3608
2024-07-19 10:00:00,1916.0,1691.492
2024-07-19 11:00:00,1953.0,1705.9053
2024-07-19 12:00:00,2063.0,1767.8052
2024-07-19 13:00:00,2087.0,1899.1163
2024-07-19 14:00:00,2182.0,2187.4585
2024-07-19 15:00:00,2483.0,2497.186
2024-07-19 16:00:00,2739.0,2619.3186
2024-07-19 17:00:00,2629.0,2592.7256
2024-07-19 18:00:00,2151.0,2355.196
2024-07-19 19:00:00,1547.0,1799.4124
2024-07-19 20:00:00,1089.0,1156.7654
2024-07-19 21:00:00,884.0,982.23315
2024-07-19 22:00:00,718.0,841.45776
2024-07-19 23:00:00,578.0,702.475
2024-07-20 00:00:00,429.0,543.06287
2024-07-20 01:00:00,255.0,381.39954
2024-07-20 02:00:00,162.0,241.28815
2024-07-20 03:00:00,155.0,175.66632
2024-07-20 04:00:00,256.0,176.26495
2024-07-20 05:00:00,444.0,232.59589
2024-07-20 06:00:00,806.0,565.6669
2024-07-20 07:00:00,1498.0,1221.1096
2024-07-20 08:00:00,2271.0,1768.7173
2024-07-20 09:00:00,2713.0,2073.143
2024-07-20 10:00:00,2733.0,2196.9053
2024-07-20 11:00:00,2575.0,2236.2073
2024-07-20 12:00:00,2287.0,2230.0278
2024-07-20 13:00:00,2102.0,2160.3643
2024-07-20 14:00:00,1971.0,2029.3688
2024-07-20 15:00:00,1712.0,1887.066
2024-07-20 16:00:00,1554.0,1757.8911
2024-07-20 17:00:00,1295.0,1603.9924
2024-07-20 18:00:00,1212.0,1410.228
2024-07-20 19:00:00,912.0,1142.0337
2024-07-20 20:00:00,817.0,901.1409
2024-07-20 21:00:00,794.0,808.3353
2024-07-20 22:00:00,760.0,737.82404
2024-07-20 23:00:00,692.0,658.30676
2024-07-21 00:00:00,469.0,465.89142
2024-07-21 01:00:00,291.0,372.86774
2024-07-21 02:00:00,189.0,256.16205
2024-07-21 03:00:00,138.0,198.35632
2024-07-21 04:00:00,100.0,189.49182
2024-07-21 05:00:00,153.0,215.52838
2024-07-21 06:00:00,261.0,294.11835
2024-07-21 07:00:00,361.0,555.39233
2024-07-21 08:00:00,667.0,923.17615
2024-07-21 09:00:00,1243.0,1372.3724
2024-07-21 10:00:00,1647.0,1844.9681
2024-07-21 11:00:00,1865.0,2003.6937
2024-07-21 12:00:00,1833.0,1930.604
2024-07-21 13:00:00,1845.0,1829.349
2024-07-21 14:00:00,1655.0,1669.3679
2024-07-21 15:00:00,1467.0,1537.0725
2024-07-21 16:00:00,1379.0,1518.5203
2024-07-21 17:00:00,1396.0,1526.3552
2024-07-21 18:00:00,1186.0,1261.9
2024-07-21 19:00:00,942.0,990.65906
2024-07-21 20:00:00,821.0,879.75073
2024-07-21 21:00:00,638.0,787.1675
2024-07-21 22:00:00,498.0,678.67664
2024-07-21 23:00:00,336.0,574.7951
2024-07-22 00:00:00,180.0,285.6172
2024-07-22 01:00:00,79.0,157.54828
2024-07-22 02:00:00,51.0,110.89044
2024-07-22 03:00:00,51.0,125.29236
2024-07-22 04:00:00,112.0,152.4256
2024-07-22 05:00:00,405.0,289.7943
2024-07-22 06:00:00,1225.0,1155.0511
2024-07-22 07:00:00,1575.0,1687.6554
2024-07-22 08:00:00,1469.0,1662.6362
2024-07-22 09:00:00,1527.0,1526.1254
2024-07-22 10:00:00,1670.0,1439.3883
2024-07-22 11:00:00,1927.0,1398.4003
2024-07-22 12:00:00,1853.0,1371.0352
2024-07-22 13:00:00,1637.0,1413.2185
2024-07-22 14:00:00,1646.0,1521.5723
2024-07-22 15:00:00,1753.0,2042.9644
2024-07-22 16:00:00,1979.0,2472.3887
2024-07-22 17:00:00,2398.0,2448.0625
2024-07-22 18:00:00,1711.0,1953.3054
2024-07-22 19:00:00,943.0,1188.2605
2024-07-22 20:00:00,704.0,844.4447
2024-07-22 21:00:00,564.0,717.0534
2024-07-22 22:00:00,451.0,614.4564
2024-07-22 23:00:00,261.0,471.16656
2024-07-23 00:00:00,160.0,278.77155
2024-07-23 01:00:00,84.0,147.50336
2024-07-23 02:00:00,61.0,114.78223
2024-07-23 03:00:00,49.0,114.25653
2024-07-23 04:00:00,129.0,132.64868
2024-07-23 05:00:00,393.0,287.91583
2024-07-23 06:00:00,1172.0,1110.6632
2024-07-23 07:00:00,1548.0,1685.6394
2024-07-23 08:00:00,1524.0,1671.6356
2024-07-23 09:00:00,1496.0,1600.9023
2024-07-23 10:00:00,1589.0,1502.1627
2024-07-23 11:00:00,1599.0,1442.2456
2024-07-23 12:00:00,1429.0,1422.603
2024-07-23 13:00:00,1416.0,1423.2758
2024-07-23 14:00:00,1484.0,1481.9331
2024-07-23 15:00:00,1608.0,1958.1378
2024-07-23 16:00:00,2151.0,2464.8481
2024-07-23 17:00:00,2408.0,2506.584
2024-07-23 18:00:00,1769.0,1950.2476
2024-07-23 19:00:00,1129.0,1223.2437
2024-07-23 20:00:00,791.0,907.8874
2024-07-23 21:00:00,667.0,781.761
2024-07-23 22:00:00,553.0,664.88403
2024-07-23 23:00:00,364.0,496.2619
2024-07-24 00:00:00,209.0,319.61237
2024-07-24 01:00:00,98.0,164.32288
2024-07-24 02:00:00,47.0,119.62927
2024-07-24 03:00:00,45.0,116.79132
2024-07-24 04:00:00,124.0,134.60748
2024-07-24 05:00:00,358.0,289.771
2024-07-24 06:00:00,1164.0,1099.6401
2024-07-24 07:00:00,1557.0,1675.8889
2024-07-24 08:00:00,1532.0,1662.7012
2024-07-24 09:00:00,1580.0,1530.2345
2024-07-24 10:00:00,1695.0,1483.3127
2024-07-24 11:00:00,1662.0,1471.5682
2024-07-24 12:00:00,1628.0,1448.8546
2024-07-24 13:00:00,1516.0,1456.7834
2024-07-24 14:00:00,1252.0,1547.2798
2024-07-24 15:00:00,1715.0,1991.8923
2024-07-24 16:00:00,2279.0,2513.719
2024-07-24 17:00:00,2414.0,2558.0884
2024-07-24 18:00:00,1821.0,2095.161
2024-07-24 19:00:00,1252.0,1226.8367
2024-07-24 20:00:00,867.0,960.65955
2024-07-24 21:00:00,727.0,856.11475
2024-07-24 22:00:00,499.0,748.7412
2024-07-24 23:00:00,377.0,571.87775
2024-07-25 00:00:00,206.0,373.7658
2024-07-25 01:00:00,90.0,183.2826
2024-07-25 02:00:00,48.0,123.609375
2024-07-25 03:00:00,43.0,105.22168
2024-07-25 04:00:00,116.0,123.10278
2024-07-25 05:00:00,407.0,292.47107
2024-07-25 06:00:00,1140.0,1054.671
2024-07-25 07:00:00,1635.0,1713.8618
2024-07-25 08:00:00,1651.0,1716.8582
2024-07-25 09:00:00,1693.0,1632.9122
2024-07-25 10:00:00,1540.0,1598.0835
2024-07-25 11:00:00,1607.0,1584.7704
2024-07-25 12:00:00,1664.0,1595.5646
2024-07-25 13:00:00,1604.0,1647.9515
2024-07-25 14:00:00,1676.0,1809.5503
2024-07-25 15:00:00,1821.0,2220.5786
2024-07-25 16:00:00,2329.0,2564.945
2024-07-25 17:00:00,2461.0,2576.6025
2024-07-25 18:00:00,1926.0,2258.156
2024-07-25 19:00:00,1339.0,1416.3419
2024-07-25 20:00:00,932.0,1029.5374
2024-07-25 21:00:00,800.0,910.7801
2024-07-25 22:00:00,648.0,803.1443
2024-07-25 23:00:00,490.0,678.5018
2024-07-26 00:00:00,259.0,432.73615
2024-07-26 01:00:00,113.0,205.2041
2024-07-26 02:00:00,68.0,129.26093
2024-07-26 03:00:00,78.0,108.6969
2024-07-26 04:00:00,132.0,131.43329
2024-07-26 05:00:00,392.0,280.62543
2024-07-26 06:00:00,990.0,961.2814
2024-07-26 07:00:00,1411.0,1650.2612
2024-07-26 08:00:00,1546.0,1724.5762
2024-07-26 09:00:00,1846.0,1701.2975
2024-07-26 10:00:00,1995.0,1685.5735
2024-07-26 11:00:00,1999.0,1697.2649
2024-07-26 12:00:00,2021.0,1763.0579
2024-07-26 13:00:00,2072.0,1891.7708
2024-07-26 14:00:00,2120.0,2162.519
2024-07-26 15:00:00,2332.0,2486.6104
2024-07-26 16:00:00,2609.0,2630.3838
2024-07-26 17:00:00,2546.0,2597.2957
2024-07-26 18:00:00,2014.0,2343.8574
2024-07-26 19:00:00,1469.0,1795.9874
2024-07-26 20:00:00,1070.0,1158.1735
2024-07-26 21:00:00,800.0,980.669
2024-07-26 22:00:00,659.0,839.579
2024-07-26 23:00:00,616.0,699.9682
2024-07-27 00:00:00,366.0,541.92773
2024-07-27 01:00:00,227.0,380.49274
2024-07-27 02:00:00,155.0,241.39545
2024-07-27 03:00:00,156.0,178.64667
2024-07-27 04:00:00,308.0,179.04675
2024-07-27 05:00:00,420.0,228.26233
2024-07-27 06:00:00,793.0,463.33575
2024-07-27 07:00:00,1359.0,1172.7184
2024-07-27 08:00:00,1941.0,1727.6
2024-07-27 09:00:00,2453.0,2080.1418
2024-07-27 10:00:00,2552.0,2193.6147
2024-07-27 11:00:00,2395.0,2234.0386
2024-07-27 12:00:00,2207.0,2227.8823
2024-07-27 13:00:00,2034.0,2151.4822
2024-07-27 14:00:00,1825.0,1997.5518
2024-07-27 15:00:00,1607.0,1830.8081
2024-07-27 16:00:00,1457.0,1729.0862
2024-07-27 17:00:00,1322.0,1610.4403
2024-07-27 18:00:00,1099.0,1434.0355
2024-07-27 19:00:00,842.0,1133.3466
2024-07-27 20:00:00,760.0,900.93677
2024-07-27 21:00:00,713.0,807.6901
2024-07-27 22:00:00,646.0,733.92236
2024-07-27 23:00:00,673.0,650.7555
2024-07-28 00:00:00,428.0,460.25165
2024-07-28 01:00:00,244.0,369.75275
2024-07-28 02:00:00,158.0,263.26428
2024-07-28 03:00:00,118.0,198.09576
2024-07-28 04:00:00,97.0,189.6012
2024-07-28 05:00:00,134.0,239.9925
2024-07-28 06:00:00,215.0,289.8681
2024-07-28 07:00:00,406.0,481.5191
2024-07-28 08:00:00,668.0,799.50494
2024-07-28 09:00:00,1224.0,1363.2639
2024-07-28 10:00:00,1780.0,1766.8947
2024-07-28 11:00:00,1963.0,1832.8452
2024-07-28 12:00:00,1882.0,1829.492
2024-07-28 13:00:00,1792.0,1712.5155
2024-07-28 14:00:00,1603.0,1597.0165
2024-07-28 15:00:00,1376.0,1531.3875
2024-07-28 16:00:00,1355.0,1516.4624
2024-07-28 17:00:00,1295.0,1490.8931
2024-07-28 18:00:00,1102.0,1335.9814
2024-07-28 19:00:00,1001.0,1120.3828
2024-07-28 20:00:00,887.0,882.3275
2024-07-28 21:00:00,701.0,788.56433
2024-07-28 22:00:00,482.0,674.7401
2024-07-28 23:00:00,329.0,571.1857
2024-07-29 00:00:00,203.0,284.2068
2024-07-29 01:00:00,73.0,157.7392
2024-07-29 02:00:00,48.0,110.05347
2024-07-29 03:00:00,60.0,114.193665
2024-07-29 04:00:00,101.0,143.77728
2024-07-29 05:00:00,416.0,289.1422
2024-07-29 06:00:00,1082.0,1163.5997
2024-07-29 07:00:00,1532.0,1686.7734
2024-07-29 08:00:00,1591.0,1656.1855
2024-07-29 09:00:00,1729.0,1560.7944
2024-07-29 10:00:00,1849.0,1537.3682
2024-07-29 11:00:00,1716.0,1481.0852
2024-07-29 12:00:00,1659.0,1443.4568
2024-07-29 13:00:00,1641.0,1440.9058
2024-07-29 14:00:00,1546.0,1529.2476
2024-07-29 15:00:00,1542.0,1966.3433
2024-07-29 16:00:00,2007.0,2420.92
2024-07-29 17:00:00,2178.0,2417.3325
2024-07-29 18:00:00,1601.0,1919.3047
2024-07-29 19:00:00,1031.0,1159.083
2024-07-29 20:00:00,774.0,841.7989
2024-07-29 21:00:00,584.0,712.1227
2024-07-29 22:00:00,511.0,608.84937
2024-07-29 23:00:00,319.0,468.2566
2024-07-30 00:00:00,162.0,277.43243
2024-07-30 01:00:00,76.0,146.69586
2024-07-30 02:00:00,62.0,114.24945
2024-07-30 03:00:00,50.0,113.79962
2024-07-30 04:00:00,103.0,132.1112
2024-07-30 05:00:00,404.0,300.12317
2024-07-30 06:00:00,1066.0,1006.5606
2024-07-30 07:00:00,1529.0,1671.2869
2024-07-30 08:00:00,1708.0,1711.582
2024-07-30 09:00:00,1556.0,1607.1301
2024-07-30 10:00:00,1789.0,1504.6626
2024-07-30 11:00:00,1637.0,1449.7034
2024-07-30 12:00:00,1469.0,1412.4355
2024-07-30 13:00:00,1458.0,1426.7378
2024-07-30 14:00:00,1502.0,1498.2454
2024-07-30 15:00:00,1718.0,1925.136
2024-07-30 16:00:00,2105.0,2418.6218
2024-07-30 17:00:00,2290.0,2459.525
2024-07-30 18:00:00,1625.0,1856.3069
2024-07-30 19:00:00,1084.0,1216.1235
2024-07-30 20:00:00,834.0,906.63336
2024-07-30 21:00:00,699.0,780.6124
2024-07-30 22:00:00,437.0,662.83215
2024-07-30 23:00:00,445.0,508.22858
2024-07-31 00:00:00,198.0,318.06836
2024-07-31 01:00:00,105.0,165.53693
2024-07-31 02:00:00,48.0,120.20831
2024-07-31 03:00:00,54.0,116.61896
2024-07-31 04:00:00,105.0,134.7959
2024-07-31 05:00:00,347.0,293.36975
2024-07-31 06:00:00,942.0,961.6909
2024-07-31 07:00:00,1443.0,1690.4631
2024-07-31 08:00:00,1489.0,1707.5195
2024-07-31 09:00:00,1691.0,1599.6521
2024-07-31 10:00:00,1866.0,1523.0936
2024-07-31 11:00:00,1866.0,1492.1113
2024-07-31 12:00:00,1868.0,1481.7717
2024-07-31 13:00:00,2028.0,1497.0529
2024-07-31 14:00:00,2043.0,1553.0945
2024-07-31 15:00:00,2305.0,1980.6329
2024-07-31 16:00:00,2722.0,2478.4404
2024-07-31 17:00:00,2689.0,2529.365
2024-07-31 18:00:00,2305.0,2089.242
2024-07-31 19:00:00,1540.0,1307.0616
2024-07-31 20:00:00,1106.0,958.89484
2024-07-31 21:00:00,789.0,856.1505
2024-07-31 22:00:00,478.0,745.8059
2024-07-31 23:00:00,542.0,563.68945
2024-08-01 00:00:00,316.0,560.74347
2024-08-01 01:00:00,196.0,435.9099
2024-08-01 02:00:00,109.0,356.7439
2024-08-01 03:00:00,110.0,329.98853
2024-08-01 04:00:00,100.0,334.787
2024-08-01 05:00:00,180.0,377.9582
2024-08-01 06:00:00,360.0,609.10736
2024-08-01 07:00:00,795.0,1176.8234
2024-08-01 08:00:00,1236.0,1487.177
2024-08-01 09:00:00,1834.0,1718.3866
2024-08-01 10:00:00,1974.0,1888.5273
2024-08-01 11:00:00,1969.0,1982.4468
2024-08-01 12:00:00,1695.0,2003.5054
2024-08-01 13:00:00,1612.0,1961.4636
2024-08-01 14:00:00,1557.0,1908.9543
2024-08-01 15:00:00,1378.0,1893.0193
2024-08-01 16:00:00,1198.0,1912.0936
2024-08-01 17:00:00,978.0,1738.8135
2024-08-01 18:00:00,743.0,1463.9811
2024-08-01 19:00:00,588.0,1240.0088
2024-08-01 20:00:00,545.0,1025.5411
2024-08-01 21:00:00,508.0,906.6792
2024-08-01 22:00:00,588.0,823.24
2024-08-01 23:00:00,629.0,727.44434
2024-08-02 00:00:00,326.0,390.88135
2024-08-02 01:00:00,142.0,184.66278
2024-08-02 02:00:00,97.0,117.24237
2024-08-02 03:00:00,52.0,104.005066
2024-08-02 04:00:00,99.0,125.47943
2024-08-02 05:00:00,271.0,259.49634
2024-08-02 06:00:00,603.0,967.75635
2024-08-02 07:00:00,891.0,1614.6151
2024-08-02 08:00:00,1143.0,1701.4065
2024-08-02 09:00:00,1537.0,1669.009
2024-08-02 10:00:00,1803.0,1672.8007
2024-08-02 11:00:00,1955.0,1688.0781
2024-08-02 12:00:00,1772.0,1753.1396
2024-08-02 13:00:00,1943.0,1872.9788
2024-08-02 14:00:00,1953.0,2142.9844
2024-08-02 15:00:00,1932.0,2479.394
2024-08-02 16:00:00,2025.0,2624.9194
2024-08-02 17:00:00,1926.0,2565.7234
2024-08-02 18:00:00,1565.0,2323.0278
2024-08-02 19:00:00,1114.0,1744.6304
2024-08-02 20:00:00,836.0,1125.7418
2024-08-02 21:00:00,604.0,1700.4261
2024-08-02 22:00:00,522.0,820.8532
2024-08-02 23:00:00,445.0,682.6318
2024-08-03 00:00:00,310.0,545.6978
2024-08-03 01:00:00,146.0,372.61676
2024-08-03 02:00:00,110.0,232.65283
2024-08-03 03:00:00,90.0,170.65375
2024-08-03 04:00:00,107.0,170.19836
2024-08-03 05:00:00,217.0,211.55438
2024-08-03 06:00:00,405.0,433.5727
2024-08-03 07:00:00,847.0,1089.2915
2024-08-03 08:00:00,1449.0,1576.793
2024-08-03 09:00:00,1984.0,2032.568
2024-08-03 10:00:00,2315.0,2132.9607
2024-08-03 11:00:00,2324.0,2185.728
2024-08-03 12:00:00,2063.0,2212.9932
2024-08-03 13:00:00,2008.0,2148.3015
2024-08-03 14:00:00,1747.0,2016.321
2024-08-03 15:00:00,1540.0,1866.0908
2024-08-03 16:00:00,1529.0,1732.3247
2024-08-03 17:00:00,1246.0,1592.0234
2024-08-03 18:00:00,1039.0,1400.062
2024-08-03 19:00:00,881.0,1100.3668
2024-08-03 20:00:00,781.0,887.1672
2024-08-03 21:00:00,739.0,807.01056
2024-08-03 22:00:00,686.0,738.38135
2024-08-03 23:00:00,595.0,655.66675
2024-08-04 00:00:00,386.0,465.10797
2024-08-04 01:00:00,221.0,371.6922
2024-08-04 02:00:00,147.0,252.4118
2024-08-04 03:00:00,117.0,197.56073
2024-08-04 04:00:00,98.0,184.46185
2024-08-04 05:00:00,119.0,206.42645
2024-08-04 06:00:00,243.0,282.48474
2024-08-04 07:00:00,482.0,525.7515
2024-08-04 08:00:00,1004.0,967.90405
2024-08-04 09:00:00,1547.0,1505.888
2024-08-04 10:00:00,1873.0,1776.9855
2024-08-04 11:00:00,1935.0,1805.6204
2024-08-04 12:00:00,1865.0,1878.2357
2024-08-04 13:00:00,1640.0,1736.6177
2024-08-04 14:00:00,1461.0,1647.7141
2024-08-04 15:00:00,1422.0,1503.4824
2024-08-04 16:00:00,1334.0,1497.3765
2024-08-04 17:00:00,1368.0,1497.7156
2024-08-04 18:00:00,1164.0,1313.8063
2024-08-04 19:00:00,1016.0,1110.6622
2024-08-04 20:00:00,1277.0,886.5377
2024-08-04 21:00:00,889.0,791.0405
2024-08-04 22:00:00,710.0,672.5588
2024-08-04 23:00:00,378.0,565.0991
2024-08-05 00:00:00,200.0,264.86853
2024-08-05 01:00:00,106.0,147.54346
2024-08-05 02:00:00,61.0,102.70227
2024-08-05 03:00:00,51.0,109.924866
2024-08-05 04:00:00,186.0,139.84961
2024-08-05 05:00:00,404.0,279.4121
2024-08-05 06:00:00,1170.0,1097.1628
2024-08-05 07:00:00,1607.0,1679.4578
2024-08-05 08:00:00,1661.0,1675.0851
2024-08-05 09:00:00,1582.0,1619.6798
2024-08-05 10:00:00,1779.0,1538.4382
2024-08-05 11:00:00,1785.0,1478.1501
2024-08-05 12:00:00,1630.0,1437.7034
2024-08-05 13:00:00,1578.0,1429.1392
2024-08-05 14:00:00,1583.0,1510.4905
2024-08-05 15:00:00,1629.0,1932.8047
2024-08-05 16:00:00,2121.0,2403.062
2024-08-05 17:00:00,2369.0,2407.598
2024-08-05 18:00:00,1720.0,1884.3142
2024-08-05 19:00:00,1034.0,1046.7164
2024-08-05 20:00:00,872.0,820.3553
2024-08-05 21:00:00,685.0,697.86383
2024-08-05 22:00:00,520.0,598.8053
2024-08-05 23:00:00,315.0,451.88464
2024-08-06 00:00:00,174.0,257.30664
2024-08-06 01:00:00,76.0,136.21234
2024-08-06 02:00:00,47.0,107.74939
2024-08-06 03:00:00,53.0,108.5719
2024-08-06 04:00:00,131.0,125.01056
2024-08-06 05:00:00,405.0,289.63922
2024-08-06 06:00:00,1194.0,967.8261
2024-08-06 07:00:00,1633.0,1669.8877
2024-08-06 08:00:00,1645.0,1716.0033
2024-08-06 09:00:00,1534.0,1613.188
2024-08-06 10:00:00,1577.0,1504.269
2024-08-06 11:00:00,1512.0,1446.5823
2024-08-06 12:00:00,1368.0,1415.8533
2024-08-06 13:00:00,1433.0,1416.3623
2024-08-06 14:00:00,1525.0,1472.5989
2024-08-06 15:00:00,1704.0,1891.8934
2024-08-06 16:00:00,2414.0,2414.6895
2024-08-06 17:00:00,2467.0,2450.6152
2024-08-06 18:00:00,1840.0,1819.7386
2024-08-06 19:00:00,1015.0,1115.8662
2024-08-06 20:00:00,920.0,886.2579
2024-08-06 21:00:00,740.0,766.317
2024-08-06 22:00:00,630.0,651.4553
2024-08-06 23:00:00,382.0,492.1767
2024-08-07 00:00:00,183.0,292.23688
2024-08-07 01:00:00,81.0,150.84308
2024-08-07 02:00:00,45.0,114.7204
2024-08-07 03:00:00,52.0,111.46338
2024-08-07 04:00:00,103.0,127.79297
2024-08-07 05:00:00,387.0,275.87054
2024-08-07 06:00:00,1168.0,1022.13293
2024-08-07 07:00:00,1621.0,1656.4343
2024-08-07 08:00:00,1443.0,1605.2275
2024-08-07 09:00:00,1355.0,1521.9967
2024-08-07 10:00:00,1611.0,1449.085
2024-08-07 11:00:00,1618.0,1437.2694
2024-08-07 12:00:00,1520.0,1440.5903
2024-08-07 13:00:00,1594.0,1475.2471
2024-08-07 14:00:00,1708.0,1548.2574
2024-08-07 15:00:00,1843.0,1943.4225
2024-08-07 16:00:00,1936.0,2473.7427
2024-08-07 17:00:00,2446.0,2520.9033
2024-08-07 18:00:00,2357.0,2002.103
2024-08-07 19:00:00,1256.0,1262.7435
2024-08-07 20:00:00,915.0,939.00305
2024-08-07 21:00:00,731.0,840.20996
2024-08-07 22:00:00,592.0,730.77545
2024-08-07 23:00:00,379.0,546.98157
2024-08-08 00:00:00,188.0,341.08746
2024-08-08 01:00:00,93.0,167.67975
2024-08-08 02:00:00,52.0,114.64075
2024-08-08 03:00:00,49.0,102.59039
2024-08-08 04:00:00,150.0,121.79169
2024-08-08 05:00:00,421.0,277.46826
2024-08-08 06:00:00,1164.0,990.90546
2024-08-08 07:00:00,1587.0,1503.1145
2024-08-08 08:00:00,1565.0,1585.1361
2024-08-08 09:00:00,1575.0,1591.9115
2024-08-08 10:00:00,1633.0,1541.1418
2024-08-08 11:00:00,1726.0,1533.8494
2024-08-08 12:00:00,1283.0,1554.13
2024-08-08 13:00:00,2105.0,1626.9572
2024-08-08 14:00:00,1703.0,1790.3026
2024-08-08 15:00:00,1956.0,2219.3599
2024-08-08 16:00:00,2480.0,2541.4707
2024-08-08 17:00:00,2540.0,2552.8145
2024-08-08 18:00:00,2095.0,2209.5234
2024-08-08 19:00:00,1384.0,1380.9542
2024-08-08 20:00:00,998.0,1003.7866
2024-08-08 21:00:00,842.0,890.1841
2024-08-08 22:00:00,707.0,785.9148
2024-08-08 23:00:00,473.0,650.432
2024-08-09 00:00:00,238.0,389.45813
2024-08-09 01:00:00,120.0,183.55634
2024-08-09 02:00:00,64.0,120.544556
2024-08-09 03:00:00,56.0,101.21106
2024-08-09 04:00:00,141.0,121.659424
2024-08-09 05:00:00,382.0,231.43195
2024-08-09 06:00:00,1096.0,917.933
2024-08-09 07:00:00,1558.0,1602.299
2024-08-09 08:00:00,1569.0,1735.2991
2024-08-09 09:00:00,1901.0,1690.0382
2024-08-09 10:00:00,2023.0,1672.074
2024-08-09 11:00:00,2058.0,1680.0784
2024-08-09 12:00:00,2002.0,1748.1587
2024-08-09 13:00:00,2034.0,1868.8314
2024-08-09 14:00:00,2133.0,2141.8853
2024-08-09 15:00:00,2544.0,2469.8774
2024-08-09 16:00:00,2849.0,2613.8518
2024-08-09 17:00:00,2607.0,2574.2363
2024-08-09 18:00:00,2218.0,2313.9497
2024-08-09 19:00:00,1574.0,1730.9026
2024-08-09 20:00:00,1209.0,1121.9952
2024-08-09 21:00:00,867.0,952.54254
2024-08-09 22:00:00,704.0,816.1452
2024-08-09 23:00:00,618.0,677.5911
2024-08-10 00:00:00,409.0,537.63135
2024-08-10 01:00:00,233.0,369.88586
2024-08-10 02:00:00,122.0,233.52502
2024-08-10 03:00:00,79.0,172.18011
2024-08-10 04:00:00,124.0,171.5841
2024-08-10 05:00:00,229.0,216.50757
2024-08-10 06:00:00,533.0,510.8086
2024-08-10 07:00:00,1158.0,1138.5571
2024-08-10 08:00:00,1792.0,1701.6665
2024-08-10 09:00:00,2264.0,2053.6316
2024-08-10 10:00:00,2355.0,2178.6887
2024-08-10 11:00:00,2460.0,2225.4712
2024-08-10 12:00:00,2250.0,2219.1497
2024-08-10 13:00:00,1990.0,2144.4463
2024-08-10 14:00:00,1801.0,2008.3721
2024-08-10 15:00:00,1642.0,1862.1333
2024-08-10 16:00:00,1611.0,1730.0645
2024-08-10 17:00:00,1492.0,1576.3988
2024-08-10 18:00:00,1130.0,1380.4293
2024-08-10 19:00:00,954.0,1085.1533
2024-08-10 20:00:00,771.0,884.9121
2024-08-10 21:00:00,782.0,806.3417
2024-08-10 22:00:00,754.0,736.6957
2024-08-10 23:00:00,706.0,654.7755
2024-08-11 00:00:00,482.0,467.33472
2024-08-11 01:00:00,390.0,372.78314
2024-08-11 02:00:00,249.0,251.77295
2024-08-11 03:00:00,191.0,196.3526
2024-08-11 04:00:00,120.0,183.82532
2024-08-11 05:00:00,178.0,208.84216
2024-08-11 06:00:00,346.0,298.7494
2024-08-11 07:00:00,638.0,522.3128
2024-08-11 08:00:00,1118.0,956.46216
2024-08-11 09:00:00,1727.0,1541.8448
2024-08-11 10:00:00,2028.0,1894.4818
2024-08-11 11:00:00,2024.0,1959.2961
2024-08-11 12:00:00,1986.0,1908.9922
2024-08-11 13:00:00,1799.0,1796.1447
2024-08-11 14:00:00,1571.0,1652.8813
2024-08-11 15:00:00,1460.0,1530.459
2024-08-11 16:00:00,1464.0,1486.6682
2024-08-11 17:00:00,1365.0,1437.7833
2024-08-11 18:00:00,1243.0,1249.6019
2024-08-11 19:00:00,1151.0,1111.458
2024-08-11 20:00:00,1418.0,885.65857
2024-08-11 21:00:00,1004.0,791.0574
2024-08-11 22:00:00,717.0,667.3574
2024-08-11 23:00:00,384.0,557.9916
2024-08-12 00:00:00,203.0,266.6576
2024-08-12 01:00:00,88.0,147.41956
2024-08-12 02:00:00,43.0,102.732544
2024-08-12 03:00:00,56.0,114.299805
2024-08-12 04:00:00,130.0,141.1648
2024-08-12 05:00:00,482.0,285.318
2024-08-12 06:00:00,1325.0,1018.51984
2024-08-12 07:00:00,1808.0,1663.631
2024-08-12 08:00:00,1663.0,1711.435
2024-08-12 09:00:00,1698.0,1623.9755
2024-08-12 10:00:00,1740.0,1541.5116
2024-08-12 11:00:00,1673.0,1477.4272
2024-08-12 12:00:00,1595.0,1440.7113
2024-08-12 13:00:00,1537.0,1434.4982
2024-08-12 14:00:00,1577.0,1513.0184
2024-08-12 15:00:00,1799.0,1926.1384
2024-08-12 16:00:00,2363.0,2358.0425
2024-08-12 17:00:00,2543.0,2409.5864
2024-08-12 18:00:00,1908.0,1861.9307
2024-08-12 19:00:00,1086.0,1133.4868
2024-08-12 20:00:00,926.0,876.03516
2024-08-12 21:00:00,641.0,692.8435
2024-08-12 22:00:00,461.0,596.9887
2024-08-12 23:00:00,296.0,449.94995
2024-08-13 00:00:00,146.0,255.92303
2024-08-13 01:00:00,95.0,135.77051
2024-08-13 02:00:00,49.0,107.07184
2024-08-13 03:00:00,50.0,108.448364
2024-08-13 04:00:00,110.0,126.40253
2024-08-13 05:00:00,460.0,276.83087
2024-08-13 06:00:00,1367.0,1017.6042
2024-08-13 07:00:00,1798.0,1672.9615
2024-08-13 08:00:00,1720.0,1677.5112
2024-08-13 09:00:00,1632.0,1613.254
2024-08-13 10:00:00,1733.0,1503.935
2024-08-13 11:00:00,1607.0,1445.699
2024-08-13 12:00:00,1596.0,1414.8295
2024-08-13 13:00:00,1521.0,1416.0413
2024-08-13 14:00:00,1627.0,1473.823
2024-08-13 15:00:00,1824.0,1878.9103
2024-08-13 16:00:00,2596.0,2399.8274
2024-08-13 17:00:00,2894.0,2442.066
2024-08-13 18:00:00,2095.0,1808.2695
2024-08-13 19:00:00,1322.0,1146.8755
2024-08-13 20:00:00,898.0,884.7334
2024-08-13 21:00:00,794.0,764.6173
2024-08-13 22:00:00,616.0,625.91675
2024-08-13 23:00:00,388.0,516.12665
2024-08-14 00:00:00,177.0,283.651
2024-08-14 01:00:00,81.0,150.70624
2024-08-14 02:00:00,52.0,115.47595
2024-08-14 03:00:00,50.0,111.24011
2024-08-14 04:00:00,102.0,128.44904
2024-08-14 05:00:00,410.0,275.2063
2024-08-14 06:00:00,1333.0,946.8649
2024-08-14 07:00:00,1651.0,1682.1604
2024-08-14 08:00:00,1627.0,1713.8057
2024-08-14 09:00:00,1721.0,1600.5115
2024-08-14 10:00:00,1822.0,1521.3063
2024-08-14 11:00:00,1767.0,1486.8835
2024-08-14 12:00:00,1574.0,1466.0543
2024-08-14 13:00:00,1760.0,1451.0525
2024-08-14 14:00:00,1736.0,1537.384
2024-08-14 15:00:00,2045.0,1959.9177
2024-08-14 16:00:00,2788.0,2454.9597
2024-08-14 17:00:00,2949.0,2507.7734
2024-08-14 18:00:00,2365.0,1993.2473
2024-08-14 19:00:00,1558.0,1261.914
2024-08-14 20:00:00,1210.0,938.3121
2024-08-14 21:00:00,849.0,792.4064
2024-08-14 22:00:00,681.0,729.09326
2024-08-14 23:00:00,440.0,546.2451
2024-08-15 00:00:00,215.0,551.251
2024-08-15 01:00:00,97.0,426.16962
2024-08-15 02:00:00,68.0,348.0323
2024-08-15 03:00:00,55.0,326.12195
2024-08-15 04:00:00,115.0,332.31134
2024-08-15 05:00:00,429.0,374.1167
2024-08-15 06:00:00,1103.0,624.10693
2024-08-15 07:00:00,1511.0,1204.7339
2024-08-15 08:00:00,1905.0,1702.3846
2024-08-15 09:00:00,1989.0,1947.4341
2024-08-15 10:00:00,2193.0,2005.5835
2024-08-15 11:00:00,2032.0,2013.9026
2024-08-15 12:00:00,2046.0,2015.4539
2024-08-15 13:00:00,1752.0,1986.5559
2024-08-15 14:00:00,1759.0,1942.1683
2024-08-15 15:00:00,2018.0,1897.9291
2024-08-15 16:00:00,2454.0,1858.3213
2024-08-15 17:00:00,2648.0,1724.6138
2024-08-15 18:00:00,2179.0,1460.2726
2024-08-15 19:00:00,1495.0,1236.739
2024-08-15 20:00:00,1134.0,1028.2179
2024-08-15 21:00:00,901.0,912.5051
2024-08-15 22:00:00,755.0,823.0022
2024-08-15 23:00:00,492.0,725.9671
2024-08-16 00:00:00,263.0,382.40076
2024-08-16 01:00:00,124.0,181.15332
2024-08-16 02:00:00,70.0,123.26129
2024-08-16 03:00:00,58.0,105.49463
2024-08-16 04:00:00,120.0,128.08545
2024-08-16 05:00:00,372.0,259.81677
2024-08-16 06:00:00,1179.0,891.79395
2024-08-16 07:00:00,1702.0,1534.6686
2024-08-16 08:00:00,1690.0,1723.878
2024-08-16 09:00:00,1830.0,1694.8782
2024-08-16 10:00:00,1902.0,1674.2646
2024-08-16 11:00:00,1959.0,1693.0781
2024-08-16 12:00:00,1928.0,1752.8193
2024-08-16 13:00:00,1993.0,1870.6373
2024-08-16 14:00:00,2054.0,2137.8247
2024-08-16 15:00:00,2443.0,2465.0208
2024-08-16 16:00:00,2898.0,2604.171
2024-08-16 17:00:00,2671.0,2566.2239
2024-08-16 18:00:00,2313.0,2308.1519
2024-08-16 19:00:00,1510.0,1726.4946
2024-08-16 20:00:00,1160.0,1114.007
2024-08-16 21:00:00,863.0,948.4569
2024-08-16 22:00:00,863.0,778.9813
2024-08-16 23:00:00,689.0,669.36993
2024-08-17 00:00:00,402.0,537.3359
2024-08-17 01:00:00,229.0,369.09424
2024-08-17 02:00:00,136.0,234.07806
2024-08-17 03:00:00,123.0,175.0332
2024-08-17 04:00:00,116.0,174.46063
2024-08-17 05:00:00,187.0,213.95447
2024-08-17 06:00:00,423.0,409.722
2024-08-17 07:00:00,820.0,1081.252
2024-08-17 08:00:00,1304.0,1523.3677
2024-08-17 09:00:00,1723.0,1942.1187
2024-08-17 10:00:00,2114.0,2099.6707
2024-08-17 11:00:00,2263.0,2142.928
2024-08-17 12:00:00,2075.0,2126.2917
2024-08-17 13:00:00,1997.0,2068.3777
2024-08-17 14:00:00,1981.0,1937.3116
2024-08-17 15:00:00,1927.0,1793.7583
2024-08-17 16:00:00,1916.0,1706.7021
2024-08-17 17:00:00,1728.0,1612.0104
2024-08-17 18:00:00,1442.0,1403.5206
2024-08-17 19:00:00,1162.0,1113.3467
2024-08-17 20:00:00,909.0,885.4413
2024-08-17 21:00:00,884.0,807.08496
2024-08-17 22:00:00,840.0,739.7115
2024-08-17 23:00:00,786.0,658.68097
2024-08-18 00:00:00,544.0,469.44495
2024-08-19 01:00:00,79.0,143.11389
2024-08-19 02:00:00,41.0,101.52063
2024-08-19 03:00:00,42.0,104.91162
2024-08-19 04:00:00,106.0,136.13635
2024-08-19 05:00:00,468.0,277.1717
2024-08-19 06:00:00,1384.0,1104.1321
2024-08-19 07:00:00,1744.0,1684.1292
2024-08-19 08:00:00,1672.0,1681.5725
2024-08-19 09:00:00,1620.0,1606.4813
2024-08-19 10:00:00,1584.0,1531.385
2024-08-19 11:00:00,1655.0,1475.8782
2024-08-19 12:00:00,1568.0,1432.3789
2024-08-19 13:00:00,1576.0,1426.2863
2024-08-19 14:00:00,1532.0,1495.861
2024-08-19 15:00:00,1815.0,1972.5453
2024-08-19 16:00:00,2337.0,2458.417
2024-08-19 17:00:00,2773.0,2426.9834
2024-08-19 18:00:00,2094.0,1906.8939
2024-08-19 19:00:00,1319.0,1123.1046
2024-08-19 20:00:00,823.0,817.90875
2024-08-19 21:00:00,654.0,699.91675
2024-08-19 22:00:00,522.0,600.2951
2024-08-19 23:00:00,282.0,449.78302
2024-08-20 00:00:00,158.0,254.1001
2024-08-20 01:00:00,86.0,133.15637
2024-08-20 02:00:00,52.0,106.47876
2024-08-20 03:00:00,60.0,107.463135
2024-08-20 04:00:00,107.0,122.761475
2024-08-20 05:00:00,454.0,276.46393
2024-08-20 06:00:00,1352.0,1060.3612
2024-08-20 07:00:00,1804.0,1688.884
2024-08-20 08:00:00,1866.0,1656.0249
2024-08-20 09:00:00,1824.0,1514.9
2024-08-20 10:00:00,1604.0,1437.3179
2024-08-20 11:00:00,1484.0,1394.3047
2024-08-20 12:00:00,1468.0,1384.133
2024-08-20 13:00:00,1507.0,1383.7512
2024-08-20 14:00:00,1555.0,1458.5425
2024-08-20 15:00:00,1832.0,1923.294
2024-08-20 16:00:00,2481.0,2460.183
2024-08-20 17:00:00,2645.0,2473.916
2024-08-20 18:00:00,2289.0,1866.5347
2024-08-20 19:00:00,1281.0,1184.4222
2024-08-20 20:00:00,898.0,883.66565
2024-08-20 21:00:00,818.0,763.1065
2024-08-20 22:00:00,621.0,649.03784
2024-08-20 23:00:00,391.0,489.6186
2024-08-21 00:00:00,166.0,273.3609
2024-08-21 01:00:00,82.0,148.7268
2024-08-21 02:00:00,54.0,113.67096
2024-08-21 03:00:00,62.0,110.416016
2024-08-21 04:00:00,102.0,125.93536
2024-08-21 05:00:00,460.0,267.96204
2024-08-21 06:00:00,1385.0,1035.7637
2024-08-21 07:00:00,1762.0,1665.9248
2024-08-21 08:00:00,1829.0,1631.9651
2024-08-21 09:00:00,1573.0,1522.4062
2024-08-21 10:00:00,1571.0,1469.8779
2024-08-21 11:00:00,1605.0,1443.9543
2024-08-21 12:00:00,1664.0,1438.0026
2024-08-21 13:00:00,1585.0,1475.162
2024-08-21 14:00:00,1787.0,1528.3792
2024-08-21 15:00:00,2003.0,1966.2095
2024-08-21 16:00:00,2492.0,2487.955
2024-08-21 17:00:00,2439.0,2525.9976
2024-08-21 18:00:00,1942.0,2060.765
2024-08-21 19:00:00,1860.0,1264.0574
2024-08-21 20:00:00,1018.0,933.0315
2024-08-21 21:00:00,919.0,833.4656
2024-08-21 22:00:00,734.0,726.8837
2024-08-21 23:00:00,412.0,547.9517
2024-08-22 00:00:00,179.0,335.034
2024-08-22 01:00:00,98.0,160.724
2024-08-22 02:00:00,57.0,112.27295
2024-08-22 03:00:00,56.0,97.843445
2024-08-22 04:00:00,114.0,114.81244
2024-08-22 05:00:00,408.0,247.3789
2024-08-22 06:00:00,1388.0,971.70703
2024-08-22 07:00:00,1873.0,1697.7775
2024-08-22 08:00:00,1974.0,1711.6213
2024-08-22 09:00:00,1735.0,1616.8953
2024-08-22 10:00:00,1739.0,1583.6497
2024-08-22 11:00:00,1649.0,1575.1503
2024-08-22 12:00:00,1645.0,1571.716
2024-08-22 13:00:00,1594.0,1735.5066
2024-08-22 14:00:00,1798.0,1775.3811
2024-08-22 15:00:00,2093.0,2199.3337
2024-08-22 16:00:00,2724.0,2550.1548
2024-08-22 17:00:00,2042.0,2543.959
2024-08-22 18:00:00,1998.0,2235.941
2024-08-22 19:00:00,1503.0,1377.7307
2024-08-22 20:00:00,1157.0,998.95844
2024-08-22 21:00:00,1026.0,887.17676
2024-08-22 22:00:00,812.0,782.9275
2024-08-22 23:00:00,484.0,646.4318
2024-08-23 00:00:00,248.0,384.22693
2024-08-23 01:00:00,110.0,180.81354
2024-08-23 02:00:00,68.0,115.39221
2024-08-23 03:00:00,68.0,98.33624
2024-08-23 04:00:00,130.0,117.980896
2024-08-23 05:00:00,416.0,221.86713
2024-08-23 06:00:00,1317.0,904.0031
2024-08-23 07:00:00,1867.0,1598.772
2024-08-23 08:00:00,1919.0,1733.3684
2024-08-23 09:00:00,1942.0,1687.8567
2024-08-23 10:00:00,2028.0,1671.0583
2024-08-23 11:00:00,2015.0,1679.0686
2024-08-23 12:00:00,2026.0,1746.1494
2024-08-23 13:00:00,2107.0,1864.7935
2024-08-23 14:00:00,2291.0,2134.2202
2024-08-23 15:00:00,2706.0,2462.3965
2024-08-23 16:00:00,2936.0,2608.4453
2024-08-23 17:00:00,2849.0,2568.4717
2024-08-23 18:00:00,2594.0,2317.576
2024-08-23 19:00:00,1864.0,1730.9631
2024-08-23 20:00:00,1310.0,1120.9988
2024-08-23 21:00:00,1076.0,947.52576
2024-08-23 22:00:00,903.0,813.19214
2024-08-23 23:00:00,727.0,675.0264
2024-08-24 00:00:00,497.0,539.4808
2024-08-24 01:00:00,264.0,370.20618
2024-08-24 02:00:00,175.0,232.4021
2024-08-24 03:00:00,135.0,170.50879
2024-08-24 04:00:00,142.0,168.4057
2024-08-24 05:00:00,260.0,207.13318
2024-08-24 06:00:00,628.0,498.1405
2024-08-24 07:00:00,1237.0,1135.8392
2024-08-24 08:00:00,2159.0,1698.051
2024-08-24 09:00:00,2468.0,2057.2056
2024-08-24 10:00:00,2670.0,2178.134
2024-08-24 11:00:00,2598.0,2223.692
2024-08-24 12:00:00,2412.0,2217.7393
2024-08-24 13:00:00,2193.0,2139.4976
2024-08-24 14:00:00,2117.0,1999.3514
2024-08-24 15:00:00,1948.0,1852.0847
2024-08-24 16:00:00,1954.0,1720.5193
2024-08-24 17:00:00,1706.0,1569.3698
2024-08-24 18:00:00,1529.0,1370.0618
2024-08-24 19:00:00,1140.0,1120.3904
2024-08-24 20:00:00,1036.0,881.20685
2024-08-24 21:00:00,977.0,802.83997
2024-08-24 22:00:00,1036.0,639.5878
2024-08-24 23:00:00,1115.0,552.7252
2024-08-25 00:00:00,717.0,470.04462
2024-08-25 01:00:00,404.0,374.02728
2024-08-25 02:00:00,241.0,252.07776
2024-08-25 03:00:00,191.0,198.61938
2024-08-25 04:00:00,131.0,182.98938
2024-08-25 05:00:00,129.0,200.78802
2024-08-25 06:00:00,225.0,289.44635
2024-08-25 07:00:00,387.0,440.06555
2024-08-25 08:00:00,777.0,731.98267
2024-08-25 09:00:00,1123.0,1280.6178
2024-08-25 10:00:00,1645.0,1694.0662
2024-08-25 11:00:00,1896.0,1788.0303
2024-08-25 12:00:00,1819.0,1765.657
2024-08-25 13:00:00,1884.0,1683.9382
2024-08-25 14:00:00,1640.0,1567.688
2024-08-25 15:00:00,1732.0,1499.9778
2024-08-25 16:00:00,1714.0,1497.7032
2024-08-25 17:00:00,1687.0,1495.8063
2024-08-25 18:00:00,1715.0,1297.3062
2024-08-25 19:00:00,1365.0,1100.0681
2024-08-25 20:00:00,1144.0,888.6833
2024-08-25 21:00:00,899.0,793.63196
2024-08-25 22:00:00,610.0,682.1117
2024-08-25 23:00:00,397.0,575.08344
2024-08-26 00:00:00,166.0,259.11957
2024-08-26 01:00:00,63.0,142.52698
2024-08-26 02:00:00,36.0,100.62164
2024-08-26 03:00:00,54.0,105.33484
2024-08-26 04:00:00,110.0,136.43732
2024-08-26 05:00:00,496.0,276.25763
2024-08-26 06:00:00,1383.0,1096.4834
2024-08-26 07:00:00,1802.0,1684.1033
2024-08-26 08:00:00,1816.0,1655.6718
2024-08-26 09:00:00,1598.0,1536.955
2024-08-26 10:00:00,1560.0,1461.8508
2024-08-26 11:00:00,1630.0,1404.2812
2024-08-26 12:00:00,1527.0,1380.6718
2024-08-26 13:00:00,1492.0,1393.6577
2024-08-26 14:00:00,1639.0,1511.7126
2024-08-26 15:00:00,1869.0,1982.0397
2024-08-26 16:00:00,2410.0,2475.2788
2024-08-26 17:00:00,2603.0,2435.0332
2024-08-26 18:00:00,2190.0,1909.4373
2024-08-26 19:00:00,1238.0,1118.7289
2024-08-26 20:00:00,882.0,816.2793
2024-08-26 21:00:00,715.0,697.24243
2024-08-26 22:00:00,565.0,597.6392
2024-08-26 23:00:00,309.0,447.84174
2024-08-27 00:00:00,164.0,252.66632
2024-08-27 01:00:00,83.0,131.3222
2024-08-27 02:00:00,58.0,105.852356
2024-08-27 03:00:00,56.0,106.824646
2024-08-27 04:00:00,101.0,122.40039
2024-08-27 05:00:00,460.0,276.32208
2024-08-27 06:00:00,1452.0,1059.7173
2024-08-27 07:00:00,1877.0,1691.4436
2024-08-27 08:00:00,1945.0,1718.8235
2024-08-27 09:00:00,1656.0,1518.0887
2024-08-27 10:00:00,1674.0,1497.138
2024-08-27 11:00:00,1498.0,1414.2097
2024-08-27 12:00:00,1472.0,1383.2533
2024-08-27 13:00:00,1512.0,1383.6782
2024-08-27 14:00:00,1570.0,1457.9104
2024-08-27 15:00:00,1919.0,1910.2363
2024-08-27 16:00:00,2556.0,2445.085
2024-08-27 17:00:00,2844.0,2473.8145
2024-08-27 18:00:00,2282.0,1869.0278
2024-08-27 19:00:00,1392.0,1180.064
2024-08-27 20:00:00,968.0,882.7332
2024-08-27 21:00:00,865.0,760.583
2024-08-27 22:00:00,694.0,647.627
2024-08-27 23:00:00,328.0,489.7245
2024-08-28 00:00:00,193.0,285.4494
2024-08-28 01:00:00,86.0,145.00983
2024-08-28 02:00:00,59.0,112.67877
2024-08-28 03:00:00,51.0,109.53113
2024-08-28 04:00:00,124.0,123.663574
2024-08-28 05:00:00,431.0,263.98975
2024-08-28 06:00:00,1469.0,988.14246
2024-08-28 07:00:00,1892.0,1697.0383
2024-08-28 08:00:00,2013.0,1716.5508
2024-08-28 09:00:00,1758.0,1599.805
2024-08-28 10:00:00,1750.0,1519.6599
2024-08-28 11:00:00,1593.0,1485.4242
2024-08-28 12:00:00,1651.0,1475.1786
2024-08-28 13:00:00,1661.0,1475.6975
2024-08-28 14:00:00,1759.0,1542.4236
2024-08-28 15:00:00,1928.0,1925.7434
2024-08-28 16:00:00,2579.0,2443.401
2024-08-28 17:00:00,2856.0,2501.4055
2024-08-28 18:00:00,2360.0,1990.189
2024-08-28 19:00:00,1395.0,1253.9843
2024-08-28 20:00:00,1032.0,934.3548
2024-08-28 21:00:00,867.0,836.22034
2024-08-28 22:00:00,740.0,726.4155
2024-08-28 23:00:00,374.0,543.07574
2024-08-29 00:00:00,187.0,333.4607
2024-08-29 01:00:00,91.0,164.14093
2024-08-29 02:00:00,65.0,111.84149
2024-08-29 03:00:00,64.0,100.678894
2024-08-29 04:00:00,117.0,119.934265
2024-08-29 05:00:00,447.0,265.6114
2024-08-29 06:00:00,1424.0,925.5947
2024-08-29 07:00:00,1951.0,1649.9968
2024-08-29 08:00:00,1943.0,1716.0111
2024-08-29 09:00:00,1759.0,1634.9285
2024-08-29 10:00:00,1780.0,1601.581
2024-08-29 11:00:00,1676.0,1584.9132
2024-08-29 12:00:00,1701.0,1593.827
2024-08-29 13:00:00,1795.0,1637.9031
2024-08-29 14:00:00,1815.0,1770.4424
2024-08-29 15:00:00,2112.0,2159.7266
2024-08-29 16:00:00,2755.0,2511.6113
2024-08-29 17:00:00,2525.0,2520.2744
2024-08-29 18:00:00,2257.0,2169.8682
2024-08-29 19:00:00,1563.0,1376.6892
2024-08-29 20:00:00,1158.0,998.3073
2024-08-29 21:00:00,979.0,882.6205
2024-08-29 22:00:00,757.0,780.0488
2024-08-29 23:00:00,485.0,640.8273
2024-08-30 00:00:00,229.0,377.17145
2024-08-30 01:00:00,100.0,178.42438
2024-08-30 02:00:00,90.0,119.01318
2024-08-30 03:00:00,63.0,102.60376
2024-08-30 04:00:00,139.0,121.42627
2024-08-30 05:00:00,415.0,236.17926
2024-08-30 06:00:00,1387.0,867.5221
2024-08-30 07:00:00,1779.0,1589.1052
2024-08-30 08:00:00,1808.0,1733.4624
2024-08-30 09:00:00,1857.0,1689.1031
2024-08-30 10:00:00,2015.0,1674.6982
2024-08-30 11:00:00,1885.0,1681.2018
2024-08-30 12:00:00,2030.0,1746.6838
2024-08-30 13:00:00,2233.0,1864.388
2024-08-30 14:00:00,2374.0,2128.4326
2024-08-30 15:00:00,2765.0,2452.6665
2024-08-30 16:00:00,3139.0,2602.396
2024-08-30 17:00:00,2914.0,2571.0195
2024-08-30 18:00:00,2564.0,2306.6885
2024-08-30 19:00:00,1869.0,1722.7737
2024-08-30 20:00:00,1337.0,1115.6317
2024-08-30 21:00:00,1114.0,943.77795
2024-08-30 22:00:00,881.0,809.3618
2024-08-30 23:00:00,729.0,671.4341
2024-08-31 00:00:00,464.0,535.08325
2024-08-31 01:00:00,217.0,367.99115
2024-08-31 02:00:00,168.0,233.58032
2024-08-31 03:00:00,98.0,173.67212
2024-08-31 04:00:00,122.0,172.4223
2024-08-31 05:00:00,257.0,208.35364
2024-08-31 06:00:00,593.0,420.6126
2024-08-31 07:00:00,1307.0,1119.3943
2024-08-31 08:00:00,2027.0,1686.4417
2024-08-31 09:00:00,2611.0,2050.1375
2024-08-31 10:00:00,2673.0,2176.726
2024-08-31 11:00:00,2618.0,2223.2227
2024-08-31 12:00:00,2484.0,2217.3481
2024-08-31 13:00:00,2200.0,2139.1665
2024-08-31 14:00:00,2137.0,2000.5254
2024-08-31 15:00:00,2003.0,1854.1746
2024-08-31 16:00:00,1961.0,1722.9452
2024-08-31 17:00:00,1850.0,1587.8519
2024-08-31 18:00:00,1555.0,1402.4187
2024-08-31 19:00:00,1236.0,1113.0388
2024-08-31 20:00:00,1046.0,881.05646
2024-08-31 21:00:00,938.0,805.1192
2024-08-31 22:00:00,839.0,732.87506
2024-08-31 23:00:00,753.0,651.72156
2024-09-01 00:00:00,559.0,464.1048
2024-09-01 01:00:00,376.0,373.6499
2024-09-01 02:00:00,234.0,250.80304
2024-09-01 03:00:00,149.0,200.01526
2024-09-01 04:00:00,123.0,185.27545
2024-09-01 05:00:00,183.0,203.45728
2024-09-01 06:00:00,337.0,271.50916
2024-09-01 07:00:00,677.0,484.57098
2024-09-01 08:00:00,1293.0,878.63776
2024-09-01 09:00:00,1929.0,1432.1179
2024-09-01 10:00:00,2252.0,1833.2434
2024-09-01 11:00:00,2141.0,1914.8455
2024-09-01 12:00:00,2044.0,1862.7625
2024-09-01 13:00:00,1667.0,1750.7297
2024-09-01 14:00:00,1892.0,1610.8866
2024-09-01 15:00:00,1659.0,1498.7931
2024-09-01 16:00:00,1585.0,1467.1238
2024-09-01 17:00:00,1716.0,1427.4407
2024-09-01 18:00:00,1571.0,2058.3906
2024-09-01 19:00:00,1303.0,1381.7716
2024-09-01 20:00:00,1074.0,837.2073
2024-09-01 21:00:00,856.0,701.7021
2024-09-01 22:00:00,550.0,662.92834
2024-09-01 23:00:00,343.0,566.9993
2024-09-02 00:00:00,179.0,239.6101
2024-09-02 01:00:00,91.0,132.85913
2024-09-02 02:00:00,50.0,93.21069
2024-09-02 03:00:00,45.0,103.13147
2024-09-02 04:00:00,126.0,134.48206
2024-09-02 05:00:00,462.0,276.44763
2024-09-02 06:00:00,1529.0,1048.5558
2024-09-02 07:00:00,1877.0,1679.3833
2024-09-02 08:00:00,1843.0,1665.7781
2024-09-02 09:00:00,1708.0,1618.6761
2024-09-02 10:00:00,1707.0,1535.0975
2024-09-02 11:00:00,1630.0,1470.4979
2024-09-02 12:00:00,1513.0,1423.9697
2024-09-02 13:00:00,1496.0,1410.2812
2024-09-02 14:00:00,1509.0,1481.7626
2024-09-02 15:00:00,1820.0,1883.81
2024-09-02 16:00:00,2452.0,2404.263
2024-09-02 17:00:00,2695.0,2418.1753
2024-09-02 18:00:00,2183.0,1850.5835
2024-09-02 19:00:00,1227.0,1081.531
2024-09-02 20:00:00,858.0,800.77844
2024-09-02 21:00:00,685.0,679.891
2024-09-02 22:00:00,458.0,581.3779
2024-09-02 23:00:00,310.0,427.93384
2024-09-03 00:00:00,145.0,231.31067
2024-09-03 01:00:00,65.0,127.112366
2024-09-03 02:00:00,47.0,99.97534
2024-09-03 03:00:00,47.0,102.33685
2024-09-03 04:00:00,112.0,120.74347
2024-09-03 05:00:00,466.0,275.95416
2024-09-03 06:00:00,1409.0,1005.51556
2024-09-03 07:00:00,1891.0,1668.6626
2024-09-03 08:00:00,1994.0,1647.9387
2024-09-03 09:00:00,1614.0,1544.8179
2024-09-03 10:00:00,1613.0,1427.4683
2024-09-03 11:00:00,1491.0,1382.0045
2024-09-03 12:00:00,1389.0,1395.5448
2024-09-03 13:00:00,1452.0,1377.1377
2024-09-03 14:00:00,1586.0,1436.0297
2024-09-03 15:00:00,1888.0,1848.881
2024-09-03 16:00:00,2488.0,2414.6626
2024-09-03 17:00:00,2704.0,2477.8306
2024-09-03 18:00:00,2313.0,1903.7034
2024-09-03 19:00:00,1325.0,1160.6499
2024-09-03 20:00:00,914.0,869.0544
2024-09-03 21:00:00,793.0,724.7831
2024-09-03 22:00:00,584.0,633.67126
2024-09-03 23:00:00,324.0,486.12006
2024-09-04 00:00:00,141.0,261.09338
2024-09-04 01:00:00,79.0,136.50208
2024-09-04 02:00:00,55.0,109.5376
2024-09-04 03:00:00,53.0,80.07617
2024-09-04 04:00:00,102.0,120.01349
2024-09-04 05:00:00,391.0,291.96753
2024-09-04 06:00:00,1371.0,990.3466
2024-09-04 07:00:00,1864.0,1643.9341
2024-09-04 08:00:00,1835.0,1633.3762
2024-09-04 09:00:00,1524.0,1526.1008
2024-09-04 10:00:00,1506.0,1508.1951
2024-09-04 11:00:00,1547.0,1432.5283
2024-09-04 12:00:00,1506.0,1464.5073
2024-09-04 13:00:00,1598.0,1466.4117
2024-09-04 14:00:00,1710.0,1528.2747
2024-09-04 15:00:00,1867.0,1909.248
2024-09-04 16:00:00,2550.0,2451.2683
2024-09-04 17:00:00,2888.0,2508.136
2024-09-04 18:00:00,2265.0,1937.6777
2024-09-04 19:00:00,1470.0,1120.6663
2024-09-04 20:00:00,1035.0,916.1609
2024-09-04 21:00:00,808.0,822.0176
2024-09-04 22:00:00,682.0,692.2521
2024-09-04 23:00:00,380.0,525.4247
2024-09-05 00:00:00,204.0,306.75336
2024-09-05 01:00:00,110.0,148.08655
2024-09-05 02:00:00,74.0,103.57196
2024-09-05 03:00:00,66.0,96.756226
2024-09-05 04:00:00,104.0,116.27472
2024-09-05 05:00:00,453.0,255.64453
2024-09-05 06:00:00,1422.0,879.9861
2024-09-05 07:00:00,1853.0,1595.5566
2024-09-05 08:00:00,1803.0,1648.2139
2024-09-05 09:00:00,1690.0,1650.8954
2024-09-05 10:00:00,1691.0,1530.7203
2024-09-05 11:00:00,1671.0,1526.035
2024-09-05 12:00:00,1599.0,1539.8121
2024-09-05 13:00:00,1633.0,1598.1066
2024-09-05 14:00:00,1801.0,1792.3944
2024-09-05 15:00:00,2092.0,2182.1506
2024-09-05 16:00:00,2641.0,2525.3528
2024-09-05 17:00:00,2743.0,2532.0479
2024-09-05 18:00:00,2270.0,2153.126
2024-09-05 19:00:00,1546.0,1229.3997
2024-09-05 20:00:00,1077.0,963.1625
2024-09-05 21:00:00,938.0,864.73145
2024-09-05 22:00:00,738.0,762.2035
2024-09-05 23:00:00,685.0,621.0558
2024-09-06 00:00:00,257.0,342.51044
2024-09-06 01:00:00,116.0,161.17957
2024-09-06 02:00:00,64.0,104.59515
2024-09-06 03:00:00,82.0,90.73926
2024-09-06 04:00:00,111.0,108.44647
2024-09-06 05:00:00,423.0,188.40747
2024-09-06 06:00:00,1252.0,907.1055
2024-09-06 07:00:00,1805.0,1404.0809
2024-09-06 08:00:00,1805.0,1626.2585
2024-09-06 09:00:00,1690.0,1611.0154
2024-09-06 10:00:00,2024.0,1632.3013
2024-09-06 11:00:00,2024.0,1650.7078
2024-09-06 12:00:00,1916.0,1717.5195
2024-09-06 13:00:00,2090.0,1825.98
2024-09-06 14:00:00,2398.0,2113.1147
2024-09-06 15:00:00,2636.0,2463.9978
2024-09-06 16:00:00,3019.0,2610.9717
2024-09-06 17:00:00,2726.0,2566.066
2024-09-06 18:00:00,2565.0,2205.5955
2024-09-06 19:00:00,2161.0,1677.6514
2024-09-06 20:00:00,1390.0,1092.5197
2024-09-06 21:00:00,1019.0,918.84357
2024-09-06 22:00:00,862.0,788.1892
2024-09-06 23:00:00,711.0,653.59973
2024-09-07 00:00:00,421.0,537.3003
2024-09-07 01:00:00,249.0,365.8523
2024-09-07 02:00:00,131.0,226.99548
2024-09-07 03:00:00,121.0,188.23749
2024-09-07 04:00:00,96.0,163.88818
2024-09-07 05:00:00,246.0,197.0965
2024-09-07 06:00:00,629.0,433.83307
2024-09-07 07:00:00,1423.0,1036.6394
2024-09-07 08:00:00,2208.0,1623.731
2024-09-07 09:00:00,2679.0,2004.6727
2024-09-07 10:00:00,2864.0,2162.6582
2024-09-07 11:00:00,2395.0,2212.3516
2024-09-07 12:00:00,2557.0,2203.712
2024-09-07 13:00:00,2205.0,2123.1028
2024-09-07 14:00:00,2149.0,1984.8936
2024-09-07 15:00:00,1958.0,1809.5046
2024-09-07 16:00:00,1965.0,1692.9941
2024-09-07 17:00:00,1786.0,1693.4595
2024-09-07 18:00:00,1485.0,1350.334
2024-09-07 19:00:00,1133.0,1086.0729
2024-09-07 20:00:00,1070.0,870.4261
2024-09-07 21:00:00,972.0,803.3693
2024-09-07 22:00:00,875.0,731.87354
2024-09-07 23:00:00,879.0,652.57776
2024-09-08 00:00:00,717.0,466.60272
2024-09-08 01:00:00,443.0,374.79285
2024-09-08 02:00:00,316.0,250.79114
2024-09-08 03:00:00,176.0,198.86761
2024-09-08 04:00:00,195.0,184.61066
2024-09-08 05:00:00,234.0,201.97589
2024-09-08 06:00:00,286.0,276.00635
2024-09-08 07:00:00,457.0,481.91046
2024-09-08 08:00:00,1007.0,753.2837
2024-09-08 09:00:00,1458.0,1163.5764
2024-09-08 10:00:00,1856.0,1588.9274
2024-09-08 11:00:00,1906.0,1733.8438
2024-09-08 12:00:00,1660.0,1732.697
2024-09-08 13:00:00,1792.0,1649.375
2024-09-08 14:00:00,1567.0,1561.2379
2024-09-08 15:00:00,1697.0,1498.8634
2024-09-08 16:00:00,1625.0,1506.0704
2024-09-08 17:00:00,1757.0,1883.4617
2024-09-08 18:00:00,1441.0,1246.164
2024-09-08 19:00:00,1231.0,985.01184
2024-09-08 20:00:00,1018.0,893.8236
2024-09-08 21:00:00,778.0,802.7229
2024-09-08 22:00:00,467.0,679.8313
2024-09-08 23:00:00,305.0,574.87463
2024-09-09 00:00:00,161.0,240.55487
2024-09-09 01:00:00,70.0,125.65973
2024-09-09 02:00:00,58.0,92.95508
2024-09-09 03:00:00,46.0,98.90326
2024-09-09 04:00:00,114.0,135.20892
2024-09-09 05:00:00,457.0,292.51886
2024-09-09 06:00:00,1432.0,1057.398
2024-09-09 07:00:00,1737.0,1683.253
2024-09-09 08:00:00,1815.0,1649.1816
2024-09-09 09:00:00,1485.0,1516.5367
2024-09-09 10:00:00,1534.0,1437.9668
2024-09-09 11:00:00,1532.0,1381.2814
2024-09-09 12:00:00,1544.0,1358.4215
2024-09-09 13:00:00,1494.0,1381.3792
2024-09-09 14:00:00,1594.0,1466.4807
2024-09-09 15:00:00,1812.0,1859.8811
2024-09-09 16:00:00,2343.0,2453.8784
2024-09-09 17:00:00,2491.0,2400.11
2024-09-09 18:00:00,1875.0,1884.5751
2024-09-09 19:00:00,1112.0,1071.9812
2024-09-09 20:00:00,788.0,798.3571
2024-09-09 21:00:00,631.0,678.30994
2024-09-09 22:00:00,459.0,572.6103
2024-09-09 23:00:00,275.0,426.3908
2024-09-10 00:00:00,166.0,229.40167
2024-09-10 01:00:00,73.0,124.87866
2024-09-10 02:00:00,39.0,86.2666
2024-09-10 03:00:00,40.0,100.836426
2024-09-10 04:00:00,101.0,119.49054
2024-09-10 05:00:00,447.0,277.2337
2024-09-10 06:00:00,1414.0,1021.7779
2024-09-10 07:00:00,1790.0,1690.0559
2024-09-10 08:00:00,1812.0,1647.1829
2024-09-10 09:00:00,1549.0,1515.8939
2024-09-10 10:00:00,1506.0,1429.9338
2024-09-10 11:00:00,1377.0,1426.0062
2024-09-10 12:00:00,1351.0,1395.801
2024-09-10 13:00:00,1444.0,1378.9939
2024-09-10 14:00:00,1526.0,1423.9954
2024-09-10 15:00:00,1841.0,1835.0906
2024-09-10 16:00:00,2538.0,2472.4785
2024-09-10 17:00:00,2735.0,2502.124
2024-09-10 18:00:00,2186.0,1891.6936
2024-09-10 19:00:00,1352.0,1156.1587
2024-09-10 20:00:00,954.0,867.5079
2024-09-10 21:00:00,747.0,743.84247
2024-09-10 22:00:00,650.0,630.2969
2024-09-10 23:00:00,317.0,460.52075
2024-09-11 00:00:00,151.0,257.32733
2024-09-11 01:00:00,77.0,132.05817
2024-09-11 02:00:00,43.0,105.90521
2024-09-11 03:00:00,45.0,103.422424
2024-09-11 04:00:00,128.0,118.57129
2024-09-11 05:00:00,400.0,258.21057
2024-09-11 06:00:00,1399.0,1007.56067
2024-09-11 07:00:00,1824.0,1671.471
2024-09-11 08:00:00,1858.0,1637.3037
2024-09-11 09:00:00,1497.0,1524.988
2024-09-11 10:00:00,1462.0,1459.6312
2024-09-11 11:00:00,1447.0,1430.7506
2024-09-11 12:00:00,1500.0,1435.336
2024-09-11 13:00:00,1503.0,1451.2214
2024-09-11 14:00:00,1616.0,1479.5315
2024-09-11 15:00:00,1926.0,1996.7998
2024-09-11 16:00:00,2539.0,2489.0022
2024-09-11 17:00:00,2790.0,2543.4065
2024-09-11 18:00:00,2189.0,2113.9614
2024-09-11 19:00:00,1417.0,1616.5703
2024-09-11 20:00:00,877.0,881.07465
2024-09-11 21:00:00,786.0,770.9603
2024-09-11 22:00:00,599.0,694.65564
2024-09-11 23:00:00,342.0,530.0457
2024-09-12 00:00:00,177.0,335.62482
2024-09-12 01:00:00,94.0,145.04791
2024-09-12 02:00:00,42.0,103.32733
2024-09-12 03:00:00,58.0,91.621216
2024-09-12 04:00:00,96.0,106.07068
2024-09-12 05:00:00,424.0,230.58978
2024-09-12 06:00:00,1440.0,911.8513
2024-09-12 07:00:00,1828.0,1618.5463
2024-09-12 08:00:00,1808.0,1653.0808
2024-09-12 09:00:00,1546.0,1578.0059
2024-09-12 10:00:00,1433.0,1530.7572
2024-09-12 11:00:00,1428.0,1532.17
2024-09-12 12:00:00,1500.0,1541.9297
2024-09-12 13:00:00,1584.0,1594.876
2024-09-12 14:00:00,1614.0,1774.7607
2024-09-12 15:00:00,1962.0,2226.2773
2024-09-12 16:00:00,2548.0,2567.9827
2024-09-12 17:00:00,2895.0,2556.9727
2024-09-12 18:00:00,2348.0,2243.5977
2024-09-12 19:00:00,1438.0,1380.2523
2024-09-12 20:00:00,1064.0,967.62634
2024-09-12 21:00:00,889.0,867.81067
2024-09-12 22:00:00,732.0,762.13336
2024-09-12 23:00:00,455.0,613.0294
2024-09-13 00:00:00,222.0,345.30652
2024-09-13 01:00:00,99.0,162.41199
2024-09-13 02:00:00,66.0,101.97699
2024-09-13 03:00:00,63.0,82.55957
2024-09-13 04:00:00,117.0,97.76453
2024-09-13 05:00:00,389.0,173.89453
2024-09-13 06:00:00,1247.0,882.2133
2024-09-13 07:00:00,1658.0,1566.93
2024-09-13 08:00:00,1570.0,1624.7668
2024-09-13 09:00:00,1536.0,1601.3169
2024-09-13 10:00:00,1606.0,1607.1116
2024-09-13 11:00:00,1714.0,1619.6873
2024-09-13 12:00:00,1956.0,1712.6775
2024-09-13 13:00:00,2186.0,1831.9006
2024-09-13 14:00:00,2280.0,2148.8582
2024-09-13 15:00:00,2520.0,2510.9033
2024-09-13 16:00:00,3005.0,2613.2932
2024-09-13 17:00:00,2770.0,2571.2993
2024-09-13 18:00:00,2452.0,2384.7568
2024-09-13 19:00:00,1737.0,1702.8849
2024-09-13 20:00:00,1149.0,1113.2821
2024-09-13 21:00:00,907.0,923.8034
2024-09-13 22:00:00,814.0,794.0095
2024-09-13 23:00:00,673.0,644.74976
2024-09-14 00:00:00,434.0,542.7151
2024-09-14 01:00:00,221.0,364.74164
2024-09-14 02:00:00,137.0,226.94653
2024-09-14 03:00:00,73.0,159.87537
2024-09-14 04:00:00,95.0,153.97955
2024-09-14 05:00:00,188.0,191.46954
2024-09-14 06:00:00,405.0,364.85315
2024-09-14 07:00:00,776.0,953.36865
2024-09-14 08:00:00,1284.0,1454.3171
2024-09-14 09:00:00,1813.0,1938.4084
2024-09-14 10:00:00,2192.0,2105.7102
2024-09-14 11:00:00,2213.0,2140.4534
2024-09-14 12:00:00,2243.0,2126.66
2024-09-14 13:00:00,2166.0,2061.9487
2024-09-14 14:00:00,2192.0,1935.1814
2024-09-14 15:00:00,2069.0,1792.9067
2024-09-14 16:00:00,1948.0,1699.9486
2024-09-14 17:00:00,1864.0,1586.644
2024-09-14 18:00:00,1626.0,1340.2937
2024-09-14 19:00:00,1180.0,1058.3611
2024-09-14 20:00:00,947.0,868.8667
2024-09-14 21:00:00,867.0,803.5565
2024-09-14 22:00:00,800.0,748.6125
2024-09-14 23:00:00,794.0,680.3616
2024-09-15 00:00:00,543.0,491.45465
2024-09-15 01:00:00,297.0,377.5797
2024-09-15 02:00:00,222.0,234.61536
2024-09-15 03:00:00,151.0,175.2309
2024-09-15 04:00:00,134.0,165.31525
2024-09-15 05:00:00,112.0,194.78076
2024-09-15 06:00:00,252.0,253.78052
2024-09-15 07:00:00,420.0,482.66473
2024-09-15 08:00:00,849.0,845.60876
2024-09-15 09:00:00,1524.0,1299.8556
2024-09-15 10:00:00,2054.0,1886.7107
2024-09-15 11:00:00,2251.0,1895.1199
2024-09-15 12:00:00,1913.0,1827.5398
2024-09-15 13:00:00,1815.0,1759.5126
2024-09-15 14:00:00,1748.0,1610.4105
2024-09-15 15:00:00,1621.0,1504.991
2024-09-15 16:00:00,1635.0,1467.0073
2024-09-15 17:00:00,1757.0,1452.4402
2024-09-15 18:00:00,1511.0,1274.3972
2024-09-15 19:00:00,1326.0,1063.8135
2024-09-15 20:00:00,1138.0,894.0916
2024-09-15 21:00:00,830.0,803.1808
2024-09-15 22:00:00,549.0,692.39886
2024-09-15 23:00:00,330.0,587.7805
2024-09-16 00:00:00,123.0,239.43903
2024-09-16 01:00:00,77.0,129.0846
2024-09-16 02:00:00,41.0,92.7782
2024-09-16 03:00:00,39.0,92.73584
2024-09-16 04:00:00,120.0,132.50134
2024-09-16 05:00:00,492.0,276.62854
2024-09-16 06:00:00,1534.0,1086.3385
2024-09-16 07:00:00,1834.0,1683.6299
2024-09-16 08:00:00,1812.0,1655.8215
2024-09-16 09:00:00,1484.0,1533.329
2024-09-16 10:00:00,1474.0,1448.5865
2024-09-16 11:00:00,1409.0,1401.9075
2024-09-16 12:00:00,1472.0,1360.0182
2024-09-16 13:00:00,1375.0,1382.666
2024-09-16 14:00:00,1478.0,1450.613
2024-09-16 15:00:00,1709.0,1864.4067
2024-09-16 16:00:00,2393.0,2391.4114
2024-09-16 17:00:00,2686.0,2458.295
2024-09-16 18:00:00,2058.0,1886.1646
2024-09-16 19:00:00,1112.0,1079.4614
2024-09-16 20:00:00,791.0,797.0614
2024-09-16 21:00:00,658.0,693.85095
2024-09-16 22:00:00,440.0,590.6139
2024-09-16 23:00:00,282.0,425.1928
2024-09-17 00:00:00,132.0,228.41779
2024-09-17 01:00:00,57.0,120.23749
2024-09-17 02:00:00,34.0,97.38452
2024-09-17 03:00:00,46.0,91.62451
2024-09-17 04:00:00,109.0,122.698425
2024-09-17 05:00:00,424.0,285.526
2024-09-17 06:00:00,1349.0,1061.6666
2024-09-17 07:00:00,1775.0,1708.709
2024-09-17 08:00:00,1816.0,1594.8964
2024-09-17 09:00:00,1461.0,1495.254
2024-09-17 10:00:00,1469.0,1419.1572
2024-09-17 11:00:00,1423.0,1382.6893
2024-09-17 12:00:00,1438.0,1380.9475
2024-09-17 13:00:00,1395.0,1406.3237
2024-09-17 14:00:00,1583.0,1445.5095
2024-09-17 15:00:00,1774.0,1856.0176
2024-09-17 16:00:00,2564.0,2478.3188
2024-09-17 17:00:00,2809.0,2507.0234
2024-09-17 18:00:00,2361.0,1905.9391
2024-09-17 19:00:00,1353.0,1154.8066
2024-09-17 20:00:00,897.0,866.09863
2024-09-17 21:00:00,750.0,742.83887
2024-09-17 22:00:00,638.0,628.87256
2024-09-17 23:00:00,384.0,455.75525
2024-09-18 00:00:00,154.0,254.62036
2024-09-18 01:00:00,89.0,131.64246
2024-09-18 02:00:00,50.0,105.15881
2024-09-18 03:00:00,57.0,102.30896
2024-09-18 04:00:00,104.0,118.669556
2024-09-18 05:00:00,447.0,257.55817
2024-09-18 06:00:00,1406.0,998.83466
2024-09-18 07:00:00,1864.0,1676.3374
2024-09-18 08:00:00,1838.0,1633.5127
2024-09-18 09:00:00,1653.0,1521.203
2024-09-18 10:00:00,1606.0,1458.3865
2024-09-18 11:00:00,1649.0,1430.3837
2024-09-18 12:00:00,1681.0,1433.6975
2024-09-18 13:00:00,1602.0,1466.5712
2024-09-18 14:00:00,1773.0,1524.6349
2024-09-18 15:00:00,1860.0,1929.9294
2024-09-18 16:00:00,2577.0,2472.7095
2024-09-18 17:00:00,2743.0,2517.9885
2024-09-18 18:00:00,2335.0,2018.5405
2024-09-18 19:00:00,1390.0,1217.4159
2024-09-18 20:00:00,965.0,905.3596
2024-09-18 21:00:00,796.0,809.4725
2024-09-18 22:00:00,731.0,708.8592
2024-09-18 23:00:00,394.0,510.8391
2024-09-19 00:00:00,175.0,301.7578
2024-09-19 01:00:00,85.0,141.16772
2024-09-19 02:00:00,47.0,102.47955
2024-09-19 03:00:00,48.0,91.270386
2024-09-19 04:00:00,115.0,109.18182
2024-09-19 05:00:00,426.0,233.36523
2024-09-19 06:00:00,1402.0,880.4449
2024-09-19 07:00:00,1913.0,1612.0708
2024-09-19 08:00:00,1851.0,1624.1349
2024-09-19 09:00:00,1652.0,1544.7782
2024-09-19 10:00:00,1621.0,1528.6753
2024-09-19 11:00:00,1556.0,1529.5308
2024-09-19 12:00:00,1615.0,1538.5295
2024-09-19 13:00:00,1577.0,1596.3896
2024-09-19 14:00:00,1638.0,1738.6664
2024-09-19 15:00:00,1909.0,2181.831
2024-09-19 16:00:00,2628.0,2559.9238
2024-09-19 17:00:00,2860.0,2550.688
2024-09-19 18:00:00,2278.0,2197.7205
2024-09-19 19:00:00,1509.0,1347.3804
2024-09-19 20:00:00,1144.0,966.17053
2024-09-19 21:00:00,903.0,864.97095
2024-09-19 22:00:00,772.0,759.7716
2024-09-19 23:00:00,459.0,608.5047
2024-09-20 00:00:00,206.0,339.9978
2024-09-20 01:00:00,96.0,159.4242
2024-09-20 02:00:00,75.0,102.05737
2024-09-20 03:00:00,68.0,85.01367
2024-09-20 04:00:00,114.0,100.80011
2024-09-20 05:00:00,444.0,170.58783
2024-09-20 06:00:00,1282.0,884.88873
2024-09-20 07:00:00,1828.0,1564.1102
2024-09-20 08:00:00,1780.0,1674.9696
2024-09-20 09:00:00,1941.0,1650.468
2024-09-20 10:00:00,1925.0,1632.3632
2024-09-20 11:00:00,1966.0,1645.0972
2024-09-20 12:00:00,1959.0,1708.7917
2024-09-20 13:00:00,2097.0,1816.0098
2024-09-20 14:00:00,2304.0,2106.628
2024-09-20 15:00:00,2589.0,2459.1963
2024-09-20 16:00:00,3021.0,2612.1245
2024-09-20 17:00:00,2837.0,2575.4243
2024-09-20 18:00:00,2771.0,2305.101
2024-09-20 19:00:00,1887.0,1672.711
2024-09-20 20:00:00,1340.0,1097.9131
2024-09-20 21:00:00,999.0,915.1394
2024-09-20 22:00:00,849.0,788.2302
2024-09-20 23:00:00,840.0,651.9634
2024-09-21 00:00:00,457.0,546.4373
2024-09-21 01:00:00,208.0,371.84363
2024-09-21 02:00:00,124.0,227.4436
2024-09-21 03:00:00,96.0,161.5169
2024-09-21 04:00:00,106.0,156.30414
2024-09-21 05:00:00,226.0,192.66638
2024-09-21 06:00:00,578.0,366.2893
2024-09-21 07:00:00,1126.0,951.2113
2024-09-21 08:00:00,1890.0,1631.4468
2024-09-21 09:00:00,2550.0,2056.1313
2024-09-21 10:00:00,2725.0,2174.2397
2024-09-21 11:00:00,2648.0,2215.3662
2024-09-21 12:00:00,2614.0,2201.6333
2024-09-21 13:00:00,2439.0,2121.889
2024-09-21 14:00:00,2126.0,1990.5027
2024-09-21 15:00:00,2011.0,1844.4128
2024-09-21 16:00:00,1970.0,1702.4308
2024-09-21 17:00:00,1836.0,1561.7205
2024-09-21 18:00:00,1571.0,1350.6864
2024-09-21 19:00:00,1121.0,1068.6099
2024-09-21 20:00:00,1028.0,872.62665
2024-09-21 21:00:00,877.0,804.2497
2024-09-21 22:00:00,821.0,743.5641
2024-09-21 23:00:00,844.0,670.3707
2024-09-22 00:00:00,604.0,481.8753
2024-09-22 01:00:00,351.0,377.98627
2024-09-22 02:00:00,199.0,242.1294
2024-09-22 03:00:00,155.0,186.19482
2024-09-22 04:00:00,112.0,174.1549
2024-09-22 05:00:00,157.0,193.66705
2024-09-22 06:00:00,295.0,261.2603
2024-09-22 07:00:00,566.0,475.06842
2024-09-22 08:00:00,1047.0,731.2364
2024-09-22 09:00:00,1844.0,1171.7599
2024-09-22 10:00:00,2315.0,1780.7954
2024-09-22 11:00:00,2291.0,1854.8862
2024-09-22 12:00:00,2100.0,1790.3629
2024-09-22 13:00:00,2033.0,1639.9431
2024-09-22 14:00:00,1709.0,1578.6478
2024-09-22 15:00:00,1643.0,1479.5276
2024-09-22 16:00:00,1668.0,1467.6459
2024-09-22 17:00:00,1693.0,1461.2826
2024-09-22 18:00:00,1508.0,1275.9891
2024-09-22 19:00:00,1287.0,1089.2677
2024-09-22 20:00:00,1015.0,895.3838
2024-09-22 21:00:00,849.0,800.27856
2024-09-22 22:00:00,476.0,679.3318
2024-09-22 23:00:00,269.0,570.0873
2024-09-23 00:00:00,149.0,235.802
2024-09-23 01:00:00,81.0,129.6568
2024-09-23 02:00:00,36.0,91.241455
2024-09-23 03:00:00,56.0,97.706665
2024-09-23 04:00:00,134.0,131.45721
2024-09-23 05:00:00,516.0,274.7232
2024-09-23 06:00:00,1500.0,1041.2792
2024-09-23 07:00:00,1866.0,1684.0602
2024-09-23 08:00:00,1929.0,1658.2173
2024-09-23 09:00:00,1621.0,1561.0679
2024-09-23 10:00:00,1505.0,1452.4019
2024-09-23 11:00:00,1552.0,1399.8545
2024-09-23 12:00:00,1533.0,1357.23
2024-09-23 13:00:00,1403.0,1379.2881
2024-09-23 14:00:00,1606.0,1462.6293
2024-09-23 15:00:00,1792.0,1911.0353
2024-09-23 16:00:00,2464.0,2456.914
2024-09-23 17:00:00,2755.0,2429.1826
2024-09-23 18:00:00,1975.0,1887.8795
2024-09-23 19:00:00,1154.0,1034.3834
2024-09-23 20:00:00,714.0,782.7494
2024-09-23 21:00:00,656.0,686.23096
2024-09-23 22:00:00,507.0,587.11914
2024-09-23 23:00:00,273.0,423.24872
2024-09-24 00:00:00,124.0,226.76056
2024-09-24 01:00:00,75.0,121.3667
2024-09-24 02:00:00,39.0,97.23474
2024-09-24 03:00:00,58.0,98.7287
2024-09-24 04:00:00,104.0,116.321045
2024-09-24 05:00:00,454.0,275.4422
2024-09-24 06:00:00,1336.0,1027.1517
2024-09-24 07:00:00,1857.0,1695.5752
2024-09-24 08:00:00,1957.0,1721.8486
2024-09-24 09:00:00,1526.0,1530.3812
2024-09-24 10:00:00,1508.0,1433.7892
2024-09-24 11:00:00,1591.0,1424.5942
2024-09-24 12:00:00,1478.0,1378.4044
2024-09-24 13:00:00,1427.0,1401.9702
2024-09-24 14:00:00,1475.0,1437.76
2024-09-24 15:00:00,1836.0,1857.592
2024-09-24 16:00:00,2604.0,2432.788
2024-09-24 17:00:00,2848.0,2489.402
2024-09-24 18:00:00,2278.0,1902.094
2024-09-24 19:00:00,1341.0,1153.6422
2024-09-24 20:00:00,1066.0,865.7455
2024-09-24 21:00:00,717.0,741.4673
2024-09-24 22:00:00,654.0,628.2554
2024-09-24 23:00:00,307.0,458.74738
2024-09-25 00:00:00,158.0,254.32892
2024-09-25 01:00:00,82.0,131.7876
2024-09-25 02:00:00,48.0,104.87512
2024-09-25 03:00:00,45.0,102.3551
2024-09-25 04:00:00,115.0,117.42554
2024-09-25 05:00:00,472.0,256.7315
2024-09-25 06:00:00,1446.0,1002.7572
2024-09-25 07:00:00,1856.0,1710.251
2024-09-25 08:00:00,2061.0,1719.2542
2024-09-25 09:00:00,1720.0,1579.384
2024-09-25 10:00:00,1627.0,1507.0562
2024-09-25 11:00:00,1659.0,1431.8721
2024-09-25 12:00:00,1619.0,1429.8547
2024-09-25 13:00:00,1648.0,1446.4149
2024-09-25 14:00:00,1673.0,1504.2976
2024-09-25 15:00:00,2000.0,1926.9696
2024-09-25 16:00:00,2548.0,2486.3335
2024-09-25 17:00:00,2867.0,2531.7432
2024-09-25 18:00:00,2323.0,2003.9248
2024-09-25 19:00:00,1613.0,1211.9224
2024-09-25 20:00:00,999.0,906.9232
2024-09-25 21:00:00,829.0,811.81824
2024-09-25 22:00:00,635.0,689.3468
2024-09-25 23:00:00,440.0,498.28894
2024-09-26 00:00:00,215.0,279.58813
2024-09-26 01:00:00,113.0,134.62231
2024-09-26 02:00:00,53.0,80.448364
2024-09-26 03:00:00,61.0,86.95203
2024-09-26 04:00:00,134.0,109.318665
2024-09-26 05:00:00,444.0,235.85754
2024-09-26 06:00:00,1385.0,904.7332
2024-09-26 07:00:00,1824.0,1501.8619
2024-09-26 08:00:00,1806.0,1584.5043
2024-09-26 09:00:00,1599.0,1573.1813
2024-09-26 10:00:00,1541.0,1546.2437
2024-09-26 11:00:00,1577.0,1518.9893
2024-09-26 12:00:00,1482.0,1531.2231
2024-09-26 13:00:00,1585.0,1590.9635
2024-09-26 14:00:00,1806.0,1781.3503
2024-09-26 15:00:00,2101.0,2231.016
2024-09-26 16:00:00,2559.0,2543.988
2024-09-26 17:00:00,2815.0,2519.2334
2024-09-26 18:00:00,2373.0,2162.6018
2024-09-26 19:00:00,1673.0,1241.5494
2024-09-26 20:00:00,1098.0,967.7336
2024-09-26 21:00:00,870.0,861.16425
2024-09-26 22:00:00,696.0,757.7388
2024-09-26 23:00:00,455.0,605.07465
2024-09-27 00:00:00,242.0,337.31744
2024-09-27 01:00:00,119.0,157.90704
2024-09-27 02:00:00,68.0,101.92804
2024-09-27 03:00:00,81.0,86.24451
2024-09-27 04:00:00,118.0,102.43445
2024-09-27 05:00:00,437.0,171.63745
2024-09-27 06:00:00,1265.0,853.89905
2024-09-27 07:00:00,1797.0,1578.9421
2024-09-27 08:00:00,1765.0,1627.5433
2024-09-27 09:00:00,1643.0,1604.8162
2024-09-27 10:00:00,1914.0,1613.8993
2024-09-27 11:00:00,1925.0,1623.9926
2024-09-27 12:00:00,2075.0,1689.2727
2024-09-27 13:00:00,2182.0,1833.7866
2024-09-27 14:00:00,2311.0,2126.6409
2024-09-27 15:00:00,2645.0,2471.3887
2024-09-27 16:00:00,2829.0,2597.6248
2024-09-27 17:00:00,2475.0,2579.4502
2024-09-27 18:00:00,2361.0,2357.439
2024-09-27 19:00:00,1649.0,1675.5085
2024-09-27 20:00:00,1247.0,1103.2634
2024-09-27 21:00:00,843.0,914.97253
2024-09-27 22:00:00,795.0,790.0089
2024-09-27 23:00:00,691.0,653.6151
2024-09-28 00:00:00,399.0,551.68384
2024-09-28 01:00:00,208.0,374.01617
2024-09-28 02:00:00,133.0,227.17883
2024-09-28 03:00:00,91.0,160.13843
2024-09-28 04:00:00,132.0,144.11609
2024-09-28 05:00:00,219.0,191.41382
2024-09-28 06:00:00,474.0,357.2954
2024-09-28 07:00:00,947.0,665.7322
2024-09-28 08:00:00,1661.0,1161.1714
2024-09-28 09:00:00,2166.0,1771.6016
2024-09-28 10:00:00,2501.0,2063.7385
2024-09-28 11:00:00,2825.0,2109.4146
2024-09-28 12:00:00,2616.0,2059.6802
2024-09-28 13:00:00,2430.0,2015.4094
2024-09-28 14:00:00,2296.0,1888.9175
2024-09-28 15:00:00,2030.0,1808.4717
2024-09-28 16:00:00,1935.0,1714.9219
2024-09-28 17:00:00,1877.0,1633.0549
2024-09-28 18:00:00,1557.0,1281.8807
2024-09-28 19:00:00,1094.0,1053.6487
2024-09-28 20:00:00,857.0,865.2749
2024-09-28 21:00:00,801.0,802.5958
2024-09-28 22:00:00,846.0,747.75244
2024-09-28 23:00:00,771.0,676.6815
2024-09-29 00:00:00,541.0,489.13232
2024-09-29 01:00:00,358.0,377.568
2024-09-29 02:00:00,197.0,236.57123
2024-09-29 03:00:00,154.0,178.16986
2024-09-29 04:00:00,143.0,168.36066
2024-09-29 05:00:00,178.0,193.60681
2024-09-29 06:00:00,270.0,252.89532
2024-09-29 07:00:00,539.0,448.9355
2024-09-29 08:00:00,1042.0,725.1838
2024-09-29 09:00:00,1773.0,1553.1519
2024-09-29 10:00:00,2297.0,1883.0215
2024-09-29 11:00:00,2357.0,1915.9888
2024-09-29 12:00:00,2146.0,1861.1765
2024-09-29 13:00:00,1955.0,1704.5667
2024-09-29 14:00:00,1785.0,1536.9366
2024-09-29 15:00:00,1682.0,1480.1984
2024-09-29 16:00:00,1679.0,1465.6934
2024-09-29 17:00:00,1683.0,1450.6344
2024-09-29 18:00:00,1623.0,1272.1157
2024-09-29 19:00:00,1402.0,1066.1891
2024-09-29 20:00:00,1083.0,895.75244
2024-09-29 21:00:00,873.0,803.683
2024-09-29 22:00:00,542.0,688.2268
2024-09-29 23:00:00,371.0,582.7346
2024-09-30 00:00:00,173.0,236.12927
2024-09-30 01:00:00,85.0,127.973816
2024-09-30 02:00:00,48.0,91.064575
2024-09-30 03:00:00,55.0,93.45996
2024-09-30 04:00:00,124.0,129.95557
2024-09-30 05:00:00,489.0,276.83356
2024-09-30 06:00:00,1465.0,1092.4485
2024-09-30 07:00:00,1796.0,1588.8162
2024-09-30 08:00:00,1768.0,1713.1201
2024-09-30 09:00:00,1771.0,1614.7217
2024-09-30 10:00:00,1781.0,1524.5569
2024-09-30 11:00:00,1743.0,1461.6678
2024-09-30 12:00:00,1560.0,1417.8431
2024-09-30 13:00:00,1528.0,1406.5575
2024-09-30 14:00:00,1578.0,1471.0967
2024-09-30 15:00:00,1744.0,1896.5247
2024-09-30 16:00:00,2433.0,2424.5894
2024-09-30 17:00:00,2635.0,2420.0632
2024-09-30 18:00:00,1922.0,1878.1006
2024-09-30 19:00:00,1285.0,1061.8468
2024-09-30 20:00:00,898.0,796.5858
2024-09-30 21:00:00,670.0,682.28156
2024-09-30 22:00:00,483.0,583.4499
2024-09-30 23:00:00,314.0,421.18445
2024-10-01 00:00:00,177.0,211.58319
2024-10-01 01:00:00,79.0,120.45215
2024-10-01 02:00:00,46.0,93.236694
2024-10-01 03:00:00,63.0,95.37781
2024-10-01 04:00:00,113.0,118.605896
2024-10-01 05:00:00,475.0,279.56024
2024-10-01 06:00:00,1350.0,1012.5303
2024-10-01 07:00:00,1651.0,1696.2771
2024-10-01 08:00:00,1846.0,1639.6628
2024-10-01 09:00:00,1245.0,1511.2953
2024-10-01 10:00:00,1644.0,1416.62
2024-10-01 11:00:00,1426.0,1378.4246
2024-10-01 12:00:00,1379.0,1362.3988
2024-10-01 13:00:00,1472.0,1363.0778
2024-10-01 14:00:00,1556.0,1397.7488
2024-10-01 15:00:00,1829.0,1801.937
2024-10-01 16:00:00,2413.0,2407.1167
2024-10-01 17:00:00,2634.0,2500.061
2024-10-01 18:00:00,2206.0,1974.3206
2024-10-01 19:00:00,1372.0,1066.6091
2024-10-01 20:00:00,907.0,837.6495
2024-10-01 21:00:00,725.0,715.1221
2024-10-01 22:00:00,581.0,608.14716
2024-10-01 23:00:00,401.0,434.85077
2024-10-02 00:00:00,174.0,247.09167
2024-10-02 01:00:00,86.0,332.84406
2024-10-02 02:00:00,40.0,93.64038
2024-10-02 03:00:00,46.0,90.79004
2024-10-02 04:00:00,102.0,108.67401
2024-10-02 05:00:00,456.0,279.11487
2024-10-02 06:00:00,1326.0,1046.474
2024-10-02 07:00:00,1731.0,1664.4312
2024-10-02 08:00:00,1730.0,1632.984
2024-10-02 09:00:00,1540.0,1520.2573
2024-10-02 10:00:00,1574.0,1458.3232
2024-10-02 11:00:00,1656.0,1425.4402
2024-10-02 12:00:00,1563.0,1429.4192
2024-10-02 13:00:00,1628.0,1442.8508
2024-10-02 14:00:00,1755.0,1507.0464
2024-10-02 15:00:00,2029.0,1907.438
2024-10-02 16:00:00,2569.0,2486.0203
2024-10-02 17:00:00,2732.0,2528.5264
2024-10-02 18:00:00,2216.0,2023.669
2024-10-02 19:00:00,1370.0,1184.8257
2024-10-02 20:00:00,955.0,884.9928
2024-10-02 21:00:00,722.0,791.19714
2024-10-02 22:00:00,592.0,693.9352
2024-10-02 23:00:00,421.0,476.9336
2024-10-03 00:00:00,185.0,280.4359
2024-10-03 01:00:00,71.0,129.55994
2024-10-03 02:00:00,55.0,97.59802
2024-10-03 03:00:00,64.0,87.07593
2024-10-03 04:00:00,110.0,102.481445
2024-10-03 05:00:00,479.0,234.08057
2024-10-03 06:00:00,1367.0,852.6981
2024-10-03 07:00:00,1821.0,1607.9188
2024-10-03 08:00:00,1838.0,1634.7128
2024-10-03 09:00:00,1661.0,1542.5562
2024-10-03 10:00:00,1621.0,1523.6124
2024-10-03 11:00:00,1786.0,1523.26
2024-10-03 12:00:00,1695.0,1532.4144
2024-10-03 13:00:00,1662.0,1568.0641
2024-10-03 14:00:00,1795.0,1715.1692
2024-10-03 15:00:00,2048.0,2162.4624
2024-10-03 16:00:00,2630.0,2552.6157
2024-10-03 17:00:00,2801.0,2542.7866
2024-10-03 18:00:00,2261.0,2192.9973
2024-10-03 19:00:00,1463.0,1328.1519
2024-10-03 20:00:00,1060.0,948.0171
2024-10-03 21:00:00,751.0,849.9033
2024-10-03 22:00:00,696.0,744.1853
2024-10-03 23:00:00,415.0,575.99615
2024-10-04 00:00:00,221.0,315.12976
2024-10-04 01:00:00,99.0,146.85577
2024-10-04 02:00:00,57.0,96.85242
2024-10-04 03:00:00,69.0,80.96033
2024-10-04 04:00:00,111.0,96.993774
2024-10-04 05:00:00,394.0,190.00757
2024-10-04 06:00:00,1252.0,843.7903
2024-10-04 07:00:00,1580.0,1554.286
2024-10-04 08:00:00,1640.0,1613.8616
2024-10-04 09:00:00,1588.0,1589.4854
2024-10-04 10:00:00,1766.0,1596.357
2024-10-04 11:00:00,1824.0,1609.2819
2024-10-04 12:00:00,2179.0,1678.4517
2024-10-04 13:00:00,2234.0,1787.9336
2024-10-04 14:00:00,2345.0,2079.9749
2024-10-04 15:00:00,2780.0,2441.5186
2024-10-04 16:00:00,2976.0,2596.287
2024-10-04 17:00:00,2908.0,2546.581
2024-10-04 18:00:00,2478.0,2351.6252
2024-10-04 19:00:00,1700.0,1636.0142
2024-10-04 20:00:00,1133.0,1025.8743
2024-10-04 21:00:00,853.0,895.8954
2024-10-04 22:00:00,746.0,775.06165
2024-10-04 23:00:00,613.0,631.7372
2024-10-05 00:00:00,437.0,545.10736
2024-10-05 01:00:00,193.0,371.19275
2024-10-05 02:00:00,132.0,224.21478
2024-10-05 03:00:00,119.0,160.87714
2024-10-05 04:00:00,137.0,151.09705
2024-10-05 05:00:00,241.0,185.76147
2024-10-05 06:00:00,491.0,339.36298
2024-10-05 07:00:00,921.0,871.4925
2024-10-05 08:00:00,1626.0,1441.5088
2024-10-05 09:00:00,2341.0,1897.0681
2024-10-05 10:00:00,2721.0,2091.5076
2024-10-05 11:00:00,2922.0,2155.075
2024-10-05 12:00:00,2387.0,2187.5852
2024-10-05 13:00:00,2271.0,2096.2073
2024-10-05 14:00:00,2084.0,1943.9766
2024-10-05 15:00:00,1922.0,1787.0449
2024-10-05 16:00:00,1850.0,1673.9725
2024-10-05 17:00:00,1793.0,1560.9146
2024-10-05 18:00:00,1540.0,1303.2782
2024-10-05 19:00:00,1174.0,1036.4323
2024-10-05 20:00:00,910.0,862.2705
2024-10-05 21:00:00,806.0,804.18744
2024-10-05 22:00:00,817.0,748.2028
2024-10-05 23:00:00,823.0,672.8478
2024-10-06 00:00:00,528.0,491.42792
2024-10-06 01:00:00,326.0,376.76587
2024-10-06 02:00:00,239.0,237.27942
2024-10-06 03:00:00,166.0,182.61365
2024-10-06 04:00:00,141.0,170.3258
2024-10-06 05:00:00,149.0,192.45074
2024-10-06 06:00:00,224.0,249.36139
2024-10-06 07:00:00,417.0,430.31384
2024-10-06 08:00:00,984.0,682.8069
2024-10-06 09:00:00,1793.0,1127.6234
2024-10-06 10:00:00,2288.0,1583.609
2024-10-06 11:00:00,2346.0,1713.2025
2024-10-06 12:00:00,2067.0,1692.2927
2024-10-06 13:00:00,1987.0,1610.5361
2024-10-06 14:00:00,1812.0,1524.4624
2024-10-06 15:00:00,1602.0,1473.5427
2024-10-06 16:00:00,1635.0,1455.6111
2024-10-06 17:00:00,1597.0,1440.7126
2024-10-06 18:00:00,1465.0,1218.8729
2024-10-06 19:00:00,1176.0,1060.9922
2024-10-06 20:00:00,946.0,900.22266
2024-10-06 21:00:00,808.0,808.11804
2024-10-06 22:00:00,559.0,686.3231
2024-10-06 23:00:00,345.0,580.359
2024-10-07 00:00:00,169.0,222.14667
2024-10-07 01:00:00,83.0,119.48749
2024-10-07 02:00:00,54.0,85.49695
2024-10-07 03:00:00,50.0,89.57739
2024-10-07 04:00:00,132.0,134.0918
2024-10-07 05:00:00,446.0,282.883
2024-10-07 06:00:00,1380.0,1036.9736
2024-10-07 07:00:00,1856.0,1682.0747
2024-10-07 08:00:00,1821.0,1646.3639
2024-10-07 09:00:00,1813.0,1605.5217
2024-10-07 10:00:00,2018.0,1523.9708
2024-10-07 11:00:00,1728.0,1405.1516
2024-10-07 12:00:00,1586.0,1410.1816
2024-10-07 13:00:00,1474.0,1393.4723
2024-10-07 14:00:00,1580.0,1450.5016
2024-10-07 15:00:00,1677.0,1820.7268
2024-10-07 16:00:00,2274.0,2397.254
2024-10-07 17:00:00,2638.0,2416.5664
2024-10-07 18:00:00,1851.0,1848.8552
2024-10-07 19:00:00,1138.0,1039.1628
2024-10-07 20:00:00,794.0,788.3539
2024-10-07 21:00:00,630.0,673.2245
2024-10-07 22:00:00,477.0,572.44446
2024-10-07 23:00:00,280.0,406.70898
2024-10-08 00:00:00,142.0,210.63239
2024-10-08 01:00:00,83.0,120.15759
2024-10-08 02:00:00,58.0,93.61279
2024-10-08 03:00:00,46.0,95.18616
2024-10-08 04:00:00,115.0,118.61163
2024-10-08 05:00:00,431.0,278.54395
2024-10-08 06:00:00,1206.0,1007.6601
2024-10-08 07:00:00,1736.0,1688.5645
2024-10-08 08:00:00,1634.0,1595.4115
2024-10-08 09:00:00,1455.0,1511.123
2024-10-08 10:00:00,1360.0,1416.5355
2024-10-08 11:00:00,1490.0,1378.0858
2024-10-08 12:00:00,1421.0,1359.8718
2024-10-08 13:00:00,1440.0,1377.2404
2024-10-08 14:00:00,1638.0,1449.1156
2024-10-08 15:00:00,1830.0,1743.8171
2024-10-08 16:00:00,2539.0,2357.376
2024-10-08 17:00:00,2640.0,2473.6045
2024-10-08 18:00:00,1830.0,1978.3479
2024-10-08 19:00:00,1276.0,1149.688
2024-10-08 20:00:00,799.0,855.8323
2024-10-08 21:00:00,739.0,730.95776
2024-10-08 22:00:00,537.0,615.54395
2024-10-08 23:00:00,319.0,431.87537
2024-10-09 00:00:00,155.0,232.93524
2024-10-09 01:00:00,68.0,127.35443
2024-10-09 02:00:00,54.0,100.23004
2024-10-09 03:00:00,57.0,97.2522
2024-10-09 04:00:00,123.0,114.42389
2024-10-09 05:00:00,430.0,263.44098
2024-10-09 06:00:00,1224.0,983.2102
2024-10-09 07:00:00,1711.0,1677.7139
2024-10-09 08:00:00,1741.0,1672.2281
2024-10-09 09:00:00,1717.0,1544.4622
2024-10-09 10:00:00,1906.0,1503.7703
2024-10-09 11:00:00,1682.0,1450.7535
2024-10-09 12:00:00,1542.0,1449.9148
2024-10-09 13:00:00,1554.0,1457.9601
2024-10-09 14:00:00,1661.0,1489.1157
2024-10-09 15:00:00,1954.0,1868.6497
2024-10-09 16:00:00,2428.0,2455.7417
2024-10-09 17:00:00,2640.0,2522.6733
2024-10-09 18:00:00,2123.0,1965.1033
2024-10-09 19:00:00,1343.0,1173.8483
2024-10-09 20:00:00,884.0,900.3246
2024-10-09 21:00:00,730.0,800.8059
2024-10-09 22:00:00,557.0,693.93256
2024-10-09 23:00:00,364.0,485.2494
2024-10-10 00:00:00,170.0,279.50146
2024-10-10 01:00:00,80.0,133.88794
2024-10-10 02:00:00,60.0,78.17053
2024-10-10 03:00:00,45.0,107.1803
2024-10-10 04:00:00,104.0,133.4939
2024-10-10 05:00:00,460.0,238.66376
2024-10-10 06:00:00,1247.0,838.02136
2024-10-10 07:00:00,1688.0,1595.597
2024-10-10 08:00:00,1603.0,1619.7744
2024-10-10 09:00:00,1443.0,1541.6025
2024-10-10 10:00:00,1594.0,1521.7698
2024-10-10 11:00:00,1719.0,1545.1075
2024-10-10 12:00:00,1546.0,1548.7401
2024-10-10 13:00:00,1620.0,1579.7302
2024-10-10 14:00:00,1758.0,1724.9492
2024-10-10 15:00:00,2044.0,2164.0586
2024-10-10 16:00:00,2218.0,2542.764
2024-10-10 17:00:00,2171.0,2536.4858
2024-10-10 18:00:00,2313.0,2165.1611
2024-10-10 19:00:00,1818.0,1310.2819
2024-10-10 20:00:00,976.0,947.013
2024-10-10 21:00:00,693.0,815.15967
2024-10-10 22:00:00,610.0,743.5524
2024-10-10 23:00:00,421.0,570.60406
2024-10-11 00:00:00,220.0,311.9699
2024-10-11 01:00:00,94.0,146.3996
2024-10-11 02:00:00,63.0,96.76941
2024-10-11 03:00:00,65.0,81.64282
2024-10-11 04:00:00,106.0,108.510864
2024-10-11 05:00:00,406.0,164.92566
2024-10-11 06:00:00,1152.0,838.73065
2024-10-11 07:00:00,1514.0,1546.8086
2024-10-11 08:00:00,1526.0,1545.4056
2024-10-11 09:00:00,1579.0,1594.1251
2024-10-11 10:00:00,1847.0,1586.5593
2024-10-11 11:00:00,1854.0,1628.7822
2024-10-11 12:00:00,1874.0,1664.3467
2024-10-11 13:00:00,2136.0,1785.709
2024-10-11 14:00:00,2074.0,2086.4656
2024-10-11 15:00:00,2506.0,2472.4634
2024-10-11 16:00:00,2804.0,2626.9023
2024-10-11 17:00:00,2860.0,2565.5574
2024-10-11 18:00:00,2315.0,2342.4512
2024-10-11 19:00:00,1564.0,1631.8347
2024-10-11 20:00:00,1154.0,1075.2291
2024-10-11 21:00:00,764.0,895.0717
2024-10-11 22:00:00,766.0,775.566
2024-10-11 23:00:00,678.0,631.3429
2024-10-12 00:00:00,391.0,547.9012
2024-10-12 01:00:00,208.0,372.41272
2024-10-12 02:00:00,145.0,223.69415
2024-10-12 03:00:00,109.0,159.47668
2024-10-12 04:00:00,122.0,148.6568
2024-10-12 05:00:00,204.0,184.05981
2024-10-12 06:00:00,371.0,333.34332
2024-10-12 07:00:00,777.0,854.3423
2024-10-12 08:00:00,1355.0,1382.2515
2024-10-12 09:00:00,1903.0,1883.2231
2024-10-12 10:00:00,2339.0,2090.3684
2024-10-12 11:00:00,2332.0,2138.3018
2024-10-12 12:00:00,2106.0,2142.3884
2024-10-12 13:00:00,1903.0,2036.2855
2024-10-12 14:00:00,1847.0,1906.1891
2024-10-12 15:00:00,1765.0,1755.1151
2024-10-12 16:00:00,1804.0,1673.8013
2024-10-12 17:00:00,1701.0,1560.4011
2024-10-12 18:00:00,1465.0,1240.4685
2024-10-12 19:00:00,967.0,936.84375
2024-10-12 20:00:00,879.0,809.1307
2024-10-12 21:00:00,554.0,762.7451
2024-10-12 22:00:00,773.0,724.8637
2024-10-12 23:00:00,746.0,671.0138
2024-10-13 00:00:00,537.0,481.7478
2024-10-13 01:00:00,300.0,371.75287
2024-10-13 02:00:00,202.0,255.69708
2024-10-13 03:00:00,133.0,194.4707
2024-10-13 04:00:00,111.0,173.06244
2024-10-13 05:00:00,117.0,188.9057
2024-10-13 06:00:00,193.0,255.29614
2024-10-13 07:00:00,278.0,389.8355
2024-10-13 08:00:00,615.0,684.08496
2024-10-13 09:00:00,1064.0,1087.2225
2024-10-13 10:00:00,1623.0,1555.7974
2024-10-13 11:00:00,1731.0,1693.347
2024-10-13 12:00:00,1691.0,1652.5911
2024-10-13 13:00:00,1707.0,1632.2463
2024-10-13 14:00:00,1687.0,1537.4297
2024-10-13 15:00:00,1574.0,1470.2567
2024-10-13 16:00:00,1600.0,1453.1123
2024-10-13 17:00:00,1598.0,1437.7513
2024-10-13 18:00:00,1335.0,1260.6941
2024-10-13 19:00:00,1081.0,1071.7767
2024-10-13 20:00:00,941.0,900.6313
2024-10-13 21:00:00,802.0,808.2626
2024-10-13 22:00:00,539.0,683.82605
2024-10-13 23:00:00,280.0,578.9069
2024-10-14 00:00:00,145.0,221.06665
2024-10-14 01:00:00,69.0,118.776855
2024-10-14 02:00:00,41.0,84.881836
2024-10-14 03:00:00,42.0,89.33923
2024-10-14 04:00:00,117.0,134.00116
2024-10-14 05:00:00,440.0,282.85822
2024-10-14 06:00:00,1381.0,1041.3812
2024-10-14 07:00:00,1796.0,1682.9915
2024-10-14 08:00:00,1607.0,1645.3513
2024-10-14 09:00:00,1483.0,1529.8833
2024-10-14 10:00:00,1636.0,1446.1666
2024-10-14 11:00:00,1443.0,1401.0712
2024-10-14 12:00:00,1407.0,1406.8405
2024-10-14 13:00:00,1386.0,1393.3004
2024-10-14 14:00:00,1553.0,1431.4587
2024-10-14 15:00:00,1719.0,1828.206
2024-10-14 16:00:00,2313.0,2418.6729
2024-10-14 17:00:00,2696.0,2432.8992
2024-10-14 18:00:00,1938.0,1872.9236
2024-10-14 19:00:00,1159.0,1037.2902
2024-10-14 20:00:00,788.0,786.95746
2024-10-14 21:00:00,631.0,673.48206
2024-10-14 22:00:00,462.0,571.8555
2024-10-14 23:00:00,303.0,405.74182
2024-10-15 00:00:00,130.0,209.8327
2024-10-15 01:00:00,61.0,119.21869
2024-10-15 02:00:00,48.0,92.25806
2024-10-15 03:00:00,42.0,93.92737
2024-10-15 04:00:00,96.0,117.96942
2024-10-15 05:00:00,435.0,277.75812
2024-10-15 06:00:00,1363.0,1004.09515
2024-10-15 07:00:00,1825.0,1690.6494
2024-10-15 08:00:00,1710.0,1655.6096
2024-10-15 09:00:00,1610.0,1510.6262
2024-10-15 10:00:00,1628.0,1416.0046
2024-10-15 11:00:00,1534.0,1377.9119
2024-10-15 12:00:00,1464.0,1359.5547
2024-10-15 13:00:00,1477.0,1363.7094
2024-10-15 14:00:00,1561.0,1415.7917
2024-10-15 15:00:00,1789.0,1792.8645
2024-10-15 16:00:00,2517.0,2443.3394
2024-10-15 17:00:00,2970.0,2502.2168
2024-10-15 18:00:00,2179.0,1898.9061
2024-10-15 19:00:00,1333.0,1143.5903
2024-10-15 20:00:00,840.0,852.71704
2024-10-15 21:00:00,592.0,729.93994
2024-10-15 22:00:00,511.0,614.56287
2024-10-15 23:00:00,325.0,428.63605
2024-10-16 00:00:00,173.0,231.48596
2024-10-16 01:00:00,70.0,127.124084
2024-10-16 02:00:00,51.0,100.564026
2024-10-16 03:00:00,50.0,97.362305
2024-10-16 04:00:00,99.0,113.192505
2024-10-16 05:00:00,426.0,261.9839
2024-10-16 06:00:00,1340.0,965.2743
2024-10-16 07:00:00,1712.0,1660.5403
2024-10-16 08:00:00,1676.0,1633.5592
2024-10-16 09:00:00,1629.0,1521.1149
2024-10-16 10:00:00,1628.0,1454.805
2024-10-16 11:00:00,1566.0,1424.0173
2024-10-16 12:00:00,1519.0,1428.3241
2024-10-16 13:00:00,1502.0,1443.1464
2024-10-16 14:00:00,1668.0,1492.0881
2024-10-16 15:00:00,1853.0,1889.1173
2024-10-16 16:00:00,2590.0,2475.561
2024-10-16 17:00:00,2708.0,2526.6794
2024-10-16 18:00:00,2250.0,2010.6426
2024-10-16 19:00:00,1409.0,1176.793
2024-10-16 20:00:00,954.0,887.8345
2024-10-16 21:00:00,723.0,795.76965
2024-10-16 22:00:00,640.0,692.4132
2024-10-16 23:00:00,378.0,479.2273
2024-10-17 00:00:00,146.0,278.00812
2024-10-17 01:00:00,84.0,129.49359
2024-10-17 02:00:00,49.0,96.59216
2024-10-17 03:00:00,54.0,88.360596
2024-10-17 04:00:00,97.0,106.05713
2024-10-17 05:00:00,437.0,232.67932
2024-10-17 06:00:00,1340.0,831.78107
2024-10-17 07:00:00,1747.0,1601.201
2024-10-17 08:00:00,1720.0,1620.0681
2024-10-17 09:00:00,1729.0,1541.5559
2024-10-17 10:00:00,1822.0,1524.2258
2024-10-17 11:00:00,1768.0,1519.6985
2024-10-17 12:00:00,1599.0,1528.9283
2024-10-17 13:00:00,1615.0,1567.2454
2024-10-17 14:00:00,1701.0,1733.6257
2024-10-17 15:00:00,1954.0,2148.8423
2024-10-17 16:00:00,2609.0,2539.8018
2024-10-17 17:00:00,2852.0,2535.4688
2024-10-17 18:00:00,2279.0,2147.9019
2024-10-17 19:00:00,1445.0,1302.3318
2024-10-17 20:00:00,938.0,946.1987
2024-10-17 21:00:00,753.0,846.91064
2024-10-17 22:00:00,647.0,742.41223
2024-10-17 23:00:00,505.0,568.4814
2024-10-18 00:00:00,234.0,309.99652
2024-10-18 01:00:00,98.0,144.34143
2024-10-18 02:00:00,70.0,96.85278
2024-10-18 03:00:00,62.0,84.19385
2024-10-18 04:00:00,113.0,99.276245
2024-10-18 05:00:00,379.0,165.21161
2024-10-18 06:00:00,1246.0,837.1732
2024-10-18 07:00:00,1590.0,1549.8933
2024-10-18 08:00:00,1441.0,1612.0195
2024-10-18 09:00:00,1560.0,1589.8125
2024-10-18 10:00:00,1699.0,1598.4109
2024-10-18 11:00:00,1802.0,1611.495
2024-10-18 12:00:00,1870.0,1665.0819
2024-10-18 13:00:00,1951.0,1792.8137
2024-10-18 14:00:00,2229.0,2100.7158
2024-10-18 15:00:00,2509.0,2465.5637
2024-10-18 16:00:00,2895.0,2604.6277
2024-10-18 17:00:00,2594.0,2552.2446
2024-10-18 18:00:00,2312.0,2304.9292
2024-10-18 19:00:00,1627.0,1619.2699
2024-10-18 20:00:00,1081.0,1069.3158
2024-10-18 21:00:00,840.0,890.976
2024-10-18 22:00:00,706.0,771.79175
2024-10-18 23:00:00,733.0,626.112
2024-10-19 00:00:00,416.0,549.7092
2024-10-19 01:00:00,227.0,370.51086
2024-10-19 02:00:00,127.0,224.43951
2024-10-19 03:00:00,107.0,160.82263
2024-10-19 04:00:00,112.0,152.2649
2024-10-19 05:00:00,177.0,185.40546
2024-10-19 06:00:00,369.0,334.11847
2024-10-19 07:00:00,688.0,854.0283
2024-10-19 08:00:00,1192.0,1347.6438
2024-10-19 09:00:00,1638.0,1850.6099
2024-10-19 10:00:00,2005.0,2078.7725
2024-10-19 11:00:00,2164.0,2116.3125
2024-10-19 12:00:00,2031.0,2099.9607
2024-10-19 13:00:00,1968.0,2024.208
2024-10-19 14:00:00,1947.0,1897.1168
2024-10-19 15:00:00,1846.0,1746.9618
2024-10-19 16:00:00,1924.0,1667.0066
2024-10-19 17:00:00,1817.0,1554.8015
2024-10-19 18:00:00,1564.0,1301.6033
2024-10-19 19:00:00,1098.0,1040.4316
2024-10-19 20:00:00,931.0,862.63776
2024-10-19 21:00:00,836.0,806.1763
2024-10-19 22:00:00,871.0,744.28394
2024-10-19 23:00:00,843.0,663.10913
2024-10-20 00:00:00,512.0,485.50702
2024-10-20 01:00:00,375.0,377.0069
2024-10-20 02:00:00,224.0,245.58301
2024-10-20 03:00:00,163.0,191.49927
2024-10-20 04:00:00,126.0,177.06104
2024-10-20 05:00:00,124.0,194.02985
2024-10-20 06:00:00,218.0,254.75183
2024-10-20 07:00:00,455.0,436.41083
2024-10-20 08:00:00,923.0,633.8134
2024-10-20 09:00:00,1494.0,1080.2474
2024-10-20 10:00:00,2084.0,1539.9535
2024-10-20 11:00:00,2016.0,1688.8473
2024-10-20 12:00:00,1962.0,1680.1427
2024-10-20 13:00:00,1838.0,1597.5869
2024-10-20 14:00:00,1576.0,1519.8536
2024-10-20 15:00:00,1543.0,1469.6509
2024-10-20 16:00:00,1579.0,1448.6372
2024-10-20 17:00:00,1545.0,1435.7786
2024-10-20 18:00:00,1376.0,1258.4907
2024-10-20 19:00:00,1197.0,1061.0938
2024-10-20 20:00:00,1128.0,901.0453
2024-10-20 21:00:00,857.0,808.8019
2024-10-20 22:00:00,523.0,684.57855
2024-10-20 23:00:00,307.0,579.5445
2024-10-21 00:00:00,128.0,220.26196
2024-10-21 01:00:00,63.0,118.06842
2024-10-21 02:00:00,50.0,84.45911
2024-10-21 03:00:00,48.0,89.15039
2024-10-21 04:00:00,121.0,134.46674
2024-10-21 05:00:00,491.0,282.7257
2024-10-21 06:00:00,1507.0,1032.6123
2024-10-21 07:00:00,1917.0,1677.4866
2024-10-21 08:00:00,1904.0,1645.5806
2024-10-21 09:00:00,1514.0,1528.9103
2024-10-21 10:00:00,1551.0,1445.6345
2024-10-21 11:00:00,1441.0,1398.1704
2024-10-21 12:00:00,1405.0,1407.3708
2024-10-21 13:00:00,1406.0,1396.5068
2024-10-21 14:00:00,1400.0,1450.8966
2024-10-21 15:00:00,1747.0,1831.6333
2024-10-21 16:00:00,2345.0,2393.2808
2024-10-21 17:00:00,2715.0,2432.1042
2024-10-21 18:00:00,2129.0,1871.6831
2024-10-21 19:00:00,1201.0,1037.0331
2024-10-21 20:00:00,843.0,785.6215
2024-10-21 21:00:00,672.0,674.9641
2024-10-21 22:00:00,510.0,572.2043
2024-10-21 23:00:00,305.0,404.83337
2024-10-22 00:00:00,137.0,209.15637
2024-10-22 01:00:00,63.0,118.76141
2024-10-22 02:00:00,46.0,92.10498
2024-10-22 03:00:00,41.0,93.89697
2024-10-22 04:00:00,126.0,119.39038
2024-10-22 05:00:00,464.0,300.76813
2024-10-22 06:00:00,1386.0,1004.1981
2024-10-22 07:00:00,1852.0,1693.7686
2024-10-22 08:00:00,1787.0,1593.2247
2024-10-22 09:00:00,1477.0,1510.271
2024-10-22 10:00:00,1430.0,1415.9998
2024-10-22 11:00:00,1438.0,1377.6442
2024-10-22 12:00:00,1378.0,1375.6698
2024-10-22 13:00:00,1411.0,1375.5068
2024-10-22 14:00:00,1531.0,1415.2059
2024-10-22 15:00:00,1882.0,1776.3846
2024-10-22 16:00:00,2633.0,2425.9863
2024-10-22 17:00:00,2843.0,2497.226
2024-10-22 18:00:00,2310.0,1866.5881
2024-10-22 19:00:00,1398.0,1145.2263
2024-10-22 20:00:00,747.0,813.448
2024-10-22 21:00:00,745.0,709.30774
2024-10-22 22:00:00,612.0,605.1466
2024-10-22 23:00:00,391.0,414.9043
2024-10-23 00:00:00,185.0,221.8465
2024-10-23 01:00:00,79.0,109.9068
2024-10-23 02:00:00,40.0,84.62549
2024-10-23 03:00:00,48.0,97.632935
2024-10-23 04:00:00,120.0,112.53015
2024-10-23 05:00:00,398.0,261.17633
2024-10-23 06:00:00,1406.0,959.7789
2024-10-23 07:00:00,1797.0,1660.2927
2024-10-23 08:00:00,1825.0,1633.9507
2024-10-23 09:00:00,1498.0,1521.2788
2024-10-23 10:00:00,1491.0,1454.3013
2024-10-23 11:00:00,1480.0,1424.1665
2024-10-23 12:00:00,1555.0,1428.5696
2024-10-23 13:00:00,1526.0,1443.6904
2024-10-23 14:00:00,1653.0,1492.8906
2024-10-23 15:00:00,1986.0,1909.8457
2024-10-23 16:00:00,2641.0,2484.8882
2024-10-23 17:00:00,2848.0,2527.9414
2024-10-23 18:00:00,2332.0,2008.2334
2024-10-23 19:00:00,1449.0,1175.6941
2024-10-23 20:00:00,943.0,885.1315
2024-10-23 21:00:00,768.0,792.4221
2024-10-23 22:00:00,710.0,690.8601
2024-10-23 23:00:00,465.0,475.9212
2024-10-24 00:00:00,228.0,276.85767
2024-10-24 01:00:00,97.0,127.75488
2024-10-24 02:00:00,55.0,96.44214
2024-10-24 03:00:00,40.0,87.43555
2024-10-24 04:00:00,126.0,104.98572
2024-10-24 05:00:00,422.0,231.63129
2024-10-24 06:00:00,1436.0,826.57025
2024-10-24 07:00:00,1877.0,1601.5977
2024-10-24 08:00:00,1806.0,1637.5933
2024-10-24 09:00:00,1587.0,1572.1355
2024-10-24 10:00:00,1553.0,1522.0144
2024-10-24 11:00:00,1531.0,1524.7539
2024-10-24 12:00:00,1576.0,1536.7213
2024-10-24 13:00:00,1606.0,1578.74
2024-10-24 14:00:00,1794.0,1710.8877
2024-10-24 15:00:00,1949.0,2138.3076
2024-10-24 16:00:00,2645.0,2453.7166
2024-10-24 17:00:00,2881.0,2539.5774
2024-10-24 18:00:00,2353.0,2180.5112
2024-10-24 19:00:00,1621.0,1313.3381
2024-10-24 20:00:00,1015.0,945.6111
2024-10-24 21:00:00,892.0,845.9375
2024-10-24 22:00:00,799.0,740.9214
2024-10-24 23:00:00,525.0,569.53925
2024-10-25 00:00:00,248.0,310.6482
2024-10-25 01:00:00,89.0,143.61566
2024-10-25 02:00:00,61.0,95.680176
2024-10-25 03:00:00,60.0,81.09363
2024-10-25 04:00:00,113.0,97.12048
2024-10-25 05:00:00,385.0,162.39813
2024-10-25 06:00:00,1275.0,820.5939
2024-10-25 07:00:00,1678.0,1541.47
2024-10-25 08:00:00,1682.0,1610.7185
2024-10-25 09:00:00,1656.0,1585.5187
2024-10-25 10:00:00,1662.0,1593.1422
2024-10-25 11:00:00,1802.0,1605.4849
2024-10-25 12:00:00,1883.0,1659.5535
2024-10-25 13:00:00,1899.0,1785.196
2024-10-25 14:00:00,2200.0,2093.962
2024-10-25 15:00:00,2518.0,2477.4077
2024-10-25 16:00:00,3008.0,2611.8252
2024-10-25 17:00:00,2772.0,2562.485
2024-10-25 18:00:00,2419.0,2325.306
2024-10-25 19:00:00,1683.0,1616.4241
2024-10-25 20:00:00,1216.0,1067.2096
2024-10-25 21:00:00,940.0,889.1715
2024-10-25 22:00:00,937.0,770.09644
2024-10-25 23:00:00,861.0,624.97144
2024-10-26 00:00:00,511.0,538.2854
2024-10-26 01:00:00,260.0,370.55408
2024-10-26 02:00:00,165.0,224.80353
2024-10-26 03:00:00,117.0,160.93707
2024-10-26 04:00:00,114.0,153.24683
2024-10-26 05:00:00,168.0,185.55792
2024-10-26 06:00:00,384.0,332.9599
2024-10-26 07:00:00,763.0,845.9369
2024-10-26 08:00:00,1412.0,1341.545
2024-10-26 09:00:00,1850.0,1851.8887
2024-10-26 10:00:00,2149.0,2079.899
2024-10-26 11:00:00,2262.0,2117.472
2024-10-26 12:00:00,2253.0,2100.4312
2024-10-26 13:00:00,2125.0,2025.248
2024-10-26 14:00:00,2037.0,1897.2717
2024-10-26 15:00:00,1937.0,1745.417
2024-10-26 16:00:00,2037.0,1666.2205
2024-10-26 17:00:00,2085.0,1553.1573
2024-10-26 18:00:00,1800.0,1297.476
2024-10-26 19:00:00,1163.0,1038.4508
2024-10-26 20:00:00,1006.0,861.52057
2024-10-26 21:00:00,856.0,805.79407
2024-10-26 22:00:00,861.0,744.1814
2024-10-26 23:00:00,908.0,663.8938
2024-10-27 00:00:00,667.0,486.07275
2024-10-27 01:00:00,421.0,377.01312
2024-10-27 02:00:00,382.0,244.14728
2024-10-27 03:00:00,123.0,188.62793
2024-10-27 04:00:00,104.0,174.65851
2024-10-27 05:00:00,121.0,193.05768
2024-10-27 06:00:00,188.0,251.6236
2024-10-27 07:00:00,413.0,428.68066
2024-10-27 08:00:00,912.0,658.7566
2024-10-27 09:00:00,1723.0,1078.3176
2024-10-27 10:00:00,2026.0,1701.9275
2024-10-27 11:00:00,1988.0,1858.3091
2024-10-27 12:00:00,1870.0,1812.4006
2024-10-27 13:00:00,1784.0,1692.4678
2024-10-27 14:00:00,1785.0,1554.6589
2024-10-27 15:00:00,1772.0,1478.9004
2024-10-27 16:00:00,1835.0,1448.3264
2024-10-27 17:00:00,1821.0,1434.0686
2024-10-27 18:00:00,1685.0,1258.3279
2024-10-27 19:00:00,1436.0,1064.0023
2024-10-27 20:00:00,1125.0,901.3487
2024-10-27 21:00:00,758.0,808.99084
2024-10-27 22:00:00,555.0,683.7178
2024-10-27 23:00:00,356.0,577.8778
2024-10-28 00:00:00,146.0,219.67218
2024-10-28 01:00:00,51.0,117.43213
2024-10-28 02:00:00,40.0,84.11633
2024-10-28 03:00:00,54.0,88.92273
2024-10-28 04:00:00,115.0,135.6195
2024-10-28 05:00:00,494.0,282.73718
2024-10-28 06:00:00,1520.0,1040.8273
2024-10-28 07:00:00,1869.0,1685.4403
2024-10-28 08:00:00,1950.0,1669.2932
2024-10-28 09:00:00,1518.0,1542.684
2024-10-28 10:00:00,1563.0,1445.3652
2024-10-28 11:00:00,1434.0,1439.6432
2024-10-28 12:00:00,1398.0,1408.9988
2024-10-28 13:00:00,1349.0,1394.8806
2024-10-28 14:00:00,1471.0,1450.533
2024-10-28 15:00:00,1772.0,1832.1172
2024-10-28 16:00:00,2532.0,2429.6187
2024-10-28 17:00:00,2792.0,2434.2437
2024-10-28 18:00:00,2063.0,1870.769
2024-10-28 19:00:00,1218.0,1037.4427
2024-10-28 20:00:00,844.0,784.8004
2024-10-28 21:00:00,672.0,675.0282
2024-10-28 22:00:00,521.0,571.6021
2024-10-28 23:00:00,296.0,403.96863
2024-10-29 00:00:00,137.0,208.638
2024-10-29 01:00:00,55.0,116.541504
2024-10-29 02:00:00,46.0,91.06299
2024-10-29 03:00:00,52.0,92.595825
2024-10-29 04:00:00,99.0,117.82672
2024-10-29 05:00:00,452.0,276.6372
2024-10-29 06:00:00,1492.0,1001.37177
2024-10-29 07:00:00,1909.0,1703.4763
2024-10-29 08:00:00,1950.0,1637.3228
2024-10-29 09:00:00,1771.0,1507.7949
2024-10-29 10:00:00,1562.0,1414.2094
2024-10-29 11:00:00,1516.0,1377.8909
2024-10-29 12:00:00,1477.0,1377.5199
2024-10-29 13:00:00,1504.0,1393.8423
2024-10-29 14:00:00,1602.0,1433.3667
2024-10-29 15:00:00,1943.0,1847.03
2024-10-29 16:00:00,2643.0,2439.623
2024-10-29 17:00:00,2715.0,2504.2217
2024-10-29 18:00:00,1710.0,1913.6831
2024-10-29 19:00:00,2062.0,1146.2052
2024-10-29 20:00:00,956.0,851.304
2024-10-29 21:00:00,722.0,728.5005
2024-10-29 22:00:00,557.0,613.0194
2024-10-29 23:00:00,381.0,424.7049
2024-10-30 00:00:00,145.0,229.48383
2024-10-30 01:00:00,68.0,126.82703
2024-10-30 02:00:00,46.0,100.22565
2024-10-30 03:00:00,52.0,96.46179
2024-10-30 04:00:00,119.0,112.520935
2024-10-30 05:00:00,419.0,261.77417
2024-10-30 06:00:00,1389.0,966.11304
2024-10-30 07:00:00,1879.0,1669.4133
2024-10-30 08:00:00,2014.0,1634.0358
2024-10-30 09:00:00,1735.0,1519.7122
2024-10-30 10:00:00,1579.0,1453.1553
2024-10-30 11:00:00,1634.0,1425.3397
2024-10-30 12:00:00,1637.0,1429.0302
2024-10-30 13:00:00,1668.0,1444.135
2024-10-30 14:00:00,1613.0,1493.6311
2024-10-30 15:00:00,1808.0,1916.8159
2024-10-30 16:00:00,2654.0,2490.4639
2024-10-30 17:00:00,2883.0,2529.6052
2024-10-30 18:00:00,2303.0,2017.5332
2024-10-30 19:00:00,1437.0,1173.8717
2024-10-30 20:00:00,947.0,882.8526
2024-10-30 21:00:00,811.0,789.70544
2024-10-30 22:00:00,695.0,689.3999
2024-10-30 23:00:00,410.0,472.62164
2024-10-31 00:00:00,191.0,275.9093
2024-10-31 01:00:00,69.0,127.16644
2024-10-31 02:00:00,50.0,96.31897
2024-10-31 03:00:00,49.0,86.48584
2024-10-31 04:00:00,114.0,103.46979
2024-10-31 05:00:00,490.0,231.28094
2024-10-31 06:00:00,1409.0,822.33563
2024-10-31 07:00:00,1809.0,1605.0049
2024-10-31 08:00:00,1875.0,1623.1118
2024-10-31 09:00:00,1759.0,1541.7804
2024-10-31 10:00:00,1732.0,1521.4077
2024-10-31 11:00:00,1745.0,1520.5614
2024-10-31 12:00:00,1667.0,1530.4907
2024-10-31 13:00:00,1743.0,1562.3307
2024-10-31 14:00:00,1919.0,1724.1664
2024-10-31 15:00:00,2236.0,2165.149
2024-10-31 16:00:00,2847.0,2555.5664
2024-10-31 17:00:00,2920.0,2542.5818
2024-10-31 18:00:00,2484.0,2185.4756
2024-10-31 19:00:00,1794.0,1317.0972
2024-10-31 20:00:00,1116.0,945.19006
2024-10-31 21:00:00,915.0,844.96216
2024-10-31 22:00:00,821.0,739.9595
2024-10-31 23:00:00,652.0,568.2172
2024-11-01 00:00:00,344.0,557.038
2024-11-01 01:00:00,146.0,437.30194
2024-11-01 02:00:00,96.0,361.3836
2024-11-01 03:00:00,95.0,321.6076
2024-11-01 04:00:00,107.0,320.06348
2024-11-01 05:00:00,254.0,345.6145
2024-11-01 06:00:00,620.0,485.79205
2024-11-01 07:00:00,1021.0,950.44556
2024-11-01 08:00:00,1459.0,1490.6754
2024-11-01 09:00:00,1950.0,1789.8027
2024-11-01 10:00:00,2161.0,1921.1802
2024-11-01 11:00:00,2223.0,1989.889
2024-11-01 12:00:00,2148.0,1994.2166
2024-11-01 13:00:00,1980.0,1973.7861
2024-11-01 14:00:00,2061.0,1936.3674
2024-11-01 15:00:00,2426.0,1880.4438
2024-11-01 16:00:00,2765.0,1846.5372
2024-11-01 17:00:00,2869.0,1663.0817
2024-11-01 18:00:00,2593.0,1411.7168
2024-11-01 19:00:00,1876.0,1198.6713
2024-11-01 20:00:00,1253.0,1007.9924
2024-11-01 21:00:00,942.0,898.09015
2024-11-01 22:00:00,795.0,820.027
2024-11-01 23:00:00,755.0,730.9415
2024-11-02 00:00:00,499.0,537.64594
2024-11-02 01:00:00,231.0,371.37073
2024-11-02 02:00:00,148.0,224.42505
2024-11-02 03:00:00,114.0,161.71753
2024-11-02 04:00:00,118.0,150.39081
2024-11-02 05:00:00,185.0,182.38037
2024-11-02 06:00:00,386.0,321.0553
2024-11-02 07:00:00,844.0,812.015
2024-11-02 08:00:00,1447.0,1343.0507
2024-11-02 09:00:00,1994.0,1852.0956
2024-11-02 10:00:00,2229.0,2079.3682
2024-11-02 11:00:00,2196.0,2116.8914
2024-11-02 12:00:00,2163.0,2098.2144
2024-11-02 13:00:00,1976.0,2018.5437
2024-11-02 14:00:00,1908.0,1893.5559
2024-11-02 15:00:00,1854.0,1740.3982
2024-11-02 16:00:00,1922.0,1660.0647
2024-11-02 17:00:00,1782.0,1543.8915
2024-11-02 18:00:00,1461.0,1282.7606
2024-11-02 19:00:00,1078.0,1027.9105
2024-11-02 20:00:00,906.0,859.36926
2024-11-02 21:00:00,885.0,804.52606
2024-11-02 22:00:00,951.0,745.36926
2024-11-02 23:00:00,883.0,663.3065
2024-11-03 00:00:00,592.0,489.4972
2024-11-03 01:00:00,358.0,377.00024
2024-11-03 02:00:00,240.0,243.49463
2024-11-03 03:00:00,162.0,187.62628
2024-11-03 04:00:00,144.0,173.92035
2024-11-03 05:00:00,122.0,193.3761
2024-11-03 06:00:00,185.0,250.73645
2024-11-03 07:00:00,357.0,423.37903
2024-11-03 08:00:00,881.0,654.8643
2024-11-03 09:00:00,1603.0,1080.0093
2024-11-03 10:00:00,2035.0,1540.4132
2024-11-03 11:00:00,2105.0,1677.9236
2024-11-03 12:00:00,1888.0,1669.6013
2024-11-03 13:00:00,1829.0,1590.4094
2024-11-03 14:00:00,1695.0,1517.9551
2024-11-03 15:00:00,1668.0,1467.1155
2024-11-03 16:00:00,1665.0,1443.3247
2024-11-03 17:00:00,1738.0,1435.368
2024-11-03 18:00:00,1451.0,1251.0146
2024-11-03 19:00:00,1286.0,1048.1248
2024-11-03 20:00:00,1041.0,902.2089
2024-11-03 21:00:00,802.0,812.77264
2024-11-03 22:00:00,525.0,686.1538
2024-11-03 23:00:00,275.0,578.89764
2024-11-04 00:00:00,144.0,214.15082
2024-11-04 01:00:00,61.0,112.13666
2024-11-04 02:00:00,40.0,81.60986
2024-11-04 03:00:00,45.0,88.40588
2024-11-04 04:00:00,104.0,140.46729
2024-11-04 05:00:00,472.0,295.11255
2024-11-04 06:00:00,1445.0,1062.9259
2024-11-04 07:00:00,1946.0,1673.4253
2024-11-04 08:00:00,1951.0,1642.853
2024-11-04 09:00:00,1499.0,1523.9432
2024-11-04 10:00:00,1515.0,1441.0643
2024-11-04 11:00:00,1381.0,1394.5775
2024-11-04 12:00:00,1328.0,1367.5758
2024-11-04 13:00:00,1324.0,1365.4608
2024-11-04 14:00:00,1472.0,1418.7678
2024-11-04 15:00:00,1706.0,1818.6086
2024-11-04 16:00:00,2416.0,2392.7612
2024-11-04 17:00:00,2646.0,2460.5146
2024-11-04 18:00:00,2007.0,1902.5851
2024-11-04 19:00:00,1124.0,1040.6621
2024-11-04 20:00:00,724.0,780.5352
2024-11-04 21:00:00,658.0,673.1875
2024-11-04 22:00:00,478.0,566.9032
2024-11-04 23:00:00,282.0,398.40808
2024-11-05 00:00:00,142.0,202.57806
2024-11-05 01:00:00,56.0,115.55713
2024-11-05 02:00:00,51.0,89.1958
2024-11-05 03:00:00,48.0,90.6178
2024-11-05 04:00:00,96.0,119.54077
2024-11-05 05:00:00,471.0,287.31885
2024-11-05 06:00:00,1446.0,1025.3309
2024-11-05 07:00:00,1922.0,1709.137
2024-11-05 08:00:00,1792.0,1627.4523
2024-11-05 09:00:00,1493.0,1499.5669
2024-11-05 10:00:00,1394.0,1409.6133
2024-11-05 11:00:00,1300.0,1378.1049
2024-11-05 12:00:00,1247.0,1376.8591
2024-11-05 13:00:00,1320.0,1390.9946
2024-11-05 14:00:00,1466.0,1428.0326
2024-11-05 15:00:00,1833.0,1823.6339
2024-11-05 16:00:00,2600.0,2429.487
2024-11-05 17:00:00,2789.0,2503.8672
2024-11-05 18:00:00,2196.0,1949.5164
2024-11-05 19:00:00,1373.0,1153.8619
2024-11-05 20:00:00,906.0,847.5402
2024-11-05 21:00:00,727.0,724.08923
2024-11-05 22:00:00,570.0,607.9746
2024-11-05 23:00:00,396.0,408.07098
2024-11-06 00:00:00,147.0,221.92542
2024-11-06 01:00:00,80.0,125.71954
2024-11-06 02:00:00,38.0,98.28113
2024-11-06 03:00:00,46.0,93.90906
2024-11-06 04:00:00,107.0,114.16431
2024-11-06 05:00:00,464.0,273.1579
2024-11-06 06:00:00,1420.0,994.6824
2024-11-06 07:00:00,1773.0,1676.6285
2024-11-06 08:00:00,1834.0,1629.0955
2024-11-06 09:00:00,1629.0,1515.414
2024-11-06 10:00:00,1387.0,1449.6926
2024-11-06 11:00:00,1456.0,1421.5068
2024-11-06 12:00:00,1539.0,1421.1938
2024-11-06 13:00:00,1519.0,1453.5438
2024-11-06 14:00:00,1663.0,1498.4674
2024-11-06 15:00:00,1919.0,1900.4197
2024-11-06 16:00:00,2627.0,2468.126
2024-11-06 17:00:00,2899.0,2527.7864
2024-11-06 18:00:00,2234.0,2031.569
2024-11-06 19:00:00,1300.0,1164.3558
2024-11-06 20:00:00,879.0,872.8019
2024-11-06 21:00:00,708.0,779.0321
2024-11-06 22:00:00,628.0,681.1214
2024-11-06 23:00:00,392.0,457.2215
2024-11-07 00:00:00,150.0,267.50586
2024-11-07 01:00:00,98.0,123.61444
2024-11-07 02:00:00,38.0,94.42578
2024-11-07 03:00:00,54.0,84.8418
2024-11-07 04:00:00,116.0,102.031494
2024-11-07 05:00:00,432.0,240.80902
2024-11-07 06:00:00,1409.0,838.569
2024-11-07 07:00:00,1894.0,1611.8392
2024-11-07 08:00:00,1866.0,1622.6772
2024-11-07 09:00:00,1575.0,1540.0332
2024-11-07 10:00:00,1481.0,1516.4277
2024-11-07 11:00:00,1475.0,1514.0416
2024-11-07 12:00:00,1459.0,1523.4464
2024-11-07 13:00:00,1519.0,1556.0837
2024-11-07 14:00:00,1685.0,1689.2468
2024-11-07 15:00:00,2001.0,2120.7954
2024-11-07 16:00:00,2798.0,2547.052
2024-11-07 17:00:00,2982.0,2538.1694
2024-11-07 18:00:00,2243.0,2180.5542
2024-11-07 19:00:00,1431.0,1298.8248
2024-11-07 20:00:00,1000.0,936.25684
2024-11-07 21:00:00,820.0,837.28674
2024-11-07 22:00:00,741.0,732.8789
2024-11-07 23:00:00,514.0,549.1845
2024-11-08 00:00:00,211.0,297.3653
2024-11-08 01:00:00,97.0,136.39252
2024-11-08 02:00:00,62.0,92.52344
2024-11-08 03:00:00,49.0,79.40173
2024-11-08 04:00:00,116.0,95.817505
2024-11-08 05:00:00,423.0,168.7514
2024-11-08 06:00:00,1301.0,815.3582
2024-11-08 07:00:00,1736.0,1544.3485
2024-11-08 08:00:00,1678.0,1604.6506
2024-11-08 09:00:00,1630.0,1577.1985
2024-11-08 10:00:00,1710.0,1583.751
2024-11-08 11:00:00,1729.0,1604.537
2024-11-08 12:00:00,1671.0,1648.3317
2024-11-08 13:00:00,1845.0,1748.8867
2024-11-08 14:00:00,2180.0,2005.9451
2024-11-08 15:00:00,2428.0,2426.938
2024-11-08 16:00:00,2692.0,2609.9973
2024-11-08 17:00:00,3032.0,2566.9844
2024-11-08 18:00:00,2290.0,2335.7502
2024-11-08 19:00:00,1577.0,1609.4741
2024-11-08 20:00:00,1143.0,1054.513
2024-11-08 21:00:00,825.0,879.7156
2024-11-08 22:00:00,864.0,764.683
2024-11-08 23:00:00,790.0,612.24414
2024-11-09 00:00:00,502.0,535.33167
2024-11-09 01:00:00,255.0,371.23022
2024-11-09 02:00:00,155.0,224.64606
2024-11-09 03:00:00,110.0,161.66565
2024-11-09 04:00:00,112.0,150.00159
2024-11-09 05:00:00,191.0,181.52905
2024-11-09 06:00:00,406.0,317.20044
2024-11-09 07:00:00,843.0,803.0898
2024-11-09 08:00:00,1495.0,1337.4506
2024-11-09 09:00:00,2028.0,1849.6632
2024-11-09 10:00:00,2246.0,2077.8123
2024-11-09 11:00:00,2210.0,2116.7322
2024-11-09 12:00:00,2046.0,2096.9546
2024-11-09 13:00:00,1948.0,2016.5645
2024-11-09 14:00:00,1942.0,1893.3298
2024-11-09 15:00:00,1835.0,1740.9583
2024-11-09 16:00:00,2109.0,1659.2029
2024-11-09 17:00:00,1570.0,1541.8494
2024-11-09 18:00:00,2070.0,1278.191
2024-11-09 19:00:00,1158.0,1022.92163
2024-11-09 20:00:00,1243.0,857.6634
2024-11-09 21:00:00,926.0,802.8622
2024-11-09 22:00:00,911.0,745.6517
2024-11-09 23:00:00,944.0,664.15564
2024-11-10 00:00:00,682.0,490.06226
2024-11-10 01:00:00,393.0,377.2329
2024-11-10 02:00:00,257.0,242.4223
2024-11-10 03:00:00,156.0,185.21454
2024-11-10 04:00:00,113.0,171.76959
2024-11-10 05:00:00,122.0,192.19586
2024-11-10 06:00:00,182.0,247.29626
2024-11-10 07:00:00,377.0,419.83148
2024-11-10 08:00:00,825.0,644.587
2024-11-10 09:00:00,1573.0,1086.3
2024-11-10 10:00:00,2002.0,1548.0773
2024-11-10 11:00:00,2222.0,1672.4907
2024-11-10 12:00:00,2060.0,1666.858
2024-11-10 13:00:00,1814.0,1589.6627
2024-11-10 14:00:00,1605.0,1517.4259
2024-11-10 15:00:00,1567.0,1466.026
2024-11-10 16:00:00,1531.0,1442.6024
2024-11-10 17:00:00,1727.0,1437.4438
2024-11-10 18:00:00,1546.0,1248.5461
2024-11-10 19:00:00,1264.0,1039.7036
2024-11-10 20:00:00,983.0,899.71826
2024-11-10 21:00:00,765.0,813.07666
2024-11-10 22:00:00,563.0,688.4364
2024-11-10 23:00:00,310.0,580.6337
2024-11-11 00:00:00,134.0,214.10187
2024-11-11 01:00:00,60.0,112.20276
2024-11-11 02:00:00,46.0,81.53711
2024-11-11 03:00:00,44.0,88.22363
2024-11-11 04:00:00,106.0,141.83789
2024-11-11 05:00:00,484.0,295.3393
2024-11-11 06:00:00,1418.0,1063.1396
2024-11-11 07:00:00,1836.0,1669.7673
2024-11-11 08:00:00,1848.0,1643.6681
2024-11-11 09:00:00,1499.0,1523.1517
2024-11-11 10:00:00,1300.0,1440.767
2024-11-11 11:00:00,1205.0,1394.1073
2024-11-11 12:00:00,1299.0,1368.4714
2024-11-11 13:00:00,1335.0,1392.6827
2024-11-11 14:00:00,1424.0,1441.0767
2024-11-11 15:00:00,1626.0,1780.1299
2024-11-11 16:00:00,2429.0,2411.8354
2024-11-11 17:00:00,2717.0,2461.9744
2024-11-11 18:00:00,1972.0,1902.5851
2024-11-11 19:00:00,1169.0,1045.4861
2024-11-11 20:00:00,713.0,778.9844
2024-11-11 21:00:00,642.0,677.40393
2024-11-11 22:00:00,492.0,562.4401
2024-11-11 23:00:00,266.0,395.732
2024-11-12 00:00:00,114.0,205.96149
2024-11-12 01:00:00,62.0,105.974304
2024-11-12 02:00:00,43.0,88.48645
2024-11-12 03:00:00,46.0,90.77075
2024-11-12 04:00:00,93.0,119.68207
2024-11-12 05:00:00,414.0,287.16693
2024-11-12 06:00:00,1353.0,1017.8963
2024-11-12 07:00:00,1869.0,1712.0908
2024-11-12 08:00:00,1818.0,1626.0261
2024-11-12 09:00:00,1476.0,1498.0728
2024-11-12 10:00:00,1245.0,1408.727
2024-11-12 11:00:00,1211.0,1378.4341
2024-11-12 12:00:00,1293.0,1379.1195
2024-11-12 13:00:00,1393.0,1384.0696
2024-11-12 14:00:00,1414.0,1411.3347
2024-11-12 15:00:00,1811.0,1779.6877
2024-11-12 16:00:00,2600.0,2441.4023
2024-11-12 17:00:00,2823.0,2507.0522
2024-11-12 18:00:00,2125.0,1962.958
2024-11-12 19:00:00,1207.0,1159.3627
2024-11-12 20:00:00,866.0,846.4088
2024-11-12 21:00:00,680.0,724.2057
2024-11-12 22:00:00,585.0,607.62494
2024-11-12 23:00:00,280.0,404.26154
2024-11-13 00:00:00,140.0,222.35742
2024-11-13 01:00:00,67.0,125.15393
2024-11-13 02:00:00,45.0,96.47046
2024-11-13 03:00:00,47.0,92.84839
2024-11-13 04:00:00,121.0,116.028564
2024-11-13 05:00:00,450.0,273.51593
2024-11-13 06:00:00,1394.0,995.0586
2024-11-13 07:00:00,1817.0,1679.296
2024-11-13 08:00:00,1746.0,1628.5836
2024-11-13 09:00:00,1502.0,1514.275
2024-11-13 10:00:00,1358.0,1450.9492
2024-11-13 11:00:00,1350.0,1423.9822
2024-11-13 12:00:00,1430.0,1427.8064
2024-11-13 13:00:00,1542.0,1442.1102
2024-11-13 14:00:00,1738.0,1491.8004
2024-11-13 15:00:00,1979.0,1905.2367
2024-11-13 16:00:00,2621.0,2492.9038
2024-11-13 17:00:00,2730.0,2537.527
2024-11-13 18:00:00,2184.0,2138.4368
2024-11-13 19:00:00,1346.0,1190.4409
2024-11-13 20:00:00,1092.0,866.1193
2024-11-13 21:00:00,900.0,770.9093
2024-11-13 22:00:00,908.0,679.0562
2024-11-13 23:00:00,497.0,451.36194
2024-11-14 00:00:00,192.0,266.89868
2024-11-14 01:00:00,102.0,123.27985
2024-11-14 02:00:00,44.0,95.2865
2024-11-14 03:00:00,57.0,84.653076
2024-11-14 04:00:00,114.0,98.546875
2024-11-14 05:00:00,416.0,243.8316
2024-11-14 06:00:00,1487.0,853.79517
2024-11-14 07:00:00,1969.0,1616.7908
2024-11-14 08:00:00,1864.0,1626.6318
2024-11-14 09:00:00,1620.0,1542.8673
2024-11-14 10:00:00,1429.0,1520.3071
2024-11-14 11:00:00,1409.0,1517.5356
2024-11-14 12:00:00,1452.0,1531.5802
2024-11-14 13:00:00,1527.0,1557.9316
2024-11-14 14:00:00,1746.0,1692.6499
2024-11-14 15:00:00,1959.0,2158.6782
2024-11-14 16:00:00,2736.0,2552.5786
2024-11-14 17:00:00,2875.0,2544.982
2024-11-14 18:00:00,2329.0,2221.6724
2024-11-14 19:00:00,1305.0,1344.9949
2024-11-14 20:00:00,1023.0,938.1336
2024-11-14 21:00:00,801.0,829.9324
2024-11-14 22:00:00,781.0,728.4184
2024-11-14 23:00:00,458.0,551.69794
2024-11-15 00:00:00,201.0,300.89502
2024-11-15 01:00:00,81.0,136.59149
2024-11-15 02:00:00,58.0,90.44202
2024-11-15 03:00:00,56.0,76.93237
2024-11-15 04:00:00,89.0,93.270874
2024-11-15 05:00:00,383.0,177.85242
2024-11-15 06:00:00,1253.0,778.7938
2024-11-15 07:00:00,1742.0,1548.7549
2024-11-15 08:00:00,1646.0,1620.2795
2024-11-15 09:00:00,1563.0,1596.948
2024-11-15 10:00:00,1667.0,1595.3403
2024-11-15 11:00:00,1725.0,1605.5958
2024-11-15 12:00:00,1816.0,1643.7952
2024-11-15 13:00:00,1924.0,1741.5815
2024-11-15 14:00:00,2143.0,2004.9226
2024-11-15 15:00:00,2484.0,2449.0938
2024-11-15 16:00:00,2875.0,2624.0671
2024-11-15 17:00:00,2892.0,2582.9182
2024-11-15 18:00:00,2364.0,2353.9282
2024-11-15 19:00:00,1545.0,1617.0277
2024-11-15 20:00:00,1086.0,1056.5183
2024-11-15 21:00:00,785.0,884.3696
2024-11-15 22:00:00,857.0,770.4496
2024-11-15 23:00:00,1025.0,617.51
2024-11-16 00:00:00,570.0,540.9549
2024-11-16 01:00:00,248.0,374.42883
2024-11-16 02:00:00,139.0,223.23224
2024-11-16 03:00:00,100.0,158.61908
2024-11-16 04:00:00,96.0,146.97443
2024-11-16 05:00:00,164.0,179.05878
2024-11-16 06:00:00,335.0,307.2176
2024-11-16 07:00:00,797.0,768.36975
2024-11-16 08:00:00,1286.0,1377.5933
2024-11-16 09:00:00,1868.0,2020.3145
2024-11-16 10:00:00,2214.0,2154.569
2024-11-16 11:00:00,2218.0,2188.3364
2024-11-16 12:00:00,2024.0,2163.7231
2024-11-16 13:00:00,1956.0,2075.6401
2024-11-16 14:00:00,1855.0,1937.8885
2024-11-16 15:00:00,1884.0,1803.0447
2024-11-16 16:00:00,2001.0,1661.8047
2024-11-16 17:00:00,1956.0,1547.3767
2024-11-16 18:00:00,1563.0,1274.9979
2024-11-16 19:00:00,1076.0,1009.0808
2024-11-16 20:00:00,862.0,853.06226
2024-11-16 21:00:00,786.0,796.7379
2024-11-16 22:00:00,842.0,748.0281
2024-11-16 23:00:00,1001.0,671.5556
2024-11-17 00:00:00,752.0,492.35895
2024-11-17 01:00:00,377.0,379.15717
2024-11-17 02:00:00,199.0,236.7976
2024-11-17 03:00:00,149.0,175.27582
2024-11-17 04:00:00,133.0,163.19073
2024-11-17 05:00:00,123.0,189.2406
2024-11-17 06:00:00,159.0,240.53882
2024-11-17 07:00:00,277.0,419.58087
2024-11-17 08:00:00,645.0,643.0758
2024-11-17 09:00:00,1185.0,1455.1593
2024-11-17 10:00:00,1549.0,1823.4387
2024-11-17 11:00:00,1714.0,1846.4105
2024-11-17 12:00:00,1592.0,1777.2242
2024-11-17 13:00:00,1574.0,1640.1414
2024-11-17 14:00:00,1574.0,1514.0891
2024-11-17 15:00:00,1599.0,1464.7534
2024-11-17 16:00:00,1700.0,1441.7153
2024-11-17 17:00:00,1742.0,1435.521
2024-11-17 18:00:00,1446.0,1248.6401
2024-11-17 19:00:00,1098.0,1043.6779
2024-11-17 20:00:00,909.0,901.2525
2024-11-17 21:00:00,729.0,812.9547
2024-11-17 22:00:00,434.0,693.88306
2024-11-17 23:00:00,324.0,580.3072
2024-11-18 00:00:00,137.0,213.96283
2024-11-18 01:00:00,66.0,109.58844
2024-11-18 02:00:00,50.0,81.497314
2024-11-18 03:00:00,39.0,88.257324
2024-11-18 04:00:00,108.0,142.54724
2024-11-18 05:00:00,496.0,295.30554
2024-11-18 06:00:00,1487.0,1060.9485
2024-11-18 07:00:00,1926.0,1669.3197
2024-11-18 08:00:00,1872.0,1643.3707
2024-11-18 09:00:00,1326.0,1523.498
2024-11-18 10:00:00,1298.0,1440.8871
2024-11-18 11:00:00,1273.0,1393.7926
2024-11-18 12:00:00,1337.0,1366.7961
2024-11-18 13:00:00,1321.0,1363.8494
2024-11-18 14:00:00,1544.0,1417.4495
2024-11-18 15:00:00,1748.0,1800.6956
2024-11-18 16:00:00,2476.0,2408.961
2024-11-18 17:00:00,2802.0,2459.4966
2024-11-18 18:00:00,1986.0,1901.4524
2024-11-18 19:00:00,1122.0,1045.5698
2024-11-18 20:00:00,737.0,779.6449
2024-11-18 21:00:00,611.0,673.9269
2024-11-18 22:00:00,472.0,565.5593
2024-11-18 23:00:00,317.0,397.17114
2024-11-19 00:00:00,119.0,202.3963
2024-11-19 01:00:00,66.0,115.41705
2024-11-19 02:00:00,36.0,88.87598
2024-11-19 03:00:00,43.0,90.15967
2024-11-19 04:00:00,108.0,121.064514
2024-11-19 05:00:00,467.0,300.65002
2024-11-19 06:00:00,1394.0,1061.654
2024-11-19 07:00:00,1868.0,1605.6859
2024-11-19 08:00:00,1734.0,1582.8301
2024-11-19 09:00:00,1367.0,1487.4451
2024-11-19 10:00:00,1258.0,1392.2898
2024-11-19 11:00:00,1262.0,1378.1216
2024-11-19 12:00:00,1330.0,1378.0704
2024-11-19 13:00:00,1431.0,1382.0221
2024-11-19 14:00:00,1507.0,1409.4451
2024-11-19 15:00:00,1844.0,1763.7972
2024-11-19 16:00:00,2575.0,2427.8684
2024-11-19 17:00:00,2750.0,2452.6528
2024-11-19 18:00:00,2256.0,2014.7183
2024-11-19 19:00:00,1199.0,1151.4081
2024-11-19 20:00:00,826.0,849.8289
2024-11-19 21:00:00,677.0,722.42554
2024-11-19 22:00:00,600.0,607.7383
2024-11-19 23:00:00,355.0,412.86755
2024-11-20 00:00:00,128.0,224.63324
2024-11-20 01:00:00,69.0,156.78229
2024-11-20 02:00:00,42.0,134.84454
2024-11-20 03:00:00,53.0,84.59961
2024-11-20 04:00:00,111.0,110.9137
2024-11-20 05:00:00,422.0,329.55676
2024-11-20 06:00:00,1399.0,1053.9021
2024-11-20 07:00:00,1700.0,1610.345
2024-11-20 08:00:00,1599.0,1588.4891
2024-11-20 09:00:00,1345.0,1521.0043
2024-11-20 10:00:00,1335.0,1483.8745
2024-11-20 11:00:00,1412.0,1424.1017
2024-11-20 12:00:00,1461.0,1424.6768
2024-11-20 13:00:00,1506.0,1441.2822
2024-11-20 14:00:00,1611.0,1493.2053
2024-11-20 15:00:00,1869.0,1910.6165
2024-11-20 16:00:00,2639.0,2494.4233
2024-11-20 17:00:00,1913.0,2540.495
2024-11-20 18:00:00,2001.0,2058.3691
2024-11-20 19:00:00,1212.0,1186.1262
2024-11-20 20:00:00,843.0,865.3695
2024-11-20 21:00:00,760.0,769.47015
2024-11-20 22:00:00,627.0,678.14294
2024-11-20 23:00:00,408.0,449.83557
2024-11-21 00:00:00,158.0,266.67474
2024-11-21 01:00:00,90.0,123.660034
2024-11-21 02:00:00,44.0,96.541016
2024-11-21 03:00:00,44.0,84.56836
2024-11-21 04:00:00,109.0,98.72272
2024-11-21 05:00:00,416.0,249.72382
2024-11-21 06:00:00,1417.0,866.06995
2024-11-21 07:00:00,1837.0,1618.5248
2024-11-21 08:00:00,1688.0,1641.8044
2024-11-21 09:00:00,1296.0,1544.9998
2024-11-21 10:00:00,1363.0,1519.1332
2024-11-21 11:00:00,1304.0,1517.4438
2024-11-21 12:00:00,1395.0,1529.7528
2024-11-21 13:00:00,1547.0,1560.2743
2024-11-21 14:00:00,1711.0,1670.4084
2024-11-21 15:00:00,1780.0,2214.9707
2024-11-21 16:00:00,877.0,2471.7935
2024-11-21 17:00:00,1291.0,2235.6187
2024-11-21 18:00:00,1101.0,1881.5139
2024-11-21 19:00:00,1017.0,1217.9437
2024-11-21 20:00:00,932.0,929.52637
2024-11-21 21:00:00,591.0,776.32947
2024-11-21 22:00:00,431.0,705.71027
2024-11-21 23:00:00,609.0,621.2207
2024-11-22 00:00:00,214.0,473.35217
2024-11-22 01:00:00,102.0,262.29846
2024-11-22 02:00:00,96.0,138.08923
2024-11-22 03:00:00,79.0,70.497925
2024-11-22 04:00:00,94.0,101.3833
2024-11-22 05:00:00,309.0,187.81567
2024-11-22 06:00:00,802.0,764.1594
2024-11-22 07:00:00,1233.0,1546.7429
2024-11-22 08:00:00,1129.0,1619.6144
2024-11-22 09:00:00,1148.0,1577.9537
2024-11-22 10:00:00,1335.0,1580.1936
2024-11-22 11:00:00,1406.0,1592.6335
2024-11-22 12:00:00,1443.0,1641.8197
2024-11-22 13:00:00,1638.0,1752.023
2024-11-22 14:00:00,1900.0,2049.4158
2024-11-22 15:00:00,2254.0,2435.712
2024-11-22 16:00:00,1914.0,2632.0027
2024-11-22 17:00:00,1872.0,2591.8875
2024-11-22 18:00:00,1772.0,2361.0803
2024-11-22 19:00:00,1189.0,1641.0789
2024-11-22 20:00:00,780.0,1057.4944
2024-11-22 21:00:00,714.0,886.9159
2024-11-22 22:00:00,694.0,771.95776
2024-11-22 23:00:00,707.0,618.47327
2024-11-23 00:00:00,433.0,541.5251
2024-11-23 01:00:00,215.0,374.95447
2024-11-23 02:00:00,115.0,223.50165
2024-11-23 03:00:00,90.0,158.20587
2024-11-23 04:00:00,101.0,146.63812
2024-11-23 05:00:00,152.0,179.02979
2024-11-23 06:00:00,338.0,306.76227
2024-11-23 07:00:00,673.0,743.3367
2024-11-23 08:00:00,1044.0,1463.1371
2024-11-23 09:00:00,1387.0,2055.0352
2024-11-23 10:00:00,1802.0,2152.1116
2024-11-23 11:00:00,1869.0,2130.7065
2024-11-23 12:00:00,1769.0,2082.108
2024-11-23 13:00:00,1691.0,2018.3269
2024-11-23 14:00:00,1693.0,1892.7463
2024-11-23 15:00:00,1613.0,1752.6666
2024-11-23 16:00:00,1723.0,1663.6641
2024-11-23 17:00:00,1758.0,1546.2799
2024-11-23 18:00:00,1407.0,1275.2095
2024-11-23 19:00:00,907.0,1004.66425
2024-11-23 20:00:00,803.0,851.17224
2024-11-23 21:00:00,818.0,794.9836
2024-11-23 22:00:00,850.0,748.4363
2024-11-23 23:00:00,908.0,671.6158
2024-11-24 00:00:00,625.0,492.42273
2024-11-24 01:00:00,354.0,379.17645
2024-11-24 02:00:00,206.0,238.2608
2024-11-24 03:00:00,150.0,177.75153
2024-11-24 04:00:00,102.0,165.49945
2024-11-24 05:00:00,104.0,189.87482
2024-11-24 06:00:00,184.0,241.26666
2024-11-24 07:00:00,336.0,416.6621
2024-11-24 08:00:00,602.0,639.9612
2024-11-24 09:00:00,973.0,1449.8062
2024-11-24 10:00:00,1342.0,1721.4651
2024-11-24 11:00:00,1582.0,1741.8977
2024-11-24 12:00:00,1481.0,1670.615
2024-11-24 13:00:00,1467.0,1603.0562
2024-11-24 14:00:00,1409.0,1513.7754
2024-11-24 15:00:00,1458.0,1464.1145
2024-11-24 16:00:00,1588.0,1441.7108
2024-11-24 17:00:00,1658.0,1440.1573
2024-11-24 18:00:00,1297.0,1244.7842
2024-11-24 19:00:00,986.0,1032.6757
2024-11-24 20:00:00,928.0,895.72894
2024-11-24 21:00:00,807.0,813.3645
2024-11-24 22:00:00,410.0,691.2351
2024-11-24 23:00:00,283.0,582.95825
2024-11-25 00:00:00,125.0,214.51227
2024-11-25 01:00:00,48.0,113.16821
2024-11-25 02:00:00,41.0,81.67078
2024-11-25 03:00:00,40.0,88.38562
2024-11-25 04:00:00,101.0,143.453
2024-11-25 05:00:00,441.0,295.4535
2024-11-25 06:00:00,1448.0,1060.6592
2024-11-25 07:00:00,1799.0,1666.5096
2024-11-25 08:00:00,1754.0,1689.0134
2024-11-25 09:00:00,1434.0,1605.0457
2024-11-25 10:00:00,1411.0,1517.8562
2024-11-25 11:00:00,1393.0,1443.499
2024-11-25 12:00:00,1324.0,1403.4854
2024-11-25 13:00:00,1412.0,1387.7173
2024-11-25 14:00:00,1432.0,1436.2095
2024-11-25 15:00:00,1825.0,1792.2229
2024-11-25 16:00:00,2490.0,2406.3447
2024-11-25 17:00:00,2639.0,2447.3076
2024-11-25 18:00:00,1932.0,1897.9971
2024-11-25 19:00:00,1164.0,1036.4109
2024-11-25 20:00:00,774.0,782.5939
2024-11-25 21:00:00,652.0,670.6549
2024-11-25 22:00:00,607.0,563.94446
2024-11-25 23:00:00,430.0,396.65515
2024-11-26 00:00:00,176.0,202.24127
2024-11-26 01:00:00,84.0,108.416565
2024-11-26 02:00:00,52.0,88.29187
2024-11-26 03:00:00,56.0,104.41217
2024-11-26 04:00:00,107.0,121.86743
2024-11-26 05:00:00,409.0,285.95294
2024-11-26 06:00:00,1314.0,1019.1036
2024-11-26 07:00:00,1761.0,1709.5881
2024-11-26 08:00:00,1728.0,1626.8262
2024-11-26 09:00:00,1538.0,1523.4551
2024-11-26 10:00:00,1553.0,1470.8629
2024-11-26 11:00:00,1549.0,1418.5598
2024-11-26 12:00:00,1539.0,1392.2596
2024-11-26 13:00:00,1616.0,1380.7053
2024-11-26 14:00:00,1728.0,1409.0516
2024-11-26 15:00:00,2000.0,1759.8447
2024-11-26 16:00:00,2562.0,2439.6208
2024-11-26 17:00:00,2716.0,2506.7476
2024-11-26 18:00:00,2217.0,1959.1323
2024-11-26 19:00:00,1421.0,1161.2805
2024-11-26 20:00:00,970.0,847.4072
2024-11-26 21:00:00,760.0,723.5961
2024-11-26 22:00:00,642.0,606.6072
2024-11-26 23:00:00,330.0,404.69434
2024-11-27 00:00:00,159.0,222.20477
2024-11-27 01:00:00,76.0,125.38226
2024-11-27 02:00:00,51.0,96.96985
2024-11-27 03:00:00,50.0,92.88867
2024-11-27 04:00:00,125.0,115.221985
2024-11-27 05:00:00,435.0,272.80603
2024-11-27 06:00:00,1338.0,993.802
2024-11-27 07:00:00,1832.0,1679.8577
2024-11-27 08:00:00,1820.0,1629.5714
2024-11-27 09:00:00,1497.0,1536.3246
2024-11-27 10:00:00,1505.0,1504.2777
2024-11-27 11:00:00,1452.0,1456.5132
2024-11-27 12:00:00,1451.0,1441.3857
2024-11-27 13:00:00,1592.0,1453.9226
2024-11-27 14:00:00,1774.0,1506.167
2024-11-27 15:00:00,2058.0,1916.8843
2024-11-27 16:00:00,2639.0,2483.7876
2024-11-27 17:00:00,2863.0,2533.4697
2024-11-27 18:00:00,2219.0,2045.2834
2024-11-27 19:00:00,1401.0,1168.741
2024-11-27 20:00:00,937.0,869.9103
2024-11-27 21:00:00,791.0,777.44257
2024-11-27 22:00:00,755.0,678.9612
2024-11-27 23:00:00,471.0,453.27893
2024-11-28 00:00:00,175.0,266.89667
2024-11-28 01:00:00,86.0,123.95715
2024-11-28 02:00:00,59.0,75.752075
2024-11-28 03:00:00,52.0,77.14575
2024-11-28 04:00:00,98.0,103.40747
2024-11-28 05:00:00,434.0,247.80945
2024-11-28 06:00:00,1353.0,898.6937
2024-11-28 07:00:00,1836.0,1492.9303
2024-11-28 08:00:00,1825.0,1573.7146
2024-11-28 09:00:00,1482.0,1529.2996
2024-11-28 10:00:00,1414.0,1523.3262
2024-11-28 11:00:00,1363.0,1497.8892
2024-11-28 12:00:00,1506.0,1510.9966
2024-11-28 13:00:00,1563.0,1552.613
2024-11-28 14:00:00,1773.0,1686.6727
2024-11-28 15:00:00,2120.0,2131.6174
2024-11-28 16:00:00,2616.0,2556.7861
2024-11-28 17:00:00,2549.0,2547.2104
2024-11-28 18:00:00,2140.0,2224.1558
2024-11-28 19:00:00,1390.0,1348.6903
2024-11-28 20:00:00,993.0,939.33624
2024-11-28 21:00:00,858.0,828.4187
2024-11-28 22:00:00,906.0,727.36237
2024-11-28 23:00:00,622.0,551.067
2024-11-29 00:00:00,257.0,301.8377
2024-11-29 01:00:00,114.0,136.29651
2024-11-29 02:00:00,71.0,89.74402
2024-11-29 03:00:00,60.0,76.020386
2024-11-29 04:00:00,121.0,92.71216
2024-11-29 05:00:00,393.0,183.1123
2024-11-29 06:00:00,1331.0,764.31866
2024-11-29 07:00:00,1797.0,1546.5858
2024-11-29 08:00:00,1716.0,1614.206
2024-11-29 09:00:00,1591.0,1576.3004
2024-11-29 10:00:00,1634.0,1578.9933
2024-11-29 11:00:00,1757.0,1592.6329
2024-11-29 12:00:00,1769.0,1637.859
2024-11-29 13:00:00,2190.0,1736.1907
2024-11-29 14:00:00,2278.0,2005.1487
2024-11-29 15:00:00,2524.0,2471.4238
2024-11-29 16:00:00,2845.0,2627.9968
2024-11-29 17:00:00,2447.0,2587.7227
2024-11-29 18:00:00,2339.0,2356.9634
2024-11-29 19:00:00,1638.0,1630.9427
2024-11-29 20:00:00,1326.0,1056.3632
2024-11-29 21:00:00,1014.0,884.7441
2024-11-29 22:00:00,1112.0,771.1885
2024-11-29 23:00:00,1021.0,616.92114
2024-11-30 00:00:00,559.0,540.312
2024-11-30 01:00:00,326.0,375.0595
2024-11-30 02:00:00,183.0,223.63043
2024-11-30 03:00:00,112.0,158.276
2024-11-30 04:00:00,126.0,146.83484
2024-11-30 05:00:00,187.0,178.16125
2024-11-30 06:00:00,431.0,303.5094
2024-11-30 07:00:00,874.0,758.01
2024-11-30 08:00:00,1260.0,1362.3817
2024-11-30 09:00:00,1813.0,1870.9314
2024-11-30 10:00:00,2202.0,2078.9878
2024-11-30 11:00:00,2183.0,2108.4075
2024-11-30 12:00:00,2091.0,2078.4922
2024-11-30 13:00:00,2007.0,2010.8278
2024-11-30 14:00:00,1949.0,1890.5898
2024-11-30 15:00:00,1824.0,1751.3374
2024-11-30 16:00:00,2030.0,1662.4023
2024-11-30 17:00:00,1899.0,1544.987
2024-11-30 18:00:00,1593.0,1273.289
2024-11-30 19:00:00,1115.0,1002.7344
2024-11-30 20:00:00,998.0,850.4548
2024-11-30 21:00:00,918.0,794.16376
2024-11-30 22:00:00,963.0,748.1571
2024-11-30 23:00:00,1029.0,671.5354
2024-12-01 00:00:00,711.0,494.90778
2024-12-01 01:00:00,412.0,381.99243
2024-12-01 02:00:00,247.0,238.47333
2024-12-01 03:00:00,180.0,172.94446
2024-12-01 04:00:00,127.0,163.1958
2024-12-01 05:00:00,134.0,189.4314
2024-12-01 06:00:00,202.0,239.39911
2024-12-01 07:00:00,409.0,421.27533
2024-12-01 08:00:00,663.0,666.5685
2024-12-01 09:00:00,1113.0,1145.5985
2024-12-01 10:00:00,1510.0,1639.9799
2024-12-01 11:00:00,1655.0,1715.946
2024-12-01 12:00:00,1497.0,1758.9695
2024-12-01 13:00:00,1548.0,1687.3889
2024-12-01 14:00:00,1580.0,1562.4565
2024-12-01 15:00:00,1547.0,1483.9896
2024-12-01 16:00:00,1603.0,1443.7844
2024-12-01 17:00:00,1759.0,1450.3765
2024-12-01 18:00:00,1527.0,1238.4119
2024-12-01 19:00:00,1316.0,1018.0217
2024-12-01 20:00:00,1053.0,889.7246
2024-12-01 21:00:00,877.0,812.4657
2024-12-01 22:00:00,515.0,696.3014
2024-12-01 23:00:00,337.0,590.35846
2024-12-02 00:00:00,122.0,219.09949
2024-12-02 01:00:00,53.0,113.76343
2024-12-02 02:00:00,38.0,83.111084
2024-12-02 03:00:00,44.0,90.02283
2024-12-02 04:00:00,98.0,153.95056
2024-12-02 05:00:00,464.0,311.44562
2024-12-02 06:00:00,1446.0,1109.1708
2024-12-02 07:00:00,1846.0,1669.2625
2024-12-02 08:00:00,1801.0,1640.4216
2024-12-02 09:00:00,1379.0,1517.3157
2024-12-02 10:00:00,1279.0,1435.8903
2024-12-02 11:00:00,1311.0,1391.1162
2024-12-02 12:00:00,1238.0,1368.4941
2024-12-02 13:00:00,1337.0,1365.5623
2024-12-02 14:00:00,1517.0,1414.0062
2024-12-02 15:00:00,1755.0,1786.616
2024-12-02 16:00:00,2487.0,2397.291
2024-12-02 17:00:00,2680.0,2470.7478
2024-12-02 18:00:00,2026.0,1931.3259
2024-12-02 19:00:00,1156.0,1025.7601
2024-12-02 20:00:00,818.0,792.331
2024-12-02 21:00:00,620.0,689.4119
2024-12-02 22:00:00,565.0,578.59125
2024-12-02 23:00:00,270.0,409.80615
2024-12-03 00:00:00,145.0,209.02527
2024-12-03 01:00:00,84.0,106.85724
2024-12-03 02:00:00,44.0,91.31836
2024-12-03 03:00:00,40.0,93.46753
2024-12-03 04:00:00,101.0,125.30878
2024-12-03 05:00:00,451.0,317.46625
2024-12-03 06:00:00,1370.0,1103.8779
2024-12-03 07:00:00,1831.0,1607.1115
2024-12-03 08:00:00,1831.0,1576.1575
2024-12-03 09:00:00,1445.0,1492.5647
2024-12-03 10:00:00,1270.0,1404.6859
2024-12-03 11:00:00,1318.0,1378.5613
2024-12-03 12:00:00,1295.0,1379.1434
2024-12-03 13:00:00,1436.0,1383.8846
2024-12-03 14:00:00,1558.0,1409.8019
2024-12-03 15:00:00,1962.0,1767.1509
2024-12-03 16:00:00,2632.0,2432.3257
2024-12-03 17:00:00,2804.0,2516.5725
2024-12-03 18:00:00,2193.0,2016.4077
2024-12-03 19:00:00,1226.0,1188.464
2024-12-03 20:00:00,879.0,851.48157
2024-12-03 21:00:00,676.0,725.7471
2024-12-03 22:00:00,705.0,609.82043
2024-12-03 23:00:00,450.0,406.2057
2024-12-04 00:00:00,172.0,227.6048
2024-12-04 01:00:00,86.0,127.47809
2024-12-04 02:00:00,48.0,99.00244
2024-12-04 03:00:00,55.0,94.08301
2024-12-04 04:00:00,101.0,120.14191
2024-12-04 05:00:00,459.0,284.01392
2024-12-04 06:00:00,1415.0,1084.0845
2024-12-04 07:00:00,1771.0,1571.3416
2024-12-04 08:00:00,1706.0,1623.5681
2024-12-04 09:00:00,1522.0,1492.2324
2024-12-04 10:00:00,1435.0,1447.4683
2024-12-04 11:00:00,1417.0,1420.7645
2024-12-04 12:00:00,1525.0,1425.4716
2024-12-04 13:00:00,1630.0,1439.5903
2024-12-04 14:00:00,1742.0,1486.4668
2024-12-04 15:00:00,1959.0,1892.2146
2024-12-04 16:00:00,2670.0,2493.849
2024-12-04 17:00:00,2584.0,2514.4775
2024-12-04 18:00:00,2214.0,2186.2158
2024-12-04 19:00:00,1249.0,1207.0055
2024-12-04 20:00:00,880.0,868.53033
2024-12-04 21:00:00,773.0,769.58496
2024-12-04 22:00:00,717.0,676.9159
2024-12-04 23:00:00,436.0,453.19775
2024-12-05 00:00:00,210.0,271.60034
2024-12-05 01:00:00,85.0,123.86218
2024-12-05 02:00:00,54.0,97.6897
2024-12-05 03:00:00,50.0,86.12219
2024-12-05 04:00:00,114.0,100.95215
2024-12-05 05:00:00,438.0,259.7213
2024-12-05 06:00:00,1437.0,919.8687
2024-12-05 07:00:00,1908.0,1627.6007
2024-12-05 08:00:00,1859.0,1650.5231
2024-12-05 09:00:00,1408.0,1577.7705
2024-12-05 10:00:00,1428.0,1548.3762
2024-12-05 11:00:00,1565.0,1541.5801
2024-12-05 12:00:00,1511.0,1539.5106
2024-12-05 13:00:00,1522.0,1553.7551
2024-12-05 14:00:00,1732.0,1679.1407
2024-12-05 15:00:00,2052.0,2149.6724
2024-12-05 16:00:00,2660.0,2560.2366
2024-12-05 17:00:00,2710.0,2553.8271
2024-12-05 18:00:00,2117.0,2253.7573
2024-12-05 19:00:00,1398.0,1353.8567
2024-12-05 20:00:00,1008.0,920.37646
2024-12-05 21:00:00,808.0,829.82935
2024-12-05 22:00:00,859.0,728.19434
2024-12-05 23:00:00,598.0,549.2426
2024-12-06 00:00:00,273.0,301.85748
2024-12-06 01:00:00,125.0,136.87677
2024-12-06 02:00:00,64.0,120.21362
2024-12-06 03:00:00,86.0,105.05951
2024-12-06 04:00:00,113.0,120.08374
2024-12-06 05:00:00,396.0,225.43091
2024-12-06 06:00:00,1261.0,823.7444
2024-12-06 07:00:00,1666.0,1418.905
2024-12-06 08:00:00,1641.0,1599.8762
2024-12-06 09:00:00,1435.0,1571.2344
2024-12-06 10:00:00,1608.0,1576.1427
2024-12-06 11:00:00,1676.0,1597.0155
2024-12-06 12:00:00,1770.0,1634.0719
2024-12-06 13:00:00,2025.0,1743.8945
2024-12-06 14:00:00,2192.0,2000.7855
2024-12-06 15:00:00,2574.0,2459.1333
2024-12-06 16:00:00,2998.0,2619.427
2024-12-06 17:00:00,2784.0,2578.9556
2024-12-06 18:00:00,2201.0,2350.226
2024-12-06 19:00:00,1532.0,1629.581
2024-12-06 20:00:00,1195.0,1056.4119
2024-12-06 21:00:00,942.0,881.3587
2024-12-06 22:00:00,953.0,768.4269
2024-12-06 23:00:00,898.0,615.7638
2024-12-07 00:00:00,581.0,541.272
2024-12-07 01:00:00,276.0,376.82703
2024-12-07 02:00:00,143.0,227.37518
2024-12-07 03:00:00,112.0,160.90582
2024-12-07 04:00:00,120.0,149.48651
2024-12-07 05:00:00,181.0,179.73578
2024-12-07 06:00:00,366.0,307.6809
2024-12-07 07:00:00,781.0,781.52313
2024-12-07 08:00:00,1110.0,1367.7683
2024-12-07 09:00:00,1596.0,1871.6702
2024-12-07 10:00:00,1982.0,2097.0894
2024-12-07 11:00:00,1858.0,2117.3384
2024-12-07 12:00:00,1900.0,2091.2231
2024-12-07 13:00:00,1685.0,1959.0906
2024-12-07 14:00:00,1908.0,1828.3728
2024-12-07 15:00:00,1789.0,1752.202
2024-12-07 16:00:00,1982.0,1658.6873
2024-12-07 17:00:00,1781.0,1549.97
2024-12-07 18:00:00,1380.0,1277.3456
2024-12-07 19:00:00,962.0,935.5562
2024-12-07 20:00:00,877.0,854.09607
2024-12-07 21:00:00,801.0,799.2932
2024-12-07 22:00:00,878.0,743.3058
2024-12-07 23:00:00,930.0,666.3075
2024-12-08 00:00:00,682.0,530.20294
2024-12-08 01:00:00,355.0,446.23297
2024-12-08 02:00:00,215.0,378.15375
2024-12-08 03:00:00,170.0,335.51477
2024-12-08 04:00:00,117.0,325.4442
2024-12-08 05:00:00,131.0,339.93994
2024-12-08 06:00:00,184.0,389.75238
2024-12-08 07:00:00,333.0,538.7335
2024-12-08 08:00:00,605.0,840.33203
2024-12-08 09:00:00,981.0,1244.6433
2024-12-08 10:00:00,1435.0,1579.0315
2024-12-08 11:00:00,1515.0,1674.9332
2024-12-08 12:00:00,1522.0,1679.648
2024-12-08 13:00:00,1624.0,1643.954
2024-12-08 14:00:00,1551.0,1599.5641
2024-12-08 15:00:00,1522.0,1538.8683
2024-12-08 16:00:00,1719.0,1514.8452
2024-12-08 17:00:00,1728.0,1410.004
2024-12-08 18:00:00,1427.0,1240.6012
2024-12-08 19:00:00,1127.0,1111.7875
2024-12-08 20:00:00,937.0,956.2044
2024-12-08 21:00:00,769.0,820.8362
2024-12-08 22:00:00,508.0,713.7328
2024-12-08 23:00:00,301.0,615.34454
2024-12-09 00:00:00,119.0,229.52844
2024-12-09 01:00:00,56.0,111.9328
2024-12-09 02:00:00,29.0,79.24182
2024-12-09 03:00:00,51.0,89.91443
2024-12-09 04:00:00,113.0,154.63043
2024-12-09 05:00:00,445.0,313.84534
2024-12-09 06:00:00,1489.0,1110.0247
2024-12-09 07:00:00,1819.0,1667.6724
2024-12-09 08:00:00,1807.0,1639.3718
2024-12-09 09:00:00,1374.0,1517.466
2024-12-09 10:00:00,1302.0,1435.9395
2024-12-09 11:00:00,1344.0,1390.8182
2024-12-09 12:00:00,1367.0,1369.7378
2024-12-09 13:00:00,1386.0,1369.3616
2024-12-09 14:00:00,1603.0,1420.921
2024-12-09 15:00:00,1754.0,1811.5554
2024-12-09 16:00:00,2561.0,2393.6729
2024-12-09 17:00:00,2590.0,2480.7573
2024-12-09 18:00:00,1992.0,1929.6292
2024-12-09 19:00:00,1091.0,1080.5012
2024-12-09 20:00:00,780.0,781.506
2024-12-09 21:00:00,639.0,683.4595
2024-12-09 22:00:00,525.0,570.4026
2024-12-09 23:00:00,303.0,400.95972
2024-12-10 00:00:00,116.0,207.41089
2024-12-10 01:00:00,59.0,118.111084
2024-12-10 02:00:00,40.0,89.863525
2024-12-10 03:00:00,50.0,93.38037
2024-12-10 04:00:00,111.0,125.32233
2024-12-10 05:00:00,437.0,298.4746
2024-12-10 06:00:00,1395.0,1067.187
2024-12-10 07:00:00,1859.0,1710.0638
2024-12-10 08:00:00,1775.0,1615.4756
2024-12-10 09:00:00,1522.0,1489.0388
2024-12-10 10:00:00,1401.0,1404.5927
2024-12-10 11:00:00,1403.0,1379.4604
2024-12-10 12:00:00,1411.0,1381.3569
2024-12-10 13:00:00,1458.0,1386.4026
2024-12-10 14:00:00,1670.0,1416.8583
2024-12-10 15:00:00,1959.0,1783.987
2024-12-10 16:00:00,2676.0,2432.6157
2024-12-10 17:00:00,2791.0,2518.3926
2024-12-10 18:00:00,2235.0,2018.3163
2024-12-10 19:00:00,1248.0,1191.3749
2024-12-10 20:00:00,841.0,851.70074
2024-12-10 21:00:00,734.0,726.1884
2024-12-10 22:00:00,686.0,610.1482
2024-12-10 23:00:00,416.0,405.9839
2024-12-11 00:00:00,159.0,228.11127
2024-12-11 01:00:00,73.0,127.69232
2024-12-11 02:00:00,59.0,98.56287
2024-12-11 03:00:00,44.0,93.83862
2024-12-11 04:00:00,107.0,121.30438
2024-12-11 05:00:00,441.0,284.27338
2024-12-11 06:00:00,1415.0,1042.5316
2024-12-11 07:00:00,1844.0,1687.4077
2024-12-11 08:00:00,1849.0,1623.882
2024-12-11 09:00:00,1592.0,1509.8207
2024-12-11 10:00:00,1525.0,1447.9486
2024-12-11 11:00:00,1578.0,1421.7551
2024-12-11 12:00:00,1572.0,1425.8951
2024-12-11 13:00:00,1623.0,1440.3206
2024-12-11 14:00:00,1744.0,1490.5422
2024-12-11 15:00:00,2007.0,1901.4099
2024-12-11 16:00:00,2683.0,2496.1438
2024-12-11 17:00:00,2729.0,2549.113
2024-12-11 18:00:00,2090.0,2103.3193
2024-12-11 19:00:00,1351.0,1204.4608
2024-12-11 20:00:00,906.0,869.42096
2024-12-11 21:00:00,785.0,771.2803
2024-12-11 22:00:00,716.0,677.2329
2024-12-11 23:00:00,547.0,453.90112
2024-12-12 00:00:00,191.0,272.1316
2024-12-12 01:00:00,84.0,123.897095
2024-12-12 02:00:00,48.0,97.09094
2024-12-12 03:00:00,52.0,86.273315
2024-12-12 04:00:00,110.0,100.824585
2024-12-12 05:00:00,449.0,256.49524
2024-12-12 06:00:00,1505.0,914.0373
2024-12-12 07:00:00,1932.0,1628.7874
2024-12-12 08:00:00,2008.0,1626.2504
2024-12-12 09:00:00,1682.0,1540.0873
2024-12-12 10:00:00,1566.0,1514.9779
2024-12-12 11:00:00,1621.0,1512.405
2024-12-12 12:00:00,1632.0,1524.7299
2024-12-12 13:00:00,1726.0,1556.2097
2024-12-12 14:00:00,1881.0,1677.9991
2024-12-12 15:00:00,2115.0,2159.8953
2024-12-12 16:00:00,2779.0,2561.6577
2024-12-12 17:00:00,2838.0,2556.7422
2024-12-12 18:00:00,2121.0,2262.5642
2024-12-12 19:00:00,1391.0,1368.3374
2024-12-12 20:00:00,1015.0,944.7903
2024-12-12 21:00:00,918.0,827.9332
2024-12-12 22:00:00,936.0,727.9134
2024-12-12 23:00:00,691.0,551.8981
2024-12-13 00:00:00,308.0,304.22308
2024-12-13 01:00:00,135.0,137.67914
2024-12-13 02:00:00,76.0,88.83545
2024-12-13 03:00:00,69.0,75.89758
2024-12-13 04:00:00,113.0,94.77734
2024-12-13 05:00:00,397.0,193.99115
2024-12-13 06:00:00,1367.0,800.777
2024-12-13 07:00:00,1865.0,1563.1876
2024-12-13 08:00:00,1781.0,1612.8358
2024-12-13 09:00:00,1782.0,1571.6211
2024-12-13 10:00:00,1828.0,1575.2546
2024-12-13 11:00:00,1886.0,1586.9982
2024-12-13 12:00:00,2004.0,1634.758
2024-12-13 13:00:00,2123.0,1740.3301
2024-12-13 14:00:00,2444.0,2020.0773
2024-12-13 15:00:00,2701.0,2464.2979
2024-12-13 16:00:00,3069.0,2638.5684
2024-12-13 17:00:00,2891.0,2601.5579
2024-12-13 18:00:00,2192.0,2376.938
2024-12-13 19:00:00,1763.0,1669.5502
2024-12-13 20:00:00,1302.0,1061.826
2024-12-13 21:00:00,929.0,888.8468
2024-12-13 22:00:00,922.0,773.6432
2024-12-13 23:00:00,963.0,622.6834
2024-12-14 00:00:00,626.0,544.3888
2024-12-14 01:00:00,314.0,378.64807
2024-12-14 02:00:00,205.0,227.03314
2024-12-14 03:00:00,115.0,159.35742
2024-12-14 04:00:00,157.0,147.82587
2024-12-14 05:00:00,182.0,179.54437
2024-12-14 06:00:00,425.0,305.86066
2024-12-14 07:00:00,1014.0,765.136
2024-12-14 08:00:00,1294.0,1390.4735
2024-12-14 09:00:00,1729.0,1891.2058
2024-12-14 10:00:00,2156.0,2083.4932
2024-12-14 11:00:00,2046.0,2111.4614
2024-12-14 12:00:00,2012.0,2083.0615
2024-12-14 13:00:00,2018.0,1960.9869
2024-12-14 14:00:00,1923.0,1865.089
2024-12-14 15:00:00,1877.0,1749.282
2024-12-14 16:00:00,1805.0,1678.3999
2024-12-14 17:00:00,1792.0,1569.4517
2024-12-14 18:00:00,1490.0,1280.5022
2024-12-14 19:00:00,997.0,1004.3572
2024-12-14 20:00:00,891.0,831.883
2024-12-14 21:00:00,795.0,793.22034
2024-12-14 22:00:00,849.0,733.86176
2024-12-14 23:00:00,898.0,670.02637
2024-12-15 00:00:00,619.0,493.99902
2024-12-15 01:00:00,366.0,383.43097
2024-12-15 02:00:00,222.0,241.96051
2024-12-15 03:00:00,145.0,177.98724
2024-12-15 04:00:00,133.0,167.16876
2024-12-15 05:00:00,93.0,190.0614
2024-12-15 06:00:00,191.0,241.25116
2024-12-15 07:00:00,441.0,416.597
2024-12-15 08:00:00,593.0,651.2593
2024-12-15 09:00:00,1091.0,1110.9377
2024-12-15 10:00:00,1481.0,1564.8706
2024-12-15 11:00:00,1617.0,1665.5005
2024-12-15 12:00:00,1679.0,1666.2948
2024-12-15 13:00:00,1709.0,1605.4713
2024-12-15 14:00:00,1693.0,1519.4796
2024-12-15 15:00:00,1660.0,1468.9801
2024-12-15 16:00:00,1683.0,1443.3462
2024-12-15 17:00:00,1673.0,1449.772
2024-12-15 18:00:00,1375.0,1239.9542
2024-12-15 19:00:00,1257.0,1025.1007
2024-12-15 20:00:00,1064.0,893.6504
2024-12-15 21:00:00,703.0,813.4607
2024-12-15 22:00:00,504.0,693.5022
2024-12-15 23:00:00,350.0,585.5189
2024-12-16 00:00:00,160.0,218.9649
2024-12-16 01:00:00,76.0,113.21869
2024-12-16 02:00:00,47.0,83.5061
2024-12-16 03:00:00,51.0,90.72485
2024-12-16 04:00:00,97.0,151.0965
2024-12-16 05:00:00,371.0,312.34558
2024-12-16 06:00:00,1192.0,1110.6339
2024-12-16 07:00:00,1920.0,1668.0253
2024-12-16 08:00:00,1840.0,1649.9812
2024-12-16 09:00:00,1468.0,1596.8894
2024-12-16 10:00:00,1504.0,1509.9192
2024-12-16 11:00:00,1541.0,1438.7428
2024-12-16 12:00:00,1370.0,1404.3295
2024-12-16 13:00:00,1505.0,1395.6077
2024-12-16 14:00:00,1566.0,1443.013
2024-12-16 15:00:00,1930.0,1807.1792
2024-12-16 16:00:00,2490.0,2397.0469
2024-12-16 17:00:00,2559.0,2478.5107
2024-12-16 18:00:00,1954.0,1930.926
2024-12-16 19:00:00,1170.0,1079.8451
2024-12-16 20:00:00,835.0,782.6993
2024-12-16 21:00:00,668.0,684.00745
2024-12-16 22:00:00,545.0,570.6834
2024-12-16 23:00:00,358.0,401.1977
2024-12-17 00:00:00,124.0,207.79565
2024-12-17 01:00:00,76.0,118.20813
2024-12-17 02:00:00,41.0,90.06531
2024-12-17 03:00:00,44.0,93.52319
2024-12-17 04:00:00,113.0,125.36957
2024-12-17 05:00:00,452.0,298.1953
2024-12-17 06:00:00,1384.0,1068.5142
2024-12-17 07:00:00,1932.0,1710.0607
2024-12-17 08:00:00,1844.0,1635.7643
2024-12-17 09:00:00,1653.0,1576.6086
2024-12-17 10:00:00,1491.0,1471.0684
2024-12-17 11:00:00,1482.0,1414.6825
2024-12-17 12:00:00,1434.0,1378.4215
2024-12-17 13:00:00,1586.0,1392.8657
2024-12-17 14:00:00,1676.0,1431.7001
2024-12-17 15:00:00,2047.0,1764.9863
2024-12-17 16:00:00,2715.0,2436.9907
2024-12-17 17:00:00,2726.0,2516.7764
2024-12-17 18:00:00,1928.0,2012.8497
2024-12-17 19:00:00,1232.0,1185.42
2024-12-17 20:00:00,952.0,853.19
2024-12-17 21:00:00,709.0,726.2704
2024-12-17 22:00:00,714.0,610.4157
2024-12-17 23:00:00,444.0,407.95917
2024-12-18 00:00:00,172.0,228.55048
2024-12-18 01:00:00,82.0,128.00922
2024-12-18 02:00:00,49.0,99.6192
2024-12-18 03:00:00,53.0,94.255615
2024-12-18 04:00:00,125.0,120.490845
2024-12-18 05:00:00,405.0,283.82697
2024-12-18 06:00:00,1362.0,1041.1471
2024-12-18 07:00:00,1767.0,1688.408
2024-12-18 08:00:00,1843.0,1624.018
2024-12-18 09:00:00,1593.0,1512.0675
2024-12-18 10:00:00,1497.0,1475.0757
2024-12-18 11:00:00,1707.0,1421.6598
2024-12-18 12:00:00,1662.0,1443.064
2024-12-18 13:00:00,1732.0,1438.3561
2024-12-18 14:00:00,1844.0,1480.7556
2024-12-18 15:00:00,2191.0,1883.1683
2024-12-18 16:00:00,2709.0,2487.744
2024-12-18 17:00:00,2762.0,2540.0342
2024-12-18 18:00:00,2304.0,2084.2913
2024-12-18 19:00:00,1477.0,1187.991
2024-12-18 20:00:00,1008.0,873.72656
2024-12-18 21:00:00,790.0,779.5995
2024-12-18 22:00:00,736.0,680.00415
2024-12-18 23:00:00,492.0,458.75024
2024-12-19 00:00:00,184.0,273.0868
2024-12-19 01:00:00,102.0,124.02643
2024-12-19 02:00:00,62.0,96.572876
2024-12-19 03:00:00,68.0,86.545044
2024-12-19 04:00:00,104.0,101.620544
2024-12-19 05:00:00,431.0,250.87451
2024-12-19 06:00:00,1311.0,905.4518
2024-12-19 07:00:00,1819.0,1625.5161
2024-12-19 08:00:00,1744.0,1622.2231
2024-12-19 09:00:00,1534.0,1540.4058
2024-12-19 10:00:00,1605.0,1521.4446
2024-12-19 11:00:00,1688.0,1508.5024
2024-12-19 12:00:00,1604.0,1518.3903
2024-12-19 13:00:00,1681.0,1547.643
2024-12-19 14:00:00,1765.0,1687.3547
2024-12-19 15:00:00,2128.0,2135.4753
2024-12-19 16:00:00,2581.0,2557.7808
2024-12-19 17:00:00,2494.0,2554.9426
2024-12-19 18:00:00,2112.0,2280.969
2024-12-19 19:00:00,1574.0,1414.6876
2024-12-19 20:00:00,1017.0,922.9155
2024-12-19 21:00:00,837.0,809.515
2024-12-19 22:00:00,751.0,706.7505
2024-12-19 23:00:00,565.0,551.6569
2024-12-20 00:00:00,278.0,303.52692
2024-12-20 01:00:00,146.0,144.72205
2024-12-20 02:00:00,97.0,89.99548
2024-12-20 03:00:00,79.0,76.47388
2024-12-20 04:00:00,120.0,94.40991
2024-12-20 05:00:00,384.0,189.89441
2024-12-20 06:00:00,1070.0,810.3878
2024-12-20 07:00:00,1515.0,1563.6211
2024-12-20 08:00:00,1506.0,1608.9407
2024-12-20 09:00:00,1442.0,1570.0977
2024-12-20 10:00:00,1895.0,1573.2379
2024-12-20 11:00:00,1964.0,1585.5143
2024-12-20 12:00:00,2151.0,1633.3842
2024-12-20 13:00:00,2336.0,1742.6862
2024-12-20 14:00:00,2570.0,1997.4586
2024-12-20 15:00:00,2807.0,2464.4883
2024-12-20 16:00:00,2972.0,2634.732
2024-12-20 17:00:00,2831.0,2596.5305
2024-12-20 18:00:00,2371.0,2371.245
2024-12-20 19:00:00,1774.0,1659.1486
2024-12-20 20:00:00,1224.0,1061.4214
2024-12-20 21:00:00,1108.0,888.5416
2024-12-20 22:00:00,833.0,773.71533
2024-12-20 23:00:00,802.0,621.54266
2024-12-21 00:00:00,454.0,543.2564
2024-12-21 01:00:00,260.0,377.79364
2024-12-21 02:00:00,186.0,227.39984
2024-12-21 03:00:00,158.0,159.66968
2024-12-21 04:00:00,173.0,148.28094
2024-12-21 05:00:00,250.0,179.26172
2024-12-21 06:00:00,546.0,304.8996
2024-12-21 07:00:00,1266.0,762.22656
2024-12-21 08:00:00,1469.0,1406.935
2024-12-21 09:00:00,1847.0,2054.0461
2024-12-21 10:00:00,2513.0,2150.1401
2024-12-21 11:00:00,2589.0,2171.3672
2024-12-21 12:00:00,2561.0,2108.3079
2024-12-21 13:00:00,2422.0,2017.6346
2024-12-21 14:00:00,2390.0,1889.9614
2024-12-21 15:00:00,2270.0,1751.5405
2024-12-21 16:00:00,2138.0,1664.0259
2024-12-21 17:00:00,1853.0,1552.1656
2024-12-21 18:00:00,1435.0,1276.1603
2024-12-21 19:00:00,1046.0,1005.1439
2024-12-21 20:00:00,851.0,850.6721
2024-12-21 21:00:00,788.0,784.68634
2024-12-21 22:00:00,891.0,708.48145
2024-12-21 23:00:00,783.0,637.09625
2024-12-22 00:00:00,468.0,494.04517
2024-12-22 01:00:00,288.0,386.4621
2024-12-22 02:00:00,168.0,257.00525
2024-12-22 03:00:00,118.0,179.11938
2024-12-22 04:00:00,143.0,163.72034
2024-12-22 05:00:00,136.0,186.58527
2024-12-22 06:00:00,210.0,237.84131
2024-12-22 07:00:00,324.0,378.47717
2024-12-22 08:00:00,505.0,730.1848
2024-12-22 09:00:00,968.0,1140.8282
2024-12-22 10:00:00,1493.0,1502.513
2024-12-22 11:00:00,1851.0,1637.8733
2024-12-22 12:00:00,1665.0,1662.9116
2024-12-22 13:00:00,1857.0,1569.3583
2024-12-22 14:00:00,1666.0,1523.2244
2024-12-22 15:00:00,1533.0,1469.2585
2024-12-22 16:00:00,1745.0,1443.6298
2024-12-22 17:00:00,1741.0,1448.0162
2024-12-22 18:00:00,1251.0,1241.6321
2024-12-22 19:00:00,770.0,969.34686
2024-12-22 20:00:00,794.0,878.6759
2024-12-22 21:00:00,535.0,797.9525
2024-12-22 22:00:00,501.0,706.81995
2024-12-22 23:00:00,359.0,595.65576
2024-12-23 00:00:00,180.0,220.27722
2024-12-23 01:00:00,95.0,114.56915
2024-12-23 02:00:00,46.0,84.44458
2024-12-23 03:00:00,49.0,90.82178
2024-12-23 04:00:00,105.0,153.28058
2024-12-23 05:00:00,242.0,317.74316
2024-12-23 06:00:00,461.0,996.9468
2024-12-23 07:00:00,791.0,1533.0166
2024-12-23 08:00:00,982.0,1583.2205
2024-12-23 09:00:00,1044.0,1498.3751
2024-12-23 10:00:00,1377.0,1436.2565
2024-12-23 11:00:00,1597.0,1380.8306
2024-12-23 12:00:00,1632.0,1361.8092
2024-12-23 13:00:00,1740.0,1360.0082
2024-12-23 14:00:00,1727.0,1396.7255
2024-12-23 15:00:00,1712.0,1823.6898
2024-12-23 16:00:00,1694.0,2311.2769
2024-12-23 17:00:00,1735.0,2413.5234
2024-12-23 18:00:00,1335.0,1938.6199
2024-12-23 19:00:00,995.0,1033.7346
2024-12-23 20:00:00,737.0,783.0827
2024-12-23 21:00:00,543.0,686.3273
2024-12-23 22:00:00,636.0,571.8763
2024-12-23 23:00:00,426.0,402.01794
2024-12-24 00:00:00,204.0,212.25867
2024-12-24 01:00:00,114.0,118.59326
2024-12-24 02:00:00,67.0,90.18176
2024-12-24 03:00:00,55.0,93.95459
2024-12-24 04:00:00,99.0,125.868225
2024-12-24 05:00:00,242.0,298.28485
2024-12-24 06:00:00,376.0,1070.4321
2024-12-24 07:00:00,573.0,1709.4563
2024-12-24 08:00:00,718.0,1614.9215
2024-12-24 09:00:00,971.0,1483.1333
2024-12-24 10:00:00,1427.0,1405.1263
2024-12-24 11:00:00,1704.0,1380.6198
2024-12-24 12:00:00,1872.0,1381.8503
2024-12-24 13:00:00,2055.0,1381.9362
2024-12-24 14:00:00,2150.0,1420.1144
2024-12-24 15:00:00,2133.0,1791.8972
2024-12-24 16:00:00,2123.0,2436.5708
2024-12-24 17:00:00,1520.0,2522.3228
2024-12-24 18:00:00,843.0,2025.0244
2024-12-24 19:00:00,458.0,1201.8065
2024-12-24 20:00:00,446.0,848.1607
2024-12-24 21:00:00,590.0,727.4376
2024-12-24 22:00:00,862.0,611.55255
2024-12-24 23:00:00,879.0,403.87006
2024-12-25 00:00:00,533.0,432.7072
2024-12-25 01:00:00,222.0,360.37018
2024-12-25 02:00:00,89.0,310.6573
2024-12-25 03:00:00,52.0,293.53467
2024-12-25 04:00:00,61.0,299.67407
2024-12-25 05:00:00,71.0,363.6231
2024-12-25 06:00:00,266.0,512.5379
2024-12-25 07:00:00,612.0,825.95575
2024-12-25 08:00:00,808.0,1264.8826
2024-12-25 09:00:00,1148.0,1624.0216
2024-12-25 10:00:00,2137.0,1776.8115
2024-12-25 11:00:00,2551.0,1807.4961
2024-12-25 12:00:00,2486.0,1795.0815
2024-12-25 13:00:00,2353.0,1758.7112
2024-12-25 14:00:00,2294.0,1704.6514
2024-12-25 15:00:00,2137.0,1699.7441
2024-12-25 16:00:00,1902.0,1754.2228
2024-12-25 17:00:00,1514.0,1697.5774
2024-12-25 18:00:00,1080.0,1452.682
2024-12-25 19:00:00,809.0,1200.4797
2024-12-25 20:00:00,738.0,978.6286
2024-12-25 21:00:00,898.0,803.17847
2024-12-25 22:00:00,902.0,673.9656
2024-12-25 23:00:00,713.0,543.79456
2024-12-26 00:00:00,346.0,469.3058
2024-12-26 01:00:00,159.0,366.80432
2024-12-26 02:00:00,68.0,316.4356
2024-12-26 03:00:00,54.0,296.48108
2024-12-26 04:00:00,78.0,297.9876
2024-12-26 05:00:00,121.0,353.8036
2024-12-26 06:00:00,409.0,546.292
2024-12-26 07:00:00,1129.0,962.9553
2024-12-26 08:00:00,1288.0,1473.7617
2024-12-26 09:00:00,1904.0,1717.2833
2024-12-26 10:00:00,2695.0,1844.0298
2024-12-26 11:00:00,2722.0,1881.1873
2024-12-26 12:00:00,2541.0,1870.3057
2024-12-26 13:00:00,2376.0,1838.4949
2024-12-26 14:00:00,2271.0,1803.3137
2024-12-26 15:00:00,1991.0,1809.7634
2024-12-26 16:00:00,1935.0,1840.754
2024-12-26 17:00:00,1703.0,1697.1069
2024-12-26 18:00:00,1232.0,1467.2764
2024-12-26 19:00:00,922.0,1205.8575
2024-12-26 20:00:00,780.0,952.37854
2024-12-26 21:00:00,774.0,831.0022
2024-12-26 22:00:00,640.0,767.1
2024-12-26 23:00:00,480.0,646.98694
2024-12-27 00:00:00,249.0,307.75958
2024-12-27 01:00:00,118.0,139.88104
2024-12-27 02:00:00,69.0,88.41736
2024-12-27 03:00:00,52.0,75.867065
2024-12-27 04:00:00,87.0,98.39496
2024-12-27 05:00:00,211.0,201.12012
2024-12-27 06:00:00,694.0,799.0942
2024-12-27 07:00:00,1562.0,1562.0535
2024-12-27 08:00:00,1684.0,1616.6613
2024-12-27 09:00:00,1899.0,1571.5747
2024-12-27 10:00:00,2368.0,1575.0333
2024-12-27 11:00:00,2487.0,1587.3087
2024-12-27 12:00:00,2424.0,1636.0365
2024-12-27 13:00:00,2403.0,1739.6501
2024-12-27 14:00:00,2292.0,2022.4841
2024-12-27 15:00:00,2165.0,2468.072
2024-12-27 16:00:00,2163.0,2642.435
2024-12-27 17:00:00,1954.0,2606.2163
2024-12-27 18:00:00,1574.0,2380.1592
2024-12-27 19:00:00,1148.0,1688.9958
2024-12-27 20:00:00,856.0,1067.5797
2024-12-27 21:00:00,694.0,893.55865
2024-12-27 22:00:00,556.0,776.53503
2024-12-27 23:00:00,462.0,628.2943
2024-12-28 00:00:00,257.0,547.2149
2024-12-28 01:00:00,156.0,380.26062
2024-12-28 02:00:00,121.0,228.4234
2024-12-28 03:00:00,102.0,157.98053
2024-12-28 04:00:00,96.0,146.86505
2024-12-28 05:00:00,167.0,180.85883
2024-12-28 06:00:00,509.0,305.94263
2024-12-28 07:00:00,1405.0,746.83105
2024-12-28 08:00:00,1577.0,1406.4166
2024-12-28 09:00:00,1897.0,1908.8235
2024-12-28 10:00:00,2565.0,2076.5483
2024-12-28 11:00:00,2725.0,2107.1538
2024-12-28 12:00:00,2307.0,2072.4753
2024-12-28 13:00:00,2194.0,2007.5057
2024-12-28 14:00:00,2098.0,1887.2767
2024-12-28 15:00:00,1829.0,1756.4539
2024-12-28 16:00:00,1707.0,1667.8959
2024-12-28 17:00:00,1435.0,1552.9331
2024-12-28 18:00:00,1150.0,1280.9825
2024-12-28 19:00:00,876.0,999.23395
2024-12-28 20:00:00,771.0,846.56726
2024-12-28 21:00:00,659.0,790.5517
2024-12-28 22:00:00,590.0,747.246
2024-12-28 23:00:00,502.0,673.18994
2024-12-29 00:00:00,313.0,495.81256
2024-12-29 01:00:00,216.0,381.9488
2024-12-29 02:00:00,113.0,236.45581
2024-12-29 03:00:00,95.0,167.26288
2024-12-29 04:00:00,88.0,158.9223
2024-12-29 05:00:00,116.0,188.18579
2024-12-29 06:00:00,354.0,238.3294
2024-12-29 07:00:00,1078.0,418.2638
2024-12-29 08:00:00,1280.0,670.75916
2024-12-29 09:00:00,1608.0,1160.0665
2024-12-29 10:00:00,2185.0,1576.7773
2024-12-29 11:00:00,2300.0,1659.3297
2024-12-29 12:00:00,1783.0,1659.3931
2024-12-29 13:00:00,1728.0,1601.7015
2024-12-29 14:00:00,1614.0,1529.4119
2024-12-29 15:00:00,1349.0,1473.6912
2024-12-29 16:00:00,1328.0,1445.6099
2024-12-29 17:00:00,1185.0,1453.5034
2024-12-29 18:00:00,985.0,1238.1271
2024-12-29 19:00:00,728.0,1006.94116
2024-12-29 20:00:00,643.0,884.8304
2024-12-29 21:00:00,527.0,809.14874
2024-12-29 22:00:00,425.0,698.554
2024-12-29 23:00:00,295.0,593.0282
2024-12-30 00:00:00,174.0,221.89478
2024-12-30 01:00:00,92.0,116.61865
2024-12-30 02:00:00,46.0,87.22424
2024-12-30 03:00:00,56.0,90.85681
2024-12-30 04:00:00,89.0,155.59375
2024-12-30 05:00:00,191.0,325.99213
2024-12-30 06:00:00,702.0,1117.4802
2024-12-30 07:00:00,1650.0,1658.05
2024-12-30 08:00:00,1808.0,1627.2308
2024-12-30 09:00:00,1798.0,1519.1182
2024-12-30 10:00:00,2147.0,1436.5194
2024-12-30 11:00:00,2210.0,1390.7883
2024-12-30 12:00:00,1796.0,1372.4042
2024-12-30 13:00:00,1858.0,1375.4349
2024-12-30 14:00:00,1821.0,1431.5244
2024-12-30 15:00:00,1685.0,1841.7356
2024-12-30 16:00:00,1781.0,2392.9468
2024-12-30 17:00:00,1731.0,2488.8037
2024-12-30 18:00:00,1345.0,1968.9111
2024-12-30 19:00:00,968.0,1109.783
2024-12-30 20:00:00,741.0,785.70087
2024-12-30 21:00:00,518.0,693.02185
2024-12-30 22:00:00,439.0,574.11554
2024-12-30 23:00:00,354.0,402.831
2024-12-31 00:00:00,190.0,212.16669
2024-12-31 01:00:00,119.0,120.46991
2024-12-31 02:00:00,65.0,90.48816
2024-12-31 03:00:00,48.0,96.10083
2024-12-31 04:00:00,100.0,129.43567
2024-12-31 05:00:00,193.0,304.6692
2024-12-31 06:00:00,431.0,1077.0713
2024-12-31 07:00:00,931.0,1698.3834
2024-12-31 08:00:00,1042.0,1611.9543
2024-12-31 09:00:00,1229.0,1481.8811
2024-12-31 10:00:00,1496.0,1413.4327
2024-12-31 11:00:00,1598.0,1382.9524
2024-12-31 12:00:00,1728.0,1385.6326
2024-12-31 13:00:00,1665.0,1391.079
2024-12-31 14:00:00,1796.0,1435.3069
2024-12-31 15:00:00,1699.0,1814.7996
2024-12-31 16:00:00,1682.0,2432.1104
2024-12-31 17:00:00,1448.0,2528.7935
2024-12-31 18:00:00,1100.0,2038.8171
2024-12-31 19:00:00,625.0,1208.5802
2024-12-31 20:00:00,385.0,846.27686
2024-12-31 21:00:00,290.0,728.1416
2024-12-31 22:00:00,243.0,611.2089
2024-12-31 23:00:00,250.0,401.7815
2025-01-01 00:00:00,321.0,437.3875
2025-01-01 01:00:00,732.0,364.10638
2025-01-01 02:00:00,564.0,315.30347
2025-01-01 03:00:00,315.0,296.2766
2025-01-01 04:00:00,184.0,301.96338
2025-01-01 05:00:00,123.0,370.43243
2025-01-01 06:00:00,316.0,534.64545
2025-01-01 07:00:00,785.0,862.59216
2025-01-01 08:00:00,724.0,1295.6182
2025-01-01 09:00:00,866.0,1633.293
2025-01-01 10:00:00,1043.0,1693.7156
2025-01-01 11:00:00,1332.0,1759.4683
2025-01-01 12:00:00,1345.0,1714.0006
2025-01-01 13:00:00,1402.0,1731.811
2025-01-01 14:00:00,1374.0,1712.6711
2025-01-01 15:00:00,1201.0,1704.6881
2025-01-01 16:00:00,1156.0,1761.293
2025-01-01 17:00:00,1012.0,1711.8862
2025-01-01 18:00:00,817.0,1472.6544
2025-01-01 19:00:00,628.0,1219.7716
2025-01-01 20:00:00,512.0,996.506
2025-01-01 21:00:00,424.0,818.2162
2025-01-01 22:00:00,325.0,688.55096
2025-01-01 23:00:00,246.0,552.893
2025-01-02 00:00:00,123.0,292.95544
2025-01-02 01:00:00,70.0,130.79358
2025-01-02 02:00:00,49.0,101.286865
2025-01-02 03:00:00,62.0,90.66492
2025-01-02 04:00:00,69.0,106.8407
2025-01-02 05:00:00,148.0,264.84393
2025-01-02 06:00:00,449.0,1017.93744
2025-01-02 07:00:00,1079.0,1645.0508
2025-01-02 08:00:00,1203.0,1618.152
2025-01-02 09:00:00,1407.0,1534.8236
2025-01-02 10:00:00,1642.0,1509.8508
2025-01-02 11:00:00,1571.0,1524.2701
2025-01-02 12:00:00,1567.0,1517.0308
2025-01-02 13:00:00,1633.0,1547.3776
2025-01-02 14:00:00,1494.0,1686.56
2025-01-02 15:00:00,1439.0,2139.178
2025-01-02 16:00:00,1474.0,2572.4248
2025-01-02 17:00:00,1392.0,2557.8635
2025-01-02 18:00:00,1059.0,2302.456
2025-01-02 19:00:00,759.0,1387.551
2025-01-02 20:00:00,543.0,1012.53815
2025-01-02 21:00:00,463.0,827.90967
2025-01-02 22:00:00,366.0,729.31793
2025-01-02 23:00:00,283.0,632.5741
2025-01-03 00:00:00,171.0,387.01562
2025-01-03 01:00:00,134.0,156.52515
2025-01-03 02:00:00,57.0,91.44446
2025-01-03 03:00:00,52.0,77.18469
2025-01-03 04:00:00,89.0,99.73273
2025-01-03 05:00:00,198.0,212.07397
2025-01-03 06:00:00,543.0,879.22156
2025-01-03 07:00:00,1058.0,1585.3014
2025-01-03 08:00:00,1135.0,1608.1161
2025-01-03 09:00:00,1215.0,1569.2598
2025-01-03 10:00:00,1470.0,1572.1777
2025-01-03 11:00:00,1488.0,1583.5488
2025-01-03 12:00:00,1446.0,1633.8608
2025-01-03 13:00:00,1532.0,1737.5784
2025-01-03 14:00:00,1583.0,1999.9355
2025-01-03 15:00:00,1632.0,2463.2988
2025-01-03 16:00:00,1748.0,2660.7598
2025-01-03 17:00:00,1726.0,2624.9575
2025-01-03 18:00:00,1402.0,2410.622
2025-01-03 19:00:00,989.0,1748.5038
2025-01-03 20:00:00,797.0,1095.7587
2025-01-03 21:00:00,560.0,910.2671
2025-01-03 22:00:00,518.0,785.2478
2025-01-03 23:00:00,410.0,645.6299
2025-01-04 00:00:00,240.0,555.0342
2025-01-04 01:00:00,152.0,383.80115
2025-01-04 02:00:00,87.0,232.99896
2025-01-04 03:00:00,83.0,159.2431
2025-01-04 04:00:00,87.0,148.78577
2025-01-04 05:00:00,127.0,187.21667
2025-01-04 06:00:00,508.0,323.6585
2025-01-04 07:00:00,1322.0,795.2323
2025-01-04 08:00:00,1504.0,1519.2555
2025-01-04 09:00:00,1482.0,2085.4568
2025-01-04 10:00:00,1611.0,2150.644
2025-01-04 11:00:00,1669.0,2177.713
2025-01-04 12:00:00,1568.0,2118.629
2025-01-04 13:00:00,1531.0,2018.6335
2025-01-04 14:00:00,1453.0,1898.015
2025-01-04 15:00:00,1421.0,1777.5884
2025-01-04 16:00:00,1401.0,1686.8352
2025-01-04 17:00:00,1325.0,1582.2197
2025-01-04 18:00:00,1025.0,1317.8171
2025-01-04 19:00:00,731.0,1016.00287
2025-01-04 20:00:00,673.0,849.82874
2025-01-04 21:00:00,517.0,784.48517
2025-01-04 22:00:00,550.0,735.0013
2025-01-04 23:00:00,471.0,655.01746
2025-01-05 00:00:00,323.0,494.11438
2025-01-05 01:00:00,223.0,374.10956
2025-01-05 02:00:00,110.0,244.45746
2025-01-05 03:00:00,110.0,182.53076
2025-01-05 04:00:00,85.0,158.85284
2025-01-05 05:00:00,77.0,192.03375
2025-01-05 06:00:00,138.0,251.1919
2025-01-05 07:00:00,347.0,409.198
2025-01-05 08:00:00,478.0,685.50287
2025-01-05 09:00:00,703.0,1170.075
2025-01-05 10:00:00,950.0,1613.9548
2025-01-05 11:00:00,1182.0,1685.7253
2025-01-05 12:00:00,1214.0,1683.5338
2025-01-05 13:00:00,1284.0,1612.584
2025-01-05 14:00:00,1230.0,1534.7006
2025-01-05 15:00:00,1207.0,1477.9714
2025-01-05 16:00:00,1228.0,1455.1404
2025-01-05 17:00:00,1229.0,1466.8531
2025-01-05 18:00:00,995.0,1261.6401
2025-01-05 19:00:00,764.0,1047.4629
2025-01-05 20:00:00,599.0,895.26904
2025-01-05 21:00:00,521.0,811.5797
2025-01-05 22:00:00,326.0,692.08826
2025-01-05 23:00:00,235.0,582.1648
2025-01-06 00:00:00,151.0,451.54523
2025-01-06 01:00:00,71.0,395.35144
2025-01-06 02:00:00,41.0,368.7489
2025-01-06 03:00:00,35.0,337.27246
2025-01-06 04:00:00,96.0,323.04968
2025-01-06 05:00:00,309.0,358.15723
2025-01-06 06:00:00,878.0,420.55933
2025-01-06 07:00:00,1135.0,611.45276
2025-01-06 08:00:00,1139.0,944.1013
2025-01-06 09:00:00,1028.0,1277.3602
2025-01-06 10:00:00,1085.0,1543.3132
2025-01-06 11:00:00,1248.0,1592.5137
2025-01-06 12:00:00,1228.0,1603.1389
2025-01-06 13:00:00,1332.0,1607.029
2025-01-06 14:00:00,1298.0,1600.9587
2025-01-06 15:00:00,1563.0,1628.3635
2025-01-06 16:00:00,2203.0,1642.6326
2025-01-06 17:00:00,2472.0,1541.6094
2025-01-06 18:00:00,1882.0,1321.2242
2025-01-06 19:00:00,977.0,1143.7784
2025-01-06 20:00:00,621.0,951.07056
2025-01-06 21:00:00,510.0,817.9334
2025-01-06 22:00:00,388.0,701.837
2025-01-06 23:00:00,217.0,580.5204
2025-01-07 00:00:00,124.0,226.66321
2025-01-07 01:00:00,68.0,122.95422
2025-01-07 02:00:00,45.0,96.267456
2025-01-07 03:00:00,47.0,99.54199
2025-01-07 04:00:00,98.0,132.83643
2025-01-07 05:00:00,391.0,312.12408
2025-01-07 06:00:00,1225.0,1167.8481
2025-01-07 07:00:00,1681.0,1715.7607
2025-01-07 08:00:00,1582.0,1625.222
2025-01-07 09:00:00,1138.0,1573.3779
2025-01-07 10:00:00,1101.0,1461.7079
2025-01-07 11:00:00,1132.0,1379.9413
2025-01-07 12:00:00,1130.0,1394.369
2025-01-07 13:00:00,1201.0,1381.4303
2025-01-07 14:00:00,1313.0,1432.9711
2025-01-07 15:00:00,1613.0,1779.373
2025-01-07 16:00:00,2175.0,2319.6694
2025-01-07 17:00:00,2452.0,2538.6094
2025-01-07 18:00:00,1978.0,2078.6724
2025-01-07 19:00:00,1071.0,1234.8898
2025-01-07 20:00:00,717.0,869.9457
2025-01-07 21:00:00,508.0,735.13025
2025-01-07 22:00:00,432.0,623.40643
2025-01-07 23:00:00,232.0,424.77362
2025-01-08 00:00:00,111.0,246.77856
2025-01-08 01:00:00,53.0,134.32
2025-01-08 02:00:00,37.0,104.624695
2025-01-08 03:00:00,38.0,99.08368
2025-01-08 04:00:00,106.0,120.7074
2025-01-08 05:00:00,359.0,320.98547
2025-01-08 06:00:00,1177.0,1154.2012
2025-01-08 07:00:00,1647.0,1577.8433
2025-01-08 08:00:00,1526.0,1584.6522
2025-01-08 09:00:00,1269.0,1485.8788
2025-01-08 10:00:00,1166.0,1426.5999
2025-01-08 11:00:00,1207.0,1407.0082
2025-01-08 12:00:00,1347.0,1396.8661
2025-01-08 13:00:00,1376.0,1437.9912
2025-01-08 14:00:00,1430.0,1475.3843
2025-01-08 15:00:00,1667.0,1874.8201
2025-01-08 16:00:00,2249.0,2499.9087
2025-01-08 17:00:00,2644.0,2560.5361
2025-01-08 18:00:00,1962.0,2158.021
2025-01-08 19:00:00,1111.0,1245.8997
2025-01-08 20:00:00,727.0,890.69666
2025-01-08 21:00:00,571.0,792.19446
2025-01-08 22:00:00,484.0,690.67175
2025-01-08 23:00:00,275.0,481.97418
2025-01-09 00:00:00,176.0,295.1186
2025-01-09 01:00:00,84.0,264.45868
2025-01-09 02:00:00,52.0,82.59912
2025-01-09 03:00:00,56.0,91.10339
2025-01-09 04:00:00,107.0,110.05609
2025-01-09 05:00:00,409.0,263.1278
2025-01-09 06:00:00,1314.0,1015.0936
2025-01-09 07:00:00,1761.0,1643.6809
2025-01-09 08:00:00,1728.0,1617.0686
2025-01-09 09:00:00,1538.0,1540.5686
2025-01-09 10:00:00,1553.0,1543.7836
2025-01-09 11:00:00,1549.0,1539.25
2025-01-09 12:00:00,1539.0,1514.1294
2025-01-09 13:00:00,1616.0,1543.9866
2025-01-09 14:00:00,1728.0,1684.7024
2025-01-09 15:00:00,2000.0,2083.6624
2025-01-09 16:00:00,2562.0,2564.7275
2025-01-09 17:00:00,2716.0,2563.8604
2025-01-09 18:00:00,2217.0,2311.29
2025-01-09 19:00:00,1421.0,1388.3368
2025-01-09 20:00:00,970.0,960.303
2025-01-09 21:00:00,760.0,840.4248
2025-01-09 22:00:00,642.0,739.5292
2025-01-09 23:00:00,455.0,577.5838
2025-01-10 00:00:00,173.0,323.88855
2025-01-10 01:00:00,63.0,148.33997
2025-01-10 02:00:00,47.0,91.44336
2025-01-10 03:00:00,54.0,77.33447
2025-01-10 04:00:00,97.0,99.854004
2025-01-10 05:00:00,340.0,211.57208
2025-01-10 06:00:00,1286.0,884.18097
2025-01-10 07:00:00,2091.0,1585.9741
2025-01-10 08:00:00,1992.0,1606.7664
2025-01-10 09:00:00,1737.0,1567.8859
2025-01-10 10:00:00,1705.0,1571.3877
2025-01-10 11:00:00,1575.0,1582.4552
2025-01-10 12:00:00,1772.0,1633.7517
2025-01-10 13:00:00,1848.0,1743.3307
2025-01-10 14:00:00,2269.0,2030.8125
2025-01-10 15:00:00,2698.0,2470.0488
2025-01-10 16:00:00,3064.0,2657.9521
2025-01-10 17:00:00,2748.0,2621.2021
2025-01-10 18:00:00,2616.0,2406.2183
2025-01-10 19:00:00,1974.0,1730.3126
2025-01-10 20:00:00,1370.0,1093.5122
2025-01-10 21:00:00,952.0,906.47784
2025-01-10 22:00:00,807.0,784.9469
2025-01-10 23:00:00,796.0,644.369
2025-01-11 00:00:00,445.0,552.2347
2025-01-11 01:00:00,207.0,382.53162
2025-01-11 02:00:00,110.0,232.92572
2025-01-11 03:00:00,106.0,160.23413
2025-01-11 04:00:00,104.0,149.0636
2025-01-11 05:00:00,208.0,185.85071
2025-01-11 06:00:00,839.0,323.77112
2025-01-11 07:00:00,2220.0,810.73035
2025-01-11 08:00:00,2536.0,1461.996
2025-01-11 09:00:00,2252.0,1951.1265
2025-01-11 10:00:00,2354.0,2096.6948
2025-01-11 11:00:00,2346.0,2182.4412
2025-01-11 12:00:00,2090.0,2162.2744
2025-01-11 13:00:00,1890.0,2077.2983
2025-01-11 14:00:00,1768.0,1936.7758
2025-01-11 15:00:00,1757.0,1815.5056
2025-01-11 16:00:00,1895.0,1686.1903
2025-01-11 17:00:00,1749.0,1582.7278
2025-01-11 18:00:00,1460.0,1312.223
2025-01-11 19:00:00,1030.0,1015.99243
2025-01-11 20:00:00,781.0,849.9724
2025-01-11 21:00:00,688.0,790.33386
2025-01-11 22:00:00,751.0,746.655
2025-01-11 23:00:00,764.0,674.9382
2025-01-12 00:00:00,441.0,500.28473
2025-01-12 01:00:00,273.0,383.58954
2025-01-12 02:00:00,205.0,237.91742
2025-01-12 03:00:00,126.0,164.21442
2025-01-12 04:00:00,109.0,159.86218
2025-01-12 05:00:00,112.0,190.81555
2025-01-12 06:00:00,342.0,244.43549
2025-01-12 07:00:00,1097.0,421.8075
2025-01-12 08:00:00,1352.0,712.5011
2025-01-12 09:00:00,1724.0,1228.7031
2025-01-12 10:00:00,1926.0,1793.6643
2025-01-12 11:00:00,1946.0,1845.2979
2025-01-12 12:00:00,1790.0,1794.8595
2025-01-12 13:00:00,1685.0,1709.8604
2025-01-12 14:00:00,1564.0,1571.978
2025-01-12 15:00:00,1472.0,1479.9048
2025-01-12 16:00:00,1432.0,1458.0376
2025-01-12 17:00:00,1403.0,1471.623
2025-01-12 18:00:00,1296.0,1261.8285
2025-01-12 19:00:00,1087.0,1027.4922
2025-01-12 20:00:00,871.0,885.01404
2025-01-12 21:00:00,737.0,810.7412
2025-01-12 22:00:00,470.0,698.9533
2025-01-12 23:00:00,244.0,593.2286
2025-01-13 00:00:00,127.0,235.20813
2025-01-13 01:00:00,47.0,117.70264
2025-01-13 02:00:00,52.0,92.10803
2025-01-13 03:00:00,37.0,96.07666
2025-01-13 04:00:00,102.0,162.1261
2025-01-13 05:00:00,404.0,350.48486
2025-01-13 06:00:00,1368.0,1188.5614
2025-01-13 07:00:00,1828.0,1667.0239
2025-01-13 08:00:00,1632.0,1627.5684
2025-01-13 09:00:00,1382.0,1580.3478
2025-01-13 10:00:00,1294.0,1489.2762
2025-01-13 11:00:00,1385.0,1435.076
2025-01-13 12:00:00,1402.0,1407.753
2025-01-13 13:00:00,1517.0,1408.3552
2025-01-13 14:00:00,1599.0,1461.5085
2025-01-13 15:00:00,1798.0,1802.9288
2025-01-13 16:00:00,2451.0,2385.37
2025-01-13 17:00:00,2650.0,2505.4155
2025-01-13 18:00:00,2061.0,2020.4658
2025-01-13 19:00:00,1123.0,1167.4774
2025-01-13 20:00:00,766.0,799.4676
2025-01-13 21:00:00,594.0,698.48645
2025-01-13 22:00:00,453.0,586.81836
2025-01-13 23:00:00,230.0,418.44073
2025-01-14 00:00:00,120.0,223.77802
2025-01-14 01:00:00,62.0,125.98871
2025-01-14 02:00:00,31.0,95.414185
2025-01-14 03:00:00,52.0,102.729004
2025-01-14 04:00:00,114.0,136.30609
2025-01-14 05:00:00,393.0,314.65973
2025-01-14 06:00:00,1303.0,1162.2319
2025-01-14 07:00:00,1939.0,1705.6847
2025-01-14 08:00:00,1814.0,1604.6411
2025-01-14 09:00:00,1482.0,1475.9457
2025-01-14 10:00:00,1269.0,1400.1672
2025-01-14 11:00:00,1286.0,1383.5576
2025-01-14 12:00:00,1266.0,1386.3324
2025-01-14 13:00:00,1370.0,1388.0675
2025-01-14 14:00:00,1457.0,1459.8401
2025-01-14 15:00:00,1832.0,1841.8779
2025-01-14 16:00:00,2451.0,2435.7896
2025-01-14 17:00:00,2510.0,2545.0718
2025-01-14 18:00:00,2347.0,2099.6091
2025-01-14 19:00:00,1429.0,1259.222
2025-01-14 20:00:00,830.0,860.83215
2025-01-14 21:00:00,614.0,736.31976
2025-01-14 22:00:00,531.0,622.266
2025-01-14 23:00:00,344.0,418.99445
2025-01-15 00:00:00,119.0,249.3645
2025-01-15 01:00:00,64.0,137.77936
2025-01-15 02:00:00,45.0,102.96185
2025-01-15 03:00:00,45.0,99.3797
2025-01-15 04:00:00,101.0,133.4544
2025-01-15 05:00:00,356.0,299.64124
2025-01-15 06:00:00,1224.0,1141.4587
2025-01-15 07:00:00,1721.0,1692.9773
2025-01-15 08:00:00,1729.0,1614.293
2025-01-15 09:00:00,1325.0,1502.2695
2025-01-15 10:00:00,1267.0,1444.4512
2025-01-15 11:00:00,1305.0,1423.6248
2025-01-15 12:00:00,1381.0,1426.2175
2025-01-15 13:00:00,1381.0,1465.8315
2025-01-15 14:00:00,1580.0,1517.1844
2025-01-15 15:00:00,1892.0,1920.5143
2025-01-15 16:00:00,2676.0,2516.04
2025-01-15 17:00:00,2650.0,2572.746
2025-01-15 18:00:00,2187.0,2177.9976
2025-01-15 19:00:00,1317.0,1274.7053
2025-01-15 20:00:00,839.0,889.6248
2025-01-15 21:00:00,647.0,780.1859
2025-01-15 22:00:00,551.0,683.8269
2025-01-15 23:00:00,373.0,475.448
2025-01-16 00:00:00,133.0,296.1809
2025-01-16 01:00:00,67.0,132.45587
2025-01-16 02:00:00,63.0,102.30542
2025-01-16 03:00:00,50.0,91.34192
2025-01-16 04:00:00,108.0,107.71637
2025-01-16 05:00:00,381.0,271.37592
2025-01-16 06:00:00,1340.0,1034.4204
2025-01-16 07:00:00,1793.0,1646.0708
2025-01-16 08:00:00,1719.0,1618.0072
2025-01-16 09:00:00,1587.0,1536.3192
2025-01-16 10:00:00,1389.0,1531.3575
2025-01-16 11:00:00,1420.0,1540.8589
2025-01-16 12:00:00,1473.0,1540.2905
2025-01-16 13:00:00,1576.0,1564.5641
2025-01-16 14:00:00,1729.0,1667.5433
2025-01-16 15:00:00,2057.0,2184.9585
2025-01-16 16:00:00,2692.0,2574.7148
2025-01-16 17:00:00,2879.0,2578.167
2025-01-16 18:00:00,2376.0,2318.3032
2025-01-16 19:00:00,1486.0,1421.8713
2025-01-16 20:00:00,971.0,967.3649
2025-01-16 21:00:00,731.0,839.73535
2025-01-16 22:00:00,592.0,739.9867
2025-01-16 23:00:00,389.0,580.17957
2025-01-17 00:00:00,198.0,327.599
2025-01-17 01:00:00,72.0,150.13159
2025-01-17 02:00:00,75.0,91.590576
2025-01-17 03:00:00,82.0,77.4729
2025-01-17 04:00:00,142.0,100.31232
2025-01-17 05:00:00,385.0,213.06665
2025-01-17 06:00:00,1234.0,889.309
2025-01-17 07:00:00,1872.0,1586.6661
2025-01-17 08:00:00,1868.0,1608.2806
2025-01-17 09:00:00,1318.0,1568.5986
2025-01-17 10:00:00,1717.0,1571.716
2025-01-17 11:00:00,1767.0,1583.8069
2025-01-17 12:00:00,1794.0,1634.4958
2025-01-17 13:00:00,2074.0,1742.8799
2025-01-17 14:00:00,2270.0,2032.8003
2025-01-17 15:00:00,2431.0,2470.8652
2025-01-17 16:00:00,2954.0,2660.1953
2025-01-17 17:00:00,2582.0,2624.2034
2025-01-17 18:00:00,2574.0,2409.9604
2025-01-17 19:00:00,2014.0,1740.6415
2025-01-17 20:00:00,1522.0,1097.1698
2025-01-17 21:00:00,949.0,909.8956
2025-01-17 22:00:00,846.0,786.80945
2025-01-17 23:00:00,745.0,648.4502
2025-01-18 00:00:00,433.0,554.84094
2025-01-18 01:00:00,212.0,383.5766
2025-01-18 02:00:00,125.0,233.35706
2025-01-18 03:00:00,97.0,159.30603
2025-01-18 04:00:00,106.0,148.75525
2025-01-18 05:00:00,231.0,186.45062
2025-01-18 06:00:00,804.0,324.61804
2025-01-18 07:00:00,2205.0,812.5089
2025-01-18 08:00:00,2525.0,1466.5259
2025-01-18 09:00:00,2534.0,1952.8923
2025-01-18 10:00:00,2430.0,2093.8672
2025-01-18 11:00:00,2558.0,2118.4912
2025-01-18 12:00:00,2137.0,2087.9512
2025-01-18 13:00:00,1947.0,2020.5582
2025-01-18 14:00:00,1937.0,1929.3451
2025-01-18 15:00:00,1811.0,1816.5803
2025-01-18 16:00:00,1786.0,1686.1954
2025-01-18 17:00:00,1641.0,1585.5651
2025-01-18 18:00:00,1373.0,1320.565
2025-01-18 19:00:00,964.0,1016.31384
2025-01-18 20:00:00,794.0,849.3076
2025-01-18 21:00:00,704.0,790.20166
2025-01-18 22:00:00,742.0,746.48486
2025-01-18 23:00:00,821.0,673.8862
2025-01-19 00:00:00,593.0,499.44763
2025-01-19 01:00:00,294.0,384.01318
2025-01-19 02:00:00,180.0,239.54932
2025-01-19 03:00:00,127.0,166.39612
2025-01-19 04:00:00,110.0,162.29047
2025-01-19 05:00:00,94.0,191.45197
2025-01-19 06:00:00,328.0,242.15863
2025-01-19 07:00:00,1015.0,423.96893
2025-01-19 08:00:00,1252.0,706.708
2025-01-19 09:00:00,1393.0,1212.631
2025-01-19 10:00:00,1617.0,1625.1898
2025-01-19 11:00:00,1690.0,1683.1796
2025-01-19 12:00:00,1532.0,1680.6797
2025-01-19 13:00:00,1493.0,1621.0532
2025-01-19 14:00:00,1297.0,1542.6328
2025-01-19 15:00:00,1290.0,1480.0907
2025-01-19 16:00:00,1394.0,1459.0524
2025-01-19 17:00:00,1444.0,1472.6711
2025-01-19 18:00:00,1289.0,1260.4648
2025-01-19 19:00:00,1031.0,1032.8435
2025-01-19 20:00:00,953.0,887.4772
2025-01-19 21:00:00,665.0,810.5309
2025-01-19 22:00:00,431.0,697.469
2025-01-19 23:00:00,253.0,591.85223
2025-01-20 00:00:00,111.0,235.906
2025-01-20 01:00:00,76.0,117.802246
2025-01-20 02:00:00,42.0,92.34302
2025-01-20 03:00:00,47.0,96.81506
2025-01-20 04:00:00,111.0,160.49762
2025-01-20 05:00:00,403.0,344.2141
2025-01-20 06:00:00,1329.0,1197.688
2025-01-20 07:00:00,1885.0,1671.6251
2025-01-20 08:00:00,1801.0,1625.9636
2025-01-20 09:00:00,1341.0,1510.6416
2025-01-20 10:00:00,1220.0,1431.6101
2025-01-20 11:00:00,1234.0,1390.5969
2025-01-20 12:00:00,1283.0,1374.1154
2025-01-20 13:00:00,1336.0,1377.1014
2025-01-20 14:00:00,1447.0,1431.0386
2025-01-20 15:00:00,1611.0,1842.3401
2025-01-20 16:00:00,2400.0,2406.6614
2025-01-20 17:00:00,2502.0,2505.4585
2025-01-20 18:00:00,2004.0,2009.5933
2025-01-20 19:00:00,1066.0,1160.846
2025-01-20 20:00:00,698.0,799.54004
2025-01-20 21:00:00,562.0,695.6357
2025-01-20 22:00:00,416.0,586.4834
2025-01-20 23:00:00,246.0,419.84436
2025-01-21 00:00:00,116.0,224.47058
2025-01-21 01:00:00,81.0,124.182495
2025-01-21 02:00:00,33.0,95.912476
2025-01-21 03:00:00,54.0,102.22485
2025-01-21 04:00:00,101.0,135.48822
2025-01-21 05:00:00,374.0,313.09985
2025-01-21 06:00:00,1351.0,1165.2224
2025-01-21 07:00:00,1813.0,1710.4434
2025-01-21 08:00:00,1736.0,1605.482
2025-01-21 09:00:00,1374.0,1478.5105
2025-01-21 10:00:00,1237.0,1400.3848
2025-01-21 11:00:00,1218.0,1382.7771
2025-01-21 12:00:00,1328.0,1384.8965
2025-01-21 13:00:00,1379.0,1389.2516
2025-01-21 14:00:00,1546.0,1430.1641
2025-01-21 15:00:00,1950.0,1807.906
2025-01-21 16:00:00,2595.0,2446.4624
2025-01-21 17:00:00,2714.0,2544.9067
2025-01-21 18:00:00,2219.0,2094.618
2025-01-21 19:00:00,1241.0,1254.7078
2025-01-21 20:00:00,821.0,867.04144
2025-01-21 21:00:00,603.0,737.1428
2025-01-21 22:00:00,640.0,624.38275
2025-01-21 23:00:00,358.0,422.68353
2025-01-22 00:00:00,113.0,250.19745
2025-01-22 01:00:00,60.0,136.86792
2025-01-22 02:00:00,43.0,103.43646
2025-01-22 03:00:00,40.0,99.769775
2025-01-22 04:00:00,84.0,133.4367
2025-01-22 05:00:00,385.0,299.46906
2025-01-22 06:00:00,1282.0,1144.4985
2025-01-22 07:00:00,1878.0,1693.9084
2025-01-22 08:00:00,1750.0,1614.2268
2025-01-22 09:00:00,1368.0,1503.0234
2025-01-22 10:00:00,1294.0,1444.2548
2025-01-22 11:00:00,1354.0,1423.5087
2025-01-22 12:00:00,1473.0,1427.8505
2025-01-22 13:00:00,1637.0,1442.5826
2025-01-22 14:00:00,1671.0,1490.7632
2025-01-22 15:00:00,1832.0,1909.8956
2025-01-22 16:00:00,2725.0,2519.8833
2025-01-22 17:00:00,2809.0,2572.4053
2025-01-22 18:00:00,2239.0,2180.2651
2025-01-22 19:00:00,1321.0,1274.4257
2025-01-22 20:00:00,877.0,891.5767
2025-01-22 21:00:00,726.0,782.9976
2025-01-22 22:00:00,628.0,684.95715
2025-01-22 23:00:00,322.0,476.80896
2025-01-23 00:00:00,163.0,298.02966
2025-01-23 01:00:00,79.0,133.23505
2025-01-23 02:00:00,48.0,102.8457
2025-01-23 03:00:00,50.0,91.75757
2025-01-23 04:00:00,91.0,107.95026
2025-01-23 05:00:00,370.0,271.41724
2025-01-23 06:00:00,1322.0,1036.1039
2025-01-23 07:00:00,1842.0,1552.4329
2025-01-23 08:00:00,1790.0,1577.5864
2025-01-23 09:00:00,1477.0,1521.3031
2025-01-23 10:00:00,1489.0,1509.2323
2025-01-23 11:00:00,1380.0,1506.9752
2025-01-23 12:00:00,1425.0,1518.4658
2025-01-23 13:00:00,1483.0,1550.4724
2025-01-23 14:00:00,1765.0,1691.1265
2025-01-23 15:00:00,2092.0,2164.0132
2025-01-23 16:00:00,2829.0,2578.5107
2025-01-23 17:00:00,2859.0,2576.2156
2025-01-23 18:00:00,2446.0,2311.0874
2025-01-23 19:00:00,1617.0,1405.0247
2025-01-23 20:00:00,1069.0,964.7976
2025-01-23 21:00:00,834.0,843.99304
2025-01-23 22:00:00,724.0,742.197
2025-01-23 23:00:00,474.0,582.6799
2025-01-24 00:00:00,199.0,328.95886
2025-01-24 01:00:00,102.0,150.76678
2025-01-24 02:00:00,62.0,92.39685
2025-01-24 03:00:00,62.0,77.87109
2025-01-24 04:00:00,99.0,99.881775
2025-01-24 05:00:00,353.0,211.00629
2025-01-24 06:00:00,1213.0,901.5165
2025-01-24 07:00:00,2039.0,1589.2712
2025-01-24 08:00:00,1774.0,1603.706
2025-01-24 09:00:00,1554.0,1571.5264
2025-01-24 10:00:00,1733.0,1571.7827
2025-01-24 11:00:00,1797.0,1588.4456
2025-01-24 12:00:00,1906.0,1639.1545
2025-01-24 13:00:00,2185.0,1742.6208
2025-01-24 14:00:00,2569.0,2002.9757
2025-01-24 15:00:00,2878.0,2465.343
2025-01-24 16:00:00,2779.0,2641.357
2025-01-24 17:00:00,2283.0,2608.9211
2025-01-24 18:00:00,2359.0,2395.3025
2025-01-24 19:00:00,2307.0,1708.1969
2025-01-24 20:00:00,1580.0,1091.2368
2025-01-24 21:00:00,1096.0,903.70636
2025-01-24 22:00:00,906.0,783.5336
2025-01-24 23:00:00,779.0,642.1633
2025-01-25 00:00:00,441.0,544.7048
2025-01-25 01:00:00,228.0,380.3725
2025-01-25 02:00:00,160.0,233.94965
2025-01-25 03:00:00,106.0,162.82867
2025-01-25 04:00:00,116.0,152.57666
2025-01-25 05:00:00,199.0,188.2193
2025-01-25 06:00:00,830.0,334.18213
2025-01-25 07:00:00,2100.0,854.05176
2025-01-25 08:00:00,2058.0,1402.7555
2025-01-25 09:00:00,2420.0,1966.2302
2025-01-25 10:00:00,2656.0,2149.0674
2025-01-25 11:00:00,2626.0,2190.6865
2025-01-25 12:00:00,2354.0,2174.4229
2025-01-25 13:00:00,2293.0,2032.3623
2025-01-25 14:00:00,2159.0,1925.7018
2025-01-25 15:00:00,2081.0,1760.1405
2025-01-25 16:00:00,2062.0,1680.3811
2025-01-25 17:00:00,1976.0,1579.2692
2025-01-25 18:00:00,1583.0,1307.3689
2025-01-25 19:00:00,1081.0,1034.6943
2025-01-25 20:00:00,825.0,855.4016
2025-01-25 21:00:00,756.0,798.64514
2025-01-25 22:00:00,807.0,743.30786
2025-01-25 23:00:00,794.0,660.5982
2025-01-26 00:00:00,567.0,482.68805
2025-01-26 01:00:00,340.0,381.56976
2025-01-26 02:00:00,215.0,253.10901
2025-01-26 03:00:00,168.0,190.91779
2025-01-26 04:00:00,132.0,171.91449
2025-01-26 05:00:00,147.0,193.46344
2025-01-26 06:00:00,395.0,249.16693
2025-01-26 07:00:00,1121.0,433.1007
2025-01-26 08:00:00,1293.0,684.3981
2025-01-26 09:00:00,1489.0,1469.0795
2025-01-26 10:00:00,1803.0,1849.0165
2025-01-26 11:00:00,1927.0,1869.8231
2025-01-26 12:00:00,1734.0,1811.801
2025-01-26 13:00:00,1657.0,1705.6348
2025-01-26 14:00:00,1599.0,1570.9882
2025-01-26 15:00:00,1588.0,1476.2311
2025-01-26 16:00:00,1561.0,1459.5063
2025-01-26 17:00:00,1530.0,1470.0615
2025-01-26 18:00:00,1353.0,1264.602
2025-01-26 19:00:00,1183.0,1060.9342
2025-01-26 20:00:00,915.0,896.9944
2025-01-26 21:00:00,697.0,810.8774
2025-01-26 22:00:00,420.0,689.3237
2025-01-26 23:00:00,253.0,581.29285
2025-01-27 00:00:00,109.0,235.0426
2025-01-27 01:00:00,62.0,115.86572
2025-01-27 02:00:00,38.0,90.32446
2025-01-27 03:00:00,44.0,98.43677
2025-01-27 04:00:00,106.0,154.15808
2025-01-27 05:00:00,396.0,347.42584
2025-01-27 06:00:00,1363.0,1213.138
2025-01-27 07:00:00,1916.0,1686.1234
2025-01-27 08:00:00,1881.0,1644.4807
2025-01-27 09:00:00,1523.0,1534.6785
2025-01-27 10:00:00,1387.0,1440.1078
2025-01-27 11:00:00,1419.0,1396.9745
2025-01-27 12:00:00,1308.0,1377.213
2025-01-27 13:00:00,1320.0,1370.1414
2025-01-27 14:00:00,1423.0,1404.5002
2025-01-27 15:00:00,1677.0,1811.1179
2025-01-27 16:00:00,2390.0,2326.9844
2025-01-27 17:00:00,2610.0,2430.9688
2025-01-27 18:00:00,1910.0,1971.8594
2025-01-27 19:00:00,1146.0,1439.2568
2025-01-27 20:00:00,748.0,1014.7933
2025-01-27 21:00:00,643.0,692.52295
2025-01-27 22:00:00,428.0,585.44434
2025-01-27 23:00:00,262.0,418.89233
2025-01-28 00:00:00,107.0,228.14282
2025-01-28 01:00:00,63.0,115.37109
2025-01-28 02:00:00,41.0,86.00659
2025-01-28 03:00:00,60.0,101.593445
2025-01-28 04:00:00,86.0,175.20258
2025-01-28 05:00:00,387.0,368.47766
2025-01-28 06:00:00,1309.0,1192.9221
2025-01-28 07:00:00,1876.0,1627.5116
2025-01-28 08:00:00,1860.0,1573.2373
2025-01-28 09:00:00,1478.0,1478.7338
2025-01-28 10:00:00,1347.0,1400.9453
2025-01-28 11:00:00,1257.0,1380.594
2025-01-28 12:00:00,1271.0,1381.5806
2025-01-28 13:00:00,1344.0,1385.7852
2025-01-28 14:00:00,1500.0,1420.003
2025-01-28 15:00:00,1736.0,1789.8418
2025-01-28 16:00:00,2619.0,2446.1396
2025-01-28 17:00:00,2720.0,2540.9739
2025-01-28 18:00:00,2202.0,2084.3193
2025-01-28 19:00:00,1198.0,1241.852
2025-01-28 20:00:00,851.0,874.5307
2025-01-28 21:00:00,632.0,738.13855
2025-01-28 22:00:00,633.0,626.6007
2025-01-28 23:00:00,331.0,431.03943
2025-01-29 00:00:00,140.0,250.54462
2025-01-29 01:00:00,77.0,135.22632
2025-01-29 02:00:00,44.0,106.00989
2025-01-29 03:00:00,54.0,100.226685
2025-01-29 04:00:00,88.0,121.293274
2025-01-29 05:00:00,336.0,297.6823
2025-01-29 06:00:00,1332.0,1170.4413
2025-01-29 07:00:00,1891.0,1700.3633
2025-01-29 08:00:00,1841.0,1615.2444
2025-01-29 09:00:00,1445.0,1526.4136
2025-01-29 10:00:00,1323.0,1498.8391
2025-01-29 11:00:00,1514.0,1455.6722
2025-01-29 12:00:00,1453.0,1441.6384
2025-01-29 13:00:00,1564.0,1457.8179
2025-01-29 14:00:00,1532.0,1503.7162
2025-01-29 15:00:00,1937.0,1900.6912
2025-01-29 16:00:00,2627.0,2506.8608
2025-01-29 17:00:00,2839.0,2564.1978
2025-01-29 18:00:00,2302.0,2169.2952
2025-01-29 19:00:00,1383.0,1260.7577
2025-01-29 20:00:00,918.0,895.32074
2025-01-29 21:00:00,700.0,790.6354
2025-01-29 22:00:00,599.0,687.56934
2025-01-29 23:00:00,357.0,482.0299
2025-01-30 00:00:00,141.0,300.0227
2025-01-30 01:00:00,75.0,133.66888
2025-01-30 02:00:00,49.0,103.40686
2025-01-30 03:00:00,52.0,92.191895
2025-01-30 04:00:00,106.0,108.17456
2025-01-30 05:00:00,367.0,270.69727
2025-01-30 06:00:00,1250.0,1042.9753
2025-01-30 07:00:00,1845.0,1647.9629
2025-01-30 08:00:00,1739.0,1617.653
2025-01-30 09:00:00,1401.0,1566.1111
2025-01-30 10:00:00,1412.0,1522.2949
2025-01-30 11:00:00,1372.0,1508.3672
2025-01-30 12:00:00,1460.0,1519.5349
2025-01-30 13:00:00,1585.0,1550.8665
2025-01-30 14:00:00,1605.0,1687.3684
2025-01-30 15:00:00,2046.0,2159.8027
2025-01-30 16:00:00,2815.0,2578.214
2025-01-30 17:00:00,2929.0,2576.2212
2025-01-30 18:00:00,2407.0,2309.7031
2025-01-30 19:00:00,1588.0,1399.1893
2025-01-30 20:00:00,1104.0,963.0231
2025-01-30 21:00:00,795.0,848.07117
2025-01-30 22:00:00,622.0,744.4966
2025-01-30 23:00:00,427.0,584.3503
2025-01-31 00:00:00,178.0,326.07397
2025-01-31 01:00:00,101.0,153.818
2025-01-31 02:00:00,55.0,86.99365
2025-01-31 03:00:00,84.0,79.35571
2025-01-31 04:00:00,100.0,99.13397
2025-01-31 05:00:00,337.0,204.87347
2025-01-31 06:00:00,1151.0,929.8978
2025-01-31 07:00:00,1855.0,1409.8782
2025-01-31 08:00:00,1913.0,1553.6345
2025-01-31 09:00:00,1580.0,1557.9109
2025-01-31 10:00:00,1748.0,1565.6975
2025-01-31 11:00:00,1732.0,1591.5554
2025-01-31 12:00:00,1846.0,1635.4707
2025-01-31 13:00:00,2233.0,1749.8347
2025-01-31 14:00:00,2442.0,2044.2327
2025-01-31 15:00:00,2949.0,2480.415
2025-01-31 16:00:00,3101.0,2657.881
2025-01-31 17:00:00,2502.0,2622.4912
2025-01-31 18:00:00,2640.0,2406.7524
2025-01-31 19:00:00,2112.0,1729.2429
2025-01-31 20:00:00,1498.0,1098.9352
2025-01-31 21:00:00,973.0,909.4326
2025-01-31 22:00:00,840.0,787.41785
2025-01-31 23:00:00,802.0,649.0954
2025-02-01 00:00:00,456.0,557.0273
2025-02-01 01:00:00,242.0,387.39282
2025-02-01 02:00:00,151.0,240.44116
2025-02-01 03:00:00,116.0,162.22101
2025-02-01 04:00:00,135.0,151.84387
2025-02-01 05:00:00,231.0,193.48407
2025-02-01 06:00:00,560.0,350.07147
2025-02-01 07:00:00,1178.0,898.81915
2025-02-01 08:00:00,1677.0,1532.1307
2025-02-01 09:00:00,2123.0,1998.5864
2025-02-01 10:00:00,2399.0,2115.2712
2025-02-01 11:00:00,2445.0,2139.806
2025-02-01 12:00:00,2295.0,2110.237
2025-02-01 13:00:00,2187.0,2039.7396
2025-02-01 14:00:00,2072.0,1920.573
2025-02-01 15:00:00,1956.0,1802.8182
2025-02-01 16:00:00,1948.0,1720.0835
2025-02-01 17:00:00,1851.0,1622.5421
2025-02-01 18:00:00,1520.0,1357.2529
2025-02-01 19:00:00,1089.0,1044.2665
2025-02-01 20:00:00,893.0,854.5207
2025-02-01 21:00:00,814.0,794.3687
2025-02-01 22:00:00,822.0,745.7709
2025-02-01 23:00:00,831.0,676.45166
2025-02-02 00:00:00,528.0,496.50464
2025-02-02 01:00:00,330.0,386.74066
2025-02-02 02:00:00,209.0,244.9762
2025-02-02 03:00:00,146.0,168.33661
2025-02-02 04:00:00,126.0,168.01569
2025-02-02 05:00:00,146.0,195.76141
2025-02-02 06:00:00,272.0,248.20856
2025-02-02 07:00:00,565.0,440.57208
2025-02-02 08:00:00,886.0,747.90393
2025-02-02 09:00:00,1398.0,1273.3052
2025-02-02 10:00:00,1789.0,1682.3252
2025-02-02 11:00:00,1897.0,1725.1628
2025-02-02 12:00:00,1750.0,1716.122
2025-02-02 13:00:00,1715.0,1647.0007
2025-02-02 14:00:00,1609.0,1560.2896
2025-02-02 15:00:00,1547.0,1498.0586
2025-02-02 16:00:00,1573.0,1478.6904
2025-02-02 17:00:00,1563.0,1496.2345
2025-02-02 18:00:00,1351.0,1283.7816
2025-02-02 19:00:00,1088.0,1056.2683
2025-02-02 20:00:00,928.0,885.79663
2025-02-02 21:00:00,743.0,806.7563
2025-02-02 22:00:00,532.0,697.1957
2025-02-02 23:00:00,369.0,590.19543
2025-02-03 00:00:00,165.0,255.5589
2025-02-03 01:00:00,79.0,122.68115
2025-02-03 02:00:00,49.0,99.19446
2025-02-03 03:00:00,52.0,102.91565
2025-02-03 04:00:00,100.0,161.16498
2025-02-03 05:00:00,383.0,350.7412
2025-02-03 06:00:00,1231.0,1262.5779
2025-02-03 07:00:00,1650.0,1687.0962
2025-02-03 08:00:00,1619.0,1627.4012
2025-02-03 09:00:00,1441.0,1506.9285
2025-02-03 10:00:00,1455.0,1429.4335
2025-02-03 11:00:00,1451.0,1399.4626
2025-02-03 12:00:00,1442.0,1403.9178
2025-02-03 13:00:00,1408.0,1411.8372
2025-02-03 14:00:00,1543.0,1461.9059
2025-02-03 15:00:00,1721.0,1869.5798
2025-02-03 16:00:00,2350.0,2446.6348
2025-02-03 17:00:00,2725.0,2522.8455
2025-02-03 18:00:00,1964.0,2044.3162
2025-02-03 19:00:00,1087.0,1207.096
2025-02-03 20:00:00,746.0,824.801
2025-02-03 21:00:00,588.0,705.3456
2025-02-03 22:00:00,436.0,603.5429
2025-02-03 23:00:00,272.0,439.15155
2025-02-04 00:00:00,107.0,244.19604
2025-02-04 01:00:00,71.0,130.1795
2025-02-04 02:00:00,44.0,103.05615
2025-02-04 03:00:00,48.0,108.05231
2025-02-04 04:00:00,102.0,142.0108
2025-02-04 05:00:00,391.0,318.8756
2025-02-04 06:00:00,1437.0,1240.388
2025-02-04 07:00:00,1937.0,1718.578
2025-02-04 08:00:00,2102.0,1603.1648
2025-02-04 09:00:00,1651.0,1480.1204
2025-02-04 10:00:00,1540.0,1398.4109
2025-02-04 11:00:00,1482.0,1407.0764
2025-02-04 12:00:00,1289.0,1406.8094
2025-02-04 13:00:00,1427.0,1403.9878
2025-02-04 14:00:00,1534.0,1460.0631
2025-02-04 15:00:00,1895.0,1853.3118
2025-02-04 16:00:00,2649.0,2451.505
2025-02-04 17:00:00,2772.0,2561.3435
2025-02-04 18:00:00,2222.0,2132.1084
2025-02-04 19:00:00,1326.0,1287.2128
2025-02-04 20:00:00,844.0,885.95374
2025-02-04 21:00:00,664.0,749.0658
2025-02-04 22:00:00,550.0,639.4911
2025-02-04 23:00:00,330.0,447.8299
2025-02-05 00:00:00,118.0,273.2284
2025-02-05 01:00:00,66.0,143.26575
2025-02-05 02:00:00,47.0,109.82605
2025-02-05 03:00:00,46.0,106.25604
2025-02-05 04:00:00,105.0,140.20013
2025-02-05 05:00:00,401.0,304.6128
2025-02-05 06:00:00,1364.0,1205.2941
2025-02-05 07:00:00,2054.0,1702.4888
2025-02-05 08:00:00,1978.0,1607.8054
2025-02-05 09:00:00,1681.0,1500.2983
2025-02-05 10:00:00,1552.0,1443.8995
2025-02-05 11:00:00,1558.0,1426.677
2025-02-05 12:00:00,1564.0,1432.4735
2025-02-05 13:00:00,1544.0,1447.491
2025-02-05 14:00:00,1618.0,1504.2683
2025-02-05 15:00:00,1904.0,1945.2139
2025-02-05 16:00:00,2620.0,2540.1543
2025-02-05 17:00:00,2733.0,2595.2078
2025-02-05 18:00:00,2242.0,2240.724
2025-02-05 19:00:00,1312.0,1342.2574
2025-02-05 20:00:00,899.0,919.88513
2025-02-05 21:00:00,679.0,797.4683
2025-02-05 22:00:00,581.0,697.7241
2025-02-05 23:00:00,310.0,506.77515
2025-02-06 00:00:00,115.0,325.56555
2025-02-06 01:00:00,69.0,147.67004
2025-02-06 02:00:00,43.0,109.72925
2025-02-06 03:00:00,43.0,97.79443
2025-02-06 04:00:00,115.0,113.15985
2025-02-06 05:00:00,414.0,282.52795
2025-02-06 06:00:00,1413.0,1117.6261
2025-02-06 07:00:00,2076.0,1656.0569
2025-02-06 08:00:00,2008.0,1612.2668
2025-02-06 09:00:00,1586.0,1534.4879
2025-02-06 10:00:00,1526.0,1513.6094
2025-02-06 11:00:00,1501.0,1513.5673
2025-02-06 12:00:00,1441.0,1526.7129
2025-02-06 13:00:00,1494.0,1565.1155
2025-02-06 14:00:00,1745.0,1709.4368
2025-02-06 15:00:00,2018.0,2220.9944
2025-02-06 16:00:00,2697.0,2599.0742
2025-02-06 17:00:00,2804.0,2603.539
2025-02-06 18:00:00,2455.0,2372.837
2025-02-06 19:00:00,1513.0,1513.8115
2025-02-06 20:00:00,972.0,997.12
2025-02-06 21:00:00,761.0,860.34827
2025-02-06 22:00:00,733.0,758.7975
2025-02-06 23:00:00,420.0,615.7035
2025-02-07 00:00:00,199.0,359.5954
2025-02-07 01:00:00,102.0,168.107
2025-02-07 02:00:00,66.0,96.108154
2025-02-07 03:00:00,51.0,80.67273
2025-02-07 04:00:00,108.0,103.18439
2025-02-07 05:00:00,365.0,232.69812
2025-02-07 06:00:00,1261.0,967.1831
2025-02-07 07:00:00,2014.0,1606.3467
2025-02-07 08:00:00,1858.0,1611.119
2025-02-07 09:00:00,1668.0,1614.4762
2025-02-07 10:00:00,1760.0,1596.7932
2025-02-07 11:00:00,1781.0,1601.8336
2025-02-07 12:00:00,1876.0,1650.6287
2025-02-07 13:00:00,2120.0,1747.7295
2025-02-07 14:00:00,2389.0,2042.6897
2025-02-07 15:00:00,2725.0,2489.8965
2025-02-07 16:00:00,3164.0,2678.371
2025-02-07 17:00:00,2635.0,2646.041
2025-02-07 18:00:00,2621.0,2442.4744
2025-02-07 19:00:00,1997.0,1819.5505
2025-02-07 20:00:00,1429.0,1144.2471
2025-02-07 21:00:00,949.0,941.33466
2025-02-07 22:00:00,730.0,803.60864
2025-02-07 23:00:00,693.0,678.8567
2025-02-08 00:00:00,369.0,562.313
2025-02-08 01:00:00,206.0,389.6178
2025-02-08 02:00:00,132.0,241.12701
2025-02-08 03:00:00,101.0,160.91284
2025-02-08 04:00:00,98.0,151.38855
2025-02-08 05:00:00,210.0,194.83191
2025-02-08 06:00:00,776.0,351.1927
2025-02-08 07:00:00,1675.0,897.67993
2025-02-08 08:00:00,1991.0,1594.7579
2025-02-08 09:00:00,2324.0,2101.4766
2025-02-08 10:00:00,2887.0,2173.6987
2025-02-08 11:00:00,2884.0,2143.9116
2025-02-08 12:00:00,2684.0,2111.6743
2025-02-08 13:00:00,2746.0,2053.3147
2025-02-08 14:00:00,2558.0,1972.8241
2025-02-08 15:00:00,2169.0,1845.8755
2025-02-08 16:00:00,2061.0,1722.8885
2025-02-08 17:00:00,1921.0,1624.6116
2025-02-08 18:00:00,1538.0,1356.7119
2025-02-08 19:00:00,1030.0,1047.5804
2025-02-08 20:00:00,847.0,855.66003
2025-02-08 21:00:00,691.0,796.37634
2025-02-08 22:00:00,696.0,745.5457
2025-02-08 23:00:00,691.0,675.32605
2025-02-09 00:00:00,444.0,494.1471
2025-02-09 01:00:00,294.0,386.47644
2025-02-09 02:00:00,188.0,246.41492
2025-02-09 03:00:00,135.0,169.62598
2025-02-09 04:00:00,114.0,169.36304
2025-02-09 05:00:00,143.0,196.3006
2025-02-09 06:00:00,270.0,250.12396
2025-02-09 07:00:00,740.0,447.09906
2025-02-09 08:00:00,1068.0,744.8773
2025-02-09 09:00:00,1437.0,1254.9194
2025-02-09 10:00:00,1834.0,1683.1616
2025-02-09 11:00:00,1974.0,1733.9685
2025-02-09 12:00:00,1798.0,1721.5793
2025-02-09 13:00:00,1887.0,1665.1565
2025-02-09 14:00:00,1810.0,1558.0387
2025-02-09 15:00:00,1611.0,1493.8864
2025-02-09 16:00:00,1593.0,1468.4259
2025-02-09 17:00:00,1647.0,1501.6332
2025-02-09 18:00:00,1334.0,1282.3052
2025-02-09 19:00:00,1070.0,1059.7354
2025-02-09 20:00:00,851.0,884.53436
2025-02-09 21:00:00,632.0,805.9694
2025-02-09 22:00:00,370.0,698.01746
2025-02-09 23:00:00,284.0,591.13806
2025-02-10 00:00:00,115.0,257.26318
2025-02-10 01:00:00,51.0,123.67279
2025-02-10 02:00:00,35.0,100.18451
2025-02-10 03:00:00,44.0,103.40161
2025-02-10 04:00:00,134.0,161.41718
2025-02-10 05:00:00,406.0,352.95575
2025-02-10 06:00:00,1399.0,1267.8978
2025-02-10 07:00:00,1904.0,1686.6553
2025-02-10 08:00:00,1897.0,1627.3787
2025-02-10 09:00:00,1415.0,1507.357
2025-02-10 10:00:00,1422.0,1432.9723
2025-02-10 11:00:00,1360.0,1397.5049
2025-02-10 12:00:00,1351.0,1379.1796
2025-02-10 13:00:00,1459.0,1404.5167
2025-02-10 14:00:00,1486.0,1428.8644
2025-02-10 15:00:00,1745.0,1859.9243
2025-02-10 16:00:00,2381.0,2453.1294
2025-02-10 17:00:00,2717.0,2520.7012
2025-02-10 18:00:00,1880.0,2038.7251
2025-02-10 19:00:00,1112.0,1200.2072
2025-02-10 20:00:00,660.0,827.87134
2025-02-10 21:00:00,523.0,703.91077
2025-02-10 22:00:00,430.0,603.96075
2025-02-10 23:00:00,255.0,440.35754
2025-02-11 00:00:00,100.0,246.71423
2025-02-11 01:00:00,66.0,121.10388
2025-02-11 02:00:00,41.0,103.420044
2025-02-11 03:00:00,37.0,108.52405
2025-02-11 04:00:00,109.0,140.44489
2025-02-11 05:00:00,401.0,319.289
2025-02-11 06:00:00,1255.0,1252.1395
2025-02-11 07:00:00,1849.0,1719.8555
2025-02-11 08:00:00,1958.0,1604.5304
2025-02-11 09:00:00,1399.0,1476.9023
2025-02-11 10:00:00,1372.0,1400.0801
2025-02-11 11:00:00,1371.0,1382.2633
2025-02-11 12:00:00,1340.0,1382.0718
2025-02-11 13:00:00,1457.0,1384.5344
2025-02-11 14:00:00,1495.0,1425.315
2025-02-11 15:00:00,1888.0,1751.88
2025-02-11 16:00:00,2541.0,2483.8884
2025-02-11 17:00:00,2902.0,2553.675
2025-02-11 18:00:00,2212.0,2123.958
2025-02-11 19:00:00,1158.0,1238.4133
2025-02-11 20:00:00,760.0,846.78625
2025-02-11 21:00:00,592.0,738.89294
2025-02-11 22:00:00,480.0,632.69366
2025-02-11 23:00:00,305.0,452.4262
2025-02-12 00:00:00,112.0,278.60687
2025-02-12 01:00:00,72.0,141.67365
2025-02-12 02:00:00,33.0,112.6781
2025-02-12 03:00:00,47.0,107.11853
2025-02-12 04:00:00,106.0,134.03711
2025-02-12 05:00:00,401.0,305.78668
2025-02-12 06:00:00,1320.0,1224.1538
2025-02-12 07:00:00,1922.0,1702.518
2025-02-12 08:00:00,1799.0,1608.9258
2025-02-12 09:00:00,1609.0,1525.3766
2025-02-12 10:00:00,1493.0,1450.2446
2025-02-12 11:00:00,1528.0,1424.0016
2025-02-12 12:00:00,1463.0,1424.7335
2025-02-12 13:00:00,1578.0,1442.3461
2025-02-12 14:00:00,1680.0,1483.6472
2025-02-12 15:00:00,1958.0,1912.4957
2025-02-12 16:00:00,2627.0,2512.9692
2025-02-12 17:00:00,2861.0,2533.3022
2025-02-12 18:00:00,2092.0,2260.4326
2025-02-12 19:00:00,1221.0,1349.9343
2025-02-12 20:00:00,836.0,920.9447
2025-02-12 21:00:00,640.0,812.9156
2025-02-12 22:00:00,630.0,686.5606
2025-02-12 23:00:00,321.0,517.03424
2025-02-13 00:00:00,108.0,327.85193
2025-02-13 01:00:00,68.0,150.09698
2025-02-13 02:00:00,44.0,110.04901
2025-02-13 03:00:00,49.0,97.97797
2025-02-13 04:00:00,101.0,114.80914
2025-02-13 05:00:00,412.0,268.95386
2025-02-13 06:00:00,1322.0,1131.6204
2025-02-13 07:00:00,1902.0,1656.2408
2025-02-13 08:00:00,1816.0,1591.7888
2025-02-13 09:00:00,1422.0,1546.808
2025-02-13 10:00:00,1497.0,1498.1422
2025-02-13 11:00:00,1553.0,1492.5084
2025-02-13 12:00:00,1513.0,1505.9507
2025-02-13 13:00:00,1597.0,1544.5503
2025-02-13 14:00:00,1756.0,1722.6279
2025-02-13 15:00:00,2098.0,2201.412
2025-02-13 16:00:00,2716.0,2590.3682
2025-02-13 17:00:00,2799.0,2604.0732
2025-02-13 18:00:00,2356.0,2371.9688
2025-02-13 19:00:00,1422.0,1495.3606
2025-02-13 20:00:00,920.0,995.6577
2025-02-13 21:00:00,741.0,862.25806
2025-02-13 22:00:00,620.0,760.6629
2025-02-13 23:00:00,422.0,618.1393
2025-02-14 00:00:00,215.0,361.77832
2025-02-14 01:00:00,90.0,177.00342
2025-02-14 02:00:00,56.0,91.10388
2025-02-14 03:00:00,45.0,80.95056
2025-02-14 04:00:00,100.0,109.6145
2025-02-14 05:00:00,337.0,232.82184
2025-02-14 06:00:00,1152.0,980.8045
2025-02-14 07:00:00,1746.0,1608.1862
2025-02-14 08:00:00,1784.0,1610.1874
2025-02-14 09:00:00,1678.0,1571.935
2025-02-14 10:00:00,1864.0,1574.0486
2025-02-14 11:00:00,1938.0,1592.3693
2025-02-14 12:00:00,1938.0,1646.4796
2025-02-14 13:00:00,2111.0,1763.6285
2025-02-14 14:00:00,2332.0,2072.8892
2025-02-14 15:00:00,2909.0,2509.9326
2025-02-14 16:00:00,3039.0,2691.189
2025-02-14 17:00:00,2613.0,2655.3948
2025-02-14 18:00:00,2432.0,2453.8818
2025-02-14 19:00:00,1899.0,1842.2269
2025-02-14 20:00:00,1459.0,1155.0814
2025-02-14 21:00:00,978.0,948.6745
2025-02-14 22:00:00,857.0,806.25354
2025-02-14 23:00:00,791.0,683.53394
2025-02-15 00:00:00,420.0,564.8174
2025-02-15 01:00:00,201.0,390.64844
2025-02-15 02:00:00,133.0,241.54645
2025-02-15 03:00:00,117.0,160.8388
2025-02-15 04:00:00,111.0,152.07233
2025-02-15 05:00:00,280.0,196.09442
2025-02-15 06:00:00,930.0,353.5136
2025-02-15 07:00:00,2252.0,912.83466
2025-02-15 08:00:00,2392.0,1831.3286
2025-02-15 09:00:00,2571.0,2109.8535
2025-02-15 10:00:00,2816.0,2168.9707
2025-02-15 11:00:00,2916.0,2192.2075
2025-02-15 12:00:00,2777.0,2171.8718
2025-02-15 13:00:00,2492.0,2042.7075
2025-02-15 14:00:00,2078.0,1948.5464
2025-02-15 15:00:00,1778.0,1839.357
2025-02-15 16:00:00,1979.0,1742.1208
2025-02-15 17:00:00,1788.0,1631.5776
2025-02-15 18:00:00,1465.0,1375.224
2025-02-15 19:00:00,1006.0,1048.7164
2025-02-15 20:00:00,820.0,852.5553
2025-02-15 21:00:00,646.0,791.86426
2025-02-15 22:00:00,683.0,745.001
2025-02-15 23:00:00,668.0,680.75244
2025-02-16 00:00:00,435.0,500.2213
2025-02-16 01:00:00,255.0,386.00787
2025-02-16 02:00:00,155.0,242.27454
2025-02-16 03:00:00,131.0,162.66809
2025-02-16 04:00:00,132.0,163.79285
2025-02-16 05:00:00,115.0,195.80035
2025-02-16 06:00:00,314.0,247.72699
2025-02-16 07:00:00,960.0,440.22314
2025-02-16 08:00:00,1235.0,767.3878
2025-02-16 09:00:00,1391.0,1309.8401
2025-02-16 10:00:00,1724.0,1693.0852
2025-02-16 11:00:00,1960.0,1729.9158
2025-02-16 12:00:00,1773.0,1723.0962
2025-02-16 13:00:00,1742.0,1659.3455
2025-02-16 14:00:00,1629.0,1566.2848
2025-02-16 15:00:00,1552.0,1501.1333
2025-02-16 16:00:00,1484.0,1483.546
2025-02-16 17:00:00,1533.0,1499.3408
2025-02-16 18:00:00,1245.0,1288.3706
2025-02-16 19:00:00,1097.0,1053.2185
2025-02-16 20:00:00,878.0,881.1291
2025-02-16 21:00:00,711.0,804.86597
2025-02-16 22:00:00,413.0,699.1754
2025-02-16 23:00:00,299.0,592.15656
2025-02-17 00:00:00,153.0,259.01556
2025-02-17 01:00:00,55.0,124.47278
2025-02-17 02:00:00,25.0,101.025635
2025-02-17 03:00:00,44.0,103.90729
2025-02-17 04:00:00,109.0,162.13434
2025-02-17 05:00:00,445.0,357.1479
2025-02-17 06:00:00,1348.0,1273.2485
2025-02-17 07:00:00,2053.0,1686.2925
2025-02-17 08:00:00,1898.0,1627.2168
2025-02-17 09:00:00,1544.0,1506.8226
2025-02-17 10:00:00,1507.0,1430.5531
2025-02-17 11:00:00,1436.0,1391.7954
2025-02-17 12:00:00,1361.0,1378.2878
2025-02-17 13:00:00,1425.0,1382.9081
2025-02-17 14:00:00,1544.0,1446.589
2025-02-17 15:00:00,1741.0,1885.7441
2025-02-17 16:00:00,2476.0,2452.7993
2025-02-17 17:00:00,2443.0,2526.4248
2025-02-17 18:00:00,1949.0,2052.2349
2025-02-17 19:00:00,1166.0,1220.5728
2025-02-17 20:00:00,744.0,828.711
2025-02-17 21:00:00,540.0,710.17676
2025-02-17 22:00:00,427.0,608.45685
2025-02-17 23:00:00,284.0,442.58142
2025-02-18 00:00:00,107.0,246.68903
2025-02-18 01:00:00,60.0,130.98297
2025-02-18 02:00:00,39.0,104.38391
2025-02-18 03:00:00,43.0,109.26343
2025-02-18 04:00:00,96.0,143.48871
2025-02-18 05:00:00,403.0,319.81323
2025-02-18 06:00:00,1321.0,1250.9578
2025-02-18 07:00:00,1939.0,1719.1776
2025-02-18 08:00:00,1797.0,1603.6973
2025-02-18 09:00:00,1603.0,1481.1115
2025-02-18 10:00:00,1459.0,1399.7612
2025-02-18 11:00:00,1413.0,1385.1108
2025-02-18 12:00:00,1385.0,1385.7971
2025-02-18 13:00:00,1410.0,1389.1685
2025-02-18 14:00:00,1561.0,1440.6023
2025-02-18 15:00:00,1771.0,1842.008
2025-02-18 16:00:00,2515.0,2490.2021
2025-02-18 17:00:00,2767.0,2564.701
2025-02-18 18:00:00,2010.0,2137.3076
2025-02-18 19:00:00,1196.0,1288.3136
2025-02-18 20:00:00,764.0,889.77576
2025-02-18 21:00:00,628.0,752.41174
2025-02-18 22:00:00,516.0,641.5624
2025-02-18 23:00:00,412.0,452.3482
2025-02-19 00:00:00,162.0,277.08282
2025-02-19 01:00:00,68.0,143.59894
2025-02-19 02:00:00,41.0,111.01373
2025-02-19 03:00:00,50.0,107.18402
2025-02-19 04:00:00,92.0,141.00598
2025-02-19 05:00:00,385.0,306.0315
2025-02-19 06:00:00,1369.0,1213.7188
2025-02-19 07:00:00,2008.0,1703.2783
2025-02-19 08:00:00,1859.0,1607.2329
2025-02-19 09:00:00,1635.0,1500.9539
2025-02-19 10:00:00,1689.0,1444.1744
2025-02-19 11:00:00,1542.0,1427.2638
2025-02-19 12:00:00,1478.0,1452.706
2025-02-19 13:00:00,1614.0,1471.2418
2025-02-19 14:00:00,1642.0,1527.9818
2025-02-19 15:00:00,1922.0,1935.1108
2025-02-19 16:00:00,2609.0,2545.417
2025-02-19 17:00:00,2797.0,2588.5112
2025-02-19 18:00:00,2169.0,2239.2947
2025-02-19 19:00:00,1244.0,1332.1616
2025-02-19 20:00:00,850.0,924.5405
2025-02-19 21:00:00,641.0,804.67395
2025-02-19 22:00:00,612.0,701.8815
2025-02-19 23:00:00,314.0,513.1266
2025-02-20 00:00:00,139.0,329.758
2025-02-20 01:00:00,77.0,148.67206
2025-02-20 02:00:00,45.0,110.9209
2025-02-20 03:00:00,46.0,98.8219
2025-02-20 04:00:00,108.0,114.22162
2025-02-20 05:00:00,402.0,277.97046
2025-02-20 06:00:00,1322.0,1134.5779
2025-02-20 07:00:00,2010.0,1658.427
2025-02-20 08:00:00,1924.0,1611.685
2025-02-20 09:00:00,1537.0,1533.0144
2025-02-20 10:00:00,1590.0,1513.2441
2025-02-20 11:00:00,1655.0,1512.7141
2025-02-20 12:00:00,1543.0,1523.4572
2025-02-20 13:00:00,1603.0,1558.6333
2025-02-20 14:00:00,1718.0,1719.7117
2025-02-20 15:00:00,2075.0,2200.6091
2025-02-20 16:00:00,2631.0,2597.3242
2025-02-20 17:00:00,2943.0,2593.5713
2025-02-20 18:00:00,2391.0,2360.211
2025-02-20 19:00:00,1593.0,1488.4921
2025-02-20 20:00:00,1034.0,990.98376
2025-02-20 21:00:00,820.0,866.04895
2025-02-20 22:00:00,662.0,764.0791
2025-02-20 23:00:00,380.0,620.3314
2025-02-21 00:00:00,168.0,362.6632
2025-02-21 01:00:00,81.0,169.89508
2025-02-21 02:00:00,51.0,97.681885
2025-02-21 03:00:00,54.0,80.63367
2025-02-21 04:00:00,115.0,102.55939
2025-02-21 05:00:00,377.0,230.18927
2025-02-21 06:00:00,1270.0,997.3741
2025-02-21 07:00:00,2117.0,1612.7822
2025-02-21 08:00:00,2012.0,1609.2961
2025-02-21 09:00:00,1844.0,1611.9302
2025-02-21 10:00:00,1960.0,1599.7057
2025-02-21 11:00:00,1881.0,1605.0579
2025-02-21 12:00:00,1940.0,1653.0059
2025-02-21 13:00:00,2258.0,1758.4799
2025-02-21 14:00:00,2444.0,2036.4984
2025-02-21 15:00:00,2610.0,2455.3882
2025-02-21 16:00:00,2938.0,2665.03
2025-02-21 17:00:00,2792.0,2630.1035
2025-02-21 18:00:00,2485.0,2428.8096
2025-02-21 19:00:00,2001.0,1787.5171
2025-02-21 20:00:00,1394.0,1141.1846
2025-02-21 21:00:00,951.0,938.03314
2025-02-21 22:00:00,733.0,804.7903
2025-02-21 23:00:00,682.0,676.80096
2025-02-22 00:00:00,424.0,554.281
2025-02-22 01:00:00,230.0,385.29547
2025-02-22 02:00:00,128.0,240.61511
2025-02-22 03:00:00,113.0,162.91626
2025-02-22 04:00:00,130.0,153.95618
2025-02-22 05:00:00,304.0,195.04163
2025-02-22 06:00:00,974.0,358.67938
2025-02-22 07:00:00,2139.0,929.50397
2025-02-22 08:00:00,2372.0,1532.9907
2025-02-22 09:00:00,2437.0,1994.2421
2025-02-22 10:00:00,2652.0,2117.0205
2025-02-22 11:00:00,2587.0,2208.0737
2025-02-22 12:00:00,2467.0,2190.2056
2025-02-22 13:00:00,2495.0,2080.7961
2025-02-22 14:00:00,2296.0,1944.3662
2025-02-22 15:00:00,2135.0,1799.9915
2025-02-22 16:00:00,2010.0,1712.0281
2025-02-22 17:00:00,1899.0,1613.225
2025-02-22 18:00:00,1424.0,1354.3617
2025-02-22 19:00:00,1032.0,1062.3906
2025-02-22 20:00:00,863.0,861.905
2025-02-22 21:00:00,745.0,797.0886
2025-02-22 22:00:00,674.0,743.80365
2025-02-22 23:00:00,804.0,670.5005
2025-02-23 00:00:00,541.0,484.8496
2025-02-23 01:00:00,286.0,385.11493
2025-02-23 02:00:00,199.0,250.19434
2025-02-23 03:00:00,148.0,178.66663
2025-02-23 04:00:00,109.0,174.7207
2025-02-23 05:00:00,133.0,196.82147
2025-02-23 06:00:00,299.0,256.20575
2025-02-23 07:00:00,788.0,461.04333
2025-02-23 08:00:00,970.0,748.4816
2025-02-23 09:00:00,1433.0,1251.724
2025-02-23 10:00:00,1690.0,1688.7488
2025-02-23 11:00:00,1808.0,1745.7314
2025-02-23 12:00:00,1771.0,1732.7095
2025-02-23 13:00:00,1707.0,1649.6553
2025-02-23 14:00:00,1576.0,1557.8029
2025-02-23 15:00:00,1497.0,1498.2408
2025-02-23 16:00:00,1438.0,1489.9739
2025-02-23 17:00:00,1437.0,1503.7188
2025-02-23 18:00:00,1283.0,1285.4633
2025-02-23 19:00:00,987.0,1081.0891
2025-02-23 20:00:00,867.0,888.0044
2025-02-23 21:00:00,623.0,805.3762
2025-02-23 22:00:00,385.0,690.42163
2025-02-23 23:00:00,281.0,583.46466
2025-02-24 00:00:00,134.0,258.14093
2025-02-24 01:00:00,74.0,125.73932
2025-02-24 02:00:00,26.0,100.412476
2025-02-24 03:00:00,44.0,104.97894
2025-02-24 04:00:00,103.0,159.59363
2025-02-24 05:00:00,476.0,343.91907
2025-02-24 06:00:00,1436.0,1280.9341
2025-02-24 07:00:00,1959.0,1695.7806
2025-02-24 08:00:00,1788.0,1631.5417
2025-02-24 09:00:00,1482.0,1513.4027
2025-02-24 10:00:00,1444.0,1436.9884
2025-02-24 11:00:00,1425.0,1390.9646
2025-02-24 12:00:00,1347.0,1374.4883
2025-02-24 13:00:00,1466.0,1377.9895
2025-02-24 14:00:00,1432.0,1444.5148
2025-02-24 15:00:00,1756.0,1854.042
2025-02-24 16:00:00,1756.0,2454.9272
2025-02-24 17:00:00,2432.0,2513.7336
2025-02-24 18:00:00,1848.0,2042.3552
2025-02-24 19:00:00,1111.0,1193.7078
2025-02-24 20:00:00,723.0,833.69507
2025-02-24 21:00:00,579.0,703.7352
2025-02-24 22:00:00,412.0,605.28455
2025-02-24 23:00:00,325.0,442.8471
2025-02-25 00:00:00,124.0,250.7096
2025-02-25 01:00:00,73.0,133.18762
2025-02-25 02:00:00,35.0,105.51288
2025-02-25 03:00:00,41.0,107.71246
2025-02-25 04:00:00,91.0,140.8999
2025-02-25 05:00:00,436.0,321.04102
2025-02-25 06:00:00,1145.0,1260.487
2025-02-25 07:00:00,2054.0,1720.1533
2025-02-25 08:00:00,1757.0,1606.0447
2025-02-25 09:00:00,1459.0,1489.8234
2025-02-25 10:00:00,1292.0,1402.4723
2025-02-25 11:00:00,1372.0,1382.0992
2025-02-25 12:00:00,1272.0,1381.32
2025-02-25 13:00:00,1379.0,1383.1061
2025-02-25 14:00:00,1601.0,1424.4673
2025-02-25 15:00:00,1875.0,1814.1626
2025-02-25 16:00:00,2508.0,2479.8708
2025-02-25 17:00:00,2717.0,2541.3037
2025-02-25 18:00:00,2050.0,2123.5574
2025-02-25 19:00:00,1181.0,1249.0934
2025-02-25 20:00:00,798.0,895.65967
2025-02-25 21:00:00,681.0,756.8257
2025-02-25 22:00:00,582.0,644.8562
2025-02-25 23:00:00,444.0,463.0838
2025-02-26 00:00:00,145.0,281.0747
2025-02-26 01:00:00,99.0,142.95624
2025-02-26 02:00:00,38.0,113.84717
2025-02-26 03:00:00,52.0,108.281555
2025-02-26 04:00:00,104.0,135.06775
2025-02-26 05:00:00,420.0,308.4724
2025-02-26 06:00:00,1282.0,1231.9353
2025-02-26 07:00:00,1752.0,1703.5708
2025-02-26 08:00:00,1696.0,1608.1482
2025-02-26 09:00:00,1489.0,1488.4338
2025-02-26 10:00:00,1463.0,1426.3684
2025-02-26 11:00:00,1436.0,1409.8402
2025-02-26 12:00:00,1436.0,1401.0835
2025-02-26 13:00:00,1568.0,1401.6703
2025-02-26 14:00:00,1697.0,1456.7642
2025-02-26 15:00:00,1966.0,1939.898
2025-02-26 16:00:00,2559.0,2477.5303
2025-02-26 17:00:00,2813.0,2587.8452
2025-02-26 18:00:00,2168.0,2238.1177
2025-02-26 19:00:00,1398.0,1329.9377
2025-02-26 20:00:00,902.0,925.244
2025-02-26 21:00:00,747.0,809.01416
2025-02-26 22:00:00,598.0,704.6715
2025-02-26 23:00:00,341.0,515.8132
2025-02-27 00:00:00,138.0,331.83826
2025-02-27 01:00:00,71.0,149.61755
2025-02-27 02:00:00,57.0,111.5224
2025-02-27 03:00:00,51.0,99.35193
2025-02-27 04:00:00,111.0,114.51886
2025-02-27 05:00:00,418.0,280.64587
2025-02-27 06:00:00,1340.0,1140.1222
2025-02-27 07:00:00,1898.0,1658.9761
2025-02-27 08:00:00,1850.0,1611.3291
2025-02-27 09:00:00,1501.0,1543.7009
2025-02-27 10:00:00,1531.0,1502.7251
2025-02-27 11:00:00,1496.0,1514.4368
2025-02-27 12:00:00,1432.0,1509.8029
2025-02-27 13:00:00,1594.0,1566.0918
2025-02-27 14:00:00,1778.0,1717.437
2025-02-27 15:00:00,1960.0,2227.5083
2025-02-27 16:00:00,2578.0,2602.4155
2025-02-27 17:00:00,2932.0,2604.7197
2025-02-27 18:00:00,2215.0,2376.7524
2025-02-27 19:00:00,1542.0,1521.2812
2025-02-27 20:00:00,1085.0,998.6957
2025-02-27 21:00:00,813.0,866.93884
2025-02-27 22:00:00,664.0,764.9258
2025-02-27 23:00:00,502.0,623.26184
2025-02-28 00:00:00,213.0,366.87982
2025-02-28 01:00:00,84.0,172.20099
2025-02-28 02:00:00,61.0,98.23981
2025-02-28 03:00:00,53.0,80.99219
2025-02-28 04:00:00,113.0,102.701294
2025-02-28 05:00:00,388.0,233.46478
2025-02-28 06:00:00,1206.0,1005.43555
2025-02-28 07:00:00,1982.0,1614.1967
2025-02-28 08:00:00,1923.0,1605.033
2025-02-28 09:00:00,1677.0,1572.4915
2025-02-28 10:00:00,1824.0,1573.8325
2025-02-28 11:00:00,1841.0,1590.0094
2025-02-28 12:00:00,1949.0,1647.8271
2025-02-28 13:00:00,2039.0,1775.4873
2025-02-28 14:00:00,2436.0,2090.6184
2025-02-28 15:00:00,2778.0,2507.5166
2025-02-28 16:00:00,3131.0,2679.0383
2025-02-28 17:00:00,2952.0,2646.7866
2025-02-28 18:00:00,2571.0,2443.7283
2025-02-28 19:00:00,2062.0,1816.4595
2025-02-28 20:00:00,1393.0,1151.2532
2025-02-28 21:00:00,1003.0,944.8346
2025-02-28 22:00:00,835.0,807.89844
2025-02-28 23:00:00,666.0,683.75616
2025-03-01 00:00:00,377.0,568.60876
2025-03-01 01:00:00,231.0,394.313
2025-03-01 02:00:00,126.0,247.64874
2025-03-01 03:00:00,117.0,162.98889
2025-03-01 04:00:00,134.0,158.32391
2025-03-01 05:00:00,247.0,205.04138
2025-03-01 06:00:00,711.0,384.78876
2025-03-01 07:00:00,1668.0,999.57544
2025-03-01 08:00:00,1766.0,1632.051
2025-03-01 09:00:00,1937.0,2049.5015
2025-03-01 10:00:00,2635.0,2134.2583
2025-03-01 11:00:00,2504.0,2158.5579
2025-03-01 12:00:00,2147.0,2130.4397
2025-03-01 13:00:00,2410.0,2067.817
2025-03-01 14:00:00,2200.0,1949.1697
2025-03-01 15:00:00,2096.0,1841.7192
2025-03-01 16:00:00,2047.0,1758.4077
2025-03-01 17:00:00,1914.0,1664.5363
2025-03-01 18:00:00,1404.0,1405.7979
2025-03-01 19:00:00,952.0,1091.2145
2025-03-01 20:00:00,830.0,869.15967
2025-03-01 21:00:00,681.0,795.3783
2025-03-01 22:00:00,751.0,743.499
2025-03-01 23:00:00,753.0,681.9123
2025-03-02 00:00:00,446.0,492.09387
2025-03-02 01:00:00,299.0,388.2364
2025-03-02 02:00:00,216.0,249.94775
2025-03-02 03:00:00,120.0,165.89886
2025-03-02 04:00:00,123.0,169.21906
2025-03-02 05:00:00,121.0,199.91394
2025-03-02 06:00:00,325.0,255.05841
2025-03-02 07:00:00,1106.0,471.9162
2025-03-02 08:00:00,1149.0,830.5952
2025-03-02 09:00:00,1437.0,1372.33
2025-03-02 10:00:00,1767.0,1743.655
2025-03-02 11:00:00,2028.0,1794.6115
2025-03-02 12:00:00,1919.0,1774.3655
2025-03-02 13:00:00,1731.0,1731.0354
2025-03-02 14:00:00,1692.0,1649.6227
2025-03-02 15:00:00,1549.0,1554.7345
2025-03-02 16:00:00,1479.0,1497.0325
2025-03-02 17:00:00,1565.0,1528.1781
2025-03-02 18:00:00,1328.0,1307.9913
2025-03-02 19:00:00,1136.0,1077.5344
2025-03-02 20:00:00,950.0,873.62695
2025-03-02 21:00:00,675.0,796.2548
2025-03-02 22:00:00,532.0,702.08484
2025-03-02 23:00:00,289.0,597.4342
2025-03-03 00:00:00,116.0,281.22546
2025-03-03 01:00:00,48.0,134.08295
2025-03-03 02:00:00,36.0,109.227356
2025-03-03 03:00:00,36.0,110.57941
2025-03-03 04:00:00,106.0,162.29895
2025-03-03 05:00:00,449.0,369.1493
2025-03-03 06:00:00,1393.0,1301.1536
2025-03-03 07:00:00,2043.0,1737.5146
2025-03-03 08:00:00,1880.0,1665.4198
2025-03-03 09:00:00,1626.0,1587.531
2025-03-03 10:00:00,1560.0,1509.6543
2025-03-03 11:00:00,1417.0,1448.3695
2025-03-03 12:00:00,1333.0,1421.8411
2025-03-03 13:00:00,1434.0,1426.6948
2025-03-03 14:00:00,1458.0,1485.7549
2025-03-03 15:00:00,1731.0,1892.1694
2025-03-03 16:00:00,2381.0,2410.322
2025-03-03 17:00:00,2534.0,2516.3638
2025-03-03 18:00:00,2046.0,2069.8667
2025-03-03 19:00:00,1131.0,1257.0824
2025-03-03 20:00:00,768.0,854.5552
2025-03-03 21:00:00,574.0,722.8158
2025-03-03 22:00:00,413.0,626.0717
2025-03-03 23:00:00,256.0,463.0916
2025-03-04 00:00:00,115.0,269.59192
2025-03-04 01:00:00,68.0,136.37347
2025-03-04 02:00:00,32.0,111.92236
2025-03-04 03:00:00,39.0,114.38495
2025-03-04 04:00:00,101.0,149.71497
2025-03-04 05:00:00,439.0,320.39484
2025-03-04 06:00:00,1312.0,1294.5256
2025-03-04 07:00:00,1906.0,1749.957
2025-03-04 08:00:00,1888.0,1674.1492
2025-03-04 09:00:00,1535.0,1570.5703
2025-03-04 10:00:00,1486.0,1477.2856
2025-03-04 11:00:00,1472.0,1430.0431
2025-03-04 12:00:00,1410.0,1413.3708
2025-03-04 13:00:00,1403.0,1406.8467
2025-03-04 14:00:00,1496.0,1462.7778
2025-03-04 15:00:00,1820.0,1874.1104
2025-03-04 16:00:00,2534.0,2453.3804
2025-03-04 17:00:00,2774.0,2556.1516
2025-03-04 18:00:00,2237.0,2159.6682
2025-03-04 19:00:00,1255.0,1286.4833
2025-03-04 20:00:00,862.0,911.945
2025-03-04 21:00:00,660.0,772.4235
2025-03-04 22:00:00,535.0,655.7155
2025-03-04 23:00:00,312.0,483.51074
2025-03-05 00:00:00,168.0,305.7801
2025-03-05 01:00:00,76.0,149.66492
2025-03-05 02:00:00,32.0,118.45868
2025-03-05 03:00:00,44.0,113.13159
2025-03-05 04:00:00,110.0,145.07257
2025-03-05 05:00:00,412.0,316.04022
2025-03-05 06:00:00,1384.0,1257.7205
2025-03-05 07:00:00,1990.0,1746.4424
2025-03-05 08:00:00,1972.0,1676.9622
2025-03-05 09:00:00,1819.0,1570.5006
2025-03-05 10:00:00,1544.0,1504.4786
2025-03-05 11:00:00,1565.0,1465.01
2025-03-05 12:00:00,1538.0,1455.7188
2025-03-05 13:00:00,1727.0,1465.5712
2025-03-05 14:00:00,1752.0,1525.6797
2025-03-05 15:00:00,1991.0,1945.974
2025-03-05 16:00:00,2587.0,2495.9053
2025-03-05 17:00:00,2804.0,2588.0781
2025-03-05 18:00:00,2203.0,2251.4941
2025-03-05 19:00:00,1363.0,1363.1855
2025-03-05 20:00:00,945.0,953.87085
2025-03-05 21:00:00,752.0,829.36145
2025-03-05 22:00:00,593.0,722.1641
2025-03-05 23:00:00,372.0,547.3728
2025-03-06 00:00:00,128.0,357.79266
2025-03-06 01:00:00,70.0,166.95374
2025-03-06 02:00:00,40.0,117.71228
2025-03-06 03:00:00,43.0,105.380005
2025-03-06 04:00:00,106.0,119.579285
2025-03-06 05:00:00,420.0,276.378
2025-03-06 06:00:00,1414.0,1196.5675
2025-03-06 07:00:00,2060.0,1739.9554
2025-03-06 08:00:00,2082.0,1681.1494
2025-03-06 09:00:00,1622.0,1583.9802
2025-03-06 10:00:00,1513.0,1558.9415
2025-03-06 11:00:00,1790.0,1552.4009
2025-03-06 12:00:00,1610.0,1546.787
2025-03-06 13:00:00,1559.0,1583.5975
2025-03-06 14:00:00,1726.0,1728.0667
2025-03-06 15:00:00,2082.0,2201.6152
2025-03-06 16:00:00,2850.0,2594.2004
2025-03-06 17:00:00,2949.0,2601.022
2025-03-06 18:00:00,2312.0,2376.957
2025-03-06 19:00:00,1518.0,1538.676
2025-03-06 20:00:00,1075.0,1017.7793
2025-03-06 21:00:00,849.0,888.85126
2025-03-06 22:00:00,736.0,787.0559
2025-03-06 23:00:00,462.0,652.8662
2025-03-07 00:00:00,232.0,403.80798
2025-03-07 01:00:00,92.0,192.59393
2025-03-07 02:00:00,47.0,107.49487
2025-03-07 03:00:00,52.0,87.85071
2025-03-07 04:00:00,113.0,109.76709
2025-03-07 05:00:00,396.0,248.06018
2025-03-07 06:00:00,1411.0,1074.8972
2025-03-07 07:00:00,2279.0,1693.9783
2025-03-07 08:00:00,2068.0,1689.8352
2025-03-07 09:00:00,1905.0,1625.9807
2025-03-07 10:00:00,1796.0,1604.1572
2025-03-07 11:00:00,1814.0,1616.3589
2025-03-07 12:00:00,2009.0,1681.9653
2025-03-07 13:00:00,2195.0,1788.4373
2025-03-07 14:00:00,2367.0,2086.4985
2025-03-07 15:00:00,2629.0,2478.3452
2025-03-07 16:00:00,2907.0,2675.113
2025-03-07 17:00:00,3079.0,2652.1445
2025-03-07 18:00:00,2659.0,2448.9834
2025-03-07 19:00:00,2093.0,1853.0654
2025-03-07 20:00:00,1425.0,1194.3181
2025-03-07 21:00:00,931.0,972.55023
2025-03-07 22:00:00,808.0,830.63025
2025-03-07 23:00:00,682.0,707.73694
2025-03-08 00:00:00,346.0,565.1502
2025-03-08 01:00:00,210.0,393.64447
2025-03-08 02:00:00,131.0,247.03119
2025-03-08 03:00:00,94.0,163.18695
2025-03-08 04:00:00,117.0,159.69885
2025-03-08 05:00:00,242.0,206.19885
2025-03-08 06:00:00,791.0,389.4353
2025-03-08 07:00:00,2022.0,1175.4701
2025-03-08 08:00:00,2087.0,1850.0585
2025-03-08 09:00:00,2338.0,2123.0962
2025-03-08 10:00:00,2756.0,2192.6555
2025-03-08 11:00:00,2610.0,2223.371
2025-03-08 12:00:00,2370.0,2205.5996
2025-03-08 13:00:00,2292.0,2136.5088
2025-03-08 14:00:00,2021.0,2012.0608
2025-03-08 15:00:00,1940.0,1880.7888
2025-03-08 16:00:00,1886.0,1769.044
2025-03-08 17:00:00,1907.0,1631.2435
2025-03-08 18:00:00,1577.0,1398.9521
2025-03-08 19:00:00,1129.0,1100.9644
2025-03-08 20:00:00,865.0,876.4407
2025-03-08 21:00:00,760.0,795.56396
2025-03-08 22:00:00,800.0,742.41614
2025-03-08 23:00:00,812.0,674.69824
2025-03-09 00:00:00,500.0,483.39563
2025-03-09 01:00:00,315.0,387.08624
2025-03-09 02:00:00,203.0,253.37512
2025-03-09 03:00:00,134.0,172.91449
2025-03-09 04:00:00,106.0,173.72699
2025-03-09 05:00:00,119.0,199.81024
2025-03-09 06:00:00,233.0,261.85046
2025-03-09 07:00:00,708.0,510.76538
2025-03-09 08:00:00,961.0,1069.4369
2025-03-09 09:00:00,1495.0,1698.9799
2025-03-09 10:00:00,1940.0,1938.146
2025-03-09 11:00:00,1850.0,1969.915
2025-03-09 12:00:00,1870.0,1906.3864
2025-03-09 13:00:00,1873.0,1786.223
2025-03-09 14:00:00,1603.0,1634.6608
2025-03-09 15:00:00,1599.0,1515.3846
2025-03-09 16:00:00,1713.0,1495.6589
2025-03-09 17:00:00,1728.0,1519.512
2025-03-09 18:00:00,1301.0,1313.77
2025-03-09 19:00:00,1021.0,1111.7227
2025-03-09 20:00:00,877.0,881.3427
2025-03-09 21:00:00,702.0,797.8729
2025-03-09 22:00:00,474.0,681.448
2025-03-09 23:00:00,250.0,575.62537
2025-03-10 00:00:00,118.0,278.75342
2025-03-10 01:00:00,69.0,139.45233
2025-03-10 02:00:00,34.0,107.30884
2025-03-10 03:00:00,40.0,110.911865
2025-03-10 04:00:00,98.0,154.64429
2025-03-10 05:00:00,461.0,345.32245
2025-03-10 06:00:00,1420.0,1317.1088
2025-03-10 07:00:00,1963.0,1712.4905
2025-03-10 08:00:00,1742.0,1628.8402
2025-03-10 09:00:00,1514.0,1517.4015
2025-03-10 10:00:00,1385.0,1434.0465
2025-03-10 11:00:00,1373.0,1393.2701
2025-03-10 12:00:00,1364.0,1381.6465
2025-03-10 13:00:00,1400.0,1387.8848
2025-03-10 14:00:00,1451.0,1469.116
2025-03-10 15:00:00,1789.0,1929.8376
2025-03-10 16:00:00,2374.0,2437.3008
2025-03-10 17:00:00,2641.0,2515.1616
2025-03-10 18:00:00,1907.0,2067.561
2025-03-10 19:00:00,1106.0,1251.2526
2025-03-10 20:00:00,719.0,856.80115
2025-03-10 21:00:00,564.0,721.6079
2025-03-10 22:00:00,448.0,623.08966
2025-03-10 23:00:00,263.0,464.7564
2025-03-11 00:00:00,120.0,272.38818
2025-03-11 01:00:00,63.0,137.57233
2025-03-11 02:00:00,42.0,112.51019
2025-03-11 03:00:00,48.0,113.76453
2025-03-11 04:00:00,110.0,148.33057
2025-03-11 05:00:00,420.0,324.19983
2025-03-11 06:00:00,1423.0,1290.9888
2025-03-11 07:00:00,1854.0,1721.8464
2025-03-11 08:00:00,1951.0,1606.4694
2025-03-11 09:00:00,1456.0,1573.7596
2025-03-11 10:00:00,1317.0,1478.8195
2025-03-11 11:00:00,1308.0,1430.3295
2025-03-11 12:00:00,1416.0,1412.6418
2025-03-11 13:00:00,1381.0,1404.9652
2025-03-11 14:00:00,1589.0,1454.2137
2025-03-11 15:00:00,1797.0,1859.9739
2025-03-11 16:00:00,2677.0,2499.0977
2025-03-11 17:00:00,2872.0,2566.7563
2025-03-11 18:00:00,2216.0,2149.9985
2025-03-11 19:00:00,1229.0,1272.0447
2025-03-11 20:00:00,858.0,916.20154
2025-03-11 21:00:00,686.0,775.19727
2025-03-11 22:00:00,571.0,658.63245
2025-03-11 23:00:00,288.0,490.58783
2025-03-12 00:00:00,131.0,309.4328
2025-03-12 01:00:00,61.0,151.18958
2025-03-12 02:00:00,38.0,118.987854
2025-03-12 03:00:00,49.0,114.27496
2025-03-12 04:00:00,113.0,139.57599
2025-03-12 05:00:00,420.0,317.7268
2025-03-12 06:00:00,1447.0,1275.8396
2025-03-12 07:00:00,1868.0,1708.2849
2025-03-12 08:00:00,1757.0,1592.6602
2025-03-12 09:00:00,1599.0,1497.0718
2025-03-12 10:00:00,1404.0,1436.0859
2025-03-12 11:00:00,1446.0,1406.3807
2025-03-12 12:00:00,1567.0,1435.0869
2025-03-12 13:00:00,1571.0,1450.8468
2025-03-12 14:00:00,1639.0,1474.5819
2025-03-12 15:00:00,1976.0,1988.692
2025-03-12 16:00:00,2650.0,2501.81
2025-03-12 17:00:00,2852.0,2586.9985
2025-03-12 18:00:00,2185.0,2309.996
2025-03-12 19:00:00,1361.0,1428.2839
2025-03-12 20:00:00,874.0,960.02783
2025-03-12 21:00:00,724.0,828.7947
2025-03-12 22:00:00,651.0,724.2329
2025-03-12 23:00:00,323.0,550.4969
2025-03-13 00:00:00,144.0,359.77472
2025-03-13 01:00:00,80.0,169.52417
2025-03-13 02:00:00,42.0,118.00592
2025-03-13 03:00:00,40.0,105.65411
2025-03-13 04:00:00,99.0,120.54822
2025-03-13 05:00:00,446.0,277.50262
2025-03-13 06:00:00,1399.0,1214.4646
2025-03-13 07:00:00,1920.0,1547.612
2025-03-13 08:00:00,1832.0,1600.2864
2025-03-13 09:00:00,1505.0,1537.9541
2025-03-13 10:00:00,1505.0,1514.0858
2025-03-13 11:00:00,1347.0,1518.0569
2025-03-13 12:00:00,1497.0,1528.8002
2025-03-13 13:00:00,1615.0,1571.7551
2025-03-13 14:00:00,1682.0,1765.3444
2025-03-13 15:00:00,2044.0,2262.93
2025-03-13 16:00:00,2712.0,2621.814
2025-03-13 17:00:00,2911.0,2581.5254
2025-03-13 18:00:00,2446.0,2404.7764
2025-03-13 19:00:00,1478.0,1598.7557
2025-03-13 20:00:00,1061.0,1044.6799
2025-03-13 21:00:00,764.0,868.9728
2025-03-13 22:00:00,744.0,748.865
2025-03-13 23:00:00,436.0,622.18994
2025-03-14 00:00:00,223.0,410.81476
2025-03-14 01:00:00,88.0,194.78436
2025-03-14 02:00:00,59.0,108.05414
2025-03-14 03:00:00,49.0,86.212036
2025-03-14 04:00:00,97.0,108.262024
2025-03-14 05:00:00,389.0,252.25189
2025-03-14 06:00:00,1382.0,1069.6687
2025-03-14 07:00:00,1982.0,1628.497
2025-03-14 08:00:00,1841.0,1609.4824
2025-03-14 09:00:00,1615.0,1580.3467
2025-03-14 10:00:00,1704.0,1580.8882
2025-03-14 11:00:00,1780.0,1602.0967
2025-03-14 12:00:00,1866.0,1667.2644
2025-03-14 13:00:00,2038.0,1813.8516
2025-03-14 14:00:00,2308.0,2139.5847
2025-03-14 15:00:00,2802.0,2538.3018
2025-03-14 16:00:00,3154.0,2703.4634
2025-03-14 17:00:00,2702.0,2671.0884
2025-03-14 18:00:00,2442.0,2472.665
2025-03-14 19:00:00,1731.0,1736.6387
2025-03-14 20:00:00,1257.0,1211.9993
2025-03-14 21:00:00,881.0,980.5154
2025-03-14 22:00:00,807.0,833.5594
2025-03-14 23:00:00,806.0,713.0732
2025-03-15 00:00:00,372.0,569.9117
2025-03-15 01:00:00,211.0,394.34973
2025-03-15 02:00:00,140.0,247.75012
2025-03-15 03:00:00,91.0,163.23572
2025-03-15 04:00:00,109.0,160.1167
2025-03-15 05:00:00,173.0,207.55505
2025-03-15 06:00:00,471.0,396.4948
2025-03-15 07:00:00,1111.0,1021.52454
2025-03-15 08:00:00,1509.0,1639.7101
2025-03-15 09:00:00,1713.0,2051.9495
2025-03-15 10:00:00,2141.0,2136.4375
2025-03-15 11:00:00,2119.0,2160.6558
2025-03-15 12:00:00,2102.0,2134.7422
2025-03-15 13:00:00,2040.0,2073.5425
2025-03-15 14:00:00,2137.0,1955.2051
2025-03-15 15:00:00,1971.0,1848.5802
2025-03-15 16:00:00,1973.0,1764.4055
2025-03-15 17:00:00,1932.0,1670.335
2025-03-15 18:00:00,1451.0,1410.8153
2025-03-15 19:00:00,957.0,1098.7563
2025-03-15 20:00:00,736.0,873.3292
2025-03-15 21:00:00,709.0,795.9248
2025-03-15 22:00:00,837.0,743.21094
2025-03-15 23:00:00,923.0,680.68646
2025-03-16 00:00:00,528.0,490.0
2025-03-16 01:00:00,302.0,387.56055
2025-03-16 02:00:00,188.0,254.84125
2025-03-16 03:00:00,132.0,167.90387
2025-03-16 04:00:00,89.0,171.29926
2025-03-16 05:00:00,103.0,200.54791
2025-03-16 06:00:00,204.0,260.85583
2025-03-16 07:00:00,459.0,492.89575
2025-03-16 08:00:00,652.0,845.5786
2025-03-16 09:00:00,1103.0,1376.7765
2025-03-16 10:00:00,1466.0,1753.0701
2025-03-16 11:00:00,1625.0,1794.8726
2025-03-16 12:00:00,1566.0,1733.5353
2025-03-16 13:00:00,1625.0,1628.1475
2025-03-16 14:00:00,1532.0,1586.8359
2025-03-16 15:00:00,1633.0,1530.932
2025-03-16 16:00:00,1653.0,1510.2916
2025-03-16 17:00:00,1741.0,1532.707
2025-03-16 18:00:00,1245.0,1296.3168
2025-03-16 19:00:00,928.0,1081.5251
2025-03-16 20:00:00,827.0,872.2484
2025-03-16 21:00:00,726.0,795.3336
2025-03-16 22:00:00,549.0,699.33594
2025-03-16 23:00:00,331.0,595.4764
2025-03-17 00:00:00,148.0,283.00702
2025-03-17 01:00:00,59.0,137.58453
2025-03-17 02:00:00,37.0,109.417114
2025-03-17 03:00:00,39.0,110.88855
2025-03-17 04:00:00,109.0,160.43994
2025-03-17 05:00:00,448.0,357.28827
2025-03-17 06:00:00,1077.0,1323.1141
2025-03-17 07:00:00,1328.0,1702.801
2025-03-17 08:00:00,1967.0,1630.0436
2025-03-17 09:00:00,1495.0,1509.835
2025-03-17 10:00:00,1294.0,1432.3092
2025-03-17 11:00:00,1365.0,1394.9904
2025-03-17 12:00:00,1389.0,1413.9077
2025-03-17 13:00:00,1393.0,1391.9111
2025-03-17 14:00:00,1472.0,1469.4835
2025-03-17 15:00:00,1870.0,1930.2996
2025-03-17 16:00:00,2437.0,2455.4421
2025-03-17 17:00:00,2721.0,2540.6494
2025-03-17 18:00:00,2013.0,2079.4863
2025-03-17 19:00:00,1111.0,1269.2001
2025-03-17 20:00:00,766.0,858.5355
2025-03-17 21:00:00,633.0,726.5715
2025-03-17 22:00:00,541.0,629.9669
2025-03-17 23:00:00,371.0,466.7572
2025-03-18 00:00:00,113.0,271.8368
2025-03-18 01:00:00,70.0,137.09882
2025-03-18 02:00:00,53.0,113.18732
2025-03-18 03:00:00,46.0,115.43359
2025-03-18 04:00:00,102.0,151.35413
2025-03-18 05:00:00,439.0,321.38757
2025-03-18 06:00:00,1462.0,1306.1145
2025-03-18 07:00:00,1931.0,1748.3943
2025-03-18 08:00:00,2037.0,1605.0681
2025-03-18 09:00:00,1540.0,1507.878
2025-03-18 10:00:00,1453.0,1423.0586
2025-03-18 11:00:00,1365.0,1432.185
2025-03-18 12:00:00,1379.0,1415.6514
2025-03-18 13:00:00,1448.0,1411.753
2025-03-18 14:00:00,1600.0,1473.2577
2025-03-18 15:00:00,1827.0,1889.4922
2025-03-18 16:00:00,2658.0,2464.7988
2025-03-18 17:00:00,2863.0,2546.4033
2025-03-18 18:00:00,2388.0,2163.4631
2025-03-18 19:00:00,1342.0,1299.0267
2025-03-18 20:00:00,747.0,913.9429
2025-03-18 21:00:00,631.0,775.4573
2025-03-18 22:00:00,500.0,657.8086
2025-03-18 23:00:00,331.0,486.23505
2025-03-19 00:00:00,141.0,450.81738
2025-03-19 01:00:00,60.0,368.52863
2025-03-19 02:00:00,51.0,330.63727
2025-03-19 03:00:00,44.0,308.8686
2025-03-19 04:00:00,108.0,311.1494
2025-03-19 05:00:00,372.0,376.6537
2025-03-19 06:00:00,1190.0,593.8642
2025-03-19 07:00:00,1621.0,1081.1221
2025-03-19 08:00:00,1631.0,1523.438
2025-03-19 09:00:00,1524.0,1742.4585
2025-03-19 10:00:00,1491.0,1833.2812
2025-03-19 11:00:00,1509.0,1852.2063
2025-03-19 12:00:00,1552.0,1837.998
2025-03-19 13:00:00,1602.0,1808.3735
2025-03-19 14:00:00,1707.0,1760.713
2025-03-19 15:00:00,1969.0,1753.9803
2025-03-19 16:00:00,2681.0,1759.1965
2025-03-19 17:00:00,2844.0,1698.4053
2025-03-19 18:00:00,2541.0,1525.0763
2025-03-19 19:00:00,1490.0,1264.913
2025-03-19 20:00:00,983.0,1028.3674
2025-03-19 21:00:00,713.0,860.71985
2025-03-19 22:00:00,599.0,735.2123
2025-03-19 23:00:00,347.0,593.9427
2025-03-20 00:00:00,168.0,361.59137
2025-03-20 01:00:00,71.0,170.3717
2025-03-20 02:00:00,40.0,118.589905
2025-03-20 03:00:00,44.0,106.27734
2025-03-20 04:00:00,143.0,120.717285
2025-03-20 05:00:00,427.0,279.18463
2025-03-20 06:00:00,1556.0,1215.4579
2025-03-20 07:00:00,2021.0,1762.2047
2025-03-20 08:00:00,1984.0,1630.2488
2025-03-20 09:00:00,1684.0,1533.673
2025-03-20 10:00:00,1643.0,1557.8569
2025-03-20 11:00:00,1552.0,1554.2433
2025-03-20 12:00:00,1487.0,1547.9863
2025-03-20 13:00:00,1662.0,1587.2682
2025-03-20 14:00:00,1823.0,1735.3928
2025-03-20 15:00:00,2117.0,2198.8733
2025-03-20 16:00:00,2854.0,2585.8438
2025-03-20 17:00:00,3016.0,2601.5063
2025-03-20 18:00:00,2537.0,2370.5515
2025-03-20 19:00:00,1626.0,1535.3706
2025-03-20 20:00:00,1114.0,1022.5208
2025-03-20 21:00:00,915.0,892.3141
2025-03-20 22:00:00,750.0,790.4805
2025-03-20 23:00:00,462.0,657.35925
2025-03-21 00:00:00,206.0,409.96155
2025-03-21 01:00:00,79.0,195.79236
2025-03-21 02:00:00,63.0,109.77057
2025-03-21 03:00:00,57.0,91.454346
2025-03-21 04:00:00,130.0,114.15411
2025-03-21 05:00:00,437.0,257.0841
2025-03-21 06:00:00,1447.0,1112.6449
2025-03-21 07:00:00,2108.0,1633.1896
2025-03-21 08:00:00,1861.0,1608.541
2025-03-21 09:00:00,1698.0,1586.6508
2025-03-21 10:00:00,1766.0,1585.3833
2025-03-21 11:00:00,1837.0,1604.8665
2025-03-21 12:00:00,1903.0,1675.3502
2025-03-21 13:00:00,1998.0,1832.2418
2025-03-21 14:00:00,2222.0,2117.5378
2025-03-21 15:00:00,2692.0,2499.3794
2025-03-21 16:00:00,3178.0,2664.7424
2025-03-21 17:00:00,3051.0,2634.122
2025-03-21 18:00:00,2647.0,2431.394
2025-03-21 19:00:00,1872.0,1860.2153
2025-03-21 20:00:00,1329.0,1183.2438
2025-03-21 21:00:00,853.0,969.8407
2025-03-21 22:00:00,816.0,830.73206
2025-03-21 23:00:00,804.0,700.0515
2025-03-22 00:00:00,412.0,542.6168
2025-03-22 01:00:00,211.0,379.94287
2025-03-22 02:00:00,120.0,244.96808
2025-03-22 03:00:00,88.0,178.21326
2025-03-22 04:00:00,95.0,173.51447
2025-03-22 05:00:00,190.0,214.19183
2025-03-22 06:00:00,585.0,423.76422
2025-03-22 07:00:00,1517.0,1122.9026
2025-03-22 08:00:00,1831.0,1784.8425
2025-03-22 09:00:00,2104.0,2099.04
2025-03-22 10:00:00,2289.0,2178.3613
2025-03-22 11:00:00,2221.0,2172.3323
2025-03-22 12:00:00,2194.0,2207.6382
2025-03-22 13:00:00,2119.0,2137.86
2025-03-22 14:00:00,1898.0,2015.221
2025-03-22 15:00:00,1859.0,1885.3605
2025-03-22 16:00:00,1834.0,1772.0247
2025-03-22 17:00:00,1789.0,1624.415
2025-03-22 18:00:00,1604.0,1412.1152
2025-03-22 19:00:00,1184.0,1118.1998
2025-03-22 20:00:00,973.0,883.19586
2025-03-22 21:00:00,784.0,799.7118
2025-03-22 22:00:00,846.0,738.97644
2025-03-22 23:00:00,784.0,662.7503
2025-03-23 00:00:00,524.0,473.338
2025-03-23 01:00:00,339.0,383.8069
2025-03-23 02:00:00,237.0,255.12231
2025-03-23 03:00:00,149.0,178.46246
2025-03-23 04:00:00,91.0,179.47296
2025-03-23 05:00:00,89.0,200.07281
2025-03-23 06:00:00,239.0,270.58508
2025-03-23 07:00:00,499.0,516.15063
2025-03-23 08:00:00,717.0,832.98267
2025-03-23 09:00:00,1092.0,1352.1941
2025-03-23 10:00:00,1420.0,1810.2151
2025-03-23 11:00:00,1647.0,1925.4932
2025-03-23 12:00:00,1718.0,1849.061
2025-03-23 13:00:00,1596.0,1695.953
2025-03-23 14:00:00,1516.0,1623.2251
2025-03-23 15:00:00,1535.0,1550.0542
2025-03-23 16:00:00,1627.0,1494.109
2025-03-23 17:00:00,1745.0,1535.5037
2025-03-23 18:00:00,1451.0,1313.531
2025-03-23 19:00:00,1082.0,1108.5343
2025-03-23 20:00:00,842.0,878.453
2025-03-23 21:00:00,672.0,796.24493
2025-03-23 22:00:00,535.0,690.1665
2025-03-23 23:00:00,264.0,590.47845
2025-03-24 00:00:00,127.0,281.6801
2025-03-24 01:00:00,63.0,140.9643
2025-03-24 02:00:00,45.0,130.09253
2025-03-24 03:00:00,53.0,164.20636
2025-03-24 04:00:00,117.0,221.13568
2025-03-24 05:00:00,454.0,368.73218
2025-03-24 06:00:00,1420.0,1337.0486
2025-03-24 07:00:00,1907.0,1711.4506
2025-03-24 08:00:00,1804.0,1631.5771
2025-03-24 09:00:00,1460.0,1532.9785
2025-03-24 10:00:00,1350.0,1518.3752
2025-03-24 11:00:00,1318.0,1452.0092
2025-03-24 12:00:00,1375.0,1412.7085
2025-03-24 13:00:00,1374.0,1388.9844
2025-03-24 14:00:00,1456.0,1467.1528
2025-03-24 15:00:00,1734.0,1915.9972
2025-03-24 16:00:00,2399.0,2462.781
2025-03-24 17:00:00,2695.0,2485.6313
2025-03-24 18:00:00,2070.0,2071.8484
2025-03-24 19:00:00,1120.0,1255.6671
2025-03-24 20:00:00,758.0,860.6997
2025-03-24 21:00:00,578.0,722.60706
2025-03-24 22:00:00,458.0,623.4312
2025-03-24 23:00:00,266.0,467.48865
2025-03-25 00:00:00,107.0,275.2298
2025-03-25 01:00:00,59.0,139.28357
2025-03-25 02:00:00,36.0,113.645386
2025-03-25 03:00:00,43.0,114.385315
2025-03-25 04:00:00,111.0,148.09784
2025-03-25 05:00:00,417.0,327.43774
2025-03-25 06:00:00,1277.0,1299.4663
2025-03-25 07:00:00,1902.0,1720.7566
2025-03-25 08:00:00,1808.0,1571.8492
2025-03-25 09:00:00,1521.0,1487.758
2025-03-25 10:00:00,1352.0,1407.793
2025-03-25 11:00:00,1277.0,1387.6172
2025-03-25 12:00:00,1318.0,1388.1564
2025-03-25 13:00:00,1421.0,1408.1685
2025-03-25 14:00:00,1554.0,1461.8588
2025-03-25 15:00:00,1914.0,1875.8657
2025-03-25 16:00:00,2620.0,2521.4683
2025-03-25 17:00:00,2897.0,2546.7744
2025-03-25 18:00:00,2253.0,2164.0728
2025-03-25 19:00:00,1260.0,1284.2543
2025-03-25 20:00:00,867.0,916.8306
2025-03-25 21:00:00,739.0,778.1614
2025-03-25 22:00:00,592.0,660.7601
2025-03-25 23:00:00,315.0,486.2154
2025-03-26 00:00:00,148.0,313.2223
2025-03-26 01:00:00,74.0,153.61255
2025-03-26 02:00:00,50.0,120.64154
2025-03-26 03:00:00,55.0,115.306274
2025-03-26 04:00:00,105.0,139.21161
2025-03-26 05:00:00,435.0,321.38287
2025-03-26 06:00:00,1380.0,1270.0557
2025-03-26 07:00:00,1867.0,1599.1919
2025-03-26 08:00:00,1825.0,1595.7225
2025-03-26 09:00:00,1392.0,1497.9937
2025-03-26 10:00:00,1389.0,1438.9529
2025-03-26 11:00:00,1384.0,1410.0211
2025-03-26 12:00:00,1435.0,1435.0132
2025-03-26 13:00:00,1580.0,1409.2954
2025-03-26 14:00:00,1678.0,1508.5493
2025-03-26 15:00:00,2001.0,1911.312
2025-03-26 16:00:00,2669.0,2501.0945
2025-03-26 17:00:00,2821.0,2601.6377
2025-03-26 18:00:00,2232.0,2291.7104
2025-03-26 19:00:00,1459.0,1424.5624
2025-03-26 20:00:00,950.0,963.1859
2025-03-26 21:00:00,799.0,833.9385
2025-03-26 22:00:00,676.0,730.4756
2025-03-26 23:00:00,383.0,555.5928
2025-03-27 00:00:00,168.0,364.44916
2025-03-27 01:00:00,88.0,173.85962
2025-03-27 02:00:00,51.0,118.81079
2025-03-27 03:00:00,58.0,106.41571
2025-03-27 04:00:00,119.0,122.02612
2025-03-27 05:00:00,461.0,282.68927
2025-03-27 06:00:00,1458.0,1234.1101
2025-03-27 07:00:00,1945.0,1666.9762
2025-03-27 08:00:00,1947.0,1608.9113
2025-03-27 09:00:00,1532.0,1533.7021
2025-03-27 10:00:00,1514.0,1517.4708
2025-03-27 11:00:00,1476.0,1518.5742
2025-03-27 12:00:00,1542.0,1528.6187
2025-03-27 13:00:00,1576.0,1583.5533
2025-03-27 14:00:00,1738.0,1767.1771
2025-03-27 15:00:00,2087.0,2250.983
2025-03-27 16:00:00,2778.0,2620.5996
2025-03-27 17:00:00,2979.0,2615.337
2025-03-27 18:00:00,2529.0,2400.6367
2025-03-27 19:00:00,1547.0,1578.1418
2025-03-27 20:00:00,1079.0,1025.369
2025-03-27 21:00:00,852.0,893.9847
2025-03-27 22:00:00,832.0,792.0818
2025-03-27 23:00:00,524.0,658.8401
2025-03-28 00:00:00,171.0,415.5268
2025-03-28 01:00:00,110.0,197.8263
2025-03-28 02:00:00,58.0,110.43097
2025-03-28 03:00:00,50.0,89.64392
2025-03-28 04:00:00,106.0,112.29291
2025-03-28 05:00:00,435.0,260.60797
2025-03-28 06:00:00,1452.0,1110.24
2025-03-28 07:00:00,2062.0,1634.5679
2025-03-28 08:00:00,1979.0,1608.2959
2025-03-28 09:00:00,1779.0,1583.8287
2025-03-28 10:00:00,1759.0,1583.5798
2025-03-28 11:00:00,1772.0,1604.8687
2025-03-28 12:00:00,1835.0,1673.6642
2025-03-28 13:00:00,1930.0,1825.6223
2025-03-28 14:00:00,2265.0,2144.1062
2025-03-28 15:00:00,2689.0,2535.3423
2025-03-28 16:00:00,3096.0,2702.5098
2025-03-28 17:00:00,2889.0,2666.1995
2025-03-28 18:00:00,2463.0,2462.938
2025-03-28 19:00:00,1788.0,1872.0215
2025-03-28 20:00:00,1291.0,1205.9902
2025-03-28 21:00:00,888.0,978.8183
2025-03-28 22:00:00,820.0,835.90314
2025-03-28 23:00:00,753.0,710.1851
2025-03-29 00:00:00,424.0,560.78827
2025-03-29 01:00:00,223.0,389.77234
2025-03-29 02:00:00,137.0,246.16028
2025-03-29 03:00:00,107.0,161.73944
2025-03-29 04:00:00,127.0,151.91779
2025-03-29 05:00:00,218.0,204.93134
2025-03-29 06:00:00,526.0,390.7456
2025-03-29 07:00:00,1101.0,764.0145
2025-03-29 08:00:00,1575.0,1397.3304
2025-03-29 09:00:00,1990.0,1947.8318
2025-03-29 10:00:00,2282.0,2095.373
2025-03-29 11:00:00,2315.0,2146.1616
2025-03-29 12:00:00,2184.0,2122.158
2025-03-29 13:00:00,2076.0,2043.4092
2025-03-29 14:00:00,1969.0,1933.9463
2025-03-29 15:00:00,1851.0,1796.907
2025-03-29 16:00:00,1863.0,1797.7822
2025-03-29 17:00:00,1744.0,1668.6232
2025-03-29 18:00:00,1432.0,1395.5663
2025-03-29 19:00:00,1021.0,1108.0714
2025-03-29 20:00:00,863.0,880.6198
2025-03-29 21:00:00,788.0,784.825
2025-03-29 22:00:00,789.0,742.6387
2025-03-29 23:00:00,798.0,676.31573
2025-03-30 00:00:00,510.0,484.6037
2025-03-30 01:00:00,284.0,419.22968
2025-03-30 02:00:00,0.0,253.56683
2025-03-30 03:00:00,178.0,172.3659
2025-03-30 04:00:00,154.0,173.00769
2025-03-30 05:00:00,179.0,201.17761
2025-03-30 06:00:00,242.0,266.3111
2025-03-30 07:00:00,403.0,547.501
2025-03-30 08:00:00,660.0,1107.7008
2025-03-30 09:00:00,1078.0,1735.5945
2025-03-30 10:00:00,1512.0,1955.6985
2025-03-30 11:00:00,1731.0,1984.4375
2025-03-30 12:00:00,1668.0,1927.3622
2025-03-30 13:00:00,1752.0,1804.6677
2025-03-30 14:00:00,1618.0,1592.8208
2025-03-30 15:00:00,1631.0,1522.8014
2025-03-30 16:00:00,1751.0,1505.118
2025-03-30 17:00:00,1847.0,1537.5569
2025-03-30 18:00:00,1575.0,1315.5629
2025-03-30 19:00:00,1378.0,1109.5021
2025-03-30 20:00:00,1034.0,877.5305
2025-03-30 21:00:00,882.0,795.5985
2025-03-30 22:00:00,641.0,689.4971
2025-03-30 23:00:00,388.0,586.73975
2025-03-31 00:00:00,156.0,283.02936
2025-03-31 01:00:00,73.0,142.1283
2025-03-31 02:00:00,41.0,109.49469
2025-03-31 03:00:00,41.0,111.88275
2025-03-31 04:00:00,117.0,155.86945
2025-03-31 05:00:00,458.0,350.91785
2025-03-31 06:00:00,1439.0,1338.4839
2025-03-31 07:00:00,1821.0,1710.6061
2025-03-31 08:00:00,1815.0,1633.1874
2025-03-31 09:00:00,1314.0,1517.4088
2025-03-31 10:00:00,1291.0,1440.4866
2025-03-31 11:00:00,1368.0,1409.9712
2025-03-31 12:00:00,1335.0,1385.3455
2025-03-31 13:00:00,1316.0,1392.6764
2025-03-31 14:00:00,1446.0,1465.669
2025-03-31 15:00:00,1830.0,1906.6974
2025-03-31 16:00:00,2563.0,2463.2275
2025-03-31 17:00:00,2665.0,2533.845
2025-03-31 18:00:00,2181.0,2072.5664
2025-03-31 19:00:00,1225.0,1267.7318
2025-03-31 20:00:00,858.0,862.25085
2025-03-31 21:00:00,645.0,726.6135
2025-03-31 22:00:00,581.0,628.2172
2025-03-31 23:00:00,323.0,470.41504
2025-04-01 00:00:00,178.0,291.11475
2025-04-01 01:00:00,83.0,141.90686
2025-04-01 02:00:00,43.0,119.07916
2025-04-01 03:00:00,68.0,117.27698
2025-04-01 04:00:00,100.0,152.13171
2025-04-01 05:00:00,434.0,322.7215
2025-04-01 06:00:00,1375.0,1328.6611
2025-04-01 07:00:00,1846.0,1745.3202
2025-04-01 08:00:00,1859.0,1689.6515
2025-04-01 09:00:00,1613.0,1477.796
2025-04-01 10:00:00,1320.0,1468.3038
2025-04-01 11:00:00,1405.0,1398.024
2025-04-01 12:00:00,1391.0,1392.7063
2025-04-01 13:00:00,1447.0,1404.8142
2025-04-01 14:00:00,1453.0,1482.3424
2025-04-01 15:00:00,1939.0,1941.7898
2025-04-01 16:00:00,2698.0,2335.7104
2025-04-01 17:00:00,2925.0,2558.4492
2025-04-01 18:00:00,2389.0,2187.921
2025-04-01 19:00:00,1384.0,1311.5109
2025-04-01 20:00:00,912.0,930.2157
2025-04-01 21:00:00,706.0,790.87524
2025-04-01 22:00:00,657.0,671.7732
2025-04-01 23:00:00,337.0,537.00665
2025-04-02 00:00:00,177.0,343.85962
2025-04-02 01:00:00,93.0,163.54755
2025-04-02 02:00:00,58.0,125.60986
2025-04-02 03:00:00,64.0,118.7652
2025-04-02 04:00:00,117.0,131.43939
2025-04-02 05:00:00,433.0,324.4218
2025-04-02 06:00:00,1349.0,1364.2698
2025-04-02 07:00:00,1865.0,1757.1102
2025-04-02 08:00:00,1831.0,1630.5222
2025-04-02 09:00:00,1494.0,1570.907
2025-04-02 10:00:00,1493.0,1509.5151
2025-04-02 11:00:00,1546.0,1474.4742
2025-04-02 12:00:00,1499.0,1465.0912
2025-04-02 13:00:00,1581.0,1472.164
2025-04-02 14:00:00,1714.0,1547.2053
2025-04-02 15:00:00,2011.0,1998.4811
2025-04-02 16:00:00,2634.0,2509.2188
2025-04-02 17:00:00,2933.0,2583.21
2025-04-02 18:00:00,2310.0,2262.6572
2025-04-02 19:00:00,1407.0,1395.9857
2025-04-02 20:00:00,1059.0,981.68005
2025-04-02 21:00:00,834.0,852.19653
2025-04-02 22:00:00,732.0,746.7499
2025-04-02 23:00:00,471.0,577.73926
2025-04-03 00:00:00,212.0,392.5968
2025-04-03 01:00:00,116.0,189.89667
2025-04-03 02:00:00,67.0,125.06055
2025-04-03 03:00:00,64.0,111.20221
2025-04-03 04:00:00,120.0,125.338135
2025-04-03 05:00:00,435.0,284.26996
2025-04-03 06:00:00,1348.0,1317.0886
2025-04-03 07:00:00,1941.0,1775.867
2025-04-03 08:00:00,1979.0,1692.2815
2025-04-03 09:00:00,1611.0,1594.8403
2025-04-03 10:00:00,1545.0,1564.389
2025-04-03 11:00:00,1446.0,1561.4604
2025-04-03 12:00:00,1500.0,1555.1697
2025-04-03 13:00:00,1539.0,1607.8623
2025-04-03 14:00:00,1745.0,1775.8439
2025-04-03 15:00:00,2092.0,2229.8647
2025-04-03 16:00:00,2686.0,2599.0947
2025-04-03 17:00:00,2923.0,2614.8745
2025-04-03 18:00:00,2423.0,2402.7534
2025-04-03 19:00:00,1668.0,1586.2423
2025-04-03 20:00:00,1106.0,1045.831
2025-04-03 21:00:00,956.0,913.12244
2025-04-03 22:00:00,820.0,805.63696
2025-04-03 23:00:00,704.0,680.17017
2025-04-04 00:00:00,294.0,453.46204
2025-04-04 01:00:00,137.0,216.01123
2025-04-04 02:00:00,97.0,121.279785
2025-04-04 03:00:00,69.0,98.39606
2025-04-04 04:00:00,144.0,121.00946
2025-04-04 05:00:00,434.0,286.0774
2025-04-04 06:00:00,1305.0,1141.5101
2025-04-04 07:00:00,1842.0,1614.8937
2025-04-04 08:00:00,1812.0,1707.3584
2025-04-04 09:00:00,1667.0,1649.2144
2025-04-04 10:00:00,1791.0,1624.4033
2025-04-04 11:00:00,1715.0,1639.0197
2025-04-04 12:00:00,1902.0,1715.1493
2025-04-04 13:00:00,2049.0,1834.3259
2025-04-04 14:00:00,2221.0,2138.82
2025-04-04 15:00:00,2695.0,2503.4963
2025-04-04 16:00:00,2835.0,2682.936
2025-04-04 17:00:00,2831.0,2646.1045
2025-04-04 18:00:00,2500.0,2421.9531
2025-04-04 19:00:00,1963.0,1894.3982
2025-04-04 20:00:00,1467.0,1222.1145
2025-04-04 21:00:00,980.0,998.6449
2025-04-04 22:00:00,820.0,854.577
2025-04-04 23:00:00,808.0,725.23773
2025-04-05 00:00:00,486.0,564.7984
2025-04-05 01:00:00,245.0,398.29407
2025-04-05 02:00:00,141.0,249.4754
2025-04-05 03:00:00,121.0,168.70593
2025-04-05 04:00:00,113.0,168.19885
2025-04-05 05:00:00,202.0,222.09912
2025-04-05 06:00:00,509.0,469.3814
2025-04-05 07:00:00,1111.0,1260.9263
2025-04-05 08:00:00,1617.0,1878.503
2025-04-05 09:00:00,2216.0,2136.0386
2025-04-05 10:00:00,2526.0,2205.1284
2025-04-05 11:00:00,2582.0,2232.565
2025-04-05 12:00:00,2272.0,2221.4067
2025-04-05 13:00:00,2235.0,2151.8916
2025-04-05 14:00:00,2093.0,2033.8474
2025-04-05 15:00:00,1839.0,1904.1382
2025-04-05 16:00:00,1944.0,1794.3794
2025-04-05 17:00:00,2012.0,1647.5095
2025-04-05 18:00:00,1736.0,1433.5348
2025-04-05 19:00:00,1159.0,1148.2858
2025-04-05 20:00:00,977.0,898.3343
2025-04-05 21:00:00,829.0,800.3689
2025-04-05 22:00:00,846.0,739.1782
2025-04-05 23:00:00,789.0,671.5775
2025-04-06 00:00:00,551.0,476.10065
2025-04-06 01:00:00,353.0,383.94794
2025-04-06 02:00:00,210.0,258.17694
2025-04-06 03:00:00,137.0,212.74585
2025-04-06 04:00:00,125.0,176.69806
2025-04-06 05:00:00,128.0,203.09338
2025-04-06 06:00:00,233.0,279.08508
2025-04-06 07:00:00,502.0,576.0489
2025-04-06 08:00:00,819.0,1191.224
2025-04-06 09:00:00,1297.0,1802.6294
2025-04-06 10:00:00,1796.0,1986.8611
2025-04-06 11:00:00,1889.0,2011.656
2025-04-06 12:00:00,1731.0,1961.5857
2025-04-06 13:00:00,1649.0,1846.8131
2025-04-06 14:00:00,1630.0,1691.4214
2025-04-06 15:00:00,1634.0,1584.7242
2025-04-06 16:00:00,1711.0,1525.6614
2025-04-06 17:00:00,1665.0,1545.2607
2025-04-06 18:00:00,1473.0,1418.5042
2025-04-06 19:00:00,1301.0,1108.0477
2025-04-06 20:00:00,1086.0,868.6405
2025-04-06 21:00:00,723.0,786.9369
2025-04-06 22:00:00,500.0,699.2574
2025-04-06 23:00:00,291.0,602.82434
2025-04-07 00:00:00,147.0,301.86755
2025-04-07 01:00:00,63.0,149.27454
2025-04-07 02:00:00,37.0,116.111206
2025-04-07 03:00:00,35.0,116.668945
2025-04-07 04:00:00,124.0,160.18274
2025-04-07 05:00:00,516.0,366.37482
2025-04-07 06:00:00,1417.0,1314.5872
2025-04-07 07:00:00,1866.0,1739.0164
2025-04-07 08:00:00,1710.0,1568.2556
2025-04-07 09:00:00,1485.0,1594.9915
2025-04-07 10:00:00,1470.0,1516.6844
2025-04-07 11:00:00,1447.0,1462.6777
2025-04-07 12:00:00,1301.0,1431.6615
2025-04-07 13:00:00,1328.0,1437.7068
2025-04-07 14:00:00,1485.0,1500.4523
2025-04-07 15:00:00,1729.0,1952.5574
2025-04-07 16:00:00,2430.0,2463.0205
2025-04-07 17:00:00,2658.0,2502.2124
2025-04-07 18:00:00,1960.0,2144.8237
2025-04-07 19:00:00,1335.0,1295.544
2025-04-07 20:00:00,833.0,878.50275
2025-04-07 21:00:00,668.0,738.75885
2025-04-07 22:00:00,507.0,639.9084
2025-04-07 23:00:00,307.0,519.262
2025-04-08 00:00:00,183.0,291.93884
2025-04-08 01:00:00,96.0,141.09033
2025-04-08 02:00:00,56.0,119.59912
2025-04-08 03:00:00,59.0,117.93176
2025-04-08 04:00:00,111.0,153.69397
2025-04-08 05:00:00,462.0,322.2724
2025-04-08 06:00:00,1422.0,1335.7365
2025-04-08 07:00:00,1900.0,1618.729
2025-04-08 08:00:00,1846.0,1687.8513
2025-04-08 09:00:00,1566.0,1579.239
2025-04-08 10:00:00,1378.0,1486.4303
2025-04-08 11:00:00,1480.0,1438.0311
2025-04-08 12:00:00,1448.0,1419.5559
2025-04-08 13:00:00,1368.0,1415.4545
2025-04-08 14:00:00,1574.0,1479.2164
2025-04-08 15:00:00,1887.0,1934.6423
2025-04-08 16:00:00,2619.0,2490.6946
2025-04-08 17:00:00,2906.0,2543.0947
2025-04-08 18:00:00,2301.0,2166.9653
2025-04-08 19:00:00,1315.0,1300.2238
2025-04-08 20:00:00,931.0,931.6377
2025-04-08 21:00:00,783.0,792.87445
2025-04-08 22:00:00,632.0,673.58844
2025-04-08 23:00:00,526.0,515.6864
2025-04-09 00:00:00,199.0,333.89606
2025-04-09 01:00:00,103.0,164.59058
2025-04-09 02:00:00,67.0,125.99017
2025-04-09 03:00:00,58.0,119.2251
2025-04-09 04:00:00,96.0,145.8855
2025-04-09 05:00:00,456.0,325.1928
2025-04-09 06:00:00,1387.0,1355.2927
2025-04-09 07:00:00,1841.0,1752.6993
2025-04-09 08:00:00,1788.0,1687.4741
2025-04-09 09:00:00,1454.0,1574.9596
2025-04-09 10:00:00,1442.0,1510.1353
2025-04-09 11:00:00,1618.0,1475.7294
2025-04-09 12:00:00,1567.0,1468.1007
2025-04-09 13:00:00,1549.0,1472.8345
2025-04-09 14:00:00,1704.0,1547.8545
2025-04-09 15:00:00,1996.0,2000.583
2025-04-09 16:00:00,2637.0,2510.7896
2025-04-09 17:00:00,2843.0,2586.1223
2025-04-09 18:00:00,2327.0,2268.5046
2025-04-09 19:00:00,1405.0,1399.8667
2025-04-09 20:00:00,939.0,984.51086
2025-04-09 21:00:00,859.0,852.84753
2025-04-09 22:00:00,698.0,748.94293
2025-04-09 23:00:00,392.0,579.55664
2025-04-10 00:00:00,170.0,394.7928
2025-04-10 01:00:00,79.0,191.29596
2025-04-10 02:00:00,42.0,125.75226
2025-04-10 03:00:00,58.0,111.60022
2025-04-10 04:00:00,95.0,125.73035
2025-04-10 05:00:00,477.0,285.90778
2025-04-10 06:00:00,1360.0,1259.9246
2025-04-10 07:00:00,1934.0,1758.5416
2025-04-10 08:00:00,1805.0,1689.6062
2025-04-10 09:00:00,1547.0,1596.3031
2025-04-10 10:00:00,1553.0,1565.5596
2025-04-10 11:00:00,1607.0,1563.1267
2025-04-10 12:00:00,1576.0,1556.2383
2025-04-10 13:00:00,1516.0,1609.5333
2025-04-10 14:00:00,1787.0,1778.1584
2025-04-10 15:00:00,2140.0,2245.691
2025-04-10 16:00:00,2719.0,2604.4368
2025-04-10 17:00:00,2946.0,2616.3147
2025-04-10 18:00:00,2326.0,2405.3745
2025-04-10 19:00:00,1783.0,1595.6776
2025-04-10 20:00:00,1055.0,1047.399
2025-04-10 21:00:00,916.0,914.29706
2025-04-10 22:00:00,790.0,806.9011
2025-04-10 23:00:00,417.0,681.0493
2025-04-11 00:00:00,217.0,457.64758
2025-04-11 01:00:00,102.0,218.2171
2025-04-11 02:00:00,70.0,121.178406
2025-04-11 03:00:00,59.0,98.15796
2025-04-11 04:00:00,140.0,119.742004
2025-04-11 05:00:00,438.0,290.07782
2025-04-11 06:00:00,1353.0,1148.6498
2025-04-11 07:00:00,1783.0,1713.5547
2025-04-11 08:00:00,1697.0,1709.2063
2025-04-11 09:00:00,1661.0,1651.6991
2025-04-11 10:00:00,1769.0,1625.8667
2025-04-11 11:00:00,1743.0,1641.4906
2025-04-11 12:00:00,1943.0,1718.405
2025-04-11 13:00:00,1996.0,1837.7725
2025-04-11 14:00:00,2190.0,2141.1104
2025-04-11 15:00:00,2475.0,2504.2246
2025-04-11 16:00:00,2787.0,2682.5151
2025-04-11 17:00:00,2806.0,2646.1072
2025-04-11 18:00:00,2501.0,2460.0513
2025-04-11 19:00:00,1895.0,1898.9896
2025-04-11 20:00:00,1430.0,1221.206
2025-04-11 21:00:00,1122.0,1001.8523
2025-04-11 22:00:00,900.0,857.0901
2025-04-11 23:00:00,709.0,726.33496
2025-04-12 00:00:00,428.0,564.36395
2025-04-12 01:00:00,217.0,398.21063
2025-04-12 02:00:00,134.0,249.18811
2025-04-12 03:00:00,109.0,168.80103
2025-04-12 04:00:00,158.0,168.58124
2025-04-12 05:00:00,237.0,224.15948
2025-04-12 06:00:00,503.0,517.751
2025-04-12 07:00:00,925.0,1271.1552
2025-04-12 08:00:00,1504.0,1884.8079
2025-04-12 09:00:00,2254.0,2135.7935
2025-04-12 10:00:00,2260.0,2205.9133
2025-04-12 11:00:00,2512.0,2233.0293
2025-04-12 12:00:00,2508.0,2222.3655
2025-04-12 13:00:00,2204.0,2123.3682
2025-04-12 14:00:00,2229.0,1969.0448
2025-04-12 15:00:00,1973.0,1854.7343
2025-04-12 16:00:00,1921.0,1764.7124
2025-04-12 17:00:00,1878.0,1648.0029
2025-04-12 18:00:00,1523.0,1463.4182
2025-04-12 19:00:00,1095.0,1151.7828
2025-04-12 20:00:00,974.0,901.2609
2025-04-12 21:00:00,923.0,801.37946
2025-04-12 22:00:00,786.0,739.3122
2025-04-12 23:00:00,853.0,668.5916
2025-04-13 00:00:00,558.0,474.15747
2025-04-13 01:00:00,338.0,382.93085
2025-04-13 02:00:00,204.0,258.4967
2025-04-13 03:00:00,149.0,181.99182
2025-04-13 04:00:00,125.0,183.34943
2025-04-13 05:00:00,125.0,207.49048
2025-04-13 06:00:00,211.0,281.38153
2025-04-13 07:00:00,355.0,571.7598
2025-04-13 08:00:00,729.0,920.9555
2025-04-13 09:00:00,1178.0,1415.2251
2025-04-13 10:00:00,1481.0,1794.9734
2025-04-13 11:00:00,1707.0,1840.0131
2025-04-13 12:00:00,1650.0,1814.1484
2025-04-13 13:00:00,1718.0,1728.5112
2025-04-13 14:00:00,1629.0,1605.441
2025-04-13 15:00:00,1597.0,1536.5662
2025-04-13 16:00:00,1596.0,1520.038
2025-04-13 17:00:00,1701.0,1541.6819
2025-04-13 18:00:00,1473.0,1337.2509
2025-04-13 19:00:00,1172.0,1120.7499
2025-04-13 20:00:00,973.0,876.7779
2025-04-13 21:00:00,790.0,787.01245
2025-04-13 22:00:00,456.0,684.80334
2025-04-13 23:00:00,279.0,584.5884
2025-04-14 00:00:00,141.0,300.68152
2025-04-14 01:00:00,67.0,155.78925
2025-04-14 02:00:00,32.0,103.479065
2025-04-14 03:00:00,48.0,116.56683
2025-04-14 04:00:00,119.0,158.51105
2025-04-14 05:00:00,460.0,367.755
2025-04-14 06:00:00,1403.0,1347.6465
2025-04-14 07:00:00,1853.0,1713.5879
2025-04-14 08:00:00,1658.0,1657.7244
2025-04-14 09:00:00,1553.0,1595.7113
2025-04-14 10:00:00,1484.0,1523.8876
2025-04-14 11:00:00,1463.0,1467.624
2025-04-14 12:00:00,1379.0,1434.5092
2025-04-14 13:00:00,1502.0,1431.3291
2025-04-14 14:00:00,1533.0,1499.1245
2025-04-14 15:00:00,1748.0,1941.4722
2025-04-14 16:00:00,2457.0,2488.1948
2025-04-14 17:00:00,2705.0,2502.2751
2025-04-14 18:00:00,2035.0,2065.9912
2025-04-14 19:00:00,1321.0,1284.7451
2025-04-14 20:00:00,864.0,877.2283
2025-04-14 21:00:00,619.0,738.1907
2025-04-14 22:00:00,498.0,632.4103
2025-04-14 23:00:00,284.0,483.6618
2025-04-15 00:00:00,133.0,293.78546
2025-04-15 01:00:00,74.0,151.71729
2025-04-15 02:00:00,45.0,119.83539
2025-04-15 03:00:00,40.0,117.73352
2025-04-15 04:00:00,116.0,147.54468
2025-04-15 05:00:00,430.0,326.10388
2025-04-15 06:00:00,1405.0,1291.1669
2025-04-15 07:00:00,1786.0,1716.3359
2025-04-15 08:00:00,1781.0,1615.4408
2025-04-15 09:00:00,1457.0,1495.2052
2025-04-15 10:00:00,1501.0,1419.1272
2025-04-15 11:00:00,1531.0,1397.2058
2025-04-15 12:00:00,1440.0,1391.6979
2025-04-15 13:00:00,1523.0,1415.6532
2025-04-15 14:00:00,1619.0,1470.7753
2025-04-15 15:00:00,1872.0,1926.552
2025-04-15 16:00:00,2590.0,2478.178
2025-04-15 17:00:00,2858.0,2535.7117
2025-04-15 18:00:00,2415.0,2139.3445
2025-04-15 19:00:00,1492.0,1297.7872
2025-04-15 20:00:00,1091.0,936.3356
2025-04-15 21:00:00,804.0,795.3523
2025-04-15 22:00:00,635.0,678.32837
2025-04-15 23:00:00,399.0,515.5201
2025-04-16 00:00:00,137.0,337.18097
2025-04-16 01:00:00,101.0,169.5835
2025-04-16 02:00:00,54.0,125.493835
2025-04-16 03:00:00,56.0,120.01819
2025-04-16 04:00:00,138.0,142.09393
2025-04-16 05:00:00,446.0,327.42603
2025-04-16 06:00:00,1388.0,1285.1849
2025-04-16 07:00:00,1849.0,1750.0553
2025-04-16 08:00:00,1796.0,1691.3457
2025-04-16 09:00:00,1556.0,1568.6713
2025-04-16 10:00:00,1629.0,1484.371
2025-04-16 11:00:00,1711.0,1461.5609
2025-04-16 12:00:00,1698.0,1437.554
2025-04-16 13:00:00,1871.0,1454.6063
2025-04-16 14:00:00,2041.0,1539.6339
2025-04-16 15:00:00,2228.0,2046.7476
2025-04-16 16:00:00,2820.0,2568.415
2025-04-16 17:00:00,2972.0,2608.8738
2025-04-16 18:00:00,2504.0,2287.4907
2025-04-16 19:00:00,1726.0,1416.2668
2025-04-16 20:00:00,1107.0,958.95746
2025-04-16 21:00:00,854.0,807.3972
2025-04-16 22:00:00,701.0,721.541
2025-04-16 23:00:00,477.0,568.3189
2025-04-17 00:00:00,253.0,347.1584
2025-04-17 01:00:00,106.0,184.74866
2025-04-17 02:00:00,90.0,107.29785
2025-04-17 03:00:00,78.0,99.88977
2025-04-17 04:00:00,124.0,128.60321
2025-04-17 05:00:00,443.0,306.0171
2025-04-17 06:00:00,1286.0,1255.2324
2025-04-17 07:00:00,1706.0,1566.4474
2025-04-17 08:00:00,1648.0,1606.1466
2025-04-17 09:00:00,1692.0,1574.1641
2025-04-17 10:00:00,1826.0,1524.2094
2025-04-17 11:00:00,1817.0,1526.847
2025-04-17 12:00:00,1919.0,1526.3899
2025-04-17 13:00:00,2261.0,1595.4677
2025-04-17 14:00:00,2486.0,1820.5613
2025-04-17 15:00:00,2828.0,2301.4253
2025-04-17 16:00:00,3229.0,2635.8328
2025-04-17 17:00:00,1143.0,2631.3933
2025-04-17 18:00:00,2233.0,2427.9492
2025-04-17 19:00:00,2085.0,1589.143
2025-04-17 20:00:00,1573.0,1058.6506
2025-04-17 21:00:00,1131.0,918.2359
2025-04-17 22:00:00,867.0,774.0805
2025-04-17 23:00:00,818.0,683.24744
2025-04-18 00:00:00,451.0,657.7528
2025-04-18 01:00:00,230.0,514.29803
2025-04-18 02:00:00,184.0,416.71136
2025-04-18 03:00:00,198.0,368.69196
2025-04-18 04:00:00,181.0,364.76703
2025-04-18 05:00:00,249.0,392.28296
2025-04-18 06:00:00,476.0,639.32434
2025-04-18 07:00:00,826.0,1202.952
2025-04-18 08:00:00,1345.0,1666.3584
2025-04-18 09:00:00,2234.0,1890.4158
2025-04-18 10:00:00,2933.0,1957.4197
2025-04-18 11:00:00,2634.0,1967.9839
2025-04-18 12:00:00,2314.0,1964.7463
2025-04-18 13:00:00,2161.0,1945.9426
2025-04-18 14:00:00,2038.0,1909.4839
2025-04-18 15:00:00,1861.0,1927.1559
2025-04-18 16:00:00,1726.0,1932.5847
2025-04-18 17:00:00,1507.0,1791.6938
2025-04-18 18:00:00,1277.0,1542.2422
2025-04-18 19:00:00,960.0,1295.4958
2025-04-18 20:00:00,809.0,1069.0527
2025-04-18 21:00:00,714.0,943.61554
2025-04-18 22:00:00,604.0,866.2858
2025-04-18 23:00:00,502.0,788.5581
2025-04-19 00:00:00,263.0,578.6122
2025-04-19 01:00:00,168.0,404.23627
2025-04-19 02:00:00,112.0,251.47559
2025-04-19 03:00:00,91.0,165.8299
2025-04-19 04:00:00,95.0,167.9455
2025-04-19 05:00:00,194.0,224.44952
2025-04-19 06:00:00,356.0,436.4663
2025-04-19 07:00:00,643.0,1127.5328
2025-04-19 08:00:00,1058.0,1918.9939
2025-04-19 09:00:00,1776.0,2145.2388
2025-04-19 10:00:00,2296.0,2210.234
2025-04-19 11:00:00,2167.0,2236.2898
2025-04-19 12:00:00,1946.0,2224.9556
2025-04-19 13:00:00,1810.0,2156.0452
2025-04-19 14:00:00,1720.0,2038.2946
2025-04-19 15:00:00,1547.0,1908.1044
2025-04-19 16:00:00,1589.0,1798.362
2025-04-19 17:00:00,1478.0,1653.0027
2025-04-19 18:00:00,1294.0,1441.9287
2025-04-19 19:00:00,1001.0,1156.5504
2025-04-19 20:00:00,925.0,903.49243
2025-04-19 21:00:00,799.0,802.58496
2025-04-19 22:00:00,696.0,740.09546
2025-04-19 23:00:00,582.0,670.93384
2025-04-20 00:00:00,358.0,478.70374
2025-04-20 01:00:00,226.0,384.4267
2025-04-20 02:00:00,159.0,258.22205
2025-04-20 03:00:00,127.0,179.65387
2025-04-20 04:00:00,84.0,181.19232
2025-04-20 05:00:00,90.0,206.0874
2025-04-20 06:00:00,152.0,276.23132
2025-04-20 07:00:00,255.0,562.8865
2025-04-20 08:00:00,621.0,939.99884
2025-04-20 09:00:00,1446.0,1627.0369
2025-04-20 10:00:00,1977.0,1803.1245
2025-04-20 11:00:00,1902.0,1846.6377
2025-04-20 12:00:00,1605.0,1814.6683
2025-04-20 13:00:00,1465.0,1739.6487
2025-04-20 14:00:00,1370.0,1618.7861
2025-04-20 15:00:00,1385.0,1571.17
2025-04-20 16:00:00,1466.0,1526.6571
2025-04-20 17:00:00,1373.0,1536.8033
2025-04-20 18:00:00,1241.0,1343.9333
2025-04-20 19:00:00,927.0,1112.8593
2025-04-20 20:00:00,835.0,869.7234
2025-04-20 21:00:00,815.0,786.1174
2025-04-20 22:00:00,578.0,696.8335
2025-04-20 23:00:00,449.0,598.48456
2025-04-21 00:00:00,236.0,461.425
2025-04-21 01:00:00,130.0,388.20288
2025-04-21 02:00:00,78.0,360.9701
2025-04-21 03:00:00,71.0,331.9485
2025-04-21 04:00:00,61.0,318.8579
2025-04-21 05:00:00,77.0,339.46545
2025-04-21 06:00:00,190.0,415.62122
2025-04-21 07:00:00,312.0,704.9015
2025-04-21 08:00:00,584.0,1170.5371
2025-04-21 09:00:00,1291.0,1471.5275
2025-04-21 10:00:00,1887.0,1558.897
2025-04-21 11:00:00,1848.0,1640.6102
2025-04-21 12:00:00,1595.0,1680.2367
2025-04-21 13:00:00,1627.0,1656.0496
2025-04-21 14:00:00,1477.0,1647.9834
2025-04-21 15:00:00,1608.0,1661.2607
2025-04-21 16:00:00,1682.0,1678.5393
2025-04-21 17:00:00,1530.0,1626.3367
2025-04-21 18:00:00,1324.0,1465.841
2025-04-21 19:00:00,1042.0,1189.0718
2025-04-21 20:00:00,852.0,998.78326
2025-04-21 21:00:00,647.0,838.49786
2025-04-21 22:00:00,423.0,695.72363
2025-04-21 23:00:00,358.0,587.1253
2025-04-22 00:00:00,129.0,294.64056
2025-04-22 01:00:00,72.0,148.31134
2025-04-22 02:00:00,41.0,120.233765
2025-04-22 03:00:00,47.0,117.83557
2025-04-22 04:00:00,112.0,149.79657
2025-04-22 05:00:00,486.0,328.40405
2025-04-22 06:00:00,1465.0,1301.9626
2025-04-22 07:00:00,1808.0,1718.5682
2025-04-22 08:00:00,1632.0,1640.3348
2025-04-22 09:00:00,1573.0,1582.9042
2025-04-22 10:00:00,1586.0,1488.204
2025-04-22 11:00:00,1587.0,1435.6006
2025-04-22 12:00:00,1395.0,1418.7986
2025-04-22 13:00:00,1501.0,1417.3003
2025-04-22 14:00:00,1544.0,1474.7644
2025-04-22 15:00:00,1818.0,1939.4097
2025-04-22 16:00:00,2371.0,2501.287
2025-04-22 17:00:00,2697.0,2567.437
2025-04-22 18:00:00,1994.0,2146.9026
2025-04-22 19:00:00,1088.0,1299.1544
2025-04-22 20:00:00,770.0,934.6066
2025-04-22 21:00:00,591.0,796.15814
2025-04-22 22:00:00,487.0,678.379
2025-04-22 23:00:00,379.0,518.0667
2025-04-23 00:00:00,111.0,337.9746
2025-04-23 01:00:00,90.0,169.15729
2025-04-23 02:00:00,45.0,126.18048
2025-04-23 03:00:00,50.0,120.20874
2025-04-23 04:00:00,117.0,143.9585
2025-04-23 05:00:00,422.0,341.41797
2025-04-23 06:00:00,1359.0,1301.064
2025-04-23 07:00:00,1736.0,1751.639
2025-04-23 08:00:00,1628.0,1692.2806
2025-04-23 09:00:00,1440.0,1576.6404
2025-04-23 10:00:00,1532.0,1511.2769
2025-04-23 11:00:00,1459.0,1478.2256
2025-04-23 12:00:00,1421.0,1471.1791
2025-04-23 13:00:00,1516.0,1474.4192
2025-04-23 14:00:00,1493.0,1543.1329
2025-04-23 15:00:00,1904.0,2009.0934
2025-04-23 16:00:00,2575.0,2542.1624
2025-04-23 17:00:00,2633.0,2611.7012
2025-04-23 18:00:00,1856.0,2294.9705
2025-04-23 19:00:00,1158.0,1446.4509
2025-04-23 20:00:00,800.0,1023.98694
2025-04-23 21:00:00,638.0,819.164
2025-04-23 22:00:00,536.0,721.97205
2025-04-23 23:00:00,304.0,582.9434
2025-04-24 00:00:00,107.0,352.86084
2025-04-24 01:00:00,82.0,194.34424
2025-04-24 02:00:00,44.0,127.00726
2025-04-24 03:00:00,49.0,111.92059
2025-04-24 04:00:00,90.0,127.160645
2025-04-24 05:00:00,411.0,295.04376
2025-04-24 06:00:00,1348.0,1289.4185
2025-04-24 07:00:00,1765.0,1678.1477
2025-04-24 08:00:00,1636.0,1618.7302
2025-04-24 09:00:00,1493.0,1542.0515
2025-04-24 10:00:00,1502.0,1525.4634
2025-04-24 11:00:00,1478.0,1525.6364
2025-04-24 12:00:00,1476.0,1535.6779
2025-04-24 13:00:00,1572.0,1604.8096
2025-04-24 14:00:00,1689.0,1821.2654
2025-04-24 15:00:00,1907.0,2284.2075
2025-04-24 16:00:00,2636.0,2627.5566
2025-04-24 17:00:00,2879.0,2627.9448
2025-04-24 18:00:00,2210.0,2416.5923
2025-04-24 19:00:00,1294.0,1633.8241
2025-04-24 20:00:00,925.0,1105.5984
2025-04-24 21:00:00,709.0,916.3895
2025-04-24 22:00:00,631.0,809.12415
2025-04-24 23:00:00,391.0,684.6018
2025-04-25 00:00:00,197.0,462.19702
2025-04-25 01:00:00,85.0,209.69556
2025-04-25 02:00:00,50.0,119.99713
2025-04-25 03:00:00,55.0,96.8512
2025-04-25 04:00:00,113.0,139.3852
2025-04-25 05:00:00,368.0,315.1964
2025-04-25 06:00:00,1216.0,1073.1792
2025-04-25 07:00:00,1587.0,1655.117
2025-04-25 08:00:00,1435.0,1608.7001
2025-04-25 09:00:00,1469.0,1599.5525
2025-04-25 10:00:00,1599.0,1582.7725
2025-04-25 11:00:00,1709.0,1593.6453
2025-04-25 12:00:00,1667.0,1687.7671
2025-04-25 13:00:00,1761.0,1860.1525
2025-04-25 14:00:00,2081.0,2187.752
2025-04-25 15:00:00,2375.0,2545.5286
2025-04-25 16:00:00,2713.0,2713.8843
2025-04-25 17:00:00,2634.0,2677.9934
2025-04-25 18:00:00,2081.0,2491.6274
2025-04-25 19:00:00,1461.0,1921.1854
2025-04-25 20:00:00,1034.0,1249.5793
2025-04-25 21:00:00,775.0,1011.26807
2025-04-25 22:00:00,730.0,863.00256
2025-04-25 23:00:00,626.0,732.90967
2025-04-26 00:00:00,369.0,570.458
2025-04-26 01:00:00,201.0,400.7025
2025-04-26 02:00:00,129.0,249.32489
2025-04-26 03:00:00,95.0,169.51306
2025-04-26 04:00:00,117.0,170.73517
2025-04-26 05:00:00,225.0,229.19666
2025-04-26 06:00:00,458.0,463.9339
2025-04-26 07:00:00,815.0,1151.7357
2025-04-26 08:00:00,1379.0,1779.6799
2025-04-26 09:00:00,1795.0,2096.527
2025-04-26 10:00:00,2187.0,2157.1235
2025-04-26 11:00:00,2270.0,2181.111
2025-04-26 12:00:00,2029.0,2203.773
2025-04-26 13:00:00,2057.0,2130.765
2025-04-26 14:00:00,2033.0,2003.6224
2025-04-26 15:00:00,1922.0,1889.063
2025-04-26 16:00:00,1881.0,1780.685
2025-04-26 17:00:00,1815.0,1678.1995
2025-04-26 18:00:00,1494.0,1446.3828
2025-04-26 19:00:00,1053.0,1155.772
2025-04-26 20:00:00,911.0,904.07367
2025-04-26 21:00:00,781.0,801.97205
2025-04-26 22:00:00,777.0,740.3575
2025-04-26 23:00:00,695.0,674.74164
2025-04-27 00:00:00,484.0,481.6084
2025-04-27 01:00:00,356.0,385.86774
2025-04-27 02:00:00,202.0,257.80457
2025-04-27 03:00:00,160.0,177.50238
2025-04-27 04:00:00,144.0,180.49408
2025-04-27 05:00:00,143.0,206.53925
2025-04-27 06:00:00,198.0,278.7611
2025-04-27 07:00:00,407.0,568.3472
2025-04-27 08:00:00,804.0,948.1838
2025-04-27 09:00:00,1284.0,1446.5913
2025-04-27 10:00:00,1524.0,1968.7012
2025-04-27 11:00:00,1584.0,2025.3472
2025-04-27 12:00:00,1610.0,1971.6348
2025-04-27 13:00:00,1652.0,1855.3969
2025-04-27 14:00:00,1623.0,1685.24
2025-04-27 15:00:00,1611.0,1578.9314
2025-04-27 16:00:00,1684.0,1532.3038
2025-04-27 17:00:00,1576.0,1543.2573
2025-04-27 18:00:00,1360.0,1330.8779
2025-04-27 19:00:00,1214.0,1122.2286
2025-04-27 20:00:00,1016.0,876.48785
2025-04-27 21:00:00,891.0,786.22107
2025-04-27 22:00:00,470.0,686.7492
2025-04-27 23:00:00,327.0,589.91364
2025-04-28 00:00:00,144.0,302.52448
2025-04-28 01:00:00,67.0,155.46057
2025-04-28 02:00:00,50.0,116.466
2025-04-28 03:00:00,43.0,116.08234
2025-04-28 04:00:00,111.0,158.42426
2025-04-28 05:00:00,486.0,376.38513
2025-04-28 06:00:00,1489.0,1309.4507
2025-04-28 07:00:00,1829.0,1733.5469
2025-04-28 08:00:00,1666.0,1682.9971
2025-04-28 09:00:00,1580.0,1596.157
2025-04-28 10:00:00,1528.0,1524.6711
2025-04-28 11:00:00,1480.0,1469.5437
2025-04-28 12:00:00,1399.0,1437.1624
2025-04-28 13:00:00,1428.0,1431.8264
2025-04-28 14:00:00,1554.0,1505.6842
2025-04-28 15:00:00,1711.0,1935.1594
2025-04-28 16:00:00,2207.0,2446.4429
2025-04-28 17:00:00,2410.0,2485.5608
2025-04-28 18:00:00,1780.0,2068.1155
2025-04-28 19:00:00,1083.0,1289.1816
2025-04-28 20:00:00,922.0,878.77
2025-04-28 21:00:00,614.0,740.1848
2025-04-28 22:00:00,473.0,633.73865
2025-04-28 23:00:00,256.0,486.09827
2025-04-29 00:00:00,143.0,295.11926
2025-04-29 01:00:00,98.0,152.30078
2025-04-29 02:00:00,51.0,120.48486
2025-04-29 03:00:00,45.0,118.114746
2025-04-29 04:00:00,104.0,149.45941
2025-04-29 05:00:00,466.0,348.7182
2025-04-29 06:00:00,1448.0,1238.3047
2025-04-29 07:00:00,1803.0,1734.1866
2025-04-29 08:00:00,1728.0,1689.8984
2025-04-29 09:00:00,1527.0,1584.262
2025-04-29 10:00:00,1504.0,1488.8662
2025-04-29 11:00:00,1376.0,1440.9133
2025-04-29 12:00:00,1377.0,1419.0928
2025-04-29 13:00:00,1498.0,1417.5757
2025-04-29 14:00:00,1471.0,1474.6523
2025-04-29 15:00:00,1912.0,1915.2238
2025-04-29 16:00:00,2485.0,2459.4863
2025-04-29 17:00:00,2768.0,2532.9204
2025-04-29 18:00:00,2067.0,2077.899
2025-04-29 19:00:00,1282.0,1301.855
2025-04-29 20:00:00,893.0,941.2811
2025-04-29 21:00:00,728.0,798.35736
2025-04-29 22:00:00,592.0,679.57086
2025-04-29 23:00:00,356.0,518.1584
2025-04-30 00:00:00,150.0,339.43695
2025-04-30 01:00:00,64.0,170.93799
2025-04-30 02:00:00,47.0,126.01996
2025-04-30 03:00:00,56.0,120.65564
2025-04-30 04:00:00,109.0,142.94702
2025-04-30 05:00:00,453.0,355.06158
2025-04-30 06:00:00,1318.0,1264.3002
2025-04-30 07:00:00,1762.0,1746.4291
2025-04-30 08:00:00,1797.0,1692.5594
2025-04-30 09:00:00,1719.0,1578.6223
2025-04-30 10:00:00,1607.0,1512.178
2025-04-30 11:00:00,1618.0,1479.8196
2025-04-30 12:00:00,1601.0,1473.6333
2025-04-30 13:00:00,1572.0,1478.1871
2025-04-30 14:00:00,1794.0,1545.8416
2025-04-30 15:00:00,2083.0,1968.2408
2025-04-30 16:00:00,2722.0,2476.7256
2025-04-30 17:00:00,2999.0,2569.4849
2025-04-30 18:00:00,2418.0,2206.2642
2025-04-30 19:00:00,1690.0,1359.3287
2025-04-30 20:00:00,1076.0,987.44464
2025-04-30 21:00:00,939.0,866.47815
2025-04-30 22:00:00,704.0,764.39526
2025-04-30 23:00:00,442.0,578.4886
2025-05-01 00:00:00,224.0,415.5124
2025-05-01 01:00:00,111.0,203.42542
2025-05-01 02:00:00,79.0,131.96124
2025-05-01 03:00:00,72.0,113.61609
2025-05-01 04:00:00,122.0,128.24207
2025-05-01 05:00:00,391.0,318.04974
2025-05-01 06:00:00,1263.0,1221.1173
2025-05-01 07:00:00,1692.0,1772.5868
2025-05-01 08:00:00,1869.0,1706.7739
2025-05-01 09:00:00,2252.0,1618.4387
2025-05-01 10:00:00,2497.0,1586.6772
2025-05-01 11:00:00,2144.0,1578.3188
2025-05-01 12:00:00,1950.0,1583.0361
2025-05-01 13:00:00,1899.0,1637.5249
2025-05-01 14:00:00,1746.0,1813.4565
2025-05-01 15:00:00,1601.0,2219.544
2025-05-01 16:00:00,1612.0,2574.9326
2025-05-01 17:00:00,1442.0,2600.3794
2025-05-01 18:00:00,1198.0,2351.902
2025-05-01 19:00:00,1081.0,1550.6248
2025-05-01 20:00:00,756.0,1061.027
2025-05-01 21:00:00,719.0,928.0548
2025-05-01 22:00:00,553.0,817.59644
2025-05-01 23:00:00,427.0,695.82385
2025-05-02 00:00:00,231.0,481.4552
2025-05-02 01:00:00,100.0,231.15894
2025-05-02 02:00:00,56.0,134.41748
2025-05-02 03:00:00,51.0,111.541626
2025-05-02 04:00:00,112.0,135.61462
2025-05-02 05:00:00,384.0,329.6601
2025-05-02 06:00:00,1114.0,1110.0724
2025-05-02 07:00:00,1479.0,1710.9376
2025-05-02 08:00:00,1545.0,1736.1361
2025-05-02 09:00:00,1660.0,1691.8679
2025-05-02 10:00:00,1763.0,1665.8484
2025-05-02 11:00:00,1809.0,1686.7776
2025-05-02 12:00:00,1661.0,1751.8557
2025-05-02 13:00:00,1766.0,1882.9478
2025-05-02 14:00:00,1873.0,2162.48
2025-05-02 15:00:00,2041.0,2498.1157
2025-05-02 16:00:00,2264.0,2661.9438
2025-05-02 17:00:00,2199.0,2627.5479
2025-05-02 18:00:00,1887.0,2404.24
2025-05-02 19:00:00,1255.0,1892.9313
2025-05-02 20:00:00,980.0,1217.8251
2025-05-02 21:00:00,747.0,1011.97754
2025-05-02 22:00:00,708.0,867.4244
2025-05-02 23:00:00,582.0,728.4973
2025-05-03 00:00:00,378.0,549.9233
2025-05-03 01:00:00,232.0,392.0492
2025-05-03 02:00:00,137.0,250.06024
2025-05-03 03:00:00,89.0,182.2998
2025-05-03 04:00:00,95.0,182.87378
2025-05-03 05:00:00,190.0,238.93799
2025-05-03 06:00:00,428.0,502.5345
2025-05-03 07:00:00,752.0,1201.6418
2025-05-03 08:00:00,1205.0,1501.1167
2025-05-03 09:00:00,1643.0,2052.3137
2025-05-03 10:00:00,1776.0,2133.5703
2025-05-03 11:00:00,1861.0,2171.1582
2025-05-03 12:00:00,1905.0,2166.85
2025-05-03 13:00:00,1830.0,2114.2393
2025-05-03 14:00:00,1791.0,1981.731
2025-05-03 15:00:00,1649.0,1864.4784
2025-05-03 16:00:00,1858.0,1777.1636
2025-05-03 17:00:00,1641.0,1664.4719
2025-05-03 18:00:00,1358.0,1466.8829
2025-05-03 19:00:00,1054.0,1176.7626
2025-05-03 20:00:00,863.0,911.9996
2025-05-03 21:00:00,812.0,804.3362
2025-05-03 22:00:00,839.0,739.60925
2025-05-03 23:00:00,790.0,666.1609
2025-05-04 00:00:00,546.0,472.35657
2025-05-04 01:00:00,317.0,378.8681
2025-05-04 02:00:00,229.0,259.5064
2025-05-04 03:00:00,115.0,187.19049
2025-05-04 04:00:00,125.0,169.30914
2025-05-04 05:00:00,117.0,211.33508
2025-05-04 06:00:00,209.0,286.1272
2025-05-04 07:00:00,325.0,567.12195
2025-05-04 08:00:00,588.0,1088.8677
2025-05-04 09:00:00,1059.0,1624.8917
2025-05-04 10:00:00,1311.0,1966.7356
2025-05-04 11:00:00,1429.0,1508.3617
2025-05-04 12:00:00,1414.0,1832.5183
2025-05-04 13:00:00,1452.0,1753.0929
2025-05-04 14:00:00,1439.0,1646.5946
2025-05-04 15:00:00,1444.0,1573.08
2025-05-04 16:00:00,1631.0,1572.7139
2025-05-04 17:00:00,1655.0,1578.9761
2025-05-04 18:00:00,1372.0,1311.2161
2025-05-04 19:00:00,1057.0,1009.3712
2025-05-04 20:00:00,919.0,861.22
2025-05-04 21:00:00,622.0,772.0177
2025-05-04 22:00:00,479.0,691.1683
2025-05-04 23:00:00,286.0,599.912
2025-05-05 00:00:00,158.0,309.74927
2025-05-05 01:00:00,80.0,160.90729
2025-05-05 02:00:00,32.0,105.99896
2025-05-05 03:00:00,48.0,135.47925
2025-05-05 04:00:00,108.0,182.53815
2025-05-05 05:00:00,479.0,379.43298
2025-05-05 06:00:00,1442.0,1335.7411
2025-05-05 07:00:00,1751.0,1629.5588
2025-05-05 08:00:00,1703.0,1593.3229
2025-05-05 09:00:00,1389.0,1511.0858
2025-05-05 10:00:00,1370.0,1433.2384
2025-05-05 11:00:00,1281.0,1389.6753
2025-05-05 12:00:00,1357.0,1374.0375
2025-05-05 13:00:00,1308.0,1388.5991
2025-05-05 14:00:00,1386.0,1545.0933
2025-05-05 15:00:00,1741.0,1985.8993
2025-05-05 16:00:00,2399.0,2485.5427
2025-05-05 17:00:00,2665.0,2556.843
2025-05-05 18:00:00,2003.0,2076.0435
2025-05-05 19:00:00,1167.0,1316.0652
2025-05-05 20:00:00,782.0,888.7828
2025-05-05 21:00:00,654.0,747.8297
2025-05-05 22:00:00,506.0,646.3324
2025-05-05 23:00:00,297.0,496.06604
2025-05-06 00:00:00,125.0,302.19745
2025-05-06 01:00:00,76.0,148.99933
2025-05-06 02:00:00,51.0,122.96588
2025-05-06 03:00:00,44.0,113.635864
2025-05-06 04:00:00,117.0,148.41583
2025-05-06 05:00:00,445.0,335.86353
2025-05-06 06:00:00,1400.0,1270.8853
2025-05-06 07:00:00,1796.0,1722.7156
2025-05-06 08:00:00,1813.0,1584.0812
2025-05-06 09:00:00,1495.0,1498.3407
2025-05-06 10:00:00,1340.0,1421.8408
2025-05-06 11:00:00,1316.0,1398.0854
2025-05-06 12:00:00,1298.0,1398.4355
2025-05-06 13:00:00,1370.0,1399.4148
2025-05-06 14:00:00,1509.0,1485.1918
2025-05-06 15:00:00,1816.0,2012.9097
2025-05-06 16:00:00,2599.0,2583.883
2025-05-06 17:00:00,2828.0,2590.116
2025-05-06 18:00:00,2282.0,2162.9004
2025-05-06 19:00:00,1294.0,1313.466
2025-05-06 20:00:00,919.0,940.03845
2025-05-06 21:00:00,693.0,802.50586
2025-05-06 22:00:00,546.0,683.9846
2025-05-06 23:00:00,303.0,528.6859
2025-05-07 00:00:00,168.0,347.13367
2025-05-07 01:00:00,81.0,174.11517
2025-05-07 02:00:00,46.0,129.16632
2025-05-07 03:00:00,52.0,121.662964
2025-05-07 04:00:00,118.0,143.94025
2025-05-07 05:00:00,462.0,320.66168
2025-05-07 06:00:00,1426.0,1302.0658
2025-05-07 07:00:00,1789.0,1711.2076
2025-05-07 08:00:00,1731.0,1608.8558
2025-05-07 09:00:00,1340.0,1510.9517
2025-05-07 10:00:00,1287.0,1460.7845
2025-05-07 11:00:00,1324.0,1442.4204
2025-05-07 12:00:00,1470.0,1445.9861
2025-05-07 13:00:00,1497.0,1461.5891
2025-05-07 14:00:00,1629.0,1516.9432
2025-05-07 15:00:00,1920.0,2102.8042
2025-05-07 16:00:00,2485.0,2586.1992
2025-05-07 17:00:00,2767.0,2572.3154
2025-05-07 18:00:00,2238.0,2287.5347
2025-05-07 19:00:00,1347.0,1435.2273
2025-05-07 20:00:00,966.0,1000.1374
2025-05-07 21:00:00,710.0,862.6039
2025-05-07 22:00:00,602.0,758.99036
2025-05-07 23:00:00,348.0,595.8193
2025-05-08 00:00:00,154.0,416.2002
2025-05-08 01:00:00,58.0,204.11603
2025-05-08 02:00:00,45.0,131.6441
2025-05-08 03:00:00,56.0,113.95917
2025-05-08 04:00:00,95.0,127.79938
2025-05-08 05:00:00,464.0,293.07825
2025-05-08 06:00:00,1435.0,1281.9448
2025-05-08 07:00:00,1881.0,1681.4863
2025-05-08 08:00:00,1873.0,1626.8995
2025-05-08 09:00:00,1486.0,1546.9385
2025-05-08 10:00:00,1317.0,1538.841
2025-05-08 11:00:00,1384.0,1536.1963
2025-05-08 12:00:00,1399.0,1542.9368
2025-05-08 13:00:00,1567.0,1625.1082
2025-05-08 14:00:00,1605.0,1868.4387
2025-05-08 15:00:00,1908.0,2301.7617
2025-05-08 16:00:00,2621.0,2627.315
2025-05-08 17:00:00,2838.0,2630.463
2025-05-08 18:00:00,2358.0,2402.439
2025-05-08 19:00:00,1526.0,1629.4294
2025-05-08 20:00:00,912.0,1058.3582
2025-05-08 21:00:00,860.0,927.49695
2025-05-08 22:00:00,734.0,817.4762
2025-05-08 23:00:00,482.0,695.14575
2025-05-09 00:00:00,208.0,488.1211
2025-05-09 01:00:00,91.0,233.547
2025-05-09 02:00:00,67.0,130.06012
2025-05-09 03:00:00,64.0,106.84839
2025-05-09 04:00:00,109.0,128.65405
2025-05-09 05:00:00,418.0,310.96747
2025-05-09 06:00:00,1271.0,1180.1553
2025-05-09 07:00:00,1682.0,1510.7821
2025-05-09 08:00:00,1611.0,1615.3059
2025-05-09 09:00:00,1561.0,1627.4761
2025-05-09 10:00:00,1603.0,1608.0477
2025-05-09 11:00:00,1627.0,1636.599
2025-05-09 12:00:00,1736.0,1721.7495
2025-05-09 13:00:00,1775.0,1897.7695
2025-05-09 14:00:00,2139.0,2222.502
2025-05-09 15:00:00,2417.0,2580.6035
2025-05-09 16:00:00,2778.0,2711.123
2025-05-09 17:00:00,2751.0,2675.143
2025-05-09 18:00:00,2246.0,2479.7275
2025-05-09 19:00:00,1543.0,1926.6531
2025-05-09 20:00:00,1122.0,1264.0785
2025-05-09 21:00:00,884.0,1027.4133
2025-05-09 22:00:00,854.0,876.3774
2025-05-09 23:00:00,704.0,744.77655
2025-05-10 00:00:00,470.0,579.98126
2025-05-10 01:00:00,237.0,407.9997
2025-05-10 02:00:00,174.0,250.73718
2025-05-10 03:00:00,112.0,167.6712
2025-05-10 04:00:00,113.0,172.51514
2025-05-10 05:00:00,179.0,240.1626
2025-05-10 06:00:00,457.0,605.8555
2025-05-10 07:00:00,960.0,1346.6497
2025-05-10 08:00:00,1531.0,1931.5321
2025-05-10 09:00:00,2052.0,2150.2656
2025-05-10 10:00:00,2222.0,2217.771
2025-05-10 11:00:00,2149.0,2244.7798
2025-05-10 12:00:00,2058.0,2235.5955
2025-05-10 13:00:00,1982.0,2167.487
2025-05-10 14:00:00,1798.0,2051.7031
2025-05-10 15:00:00,1816.0,1921.5425
2025-05-10 16:00:00,1834.0,1812.717
2025-05-10 17:00:00,1865.0,1671.3406
2025-05-10 18:00:00,1507.0,1510.0709
2025-05-10 19:00:00,1100.0,1167.1346
2025-05-10 20:00:00,963.0,913.51605
2025-05-10 21:00:00,955.0,804.77234
2025-05-10 22:00:00,855.0,741.0444
2025-05-10 23:00:00,914.0,673.2106
2025-05-11 00:00:00,585.0,482.1568
2025-05-11 01:00:00,328.0,386.47565
2025-05-11 02:00:00,215.0,258.34406
2025-05-11 03:00:00,138.0,176.42023
2025-05-11 04:00:00,139.0,178.76593
2025-05-11 05:00:00,148.0,210.005
2025-05-11 06:00:00,227.0,299.94604
2025-05-11 07:00:00,481.0,599.8819
2025-05-11 08:00:00,956.0,1201.4762
2025-05-11 09:00:00,1686.0,1799.2429
2025-05-11 10:00:00,2123.0,2004.387
2025-05-11 11:00:00,2178.0,2039.617
2025-05-11 12:00:00,1764.0,1984.0703
2025-05-11 13:00:00,1823.0,1864.6971
2025-05-11 14:00:00,1624.0,1714.2483
2025-05-11 15:00:00,1643.0,1594.1907
2025-05-11 16:00:00,1714.0,1540.2095
2025-05-11 17:00:00,1802.0,1526.2086
2025-05-11 18:00:00,1790.0,1332.7671
2025-05-11 19:00:00,1513.0,1083.0399
2025-05-11 20:00:00,1251.0,877.12976
2025-05-11 21:00:00,986.0,780.9985
2025-05-11 22:00:00,621.0,687.1218
2025-05-11 23:00:00,325.0,590.6261
2025-05-12 00:00:00,157.0,310.39447
2025-05-12 01:00:00,75.0,164.47668
2025-05-12 02:00:00,49.0,119.2345
2025-05-12 03:00:00,36.0,118.67651
2025-05-12 04:00:00,99.0,157.30658
2025-05-12 05:00:00,507.0,332.87103
2025-05-12 06:00:00,1528.0,1308.4576
2025-05-12 07:00:00,1961.0,1707.2043
2025-05-12 08:00:00,1771.0,1646.396
2025-05-12 09:00:00,1519.0,1535.4053
2025-05-12 10:00:00,1529.0,1460.2307
2025-05-12 11:00:00,1347.0,1428.3372
2025-05-12 12:00:00,1333.0,1398.2023
2025-05-12 13:00:00,1371.0,1443.9075
2025-05-12 14:00:00,1468.0,1546.7261
2025-05-12 15:00:00,1758.0,2019.3624
2025-05-12 16:00:00,2458.0,2447.3618
2025-05-12 17:00:00,2678.0,2508.079
2025-05-12 18:00:00,2114.0,2033.8528
2025-05-12 19:00:00,1220.0,1207.6757
2025-05-12 20:00:00,745.0,850.8209
2025-05-12 21:00:00,632.0,725.53564
2025-05-12 22:00:00,466.0,642.6892
2025-05-12 23:00:00,268.0,491.6728
2025-05-13 00:00:00,111.0,303.42712
2025-05-13 01:00:00,66.0,153.341
2025-05-13 02:00:00,43.0,123.04498
2025-05-13 03:00:00,45.0,119.376465
2025-05-13 04:00:00,92.0,148.05963
2025-05-13 05:00:00,465.0,320.23096
2025-05-13 06:00:00,1396.0,1264.6458
2025-05-13 07:00:00,1935.0,1714.5493
2025-05-13 08:00:00,1831.0,1693.487
2025-05-13 09:00:00,1448.0,1587.6621
2025-05-13 10:00:00,1372.0,1494.5549
2025-05-13 11:00:00,1402.0,1428.9963
2025-05-13 12:00:00,1333.0,1395.0437
2025-05-13 13:00:00,1424.0,1394.2911
2025-05-13 14:00:00,1579.0,1464.3784
2025-05-13 15:00:00,1929.0,1976.6309
2025-05-13 16:00:00,2633.0,2539.3037
2025-05-13 17:00:00,2179.0,2565.1436
2025-05-13 18:00:00,1641.0,2130.1182
2025-05-13 19:00:00,1777.0,1299.5831
2025-05-13 20:00:00,941.0,940.7758
2025-05-13 21:00:00,720.0,803.92944
2025-05-13 22:00:00,672.0,686.10864
2025-05-13 23:00:00,365.0,528.539
2025-05-14 00:00:00,150.0,348.1789
2025-05-14 01:00:00,82.0,175.1839
2025-05-14 02:00:00,51.0,128.86798
2025-05-14 03:00:00,44.0,122.02002
2025-05-14 04:00:00,111.0,143.87952
2025-05-14 05:00:00,441.0,370.41132
2025-05-14 06:00:00,1435.0,1260.1162
2025-05-14 07:00:00,1866.0,1748.9182
2025-05-14 08:00:00,1870.0,1698.102
2025-05-14 09:00:00,1790.0,1582.0112
2025-05-14 10:00:00,1860.0,1515.3279
2025-05-14 11:00:00,1823.0,1483.6202
2025-05-14 12:00:00,1820.0,1477.0472
2025-05-14 13:00:00,1764.0,1481.757
2025-05-14 14:00:00,1856.0,1560.5676
2025-05-14 15:00:00,2159.0,2019.5
2025-05-14 16:00:00,2634.0,2509.4604
2025-05-14 17:00:00,2808.0,2579.5645
2025-05-14 18:00:00,2116.0,2220.5342
2025-05-14 19:00:00,1655.0,1350.0487
2025-05-14 20:00:00,987.0,995.7697
2025-05-14 21:00:00,843.0,870.4015
2025-05-14 22:00:00,743.0,767.1797
2025-05-14 23:00:00,445.0,593.41486
2025-05-15 00:00:00,162.0,418.62372
2025-05-15 01:00:00,92.0,204.71118
2025-05-15 02:00:00,56.0,132.33032
2025-05-15 03:00:00,52.0,113.80206
2025-05-15 04:00:00,105.0,128.69342
2025-05-15 05:00:00,474.0,323.52136
2025-05-15 06:00:00,1447.0,1235.0901
2025-05-15 07:00:00,1907.0,1773.1167
2025-05-15 08:00:00,1862.0,1704.7393
2025-05-15 09:00:00,1553.0,1613.5828
2025-05-15 10:00:00,1517.0,1584.0012
2025-05-15 11:00:00,1521.0,1573.6824
2025-05-15 12:00:00,1500.0,1557.9613
2025-05-15 13:00:00,1581.0,1632.5823
2025-05-15 14:00:00,1597.0,1819.2188
2025-05-15 15:00:00,1970.0,2254.6738
2025-05-15 16:00:00,2666.0,2600.6738
2025-05-15 17:00:00,2855.0,2622.0815
2025-05-15 18:00:00,2230.0,2377.4846
2025-05-15 19:00:00,1534.0,1598.8065
2025-05-15 20:00:00,995.0,1060.1855
2025-05-15 21:00:00,856.0,928.811
2025-05-15 22:00:00,797.0,818.59564
2025-05-15 23:00:00,453.0,695.73157
2025-05-16 00:00:00,229.0,488.41864
2025-05-16 01:00:00,97.0,234.35254
2025-05-16 02:00:00,76.0,131.38995
2025-05-16 03:00:00,58.0,107.415405
2025-05-16 04:00:00,106.0,126.18152
2025-05-16 05:00:00,426.0,381.35986
2025-05-16 06:00:00,1305.0,1160.135
2025-05-16 07:00:00,1703.0,1726.2395
2025-05-16 08:00:00,1779.0,1729.6329
2025-05-16 09:00:00,1593.0,1674.3875
2025-05-16 10:00:00,1648.0,1644.1089
2025-05-16 11:00:00,1757.0,1662.007
2025-05-16 12:00:00,1872.0,1739.8184
2025-05-16 13:00:00,1876.0,1870.0742
2025-05-16 14:00:00,2163.0,2182.2131
2025-05-16 15:00:00,2515.0,2538.2993
2025-05-16 16:00:00,2976.0,2700.8098
2025-05-16 17:00:00,2741.0,2673.7617
2025-05-16 18:00:00,2288.0,2467.4016
2025-05-16 19:00:00,1783.0,1922.7097
2025-05-16 20:00:00,1211.0,1244.4548
2025-05-16 21:00:00,934.0,1021.0364
2025-05-16 22:00:00,805.0,872.8626
2025-05-16 23:00:00,764.0,737.1565
2025-05-17 00:00:00,399.0,569.6983
2025-05-17 01:00:00,223.0,403.39886
2025-05-17 02:00:00,160.0,248.46655
2025-05-17 03:00:00,97.0,173.04883
2025-05-17 04:00:00,134.0,174.34796
2025-05-17 05:00:00,214.0,239.32166
2025-05-17 06:00:00,482.0,493.39624
2025-05-17 07:00:00,994.0,1301.4088
2025-05-17 08:00:00,1489.0,1908.5156
2025-05-17 09:00:00,1894.0,2145.995
2025-05-17 10:00:00,2110.0,2216.4165
2025-05-17 11:00:00,2051.0,2243.3638
2025-05-17 12:00:00,2010.0,2165.0078
2025-05-17 13:00:00,1894.0,2127.7554
2025-05-17 14:00:00,1910.0,2014.898
2025-05-17 15:00:00,1791.0,1879.2637
2025-05-17 16:00:00,1934.0,1790.1564
2025-05-17 17:00:00,1879.0,1688.089
2025-05-17 18:00:00,1535.0,1465.3971
2025-05-17 19:00:00,1140.0,1179.7655
2025-05-17 20:00:00,940.0,914.9905
2025-05-17 21:00:00,818.0,805.9729
2025-05-17 22:00:00,831.0,741.6029
2025-05-17 23:00:00,797.0,671.78815
2025-05-18 00:00:00,560.0,476.79852
2025-05-18 01:00:00,347.0,384.83264
2025-05-18 02:00:00,237.0,258.5816
2025-05-18 03:00:00,187.0,180.0924
2025-05-18 04:00:00,131.0,180.16498
2025-05-18 05:00:00,148.0,210.95142
2025-05-18 06:00:00,232.0,325.52826
2025-05-18 07:00:00,470.0,601.20044
2025-05-18 08:00:00,872.0,1118.887
2025-05-18 09:00:00,1611.0,1778.0327
2025-05-18 10:00:00,1892.0,2003.5667
2025-05-18 11:00:00,1930.0,1971.0814
2025-05-18 12:00:00,1728.0,1982.8723
2025-05-18 13:00:00,1667.0,1855.7797
2025-05-18 14:00:00,1548.0,1709.1658
2025-05-18 15:00:00,1518.0,1592.5116
2025-05-18 16:00:00,1694.0,1538.8763
2025-05-18 17:00:00,1784.0,1545.201
2025-05-18 18:00:00,1532.0,1353.3484
2025-05-18 19:00:00,1229.0,1083.6053
2025-05-18 20:00:00,1133.0,876.68964
2025-05-18 21:00:00,882.0,781.0609
2025-05-18 22:00:00,643.0,688.339
2025-05-18 23:00:00,355.0,593.4411
2025-05-19 00:00:00,148.0,310.43384
2025-05-19 01:00:00,64.0,161.80005
2025-05-19 02:00:00,41.0,119.18707
2025-05-19 03:00:00,38.0,116.99585
2025-05-19 04:00:00,115.0,156.23163
2025-05-19 05:00:00,544.0,411.93365
2025-05-19 06:00:00,1556.0,1279.1694
2025-05-19 07:00:00,1929.0,1745.8171
2025-05-19 08:00:00,1960.0,1692.2693
2025-05-19 09:00:00,1633.0,1600.1897
2025-05-19 10:00:00,1351.0,1529.2676
2025-05-19 11:00:00,1404.0,1460.2015
2025-05-19 12:00:00,1333.0,1402.0779
2025-05-19 13:00:00,1425.0,1440.5697
2025-05-19 14:00:00,1396.0,1529.4716
2025-05-19 15:00:00,1797.0,1978.885
2025-05-19 16:00:00,2460.0,2466.7422
2025-05-19 17:00:00,2709.0,2483.893
2025-05-19 18:00:00,2066.0,2050.8496
2025-05-19 19:00:00,1226.0,1290.3105
2025-05-19 20:00:00,827.0,883.8166
2025-05-19 21:00:00,269.0,743.9635
2025-05-19 22:00:00,348.0,635.03174
2025-05-19 23:00:00,315.0,491.08044
2025-05-20 00:00:00,131.0,302.41553
2025-05-20 01:00:00,78.0,159.75458
2025-05-20 02:00:00,39.0,122.92767
2025-05-20 03:00:00,55.0,120.17462
2025-05-20 04:00:00,101.0,144.8703
2025-05-20 05:00:00,461.0,340.01483
2025-05-20 06:00:00,1393.0,1254.0929
2025-05-20 07:00:00,1857.0,1748.4927
2025-05-20 08:00:00,1824.0,1694.3954
2025-05-20 09:00:00,1488.0,1562.8615
2025-05-20 10:00:00,1364.0,1490.4418
2025-05-20 11:00:00,1398.0,1433.6956
2025-05-20 12:00:00,1335.0,1415.1033
2025-05-20 13:00:00,1312.0,1393.1375
2025-05-20 14:00:00,1494.0,1475.2806
2025-05-20 15:00:00,1893.0,1967.2876
2025-05-20 16:00:00,2645.0,2493.5889
2025-05-20 17:00:00,2814.0,2579.4766
2025-05-20 18:00:00,2283.0,2202.4146
2025-05-20 19:00:00,1323.0,1290.5831
2025-05-20 20:00:00,884.0,974.23395
2025-05-20 21:00:00,762.0,770.82654
2025-05-20 22:00:00,619.0,666.7306
2025-05-20 23:00:00,344.0,515.3384
2025-05-21 00:00:00,135.0,349.8614
2025-05-21 01:00:00,85.0,176.44012
2025-05-21 02:00:00,46.0,127.85913
2025-05-21 03:00:00,38.0,114.841064
2025-05-21 04:00:00,111.0,185.35742
2025-05-21 05:00:00,474.0,348.00647
2025-05-21 06:00:00,1372.0,1267.8402
2025-05-21 07:00:00,1810.0,1586.7566
2025-05-21 08:00:00,1783.0,1610.304
2025-05-21 09:00:00,1477.0,1508.7751
2025-05-21 10:00:00,1381.0,1462.0942
2025-05-21 11:00:00,1480.0,1443.6444
2025-05-21 12:00:00,1594.0,1444.1936
2025-05-21 13:00:00,1544.0,1447.0042
2025-05-21 14:00:00,1732.0,1549.1943
2025-05-21 15:00:00,1826.0,2063.9946
2025-05-21 16:00:00,2518.0,2512.356
2025-05-21 17:00:00,2862.0,2601.7183
2025-05-21 18:00:00,2315.0,2293.8484
2025-05-21 19:00:00,1360.0,1423.6882
2025-05-21 20:00:00,890.0,978.5254
2025-05-21 21:00:00,740.0,828.3026
2025-05-21 22:00:00,664.0,733.2727
2025-05-21 23:00:00,417.0,594.51886
2025-05-22 00:00:00,137.0,367.91528
2025-05-22 01:00:00,86.0,205.99292
2025-05-22 02:00:00,44.0,132.49731
2025-05-22 03:00:00,58.0,113.759094
2025-05-22 04:00:00,114.0,129.07831
2025-05-22 05:00:00,429.0,307.50287
2025-05-22 06:00:00,1387.0,1251.2489
2025-05-22 07:00:00,1899.0,1567.6215
2025-05-22 08:00:00,1770.0,1596.1438
2025-05-22 09:00:00,1494.0,1563.3464
2025-05-22 10:00:00,1478.0,1528.6761
2025-05-22 11:00:00,1427.0,1525.2556
2025-05-22 12:00:00,1526.0,1539.8708
2025-05-22 13:00:00,1443.0,1622.1621
2025-05-22 14:00:00,1563.0,1842.2869
2025-05-22 15:00:00,2033.0,2312.3242
2025-05-22 16:00:00,2679.0,2632.1267
2025-05-22 17:00:00,2854.0,2603.3848
2025-05-22 18:00:00,2249.0,2420.7578
2025-05-22 19:00:00,1492.0,1647.4077
2025-05-22 20:00:00,966.0,1060.1937
2025-05-22 21:00:00,894.0,928.2231
2025-05-22 22:00:00,760.0,818.443
2025-05-22 23:00:00,582.0,696.1119
2025-05-23 00:00:00,185.0,490.50256
2025-05-23 01:00:00,105.0,235.00842
2025-05-23 02:00:00,49.0,131.8977
2025-05-23 03:00:00,66.0,108.766174
2025-05-23 04:00:00,103.0,131.30396
2025-05-23 05:00:00,458.0,319.18927
2025-05-23 06:00:00,1267.0,1196.0375
2025-05-23 07:00:00,1783.0,1666.3228
2025-05-23 08:00:00,1763.0,1638.4695
2025-05-23 09:00:00,1367.0,1648.0044
2025-05-23 10:00:00,1699.0,1613.931
2025-05-23 11:00:00,1718.0,1655.5986
2025-05-23 12:00:00,1796.0,1729.7546
2025-05-23 13:00:00,1915.0,1905.5406
2025-05-23 14:00:00,2043.0,2220.0674
2025-05-23 15:00:00,2473.0,2566.997
2025-05-23 16:00:00,2845.0,2708.4358
2025-05-23 17:00:00,2885.0,2678.383
2025-05-23 18:00:00,2254.0,2481.8054
2025-05-23 19:00:00,1567.0,1928.5032
2025-05-23 20:00:00,1101.0,1251.993
2025-05-23 21:00:00,915.0,1023.39526
2025-05-23 22:00:00,861.0,874.30994
2025-05-23 23:00:00,745.0,738.5685
2025-05-24 00:00:00,449.0,572.89624
2025-05-24 01:00:00,237.0,404.97046
2025-05-24 02:00:00,162.0,249.05829
2025-05-24 03:00:00,107.0,170.50635
2025-05-24 04:00:00,115.0,173.98615
2025-05-24 05:00:00,231.0,236.1535
2025-05-24 06:00:00,487.0,569.8542
2025-05-24 07:00:00,933.0,1336.0383
2025-05-24 08:00:00,1561.0,1784.5988
2025-05-24 09:00:00,2088.0,2151.0513
2025-05-24 10:00:00,2228.0,2220.2349
2025-05-24 11:00:00,2223.0,2240.589
2025-05-24 12:00:00,2049.0,2239.1494
2025-05-24 13:00:00,2090.0,2170.9229
2025-05-24 14:00:00,1982.0,2055.1653
2025-05-24 15:00:00,1910.0,1920.877
2025-05-24 16:00:00,2010.0,1787.2529
2025-05-24 17:00:00,1887.0,1683.2913
2025-05-24 18:00:00,1535.0,1466.6877
2025-05-24 19:00:00,1144.0,1181.8982
2025-05-24 20:00:00,937.0,917.53735
2025-05-24 21:00:00,888.0,788.9365
2025-05-24 22:00:00,878.0,726.8926
2025-05-24 23:00:00,904.0,670.28467
2025-05-25 00:00:00,547.0,483.02972
2025-05-25 01:00:00,343.0,386.00415
2025-05-25 02:00:00,243.0,257.72485
2025-05-25 03:00:00,187.0,178.5232
2025-05-25 04:00:00,116.0,167.63074
2025-05-25 05:00:00,129.0,210.14124
2025-05-25 06:00:00,212.0,280.015
2025-05-25 07:00:00,338.0,597.02124
2025-05-25 08:00:00,696.0,988.4888
2025-05-25 09:00:00,1243.0,1485.3969
2025-05-25 10:00:00,1537.0,1840.8148
2025-05-25 11:00:00,1569.0,1876.0309
2025-05-25 12:00:00,1640.0,1851.8427
2025-05-25 13:00:00,1671.0,1763.8049
2025-05-25 14:00:00,1548.0,1630.9044
2025-05-25 15:00:00,1548.0,1550.378
2025-05-25 16:00:00,1732.0,1574.4996
2025-05-25 17:00:00,1787.0,1576.2837
2025-05-25 18:00:00,1435.0,1359.9446
2025-05-25 19:00:00,1220.0,1126.2197
2025-05-25 20:00:00,936.0,875.9006
2025-05-25 21:00:00,761.0,781.45886
2025-05-25 22:00:00,539.0,687.1512
2025-05-25 23:00:00,397.0,584.1979
2025-05-26 00:00:00,147.0,316.06128
2025-05-26 01:00:00,76.0,162.57849
2025-05-26 02:00:00,39.0,119.59668
2025-05-26 03:00:00,56.0,118.16962
2025-05-26 04:00:00,136.0,152.5534
2025-05-26 05:00:00,503.0,332.198
2025-05-26 06:00:00,1485.0,1324.4685
2025-05-26 07:00:00,1821.0,1710.7725
2025-05-26 08:00:00,1808.0,1651.3003
2025-05-26 09:00:00,1496.0,1530.6188
2025-05-26 10:00:00,1397.0,1449.2213
2025-05-26 11:00:00,1401.0,1390.1943
2025-05-26 12:00:00,1367.0,1397.6367
2025-05-26 13:00:00,1478.0,1414.2576
2025-05-26 14:00:00,1377.0,1557.287
2025-05-26 15:00:00,1819.0,2041.1235
2025-05-26 16:00:00,2439.0,2551.4893
2025-05-26 17:00:00,2624.0,2520.9263
2025-05-26 18:00:00,2172.0,2063.8818
2025-05-26 19:00:00,1257.0,1299.2788
2025-05-26 20:00:00,782.0,886.4989
2025-05-26 21:00:00,606.0,747.9148
2025-05-26 22:00:00,472.0,640.85156
2025-05-26 23:00:00,275.0,494.43616
2025-05-27 00:00:00,145.0,302.49963
2025-05-27 01:00:00,67.0,156.1167
2025-05-27 02:00:00,41.0,123.03406
2025-05-27 03:00:00,44.0,119.7428
2025-05-27 04:00:00,123.0,146.84052
2025-05-27 05:00:00,459.0,321.56116
2025-05-27 06:00:00,1406.0,1271.0616
2025-05-27 07:00:00,1868.0,1715.9045
2025-05-27 08:00:00,1879.0,1626.845
2025-05-27 09:00:00,1538.0,1500.8811
2025-05-27 10:00:00,1413.0,1425.4913
2025-05-27 11:00:00,1422.0,1407.299
2025-05-27 12:00:00,1506.0,1397.0436
2025-05-27 13:00:00,1564.0,1395.477
2025-05-27 14:00:00,1690.0,1471.6016
2025-05-27 15:00:00,1927.0,1974.1526
2025-05-27 16:00:00,2555.0,2545.8184
2025-05-27 17:00:00,2862.0,2553.5793
2025-05-27 18:00:00,2154.0,2120.7515
2025-05-27 19:00:00,1508.0,1299.3824
2025-05-27 20:00:00,794.0,940.7566
2025-05-27 21:00:00,702.0,804.3257
2025-05-27 22:00:00,565.0,686.85736
2025-05-27 23:00:00,336.0,529.46936
2025-05-28 00:00:00,134.0,349.22186
2025-05-28 01:00:00,84.0,175.9599
2025-05-28 02:00:00,51.0,127.968994
2025-05-28 03:00:00,66.0,122.45349
2025-05-28 04:00:00,130.0,143.20886
2025-05-28 05:00:00,485.0,324.08783
2025-05-28 06:00:00,1379.0,1271.3114
2025-05-28 07:00:00,1818.0,1703.6292
2025-05-28 08:00:00,1847.0,1611.4296
2025-05-28 09:00:00,1692.0,1509.3269
2025-05-28 10:00:00,1704.0,1463.0254
2025-05-28 11:00:00,1682.0,1416.1248
2025-05-28 12:00:00,1859.0,1419.9017
2025-05-28 13:00:00,2001.0,1443.5803
2025-05-28 14:00:00,2403.0,1653.1649
2025-05-28 15:00:00,2632.0,2180.7722
2025-05-28 16:00:00,2770.0,2554.2612
2025-05-28 17:00:00,2156.0,2603.2412
2025-05-28 18:00:00,2293.0,2393.8345
2025-05-28 19:00:00,2298.0,1411.7722
2025-05-28 20:00:00,1692.0,964.89075
2025-05-28 21:00:00,1193.0,822.75146
2025-05-28 22:00:00,879.0,730.6133
2025-05-28 23:00:00,586.0,636.1686
2025-05-29 00:00:00,312.0,566.2777
2025-05-29 01:00:00,200.0,460.53778
2025-05-29 02:00:00,99.0,376.2616
2025-05-29 03:00:00,94.0,338.13965
2025-05-29 04:00:00,143.0,349.7126
2025-05-29 05:00:00,271.0,400.97064
2025-05-29 06:00:00,557.0,680.7574
2025-05-29 07:00:00,1034.0,1213.7009
2025-05-29 08:00:00,1680.0,1659.728
2025-05-29 09:00:00,2598.0,1856.5428
2025-05-29 10:00:00,2969.0,1965.356
2025-05-29 11:00:00,2786.0,1989.5715
2025-05-29 12:00:00,2447.0,1974.727
2025-05-29 13:00:00,2201.0,1957.7186
2025-05-29 14:00:00,2020.0,1904.3287
2025-05-29 15:00:00,1703.0,1891.4978
2025-05-29 16:00:00,1490.0,1937.0034
2025-05-29 17:00:00,1476.0,1844.685
2025-05-29 18:00:00,1321.0,1546.5303
2025-05-29 19:00:00,972.0,1311.1517
2025-05-29 20:00:00,855.0,1058.8395
2025-05-29 21:00:00,777.0,925.2159
2025-05-29 22:00:00,629.0,840.4686
2025-05-29 23:00:00,819.0,754.3071
2025-05-30 00:00:00,312.0,486.0844
2025-05-30 01:00:00,124.0,234.46124
2025-05-30 02:00:00,84.0,134.52979
2025-05-30 03:00:00,72.0,111.12103
2025-05-30 04:00:00,116.0,134.18256
2025-05-30 05:00:00,325.0,387.80463
2025-05-30 06:00:00,756.0,1131.6106
2025-05-30 07:00:00,1287.0,1720.2827
2025-05-30 08:00:00,1620.0,1735.8356
2025-05-30 09:00:00,2125.0,1690.8438
2025-05-30 10:00:00,2298.0,1665.7087
2025-05-30 11:00:00,2027.0,1690.0878
2025-05-30 12:00:00,1257.0,1754.5682
2025-05-30 13:00:00,1867.0,1886.8738
2025-05-30 14:00:00,1781.0,2163.3818
2025-05-30 15:00:00,1831.0,2499.1465
2025-05-30 16:00:00,2015.0,2663.9863
2025-05-30 17:00:00,2153.0,2632.997
2025-05-30 18:00:00,1816.0,2412.9043
2025-05-30 19:00:00,1265.0,1887.0891
2025-05-30 20:00:00,1020.0,1224.1833
2025-05-30 21:00:00,843.0,1015.3421
2025-05-30 22:00:00,729.0,870.63135
2025-05-30 23:00:00,633.0,732.76135
2025-05-31 00:00:00,395.0,560.43
2025-05-31 01:00:00,221.0,399.3744
2025-05-31 02:00:00,117.0,249.12701
2025-05-31 03:00:00,96.0,177.27448
2025-05-31 04:00:00,117.0,177.58453
2025-05-31 05:00:00,200.0,268.40234
2025-05-31 06:00:00,390.0,616.49976
2025-05-31 07:00:00,790.0,1308.0089
2025-05-31 08:00:00,1414.0,1853.1228
2025-05-31 09:00:00,2023.0,2127.6084
2025-05-31 10:00:00,2053.0,2213.0103
2025-05-31 11:00:00,2236.0,2240.4277
2025-05-31 12:00:00,1977.0,2233.3447
2025-05-31 13:00:00,1823.0,2163.2476
2025-05-31 14:00:00,1637.0,2046.2542
2025-05-31 15:00:00,1609.0,1914.5448
2025-05-31 16:00:00,1499.0,1792.033
2025-05-31 17:00:00,1508.0,1644.4219
2025-05-31 18:00:00,1296.0,1456.2279
2025-05-31 19:00:00,1061.0,1154.5303
2025-05-31 20:00:00,957.0,917.67957
2025-05-31 21:00:00,834.0,809.72955
2025-05-31 22:00:00,824.0,700.1909
2025-05-31 23:00:00,1048.0,650.73303
2025-06-01 00:00:00,578.0,470.28418
2025-06-01 01:00:00,320.0,376.41724
2025-06-01 02:00:00,195.0,256.99237
2025-06-01 03:00:00,150.0,187.84259
2025-06-01 04:00:00,106.0,184.51917
2025-06-01 05:00:00,228.0,212.0993
2025-06-01 06:00:00,429.0,291.3227
2025-06-01 07:00:00,482.0,604.5193
2025-06-01 08:00:00,701.0,1087.5736
2025-06-01 09:00:00,1223.0,1742.8613
2025-06-01 10:00:00,1573.0,1983.6187
2025-06-01 11:00:00,1799.0,2030.477
2025-06-01 12:00:00,1675.0,1959.3733
2025-06-01 13:00:00,1672.0,1826.3007
2025-06-01 14:00:00,1565.0,1677.1003
2025-06-01 15:00:00,1560.0,1551.1475
2025-06-01 16:00:00,1599.0,1532.2373
2025-06-01 17:00:00,1649.0,1521.5664
2025-06-01 18:00:00,1431.0,1358.4688
2025-06-01 19:00:00,1241.0,1132.6227
2025-06-01 20:00:00,1027.0,879.3165
2025-06-01 21:00:00,739.0,781.8014
2025-06-01 22:00:00,558.0,679.16425
2025-06-01 23:00:00,352.0,580.1195
2025-06-02 00:00:00,175.0,306.32214
2025-06-02 01:00:00,104.0,165.15588
2025-06-02 02:00:00,45.0,119.144714
2025-06-02 03:00:00,52.0,118.9187
2025-06-02 04:00:00,101.0,153.67303
2025-06-02 05:00:00,529.0,338.39423
2025-06-02 06:00:00,1452.0,1243.6975
2025-06-02 07:00:00,1807.0,1591.1648
2025-06-02 08:00:00,1832.0,1651.8073
2025-06-02 09:00:00,1427.0,1547.4792
2025-06-02 10:00:00,1421.0,1461.7152
2025-06-02 11:00:00,1364.0,1407.4912
2025-06-02 12:00:00,1447.0,1394.455
2025-06-02 13:00:00,1392.0,1386.0873
2025-06-02 14:00:00,1551.0,1518.5413
2025-06-02 15:00:00,1753.0,2057.2056
2025-06-02 16:00:00,2305.0,2424.7202
2025-06-02 17:00:00,2571.0,2501.8398
2025-06-02 18:00:00,2086.0,2033.9429
2025-06-02 19:00:00,1170.0,1267.9229
2025-06-02 20:00:00,810.0,876.7379
2025-06-02 21:00:00,621.0,721.3044
2025-06-02 22:00:00,454.0,621.00024
2025-06-02 23:00:00,306.0,483.91803
2025-06-03 00:00:00,165.0,295.8509
2025-06-03 01:00:00,75.0,155.61993
2025-06-03 02:00:00,51.0,121.78046
2025-06-03 03:00:00,46.0,118.77222
2025-06-03 04:00:00,133.0,139.94543
2025-06-03 05:00:00,467.0,306.2968
2025-06-03 06:00:00,1408.0,1203.3739
2025-06-03 07:00:00,1876.0,1729.4592
2025-06-03 08:00:00,1830.0,1704.0326
2025-06-03 09:00:00,1449.0,1598.0183
2025-06-03 10:00:00,1329.0,1497.3088
2025-06-03 11:00:00,1324.0,1439.3286
2025-06-03 12:00:00,1313.0,1420.2014
2025-06-03 13:00:00,1385.0,1427.4451
2025-06-03 14:00:00,1464.0,1462.395
2025-06-03 15:00:00,1930.0,1966.5715
2025-06-03 16:00:00,2454.0,2536.413
2025-06-03 17:00:00,2781.0,2564.775
2025-06-03 18:00:00,2179.0,2061.6777
2025-06-03 19:00:00,1341.0,1245.9175
2025-06-03 20:00:00,877.0,934.76825
2025-06-03 21:00:00,751.0,800.2634
2025-06-03 22:00:00,697.0,658.9896
2025-06-03 23:00:00,374.0,513.25867
2025-06-04 00:00:00,159.0,345.76624
2025-06-04 01:00:00,78.0,174.61517
2025-06-04 02:00:00,49.0,126.23816
2025-06-04 03:00:00,47.0,121.13269
2025-06-04 04:00:00,124.0,139.14264
2025-06-04 05:00:00,476.0,313.19995
2025-06-04 06:00:00,1390.0,1214.1536
2025-06-04 07:00:00,1796.0,1700.427
2025-06-04 08:00:00,1698.0,1633.0295
2025-06-04 09:00:00,1418.0,1518.463
2025-06-04 10:00:00,1417.0,1465.7583
2025-06-04 11:00:00,1509.0,1447.6376
2025-06-04 12:00:00,1525.0,1472.0028
2025-06-04 13:00:00,1606.0,1460.5417
2025-06-04 14:00:00,1615.0,1572.1733
2025-06-04 15:00:00,1955.0,2043.7751
2025-06-04 16:00:00,2498.0,2542.2197
2025-06-04 17:00:00,2707.0,2593.2227
2025-06-04 18:00:00,2197.0,2203.4175
2025-06-04 19:00:00,1321.0,1376.3326
2025-06-04 20:00:00,902.0,990.7622
2025-06-04 21:00:00,743.0,873.8395
2025-06-04 22:00:00,651.0,770.37537
2025-06-04 23:00:00,405.0,576.59045
2025-06-05 00:00:00,182.0,411.28546
2025-06-05 01:00:00,79.0,203.50787
2025-06-05 02:00:00,49.0,132.55603
2025-06-05 03:00:00,61.0,111.97815
2025-06-05 04:00:00,121.0,129.47711
2025-06-05 05:00:00,469.0,314.65216
2025-06-05 06:00:00,1472.0,1217.9817
2025-06-05 07:00:00,1833.0,1680.0858
2025-06-05 08:00:00,1715.0,1635.7373
2025-06-05 09:00:00,1534.0,1570.2222
2025-06-05 10:00:00,1438.0,1568.1108
2025-06-05 11:00:00,1434.0,1560.4191
2025-06-05 12:00:00,1618.0,1548.9456
2025-06-05 13:00:00,1615.0,1637.4805
2025-06-05 14:00:00,1742.0,1888.2905
2025-06-05 15:00:00,2059.0,2288.3745
2025-06-05 16:00:00,2552.0,2607.2148
2025-06-05 17:00:00,2869.0,2615.373
2025-06-05 18:00:00,2495.0,2349.4436
2025-06-05 19:00:00,1483.0,1559.4031
2025-06-05 20:00:00,1068.0,1055.7852
2025-06-05 21:00:00,832.0,928.8374
2025-06-05 22:00:00,821.0,818.6138
2025-06-05 23:00:00,526.0,697.18225
2025-06-06 00:00:00,232.0,480.3426
2025-06-06 01:00:00,128.0,229.38971
2025-06-06 02:00:00,86.0,137.32324
2025-06-06 03:00:00,82.0,115.659485
2025-06-06 04:00:00,129.0,140.02094
2025-06-06 05:00:00,473.0,338.3308
2025-06-06 06:00:00,1324.0,1179.2821
2025-06-06 07:00:00,1774.0,1618.7992
2025-06-06 08:00:00,1728.0,1741.5012
2025-06-06 09:00:00,1840.0,1668.6431
2025-06-06 10:00:00,1904.0,1629.5974
2025-06-06 11:00:00,2092.0,1662.9928
2025-06-06 12:00:00,2115.0,1742.1289
2025-06-06 13:00:00,2265.0,1928.5149
2025-06-06 14:00:00,2460.0,2186.8896
2025-06-06 15:00:00,2843.0,2536.1577
2025-06-06 16:00:00,3057.0,2677.7822
2025-06-06 17:00:00,2869.0,2638.2163
2025-06-06 18:00:00,2383.0,2414.3257
2025-06-06 19:00:00,1954.0,1687.0671
2025-06-06 20:00:00,1547.0,1281.1425
2025-06-06 21:00:00,1024.0,1017.3506
2025-06-06 22:00:00,891.0,869.54486
2025-06-06 23:00:00,734.0,703.36633
2025-06-07 00:00:00,426.0,554.43445
2025-06-07 01:00:00,237.0,394.7912
2025-06-07 02:00:00,133.0,238.95953
2025-06-07 03:00:00,114.0,172.42682
2025-06-07 04:00:00,173.0,176.39325
2025-06-07 05:00:00,375.0,230.03778
2025-06-07 06:00:00,760.0,450.45953
2025-06-07 07:00:00,1251.0,885.84503
2025-06-07 08:00:00,1709.0,1679.9268
2025-06-07 09:00:00,2239.0,2062.8767
2025-06-07 10:00:00,2520.0,2162.9258
2025-06-07 11:00:00,2454.0,2172.1548
2025-06-07 12:00:00,2259.0,2160.387
2025-06-07 13:00:00,2135.0,1963.3572
2025-06-07 14:00:00,2010.0,1951.1742
2025-06-07 15:00:00,2002.0,1880.279
2025-06-07 16:00:00,1918.0,1782.8604
2025-06-07 17:00:00,1821.0,1707.2452
2025-06-07 18:00:00,1453.0,1463.1353
2025-06-07 19:00:00,1037.0,1076.0955
2025-06-07 20:00:00,880.0,871.8605
2025-06-07 21:00:00,757.0,806.8811
2025-06-07 22:00:00,757.0,741.0388
2025-06-07 23:00:00,797.0,671.756
2025-06-08 00:00:00,477.0,479.08502
2025-06-08 01:00:00,301.0,380.086
2025-06-08 02:00:00,197.0,256.0752
2025-06-08 03:00:00,117.0,186.185
2025-06-08 04:00:00,136.0,183.27386
2025-06-08 05:00:00,143.0,211.7226
2025-06-08 06:00:00,185.0,290.35107
2025-06-08 07:00:00,371.0,593.043
2025-06-08 08:00:00,806.0,1114.0945
2025-06-08 09:00:00,1515.0,1763.7671
2025-06-08 10:00:00,2022.0,1996.0481
2025-06-08 11:00:00,2150.0,2041.9541
2025-06-08 12:00:00,1871.0,1939.1128
2025-06-08 13:00:00,1858.0,1824.1423
2025-06-08 14:00:00,1529.0,1625.8519
2025-06-08 15:00:00,1373.0,1577.3145
2025-06-08 16:00:00,1427.0,1544.7556
2025-06-08 17:00:00,1360.0,1536.6163
2025-06-08 18:00:00,1220.0,1338.7931
2025-06-08 19:00:00,1074.0,1124.1469
2025-06-08 20:00:00,940.0,875.1155
2025-06-08 21:00:00,734.0,780.878
2025-06-08 22:00:00,633.0,684.7804
2025-06-08 23:00:00,557.0,587.9752
2025-06-09 00:00:00,320.0,455.4301
2025-06-09 01:00:00,166.0,394.56854
2025-06-09 02:00:00,103.0,360.87616
2025-06-09 03:00:00,74.0,331.30408
2025-06-09 04:00:00,70.0,316.90967
2025-06-09 05:00:00,117.0,330.60583
2025-06-09 06:00:00,249.0,461.14258
2025-06-09 07:00:00,574.0,695.93195
2025-06-09 08:00:00,1229.0,1162.2281
2025-06-09 09:00:00,1842.0,1475.0476
2025-06-09 10:00:00,2072.0,1656.6172
2025-06-09 11:00:00,2007.0,1720.4243
2025-06-09 12:00:00,1732.0,1714.7375
2025-06-09 13:00:00,1679.0,1693.005
2025-06-09 14:00:00,1427.0,1672.8496
2025-06-09 15:00:00,1570.0,1661.2354
2025-06-09 16:00:00,1432.0,1621.652
2025-06-09 17:00:00,1471.0,1552.904
2025-06-09 18:00:00,1372.0,1336.3121
2025-06-09 19:00:00,1154.0,1175.2832
2025-06-09 20:00:00,1102.0,998.5693
2025-06-09 21:00:00,854.0,838.937
2025-06-09 22:00:00,550.0,692.43823
2025-06-09 23:00:00,323.0,580.3504
2025-06-10 00:00:00,135.0,298.19342
2025-06-10 01:00:00,86.0,151.6322
2025-06-10 02:00:00,46.0,121.6579
2025-06-10 03:00:00,43.0,118.206726
2025-06-10 04:00:00,128.0,142.27002
2025-06-10 05:00:00,557.0,336.44836
2025-06-10 06:00:00,1601.0,1148.3586
2025-06-10 07:00:00,1992.0,1720.6372
2025-06-10 08:00:00,2093.0,1703.9656
2025-06-10 09:00:00,1739.0,1597.46
2025-06-10 10:00:00,1585.0,1499.4968
2025-06-10 11:00:00,1517.0,1450.4929
2025-06-10 12:00:00,1500.0,1424.6929
2025-06-10 13:00:00,1451.0,1427.9308
2025-06-10 14:00:00,1524.0,1483.176
2025-06-10 15:00:00,1868.0,1965.1235
2025-06-10 16:00:00,2551.0,2485.2327
2025-06-10 17:00:00,2788.0,2539.5347
2025-06-10 18:00:00,2274.0,2043.1929
2025-06-10 19:00:00,1358.0,1271.9072
2025-06-10 20:00:00,875.0,935.0532
2025-06-10 21:00:00,729.0,799.7621
2025-06-10 22:00:00,682.0,683.20233
2025-06-10 23:00:00,315.0,525.6315
2025-06-11 00:00:00,164.0,344.05597
2025-06-11 01:00:00,71.0,173.40027
2025-06-11 02:00:00,55.0,126.42493
2025-06-11 03:00:00,60.0,121.02338
2025-06-11 04:00:00,116.0,139.71918
2025-06-11 05:00:00,497.0,312.33063
2025-06-11 06:00:00,1455.0,1160.2716
2025-06-11 07:00:00,1936.0,1726.5514
2025-06-11 08:00:00,1955.0,1703.9629
2025-06-11 09:00:00,1659.0,1590.3541
2025-06-11 10:00:00,1586.0,1519.9275
2025-06-11 11:00:00,1609.0,1489.5609
2025-06-11 12:00:00,1625.0,1480.8368
2025-06-11 13:00:00,1540.0,1488.4734
2025-06-11 14:00:00,1523.0,1568.2249
2025-06-11 15:00:00,1970.0,2007.1443
2025-06-11 16:00:00,2654.0,2488.1362
2025-06-11 17:00:00,2797.0,2558.8904
2025-06-11 18:00:00,1955.0,2154.6094
2025-06-11 19:00:00,1444.0,1283.486
2025-06-11 20:00:00,1000.0,989.4014
2025-06-11 21:00:00,838.0,874.716
2025-06-11 22:00:00,743.0,770.387
2025-06-11 23:00:00,411.0,584.8895
2025-06-12 00:00:00,182.0,409.33636
2025-06-12 01:00:00,82.0,202.544
2025-06-12 02:00:00,48.0,132.79608
2025-06-12 03:00:00,59.0,111.70447
2025-06-12 04:00:00,109.0,129.85907
2025-06-12 05:00:00,470.0,338.8122
2025-06-12 06:00:00,1467.0,1147.8148
2025-06-12 07:00:00,1883.0,1752.8232
2025-06-12 08:00:00,1956.0,1716.3857
2025-06-12 09:00:00,1720.0,1634.3738
2025-06-12 10:00:00,1629.0,1600.4812
2025-06-12 11:00:00,1595.0,1587.3439
2025-06-12 12:00:00,1518.0,1603.0923
2025-06-12 13:00:00,1642.0,1654.8918
2025-06-12 14:00:00,1679.0,1825.1522
2025-06-12 15:00:00,2080.0,2203.7617
2025-06-12 16:00:00,2686.0,2552.517
2025-06-12 17:00:00,2787.0,2577.58
2025-06-12 18:00:00,2271.0,2293.7014
2025-06-12 19:00:00,1475.0,1494.363
2025-06-12 20:00:00,993.0,1059.0421
2025-06-12 21:00:00,898.0,929.1436
2025-06-12 22:00:00,860.0,816.71893
2025-06-12 23:00:00,489.0,695.7721
2025-06-13 00:00:00,248.0,476.00055
2025-06-13 01:00:00,110.0,229.24579
2025-06-13 02:00:00,75.0,138.99097
2025-06-13 03:00:00,67.0,117.52063
2025-06-13 04:00:00,116.0,141.97937
2025-06-13 05:00:00,467.0,333.9737
2025-06-13 06:00:00,1373.0,1057.8291
2025-06-13 07:00:00,1849.0,1685.1388
2025-06-13 08:00:00,1943.0,1748.2388
2025-06-13 09:00:00,1729.0,1710.6294
2025-06-13 10:00:00,1750.0,1695.7324
2025-06-13 11:00:00,1753.0,1716.188
2025-06-13 12:00:00,1757.0,1772.1741
2025-06-13 13:00:00,1825.0,1907.9468
2025-06-13 14:00:00,1962.0,2160.6243
2025-06-13 15:00:00,2257.0,2478.9858
2025-06-13 16:00:00,2871.0,2634.2913
2025-06-13 17:00:00,3141.0,2603.583
2025-06-13 18:00:00,2227.0,2371.166
2025-06-13 19:00:00,1470.0,1856.9745
2025-06-13 20:00:00,1181.0,1195.7722
2025-06-13 21:00:00,947.0,999.3565
2025-06-13 22:00:00,935.0,863.81226
2025-06-13 23:00:00,798.0,716.83356
2025-06-14 00:00:00,492.0,543.4317
2025-06-14 01:00:00,269.0,388.95605
2025-06-14 02:00:00,152.0,247.31726
2025-06-14 03:00:00,124.0,184.81519
2025-06-14 04:00:00,129.0,185.91669
2025-06-14 05:00:00,276.0,247.30261
2025-06-14 06:00:00,626.0,509.61945
2025-06-14 07:00:00,1283.0,1264.1782
2025-06-14 08:00:00,2004.0,1795.5164
2025-06-14 09:00:00,2535.0,2096.0027
2025-06-14 10:00:00,2547.0,2204.1943
2025-06-14 11:00:00,2392.0,2238.9385
2025-06-14 12:00:00,2278.0,2232.6423
2025-06-14 13:00:00,2170.0,2163.8809
2025-06-14 14:00:00,1925.0,2041.3318
2025-06-14 15:00:00,1794.0,1898.4302
2025-06-14 16:00:00,1847.0,1757.3998
2025-06-14 17:00:00,1789.0,1668.7362
2025-06-14 18:00:00,1489.0,1434.3911
2025-06-14 19:00:00,1122.0,1188.4545
2025-06-14 20:00:00,880.0,913.38666
2025-06-14 21:00:00,853.0,809.8623
2025-06-14 22:00:00,883.0,738.80334
2025-06-14 23:00:00,842.0,658.76306
2025-06-15 00:00:00,699.0,462.58557
2025-06-15 01:00:00,421.0,373.34637
2025-06-15 02:00:00,274.0,257.81372
2025-06-15 03:00:00,199.0,193.47308
2025-06-15 04:00:00,145.0,190.62488
2025-06-15 05:00:00,149.0,217.02826
2025-06-15 06:00:00,265.0,303.00073
2025-06-15 07:00:00,528.0,589.1285
2025-06-15 08:00:00,993.0,984.4365
2025-06-15 09:00:00,1460.0,1346.9568
2025-06-15 10:00:00,1725.0,1832.429
2025-06-15 11:00:00,1825.0,2034.5164
2025-06-15 12:00:00,1664.0,1980.687
2025-06-15 13:00:00,1654.0,1862.1631
2025-06-15 14:00:00,1565.0,1682.2881
2025-06-15 15:00:00,1572.0,1703.1709
2025-06-15 16:00:00,1671.0,1581.8229
2025-06-15 17:00:00,1665.0,1534.3787
2025-06-15 18:00:00,1399.0,1325.7292
2025-06-15 19:00:00,1130.0,1124.7633
2025-06-15 20:00:00,925.0,855.28577
2025-06-15 21:00:00,772.0,782.494
2025-06-15 22:00:00,598.0,680.4496
2025-06-15 23:00:00,296.0,581.2557
2025-06-16 00:00:00,150.0,305.43604
2025-06-16 01:00:00,71.0,166.57227
2025-06-16 02:00:00,35.0,118.79645
2025-06-16 03:00:00,53.0,118.581055
2025-06-16 04:00:00,132.0,151.95135
2025-06-16 05:00:00,534.0,311.58002
2025-06-16 06:00:00,1512.0,1267.374
2025-06-16 07:00:00,1913.0,1748.5771
2025-06-16 08:00:00,1876.0,1572.2222
2025-06-16 09:00:00,1543.0,1544.9147
2025-06-16 10:00:00,1614.0,1476.2369
2025-06-16 11:00:00,1533.0,1449.6798
2025-06-16 12:00:00,1519.0,1430.9368
2025-06-16 13:00:00,1469.0,1415.575
2025-06-16 14:00:00,1572.0,1562.4034
2025-06-16 15:00:00,1813.0,2031.7671
2025-06-16 16:00:00,2476.0,2474.2551
2025-06-16 17:00:00,2738.0,2458.8027
2025-06-16 18:00:00,2051.0,2045.0591
2025-06-16 19:00:00,1204.0,1239.2029
2025-06-16 20:00:00,907.0,874.0502
2025-06-16 21:00:00,690.0,739.6737
2025-06-16 22:00:00,553.0,632.17896
2025-06-16 23:00:00,346.0,487.6123
2025-06-17 00:00:00,157.0,297.55774
2025-06-17 01:00:00,86.0,153.9231
2025-06-17 02:00:00,55.0,121.35199
2025-06-17 03:00:00,54.0,118.472595
2025-06-17 04:00:00,119.0,140.50134
2025-06-17 05:00:00,479.0,320.89362
2025-06-17 06:00:00,1405.0,1128.8187
2025-06-17 07:00:00,1938.0,1712.8391
2025-06-17 08:00:00,1926.0,1703.3611
2025-06-17 09:00:00,1525.0,1597.84
2025-06-17 10:00:00,1728.0,1499.6709
2025-06-17 11:00:00,1570.0,1450.5164
2025-06-17 12:00:00,1507.0,1426.4072
2025-06-17 13:00:00,1494.0,1428.6041
2025-06-17 14:00:00,1585.0,1494.5332
2025-06-17 15:00:00,1876.0,1972.0752
2025-06-17 16:00:00,2506.0,2475.3176
2025-06-17 17:00:00,2811.0,2509.7947
2025-06-17 18:00:00,2043.0,2018.2356
2025-06-17 19:00:00,1608.0,1232.0142
2025-06-17 20:00:00,989.0,935.2408
2025-06-17 21:00:00,837.0,798.7644
2025-06-17 22:00:00,691.0,682.60425
2025-06-17 23:00:00,437.0,524.76434
2025-06-18 00:00:00,192.0,343.9433
2025-06-18 01:00:00,89.0,174.13855
2025-06-18 02:00:00,63.0,125.824585
2025-06-18 03:00:00,54.0,121.03485
2025-06-18 04:00:00,124.0,139.1095
2025-06-18 05:00:00,481.0,322.77216
2025-06-18 06:00:00,1472.0,1112.2494
2025-06-18 07:00:00,1905.0,1722.4366
2025-06-18 08:00:00,1808.0,1703.1705
2025-06-18 09:00:00,1799.0,1591.1929
2025-06-18 10:00:00,1673.0,1520.0872
2025-06-18 11:00:00,1750.0,1490.3115
2025-06-18 12:00:00,1777.0,1481.1802
2025-06-18 13:00:00,1808.0,1489.0205
2025-06-18 14:00:00,1855.0,1570.0084
2025-06-18 15:00:00,2052.0,1999.5594
2025-06-18 16:00:00,2793.0,2481.588
2025-06-18 17:00:00,2659.0,2552.8818
2025-06-18 18:00:00,2102.0,2140.1968
2025-06-18 19:00:00,1522.0,1300.5374
2025-06-18 20:00:00,1213.0,986.9537
2025-06-18 21:00:00,943.0,876.1467
2025-06-18 22:00:00,865.0,769.0912
2025-06-18 23:00:00,604.0,584.45386
2025-06-19 00:00:00,260.0,597.90094
2025-06-19 01:00:00,107.0,463.8684
2025-06-19 02:00:00,79.0,381.794
2025-06-19 03:00:00,52.0,344.55463
2025-06-19 04:00:00,123.0,348.8205
2025-06-19 05:00:00,454.0,419.71204
2025-06-19 06:00:00,1267.0,715.35144
2025-06-19 07:00:00,1593.0,1327.7997
2025-06-19 08:00:00,2049.0,1771.05
2025-06-19 09:00:00,2178.0,1965.924
2025-06-19 10:00:00,2276.0,2015.4358
2025-06-19 11:00:00,2140.0,2028.7227
2025-06-19 12:00:00,1982.0,2025.727
2025-06-19 13:00:00,1850.0,2000.6299
2025-06-19 14:00:00,1847.0,1956.7449
2025-06-19 15:00:00,2041.0,1922.5347
2025-06-19 16:00:00,2502.0,1903.1506
2025-06-19 17:00:00,2643.0,1795.6089
2025-06-19 18:00:00,2048.0,1517.6211
2025-06-19 19:00:00,1466.0,1295.651
2025-06-19 20:00:00,1053.0,1057.0681
2025-06-19 21:00:00,884.0,934.5615
2025-06-19 22:00:00,749.0,845.65265
2025-06-19 23:00:00,537.0,755.9988
2025-06-20 00:00:00,257.0,474.09644
2025-06-20 01:00:00,121.0,228.32214
2025-06-20 02:00:00,70.0,139.77539
2025-06-20 03:00:00,57.0,117.90765
2025-06-20 04:00:00,139.0,144.26495
2025-06-20 05:00:00,443.0,355.64008
2025-06-20 06:00:00,1332.0,1054.8604
2025-06-20 07:00:00,1737.0,1686.6511
2025-06-20 08:00:00,1605.0,1747.2751
2025-06-20 09:00:00,2086.0,1707.2034
2025-06-20 10:00:00,2068.0,1690.3037
2025-06-20 11:00:00,1970.0,1711.0682
2025-06-20 12:00:00,2104.0,1770.0571
2025-06-20 13:00:00,2145.0,1905.0803
2025-06-20 14:00:00,2287.0,2166.539
2025-06-20 15:00:00,2523.0,2492.7153
2025-06-20 16:00:00,2905.0,2649.1821
2025-06-20 17:00:00,2737.0,2619.954
2025-06-20 18:00:00,2302.0,2394.068
2025-06-20 19:00:00,1562.0,1878.8009
2025-06-20 20:00:00,1097.0,1201.804
2025-06-20 21:00:00,1066.0,1004.5693
2025-06-20 22:00:00,1016.0,864.3762
2025-06-20 23:00:00,717.0,724.1112
2025-06-21 00:00:00,465.0,550.75305
2025-06-21 01:00:00,272.0,390.6001
2025-06-21 02:00:00,135.0,246.78192
2025-06-21 03:00:00,114.0,178.82556
2025-06-21 04:00:00,136.0,180.74304
2025-06-21 05:00:00,240.0,246.46423
2025-06-21 06:00:00,550.0,608.9606
2025-06-21 07:00:00,1131.0,1291.3823
2025-06-21 08:00:00,1829.0,1833.7593
2025-06-21 09:00:00,2379.0,2118.936
2025-06-21 10:00:00,2399.0,2213.9727
2025-06-21 11:00:00,2462.0,2243.1248
2025-06-21 12:00:00,2178.0,2237.3008
2025-06-21 13:00:00,1937.0,2168.1692
2025-06-21 14:00:00,1858.0,2045.6274
2025-06-21 15:00:00,1886.0,1909.7333
2025-06-21 16:00:00,1920.0,1782.5602
2025-06-21 17:00:00,1722.0,1641.96
2025-06-21 18:00:00,1462.0,1436.7236
2025-06-21 19:00:00,1107.0,1156.2924
2025-06-21 20:00:00,962.0,913.89325
2025-06-21 21:00:00,808.0,810.26965
2025-06-21 22:00:00,872.0,739.57495
2025-06-21 23:00:00,937.0,661.75745
2025-06-22 00:00:00,664.0,468.7024
2025-06-22 01:00:00,420.0,375.1867
2025-06-22 02:00:00,283.0,256.74133
2025-06-22 03:00:00,146.0,190.15497
2025-06-22 04:00:00,140.0,187.1828
2025-06-22 05:00:00,193.0,226.1189
2025-06-22 06:00:00,338.0,325.498
2025-06-22 07:00:00,704.0,590.4575
2025-06-22 08:00:00,1291.0,1121.9174
2025-06-22 09:00:00,1776.0,1719.6218
2025-06-22 10:00:00,1991.0,1979.8022
2025-06-22 11:00:00,1989.0,2022.4204
2025-06-22 12:00:00,1804.0,1971.3235
2025-06-22 13:00:00,1727.0,1854.8811
2025-06-22 14:00:00,1557.0,1715.366
2025-06-22 15:00:00,1491.0,1590.4359
2025-06-22 16:00:00,1598.0,1529.7556
2025-06-22 17:00:00,1520.0,1477.8066
2025-06-22 18:00:00,1550.0,1283.2297
2025-06-22 19:00:00,1256.0,1077.3308
2025-06-22 20:00:00,1145.0,891.72437
2025-06-22 21:00:00,1013.0,784.83203
2025-06-22 22:00:00,774.0,672.1881
2025-06-22 23:00:00,468.0,571.6866
2025-06-23 00:00:00,212.0,305.0965
2025-06-23 01:00:00,76.0,169.97919
2025-06-23 02:00:00,43.0,118.81506
2025-06-23 03:00:00,49.0,123.69006
2025-06-23 04:00:00,121.0,152.26624
2025-06-23 05:00:00,547.0,319.88562
2025-06-23 06:00:00,1488.0,1127.37
2025-06-23 07:00:00,1938.0,1702.2627
2025-06-23 08:00:00,1880.0,1658.3418
2025-06-23 09:00:00,1708.0,1613.8472
2025-06-23 10:00:00,1580.0,1526.5006
2025-06-23 11:00:00,1477.0,1419.4846
2025-06-23 12:00:00,1587.0,1395.4814
2025-06-23 13:00:00,1506.0,1442.232
2025-06-23 14:00:00,1627.0,1561.8141
2025-06-23 15:00:00,1812.0,1973.8057
2025-06-23 16:00:00,2503.0,2379.6638
2025-06-23 17:00:00,2538.0,2460.4019
2025-06-23 18:00:00,2017.0,2008.4498
2025-06-23 19:00:00,1131.0,1153.5935
2025-06-23 20:00:00,868.0,870.50604
2025-06-23 21:00:00,691.0,732.93353
2025-06-23 22:00:00,592.0,625.2019
2025-06-23 23:00:00,333.0,481.95386
2025-06-24 00:00:00,185.0,296.64526
2025-06-24 01:00:00,89.0,159.97174
2025-06-24 02:00:00,50.0,120.22272
2025-06-24 03:00:00,56.0,118.81537
2025-06-24 04:00:00,124.0,139.74908
2025-06-24 05:00:00,501.0,358.6504
2025-06-24 06:00:00,1504.0,1089.9215
2025-06-24 07:00:00,1900.0,1695.2158
2025-06-24 08:00:00,1906.0,1701.5608
2025-06-24 09:00:00,1736.0,1597.724
2025-06-24 10:00:00,1565.0,1500.326
2025-06-24 11:00:00,1512.0,1450.1763
2025-06-24 12:00:00,1506.0,1425.2537
2025-06-24 13:00:00,1522.0,1431.0004
2025-06-24 14:00:00,1645.0,1501.588
2025-06-24 15:00:00,2003.0,1959.5009
2025-06-24 16:00:00,2589.0,2446.6848
2025-06-24 17:00:00,2723.0,2496.3474
2025-06-24 18:00:00,1788.0,1969.3141
2025-06-24 19:00:00,1239.0,1208.8011
2025-06-24 20:00:00,982.0,934.0987
2025-06-24 21:00:00,867.0,797.6299
2025-06-24 22:00:00,707.0,679.449
2025-06-24 23:00:00,385.0,521.3053
2025-06-25 00:00:00,194.0,343.5824
2025-06-25 01:00:00,98.0,176.43433
2025-06-25 02:00:00,55.0,124.944824
2025-06-25 03:00:00,62.0,121.11914
2025-06-25 04:00:00,136.0,141.1784
2025-06-25 05:00:00,491.0,352.88428
2025-06-25 06:00:00,1500.0,1054.9745
2025-06-25 07:00:00,1942.0,1710.5553
2025-06-25 08:00:00,2085.0,1700.376
2025-06-25 09:00:00,1702.0,1593.3043
2025-06-25 10:00:00,1726.0,1521.5157
2025-06-25 11:00:00,1436.0,1492.2117
2025-06-25 12:00:00,1638.0,1482.5225
2025-06-25 13:00:00,1580.0,1497.2238
2025-06-25 14:00:00,1715.0,1578.5409
2025-06-25 15:00:00,1954.0,1973.7068
2025-06-25 16:00:00,2627.0,2457.1702
2025-06-25 17:00:00,2339.0,2533.9226
2025-06-25 18:00:00,1953.0,2095.3926
2025-06-25 19:00:00,1276.0,1331.3801
2025-06-25 20:00:00,1018.0,983.88617
2025-06-25 21:00:00,871.0,876.41113
2025-06-25 22:00:00,754.0,765.5492
2025-06-25 23:00:00,467.0,577.64746
2025-06-26 00:00:00,202.0,406.75427
2025-06-26 01:00:00,84.0,206.76038
2025-06-26 02:00:00,72.0,134.29327
2025-06-26 03:00:00,56.0,109.447815
2025-06-26 04:00:00,141.0,137.22308
2025-06-26 05:00:00,479.0,337.8974
2025-06-26 06:00:00,1486.0,1200.6953
2025-06-26 07:00:00,1898.0,1560.7437
2025-06-26 08:00:00,1834.0,1640.2874
2025-06-26 09:00:00,1659.0,1605.8344
2025-06-26 10:00:00,1687.0,1590.2158
2025-06-26 11:00:00,1631.0,1585.5216
2025-06-26 12:00:00,1691.0,1555.4023
2025-06-26 13:00:00,1683.0,1633.4723
2025-06-26 14:00:00,1918.0,1858.3796
2025-06-26 15:00:00,2182.0,2252.3687
2025-06-26 16:00:00,2698.0,2573.0308
2025-06-26 17:00:00,2580.0,2620.2559
2025-06-26 18:00:00,2232.0,2366.793
2025-06-26 19:00:00,1511.0,1533.6614
2025-06-26 20:00:00,1171.0,1053.998
2025-06-26 21:00:00,917.0,927.1887
2025-06-26 22:00:00,855.0,816.61206
2025-06-26 23:00:00,543.0,695.8506
2025-06-27 00:00:00,308.0,474.44434
2025-06-27 01:00:00,140.0,226.8003
2025-06-27 02:00:00,74.0,137.77618
2025-06-27 03:00:00,78.0,116.01996
2025-06-27 04:00:00,132.0,140.17908
2025-06-27 05:00:00,482.0,333.08655
2025-06-27 06:00:00,1353.0,1086.0459
2025-06-27 07:00:00,1909.0,1685.3275
2025-06-27 08:00:00,1867.0,1743.3235
2025-06-27 09:00:00,1926.0,1707.6787
2025-06-27 10:00:00,1982.0,1639.0226
2025-06-27 11:00:00,1935.0,1669.0372
2025-06-27 12:00:00,2117.0,1756.706
2025-06-27 13:00:00,2140.0,1925.5874
2025-06-27 14:00:00,2467.0,2168.977
2025-06-27 15:00:00,2645.0,2506.8145
2025-06-27 16:00:00,2916.0,2654.9275
2025-06-27 17:00:00,2748.0,2619.1304
2025-06-27 18:00:00,2357.0,2386.8777
2025-06-27 19:00:00,1846.0,1847.5732
2025-06-27 20:00:00,1385.0,1197.4724
2025-06-27 21:00:00,1084.0,1001.53
2025-06-27 22:00:00,960.0,861.88684
2025-06-27 23:00:00,867.0,717.12134
2025-06-28 00:00:00,533.0,543.7367
2025-06-28 01:00:00,257.0,388.98175
2025-06-28 02:00:00,172.0,246.76923
2025-06-28 03:00:00,132.0,181.73877
2025-06-28 04:00:00,155.0,183.48376
2025-06-28 05:00:00,281.0,245.94342
2025-06-28 06:00:00,670.0,586.9282
2025-06-28 07:00:00,1288.0,1277.7645
2025-06-28 08:00:00,1876.0,1815.6874
2025-06-28 09:00:00,2447.0,2107.577
2025-06-28 10:00:00,2481.0,2211.63
2025-06-28 11:00:00,2404.0,2242.997
2025-06-28 12:00:00,2280.0,2237.2153
2025-06-28 13:00:00,2100.0,2167.4136
2025-06-28 14:00:00,1909.0,2044.5781
2025-06-28 15:00:00,1809.0,1905.5759
2025-06-28 16:00:00,1785.0,1779.7074
2025-06-28 17:00:00,1748.0,1629.2267
2025-06-28 18:00:00,1504.0,1436.1016
2025-06-28 19:00:00,1123.0,1199.5043
2025-06-28 20:00:00,874.0,913.81805
2025-06-28 21:00:00,800.0,810.9989
2025-06-28 22:00:00,908.0,737.2847
2025-06-28 23:00:00,972.0,655.8321
2025-06-29 00:00:00,632.0,462.4466
2025-06-29 01:00:00,431.0,373.41553
2025-06-29 02:00:00,253.0,258.5324
2025-06-29 03:00:00,174.0,195.43365
2025-06-29 04:00:00,138.0,190.70526
2025-06-29 05:00:00,213.0,229.76202
2025-06-29 06:00:00,377.0,324.5006
2025-06-29 07:00:00,711.0,589.10785
2025-06-29 08:00:00,1305.0,1113.5424
2025-06-29 09:00:00,1832.0,1701.0637
2025-06-29 10:00:00,2077.0,1974.3823
2025-06-29 11:00:00,2080.0,2020.7672
2025-06-29 12:00:00,2033.0,1968.8169
2025-06-29 13:00:00,1834.0,1852.0774
2025-06-29 14:00:00,1659.0,1714.8792
2025-06-29 15:00:00,1533.0,1589.3872
2025-06-29 16:00:00,1577.0,1525.4067
2025-06-29 17:00:00,1602.0,1472.9082
2025-06-29 18:00:00,1527.0,1284.2493
2025-06-29 19:00:00,1306.0,1071.9114
2025-06-29 20:00:00,1179.0,891.7065
2025-06-29 21:00:00,873.0,785.4504
2025-06-29 22:00:00,707.0,669.1902
2025-06-29 23:00:00,447.0,566.01434
2025-06-30 00:00:00,209.0,306.23694
2025-06-30 01:00:00,80.0,170.97375
2025-06-30 02:00:00,55.0,118.34375
2025-06-30 03:00:00,55.0,122.85388
2025-06-30 04:00:00,133.0,152.29504
2025-06-30 05:00:00,595.0,310.30396
2025-06-30 06:00:00,1530.0,1216.4308
2025-06-30 07:00:00,1861.0,1681.9407
2025-06-30 08:00:00,1844.0,1696.0474
2025-06-30 09:00:00,1650.0,1612.1746
2025-06-30 10:00:00,1529.0,1537.7297
2025-06-30 11:00:00,1521.0,1481.9371
2025-06-30 12:00:00,1538.0,1448.8015
2025-06-30 13:00:00,1529.0,1453.1102
2025-06-30 14:00:00,1692.0,1557.0575
2025-06-30 15:00:00,1865.0,2045.2637
2025-06-30 16:00:00,2471.0,2418.8364
2025-06-30 17:00:00,2675.0,2452.9045
2025-06-30 18:00:00,2068.0,1991.6736
2025-06-30 19:00:00,1205.0,1210.325
2025-06-30 20:00:00,822.0,869.2291
2025-06-30 21:00:00,665.0,731.2932
2025-06-30 22:00:00,528.0,623.72485
2025-06-30 23:00:00,388.0,480.8565
2025-07-01 00:00:00,194.0,282.70123
2025-07-01 01:00:00,82.0,151.81958
2025-07-01 02:00:00,45.0,115.8374
2025-07-01 03:00:00,68.0,115.37677
2025-07-01 04:00:00,120.0,135.4643
2025-07-01 05:00:00,508.0,312.01068
2025-07-01 06:00:00,1466.0,1099.6578
2025-07-01 07:00:00,1849.0,1676.2689
2025-07-01 08:00:00,1827.0,1663.0925
2025-07-01 09:00:00,1559.0,1605.7522
2025-07-01 10:00:00,1517.0,1504.5459
2025-07-01 11:00:00,1525.0,1449.709
2025-07-01 12:00:00,1437.0,1422.1365
2025-07-01 13:00:00,1518.0,1429.0382
2025-07-01 14:00:00,1666.0,1504.0153
2025-07-01 15:00:00,1906.0,1940.7346
2025-07-01 16:00:00,2362.0,2446.8035
2025-07-01 17:00:00,2715.0,2476.1025
2025-07-01 18:00:00,2233.0,1886.2192
2025-07-01 19:00:00,1396.0,1177.8082
2025-07-01 20:00:00,908.0,915.81335
2025-07-01 21:00:00,837.0,785.9453
2025-07-01 22:00:00,741.0,665.24976
2025-07-01 23:00:00,421.0,507.9037
2025-07-02 00:00:00,198.0,324.4699
2025-07-02 01:00:00,82.0,169.24408
2025-07-02 02:00:00,51.0,120.84778
2025-07-02 03:00:00,55.0,117.930725
2025-07-02 04:00:00,118.0,136.85693
2025-07-02 05:00:00,525.0,335.0182
2025-07-02 06:00:00,1440.0,984.38324
2025-07-02 07:00:00,1862.0,1694.9675
2025-07-02 08:00:00,1878.0,1705.3848
2025-07-02 09:00:00,1583.0,1597.8203
2025-07-02 10:00:00,1507.0,1522.5366
2025-07-02 11:00:00,1584.0,1489.9249
2025-07-02 12:00:00,1667.0,1481.343
2025-07-02 13:00:00,1611.0,1498.6471
2025-07-02 14:00:00,1830.0,1572.8975
2025-07-02 15:00:00,2067.0,1959.0437
2025-07-02 16:00:00,2555.0,2452.2598
2025-07-02 17:00:00,2738.0,2525.458
2025-07-02 18:00:00,2109.0,2047.5623
2025-07-02 19:00:00,1402.0,1209.1772
2025-07-02 20:00:00,955.0,967.55194
2025-07-02 21:00:00,814.0,864.282
2025-07-02 22:00:00,802.0,751.4966
2025-07-02 23:00:00,516.0,566.73785
2025-07-03 00:00:00,324.0,382.37
2025-07-03 01:00:00,156.0,192.02399
2025-07-03 02:00:00,57.0,126.39038
2025-07-03 03:00:00,57.0,109.55713
2025-07-03 04:00:00,151.0,131.47168
2025-07-03 05:00:00,500.0,318.26868
2025-07-03 06:00:00,1439.0,1019.2433
2025-07-03 07:00:00,1862.0,1677.1013
2025-07-03 08:00:00,1897.0,1663.1434
2025-07-03 09:00:00,1604.0,1647.5444
2025-07-03 10:00:00,1592.0,1619.7516
2025-07-03 11:00:00,1665.0,1596.9633
2025-07-03 12:00:00,1629.0,1614.7852
2025-07-03 13:00:00,1664.0,1646.5176
2025-07-03 14:00:00,1835.0,1815.1123
2025-07-03 15:00:00,2116.0,2215.1997
2025-07-03 16:00:00,2704.0,2548.0283
2025-07-03 17:00:00,2787.0,2571.8018
2025-07-03 18:00:00,2228.0,2255.1519
2025-07-03 19:00:00,1562.0,1419.7733
2025-07-03 20:00:00,1058.0,1039.623
2025-07-03 21:00:00,954.0,916.6121
2025-07-03 22:00:00,875.0,806.1179
2025-07-03 23:00:00,584.0,680.5705
2025-07-04 00:00:00,316.0,441.9732
2025-07-04 01:00:00,133.0,211.1709
2025-07-04 02:00:00,68.0,136.8424
2025-07-04 03:00:00,69.0,558.6188
2025-07-04 04:00:00,135.0,267.8855
2025-07-04 05:00:00,442.0,319.73688
2025-07-04 06:00:00,1303.0,1109.3633
2025-07-04 07:00:00,1782.0,1646.9287
2025-07-04 08:00:00,1806.0,1652.758
2025-07-04 09:00:00,1749.0,1638.584
2025-07-04 10:00:00,1837.0,1629.9089
2025-07-04 11:00:00,1969.0,1661.2268
2025-07-04 12:00:00,2091.0,1759.0576
2025-07-04 13:00:00,2127.0,1890.917
2025-07-04 14:00:00,2355.0,2172.0535
2025-07-04 15:00:00,2636.0,2529.5078
2025-07-04 16:00:00,3008.0,2646.5952
2025-07-04 17:00:00,2468.0,2611.7012
2025-07-04 18:00:00,2469.0,2371.559
2025-07-04 19:00:00,2030.0,1814.5618
2025-07-04 20:00:00,1511.0,1170.6573
2025-07-04 21:00:00,1172.0,989.79236
2025-07-04 22:00:00,1092.0,848.96173
2025-07-04 23:00:00,979.0,707.0587
2025-07-05 00:00:00,509.0,543.83234
2025-07-05 01:00:00,300.0,381.9276
2025-07-05 02:00:00,194.0,241.26404
2025-07-05 03:00:00,129.0,175.81683
2025-07-05 04:00:00,154.0,177.43365
2025-07-05 05:00:00,275.0,233.03455
2025-07-05 06:00:00,680.0,475.46735
2025-07-05 07:00:00,1340.0,1154.1519
2025-07-05 08:00:00,2029.0,1753.4973
2025-07-05 09:00:00,2626.0,1989.6897
2025-07-05 10:00:00,2702.0,2195.5928
2025-07-05 11:00:00,2540.0,2208.9856
2025-07-05 12:00:00,2415.0,2233.747
2025-07-05 13:00:00,2175.0,2163.9404
2025-07-05 14:00:00,2067.0,2032.4044
2025-07-05 15:00:00,1952.0,1893.4481
2025-07-05 16:00:00,1878.0,1760.6423
2025-07-05 17:00:00,1756.0,1641.32
2025-07-05 18:00:00,1441.0,1422.9895
2025-07-05 19:00:00,1092.0,1128.1646
2025-07-05 20:00:00,933.0,904.1633
2025-07-05 21:00:00,929.0,808.09534
2025-07-05 22:00:00,948.0,736.567
2025-07-05 23:00:00,968.0,655.899
2025-07-06 00:00:00,678.0,465.15546
2025-07-06 01:00:00,416.0,373.05212
2025-07-06 02:00:00,264.0,253.74664
2025-07-06 03:00:00,185.0,192.33057
2025-07-06 04:00:00,170.0,184.54645
2025-07-06 05:00:00,184.0,216.42792
2025-07-06 06:00:00,240.0,292.04022
2025-07-06 07:00:00,509.0,561.26587
2025-07-06 08:00:00,924.0,911.4264
2025-07-06 09:00:00,1524.0,1512.1461
2025-07-06 10:00:00,1919.0,1844.9117
2025-07-06 11:00:00,2040.0,1856.3325
2025-07-06 12:00:00,1927.0,1870.4475
2025-07-06 13:00:00,2026.0,1715.6128
2025-07-06 14:00:00,1746.0,1599.3838
2025-07-06 15:00:00,1673.0,1523.7988
2025-07-06 16:00:00,1681.0,1527.8793
2025-07-06 17:00:00,1552.0,1539.438
2025-07-06 18:00:00,1453.0,1345.6212
2025-07-06 19:00:00,1158.0,997.5602
2025-07-06 20:00:00,1024.0,868.17035
2025-07-06 21:00:00,806.0,785.32794
2025-07-06 22:00:00,563.0,686.06396
2025-07-06 23:00:00,390.0,583.5672
2025-07-07 00:00:00,227.0,288.74658
2025-07-07 01:00:00,129.0,157.18457
2025-07-07 02:00:00,46.0,112.25586
2025-07-07 03:00:00,51.0,113.81055
2025-07-07 04:00:00,134.0,145.12378
2025-07-07 05:00:00,518.0,299.0407
2025-07-07 06:00:00,1480.0,1197.5981
2025-07-07 07:00:00,1867.0,1592.1355
2025-07-07 08:00:00,1689.0,1583.1714
2025-07-07 09:00:00,1539.0,1537.742
2025-07-07 10:00:00,1653.0,1455.1132
2025-07-07 11:00:00,1584.0,1386.9235
2025-07-07 12:00:00,1595.0,1369.2375
2025-07-07 13:00:00,1584.0,1381.1654
2025-07-07 14:00:00,1726.0,1512.3636
2025-07-07 15:00:00,1844.0,1973.634
2025-07-07 16:00:00,2421.0,2455.7366
2025-07-07 17:00:00,2550.0,2482.5054
2025-07-07 18:00:00,2071.0,1971.7124
2025-07-07 19:00:00,1347.0,1211.5724
2025-07-07 20:00:00,819.0,822.6257
2025-07-07 21:00:00,637.0,707.32837
2025-07-07 22:00:00,514.0,624.5333
2025-07-07 23:00:00,350.0,474.83948
2025-07-08 00:00:00,148.0,282.07587
2025-07-08 01:00:00,72.0,127.05084
2025-07-08 02:00:00,45.0,101.01611
2025-07-08 03:00:00,52.0,112.56122
2025-07-08 04:00:00,115.0,137.62274
2025-07-08 05:00:00,445.0,336.04187
2025-07-08 06:00:00,1355.0,1194.0137
2025-07-08 07:00:00,1847.0,1609.4579
2025-07-08 08:00:00,1696.0,1598.2042
2025-07-08 09:00:00,1430.0,1509.8647
2025-07-08 10:00:00,1447.0,1431.7826
2025-07-08 11:00:00,1471.0,1394.1774
2025-07-08 12:00:00,1488.0,1395.5869
2025-07-08 13:00:00,1560.0,1397.0188
2025-07-08 14:00:00,1721.0,1467.0278
2025-07-08 15:00:00,2037.0,1988.8346
2025-07-08 16:00:00,2599.0,2533.0376
2025-07-08 17:00:00,2788.0,2546.768
2025-07-08 18:00:00,2216.0,2199.6968
2025-07-08 19:00:00,1399.0,1238.3496
2025-07-08 20:00:00,965.0,915.41974
2025-07-08 21:00:00,760.0,782.7638
2025-07-08 22:00:00,691.0,670.8451
2025-07-08 23:00:00,423.0,516.81415
2025-07-09 00:00:00,199.0,321.7873
2025-07-09 01:00:00,86.0,159.12817
2025-07-09 02:00:00,63.0,122.04956
2025-07-09 03:00:00,47.0,116.522095
2025-07-09 04:00:00,117.0,134.16254
2025-07-09 05:00:00,417.0,289.57245
2025-07-09 06:00:00,1443.0,1163.3174
2025-07-09 07:00:00,1907.0,1732.774
2025-07-09 08:00:00,1786.0,1708.5549
2025-07-09 09:00:00,1686.0,1591.0607
2025-07-09 10:00:00,1737.0,1517.6174
2025-07-09 11:00:00,1639.0,1447.5704
2025-07-09 12:00:00,1741.0,1447.6964
2025-07-09 13:00:00,1724.0,1458.876
2025-07-09 14:00:00,1770.0,1558.2417
2025-07-09 15:00:00,1939.0,2014.7427
2025-07-09 16:00:00,2602.0,2507.1536
2025-07-09 17:00:00,2768.0,2556.4243
2025-07-09 18:00:00,2176.0,2147.5747
2025-07-09 19:00:00,1521.0,1332.4119
2025-07-09 20:00:00,965.0,968.4676
2025-07-09 21:00:00,816.0,855.6041
2025-07-09 22:00:00,715.0,754.03143
2025-07-09 23:00:00,580.0,579.5335
2025-07-10 00:00:00,286.0,380.96667
2025-07-10 01:00:00,91.0,186.40454
2025-07-10 02:00:00,56.0,124.94824
2025-07-10 03:00:00,71.0,106.6062
2025-07-10 04:00:00,124.0,121.94672
2025-07-10 05:00:00,423.0,318.83685
2025-07-10 06:00:00,1526.0,1120.7427
2025-07-10 07:00:00,1797.0,1741.5938
2025-07-10 08:00:00,1776.0,1712.4886
2025-07-10 09:00:00,1550.0,1622.9789
2025-07-10 10:00:00,1944.0,1589.6167
2025-07-10 11:00:00,1841.0,1581.9858
2025-07-10 12:00:00,1734.0,1586.0134
2025-07-10 13:00:00,1711.0,1644.49
2025-07-10 14:00:00,1890.0,1816.0054
2025-07-10 15:00:00,2074.0,2241.04
2025-07-10 16:00:00,2531.0,2577.1091
2025-07-10 17:00:00,2817.0,2583.8398
2025-07-10 18:00:00,2088.0,2295.8948
2025-07-10 19:00:00,1631.0,1562.3572
2025-07-10 20:00:00,1059.0,1037.7194
2025-07-10 21:00:00,967.0,916.52515
2025-07-10 22:00:00,868.0,807.2495
2025-07-10 23:00:00,569.0,683.26276
2025-07-11 00:00:00,240.0,445.69025
2025-07-11 01:00:00,119.0,209.37195
2025-07-11 02:00:00,75.0,127.380615
2025-07-11 03:00:00,82.0,106.439026
2025-07-11 04:00:00,143.0,128.29395
2025-07-11 05:00:00,480.0,302.89545
2025-07-11 06:00:00,1326.0,1029.7372
2025-07-11 07:00:00,1698.0,1673.5986
2025-07-11 08:00:00,1798.0,1742.5559
2025-07-11 09:00:00,1854.0,1696.7991
2025-07-11 10:00:00,2018.0,1675.8387
2025-07-11 11:00:00,1997.0,1688.2891
2025-07-11 12:00:00,2266.0,1756.7908
2025-07-11 13:00:00,2310.0,1888.6903
2025-07-11 14:00:00,2360.0,2170.6675
2025-07-11 15:00:00,2636.0,2516.4395
2025-07-11 16:00:00,2926.0,2651.9326
2025-07-11 17:00:00,1708.0,2621.2183
2025-07-11 18:00:00,1452.0,2378.1362
2025-07-11 19:00:00,1793.0,1820.0579
2025-07-11 20:00:00,1259.0,1176.9031
2025-07-11 21:00:00,905.0,991.8722
2025-07-11 22:00:00,828.0,848.3485
2025-07-11 23:00:00,752.0,708.73865
2025-07-12 00:00:00,445.0,550.8106
2025-07-12 01:00:00,244.0,386.0116
2025-07-12 02:00:00,172.0,239.357
2025-07-12 03:00:00,113.0,170.64978
2025-07-12 04:00:00,175.0,170.86835
2025-07-12 05:00:00,395.0,233.63629
2025-07-12 06:00:00,853.0,574.9994
2025-07-12 07:00:00,1424.0,1254.9651
2025-07-12 08:00:00,2139.0,1803.2299
2025-07-12 09:00:00,2733.0,2109.586
2025-07-12 10:00:00,2824.0,2209.945
2025-07-12 11:00:00,2810.0,2242.38
2025-07-12 12:00:00,2425.0,2236.316
2025-07-12 13:00:00,2275.0,2167.3613
2025-07-12 14:00:00,2158.0,2037.2311
2025-07-12 15:00:00,1968.0,1899.7167
2025-07-12 16:00:00,1838.0,1772.3331
2025-07-12 17:00:00,1650.0,1624.4382
2025-07-12 18:00:00,1300.0,1438.2285
2025-07-12 19:00:00,1018.0,1172.8915
2025-07-12 20:00:00,895.0,905.8843
2025-07-12 21:00:00,785.0,808.2986
2025-07-12 22:00:00,891.0,740.5017
2025-07-12 23:00:00,875.0,665.9159
2025-07-13 00:00:00,639.0,473.5188
2025-07-13 01:00:00,409.0,374.40063
2025-07-13 02:00:00,218.0,252.17377
2025-07-13 03:00:00,135.0,190.36884
2025-07-13 04:00:00,139.0,183.92218
2025-07-13 05:00:00,158.0,209.61621
2025-07-13 06:00:00,303.0,287.7619
2025-07-13 07:00:00,549.0,613.42834
2025-07-13 08:00:00,1022.0,1060.3077
2025-07-13 09:00:00,1681.0,1574.5775
2025-07-13 10:00:00,2165.0,1919.4207
2025-07-13 11:00:00,2248.0,1889.9348
2025-07-13 12:00:00,2142.0,1954.814
2025-07-13 13:00:00,2001.0,1840.3096
2025-07-13 14:00:00,1863.0,1693.041
2025-07-13 15:00:00,1499.0,1569.0566
2025-07-13 16:00:00,1683.0,1516.4744
2025-07-13 17:00:00,1508.0,1476.8405
2025-07-13 18:00:00,1248.0,1288.7883
2025-07-13 19:00:00,1094.0,1068.9938
2025-07-13 20:00:00,991.0,883.5668
2025-07-13 21:00:00,794.0,788.15826
2025-07-13 22:00:00,498.0,670.2498
2025-07-13 23:00:00,392.0,565.49
2025-07-14 00:00:00,199.0,287.96637
2025-07-14 01:00:00,102.0,160.41583
2025-07-14 02:00:00,39.0,111.941956
2025-07-14 03:00:00,53.0,118.121155
2025-07-14 04:00:00,135.0,146.04315
2025-07-14 05:00:00,516.0,318.56555
2025-07-14 06:00:00,1393.0,1175.1703
2025-07-14 07:00:00,1772.0,1590.841
2025-07-14 08:00:00,1655.0,1586.3026
2025-07-14 09:00:00,1570.0,1535.541
2025-07-14 10:00:00,1726.0,1438.3501
2025-07-14 11:00:00,1732.0,1407.5621
2025-07-14 12:00:00,1586.0,1433.5597
2025-07-14 13:00:00,1759.0,1439.9294
2025-07-14 14:00:00,1706.0,1530.7985
2025-07-14 15:00:00,1883.0,1979.2057
2025-07-14 16:00:00,2400.0,2451.1484
2025-07-14 17:00:00,2704.0,2433.463
2025-07-14 18:00:00,2029.0,1949.0671
2025-07-14 19:00:00,1094.0,1206.6016
2025-07-14 20:00:00,878.0,849.8408
2025-07-14 21:00:00,669.0,720.61957
2025-07-14 22:00:00,472.0,616.1841
2025-07-14 23:00:00,303.0,471.43896
2025-07-15 00:00:00,182.0,280.8015
2025-07-15 01:00:00,82.0,146.54962
2025-07-15 02:00:00,51.0,115.52142
2025-07-15 03:00:00,59.0,107.499756
2025-07-15 04:00:00,116.0,132.74469
2025-07-15 05:00:00,435.0,294.87158
2025-07-15 06:00:00,1380.0,1133.7324
2025-07-15 07:00:00,1725.0,1689.0785
2025-07-15 08:00:00,1701.0,1645.0378
2025-07-15 09:00:00,1613.0,1511.9299
2025-07-15 10:00:00,1620.0,1438.5901
2025-07-15 11:00:00,1650.0,1378.9805
2025-07-15 12:00:00,1516.0,1390.4216
2025-07-15 13:00:00,1574.0,1391.2656
2025-07-15 14:00:00,1621.0,1475.0643
2025-07-15 15:00:00,1890.0,1979.9603
2025-07-15 16:00:00,2480.0,2505.1147
2025-07-15 17:00:00,2737.0,2526.3997
2025-07-15 18:00:00,2102.0,2007.0046
2025-07-15 19:00:00,1243.0,1236.2195
2025-07-15 20:00:00,851.0,912.96075
2025-07-15 21:00:00,705.0,783.69446
2025-07-15 22:00:00,561.0,667.12756
2025-07-15 23:00:00,369.0,511.58014
2025-07-16 00:00:00,166.0,322.2149
2025-07-16 01:00:00,113.0,165.47089
2025-07-16 02:00:00,59.0,119.99249
2025-07-16 03:00:00,57.0,117.020386
2025-07-16 04:00:00,145.0,134.8086
2025-07-16 05:00:00,443.0,294.53375
2025-07-16 06:00:00,1376.0,1122.4025
2025-07-16 07:00:00,1811.0,1684.4829
2025-07-16 08:00:00,1664.0,1627.5026
2025-07-16 09:00:00,1675.0,1518.5533
2025-07-16 10:00:00,1772.0,1466.5446
2025-07-16 11:00:00,1712.0,1444.0487
2025-07-16 12:00:00,1622.0,1443.3813
2025-07-16 13:00:00,1742.0,1456.4697
2025-07-16 14:00:00,1812.0,1554.9387
2025-07-16 15:00:00,2109.0,2016.8477
2025-07-16 16:00:00,2646.0,2525.8008
2025-07-16 17:00:00,2841.0,2567.6948
2025-07-16 18:00:00,2083.0,2129.8496
2025-07-16 19:00:00,1412.0,1263.25
2025-07-16 20:00:00,887.0,966.583
2025-07-16 21:00:00,706.0,857.5875
2025-07-16 22:00:00,603.0,752.4061
2025-07-16 23:00:00,355.0,571.30756
2025-07-17 00:00:00,152.0,343.92633
2025-07-17 01:00:00,99.0,206.99353
2025-07-17 02:00:00,50.0,213.52429
2025-07-17 03:00:00,74.0,98.54718
2025-07-17 04:00:00,118.0,126.03638
2025-07-17 05:00:00,442.0,294.72522
2025-07-17 06:00:00,1391.0,1089.1229
2025-07-17 07:00:00,1752.0,1655.4502
2025-07-17 08:00:00,1652.0,1665.8883
2025-07-17 09:00:00,1642.0,1573.8422
2025-07-17 10:00:00,1905.0,1539.2198
2025-07-17 11:00:00,1870.0,1546.5997
2025-07-17 12:00:00,1699.0,1552.5435
2025-07-17 13:00:00,1834.0,1641.7849
2025-07-17 14:00:00,1894.0,1852.5886
2025-07-17 15:00:00,2023.0,2242.2192
2025-07-17 16:00:00,2617.0,2576.7744
2025-07-17 17:00:00,2898.0,2583.1418
2025-07-17 18:00:00,2247.0,2298.081
2025-07-17 19:00:00,1548.0,1554.2672
2025-07-17 20:00:00,1010.0,1036.2732
2025-07-17 21:00:00,786.0,915.2568
2025-07-17 22:00:00,711.0,806.2246
2025-07-17 23:00:00,493.0,681.8208
2025-07-18 00:00:00,304.0,442.0147
2025-07-18 01:00:00,157.0,207.9436
2025-07-18 02:00:00,88.0,127.96881
2025-07-18 03:00:00,79.0,107.3703
2025-07-18 04:00:00,117.0,130.07434
2025-07-18 05:00:00,437.0,293.35638
2025-07-18 06:00:00,1245.0,1010.5176
2025-07-18 07:00:00,1778.0,1666.6201
2025-07-18 08:00:00,1816.0,1727.1631
2025-07-18 09:00:00,2032.0,1695.3696
2025-07-18 10:00:00,2217.0,1676.4375
2025-07-18 11:00:00,2055.0,1689.8232
2025-07-18 12:00:00,2028.0,1760.1934
2025-07-18 13:00:00,2127.0,1889.4126
2025-07-18 14:00:00,2483.0,2164.456
2025-07-18 15:00:00,2583.0,2495.4866
2025-07-18 16:00:00,2880.0,2639.4663
2025-07-18 17:00:00,2738.0,2608.3564
2025-07-18 18:00:00,2250.0,2366.3135
2025-07-18 19:00:00,1540.0,1825.4746
2025-07-18 20:00:00,1126.0,1170.6031
2025-07-18 21:00:00,875.0,989.2956
2025-07-18 22:00:00,803.0,846.089
2025-07-18 23:00:00,686.0,705.62225
2025-07-19 00:00:00,441.0,547.0903
2025-07-19 01:00:00,300.0,382.3921
2025-07-19 02:00:00,180.0,240.61475
2025-07-19 03:00:00,163.0,173.01971
2025-07-19 04:00:00,251.0,174.57849
2025-07-19 05:00:00,491.0,228.86627
2025-07-19 06:00:00,837.0,486.25195
2025-07-19 07:00:00,1302.0,1216.8759
2025-07-19 08:00:00,1929.0,1791.6086
2025-07-19 09:00:00,2407.0,2096.6516
2025-07-19 10:00:00,2737.0,2204.4941
2025-07-19 11:00:00,2677.0,2239.0503
2025-07-19 12:00:00,2318.0,2207.891
2025-07-19 13:00:00,2134.0,2079.4583
2025-07-19 14:00:00,2011.0,1891.733
2025-07-19 15:00:00,1776.0,1864.2152
2025-07-19 16:00:00,1712.0,1781.1235
2025-07-19 17:00:00,1549.0,1644.4385
2025-07-19 18:00:00,1131.0,1444.3444
2025-07-19 19:00:00,843.0,1156.6128
2025-07-19 20:00:00,742.0,906.6677
2025-07-19 21:00:00,746.0,807.83514
2025-07-19 22:00:00,712.0,741.1223
2025-07-19 23:00:00,687.0,667.4994
2025-07-20 00:00:00,472.0,472.1211
2025-07-20 01:00:00,327.0,374.35455
2025-07-20 02:00:00,182.0,252.41217
2025-07-20 03:00:00,126.0,189.16614
2025-07-20 04:00:00,123.0,181.71613
2025-07-20 05:00:00,159.0,209.60461
2025-07-20 06:00:00,297.0,293.9016
2025-07-20 07:00:00,622.0,563.0423
2025-07-20 08:00:00,1122.0,1073.3479
2025-07-20 09:00:00,1720.0,1674.0415
2025-07-20 10:00:00,2223.0,1961.4119
2025-07-20 11:00:00,2166.0,1989.9594
2025-07-20 12:00:00,1985.0,1950.3699
2025-07-20 13:00:00,1790.0,1831.9757
2025-07-20 14:00:00,1647.0,1674.7346
2025-07-20 15:00:00,1497.0,1521.8059
2025-07-20 16:00:00,1560.0,1539.2915
2025-07-20 17:00:00,1468.0,1499.4513
2025-07-20 18:00:00,1331.0,1336.5428
2025-07-20 19:00:00,1011.0,1188.9236
2025-07-20 20:00:00,813.0,836.2171
2025-07-20 21:00:00,644.0,698.83203
2025-07-20 22:00:00,412.0,622.2027
2025-07-20 23:00:00,293.0,579.4668
2025-07-21 00:00:00,147.0,297.86963
2025-07-21 01:00:00,73.0,328.9726
2025-07-21 02:00:00,41.0,107.18292
2025-07-21 03:00:00,47.0,129.6936
2025-07-21 04:00:00,122.0,145.73956
2025-07-21 05:00:00,464.0,328.21198
2025-07-21 06:00:00,1312.0,1184.336
2025-07-21 07:00:00,1541.0,1692.7319
2025-07-21 08:00:00,1599.0,1655.6372
2025-07-21 09:00:00,1514.0,1535.3936
2025-07-21 10:00:00,1720.0,1454.5873
2025-07-21 11:00:00,1738.0,1388.9216
2025-07-21 12:00:00,1834.0,1441.0994
2025-07-21 13:00:00,1750.0,1439.4489
2025-07-21 14:00:00,1675.0,1532.9016
2025-07-21 15:00:00,1853.0,1975.231
2025-07-21 16:00:00,2318.0,2484.5542
2025-07-21 17:00:00,2477.0,2478.5303
2025-07-21 18:00:00,1751.0,2021.0459
2025-07-21 19:00:00,1044.0,1168.4663
2025-07-21 20:00:00,724.0,848.81146
2025-07-21 21:00:00,522.0,721.45166
2025-07-21 22:00:00,392.0,608.5358
2025-07-21 23:00:00,274.0,470.04596
2025-07-22 00:00:00,144.0,279.6468
2025-07-22 01:00:00,77.0,146.07904
2025-07-22 02:00:00,57.0,114.98877
2025-07-22 03:00:00,63.0,105.98242
2025-07-22 04:00:00,107.0,131.19379
2025-07-22 05:00:00,436.0,290.40503
2025-07-22 06:00:00,1281.0,1143.2108
2025-07-22 07:00:00,1666.0,1602.4785
2025-07-22 08:00:00,1635.0,1659.4971
2025-07-22 09:00:00,1633.0,1533.9247
2025-07-22 10:00:00,1660.0,1450.0378
2025-07-22 11:00:00,1698.0,1433.4406
2025-07-22 12:00:00,1464.0,1413.8633
2025-07-22 13:00:00,1509.0,1391.3455
2025-07-22 14:00:00,1559.0,1465.2671
2025-07-22 15:00:00,1682.0,1962.547
2025-07-22 16:00:00,2269.0,2511.5903
2025-07-22 17:00:00,2482.0,2532.8022
2025-07-22 18:00:00,1960.0,1998.9868
2025-07-22 19:00:00,1140.0,1229.2482
2025-07-22 20:00:00,810.0,911.3255
2025-07-22 21:00:00,665.0,782.1621
2025-07-22 22:00:00,582.0,666.3695
2025-07-22 23:00:00,349.0,512.469
2025-07-23 00:00:00,183.0,319.7898
2025-07-23 01:00:00,85.0,162.13666
2025-07-23 02:00:00,60.0,119.911255
2025-07-23 03:00:00,56.0,116.14935
2025-07-23 04:00:00,119.0,132.7807
2025-07-23 05:00:00,415.0,310.80157
2025-07-23 06:00:00,1202.0,1061.2479
2025-07-23 07:00:00,1590.0,1713.3533
2025-07-23 08:00:00,1587.0,1708.3218
2025-07-23 09:00:00,1565.0,1594.0398
2025-07-23 10:00:00,1761.0,1502.51
2025-07-23 11:00:00,1705.0,1447.5786
2025-07-23 12:00:00,1449.0,1442.839
2025-07-23 13:00:00,1525.0,1457.4336
2025-07-23 14:00:00,1630.0,1555.9421
2025-07-23 15:00:00,1816.0,2003.2688
2025-07-23 16:00:00,2273.0,2514.2485
2025-07-23 17:00:00,2559.0,2562.044
2025-07-23 18:00:00,1826.0,2109.878
2025-07-23 19:00:00,1221.0,1318.8206
2025-07-23 20:00:00,822.0,965.28235
2025-07-23 21:00:00,662.0,858.8297
2025-07-23 22:00:00,557.0,723.3303
2025-07-23 23:00:00,420.0,564.8614
2025-07-24 00:00:00,276.0,340.6765
2025-07-24 01:00:00,86.0,173.70874
2025-07-24 02:00:00,55.0,123.79309
2025-07-24 03:00:00,63.0,101.04321
2025-07-24 04:00:00,114.0,131.04565
2025-07-24 05:00:00,389.0,291.6189
2025-07-24 06:00:00,1146.0,1116.6318
2025-07-24 07:00:00,1477.0,1660.0372
2025-07-24 08:00:00,1451.0,1610.2909
2025-07-24 09:00:00,1354.0,1542.2448
2025-07-24 10:00:00,1583.0,1568.1165
2025-07-24 11:00:00,1674.0,1538.4734
2025-07-24 12:00:00,1633.0,1554.9888
2025-07-24 13:00:00,1638.0,1629.8588
2025-07-24 14:00:00,1861.0,1870.868
2025-07-24 15:00:00,2037.0,2255.939
2025-07-24 16:00:00,2422.0,2581.4622
2025-07-24 17:00:00,2574.0,2595.022
2025-07-24 18:00:00,2072.0,2307.6958
2025-07-24 19:00:00,1307.0,1485.219
2025-07-24 20:00:00,901.0,1034.2751
2025-07-24 21:00:00,725.0,890.5796
2025-07-24 22:00:00,556.0,775.0582
2025-07-24 23:00:00,430.0,657.5659
2025-07-25 00:00:00,204.0,426.2541
2025-07-25 01:00:00,100.0,206.34644
2025-07-25 02:00:00,57.0,126.866394
2025-07-25 03:00:00,70.0,107.43671
2025-07-25 04:00:00,117.0,134.81738
2025-07-25 05:00:00,368.0,314.82257
2025-07-25 06:00:00,987.0,1103.8507
2025-07-25 07:00:00,1329.0,1633.6907
2025-07-25 08:00:00,1317.0,1644.7781
2025-07-25 09:00:00,1464.0,1623.3894
2025-07-25 10:00:00,1740.0,1626.8599
2025-07-25 11:00:00,1883.0,1660.865
2025-07-25 12:00:00,1900.0,1751.2363
2025-07-25 13:00:00,2227.0,1883.117
2025-07-25 14:00:00,2319.0,2181.7373
2025-07-25 15:00:00,2332.0,2512.562
2025-07-25 16:00:00,2637.0,2666.6326
2025-07-25 17:00:00,2515.0,2616.226
2025-07-25 18:00:00,2179.0,2402.395
2025-07-25 19:00:00,1363.0,1830.4324
2025-07-25 20:00:00,1043.0,1185.2457
2025-07-25 21:00:00,765.0,989.50616
2025-07-25 22:00:00,657.0,845.9669
2025-07-25 23:00:00,689.0,707.66907
2025-07-26 00:00:00,369.0,553.60156
2025-07-26 01:00:00,211.0,384.78302
2025-07-26 02:00:00,144.0,239.6283
2025-07-26 03:00:00,108.0,172.5805
2025-07-26 04:00:00,159.0,173.77783
2025-07-26 05:00:00,306.0,228.01526
2025-07-26 06:00:00,559.0,475.54272
2025-07-26 07:00:00,879.0,1167.939
2025-07-26 08:00:00,1357.0,1592.6086
2025-07-26 09:00:00,1959.0,2019.2098
2025-07-26 10:00:00,2426.0,2126.9177
2025-07-26 11:00:00,2538.0,2162.5327
2025-07-26 12:00:00,2293.0,2154.2114
2025-07-26 13:00:00,2103.0,2100.7046
2025-07-26 14:00:00,2005.0,1970.2976
2025-07-26 15:00:00,1802.0,1869.4087
2025-07-26 16:00:00,1656.0,1838.1
2025-07-26 17:00:00,1521.0,1671.0647
2025-07-26 18:00:00,1194.0,1433.7793
2025-07-26 19:00:00,848.0,1073.1357
2025-07-26 20:00:00,806.0,907.6975
2025-07-26 21:00:00,711.0,806.76465
2025-07-26 22:00:00,593.0,742.3177
2025-07-26 23:00:00,625.0,670.76416
2025-07-27 00:00:00,381.0,477.04572
2025-07-27 01:00:00,218.0,375.82965
2025-07-27 02:00:00,128.0,251.77045
2025-07-27 03:00:00,113.0,189.01416
2025-07-27 04:00:00,102.0,181.01721
2025-07-27 05:00:00,128.0,207.53815
2025-07-27 06:00:00,234.0,285.53577
2025-07-27 07:00:00,328.0,577.52124
2025-07-27 08:00:00,571.0,910.12036
2025-07-27 09:00:00,1158.0,1387.6577
2025-07-27 10:00:00,1581.0,1798.0951
2025-07-27 11:00:00,1919.0,1832.8843
2025-07-27 12:00:00,1972.0,1813.3411
2025-07-27 13:00:00,1782.0,1755.8062
2025-07-27 14:00:00,1647.0,1621.0361
2025-07-27 15:00:00,1627.0,1541.2318
2025-07-27 16:00:00,1454.0,1508.8611
2025-07-27 17:00:00,1460.0,1539.7402
2025-07-27 18:00:00,1107.0,1275.2323
2025-07-27 19:00:00,916.0,1115.7128
2025-07-27 20:00:00,760.0,870.596
2025-07-27 21:00:00,711.0,787.1786
2025-07-27 22:00:00,498.0,684.473
2025-07-27 23:00:00,347.0,584.3587
2025-07-28 00:00:00,201.0,285.06335
2025-07-28 01:00:00,89.0,152.92303
2025-07-28 02:00:00,55.0,110.20441
2025-07-28 03:00:00,64.0,105.98334
2025-07-28 04:00:00,105.0,207.1903
2025-07-28 05:00:00,389.0,434.95813
2025-07-28 06:00:00,1097.0,1440.8275
2025-07-28 07:00:00,1487.0,1631.3002
2025-07-28 08:00:00,1382.0,1585.958
2025-07-28 09:00:00,1366.0,1535.1598
2025-07-28 10:00:00,1760.0,1453.0542
2025-07-28 11:00:00,1871.0,1387.9342
2025-07-28 12:00:00,1775.0,1377.2738
2025-07-28 13:00:00,1699.0,1406.9379
2025-07-28 14:00:00,1699.0,1484.0385
2025-07-28 15:00:00,1750.0,2001.3573
2025-07-28 16:00:00,2252.0,2446.4531
2025-07-28 17:00:00,2354.0,2458.8943
2025-07-28 18:00:00,1605.0,1963.8809
2025-07-28 19:00:00,971.0,1208.314
2025-07-28 20:00:00,700.0,848.37067
2025-07-28 21:00:00,520.0,727.1394
2025-07-28 22:00:00,356.0,621.0864
2025-07-28 23:00:00,292.0,471.6645
2025-07-29 00:00:00,149.0,278.53778
2025-07-29 01:00:00,74.0,140.47668
2025-07-29 02:00:00,51.0,114.46521
2025-07-29 03:00:00,61.0,112.98157
2025-07-29 04:00:00,115.0,132.52216
2025-07-29 05:00:00,379.0,296.0014
2025-07-29 06:00:00,1107.0,1155.6797
2025-07-29 07:00:00,1524.0,1700.815
2025-07-29 08:00:00,1432.0,1652.9619
2025-07-29 09:00:00,1509.0,1561.0055
2025-07-29 10:00:00,1580.0,1434.8655
2025-07-29 11:00:00,1794.0,1391.991
2025-07-29 12:00:00,1559.0,1390.8353
2025-07-29 13:00:00,1524.0,1393.3293
2025-07-29 14:00:00,1569.0,1471.9379
2025-07-29 15:00:00,1729.0,1971.4404
2025-07-29 16:00:00,2271.0,2514.266
2025-07-29 17:00:00,2419.0,2525.0159
2025-07-29 18:00:00,1831.0,2042.8572
2025-07-29 19:00:00,1161.0,1221.5569
2025-07-29 20:00:00,848.0,910.14795
2025-07-29 21:00:00,671.0,779.08435
2025-07-29 22:00:00,508.0,666.9105
2025-07-29 23:00:00,348.0,513.6555
2025-07-30 00:00:00,183.0,316.54742
2025-07-30 01:00:00,83.0,156.25793
2025-07-30 02:00:00,47.0,120.3562
2025-07-30 03:00:00,46.0,115.4046
2025-07-30 04:00:00,116.0,133.52539
2025-07-30 05:00:00,376.0,303.6712
2025-07-30 06:00:00,1123.0,1110.339
2025-07-30 07:00:00,1522.0,1684.4714
2025-07-30 08:00:00,1537.0,1623.9761
2025-07-30 09:00:00,1642.0,1538.8715
2025-07-30 10:00:00,1787.0,1490.4291
2025-07-30 11:00:00,1784.0,1442.8247
2025-07-30 12:00:00,1590.0,1442.8762
2025-07-30 13:00:00,1785.0,1458.5525
2025-07-30 14:00:00,1726.0,1551.5156
2025-07-30 15:00:00,1887.0,2019.0283
2025-07-30 16:00:00,2334.0,2523.6187
2025-07-30 17:00:00,2413.0,2566.8828
2025-07-30 18:00:00,2012.0,2404.8047
2025-07-30 19:00:00,1356.0,1339.2045
2025-07-30 20:00:00,886.0,936.162
2025-07-30 21:00:00,739.0,851.46875
2025-07-30 22:00:00,505.0,719.98645
2025-07-30 23:00:00,365.0,574.2688
2025-07-31 00:00:00,204.0,372.2962
2025-07-31 01:00:00,81.0,170.94965
2025-07-31 02:00:00,59.0,105.0741
2025-07-31 03:00:00,56.0,99.223206
2025-07-31 04:00:00,127.0,118.85986
2025-07-31 05:00:00,353.0,284.37286
2025-07-31 06:00:00,968.0,1110.3964
2025-07-31 07:00:00,1431.0,1658.8893
2025-07-31 08:00:00,1430.0,1633.5472
2025-07-31 09:00:00,1728.0,1607.3042
2025-07-31 10:00:00,2019.0,1555.8052
2025-07-31 11:00:00,2091.0,1542.9637
2025-07-31 12:00:00,2165.0,1550.1484
2025-07-31 13:00:00,2168.0,1632.7666
2025-07-31 14:00:00,2122.0,1867.0608
2025-07-31 15:00:00,2394.0,2247.2412
2025-07-31 16:00:00,2759.0,2571.474
2025-07-31 17:00:00,2862.0,2587.1296
2025-07-31 18:00:00,2341.0,2310.7754
2025-07-31 19:00:00,1644.0,1460.2637
2025-07-31 20:00:00,1175.0,1032.8242
2025-07-31 21:00:00,820.0,912.38403
2025-07-31 22:00:00,625.0,803.5464
2025-07-31 23:00:00,516.0,678.2311
2025-08-01 00:00:00,309.0,636.17944
2025-08-01 01:00:00,196.0,508.22894
2025-08-01 02:00:00,125.0,419.02484
2025-08-01 03:00:00,113.0,371.6186
2025-08-01 04:00:00,123.0,365.11792
2025-08-01 05:00:00,217.0,368.77612
2025-08-01 06:00:00,346.0,573.98846
2025-08-01 07:00:00,611.0,1110.2784
2025-08-01 08:00:00,1068.0,1664.6719
2025-08-01 09:00:00,1747.0,1928.8047
2025-08-01 10:00:00,1981.0,1972.9868
2025-08-01 11:00:00,1806.0,2040.5444
2025-08-01 12:00:00,1501.0,2026.8948
2025-08-01 13:00:00,1411.0,2010.0946
2025-08-01 14:00:00,1485.0,1979.4479
2025-08-01 15:00:00,1452.0,1957.5823
2025-08-01 16:00:00,1362.0,1894.4324
2025-08-01 17:00:00,1130.0,1778.842
2025-08-01 18:00:00,869.0,1469.6093
2025-08-01 19:00:00,602.0,1220.3314
2025-08-01 20:00:00,527.0,1037.6221
2025-08-01 21:00:00,561.0,941.5205
2025-08-01 22:00:00,633.0,833.8436
2025-08-01 23:00:00,617.0,748.895
2025-08-02 00:00:00,424.0,528.9881
2025-08-02 01:00:00,211.0,374.21973
2025-08-02 02:00:00,122.0,228.23029
2025-08-02 03:00:00,101.0,160.80249
2025-08-02 04:00:00,134.0,191.18738
2025-08-02 05:00:00,194.0,269.786
2025-08-02 06:00:00,295.0,496.52295
2025-08-02 07:00:00,466.0,744.42395
2025-08-02 08:00:00,857.0,1328.1481
2025-08-02 09:00:00,1350.0,1868.0669
2025-08-02 10:00:00,1841.0,2102.0981
2025-08-02 11:00:00,2150.0,2146.3435
2025-08-02 12:00:00,1981.0,2130.8665
2025-08-02 13:00:00,2049.0,2060.4575
2025-08-02 14:00:00,1892.0,1949.4448
2025-08-02 15:00:00,1755.0,1847.5195
2025-08-02 16:00:00,1500.0,1754.0859
2025-08-02 17:00:00,1405.0,1621.2618
2025-08-02 18:00:00,1152.0,1402.6621
2025-08-02 19:00:00,860.0,1111.4227
2025-08-02 20:00:00,688.0,891.2286
2025-08-02 21:00:00,590.0,804.6809
2025-08-02 22:00:00,555.0,745.3233
2025-08-02 23:00:00,834.0,674.4066
2025-08-03 00:00:00,506.0,481.2768
2025-08-03 01:00:00,244.0,379.18304
2025-08-03 02:00:00,139.0,250.1867
2025-08-03 03:00:00,109.0,182.11249
2025-08-03 04:00:00,115.0,176.44714
2025-08-03 05:00:00,138.0,190.74512
2025-08-03 06:00:00,179.0,275.29553
2025-08-03 07:00:00,311.0,532.0247
2025-08-03 08:00:00,664.0,820.72754
2025-08-03 09:00:00,1166.0,1317.4739
2025-08-03 10:00:00,1596.0,1811.3152
2025-08-03 11:00:00,1879.0,1809.6296
2025-08-03 12:00:00,1889.0,1821.8057
2025-08-03 13:00:00,1811.0,1769.0105
2025-08-03 14:00:00,1644.0,1610.2094
2025-08-03 15:00:00,1586.0,1505.2515
2025-08-03 16:00:00,1465.0,1489.8878
2025-08-03 17:00:00,1366.0,1506.905
2025-08-03 18:00:00,1184.0,1289.804
2025-08-03 19:00:00,1008.0,1106.6697
2025-08-03 20:00:00,995.0,887.4906
2025-08-03 21:00:00,777.0,791.96564
2025-08-03 22:00:00,483.0,679.9844
2025-08-03 23:00:00,676.0,576.1037
2025-08-04 00:00:00,256.0,263.909
2025-08-04 01:00:00,103.0,145.55145
2025-08-04 02:00:00,49.0,103.06329
2025-08-04 03:00:00,46.0,106.48883
2025-08-04 04:00:00,121.0,137.47217
2025-08-04 05:00:00,431.0,284.92596
2025-08-04 06:00:00,1166.0,1135.63
2025-08-04 07:00:00,1633.0,1686.8193
2025-08-04 08:00:00,1552.0,1654.541
2025-08-04 09:00:00,1537.0,1536.3967
2025-08-04 10:00:00,1746.0,1452.7211
2025-08-04 11:00:00,1809.0,1404.4924
2025-08-04 12:00:00,1783.0,1384.1769
2025-08-04 13:00:00,1675.0,1427.4663
2025-08-04 14:00:00,1802.0,1510.3717
2025-08-04 15:00:00,1769.0,1986.6565
2025-08-04 16:00:00,2258.0,2459.5957
2025-08-04 17:00:00,2433.0,2440.2625
2025-08-04 18:00:00,1878.0,1967.5178
2025-08-04 19:00:00,1077.0,1079.033
2025-08-04 20:00:00,779.0,824.92163
2025-08-04 21:00:00,573.0,704.4901
2025-08-04 22:00:00,479.0,602.0654
2025-08-04 23:00:00,270.0,452.52203
2025-08-05 00:00:00,167.0,257.7049
2025-08-05 01:00:00,78.0,133.53845
2025-08-05 02:00:00,54.0,107.849365
2025-08-05 03:00:00,54.0,108.143616
2025-08-05 04:00:00,115.0,125.28418
2025-08-05 05:00:00,385.0,295.71045
2025-08-05 06:00:00,1175.0,1054.3347
2025-08-05 07:00:00,1653.0,1677.9752
2025-08-05 08:00:00,1558.0,1647.8909
2025-08-05 09:00:00,1616.0,1514.5912
2025-08-05 10:00:00,1644.0,1428.9417
2025-08-05 11:00:00,1653.0,1417.0784
2025-08-05 12:00:00,1497.0,1384.301
2025-08-05 13:00:00,1572.0,1412.8877
2025-08-05 14:00:00,1627.0,1463.952
2025-08-05 15:00:00,1767.0,1916.0437
2025-08-05 16:00:00,2297.0,2463.2979
2025-08-05 17:00:00,2512.0,2503.588
2025-08-05 18:00:00,1951.0,1909.9475
2025-08-05 19:00:00,1162.0,1200.3625
2025-08-05 20:00:00,814.0,890.0718
2025-08-05 21:00:00,689.0,767.5377
2025-08-05 22:00:00,509.0,650.94305
2025-08-05 23:00:00,344.0,493.0345
2025-08-06 00:00:00,169.0,292.91797
2025-08-06 01:00:00,85.0,148.9104
2025-08-06 02:00:00,51.0,114.05951
2025-08-06 03:00:00,55.0,111.0719
2025-08-06 04:00:00,112.0,125.90216
2025-08-06 05:00:00,378.0,273.1283
2025-08-06 06:00:00,1124.0,1030.8784
2025-08-06 07:00:00,1608.0,1712.7341
2025-08-06 08:00:00,1664.0,1637.4795
2025-08-06 09:00:00,1789.0,1526.6699
2025-08-06 10:00:00,1829.0,1515.1592
2025-08-06 11:00:00,1736.0,1483.3506
2025-08-06 12:00:00,1599.0,1472.8302
2025-08-06 13:00:00,1564.0,1472.7358
2025-08-06 14:00:00,1664.0,1540.38
2025-08-06 15:00:00,1873.0,1982.0072
2025-08-06 16:00:00,2485.0,2490.4685
2025-08-06 17:00:00,2550.0,2543.8047
2025-08-06 18:00:00,2122.0,2039.3757
2025-08-06 19:00:00,1279.0,1274.4417
2025-08-06 20:00:00,833.0,940.85925
2025-08-06 21:00:00,705.0,840.3006
2025-08-06 22:00:00,611.0,731.46326
2025-08-06 23:00:00,422.0,551.71985
2025-08-07 00:00:00,210.0,341.675
2025-08-07 01:00:00,125.0,164.28577
2025-08-07 02:00:00,58.0,114.49066
2025-08-07 03:00:00,68.0,99.106384
2025-08-07 04:00:00,121.0,117.550476
2025-08-07 05:00:00,425.0,260.06476
2025-08-07 06:00:00,1193.0,989.3646
2025-08-07 07:00:00,1705.0,1690.0234
2025-08-07 08:00:00,1738.0,1711.5271
2025-08-07 09:00:00,1806.0,1622.1595
2025-08-07 10:00:00,2004.0,1561.5806
2025-08-07 11:00:00,1750.0,1579.5797
2025-08-07 12:00:00,1731.0,1581.8606
2025-08-07 13:00:00,1662.0,1633.5819
2025-08-07 14:00:00,1777.0,1779.3895
2025-08-07 15:00:00,1911.0,2180.1162
2025-08-07 16:00:00,2430.0,2533.726
2025-08-07 17:00:00,2494.0,2537.4424
2025-08-07 18:00:00,2143.0,2177.9429
2025-08-07 19:00:00,1408.0,1346.5088
2025-08-07 20:00:00,941.0,1008.536
2025-08-07 21:00:00,833.0,892.4749
2025-08-07 22:00:00,649.0,787.29956
2025-08-07 23:00:00,456.0,651.88855
2025-08-08 00:00:00,258.0,392.0675
2025-08-08 01:00:00,119.0,184.33557
2025-08-08 02:00:00,86.0,118.99982
2025-08-08 03:00:00,62.0,101.51453
2025-08-08 04:00:00,125.0,122.36218
2025-08-08 05:00:00,379.0,236.30109
2025-08-08 06:00:00,1067.0,935.78864
2025-08-08 07:00:00,1490.0,1611.2329
2025-08-08 08:00:00,1765.0,1732.6923
2025-08-08 09:00:00,1899.0,1691.0021
2025-08-08 10:00:00,2217.0,1677.5908
2025-08-08 11:00:00,2093.0,1690.3982
2025-08-08 12:00:00,2141.0,1752.2039
2025-08-08 13:00:00,2090.0,1872.005
2025-08-08 14:00:00,2259.0,2129.9753
2025-08-08 15:00:00,2322.0,2454.3438
2025-08-08 16:00:00,2756.0,2604.9573
2025-08-08 17:00:00,2581.0,2568.0806
2025-08-08 18:00:00,2176.0,2312.3179
2025-08-08 19:00:00,1582.0,1741.9905
2025-08-08 20:00:00,1155.0,1122.8433
2025-08-08 21:00:00,932.0,955.5182
2025-08-08 22:00:00,881.0,817.95386
2025-08-08 23:00:00,711.0,678.0634
2025-08-09 00:00:00,444.0,536.757
2025-08-09 01:00:00,229.0,368.96332
2025-08-09 02:00:00,140.0,233.5061
2025-08-09 03:00:00,116.0,172.80597
2025-08-09 04:00:00,133.0,171.3216
2025-08-09 05:00:00,207.0,219.05164
2025-08-09 06:00:00,531.0,519.37726
2025-08-09 07:00:00,1180.0,1152.1191
2025-08-09 08:00:00,1879.0,1709.1414
2025-08-09 09:00:00,1158.0,2056.5608
2025-08-09 10:00:00,2481.0,2179.415
2025-08-09 11:00:00,1944.0,2224.686
2025-08-09 12:00:00,2205.0,2217.416
2025-08-09 13:00:00,2030.0,2140.5378
2025-08-09 14:00:00,1852.0,2002.759
2025-08-09 15:00:00,1733.0,1856.3668
2025-08-09 16:00:00,1582.0,1726.4929
2025-08-09 17:00:00,1472.0,1579.2
2025-08-09 18:00:00,1170.0,1376.695
2025-08-09 19:00:00,960.0,1108.397
2025-08-09 20:00:00,852.0,886.61145
2025-08-09 21:00:00,855.0,805.0342
2025-08-09 22:00:00,797.0,729.2859
2025-08-09 23:00:00,728.0,648.2018
2025-08-10 00:00:00,587.0,462.6504
2025-08-10 01:00:00,348.0,371.6183
2025-08-10 02:00:00,214.0,251.91632
2025-08-10 03:00:00,169.0,197.5263
2025-08-10 04:00:00,146.0,184.47772
2025-08-10 05:00:00,195.0,210.37592
2025-08-10 06:00:00,316.0,302.167
2025-08-10 07:00:00,625.0,525.9097
2025-08-10 08:00:00,1149.0,955.93744
2025-08-10 09:00:00,1781.0,1536.1545
2025-08-10 10:00:00,2071.0,1891.7273
2025-08-10 11:00:00,2212.0,1960.3
2025-08-10 12:00:00,2053.0,1910.0525
2025-08-10 13:00:00,1968.0,1797.3921
2025-08-10 14:00:00,1775.0,1653.1548
2025-08-10 15:00:00,1585.0,1531.4137
2025-08-10 16:00:00,1496.0,1487.5355
2025-08-10 17:00:00,1526.0,1450.68
2025-08-10 18:00:00,1340.0,1250.0873
2025-08-10 19:00:00,1146.0,1092.0486
2025-08-10 20:00:00,1011.0,888.70557
2025-08-10 21:00:00,908.0,791.63654
2025-08-10 22:00:00,620.0,669.9641
2025-08-10 23:00:00,387.0,560.4326
2025-08-11 00:00:00,179.0,264.5193
2025-08-11 01:00:00,86.0,146.62817
2025-08-11 02:00:00,60.0,101.89856
2025-08-11 03:00:00,61.0,109.957214
2025-08-11 04:00:00,132.0,139.44415
2025-08-11 05:00:00,500.0,292.6222
2025-08-11 06:00:00,1290.0,1076.287
2025-08-11 07:00:00,1859.0,1702.0082
2025-08-11 08:00:00,1734.0,1713.4001
2025-08-11 09:00:00,1768.0,1616.5127
2025-08-11 10:00:00,1811.0,1536.5483
2025-08-11 11:00:00,1697.0,1476.1138
2025-08-11 12:00:00,1584.0,1435.6558
2025-08-11 13:00:00,1519.0,1425.7747
2025-08-11 14:00:00,1573.0,1506.144
2025-08-11 15:00:00,1771.0,1916.9182
2025-08-11 16:00:00,2302.0,2381.5674
2025-08-11 17:00:00,2537.0,2404.3652
2025-08-11 18:00:00,2042.0,1869.8972
2025-08-11 19:00:00,1146.0,1148.1326
2025-08-11 20:00:00,771.0,823.21814
2025-08-11 21:00:00,656.0,693.5824
2025-08-11 22:00:00,481.0,593.59937
2025-08-11 23:00:00,304.0,448.61536
2025-08-12 00:00:00,245.0,256.69434
2025-08-12 01:00:00,87.0,136.90332
2025-08-12 02:00:00,46.0,107.089905
2025-08-12 03:00:00,66.0,108.49762
2025-08-12 04:00:00,115.0,127.84961
2025-08-12 05:00:00,447.0,282.9447
2025-08-12 06:00:00,1350.0,971.10754
2025-08-12 07:00:00,1833.0,1668.7104
2025-08-12 08:00:00,1789.0,1713.3217
2025-08-12 09:00:00,1778.0,1610.3519
2025-08-12 10:00:00,1717.0,1502.2216
2025-08-12 11:00:00,1670.0,1443.9922
2025-08-12 12:00:00,1505.0,1413.9727
2025-08-12 13:00:00,1556.0,1415.792
2025-08-12 14:00:00,1668.0,1475.2115
2025-08-12 15:00:00,1961.0,1865.4912
2025-08-12 16:00:00,2609.0,2393.6
2025-08-12 17:00:00,2789.0,2442.3066
2025-08-12 18:00:00,2103.0,1821.2698
2025-08-12 19:00:00,1187.0,1199.5684
2025-08-12 20:00:00,987.0,888.1498
2025-08-12 21:00:00,872.0,766.0862
2025-08-12 22:00:00,649.0,650.7717
2025-08-12 23:00:00,365.0,489.0241
2025-08-13 00:00:00,295.0,291.6081
2025-08-13 01:00:00,110.0,151.83307
2025-08-13 02:00:00,60.0,115.13336
2025-08-13 03:00:00,51.0,111.19531
2025-08-13 04:00:00,132.0,129.36078
2025-08-13 05:00:00,443.0,279.66992
2025-08-13 06:00:00,1380.0,957.49084
2025-08-13 07:00:00,1807.0,1679.5994
2025-08-13 08:00:00,1851.0,1710.7714
2025-08-13 09:00:00,1701.0,1598.319
2025-08-13 10:00:00,1796.0,1520.1501
2025-08-13 11:00:00,1645.0,1486.51
2025-08-13 12:00:00,1624.0,1477.5778
2025-08-13 13:00:00,1624.0,1483.6571
2025-08-13 14:00:00,1821.0,1554.9111
2025-08-13 15:00:00,1968.0,1903.8595
2025-08-13 16:00:00,2588.0,2416.3955
2025-08-13 17:00:00,2791.0,2488.469
2025-08-13 18:00:00,2188.0,1978.1829
2025-08-13 19:00:00,1320.0,1274.1945
2025-08-13 20:00:00,862.0,941.82043
2025-08-13 21:00:00,815.0,841.3828
2025-08-13 22:00:00,638.0,730.46606
2025-08-13 23:00:00,398.0,542.92334
2025-08-14 00:00:00,176.0,339.72534
2025-08-14 01:00:00,101.0,169.0863
2025-08-14 02:00:00,61.0,114.45715
2025-08-14 03:00:00,59.0,107.04474
2025-08-14 04:00:00,121.0,127.68634
2025-08-14 05:00:00,428.0,286.6994
2025-08-14 06:00:00,1351.0,911.9663
2025-08-14 07:00:00,1794.0,1638.0696
2025-08-14 08:00:00,1882.0,1717.897
2025-08-14 09:00:00,1704.0,1643.5028
2025-08-14 10:00:00,1959.0,1610.8606
2025-08-14 11:00:00,1925.0,1589.8125
2025-08-14 12:00:00,1387.0,1601.7194
2025-08-14 13:00:00,1821.0,1636.4321
2025-08-14 14:00:00,1957.0,1776.3906
2025-08-14 15:00:00,2199.0,2154.5396
2025-08-14 16:00:00,2707.0,2502.8809
2025-08-14 17:00:00,3026.0,2519.017
2025-08-14 18:00:00,2423.0,2169.8833
2025-08-14 19:00:00,1662.0,1396.771
2025-08-14 20:00:00,1211.0,1009.4038
2025-08-14 21:00:00,972.0,888.93335
2025-08-14 22:00:00,772.0,783.56647
2025-08-14 23:00:00,570.0,647.0603
2025-08-15 00:00:00,249.0,638.0969
2025-08-15 01:00:00,127.0,513.71924
2025-08-15 02:00:00,73.0,426.5822
2025-08-15 03:00:00,74.0,378.68384
2025-08-15 04:00:00,136.0,370.1853
2025-08-15 05:00:00,380.0,399.66583
2025-08-15 06:00:00,1005.0,641.1716
2025-08-15 07:00:00,1461.0,1242.6564
2025-08-15 08:00:00,1947.0,1707.1917
2025-08-15 09:00:00,2181.0,1971.6901
2025-08-15 10:00:00,2365.0,2043.6755
2025-08-15 11:00:00,2313.0,2061.7268
2025-08-15 12:00:00,2233.0,2058.0408
2025-08-15 13:00:00,2102.0,2039.5457
2025-08-15 14:00:00,2359.0,2011.7095
2025-08-15 15:00:00,2492.0,1968.436
2025-08-15 16:00:00,2721.0,1947.9712
2025-08-15 17:00:00,2681.0,1775.1267
2025-08-15 18:00:00,2208.0,1472.2893
2025-08-15 19:00:00,1606.0,1261.0273
2025-08-15 20:00:00,1091.0,1063.4618
2025-08-15 21:00:00,890.0,943.39606
2025-08-15 22:00:00,823.0,862.53766
2025-08-15 23:00:00,686.0,783.32007
2025-08-16 00:00:00,459.0,532.5446
2025-08-16 01:00:00,238.0,367.71442
2025-08-16 02:00:00,172.0,233.92407
2025-08-16 03:00:00,96.0,174.82434
2025-08-16 04:00:00,99.0,174.19934
2025-08-16 05:00:00,224.0,214.0788
2025-08-16 06:00:00,518.0,464.771
2025-08-16 07:00:00,1040.0,1137.189
2025-08-16 08:00:00,1670.0,1568.7706
2025-08-16 09:00:00,2182.0,1977.1804
2025-08-16 10:00:00,2341.0,2180.398
2025-08-16 11:00:00,2395.0,2202.9045
2025-08-16 12:00:00,2025.0,2171.0366
2025-08-16 13:00:00,2016.0,2146.52
2025-08-16 14:00:00,2001.0,2011.8152
2025-08-16 15:00:00,1944.0,1859.4985
2025-08-16 16:00:00,1771.0,1719.5616
2025-08-16 17:00:00,1662.0,1620.5171
2025-08-16 18:00:00,1411.0,1414.5128
2025-08-16 19:00:00,1108.0,1124.5574
2025-08-16 20:00:00,870.0,886.2461
2025-08-16 21:00:00,919.0,806.2942
2025-08-16 22:00:00,848.0,733.92615
2025-08-16 23:00:00,850.0,652.047
2025-08-17 00:00:00,562.0,466.6062
2025-08-17 01:00:00,294.0,372.51605
2025-08-17 02:00:00,186.0,251.92523
2025-08-17 03:00:00,109.0,195.56696
2025-08-17 04:00:00,131.0,184.03607
2025-08-17 05:00:00,265.0,206.25146
2025-08-17 06:00:00,347.0,283.71613
2025-08-17 07:00:00,573.0,529.24194
2025-08-17 08:00:00,1059.0,830.0791
2025-08-17 09:00:00,1718.0,1435.9872
2025-08-17 10:00:00,2027.0,1812.4934
2025-08-17 11:00:00,2220.0,1925.6072
2025-08-17 12:00:00,2028.0,1871.2861
2025-08-17 13:00:00,1970.0,1791.5895
2025-08-17 14:00:00,1921.0,1611.6959
2025-08-17 15:00:00,1757.0,1518.0297
2025-08-17 16:00:00,1617.0,1489.6537
2025-08-17 17:00:00,1651.0,1463.6948
2025-08-17 18:00:00,1405.0,1269.9438
2025-08-17 19:00:00,1303.0,1116.9314
2025-08-17 20:00:00,1119.0,889.8296
2025-08-17 21:00:00,938.0,792.26196
2025-08-17 22:00:00,638.0,675.73157
2025-08-17 23:00:00,329.0,569.61316
2025-08-18 00:00:00,163.0,261.60022
2025-08-18 01:00:00,154.0,144.67065
2025-08-18 02:00:00,55.0,101.28296
2025-08-18 03:00:00,60.0,106.826355
2025-08-18 04:00:00,149.0,137.49475
2025-08-18 05:00:00,484.0,285.4845
2025-08-18 06:00:00,1477.0,1092.8226
2025-08-18 07:00:00,1934.0,1706.9758
2025-08-18 08:00:00,1819.0,1714.2725
2025-08-18 09:00:00,1746.0,1614.3588
2025-08-18 10:00:00,1787.0,1534.82
2025-08-18 11:00:00,1690.0,1475.1912
2025-08-18 12:00:00,1536.0,1433.464
2025-08-18 13:00:00,1590.0,1423.8394
2025-08-18 14:00:00,1649.0,1500.9001
2025-08-18 15:00:00,1884.0,1912.516
2025-08-18 16:00:00,2450.0,2394.857
2025-08-18 17:00:00,2717.0,2411.912
2025-08-18 18:00:00,2126.0,1908.7949
2025-08-18 19:00:00,1217.0,1131.4948
2025-08-18 20:00:00,897.0,820.40674
2025-08-18 21:00:00,640.0,695.91974
2025-08-18 22:00:00,524.0,595.7384
2025-08-18 23:00:00,332.0,447.83966
2025-08-19 00:00:00,152.0,255.42242
2025-08-19 01:00:00,78.0,134.57751
2025-08-19 02:00:00,49.0,106.47101
2025-08-19 03:00:00,47.0,107.66205
2025-08-19 04:00:00,115.0,124.72986
2025-08-19 05:00:00,437.0,281.2751
2025-08-19 06:00:00,1438.0,1022.4131
2025-08-19 07:00:00,1881.0,1680.6628
2025-08-19 08:00:00,1945.0,1714.6434
2025-08-19 09:00:00,1586.0,1610.2311
2025-08-19 10:00:00,1707.0,1499.9666
2025-08-19 11:00:00,1650.0,1443.4941
2025-08-19 12:00:00,1524.0,1413.2263
2025-08-19 13:00:00,1511.0,1412.3835
2025-08-19 14:00:00,1600.0,1463.5293
2025-08-19 15:00:00,1933.0,1872.5837
2025-08-19 16:00:00,2631.0,2408.457
2025-08-19 17:00:00,2787.0,2471.0735
2025-08-19 18:00:00,2300.0,1891.7933
2025-08-19 19:00:00,1444.0,1968.0793
2025-08-19 20:00:00,988.0,887.25
2025-08-19 21:00:00,754.0,764.3273
2025-08-19 22:00:00,705.0,649.17914
2025-08-19 23:00:00,366.0,489.44702
2025-08-20 00:00:00,165.0,289.45264
2025-08-20 01:00:00,85.0,149.44464
2025-08-20 02:00:00,44.0,114.244934
2025-08-20 03:00:00,53.0,110.630615
2025-08-20 04:00:00,103.0,128.07385
2025-08-20 05:00:00,425.0,292.36102
2025-08-20 06:00:00,1394.0,1049.9712
2025-08-20 07:00:00,1843.0,1670.3094
2025-08-20 08:00:00,1798.0,1630.0496
2025-08-20 09:00:00,1548.0,1533.3845
2025-08-20 10:00:00,1544.0,1464.0063
2025-08-20 11:00:00,1609.0,1437.463
2025-08-20 12:00:00,1613.0,1437.6967
2025-08-20 13:00:00,1676.0,1451.3049
2025-08-20 14:00:00,1776.0,1528.2131
2025-08-20 15:00:00,1976.0,1959.9232
2025-08-20 16:00:00,2179.0,2493.086
2025-08-20 17:00:00,2151.0,2548.333
2025-08-20 18:00:00,2655.0,2084.8403
2025-08-20 19:00:00,1753.0,1269.5839
2025-08-20 20:00:00,951.0,1205.0836
2025-08-20 21:00:00,768.0,832.82184
2025-08-20 22:00:00,640.0,707.4686
2025-08-20 23:00:00,375.0,574.386
2025-08-21 00:00:00,221.0,319.5345
2025-08-21 01:00:00,90.0,153.80444
2025-08-21 02:00:00,55.0,92.960205
2025-08-21 03:00:00,58.0,94.604126
2025-08-21 04:00:00,114.0,114.20618
2025-08-21 05:00:00,436.0,274.89868
2025-08-21 06:00:00,1352.0,994.70624
2025-08-21 07:00:00,1839.0,1634.4597
2025-08-21 08:00:00,1896.0,1632.053
2025-08-21 09:00:00,1573.0,1557.6989
2025-08-21 10:00:00,1638.0,1522.2695
2025-08-21 11:00:00,1645.0,1532.0227
2025-08-21 12:00:00,1587.0,1555.984
2025-08-21 13:00:00,1666.0,1624.2312
2025-08-21 14:00:00,1729.0,1793.437
2025-08-21 15:00:00,2044.0,2230.655
2025-08-21 16:00:00,2619.0,2572.9788
2025-08-21 17:00:00,2657.0,2581.6387
2025-08-21 18:00:00,2209.0,2255.1953
2025-08-21 19:00:00,1509.0,1310.3353
2025-08-21 20:00:00,1026.0,990.6952
2025-08-21 21:00:00,855.0,874.6405
2025-08-21 22:00:00,712.0,763.06177
2025-08-21 23:00:00,439.0,615.0865
2025-08-22 00:00:00,227.0,387.1258
2025-08-22 01:00:00,107.0,181.46808
2025-08-22 02:00:00,66.0,114.70862
2025-08-22 03:00:00,51.0,98.07379
2025-08-22 04:00:00,134.0,119.247314
2025-08-22 05:00:00,425.0,228.30139
2025-08-22 06:00:00,1273.0,999.72375
2025-08-22 07:00:00,1786.0,1602.488
2025-08-22 08:00:00,1787.0,1641.1304
2025-08-22 09:00:00,1874.0,1650.1528
2025-08-22 10:00:00,1943.0,1639.654
2025-08-22 11:00:00,2014.0,1659.3523
2025-08-22 12:00:00,1940.0,1727.1416
2025-08-22 13:00:00,2190.0,1854.1279
2025-08-22 14:00:00,2308.0,2147.0793
2025-08-22 15:00:00,2598.0,2488.3723
2025-08-22 16:00:00,2935.0,2628.671
2025-08-22 17:00:00,2977.0,2583.374
2025-08-22 18:00:00,2529.0,2349.3948
2025-08-22 19:00:00,2022.0,1757.2856
2025-08-22 20:00:00,1296.0,1134.3737
2025-08-22 21:00:00,1066.0,952.3961
2025-08-22 22:00:00,878.0,816.781
2025-08-22 23:00:00,795.0,677.80835
2025-08-23 00:00:00,444.0,545.6634
2025-08-23 01:00:00,274.0,371.325
2025-08-23 02:00:00,185.0,231.2818
2025-08-23 03:00:00,134.0,167.91754
2025-08-23 04:00:00,122.0,166.90009
2025-08-23 05:00:00,194.0,208.07764
2025-08-23 06:00:00,460.0,423.97784
2025-08-23 07:00:00,1002.0,1068.9579
2025-08-23 08:00:00,1727.0,1523.136
2025-08-23 09:00:00,2399.0,1991.2402
2025-08-23 10:00:00,2515.0,2121.9956
2025-08-23 11:00:00,2432.0,2158.8364
2025-08-23 12:00:00,2188.0,2151.608
2025-08-23 13:00:00,2303.0,2109.2854
2025-08-23 14:00:00,2168.0,2000.0303
2025-08-23 15:00:00,2061.0,1810.0178
2025-08-23 16:00:00,1899.0,1715.0237
2025-08-23 17:00:00,1823.0,1610.6603
2025-08-23 18:00:00,1598.0,1398.5718
2025-08-23 19:00:00,1211.0,1107.9119
2025-08-23 20:00:00,1127.0,887.63055
2025-08-23 21:00:00,1084.0,805.3981
2025-08-23 22:00:00,972.0,742.7388
2025-08-23 23:00:00,912.0,666.79706
2025-08-24 00:00:00,598.0,476.1469
2025-08-24 01:00:00,389.0,377.02112
2025-08-24 02:00:00,260.0,245.97638
2025-08-24 03:00:00,178.0,186.55457
2025-08-24 04:00:00,141.0,176.7359
2025-08-24 05:00:00,146.0,197.88794
2025-08-24 06:00:00,333.0,292.20032
2025-08-24 07:00:00,683.0,531.7169
2025-08-24 08:00:00,1345.0,993.556
2025-08-24 09:00:00,2231.0,1612.695
2025-08-24 10:00:00,2394.0,1925.7607
2025-08-24 11:00:00,2504.0,1967.7058
2025-08-24 12:00:00,2178.0,1913.3738
2025-08-24 13:00:00,2039.0,1737.5276
2025-08-24 14:00:00,1838.0,1613.488
2025-08-24 15:00:00,1754.0,1499.0796
2025-08-24 16:00:00,1827.0,1491.489
2025-08-24 17:00:00,1823.0,1466.8285
2025-08-24 18:00:00,1639.0,1287.5996
2025-08-24 19:00:00,1369.0,1106.585
2025-08-24 20:00:00,1232.0,890.2645
2025-08-24 21:00:00,986.0,794.3225
2025-08-24 22:00:00,685.0,683.5764
2025-08-24 23:00:00,404.0,577.1863
2025-08-25 00:00:00,166.0,259.3698
2025-08-25 01:00:00,82.0,141.58698
2025-08-25 02:00:00,42.0,100.94415
2025-08-25 03:00:00,52.0,102.726074
2025-08-25 04:00:00,125.0,135.33374
2025-08-25 05:00:00,504.0,283.42212
2025-08-25 06:00:00,1522.0,1133.9592
2025-08-25 07:00:00,1975.0,1715.5442
2025-08-25 08:00:00,1965.0,1712.4248
2025-08-25 09:00:00,1860.0,1611.8575
2025-08-25 10:00:00,1999.0,1532.805
2025-08-25 11:00:00,1850.0,1473.7279
2025-08-25 12:00:00,1683.0,1429.5725
2025-08-25 13:00:00,1537.0,1422.8904
2025-08-25 14:00:00,1665.0,1495.2708
2025-08-25 15:00:00,1676.0,1917.3049
2025-08-25 16:00:00,2576.0,2406.8433
2025-08-25 17:00:00,2709.0,2418.893
2025-08-25 18:00:00,2042.0,1883.8458
2025-08-25 19:00:00,1317.0,1135.2861
2025-08-25 20:00:00,878.0,819.2722
2025-08-25 21:00:00,742.0,698.5492
2025-08-25 22:00:00,607.0,598.11835
2025-08-25 23:00:00,358.0,447.56476
2025-08-26 00:00:00,159.0,253.39703
2025-08-26 01:00:00,91.0,131.66608
2025-08-26 02:00:00,51.0,105.871155
2025-08-26 03:00:00,56.0,106.83069
2025-08-26 04:00:00,111.0,123.85156
2025-08-26 05:00:00,473.0,281.73474
2025-08-26 06:00:00,1484.0,1017.6166
2025-08-26 07:00:00,1960.0,1680.6545
2025-08-26 08:00:00,2008.0,1715.1777
2025-08-26 09:00:00,1969.0,1610.0176
2025-08-26 10:00:00,1738.0,1498.4858
2025-08-26 11:00:00,1639.0,1442.6571
2025-08-26 12:00:00,1544.0,1412.1372
2025-08-26 13:00:00,1727.0,1410.969
2025-08-26 14:00:00,1722.0,1455.2109
2025-08-26 15:00:00,1943.0,1881.0624
2025-08-26 16:00:00,2660.0,2426.7534
2025-08-26 17:00:00,2807.0,2489.33
2025-08-26 18:00:00,2302.0,1895.8787
2025-08-26 19:00:00,1427.0,1192.0901
2025-08-26 20:00:00,973.0,885.6498
2025-08-26 21:00:00,822.0,762.8872
2025-08-26 22:00:00,694.0,648.13544
2025-08-26 23:00:00,360.0,478.24805
2025-08-27 00:00:00,146.0,268.59973
2025-08-27 01:00:00,94.0,124.83179
2025-08-27 02:00:00,53.0,113.40485
2025-08-27 03:00:00,40.0,109.9176
2025-08-27 04:00:00,119.0,123.21777
2025-08-27 05:00:00,458.0,272.80347
2025-08-27 06:00:00,1467.0,1047.8323
2025-08-27 07:00:00,1829.0,1703.7452
2025-08-27 08:00:00,1953.0,1707.7278
2025-08-27 09:00:00,1669.0,1531.3362
2025-08-27 10:00:00,1804.0,1500.0597
2025-08-27 11:00:00,1707.0,1484.3602
2025-08-27 12:00:00,1786.0,1469.0348
2025-08-27 13:00:00,1763.0,1447.9445
2025-08-27 14:00:00,1897.0,1540.9603
2025-08-27 15:00:00,1993.0,1957.6921
2025-08-27 16:00:00,2677.0,2491.212
2025-08-27 17:00:00,2705.0,2547.4805
2025-08-27 18:00:00,2233.0,2042.5295
2025-08-27 19:00:00,1472.0,1268.6826
2025-08-27 20:00:00,1044.0,935.27795
2025-08-27 21:00:00,862.0,837.46124
2025-08-27 22:00:00,687.0,727.3975
2025-08-27 23:00:00,406.0,544.6672
2025-08-28 00:00:00,180.0,333.7671
2025-08-28 01:00:00,83.0,163.87665
2025-08-28 02:00:00,50.0,112.19617
2025-08-28 03:00:00,50.0,100.885376
2025-08-28 04:00:00,114.0,120.46777
2025-08-28 05:00:00,465.0,271.5957
2025-08-28 06:00:00,1352.0,989.0697
2025-08-28 07:00:00,1798.0,1596.173
2025-08-28 08:00:00,1694.0,1573.9152
2025-08-28 09:00:00,1688.0,1568.622
2025-08-28 10:00:00,1726.0,1522.7621
2025-08-28 11:00:00,1797.0,1535.4634
2025-08-28 12:00:00,1761.0,1543.386
2025-08-28 13:00:00,1806.0,1605.6172
2025-08-28 14:00:00,1934.0,1828.43
2025-08-28 15:00:00,2228.0,2229.4429
2025-08-28 16:00:00,2740.0,2566.8638
2025-08-28 17:00:00,2832.0,2570.6648
2025-08-28 18:00:00,2295.0,2254.3662
2025-08-28 19:00:00,1746.0,1414.8807
2025-08-28 20:00:00,1191.0,999.6856
2025-08-28 21:00:00,926.0,889.1171
2025-08-28 22:00:00,862.0,782.7549
2025-08-28 23:00:00,561.0,655.4758
2025-08-29 00:00:00,231.0,557.2689
2025-08-29 01:00:00,127.0,186.79462
2025-08-29 02:00:00,58.0,109.15442
2025-08-29 03:00:00,62.0,95.602905
2025-08-29 04:00:00,128.0,114.68573
2025-08-29 05:00:00,411.0,205.02435
2025-08-29 06:00:00,1253.0,915.0808
2025-08-29 07:00:00,1707.0,1622.5608
2025-08-29 08:00:00,1861.0,1725.2319
2025-08-29 09:00:00,1862.0,1654.31
2025-08-29 10:00:00,2076.0,1636.2
2025-08-29 11:00:00,2030.0,1659.2949
2025-08-29 12:00:00,2185.0,1731.9456
2025-08-29 13:00:00,2306.0,1850.1774
2025-08-29 14:00:00,2594.0,2155.3022
2025-08-29 15:00:00,2699.0,2511.5562
2025-08-29 16:00:00,3015.0,2585.858
2025-08-29 17:00:00,2551.0,2579.8342
2025-08-29 18:00:00,2574.0,2290.9263
2025-08-29 19:00:00,2158.0,1765.4202
2025-08-29 20:00:00,1521.0,1140.4459
2025-08-29 21:00:00,1018.0,951.7865
2025-08-29 22:00:00,920.0,816.98987
2025-08-29 23:00:00,784.0,678.603
2025-08-30 00:00:00,458.0,548.8655
2025-08-30 01:00:00,257.0,373.21045
2025-08-30 02:00:00,182.0,231.3056
2025-08-30 03:00:00,183.0,166.58081
2025-08-30 04:00:00,280.0,165.26941
2025-08-30 05:00:00,632.0,206.56647
2025-08-30 06:00:00,780.0,420.1239
2025-08-30 07:00:00,912.0,1060.1135
2025-08-30 08:00:00,1479.0,1528.8601
2025-08-30 09:00:00,1900.0,1990.4819
2025-08-30 10:00:00,2376.0,2136.3188
2025-08-30 11:00:00,2350.0,2172.62
2025-08-30 12:00:00,2103.0,2186.7505
2025-08-30 13:00:00,2222.0,2083.0999
2025-08-30 14:00:00,2095.0,1942.3206
2025-08-30 15:00:00,1925.0,1836.2708
2025-08-30 16:00:00,2030.0,1738.6868
2025-08-30 17:00:00,1858.0,1590.3617
2025-08-30 18:00:00,1653.0,1393.8385
2025-08-30 19:00:00,1339.0,1104.7117
2025-08-30 20:00:00,1037.0,886.3099
2025-08-30 21:00:00,932.0,804.46545
2025-08-30 22:00:00,863.0,743.3434
2025-08-30 23:00:00,801.0,669.6496
2025-08-31 00:00:00,561.0,479.34247
2025-08-31 01:00:00,383.0,378.1834
2025-08-31 02:00:00,222.0,243.54749
2025-08-31 03:00:00,209.0,183.84314
2025-08-31 04:00:00,219.0,175.45953
2025-08-31 05:00:00,484.0,196.91559
2025-08-31 06:00:00,606.0,285.21545
2025-08-31 07:00:00,667.0,526.64276
2025-08-31 08:00:00,1136.0,983.1431
2025-08-31 09:00:00,1767.0,1591.9868
2025-08-31 10:00:00,2071.0,1913.676
2025-08-31 11:00:00,2139.0,1956.3794
2025-08-31 12:00:00,1937.0,1909.839
2025-08-31 13:00:00,1786.0,1793.3779
2025-08-31 14:00:00,1721.0,1642.595
2025-08-31 15:00:00,1592.0,1526.3615
2025-08-31 16:00:00,1661.0,1488.4073
2025-08-31 17:00:00,1616.0,1461.7133
2025-08-31 18:00:00,1392.0,1282.0122
2025-08-31 19:00:00,1308.0,1110.2476
2025-08-31 20:00:00,1122.0,891.4241
2025-08-31 21:00:00,925.0,794.031
2025-08-31 22:00:00,589.0,680.17554
2025-08-31 23:00:00,299.0,573.51086
2025-09-01 00:00:00,151.0,239.8529
2025-09-01 01:00:00,72.0,132.85138
2025-09-01 02:00:00,61.0,93.42627
2025-09-01 03:00:00,53.0,102.99609
2025-09-01 04:00:00,147.0,134.72437
2025-09-01 05:00:00,527.0,282.35773
2025-09-01 06:00:00,1503.0,1067.9901
2025-09-01 07:00:00,1885.0,1682.1995
2025-09-01 08:00:00,1921.0,1643.6852
2025-09-01 09:00:00,1706.0,1534.2478
2025-09-01 10:00:00,1447.0,1448.8856
2025-09-01 11:00:00,1613.0,1415.7262
2025-09-01 12:00:00,1467.0,1408.0116
2025-09-01 13:00:00,1441.0,1381.2866
2025-09-01 14:00:00,1481.0,1468.7335
2025-09-01 15:00:00,1853.0,1916.3059
2025-09-01 16:00:00,2248.0,2443.0469
2025-09-01 17:00:00,2708.0,2426.566
2025-09-01 18:00:00,2053.0,1890.6715
2025-09-01 19:00:00,1179.0,1967.4202
2025-09-01 20:00:00,681.0,789.4756
2025-09-01 21:00:00,583.0,688.2062
2025-09-01 22:00:00,489.0,587.8946
2025-09-01 23:00:00,303.0,427.5592
2025-09-02 00:00:00,150.0,231.27466
2025-09-02 01:00:00,79.0,123.56604
2025-09-02 02:00:00,57.0,99.01001
2025-09-02 03:00:00,51.0,100.8656
2025-09-02 04:00:00,102.0,121.16919
2025-09-02 05:00:00,439.0,281.81433
2025-09-02 06:00:00,1440.0,1050.8428
2025-09-02 07:00:00,1882.0,1692.6738
2025-09-02 08:00:00,1854.0,1642.7985
2025-09-02 09:00:00,1621.0,1511.7052
2025-09-02 10:00:00,1457.0,1421.0442
2025-09-02 11:00:00,1570.0,1381.323
2025-09-02 12:00:00,1340.0,1364.6361
2025-09-02 13:00:00,1423.0,1380.0948
2025-09-02 14:00:00,1565.0,1428.1819
2025-09-02 15:00:00,1841.0,1850.9324
2025-09-02 16:00:00,2609.0,2461.8735
2025-09-02 17:00:00,2753.0,2505.996
2025-09-02 18:00:00,2420.0,1914.7832
2025-09-02 19:00:00,1385.0,1167.5339
2025-09-02 20:00:00,980.0,870.9832
2025-09-02 21:00:00,783.0,745.7437
2025-09-02 22:00:00,611.0,631.6747
2025-09-02 23:00:00,332.0,462.86542
2025-09-03 00:00:00,139.0,260.90656
2025-09-03 01:00:00,79.0,133.42542
2025-09-03 02:00:00,49.0,106.66388
2025-09-03 03:00:00,72.0,104.08856
2025-09-03 04:00:00,122.0,119.390564
2025-09-03 05:00:00,460.0,264.0498
2025-09-03 06:00:00,1507.0,1011.64325
2025-09-03 07:00:00,1945.0,1670.7571
2025-09-03 08:00:00,2038.0,1637.9067
2025-09-03 09:00:00,1797.0,1536.7102
2025-09-03 10:00:00,1698.0,1461.0774
2025-09-03 11:00:00,1658.0,1430.4182
2025-09-03 12:00:00,1607.0,1432.0608
2025-09-03 13:00:00,1590.0,1464.4324
2025-09-03 14:00:00,1659.0,1522.2014
2025-09-03 15:00:00,1963.0,1900.5154
2025-09-03 16:00:00,2638.0,2450.4717
2025-09-03 17:00:00,2786.0,2510.9136
2025-09-03 18:00:00,2302.0,1992.2711
2025-09-03 19:00:00,1433.0,1227.8936
2025-09-03 20:00:00,1013.0,916.6772
2025-09-03 21:00:00,907.0,821.266
2025-09-03 22:00:00,718.0,713.3405
2025-09-03 23:00:00,385.0,523.12994
2025-09-04 00:00:00,162.0,307.05127
2025-09-04 01:00:00,94.0,145.9273
2025-09-04 02:00:00,59.0,103.670044
2025-09-04 03:00:00,63.0,96.30078
2025-09-04 04:00:00,118.0,115.58673
2025-09-04 05:00:00,461.0,253.68567
2025-09-04 06:00:00,1426.0,900.3629
2025-09-04 07:00:00,1921.0,1597.2526
2025-09-04 08:00:00,1996.0,1701.7546
2025-09-04 09:00:00,1655.0,1613.5951
2025-09-04 10:00:00,1639.0,1550.2102
2025-09-04 11:00:00,1727.0,1531.2661
2025-09-04 12:00:00,1745.0,1538.5653
2025-09-04 13:00:00,1637.0,1603.9586
2025-09-04 14:00:00,1686.0,1767.1617
2025-09-04 15:00:00,2063.0,2175.4517
2025-09-04 16:00:00,2487.0,2535.4985
2025-09-04 17:00:00,2687.0,2589.7708
2025-09-04 18:00:00,2437.0,2259.6226
2025-09-04 19:00:00,1515.0,1480.3706
2025-09-04 20:00:00,1003.0,985.28937
2025-09-04 21:00:00,878.0,846.9178
2025-09-04 22:00:00,751.0,763.8023
2025-09-04 23:00:00,421.0,613.26904
2025-09-05 00:00:00,200.0,345.34326
2025-09-05 01:00:00,116.0,161.50055
2025-09-05 02:00:00,61.0,99.63141
2025-09-05 03:00:00,56.0,91.52771
2025-09-05 04:00:00,130.0,110.84375
2025-09-05 05:00:00,389.0,413.48267
2025-09-05 06:00:00,1256.0,1149.2024
2025-09-05 07:00:00,1735.0,1456.5194
2025-09-05 08:00:00,1614.0,1581.6218
2025-09-05 09:00:00,1553.0,1564.4163
2025-09-05 10:00:00,1668.0,1584.7688
2025-09-05 11:00:00,1727.0,1596.8096
2025-09-05 12:00:00,2066.0,1695.0096
2025-09-05 13:00:00,2234.0,1843.043
2025-09-05 14:00:00,2424.0,2121.1406
2025-09-05 15:00:00,2662.0,2473.8298
2025-09-05 16:00:00,3152.0,2629.1123
2025-09-05 17:00:00,2820.0,2573.5876
2025-09-05 18:00:00,2476.0,2353.2715
2025-09-05 19:00:00,1878.0,1708.6835
2025-09-05 20:00:00,1285.0,1114.8274
2025-09-05 21:00:00,992.0,924.93994
2025-09-05 22:00:00,881.0,796.5592
2025-09-05 23:00:00,726.0,659.20233
2025-09-06 00:00:00,566.0,551.5256
2025-09-06 01:00:00,376.0,373.48608
2025-09-06 02:00:00,137.0,226.7771
2025-09-06 03:00:00,102.0,159.5376
2025-09-06 04:00:00,130.0,155.21674
2025-09-06 05:00:00,241.0,194.35016
2025-09-06 06:00:00,601.0,415.04626
2025-09-06 07:00:00,1308.0,1068.4519
2025-09-06 08:00:00,2022.0,1699.1216
2025-09-06 09:00:00,2771.0,2074.4983
2025-09-06 10:00:00,2695.0,2184.723
2025-09-06 11:00:00,2482.0,2221.7896
2025-09-06 12:00:00,2384.0,2207.0005
2025-09-06 13:00:00,2305.0,2128.4329
2025-09-06 14:00:00,2023.0,1997.4788
2025-09-06 15:00:00,1991.0,1855.1008
2025-09-06 16:00:00,1973.0,1716.4431
2025-09-06 17:00:00,1882.0,1580.46
2025-09-06 18:00:00,1542.0,1360.4873
2025-09-06 19:00:00,1192.0,1077.1738
2025-09-06 20:00:00,1017.0,876.5091
2025-09-06 21:00:00,946.0,805.09
2025-09-06 22:00:00,841.0,743.317
2025-09-06 23:00:00,808.0,670.0
2025-09-07 00:00:00,563.0,480.80652
2025-09-07 01:00:00,385.0,376.39862
2025-09-07 02:00:00,205.0,240.42377
2025-09-07 03:00:00,158.0,185.60577
2025-09-07 04:00:00,142.0,174.22968
2025-09-07 05:00:00,178.0,194.32141
2025-09-07 06:00:00,344.0,265.93695
2025-09-07 07:00:00,751.0,495.6272
2025-09-07 08:00:00,1385.0,923.386
2025-09-07 09:00:00,2155.0,1516.8766
2025-09-07 10:00:00,2375.0,1877.1924
2025-09-07 11:00:00,2310.0,1924.7903
2025-09-07 12:00:00,2017.0,1873.2778
2025-09-07 13:00:00,1898.0,1752.6558
2025-09-07 14:00:00,1841.0,1609.1682
2025-09-07 15:00:00,1687.0,1501.2384
2025-09-07 16:00:00,1698.0,1465.3542
2025-09-07 17:00:00,1732.0,1432.7877
2025-09-07 18:00:00,1475.0,1284.7291
2025-09-07 19:00:00,1308.0,1101.1793
2025-09-07 20:00:00,1113.0,895.5036
2025-09-07 21:00:00,833.0,799.57605
2025-09-07 22:00:00,624.0,679.9612
2025-09-07 23:00:00,371.0,572.5687
2025-09-08 00:00:00,195.0,238.89911
2025-09-08 01:00:00,93.0,131.3219
2025-09-08 02:00:00,42.0,92.65442
2025-09-08 03:00:00,52.0,97.81421
2025-09-08 04:00:00,133.0,132.57758
2025-09-08 05:00:00,511.0,281.88647
2025-09-08 06:00:00,1500.0,1068.1256
2025-09-08 07:00:00,1794.0,1689.6934
2025-09-08 08:00:00,1855.0,1656.7102
2025-09-08 09:00:00,1561.0,1538.3008
2025-09-08 10:00:00,1569.0,1448.6735
2025-09-08 11:00:00,1544.0,1397.8306
2025-09-08 12:00:00,1418.0,1374.1223
2025-09-08 13:00:00,1465.0,1380.0706
2025-09-08 14:00:00,1480.0,1464.8486
2025-09-08 15:00:00,1779.0,1910.5103
2025-09-08 16:00:00,2492.0,2421.0366
2025-09-08 17:00:00,2796.0,2422.0679
2025-09-08 18:00:00,2048.0,1882.3842
2025-09-08 19:00:00,1188.0,1088.5281
2025-09-08 20:00:00,918.0,801.6147
2025-09-08 21:00:00,649.0,681.30115
2025-09-08 22:00:00,273.0,583.1191
2025-09-08 23:00:00,273.0,425.6021
2025-09-09 00:00:00,153.0,230.47632
2025-09-09 01:00:00,85.0,125.8197
2025-09-09 02:00:00,42.0,98.74982
2025-09-09 03:00:00,56.0,101.42975
2025-09-09 04:00:00,115.0,120.919556
2025-09-09 05:00:00,446.0,317.50757
2025-09-09 06:00:00,1288.0,1036.5441
2025-09-09 07:00:00,1779.0,1587.3625
2025-09-09 08:00:00,1508.0,1642.4271
2025-09-09 09:00:00,1467.0,1511.6392
2025-09-09 10:00:00,1472.0,1420.473
2025-09-09 11:00:00,1406.0,1380.7845
2025-09-09 12:00:00,1418.0,1378.3401
2025-09-09 13:00:00,1343.0,1377.79
2025-09-09 14:00:00,1537.0,1421.2491
2025-09-09 15:00:00,1945.0,1821.4863
2025-09-09 16:00:00,2706.0,2430.3013
2025-09-09 17:00:00,2742.0,2504.7122
2025-09-09 18:00:00,2302.0,1899.979
2025-09-09 19:00:00,1382.0,1165.9503
2025-09-09 20:00:00,935.0,870.39325
2025-09-09 21:00:00,701.0,744.2843
2025-09-09 22:00:00,676.0,631.18243
2025-09-09 23:00:00,381.0,463.65082
2025-09-10 00:00:00,136.0,259.40436
2025-09-10 01:00:00,93.0,133.58606
2025-09-10 02:00:00,52.0,106.92059
2025-09-10 03:00:00,58.0,103.942444
2025-09-10 04:00:00,136.0,126.15253
2025-09-10 05:00:00,384.0,306.31256
2025-09-10 06:00:00,1354.0,1048.2235
2025-09-10 07:00:00,1781.0,1668.8165
2025-09-10 08:00:00,1816.0,1630.1886
2025-09-10 09:00:00,1486.0,1519.5717
2025-09-10 10:00:00,1487.0,1458.51
2025-09-10 11:00:00,1464.0,1429.0074
2025-09-10 12:00:00,1461.0,1431.4951
2025-09-10 13:00:00,1496.0,1446.822
2025-09-10 14:00:00,1685.0,1506.678
2025-09-10 15:00:00,2022.0,1911.3876
2025-09-10 16:00:00,2686.0,2480.226
2025-09-10 17:00:00,1961.0,2530.5012
2025-09-10 18:00:00,2109.0,2019.2407
2025-09-10 19:00:00,1810.0,1227.86
2025-09-10 20:00:00,1034.0,912.29736
2025-09-10 21:00:00,837.0,815.3468
2025-09-10 22:00:00,654.0,711.43274
2025-09-10 23:00:00,395.0,517.7212
2025-09-11 00:00:00,176.0,304.86615
2025-09-11 01:00:00,86.0,143.30676
2025-09-11 02:00:00,69.0,102.85437
2025-09-11 03:00:00,58.0,89.629395
2025-09-11 04:00:00,124.0,117.233154
2025-09-11 05:00:00,451.0,259.28033
2025-09-11 06:00:00,1473.0,900.3717
2025-09-11 07:00:00,1882.0,1607.2035
2025-09-11 08:00:00,1843.0,1625.9285
2025-09-11 09:00:00,1756.0,1549.3718
2025-09-11 10:00:00,1668.0,1526.7856
2025-09-11 11:00:00,1645.0,1552.146
2025-09-11 12:00:00,1520.0,1550.8284
2025-09-11 13:00:00,1554.0,1590.7303
2025-09-11 14:00:00,1689.0,1785.772
2025-09-11 15:00:00,1521.0,2188.0007
2025-09-11 16:00:00,2552.0,2550.3828
2025-09-11 17:00:00,2897.0,2549.255
2025-09-11 18:00:00,2177.0,2206.956
2025-09-11 19:00:00,1539.0,1361.0099
2025-09-11 20:00:00,1012.0,972.1591
2025-09-11 21:00:00,877.0,866.5581
2025-09-11 22:00:00,762.0,761.9679
2025-09-11 23:00:00,438.0,611.2267
2025-09-12 00:00:00,212.0,343.28455
2025-09-12 01:00:00,102.0,160.99017
2025-09-12 02:00:00,86.0,103.349
2025-09-12 03:00:00,59.0,88.332275
2025-09-12 04:00:00,129.0,105.92615
2025-09-12 05:00:00,403.0,183.19116
2025-09-12 06:00:00,1266.0,915.1733
2025-09-12 07:00:00,1662.0,1398.4883
2025-09-12 08:00:00,1703.0,1568.9772
2025-09-12 09:00:00,1707.0,1602.5654
2025-09-12 10:00:00,1758.0,1609.873
2025-09-12 11:00:00,1683.0,1623.7463
2025-09-12 12:00:00,1865.0,1698.785
2025-09-12 13:00:00,1896.0,1836.5042
2025-09-12 14:00:00,2008.0,2146.574
2025-09-12 15:00:00,2487.0,2493.2407
2025-09-12 16:00:00,3087.0,2625.5269
2025-09-12 17:00:00,2943.0,2575.248
2025-09-12 18:00:00,2441.0,2351.0728
2025-09-12 19:00:00,1715.0,1700.8378
2025-09-12 20:00:00,1226.0,1110.1478
2025-09-12 21:00:00,938.0,921.16864
2025-09-12 22:00:00,873.0,793.69617
2025-09-12 23:00:00,721.0,656.73096
2025-09-13 00:00:00,426.0,547.14087
2025-09-13 01:00:00,215.0,370.68738
2025-09-13 02:00:00,153.0,226.7193
2025-09-13 03:00:00,115.0,162.64307
2025-09-13 04:00:00,115.0,158.76038
2025-09-13 05:00:00,226.0,195.85974
2025-09-13 06:00:00,486.0,376.69995
2025-09-13 07:00:00,908.0,1022.30817
2025-09-13 08:00:00,1490.0,1664.5028
2025-09-13 09:00:00,2120.0,2064.247
2025-09-13 10:00:00,2423.0,2179.5352
2025-09-13 11:00:00,2295.0,2211.6772
2025-09-13 12:00:00,2333.0,2205.7944
2025-09-13 13:00:00,2087.0,2107.1704
2025-09-13 14:00:00,2107.0,1912.966
2025-09-13 15:00:00,1930.0,1769.691
2025-09-13 16:00:00,1838.0,1685.6986
2025-09-13 17:00:00,1965.0,1573.1044
2025-09-13 18:00:00,1642.0,1360.5271
2025-09-13 19:00:00,1189.0,1078.209
2025-09-13 20:00:00,972.0,875.6009
2025-09-13 21:00:00,866.0,804.8318
2025-09-13 22:00:00,865.0,742.12305
2025-09-13 23:00:00,871.0,664.6118
2025-09-14 00:00:00,599.0,480.28387
2025-09-14 01:00:00,426.0,372.65118
2025-09-14 02:00:00,236.0,275.68878
2025-09-14 03:00:00,169.0,181.84326
2025-09-14 04:00:00,105.0,171.7464
2025-09-14 05:00:00,99.0,188.82434
2025-09-14 06:00:00,189.0,268.6048
2025-09-14 07:00:00,438.0,464.32306
2025-09-14 08:00:00,870.0,735.9549
2025-09-14 09:00:00,1576.0,1176.329
2025-09-14 10:00:00,1951.0,1697.7789
2025-09-14 11:00:00,1970.0,1904.3428
2025-09-14 12:00:00,1888.0,1866.853
2025-09-14 13:00:00,2060.0,1740.3582
2025-09-14 14:00:00,1844.0,1596.4812
2025-09-14 15:00:00,1654.0,1480.2598
2025-09-14 16:00:00,1716.0,1455.1887
2025-09-14 17:00:00,1761.0,1466.5396
2025-09-14 18:00:00,1606.0,1285.9889
2025-09-14 19:00:00,1321.0,1099.9786
2025-09-14 20:00:00,1131.0,895.93634
2025-09-14 21:00:00,973.0,799.7378
2025-09-14 22:00:00,578.0,677.2396
2025-09-14 23:00:00,342.0,568.3204
2025-09-15 00:00:00,139.0,237.08392
2025-09-15 01:00:00,89.0,130.71368
2025-09-15 02:00:00,58.0,91.83606
2025-09-15 03:00:00,56.0,98.244995
2025-09-15 04:00:00,139.0,132.58362
2025-09-15 05:00:00,496.0,281.31964
2025-09-15 06:00:00,1508.0,1084.5428
2025-09-15 07:00:00,1989.0,1703.1548
2025-09-15 08:00:00,1988.0,1713.4261
2025-09-15 09:00:00,1695.0,1613.7684
2025-09-15 10:00:00,1703.0,1532.7029
2025-09-15 11:00:00,1536.0,1467.7761
2025-09-15 12:00:00,1516.0,1410.4746
2025-09-15 13:00:00,1578.0,1404.4368
2025-09-15 14:00:00,1549.0,1474.4862
2025-09-15 15:00:00,1749.0,1874.9414
2025-09-15 16:00:00,2360.0,2392.4604
2025-09-15 17:00:00,2515.0,2403.6274
2025-09-15 18:00:00,1766.0,1867.5886
2025-09-15 19:00:00,1079.0,1096.0753
2025-09-15 20:00:00,809.0,779.6773
2025-09-15 21:00:00,663.0,675.993
2025-09-15 22:00:00,495.0,582.2008
2025-09-15 23:00:00,296.0,422.18878
2025-09-16 00:00:00,163.0,228.58826
2025-09-16 01:00:00,72.0,124.541504
2025-09-16 02:00:00,49.0,98.05701
2025-09-16 03:00:00,41.0,100.43207
2025-09-16 04:00:00,120.0,120.66724
2025-09-16 05:00:00,451.0,279.93085
2025-09-16 06:00:00,1347.0,1038.1345
2025-09-16 07:00:00,1745.0,1693.2393
2025-09-16 08:00:00,1937.0,1641.8461
2025-09-16 09:00:00,1548.0,1510.7117
2025-09-16 10:00:00,1506.0,1418.6718
2025-09-16 11:00:00,1422.0,1380.2573
2025-09-16 12:00:00,1370.0,1378.4806
2025-09-16 13:00:00,1458.0,1377.443
2025-09-16 14:00:00,1561.0,1422.5903
2025-09-16 15:00:00,1861.0,1840.5645
2025-09-16 16:00:00,2624.0,2462.4297
2025-09-16 17:00:00,2852.0,2507.5977
2025-09-16 18:00:00,2249.0,1912.6964
2025-09-16 19:00:00,1385.0,1164.5577
2025-09-16 20:00:00,842.0,869.2108
2025-09-16 21:00:00,692.0,743.13513
2025-09-16 22:00:00,621.0,629.484
2025-09-16 23:00:00,322.0,460.00372
2025-09-17 00:00:00,159.0,257.015
2025-09-17 01:00:00,79.0,132.03088
2025-09-17 02:00:00,47.0,105.46973
2025-09-17 03:00:00,50.0,103.084045
2025-09-17 04:00:00,111.0,118.2663
2025-09-17 05:00:00,460.0,262.17194
2025-09-17 06:00:00,1396.0,1003.7438
2025-09-17 07:00:00,1868.0,1673.4039
2025-09-17 08:00:00,1807.0,1716.8795
2025-09-17 09:00:00,1694.0,1595.7214
2025-09-17 10:00:00,1584.0,1469.8364
2025-09-17 11:00:00,1613.0,1430.2803
2025-09-17 12:00:00,1555.0,1460.5792
2025-09-17 13:00:00,1653.0,1466.2599
2025-09-17 14:00:00,1703.0,1504.8601
2025-09-17 15:00:00,1946.0,1895.595
2025-09-17 16:00:00,2643.0,2462.5127
2025-09-17 17:00:00,2771.0,2516.3384
2025-09-17 18:00:00,2261.0,2018.1882
2025-09-17 19:00:00,1440.0,1224.7012
2025-09-17 20:00:00,984.0,911.19226
2025-09-17 21:00:00,781.0,815.06006
2025-09-17 22:00:00,629.0,709.95746
2025-09-17 23:00:00,392.0,513.78076
2025-09-18 00:00:00,157.0,302.979
2025-09-18 01:00:00,76.0,142.01935
2025-09-18 02:00:00,49.0,102.561035
2025-09-18 03:00:00,40.0,92.16406
2025-09-18 04:00:00,133.0,109.71741
2025-09-18 05:00:00,479.0,238.39789
2025-09-18 06:00:00,1404.0,914.16394
2025-09-18 07:00:00,1964.0,1670.9312
2025-09-18 08:00:00,1929.0,1704.384
2025-09-18 09:00:00,1791.0,1609.562
2025-09-18 10:00:00,1777.0,1572.9213
2025-09-18 11:00:00,1557.0,1567.7903
2025-09-18 12:00:00,1747.0,1561.2822
2025-09-18 13:00:00,1616.0,1609.0452
2025-09-18 14:00:00,1648.0,1732.5908
2025-09-18 15:00:00,2024.0,2136.688
2025-09-18 16:00:00,2675.0,2521.9417
2025-09-18 17:00:00,2790.0,2530.9417
2025-09-18 18:00:00,2490.0,2163.4014
2025-09-18 19:00:00,1720.0,1343.032
2025-09-18 20:00:00,1222.0,970.56506
2025-09-18 21:00:00,929.0,863.96826
2025-09-18 22:00:00,752.0,760.1272
2025-09-18 23:00:00,491.0,607.16327
2025-09-19 00:00:00,206.0,339.64862
2025-09-19 01:00:00,109.0,158.9845
2025-09-19 02:00:00,69.0,102.81531
2025-09-19 03:00:00,59.0,87.56836
2025-09-19 04:00:00,98.0,104.71802
2025-09-19 05:00:00,438.0,178.96765
2025-09-19 06:00:00,1334.0,856.91064
2025-09-19 07:00:00,1897.0,1575.2163
2025-09-19 08:00:00,1976.0,1712.3729
2025-09-19 09:00:00,2064.0,1656.9456
2025-09-19 10:00:00,2140.0,1638.613
2025-09-19 11:00:00,1831.0,1651.5352
2025-09-19 12:00:00,1799.0,1716.3241
2025-09-19 13:00:00,2067.0,1821.2668
2025-09-19 14:00:00,2339.0,2092.2354
2025-09-19 15:00:00,2562.0,2439.881
2025-09-19 16:00:00,2959.0,2596.9077
2025-09-19 17:00:00,2628.0,2563.708
2025-09-19 18:00:00,2667.0,2305.145
2025-09-19 19:00:00,1947.0,1687.523
2025-09-19 20:00:00,1461.0,1096.2931
2025-09-19 21:00:00,1092.0,917.08856
2025-09-19 22:00:00,939.0,788.18604
2025-09-19 23:00:00,746.0,651.32587
2025-09-20 00:00:00,411.0,537.83527
2025-09-20 01:00:00,213.0,365.94324
2025-09-20 02:00:00,133.0,226.4972
2025-09-20 03:00:00,101.0,166.35962
2025-09-20 04:00:00,126.0,161.65118
2025-09-20 05:00:00,231.0,195.86041
2025-09-20 06:00:00,630.0,373.14703
2025-09-20 07:00:00,1442.0,1037.9233
2025-09-20 08:00:00,2268.0,1615.779
2025-09-20 09:00:00,2670.0,2037.188
2025-09-20 10:00:00,2890.0,2165.0896
2025-09-20 11:00:00,2735.0,2213.6687
2025-09-20 12:00:00,2282.0,2203.0686
2025-09-20 13:00:00,2287.0,2121.1643
2025-09-20 14:00:00,2192.0,1977.716
2025-09-20 15:00:00,1912.0,1830.2847
2025-09-20 16:00:00,1853.0,1694.3093
2025-09-20 17:00:00,1827.0,1555.4958
2025-09-20 18:00:00,1520.0,1368.1406
2025-09-20 19:00:00,1256.0,1085.7477
2025-09-20 20:00:00,1130.0,872.4408
2025-09-20 21:00:00,876.0,804.2451
2025-09-20 22:00:00,983.0,736.2136
2025-09-20 23:00:00,845.0,654.0609
2025-09-21 00:00:00,577.0,471.6062
2025-09-21 01:00:00,401.0,376.67157
2025-09-21 02:00:00,226.0,248.40344
2025-09-21 03:00:00,151.0,193.2608
2025-09-21 04:00:00,113.0,181.23468
2025-09-21 05:00:00,149.0,196.86035
2025-09-21 06:00:00,275.0,273.51648
2025-09-21 07:00:00,615.0,455.82343
2025-09-21 08:00:00,1232.0,839.7635
2025-09-21 09:00:00,1882.0,1447.3495
2025-09-21 10:00:00,2216.0,1838.6415
2025-09-21 11:00:00,2153.0,1897.3799
2025-09-21 12:00:00,1924.0,1728.4296
2025-09-21 13:00:00,1795.0,1624.2407
2025-09-21 14:00:00,1622.0,1536.3218
2025-09-21 15:00:00,1567.0,1476.3064
2025-09-21 16:00:00,1764.0,1467.087
2025-09-21 17:00:00,1708.0,1464.415
2025-09-21 18:00:00,1461.0,1235.8937
2025-09-21 19:00:00,1188.0,1048.9663
2025-09-21 20:00:00,1036.0,854.91907
2025-09-21 21:00:00,757.0,760.5112
2025-09-21 22:00:00,485.0,684.2673
2025-09-21 23:00:00,280.0,570.32153
2025-09-22 00:00:00,146.0,236.23492
2025-09-22 01:00:00,87.0,129.28314
2025-09-22 02:00:00,41.0,91.167114
2025-09-22 03:00:00,54.0,124.9137
2025-09-22 04:00:00,120.0,133.3761
2025-09-22 05:00:00,499.0,314.6983
2025-09-22 06:00:00,1445.0,1133.2678
2025-09-22 07:00:00,1630.0,1613.9425
2025-09-22 08:00:00,1672.0,1596.4344
2025-09-22 09:00:00,1509.0,1515.852
2025-09-22 10:00:00,1630.0,1445.4891
2025-09-22 11:00:00,1545.0,1399.3976
2025-09-22 12:00:00,1511.0,1372.2139
2025-09-22 13:00:00,1400.0,1378.8542
2025-09-22 14:00:00,1514.0,1456.1803
2025-09-22 15:00:00,1768.0,1901.8533
2025-09-22 16:00:00,2425.0,2380.4907
2025-09-22 17:00:00,2689.0,2412.7158
2025-09-22 18:00:00,2130.0,1912.4236
2025-09-22 19:00:00,1178.0,1021.43884
2025-09-22 20:00:00,792.0,776.694
2025-09-22 21:00:00,581.0,694.40717
2025-09-22 22:00:00,469.0,633.4877
2025-09-22 23:00:00,261.0,422.7126
2025-09-23 00:00:00,142.0,227.40137
2025-09-23 01:00:00,51.0,122.2948
2025-09-23 02:00:00,58.0,97.00098
2025-09-23 03:00:00,40.0,553.0795
2025-09-23 04:00:00,118.0,118.72168
2025-09-23 05:00:00,445.0,278.9862
2025-09-23 06:00:00,1384.0,1048.6431
2025-09-23 07:00:00,1720.0,1026.003
2025-09-23 08:00:00,1893.0,1640.7656
2025-09-23 09:00:00,1406.0,1508.6383
2025-09-23 10:00:00,1392.0,1416.5259
2025-09-23 11:00:00,1464.0,1379.8191
2025-09-23 12:00:00,1382.0,1380.211
2025-09-23 13:00:00,1445.0,1381.7183
2025-09-23 14:00:00,1534.0,1434.1917
2025-09-23 15:00:00,1851.0,1856.4623
2025-09-23 16:00:00,2569.0,2425.5557
2025-09-23 17:00:00,2846.0,2514.871
2025-09-23 18:00:00,2072.0,2204.4126
2025-09-23 19:00:00,1305.0,1092.4677
2025-09-23 20:00:00,868.0,837.73413
2025-09-23 21:00:00,617.0,744.11816
2025-09-23 22:00:00,534.0,627.6659
2025-09-23 23:00:00,378.0,443.6648
2025-09-24 00:00:00,143.0,235.87244
2025-09-24 01:00:00,69.0,130.98181
2025-09-24 02:00:00,56.0,104.77643
2025-09-24 03:00:00,61.0,102.1275
2025-09-24 04:00:00,123.0,676.9158
2025-09-24 05:00:00,453.0,261.6989
2025-09-24 06:00:00,1426.0,1011.4716
2025-09-24 07:00:00,1854.0,1087.4115
2025-09-24 08:00:00,1779.0,1542.6501
2025-09-24 09:00:00,1409.0,1518.6064
2025-09-24 10:00:00,1485.0,1456.1693
2025-09-24 11:00:00,1519.0,1430.8502
2025-09-24 12:00:00,1536.0,1420.8759
2025-09-24 13:00:00,1561.0,1573.5399
2025-09-24 14:00:00,1731.0,1498.0854
2025-09-24 15:00:00,1993.0,1963.9089
2025-09-24 16:00:00,2698.0,2512.5696
2025-09-24 17:00:00,2834.0,2542.8762
2025-09-24 18:00:00,2124.0,1954.3302
2025-09-24 19:00:00,1370.0,1188.0984
2025-09-24 20:00:00,930.0,903.66943
2025-09-24 21:00:00,707.0,759.3118
2025-09-24 22:00:00,648.0,688.7467
2025-09-24 23:00:00,386.0,507.5169
2025-09-25 00:00:00,180.0,302.87677
2025-09-25 01:00:00,84.0,132.3949
2025-09-25 02:00:00,60.0,101.92853
2025-09-25 03:00:00,56.0,90.45813
2025-09-25 04:00:00,105.0,107.76105
2025-09-25 05:00:00,442.0,234.80963
2025-09-25 06:00:00,1430.0,952.646
2025-09-25 07:00:00,1900.0,1617.1986
2025-09-25 08:00:00,1826.0,1619.6731
2025-09-25 09:00:00,1561.0,1542.9297
2025-09-25 10:00:00,1593.0,1549.4065
2025-09-25 11:00:00,1595.0,1528.6428
2025-09-25 12:00:00,1550.0,1537.4202
2025-09-25 13:00:00,1624.0,1648.5111
2025-09-25 14:00:00,1811.0,1773.6914
2025-09-25 15:00:00,2071.0,1672.939
2025-09-25 16:00:00,2713.0,2567.5188
2025-09-25 17:00:00,2914.0,2557.6416
2025-09-25 18:00:00,2292.0,2238.0254
2025-09-25 19:00:00,1480.0,1374.2156
2025-09-25 20:00:00,1043.0,968.7322
2025-09-25 21:00:00,874.0,816.0492
2025-09-25 22:00:00,765.0,759.42334
2025-09-25 23:00:00,491.0,607.18823
2025-09-26 00:00:00,230.0,339.5113
2025-09-26 01:00:00,116.0,158.45813
2025-09-26 02:00:00,90.0,101.59851
2025-09-26 03:00:00,58.0,83.69409
2025-09-26 04:00:00,112.0,100.25757
2025-09-26 05:00:00,429.0,171.5473
2025-09-26 06:00:00,1252.0,808.9989
2025-09-26 07:00:00,1660.0,1563.8188
2025-09-26 08:00:00,1750.0,1583.2025
2025-09-26 09:00:00,1690.0,1622.2068
2025-09-26 10:00:00,1848.0,1606.6482
2025-09-26 11:00:00,1894.0,1619.8663
2025-09-26 12:00:00,2009.0,1686.1189
2025-09-26 13:00:00,2029.0,1827.9166
2025-09-26 14:00:00,2247.0,2138.8767
2025-09-26 15:00:00,2611.0,2498.371
2025-09-26 16:00:00,2680.0,2605.5518
2025-09-26 17:00:00,2439.0,2563.0151
2025-09-26 18:00:00,2477.0,2257.5762
2025-09-26 19:00:00,1773.0,1693.3635
2025-09-26 20:00:00,1257.0,1054.3295
2025-09-26 21:00:00,903.0,875.67163
2025-09-26 22:00:00,855.0,750.60315
2025-09-26 23:00:00,747.0,654.2222
2025-09-27 00:00:00,431.0,551.2875
2025-09-27 01:00:00,255.0,373.52972
2025-09-27 02:00:00,157.0,226.97968
2025-09-27 03:00:00,129.0,154.23767
2025-09-27 04:00:00,137.0,143.5578
2025-09-27 05:00:00,235.0,183.59418
2025-09-27 06:00:00,499.0,350.51703
2025-09-27 07:00:00,899.0,635.4798
2025-09-27 08:00:00,1405.0,1168.8221
2025-09-27 09:00:00,2073.0,1795.7769
2025-09-27 10:00:00,2570.0,2068.81
2025-09-27 11:00:00,2710.0,2214.1277
2025-09-27 12:00:00,2583.0,2128.1353
2025-09-27 13:00:00,2435.0,2056.0156
2025-09-27 14:00:00,2472.0,1932.1423
2025-09-27 15:00:00,2120.0,1784.3003
2025-09-27 16:00:00,2053.0,1694.814
2025-09-27 17:00:00,1972.0,1583.3855
2025-09-27 18:00:00,1595.0,1342.0615
2025-09-27 19:00:00,1144.0,1060.9022
2025-09-27 20:00:00,958.0,868.0176
2025-09-27 21:00:00,838.0,803.60754
2025-09-27 22:00:00,866.0,745.96497
2025-09-27 23:00:00,826.0,674.6687
2025-09-28 00:00:00,553.0,487.49884
2025-09-28 01:00:00,373.0,376.5569
2025-09-28 02:00:00,247.0,238.42786
2025-09-28 03:00:00,166.0,180.71497
2025-09-28 04:00:00,140.0,169.05847
2025-09-28 05:00:00,176.0,193.4585
2025-09-28 06:00:00,337.0,256.8886
2025-09-28 07:00:00,543.0,459.5622
2025-09-28 08:00:00,1072.0,706.97784
2025-09-28 09:00:00,1721.0,1546.6996
2025-09-28 10:00:00,2225.0,1879.6372
2025-09-28 11:00:00,2338.0,1912.0005
2025-09-28 12:00:00,2079.0,1798.3073
2025-09-28 13:00:00,2077.0,1668.1425
2025-09-28 14:00:00,1799.0,1371.4668
2025-09-28 15:00:00,1257.0,1480.5518
2025-09-28 16:00:00,913.0,1469.3953
2025-09-28 17:00:00,1004.0,1464.9231
2025-09-28 18:00:00,1514.0,1280.8693
2025-09-28 19:00:00,1142.0,1083.9929
2025-09-28 20:00:00,1037.0,821.3744
2025-09-28 21:00:00,816.0,803.2805
2025-09-28 22:00:00,539.0,684.386
2025-09-28 23:00:00,280.0,578.1143
2025-09-29 00:00:00,136.0,236.0813
2025-09-29 01:00:00,74.0,128.2268
2025-09-29 02:00:00,59.0,90.841675
2025-09-29 03:00:00,64.0,94.196045
2025-09-29 04:00:00,132.0,131.06732
2025-09-29 05:00:00,515.0,281.24902
2025-09-29 06:00:00,1453.0,1068.8861
2025-09-29 07:00:00,1940.0,1687.1343
2025-09-29 08:00:00,1909.0,1470.0608
2025-09-29 09:00:00,1734.0,1510.7963
2025-09-29 10:00:00,1798.0,1448.3737
2025-09-29 11:00:00,1740.0,1439.9833
2025-09-29 12:00:00,1579.0,1399.4723
2025-09-29 13:00:00,1431.0,1378.8064
2025-09-29 14:00:00,1414.0,1460.6411
2025-09-29 15:00:00,1749.0,1888.8577
2025-09-29 16:00:00,2222.0,2406.1152
2025-09-29 17:00:00,2484.0,2460.3384
2025-09-29 18:00:00,2095.0,1911.8567
2025-09-29 19:00:00,1178.0,1079.7772
2025-09-29 20:00:00,804.0,796.85974
2025-09-29 21:00:00,714.0,1399.5448
2025-09-29 22:00:00,497.0,587.84705
2025-09-29 23:00:00,292.0,421.6399
2025-09-30 00:00:00,149.0,226.38312
2025-09-30 01:00:00,86.0,120.20703
2025-09-30 02:00:00,62.0,96.73462
2025-09-30 03:00:00,50.0,97.43152
2025-09-30 04:00:00,117.0,120.363464
2025-09-30 05:00:00,468.0,277.43146
2025-09-30 06:00:00,1356.0,1044.3896
2025-09-30 07:00:00,1716.0,1704.4722
2025-09-30 08:00:00,1836.0,1640.5604
2025-09-30 09:00:00,1559.0,1508.5889
2025-09-30 10:00:00,1550.0,1416.0487
2025-09-30 11:00:00,1551.0,1378.9482
2025-09-30 12:00:00,1461.0,1379.9497
2025-09-30 13:00:00,1345.0,1382.0393
2025-09-30 14:00:00,1587.0,1424.9645
2025-09-30 15:00:00,1857.0,1849.2466
2025-09-30 16:00:00,2490.0,2474.3818
2025-09-30 17:00:00,2739.0,2511.9531
2025-09-30 18:00:00,2160.0,2019.3324
2025-09-30 19:00:00,1324.0,1162.3722
2025-09-30 20:00:00,902.0,866.27637
2025-09-30 21:00:00,780.0,741.86304
2025-09-30 22:00:00,621.0,626.823
2025-09-30 23:00:00,462.0,451.18152
2025-10-01 00:00:00,183.0,234.8446
2025-10-01 01:00:00,86.0,127.356384
2025-10-01 02:00:00,43.0,100.53607
2025-10-01 03:00:00,69.0,97.86688
2025-10-01 04:00:00,102.0,379.8061
2025-10-01 05:00:00,470.0,268.53198
2025-10-01 06:00:00,1342.0,948.64935
2025-10-01 07:00:00,1801.0,1673.702
2025-10-01 08:00:00,1880.0,1383.2161
2025-10-01 09:00:00,1629.0,1517.2797
2025-10-01 10:00:00,1663.0,1466.098
2025-10-01 11:00:00,1631.0,1453.8724
2025-10-01 12:00:00,1700.0,1447.9615
2025-10-01 13:00:00,1589.0,1440.9036
2025-10-01 14:00:00,1688.0,1503.5375
2025-10-01 15:00:00,1883.0,1870.5038
2025-10-01 16:00:00,2493.0,2468.526
2025-10-01 17:00:00,2765.0,2513.1719
2025-10-01 18:00:00,2192.0,2043.6036
2025-10-01 19:00:00,1371.0,1195.576
2025-10-01 20:00:00,895.0,886.81335
2025-10-01 21:00:00,797.0,790.34766
2025-10-01 22:00:00,549.0,693.79004
2025-10-01 23:00:00,377.0,476.92163
2025-10-02 00:00:00,171.0,281.39117
2025-10-02 01:00:00,79.0,131.24182
2025-10-02 02:00:00,73.0,97.69592
2025-10-02 03:00:00,53.0,87.098145
2025-10-02 04:00:00,110.0,102.16687
2025-10-02 05:00:00,470.0,289.13977
2025-10-02 06:00:00,1394.0,879.0094
2025-10-02 07:00:00,1863.0,1613.877
2025-10-02 08:00:00,2012.0,1623.5657
2025-10-02 09:00:00,1852.0,1541.7859
2025-10-02 10:00:00,1878.0,1554.8356
2025-10-02 11:00:00,1734.0,1555.766
2025-10-02 12:00:00,1617.0,1546.7208
2025-10-02 13:00:00,1596.0,1576.0072
2025-10-02 14:00:00,1692.0,1710.2991
2025-10-02 15:00:00,1977.0,2143.6687
2025-10-02 16:00:00,2598.0,2538.982
2025-10-02 17:00:00,2813.0,2535.229
2025-10-02 18:00:00,2271.0,2224.6099
2025-10-02 19:00:00,1199.0,1355.5967
2025-10-02 20:00:00,1027.0,950.9481
2025-10-02 21:00:00,862.0,849.624
2025-10-02 22:00:00,719.0,744.5848
2025-10-02 23:00:00,464.0,582.0367
2025-10-03 00:00:00,271.0,318.63226
2025-10-03 01:00:00,158.0,147.48322
2025-10-03 02:00:00,65.0,95.79529
2025-10-03 03:00:00,70.0,79.23535
2025-10-03 04:00:00,138.0,95.44214
2025-10-03 05:00:00,409.0,174.2052
2025-10-03 06:00:00,1230.0,840.3043
2025-10-03 07:00:00,1676.0,1517.844
2025-10-03 08:00:00,1647.0,1681.4614
2025-10-03 09:00:00,1756.0,1589.0071
2025-10-03 10:00:00,1911.0,1594.725
2025-10-03 11:00:00,1956.0,1607.746
2025-10-03 12:00:00,2032.0,1664.407
2025-10-03 13:00:00,2121.0,1789.0947
2025-10-03 14:00:00,2326.0,2095.542
2025-10-03 15:00:00,2583.0,2473.5806
2025-10-03 16:00:00,3028.0,2615.6272
2025-10-03 17:00:00,2872.0,2569.8257
2025-10-03 18:00:00,2288.0,2349.214
2025-10-03 19:00:00,1722.0,1652.0669
2025-10-03 20:00:00,1146.0,1080.8871
2025-10-03 21:00:00,851.0,898.6079
2025-10-03 22:00:00,776.0,776.6641
2025-10-03 23:00:00,730.0,632.59326
2025-10-04 00:00:00,431.0,541.5891
2025-10-04 01:00:00,218.0,369.6869
2025-10-04 02:00:00,164.0,224.10443
2025-10-04 03:00:00,104.0,160.7063
2025-10-04 04:00:00,119.0,153.31519
2025-10-04 05:00:00,217.0,188.45123
2025-10-04 06:00:00,494.0,349.0182
2025-10-04 07:00:00,947.0,878.698
2025-10-04 08:00:00,1534.0,1379.0159
2025-10-04 09:00:00,2204.0,1857.7681
2025-10-04 10:00:00,2567.0,2144.6133
2025-10-04 11:00:00,2647.0,2193.0083
2025-10-04 12:00:00,2263.0,2185.4097
2025-10-04 13:00:00,2088.0,2087.7468
2025-10-04 14:00:00,1912.0,1889.0583
2025-10-04 15:00:00,1495.0,1763.6614
2025-10-04 16:00:00,1755.0,1698.2235
2025-10-04 17:00:00,1747.0,1595.2323
2025-10-04 18:00:00,1350.0,1287.4414
2025-10-04 19:00:00,935.0,1047.7501
2025-10-04 20:00:00,790.0,843.79474
2025-10-04 21:00:00,758.0,799.8877
2025-10-04 22:00:00,739.0,711.5489
2025-10-04 23:00:00,735.0,667.12585
2025-10-05 00:00:00,512.0,488.1297
2025-10-05 01:00:00,301.0,374.8954
2025-10-05 02:00:00,206.0,239.50604
2025-10-05 03:00:00,143.0,184.24261
2025-10-05 04:00:00,118.0,172.02124
2025-10-05 05:00:00,126.0,193.21704
2025-10-05 06:00:00,219.0,249.18164
2025-10-05 07:00:00,417.0,440.2032
2025-10-05 08:00:00,726.0,685.94556
2025-10-05 09:00:00,1256.0,1132.0853
2025-10-05 10:00:00,1886.0,1651.3547
2025-10-05 11:00:00,2146.0,1825.1122
2025-10-05 12:00:00,1984.0,1763.124
2025-10-05 13:00:00,1865.0,1623.2695
2025-10-05 14:00:00,1696.0,1552.0764
2025-10-05 15:00:00,1547.0,1487.7504
2025-10-05 16:00:00,1566.0,1457.8535
2025-10-05 17:00:00,1529.0,1447.7593
2025-10-05 18:00:00,1321.0,1266.2445
2025-10-05 19:00:00,1030.0,1061.9014
2025-10-05 20:00:00,868.0,901.5491
2025-10-05 21:00:00,679.0,759.8801
2025-10-05 22:00:00,456.0,685.9846
2025-10-05 23:00:00,285.0,582.11053
2025-10-06 00:00:00,124.0,222.85895
2025-10-06 01:00:00,75.0,113.72131
2025-10-06 02:00:00,34.0,83.20154
2025-10-06 03:00:00,46.0,86.19336
2025-10-06 04:00:00,117.0,162.07153
2025-10-06 05:00:00,481.0,303.53424
2025-10-06 06:00:00,1362.0,1082.9996
2025-10-06 07:00:00,1682.0,1677.367
2025-10-06 08:00:00,1637.0,1645.8748
2025-10-06 09:00:00,1622.0,1525.9078
2025-10-06 10:00:00,1643.0,1443.1519
2025-10-06 11:00:00,1799.0,1397.6284
2025-10-06 12:00:00,1574.0,1371.048
2025-10-06 13:00:00,1579.0,1372.4225
2025-10-06 14:00:00,1696.0,1428.957
2025-10-06 15:00:00,1952.0,1839.1958
2025-10-06 16:00:00,2484.0,2432.6965
2025-10-06 17:00:00,2589.0,2447.215
2025-10-06 18:00:00,2105.0,1902.3019
2025-10-06 19:00:00,1361.0,1056.5262
2025-10-06 20:00:00,938.0,787.4336
2025-10-06 21:00:00,734.0,677.3616
2025-10-06 22:00:00,620.0,574.76746
2025-10-06 23:00:00,448.0,407.14703
2025-10-07 00:00:00,121.0,211.32147
2025-10-07 01:00:00,66.0,117.4516
2025-10-07 02:00:00,67.0,92.186035
2025-10-07 03:00:00,52.0,93.786255
2025-10-07 04:00:00,126.0,119.2876
2025-10-07 05:00:00,429.0,283.562
2025-10-07 06:00:00,1229.0,1028.3147
2025-10-07 07:00:00,1647.0,1703.929
2025-10-07 08:00:00,1697.0,1658.5764
2025-10-07 09:00:00,1635.0,1599.266
2025-10-07 10:00:00,1785.0,1483.0125
2025-10-07 11:00:00,1644.0,1426.4838
2025-10-07 12:00:00,1530.0,1397.9888
2025-10-07 13:00:00,1517.0,1393.5264
2025-10-07 14:00:00,1588.0,1427.3535
2025-10-07 15:00:00,1889.0,1813.7886
2025-10-07 16:00:00,2489.0,2381.7515
2025-10-07 17:00:00,2713.0,2493.8247
2025-10-07 18:00:00,2000.0,1910.7083
2025-10-07 19:00:00,1286.0,1152.5662
2025-10-07 20:00:00,772.0,855.50616
2025-10-07 21:00:00,719.0,731.65497
2025-10-07 22:00:00,590.0,615.32104
2025-10-07 23:00:00,314.0,428.53552
2025-10-08 00:00:00,123.0,233.4397
2025-10-08 01:00:00,88.0,127.13391
2025-10-08 02:00:00,50.0,99.67462
2025-10-08 03:00:00,55.0,96.911255
2025-10-08 04:00:00,127.0,114.791016
2025-10-08 05:00:00,456.0,268.01587
2025-10-08 06:00:00,1260.0,993.9755
2025-10-08 07:00:00,1761.0,1672.5569
2025-10-08 08:00:00,1792.0,1630.5947
2025-10-08 09:00:00,1804.0,1517.3579
2025-10-08 10:00:00,1867.0,1452.6047
2025-10-08 11:00:00,1656.0,1424.9272
2025-10-08 12:00:00,1481.0,1429.8564
2025-10-08 13:00:00,1521.0,1444.0842
2025-10-08 14:00:00,1630.0,1488.9952
2025-10-08 15:00:00,1866.0,1862.5088
2025-10-08 16:00:00,2449.0,2475.7563
2025-10-08 17:00:00,2758.0,2524.132
2025-10-08 18:00:00,2021.0,2034.4497
2025-10-08 19:00:00,1229.0,1191.9886
2025-10-08 20:00:00,848.0,888.005
2025-10-08 21:00:00,700.0,793.8069
2025-10-08 22:00:00,576.0,693.6232
2025-10-08 23:00:00,349.0,477.8661
2025-10-09 00:00:00,137.0,280.1234
2025-10-09 01:00:00,73.0,129.87537
2025-10-09 02:00:00,47.0,97.02124
2025-10-09 03:00:00,55.0,87.9613
2025-10-09 04:00:00,117.0,105.978455
2025-10-09 05:00:00,475.0,237.14435
2025-10-09 06:00:00,1222.0,856.03265
2025-10-09 07:00:00,1753.0,1607.1964
2025-10-09 08:00:00,1650.0,1617.9695
2025-10-09 09:00:00,1733.0,1539.9203
2025-10-09 10:00:00,1782.0,1521.2048
2025-10-09 11:00:00,1770.0,1519.9341
2025-10-09 12:00:00,1563.0,1529.6125
2025-10-09 13:00:00,1708.0,1566.7688
2025-10-09 14:00:00,1752.0,1731.2783
2025-10-09 15:00:00,1888.0,2144.6943
2025-10-09 16:00:00,2574.0,2540.4739
2025-10-09 17:00:00,2689.0,2537.6724
2025-10-09 18:00:00,1966.0,2166.0781
2025-10-09 19:00:00,1411.0,1311.0964
2025-10-09 20:00:00,928.0,950.07043
2025-10-09 21:00:00,752.0,848.301
2025-10-09 22:00:00,593.0,744.70435
2025-10-09 23:00:00,421.0,570.588
2025-10-10 00:00:00,231.0,311.8241
2025-10-10 01:00:00,101.0,145.32184
2025-10-10 02:00:00,64.0,97.42224
2025-10-10 03:00:00,74.0,83.04541
2025-10-10 04:00:00,107.0,98.31427
2025-10-10 05:00:00,403.0,166.52509
2025-10-10 06:00:00,1234.0,852.92676
2025-10-10 07:00:00,1489.0,1552.3168
2025-10-10 08:00:00,1613.0,1610.9794
2025-10-10 09:00:00,1828.0,1588.4446
2025-10-10 10:00:00,2047.0,1596.203
2025-10-10 11:00:00,2072.0,1615.0388
2025-10-10 12:00:00,1910.0,1676.8785
2025-10-10 13:00:00,2118.0,1779.4744
2025-10-10 14:00:00,2001.0,2062.556
2025-10-10 15:00:00,2410.0,2468.4446
2025-10-10 16:00:00,2833.0,2606.4917
2025-10-10 17:00:00,2743.0,2557.1914
2025-10-10 18:00:00,2293.0,2318.108
2025-10-10 19:00:00,1579.0,1639.6775
2025-10-10 20:00:00,1122.0,1074.5312
2025-10-10 21:00:00,817.0,894.4758
2025-10-10 22:00:00,686.0,773.63965
2025-10-10 23:00:00,623.0,629.5866
2025-10-11 00:00:00,391.0,539.4522
2025-10-11 01:00:00,205.0,369.54523
2025-10-11 02:00:00,122.0,224.25427
2025-10-11 03:00:00,106.0,160.72626
2025-10-11 04:00:00,135.0,154.48822
2025-10-11 05:00:00,223.0,188.30017
2025-10-11 06:00:00,480.0,346.42493
2025-10-11 07:00:00,943.0,874.7922
2025-10-11 08:00:00,1709.0,1357.671
2025-10-11 09:00:00,2270.0,1860.6033
2025-10-11 10:00:00,2582.0,2081.9426
2025-10-11 11:00:00,2459.0,2120.3777
2025-10-11 12:00:00,2346.0,2103.025
2025-10-11 13:00:00,2054.0,2029.4614
2025-10-11 14:00:00,1862.0,1901.459
2025-10-11 15:00:00,1799.0,1750.3247
2025-10-11 16:00:00,1822.0,1690.3687
2025-10-11 17:00:00,1600.0,1559.0262
2025-10-11 18:00:00,1444.0,1312.7147
2025-10-11 19:00:00,1161.0,1044.3362
2025-10-11 20:00:00,921.0,864.86584
2025-10-11 21:00:00,753.0,806.3207
2025-10-11 22:00:00,775.0,743.3922
2025-10-11 23:00:00,678.0,662.8034
2025-10-12 00:00:00,568.0,484.1496
2025-10-12 01:00:00,363.0,375.80658
2025-10-12 02:00:00,201.0,243.36102
2025-10-12 03:00:00,128.0,189.44116
2025-10-12 04:00:00,118.0,175.32886
2025-10-12 05:00:00,147.0,193.96118
2025-10-12 06:00:00,252.0,256.85107
2025-10-12 07:00:00,468.0,439.71332
2025-10-12 08:00:00,1035.0,686.10516
2025-10-12 09:00:00,1728.0,1112.1171
2025-10-12 10:00:00,2187.0,1564.0437
2025-10-12 11:00:00,2168.0,1699.9459
2025-10-12 12:00:00,1984.0,1688.3433
2025-10-12 13:00:00,1944.0,1606.2213
2025-10-12 14:00:00,1712.0,1523.7485
2025-10-12 15:00:00,1498.0,1472.5947
2025-10-12 16:00:00,1552.0,1443.6033
2025-10-12 17:00:00,1470.0,1443.9829
2025-10-12 18:00:00,1285.0,1266.0537
2025-10-12 19:00:00,1178.0,1068.6987
2025-10-12 20:00:00,914.0,902.06036
2025-10-12 21:00:00,687.0,808.8916
2025-10-12 22:00:00,539.0,682.3529
2025-10-12 23:00:00,341.0,575.8339
2025-10-13 00:00:00,113.0,221.0434
2025-10-13 01:00:00,66.0,119.08795
2025-10-13 02:00:00,35.0,84.62097
2025-10-13 03:00:00,57.0,90.21619
2025-10-13 04:00:00,138.0,135.32782
2025-10-13 05:00:00,458.0,289.14172
2025-10-13 06:00:00,1330.0,1064.4719
2025-10-13 07:00:00,1779.0,1677.0248
2025-10-13 08:00:00,1632.0,1644.2357
2025-10-13 09:00:00,1648.0,1525.9254
2025-10-13 10:00:00,1678.0,1443.5803
2025-10-13 11:00:00,1603.0,1399.5245
2025-10-13 12:00:00,1506.0,1368.4117
2025-10-13 13:00:00,1457.0,1369.5905
2025-10-13 14:00:00,1561.0,1428.398
2025-10-13 15:00:00,1714.0,1837.4243
2025-10-13 16:00:00,2313.0,2433.7314
2025-10-13 17:00:00,2700.0,2445.728
2025-10-13 18:00:00,1938.0,1898.1681
2025-10-13 19:00:00,1114.0,1053.2509
2025-10-13 20:00:00,730.0,787.5423
2025-10-13 21:00:00,558.0,675.2026
2025-10-13 22:00:00,452.0,572.75476
2025-10-13 23:00:00,297.0,405.67816
2025-10-14 00:00:00,129.0,210.46014
2025-10-14 01:00:00,72.0,117.75256
2025-10-14 02:00:00,43.0,91.86182
2025-10-14 03:00:00,52.0,93.6991
2025-10-14 04:00:00,131.0,119.183655
2025-10-14 05:00:00,415.0,282.74725
2025-10-14 06:00:00,1285.0,1022.51013
2025-10-14 07:00:00,1720.0,1702.4038
2025-10-14 08:00:00,1729.0,1634.1975
2025-10-14 09:00:00,1574.0,1505.8984
2025-10-14 10:00:00,1593.0,1412.8468
2025-10-14 11:00:00,1580.0,1378.0056
2025-10-14 12:00:00,1411.0,1377.8984
2025-10-14 13:00:00,1479.0,1381.1929
2025-10-14 14:00:00,1446.0,1413.6992
2025-10-14 15:00:00,1873.0,1789.0203
2025-10-14 16:00:00,2510.0,2450.0564
2025-10-14 17:00:00,2773.0,2507.608
2025-10-14 18:00:00,2107.0,1942.9177
2025-10-14 19:00:00,1278.0,1158.304
2025-10-14 20:00:00,771.0,853.53644
2025-10-14 21:00:00,678.0,731.5215
2025-10-14 22:00:00,580.0,615.09863
2025-10-14 23:00:00,322.0,422.55493
2025-10-15 00:00:00,124.0,232.4162
2025-10-15 01:00:00,81.0,126.31384
2025-10-15 02:00:00,52.0,99.12219
2025-10-15 03:00:00,36.0,95.9574
2025-10-15 04:00:00,117.0,115.05316
2025-10-15 05:00:00,415.0,268.02148
2025-10-15 06:00:00,1305.0,1001.252
2025-10-15 07:00:00,1784.0,1676.7393
2025-10-15 08:00:00,1838.0,1630.412
2025-10-15 09:00:00,1761.0,1516.4453
2025-10-15 10:00:00,1728.0,1451.7881
2025-10-15 11:00:00,1532.0,1425.024
2025-10-15 12:00:00,1509.0,1429.7935
2025-10-15 13:00:00,1570.0,1443.7891
2025-10-15 14:00:00,1705.0,1486.7783
2025-10-15 15:00:00,1955.0,1899.138
2025-10-15 16:00:00,2504.0,2479.9321
2025-10-15 17:00:00,2896.0,2531.1545
2025-10-15 18:00:00,2065.0,2031.0322
2025-10-15 19:00:00,1355.0,1188.7986
2025-10-15 20:00:00,880.0,888.1372
2025-10-15 21:00:00,737.0,795.32336
2025-10-15 22:00:00,627.0,692.5973
2025-10-15 23:00:00,363.0,476.8966
2025-10-16 00:00:00,169.0,278.79913
2025-10-16 01:00:00,82.0,128.77191
2025-10-16 02:00:00,51.0,96.80078
2025-10-16 03:00:00,53.0,86.628174
2025-10-16 04:00:00,111.0,104.09515
2025-10-16 05:00:00,432.0,237.24866
2025-10-16 06:00:00,1394.0,855.5173
2025-10-16 07:00:00,1762.0,1610.0804
2025-10-16 08:00:00,1753.0,1620.7637
2025-10-16 09:00:00,1761.0,1539.7452
2025-10-16 10:00:00,1841.0,1521.786
2025-10-16 11:00:00,1759.0,1520.8142
2025-10-16 12:00:00,1659.0,1531.2275
2025-10-16 13:00:00,1652.0,1563.5444
2025-10-16 14:00:00,1703.0,1723.457
2025-10-16 15:00:00,2018.0,2150.3694
2025-10-16 16:00:00,2684.0,2550.1545
2025-10-16 17:00:00,2885.0,2543.8726
2025-10-16 18:00:00,2265.0,2203.8223
2025-10-16 19:00:00,1621.0,1332.558
2025-10-16 20:00:00,973.0,949.36365
2025-10-16 21:00:00,822.0,848.40857
2025-10-16 22:00:00,667.0,742.09216
2025-10-16 23:00:00,423.0,573.64044
2025-10-17 00:00:00,205.0,313.3515
2025-10-17 01:00:00,105.0,144.89148
2025-10-17 02:00:00,60.0,95.787476
2025-10-17 03:00:00,62.0,80.17688
2025-10-17 04:00:00,126.0,96.91162
2025-10-17 05:00:00,384.0,168.18591
2025-10-17 06:00:00,1199.0,837.9119
2025-10-17 07:00:00,1714.0,1548.037
2025-10-17 08:00:00,1732.0,1610.1158
2025-10-17 09:00:00,1738.0,1586.0037
2025-10-17 10:00:00,1857.0,1593.0363
2025-10-17 11:00:00,1968.0,1605.6213
2025-10-17 12:00:00,1852.0,1663.9573
2025-10-17 13:00:00,2023.0,1785.5952
2025-10-17 14:00:00,2319.0,2091.7646
2025-10-17 15:00:00,2325.0,2472.2686
2025-10-17 16:00:00,2958.0,2615.6194
2025-10-17 17:00:00,2796.0,2567.403
2025-10-17 18:00:00,703.0,2340.152
2025-10-17 19:00:00,732.0,1639.1697
2025-10-17 20:00:00,1227.0,1074.6602
2025-10-17 21:00:00,834.0,893.7687
2025-10-17 22:00:00,860.0,774.1328
2025-10-17 23:00:00,761.0,629.31213
2025-10-18 00:00:00,455.0,543.1621
2025-10-18 01:00:00,244.0,371.33362
2025-10-18 02:00:00,147.0,223.49988
2025-10-18 03:00:00,114.0,158.96472
2025-10-18 04:00:00,135.0,148.3388
2025-10-18 05:00:00,233.0,183.97284
2025-10-18 06:00:00,468.0,331.6944
2025-10-18 07:00:00,1040.0,847.2511
2025-10-18 08:00:00,1826.0,1378.0907
2025-10-18 09:00:00,2407.0,1890.0121
2025-10-18 10:00:00,2680.0,2171.6013
2025-10-18 11:00:00,2428.0,2205.4111
2025-10-18 12:00:00,2168.0,2185.4146
2025-10-18 13:00:00,2004.0,2102.113
2025-10-18 14:00:00,1851.0,1968.7844
2025-10-18 15:00:00,1784.0,1820.7415
2025-10-18 16:00:00,1843.0,1700.8798
2025-10-18 17:00:00,1906.0,1559.4291
2025-10-18 18:00:00,1469.0,1305.0714
2025-10-18 19:00:00,1168.0,1035.9912
2025-10-18 20:00:00,891.0,861.67163
2025-10-18 21:00:00,872.0,803.06665
2025-10-18 22:00:00,829.0,746.6438
2025-10-18 23:00:00,817.0,670.5597
2025-10-19 00:00:00,529.0,491.01465
2025-10-19 01:00:00,311.0,376.0619
2025-10-19 02:00:00,211.0,236.43463
2025-10-19 03:00:00,126.0,181.10248
2025-10-19 04:00:00,116.0,168.17175
2025-10-19 05:00:00,120.0,191.8028
2025-10-19 06:00:00,174.0,249.79108
2025-10-19 07:00:00,378.0,432.57324
2025-10-19 08:00:00,792.0,670.2914
2025-10-19 09:00:00,1415.0,1117.8782
2025-10-19 10:00:00,1790.0,1614.1377
2025-10-19 11:00:00,1859.0,1750.3855
2025-10-19 12:00:00,1793.0,1816.0701
2025-10-19 13:00:00,1016.0,1613.4762
2025-10-19 14:00:00,1545.0,1521.1276
2025-10-19 15:00:00,1587.0,1470.3989
2025-10-19 16:00:00,1638.0,1452.2345
2025-10-19 17:00:00,1633.0,1442.1674
2025-10-19 18:00:00,1395.0,1264.7163
2025-10-19 19:00:00,1240.0,1060.9844
2025-10-19 20:00:00,918.0,902.2606
2025-10-19 21:00:00,738.0,809.9919
2025-10-19 22:00:00,517.0,685.7428
2025-10-19 23:00:00,352.0,580.6654
2025-10-20 00:00:00,128.0,221.06024
2025-10-20 01:00:00,60.0,117.925476
2025-10-20 02:00:00,49.0,84.43445
2025-10-20 03:00:00,48.0,89.57141
2025-10-20 04:00:00,139.0,136.65173
2025-10-20 05:00:00,487.0,288.81024
2025-10-20 06:00:00,1433.0,1050.8049
2025-10-20 07:00:00,1892.0,1678.3477
2025-10-20 08:00:00,1769.0,1641.5789
2025-10-20 09:00:00,1389.0,1526.2749
2025-10-20 10:00:00,1375.0,1442.9191
2025-10-20 11:00:00,1404.0,1396.5056
2025-10-20 12:00:00,1323.0,1367.6819
2025-10-20 13:00:00,1395.0,1369.7177
2025-10-20 14:00:00,1461.0,1427.4283
2025-10-20 15:00:00,1707.0,1834.594
2025-10-20 16:00:00,2460.0,2425.1672
2025-10-20 17:00:00,2770.0,2443.4082
2025-10-20 18:00:00,2106.0,1897.1017
2025-10-20 19:00:00,1133.0,1053.4965
2025-10-20 20:00:00,784.0,786.6604
2025-10-20 21:00:00,263.0,675.619
2025-10-20 22:00:00,543.0,572.29144
2025-10-20 23:00:00,276.0,404.54486
2025-10-21 00:00:00,148.0,209.83777
2025-10-21 01:00:00,63.0,117.09979
2025-10-21 02:00:00,41.0,91.402954
2025-10-21 03:00:00,41.0,92.9436
2025-10-21 04:00:00,120.0,119.14679
2025-10-21 05:00:00,457.0,282.27264
2025-10-21 06:00:00,1381.0,1023.78064
2025-10-21 07:00:00,1800.0,1705.0873
2025-10-21 08:00:00,1836.0,1633.8308
2025-10-21 09:00:00,1509.0,1515.4452
2025-10-21 10:00:00,1332.0,1480.898
2025-10-21 11:00:00,1459.0,1425.0085
2025-10-21 12:00:00,1349.0,1390.9496
2025-10-21 13:00:00,1436.0,1393.4214
2025-10-21 14:00:00,1576.0,1412.8575
2025-10-21 15:00:00,1910.0,1774.1526
2025-10-21 16:00:00,2568.0,2432.5127
2025-10-21 17:00:00,2854.0,2505.0115
2025-10-21 18:00:00,2186.0,2002.616
2025-10-21 19:00:00,1411.0,1153.0637
2025-10-21 20:00:00,810.0,855.1423
2025-10-21 21:00:00,734.0,729.62134
2025-10-21 22:00:00,599.0,613.99976
2025-10-21 23:00:00,358.0,428.62592
2025-10-22 00:00:00,177.0,233.29944
2025-10-22 01:00:00,76.0,126.60913
2025-10-22 02:00:00,42.0,101.37756
2025-10-22 03:00:00,49.0,97.21997
2025-10-22 04:00:00,118.0,112.98004
2025-10-22 05:00:00,422.0,283.18945
2025-10-22 06:00:00,1384.0,1041.1731
2025-10-22 07:00:00,1883.0,1595.6521
2025-10-22 08:00:00,1682.0,1601.2002
2025-10-22 09:00:00,1520.0,1502.8394
2025-10-22 10:00:00,1394.0,1435.7391
2025-10-22 11:00:00,1464.0,1422.5436
2025-10-22 12:00:00,1469.0,1427.3292
2025-10-22 13:00:00,1589.0,1442.0411
2025-10-22 14:00:00,1731.0,1485.1376
2025-10-22 15:00:00,1947.0,1883.1892
2025-10-22 16:00:00,2634.0,2468.7085
2025-10-22 17:00:00,2847.0,2527.566
2025-10-22 18:00:00,2267.0,2006.705
2025-10-22 19:00:00,1381.0,1185.0085
2025-10-22 20:00:00,840.0,889.16724
2025-10-22 21:00:00,818.0,797.29297
2025-10-22 22:00:00,641.0,691.84875
2025-10-22 23:00:00,370.0,478.14294
2025-10-23 00:00:00,150.0,256.216
2025-10-23 01:00:00,82.0,121.832214
2025-10-23 02:00:00,59.0,78.24219
2025-10-23 03:00:00,51.0,88.388794
2025-10-23 04:00:00,115.0,106.40881
2025-10-23 05:00:00,433.0,236.0487
2025-10-23 06:00:00,1407.0,845.3108
2025-10-23 07:00:00,1594.0,1594.6914
2025-10-23 08:00:00,1716.0,1617.6202
2025-10-23 09:00:00,1555.0,1532.2224
2025-10-23 10:00:00,1516.0,1512.6764
2025-10-23 11:00:00,1409.0,1509.6678
2025-10-23 12:00:00,1411.0,1515.5125
2025-10-23 13:00:00,1542.0,1562.9882
2025-10-23 14:00:00,1642.0,1698.7249
2025-10-23 15:00:00,1966.0,2168.1765
2025-10-23 16:00:00,2727.0,2555.8508
2025-10-23 17:00:00,2758.0,2545.0503
2025-10-23 18:00:00,2284.0,2201.0513
2025-10-23 19:00:00,1492.0,1239.0929
2025-10-23 20:00:00,951.0,937.2323
2025-10-23 21:00:00,793.0,813.2058
2025-10-23 22:00:00,754.0,718.9829
2025-10-23 23:00:00,481.0,571.60785
2025-10-24 00:00:00,238.0,311.7657
2025-10-24 01:00:00,106.0,143.83215
2025-10-24 02:00:00,58.0,95.51807
2025-10-24 03:00:00,69.0,79.98096
2025-10-24 04:00:00,116.0,96.42334
2025-10-24 05:00:00,412.0,169.92572
2025-10-24 06:00:00,1148.0,861.9785
2025-10-24 07:00:00,1612.0,1508.6807
2025-10-24 08:00:00,1685.0,1561.718
2025-10-24 09:00:00,1719.0,1592.7805
2025-10-24 10:00:00,1780.0,1637.6953
2025-10-24 11:00:00,1788.0,1613.0544
2025-10-24 12:00:00,1870.0,1661.7504
2025-10-24 13:00:00,1936.0,1768.1489
2025-10-24 14:00:00,2211.0,2042.3529
2025-10-24 15:00:00,2485.0,2449.1963
2025-10-24 16:00:00,2902.0,2619.4294
2025-10-24 17:00:00,2825.0,2572.4233
2025-10-24 18:00:00,2407.0,2352.0562
2025-10-24 19:00:00,1817.0,1638.566
2025-10-24 20:00:00,1127.0,1074.6353
2025-10-24 21:00:00,895.0,895.3842
2025-10-24 22:00:00,946.0,775.2582
2025-10-24 23:00:00,904.0,628.55304
2025-10-25 00:00:00,494.0,529.6333
2025-10-25 01:00:00,271.0,360.6444
2025-10-25 02:00:00,122.0,223.88599
2025-10-25 03:00:00,115.0,160.29932
2025-10-25 04:00:00,119.0,153.48706
2025-10-25 05:00:00,184.0,185.14923
2025-10-25 06:00:00,378.0,333.88806
2025-10-25 07:00:00,801.0,845.4144
2025-10-25 08:00:00,1214.0,1359.6221
2025-10-25 09:00:00,1673.0,1868.1234
2025-10-25 10:00:00,1904.0,2031.7683
2025-10-25 11:00:00,2009.0,2014.1162
2025-10-25 12:00:00,1963.0,2034.1658
2025-10-25 13:00:00,1984.0,1974.7976
2025-10-25 14:00:00,2149.0,1870.6571
2025-10-25 15:00:00,1574.0,1760.344
2025-10-25 16:00:00,1578.0,1694.7014
2025-10-25 17:00:00,2246.0,1569.3132
2025-10-25 18:00:00,1595.0,1243.4603
2025-10-25 19:00:00,1240.0,938.43585
2025-10-25 20:00:00,892.0,839.41187
2025-10-25 21:00:00,890.0,792.3441
2025-10-25 22:00:00,853.0,733.12244
2025-10-25 23:00:00,959.0,644.3533
2025-10-26 00:00:00,639.0,488.24597
2025-10-26 01:00:00,365.0,375.58295
2025-10-26 02:00:00,353.0,239.72534
2025-10-26 03:00:00,117.0,183.3263
2025-10-26 04:00:00,108.0,170.7937
2025-10-26 05:00:00,110.0,211.76306
2025-10-26 06:00:00,147.0,246.27466
2025-10-26 07:00:00,300.0,383.07697
2025-10-26 08:00:00,704.0,614.4313
2025-10-26 09:00:00,1148.0,1097.5072
2025-10-26 10:00:00,1470.0,1571.1204
2025-10-26 11:00:00,1738.0,1812.772
2025-10-26 12:00:00,1645.0,1760.0804
2025-10-26 13:00:00,1693.0,1665.7542
2025-10-26 14:00:00,1626.0,1523.7046
2025-10-26 15:00:00,1726.0,1470.9792
2025-10-26 16:00:00,1915.0,1452.087
2025-10-26 17:00:00,1931.0,1448.197
2025-10-26 18:00:00,1405.0,1261.2959
2025-10-26 19:00:00,1224.0,1047.2662
2025-10-26 20:00:00,998.0,898.3158
2025-10-26 21:00:00,702.0,809.745
2025-10-26 22:00:00,514.0,689.80206
2025-10-26 23:00:00,258.0,585.11444
2025-10-27 00:00:00,107.0,221.04877
2025-10-27 01:00:00,51.0,117.81073
2025-10-27 02:00:00,39.0,84.24353
2025-10-27 03:00:00,45.0,89.16724
2025-10-27 04:00:00,126.0,145.31354
2025-10-27 05:00:00,462.0,303.4781
2025-10-27 06:00:00,1513.0,1060.1779
2025-10-27 07:00:00,1910.0,1587.4609
2025-10-27 08:00:00,1732.0,1589.1926
2025-10-27 09:00:00,1451.0,1514.7236
2025-10-27 10:00:00,1337.0,1439.9692
2025-10-27 11:00:00,1356.0,1384.7773
2025-10-27 12:00:00,1431.0,1359.5514
2025-10-27 13:00:00,1358.0,1358.9971
2025-10-27 14:00:00,1507.0,1403.5405
2025-10-27 15:00:00,1783.0,1786.4905
2025-10-27 16:00:00,2436.0,2351.3872
2025-10-27 17:00:00,2567.0,2401.4248
2025-10-27 18:00:00,2021.0,1871.332
2025-10-27 19:00:00,1137.0,1058.4634
2025-10-27 20:00:00,777.0,784.82056
2025-10-27 21:00:00,615.0,676.4677
2025-10-27 22:00:00,482.0,563.03705
2025-10-27 23:00:00,254.0,403.60907
2025-10-28 00:00:00,130.0,210.71478
2025-10-28 01:00:00,63.0,115.68274
2025-10-28 02:00:00,35.0,90.66589
2025-10-28 03:00:00,45.0,92.2406
2025-10-28 04:00:00,125.0,119.17102
2025-10-28 05:00:00,441.0,281.81152
2025-10-28 06:00:00,1434.0,1025.5599
2025-10-28 07:00:00,1878.0,1709.3411
2025-10-28 08:00:00,1866.0,1718.2324
2025-10-28 09:00:00,1525.0,1568.0062
2025-10-28 10:00:00,1448.0,1477.5835
2025-10-28 11:00:00,1502.0,1411.7107
2025-10-28 12:00:00,1354.0,1395.582
2025-10-28 13:00:00,1362.0,1391.2964
2025-10-28 14:00:00,1541.0,1426.0297
2025-10-28 15:00:00,1937.0,1824.0735
2025-10-28 16:00:00,2548.0,2450.6643
2025-10-28 17:00:00,2862.0,2507.3496
2025-10-28 18:00:00,2295.0,1939.1406
2025-10-28 19:00:00,1429.0,1157.5466
2025-10-28 20:00:00,833.0,853.03644
2025-10-28 21:00:00,821.0,729.7002
2025-10-28 22:00:00,756.0,612.955
2025-10-28 23:00:00,475.0,419.01404
2025-10-29 00:00:00,155.0,230.47278
2025-10-29 01:00:00,86.0,125.79913
2025-10-29 02:00:00,46.0,98.42236
2025-10-29 03:00:00,44.0,94.69495
2025-10-29 04:00:00,112.0,115.63562
2025-10-29 05:00:00,414.0,267.84674
2025-10-29 06:00:00,1374.0,999.989
2025-10-29 07:00:00,1862.0,1715.6494
2025-10-29 08:00:00,1756.0,1703.792
2025-10-29 09:00:00,1564.0,1583.0806
2025-10-29 10:00:00,1533.0,1506.9209
2025-10-29 11:00:00,1475.0,1463.3544
2025-10-29 12:00:00,1596.0,1445.6547
2025-10-29 13:00:00,1615.0,1460.9193
2025-10-29 14:00:00,1876.0,1502.6152
2025-10-29 15:00:00,2061.0,1886.0277
2025-10-29 16:00:00,2725.0,2481.0898
2025-10-29 17:00:00,2934.0,2532.1055
2025-10-29 18:00:00,2307.0,2031.1774
2025-10-29 19:00:00,1305.0,1184.2704
2025-10-29 20:00:00,885.0,885.8838
2025-10-29 21:00:00,773.0,792.2529
2025-10-29 22:00:00,674.0,672.53595
2025-10-29 23:00:00,398.0,492.23358
2025-10-30 00:00:00,227.0,344.97803
2025-10-30 01:00:00,87.0,115.19116
2025-10-30 02:00:00,49.0,95.71643
2025-10-30 03:00:00,55.0,86.82068
2025-10-30 04:00:00,117.0,104.986084
2025-10-30 05:00:00,456.0,249.56189
2025-10-30 06:00:00,1354.0,882.3097
2025-10-30 07:00:00,1854.0,1609.6044
2025-10-30 08:00:00,1812.0,1572.3362
2025-10-30 09:00:00,1597.0,1562.2161
2025-10-30 10:00:00,1472.0,1520.2789
2025-10-30 11:00:00,1596.0,1518.7461
2025-10-30 12:00:00,1515.0,1528.423
2025-10-30 13:00:00,1630.0,1561.272
2025-10-30 14:00:00,1712.0,1721.3995
2025-10-30 15:00:00,2075.0,2150.4397
2025-10-30 16:00:00,2759.0,2552.68
2025-10-30 17:00:00,2954.0,2543.484
2025-10-30 18:00:00,2321.0,2194.042
2025-10-30 19:00:00,1480.0,1322.3085
2025-10-30 20:00:00,989.0,948.16534
2025-10-30 21:00:00,821.0,846.0409
2025-10-30 22:00:00,786.0,740.5018
2025-10-30 23:00:00,481.0,568.4076
2025-10-31 00:00:00,225.0,310.2021
2025-10-31 01:00:00,106.0,142.85553
2025-10-31 02:00:00,68.0,95.236694
2025-10-31 03:00:00,60.0,79.67236
2025-10-31 04:00:00,129.0,95.888306
2025-10-31 05:00:00,418.0,168.46637
2025-10-31 06:00:00,1381.0,820.1696
2025-10-31 07:00:00,1788.0,1503.6466
2025-10-31 08:00:00,1708.0,1694.1255
2025-10-31 09:00:00,1696.0,1624.7196
2025-10-31 10:00:00,1737.0,1611.4006
2025-10-31 11:00:00,1762.0,1616.2251
2025-10-31 12:00:00,1881.0,1669.0417
2025-10-31 13:00:00,1914.0,1780.7869
2025-10-31 14:00:00,2225.0,2058.311
2025-10-31 15:00:00,2467.0,2464.0176
2025-10-31 16:00:00,2919.0,2608.2593
2025-10-31 17:00:00,2505.0,2562.2903
2025-10-31 18:00:00,2335.0,2323.38
2025-10-31 19:00:00,1562.0,1628.9656
2025-10-31 20:00:00,1121.0,1069.3912
2025-10-31 21:00:00,908.0,890.9009
2025-10-31 22:00:00,835.0,771.60266
2025-10-31 23:00:00,910.0,626.0627
2025-11-01 00:00:00,486.0,527.59985
2025-11-01 01:00:00,294.0,438.6914
2025-11-01 02:00:00,161.0,370.67072
2025-11-01 03:00:00,146.0,322.35382
2025-11-01 04:00:00,130.0,310.78607
2025-11-01 05:00:00,166.0,337.648
2025-11-01 06:00:00,306.0,421.12244
2025-11-01 07:00:00,670.0,741.02997
2025-11-01 08:00:00,1298.0,1186.7782
2025-11-01 09:00:00,1891.0,1639.3479
2025-11-01 10:00:00,2302.0,1891.1456
2025-11-01 11:00:00,2342.0,1941.1074
2025-11-01 12:00:00,2185.0,1927.4031
2025-11-01 13:00:00,2089.0,1868.2505
2025-11-01 14:00:00,2214.0,1766.7598
2025-11-01 15:00:00,2103.0,1673.0613
2025-11-01 16:00:00,2181.0,1564.8174
2025-11-01 17:00:00,2160.0,1455.2759
2025-11-01 18:00:00,1638.0,1294.3629
2025-11-01 19:00:00,1190.0,1103.6304
2025-11-01 20:00:00,967.0,971.49054
2025-11-01 21:00:00,901.0,822.16003
2025-11-01 22:00:00,870.0,738.9201
2025-11-01 23:00:00,972.0,619.2152
2025-11-02 00:00:00,626.0,490.98633
2025-11-02 01:00:00,335.0,377.56042
2025-11-02 02:00:00,268.0,249.09973
2025-11-02 03:00:00,154.0,188.66382
2025-11-02 04:00:00,149.0,175.03711
2025-11-02 05:00:00,99.0,190.60309
2025-11-02 06:00:00,151.0,289.21735
2025-11-02 07:00:00,229.0,416.64166
2025-11-02 08:00:00,467.0,604.0108
2025-11-02 09:00:00,967.0,1032.7546
2025-11-02 10:00:00,1290.0,1527.2046
2025-11-02 11:00:00,1503.0,1662.3059
2025-11-02 12:00:00,1423.0,1629.2632
2025-11-02 13:00:00,1615.0,1577.5583
2025-11-02 14:00:00,1474.0,1525.4443
2025-11-02 15:00:00,1598.0,1468.6157
2025-11-02 16:00:00,1809.0,1445.4937
2025-11-02 17:00:00,1657.0,1438.3483
2025-11-02 18:00:00,1422.0,1258.0696
2025-11-02 19:00:00,1140.0,988.65765
2025-11-02 20:00:00,930.0,893.7035
2025-11-02 21:00:00,661.0,809.5657
2025-11-02 22:00:00,517.0,685.7491
2025-11-02 23:00:00,291.0,577.9133
2025-11-03 00:00:00,120.0,214.56024
2025-11-03 01:00:00,68.0,112.54645
2025-11-03 02:00:00,42.0,81.590454
2025-11-03 03:00:00,49.0,88.69995
2025-11-03 04:00:00,110.0,143.03113
2025-11-03 05:00:00,478.0,301.6792
2025-11-03 06:00:00,1429.0,1082.8804
2025-11-03 07:00:00,1888.0,1682.4912
2025-11-03 08:00:00,1819.0,1690.5457
2025-11-03 09:00:00,1439.0,1536.2465
2025-11-03 10:00:00,1200.0,1497.8014
2025-11-03 11:00:00,1313.0,1396.1951
2025-11-03 12:00:00,1207.0,1394.598
2025-11-03 13:00:00,1387.0,1388.4067
2025-11-03 14:00:00,1511.0,1434.3516
2025-11-03 15:00:00,1481.0,1799.1377
2025-11-03 16:00:00,2373.0,2376.9854
2025-11-03 17:00:00,2835.0,2459.5186
2025-11-03 18:00:00,2114.0,1916.7637
2025-11-03 19:00:00,1143.0,1056.1893
2025-11-03 20:00:00,740.0,780.5331
2025-11-03 21:00:00,545.0,675.8508
2025-11-03 22:00:00,457.0,567.23474
2025-11-03 23:00:00,263.0,398.46533
2025-11-04 00:00:00,123.0,204.182
2025-11-04 01:00:00,58.0,114.53772
2025-11-04 02:00:00,38.0,88.918945
2025-11-04 03:00:00,46.0,90.40088
2025-11-04 04:00:00,119.0,121.02423
2025-11-04 05:00:00,445.0,292.89703
2025-11-04 06:00:00,1390.0,1038.1531
2025-11-04 07:00:00,1551.0,1710.6055
2025-11-04 08:00:00,1794.0,1701.2511
2025-11-04 09:00:00,1379.0,1584.1926
2025-11-04 10:00:00,1343.0,1474.5679
2025-11-04 11:00:00,1378.0,1417.1124
2025-11-04 12:00:00,1314.0,1394.8232
2025-11-04 13:00:00,1329.0,1390.2842
2025-11-04 14:00:00,1523.0,1424.0541
2025-11-04 15:00:00,1961.0,1804.0432
2025-11-04 16:00:00,2717.0,2419.7087
2025-11-04 17:00:00,2773.0,2507.959
2025-11-04 18:00:00,2239.0,1970.456
2025-11-04 19:00:00,1198.0,1163.3666
2025-11-04 20:00:00,824.0,849.27014
2025-11-04 21:00:00,697.0,725.0002
2025-11-04 22:00:00,573.0,607.98785
2025-11-04 23:00:00,316.0,406.13123
2025-11-05 00:00:00,131.0,223.75946
2025-11-05 01:00:00,56.0,125.22241
2025-11-05 02:00:00,51.0,96.60449
2025-11-05 03:00:00,53.0,92.99536
2025-11-05 04:00:00,104.0,116.79199
2025-11-05 05:00:00,456.0,278.83203
2025-11-05 06:00:00,1391.0,1014.97
2025-11-05 07:00:00,1835.0,1682.8442
2025-11-05 08:00:00,1781.0,1697.0972
2025-11-05 09:00:00,1543.0,1578.3059
2025-11-05 10:00:00,1425.0,1503.7949
2025-11-05 11:00:00,1459.0,1458.3225
2025-11-05 12:00:00,1535.0,1441.8086
2025-11-05 13:00:00,1532.0,1452.4199
2025-11-05 14:00:00,1672.0,1497.238
2025-11-05 15:00:00,1883.0,1883.1793
2025-11-05 16:00:00,2655.0,2473.8105
2025-11-05 17:00:00,2847.0,2533.0254
2025-11-05 18:00:00,2240.0,2059.834
2025-11-05 19:00:00,1426.0,1180.4612
2025-11-05 20:00:00,881.0,871.38727
2025-11-05 21:00:00,794.0,776.7071
2025-11-05 22:00:00,645.0,680.3331
2025-11-05 23:00:00,428.0,454.09277
2025-11-06 00:00:00,149.0,268.16412
2025-11-06 01:00:00,69.0,123.94379
2025-11-06 02:00:00,41.0,94.5824
2025-11-06 03:00:00,49.0,84.74927
2025-11-06 04:00:00,126.0,100.32959
2025-11-06 05:00:00,414.0,247.07526
2025-11-06 06:00:00,1346.0,875.96313
2025-11-06 07:00:00,1853.0,1619.0677
2025-11-06 08:00:00,1819.0,1624.7539
2025-11-06 09:00:00,1510.0,1540.6036
2025-11-06 10:00:00,1476.0,1517.6542
2025-11-06 11:00:00,1537.0,1516.0872
2025-11-06 12:00:00,1543.0,1526.7286
2025-11-06 13:00:00,1527.0,1555.0881
2025-11-06 14:00:00,1663.0,1672.8691
2025-11-06 15:00:00,1995.0,2128.8813
2025-11-06 16:00:00,2748.0,2552.1265
2025-11-06 17:00:00,2963.0,2549.7659
2025-11-06 18:00:00,2313.0,2232.6943
2025-11-06 19:00:00,1352.0,1353.1764
2025-11-06 20:00:00,923.0,938.6327
2025-11-06 21:00:00,827.0,833.1677
2025-11-06 22:00:00,774.0,729.92285
2025-11-06 23:00:00,429.0,553.5707
2025-11-07 00:00:00,187.0,301.65106
2025-11-07 01:00:00,90.0,137.0581
2025-11-07 02:00:00,63.0,91.01611
2025-11-07 03:00:00,57.0,77.35034
2025-11-07 04:00:00,107.0,94.45215
2025-11-07 05:00:00,417.0,178.48389
2025-11-07 06:00:00,1258.0,801.781
2025-11-07 07:00:00,1727.0,1553.3708
2025-11-07 08:00:00,1613.0,1608.2853
2025-11-07 09:00:00,1503.0,1577.2297
2025-11-07 10:00:00,1652.0,1581.2437
2025-11-07 11:00:00,1635.0,1593.1902
2025-11-07 12:00:00,1734.0,1640.8134
2025-11-07 13:00:00,1850.0,1754.8792
2025-11-07 14:00:00,2135.0,2040.4366
2025-11-07 15:00:00,2446.0,2463.7063
2025-11-07 16:00:00,2978.0,2622.6667
2025-11-07 17:00:00,2774.0,2580.7603
2025-11-07 18:00:00,1437.0,2355.5564
2025-11-07 19:00:00,1695.0,1630.2201
2025-11-07 20:00:00,1092.0,1059.5305
2025-11-07 21:00:00,890.0,884.0162
2025-11-07 22:00:00,808.0,769.45874
2025-11-07 23:00:00,779.0,615.92474
2025-11-08 00:00:00,492.0,539.4604
2025-11-08 01:00:00,251.0,372.52936
2025-11-08 02:00:00,134.0,223.2326
2025-11-08 03:00:00,89.0,159.40631
2025-11-08 04:00:00,119.0,147.86719
2025-11-08 05:00:00,162.0,180.56116
2025-11-08 06:00:00,387.0,315.07922
2025-11-08 07:00:00,831.0,793.5134
2025-11-08 08:00:00,1357.0,1369.0652
2025-11-08 09:00:00,1847.0,1878.7134
2025-11-08 10:00:00,2230.0,2085.4019
2025-11-08 11:00:00,2135.0,2117.3267
2025-11-08 12:00:00,2062.0,2092.7097
2025-11-08 13:00:00,1937.0,2019.1721
2025-11-08 14:00:00,1881.0,1897.5636
2025-11-08 15:00:00,1786.0,1749.1512
2025-11-08 16:00:00,2005.0,1664.9736
2025-11-08 17:00:00,2027.0,1552.051
2025-11-08 18:00:00,1621.0,1283.4718
2025-11-08 19:00:00,1198.0,1018.6453
2025-11-08 20:00:00,1026.0,856.2804
2025-11-08 21:00:00,884.0,798.849
2025-11-08 22:00:00,862.0,746.53296
2025-11-08 23:00:00,897.0,667.2285
2025-11-09 00:00:00,566.0,491.33765
2025-11-09 01:00:00,356.0,377.1485
2025-11-09 02:00:00,240.0,239.43866
2025-11-09 03:00:00,137.0,182.02429
2025-11-09 04:00:00,121.0,169.59045
2025-11-09 05:00:00,118.0,191.71808
2025-11-09 06:00:00,169.0,248.59119
2025-11-09 07:00:00,307.0,422.12708
2025-11-09 08:00:00,638.0,648.05835
2025-11-09 09:00:00,1106.0,1087.7924
2025-11-09 10:00:00,1449.0,1543.8955
2025-11-09 11:00:00,1636.0,1673.1111
2025-11-09 12:00:00,1570.0,1667.4088
2025-11-09 13:00:00,1640.0,1587.2057
2025-11-09 14:00:00,1613.0,1516.0051
2025-11-09 15:00:00,1570.0,1466.573
2025-11-09 16:00:00,1709.0,1442.1261
2025-11-09 17:00:00,1819.0,1437.0703
2025-11-09 18:00:00,1487.0,1256.3003
2025-11-09 19:00:00,1126.0,1050.5131
2025-11-09 20:00:00,949.0,903.016
2025-11-09 21:00:00,986.0,812.65967
2025-11-09 22:00:00,540.0,686.28894
2025-11-09 23:00:00,259.0,578.8013
2025-11-10 00:00:00,116.0,214.58777
2025-11-10 01:00:00,62.0,112.00244
2025-11-10 02:00:00,44.0,81.29944
2025-11-10 03:00:00,46.0,88.70093
2025-11-10 04:00:00,129.0,143.6352
2025-11-10 05:00:00,507.0,301.4856
2025-11-10 06:00:00,1456.0,1079.3468
2025-11-10 07:00:00,1772.0,1671.1642
2025-11-10 08:00:00,1763.0,1640.393
2025-11-10 09:00:00,1574.0,1519.8785
2025-11-10 10:00:00,1440.0,1437.9539
2025-11-10 11:00:00,1380.0,1392.2678
2025-11-10 12:00:00,1253.0,1367.9094
2025-11-10 13:00:00,1308.0,1365.887
2025-11-10 14:00:00,1490.0,1416.949
2025-11-10 15:00:00,1768.0,1801.3594
2025-11-10 16:00:00,2460.0,2406.875
2025-11-10 17:00:00,2668.0,2466.2415
2025-11-10 18:00:00,1998.0,1915.1788
2025-11-10 19:00:00,1084.0,1062.3013
2025-11-10 20:00:00,703.0,780.0439
2025-11-10 21:00:00,577.0,677.6166
2025-11-10 22:00:00,473.0,566.4623
2025-11-10 23:00:00,359.0,397.7166
2025-11-11 00:00:00,115.0,203.64575
2025-11-11 01:00:00,69.0,114.55615
2025-11-11 02:00:00,52.0,88.8468
2025-11-11 03:00:00,52.0,90.17346
2025-11-11 04:00:00,109.0,120.97113
2025-11-11 05:00:00,444.0,291.98608
2025-11-11 06:00:00,1400.0,1037.7947
2025-11-11 07:00:00,1775.0,1710.5088
2025-11-11 08:00:00,1840.0,1708.6294
2025-11-11 09:00:00,1478.0,1586.9524
2025-11-11 10:00:00,1373.0,1475.08
2025-11-11 11:00:00,1365.0,1417.1427
2025-11-11 12:00:00,1280.0,1394.0453
2025-11-11 13:00:00,1340.0,1389.9795
2025-11-11 14:00:00,1502.0,1423.5657
2025-11-11 15:00:00,1851.0,1791.4619
2025-11-11 16:00:00,2650.0,2420.0957
2025-11-11 17:00:00,2452.0,2506.685
2025-11-11 18:00:00,2404.0,1964.1626
2025-11-11 19:00:00,1314.0,1163.5483
2025-11-11 20:00:00,835.0,849.7295
2025-11-11 21:00:00,662.0,724.35645
2025-11-11 22:00:00,619.0,607.194
2025-11-11 23:00:00,373.0,405.7981
2025-11-12 00:00:00,155.0,223.31989
2025-11-12 01:00:00,80.0,125.23456
2025-11-12 02:00:00,52.0,96.43384
2025-11-12 03:00:00,42.0,92.92651
2025-11-12 04:00:00,123.0,116.6759
2025-11-12 05:00:00,406.0,278.41486
2025-11-12 06:00:00,1436.0,1012.09424
2025-11-12 07:00:00,1875.0,1681.3672
2025-11-12 08:00:00,1839.0,1704.0637
2025-11-12 09:00:00,1527.0,1578.7278
2025-11-12 10:00:00,1470.0,1504.4419
2025-11-12 11:00:00,1464.0,1458.2197
2025-11-12 12:00:00,1465.0,1441.1816
2025-11-12 13:00:00,1420.0,1452.0977
2025-11-12 14:00:00,1677.0,1494.953
2025-11-12 15:00:00,2078.0,1863.7261
2025-11-12 16:00:00,2668.0,2468.187
2025-11-12 17:00:00,2857.0,2532.5747
2025-11-12 18:00:00,2261.0,2049.552
2025-11-12 19:00:00,1273.0,1175.6088
2025-11-12 20:00:00,894.0,874.7318
2025-11-12 21:00:00,729.0,781.00073
2025-11-12 22:00:00,734.0,681.5102
2025-11-12 23:00:00,382.0,455.40558
2025-11-13 00:00:00,146.0,267.84937
2025-11-13 01:00:00,65.0,123.59308
2025-11-13 02:00:00,47.0,94.38733
2025-11-13 03:00:00,57.0,84.69177
2025-11-13 04:00:00,122.0,101.88428
2025-11-13 05:00:00,436.0,245.10559
2025-11-13 06:00:00,1349.0,862.5758
2025-11-13 07:00:00,1860.0,1616.2128
2025-11-13 08:00:00,1934.0,1621.776
2025-11-13 09:00:00,1655.0,1571.3411
2025-11-13 10:00:00,1500.0,1553.7352
2025-11-13 11:00:00,1544.0,1547.4829
2025-11-13 12:00:00,1461.0,1542.9252
2025-11-13 13:00:00,1535.0,1563.2109
2025-11-13 14:00:00,1613.0,1681.8203
2025-11-13 15:00:00,2079.0,2089.8218
2025-11-13 16:00:00,2755.0,2535.4194
2025-11-13 17:00:00,2841.0,2535.9287
2025-11-13 18:00:00,2402.0,2175.8203
2025-11-13 19:00:00,1445.0,1299.9724
2025-11-13 20:00:00,1010.0,939.0947
2025-11-13 21:00:00,851.0,837.6199
2025-11-13 22:00:00,750.0,732.63293
2025-11-13 23:00:00,433.0,549.26953
2025-11-14 00:00:00,201.0,297.8415
2025-11-14 01:00:00,88.0,135.89862
2025-11-14 02:00:00,52.0,91.95862
2025-11-14 03:00:00,50.0,78.85913
2025-11-14 04:00:00,113.0,95.70557
2025-11-14 05:00:00,430.0,172.97119
2025-11-14 06:00:00,1307.0,823.54346
2025-11-14 07:00:00,1661.0,1546.8076
2025-11-14 08:00:00,1761.0,1602.0217
2025-11-14 09:00:00,1578.0,1575.2487
2025-11-14 10:00:00,1767.0,1583.3011
2025-11-14 11:00:00,1691.0,1606.2461
2025-11-14 12:00:00,1736.0,1641.9639
2025-11-14 13:00:00,1912.0,1764.553
2025-11-14 14:00:00,2126.0,2058.1838
2025-11-14 15:00:00,2461.0,2444.0483
2025-11-14 16:00:00,2885.0,2601.627
2025-11-14 17:00:00,2672.0,2552.7134
2025-11-14 18:00:00,2145.0,2304.7559
2025-11-14 19:00:00,1542.0,1612.4639
2025-11-14 20:00:00,1083.0,1053.2703
2025-11-14 21:00:00,839.0,876.5694
2025-11-14 22:00:00,777.0,758.84454
2025-11-14 23:00:00,813.0,607.216
2025-11-15 00:00:00,541.0,528.9069
2025-11-15 01:00:00,248.0,369.27216
2025-11-15 02:00:00,155.0,226.1214
2025-11-15 03:00:00,114.0,163.12946
2025-11-15 04:00:00,95.0,157.2185
2025-11-15 05:00:00,193.0,185.37299
2025-11-15 06:00:00,366.0,327.3045
2025-11-15 07:00:00,714.0,810.174
2025-11-15 08:00:00,1148.0,1511.4756
2025-11-15 09:00:00,1716.0,2008.0942
2025-11-15 10:00:00,2045.0,2151.587
2025-11-15 11:00:00,2067.0,2193.934
2025-11-15 12:00:00,1956.0,2170.5107
2025-11-15 13:00:00,2056.0,2086.3901
2025-11-15 14:00:00,1873.0,1866.5347
2025-11-15 15:00:00,1822.0,1728.2197
2025-11-15 16:00:00,1831.0,1648.6342
2025-11-15 17:00:00,1911.0,1543.8215
2025-11-15 18:00:00,1597.0,1297.9252
2025-11-15 19:00:00,972.0,1040.1061
2025-11-15 20:00:00,863.0,861.67377
2025-11-15 21:00:00,730.0,804.88464
2025-11-15 22:00:00,815.0,741.85016
2025-11-15 23:00:00,915.0,656.01404
2025-11-16 00:00:00,631.0,488.33423
2025-11-16 01:00:00,427.0,376.60168
2025-11-16 02:00:00,200.0,244.14813
2025-11-16 03:00:00,140.0,187.24103
2025-11-16 04:00:00,139.0,173.40436
2025-11-16 05:00:00,87.0,192.93683
2025-11-16 06:00:00,166.0,250.21826
2025-11-16 07:00:00,237.0,421.5655
2025-11-16 08:00:00,525.0,649.09485
2025-11-16 09:00:00,1030.0,1070.8942
2025-11-16 10:00:00,1332.0,1528.0159
2025-11-16 11:00:00,1568.0,1668.2439
2025-11-16 12:00:00,1513.0,1662.3867
2025-11-16 13:00:00,1506.0,1580.9094
2025-11-16 14:00:00,1548.0,1513.8734
2025-11-16 15:00:00,1544.0,1465.2351
2025-11-16 16:00:00,1641.0,1441.1018
2025-11-16 17:00:00,1736.0,1433.0164
2025-11-16 18:00:00,1423.0,1257.1865
2025-11-16 19:00:00,1102.0,1056.2479
2025-11-16 20:00:00,951.0,905.1717
2025-11-16 21:00:00,796.0,812.84766
2025-11-16 22:00:00,485.0,683.1863
2025-11-16 23:00:00,332.0,574.68256
2025-11-17 00:00:00,125.0,213.38019
2025-11-17 01:00:00,50.0,111.34619
2025-11-17 02:00:00,44.0,80.95776
2025-11-17 03:00:00,41.0,89.77905
2025-11-17 04:00:00,130.0,141.09064
2025-11-17 05:00:00,517.0,300.4804
2025-11-17 06:00:00,1444.0,1084.2874
2025-11-17 07:00:00,1838.0,1578.352
2025-11-17 08:00:00,1649.0,1580.8561
2025-11-17 09:00:00,1413.0,1509.7811
2025-11-17 10:00:00,1267.0,1448.2906
2025-11-17 11:00:00,1274.0,1387.4875
2025-11-17 12:00:00,1217.0,1399.6877
2025-11-17 13:00:00,1308.0,1388.7004
2025-11-17 14:00:00,1450.0,1391.995
2025-11-17 15:00:00,1705.0,1815.0336
2025-11-17 16:00:00,2481.0,2403.7832
2025-11-17 17:00:00,2626.0,2474.4407
2025-11-17 18:00:00,1887.0,1915.309
2025-11-17 19:00:00,1046.0,1072.3743
2025-11-17 20:00:00,756.0,778.80194
2025-11-17 21:00:00,470.0,680.6416
2025-11-17 22:00:00,475.0,566.6013
2025-11-17 23:00:00,266.0,397.3203
2025-11-18 00:00:00,120.0,205.15906
2025-11-18 01:00:00,66.0,114.776794
2025-11-18 02:00:00,34.0,88.392944
2025-11-18 03:00:00,46.0,90.62634
2025-11-18 04:00:00,100.0,121.847595
2025-11-18 05:00:00,429.0,292.9088
2025-11-18 06:00:00,1383.0,1031.6221
2025-11-18 07:00:00,1769.0,1706.4993
2025-11-18 08:00:00,1805.0,1620.0508
2025-11-18 09:00:00,1352.0,1490.2466
2025-11-18 10:00:00,1313.0,1408.5051
2025-11-18 11:00:00,1334.0,1385.5667
2025-11-18 12:00:00,1346.0,1393.6528
2025-11-18 13:00:00,1320.0,1393.6877
2025-11-18 14:00:00,1558.0,1415.9568
2025-11-18 15:00:00,1943.0,1779.2478
2025-11-18 16:00:00,2700.0,2434.7866
2025-11-18 17:00:00,2774.0,2516.311
2025-11-18 18:00:00,2238.0,1993.3253
2025-11-18 19:00:00,1204.0,1190.4113
2025-11-18 20:00:00,789.0,844.547
2025-11-18 21:00:00,703.0,725.73376
2025-11-18 22:00:00,573.0,607.13
2025-11-18 23:00:00,424.0,398.92426
2025-11-19 00:00:00,156.0,224.38422
2025-11-19 01:00:00,57.0,125.82587
2025-11-19 02:00:00,47.0,96.21692
2025-11-19 03:00:00,48.0,91.28223
2025-11-19 04:00:00,103.0,120.76886
2025-11-19 05:00:00,410.0,279.5027
2025-11-19 06:00:00,1352.0,1023.224
2025-11-19 07:00:00,1813.0,1677.4514
2025-11-19 08:00:00,1780.0,1653.5963
2025-11-19 09:00:00,1497.0,1570.8752
2025-11-19 10:00:00,1340.0,1499.0647
2025-11-19 11:00:00,1371.0,1453.0486
2025-11-19 12:00:00,1513.0,1443.298
2025-11-19 13:00:00,1528.0,1441.3661
2025-11-19 14:00:00,1682.0,1491.3032
2025-11-19 15:00:00,2056.0,1901.7993
2025-11-19 16:00:00,2796.0,2491.8335
2025-11-19 17:00:00,2868.0,2544.75
2025-11-19 18:00:00,2151.0,2074.2297
2025-11-19 19:00:00,1274.0,1195.6442
2025-11-19 20:00:00,839.0,867.45386
2025-11-19 21:00:00,701.0,769.9617
2025-11-19 22:00:00,607.0,677.6803
2025-11-19 23:00:00,475.0,450.6718
2025-11-20 00:00:00,166.0,267.45044
2025-11-20 01:00:00,72.0,126.94354
2025-11-20 02:00:00,45.0,75.19653
2025-11-20 03:00:00,47.0,84.61035
2025-11-20 04:00:00,115.0,99.791504
2025-11-20 05:00:00,445.0,246.43542
2025-11-20 06:00:00,1344.0,924.22626
2025-11-20 07:00:00,1822.0,1485.1006
2025-11-20 08:00:00,1691.0,1625.8728
2025-11-20 09:00:00,1377.0,1544.1521
2025-11-20 10:00:00,1271.0,1518.4065
2025-11-20 11:00:00,1307.0,1520.6394
2025-11-20 12:00:00,1323.0,1527.2731
2025-11-20 13:00:00,1509.0,1557.5571
2025-11-20 14:00:00,1613.0,1669.1418
2025-11-20 15:00:00,1857.0,2174.2131
2025-11-20 16:00:00,2560.0,2556.6064
2025-11-20 17:00:00,2660.0,2522.1094
2025-11-20 18:00:00,2092.0,2229.0542
2025-11-20 19:00:00,1310.0,1372.7516
2025-11-20 20:00:00,911.0,946.1321
2025-11-20 21:00:00,796.0,829.5668
2025-11-20 22:00:00,723.0,727.80066
2025-11-20 23:00:00,604.0,552.7362
2025-11-21 00:00:00,193.0,303.15698
2025-11-21 01:00:00,87.0,136.68823
2025-11-21 02:00:00,60.0,179.28778
2025-11-21 03:00:00,51.0,76.00183
2025-11-21 04:00:00,113.0,93.16345
2025-11-21 05:00:00,411.0,188.14478
2025-11-21 06:00:00,1149.0,777.0459
2025-11-21 07:00:00,1513.0,1551.1001
2025-11-21 08:00:00,1510.0,1613.785
2025-11-21 09:00:00,1386.0,1576.699
2025-11-21 10:00:00,1494.0,1579.2925
2025-11-21 11:00:00,1546.0,1591.3998
2025-11-21 12:00:00,1644.0,1640.5691
2025-11-21 13:00:00,1703.0,1748.4155
2025-11-21 14:00:00,2122.0,2031.7332
2025-11-21 15:00:00,2427.0,2466.0505
2025-11-21 16:00:00,2621.0,2635.9155
2025-11-21 17:00:00,2579.0,2597.7925
2025-11-21 18:00:00,2395.0,2370.1414
2025-11-21 19:00:00,1430.0,1668.3403
2025-11-21 20:00:00,1004.0,1064.2528
2025-11-21 21:00:00,772.0,891.47675
2025-11-21 22:00:00,819.0,773.7418
2025-11-21 23:00:00,835.0,621.70325
2025-11-22 00:00:00,478.0,542.89856
2025-11-22 01:00:00,231.0,375.93158
2025-11-22 02:00:00,144.0,223.38068
2025-11-22 03:00:00,99.0,156.63336
2025-11-22 04:00:00,91.0,145.8645
2025-11-22 05:00:00,185.0,180.80109
2025-11-22 06:00:00,358.0,310.0274
2025-11-22 07:00:00,727.0,748.1029
2025-11-22 08:00:00,1102.0,1389.3887
2025-11-22 09:00:00,1652.0,1900.2483
2025-11-22 10:00:00,1913.0,2088.1846
2025-11-22 11:00:00,1989.0,2108.6511
2025-11-22 12:00:00,1897.0,2111.2097
2025-11-22 13:00:00,1904.0,2036.827
2025-11-22 14:00:00,1753.0,1907.0859
2025-11-22 15:00:00,1784.0,1789.3142
2025-11-22 16:00:00,1868.0,1668.0157
2025-11-22 17:00:00,1736.0,1551.4785
2025-11-22 18:00:00,1447.0,1288.2932
2025-11-22 19:00:00,1090.0,1010.3928
2025-11-22 20:00:00,896.0,850.0482
2025-11-22 21:00:00,790.0,791.3965
2025-11-22 22:00:00,864.0,745.3026
2025-11-22 23:00:00,934.0,675.7058
2025-11-23 00:00:00,611.0,493.90143
2025-11-23 01:00:00,369.0,377.25214
2025-11-23 02:00:00,248.0,231.10278
2025-11-23 03:00:00,137.0,164.25702
2025-11-23 04:00:00,88.0,153.38202
2025-11-23 05:00:00,87.0,185.6242
2025-11-23 06:00:00,145.0,244.4209
2025-11-23 07:00:00,272.0,411.82867
2025-11-23 08:00:00,563.0,781.0065
2025-11-23 09:00:00,982.0,1406.3483
2025-11-23 10:00:00,1290.0,1778.3247
2025-11-23 11:00:00,1543.0,1677.2198
2025-11-23 12:00:00,1475.0,1687.9205
2025-11-23 13:00:00,1491.0,1618.4186
2025-11-23 14:00:00,1498.0,1526.6033
2025-11-23 15:00:00,1636.0,1469.7542
2025-11-23 16:00:00,1752.0,1443.3141
2025-11-23 17:00:00,1659.0,1448.6499
2025-11-23 18:00:00,1251.0,1241.0359
2025-11-23 19:00:00,1023.0,1017.2451
2025-11-23 20:00:00,947.0,883.8331
2025-11-23 21:00:00,733.0,810.5874
2025-11-23 22:00:00,440.0,697.2985
2025-11-23 23:00:00,276.0,590.1023
2025-11-24 00:00:00,121.0,227.70575
2025-11-24 01:00:00,55.0,121.75824
2025-11-24 02:00:00,49.0,101.30597
2025-11-24 03:00:00,47.0,112.4043
2025-11-24 04:00:00,116.0,176.11877
2025-11-24 05:00:00,439.0,357.7041
2025-11-24 06:00:00,1435.0,1137.0859
2025-11-24 07:00:00,1831.0,1587.3417
2025-11-24 08:00:00,1767.0,1584.8735
2025-11-24 09:00:00,1331.0,1504.7375
2025-11-24 10:00:00,1327.0,1428.2161
2025-11-24 11:00:00,1319.0,1380.481
2025-11-24 12:00:00,1260.0,1360.236
2025-11-24 13:00:00,1337.0,1365.7451
2025-11-24 14:00:00,1395.0,1399.7559
2025-11-24 15:00:00,1850.0,1751.7681
2025-11-24 16:00:00,2478.0,2327.7314
2025-11-24 17:00:00,2565.0,2398.6228
2025-11-24 18:00:00,1979.0,1873.9198
2025-11-24 19:00:00,1041.0,1110.795
2025-11-24 20:00:00,714.0,774.20667
2025-11-24 21:00:00,561.0,684.9475
2025-11-24 22:00:00,466.0,558.0435
2025-11-24 23:00:00,327.0,399.53418
2025-11-25 00:00:00,131.0,205.73914
2025-11-25 01:00:00,66.0,106.10083
2025-11-25 02:00:00,45.0,74.40698
2025-11-25 03:00:00,41.0,90.5459
2025-11-25 04:00:00,106.0,121.39264
2025-11-25 05:00:00,437.0,291.57202
2025-11-25 06:00:00,1353.0,1031.1396
2025-11-25 07:00:00,1790.0,1712.0979
2025-11-25 08:00:00,1812.0,1621.6998
2025-11-25 09:00:00,1359.0,1498.4307
2025-11-25 10:00:00,1338.0,1406.3546
2025-11-25 11:00:00,1285.0,1378.5303
2025-11-25 12:00:00,1346.0,1363.6447
2025-11-25 13:00:00,1374.0,1363.4875
2025-11-25 14:00:00,1469.0,1446.4452
2025-11-25 15:00:00,1961.0,1751.1216
2025-11-25 16:00:00,2683.0,2358.432
2025-11-25 17:00:00,2814.0,2476.3135
2025-11-25 18:00:00,2222.0,2056.132
2025-11-25 19:00:00,1239.0,1118.7534
2025-11-25 20:00:00,854.0,798.67505
2025-11-25 21:00:00,710.0,725.51013
2025-11-25 22:00:00,663.0,613.12573
2025-11-25 23:00:00,386.0,426.55945
2025-11-26 00:00:00,118.0,225.81647
2025-11-26 01:00:00,86.0,115.957825
2025-11-26 02:00:00,51.0,81.72485
2025-11-26 03:00:00,55.0,83.43591
2025-11-26 04:00:00,111.0,110.858215
2025-11-26 05:00:00,425.0,297.0918
2025-11-26 06:00:00,1299.0,1066.5499
2025-11-26 07:00:00,1745.0,1684.8832
2025-11-26 08:00:00,1771.0,1626.5631
2025-11-26 09:00:00,1370.0,1492.1174
2025-11-26 10:00:00,1191.0,1449.6587
2025-11-26 11:00:00,1409.0,1406.6506
2025-11-26 12:00:00,1483.0,1427.1538
2025-11-26 13:00:00,1508.0,1442.2092
2025-11-26 14:00:00,1693.0,1457.9578
2025-11-26 15:00:00,1957.0,1911.9163
2025-11-26 16:00:00,2650.0,2495.7588
2025-11-26 17:00:00,2759.0,2546.1025
2025-11-26 18:00:00,2019.0,2073.354
2025-11-26 19:00:00,1342.0,1195.8873
2025-11-26 20:00:00,859.0,867.6214
2025-11-26 21:00:00,766.0,746.68915
2025-11-26 22:00:00,724.0,662.8662
2025-11-26 23:00:00,449.0,450.1671
2025-11-27 00:00:00,183.0,267.4583
2025-11-27 01:00:00,68.0,123.16199
2025-11-27 02:00:00,54.0,95.76233
2025-11-27 03:00:00,50.0,84.56433
2025-11-27 04:00:00,115.0,99.56885
2025-11-27 05:00:00,429.0,249.90887
2025-11-27 06:00:00,1349.0,871.5284
2025-11-27 07:00:00,1867.0,1621.4929
2025-11-27 08:00:00,1831.0,1628.1561
2025-11-27 09:00:00,1490.0,1570.1655
2025-11-27 10:00:00,1438.0,1528.5906
2025-11-27 11:00:00,1493.0,1524.0385
2025-11-27 12:00:00,1437.0,1545.0559
2025-11-27 13:00:00,1570.0,1567.7167
2025-11-27 14:00:00,1661.0,1703.6934
2025-11-27 15:00:00,2036.0,2173.148
2025-11-27 16:00:00,2824.0,2557.8806
2025-11-27 17:00:00,2536.0,2554.0867
2025-11-27 18:00:00,2277.0,2242.199
2025-11-27 19:00:00,1527.0,1374.1487
2025-11-27 20:00:00,1040.0,949.7519
2025-11-27 21:00:00,883.0,826.9623
2025-11-27 22:00:00,851.0,726.9286
2025-11-27 23:00:00,628.0,552.7575
2025-11-28 00:00:00,314.0,305.46783
2025-11-28 01:00:00,131.0,137.18451
2025-11-28 02:00:00,88.0,88.89612
2025-11-28 03:00:00,59.0,75.885254
2025-11-28 04:00:00,120.0,95.546875
2025-11-28 05:00:00,377.0,193.68262
2025-11-28 06:00:00,1153.0,771.3276
2025-11-28 07:00:00,1704.0,1549.4084
2025-11-28 08:00:00,1561.0,1660.3267
2025-11-28 09:00:00,1922.0,1616.3628
2025-11-28 10:00:00,1879.0,1603.7649
2025-11-28 11:00:00,1824.0,1603.4526
2025-11-28 12:00:00,1916.0,1640.2965
2025-11-28 13:00:00,1976.0,1733.335
2025-11-28 14:00:00,2275.0,2000.2854
2025-11-28 15:00:00,2640.0,2484.0273
2025-11-28 16:00:00,2497.0,2630.7432
2025-11-28 17:00:00,2315.0,2589.3926
2025-11-28 18:00:00,2217.0,2361.3696
2025-11-28 19:00:00,1532.0,1630.4048
2025-11-28 20:00:00,1178.0,1059.1405
2025-11-28 21:00:00,937.0,885.9856
2025-11-28 22:00:00,986.0,771.3213
2025-11-28 23:00:00,956.0,616.7568
2025-11-29 00:00:00,514.0,539.0049
2025-11-29 01:00:00,282.0,362.18604
2025-11-29 02:00:00,194.0,223.65002
2025-11-29 03:00:00,136.0,158.41577
2025-11-29 04:00:00,114.0,147.36255
2025-11-29 05:00:00,186.0,173.12762
2025-11-29 06:00:00,411.0,306.78998
2025-11-29 07:00:00,841.0,770.7937
2025-11-29 08:00:00,1285.0,1352.2881
2025-11-29 09:00:00,1716.0,1860.2831
2025-11-29 10:00:00,2037.0,2077.502
2025-11-29 11:00:00,2082.0,2112.148
2025-11-29 12:00:00,1916.0,2166.6765
2025-11-29 13:00:00,2109.0,2074.109
2025-11-29 14:00:00,1897.0,1936.123
2025-11-29 15:00:00,1878.0,1784.1051
2025-11-29 16:00:00,1932.0,1658.8903
2025-11-29 17:00:00,1978.0,1547.2805
2025-11-29 18:00:00,1512.0,1278.4382
2025-11-29 19:00:00,1058.0,1012.5673
2025-11-29 20:00:00,972.0,853.1516
2025-11-29 21:00:00,907.0,796.4432
2025-11-29 22:00:00,881.0,746.43835
2025-11-29 23:00:00,914.0,667.2306
2025-11-30 00:00:00,703.0,491.7032
2025-11-30 01:00:00,371.0,378.13702
2025-11-30 02:00:00,219.0,237.80798
2025-11-30 03:00:00,144.0,177.0564
2025-11-30 04:00:00,152.0,163.93365
2025-11-30 05:00:00,125.0,189.37311
2025-11-30 06:00:00,179.0,242.24176
2025-11-30 07:00:00,386.0,417.62878
2025-11-30 08:00:00,575.0,639.96313
2025-11-30 09:00:00,1114.0,1088.2212
2025-11-30 10:00:00,1388.0,1544.5969
2025-11-30 11:00:00,1655.0,1661.1619
2025-11-30 12:00:00,1560.0,1659.3704
2025-11-30 13:00:00,1602.0,1583.5852
2025-11-30 14:00:00,1648.0,1515.1078
2025-11-30 15:00:00,1710.0,1463.9382
2025-11-30 16:00:00,1750.0,1440.9498
2025-11-30 17:00:00,1789.0,1439.3206
2025-11-30 18:00:00,1557.0,1223.7587
2025-11-30 19:00:00,1225.0,982.7487
2025-11-30 20:00:00,980.0,887.17145
2025-11-30 21:00:00,777.0,804.5251
2025-11-30 22:00:00,479.0,696.4112
2025-11-30 23:00:00,277.0,582.1421
2025-12-01 00:00:00,126.0,218.76337
2025-12-01 01:00:00,49.0,110.62244
2025-12-01 02:00:00,32.0,79.56067
2025-12-01 03:00:00,46.0,91.747314
2025-12-01 04:00:00,131.0,153.05878
2025-12-01 05:00:00,471.0,316.56787
2025-12-01 06:00:00,1463.0,1125.1151
2025-12-01 07:00:00,1872.0,1669.6371
2025-12-01 08:00:00,1719.0,1636.6592
2025-12-01 09:00:00,1473.0,1514.2188
2025-12-01 10:00:00,1347.0,1433.4077
2025-12-01 11:00:00,1396.0,1389.9209
2025-12-01 12:00:00,1326.0,1369.2954
2025-12-01 13:00:00,1320.0,1368.3838
2025-12-01 14:00:00,1531.0,1415.1306
2025-12-01 15:00:00,1804.0,1792.5247
2025-12-01 16:00:00,2470.0,2387.177
2025-12-01 17:00:00,2764.0,2481.3438
2025-12-01 18:00:00,1929.0,1941.8527
2025-12-01 19:00:00,1137.0,1093.3898
2025-12-01 20:00:00,801.0,782.1206
2025-12-01 21:00:00,590.0,684.9409
2025-12-01 22:00:00,526.0,570.3555
2025-12-01 23:00:00,295.0,400.67548
2025-12-02 00:00:00,118.0,208.38074
2025-12-02 01:00:00,64.0,117.634705
2025-12-02 02:00:00,44.0,89.71399
2025-12-02 03:00:00,52.0,93.75647
2025-12-02 04:00:00,118.0,126.89087
2025-12-02 05:00:00,433.0,303.89838
2025-12-02 06:00:00,1365.0,1081.8103
2025-12-02 07:00:00,1751.0,1706.5852
2025-12-02 08:00:00,1786.0,1641.8176
2025-12-02 09:00:00,1520.0,1572.9902
2025-12-02 10:00:00,1285.0,1468.0482
2025-12-02 11:00:00,1331.0,1413.2188
2025-12-02 12:00:00,1338.0,1397.0171
2025-12-02 13:00:00,1364.0,1393.5659
2025-12-02 14:00:00,1611.0,1433.6249
2025-12-02 15:00:00,1958.0,1813.6018
2025-12-02 16:00:00,2629.0,2424.3276
2025-12-02 17:00:00,2696.0,2522.5154
2025-12-02 18:00:00,2133.0,2029.0479
2025-12-02 19:00:00,1292.0,1203.3749
2025-12-02 20:00:00,879.0,852.20154
2025-12-02 21:00:00,759.0,726.67175
2025-12-02 22:00:00,674.0,609.99115
2025-12-02 23:00:00,432.0,404.58313
2025-12-03 00:00:00,156.0,228.84924
2025-12-03 01:00:00,61.0,127.838745
2025-12-03 02:00:00,36.0,97.60486
2025-12-03 03:00:00,65.0,93.28064
2025-12-03 04:00:00,107.0,123.11786
2025-12-03 05:00:00,431.0,289.6632
2025-12-03 06:00:00,1398.0,1062.3212
2025-12-03 07:00:00,1870.0,1686.5151
2025-12-03 08:00:00,1824.0,1620.9015
2025-12-03 09:00:00,1529.0,1506.4712
2025-12-03 10:00:00,1444.0,1446.5466
2025-12-03 11:00:00,1508.0,1421.4404
2025-12-03 12:00:00,1568.0,1425.355
2025-12-03 13:00:00,1664.0,1439.6189
2025-12-03 14:00:00,1846.0,1486.5697
2025-12-03 15:00:00,2087.0,1887.262
2025-12-03 16:00:00,2781.0,2491.7402
2025-12-03 17:00:00,2743.0,2552.756
2025-12-03 18:00:00,2075.0,2115.3638
2025-12-03 19:00:00,1247.0,1218.9553
2025-12-03 20:00:00,831.0,870.744
2025-12-03 21:00:00,764.0,770.99615
2025-12-03 22:00:00,716.0,676.902
2025-12-03 23:00:00,417.0,453.55127
2025-12-04 00:00:00,149.0,272.2876
2025-12-04 01:00:00,70.0,124.13043
2025-12-04 02:00:00,32.0,97.11609
2025-12-04 03:00:00,55.0,86.064575
2025-12-04 04:00:00,119.0,102.40338
2025-12-04 05:00:00,448.0,261.20978
2025-12-04 06:00:00,1404.0,932.8428
2025-12-04 07:00:00,1904.0,1630.312
2025-12-04 08:00:00,1774.0,1624.6145
2025-12-04 09:00:00,1588.0,1538.836
2025-12-04 10:00:00,1492.0,1514.5503
2025-12-04 11:00:00,1493.0,1511.8927
2025-12-04 12:00:00,1482.0,1523.3918
2025-12-04 13:00:00,1562.0,1553.4811
2025-12-04 14:00:00,1664.0,1673.8865
2025-12-04 15:00:00,2061.0,2145.479
2025-12-04 16:00:00,2756.0,2560.566
2025-12-04 17:00:00,2912.0,2558.6543
2025-12-04 18:00:00,1964.0,2268.8398
2025-12-04 19:00:00,1391.0,1372.393
2025-12-04 20:00:00,959.0,943.808
2025-12-04 21:00:00,868.0,829.6367
2025-12-04 22:00:00,798.0,728.43365
2025-12-04 23:00:00,547.0,551.3762
2025-12-05 00:00:00,243.0,302.99255
2025-12-05 01:00:00,126.0,137.03644
2025-12-05 02:00:00,58.0,90.19824
2025-12-05 03:00:00,74.0,75.06409
2025-12-05 04:00:00,104.0,101.2265
2025-12-05 05:00:00,411.0,216.33899
2025-12-05 06:00:00,1278.0,830.9099
2025-12-05 07:00:00,1652.0,1372.9061
2025-12-05 08:00:00,1725.0,1550.4935
2025-12-05 09:00:00,1612.0,1582.0093
2025-12-05 10:00:00,1724.0,1573.749
2025-12-05 11:00:00,1819.0,1584.805
2025-12-05 12:00:00,1938.0,1632.1063
2025-12-05 13:00:00,2168.0,1740.7937
2025-12-05 14:00:00,2320.0,2019.1068
2025-12-05 15:00:00,2778.0,2455.3875
2025-12-05 16:00:00,2922.0,2630.5557
2025-12-05 17:00:00,2396.0,2592.2915
2025-12-05 18:00:00,2354.0,2371.2603
2025-12-05 19:00:00,1670.0,1653.5139
2025-12-05 20:00:00,1215.0,1061.816
2025-12-05 21:00:00,969.0,886.28674
2025-12-05 22:00:00,949.0,772.9657
2025-12-05 23:00:00,966.0,620.3489
2025-12-06 00:00:00,597.0,542.7864
2025-12-06 01:00:00,334.0,377.1126
2025-12-06 02:00:00,160.0,226.28717
2025-12-06 03:00:00,140.0,159.87164
2025-12-06 04:00:00,114.0,148.16736
2025-12-06 05:00:00,206.0,180.6778
2025-12-06 06:00:00,516.0,310.52844
2025-12-06 07:00:00,1090.0,784.0453
2025-12-06 08:00:00,1370.0,1382.8667
2025-12-06 09:00:00,1852.0,1885.1688
2025-12-06 10:00:00,2079.0,2093.0166
2025-12-06 11:00:00,2072.0,2141.1965
2025-12-06 12:00:00,2111.0,2094.95
2025-12-06 13:00:00,1969.0,2008.245
2025-12-06 14:00:00,1747.0,1887.7281
2025-12-06 15:00:00,1727.0,1743.0571
2025-12-06 16:00:00,1941.0,1661.8958
2025-12-06 17:00:00,1516.0,1554.2893
2025-12-06 18:00:00,1466.0,1283.3071
2025-12-06 19:00:00,1100.0,1017.973
2025-12-06 20:00:00,957.0,856.07117
2025-12-06 21:00:00,897.0,799.4326
2025-12-06 22:00:00,1003.0,744.59686
2025-12-06 23:00:00,883.0,663.53394
2025-12-07 00:00:00,711.0,492.05304
2025-12-07 01:00:00,409.0,379.25482
2025-12-07 02:00:00,213.0,257.16046
2025-12-07 03:00:00,166.0,189.60443
2025-12-07 04:00:00,125.0,167.08948
2025-12-07 05:00:00,126.0,187.97968
2025-12-07 06:00:00,233.0,247.34314
2025-12-07 07:00:00,441.0,422.42572
2025-12-07 08:00:00,562.0,647.0199
2025-12-07 09:00:00,1061.0,1101.2986
2025-12-07 10:00:00,1360.0,1554.2609
2025-12-07 11:00:00,1587.0,1667.6487
2025-12-07 12:00:00,1571.0,1665.9055
2025-12-07 13:00:00,1628.0,1575.7207
2025-12-07 14:00:00,1576.0,1511.3931
2025-12-07 15:00:00,1639.0,1465.3027
2025-12-07 16:00:00,1740.0,1438.656
2025-12-07 17:00:00,1639.0,1446.314
2025-12-07 18:00:00,1410.0,1218.9352
2025-12-07 19:00:00,1126.0,985.22125
2025-12-07 20:00:00,887.0,882.2748
2025-12-07 21:00:00,819.0,802.3904
2025-12-07 22:00:00,536.0,685.4483
2025-12-07 23:00:00,313.0,577.1379
2025-12-08 00:00:00,191.0,453.4458
2025-12-08 01:00:00,84.0,398.01147
2025-12-08 02:00:00,49.0,368.5343
2025-12-08 03:00:00,46.0,347.85553
2025-12-08 04:00:00,108.0,321.50928
2025-12-08 05:00:00,381.0,356.4688
2025-12-08 06:00:00,1131.0,422.17487
2025-12-08 07:00:00,1305.0,601.924
2025-12-08 08:00:00,1310.0,915.1367
2025-12-08 09:00:00,1369.0,1251.532
2025-12-08 10:00:00,1432.0,1457.3223
2025-12-08 11:00:00,1594.0,1621.4778
2025-12-08 12:00:00,1494.0,1627.4087
2025-12-08 13:00:00,1421.0,1611.0408
2025-12-08 14:00:00,1604.0,1593.5653
2025-12-08 15:00:00,1789.0,1621.0266
2025-12-08 16:00:00,2488.0,1627.7273
2025-12-08 17:00:00,2633.0,1515.418
2025-12-08 18:00:00,1975.0,1290.3595
2025-12-08 19:00:00,1302.0,1135.3322
2025-12-08 20:00:00,863.0,939.10004
2025-12-08 21:00:00,658.0,804.8386
2025-12-08 22:00:00,525.0,679.922
2025-12-08 23:00:00,328.0,558.13165
2025-12-09 00:00:00,146.0,207.13422
2025-12-09 01:00:00,76.0,118.146484
2025-12-09 02:00:00,42.0,91.295166
2025-12-09 03:00:00,54.0,93.166016
2025-12-09 04:00:00,106.0,125.775696
2025-12-09 05:00:00,429.0,302.6092
2025-12-09 06:00:00,1417.0,1086.235
2025-12-09 07:00:00,1823.0,1711.6063
2025-12-09 08:00:00,1895.0,1616.6578
2025-12-09 09:00:00,1487.0,1489.2407
2025-12-09 10:00:00,1415.0,1414.0062
2025-12-09 11:00:00,1495.0,1382.8324
2025-12-09 12:00:00,1382.0,1378.5835
2025-12-09 13:00:00,1452.0,1379.0858
2025-12-09 14:00:00,1409.0,1408.3905
2025-12-09 15:00:00,1927.0,1749.4158
2025-12-09 16:00:00,2422.0,2424.432
2025-12-09 17:00:00,2753.0,2518.004
2025-12-09 18:00:00,2101.0,2023.3379
2025-12-09 19:00:00,1335.0,1193.7396
2025-12-09 20:00:00,935.0,854.972
2025-12-09 21:00:00,726.0,726.2339
2025-12-09 22:00:00,663.0,609.8152
2025-12-09 23:00:00,410.0,406.50696
2025-12-10 00:00:00,149.0,228.7569
2025-12-10 01:00:00,82.0,127.7254
2025-12-10 02:00:00,55.0,98.66437
2025-12-10 03:00:00,57.0,93.81323
2025-12-10 04:00:00,117.0,122.279724
2025-12-10 05:00:00,411.0,289.1676
2025-12-10 06:00:00,1437.0,1059.5724
2025-12-10 07:00:00,1924.0,1687.8447
2025-12-10 08:00:00,1906.0,1643.6937
2025-12-10 09:00:00,1597.0,1561.9889
2025-12-10 10:00:00,1499.0,1462.7167
2025-12-10 11:00:00,1539.0,1418.8134
2025-12-10 12:00:00,1596.0,1439.4799
2025-12-10 13:00:00,1661.0,1432.4094
2025-12-10 14:00:00,1793.0,1493.5713
2025-12-10 15:00:00,2069.0,1854.9536
2025-12-10 16:00:00,2651.0,2472.732
2025-12-10 17:00:00,1428.0,2539.8486
2025-12-10 18:00:00,2085.0,2094.9917
2025-12-10 19:00:00,1171.0,1197.2822
2025-12-10 20:00:00,916.0,874.8259
2025-12-10 21:00:00,774.0,780.49255
2025-12-10 22:00:00,740.0,681.0095
2025-12-10 23:00:00,463.0,458.24683
2025-12-11 00:00:00,168.0,273.10364
2025-12-11 01:00:00,95.0,124.15021
2025-12-11 02:00:00,60.0,96.091675
2025-12-11 03:00:00,54.0,86.358154
2025-12-11 04:00:00,109.0,104.83331
2025-12-11 05:00:00,470.0,254.18878
2025-12-11 06:00:00,1397.0,919.4022
2025-12-11 07:00:00,1865.0,1628.3682
2025-12-11 08:00:00,1807.0,1621.003
2025-12-11 09:00:00,1684.0,1535.0837
2025-12-11 10:00:00,1644.0,1510.7242
2025-12-11 11:00:00,1593.0,1507.6594
2025-12-11 12:00:00,1548.0,1517.7739
2025-12-11 13:00:00,1642.0,1546.8688
2025-12-11 14:00:00,1849.0,1681.0638
2025-12-11 15:00:00,2252.0,2124.5823
2025-12-11 16:00:00,2868.0,2556.689
2025-12-11 17:00:00,2653.0,2551.1646
2025-12-11 18:00:00,2077.0,2244.255
2025-12-11 19:00:00,1416.0,1343.183
2025-12-11 20:00:00,1020.0,940.9767
2025-12-11 21:00:00,924.0,832.9391
2025-12-11 22:00:00,882.0,729.21326
2025-12-11 23:00:00,756.0,550.9495
2025-12-12 00:00:00,322.0,302.20245
2025-12-12 01:00:00,161.0,136.72516
2025-12-12 02:00:00,76.0,90.309326
2025-12-12 03:00:00,73.0,77.416504
2025-12-12 04:00:00,102.0,95.068115
2025-12-12 05:00:00,421.0,188.32306
2025-12-12 06:00:00,1419.0,834.0047
2025-12-12 07:00:00,1671.0,1567.3074
2025-12-12 08:00:00,1811.0,1604.2446
2025-12-12 09:00:00,1861.0,1569.1082
2025-12-12 10:00:00,1865.0,1573.0641
2025-12-12 11:00:00,1949.0,1584.2253
2025-12-12 12:00:00,2010.0,1632.4991
2025-12-12 13:00:00,2152.0,1726.4075
2025-12-12 14:00:00,2492.0,1976.3762
2025-12-12 15:00:00,2827.0,2453.9106
2025-12-12 16:00:00,3133.0,2632.206
2025-12-12 17:00:00,2611.0,2596.257
2025-12-12 18:00:00,2299.0,2367.7996
2025-12-12 19:00:00,1657.0,1646.9081
2025-12-12 20:00:00,1228.0,1061.7849
2025-12-12 21:00:00,972.0,884.65295
2025-12-12 22:00:00,952.0,770.86096
2025-12-12 23:00:00,1046.0,617.6287
2025-12-13 00:00:00,577.0,539.9859
2025-12-13 01:00:00,352.0,375.80768
2025-12-13 02:00:00,191.0,227.03333
2025-12-13 03:00:00,139.0,160.42615
2025-12-13 04:00:00,122.0,148.8894
2025-12-13 05:00:00,207.0,180.3794
2025-12-13 06:00:00,518.0,309.83838
2025-12-13 07:00:00,1222.0,781.4557
2025-12-13 08:00:00,1421.0,1376.2377
2025-12-13 09:00:00,1904.0,1883.8175
2025-12-13 10:00:00,2166.0,2084.6025
2025-12-13 11:00:00,2188.0,2112.501
2025-12-13 12:00:00,2032.0,2083.9685
2025-12-13 13:00:00,2020.0,2008.9075
2025-12-13 14:00:00,1919.0,1886.8301
2025-12-13 15:00:00,1848.0,1751.0443
2025-12-13 16:00:00,1954.0,1664.1633
2025-12-13 17:00:00,1832.0,1555.4852
2025-12-13 18:00:00,1428.0,1284.0548
2025-12-13 19:00:00,1035.0,1012.0753
2025-12-13 20:00:00,886.0,852.7271
2025-12-13 21:00:00,833.0,796.5079
2025-12-13 22:00:00,910.0,745.5649
2025-12-13 23:00:00,1004.0,666.02124
2025-12-14 00:00:00,618.0,493.87317
2025-12-14 01:00:00,329.0,380.44635
2025-12-14 02:00:00,205.0,240.78503
2025-12-14 03:00:00,139.0,176.14008
2025-12-14 04:00:00,122.0,166.88965
2025-12-14 05:00:00,128.0,189.94824
2025-12-14 06:00:00,256.0,242.62982
2025-12-14 07:00:00,654.0,418.4488
2025-12-14 08:00:00,814.0,656.0587
2025-12-14 09:00:00,1242.0,1123.5632
2025-12-14 10:00:00,1685.0,1571.2913
2025-12-14 11:00:00,1770.0,1663.178
2025-12-14 12:00:00,1734.0,1662.2236
2025-12-14 13:00:00,1689.0,1597.7563
2025-12-14 14:00:00,1659.0,1525.7725
2025-12-14 15:00:00,1578.0,1470.8729
2025-12-14 16:00:00,1733.0,1443.543
2025-12-14 17:00:00,1639.0,1451.3926
2025-12-14 18:00:00,1328.0,1246.067
2025-12-14 19:00:00,1169.0,1028.0765
2025-12-14 20:00:00,941.0,893.5184
2025-12-14 21:00:00,729.0,814.30115
2025-12-14 22:00:00,530.0,695.13525
2025-12-14 23:00:00,353.0,588.2707
2025-12-15 00:00:00,110.0,219.87305
2025-12-15 01:00:00,69.0,113.955505
2025-12-15 02:00:00,43.0,84.0105
2025-12-15 03:00:00,49.0,90.85864
2025-12-15 04:00:00,120.0,154.91162
2025-12-15 05:00:00,487.0,323.61285
2025-12-15 06:00:00,1457.0,1127.819
2025-12-15 07:00:00,1889.0,1663.5365
2025-12-15 08:00:00,1712.0,1632.5396
2025-12-15 09:00:00,1522.0,1514.9417
2025-12-15 10:00:00,1482.0,1433.5168
2025-12-15 11:00:00,1517.0,1389.2174
2025-12-15 12:00:00,1319.0,1370.6903
2025-12-15 13:00:00,1514.0,1371.8898
2025-12-15 14:00:00,1586.0,1421.8542
2025-12-15 15:00:00,1863.0,1816.3293
2025-12-15 16:00:00,2576.0,2384.6543
2025-12-15 17:00:00,2645.0,2488.1333
2025-12-15 18:00:00,1991.0,1951.9858
2025-12-15 19:00:00,1109.0,1102.8424
2025-12-15 20:00:00,799.0,782.98334
2025-12-15 21:00:00,667.0,685.86816
2025-12-15 22:00:00,504.0,570.88367
2025-12-15 23:00:00,301.0,401.28644
2025-12-16 00:00:00,136.0,208.61078
2025-12-16 01:00:00,84.0,117.917725
2025-12-16 02:00:00,41.0,89.84851
2025-12-16 03:00:00,48.0,94.50818
2025-12-16 04:00:00,107.0,127.33362
2025-12-16 05:00:00,408.0,303.3766
2025-12-16 06:00:00,1340.0,1084.2627
2025-12-16 07:00:00,1821.0,1707.0149
2025-12-16 08:00:00,1874.0,1611.6326
2025-12-16 09:00:00,1445.0,1484.7354
2025-12-16 10:00:00,1464.0,1402.6726
2025-12-16 11:00:00,1444.0,1379.913
2025-12-16 12:00:00,1458.0,1382.0189
2025-12-16 13:00:00,1482.0,1386.7129
2025-12-16 14:00:00,1733.0,1416.3616
2025-12-16 15:00:00,2014.0,1775.3081
2025-12-16 16:00:00,2715.0,2427.515
2025-12-16 17:00:00,2703.0,2523.0278
2025-12-16 18:00:00,2092.0,2029.8073
2025-12-16 19:00:00,1239.0,1204.046
2025-12-16 20:00:00,914.0,854.8173
2025-12-16 21:00:00,737.0,726.92065
2025-12-16 22:00:00,668.0,610.2578
2025-12-16 23:00:00,420.0,407.1112
2025-12-17 00:00:00,147.0,229.6623
2025-12-17 01:00:00,80.0,128.09967
2025-12-17 02:00:00,53.0,98.32086
2025-12-17 03:00:00,54.0,93.84363
2025-12-17 04:00:00,106.0,122.48132
2025-12-17 05:00:00,414.0,288.83405
2025-12-17 06:00:00,1319.0,1058.85
2025-12-17 07:00:00,1799.0,1688.354
2025-12-17 08:00:00,1752.0,1622.1597
2025-12-17 09:00:00,1517.0,1508.2114
2025-12-17 10:00:00,1563.0,1445.8499
2025-12-17 11:00:00,1607.0,1420.4407
2025-12-17 12:00:00,1705.0,1424.2694
2025-12-17 13:00:00,1724.0,1434.8701
2025-12-17 14:00:00,1881.0,1499.5471
2025-12-17 15:00:00,2078.0,1874.2352
2025-12-17 16:00:00,2665.0,2487.6372
2025-12-17 17:00:00,2708.0,2547.6777
2025-12-17 18:00:00,2108.0,2106.063
2025-12-17 19:00:00,1328.0,1204.6853
2025-12-17 20:00:00,931.0,873.51666
2025-12-17 21:00:00,889.0,777.166
2025-12-17 22:00:00,815.0,678.548
2025-12-17 23:00:00,612.0,455.45123
2025-12-18 00:00:00,211.0,273.601
2025-12-18 01:00:00,102.0,124.26715
2025-12-18 02:00:00,66.0,96.69165
2025-12-18 03:00:00,44.0,86.47119
2025-12-18 04:00:00,127.0,101.92566
2025-12-18 05:00:00,443.0,258.52832
2025-12-18 06:00:00,1288.0,932.46106
2025-12-18 07:00:00,1796.0,1631.5344
2025-12-18 08:00:00,1765.0,1624.8457
2025-12-18 09:00:00,1506.0,1541.2297
2025-12-18 10:00:00,1638.0,1514.6497
2025-12-18 11:00:00,1668.0,1516.103
2025-12-18 12:00:00,1537.0,1537.1218
2025-12-18 13:00:00,1619.0,1554.9099
2025-12-18 14:00:00,1851.0,1681.9104
2025-12-18 15:00:00,2217.0,2154.56
2025-12-18 16:00:00,2641.0,2562.4346
2025-12-18 17:00:00,2631.0,2557.5947
2025-12-18 18:00:00,2120.0,2261.0913
2025-12-18 19:00:00,1348.0,1365.9586
2025-12-18 20:00:00,1104.0,944.31244
2025-12-18 21:00:00,915.0,829.7568
2025-12-18 22:00:00,828.0,728.7153
2025-12-18 23:00:00,578.0,553.6381
2025-12-19 00:00:00,335.0,306.00146
2025-12-19 01:00:00,131.0,138.0456
2025-12-19 02:00:00,91.0,88.97876
2025-12-19 03:00:00,82.0,75.85608
2025-12-19 04:00:00,150.0,96.94006
2025-12-19 05:00:00,398.0,196.57373
2025-12-19 06:00:00,1205.0,815.59546
2025-12-19 07:00:00,1652.0,1566.5416
2025-12-19 08:00:00,1493.0,1606.7822
2025-12-19 09:00:00,1644.0,1568.8407
2025-12-19 10:00:00,1960.0,1572.5972
2025-12-19 11:00:00,1951.0,1583.7478
2025-12-19 12:00:00,2111.0,1631.438
2025-12-19 13:00:00,2458.0,1741.8403
2025-12-19 14:00:00,2656.0,2023.5588
2025-12-19 15:00:00,2931.0,2459.8843
2025-12-19 16:00:00,2946.0,2630.0635
2025-12-19 17:00:00,2684.0,2591.3027
2025-12-19 18:00:00,2305.0,2364.9492
2025-12-19 19:00:00,1862.0,1646.8032
2025-12-19 20:00:00,1262.0,1062.6361
2025-12-19 21:00:00,1062.0,886.4923
2025-12-19 22:00:00,955.0,772.12317
2025-12-19 23:00:00,853.0,618.5989
2025-12-20 00:00:00,578.0,539.6208
2025-12-20 01:00:00,257.0,375.7019
2025-12-20 02:00:00,206.0,227.24933
2025-12-20 03:00:00,158.0,160.29724
2025-12-20 04:00:00,171.0,148.80511
2025-12-20 05:00:00,292.0,180.14575
2025-12-20 06:00:00,541.0,309.17316
2025-12-20 07:00:00,1062.0,782.78827
2025-12-20 08:00:00,1408.0,1367.3406
2025-12-20 09:00:00,1942.0,1875.586
2025-12-20 10:00:00,2476.0,2136.983
2025-12-20 11:00:00,2743.0,2187.4478
2025-12-20 12:00:00,2586.0,2163.5044
2025-12-20 13:00:00,2559.0,2061.5244
2025-12-20 14:00:00,2464.0,1916.185
2025-12-20 15:00:00,2199.0,1775.0441
2025-12-20 16:00:00,2164.0,1662.4724
2025-12-20 17:00:00,1963.0,1555.5079
2025-12-20 18:00:00,1545.0,1281.8834
2025-12-20 19:00:00,1035.0,1013.584
2025-12-20 20:00:00,906.0,852.55426
2025-12-20 21:00:00,810.0,797.57
2025-12-20 22:00:00,838.0,745.10205
2025-12-20 23:00:00,756.0,665.4125
2025-12-21 00:00:00,518.0,493.82025
2025-12-21 01:00:00,290.0,380.3739
2025-12-21 02:00:00,168.0,240.39966
2025-12-21 03:00:00,130.0,175.95575
2025-12-21 04:00:00,120.0,166.81934
2025-12-21 05:00:00,130.0,190.03033
2025-12-21 06:00:00,246.0,242.39093
2025-12-21 07:00:00,529.0,417.79083
2025-12-21 08:00:00,717.0,653.3013
2025-12-21 09:00:00,1161.0,1119.7618
2025-12-21 10:00:00,1734.0,1570.2908
2025-12-21 11:00:00,1985.0,1661.4604
2025-12-21 12:00:00,1857.0,1660.958
2025-12-21 13:00:00,1916.0,1597.5745
2025-12-21 14:00:00,1837.0,1525.852
2025-12-21 15:00:00,1910.0,1470.9451
2025-12-21 16:00:00,1758.0,1443.8771
2025-12-21 17:00:00,1604.0,1451.5776
2025-12-21 18:00:00,1332.0,1246.2983
2025-12-21 19:00:00,1139.0,1028.6848
2025-12-21 20:00:00,916.0,893.6352
2025-12-21 21:00:00,790.0,813.9924
2025-12-21 22:00:00,549.0,694.0521
2025-12-21 23:00:00,364.0,586.71265
2025-12-22 00:00:00,187.0,220.18909
2025-12-22 01:00:00,83.0,113.70636
2025-12-22 02:00:00,49.0,84.14319
2025-12-22 03:00:00,63.0,91.39966
2025-12-22 04:00:00,88.0,154.55652
2025-12-22 05:00:00,266.0,321.9214
2025-12-22 06:00:00,937.0,1129.2896
2025-12-22 07:00:00,1380.0,1665.2742
2025-12-22 08:00:00,1350.0,1633.6196
2025-12-22 09:00:00,1504.0,1515.2288
2025-12-22 10:00:00,1779.0,1433.7239
2025-12-22 11:00:00,1845.0,1389.3376
2025-12-22 12:00:00,1687.0,1370.3859
2025-12-22 13:00:00,1798.0,1371.0801
2025-12-22 14:00:00,1885.0,1420.9724
2025-12-22 15:00:00,1977.0,1810.011
2025-12-22 16:00:00,2159.0,2388.4849
2025-12-22 17:00:00,2033.0,2487.001
2025-12-22 18:00:00,1677.0,1948.3977
2025-12-22 19:00:00,1074.0,1103.1282
2025-12-22 20:00:00,810.0,783.64954
2025-12-22 21:00:00,630.0,687.07825
2025-12-22 22:00:00,543.0,571.77295
2025-12-22 23:00:00,345.0,401.98737
2025-12-23 00:00:00,181.0,209.71283
2025-12-23 01:00:00,84.0,118.231445
2025-12-23 02:00:00,54.0,89.97388
2025-12-23 03:00:00,47.0,94.99512
2025-12-23 04:00:00,92.0,127.82886
2025-12-23 05:00:00,277.0,303.45746
2025-12-23 06:00:00,704.0,1085.6897
2025-12-23 07:00:00,1166.0,1706.7417
2025-12-23 08:00:00,1225.0,1611.3816
2025-12-23 09:00:00,1375.0,1483.8624
2025-12-23 10:00:00,1712.0,1403.0239
2025-12-23 11:00:00,1768.0,1380.5621
2025-12-23 12:00:00,1750.0,1383.1406
2025-12-23 13:00:00,1877.0,1388.0195
2025-12-23 14:00:00,1964.0,1421.0862
2025-12-23 15:00:00,2066.0,1786.5427
2025-12-23 16:00:00,2099.0,2428.643
2025-12-23 17:00:00,1933.0,2525.9858
2025-12-23 18:00:00,1566.0,2033.4214
2025-12-23 19:00:00,1084.0,1209.9948
2025-12-23 20:00:00,852.0,854.2731
2025-12-23 21:00:00,643.0,727.67114
2025-12-23 22:00:00,615.0,611.1549
2025-12-23 23:00:00,516.0,405.90137
2025-12-24 00:00:00,312.0,230.86096
2025-12-24 01:00:00,110.0,129.03027
2025-12-24 02:00:00,77.0,98.07037
2025-12-24 03:00:00,66.0,93.68445
2025-12-24 04:00:00,95.0,123.15076
2025-12-24 05:00:00,211.0,288.9372
2025-12-24 06:00:00,376.0,1062.4111
2025-12-24 07:00:00,639.0,1688.8634
2025-12-24 08:00:00,777.0,1622.3464
2025-12-24 09:00:00,1080.0,1508.0387
2025-12-24 10:00:00,1491.0,1446.0406
2025-12-24 11:00:00,1808.0,1422.0009
2025-12-24 12:00:00,2015.0,1425.5891
2025-12-24 13:00:00,2118.0,1440.563
2025-12-24 14:00:00,2170.0,1491.948
2025-12-24 15:00:00,2200.0,1901.7246
2025-12-24 16:00:00,2263.0,2498.331
2025-12-24 17:00:00,1561.0,2556.6345
2025-12-24 18:00:00,856.0,2119.478
2025-12-24 19:00:00,465.0,1226.6124
2025-12-24 20:00:00,488.0,872.4416
2025-12-24 21:00:00,625.0,771.6486
2025-12-24 22:00:00,824.0,676.81775
2025-12-24 23:00:00,903.0,454.51685
2025-12-25 00:00:00,600.0,472.56256
2025-12-25 01:00:00,265.0,366.54437
2025-12-25 02:00:00,107.0,316.94006
2025-12-25 03:00:00,70.0,297.4314
2025-12-25 04:00:00,52.0,299.8839
2025-12-25 05:00:00,75.0,355.0913
2025-12-25 06:00:00,186.0,548.3717
2025-12-25 07:00:00,340.0,966.2533
2025-12-25 08:00:00,503.0,1475.4204
2025-12-25 09:00:00,1058.0,1721.4807
2025-12-25 10:00:00,1969.0,1845.6594
2025-12-25 11:00:00,2405.0,1882.8241
2025-12-25 12:00:00,2394.0,1872.1539
2025-12-25 13:00:00,2414.0,1841.1348
2025-12-25 14:00:00,2221.0,1805.5769
2025-12-25 15:00:00,2239.0,1809.0112
2025-12-25 16:00:00,2053.0,1839.6462
2025-12-25 17:00:00,1517.0,1697.71
2025-12-25 18:00:00,1074.0,1469.0005
2025-12-25 19:00:00,735.0,1208.9235
2025-12-25 20:00:00,763.0,957.32385
2025-12-25 21:00:00,871.0,834.19653
2025-12-25 22:00:00,938.0,770.2794
2025-12-25 23:00:00,734.0,650.3987
2025-12-26 00:00:00,363.0,545.6292
2025-12-26 01:00:00,157.0,426.5691
2025-12-26 02:00:00,69.0,348.1469
2025-12-26 03:00:00,54.0,311.25598
2025-12-26 04:00:00,66.0,313.78186
2025-12-26 05:00:00,117.0,337.63904
2025-12-26 06:00:00,314.0,492.42914
2025-12-26 07:00:00,703.0,961.29803
2025-12-26 08:00:00,1010.0,1472.6521
2025-12-26 09:00:00,1726.0,1758.0571
2025-12-26 10:00:00,2595.0,1887.9094
2025-12-26 11:00:00,2968.0,1920.9746
2025-12-26 12:00:00,2646.0,1917.9954
2025-12-26 13:00:00,2475.0,1900.8729
2025-12-26 14:00:00,2409.0,1864.1283
2025-12-26 15:00:00,2253.0,1856.8811
2025-12-26 16:00:00,2093.0,1852.2598
2025-12-26 17:00:00,1708.0,1667.686
2025-12-26 18:00:00,1257.0,1419.1484
2025-12-26 19:00:00,934.0,1195.9373
2025-12-26 20:00:00,846.0,993.8203
2025-12-26 21:00:00,686.0,883.2169
2025-12-26 22:00:00,623.0,809.37714
2025-12-26 23:00:00,502.0,720.74915
2025-12-27 00:00:00,288.0,543.8223
2025-12-27 01:00:00,137.0,378.2306
2025-12-27 02:00:00,89.0,226.97327
2025-12-27 03:00:00,66.0,158.4112
2025-12-27 04:00:00,87.0,147.04645
2025-12-27 05:00:00,191.0,180.56708
2025-12-27 06:00:00,423.0,308.27228
2025-12-27 07:00:00,942.0,761.6755
2025-12-27 08:00:00,1278.0,1396.1997
2025-12-27 09:00:00,1924.0,1902.383
2025-12-27 10:00:00,2626.0,2080.1936
2025-12-27 11:00:00,2868.0,2108.401
2025-12-27 12:00:00,2666.0,2075.0142
2025-12-27 13:00:00,2428.0,2007.3262
2025-12-27 14:00:00,2379.0,1886.248
2025-12-27 15:00:00,2121.0,1756.5582
2025-12-27 16:00:00,1955.0,1668.2488
2025-12-27 17:00:00,1637.0,1555.7042
2025-12-27 18:00:00,1232.0,1287.2798
2025-12-27 19:00:00,981.0,1003.9139
2025-12-27 20:00:00,798.0,848.55554
2025-12-27 21:00:00,661.0,791.7394
2025-12-27 22:00:00,597.0,746.7915
2025-12-27 23:00:00,475.0,670.50885
2025-12-28 00:00:00,370.0,495.13336
2025-12-28 01:00:00,204.0,381.1338
2025-12-28 02:00:00,119.0,237.13843
2025-12-28 03:00:00,116.0,169.39014
2025-12-28 04:00:00,94.0,161.07178
2025-12-28 05:00:00,108.0,188.7149
2025-12-28 06:00:00,298.0,238.65765
2025-12-28 07:00:00,678.0,418.85504
2025-12-28 08:00:00,934.0,667.56995
2025-12-28 09:00:00,1592.0,1151.2245
2025-12-28 10:00:00,2012.0,1576.3386
2025-12-28 11:00:00,2232.0,1659.3206
2025-12-28 12:00:00,2083.0,1658.9247
2025-12-28 13:00:00,2053.0,1600.2268
2025-12-28 14:00:00,1877.0,1528.9524
2025-12-28 15:00:00,1648.0,1473.1129
2025-12-28 16:00:00,1503.0,1445.0332
2025-12-28 17:00:00,1436.0,1453.8572
2025-12-28 18:00:00,1103.0,1244.075
2025-12-28 19:00:00,781.0,1017.8854
2025-12-28 20:00:00,660.0,888.62164
2025-12-28 21:00:00,604.0,811.4769
2025-12-28 22:00:00,486.0,697.10016
2025-12-28 23:00:00,342.0,591.2165
2025-12-29 00:00:00,208.0,221.6206
2025-12-29 01:00:00,76.0,115.36548
2025-12-29 02:00:00,49.0,85.56641
2025-12-29 03:00:00,45.0,91.505005
2025-12-29 04:00:00,73.0,156.40973
2025-12-29 05:00:00,187.0,327.67395
2025-12-29 06:00:00,575.0,1131.9637
2025-12-29 07:00:00,1163.0,1661.6428
2025-12-29 08:00:00,1325.0,1629.3914
2025-12-29 09:00:00,1687.0,1515.818
2025-12-29 10:00:00,1952.0,1433.9868
2025-12-29 11:00:00,1993.0,1389.4989
2025-12-29 12:00:00,1766.0,1371.6399
2025-12-29 13:00:00,1711.0,1373.4974
2025-12-29 14:00:00,1684.0,1426.3367
2025-12-29 15:00:00,1760.0,1827.6322
2025-12-29 16:00:00,1658.0,2386.99
2025-12-29 17:00:00,1720.0,2490.6418
2025-12-29 18:00:00,1277.0,1968.6968
2025-12-29 19:00:00,949.0,1115.5436
2025-12-29 20:00:00,740.0,785.3156
2025-12-29 21:00:00,537.0,690.12335
2025-12-29 22:00:00,436.0,573.39215
2025-12-29 23:00:00,345.0,403.0312
2025-12-30 00:00:00,210.0,211.1994
2025-12-30 01:00:00,107.0,118.62274
2025-12-30 02:00:00,59.0,90.277466
2025-12-30 03:00:00,44.0,96.15381
2025-12-30 04:00:00,80.0,129.03906
2025-12-30 05:00:00,200.0,304.41772
2025-12-30 06:00:00,578.0,1086.5203
2025-12-30 07:00:00,1071.0,1702.54
2025-12-30 08:00:00,1241.0,1610.9188
2025-12-30 09:00:00,1531.0,1482.0278
2025-12-30 10:00:00,1902.0,1438.9736
2025-12-30 11:00:00,1952.0,1383.2184
2025-12-30 12:00:00,1793.0,1395.5247
2025-12-30 13:00:00,1789.0,1388.6147
2025-12-30 14:00:00,1852.0,1422.592
2025-12-30 15:00:00,1825.0,1788.5183
2025-12-30 16:00:00,1929.0,2431.2495
2025-12-30 17:00:00,1844.0,2527.3738
2025-12-30 18:00:00,1410.0,2035.2024
2025-12-30 19:00:00,968.0,1212.8507
2025-12-30 20:00:00,798.0,853.96545
2025-12-30 21:00:00,600.0,728.3339
2025-12-30 22:00:00,508.0,611.80164
2025-12-30 23:00:00,369.0,405.17096
2025-12-31 00:00:00,231.0,232.23859
2025-12-31 01:00:00,134.0,130.55054
2025-12-31 02:00:00,63.0,98.28729
2025-12-31 03:00:00,64.0,93.885864
2025-12-31 04:00:00,75.0,126.89038
2025-12-31 05:00:00,172.0,293.3593
2025-12-31 06:00:00,390.0,1070.0044
2025-12-31 07:00:00,805.0,1675.2461
2025-12-31 08:00:00,916.0,1628.5095
2025-12-31 09:00:00,1133.0,1564.5168
2025-12-31 10:00:00,1530.0,1494.3053
2025-12-31 11:00:00,1705.0,1450.9617
2025-12-31 12:00:00,1772.0,1443.5107
2025-12-31 13:00:00,1923.0,1464.5941
2025-12-31 14:00:00,1880.0,1522.9003
2025-12-31 15:00:00,1791.0,1931.2762
2025-12-31 16:00:00,1716.0,2499.1028
2025-12-31 17:00:00,1474.0,2562.639
2025-12-31 18:00:00,1018.0,2131.1528
2025-12-31 19:00:00,596.0,1254.426
2025-12-31 20:00:00,371.0,872.67523
2025-12-31 21:00:00,277.0,764.04224
2025-12-31 22:00:00,304.0,674.91675
2025-12-31 23:00:00,228.0,449.70923
